baro_delta,gyro_energy,gps_snr_drop,label
3.7718715802406493,2.6307421382409983,0.6703290360169066,2
3.51332674577329,3.1674247753200824,1.001577292720979,2
1.335297492781188,2.6848981156931115,0.7642929751368788,2
-0.269633135098842,3.5177774612895862,0.3858310629594982,1
3.0459879622393946,2.1526177791988252,1.069847315338233,2
3.387111849756732,2.9853268935035606,0.9033326975683648,2
-0.46039743096892116,2.2508376220148065,0.2599619224841132,0
0.37897592841865557,5.623354107612004,0.18483533654752496,0
-0.1472683765374165,5.300451707072555,0.4349169240171561,0
-0.1817813801506362,0.8359069755507847,0.47952918538036854,1
2.4108328765881457,2.3736621550590993,0.8759040559788267,2
2.0593590140421854,2.3945487942809356,0.6125058679694668,2
1.0362985336412187,2.0354925935086845,0.2235064076675087,1
0.28860098494345826,4.458462399755233,0.44175144332613014,0
4.015499761247975,3.558768071469719,0.7241173715166043,2
3.3453938120743927,2.4621988901224188,0.8332018269239587,2
4.08985817235035,2.461075236326593,0.9752193128845642,2
0.1186245537315883,4.25298972727036,0.4676312281480907,0
1.4489185014506694,1.0398045974663122,0.4630570602357257,1
-0.11960294018634698,4.824262489729991,0.4035668857267619,0
-0.5674385852062233,5.152269587972134,0.593438074901206,0
0.42949323079005663,1.1948389913263329,0.40257511547853414,1
-0.03763221652452747,1.8753929427947105,0.5586124877288816,1
-0.10230585478357695,6.018986896111645,0.306207099376157,0
-0.3481219818244296,4.594685424294781,0.6417673421730179,0
0.03866541699354386,1.4193571441669954,0.5106076285221808,1
-0.2650953253512854,4.882821754606707,0.4726810268324847,0
2.9726977652665814,3.036138125964616,1.219486316872793,2
0.06796506585900433,1.3793099341778938,0.5007033988312712,1
0.8898284787813945,1.883648419353202,0.27753111337584624,1
3.8639165570829337,2.628558383787024,0.903423974558407,2
0.091247650264494,1.0047318374346559,0.3650553405595842,1
-0.16658254542055004,5.68600260127049,0.48312674216244034,0
3.8027415654238377,2.448345459459718,1.082490160752631,2
0.2927916556011578,1.9632281793101611,0.4808475201010006,1
-0.4773933406784955,2.021930305459329,0.5289672242002044,1
-0.6842118314100124,5.095182793516789,0.35942368995997737,0
3.750798182673086,3.5788863493970613,0.6902753270705491,2
3.960333357856536,2.863966526670383,0.9479572466574641,2
0.5410749861850846,3.734457978638945,0.34284728729604486,1
-0.3941527188502749,4.12484767274522,0.3725988565224921,0
-0.006285975940978657,0.2039111213822582,0.3462068561643308,0
3.709059260977793,1.868083172528617,1.1910017737026222,2
0.15878986018288652,1.461449145292948,0.5011727962224966,1
0.04364057821305987,1.936080929676727,0.6546650170980478,1
0.4688115615217601,4.229587499147099,0.49657700012196093,0
2.608374468917238,2.854119323755791,0.8990835079548799,2
0.20263012066901276,5.378590099658836,0.3390756631014691,0
3.391271511547988,2.7148455909597144,0.7585939936173379,2
3.093239451519988,3.426065544218372,0.8638718307326645,2
0.35404502036079166,0.9598995649797573,0.3217139221680284,1
-0.31082470357423886,2.0415256215876383,0.6080703078052354,1
3.75751763360433,3.3082715705473253,0.9272571529459072,2
1.5410925962618887,4.86775230835715,0.24692372370012344,0
-0.026107697856138257,1.8794846102466338,0.4747534197164008,1
-0.24237156713174732,1.574916858169799,0.47113610521069826,1
-0.3572481094516893,4.732146202084213,0.24270444361100474,0
0.27183909957387037,4.6868785503345345,0.41570338961325126,0
0.9575776357301303,1.8169595111590056,0.4522714917389797,1
0.27682960674669255,2.4536685602645,0.15141006756339542,1
-0.20872763110270207,2.330650865304077,0.3787582033258566,1
-0.16133169302948477,3.7168493989938107,0.7867209909015845,1
2.9082134160277313,3.1373822593382625,0.7990920560232705,2
-0.3261083746087695,2.638910858231987,0.4399844950566508,0
0.845244862783281,1.2019120527522653,0.3502720416792014,0
0.302374112716661,5.4542146942061,0.37222725970687237,0
0.12792083399600757,1.30734320156912,0.16539345262670135,1
0.5122163046709856,5.549478810212777,0.36064586234596185,0
2.9275257399642993,3.354789670156789,0.71753820122807,2
-0.17975121935859287,3.724793494188026,0.35659507202691093,1
-0.46220636403579374,6.256088497631083,0.16426537232774752,0
3.0876743361744636,3.571206656308017,1.0678825371193557,2
-0.03603145327208271,4.5952959574125645,0.017485841827563575,0
4.194783169307482,1.927397032840931,0.6669144843577218,2
3.5902462527497736,3.642624914470505,0.9646717352988566,2
2.9444180936279514,3.7832872842925975,0.8531505762449139,2
-0.13586114267486624,3.2613590214690342,0.5088062834598894,1
3.437737376203158,4.147390583903983,1.0097840623820376,2
0.08076297672111821,4.3562106519396036,0.29861166976540304,0
0.09972581664878209,5.060643646554981,0.24842574327318323,0
0.12980732654982202,6.340234599734576,0.3635108880472492,0
0.1330921743201916,3.1533572744779517,0.48057340912912005,1
-0.5326615702458183,1.5395045071220281,0.4934824217305689,1
-0.07488998253952563,4.4252446229980515,0.3179829272432229,0
0.5913008459289854,4.296425727802594,0.2413499306979351,0
-0.7503114554255772,0.9811888786558154,0.34277067716962806,0
0.22187711768945145,5.586538691795482,0.26903819610131086,0
-0.5679846531966762,-1.2772103777528325,0.5214088824940748,0
0.18963699272416673,3.510073920625436,0.5210441081591347,1
0.12174023117542845,1.1490932787361998,0.304933341809855,1
0.48016461936535937,6.452870232195052,0.6784704399826509,0
-0.2233193141420606,0.43805213784509656,0.3711367467478859,1
-0.2192940872126132,0.8310775880958109,0.3757659858652079,1
-0.01979182111327919,5.457078008261431,0.4955785730019816,0
-0.04911549966300591,5.51911459300284,0.3713075137876352,0
0.41486338597785005,3.2153281448655444,0.27962365218429425,0
2.643432735454561,3.8123234244992474,0.8328190232121073,2
4.11890815598673,3.2054741508045086,1.1367294409764142,2
0.0020974798872732663,5.037584475011793,0.30304644376753387,0
-0.539649389014993,1.0639481172982204,0.3493464133273957,1
0.4241787256441872,6.233096797534547,0.3998471017969387,0
-0.19939461462262145,1.2410438720971828,0.5839238046448283,1
0.8242991699527948,6.404272673954564,0.19694251291067677,0
3.3654527810355246,3.3562453055047268,1.0319222610524028,2
4.029212243424794,1.9447563081461314,0.6725112231001338,2
2.48038391111995,1.7824614869436068,1.1441955207945456,2
3.9907736883650404,3.1984203342383593,0.8477922612047595,2
0.31856217187853064,3.3460463199680985,0.3366319940730817,0
3.7425470558066376,1.7624845956529505,1.2012962803769494,2
2.94907260000912,2.339248857091733,0.9231509912384941,2
-0.02507163890926875,5.764113856400991,0.2829974793963999,0
3.2621643260156987,2.2318253230588465,0.6547595011387,2
-0.47363554769300964,1.4042335880433536,0.7447087699374584,1
0.014105420788691446,4.15710356039388,0.3204167493719714,0
-0.05162305847292839,2.652336683026681,0.4767192638641597,1
3.517817729925228,4.424485046040358,0.8033913603074209,2
3.3735403479465025,3.076460644000854,0.9800273595013214,2
3.7355184157090107,2.9232494451115403,0.7066689339099361,2
3.6468330118047327,2.7067381059266804,0.8889882203703594,2
-0.516414428359246,4.381420023637742,0.29738161322406964,0
-0.13991350438274092,3.311440383079857,0.3052842095970552,0
4.586421147686653,4.250686338324938,1.0586355244277912,2
3.8557271325974134,2.8263732317203853,0.6377196220723728,2
3.7977005678552116,2.1608594557085152,0.9344453855035856,2
-0.14683616331475005,0.8705789792239024,0.5696226306717472,1
3.572602030142729,2.5655989220374207,0.7701129546669393,2
3.642990083094142,4.069867701225034,1.0362955897014783,2
-0.034305267693133475,4.389392674765986,0.07926768490032216,0
0.0863442592756021,6.367196530551067,0.31797910446389993,0
0.1554031849553769,2.8918887117445253,0.20834915850671684,1
-0.2991879959305961,3.2889597481525477,0.13996766734796964,0
0.19186498569325605,3.4426607707540504,0.29642722207664185,1
-0.608097275336757,0.9836854654828526,0.5056718810056964,1
-0.24159407468632824,5.53448076140537,0.3216188510756484,0
0.31276675688753836,1.8481755633262436,0.38363514376330543,1
3.729355085779506,1.6751360689956738,0.9041167637010142,2
0.6837169978918487,5.659920148902987,0.432879972852116,0
0.11822018039166107,5.014734703351642,0.6014655968412923,0
-0.4842004636277474,3.7092714755593663,0.006640811460050411,0
4.216240958726253,2.475115971753179,0.789944069024867,2
4.352912429668843,2.980601849444932,0.9742230235585158,2
4.00494748052483,3.0429397423316353,0.7783513829852324,2
0.7568384684429773,1.4805938586399867,0.11327956384390364,1
0.2703234920176322,3.344369956619513,0.2833043662631539,0
-1.0291724965537377,4.691569408025671,0.35408970572283177,0
0.04595987683402506,0.970807298576474,0.37306284375428767,1
-0.3711142165969413,1.159869206403046,0.5720532863934976,1
-0.5004657793372348,2.722875989808413,0.46938317729628415,1
3.062237486594067,3.1227661257149477,0.7596028292042026,2
0.5207396672640381,5.147106681524126,0.3650143163869547,0
-0.15096755375099083,1.2523053785343765,0.37898607109492566,1
0.48075320721142156,0.6537676851425903,0.679432547919092,1
-0.31860118346303484,5.528620185377712,0.21271379300054521,0
0.09844147291607286,4.947618116994032,0.4711126041624201,0
2.748617491184698,2.8435589010649087,0.6811871488379666,2
-0.05961466669181196,5.643551288088692,0.3264179159953323,0
-0.2873213664682995,5.724710089192403,0.3617613383759115,0
-0.5938806286068289,4.784889047556136,0.18402111368874943,0
4.786679901624931,3.035531060408693,0.8520893937869419,2
3.4879374564449983,2.7311837161198618,0.531385288850474,2
-0.013101308086399355,4.565260183092988,0.5582873403560432,0
-1.063740542819749,4.0579773077800505,0.3805552697208274,0
-0.22708761391027632,4.822782322652226,0.42706931203709164,0
-0.017746664407322338,1.9678391965737305,0.6407332642491238,1
-0.6490094520791009,5.272790681821707,0.7357058539533174,0
0.059602146760129704,5.400382015536506,0.19201119190325056,0
4.124902659705608,3.252194752310712,0.8086285651597013,2
2.9712343742833287,3.195679813345271,0.6623329635422045,2
-0.396600492379649,1.091847295472577,0.21650562397141446,1
0.24240398053825585,4.498151566658157,0.5377477207099737,0
0.08440698688104736,4.922629510503686,0.49577340352591026,0
-0.01238330025462934,6.361143394820937,0.3631549224292604,0
-0.4392741688422852,1.8716320470113574,0.2567328930364013,1
3.550408711127026,3.072388335596877,1.0468137924624465,2
-0.5518371943905309,1.7759318276547504,0.6043733455988466,1
3.7362987412065216,2.7454706608729285,0.7530685957265502,2
4.310266722582939,3.942296781156683,0.6994363162654944,2
0.20411855583292932,6.123118032958627,0.27567389952957744,0
-0.03920523451873553,1.599279181448146,0.3582723295512078,1
2.7966694515758888,2.4144760482136003,1.0080462694911758,2
3.7599361131749918,2.9290059463914058,0.8425287052260136,2
-0.3476459712106834,3.986053491465087,0.22212300255207348,1
3.2599387051018534,4.3790813170408995,0.6597967732535397,2
-0.5316583308646065,4.498426353769786,0.6218672836995393,0
1.5537715066561502,2.604660946814278,0.9495605820832032,2
0.40405658417144735,5.85165494242136,0.3679408503330604,0
4.143134306702301,3.6373259105482267,0.7819383537195337,2
0.25317665351738605,4.77334774733391,0.3683080901754507,0
0.42739389385541593,3.6070781233968,0.28784151893876064,1
0.5212611413331615,1.8284416831121715,0.5687473721884186,1
4.595533002779859,3.2040405783151384,0.6588896522570014,2
0.5656161844011073,0.5490181509274337,0.5416890243857247,0
4.166929809880357,3.190689039377482,1.1563594634071108,2
0.19407004209183565,5.213640212695407,0.48344461934351557,0
-0.3376416401993788,0.314192167617253,0.5461355774113854,1
3.414043314464121,3.733902570354874,0.7474852314804815,2
-0.009710911956776782,4.55582080069699,0.24834364915624324,0
-0.5084979498354583,2.2897860728653563,0.37157099592700976,1
0.09645439093744901,1.432663622958701,0.5181845223449484,1
0.2976153082596645,-0.5204139613290721,0.16889062525304382,0
3.992161199238292,2.8716066934646944,0.842580443552135,2
0.26992779686664153,4.922320346077341,0.35814783296813546,0
0.4668411657534544,6.296886846230173,0.25433900236230256,0
-0.11239878200072706,3.9122182823894125,0.6291272943826604,1
3.3133003658117155,2.295857875792725,0.969385975727121,2
4.0242654692538,2.576873558202131,0.744456990561033,2
0.0034662408049310756,2.4729772877443295,0.8228513891590414,2
2.619068128980131,3.171519234434943,0.9001685184980537,2
-0.3402225834648782,5.083788238910504,0.1431021157978209,0
-0.29237201597676765,2.4612812945710894,0.355831641188442,0
0.3629979073669023,5.02871563981416,0.4317001166477584,0
0.8067550176747664,5.192018190148037,0.39583314805658876,0
-0.10649501286458313,4.785091153290158,0.39767077538028256,0
3.185241725975458,2.975027104024491,0.9334084971743284,2
3.3148383157013517,2.49986460763244,0.746568951837945,2
0.2979822070246102,1.3871431762153335,0.45051221267676156,1
0.07643962720796134,5.037149238524919,0.46299564036164736,0
-0.54009936477713,5.213264437355949,0.289793036400166,0
0.5745549648861152,1.3818235830378203,0.5335767991003874,1
-0.18155786012017347,1.276783192724736,0.47911349893474614,1
3.875951309016349,3.5861394468222394,0.7456867555165035,2
3.479214951228738,4.2122411782092675,0.7390188585304919,2
-0.25162878882777157,4.865155300749791,0.520490715755684,0
3.2715163382112875,1.979403868836748,0.7890260684955607,2
0.03558090904388084,5.93273097229712,0.47511285779124546,0
3.2526483155411086,2.2318173607974634,0.9808685992420216,2
0.17233609773349934,5.194646131302693,0.07298413482928973,0
-0.12666776500404225,1.1445640347943795,0.3496318378331036,1
-0.5006157696761776,6.155011683258608,0.4258252715917237,0
0.08843004633005203,2.313259735849841,0.07780575201521978,1
3.598260584850735,3.4254022545531075,0.836539645856916,2
0.6760468861797891,0.7869372336653515,0.5409247635917185,1
-0.016063180257737366,0.08306987745834227,0.11128930287555672,0
3.782350531268078,2.9286012145614637,0.6733155035529141,2
-0.08092252769963068,0.28806033668552167,0.6035282283698491,1
-0.43745157842535803,5.206397593696053,0.42036750646715937,0
3.4981987304547157,2.3049811864844743,1.0755097452650726,2
0.45094491623026856,2.011570602343613,0.4637378608040645,1
-0.3006480039579662,1.3594498535570225,0.5983324105963528,1
0.34932392266184153,3.781512854325149,0.4699171047396233,1
0.7247920496539486,5.2863405829534145,0.48427898300415984,0
0.35406872067278783,2.5578778609583273,0.41921180555788706,1
0.02081874937266781,2.158639113365593,0.7103945704747874,1
3.598955391731324,4.039329151491389,1.0112624231553944,2
-0.12813892327772808,5.339332757121533,0.1952635629694763,0
3.23535088122689,3.3035946659757207,0.550388298481074,2
3.8067589863652085,2.3863244608809566,0.8113935193864982,2
-0.5674336295510358,2.065626395198869,0.4087878757238374,1
-0.4903062652009365,3.828500095832144,0.11572897079067923,0
0.8006948410120542,6.207780638758743,0.5960755089331906,0
-0.2552843021788992,0.8184801707244392,0.636949032869618,1
-0.05072459916120873,2.3928362235392866,0.38910106487358603,0
3.6153204551321823,1.6051924365081185,0.7444453761951091,2
-0.056815410709754745,4.87461568142198,0.509360226481268,0
2.9222159759471413,3.191534005317328,0.9061420083365959,2
0.06526208914792332,1.5084425292099477,0.43593518257159936,1
-0.30678129555297234,4.391880582193663,0.06219878644522736,0
-0.2631091042222753,4.7925996459358196,0.5350530382064054,0
3.1289901292215108,2.217206762515545,1.0606815061016313,2
2.6972282966794596,3.728705571183209,0.8365716084628141,2
3.3704789270896485,2.882190090549013,0.8392598110878904,2
3.481388881745079,3.0895063562069613,0.7783479781158689,2
3.4050028064088105,3.2690341761695167,0.7616854695689806,2
0.10371670101236508,2.485834375230908,0.4180296994999018,1
0.15573703744850576,1.7262674459106673,0.5997015164789479,1
-1.0585021512774757,0.9672181375674872,0.463770866187101,1
0.5432731266950066,0.9800470364372346,0.49148537288923916,1
-0.1602854149380358,1.773607969028502,0.3124260292205946,1
3.448577918431965,2.983923392018602,0.9502702194293665,2
3.241551568555108,3.6633155597747904,1.028054545834057,2
3.752969918266862,3.5942120466225043,0.5723589463157098,2
0.47738553674614703,2.002571286639009,0.41214299348033256,1
-0.10478657452742118,1.1907842610412056,0.5334785158139987,0
0.37769336419439337,1.894950040018937,0.3912861724969897,1
0.04819998351572041,0.5655908002450993,0.1855587369657197,0
2.779974558702853,3.5249006629614787,0.526452903295049,2
-0.2555846990758009,3.9415281652740015,0.3754540688528029,0
-0.18004634928200328,1.5013911854607895,0.6930644467656111,1
0.023656848908968967,5.900893620812305,0.14156412998546059,0
-0.6581594987827568,3.0668385878300084,0.2700344112703229,0
3.373657155999518,3.2352507178205214,0.8216654968323287,2
0.32122931057619186,1.730848459062106,0.8020571225059097,1
0.48836029277372384,1.1912766937704509,0.587747490900347,1
-0.5282002414492709,0.9706803253014593,0.45947481889607605,1
-0.11612887325499527,1.7567703540817567,0.3649807240430851,1
0.311330173684113,1.2105183724029147,0.4595532590477424,1
0.1989991187348844,2.6252273839081353,0.5368935216457328,1
0.56427299827885,1.5882556380813724,0.4898105742522806,1
0.29886608970383255,4.439334656907132,0.30575754825619583,0
0.5990968290694936,1.216122468412903,0.5148288977198108,1
3.762181373626455,2.5590537513133205,0.7968838537828019,2
0.18141513349807037,4.149278683585718,0.2389929623265843,0
3.221254107496083,2.1781182122525533,0.8367576927473117,2
1.1318837350617275,2.3361396180434246,0.5884398273314112,1
0.7710803256305763,1.2232058791460028,0.4954028023493979,1
-0.11365933987523871,1.1256823429818335,0.5802154714436895,1
-0.440311713134674,4.43096110019157,0.3551125202388839,0
-0.20798929242345673,1.5980837727893642,0.359716918319815,1
0.7758547990778787,1.9352881079071207,0.24641171537598303,1
0.024367412335250666,1.8474989503884374,0.7419814256272148,1
-0.6804473899395429,1.1855355544056536,0.64668153455886,1
3.8472031594726857,2.93326436319078,0.7144138537802815,2
-0.9342290896666512,1.2008433125136033,0.47979753530305697,0
0.30563843139851005,6.855463631985355,0.40899767590915576,0
0.2700715369098807,1.667828994824449,0.26427558377916494,1
0.009940935297857681,0.5152867941172776,0.21653808473201466,0
-0.5145806961960916,0.9046757139106497,0.6465109641656779,1
0.11566556174474352,1.6942893022654821,0.8239499276149186,1
4.344845206679362,4.135821848346996,0.8539183647309588,2
-0.9874171663537233,1.2736953524912453,0.5249454120855184,0
0.2069569256287612,1.6608489030980067,0.3739315409915115,1
-0.09454189483559834,1.2790677846048233,0.26843308501649904,0
0.12021432623760245,1.5852486175202154,0.44624595618822843,1
0.4271065196801148,1.2418719920314365,0.5897664146113059,1
3.3141435483535497,2.4046120403783435,0.926163650546725,2
0.021595367378317184,4.7009380847604545,0.4448931949676404,0
3.770056355841563,2.2305008273270865,0.7050224461097511,2
3.708595232191282,2.6624398310077844,0.7597624477878585,2
-0.1254596109705371,1.294534421850408,0.3579896004688591,1
-0.12098787459525134,3.7725610988924334,0.4868652873888749,0
-0.3175891359993033,1.3955197563339847,0.24496819523768684,1
3.3876172990536584,2.209826655541885,0.8387719921097729,2
-0.23060416029068778,-1.3092507505738917,0.4794650339255946,0
-0.21857607242383179,0.7336323155521203,0.6049432099842919,1
-0.2976424932168771,1.484530501422188,0.6294857252496737,1
3.420735213486515,3.439407032652987,0.664255646743593,2
3.0625898099619406,1.6341758948447986,0.8927334838858298,2
0.08283754489318063,2.3580545532182184,0.374997924284527,0
-0.5396545945788052,1.2966384584767081,0.7735962319898255,1
-0.14228596920133538,0.7452890432966187,0.40864091212990117,1
0.01280165962630665,4.397265703723053,0.3632970046097018,0
0.688851442273988,3.111682303935853,0.4363054440788563,0
0.7222989683762429,2.417031576893609,1.0300620861916638,2
3.171552860514302,2.3540034392854023,0.5832053750185295,2
0.4742816618651988,5.575162648532054,0.44106966511754275,0
0.6244635545272421,1.3943319572245039,0.43238987112675603,1
-0.2333431888909393,5.030873552181626,0.2534722654429785,0
0.4711360512324949,2.264234213206266,0.5261753634434436,1
-0.045981091817154124,1.0803951663304967,0.36078356181665067,1
2.8593511632615725,2.3313145038771927,0.7946530832335117,2
0.18422801358338595,1.7562497761107585,0.2681314081726159,1
4.067742508181385,2.8997269717281533,0.8923869925732449,2
0.14899828391599998,6.2792978681195,0.32795018267043907,0
-0.045786905008091516,1.4528141249823094,0.4371160125423313,1
1.7892923074775688,3.3218500394370256,0.7863701466957833,2
-0.27605956577468527,1.6203765897442841,0.8402524671270593,1
4.000976133895883,3.1230160122371275,0.67102680308519,2
0.006842634705160527,4.162763612556085,0.3109930346261728,1
-0.34220454319130134,4.503323824573886,0.15596963846095044,0
0.43118155804230307,4.043293550371852,0.41669040023302106,0
0.27462640246062503,3.2294181215785347,0.38464001612449916,0
0.09456987050497945,2.792393266940781,0.46967040095741247,0
3.4469690454809805,3.7331982725841013,0.6893118775460911,2
3.502926168362688,3.3534341684435205,0.9008080754304453,2
3.3030093183487894,2.7529043074086483,0.6333163834712804,2
2.6693602533611163,2.6614514408055667,0.8776826954795556,2
0.8445262388945579,2.443307323044705,0.6036093788717194,1
2.2740215593609463,3.654164703806556,0.6368523158390831,2
2.6927216426922893,2.6104406531544453,0.9921738704255824,2
3.841017225021963,2.740922526815876,0.717093631850249,2
3.2086815628502743,2.8972504947377486,0.9426505552398623,2
0.2792999655111264,4.180650540536636,0.6281138849501282,0
4.0737046650958035,2.8174656712969117,1.0297962057986576,2
-0.7749449265905839,3.8713404015296997,0.17382942098499246,0
0.2871961239664684,6.340437914835588,0.4143218471931046,0
3.598650209996426,2.7203780988790545,0.6107945399099807,2
2.7998974783154456,1.316269734300874,0.9540783644511882,2
0.05886579191024022,1.549952771951205,0.47189424145697256,1
-0.009691342821812415,1.0003436211749313,0.40214884998707645,1
0.09267325622285953,1.0610087066217195,0.325967946894021,1
-0.23611257226285162,1.0385849051365834,0.6739032853439283,1
-0.10844944041702752,3.0606077917816465,0.48260680945415746,0
2.4295756524439964,2.465320194839108,0.6905336445025804,2
3.569043576566815,3.29241588191423,0.9333069021449828,2
0.41770587184873087,0.8728552884153753,0.2500264034019518,1
0.9659163994634525,4.341505550921537,0.32537308825692424,0
0.5070004916336726,2.831591175059912,0.514322475049586,1
0.2772422429052576,6.738990698774591,0.49104824308113193,0
-0.3288556047942428,0.039324758252696324,0.3827429671419177,1
4.5050046446500005,2.5735439378704927,0.861065516183033,2
0.026841423558063945,4.599901135318548,0.355727270415593,1
3.801238604719741,3.9496723524732547,0.8912021610989279,2
-0.28961448924715083,1.729748653035346,0.46291092974905124,1
0.35551323177928373,1.0561209973943824,0.46723035653083234,1
3.4097600432046873,4.915864540706917,0.8948129362548529,2
-0.30071642003807375,4.898294846678402,0.21842221990674496,0
2.584615775802567,3.1203910823734122,0.9043856222539728,2
0.5473687817890701,4.08658872598736,0.4303366170332643,0
-0.3876458445276867,1.558860608690455,0.3534675251523807,1
4.0149804087905805,4.5262007371809165,0.8774210363808005,2
3.648991118188726,3.4565428458941447,0.8200706990005887,2
-0.3652757844214556,1.0703298581503446,0.6213577715961188,1
0.10602241793612477,4.963978541736907,0.19064097077796802,0
0.2713228388830594,1.0690398109920884,0.504531891103104,1
0.4749544206259005,7.071650913614891,0.22919422594244843,0
0.23857693582426842,5.221367235123988,0.4598210845227674,0
-0.03646764782247486,3.2079600811843973,0.20010466515576336,0
-0.20190996849128698,2.0923590000088486,0.2811363404668121,0
3.168643114068535,1.7821956793562508,0.9645386650929784,2
0.6028239826756372,1.714665510909951,0.5073662126728948,1
3.6862173234911064,2.525960204918833,1.0292011216492032,2
2.939309680962608,2.7587599532899976,0.9286397016464754,2
4.187933086591978,3.6075276006323023,0.5595827029482068,2
1.900677575695486,2.698112848859051,1.0665994998361819,2
0.020504385593350744,1.650077792497863,0.5788885837499761,1
3.6730888729163707,2.920419752170456,0.7038206042994037,2
-0.1289188211136263,0.8394967520674149,0.6461368216139974,1
3.3113608970581554,2.866883457722816,0.9132526702396666,2
0.2052423192704331,4.792362657932866,0.483299413032644,0
3.2366222836725047,3.203708690291304,0.7531342974045148,2
-0.04794901896914938,1.5376551466095227,0.09496926881779005,0
0.31132121386676737,0.973158790426823,0.289829561763121,1
-0.1622545518587413,1.5743754481176075,0.39643464452883903,1
0.417753367191671,1.8671523377807484,0.3526003032119409,1
-0.5504044367106213,1.2520707946315934,0.7291026668805808,1
0.3437240390773779,5.21212442183911,0.44628958024423265,0
-0.4481690639646468,4.912049827703854,0.29765229550646216,0
-0.14203355928961844,6.311971623497114,0.4613191236607838,0
3.376968755935026,2.494052042810285,1.175641407624672,2
0.02964567502706536,1.6766036972539216,0.4470322027177552,1
3.553089383911106,2.7182686925632003,0.8207053456626858,2
0.2218647314792327,1.3899026864960211,0.13982179103460118,1
-0.5018881496124009,1.8800279818448014,0.4192597443280132,1
0.1027473019756148,3.7383368522078424,0.49330985920799403,1
0.4337918332292283,4.537975925193957,0.06872412955313828,0
0.14601043165896688,1.2096111057480141,0.5780569568524242,1
-0.12762157426664728,4.363179314557208,0.34721629913508983,0
2.6609170501120105,3.454863719110483,0.8369176602376525,2
-0.551080309246741,3.5136063667004764,0.3900689976517225,0
0.20349000929197356,4.613551158653248,0.3720189517978324,0
-0.15079806366681447,5.460623826133162,0.4381894614101587,0
0.4342374705632687,3.6256781973983063,0.27635938251929515,0
-0.6697777055310784,4.283048430146672,0.6173117477092221,0
-0.32607387363337836,1.4507059338578692,0.45282744344172715,1
-0.02050209413072046,1.3413272036356958,0.48148681344628047,1
4.343319592902172,1.981741569008249,0.7531645857027287,2
-0.07444893910086783,4.385050948743967,0.2644781181075446,0
0.24739380511460884,5.775565760421389,0.4140791542807527,0
-0.018390737362293685,4.366884863864149,0.6177023481864212,1
0.15258336031248826,1.7640341838731175,0.5233037929063827,1
3.4608646680982926,2.792634291181981,1.0595619251099975,2
1.2348620600793623,4.876427584905619,0.41458590081410734,0
0.6241234984478433,2.197841905394978,0.4274091120844735,1
-0.2855015425082604,1.9285922733386918,0.5295036226481956,0
0.8565551398201355,1.2689519906743008,0.3789240979393626,1
3.4927738645608604,1.9396215881336543,0.6323540106338368,2
-0.003518425066840941,2.2993235852523584,0.43598488936245006,1
3.614491212530539,3.00859395492636,0.8734281734411316,2
-0.615866607709328,3.810978376039765,0.17091124904014168,0
0.05717723790548271,4.587006330392672,0.2485242317826296,0
2.9682989967145246,2.475954219547315,0.6607817749517336,2
3.0674803868255034,3.5768530112205257,0.5762913929648892,2
0.8296330678999895,4.264492326730862,0.3937792643000022,0
0.3597859884592984,6.3750803923238575,0.30693399612046257,0
1.0577373388068139,3.7976237372838773,0.38988294470889995,0
0.8076466801053146,1.319118465581593,0.4920182083454174,1
-0.14465811107426285,4.161478731513762,0.21359528455390808,0
0.11155028925960409,0.7759718139796552,0.3235886114977588,1
-0.7259492177496898,6.549111442055128,0.3167259828115562,0
0.2697604965977277,4.956084799506971,0.3928331112286485,0
4.140367229280197,3.2291034365045905,0.8744591601144124,2
-0.0030916889018952703,5.474845377824689,-0.09105829519964204,0
0.3890784038090477,1.0688238134682777,0.46185001254165936,1
0.5318174483246565,1.2358605132990101,0.6021157396919569,1
3.232193330787294,3.5139702627754064,0.9272564009914281,2
0.2862632979031564,2.0166998479300355,0.37178580751724977,0
3.48673937037547,2.4708752092633692,0.8255399554084354,2
-0.19796105792257965,3.876257848422632,0.17162433435745145,1
-0.6574458667815143,3.670634965898351,0.6682531834144746,1
0.1012336507300108,3.3709085015923757,0.3435641560570163,1
3.360445762550153,3.6166226439634137,0.7316588846861395,2
3.264585511743087,2.8412910952136334,0.5494206453389869,2
-0.5909312163624559,2.109313059432133,0.28903066681559575,0
-0.5531467909016899,1.8095571391767966,0.5005564285716017,0
0.6202949223552063,1.4068184650615072,0.5137953606341793,1
0.9874958708803367,1.7381788846781097,0.525820523874994,1
-0.3028734775224159,1.5838629110256102,0.345679615301758,1
4.278549270312103,3.201143212241969,0.7078761797539338,2
3.064866224909513,2.871772708802471,0.9340459661984658,2
-0.1462514697990259,1.336052641743541,0.4732786025788469,1
-0.7293683555745532,1.2854740365760746,0.42458261437749484,1
0.059838991229421525,5.821937228271019,0.25044194345304316,0
2.560219685994989,2.2865562805176918,0.8777219906146277,2
0.1841678917760191,3.0489462733788564,0.32985812567205436,0
3.0787997587316016,3.246285506336674,0.9325142585541542,2
-0.14401284586194427,4.15569038632601,0.5087726815295487,0
0.8964538276082923,4.671774851223202,0.34947380119871896,0
3.0149980162454786,2.133687110319875,0.5055728570294142,2
0.6082798340368765,4.004652679315695,0.4070412189754835,1
0.13096790866039512,4.682670272142466,0.42237860732428867,0
0.15698605645063543,5.503675309115179,0.44722059048612994,0
0.3023419839039758,5.301127620878013,0.21469226684637344,0
0.1553194759143241,1.3300427471153915,0.32877096224243674,1
3.5771585633181404,1.9536911300202613,0.8678527609080962,2
-0.4329469355089428,5.630838894653841,0.4254927003224973,0
0.42522945265179946,0.21883317060234475,0.4213458356099747,1
-0.10195993794738366,5.354891138145743,0.5617814778341791,0
3.224544408722573,3.0724540837136805,1.082135514254339,2
0.19265920619359314,4.378273888710618,0.22129418250182914,1
-0.5414239424537574,5.081485036209589,0.5823530227242781,0
0.3954676677432011,3.918843388086423,0.3760012496555612,0
0.0975812791634001,4.622512324453229,0.29037052685668097,0
3.575067317003109,3.381437721694385,0.7439714298909705,2
0.08291848211068661,2.5632177944866044,0.5149465024091597,1
3.397136204586013,2.609989998797728,0.7506803731798601,2
-0.1391233545941438,1.269796692180379,0.5797117037461261,1
3.7491108742483927,3.68408942311276,1.087081102985256,2
2.9924529040860657,2.90915206193383,0.9124692167134211,2
0.4949338066356408,1.4620244881787385,0.28663798257782935,1
0.03767141026835888,1.1505247802681995,0.6378319364639726,1
-0.11197510778499573,1.6123128926945098,0.42294124773563885,1
0.649139389870612,2.6444737448566036,0.2164854981181914,1
-0.4695828609800581,3.286678136612468,0.5171792621627691,1
0.24843762052556884,1.4852826345452546,0.791749954374245,1
2.7009378240581263,3.2773035996491657,1.1536464434930278,2
2.8184129977035948,3.3210848612731922,0.9639081908963736,2
0.1703548824772143,5.015318221932602,0.33726652722464695,0
2.8783380357969506,3.8915209653106104,0.8169141298778739,2
0.09745937729085251,4.7498041055603375,0.2624388399045424,1
0.3418061305421467,1.196236828826762,0.5641154462939031,1
3.479777431333212,2.851784579552402,0.7962489771968166,2
3.1762290971824205,2.6103761770071445,1.0481956048409518,2
-0.6818788053985085,4.6619671116759696,0.07395064456487421,0
0.6440686117514426,5.011418454269148,0.20690908709050326,0
3.7207107497454626,2.4810296090215043,0.7953176280197465,2
2.769221911374592,1.9053354679941226,0.7357531140792947,2
3.8896369436970817,2.8256549381415828,1.0616576351588836,2
-0.062164003045511396,0.7906457312262632,0.48204688222687075,1
0.29844039474772965,-0.15004316309628973,0.14283353661278794,0
0.6540595700849294,0.1978930716864329,0.4798422220194742,1
4.117891095911077,2.357367792210571,0.9520324158175674,2
4.096253756238988,2.637305034731971,0.8426785617841946,2
3.976512073572618,1.6754617648258405,1.213360830818491,2
0.44310984279806487,1.0667896942757227,0.5468423211254605,1
2.9850326645471266,2.5505811174269426,1.0326060354627444,2
0.3282221676025492,5.682979737805822,0.3854488854091663,0
0.3454386636986362,5.463714583458118,0.4675085763923893,0
-0.0006155544177982863,1.8526826051142256,0.3373310914610332,1
0.7955598655190316,4.2830864406254365,0.7203247212647168,1
3.69155010603661,1.950971006315481,0.8699640602705175,2
-0.7962695145678992,1.353101674929603,0.3113254186116595,1
0.13206673647718695,4.1948009877407575,0.8164877834008041,0
0.43277682389633965,5.796425975266464,0.3845106138787103,0
3.7488715445456973,2.8770457249355346,0.8398183341890535,2
-0.22332070157841222,4.119876613622644,0.5087310570415862,0
3.9687800611023825,1.8717341669250973,0.9239758004802582,2
0.28167326687593525,1.2326333762202042,0.40590495785037267,1
1.7427205985135465,2.089275751991514,0.7964456198790085,2
3.6532049274926064,4.105487426740327,0.5000743299213628,2
0.53989581182025,4.80964516212234,0.39035361022063,0
-0.7613371679484978,2.0485763558768477,0.2824288009685234,1
-0.3048379543190308,1.1753041531281274,0.5658142183462934,1
3.5348734244205247,2.61614128353352,0.6996292102591157,2
2.949103401040053,2.9326515198290046,0.9554430687860301,2
-0.4726071990893257,1.7986374437782915,0.4131225031533005,1
-0.14569464741947882,1.4220509110316661,0.3677569055264099,1
0.5549029644210383,5.917299133249542,0.2960347031316371,0
-0.43041907443281535,1.4863550301801496,0.40991158283654605,1
0.007839714317693064,1.0378834278658478,0.3535864045577163,1
4.350760535210368,3.1042059876831156,0.7447994212595929,2
-0.5989812338780262,1.4359791468626943,0.4810900994098416,1
3.5346721685181253,2.9300220405597632,0.7415368405546207,2
2.8502093815362013,3.4978394507275046,0.9717094831737387,2
-0.45930531550104736,5.622363818234204,0.7285699685925547,0
3.392544822424961,3.166076069595173,1.0996475647186952,2
0.2898895431577035,0.14104809006469,0.5811178717992123,0
3.786028720857072,2.9626853898004133,1.0186530039805755,2
-0.0336308923919762,1.8231486847017861,0.28234951094820093,1
0.09057913965030476,3.3605165936777315,0.4974810489912948,1
3.5948304385317105,4.006477758187564,0.7761330888504223,2
0.8861365846888338,1.7698901294959786,0.5380706526319271,1
-0.4513894518990187,4.372987467530883,0.24641884215256107,0
-0.38924614408852815,3.4980456918111127,0.5893414734516422,0
0.7536781066308704,1.7039383911876607,0.5178797154539228,1
3.95837245952961,2.5843611213067894,0.8995436294699711,2
2.255718869104258,2.542028337492851,0.8556906753171403,2
-0.45041690551574176,1.3301991827558164,0.5780079664993624,1
-0.1555315413234295,5.885571813042113,0.44617799936166047,0
0.39973188449590147,4.810338407291537,0.349675032015817,0
0.6088235929359532,1.22522143204571,0.5789381830469703,1
3.6983150022996774,2.2116831252135736,0.7297319270936498,2
2.284903936421865,3.4423747899282313,0.8262074984423018,2
0.21708175919068962,4.168912168170495,0.4355919495829296,0
3.9840923302664306,4.12176919830271,0.5521506765401027,2
-0.5404297464832085,3.942033634605144,0.2497894021853344,0
4.00276761298728,2.312677069200648,0.6454941062918262,2
-0.2602588472910703,1.1163564548874003,0.3787953345544412,1
0.41324740615993616,5.7374412015818015,0.42240318308138186,0
3.3935958692591974,2.9775756841208323,0.7949156514504258,2
2.5819127677837512,2.3777894583673405,0.9615723547750687,2
3.8097832360890536,3.246438397961456,1.069260720030234,2
0.1644205914386354,1.1452100726254137,0.26122426339869986,1
4.713358243172761,3.2597758952164178,0.6433573748868644,2
3.2176129979145287,3.1551131488317736,0.8557350152824357,2
-0.6343933248951834,3.496060491888764,0.5128890044484196,0
0.42208754053241704,5.42415304587433,0.05623376867980434,0
0.21955153752758255,4.463041526354134,0.2111863060910619,0
0.10215350226972685,5.008137521378177,0.40967081776257064,0
0.34338044666266615,4.812303544034069,-0.05271820706762387,0
0.10382942459208838,5.335091797927184,0.47958197325032553,0
4.232088619376219,3.598115264079485,0.8920954606735204,2
0.7034481936780534,4.786477156670988,0.4005123573321182,0
4.022095544395433,4.8731381384556265,0.7957360167519524,2
4.107660787339039,2.889249202052811,0.7452706700362586,2
0.08287064747537005,3.546418187846716,0.4086446710618701,1
0.3762784575290729,5.123686743616623,0.5270068053216754,0
-0.07757976017706146,4.469356542580386,0.06851709409371887,0
2.2957691567729093,3.422720879461506,1.073464771010285,2
4.3808444653960965,2.8302920722933242,1.0434095295145036,2
3.9840032374703167,3.189441539326414,0.8958443845687232,2
0.1074135945859235,3.615611119204787,0.41859206069228616,0
0.5823289288587067,6.070690985157109,0.18055246555992774,0
-0.3203923173270834,6.205137377601264,0.17762676736403035,0
-0.5439245814786747,1.770703784436294,0.6662575141425078,1
0.17625423650600974,1.9706552903837418,0.43614023420949777,1
-0.4868481609411621,6.095510138077035,0.08591321086375953,0
-0.3032341306748798,4.45009255032744,0.3523427500924404,0
3.9511385868933235,2.3758249630634336,0.8860637315258179,2
4.054168843318575,3.358069667804986,0.988990826206661,2
2.9507245795968027,2.5121927269677764,0.9600983841127849,2
-0.22696035876293993,1.1952160855820086,0.5194809438148684,1
-0.4468551225840983,3.9912205178067843,0.5292589217801581,1
3.8327919834720965,3.418387823347439,0.7537811851852891,2
0.1820056245528382,4.550714371969469,0.1154465471981862,0
3.9900467675350524,3.2135336265325916,0.7966764083191082,2
0.6682085373154594,1.8353704729751017,0.4061610357147346,1
0.13402321163364703,5.252924765746223,0.2439059929046057,0
3.5626826578825845,3.6968392724588437,0.7283114321294211,2
-0.4066732514305989,1.5071034315909584,0.5322195585341577,0
1.321945091386427,2.8582583211012498,0.7707949242155043,2
0.6339612991373776,4.0037999027189395,0.5080212781033804,1
4.045490212592983,1.9491780260592861,0.620864425928601,2
4.3843858916297105,2.7047138908823984,0.6468972462252394,2
3.2234039082825565,2.1078384164837294,0.6402220527902224,2
-0.20496283486387876,6.776014987538611,0.5211283243432483,0
0.09260296464278076,1.2038220221739733,0.46853215439333734,1
3.969110998827866,2.7870375291406306,0.7720910520378436,2
3.576720487977136,2.21299034971993,0.9801448125859203,2
3.3224756778139244,3.7669976821912297,0.6518764339181564,2
0.9945134603183945,2.2770802103573873,0.5780963964828336,1
0.33584381867681096,1.633456038244697,0.6276258791490219,1
0.21990982548862584,2.3777378491577448,0.6859529587822284,1
1.740841947513286,2.7290043143042264,0.879253747604219,2
3.120858965556205,2.321630799037484,0.9434066835850403,2
0.48512839401274654,4.5972515526710405,0.31189157027317216,0
-0.12718782657394484,5.230923144645987,0.36121644018829524,0
3.4087895014237914,2.7092227415976216,0.9014600513388903,2
0.22338004333260592,2.2172334346730267,0.4885695978627932,1
3.411612918442109,2.070829020681752,0.7763269379286842,2
3.3575622533151646,2.9629414800839227,0.9219162277129096,2
2.898399572305428,2.374773352654138,0.7769195618207609,2
3.3240393410917455,2.187431967338711,0.6995331975940032,2
0.3404276856082455,6.200457095170135,0.5768024000008583,0
0.05364317545554693,1.4196312793440682,0.6053770957301428,1
2.9070697264348984,1.6068261495949137,0.9312763134004476,2
4.320579769545787,2.352554699959214,0.9383709038541959,2
3.3605583029246215,3.5070947827105927,0.8426654224788841,2
-0.56207593872143,5.997513372427775,0.34069939859509524,0
3.347795126831094,3.1452944944447405,0.7429163518850099,2
0.776071053338383,2.364557384034767,0.4611418866124273,1
-0.005498155139442074,2.001325456493914,0.46429520308109057,1
3.5852659301939993,2.2250846389390793,0.893627920026506,2
0.08776839219861311,2.0865162669128536,0.4820179528919716,1
0.4314837740879669,0.94756860346874,0.48308121405208004,1
-0.021921635807095607,1.8694577355218416,0.17215093514763596,1
0.334173635286346,1.9624829789803337,0.09973418691460578,0
3.8350500200625763,3.819490651537229,0.7628764070730247,2
0.05218164483547072,5.30852800037539,0.10020729993013217,0
-0.012423573148360782,4.272253266414533,0.2515706067667335,0
3.133553557136387,3.518717945124477,1.0778329872178993,2
0.8756770276397865,0.799498580921958,0.37106282152238684,1
0.6553351112833792,2.0654917365676058,0.5625417216299271,1
3.85066250228388,2.3237415288918246,1.080154530016153,2
-0.07105468215414938,1.867603544174545,0.27317814014777997,0
-0.11497900776014224,2.1447946852836113,0.11703019199467557,0
3.3492513182395633,3.0787140542063303,0.8629642775617653,2
4.110617830033481,2.7077051864125763,1.0643675527826546,2
3.192524780925832,3.1671715152395508,0.6358999615726801,2
0.2971437918308926,5.091095520247747,0.36471013093084165,0
0.5183487127452058,3.661212160259108,0.2514972814834833,0
0.03670099377934915,5.201792317141342,0.4542531042632335,0
2.7688876301550787,3.5241098546818503,0.6261596820010205,2
0.13253665871173623,5.42672068099005,0.48140701887946913,0
0.6890682703003927,1.1474812599301694,0.3844110891933451,1
3.664380150171423,3.016681749443964,0.8386930581365851,2
0.3805169307008932,2.6236792775926108,0.4947587769849457,1
0.4396043653106213,1.4473815159593661,0.489644673296315,1
0.39007978906927376,1.1754731397858138,0.39800199578548345,1
1.0408667833401302,4.048417918749335,0.9898287346390577,2
3.3817223563905268,2.622969545402917,0.8017506227412371,2
-0.10091006980315448,1.2536223944029605,0.6334624600642987,1
-0.003541760147932657,0.9849029900510297,0.4442788967963524,1
-0.7649019901679108,4.945092763131625,0.16864484045162217,0
-0.09533526892542836,4.671153766506365,0.33035761667232905,0
1.0700900379900882,3.113080637439766,0.8600222324766108,2
4.038461412646425,3.3988284517853335,0.8636453465163113,2
3.3793281127967476,3.101041174161284,0.8186500058959402,2
3.1797352717462566,3.909836433152144,0.9403177480588725,2
3.0240407699888823,3.0464883111113177,0.8886628810214126,2
2.879119712259188,2.7241938789064237,0.6211396145194477,2
-0.6631230231509565,2.8116919913763985,0.4694250676512149,1
3.3491830582323696,3.0179792640583507,0.8795540249315951,2
-0.746218040431249,5.822923503564712,0.33595457168912435,0
0.530318659016876,4.0525560391847035,0.37959895259223164,0
-0.5077384301907371,0.08392220094471559,0.3666645978078108,1
-0.5205374107342318,5.600428892348244,0.4547331254203218,0
3.595211944962529,3.2695312327710204,0.7735289960213676,2
0.01377640468233654,5.611758667731739,0.16381491389586908,0
0.12359368863583896,1.723436250401349,0.42977986927391854,1
3.1467197105832634,3.619120789520898,1.0518704901044302,2
3.7016501951226406,3.2565703689508694,0.615797149633405,2
4.189919349870029,3.9576290948373334,0.7964892155111458,2
0.5629385246894268,4.529277895518099,0.2696775710885867,1
1.483455430594989,3.0594414455540457,0.6224040676482261,2
-0.5057881236723069,1.6607966056696193,0.5030321794798015,1
3.372034719165123,2.3102224806295117,0.7024100675334913,2
0.18093151856912082,2.3159284495445545,0.693957060850295,1
3.24869019308412,3.1525549678445977,0.7941867637820568,2
0.36187064699292537,1.2633674765834757,0.15733472039420632,1
0.15743517460206408,1.4527706427789986,0.5129414958036177,1
0.1806442730905024,4.707570172993462,0.1892214796651282,0
0.03068828329044125,1.5367172596205594,0.3995432005334394,1
2.615270702341703,2.6252180143955317,0.8205216820858925,2
3.9745868532138364,2.803305884194382,0.7992259053561553,2
3.0797645321570344,2.865152627691009,0.6800996422184655,2
3.672177884643978,2.352877756492802,0.7157593969687952,2
-0.1375612688081209,3.415022804926391,0.1635965868739061,1
0.5273209299410677,4.120749743542681,0.22818726020846528,0
-0.5924805213779702,2.247469113726618,0.1899260468274498,1
3.670476345110813,2.664160852715936,0.9073639842602665,2
3.4504528498793654,2.638307606529623,0.9148394425951233,2
0.18801767494728086,4.7032335843427555,0.31753579575861657,0
0.05573385257706823,1.0516788863423958,0.5516039282529633,1
-0.3100136757694896,5.643600844759168,0.48741248362949813,0
2.8812866808887136,3.065645083099782,1.0492961242372347,2
3.65659223693249,4.011399254935211,0.9012550575446405,2
4.349046453166866,2.4809571436973235,1.0851694196794708,2
-0.34380001592007076,3.9886846919778702,0.1859845126855382,0
-0.18765654603163925,3.857481203643922,0.49629686877169676,0
0.2062512353775826,5.374261380188766,0.6621904443150084,0
-0.3787154585705247,4.214958151511289,0.5407835551527383,1
0.4461733189524538,4.706537867274338,0.5746664811863034,0
-0.6344287950010158,1.1077546783789451,0.3941521420593116,1
0.1749252748155843,4.4733678069926235,0.29113556683132763,0
-0.3809265522955188,4.458403889233175,0.43794994633672046,0
3.3019369510053855,2.7281364792115728,0.9842085271970706,2
0.3734689685667668,1.4722763189431036,0.6358043653596599,1
2.848924694490078,3.1702506141969007,0.7018189988648876,2
-0.014467454675188257,0.44256685249150474,0.3873135681351164,1
-0.8103231492445508,5.346492771098489,0.40826996225724366,0
4.221644776815971,1.6761486909697603,0.7681236121043383,2
3.0648718882413872,3.7535837522586926,0.7871257087249042,2
0.6488772406197716,6.560913638638236,0.09971011116827072,0
0.5234914119535515,1.7206535758496229,0.34002657043350054,1
0.8606237020454681,1.6224096869472697,0.5457990252964654,1
0.5232473300348601,1.9210191986623528,0.3286067569133564,1
3.0988988578818994,2.7747738266441475,0.7653434178972218,2
-0.028437050274905867,3.4239996356649005,0.4563078010276897,0
1.191848440830331,3.1722800124737915,1.0802723080011323,2
3.171522411800795,3.3503729969268803,0.5643321639614626,2
0.10994300150050768,1.3497725655911244,0.46193967935640545,1
0.22162310844636288,4.645011588111608,0.5292383202297494,0
-0.5245972889767438,2.2517099142144996,0.4075669919220562,1
1.3047418107862332,2.5225861422028344,0.8224229678917181,2
2.5186462099957816,2.7632239126809606,0.5518989734709634,2
-0.002984073964570122,0.9233247447020203,0.6205971813547094,1
3.9214156223642154,3.7238880932490326,0.8784345784651947,2
-0.39710607030072825,5.094307604882684,0.3242973510794572,0
0.8344188198148456,4.188192405451318,0.30559308495181453,0
0.003938875077003509,1.009177464912389,0.291221992493616,1
-0.3413213227305333,1.9023410801920222,0.37941971885358605,0
1.0767453682111998,2.955452000409384,0.8253693842955224,2
3.376691416574239,2.9883187805537417,0.7243435852157545,2
-0.33175698283974164,1.5192959313661403,0.5116773239376434,1
0.5042808658344442,1.8745219722630195,0.45703508485353167,1
0.2787942089372228,4.178904633867286,0.5345000859078725,0
0.35073346281125195,1.5932439769834752,0.30323156199011897,1
-0.5804425548680033,5.174420073706052,0.20317786308782906,0
3.4293887321728747,3.8041695422003947,0.8498279816386805,2
3.138966003502186,2.308000558076553,0.5968983479333934,2
4.256672251069735,3.88890947570495,0.5103227530905825,2
3.0324165850783573,2.610289073457701,0.9115842422840416,2
-0.03097738429039746,4.0437649891206044,0.08048929805329202,0
0.5961517880771926,0.4587004152885896,0.29619443404266216,0
0.6002599158932167,5.726668928864876,0.33180120810374525,0
-0.1630200080681916,5.884720339485847,0.2654078767912635,0
0.8955072095658184,1.6670593248149983,0.40952391889922746,1
-0.11574577004713149,1.5339737040011194,0.17759425846761906,0
0.20223569673434985,6.1912904866626315,0.34312081109464676,0
-0.23250830958092436,1.0173836995607712,0.35830959012077734,1
0.17439015580001838,2.9742031318242517,0.37801430822723603,0
0.18906522243068535,2.434221461273911,0.5422088823474255,0
3.1625329906047237,2.7581544065609815,1.1487329953307102,2
-0.33282452193994266,1.5354166149991062,0.3103077944941806,0
-0.41705013886090514,1.2339157184364051,0.4988761278221887,1
0.4833391270294253,4.954322711331157,0.46004677200219435,0
3.7611253180088893,2.9412508521342575,1.190865208067032,2
3.944518561139946,2.2270154295218774,0.893907322321278,2
0.560159917918113,5.443379763156831,0.4543103711825448,0
2.929495745123631,2.4845834766787744,0.9720322059955825,2
2.0289558072384177,1.5009038472771294,0.49353507154932047,2
3.3306543300390623,2.8611090083998727,0.8481981890050805,2
3.1565783022486924,4.138373216863867,0.8735040592369787,2
0.4094122576741379,-1.3789194519204713,0.5527254355184181,0
-0.08181908749737768,1.390673361282482,0.20435926238149926,1
0.04784010506684172,3.126758029828885,0.48825552276505296,0
-0.13351154833555492,4.1901813145303874,0.5230385514975388,0
4.193174698631422,4.068922009180227,0.69920409647778,2
0.21160651995684351,1.8683453283058777,0.15714763726299838,0
0.085075036701346,1.702029308729709,0.2480445129768329,1
0.3262004089777051,1.742293791203073,0.21537626552491854,0
2.8439087612361087,3.716457149967691,0.6825703582960465,2
-0.09842092501589775,1.7978220287848599,0.49844617554265025,1
1.751196822515693,3.3183399627226406,0.7717586632218967,2
3.119909634385633,3.0231041894974555,0.8959181051517939,2
0.4137199078890462,1.5786292183926491,0.45093170334326793,1
3.209108983303973,2.2956720213546165,0.8203093406522977,2
4.5339531690817765,2.893237095004837,0.9279795159699719,2
4.784953517737668,2.1850729988842827,0.6404598862798061,2
3.6693491844195925,2.8899076542008957,0.599529977035548,2
3.8074206986514865,4.067193075922949,0.9485420668486418,2
0.3312264305489518,4.681486391529224,0.25821168178823445,0
0.06528410201094166,4.70451751196275,0.22841529355619522,0
2.6319521207007504,3.384325761044864,0.8684617302484271,2
3.055324003460396,3.826970456173604,0.7955865200800666,2
-0.22062432356960393,5.74896720766396,0.3777215453734608,0
0.5707424974474323,1.7422601727390077,0.29539658978692973,1
-0.24475397159797588,1.0840225412527744,0.3542575910207259,1
4.505912998221313,2.1785180775903212,0.7466751408513115,2
0.057099334417982664,0.013024298521046251,0.3641186401683914,0
0.5347681750258854,5.946052581648697,0.6955458128157184,0
-0.4917776892558896,1.083181927545774,0.5511674103605503,1
0.13445798521049154,4.818018992037274,0.2789202694760706,0
-0.14631986911740097,3.5494133711975637,0.19120841142062012,0
-0.31194117848865555,5.865587847399954,0.4339550708617133,0
0.1750155137655848,1.2775528267255767,0.3144958563678465,1
4.097381430938469,3.5367883125443234,0.6440710822778404,2
0.2405919601408807,1.3125978077524643,0.38240680738876576,1
-0.20054770866712737,3.8655520624248507,0.4394661706372629,0
-0.25371433907576124,5.337236866829249,0.39002275944431025,0
4.1188622427645685,3.8273410199078817,0.8099310496088962,2
3.7315676371205053,3.5941430722231096,0.7619551469361516,2
0.4120504023495274,1.5420292179184678,0.3449021018483168,1
0.4530592308052479,1.5746817411355944,0.5046210444081992,1
0.06120903749035396,4.6774485867569675,0.22974424360265408,0
2.970024960507642,2.9913873200615106,0.830481605546517,2
-0.437646117067203,5.6047209732770815,0.29111861626535396,0
0.37684780203539636,1.7009594775869614,0.34170550093123064,1
2.812292874425252,3.8919981985519043,0.6395885915145599,2
4.003152414825762,3.715024498264239,0.8374423060226182,2
3.589347358405238,3.73752887057823,0.940464202742325,2
-0.3402141114988176,6.162625845001975,0.33304048039594536,0
4.109097355877128,3.634420983226935,0.9808295500109466,2
3.3424566344029456,2.352322731139604,0.6696375697097936,2
4.032585982857193,3.8715700472917076,0.712551862138987,2
3.08153964810186,2.946852581508199,0.8696340231915693,2
-0.4743638095474111,0.8420920917862464,0.04165833886152831,1
0.37701809138138875,1.5366233361428057,0.20205098541124134,0
0.18593060244664053,1.2191087525849924,0.2042956413845975,1
-0.7145501861418747,4.32600200690664,0.41047868161407824,0
0.5878842999560773,1.8980463529992844,0.3789806815236676,1
2.3446125989244537,2.7776503425595305,0.6477929332089749,2
0.05157367649912595,4.243797873538019,0.47414029644890693,0
-0.22458574274747362,1.9793033682110364,0.30674116995495515,0
0.30469085176307026,4.205055191387407,0.33740271967907404,0
3.4746453900672583,2.648443396009347,0.8993660168065194,2
-0.0031957220695742194,1.3108859488172135,0.5681852102591489,1
-0.47006527842490586,1.9349678262240129,0.617275016113352,1
0.4553662082622838,5.022410332287111,0.39160376929470136,0
0.09108840832651469,1.0934928138699351,0.5734919873516557,1
-0.0960911465089796,5.732841058494649,0.38831507668580745,0
-0.6866167552745812,0.09461623182525458,0.2724294379326856,0
1.8924783976509763,2.3301571320299805,0.8059392870162887,2
-0.5152822427930078,3.53508409732932,0.1657334253101356,0
0.20557126140195472,2.345801082688707,0.6402931536904812,1
-0.29030980295638176,1.0397085529970607,0.3761264413749502,1
0.19323706100591484,1.7223661170815587,0.43614879555122216,1
-0.516315546460237,5.205759176284742,0.313900223820468,0
0.7279465745039868,1.5343185242138577,0.4253497191171913,1
3.6060466765370878,2.796852011556627,1.086991016191517,2
3.382436833725444,2.1831165983203626,0.921691581600086,2
0.4075248318803777,5.130724379217923,0.17065643437171812,0
-0.15339119697476902,1.8321937671178135,0.5852326884862147,1
4.03007385260133,2.7600605627213177,0.8903942128871101,2
2.3333260790764196,1.5732746791338788,0.9435924912768203,2
0.5201976609323222,2.1347901536981686,0.47927252048282354,0
0.8559979589282062,1.8410679833727905,0.6209071522253429,1
0.26721047136474807,1.0159771207448773,0.4034538441922645,1
0.12894540439631888,1.6072716724784821,0.47073256966566607,1
3.8458605403538453,2.4669220785847146,0.9423668273631887,2
3.3360290398663204,3.4806485782729113,0.6835070744445626,2
0.5588245511361721,1.1490829185057791,0.4144078228364511,1
-0.21446886664959589,4.788769790404479,0.3489432521779168,0
0.01375616857279105,1.1105301795918794,0.4027354900451836,1
0.22780986831318217,2.3268086342461425,0.6817885754632115,1
1.0656869248954932,1.9032910477053675,0.20827988537421793,1
0.5303879881900361,4.477753212664157,0.49250237430044685,0
0.09720188882175988,3.7945013449574665,0.3493611519141185,0
3.428442131518111,3.4722185021229683,0.8946092280296661,2
0.05931198977878201,0.5946011997201828,0.5224595038891986,1
0.4488360921289082,4.251080568583273,0.41854510468002043,0
0.6251610615679135,1.714670411400867,0.5069459472578949,1
-0.047812338502543905,3.4667132338151516,0.6515235312276094,1
2.593832708114639,2.318719982513898,0.9231858167611279,2
-0.13636668243677405,4.802137813537742,0.27986643352689744,0
3.492434965319515,1.5810585447656311,0.9567273985403109,2
-0.2536633919775072,0.20579168389790015,0.7283254972191395,1
0.18969389781411672,1.3686702398419162,0.3995419581883296,1
0.08782386739889345,1.4487891169915101,0.2989540092297128,1
-0.025086320006950574,1.8357655858645268,0.6792047039081749,1
-0.0005957029965961425,2.0471698932013274,0.4539491750913973,1
0.2933811532564338,4.720448538226435,0.23411468768656388,0
2.9885272398832523,2.653208768145795,1.1668518832435433,2
4.198465469677817,2.8595785368260547,0.7485833897115806,2
-0.1119973207497919,3.976775411024171,0.39717192087251074,0
4.419050353980818,3.0931799048894635,0.5748413040579126,2
0.20298173531461616,5.668603211086001,0.21818196675018378,0
4.041481385509556,3.0295849989121337,0.9653259513953345,2
0.6257180042071007,1.5658347173176936,0.5370148262452811,1
0.21738258438164243,4.07986235174849,0.4019954294848758,0
0.32649070595838026,1.6505118020817808,0.32485303889391426,1
0.23337719139922675,6.090050282169962,0.5960921845232431,0
-0.6344406635287854,1.004425463892936,0.47252580644483777,0
0.23790596591077226,5.932098991856108,0.3532821980856977,0
0.277409495384966,0.648935646730806,0.14023754306155195,1
0.11138303247326356,1.294072744477616,0.5717043476107065,1
0.7573512623218136,1.6803239457178976,0.8086149247151586,1
0.2508368374969905,2.249097643457574,0.4304540112976332,1
0.47721543383788334,1.6211528205957815,0.45766902426857187,0
-0.11416875093333953,2.712005499346388,0.47980200143211105,1
-0.476823816743284,0.5613879465973521,0.5069565786351837,1
0.7002443004923743,4.583309067879315,0.11288737740358376,0
0.5002650820633375,1.6618492210074498,0.25752824873306157,1
0.5269131231110339,4.597474476580586,0.13826507672240643,0
0.11221293622210338,5.8128748173175735,0.4793335267830465,0
-0.5664908223170583,4.481351783885043,0.22635154819056824,0
-0.06886524571121838,0.7669186698077965,0.3774590330559306,0
-0.40764002188123183,1.1148085306419382,0.2654792634362868,1
-0.2819954591546562,1.5183791132747149,0.4859234202169169,1
0.25985964216758706,1.1309714581693042,0.47718767439030757,1
0.4266875320217306,4.742469487095928,0.2806471214310017,0
0.16457933103543615,5.2002362481464335,0.47136741023628803,0
0.3503505847995138,4.6266980899527255,0.2051959183429679,0
4.339287976587044,3.3432037669802837,0.7442907346583674,2
0.2659821830942865,4.209469321863672,0.3481034281487331,0
0.050400207617626924,1.4519550724723533,0.29575512145742616,0
-0.23471321180379415,2.9932032958535144,0.12315866108883877,0
-0.3597496508618616,2.8315018468122677,0.36197022260880996,0
-0.26370404129314007,1.645272129739873,0.4152260746136287,1
-0.5304792622571537,5.446920732011049,0.32387740853761693,0
0.49390076561791807,4.1744358063244515,0.4474047026506289,0
0.32448141114506945,4.407045279789536,0.25335772738271756,0
0.5848634754201324,1.2534275721229255,0.4199471133308754,1
3.615921046067424,2.228518419561285,0.9810657994073193,2
0.7235156737987576,0.7347692951283116,0.32390888587955347,1
0.2999799882604982,6.166563590709923,0.17548075521500123,0
-0.24305853814938905,4.8901512273688965,0.602652277418747,0
0.500008686037129,4.008924388031549,0.20646999234023913,1
2.656292128183944,3.7631354531631938,0.8333781159581368,2
3.305878473239231,2.9359945908334075,1.0223889025045951,2
0.6352101610515404,1.6843690296384652,0.22216337623648985,1
-0.9522920547316255,1.242608662542629,0.4865295306279517,1
0.2500595454041569,5.303372525466776,0.26834546277363575,0
0.372536369273201,5.916942608563888,0.33530203299189626,0
-0.36082466410597547,1.7043634674872872,0.4205717781221301,1
-0.16845744270524857,1.4953557192160922,0.49604716090293566,1
-0.028614884825805195,4.485340483388276,0.5506709683140177,0
-0.38547602274073334,0.6334171221568066,0.4973479224133165,0
-0.04549542927385555,1.8862369973500004,0.45131136783965614,0
1.6938854845927,3.237479309225848,0.8895326217932177,2
0.025848412472212853,3.6662749302581155,0.3400917501653784,0
2.9966759341225977,3.58366463797501,0.8676787978371321,2
0.09746288948108578,4.127833274560456,0.2486279043450021,0
-0.6286312314716711,4.68133084469581,0.5278054671235681,0
3.22089573358409,2.890755317944844,0.8377072322405357,2
4.04541133392776,2.519545468364269,0.6603362620573655,2
-0.12818501990385753,5.019810830476642,0.6284971154842931,0
-0.19270638843739007,5.3579644337063765,0.30381464865941,0
-0.030555854506733343,1.6229765224583328,0.2702165963747365,0
3.367120090643554,3.771975486062117,0.7585023067722185,2
1.9419033367315743,1.740076060668572,0.7600188747098776,2
0.4393316802776192,4.346172999973538,0.466367848518983,0
1.9314358122964552,4.31773388529168,0.9239479687771689,2
3.4712411234972684,3.5141635822308652,0.9032584417358379,2
0.19353921031583937,2.017721708208472,0.3364309729775925,1
0.004915583141648444,2.319395965666963,0.5415088151334305,1
3.9014020291066105,4.737911163311847,0.9820761495817809,2
0.19843539851702593,4.729879416325481,0.2974331773645675,0
3.4339317055492264,2.685761218337147,0.6462138977113788,2
-0.3318945285103394,1.2007812097094765,0.30501181635220276,1
4.546598966104972,2.092869948262072,1.0239071564950784,2
2.5784812488120576,2.725420050397431,0.8778532870628108,2
0.742618954515334,1.0512166574998165,0.19190835112554872,1
3.1266063252315717,2.6600934028611167,0.6819724841969192,2
3.00372219311806,3.5604202559834013,0.9699090037930657,2
0.3742697825543172,3.954104174215229,0.11031917982577433,0
2.5899260890020854,2.6913083379855465,0.7168981558743374,2
0.5439550186353632,5.081348316357838,0.3658480737539092,0
3.221535596157519,2.6039808259645034,0.745077283125879,2
3.8542801574283225,2.341056673892198,0.8246660014918119,2
4.349717991504355,2.7589229838350198,0.9522043489862958,2
-0.4614769125359434,5.378430625728172,0.25316418919469075,0
0.7165060256682826,5.117881018514596,0.6159030902711069,0
2.1100094466179016,2.9715775784733385,0.6126734854980809,2
-0.07991264157077774,1.5766643310685902,0.1794050038957984,1
0.19278311489907407,4.517628079878272,0.3976862576143512,0
0.3418736387798408,1.3500932715156688,0.37025192629987586,1
-0.028286590312033094,5.646365239327553,0.2573815545924906,0
0.03867044845609291,1.4112809988573383,0.0886667461047087,0
-0.1184167195266885,1.3594973429849657,0.4202900253712836,1
-0.848663744343557,2.52103482646394,0.5833159675516727,1
0.1444798975005594,3.8967260855362946,0.5106624621092047,0
-0.1624969795478112,4.506535298302183,0.3718754705323076,0
3.792649718258169,4.659683951887139,0.8902412409684289,2
-0.08912627988787292,5.1938418197310785,0.5687959172754657,0
-0.07265458571883014,5.610667320747101,0.42669899662435323,0
3.8761624465137183,3.2153338559681117,1.2944662684460062,2
4.037828734412949,3.3148834778344094,1.0743120493713054,2
3.770454259280495,3.5257015003147396,0.7497482207729798,2
0.07556973145904956,1.152840594780585,0.22052506376950948,1
-0.14033977203058984,3.225321791959135,0.5187255590173553,0
0.6061782079566616,1.4167613065259892,0.3795304958060776,1
3.551242321079104,2.710303445515849,0.582826237830155,2
-0.8921872076497837,5.006075148302499,0.6093319831095029,0
0.5693769106529779,1.3637276393190954,0.4966287286192217,1
-0.5314700807611957,1.3937493176544173,0.6268422598855001,1
1.0057754546469369,5.6592787653301055,0.47438209112393825,0
0.3691140384683467,5.099236094741376,0.2561173203647773,0
0.5070606044751895,5.230982402407869,0.5142007454570414,0
-0.68346169885705,2.696487412615863,0.5597886506939158,0
3.660150966524273,3.398850163171841,0.9976347163692922,2
-0.3390578598317886,0.9267998466411078,0.5198659977736235,1
0.492712378782321,0.6770380767769917,0.61011254295486,1
0.3214799701027392,1.2694151339826905,0.563484701236971,1
-0.019140605331647718,1.3940303202438626,0.4483957197439462,0
0.3761065596691675,1.488488770782295,0.35498565537042726,1
3.832464509952914,2.541016947972842,0.9178080637126337,2
3.358906119592735,3.880123974092812,0.9308920676321014,2
3.420663247260374,3.751420257996465,0.9330652694223147,2
-0.14096970202549094,2.6285672233458155,0.38984254897588,0
4.455831203140517,3.284722407879319,0.8639308602735268,2
2.8112712964873134,2.8932492745173612,0.713078362105523,2
-0.07219666359589536,4.258808748239805,0.4584081469179729,0
0.1986461531869425,4.743772309786981,0.2155152233893583,0
0.5720512694966111,2.0721465342799696,0.5958926464061614,1
3.444732201496159,1.8901775125968239,0.7181255476568003,2
0.536193889963056,2.0999377418903418,0.5613688370388931,1
3.181206228962018,3.17069507153671,0.8980552846439113,2
-0.6889373427479144,3.4533679426675414,0.4055317834912611,0
0.23372566657412397,4.7020111027957165,0.44183490301866585,0
0.5572725031739624,5.671479291385282,0.5674780279660024,0
-0.5704489475044705,2.7825645308847156,0.3736936404171431,0
0.0388463522956247,1.125111577857947,0.41842329951003887,1
0.04672874389292728,1.20179429601556,0.40512273413588484,1
-0.17952152046511258,3.1983929013625936,0.17345568308450476,0
0.7282175631767263,6.010193986518112,0.48151843318309295,0
4.113968673692665,2.9930037864667107,1.1164130920570097,2
3.2696124931341735,3.0001329098382,1.0977174745412865,2
3.57142550649604,3.006010754099643,1.051807187144158,2
-0.04336191714991329,5.702518348270825,0.313044221237997,0
-0.3909350236874883,5.669041440537377,0.4071751561235901,0
-0.3156346571717501,1.3050671881032658,0.19102184822048546,1
3.5339192569584688,1.7880436007063183,1.0662917508702834,2
1.390100607458645,3.033518363906698,0.8035525429017908,2
-0.46713762868407627,1.5593670441042475,0.3556090813839129,1
0.17497643106623462,5.537358547057007,0.26409775397610513,0
-0.09608863680611576,0.9675333554209309,0.46954901126174425,1
-0.28704615849599086,5.309106123078449,0.4756646332319884,0
1.569821620843162,3.0781599713214143,0.8888369121314164,2
0.21100600630224045,7.215113847702087,0.260979098639541,0
0.3177026712648281,3.5601892996857223,0.2443086898718298,0
-0.21866332574163785,1.522781940570949,0.5435110707419873,1
3.449068244950985,3.560247725302795,0.6519714646251261,2
3.414380521772476,2.805912346874024,0.6762380241140815,2
-0.11791698030901179,0.6759678242273626,0.2925433754413317,0
0.3852730971411267,3.583042267876109,0.25370395065472484,0
0.1872973192286138,1.775788017958476,0.21861624242760788,0
-0.07657198769302011,6.176827752653683,0.2450757169748535,0
3.69892600388466,3.6099778049317854,0.819426531231914,2
0.2588393573223229,3.9828710542607393,0.16290610324547697,0
3.363252849734634,3.638366067736838,0.8967244103032668,2
-0.2542649046624925,1.8331348360217616,0.5366967785459336,1
-0.031032316641005392,5.059223481872991,0.5314923887838068,0
0.5409157499716607,1.745039814125748,0.5321483657878788,1
0.2638544474735975,1.678486379633463,0.46896192441504264,1
-0.4710444031247092,5.183640912209233,0.34284462957730755,0
3.934547643122662,2.3727358401751157,0.5979435412119513,2
0.42181430534376646,5.684876683384005,0.4362591151325661,0
0.23533007551383203,1.2614796296115895,0.5973985360908513,1
-0.21738910353181407,5.232757891471588,0.4936759446662401,0
0.09288580238195987,4.459532490068265,0.11437819502912647,0
0.22827792641421782,2.520263581773383,0.3692979421931325,0
0.12530526192163444,2.055086970469051,0.3621787513163897,1
0.3082564902585511,4.811266776550301,0.2889672133243438,0
3.718480537695197,3.0660992092167247,0.893473647482571,2
0.23737350384964406,5.624939085288553,0.20504238960976992,0
-0.2977714087199169,1.6247740947990386,0.5245218760703882,1
3.079509300506726,2.538383370763181,0.8722879343624591,2
0.009143003938049404,5.590010314898281,0.001952660265436501,0
3.891314913158259,3.6499276931591407,0.7654078205332856,2
0.21163354333807408,1.6457818383409863,0.43480126256551566,1
-0.8370132822996624,5.164011818296743,0.4700830832130117,0
-0.1933074735216707,1.3452496189981027,0.43280387467404113,1
0.20570730865825462,0.7837016851042294,0.4109249115890501,1
4.5747766318664045,4.100090746306188,0.7373650793558372,2
-0.7175746778610385,1.0833890672735604,0.36211862595780764,1
0.7330219877250129,1.371224214427348,0.6640958046433825,1
-0.16777390106342027,4.147026623165038,0.7068513520103139,0
0.12293824668318803,4.801798065408232,0.20904461026217722,0
4.078776595837656,3.086276250571606,0.5889373313144511,2
0.0749407111512714,1.6206201242033647,0.1938243110790684,1
0.2329872335035481,1.2291062993082686,0.4418323556368687,1
-0.05134075303990657,1.572659027662869,0.5381783832206603,1
0.3478955138811475,1.265751943319842,0.33618521130969375,1
0.11397322787392467,4.820542950533893,0.49670007862573395,0
-0.5052555100567241,2.0831852728346263,0.5296463492946136,1
3.660688159540728,2.7128770197462275,0.9278593335407388,2
1.0180202904490114,2.5936858574080235,0.9123326112211346,2
0.4265984095573433,3.48993594919831,0.53234578755922,1
0.22987543265403376,1.6556963963204652,0.24265460862948574,1
-0.21369610878517054,5.1207287709000555,0.8115290555270755,0
4.1800579500901565,1.8929951961399012,0.9678386695247954,2
3.3423985369182607,2.857108238973685,0.9376197227228217,2
2.2910930769126243,2.7643575823269244,0.8148444815207695,2
-0.24095470642964142,1.7376828053460052,0.38629166757919187,1
3.7499833461299246,3.1364975254392324,0.9453951626067607,2
3.4848229390681755,3.4764578249756664,1.005360476114426,2
-0.16446267386166105,0.9670054432305355,0.5700236943878603,1
-0.11960198483298377,4.5926657840600305,0.30592196589329457,0
0.01594301663398901,4.2788039144846755,0.440505975942098,0
-0.09689020854149691,1.4343826633153394,0.4573108731043152,1
-0.7896079289445143,0.8640404994436386,0.48170948512059886,1
-0.3053472030365296,0.5822267946058423,0.28249888999347794,1
0.3603688632163876,1.932622475171971,0.5714935220028761,1
-0.06861688626372739,3.142990010639895,0.46812928185395974,1
3.065604126420247,3.657928270938152,0.5213119223252078,2
3.463801187986191,3.6156852266411796,0.6430326382600825,2
0.13511177392358747,1.694584905111724,0.4501062941520783,1
4.098896261071189,3.746828746091045,1.0352938772275635,2
3.413032464189786,3.839118164824298,1.0895274691908763,2
0.2955708958556116,1.2718484837386903,0.5684879583271278,1
0.38782761030116275,4.317966205552779,0.3609322299456312,0
-0.12749932609845324,4.176150521166524,0.47011481401093863,0
-0.1568726244790337,5.969522882484627,0.5047149017438464,0
0.5135221504034497,1.155632141024736,0.6793121775811363,1
0.06758161411130251,1.3345759357130889,0.45039917371898275,1
0.6513878509846018,1.557912293613473,0.7564538702773483,1
0.11609862626681296,5.115926375464723,0.3921444981747648,0
-0.22404941803723954,4.800077551297761,0.2106291813536272,0
0.5514888906800269,6.53754637089442,0.2514405621287431,0
-0.3509818960012401,-1.0854594310204677,0.4567115869198243,0
1.3451640804175367,3.316757154694307,0.29970647149562574,1
-0.6182572690520061,1.3349549041492814,0.6516477311980812,1
4.146629638465075,3.119264190207137,0.8763377205378834,2
0.02284713622046996,5.227860222898909,0.35131754823472217,0
3.381158341519508,1.7371502965685912,1.1563266865802095,2
-0.4058545499906854,4.473245467190163,0.36377536374025193,0
3.9481950436743007,1.9042884903499737,1.0071027613679577,2
2.8927911631112178,3.2737432784203886,1.0916943650365394,2
0.38637723418889597,2.6772007521425776,0.4307652435824678,0
0.19299464736774688,1.9507482665713662,0.7777642342554169,1
3.1566423284983522,3.4453169880414625,0.7718497091489198,2
0.03184569384472162,1.0935882048317176,0.447797037841219,1
2.5992485017459614,4.039154809393438,0.5324487921690477,2
0.23666409278105055,3.282948017545362,0.4011404317124329,1
0.3962181463497746,2.020877114509881,0.32356165016373106,1
3.3474055772596243,3.6281470766928834,0.7997133877197959,2
-0.5364258853206275,4.477191040533568,0.4764059028047676,0
3.966709241479144,1.943438138021485,0.894022142931095,2
-0.20256324332036538,6.270635321643955,0.44769125661780323,0
3.0956937505591062,2.9894961304870336,1.0818715640746246,2
4.049264311107068,3.0506800718339684,0.689611825936738,2
-0.29464094528619544,1.9256686219619197,0.3899280760789744,1
-0.035801456587954805,1.1322755398039783,0.44600923424445277,1
-0.11843919024681746,3.6007991579959695,0.4498610060654771,1
1.3828623647322913,2.443203750198901,0.9642198647476654,2
0.8584149980615756,1.4379203962665903,0.25321889652296437,1
-0.3153544455476027,5.823015193138785,0.4252527567753182,0
0.18960125333261202,2.2055026036618086,0.5485041389496644,1
0.6463461340743959,1.898452720688469,0.6594512239741392,1
-0.01595775350068477,3.8766083469907286,0.16495798639461412,0
-0.7594092120258287,5.136479035570286,0.29605854436733253,0
3.371189757244503,2.9582199280199353,0.9533746685611503,2
-0.17345371291455505,1.545158345759463,0.4103123629667121,1
-0.3575821563050322,3.9558335217557516,0.4030133785708335,0
-0.010854187696088285,0.7088884166267612,0.45753415487485205,1
-0.31685057055413457,5.539171887161842,0.4616221683422178,0
0.5546160539967265,4.660080728637754,0.5087033582173719,0
-0.1599291762744711,2.443020402005921,0.18533407730237259,0
-0.27313578474062716,5.597289091681725,0.3988366725180605,0
3.6602158964733826,3.050423525429921,0.5599544438485483,2
0.3787036572076635,1.5598296522594668,0.3243797975810201,1
3.9292425859597895,3.501364815071982,0.8233282023304916,2
-0.79793378424039,2.7535204595342537,0.496043337414177,0
3.6171716194251498,3.572657445951571,0.6271635894844786,2
0.7632680826776633,2.184314811048564,0.3001490651160216,1
-0.5133980542696627,6.008378369882447,0.057914146299335334,0
0.8135123262972647,2.3520652097357333,0.38397580281729327,0
0.4161723570579356,3.4359609837453737,0.3881639686140081,0
-0.14870774113328045,1.0106685833719162,0.6009386659504337,1
-0.09121121191395166,6.151061103563379,0.5044160833890561,0
-0.03475805071405541,1.6513489971883664,0.4804017545077786,1
0.26514817204185226,5.06047959156075,-0.038359590203274896,0
0.9248850096153024,1.8621772556328398,0.45917346899035677,1
3.598589871902813,2.536335363903372,0.8744797689244536,2
-0.06729311422196918,1.2430496866755785,0.2701572903009186,1
-0.1532596015829,1.0126315046099155,0.627278900716392,1
0.2568839089245049,5.354991433015845,0.27900857717326344,0
3.29537127253113,3.9653197675464202,0.8805681329810212,2
0.5251660158864546,3.8817556172605623,0.5303864757837841,0
3.449002641682034,2.494540421924204,0.9626309169101998,2
3.8272155135528108,2.99676510016388,0.7159578247515919,2
0.32774930725576257,2.308667378932783,0.28986272096838095,0
0.4263060659959973,0.7364794695897715,0.37448064841484124,1
0.14956155201200605,1.382687851310573,0.620035993618353,1
-0.20733440394963437,5.217937117322888,0.41261976347319423,0
4.148041724539717,2.719834634547708,0.982067529115847,2
-0.5314178712465589,2.1164273844833925,0.5333341562532259,0
0.14439443301483265,3.7110644294606248,0.17004121023646795,0
2.359135748064631,4.704531835800899,1.0950551526021326,2
-0.4881958204925003,0.868615112150718,0.5515812782025276,1
-0.3318201646557718,2.402417182821999,0.4281664952195425,1
0.44833937745912344,4.580573805672097,0.5860601324832659,0
3.7283440053651997,3.793646680131081,0.8246315971535775,2
-0.359257151135415,4.345121040487358,0.3464197393992907,0
-0.7520934383147673,1.7378480161062997,0.3297639092881982,1
3.9869231286299094,2.551891044604749,1.136094675463983,2
-0.47443660501402274,1.5177099458912169,0.39838158951557534,1
0.027927667450852303,2.1857373910704614,0.4209441930292557,1
0.21611517761427815,5.867358595234834,0.38154545603329926,0
0.2207812591983136,5.274237137541727,0.2628964377605534,0
0.13541721029620662,4.6634310155265055,0.28650616374629,0
-0.20869632583871298,1.251019076591079,0.5867747667770056,1
-0.26755041377720523,6.922414553428392,0.41547945017188415,0
0.1393230833553161,0.5777118844447058,0.46891972737690235,1
3.225464456023093,2.8023064198692085,1.1012289509371098,2
-0.32208939604961473,1.6285692329040478,0.7744651414020918,1
0.45782013829775253,5.155244053107004,0.513863300344154,0
3.0854454096829773,2.037147007253419,0.7976795267690538,2
-0.783270171553205,6.486342848742146,0.5239420382637922,0
3.789095947527793,3.3145201250456813,0.658280028972225,2
0.20348405338953313,2.6230237401051477,0.43981929274507775,1
0.15880081971403903,1.828111568767882,0.5629383997931746,1
0.428560258796704,1.2067924255556133,0.3570341807619184,1
0.2746512767784639,1.6186172560518834,0.47634459905208537,0
0.10927839142294993,1.0679650239559544,0.4139006309343698,1
3.322441717278446,2.2202173980825504,1.1765578971232564,2
-0.34986201572637465,0.511387577380509,0.27272421458865126,1
2.794471584466959,3.4818928455684133,0.8859441277358496,2
0.3932217125863994,1.6013320822317307,0.48603036428459345,1
-0.6571048710360208,1.655745429398895,0.49583465765355766,1
-0.5015219308400034,5.166444025459243,0.24153030529741124,0
-0.3837151367162912,1.0181788490868162,0.44098189292064055,1
-0.43448380019262567,1.145284421335762,0.5466893148622765,1
3.469190977603864,3.7374301838085695,0.871436408145726,2
0.8527080328248655,4.863402688401354,-0.01093572265148457,0
0.1549302303420916,2.2044607801358613,0.5753743856742337,1
3.7102920235101977,2.5936782719521796,1.0374674136726534,2
-0.19810680837647504,5.971536642774941,0.3812717299697919,0
0.33986018676529045,1.8778329193721572,0.4167167593061597,1
0.3721534953694686,3.3896709986308156,0.49799477867177444,1
0.6744452795894644,4.022755255978426,0.6837831312611696,2
0.2758316857461772,5.33840392631238,0.16470600141714742,0
3.5209892166883003,3.055414102058408,0.7599570136055814,2
-0.6869300256903978,1.489377610361879,0.5084013591329606,1
3.913124711336412,2.6806965262539326,0.9078209605685428,2
-0.267006010138049,5.603632624011922,0.33944923254921927,0
-0.25934659517102554,2.0920905081836074,0.6054235891707755,1
4.37013221685646,2.5733335112681672,0.7092868721862358,2
0.017063089497284606,1.4357268533740215,0.3522487316765377,1
-0.2348967574421423,1.2387974415388143,0.31514414068170826,1
3.320910797931127,3.441204692518678,0.8592862156044995,2
-0.026903820677027623,0.49180750627732817,0.5987992239836454,1
-0.14659519203122626,4.818315193775259,0.3287363668958692,0
0.015286555839452848,1.9393617066878872,0.5815623106864177,1
0.22499369345184125,2.3299543781026992,0.28735910483421817,0
2.7084375902965467,2.3036537082862694,0.6781945540061323,2
0.32070422574199065,4.314921185375037,0.2582549394958161,0
2.4002011567791453,2.4901780214493643,0.9708872542814735,2
-0.1709691632777368,4.537908625708077,0.3487456833313909,0
0.40327132334050575,0.8300044652125574,0.3877762937591206,1
0.2574020696208446,4.221788386591999,0.4109933051334011,0
0.1919606432098255,1.242471988504936,0.3911284443573875,1
3.6589738786616905,3.4624612838610833,0.8573303774957729,2
3.9974319609083917,2.943902268599971,1.1760565209329115,2
-0.597860096119461,1.5157457811309978,0.5535110514504918,1
-0.21319566971849616,2.548705034224742,0.24107863377172953,1
-0.1419139561221611,1.0100372126088777,0.15639921162990156,1
0.10278568937677501,1.0985959825256213,0.7350402636466447,1
0.4092226221008957,4.2037690665961644,0.0016727984092055892,0
0.5744581896169196,2.2701619899099432,0.4836625811916174,1
0.20071646711105645,0.47474418652425765,0.1746651306055777,0
-0.5774228136734901,2.6242502678434723,0.31791872486680417,0
0.4881264807153126,1.6572894918933623,0.35109302525401015,1
0.3594676641356697,5.0301572584991385,0.3775699059490144,0
3.2928051040173836,3.0567045918284346,0.6927623254421422,2
3.1117318277293147,2.9804698661473714,0.7095330922526486,2
2.9080786794741655,3.0674778249107097,0.9782802949695868,2
0.07993229294644702,0.8749632410145376,0.4991716610361185,1
3.976239078476403,3.402838422804771,1.026819449167828,2
-0.2961960425328634,5.69185955079281,0.4930096299856969,0
0.43049259598498735,1.3880138317782222,0.3766981664551413,1
3.8932031059979084,2.6642722288263188,0.425045456478589,2
0.54367579766561,4.513944966576355,0.5852273644290988,0
0.42887868637539495,3.014669308144599,0.330361129231081,0
0.551295913307535,2.0051372934180076,0.44334578167326577,1
3.1182313666792627,2.8351325870083683,0.8656027320944527,2
0.22593487595807668,0.7064831192370042,0.45128822077622743,1
0.27756929327650326,5.573271471807721,0.3745147640880698,0
0.29817891282277303,2.199599377479439,0.3204497777335486,0
2.840515750848745,3.012063880121459,0.8769433408947885,2
0.5380590481809658,3.6338804934998254,0.3123872852332503,0
3.528290094652727,2.327512735866614,0.7635097334885543,2
3.131020721837492,3.3807381522933495,0.8329038814943828,2
-0.1142228318795179,1.1212846126236051,0.49974715006886444,1
2.9764212156548675,3.2653969865993955,0.8568164098498332,2
-0.15995999604372663,4.403865783746119,0.32565763292488786,0
-0.010138909900169748,5.4848153110839855,0.2995044375706918,0
0.3894904923409471,5.23903822425741,0.5420322909076192,0
3.36783925562991,3.539947119833264,0.9310483406106127,2
0.44269496858818336,1.6990241082546311,0.5042642988155775,1
0.1279238840959671,5.151612957181803,0.4450528297959589,0
3.2830632685104053,4.033293058684917,0.7349398816899549,2
-0.14153531899727465,2.083582008737189,0.3261456859649014,1
-0.17918453537999005,4.0281550912890856,0.1447888837202016,0
-0.3425898224455607,1.0956692480221466,0.7334451638336312,1
0.2317387039027103,6.1296215028346,0.16313863246494945,0
0.3090040280842046,0.5131722453016933,0.5520952502540827,1
0.09284200919665998,1.0117999756681013,0.10957532032538858,1
0.016273353351399983,0.784760217806264,0.5851393851375813,1
0.38661770020824493,0.9884002182668998,0.3544145887516328,0
3.758322222967984,3.0643247772240803,0.8021730466757903,2
0.3222562166828062,4.685727223881362,0.12630196829881749,0
3.1201362078656087,2.6551221494373096,0.7575049660216818,2
-0.032135219840975365,1.3917076051174693,0.24987174719655025,1
3.6149115774521627,2.2604758132678318,0.7473262404080805,2
3.514717828784054,2.3050713917466155,0.7794096767613162,2
0.4132062977876804,4.736396959491099,0.09521454340655999,0
0.5385738247504308,1.8469837576021872,0.4835878649630392,1
-0.21241478024707328,5.236186060032482,0.31426494874165734,0
-0.4558548476436046,6.283785595311093,0.24330427502305058,0
0.19059550526614755,5.882574057642927,0.5662913602928901,0
2.9755231323220115,2.4644115459406666,0.7859609235950656,2
-0.41860149165085697,4.886703213591578,0.22356416535135348,0
0.11348762196042131,1.634296790522149,0.3526034436944416,1
3.3601423553398138,4.116754424388318,0.7080586552404954,2
0.14029907881906242,4.004297226273419,0.46667700057662426,0
0.2378017474640494,4.117452495013525,0.47308302543318453,0
-0.31023626105484525,1.6848704013201816,0.8485505731463431,1
3.5690930238843075,2.1260472160443817,1.1298766828427906,2
2.535111572589848,3.0957253961983304,0.9690407204889392,2
3.704869316384546,3.1458807930830934,0.7794694991822033,2
2.8092041407682093,1.9210711563545355,0.5164638748094205,2
-0.20722760779002272,4.219562777674347,0.45463861034358743,0
0.5136224986163758,4.778937759882577,0.5206600448851098,0
0.025801422767119095,5.267915553401834,0.21560062202453212,0
0.14414748636194444,4.271483930254008,0.42321430720687736,0
4.38375119788267,2.7425724312802524,0.9204113284293557,2
-0.5606438386873136,1.2764003034650082,0.22818343142305716,1
0.6689063616390111,4.634042718238935,0.3665560219899315,0
0.4402655779686444,4.695349574283425,0.11432714733231752,0
0.43260563451989653,6.356383703507049,0.4556113156892237,0
0.1552805548282769,2.59957280322236,0.391115746000526,1
0.0845122897766209,4.372099002913899,0.6159037491349872,0
-0.3575769530714088,5.419413677418109,0.4214549234704008,0
-0.5284398722857718,5.5167123362207136,0.18514328726676907,0
-0.15700055334430021,1.8418645561102869,0.52659734865977,1
-0.13114931858678283,5.944791924244537,0.41049118445557575,0
0.3984994157727596,2.957478031041953,0.4654376085784856,1
2.342977966999947,2.425420891512148,0.9920149851859871,2
-0.528351342150927,2.72568215388452,0.3061887047590185,0
3.298122316410487,2.669346256704466,0.848636624982486,2
-0.11141497024707961,1.9210877825744341,0.38474224014271396,1
0.5761287091205965,5.562452117392882,0.27084722083745605,0
3.5110982486295503,4.666379646941474,0.864980425249761,2
0.46277590622573284,5.0279103576715265,0.14367336656468857,0
0.6029338648587819,3.7303318556505394,0.23296480637874653,1
4.129354729099133,2.9347873700480087,0.7932585183133887,2
-0.3139259726069036,2.029596857561774,0.7957745788131212,1
-0.08408308079725853,5.075423434891423,0.19454526738018565,0
-0.5242472722205447,4.558360382753983,0.18712622415556449,0
0.8456700871767501,5.430214552294787,0.3959584223110121,0
0.1444160603883627,1.5692027170770304,0.5646594019915545,1
3.0627381036544676,3.1841704500675156,0.6644501647956906,2
0.17429292888720704,5.4462297923224785,0.4131574476747363,0
0.5023233241942296,4.828679751431049,0.47557317294970763,0
1.4214616622917327,3.0875229390910053,0.9359640890865993,2
-0.4035420130093316,6.057167020700803,0.1828061895530558,0
0.362026619343819,4.89249514545595,0.7238275997901029,0
-0.010048571302018666,1.5811772804082387,0.29140160957818506,1
-0.6862223565906022,1.2064423646899263,0.3414294383472495,1
-0.20491805850438874,4.507235045189265,0.19644037193792446,0
0.1672833624921995,1.9740109241773927,0.37191046263046607,1
0.20675539415823183,6.761611139727693,0.2965861927071417,0
3.2559477647233273,3.4980806396271635,1.0200002182221906,2
2.8930209408618697,3.450415677077392,0.9085230910020179,2
3.2378569652863964,2.4241115966129736,0.962411067216262,2
0.008700873606384307,5.039462532635875,0.45836704778314685,0
3.4972902806868187,4.029159625291026,0.7342338029479716,2
-0.11263435339438285,2.303213548966129,0.5202833653588508,1
3.83128127493996,3.0847830744628864,0.7248356899723528,2
0.7947771772077211,1.9520911234873533,0.29891091139197845,1
0.2955293133801462,6.024265843097383,0.5822958942536054,0
2.056173262359063,2.8372346400912978,0.7542028541135571,2
3.117127340646872,2.9433490427183715,0.8296710596531693,2
0.30892583377628235,0.3435656232604163,0.29773109402931475,0
0.3984694552316175,3.5934184799956785,0.7029545216612882,1
3.1812880435596362,2.3139966053496837,0.8631210630521109,2
0.2824923899068279,5.182392930967249,0.26182155426379994,0
0.09224433950648578,0.6702305371133406,0.036564464424528154,0
0.4163816695191158,3.987793272731828,0.23571865565423622,0
0.25418791001341035,1.0768933573561323,0.582484886296347,1
0.48093944784875853,4.290684434771392,0.37172954567887756,0
3.1066873715984333,3.7030860859643067,1.0747146450231675,2
-0.22931842770308378,1.3735416136403404,0.7302904828744503,1
0.013923016199932881,5.562040718174543,0.5514005164118903,0
0.11753151978417131,1.9779013725562404,0.12913288133537237,1
0.04162502555467939,1.0171981257906566,0.689855193659224,1
-0.1452199454754319,3.85364073310633,0.23404554355959453,0
3.0646361141781293,3.4347550672338736,0.917272818129466,2
1.6731698460668347,2.4491885630166212,0.8638565187459886,2
-0.5258488509343218,1.5717132834287466,0.5807286579131901,1
-0.4258549583168022,0.6137107173192728,0.6203921768915733,1
3.4230011674010843,1.780566712364121,0.6711380869965274,2
0.9313656956057564,1.6812057314377258,0.08054041502306225,1
3.099202216123132,2.963341495196479,0.7376800305969919,2
3.743658241609456,2.7833345284692323,0.8981139787174209,2
3.080081064609805,2.975848260947503,0.5662428416542751,2
-0.6652464657378753,2.2371850359980034,0.4159265873799087,1
3.9787044634808866,2.668643248732435,0.6854284525556779,2
4.185693661941631,3.2967230156434995,0.7294803836141454,2
0.46766193120628535,6.643883695850533,0.4373817581754766,0
-0.05978619618914116,3.6033499786653684,0.77396088909915,1
2.5692577747222556,2.6976964476673917,0.9340978779368162,2
4.841561608358445,2.588645481882565,0.7675038549800214,2
3.898270343828102,3.719579743752951,0.8451584658846073,2
-0.01927869097895537,5.184465846023112,0.09439206242033488,0
3.0530342832137887,2.726101620918983,1.0426655579166075,2
4.10146461464102,3.525334751661888,1.1245499792962506,2
-0.27613721731087965,4.395239434646464,0.4040662514439159,0
3.422915480815957,2.4313688985561606,0.6783677355758758,2
2.9337243293668527,3.2228424206538184,0.924306972299273,2
0.10593806047798093,4.6239004849004965,0.2025105384620086,0
-0.05580729355994466,4.690942019642259,0.019205844086614077,0
2.916967062031102,3.3560573333091224,0.9440936801928195,2
0.5446794142576429,1.575516454527568,0.35395218612308765,1
0.12933469791125468,1.9843849478406765,0.40819366136705293,1
0.20570822922472176,0.7260437786320747,0.5340810637955714,1
3.298356104044531,3.050716190270595,0.9865323675497117,2
1.6531774622742776,2.361473907695956,0.5851434719574968,2
0.36794860638177207,5.815138592071919,0.44979072594351416,0
-0.30842519928274237,1.2508444479397323,0.5752282138800283,1
0.16481766485906002,4.35963113316455,0.5210185372658793,0
0.9273155403367502,1.3892001528074804,0.23385275482126222,1
0.41353186013309123,5.721220404882686,0.31873376561461003,0
-0.34804533496223267,1.3090483098201071,0.37407723024983786,0
0.9295114731213134,1.1068479734308356,0.6151995247334325,1
0.3865360322161643,1.9688826771815753,0.30614640497387646,1
0.5933624305410679,1.4961555021393154,0.2360829424285343,1
-0.08914111719121848,0.7209007851248997,0.6628393506268102,1
0.07111125543399423,1.5168534167721859,0.4536366436088289,0
-0.07792273526819612,1.46866645427225,0.35236869409563804,1
-0.27035596155646,1.4431666554592824,0.5960048928728421,1
0.24955837723063065,5.396558416930921,0.185013684024149,0
0.9362119607886451,1.9111160910196707,0.1384320219339189,1
-0.09410956398897558,4.582677269035479,0.29521558794282615,0
0.3593438273387943,5.89982137598865,0.4436431934973263,0
2.787411117749647,3.741615665240219,0.7575020317039791,2
0.22578032891626276,1.1612037851107742,0.42424895191128253,1
0.5393939504207275,1.3001612858886464,0.32813554633437714,1
1.5948779555741632,2.197754935267297,1.0385654170982792,2
0.23477373205762084,1.7476834419855485,0.4313837019093796,1
2.8296885704610553,2.808335651513696,1.0717209570850796,2
0.5052951549739946,0.704929084659851,0.35030233537469063,1
3.6730577265774746,3.7147477784344063,0.8441313049669971,2
0.05444432289319101,1.8688129650652512,0.34411814789096773,1
-0.32647541837471306,2.819654434581089,0.38958710299395477,1
-0.31166543180565187,3.5569996127260026,0.3997206344496343,0
-0.6031589937031634,2.2776339123673894,0.717788529911475,1
0.27500489691920915,1.3834515394814253,0.5322189493090935,1
0.3061993234555681,4.081058694341127,0.34938368686851173,0
0.852195691294224,2.1764002674483627,0.3800138893195835,1
-0.5615501439630463,2.3977129628547065,0.5799505926090409,0
0.5850950057049719,1.9783114058677456,0.24056822784374515,1
-0.06080184653548815,4.07698123499899,0.3493783646759582,1
-0.46444495605328867,4.5118543129885635,0.18638171033653136,0
-0.1827059158609626,1.6816436381719941,0.6368562996254492,1
-0.28857218562144726,4.441390520998886,0.368626352711692,0
0.01158222091913172,1.0413168354239029,0.5448239729046166,1
-0.036652317422062784,4.738657147272811,0.2985406184921505,0
0.11526387358596585,5.396273189465962,0.3976693326085054,0
3.1682351643453845,3.3679044011349406,0.9078204213772365,2
-0.0994905200295293,1.165039677780758,0.4942478651833716,1
2.9007541312396214,3.4218841183416293,1.2247645725582241,2
2.4946832630601805,3.1836815490934263,0.828586111777361,2
-0.38807249191859217,5.4315215905675265,0.5334197953955834,0
0.5988293864855575,1.9340326212057333,0.2907208705483848,1
0.558889340693549,5.852301017807682,0.31129317265832573,0
0.019729934679823685,5.166930786599932,0.1665169654907105,0
0.5698510928308974,4.390729707971024,0.30409790684638865,0
3.657200210363591,3.4875661823359665,0.8966774111650365,2
-0.3105977104758345,1.947762768708487,0.18894482615782726,1
3.6422459677047474,3.3995937932730915,0.831434957769012,2
0.47245552009409364,1.5232198639709802,0.3142777824282431,1
0.7161764959106693,4.50427982423078,0.5225668251004167,1
0.2205336864358976,4.602674497632424,0.298441448286188,0
-0.21156900095412412,4.606497046360277,0.39200680140461064,0
-0.9698268512616565,1.9730188733321241,0.5051295553171548,1
3.869704744308231,2.756586972116248,0.94246331572221,2
3.7125666233568606,2.681540467107986,0.6920040511231806,2
-0.2860883807197551,4.922696371042662,0.33377915144128745,0
0.5448402476885355,0.9855482951561553,0.4205064923140148,1
0.022678309420812046,2.235792541284947,0.0015910468255179722,1
-0.43593743400819024,5.494470412965946,0.407629323815459,0
0.5170166368370038,3.870529678303057,0.47381340764063146,1
0.5624026677804509,1.4632079050597933,0.5965941364637218,1
3.3560469615660398,3.1470231985892436,0.8095072154762254,2
-0.6173803772742988,5.1986306012406835,0.3620043436403167,0
-0.3520047926763056,5.215344736204128,0.044862671073361504,0
2.878875384265439,1.8905752824795228,0.8080666543042637,2
2.617306206485013,4.044564891958195,0.6565779119185469,2
1.84675958456452,3.1409121593805067,1.0361795919115127,2
-0.2238899343069136,1.593900169021261,0.5877047203019979,1
3.84353353481806,2.194046943542296,0.7224116468744299,2
3.9303794748786207,2.729959479411555,0.788320906046141,2
0.3965409118206798,3.097254672101337,0.37889772989720366,0
0.2936271647423451,5.61228307153284,0.2998656832052096,0
3.8563798894768713,3.1397163671787456,0.6797343218176433,2
0.3999965993047281,1.6198869100323154,0.34391833811554157,1
3.9324541637912382,2.5437818152703215,0.7909582626950484,2
2.1476051010705177,2.9432916357793393,0.7649977367420462,2
2.97458928710764,2.0522235284668944,0.7613047829955193,2
0.025083349561008935,4.477659004878938,0.1184389870851347,0
0.3268736837847145,1.6286267105557508,0.3983284186871321,1
4.180195197351536,3.4819858538271053,0.7298360236656481,2
0.25338631615944807,5.6814177308743785,0.5172071902719075,0
0.8723604018338831,5.411078761044456,0.3046228418510095,0
3.1843454899058163,2.7316693111626864,0.5906351233851924,2
0.10433024025375591,5.384596662045033,0.5757081940082676,0
3.5602331761707497,3.5616337007616097,0.9665405054397275,2
3.2974535421315294,3.420416191685969,0.7286412205778315,2
-0.7353811962837169,4.416349587409907,0.08347615076359627,0
3.6070972019421204,3.3323344592062214,1.0023797310820213,2
0.27024746037159625,4.809754370059248,0.41996469311184753,0
-0.05010966829021506,5.803393333529536,0.27495816634925063,0
2.204229371312423,2.902015226999096,1.0278743798113261,2
0.34347389666756056,2.0542188041070193,0.7381432000620375,1
3.4396518757964873,3.643525079743655,1.0643140243055156,2
0.6454550212254095,1.9802781361200312,0.6794530819374518,2
0.10063698750745201,5.831287814013161,0.429513967863144,0
0.3273093508611137,2.0431903556029187,0.6618571006639051,1
0.12541602020093467,1.4420450265750655,0.506067260104824,1
-0.6868756533441515,3.7365074405095986,0.3720947000583626,0
3.1597529761179763,2.46951522338417,1.1200601675355728,2
0.3246822286453062,5.26553475816631,0.47366777003412275,0
0.03308000145542813,3.983881005916648,0.3171940462987165,0
3.02269094902497,3.310931370267247,0.7740716408371996,2
0.02819417005100794,1.1666937085095739,0.4024715565108565,1
4.0352897337891385,2.948973396577186,0.8619464034840845,2
4.300247532905529,3.265139095627876,0.7506401284433236,2
3.4084878084294776,2.64241901683906,1.0977166691414437,2
0.09239450485621822,0.3912044603206146,0.27477332582247,1
0.8274342169485441,2.974723034294809,0.6308302542189953,2
-0.4463374187905202,4.800244662026565,0.2947325186950958,0
0.5807726678158173,3.5070307541056573,0.22137796394309775,1
0.38569459307757137,2.059091508575354,0.6297963913493195,1
0.14121662630855542,1.9778146365243696,0.4860654472805414,1
4.169057705885852,3.9234854074863903,1.0858597315405492,2
4.139343853802829,1.652862125158763,0.8198889016436247,2
1.1927173975020098,3.6524307466774566,0.5926055852199823,0
-0.1502534642869361,3.9561464876536405,0.07694029278922465,0
0.47505645574356264,4.8182079481800875,0.47863158607350353,0
0.030206197353189967,2.0007652121872,0.4496446625800788,1
-0.11744275843722105,1.0660387686244233,0.5335706427605222,1
4.168695752370437,3.481444191589162,1.2379086875349283,2
-0.003240965603273153,4.6120364585613896,0.41922770695671696,0
3.113966942986368,4.0362177396624705,0.6482090943025377,2
4.024248165744397,4.1226446893848685,0.7223673866441652,2
0.10477471207255519,1.346221632409369,0.4638082705967988,1
3.738120176693833,3.7496678203772347,0.6292999739020323,2
-0.21502714789043828,1.0641126295153684,0.4533508858977912,1
0.7774188533654688,1.5500964000463813,0.7902091997689487,1
-0.23033310929521908,2.423197960299624,0.4633651150055815,1
0.4837977974579117,5.924742241505029,0.5078160233711954,0
0.6032254584608289,5.89831369864314,0.21705160925060027,0
4.425606762500735,2.819504426380621,0.6059032408079027,2
-0.01899897818194523,2.0522954640027518,0.3770442320755166,0
3.092565925545328,2.6200363771738364,0.8354859845219665,2
2.8905860509555614,3.3685910040971874,0.9645915017113006,2
3.4829386212710225,2.6255491529775035,0.7356937708918525,2
-0.0768148593559502,2.0290650493661846,0.6650370095352437,1
-0.1750977862749077,1.9734037832559352,0.4582504404050062,1
-0.1816972025958941,3.61845142515966,0.490204798062897,1
2.658706556350716,3.2353384053327394,0.60230778645644,2
3.1164569563684785,2.80967393849004,0.9886295161663756,2
3.1232415791300165,2.7416104483477044,0.9709522616612395,2
-0.6465137616352279,-0.8070923773811531,0.3327243810842976,0
3.4300081485619325,3.259411628520204,0.7424227148916293,2
-1.378648762275735,1.5376242873831745,0.44336636559264875,1
0.738277493398686,1.3565039071045006,0.6225730575050028,1
-0.48566350201386455,5.061818102138928,0.23378563507600275,0
0.1790629570723192,2.149993686131067,0.5940457752130002,1
-0.3122373972290532,5.871209801422034,0.4456997943602369,0
-0.4275427103373397,2.0049777483535403,0.2502572825682846,1
0.4874650636574159,5.097647103658184,0.37693153367941684,0
-0.10260417871363314,2.8334526111600047,0.4645733680629372,1
-0.14745500544381115,2.0933835501133253,0.4209379048707819,1
0.10943049777220448,3.684044489236401,0.468520847176281,1
0.11673110820139516,1.1413146525647786,0.46840918515203045,1
-0.005879787651600821,4.094406562863237,0.5246090228878906,0
3.7318389174978277,3.3288127362714786,0.9332250693952964,2
0.32175031890013295,6.551226160638383,0.4779020563740516,0
3.031065844354198,3.4415264169676125,0.674445587862162,2
3.601716087380949,2.247503407802638,0.7667474947683836,2
0.038028574757230524,5.678562537197773,0.06012534124344615,0
-0.44639188278003816,1.4974466839863876,0.5098145646637221,1
3.1690511419066008,3.0025196263975373,0.8564092195758933,2
0.27761456219068875,5.405879728704296,0.02021588909644839,0
0.6386286650441184,2.221835159583119,0.5156735649365358,1
0.23021832612882875,3.301163704389779,0.4846413116110033,1
-0.08555859545772738,6.0019965833199995,0.266483184073495,0
0.013055534676348568,6.443636094090002,0.35278011047275576,0
-0.3627765588917885,1.6612523301449524,0.4415977992249493,1
3.626504243338896,3.627754328062303,1.0903317083097512,2
-0.31092632585808155,2.217683258101406,0.5966467267182654,1
-0.23405434252946625,5.368637794892774,0.12164985225773836,0
-0.663622540140454,1.8847825718905038,0.595169170350514,1
0.25959686300067825,1.1926260228054555,0.5353222517325281,1
3.514997119346588,2.8453023740183805,0.997606217935672,2
4.364644837861989,3.871748186564323,0.5222036767326355,2
-0.6138523002159681,6.24723886290989,0.4276614982925797,0
-0.2544500463254563,0.8075183802284408,0.3385412850103481,1
0.5162822061248522,6.117078003129476,0.4338085755416728,0
0.03740904955073661,2.558961800352451,0.35771553749735185,1
0.8213355240310709,2.9582127402070686,0.5005813163423737,0
-0.8059573619764276,2.7942662744374673,0.18673519648844034,0
2.859529600000326,2.383790647063033,0.8402349191867043,2
4.8614743438621515,2.954576238901261,0.9663729409412603,2
1.6239855778722607,2.923555876566024,0.8653968292809496,2
3.35110192188802,3.0519736153230728,0.6999380827290811,2
4.048271397987607,1.7921996206141917,0.5695145975625382,2
-0.26688107205265454,1.3103188461340063,0.45718078299972126,1
-0.1271669914343812,1.6588231845053176,0.3239260521739963,1
0.3748953801581154,1.2610800746481043,0.4433090201725498,1
-0.9868293562525629,1.8501089446175314,0.41877063486525645,1
2.1703698885646263,3.434500344526298,0.584018888831643,2
0.20825856989162697,4.865872813896717,0.4502510088078936,0
2.657378146945905,2.683203586940632,1.0529603740249611,2
3.654215433594472,2.903730565913807,0.9952774494977509,2
-0.14661771917071323,5.47171138508592,-0.04777420945674232,0
3.195013528952674,3.01871298148063,0.8761742367029887,2
0.2472254927733284,2.0838709627638896,0.333743255547564,1
0.40079499044832045,2.202572196126013,0.392532369429901,1
-0.039890041216511775,5.099233446217617,0.6345333734247606,0
0.3456051102001787,4.917718860728769,0.5832673306562178,0
0.14505017385302804,2.093538839370878,0.3052815393555472,1
0.3305039207885462,1.4002302392848822,0.40650102795826754,1
2.0926426502540934,2.629382747132238,0.957441784243139,2
0.40801943731064727,6.617257503907203,0.4584620050214696,0
4.5278606648491255,4.252647591525086,0.7860509777697609,2
0.2512679436275824,6.295932229861245,0.6379340128954465,0
0.2422216741343912,1.640615246109302,0.6734399114171473,1
0.6802201861422961,1.4383746434819114,0.4582644738985281,1
0.3850015358063842,2.369832625985225,0.46279261030998603,1
3.133410120821306,3.0082175757399234,0.920245119373849,2
0.3199967899374616,1.4939782235200343,0.2818848523955626,1
0.4287456119976632,3.95854992523837,0.18412493831107127,0
-0.20928248174486289,2.1309835579981824,0.5470003119874997,1
-0.10282096352522588,5.2220420107948256,0.20046395595044145,0
-0.37314524471743726,2.5114394192917393,0.5475645910395677,0
3.8376486046887246,3.0841890614243597,0.7814452271002557,2
-0.06951958277701245,2.028362455640209,0.5950210656375816,1
3.44222926551742,3.7615397441521363,1.0287152466579157,2
0.07581914243234822,5.195800261347819,0.2874672079921229,0
3.9939549988658527,2.863475206501507,0.4682125675545195,2
0.22999382983069816,2.0096716336243423,0.5479262301481735,1
0.04114419807435722,2.974700743360236,0.515019847508346,1
2.49721191354013,3.337965932745887,1.0320558820028105,2
0.4491731470301831,2.713096407341533,0.58574430622413,1
3.387096625461979,2.367177327020448,0.8399154539205803,2
3.1125185879680077,3.8208565420889387,1.145037544376238,2
0.08434238921266325,2.037610770590958,0.6070914612839193,1
-0.12254308391135078,3.7609279403849922,0.3884294369289573,0
0.42072291072545664,2.2047006192025886,0.9555821391736385,2
-0.28620519419409146,5.897199369479942,0.4243248003710271,0
-0.1386413419633418,1.3222898642564118,0.6721360296128396,1
0.5598861316906522,3.8945358673910695,0.2924720193957496,1
-0.2889192978939339,1.6119634369733031,0.1580212070461704,1
3.5184837602745542,3.0730551661856578,0.8549928741786024,2
0.39131758758478313,5.561821142041262,0.5705648454518807,0
0.589231191458613,1.762014073601731,0.8204111121012936,1
2.9516135282724085,2.9586361222771482,0.852786391774446,2
3.3642974699177515,2.721631218309355,1.0316051879721275,2
-0.006909295219269152,4.969021093579013,0.5884815335364401,0
-0.08052114573746585,0.9910442547614204,0.6486723938761606,1
-0.38181972432979117,4.862639758616709,0.7268891226174912,0
4.155581148301808,3.5184419892833683,0.8959201829654133,2
0.007576185263640567,1.1052405804448435,0.43952844147334696,1
-0.03433419983465422,1.6793142892809518,0.27520127522059123,1
-0.6043710919494737,4.371439823297326,0.5747700986205562,0
-0.32211951423519986,5.4391556142132425,0.1940288998285212,0
0.5201463341211952,3.1425813885533636,0.26706606928449406,0
3.3230573050457015,3.4599922263715905,0.6233291929982792,2
2.6603567065256017,2.8506158068315948,0.8971194244675998,2
0.212666238375438,5.365279878958802,0.4158725200550626,0
3.916589715635091,4.0776409975510095,0.9100865157141679,2
3.2003455300023873,3.4363003289901464,0.6953361074996628,2
4.545504279016582,2.9340815261388387,0.8223869699476121,2
3.2476526551272267,3.07664073176658,0.8750450918661782,2
0.08095618292365356,5.506429381000421,0.36039048217638125,0
-0.1993572350989765,5.21588002840697,0.4949894121702425,0
-0.21258616839298414,1.2858408711011222,0.4484302306420906,1
0.25077767869651535,3.217757153091312,0.40726428500677037,1
-0.2269046858630327,5.203364715539391,0.2719027376497596,0
-0.062291434133897275,4.717977062007002,0.5369310008401148,0
0.36091787991586133,1.9036305281678212,0.45498248445197215,1
3.988272237576904,4.2338707983935935,0.8367856464006181,2
3.414402295647985,3.306467115989887,0.6114008196518719,2
0.041991292048099586,0.9169410463802401,0.39691443674804355,1
0.17044199041236313,1.016559237017991,0.6272344705323137,1
0.8445185336398338,0.7673215154233357,0.40100519138086066,0
-0.017712245024539913,1.684092518206004,0.5756805626501684,1
1.2933405743698545,4.187506950668294,0.5868231133166623,2
-0.8847975332888274,3.2035312819478694,0.379310483192498,0
-0.14416477710098374,1.6812657609876531,0.5780090158288314,1
-0.6698305279152222,4.711778522498419,0.44337970159057905,0
0.44110348346626155,5.973897298845817,0.690574184039183,0
3.5269157759337246,3.2951454104563442,0.689041715556411,2
-0.5455165953631427,2.2730470091535024,0.6919125105277042,0
3.152255355451296,3.4520504840526556,0.8649739472649651,2
-0.26258705453035375,5.104844159781923,0.2851721274425414,0
-0.316988143343159,4.8926996967638745,0.14530269891959288,0
-0.8515984163012897,1.8350248359077619,0.5416446516369965,1
3.5767995676270834,2.660732320855546,0.5234573541559082,2
0.5063748894254225,1.2983101270156587,0.7540109517726528,1
3.053529015935169,2.59248031294058,0.7092988863952374,2
-0.1944254613874057,1.344531241824453,0.4450514545759125,1
3.241318505428884,3.8341999101193025,1.0473830900569177,2
-0.5364139169170435,5.6799955315751,0.40190285392302233,0
0.10380607041817143,3.189482567395885,0.4455937182520984,0
0.4420806030993051,1.6321451050766256,0.3960751835031873,1
4.0965518366661335,3.388277454085407,0.6979222154581072,2
0.6001147651764933,1.0331231319299514,0.5044506427209116,1
-0.6884310083841878,1.488931341857425,0.17911922425740015,0
4.0882666268938825,2.649766719862439,0.6871378433827675,2
0.11191846604856978,1.1325945512329045,0.24011576111630534,1
0.6915723753010222,1.5513574872861051,0.11425674883379344,1
3.422779065370614,2.1277208695522365,0.8451958646262032,2
0.05885014154956858,2.069251819796848,0.518082205505477,1
0.08056567888752655,1.6981834782336755,0.47546216519559925,1
-0.056474850223520105,5.618799163635326,0.4759366062217747,0
-0.02337141730174151,5.7612459021844,0.09597513637473909,0
-0.3507526584528661,2.017404921694043,0.5787773144663401,1
-0.15622603703802637,3.1996740428128305,0.4426755246099445,1
-0.2647199381124021,5.218693482228311,0.3065788915470501,0
2.9155800349979035,2.212218882031636,0.9090962838796603,2
3.485526342594394,3.368515293745191,0.9215293877323085,2
3.6125518295870394,3.319478584673217,0.6783780284458716,2
-0.16501764010981693,0.736838614284746,0.6292890253547201,1
-0.6716535422058465,5.772261333728901,0.4556504314781118,0
4.039706506978771,3.8043263871891284,0.5875969403464902,2
-0.6067341458246238,1.5065901304433447,0.33469226092224524,1
0.5759504686727445,2.751475566134563,0.44333355422080656,1
0.3183401991334374,1.6559218160159503,0.33567872888451356,1
4.259976002957149,1.7185200907591167,0.9639680855429615,2
3.0802362209911713,2.6408476775388205,0.7623272328463293,2
3.7660003881443624,3.001481445684032,0.6773974628062336,2
0.09997085923500951,1.080749691808024,0.3386269833345601,1
-0.14853181401293067,4.987068932304987,0.3795240832968827,0
-0.16002155082537625,2.2604926201270503,0.46523780372595613,1
-0.08739415754332691,1.0161239357531437,0.29359765855558617,1
3.60632303809867,3.8958018626659223,0.8259804790603094,2
0.7581582271581024,1.2406291843020762,0.24187665534123431,1
3.093701473014382,2.3211566339189775,0.98310735462117,2
0.6314370946684467,0.9116814071102887,0.24903209573357116,1
0.5985645204183013,1.1366129310830786,0.31835739647056427,1
0.31709246581775286,3.6384124502781106,0.5824555167796321,1
4.134654144145925,3.346315990312637,0.6656473095170221,2
-0.22747736969045637,1.9488934558448925,0.36598138964001076,1
0.3161574154555878,4.862366912587622,0.5657253801718553,0
-0.518511167592565,2.162092618572779,0.5058972279720083,1
0.16659725084604982,1.2979214202603486,0.45026923093171606,1
0.188640786403021,3.5597914859824074,0.6271746543301437,0
-0.041493694480543304,4.328454081578992,0.29033571629797233,0
-0.2524964544962802,2.519340823586045,0.446256386778699,0
0.8536004550279431,1.789740368298661,0.22422454892466004,1
-0.3006487461961592,1.5434798510185848,0.5715040857759175,1
-0.1899444335200209,0.6072263505590761,0.45203604890763077,1
3.902825516446836,3.6804003004888495,0.845749023195031,2
2.789267656421737,3.9234104251532496,0.8811820565166536,2
0.4565375606420987,1.397822136677176,0.5731384318664564,1
3.044245015661564,3.728182195030059,0.7986209442568908,2
4.05309341906194,2.8222504807414563,1.0312403637382082,2
-0.6021418277280658,3.5500205778758467,0.5874586266061751,1
2.4521233434520013,2.872065528655645,0.8022566167975296,2
-0.44130302722464515,3.9276090869068505,0.30202605831668655,0
0.38702369427733535,4.389076277260534,0.4439020406593507,0
0.7659962800330796,2.210189924014175,0.32664967929709143,1
0.6009597518515035,1.6449028709991969,0.32054189304825265,1
4.210492676915024,2.652628945590646,0.7155448678262228,2
0.2523710057371704,5.613446708314815,0.36057291383883755,0
0.2804259526550228,0.9920201684027163,0.39489662868476283,1
-0.08151300856396243,5.447961141855478,0.38517533705403184,0
0.39484771767570215,4.0135577035549606,0.4094598593454167,1
0.02714300173183158,2.3135371342379996,0.5618058438002697,1
-0.09716937847059234,6.274371276821905,0.5697815755222071,0
0.27499849077039035,0.7637150064055113,0.608062350821766,1
0.28499081384672165,1.0192120543965661,0.30100286552170824,0
-0.18894202227194015,1.6037816601685027,0.29514035255502313,1
0.2429086461630795,4.350814770412396,0.17257767465435664,0
0.07521479710588973,1.9312854570244757,0.45826771849342934,1
0.4118822098190448,1.2705615774875016,0.29736228341799364,1
0.44452900408555396,1.818748240747619,0.5293775369425389,1
0.2598324298982395,1.815077293234125,0.6752228723360993,1
-0.13282453363720498,3.819235312517221,0.43666311136448066,1
-0.17548966260970936,0.7921144934720881,0.6451523493982064,1
2.552808902037046,3.3777825618153536,0.818862348228544,2
0.6285264811213617,1.9550070555573607,0.44498236886252623,1
-0.052791056812715675,5.460086256791817,0.12682074447640654,0
-0.4500744406924647,5.32832261194013,0.32436793828008326,0
3.7230062553642687,3.179863341361282,0.8957500817814592,2
1.930628842464106,2.2686111534622997,1.123939212555864,2
0.2920134778261422,1.4636008036833517,0.42514963594055233,1
3.515550329056646,3.7863635476880777,1.025665295750434,2
0.1789619134143269,5.003492958723082,0.2517686039063313,0
-0.30496879953704326,1.6134095446270218,0.45132626585323254,1
0.12548927315876285,3.812316166464278,0.14983188782706255,0
2.275667043820446,3.4777141801511076,0.8934074507503107,2
0.3639133380404651,4.9282688627682925,0.017214505107335076,0
0.9675111117253854,6.3888927599160255,0.39221675835828396,0
3.225404615351588,2.7471150975412244,1.0472182737278526,2
0.44645371549524876,4.798120769370203,0.25403166635157,0
3.3648143004321045,2.1661319140843984,1.052805904896149,2
4.549703760251255,2.725894621989912,1.0680656432437776,2
-0.15218338167419102,2.318541203996371,0.34325076921355413,1
-0.278817880543769,4.933140682516139,0.4196788883516499,0
3.1726151121880255,2.6936349004214524,0.8619872895610056,2
0.12837202477026302,4.928405274116906,0.12845990990950484,0
2.493545978053322,3.079690520049759,0.771572111944557,2
3.1335495957541113,3.038947672255762,0.8129462978634375,2
-0.21941580582350442,1.6107837638041196,0.49871373593003127,1
3.7902838435178072,3.12135023731754,0.818117512986911,2
-0.2484050652454853,2.4749977902086586,0.4282667396503656,1
-0.3798738293297021,2.8421331727151182,0.6391719496157857,0
2.4399290253507093,2.965303495016465,1.0966145166778691,2
-0.43911479008500365,1.465288456543475,0.631985975739711,1
3.443218717604774,2.9664886904083136,0.7933920223806685,2
0.6379416124722778,2.560496782922555,0.5966771346981498,1
2.594005331218973,2.429585583950847,0.37922280006489406,2
0.04520416892242305,3.3892939371113595,0.21797705020159902,1
-0.06596651124813091,2.250976482594298,0.5871389317191185,1
4.080200914633671,3.2769194017803898,0.8058201342259281,2
3.398830546564956,2.890052854074431,0.6337134465832286,2
0.47837183410815143,1.976588127164677,0.5683612802099864,1
3.8553479989174297,3.9429472433694,0.9218367389954223,2
-0.1572411349758183,5.6923081072590165,0.5501497740278065,0
1.9800463082063513,3.036697540710549,0.7331421393539964,2
-0.03792605226691806,0.8641086989191284,0.45131587673846796,1
0.10823908644626148,4.505510854661141,0.3551500082853253,0
-0.14499960115282742,3.8731595141334156,0.618860309799609,0
0.34522431250108554,4.675568068746338,0.403858264022055,0
4.1671145970863455,2.8301740954347503,0.8428876928453917,2
3.4364815485624787,2.1092810748413657,0.6785534288720351,2
3.0545978671276877,2.7573372885147265,0.887852379052123,2
0.26416837437652463,1.6231678382924544,0.35628438817314145,0
4.8183345709727945,2.444837229226765,0.6876821074338212,2
0.15635041325882118,2.034914404661027,0.3267047823337498,0
-0.09835372646916249,1.6784850486976337,0.4424400074101467,1
-0.2346115128735915,4.9966966065732965,0.3685759989607236,0
-0.11558766684559316,0.621565650299249,0.2596526134118252,1
0.31913247781171494,5.949792019286504,0.22895584189744295,0
0.3048513946777117,1.5866100814832491,0.37733484399727857,1
3.4088015063087216,4.214921364297508,0.7862596315393714,2
3.4341209059041105,2.62767327009337,0.9790718681601394,2
0.28726079187370146,1.628618875338261,0.40904898779661236,1
0.33400853291511934,1.6405960089551377,0.7248841860534019,1
-0.22392563891069353,1.5527705606481912,0.6506988557230723,1
-0.037561351906475415,1.2528992254186475,0.22770171883113063,1
0.43380021211637027,4.979849053176417,0.2259529100624562,0
0.16435768167962483,2.920600632513856,0.21259391050916818,1
-0.3435265285146182,1.601676879202499,0.4287436917447264,1
0.45113041249565033,0.6159344836466408,0.8989215855090962,1
-0.2661262043736349,5.256203825030523,0.23701943276135437,0
0.05456313531921413,1.209768897108707,0.5183272507484785,1
4.080603835879014,2.7380603691422003,1.0394926753553055,2
-0.6655361493107823,5.0058796603718,0.4881223798819993,0
4.37592998715101,3.723214542756526,0.9112450722856846,2
0.4666681902708908,1.464581576041955,0.4636687300880065,1
-0.07288140560218817,1.094617018990498,0.44722095574522414,1
-0.6582865138694654,4.489198380578233,0.35968070945145836,0
-0.29938733068877765,0.6667904051260883,0.23365502671343683,1
0.4414351913104354,1.3007773625053165,0.38300354297780903,1
0.5816681476655472,1.3018377929256855,0.47790995041428763,1
0.43188094589150294,5.24012076098894,0.3282761069600622,0
-0.20265393351516772,5.19189820182778,0.15183264997594817,0
0.20025266973658537,1.1048762451838503,0.5488337774388345,1
-0.08961261436523457,1.9574617400589156,0.38510437254997076,1
0.9742922466890297,1.1505115293753274,0.6698367434618071,1
-0.7178516015205073,1.2105078900300477,0.5378307387507743,1
0.27222695362476335,1.0504707381471006,0.32051474505292643,1
-0.10906417608996673,6.608214703869242,0.32391892695281205,0
0.5354368553182427,0.3617687113905439,0.3941773984352069,0
3.727533076767379,3.0145441455752864,0.6855700714648717,2
-0.7560425890615016,1.692760003515836,0.25612242009333436,0
0.23662378937918527,1.697064447946055,0.3722043003773136,1
0.6873455983055503,5.470576359920559,0.3497557081312915,0
0.33459365518597645,4.1458219383691635,0.3757114693855258,0
0.33483917052011836,2.288284880660945,0.5622733107726992,1
4.72993599251469,3.468898343676379,0.7203572107089196,2
0.45424823419659044,5.645341121731491,-0.09147123482075997,0
3.575828636072509,2.3857464313752894,0.7549615726759281,2
2.5468816899553097,3.3682477758638587,0.5669743737838414,2
0.45295883591599206,2.013739671676346,0.5674055907902776,1
3.68742403916641,3.1293888908859957,0.8789671950535037,2
0.15138042689851725,1.204347680560527,0.3538252605904725,1
-0.10602599875543176,5.346547529125331,0.41382240245951474,0
0.1143487141480464,5.150789104608337,0.22620620587537033,0
3.253540862525374,2.355997285152573,0.8361704466809304,2
3.015424633630337,3.0145527323321946,0.7856704898954099,2
0.42309029134201925,1.8939656262480264,0.519204528162014,1
2.9558451238183654,2.5007498538513198,0.7708191543243975,2
-0.7234734289701941,1.5743903174036527,0.42431155427625983,1
0.33525933150923964,1.4910299626557366,0.3113090444222404,0
0.8034933691584412,5.3361842646792175,0.3041128268510044,0
0.33355320891360046,2.142052347589449,0.5418123751205673,1
3.290732133330256,3.334961606620973,0.7030467191029401,2
-0.4559458963606118,1.440829188063089,0.5482850442770641,1
3.6284987227929153,3.292918666134772,0.8369235757861103,2
0.3274578464051082,1.6914608550286316,0.36158290220404615,1
0.1649937851166051,4.652245036175314,0.5409372852657743,0
-0.08536702844643848,0.9674219929523201,0.5714486295222362,1
3.615355874537481,3.6508465456523758,0.7007382536018085,2
0.1493716726814595,0.7708934430906248,0.3257959231218512,1
0.28668227289548376,5.372209655903448,0.47528096349942744,0
0.4245321275685672,1.9125918622766842,0.5887922839075247,1
0.06746054704407821,5.187092080807398,0.5247486323845885,0
-0.4840328722951552,5.303340210014316,0.4921147348272973,0
-0.27028835496631065,2.5596201936144753,0.2512625970866305,1
-0.5083784074399609,2.758834190255563,0.1935823311214757,0
-0.9442635468856478,4.560060134028523,0.2734904074855876,0
4.3791338405853,2.676879172616629,0.9403290968541099,2
0.13606695330531338,1.282983868115494,0.6990640280240021,1
-0.43590210131845986,1.2253648319398651,0.5466782949365586,1
-0.22818760719528763,4.980696711636021,0.42659010356154703,0
-0.3578357101359104,1.2655761979690878,0.47821100354876594,1
3.0744097587762576,2.720743204044265,0.8891688004759215,2
-0.6022022354818511,1.7269526147206735,0.5667941046963236,1
-0.44890199151716087,1.5113645724777562,0.38789156411329995,0
3.729194504978534,2.33713519581509,0.9982913190248762,2
3.3094311516632904,2.274684681227567,0.7651094303661392,2
2.259325448756868,2.8887936536058705,0.7761821905462725,2
0.04810417372092412,5.049853290139711,0.15379110918101122,0
-0.2748316999266299,2.083933271637034,0.5962818628656608,1
-0.23238595055560587,1.1109092608122502,0.6317322385367642,1
-0.339170681393513,4.298099372335967,0.5844283588463878,0
3.487717896495058,3.6289223806051654,0.7242735276502703,2
-0.12526538119825226,2.6633671644233967,0.0510212880662671,0
3.400347333332214,3.689416837798976,0.7564661417051289,2
0.5874037102909972,4.302012072483992,0.4384581950020037,0
-0.31798862634071823,1.3380455733920391,0.4817818768243326,1
0.3873001070016764,0.25299517840968155,0.7066132414638533,1
4.015771853925851,3.767450321665453,0.7614243777104853,2
-0.18059761642775465,2.042704794435253,0.3208526841987207,1
3.0722133126211815,3.199248876850086,0.9469194514036257,2
-0.1735395601998305,1.4954204807326723,0.5085417715589319,1
-0.19364402049549653,0.9708512160622236,0.3710755045549755,1
-0.5214588173479765,1.5695207385566932,0.25064885441648277,1
-0.1969312051506287,1.541306636396656,0.36554892727794475,1
-0.04098149265509671,2.5741484318934793,0.6143174226763424,1
3.4574574171744894,3.7046699597929242,1.0281329784671518,2
-0.08358633815728189,3.0109514765136676,1.0345690071639964,2
0.21099233321109218,4.423635943459953,0.4117036446727158,0
2.977815418570262,1.5979443868078147,0.9010413794127781,2
-0.2022476495230157,3.629471578434081,0.6951574797971647,1
0.16957888336512456,1.1909124789499155,0.5212066466097998,1
-0.10142526857928083,4.735136022959257,0.5245481034554905,0
0.02760565359427125,3.998726379196022,0.6682239261219975,1
2.6817984903967576,2.942399602959685,0.820291035517164,2
-0.265493893040715,1.935265967107678,0.5791627209305716,1
0.1915839436672039,4.114480542493086,0.34757185861267864,0
4.792987587841948,3.2514304408520758,0.9419898316991715,2
0.5551107122674649,1.7183949470121795,0.29922806179737793,1
-0.18361266927156017,2.498068037964607,0.1800247256191909,0
3.7881498265202547,3.40194068140897,1.188478367681868,2
1.0854227728529038,1.445546752430834,0.5540559168804278,1
0.7337977500628234,1.4386961865115553,0.364249450908495,1
-0.013482691345892708,2.095237492596741,0.2654954886116971,1
3.2285662026237314,3.638631564920387,0.8907400551433742,2
0.6061655261392837,5.917189726986431,0.17950386747991426,0
2.8626943543199133,3.430448467938545,0.8106665957361611,2
3.754647661821004,2.6303572707982057,1.0925567386782524,2
-0.20816991965515155,0.9652972326125696,0.6954669725557456,1
-0.8811653412822875,4.8235472477861485,0.31113121840507235,0
0.0011907705450923678,2.94054966238903,0.5146850064219656,1
0.47844185420316665,5.670839141050899,0.36024831949097263,0
0.15052500583479975,1.8982151833210552,0.6995979419712149,1
0.6515072350299129,4.315411935785577,0.38037470107917787,0
-0.41913108170171304,5.896749209924996,0.5854442880409239,0
0.1417526361137342,4.043895638948008,0.4714652462518206,0
0.32664486145388016,6.0200995237289145,0.7210938170625074,0
-0.6749116318564674,2.797453323839707,0.3722746709941867,0
3.7354381283692164,3.293945955843349,0.7994720552834289,2
0.22010674552837328,4.710814235537981,0.42658030676768544,0
0.18069546191841757,3.065289006323466,0.4815607070956979,1
2.9294170921701754,3.129799330739801,1.040749784994475,2
3.440792447641936,2.516586004198733,0.8260837443972996,2
0.05595736938812726,5.459181360665342,0.6116466672114667,0
3.8317989342803815,2.963849179281496,0.952894740012044,2
-0.044738841634525184,4.637847881192373,0.40571910324762644,0
-0.2523040764458885,0.9199585188654489,0.7779813757763684,1
0.38472258900424794,2.7851783216854806,0.3916273788322835,0
0.12807514196874922,4.194737146938505,0.2408432819047856,0
0.16525899038104896,4.813433201434885,0.3397675562403144,0
0.03792774709906638,1.1754269076205464,0.3902691114421165,1
1.640100393756174,2.2904133674544394,0.4913773111549335,2
0.15115366686514498,1.5655596623375734,0.5827263874201738,1
3.450342831103984,2.836543859441477,0.5568110493275087,2
-0.024158721502387626,1.809541584694005,0.3936736529040751,1
0.1982135992836601,1.4615531472821697,0.7146541974344953,1
-0.3743449834861313,0.11814308744502511,0.6928581046394767,1
-0.025735058951666608,4.635862572836989,0.5942941546821862,0
0.07393590574415204,1.649867113559727,0.415042069263296,0
0.31039102656246426,5.411580856425399,0.5235866821596538,0
0.031401759844704294,1.4212167212248392,0.5383992070611633,1
0.2517442533715568,4.760744731815956,0.2953564856161383,0
4.512545541745976,2.0445102166330766,1.0479132681722307,2
0.3515856432162111,0.8253449726292983,0.581137171622562,1
3.5863483250594013,3.2401017631202986,0.5478905088643355,2
3.5873924129032604,2.6376692736356517,1.1238305557035981,2
2.88035626634781,3.2161147668609638,0.8737346304479929,2
0.1251462605963644,5.05259012803783,0.6145428811626186,0
2.4904702288041975,2.262598283703332,0.9923422334210644,2
0.2802610200107898,5.409715621196989,0.37516597216895836,0
-0.13935516347613794,1.9169238512376954,0.5556178182521709,1
4.077202393559224,3.262255610554475,0.8465562479683173,2
-0.07226659167161614,2.7230600314741675,0.27249109356664686,0
-0.1683603754299761,3.751664375618469,0.10023120555439333,0
-0.8006960669905047,4.9876699771133906,0.2068147827831748,0
3.6479666201730474,3.0812573008319744,0.7861273002450173,2
-0.5628574340529219,1.9966269806635961,0.5201577925464362,1
0.017820866228460526,3.9071087352530522,0.3342650543314816,0
2.641761526139547,4.579548463998092,0.8589998813284759,2
3.1372078509753445,2.3520259543681195,0.8348453231486312,2
0.22309045604350422,2.3689924925617603,0.5143451922822776,1
0.06275357509683564,5.715927094359447,0.2966150389078464,0
0.5678580088481748,1.9393671390238327,0.21835900183536675,1
2.834294344677284,3.2566524510230064,1.015205228839207,2
-0.4683867017481118,1.892273401476516,0.5659130786797735,1
3.2880832308967585,2.5406333057818875,0.9601159503710873,2
2.731146095734999,3.391292115707819,0.8983948477465458,2
-0.08921027250656088,5.225628968369777,0.23933671297506764,0
-0.6801648806629628,1.4718681431869753,0.5871129588944293,1
-0.009422160088301691,1.4705064002964452,0.18222147736825514,0
0.35714219758517907,0.9978310868530468,0.4690237027702443,1
0.2749697942891738,2.899562248797561,0.45335258324495487,1
-0.29466361108964423,1.7517403983019997,0.5604981039952956,1
4.123143080461579,3.3844766163889313,0.9879804877529633,2
4.201571274981451,2.880562467744078,0.8777240550432481,2
-0.08892779755108347,5.470463383303328,0.16785873430139953,0
0.047679512084051606,0.6824012450078755,0.21675767648487762,1
0.4515637426068809,1.8199914253566707,0.4261178542740977,1
-0.3945879625924734,4.76027777946815,0.502010289644756,0
-0.037294603465731845,5.361079827653645,0.326801369206294,0
0.07594759079677922,1.1704880866701648,0.6492969617316966,1
3.5593741100198617,2.4923416791962634,0.7589372596757764,2
-0.06558416220771685,1.446435182579534,0.3437686503669722,1
0.07782879236652365,4.87430936406488,0.30408426100423364,0
3.9839151967527684,3.9606445836986355,0.9837760869392219,2
-0.534530074606323,4.139674566308926,0.4018139540537727,0
0.08168138531102179,3.8784661375960456,0.2963726039328398,1
0.8239419244960202,0.788465206080057,0.21291221673939523,0
0.36910647281137854,4.875662053977792,0.1766438637624627,0
0.2526437712231149,2.0120731865668082,0.5939164063494882,1
-0.16734451046892765,3.353758054074906,0.3191550266909237,1
4.17274148394196,2.6108657260268093,1.1292059606977332,2
0.21034960255005947,2.41757159586175,0.3740590099243175,1
-0.3122617599423895,4.789183263872695,0.34819639566302174,0
-0.09582234357483982,6.064125780109491,0.3276299253405638,0
0.026817029795913563,1.9797943441897499,0.39687829690708826,1
3.162105005374336,3.7669685684756917,0.8408725719995608,2
0.5964404262879504,4.618546571566965,0.26810959994701006,0
2.412529940125008,3.1020672009925776,0.8447232866844347,2
1.1124988933052469,0.8731432062099311,0.16800637911841743,1
0.23597800278174527,5.158976268299913,0.4201416035259797,0
-0.4125898175642977,5.534683174274766,0.21551216890292124,0
0.22937899734215958,5.299100312194752,0.561785365056479,0
-0.6390478916673826,6.192110017679873,0.17060684899166176,0
3.6372379007889046,3.2729451599716044,0.6178742559921658,2
0.37929858545512807,5.892485608994713,0.2928604822681261,0
0.12532440514254867,4.895110929055614,0.26336986039711807,0
0.8467723710697651,1.3038464854921537,0.4744007958781079,1
2.483249665004747,2.725839096519154,0.7049078334558064,2
2.8845703843542214,2.0072535592330896,0.7867323146007601,2
2.9359560500083566,3.4553890172760675,0.9172117511519338,2
3.025904306070098,3.2523220235424417,1.127216365615833,2
0.3160071206892563,4.349733958070928,0.40147275798233145,1
0.7577869733399781,1.6579294932792712,0.3100237550153193,1
0.055012887557194676,0.40401067186005957,0.23666482477396897,1
0.02864735708411202,5.528984408691459,0.4356418541905809,0
-0.3257611283972763,5.120523141391285,0.5899563490640268,0
0.09763937740095463,2.1286933042166147,0.3086752772487921,0
4.058790366122812,2.812275623277365,0.7331792907094916,2
-0.37830865842931105,4.991405962679364,0.28564441278610014,0
2.647607047104943,2.6904114063905524,0.912530959388506,2
0.039527688471833695,5.492634678569091,0.5714560068306662,0
-1.5216200339040935,1.944776815539814,0.6556711571013136,1
3.9331184607543563,2.7639462351585626,1.2074574230556168,2
0.8589992263958557,3.9967818780571864,0.2001595435631613,0
3.338908775118997,2.7494723602472475,0.6769799198220827,2
0.6270208880419725,4.615378750796317,0.5299970326921917,0
3.6157831847154487,3.1492107596257957,0.7688234397748784,2
0.5697424058059473,1.4144103151018004,0.44008314090719897,1
-0.3283933922416348,2.017131955716436,0.6555775253466982,1
0.8649375727187815,0.430505553193131,0.42052306283607466,1
-0.05915828540688531,1.3971238797801668,0.5155475466490655,1
0.32049778186441946,5.089485641075745,0.33036795419819265,0
3.2546938829866736,2.830344403422379,0.681865453934776,2
-0.5819102976912177,2.0262736553673744,0.17355946406284867,1
3.296530414343208,3.9054665812446547,1.0506151161873127,2
3.4060814001924657,3.727907513034954,0.929933758034056,2
-0.027563990556396453,4.870698601230483,0.13217870968747564,0
-0.614106019136621,1.8328800270039012,0.7922854374771258,1
0.25245788371394196,4.387312285912432,0.3234386164236759,0
0.05807908064216016,3.805465391328756,0.293132173608061,0
0.58740090875416,5.305379795877461,0.22424571799987883,0
2.8936714336883433,2.0846758534388745,1.2206870567366845,2
3.0296565575147425,2.752126268538412,0.9218768739117241,2
0.1580096689889975,2.8764002752257722,0.35585591327901717,1
3.0967400837717194,4.006320305979658,0.7847291878056948,2
2.842560667797794,3.9433253284586414,0.8663761048825479,2
0.4240188469600211,4.129314351316932,0.5243711547239206,1
3.2640410829927475,3.1855695619281557,0.7625497227451006,2
2.1729188271450717,2.221101279880358,0.9800161997776919,2
0.5858817934964984,4.940935398096379,0.4649640068013051,0
3.669681681283102,3.3659656037605687,0.8384924366942345,2
-0.2011560600315978,5.158140453563396,-0.02824072021930646,0
-0.14635225916919237,1.3759318356062062,0.32999460159715127,1
3.5162476023935585,2.745873999965532,0.6161795845873124,2
3.3587083084415084,2.746405182829727,0.738936102896931,2
-0.15420948177744476,4.055988095924571,0.5045577040833489,0
-0.21124219256900265,5.221180500906542,0.4737898744527414,0
0.5945949525986551,2.039062697897386,0.4370674352988821,1
1.2274819486800341,3.574451968695314,0.9881833000597876,2
-0.48960476064398994,5.272071529171123,0.26303636623993254,0
0.3970692217475864,5.845792479829685,0.5052690231012438,0
3.0967438538294454,2.132689111352806,0.9042871406095789,2
0.09010788880601868,5.4854097201651255,0.43591870433144375,0
0.20893545218887433,0.8448607641105603,0.23009206734351062,0
0.07697941190473616,1.2132429897397858,0.45491604563336724,1
3.510611325417129,3.198925769765287,0.9875565170139258,2
0.11242537055957258,1.4191163594171654,0.3642824093018623,1
3.9830856529738274,3.312401386785768,0.5193961369732988,2
0.15230233829917308,3.654808470703993,0.0258044170546457,0
0.29301348392847404,2.0539512491375493,0.5140800125277458,1
-0.05801874086782699,3.747237468019228,0.4568443994981796,1
0.03207201112912039,0.7594408537446415,0.058020467952644816,1
0.5488529288921905,1.71440035888713,0.40153863859844635,1
0.5342281822147026,2.235149629722581,0.24658331937359873,0
-0.41347682201561203,4.93773778403142,0.6506697595909614,0
3.0975121703749458,1.7296969872029302,0.8484640903274163,2
-0.2892673755317572,2.239927496416566,0.6029977030501845,0
3.1549295812255527,2.468025232709245,0.9625008541905522,2
0.5334171485221532,1.3704939024562237,0.4906957779429317,1
0.4598385569342429,1.8184540395014928,0.3787312082333095,1
-0.45155413887999063,5.924759719360532,0.39260978105967836,0
1.4192601507716442,2.9828515490333563,0.7898330093105606,2
0.3494103195303435,4.9443334771358245,0.39481061727825617,1
-0.4435126317642043,4.324223223385674,0.32384304388941487,0
0.008755184582040026,1.7133970653117534,0.5816552050612166,1
3.0832499215722504,2.8262920653542327,0.7490026711542157,2
0.1884044927302234,0.7437781769769345,0.2819082659092954,0
0.4667724936245571,1.9343991691527747,0.4534656519001097,1
3.628796930311927,2.3708141527166413,0.8689477124550504,2
3.5857970810324558,2.4062351326311244,1.1635322030705753,2
-0.11273793975883997,4.490498820634853,0.19033016913505674,0
0.25268714033601414,1.4675436336274894,0.5763769662354294,1
-0.37009097499162136,2.320861963693317,0.06398047278468355,0
0.5642630133232165,4.359821811680077,0.2670960569324754,0
2.2036624449501256,3.492287171749858,0.7879211735335968,2
0.06677146118365317,1.689441893901418,0.4250330985795094,1
0.38740347265531105,5.080914273156652,0.2837588884799567,0
0.09363066430892435,1.8701993092523348,0.48726969942119946,0
3.4518938689797105,3.155358256935414,0.9305211203837356,2
2.8752175440379975,3.8601801652907266,0.5710505439175302,2
3.547148783779384,1.864413088539222,1.0728488682771158,2
-0.2739358674289646,2.098547263129478,0.33729172459756884,1
3.465569377896868,2.9101741067855973,0.9531015157120247,2
3.8897415254360164,2.1047387897127816,1.0442810609004467,2
3.2598927829338002,3.1613104718405953,0.8814023286002033,2
-0.01801764720436958,5.2316405560225645,0.22923727333312857,0
3.9022898178688212,3.497196072910639,1.0566321284419862,2
0.017504611375974064,5.037508737391886,0.3046847436608889,0
0.24669110087432522,2.1826430679456834,0.4318468453485654,1
3.8635856297669746,2.757777939601256,0.9743723552589313,2
0.04632386073632179,1.1470947873845523,0.5741191701929576,1
0.08166826089544758,2.4239334978510514,0.6285794465576515,1
3.7817209006257047,2.6719043081367926,0.6102916762106657,2
-0.15364930360380014,4.548437252908707,0.2903977952122833,0
3.3082527920402254,3.538791328670443,0.9574889784250872,2
-0.014743504381203004,0.737168795356579,0.3604541958148327,1
-0.06857760979081097,4.227727568378626,0.4656877121376817,0
3.2676183809423316,2.987159101254481,0.8474079795908056,2
3.797992400859706,3.1872063075640296,0.7434667389392325,2
2.894610113000998,3.5333741177203,0.7674379019252904,2
-0.07347758655063717,5.269607840719193,0.2854358451798926,0
0.9033892043926798,0.9553162062178723,0.33880814935863984,1
-0.1268411330295863,4.357252580662994,0.22247986959235722,0
3.615483664347577,2.268106951943494,1.1842767379657342,2
0.0578917537682799,0.8478465382367932,0.3936024630972201,1
-0.22443565239239893,4.530297290222124,0.44378817181940927,0
3.7719517417724164,3.272474787702153,0.5850426004082829,2
4.262666636849771,2.5844790693869983,0.6711937683757102,2
-0.6864428851084503,1.3074812444612016,0.3175874862310715,0
-0.2408821438870442,4.870628547055516,0.35951052662907385,0
3.616373014284723,3.8059082669132387,0.859683761432358,2
0.48253092149041193,5.152178577475915,0.29305632549847493,0
0.43891417541667277,2.3711590346138682,0.47117096878179593,0
3.4805045318069876,2.7712230235172544,0.895270113551647,2
0.07286825108484067,5.71350210765622,0.43816673418344726,0
-0.43787568009998123,2.065888942260476,0.4600790484143546,1
-0.0800619679370913,0.04853633904922727,0.40527712107001496,1
-0.17682607946587672,1.0321462742653744,0.43831235921402106,1
2.433288248390614,1.6815182346019693,0.9484587535843221,2
-0.18217529986909484,4.889807120753938,0.12893616479849032,0
0.3284885949838301,2.650110486814296,0.49206967304087545,1
-0.2610456229539868,1.6059840873426054,0.31699197389424577,0
3.8468759603533846,3.4198894338630095,1.0632543824927272,2
0.16704679421175128,2.174912229602296,0.8192542525777236,1
-0.020781908360311182,5.225078677991662,0.3780776041232876,0
-0.10825069861610302,3.3428917225596773,0.11162430732330042,0
0.17484284005003675,1.6942123068387531,0.6680502261110928,1
-0.2637982833270469,4.785791091163526,-0.015289835798689866,0
3.7295606707048043,2.1948307174945203,0.751235329285435,2
0.5582649605145178,1.9936132426626187,0.22146032839977503,1
-0.08203507718277359,5.220083431449943,0.3445161141813173,0
3.3229881793597444,3.3377039977929623,0.8277479231788268,2
0.581431221813384,0.755357867779891,0.4560495601333716,1
-0.7125699598206525,5.0990296374226425,0.3656520847701772,0
0.5525831185381423,0.9284023383249805,0.25729083503737993,1
-0.13240973368323225,4.529512561763599,0.37890286134576306,0
0.783963472563083,1.8337230119916095,0.532118271146989,1
-0.3738220241127683,6.168820497871278,0.35036987442312795,0
3.9875171034768755,2.7462765987995374,0.879042474215048,2
3.221161502613414,3.553826896336057,0.9109141028273,2
0.3373014257111238,1.530678570688662,0.392207512455541,1
-0.8790922204417655,2.2614679622418965,0.4199348059958458,1
-0.3249430225244143,0.40683522512762105,0.17220223363966128,0
-0.003528586761261602,5.618846164965451,0.27564410801376504,0
-0.4840948487646699,5.196534949307718,0.49344740591870717,0
4.239821347971078,3.016881307320753,1.2644026799097252,2
-0.6655666796785337,5.133369193131851,0.4626867330176184,1
0.02893559691818945,5.138273848493084,0.4199027345020076,0
-0.18307079719537322,5.857180744203648,0.3687450786187527,0
-0.3836592531517117,2.592788870231268,0.5283076101446822,1
3.9113412132870717,3.201190353838385,0.8770457577006254,2
-0.38245428118341573,6.4667493563040495,0.4136396277734068,0
-0.0460753315105916,4.053531587800188,0.3265979510865117,0
0.5028339568421383,5.311462486859685,0.4880249091636003,0
1.9258772541384621,3.5859039534378985,0.539179732585527,2
0.01802701030335685,1.1945443502753998,0.391951782343668,1
2.9659318989677397,3.2161324321055407,1.0347068981907486,2
0.1157497264784301,5.58419980298636,0.29430810057138734,0
4.198665406958133,3.194440502076548,0.5498478276409686,2
0.3375500772935698,3.6495725398418575,0.2598878104042148,0
3.779849532110488,3.6961550847649587,0.7979868828771263,2
0.6748103592538959,1.577827098549866,0.28474771801069787,1
2.915956523946076,3.6082002515201026,1.033256220927993,2
-0.4568458947674454,3.8678359042040733,0.23295671983658406,0
2.734064739907046,2.115656819441433,0.845633217830596,2
3.332817632417623,2.616483879749905,0.8265585494942436,2
-0.7051910628104155,5.653226393490726,0.264939224942717,0
3.63945535900444,3.5522108398631644,0.6310022802731208,2
0.3421618019050987,1.7363198814950058,0.26962744521280607,1
4.2496382920084335,2.013237558991869,0.8185737714346154,2
-0.06139917317769236,1.9110210019644716,0.4587913376057689,1
2.886085716971504,3.1957622226336615,0.9867265790297364,2
-0.44378222217848795,3.8552536935315276,0.3232099505849669,0
0.1134378533307398,1.131978010615515,0.2775051329080333,1
-0.18200913570892074,5.125012993295598,0.38839657196281563,0
-0.44770009688825757,5.256103331981548,0.4629514881596218,0
-0.07737176729401427,1.3648648161626955,0.6145831994507738,1
4.1904032942275045,2.753070631018351,0.742847232507382,2
0.44329542443996495,6.473239581116293,0.5013451546423536,0
-0.22511078833220818,1.8271940670303817,0.49348667610564945,1
0.3895890976277472,4.219122567895288,0.29555835433658995,1
0.09077277752009916,3.4231986246400714,0.34161297469177093,0
3.1085709987089545,2.8470496683800457,0.7188778991971712,2
3.5776837265678387,3.098409573984367,0.8897978305672328,2
-0.18221517891138442,1.0769801636861827,0.5442495068612695,1
0.2428646944576201,1.6144523879752872,0.3377980974242397,1
0.7987149546407807,0.47010921539495554,0.4210527948358966,1
-0.6128460327939316,1.3544516479609856,0.3074373332581064,1
3.34075910056476,3.3243784357071515,0.9207292726262859,2
-0.10195984619553805,5.230657455345924,0.5346795920969794,0
0.34793399966973554,6.07640780139718,0.2621277710496026,0
0.7502834775388894,5.476879823664782,0.371693585138851,1
-0.028535999400161285,3.8637201515154187,0.3595075088956577,0
-0.29135612529668403,5.676218637633676,0.4405672204329438,0
3.6904370536609457,3.032498016261288,0.7388979491990841,2
-0.09701697191860187,0.9136525551701801,0.40320202738945177,1
0.3373715494622212,1.2868030842427027,0.47787525874931586,1
0.0753967291865473,3.5203500237851357,0.3787176073936029,0
3.4115724199625257,3.6147370495814672,0.9632010011612723,2
0.1247356326899403,1.112336808944043,0.6181558895767385,1
0.19646112835911977,3.9252999900708767,0.49736103490379935,0
-0.029788552464039914,2.000410248884207,0.33274918914796686,1
-0.193756227257136,1.1018447768395925,0.49606311862843516,0
0.040083482719441656,1.6084721637978732,0.54821868925022,1
-0.21325135602000825,1.8444894673546202,0.7211640331160352,1
0.22134578080863615,4.751638285840142,0.19724936826833991,0
3.644912419437429,2.730049652279169,0.950619470337752,2
3.9033524081309574,1.8139070586314456,0.7757177352992897,2
0.5272012427719368,0.8022305501512259,0.32273137165605137,1
0.020417171335298388,5.0064193934874135,0.2734528238598951,0
0.18301677360191249,5.346998087478828,0.19787581021175488,0
3.151511991178219,3.0420619941883813,0.8541932000289033,2
-0.5256819605387875,1.4064255976795432,0.47097320377773166,1
3.6192494628365273,2.181194204459675,0.8421289215905425,2
0.41642079102232155,5.253165023533549,0.35917816471848335,0
-0.030552407469134225,5.12662882351886,0.2824664670445053,0
0.48163495983099774,5.969786893941182,0.010799307467270591,0
3.61619045128547,1.6306189829404258,1.0703837916599863,2
3.4140121281755893,3.2235118002550025,1.0541179533218712,2
3.059841912496016,2.693499178513154,1.0063727440308705,2
-0.49717333876422737,4.750860520517164,0.33295147362514393,0
0.7396492963346937,1.4758186817077463,0.4183621440289316,1
-0.8410402767684089,4.461168281682205,0.4233752950755305,0
-0.21853050572476462,5.492519984396918,0.23713460710821255,0
0.8147488687183264,4.822571839137286,0.24930386129433707,0
0.03567927864502855,4.517759435708779,0.4201946038439481,0
3.39268966730739,1.7850279990640698,0.6117446127624127,2
0.38881078334257757,1.5876195857743545,0.07458744251431038,1
3.736407534963916,1.3665275154048366,0.8749210919617496,2
-0.4598965821471572,4.311760126246709,0.2831785408760721,0
-0.24129560109725343,1.6072484430443281,0.4804982390892475,1
3.1578090894182327,3.0901435995357893,0.859221352108355,2
0.27698573654573105,4.6412069041703194,0.17460271023702964,0
-0.06005913280697557,4.939983696202825,0.16890280014174272,0
-0.08279673353009259,0.795886615846275,0.1409702179174951,1
3.670960805294652,2.6095569003731685,0.7968136817894048,2
-0.2632857195368411,4.102495226932598,-0.021518810031563085,0
0.20043600372350878,6.026391675316458,0.3683121315550311,0
3.351699195988564,3.527680312086682,1.1499633747937028,2
-0.4217520780981665,5.522423642636424,0.23684257109535456,0
0.2238459215858556,1.6925619869541433,0.4266273667198179,1
-0.11517507798426285,5.186876065009261,0.667520458244578,0
2.1467407710925683,2.7175954582445176,1.0046406352054487,2
3.3967339817250304,3.8728497212223534,1.132114171930397,2
0.7117412503043912,5.688663472251935,0.09437787969900174,0
0.34373462953464606,1.8222775570958474,0.3769360264575688,1
3.5050105758702848,2.5867833399328592,0.8033542800270891,2
0.2610064838941286,1.8166844046374813,0.23901199689413863,1
0.45859986808006636,0.12978678898253437,0.4167639617113562,1
4.195497402602186,3.747816729526334,0.6588218689172304,2
0.6445172497756931,2.3074084962275716,0.589249760006435,1
0.027927380348607367,4.284946855534709,0.18439615497914216,0
0.267497361048558,6.393440837949568,0.2907133511857733,0
0.03486102815374443,4.185181389741421,0.32734639775445723,0
3.3484428392416423,3.4537720371613374,0.7868454481206257,2
2.7512255194199193,3.1976061416288832,0.7121591024220335,2
0.2640773480188654,2.6610655752956927,0.5179475294560625,1
3.388822071097747,3.411534273862752,0.8106649645925716,2
0.0942923289621769,3.3428066399365917,0.4560461548995372,1
0.4579720246262242,1.494895851694731,0.4922610822699433,1
-0.05928915553724832,2.406313611809042,0.3895961464154237,0
-0.5135415547434555,4.619598091459486,0.3368885197637702,0
0.40073248450461246,5.320402365490216,0.40184305169771684,0
0.07516452071428505,1.6946511902613195,0.6900970435324685,1
-0.060480370244136744,0.732710351309594,0.27823694629371953,1
0.44343621837288016,0.9206149034008113,0.3217787441093982,1
4.52578716091011,2.4885791255747995,0.8091768433541142,2
0.4933368721803187,4.794612336925946,0.5267452167414817,0
3.3693592410568165,3.1498837560188218,0.7095374951704034,2
0.17012815542219284,5.0792115595898055,0.2716377907433736,0
3.732056395461048,2.0866156905217887,0.6719520381118216,2
-0.1167518423268078,4.949581618096087,0.38238289370533957,0
0.030821330061868754,1.5572755941150884,0.18674536341919945,1
0.020303152194214275,5.735833059240004,0.18563121513996345,0
3.468879760837999,2.22942850894233,0.6998770808524574,2
3.870273767911841,3.1413945527923186,0.7950778238798222,2
-0.40374850998638534,1.2978883548124067,0.38238895840458725,1
-0.7006824006902135,1.8087143154636622,0.3489878640660191,1
-0.5243883342891561,6.254932717662517,0.3711671745058389,0
0.5800120478847524,4.05417490405073,0.8261197907531411,2
0.22504795149394516,4.117410977251521,0.43426972464916974,0
3.6313161835540826,4.054841616437295,0.9341020990135076,2
4.073749623289259,1.8509206473936202,0.9996263179494344,2
2.743164066613942,2.535438046557567,0.8164500142294834,2
2.8813290900438076,3.0229127365478576,1.071619912837388,2
2.9535049432516702,2.6491637785363,0.5849072193997601,2
0.031275814478930394,1.4266841129781989,0.46776893231088307,1
2.9340568107337006,3.828018950306995,0.8801045478478542,2
3.630865219096942,2.2065573115783046,0.8977759597902062,2
4.4559616192849125,3.5248339094412806,0.9520861239477808,2
0.35615283830601907,5.6479475940006685,0.30924049401954373,0
-0.6478926647819965,2.025959831493989,0.48119844943874335,1
0.4793474277493839,5.011469137740608,0.2557503748115673,0
-0.08009333415601066,3.270911125899713,0.3670846357997719,0
0.4165625182076501,-0.3943155796127302,0.3513056494476849,0
2.525913110571354,3.633773090247674,0.9096291634859731,2
3.696941747987935,3.6187409430444006,0.8459854898309442,2
3.0869861785574066,3.5718212190586547,0.9194836684000202,2
-0.41733548061744064,2.7410535641308282,0.1262146305960312,0
3.124643419059684,3.505300031837642,0.7818663742275596,2
0.4969749146102763,1.491965966250734,0.423011225323709,0
0.07892536491610663,6.155289762505004,0.24278472067856494,0
-0.1361361931531613,1.529132842065438,0.508233861882762,0
3.9720210740745423,2.4692830620427832,0.8964591161486749,2
0.8043325359750932,1.4372122060349584,0.26000520073400857,1
-0.2958603864657454,1.4577122213259917,0.38102085885177134,1
3.8075594279127127,3.9859627966115605,0.8233965177040136,2
0.07738614839529576,3.1425321783039557,0.3109954738268343,0
3.1417635494667078,4.043395086196112,0.9116247944686225,2
0.21423815873761903,6.143815852730814,0.3110424654477574,0
-0.6421818796156312,4.411780224497956,0.19878402398593578,0
1.8679783701086619,2.3472641927344453,0.7473636729227134,2
0.4337534525043225,4.690707189069769,0.6362896807536047,0
0.4605848539327224,1.6911651638999436,0.61609772797739,1
-0.25104895605979627,1.777366034424279,0.6207624639540564,1
0.32910424833166574,4.230287017447692,0.3500335921993682,0
0.03038496945540549,0.9811346110078817,0.27794837774338765,1
3.9790680788057022,4.191127691301931,0.7515311619546907,2
3.8702448002052665,2.2540390748164265,0.8269053429045325,2
0.5029950630357822,5.904421295629849,0.35462107024969247,0
-0.42650814855484054,4.344567771538864,0.08159891315126239,0
0.19220504950614886,5.750743086064148,0.3505975222436125,0
-0.4443573571344782,5.581753224279841,0.13706015548160339,0
0.29201566048402694,0.8511358121593837,0.2306834317206878,1
0.5097852519247806,2.7791626719740328,0.5339778794377326,0
0.8110179533910601,1.5187816756905559,0.42719716415509534,1
0.46225836132151854,1.5761598966022787,0.6433697753156167,1
0.3625626261959889,1.260237502684108,0.6943977776162418,1
0.355159527573486,3.7336606698260377,0.18304038482192334,0
0.27322557869652764,2.1040582565847994,0.12781639541417045,1
0.1565878371481506,6.375806060920879,0.5590596559412077,0
3.1096091573014517,3.946193062008189,0.9888879070009671,2
-0.33683947588855545,3.9861786493018156,0.3335561224268426,0
0.05314347306689926,5.968815407499362,0.43667747970018783,0
-0.3227081808010077,4.938013780534491,0.4004113118758019,0
3.7500564148104334,2.4440938407865054,0.9935291172588524,2
3.2085498994232835,3.67647262027353,0.7388594329475316,2
0.3423573221620855,5.011866710371776,0.34836437702756573,0
-0.5382632317218559,4.714594265675373,0.06690260535218917,0
0.06920147481921676,2.191567823389076,0.347977145137227,1
4.073306365544298,3.272497109706119,1.060020356669876,2
3.396325503280827,3.718935235920772,0.8071687562039164,2
2.5745264218788733,3.1376728504823266,0.7935644085854041,2
0.1302014372953128,1.8807448694696807,0.6330644864383298,1
-0.10596471391859746,0.09525900358205153,0.3885065254029396,0
2.5552842780966936,2.524119201831638,0.6713881298894993,2
-0.2740073771740257,6.434491462085997,0.2318416350101721,0
0.09051690689737456,6.570842266835053,0.4002740849802677,0
0.37422970829635016,1.4980877546239646,0.6405916186103312,1
4.044284106997071,3.3919885885287244,0.8215639456776016,2
-0.3098543006019242,1.9076781808017695,0.46265602541490936,1
-0.007420163729889809,2.202158140997476,0.48678537718413545,1
-0.30924725184467794,1.1951156855551623,0.38243724687908576,1
1.4745099032479922,2.031494199021096,1.2143402107115355,2
3.5827830964571947,3.2571139774482556,0.7455975669172049,2
2.0966206012955624,2.3758353739739855,0.8171404308258139,2
2.6808771704527334,2.844241966914438,1.0317141255448645,2
-0.10217888386141089,1.8876209959320296,0.49864148137183056,1
-0.11221699434791299,2.686130293095898,0.506557841831368,0
0.4732334308260724,0.8795454672450962,0.38994934225909095,1
-0.15106206003790787,5.077172514247499,0.583866687963218,0
0.22061580770207245,3.855049333411398,0.061517557068537176,0
-0.2021997793468425,1.087485961615196,0.6807601111834866,1
3.1333144227892853,4.511228459576678,1.1170937433875823,2
4.341904038510301,2.272281930415054,0.8213355097032331,2
0.48438949982798907,0.9208284832189354,0.1912627524121276,1
-0.3070952074517528,4.390683808851389,0.006306078967390216,0
2.9457514546016084,2.6891573085589973,0.8253010930435144,2
-0.20725362266674294,4.569410295940169,0.2919809993214011,0
3.496631921942949,2.088652007238671,0.9215278096355554,2
3.985965171720317,3.0860573622223946,0.7260452072101197,2
-0.15689184453760954,4.854613169907275,0.2087927770791102,0
0.20946395405893584,2.0452593768244083,0.5467600989761334,1
4.0373346513627055,2.770526748797664,0.8571747646542807,2
3.967070721116847,3.2600714650196885,0.8020251603807881,2
0.7403631967555662,1.150484119535292,0.4961278321875913,1
0.41790340898877365,2.5032043188564685,0.6742821746802855,1
3.884910451578893,2.6828340214573547,1.1353424710530957,2
0.1559782397533747,5.059910067497246,0.1587791577090685,0
3.273710015028405,2.6358881965012415,0.7703163122382044,2
0.13772660851137247,0.7634866307107755,0.4195840659176196,1
-0.046568960011912124,4.792988470502097,0.27544212697464765,0
-0.720408995410439,1.9734874004377527,0.16443608915331098,1
3.2585611403544323,3.029998579756516,0.7519512942510554,2
-0.22712313687364216,5.410034902719522,0.34294348275522785,0
0.5817240407185963,5.343056804809718,0.18784818953561594,0
3.2240439217532546,3.642619988833602,1.0603591696768655,2
3.1962545182882005,2.9974788507653063,1.1058043534769626,2
3.763232986627276,2.8106668426846224,0.8492622887400062,2
0.26465338136294003,1.704421605907252,0.3750626039532242,1
-0.4224702860951153,4.414238171760139,0.36960547258863546,0
1.7261861185860206,3.987212971362447,0.8147252682623354,2
-0.20712210613204649,5.408722703269266,0.15805282274761354,0
2.9378999515265107,2.758876523114445,0.8013668822614726,2
-0.0524949149091494,1.39641915545298,0.34386331634722295,1
0.2074671700415341,2.0578641110095273,0.4265482099467326,1
1.045592476816076,2.497294022386466,0.7464283432650367,2
3.2017185352076734,3.803489205094525,0.8468180537624931,2
-0.274074351364203,4.977393797361408,0.34248791017152996,0
0.5886835593447562,5.5218279965184225,0.00036225477110191084,0
0.37548509782190786,1.8048688616683526,0.4289728209583714,1
3.824701257911231,2.483579118532806,0.6945761887027124,2
-0.24031309945126136,1.1356049018113084,0.48015824809658547,1
1.5235658068660074,2.2529515272549134,0.920390170375545,2
0.08807848725942374,1.7622923415238074,0.409185840377375,1
-0.38991635103913624,3.5953936839106717,0.3823855805789341,0
4.065142170764933,2.8529378468605016,0.9922974844615156,2
-0.1247384451671068,2.2895312731168214,0.2582270839580652,1
-0.5745409828156642,5.440102784974304,-0.00697214236455429,0
-0.2936959790766569,6.521600293605903,0.44848572466297365,0
0.15830606061004945,5.085181043603862,0.6038469528657313,0
3.370139414461734,2.8337550142882413,0.8393259169087076,2
3.2964920540966145,4.11046868546144,0.6751038721479308,2
3.5513452583742935,2.7663961753970048,0.6524748873155255,2
3.5343140999663776,3.6373147845763145,0.5991721736385802,2
3.0970065515949083,2.6900804988240674,0.9547981758349862,2
-0.13613433043752313,5.000237243419639,0.33377545472159537,0
3.361213845720216,3.2266111670399984,1.167969782168411,2
0.011169777071790357,4.396824091767673,0.40244229965425776,0
3.566749709530686,2.551145410290802,0.8937488399783569,2
-0.30380990130391106,5.3646336504426815,0.11018874748757584,0
-0.05498087346673175,1.545772822022364,0.5617878343227307,1
-0.05472974417829235,4.614814404969603,0.1859181157036081,0
-0.14657067225323567,5.871417797544879,0.40730505585740157,0
0.3760233359234665,3.3390276176863276,0.38909562683809273,1
0.31487192581669443,1.5310115889783633,0.30249677144479437,1
0.3499271292215501,1.9024712868186737,0.25994143469024,1
3.3969573134806983,3.421544876373833,1.0555628110949953,2
-0.6007023667159532,2.0644163734717234,0.2732730468998585,1
3.716425201259987,3.2703997127796787,0.8153151143214088,2
-0.1866475872702582,0.9157183773218412,0.24957677524967287,0
-0.19634169059226428,3.4091971124354443,0.5002329208681894,1
0.18371653870075538,2.752652281888349,0.40288308913753706,0
-0.25096196527300335,4.339966432887946,0.5317063582694399,0
-0.5222685388144966,4.3119197429375475,0.4644713451064485,0
3.9612405851165544,3.0746256733805577,1.0897166343627638,2
3.6825845005241606,3.1469383810276375,0.7595054726832767,2
0.32942353475097,1.3911829465452203,0.3233986223231794,1
-0.3512486814421811,4.212043099906374,0.2549009805115228,0
-0.1439873685696498,4.767887277746217,0.32633477295655705,0
3.497868531178062,3.515648552855672,1.0683102006589287,2
-0.1352074076147868,1.825435776972803,0.22096347223666468,1
0.1477246535483162,1.608686063347155,0.34085192643254986,1
3.3500986165200906,3.185231036516304,0.7991547923764996,2
0.13811215597523074,4.0301704809503756,0.8627918269053726,0
-0.5208193823559333,4.516824079544913,0.40093898537043204,1
-0.1323445320241455,0.9983521225525309,0.6055751005893752,1
0.20725764272394728,1.688614793297423,0.2951302536047846,1
3.6434948812007506,2.501493685985524,1.0307546613476364,2
0.4619920916791566,5.711190199346914,0.6095776927741938,0
0.7104173366171709,4.462602293056814,0.7108539643099392,2
3.705760558166551,3.009761158630967,0.929367266284558,2
4.022333117837704,2.6318408569571954,0.8841308430844361,2
2.7776704141583544,3.7324515619528427,1.1108197541426303,2
3.044758705283762,4.228200394064089,0.6994468626294351,2
3.682761684688089,2.8843163476155524,0.6490723114652444,2
-0.37538179941086125,5.144126907962876,0.066304377165468,0
0.31345417112203344,1.7066860145651979,0.4581917674365106,1
-0.7990752573942377,3.893567219509953,0.3001068264693571,0
0.2265606723177141,1.7727043869165637,0.1850373223990549,1
3.2092490235027267,2.4446145415826064,0.4491590802698083,2
-0.09129557961008958,1.4704104445947779,0.3336717225932233,1
0.12394118455187367,1.4137243712425662,0.2512077942071339,1
4.17305171193124,2.830566005016459,0.6007043893427838,2
2.738522764021776,1.828934109842892,1.1278436431106327,2
-0.018741957492787994,1.2689091717092023,0.3501680524957469,1
3.667491777748962,4.10394659950133,1.0211187171331808,2
-1.1392588618083122,1.8932352195319482,0.4404410774470877,1
2.9070925444925275,2.805154838950816,0.949172939299202,2
3.755126111202509,3.7310274874709046,1.0349759792297544,2
-0.14468679512690583,5.142935820175258,0.05891726229445249,0
-0.011916866279593652,1.2666890682576153,0.39472421817658476,1
-0.30100884583273824,5.122999623046782,0.3079142440102171,0
-0.14641101748718235,2.307502183777349,0.40970558386762473,1
1.9126255309332618,2.809590926733228,0.7729429807431162,2
0.1043686627226818,5.1975581490018765,0.11724744328338832,0
3.683607712901067,3.0337479240962586,0.7467552808245508,2
-0.4006593767665878,1.3574057766281702,0.5936276666464989,1
4.49481165989297,3.6045888165513675,0.8740779645405126,2
0.45133674693124715,5.688266047533377,-0.06509881339035972,0
4.317381742847772,3.510280622107535,1.0191912713159315,2
4.018200795359266,1.9971196452398283,0.9776260724264301,2
0.06229091310761361,1.5907305317403193,0.5194645395995663,1
3.2545867600429754,2.807035452172449,0.9221431985099938,2
3.016654442159654,3.315185588513978,0.444189455125736,2
3.739631366914028,3.7783785203553273,0.8380935789969531,2
3.9557616389527457,2.614800728861222,0.9680237221586739,2
-0.21097420581143844,4.9165965477468365,0.5431746183012586,0
-0.34378388937920673,5.543498536459297,0.35022010571631657,0
-0.6751160624725983,1.778530286015019,0.5850682429170432,1
4.3327266099161275,3.1578582498001246,0.7294274712315644,2
1.194753110369048,3.1275847145085867,0.6864954176429816,2
-0.08180896280736663,1.6000003329158305,0.34222740222583253,1
2.4267725186597877,2.62207689163709,0.6517111179880791,2
0.2833064878629599,5.620540239692551,0.3500708052183627,0
0.024102598418375587,2.6948533542625834,0.42122313242819176,1
0.05946839087276392,0.8329196221253873,0.40376761077587553,1
-0.0386999564032971,1.9886673809357496,0.5320546663578588,1
-0.31412716810529534,6.559170489158095,0.2519368261133185,0
0.25352942553250774,4.4496391370145245,0.37976527458444564,1
0.47088351496676595,6.467307651489913,0.31766033729902393,0
0.47426975170029606,2.516729539236119,0.5228850026976842,1
3.5517670253518667,3.0779391225577544,0.8177945075970054,2
0.6870774655470213,1.9993864844299254,0.6274433063633048,1
0.0011682252769122103,0.9351662703447315,0.3133315662194842,1
3.33281144664934,2.617577389217301,0.9695928488740628,2
0.41735808071022296,1.3196167934018288,0.5860176400013144,1
0.26234010667715957,1.9296219581760452,0.32849799588429573,1
3.707181042089394,3.185450170472674,1.0001864512139886,2
3.896899729754933,2.591506393576825,0.8084012851537105,2
3.566782707767989,3.405398671954186,0.7304828150996237,2
-0.18335934528511755,4.823361533493377,0.4156441840697196,0
3.6147863205371267,2.5653818209179233,1.3566652361934044,2
0.2062878476680544,5.571113361674502,0.16092055655841023,0
-0.27601571439704714,4.911328370245817,0.2779756575210433,0
0.11205626452607095,1.6162231437939552,0.3684262699188852,1
3.731393693264154,3.7533911511122606,0.9321156657123326,2
2.8335960105882507,3.5310565919270167,1.1575299088075022,2
0.797480827259502,2.333421052479542,0.5494301365955786,0
-0.23576936459475642,0.7662678846428563,0.3646233408535545,0
0.63202263928482,1.0562922911515837,0.2565485853058417,1
0.6014939144878938,1.834704107391908,0.37497875204450604,1
-0.34384374716121235,0.659311554142368,0.9155076608647305,1
0.005295573286002844,2.6320966419154495,0.4582748098805931,1
2.7851378784848144,2.1474636088659342,0.8195247206522982,2
0.035738685453570215,3.790858719383409,0.6023821776323608,1
-0.5522608680440558,5.329656909652819,0.30419170711938615,0
0.5041767531306147,3.2093750173772317,0.49613274155476006,1
0.047340080449374516,0.8359674806811674,0.2409203827110388,0
3.42491217430255,2.660827484631608,0.89668072186673,2
0.32736215993977424,4.69622734382825,0.23440730748119915,0
0.7082560384068178,2.1522739924069505,0.5576771073958117,1
3.986130758739944,2.3292470018538554,0.985417160290173,2
-0.08689982883968939,1.2287450461426332,0.24327174722503417,1
-0.11333308908618364,1.2848629391552646,0.31078685774080883,1
0.542534277392399,1.7762711585323578,0.04478094197786742,1
3.4064172260680694,3.7657583927241327,0.9056810145205088,2
0.10729239885484687,1.2280082933136582,0.5141064068206196,1
0.36404395027996095,0.8846580589498032,0.48460476478823045,1
3.8148305794381043,2.618621030483041,0.6039859366435245,2
4.164536048497048,4.191846345763951,0.6531364486709892,2
0.4209802526456173,3.6845004470102882,0.65398631204169,0
0.9292057612014093,3.8465393487878434,0.4135907116033457,1
3.561364453852742,2.3513942366322,0.7708723543175278,2
-0.08576071256396431,2.2119494686234256,0.45765772601150223,1
0.37862653738301666,0.943466754478625,0.41871789440136165,1
3.3126885903369727,2.7118982494756594,0.7610801150232029,2
3.488303019878027,2.9428059311458092,0.765556190288579,2
-0.32552545677157174,5.144374513464965,0.23355852740480354,0
1.233556892774977,0.8655238432709078,0.3986176458251611,1
3.189103428288633,1.981381085892698,0.6487131106416404,2
0.11781743503149862,1.0978654752356656,0.6806400902360967,1
0.6002038196259193,1.4735495881017515,0.40438412027650306,1
3.8237792071968104,3.5063708403113587,0.807447066860924,2
-0.16328753814276642,4.871450747455787,0.36937512594435984,0
-0.15333506168023503,4.492826699495998,0.4358550412366475,0
0.055795472637439274,3.4093720161206384,0.28857207968337956,0
0.41999098716562533,1.9439832258159768,0.4065801118014746,1
0.4152281606411842,1.3287051929313516,0.4779139531313903,1
4.148128354874001,3.442826717634943,0.8073898059754008,2
0.19585250587606087,5.739345272819148,0.4145214461473057,0
0.20341412705085232,4.056925848601964,0.29899959863568215,0
0.8089947624002325,5.577014464205222,0.5104171082186284,0
-0.001657033977661783,5.455901100783619,0.24859184501767922,0
0.028615264980241348,3.094314139334248,0.2613279755111584,0
0.23147293979859318,1.37866999058693,0.4343442592730697,1
4.045422164959719,2.794865356250716,0.9225098919186934,2
0.5754695928621381,0.8756557572857054,0.37603151226307974,1
0.8415585782780658,2.300959934643915,0.6523347788498511,1
-0.47200782168527217,3.611609971865884,0.3180676376134033,0
4.116223274484584,3.3563644051532355,1.1876407462796292,2
0.33677256175928705,1.2735026703623549,0.6458243799562954,1
-0.10542222080661419,4.413834568722261,0.44949100718967167,0
1.1409919499497254,1.0250504654102146,0.4701019740621147,1
0.19103552782120195,4.26619068625817,0.4706357442024012,0
-0.11741517371488697,4.913708001205643,0.3772739431370387,0
4.588660190521111,1.9050133518233299,0.7391891912042609,2
-0.2508111407321578,4.326671506423231,0.2764148638037992,0
0.31048532863039413,1.8290216803652022,0.5885512819949281,1
-0.3683113874666547,4.0748772186000295,0.4260213201246393,1
4.382992107003918,3.2607916784403,0.6190139645551811,2
-0.03457746838058489,6.207619194159084,-0.09501296031110962,0
0.5980490087950626,1.9195337444799279,0.23962870474647122,1
4.264211128931082,4.5767447329191056,1.102012853236413,2
-0.8496108303515405,4.4479899201483315,0.18879836030253402,0
0.25829514015116206,4.701552524494392,0.16268380539875052,0
3.72524196237576,2.2814114890899404,0.9019127528071827,2
0.5792828288782026,0.645933266530643,0.39624897241093426,0
0.23114944252418335,-0.3787176606295928,0.25122642672033574,1
0.942034655733801,1.8358496218865024,0.49184671528734736,1
-0.2924736963656161,-0.022926349491076747,0.6427893634276135,0
0.031174918623283882,5.891089918385776,-0.06999464538903788,0
4.314406307207111,2.582153691056472,0.9656498142256497,2
3.5114091569150565,2.3071062793642305,0.7486298719857257,2
-0.5052178564718732,5.586912628762225,0.4534384528964466,0
0.1290525598502374,4.455085430362701,0.37211874493679925,0
0.36649618518797283,5.675942913412468,0.5189590174583099,0
-0.03944335960187092,5.849351618253269,0.3136777099468607,0
0.2342086131427471,-0.20559872116172628,0.5158118607822474,0
0.4625698349604169,2.0454225102658854,0.33573399691823225,1
2.596888392330052,2.2087996631828046,0.9779208850835162,2
3.870697045750994,2.8638305582741843,0.8439179560364763,2
-0.20006107248589175,5.425617945818229,-0.01646254327734309,0
0.9864891606967104,2.7601316608447526,0.9499636707528756,2
3.1184312541684296,3.0694132895479447,0.9945884673231766,2
0.08222592216118829,2.5195722222280783,0.47022021349353055,1
-0.07442927224948338,2.6876698516029576,0.1860676528618582,0
3.2319070782797503,2.8750843603315572,1.0532484451512412,2
0.21991794966526554,0.6721803199149587,0.2144726850393964,1
4.264209923286545,2.2694259343437575,1.025893597378366,2
0.6862800371522416,5.074642114054049,0.3602310173904254,0
0.42719683970293476,1.125446651604878,0.328348527204377,1
4.947342065236667,3.071758772744915,0.7669468726113845,2
0.01611276927086716,1.7536124912688822,0.5852568325788443,1
3.795113590888725,3.2074564510460792,0.8534735104105913,2
0.33584003341601626,5.4997386829591575,0.08818390551185945,0
0.7439307047170438,4.43244796787456,0.29463304701158544,0
3.9104863961011334,2.069384290810008,1.0757793998318559,2
2.9487586165856055,3.20783617220968,1.0200759277970675,2
0.002687579198877876,3.825389850430362,0.34470561242169795,0
0.1288996536944811,1.2189188290326363,0.5475347264174318,1
3.0093770256996653,4.063105454135172,0.4941001717987646,2
0.6326541719871356,1.1790015027733325,0.5468397118439319,1
3.851982338397117,2.59525052867505,1.2346390266325824,2
3.535147174269449,3.0039758522466538,0.764671764664437,2
0.13298655747885982,1.498893645020122,0.19945589913662237,1
0.648309633363578,4.6891654004935654,0.47432053401901786,0
-0.4715842319964553,4.982153168870055,0.40153318655599035,0
0.3331888721336218,5.425148255949588,0.39239062680756787,0
0.23126476251441713,3.47030238968492,0.4162923997354849,0
0.030127233364201464,2.57898584301413,0.5202796885357687,1
3.57613468790375,3.380414043625599,0.8931293680229834,2
-0.125539332743944,0.3372899229301598,0.5971823826110074,1
2.2946686525459294,2.7437097874906677,0.8779358066167066,2
-0.710513404546896,1.118288183571885,0.5005354895964924,1
0.18090975105943152,0.9294498089220256,0.4306429705279383,0
4.0438022823072055,1.8902468937351669,0.9313169765258376,2
-0.2204529871478799,3.17891957035795,0.31825664318686675,0
3.777332048684413,2.2016159076923874,0.7605400141030288,2
0.11200553704664981,4.792881392392012,0.29727558218113626,1
0.06886562007044675,2.051379035330994,0.49076298971400373,1
-0.4734197809081553,2.477195739956918,0.6439232106612318,1
2.3654613635237993,2.413756712315159,0.8136000307859316,2
1.03211675947631,4.973691440637765,0.28158885909325543,0
3.698199150928269,2.7432794396281084,0.8720027764823419,2
2.731504531352736,3.254187473119913,0.7655053498681176,2
-1.0769017648491284,0.7865862714401131,0.4276235022077103,1
0.3060206774252328,5.107153506361611,0.2582460317447302,0
-0.3698366135779037,4.825560021023939,0.16838518681299633,0
-0.1557829750005619,1.8338032632771257,0.31151457964953455,1
4.198757365953729,2.235217868486711,0.6987394110742746,2
4.3487351946405575,3.341940837865585,0.9795741593032824,2
4.3495727907616,2.5810666605969024,0.9014434401182958,2
3.1764870998506716,3.8257193654729673,0.7424568941170064,2
-0.449278856135912,5.642448390927022,0.22625589701131385,0
2.8995905000824798,2.478064002461477,1.029782605466812,2
-0.33251515819275607,1.2108612603217606,0.40309261915654726,0
-0.42528089161858784,1.4981067168158182,0.4661453342254537,1
3.508916127264879,3.022540115224351,0.6695992738342011,2
3.0049931430484302,2.263778160416204,0.882872853948112,2
3.056267134009894,2.5904753359874206,0.9646044299200357,2
3.9694754556004104,2.885408514913217,0.7934480075519814,2
0.3039711939281493,1.7891933382352874,0.1559337261947486,1
3.9170162331363843,3.214000564349908,1.1855456615592443,2
3.2136264484623136,2.727295171587435,0.8780175439506097,2
-0.518643503283349,5.536497648067841,0.29463168937417383,0
1.1184218143771167,2.3561523437188,0.41618353088744997,1
-0.039802750783508145,0.9143848315140212,0.7095173810056778,1
0.41175904725412854,4.622740237314771,0.4177021321796949,0
-0.47247741577179925,4.842778292756237,0.48758507677965235,0
0.34417592792379725,1.4822962804773245,0.5271419299002724,1
-0.1075468671812084,0.9995034572787289,0.3906740654806185,1
3.8092036078720675,2.563527645166129,0.9457276061092319,2
3.6063630605958923,3.06352355612475,0.9554333245203734,2
3.996218180592562,3.2704610667131324,0.8227885039114671,2
0.17346821295124745,3.9202799760273255,0.43868221769250376,0
3.7586408582441186,2.928888381701597,0.8333712132068143,2
0.16927153261380604,1.2940438564828627,0.300836825128764,1
0.6716099194015314,3.124736882120499,0.4482617026445789,0
3.6644457683635205,3.7604453701066127,0.6503789488232306,2
0.5301562217665656,2.055249932823692,0.4814019503843144,1
0.15973353590792047,2.0115251867350716,0.38016690169694517,1
0.06802468900232733,4.026983969734772,0.06631403862849178,0
-0.301379276795617,5.133184595772576,0.1442981226698237,0
0.23868960649678017,3.2303789002548986,0.5639063249084179,1
-0.3150205875852886,4.098552821113973,0.5692139177865823,0
2.489632860779963,3.3559010859413383,0.7132520294033987,2
-0.4949873688398572,6.341138734275259,0.45890539988440004,0
0.5502884952518182,2.9084257787547263,0.16024254297907492,1
3.0451132978280993,2.0975814059106934,0.744471402749933,2
3.0920028536562203,4.272862843227311,0.8847704957678832,2
-0.13021086741461305,2.172558586805894,0.35971542586010796,1
0.22037465991949345,3.9941473401400023,0.08683353601139487,0
1.062304179565066,5.724212111401805,0.20846896864575065,0
0.18548922302284582,4.065999340895429,0.2630096126426764,0
-0.006296859413053195,5.598167320837663,0.3298369136322652,0
2.902445719869897,3.4153409312809546,0.8167371972988885,2
-0.6591547575427378,3.4038027335538783,0.38685649061708516,0
-0.6025642825538214,1.7174016984614906,0.6502542997910491,1
3.2637518195327155,2.3742430429147574,0.9053578072884951,2
2.8961798482976286,3.4133995136175423,1.0186889942084738,2
3.399812408117843,3.6533307725790363,0.724812913378426,2
0.030772242082153886,1.0563027248868901,0.30655654591885545,0
3.123280104526565,1.675471460597187,0.810573925080641,2
0.31470999435356317,2.118399270676404,0.48384037375788713,1
3.11358083894541,3.481091574120631,0.6257100909997863,2
2.6963142148334334,2.2249060528589766,0.937275190116468,2
0.02179113830956494,5.563547178997373,0.6072656081515747,0
-0.2989509482996344,2.6411711691132824,0.16014418687562876,1
-0.03191930281833594,5.707021798248833,0.40925256713897623,1
-0.04182055542741056,3.8845617998364657,0.16135318433014295,0
0.07302519627813711,6.049879535479967,0.11265106651151718,0
3.111486525065919,3.0697245146818797,0.9056157020512738,2
0.8529359890377924,2.1970362372802943,0.6018175711080282,0
3.057076378322655,2.985504534251825,0.7300102192611686,2
0.011189627624056064,1.6739770663033948,0.49651303625287974,1
0.6193337959101667,0.956260915943816,0.4843978375182033,1
-0.43829964161982793,1.3112017098657698,0.6398698626549517,1
3.973535844214799,2.892091865239405,0.9909443270391596,2
0.08698802455671034,4.514429243301891,0.5502669001706146,0
0.26781531737042946,1.6639099589313608,0.6500100351499087,1
2.814293318889534,1.9019745283897909,0.886396651008628,2
3.5597283367028933,3.713516983256368,0.8930741316404162,2
3.321680752930478,2.1454615974682167,0.8183414447198409,2
0.16305897074739614,0.9114487456789427,0.5700484644863294,1
4.313175134924063,3.693970820349008,1.0562165933381427,2
1.7681352037728155,3.8325785284704272,0.7556265720817452,2
-0.1221187902887634,4.8675395028099295,0.5800947768557295,0
0.023942529738350107,5.71713977752593,0.25929217000467825,0
0.3518233464263343,1.4254828847262364,0.4231998351517774,1
4.0276854789311765,2.92069783729749,1.0008788476698787,2
3.593787396595487,2.6138194921287905,0.8462007774009744,2
3.4022475744921783,3.475030715115171,0.9942280897841602,2
3.678636781021231,2.7229529751923236,0.6543995233245044,2
0.006706407548897626,1.7098977468085286,0.1646543264768971,0
4.454479870632706,3.2875183219656243,0.9498474985875865,2
0.6558042576479651,1.4139116194603698,0.725809322050625,1
0.22777410916871998,1.7758401161279846,0.7345333121808122,1
0.3699653977300686,6.021858211742759,0.015697972336196964,0
4.447710503393599,1.8567685992642202,0.5928037089298976,2
0.34910765009102007,1.9116784147385864,0.5980613104363928,1
-0.6393252739159324,3.158369877530234,0.34576817595970527,0
-0.013629183387711184,4.192707292467498,0.28802066236822554,0
0.34205731198214484,1.93197466850122,0.4191442498919715,1
-0.15306216378862128,3.9263436573916035,0.6292811797142611,0
0.6616348574861215,1.8782659504933554,0.3411688261537436,1
3.3548736220800204,1.6591238365498517,0.9620612434477849,2
-0.5392839636893978,1.5245333689941785,0.6114988553351476,1
-0.1755742156670315,2.6153432563642878,0.22712542967529695,1
-0.5614650885645079,1.8749691964724193,0.19696845729404205,1
0.25911854273690915,0.8430361769247161,0.4464380006584342,1
0.12888057233291675,4.758862808604065,0.28554209163512506,0
3.148377857899678,3.5199464585821616,0.6541139678971128,2
3.9796369597202372,3.0796945406047307,0.6950779835486061,2
0.7709547373484478,1.8141771807871132,0.34001803388193713,0
0.3831375432931762,1.2267258518817623,0.4353568956338886,1
3.684061112736484,4.521287651211564,0.8631794460014842,2
-0.006803200485782895,1.1520951946869173,0.42610071337359734,1
0.040809148398152056,5.823598263139832,0.4870640603236841,0
3.0903512800917294,3.41750002797339,0.7360872725629873,2
-0.41181558052487144,0.7276236424418658,0.6553149419390163,1
0.7736191397747364,4.330929170802969,0.07003277708547867,0
0.1656036435413506,0.8434703393022795,0.5979122613648198,1
4.286796516667474,2.9695199289401315,0.7684626784679784,2
3.8863741688523543,2.8688351205095275,0.920737608194353,2
3.9813090270086073,3.2679843009932315,0.5817009613550989,2
0.05115984394793981,1.9691334048291373,0.403660567223822,1
0.7564634407021287,1.4100456845992373,0.4102110325320344,1
3.1274135975974193,2.8280619406011267,0.902779992996073,2
-0.50368583419867,1.64728840027016,0.3529745543748565,1
-0.17260489518458208,2.2434976163330567,0.6105344662120546,1
-0.1594067463856557,1.5657051316972317,0.604192732473522,1
0.21965067022334606,4.576005654637219,0.2655478707630997,0
2.891678452229663,3.438445612700321,0.6620415064236311,2
0.20486844771487633,3.6670217593291063,0.20514981292291534,0
3.4190676173211347,3.4542553106162974,0.591412892825494,2
0.054776713387241466,4.5482381168016435,0.5717770817860314,0
-0.3186476432374008,1.3772399412227154,0.5180452938176238,1
0.6642350884112612,0.8622506914700226,0.4855877530679684,1
-0.011267462039177653,1.1580952304304244,0.5340408989983337,1
-0.0023122469875762734,5.9061354026640345,0.4509032786912991,0
3.661986209537454,3.423470331122419,0.848913940210878,2
1.6428215064448843,2.1089101798421543,0.6034817584005053,2
0.4260663596119778,5.735408873345033,0.46187847771478663,0
1.0084122504114537,6.091428362997702,0.12442633865003899,0
3.226445245208348,3.464507711125936,0.7809678611384425,2
-0.0020163480894114807,1.2681375690867651,0.3562344188950332,0
0.09157608606581903,3.9719028011483015,0.17492236192285074,0
-0.39431136665219857,1.4236744994190123,0.3274158616406735,1
-0.6083706231755033,1.9323364854624843,0.4933152350617187,1
3.0250021482401523,2.6683495277602067,0.7341776554432086,2
0.2613473535183542,4.930580932154213,0.3358061791091885,0
0.00012744458602732578,4.554174952308357,0.1107931393185771,0
0.3515017258111386,1.3948940290517513,0.3727764155458908,1
0.6601196274759074,0.7751011955289819,0.2470318502993815,1
0.26908450416345747,4.618037818216466,0.34418217665378725,0
-0.7037017105089417,2.8404704104458984,0.20811946348320018,0
-0.05346375415312659,6.021841150398757,0.020991828738079754,0
-0.16155956434576557,5.684588201580953,0.33686696803198407,0
0.006769123179671238,1.2997727038950988,0.35999071825929463,1
-0.3411105495281277,1.282589693566943,0.4241323856957565,1
0.40729528443945473,4.656680405066717,0.25424921467101685,0
-0.07129696965114016,1.1471723587901888,0.36425962850354765,1
0.7690921265173436,0.9184985711082779,0.6610211293099448,1
3.9302887547400296,2.0224860926245825,0.9208193510743117,2
-0.4881149508008583,2.4528941171813345,0.46639904744436744,1
-0.40554497362394515,0.3792701512474008,0.5079619720388173,0
0.1387622557612804,5.233026932552205,0.46928513738857724,0
-0.7125666600133003,5.492197255607103,0.3775530994068443,0
3.2550380079331602,3.7927380556547523,0.8574881522711679,2
0.209520475772657,1.0894840300261655,0.4942685754454262,1
0.1833922495205534,5.594356050304096,0.21434427531504435,0
-0.28620510644909947,4.964346480459614,0.278963102027299,0
0.050059032629332464,1.3143194464674204,0.17826497522791562,1
0.11678928002671403,5.021463624739852,0.6393904994931923,0
0.058893015404960135,2.1243531813489307,0.6461190178712057,1
3.4437197354269107,3.6315302967590037,0.9120019433032304,2
-0.13113158764560234,4.936411698552535,0.3999481598767071,0
-0.2526695433432735,1.376424171294104,0.6539077834846116,1
2.8168942045488867,3.519165663705798,0.7112800741613626,2
0.1642741992502612,2.3073916271236636,0.5448688029222265,1
2.182080902129835,3.6590158491204887,0.7784873436860034,2
0.7150762924232356,3.44660044674786,0.3413315670246267,0
0.1413209424676895,1.948668372852469,0.4925238459556028,1
-0.22165437848412914,0.883751295508963,0.11221309839052138,0
0.24259084186779684,1.4710488743060763,0.27597932778459355,1
0.29147247226037487,1.5780453692284262,0.6979493503272975,1
3.9143524938035044,2.6774223627084623,1.1169350758392915,2
4.086137479804034,2.944043600674941,0.7892483392823954,2
1.9035373414522403,2.589971378087922,1.0163011629933587,2
-0.033290394944960944,0.9424575964623502,0.4224017009845554,1
3.752769438451604,3.4445726020028795,0.7024697431080815,2
0.30814957162962536,4.819822129311246,0.3739089796664333,0
0.03650875926702931,1.6637017581230538,0.13289279998053652,0
-0.22843285859441256,1.2735437535131664,0.43665159616749516,1
0.18656932029694084,4.980280744525069,0.4306505177302845,0
0.15054710830493365,0.8915001836026188,0.39559315374187504,1
-0.1588345307849653,3.8341605699329344,0.6560519898359733,0
2.9624408789098085,2.788777598786855,1.1531974213855163,2
3.8699573223675117,2.2131876648480686,0.5707684707757529,2
-0.5050571540162211,5.509965119944117,0.37695436530756055,0
0.5598741026285893,3.8535676763057163,0.678745738258248,0
-0.18768932639534744,1.2176768252289651,0.5021913175497933,1
0.2870919858769953,5.212868336853632,0.44558271370329805,0
-0.13469790429200468,1.5383664296964785,0.7225418737808802,1
3.66152081189369,3.4464946673367844,0.9560669438443015,2
3.5791221097423986,2.388717008805031,0.9097394295000233,2
-0.3669644214530303,0.9574131608321277,0.6403211484475435,1
-0.6383581698456836,5.226657375835425,0.20598974827743952,0
0.20473384484204749,1.684756558158212,0.4968888345230297,1
-0.4038752802626747,1.6470246508595372,0.5077461563150981,1
0.04647728955400654,1.0117872301342008,0.5963003602333139,1
-0.23015309488448352,1.2432660676941327,0.5803359176745917,1
3.6593083200997296,2.0472751386831716,0.9760325289946121,2
-0.4410896157917732,4.665055948955976,0.4833771440758215,0
2.673615260128477,2.873785437733853,0.8018380855811129,2
-0.47558253552729535,4.078288055407853,0.5050155336330966,0
2.7813033849446196,3.332485755907649,0.7578364713328237,2
-0.18029406413838064,1.5518641328410954,0.3765059596530196,1
0.41504072227230077,5.74237171991942,0.2188956226725079,0
0.16530225051686617,0.7660409111805996,0.2393327623750105,1
3.954995173797262,2.2069037329513246,0.8275054898334795,2
0.2625692072311112,2.920909625572559,0.436840240009135,0
0.3111411768129908,4.7999569151623405,0.2886934208390301,0
4.067750948429351,2.3688848446530755,0.7961063740652473,2
3.3713043626011236,4.087020725388898,0.6709146339700675,2
0.12351552827573252,0.5089171979297465,0.41497277976827013,1
-0.036234057115391495,5.753010178367809,0.3847581500321287,0
-0.24458960465966684,4.2907609359283185,0.5390556632095764,0
1.350614910025044,3.1962451308319846,0.8731972814854937,2
0.3002598226150035,0.6124805708025841,0.4827977197503496,1
-0.2440670767366502,0.3928659070577243,0.5726301764767947,1
-0.5688991955399916,1.0762759075502837,0.6959895984534543,1
-0.08889642820493904,3.9422388942479083,0.21674860493213638,0
-0.06440273760184066,5.761794874311126,0.3238245964961687,0
0.41160252467967484,1.2948632438095917,0.6023179272262019,1
-0.0366902342655099,4.75772365827183,0.3279782947512364,0
3.768182228435945,2.6088287075859684,0.8349958211587996,2
-0.4350270685905002,3.784186257537816,0.27458541164537,0
2.8725984494561967,4.663073765694984,0.5897536454581187,2
-0.40295376494882795,4.848570293081782,0.3605834278818227,0
-0.3431970100440611,1.1370141134147027,0.26023428627406464,1
0.4749383912382801,0.7351537814991728,0.37204882826945473,1
-0.9313171400562122,2.173336500700573,0.5059683595636514,1
-0.5071172821115012,4.167916718222308,0.01771463743617563,0
0.29055033512688677,1.3523090076553992,0.5498350796812953,1
0.32399509843894064,3.7606468531225845,0.6784343262921606,0
3.542086683514262,2.4810623325429466,1.0412870519382957,2
2.1884250472129283,2.989107044044953,1.0296397837924276,2
0.051523431650963306,5.7043003384436615,0.4430007483351129,0
0.4110210854700629,3.9829726007087185,0.5052141210657036,0
4.077985995057936,2.9998993294213787,0.7326737335415204,2
-0.13448088744291328,1.6387489862169329,0.48957286285190116,1
3.6205380394016475,2.8629835244054167,0.8847311603220708,2
3.1180673035045863,3.291296697203298,0.8833308735372075,2
0.36017580489360934,1.3590177557853969,0.46609873247011785,1
