{
    "type": "FeatureCollection",
    "features": [
        {
            "type": "Feature",
            "geometry": {
                "type": "Polygon",
                "coordinates": [
                    [
                        [
                            -9.223107,
                            38.71836
                        ],
                        [
                            -9.223288,
                            38.718171
                        ],
                        [
                            -9.222922,
                            38.717945
                        ],
                        [
                            -9.223042,
                            38.717847
                        ],
                        [
                            -9.223539,
                            38.717791
                        ],
                        [
                            -9.223515,
                            38.717661
                        ],
                        [
                            -9.223037,
                            38.717711
                        ],
                        [
                            -9.222882,
                            38.717755
                        ],
                        [
                            -9.222772,
                            38.717854
                        ],
                        [
                            -9.221913,
                            38.717326
                        ],
                        [
                            -9.221932,
                            38.717228
                        ],
                        [
                            -9.221907,
                            38.717151
                        ],
                        [
                            -9.221865,
                            38.717111
                        ],
                        [
                            -9.221821,
                            38.717076
                        ],
                        [
                            -9.22171,
                            38.717016
                        ],
                        [
                            -9.221558,
                            38.717011
                        ],
                        [
                            -9.221432,
                            38.717047
                        ],
                        [
                            -9.221324,
                            38.717125
                        ],
                        [
                            -9.221272,
                            38.717222
                        ],
                        [
                            -9.221257,
                            38.717313
                        ],
                        [
                            -9.221295,
                            38.717374
                        ],
                        [
                            -9.22133,
                            38.717441
                        ],
                        [
                            -9.221399,
                            38.717489
                        ],
                        [
                            -9.221491,
                            38.717526
                        ],
                        [
                            -9.221624,
                            38.717535
                        ],
                        [
                            -9.221717,
                            38.71751
                        ],
                        [
                            -9.223107,
                            38.71836
                        ]
                    ]
                ]
            },
            "properties": {
                "color": "#a52714",
                "name": "Rua Fernando Távora",
                "polygonId": "2158",
                "hasparkingpasses": "False",
                "isbillable": "True"
            },
            "id": "clxt4pji18hwc1lnrnw0egpo32158"
        },
        {
            "type": "Feature",
            "geometry": {
                "type": "Polygon",
                "coordinates": [
                    [
                        [
                            -9.221865,
                            38.717111
                        ],
                        [
                            -9.221961,
                            38.717069
                        ],
                        [
                            -9.222108,
                            38.717033
                        ],
                        [
                            -9.222975,
                            38.716952
                        ],
                        [
                            -9.223413,
                            38.716911
                        ],
                        [
                            -9.223588,
                            38.716894
                        ],
                        [
                            -9.224103,
                            38.716845
                        ],
                        [
                            -9.224081,
                            38.716657
                        ],
                        [
                            -9.222084,
                            38.716846
                        ],
                        [
                            -9.221802,
                            38.716918
                        ],
                        [
                            -9.221558,
                            38.717011
                        ],
                        [
                            -9.22171,
                            38.717016
                        ],
                        [
                            -9.221821,
                            38.717076
                        ],
                        [
                            -9.221865,
                            38.717111
                        ]
                    ]
                ]
            },
            "properties": {
                "color": "#a52714",
                "name": "Avenida Vitor Figueiredo",
                "polygonId": "2159",
                "hasparkingpasses": "False",
                "isbillable": "True"
            },
            "id": "clxt4pji18hwc1lnrnw0egpo32159"
        },
        {
            "type": "Feature",
            "geometry": {
                "type": "Polygon",
                "coordinates": [
                    [
                        [
                            -9.223539,
                            38.717791
                        ],
                        [
                            -9.223555,
                            38.717905
                        ],
                        [
                            -9.223652,
                            38.717896
                        ],
                        [
                            -9.223728,
                            38.71767
                        ],
                        [
                            -9.22373,
                            38.717622
                        ],
                        [
                            -9.223723,
                            38.717568
                        ],
                        [
                            -9.223633,
                            38.717191
                        ],
                        [
                            -9.223588,
                            38.716894
                        ],
                        [
                            -9.223413,
                            38.716911
                        ],
                        [
                            -9.223469,
                            38.717242
                        ],
                        [
                            -9.223549,
                            38.717579
                        ],
                        [
                            -9.223543,
                            38.717617
                        ],
                        [
                            -9.223532,
                            38.717642
                        ],
                        [
                            -9.223515,
                            38.717661
                        ],
                        [
                            -9.223539,
                            38.717791
                        ]
                    ]
                ]
            },
            "properties": {
                "color": "#a52714",
                "name": "Rua João Faria da Costa",
                "polygonId": "2160",
                "hasparkingpasses": "False",
                "isbillable": "True"
            },
            "id": "clxt4pji18hwc1lnrnw0egpo32160"
        },
        {
            "type": "Feature",
            "geometry": {
                "type": "Polygon",
                "coordinates": [
                    [
                        [
                            -9.234357,
                            38.725071
                        ],
                        [
                            -9.234425,
                            38.724707
                        ],
                        [
                            -9.231541,
                            38.7243
                        ],
                        [
                            -9.230833,
                            38.724088
                        ],
                        [
                            -9.229773,
                            38.723584
                        ],
                        [
                            -9.229514,
                            38.7239
                        ],
                        [
                            -9.230628,
                            38.724418
                        ],
                        [
                            -9.23141,
                            38.724652
                        ],
                        [
                            -9.234357,
                            38.725071
                        ]
                    ]
                ]
            },
            "properties": {
                "color": "#097138",
                "name": "Estrada de Outurela",
                "polygonId": "2161",
                "hasparkingpasses": "True",
                "isbillable": "True"
            },
            "id": "clxt4pji18hwc1lnrnw0egpo32161"
        },
        {
            "type": "Feature",
            "geometry": {
                "type": "Polygon",
                "coordinates": [
                    [
                        [
                            -9.311861,
                            38.686863
                        ],
                        [
                            -9.311891,
                            38.686761
                        ],
                        [
                            -9.311783,
                            38.686736
                        ],
                        [
                            -9.311811,
                            38.686646
                        ],
                        [
                            -9.3106,
                            38.68659
                        ],
                        [
                            -9.310638,
                            38.686076
                        ],
                        [
                            -9.310079,
                            38.686053
                        ],
                        [
                            -9.310062,
                            38.686268
                        ],
                        [
                            -9.310381,
                            38.686286
                        ],
                        [
                            -9.310334,
                            38.686763
                        ],
                        [
                            -9.311751,
                            38.686837
                        ],
                        [
                            -9.311861,
                            38.686863
                        ]
                    ]
                ]
            },
            "properties": {
                "color": "#a52714",
                "name": "Rua Gonçalo Mendes da Maia",
                "polygonId": "2165",
                "hasparkingpasses": "False",
                "isbillable": "True"
            },
            "id": "clxt4pji18hwc1lnrnw0egpo32165"
        },
        {
            "type": "Feature",
            "geometry": {
                "type": "Polygon",
                "coordinates": [
                    [
                        [
                            -9.312686,
                            38.686051
                        ],
                        [
                            -9.312575,
                            38.685984
                        ],
                        [
                            -9.312474,
                            38.686346
                        ],
                        [
                            -9.31223,
                            38.686306
                        ],
                        [
                            -9.312196,
                            38.686433
                        ],
                        [
                            -9.312562,
                            38.686493
                        ],
                        [
                            -9.312686,
                            38.686051
                        ]
                    ]
                ]
            },
            "properties": {
                "color": "#a52714",
                "name": "Rua José Dias Ferreira",
                "polygonId": "2166",
                "hasparkingpasses": "False",
                "isbillable": "True"
            },
            "id": "clxt4pji18hwc1lnrnw0egpo32166"
        },
        {
            "type": "Feature",
            "geometry": {
                "type": "Polygon",
                "coordinates": [
                    [
                        [
                            -9.311861,
                            38.686863
                        ],
                        [
                            -9.3125,
                            38.686969
                        ],
                        [
                            -9.31264,
                            38.686914
                        ],
                        [
                            -9.312742,
                            38.686825
                        ],
                        [
                            -9.312934,
                            38.686234
                        ],
                        [
                            -9.312805,
                            38.686139
                        ],
                        [
                            -9.312595,
                            38.686784
                        ],
                        [
                            -9.312542,
                            38.686831
                        ],
                        [
                            -9.312479,
                            38.68686
                        ],
                        [
                            -9.311999,
                            38.686786
                        ],
                        [
                            -9.311891,
                            38.686761
                        ],
                        [
                            -9.311861,
                            38.686863
                        ]
                    ]
                ]
            },
            "properties": {
                "color": "#a52714",
                "name": "Rua Elias Garcia",
                "polygonId": "2167",
                "hasparkingpasses": "False",
                "isbillable": "True"
            },
            "id": "clxt4pji18hwc1lnrnw0egpo32167"
        },
        {
            "type": "Feature",
            "geometry": {
                "type": "Polygon",
                "coordinates": [
                    [
                        [
                            -9.306836,
                            38.685814
                        ],
                        [
                            -9.306755,
                            38.685645
                        ],
                        [
                            -9.305699,
                            38.685922
                        ],
                        [
                            -9.305784,
                            38.686102
                        ],
                        [
                            -9.306836,
                            38.685814
                        ]
                    ]
                ]
            },
            "properties": {
                "color": "#1a237e",
                "name": "Praia de Santo Amaro - Bolsa Saisa",
                "polygonId": "2168",
                "hasparkingpasses": "True",
                "isbillable": "True"
            },
            "id": "clxt4pji18hwc1lnrnw0egpo32168"
        },
        {
            "type": "Feature",
            "geometry": {
                "type": "Polygon",
                "coordinates": [
                    [
                        [
                            -9.298413,
                            38.690511
                        ],
                        [
                            -9.297915,
                            38.690706
                        ],
                        [
                            -9.297434,
                            38.691858
                        ],
                        [
                            -9.297538,
                            38.692517
                        ],
                        [
                            -9.297918,
                            38.692461
                        ],
                        [
                            -9.297827,
                            38.691832
                        ],
                        [
                            -9.298413,
                            38.690511
                        ]
                    ]
                ]
            },
            "properties": {
                "color": "#1a237e",
                "name": "Avenida Miratejo (troço sul)",
                "polygonId": "2169",
                "hasparkingpasses": "True",
                "isbillable": "True"
            },
            "id": "clxt4pji18hwc1lnrnw0egpo32169"
        },
        {
            "type": "Feature",
            "geometry": {
                "type": "Polygon",
                "coordinates": [
                    [
                        [
                            -9.283692,
                            38.697397
                        ],
                        [
                            -9.283657,
                            38.697234
                        ],
                        [
                            -9.282783,
                            38.697371
                        ],
                        [
                            -9.282431,
                            38.697597
                        ],
                        [
                            -9.282108,
                            38.698298
                        ],
                        [
                            -9.282331,
                            38.698352
                        ],
                        [
                            -9.282646,
                            38.697696
                        ],
                        [
                            -9.282883,
                            38.69753
                        ],
                        [
                            -9.283692,
                            38.697397
                        ]
                    ]
                ]
            },
            "properties": {
                "color": "#1a237e",
                "name": "Av. Marginal - Curva Pinheiros / Forte Giribita",
                "polygonId": "2170",
                "hasparkingpasses": "True",
                "isbillable": "True"
            },
            "id": "clxt4pji18hwc1lnrnw0egpo32170"
        },
        {
            "type": "Feature",
            "geometry": {
                "type": "Polygon",
                "coordinates": [
                    [
                        [
                            -9.276876,
                            38.698753
                        ],
                        [
                            -9.276904,
                            38.698524
                        ],
                        [
                            -9.276164,
                            38.69847
                        ],
                        [
                            -9.276135,
                            38.698698
                        ],
                        [
                            -9.276876,
                            38.698753
                        ]
                    ]
                ]
            },
            "properties": {
                "color": "#1a237e",
                "name": "Avenida Marginal - Praia de Caxias - Nascente",
                "polygonId": "2171",
                "hasparkingpasses": "True",
                "isbillable": "True"
            },
            "id": "clxt4pji18hwc1lnrnw0egpo32171"
        },
        {
            "type": "Feature",
            "geometry": {
                "type": "Polygon",
                "coordinates": [
                    [
                        [
                            -9.279444,
                            38.698903
                        ],
                        [
                            -9.279455,
                            38.698748
                        ],
                        [
                            -9.277902,
                            38.698664
                        ],
                        [
                            -9.277892,
                            38.698832
                        ],
                        [
                            -9.279444,
                            38.698903
                        ]
                    ]
                ]
            },
            "properties": {
                "color": "#1a237e",
                "name": "Avenida Marginal - Praia de Caxias - Poente",
                "polygonId": "2172",
                "hasparkingpasses": "True",
                "isbillable": "True"
            },
            "id": "clxt4pji18hwc1lnrnw0egpo32172"
        },
        {
            "type": "Feature",
            "geometry": {
                "type": "Polygon",
                "coordinates": [
                    [
                        [
                            -9.273452,
                            38.698532
                        ],
                        [
                            -9.272884,
                            38.698338
                        ],
                        [
                            -9.272671,
                            38.69863
                        ],
                        [
                            -9.273452,
                            38.698532
                        ]
                    ]
                ]
            },
            "properties": {
                "color": "#a52714",
                "name": "Rua Direita de Caxias",
                "polygonId": "2173",
                "hasparkingpasses": "False",
                "isbillable": "True"
            },
            "id": "clxt4pji18hwc1lnrnw0egpo32173"
        },
        {
            "type": "Feature",
            "geometry": {
                "type": "Polygon",
                "coordinates": [
                    [
                        [
                            -9.311343,
                            38.694234
                        ],
                        [
                            -9.311001,
                            38.693032
                        ],
                        [
                            -9.310512,
                            38.69312
                        ],
                        [
                            -9.310563,
                            38.693291
                        ],
                        [
                            -9.310696,
                            38.693267
                        ],
                        [
                            -9.310841,
                            38.693787
                        ],
                        [
                            -9.310715,
                            38.693811
                        ],
                        [
                            -9.310769,
                            38.693995
                        ],
                        [
                            -9.310897,
                            38.693973
                        ],
                        [
                            -9.310989,
                            38.694297
                        ],
                        [
                            -9.311343,
                            38.694234
                        ]
                    ]
                ]
            },
            "properties": {
                "color": "#a52714",
                "name": "Traseiras Avenida de Copacabana",
                "polygonId": "2174",
                "hasparkingpasses": "False",
                "isbillable": "True"
            },
            "id": "clxt4pji18hwc1lnrnw0egpo32174"
        },
        {
            "type": "Feature",
            "geometry": {
                "type": "Polygon",
                "coordinates": [
                    [
                        [
                            -9.324616,
                            38.685661
                        ],
                        [
                            -9.324581,
                            38.68541
                        ],
                        [
                            -9.324298,
                            38.685425
                        ],
                        [
                            -9.324216,
                            38.684577
                        ],
                        [
                            -9.323334,
                            38.684599
                        ],
                        [
                            -9.323356,
                            38.684904
                        ],
                        [
                            -9.323541,
                            38.684897
                        ],
                        [
                            -9.323537,
                            38.68482
                        ],
                        [
                            -9.323965,
                            38.684809
                        ],
                        [
                            -9.324022,
                            38.685469
                        ],
                        [
                            -9.324042,
                            38.685694
                        ],
                        [
                            -9.324616,
                            38.685661
                        ]
                    ]
                ]
            },
            "properties": {
                "color": "#097138",
                "name": "Rua Francisco Roque Aguiar",
                "polygonId": "2175",
                "hasparkingpasses": "False",
                "isbillable": "True"
            },
            "id": "clxt4pji18hwc1lnrnw0egpo32175"
        },
        {
            "type": "Feature",
            "geometry": {
                "type": "Polygon",
                "coordinates": [
                    [
                        [
                            -9.323675,
                            38.685488
                        ],
                        [
                            -9.323375,
                            38.685044
                        ],
                        [
                            -9.323356,
                            38.684904
                        ],
                        [
                            -9.323334,
                            38.684599
                        ],
                        [
                            -9.323205,
                            38.684603
                        ],
                        [
                            -9.323163,
                            38.684605
                        ],
                        [
                            -9.323166,
                            38.684647
                        ],
                        [
                            -9.323197,
                            38.685053
                        ],
                        [
                            -9.323493,
                            38.685502
                        ],
                        [
                            -9.323594,
                            38.685549
                        ],
                        [
                            -9.323675,
                            38.685488
                        ]
                    ]
                ]
            },
            "properties": {
                "color": "#097138",
                "name": "Rua Dom António Luis de Meneses",
                "polygonId": "2176",
                "hasparkingpasses": "False",
                "isbillable": "True"
            },
            "id": "clxt4pji18hwc1lnrnw0egpo32176"
        },
        {
            "type": "Feature",
            "geometry": {
                "type": "Polygon",
                "coordinates": [
                    [
                        [
                            -9.324042,
                            38.685694
                        ],
                        [
                            -9.324022,
                            38.685469
                        ],
                        [
                            -9.323675,
                            38.685488
                        ],
                        [
                            -9.323594,
                            38.685549
                        ],
                        [
                            -9.323493,
                            38.685502
                        ],
                        [
                            -9.322083,
                            38.685577
                        ],
                        [
                            -9.322033,
                            38.68558
                        ],
                        [
                            -9.321813,
                            38.685802
                        ],
                        [
                            -9.321864,
                            38.6858
                        ],
                        [
                            -9.322321,
                            38.685782
                        ],
                        [
                            -9.322331,
                            38.686026
                        ],
                        [
                            -9.323565,
                            38.685968
                        ],
                        [
                            -9.323548,
                            38.685723
                        ],
                        [
                            -9.324042,
                            38.685694
                        ]
                    ]
                ]
            },
            "properties": {
                "color": "#097138",
                "name": "Rua Ernesto Veiga de Oliveira",
                "polygonId": "2177",
                "hasparkingpasses": "False",
                "isbillable": "True"
            },
            "id": "clxt4pji18hwc1lnrnw0egpo32177"
        },
        {
            "type": "Feature",
            "geometry": {
                "type": "Polygon",
                "coordinates": [
                    [
                        [
                            -9.32174,
                            38.685882
                        ],
                        [
                            -9.321609,
                            38.686043
                        ],
                        [
                            -9.322966,
                            38.686923
                        ],
                        [
                            -9.323337,
                            38.686905
                        ],
                        [
                            -9.323296,
                            38.686537
                        ],
                        [
                            -9.322802,
                            38.686558
                        ],
                        [
                            -9.321763,
                            38.685896
                        ],
                        [
                            -9.32174,
                            38.685882
                        ]
                    ]
                ]
            },
            "properties": {
                "color": "#097138",
                "name": "Rua Raul Lino",
                "polygonId": "2178",
                "hasparkingpasses": "False",
                "isbillable": "True"
            },
            "id": "clxt4pji18hwc1lnrnw0egpo32178"
        },
        {
            "type": "Feature",
            "geometry": {
                "type": "Polygon",
                "coordinates": [
                    [
                        [
                            -9.321618,
                            38.685084
                        ],
                        [
                            -9.321689,
                            38.684907
                        ],
                        [
                            -9.321354,
                            38.684828
                        ],
                        [
                            -9.321237,
                            38.684994
                        ],
                        [
                            -9.321618,
                            38.685084
                        ]
                    ]
                ]
            },
            "properties": {
                "color": "#097138",
                "name": "Rua José Viana da Mota",
                "polygonId": "2179",
                "hasparkingpasses": "False",
                "isbillable": "True"
            },
            "id": "clxt4pji18hwc1lnrnw0egpo32179"
        },
        {
            "type": "Feature",
            "geometry": {
                "type": "Polygon",
                "coordinates": [
                    [
                        [
                            -9.321601,
                            38.685771
                        ],
                        [
                            -9.321806,
                            38.685561
                        ],
                        [
                            -9.321693,
                            38.685536
                        ],
                        [
                            -9.321455,
                            38.685485
                        ],
                        [
                            -9.320583,
                            38.685299
                        ],
                        [
                            -9.320466,
                            38.685274
                        ],
                        [
                            -9.32017,
                            38.685435
                        ],
                        [
                            -9.321566,
                            38.685764
                        ],
                        [
                            -9.321601,
                            38.685771
                        ]
                    ]
                ]
            },
            "properties": {
                "color": "#097138",
                "name": "Rua Teixeira de Pascoais",
                "polygonId": "2180",
                "hasparkingpasses": "False",
                "isbillable": "True"
            },
            "id": "clxt4pji18hwc1lnrnw0egpo32180"
        },
        {
            "type": "Feature",
            "geometry": {
                "type": "Polygon",
                "coordinates": [
                    [
                        [
                            -9.324284,
                            38.683576
                        ],
                        [
                            -9.32412,
                            38.683468
                        ],
                        [
                            -9.323528,
                            38.684053
                        ],
                        [
                            -9.323111,
                            38.684434
                        ],
                        [
                            -9.321806,
                            38.685561
                        ],
                        [
                            -9.321601,
                            38.685771
                        ],
                        [
                            -9.321566,
                            38.685764
                        ],
                        [
                            -9.32089,
                            38.686316
                        ],
                        [
                            -9.32052,
                            38.686537
                        ],
                        [
                            -9.320691,
                            38.686709
                        ],
                        [
                            -9.321093,
                            38.686463
                        ],
                        [
                            -9.321609,
                            38.686043
                        ],
                        [
                            -9.32174,
                            38.685882
                        ],
                        [
                            -9.321763,
                            38.685896
                        ],
                        [
                            -9.321864,
                            38.6858
                        ],
                        [
                            -9.321813,
                            38.685802
                        ],
                        [
                            -9.322033,
                            38.68558
                        ],
                        [
                            -9.322083,
                            38.685577
                        ],
                        [
                            -9.323166,
                            38.684647
                        ],
                        [
                            -9.323163,
                            38.684605
                        ],
                        [
                            -9.323205,
                            38.684603
                        ],
                        [
                            -9.323699,
                            38.68416
                        ],
                        [
                            -9.324284,
                            38.683576
                        ]
                    ]
                ]
            },
            "properties": {
                "color": "#097138",
                "name": "Rua da Fundição 2",
                "polygonId": "2181",
                "hasparkingpasses": "False",
                "isbillable": "True"
            },
            "id": "clxt4pji18hwc1lnrnw0egpo32181"
        },
        {
            "type": "Feature",
            "geometry": {
                "type": "Polygon",
                "coordinates": [
                    [
                        [
                            -9.321693,
                            38.685536
                        ],
                        [
                            -9.322196,
                            38.684318
                        ],
                        [
                            -9.32173,
                            38.684205
                        ],
                        [
                            -9.321639,
                            38.68438
                        ],
                        [
                            -9.321876,
                            38.684439
                        ],
                        [
                            -9.321689,
                            38.684907
                        ],
                        [
                            -9.321618,
                            38.685084
                        ],
                        [
                            -9.321455,
                            38.685485
                        ],
                        [
                            -9.321693,
                            38.685536
                        ]
                    ]
                ]
            },
            "properties": {
                "color": "#097138",
                "name": "Rua Dr. Manuel Fernandes Duarte",
                "polygonId": "2182",
                "hasparkingpasses": "False",
                "isbillable": "True"
            },
            "id": "clxt4pji18hwc1lnrnw0egpo32182"
        },
        {
            "type": "Feature",
            "geometry": {
                "type": "Polygon",
                "coordinates": [
                    [
                        [
                            -9.320791,
                            38.687103
                        ],
                        [
                            -9.321435,
                            38.686757
                        ],
                        [
                            -9.321144,
                            38.68642
                        ],
                        [
                            -9.321093,
                            38.686463
                        ],
                        [
                            -9.320968,
                            38.68654
                        ],
                        [
                            -9.321123,
                            38.686711
                        ],
                        [
                            -9.320665,
                            38.68696
                        ],
                        [
                            -9.320791,
                            38.687103
                        ]
                    ]
                ]
            },
            "properties": {
                "color": "#097138",
                "name": "Rua Francisco António da Silva",
                "polygonId": "2183",
                "hasparkingpasses": "True",
                "isbillable": "True"
            },
            "id": "clxt4pji18hwc1lnrnw0egpo32183"
        },
        {
            "type": "Feature",
            "geometry": {
                "type": "Polygon",
                "coordinates": [
                    [
                        [
                            -9.319145,
                            38.686079
                        ],
                        [
                            -9.31933,
                            38.686115
                        ],
                        [
                            -9.319617,
                            38.685681
                        ],
                        [
                            -9.319888,
                            38.685534
                        ],
                        [
                            -9.32017,
                            38.685435
                        ],
                        [
                            -9.320466,
                            38.685274
                        ],
                        [
                            -9.320583,
                            38.685299
                        ],
                        [
                            -9.32098,
                            38.685145
                        ],
                        [
                            -9.321237,
                            38.684994
                        ],
                        [
                            -9.321354,
                            38.684828
                        ],
                        [
                            -9.321639,
                            38.68438
                        ],
                        [
                            -9.32173,
                            38.684205
                        ],
                        [
                            -9.321903,
                            38.683819
                        ],
                        [
                            -9.321937,
                            38.683392
                        ],
                        [
                            -9.321953,
                            38.683198
                        ],
                        [
                            -9.322004,
                            38.682578
                        ],
                        [
                            -9.3218,
                            38.682515
                        ],
                        [
                            -9.321709,
                            38.6834
                        ],
                        [
                            -9.321657,
                            38.683781
                        ],
                        [
                            -9.321513,
                            38.68414
                        ],
                        [
                            -9.321429,
                            38.684316
                        ],
                        [
                            -9.321156,
                            38.684744
                        ],
                        [
                            -9.321057,
                            38.68486
                        ],
                        [
                            -9.32083,
                            38.684999
                        ],
                        [
                            -9.320526,
                            38.685136
                        ],
                        [
                            -9.32,
                            38.685325
                        ],
                        [
                            -9.319753,
                            38.685431
                        ],
                        [
                            -9.319466,
                            38.685589
                        ],
                        [
                            -9.319145,
                            38.686079
                        ]
                    ]
                ]
            },
            "properties": {
                "color": "#a52714",
                "name": "Av Infante Dom Henrique 2",
                "polygonId": "2184",
                "hasparkingpasses": "True",
                "isbillable": "True"
            },
            "id": "clxt4pji18hwc1lnrnw0egpo32184"
        },
        {
            "type": "Feature",
            "geometry": {
                "type": "Polygon",
                "coordinates": [
                    [
                        [
                            -9.299681,
                            38.689796
                        ],
                        [
                            -9.299615,
                            38.689502
                        ],
                        [
                            -9.298306,
                            38.689767
                        ],
                        [
                            -9.297915,
                            38.690706
                        ],
                        [
                            -9.298413,
                            38.690511
                        ],
                        [
                            -9.29864,
                            38.689992
                        ],
                        [
                            -9.299681,
                            38.689796
                        ]
                    ]
                ]
            },
            "properties": {
                "color": "#1a237e",
                "name": "Avenida Miratejo (Praia)",
                "polygonId": "2190",
                "hasparkingpasses": "True",
                "isbillable": "True"
            },
            "id": "clxt4pji18hwc1lnrnw0egpo32190"
        },
        {
            "type": "Feature",
            "geometry": {
                "type": "MultiPolygon",
                "coordinates": [
                    [
                        [
                            [
                                -9.234494,
                                38.698968
                            ],
                            [
                                -9.234386,
                                38.6988
                            ],
                            [
                                -9.232559,
                                38.699402
                            ],
                            [
                                -9.232457,
                                38.699436
                            ],
                            [
                                -9.231601,
                                38.699435
                            ],
                            [
                                -9.2316,
                                38.699616
                            ],
                            [
                                -9.232485,
                                38.69963
                            ],
                            [
                                -9.234494,
                                38.698968
                            ]
                        ]
                    ],
                    [
                        [
                            [
                                -9.234505,
                                38.69899
                            ],
                            [
                                -9.234386,
                                38.6988
                            ],
                            [
                                -9.232559,
                                38.699402
                            ],
                            [
                                -9.232457,
                                38.699436
                            ],
                            [
                                -9.231601,
                                38.699435
                            ],
                            [
                                -9.231264,
                                38.699435
                            ],
                            [
                                -9.230446,
                                38.699253
                            ],
                            [
                                -9.229875,
                                38.699124
                            ],
                            [
                                -9.229832,
                                38.699245
                            ],
                            [
                                -9.229962,
                                38.699356
                            ],
                            [
                                -9.231149,
                                38.699654
                            ],
                            [
                                -9.231583,
                                38.699669
                            ],
                            [
                                -9.232485,
                                38.699668
                            ],
                            [
                                -9.234505,
                                38.69899
                            ]
                        ]
                    ],
                    [
                        [
                            [
                                -9.231264,
                                38.699435
                            ],
                            [
                                -9.231601,
                                38.699435
                            ],
                            [
                                -9.232457,
                                38.699436
                            ],
                            [
                                -9.232559,
                                38.699402
                            ],
                            [
                                -9.232556,
                                38.699222
                            ],
                            [
                                -9.232459,
                                38.699158
                            ],
                            [
                                -9.232265,
                                38.699121
                            ],
                            [
                                -9.231764,
                                38.699278
                            ],
                            [
                                -9.231331,
                                38.699285
                            ],
                            [
                                -9.231264,
                                38.699435
                            ]
                        ]
                    ]
                ]
            },
            "properties": {
                "color": "#956709",
                "name": "Alameda Hermano Patrone",
                "polygonId": "2191",
                "hasparkingpasses": "False",
                "isbillable": "True"
            },
            "id": "clxt4pji18hwc1lnrnw0egpo32191"
        },
        {
            "type": "Feature",
            "geometry": {
                "type": "Polygon",
                "coordinates": [
                    [
                        [
                            -9.229656,
                            38.698722
                        ],
                        [
                            -9.229577,
                            38.699057
                        ],
                        [
                            -9.229875,
                            38.699124
                        ],
                        [
                            -9.230446,
                            38.699253
                        ],
                        [
                            -9.230516,
                            38.698831
                        ],
                        [
                            -9.229656,
                            38.698722
                        ]
                    ]
                ]
            },
            "properties": {
                "color": "#956709",
                "name": "Praça 25 de Abril de 1974",
                "polygonId": "2192",
                "hasparkingpasses": "False",
                "isbillable": "True"
            },
            "id": "clxt4pji18hwc1lnrnw0egpo32192"
        },
        {
            "type": "Feature",
            "geometry": {
                "type": "Polygon",
                "coordinates": [
                    [
                        [
                            -9.229875,
                            38.699124
                        ],
                        [
                            -9.229577,
                            38.699057
                        ],
                        [
                            -9.229442,
                            38.699031
                        ],
                        [
                            -9.227485,
                            38.699682
                        ],
                        [
                            -9.227595,
                            38.69987
                        ],
                        [
                            -9.229481,
                            38.699248
                        ],
                        [
                            -9.229691,
                            38.699295
                        ],
                        [
                            -9.229832,
                            38.699245
                        ],
                        [
                            -9.229875,
                            38.699124
                        ]
                    ]
                ]
            },
            "properties": {
                "color": "#956709",
                "name": "Rua Damião de Gois",
                "polygonId": "2193",
                "hasparkingpasses": "False",
                "isbillable": "True"
            },
            "id": "clxt4pji18hwc1lnrnw0egpo32193"
        },
        {
            "type": "Feature",
            "geometry": {
                "type": "Polygon",
                "coordinates": [
                    [
                        [
                            -9.229462,
                            38.702278
                        ],
                        [
                            -9.229403,
                            38.703069
                        ],
                        [
                            -9.229508,
                            38.703156
                        ],
                        [
                            -9.22939,
                            38.703237
                        ],
                        [
                            -9.22934,
                            38.703891
                        ],
                        [
                            -9.229399,
                            38.703968
                        ],
                        [
                            -9.229328,
                            38.704047
                        ],
                        [
                            -9.229304,
                            38.704367
                        ],
                        [
                            -9.229363,
                            38.704456
                        ],
                        [
                            -9.229291,
                            38.704537
                        ],
                        [
                            -9.229234,
                            38.705304
                        ],
                        [
                            -9.229346,
                            38.705396
                        ],
                        [
                            -9.229494,
                            38.705317
                        ],
                        [
                            -9.229553,
                            38.70455
                        ],
                        [
                            -9.229469,
                            38.704461
                        ],
                        [
                            -9.229567,
                            38.704379
                        ],
                        [
                            -9.229591,
                            38.70406
                        ],
                        [
                            -9.229524,
                            38.703972
                        ],
                        [
                            -9.229604,
                            38.703903
                        ],
                        [
                            -9.229677,
                            38.702975
                        ],
                        [
                            -9.229598,
                            38.702863
                        ],
                        [
                            -9.22969,
                            38.702805
                        ],
                        [
                            -9.229731,
                            38.702278
                        ],
                        [
                            -9.229462,
                            38.702278
                        ]
                    ]
                ]
            },
            "properties": {
                "color": "#a52714",
                "name": "Avenida dos Combatentes da Grande Guerra - Norte",
                "polygonId": "2194",
                "hasparkingpasses": "False",
                "isbillable": "True"
            },
            "id": "clxt4pji18hwc1lnrnw0egpo32194"
        },
        {
            "type": "Feature",
            "geometry": {
                "type": "Polygon",
                "coordinates": [
                    [
                        [
                            -9.229962,
                            38.699356
                        ],
                        [
                            -9.229832,
                            38.699245
                        ],
                        [
                            -9.229691,
                            38.699295
                        ],
                        [
                            -9.229637,
                            38.699997
                        ],
                        [
                            -9.229749,
                            38.700089
                        ],
                        [
                            -9.229624,
                            38.700164
                        ],
                        [
                            -9.229558,
                            38.701018
                        ],
                        [
                            -9.229631,
                            38.701116
                        ],
                        [
                            -9.229544,
                            38.701208
                        ],
                        [
                            -9.229475,
                            38.702111
                        ],
                        [
                            -9.229549,
                            38.7022
                        ],
                        [
                            -9.229462,
                            38.702278
                        ],
                        [
                            -9.229731,
                            38.702278
                        ],
                        [
                            -9.229647,
                            38.702201
                        ],
                        [
                            -9.229744,
                            38.702111
                        ],
                        [
                            -9.229814,
                            38.701218
                        ],
                        [
                            -9.229755,
                            38.70112
                        ],
                        [
                            -9.22983,
                            38.701026
                        ],
                        [
                            -9.22986,
                            38.700647
                        ],
                        [
                            -9.229766,
                            38.700556
                        ],
                        [
                            -9.229873,
                            38.700475
                        ],
                        [
                            -9.229962,
                            38.699356
                        ]
                    ]
                ]
            },
            "properties": {
                "color": "#956709",
                "name": "Avenida dos Combatentes da Grande Guerra - Sul",
                "polygonId": "2195",
                "hasparkingpasses": "False",
                "isbillable": "True"
            },
            "id": "clxt4pji18hwc1lnrnw0egpo32195"
        },
        {
            "type": "Feature",
            "geometry": {
                "type": "Polygon",
                "coordinates": [
                    [
                        [
                            -9.229624,
                            38.700164
                        ],
                        [
                            -9.229749,
                            38.700089
                        ],
                        [
                            -9.229637,
                            38.699997
                        ],
                        [
                            -9.228566,
                            38.699956
                        ],
                        [
                            -9.228304,
                            38.700048
                        ],
                        [
                            -9.228162,
                            38.700196
                        ],
                        [
                            -9.228126,
                            38.700648
                        ],
                        [
                            -9.228108,
                            38.700872
                        ],
                        [
                            -9.228072,
                            38.701314
                        ],
                        [
                            -9.228061,
                            38.701462
                        ],
                        [
                            -9.228214,
                            38.701469
                        ],
                        [
                            -9.228271,
                            38.701406
                        ],
                        [
                            -9.228288,
                            38.701146
                        ],
                        [
                            -9.228195,
                            38.701037
                        ],
                        [
                            -9.228304,
                            38.700954
                        ],
                        [
                            -9.228313,
                            38.700835
                        ],
                        [
                            -9.228356,
                            38.700265
                        ],
                        [
                            -9.228431,
                            38.70018
                        ],
                        [
                            -9.22861,
                            38.700121
                        ],
                        [
                            -9.228807,
                            38.700129
                        ],
                        [
                            -9.228931,
                            38.700047
                        ],
                        [
                            -9.229044,
                            38.700139
                        ],
                        [
                            -9.229624,
                            38.700164
                        ]
                    ]
                ]
            },
            "properties": {
                "color": "#956709",
                "name": "Rua General Humberto Delgado",
                "polygonId": "2196",
                "hasparkingpasses": "False",
                "isbillable": "True"
            },
            "id": "clxt4pji18hwc1lnrnw0egpo32196"
        },
        {
            "type": "Feature",
            "geometry": {
                "type": "Polygon",
                "coordinates": [
                    [
                        [
                            -9.228126,
                            38.700648
                        ],
                        [
                            -9.227857,
                            38.700516
                        ],
                        [
                            -9.227774,
                            38.700404
                        ],
                        [
                            -9.227666,
                            38.699938
                        ],
                        [
                            -9.227589,
                            38.699889
                        ],
                        [
                            -9.227481,
                            38.699907
                        ],
                        [
                            -9.227445,
                            38.699974
                        ],
                        [
                            -9.227568,
                            38.700483
                        ],
                        [
                            -9.227712,
                            38.700665
                        ],
                        [
                            -9.228108,
                            38.700872
                        ],
                        [
                            -9.228126,
                            38.700648
                        ]
                    ]
                ]
            },
            "properties": {
                "color": "#956709",
                "name": "Praceta Manuel Martins",
                "polygonId": "2197",
                "hasparkingpasses": "False",
                "isbillable": "True"
            },
            "id": "clxt4pji18hwc1lnrnw0egpo32197"
        },
        {
            "type": "Feature",
            "geometry": {
                "type": "Polygon",
                "coordinates": [
                    [
                        [
                            -9.227282,
                            38.700631
                        ],
                        [
                            -9.227106,
                            38.699431
                        ],
                        [
                            -9.226808,
                            38.699462
                        ],
                        [
                            -9.226745,
                            38.700564
                        ],
                        [
                            -9.227282,
                            38.700631
                        ]
                    ]
                ]
            },
            "properties": {
                "color": "#956709",
                "name": "Avenida Humberto Mello Pereira",
                "polygonId": "2198",
                "hasparkingpasses": "False",
                "isbillable": "True"
            },
            "id": "clxt4pji18hwc1lnrnw0egpo32198"
        },
        {
            "type": "Feature",
            "geometry": {
                "type": "Polygon",
                "coordinates": [
                    [
                        [
                            -9.229631,
                            38.701116
                        ],
                        [
                            -9.229558,
                            38.701018
                        ],
                        [
                            -9.228978,
                            38.700986
                        ],
                        [
                            -9.228741,
                            38.700974
                        ],
                        [
                            -9.228304,
                            38.700954
                        ],
                        [
                            -9.228195,
                            38.701037
                        ],
                        [
                            -9.228288,
                            38.701146
                        ],
                        [
                            -9.228734,
                            38.701165
                        ],
                        [
                            -9.228964,
                            38.701179
                        ],
                        [
                            -9.229544,
                            38.701208
                        ],
                        [
                            -9.229631,
                            38.701116
                        ]
                    ]
                ]
            },
            "properties": {
                "color": "#956709",
                "name": "Rua Ernesto da Silva - Nascente",
                "polygonId": "2199",
                "hasparkingpasses": "False",
                "isbillable": "True"
            },
            "id": "clxt4pji18hwc1lnrnw0egpo32199"
        },
        {
            "type": "Feature",
            "geometry": {
                "type": "Polygon",
                "coordinates": [
                    [
                        [
                            -9.232763,
                            38.700829
                        ],
                        [
                            -9.232723,
                            38.700665
                        ],
                        [
                            -9.230919,
                            38.70093
                        ],
                        [
                            -9.230853,
                            38.701
                        ],
                        [
                            -9.230706,
                            38.700961
                        ],
                        [
                            -9.230228,
                            38.701032
                        ],
                        [
                            -9.22983,
                            38.701026
                        ],
                        [
                            -9.229755,
                            38.70112
                        ],
                        [
                            -9.229814,
                            38.701218
                        ],
                        [
                            -9.230144,
                            38.701224
                        ],
                        [
                            -9.230237,
                            38.701098
                        ],
                        [
                            -9.230358,
                            38.701196
                        ],
                        [
                            -9.230711,
                            38.701142
                        ],
                        [
                            -9.23076,
                            38.701047
                        ],
                        [
                            -9.230928,
                            38.701109
                        ],
                        [
                            -9.231515,
                            38.701019
                        ],
                        [
                            -9.231606,
                            38.70096
                        ],
                        [
                            -9.231731,
                            38.700986
                        ],
                        [
                            -9.232763,
                            38.700829
                        ]
                    ]
                ]
            },
            "properties": {
                "color": "#a52714",
                "name": "Rua Ernesto da Silva - Poente",
                "polygonId": "2200",
                "hasparkingpasses": "False",
                "isbillable": "True"
            },
            "id": "clxt4pji18hwc1lnrnw0egpo32200"
        },
        {
            "type": "Feature",
            "geometry": {
                "type": "Polygon",
                "coordinates": [
                    [
                        [
                            -9.227561,
                            38.700786
                        ],
                        [
                            -9.22744,
                            38.700763
                        ],
                        [
                            -9.227317,
                            38.700765
                        ],
                        [
                            -9.227193,
                            38.700784
                        ],
                        [
                            -9.227118,
                            38.700815
                        ],
                        [
                            -9.227051,
                            38.700859
                        ],
                        [
                            -9.227003,
                            38.70092
                        ],
                        [
                            -9.226965,
                            38.701016
                        ],
                        [
                            -9.226955,
                            38.701098
                        ],
                        [
                            -9.22696,
                            38.701175
                        ],
                        [
                            -9.226997,
                            38.701238
                        ],
                        [
                            -9.227054,
                            38.701299
                        ],
                        [
                            -9.227118,
                            38.701341
                        ],
                        [
                            -9.227193,
                            38.70138
                        ],
                        [
                            -9.227284,
                            38.701408
                        ],
                        [
                            -9.227397,
                            38.70142
                        ],
                        [
                            -9.227523,
                            38.701403
                        ],
                        [
                            -9.227655,
                            38.701355
                        ],
                        [
                            -9.22774,
                            38.701284
                        ],
                        [
                            -9.227802,
                            38.70119
                        ],
                        [
                            -9.227818,
                            38.701075
                        ],
                        [
                            -9.227791,
                            38.700978
                        ],
                        [
                            -9.227743,
                            38.700903
                        ],
                        [
                            -9.227674,
                            38.700836
                        ],
                        [
                            -9.227561,
                            38.700786
                        ]
                    ]
                ]
            },
            "properties": {
                "color": "#956709",
                "name": "Praça Manuel Martins",
                "polygonId": "2201",
                "hasparkingpasses": "False",
                "isbillable": "True"
            },
            "id": "clxt4pji18hwc1lnrnw0egpo32201"
        },
        {
            "type": "Feature",
            "geometry": {
                "type": "Polygon",
                "coordinates": [
                    [
                        [
                            -9.226817,
                            38.700643
                        ],
                        [
                            -9.226662,
                            38.700624
                        ],
                        [
                            -9.226598,
                            38.700962
                        ],
                        [
                            -9.226436,
                            38.70105
                        ],
                        [
                            -9.226102,
                            38.70167
                        ],
                        [
                            -9.226246,
                            38.701711
                        ],
                        [
                            -9.226558,
                            38.70114
                        ],
                        [
                            -9.226728,
                            38.701042
                        ],
                        [
                            -9.226817,
                            38.700643
                        ]
                    ]
                ]
            },
            "properties": {
                "color": "#a52714",
                "name": "Estrada da Circunvalação",
                "polygonId": "2202",
                "hasparkingpasses": "False",
                "isbillable": "True"
            },
            "id": "clxt4pji18hwc1lnrnw0egpo32202"
        },
        {
            "type": "Feature",
            "geometry": {
                "type": "Polygon",
                "coordinates": [
                    [
                        [
                            -9.228046,
                            38.701624
                        ],
                        [
                            -9.228061,
                            38.701462
                        ],
                        [
                            -9.228072,
                            38.701314
                        ],
                        [
                            -9.227811,
                            38.701301
                        ],
                        [
                            -9.227792,
                            38.70153
                        ],
                        [
                            -9.227454,
                            38.702048
                        ],
                        [
                            -9.227338,
                            38.702254
                        ],
                        [
                            -9.227224,
                            38.702452
                        ],
                        [
                            -9.227169,
                            38.702809
                        ],
                        [
                            -9.227071,
                            38.702802
                        ],
                        [
                            -9.227049,
                            38.702944
                        ],
                        [
                            -9.227476,
                            38.702981
                        ],
                        [
                            -9.227519,
                            38.702494
                        ],
                        [
                            -9.2276,
                            38.702284
                        ],
                        [
                            -9.22769,
                            38.702114
                        ],
                        [
                            -9.228046,
                            38.701624
                        ]
                    ]
                ]
            },
            "properties": {
                "color": "#956709",
                "name": "Avenida dos Bombeiros Voluntários de Algés - Sul",
                "polygonId": "2203",
                "hasparkingpasses": "False",
                "isbillable": "True"
            },
            "id": "clxt4pji18hwc1lnrnw0egpo32203"
        },
        {
            "type": "Feature",
            "geometry": {
                "type": "Polygon",
                "coordinates": [
                    [
                        [
                            -9.225224,
                            38.708837
                        ],
                        [
                            -9.226592,
                            38.706307
                        ],
                        [
                            -9.226933,
                            38.705676
                        ],
                        [
                            -9.2271,
                            38.70516
                        ],
                        [
                            -9.22714,
                            38.705039
                        ],
                        [
                            -9.227449,
                            38.703146
                        ],
                        [
                            -9.227356,
                            38.703059
                        ],
                        [
                            -9.227476,
                            38.702981
                        ],
                        [
                            -9.227049,
                            38.702944
                        ],
                        [
                            -9.226931,
                            38.703667
                        ],
                        [
                            -9.226838,
                            38.704223
                        ],
                        [
                            -9.226694,
                            38.704313
                        ],
                        [
                            -9.22645,
                            38.704899
                        ],
                        [
                            -9.226725,
                            38.704971
                        ],
                        [
                            -9.226519,
                            38.705566
                        ],
                        [
                            -9.225975,
                            38.706558
                        ],
                        [
                            -9.225317,
                            38.707784
                        ],
                        [
                            -9.225255,
                            38.707902
                        ],
                        [
                            -9.224827,
                            38.708704
                        ],
                        [
                            -9.225224,
                            38.708837
                        ]
                    ]
                ]
            },
            "properties": {
                "color": "#a52714",
                "name": "Avenida dos Bombeiros Voluntários de Algés - Norte",
                "polygonId": "2204",
                "hasparkingpasses": "False",
                "isbillable": "True"
            },
            "id": "clxt4pji18hwc1lnrnw0egpo32204"
        },
        {
            "type": "Feature",
            "geometry": {
                "type": "Polygon",
                "coordinates": [
                    [
                        [
                            -9.228702,
                            38.701566
                        ],
                        [
                            -9.228782,
                            38.701502
                        ],
                        [
                            -9.228712,
                            38.701425
                        ],
                        [
                            -9.228271,
                            38.701406
                        ],
                        [
                            -9.228214,
                            38.701469
                        ],
                        [
                            -9.22826,
                            38.701545
                        ],
                        [
                            -9.228702,
                            38.701566
                        ]
                    ]
                ]
            },
            "properties": {
                "color": "#956709",
                "name": "Rua Sport Algés e Dafundo",
                "polygonId": "2205",
                "hasparkingpasses": "False",
                "isbillable": "True"
            },
            "id": "clxt4pji18hwc1lnrnw0egpo32205"
        },
        {
            "type": "Feature",
            "geometry": {
                "type": "Polygon",
                "coordinates": [
                    [
                        [
                            -9.228061,
                            38.701462
                        ],
                        [
                            -9.228046,
                            38.701624
                        ],
                        [
                            -9.228002,
                            38.702113
                        ],
                        [
                            -9.228099,
                            38.702177
                        ],
                        [
                            -9.228213,
                            38.702113
                        ],
                        [
                            -9.22826,
                            38.701545
                        ],
                        [
                            -9.228214,
                            38.701469
                        ],
                        [
                            -9.228061,
                            38.701462
                        ]
                    ]
                ]
            },
            "properties": {
                "color": "#956709",
                "name": "Rua Dr. Manuel de Arriaga - Sul",
                "polygonId": "2206",
                "hasparkingpasses": "False",
                "isbillable": "True"
            },
            "id": "clxt4pji18hwc1lnrnw0egpo32206"
        },
        {
            "type": "Feature",
            "geometry": {
                "type": "MultiPolygon",
                "coordinates": [
                    [
                        [
                            [
                                -9.227953,
                                38.703892
                            ],
                            [
                                -9.228078,
                                38.703831
                            ],
                            [
                                -9.228127,
                                38.703177
                            ],
                            [
                                -9.228025,
                                38.703106
                            ],
                            [
                                -9.227908,
                                38.703167
                            ],
                            [
                                -9.22786,
                                38.703821
                            ],
                            [
                                -9.227953,
                                38.703892
                            ]
                        ]
                    ],
                    [
                        [
                            [
                                -9.227988,
                                38.702282
                            ],
                            [
                                -9.227921,
                                38.703001
                            ],
                            [
                                -9.228026,
                                38.703073
                            ],
                            [
                                -9.228143,
                                38.703011
                            ],
                            [
                                -9.228199,
                                38.702282
                            ],
                            [
                                -9.228098,
                                38.70221
                            ],
                            [
                                -9.227988,
                                38.702282
                            ]
                        ]
                    ]
                ]
            },
            "properties": {
                "color": "#a52714",
                "name": "Rua Dr. Manuel de Arriaga - Norte",
                "polygonId": "2207",
                "hasparkingpasses": "False",
                "isbillable": "True"
            },
            "id": "clxt4pji18hwc1lnrnw0egpo32207"
        },
        {
            "type": "Feature",
            "geometry": {
                "type": "MultiPolygon",
                "coordinates": [
                    [
                        [
                            [
                                -9.228877,
                                38.70228
                            ],
                            [
                                -9.229462,
                                38.702278
                            ],
                            [
                                -9.229549,
                                38.7022
                            ],
                            [
                                -9.229475,
                                38.702111
                            ],
                            [
                                -9.228889,
                                38.702112
                            ],
                            [
                                -9.228801,
                                38.702202
                            ],
                            [
                                -9.228877,
                                38.70228
                            ]
                        ]
                    ],
                    [
                        [
                            [
                                -9.2276,
                                38.702284
                            ],
                            [
                                -9.227988,
                                38.702282
                            ],
                            [
                                -9.228098,
                                38.70221
                            ],
                            [
                                -9.228199,
                                38.702282
                            ],
                            [
                                -9.228649,
                                38.70228
                            ],
                            [
                                -9.228724,
                                38.702202
                            ],
                            [
                                -9.228661,
                                38.702111
                            ],
                            [
                                -9.228213,
                                38.702113
                            ],
                            [
                                -9.228099,
                                38.702177
                            ],
                            [
                                -9.228002,
                                38.702113
                            ],
                            [
                                -9.22769,
                                38.702114
                            ],
                            [
                                -9.2276,
                                38.702284
                            ]
                        ]
                    ]
                ]
            },
            "properties": {
                "color": "#956709",
                "name": "Rua Dr. António Granjo - Nascente",
                "polygonId": "2208",
                "hasparkingpasses": "False",
                "isbillable": "True"
            },
            "id": "clxt4pji18hwc1lnrnw0egpo32208"
        },
        {
            "type": "Feature",
            "geometry": {
                "type": "Polygon",
                "coordinates": [
                    [
                        [
                            -9.229647,
                            38.702201
                        ],
                        [
                            -9.229731,
                            38.702278
                        ],
                        [
                            -9.230146,
                            38.702278
                        ],
                        [
                            -9.230205,
                            38.702205
                        ],
                        [
                            -9.230358,
                            38.702206
                        ],
                        [
                            -9.231212,
                            38.701573
                        ],
                        [
                            -9.231185,
                            38.701472
                        ],
                        [
                            -9.231071,
                            38.701452
                        ],
                        [
                            -9.230358,
                            38.701994
                        ],
                        [
                            -9.230294,
                            38.702106
                        ],
                        [
                            -9.230145,
                            38.702111
                        ],
                        [
                            -9.229744,
                            38.702111
                        ],
                        [
                            -9.229647,
                            38.702201
                        ]
                    ]
                ]
            },
            "properties": {
                "color": "#a52714",
                "name": "Rua Dr. António Granjo - Poente",
                "polygonId": "2209",
                "hasparkingpasses": "False",
                "isbillable": "True"
            },
            "id": "clxt4pji18hwc1lnrnw0egpo32209"
        },
        {
            "type": "Feature",
            "geometry": {
                "type": "MultiPolygon",
                "coordinates": [
                    [
                        [
                            [
                                -9.228649,
                                38.70228
                            ],
                            [
                                -9.228877,
                                38.70228
                            ],
                            [
                                -9.228801,
                                38.702202
                            ],
                            [
                                -9.228889,
                                38.702112
                            ],
                            [
                                -9.228964,
                                38.701179
                            ],
                            [
                                -9.228734,
                                38.701165
                            ],
                            [
                                -9.228712,
                                38.701425
                            ],
                            [
                                -9.228782,
                                38.701502
                            ],
                            [
                                -9.228702,
                                38.701566
                            ],
                            [
                                -9.228661,
                                38.702111
                            ],
                            [
                                -9.228724,
                                38.702202
                            ],
                            [
                                -9.228649,
                                38.70228
                            ]
                        ]
                    ],
                    [
                        [
                            [
                                -9.228741,
                                38.700974
                            ],
                            [
                                -9.228978,
                                38.700986
                            ],
                            [
                                -9.229044,
                                38.700139
                            ],
                            [
                                -9.228931,
                                38.700047
                            ],
                            [
                                -9.228807,
                                38.700129
                            ],
                            [
                                -9.228741,
                                38.700974
                            ]
                        ]
                    ]
                ]
            },
            "properties": {
                "color": "#956709",
                "name": "Rua Luís de Camões - Sul",
                "polygonId": "2210",
                "hasparkingpasses": "False",
                "isbillable": "True"
            },
            "id": "clxt4pji18hwc1lnrnw0egpo32210"
        },
        {
            "type": "Feature",
            "geometry": {
                "type": "Polygon",
                "coordinates": [
                    [
                        [
                            -9.228637,
                            38.705389
                        ],
                        [
                            -9.228704,
                            38.704507
                        ],
                        [
                            -9.228634,
                            38.704423
                        ],
                        [
                            -9.228717,
                            38.70434
                        ],
                        [
                            -9.228742,
                            38.704017
                        ],
                        [
                            -9.228673,
                            38.703934
                        ],
                        [
                            -9.228754,
                            38.703862
                        ],
                        [
                            -9.228805,
                            38.703208
                        ],
                        [
                            -9.228728,
                            38.70312
                        ],
                        [
                            -9.228818,
                            38.703041
                        ],
                        [
                            -9.228877,
                            38.70228
                        ],
                        [
                            -9.228649,
                            38.70228
                        ],
                        [
                            -9.228595,
                            38.70303
                        ],
                        [
                            -9.228673,
                            38.703117
                        ],
                        [
                            -9.228583,
                            38.703196
                        ],
                        [
                            -9.228535,
                            38.703851
                        ],
                        [
                            -9.228599,
                            38.703929
                        ],
                        [
                            -9.228524,
                            38.704005
                        ],
                        [
                            -9.228501,
                            38.704329
                        ],
                        [
                            -9.228555,
                            38.70442
                        ],
                        [
                            -9.228489,
                            38.704496
                        ],
                        [
                            -9.228444,
                            38.705125
                        ],
                        [
                            -9.228637,
                            38.705389
                        ]
                    ]
                ]
            },
            "properties": {
                "color": "#a52714",
                "name": "Rua Luís de Camões - Norte",
                "polygonId": "2211",
                "hasparkingpasses": "False",
                "isbillable": "True"
            },
            "id": "clxt4pji18hwc1lnrnw0egpo32211"
        },
        {
            "type": "Feature",
            "geometry": {
                "type": "Polygon",
                "coordinates": [
                    [
                        [
                            -9.227077,
                            38.709843
                        ],
                        [
                            -9.22672,
                            38.709337
                        ],
                        [
                            -9.226294,
                            38.7096
                        ],
                        [
                            -9.226737,
                            38.71016
                        ],
                        [
                            -9.227077,
                            38.709843
                        ]
                    ]
                ]
            },
            "properties": {
                "color": "#a52714",
                "name": "Avenida General Norton de Matos - Bolsa Escola",
                "polygonId": "2212",
                "hasparkingpasses": "False",
                "isbillable": "True"
            },
            "id": "clxt4pji18hwc1lnrnw0egpo32212"
        },
        {
            "type": "Feature",
            "geometry": {
                "type": "Polygon",
                "coordinates": [
                    [
                        [
                            -9.227373,
                            38.709983
                        ],
                        [
                            -9.228097,
                            38.709103
                        ],
                        [
                            -9.228112,
                            38.708961
                        ],
                        [
                            -9.228273,
                            38.708888
                        ],
                        [
                            -9.228482,
                            38.708583
                        ],
                        [
                            -9.228196,
                            38.708454
                        ],
                        [
                            -9.227077,
                            38.709843
                        ],
                        [
                            -9.226737,
                            38.71016
                        ],
                        [
                            -9.226356,
                            38.710587
                        ],
                        [
                            -9.226637,
                            38.71076
                        ],
                        [
                            -9.227373,
                            38.709983
                        ]
                    ]
                ]
            },
            "properties": {
                "color": "#a52714",
                "name": "Avenida General Norton de Matos - Sul",
                "polygonId": "2213",
                "hasparkingpasses": "False",
                "isbillable": "True"
            },
            "id": "clxt4pji18hwc1lnrnw0egpo32213"
        },
        {
            "type": "Feature",
            "geometry": {
                "type": "Polygon",
                "coordinates": [
                    [
                        [
                            -9.226205,
                            38.711133
                        ],
                        [
                            -9.2259,
                            38.710972
                        ],
                        [
                            -9.225477,
                            38.711648
                        ],
                        [
                            -9.225319,
                            38.711925
                        ],
                        [
                            -9.225157,
                            38.712715
                        ],
                        [
                            -9.225187,
                            38.712874
                        ],
                        [
                            -9.224946,
                            38.713377
                        ],
                        [
                            -9.225285,
                            38.713458
                        ],
                        [
                            -9.225407,
                            38.713012
                        ],
                        [
                            -9.225422,
                            38.712911
                        ],
                        [
                            -9.225457,
                            38.712825
                        ],
                        [
                            -9.225676,
                            38.712012
                        ],
                        [
                            -9.225763,
                            38.711839
                        ],
                        [
                            -9.225852,
                            38.71166
                        ],
                        [
                            -9.226205,
                            38.711133
                        ]
                    ]
                ]
            },
            "properties": {
                "color": "#956709",
                "name": "Avenida General Norton de Matos - Norte",
                "polygonId": "2214",
                "hasparkingpasses": "False",
                "isbillable": "True"
            },
            "id": "clxt4pji18hwc1lnrnw0egpo32214"
        },
        {
            "type": "Feature",
            "geometry": {
                "type": "Polygon",
                "coordinates": [
                    [
                        [
                            -9.314026,
                            38.685501
                        ],
                        [
                            -9.314038,
                            38.685029
                        ],
                        [
                            -9.313952,
                            38.685034
                        ],
                        [
                            -9.313936,
                            38.684852
                        ],
                        [
                            -9.313852,
                            38.684808
                        ],
                        [
                            -9.313802,
                            38.684373
                        ],
                        [
                            -9.313457,
                            38.684716
                        ],
                        [
                            -9.313606,
                            38.684817
                        ],
                        [
                            -9.313434,
                            38.684968
                        ],
                        [
                            -9.314026,
                            38.685501
                        ]
                    ]
                ]
            },
            "properties": {
                "color": "#a52714",
                "name": "Rua José Diogo da Silva (Bolsa)",
                "polygonId": "2222",
                "hasparkingpasses": "False",
                "isbillable": "True"
            },
            "id": "clxt4pji18hwc1lnrnw0egpo32222"
        },
        {
            "type": "Feature",
            "geometry": {
                "type": "Polygon",
                "coordinates": [
                    [
                        [
                            -9.313573,
                            38.69223
                        ],
                        [
                            -9.313905,
                            38.691815
                        ],
                        [
                            -9.313721,
                            38.691386
                        ],
                        [
                            -9.314164,
                            38.689813
                        ],
                        [
                            -9.314708,
                            38.688645
                        ],
                        [
                            -9.314949,
                            38.688449
                        ],
                        [
                            -9.314895,
                            38.686782
                        ],
                        [
                            -9.314475,
                            38.686866
                        ],
                        [
                            -9.314505,
                            38.687142
                        ],
                        [
                            -9.314612,
                            38.687193
                        ],
                        [
                            -9.314496,
                            38.687252
                        ],
                        [
                            -9.314539,
                            38.688181
                        ],
                        [
                            -9.313834,
                            38.689789
                        ],
                        [
                            -9.313412,
                            38.691307
                        ],
                        [
                            -9.313573,
                            38.69223
                        ]
                    ]
                ]
            },
            "properties": {
                "color": "#a52714",
                "name": "Rua José Diogo da Silva (Norte)",
                "polygonId": "2223",
                "hasparkingpasses": "True",
                "isbillable": "True"
            },
            "id": "clxt4pji18hwc1lnrnw0egpo32223"
        },
        {
            "type": "Feature",
            "geometry": {
                "type": "Polygon",
                "coordinates": [
                    [
                        [
                            -9.314475,
                            38.686866
                        ],
                        [
                            -9.314895,
                            38.686782
                        ],
                        [
                            -9.314026,
                            38.685501
                        ],
                        [
                            -9.313434,
                            38.684968
                        ],
                        [
                            -9.313325,
                            38.684864
                        ],
                        [
                            -9.313044,
                            38.685068
                        ],
                        [
                            -9.313648,
                            38.685632
                        ],
                        [
                            -9.314475,
                            38.686866
                        ]
                    ]
                ]
            },
            "properties": {
                "color": "#a52714",
                "name": "Rua José Diogo da Silva (Sul)",
                "polygonId": "2224",
                "hasparkingpasses": "False",
                "isbillable": "True"
            },
            "id": "clxt4pji18hwc1lnrnw0egpo32224"
        },
        {
            "type": "Feature",
            "geometry": {
                "type": "Polygon",
                "coordinates": [
                    [
                        [
                            -9.230672,
                            38.695808
                        ],
                        [
                            -9.230309,
                            38.695668
                        ],
                        [
                            -9.229223,
                            38.697618
                        ],
                        [
                            -9.229431,
                            38.697646
                        ],
                        [
                            -9.229598,
                            38.697757
                        ],
                        [
                            -9.230571,
                            38.69599
                        ],
                        [
                            -9.230672,
                            38.695808
                        ]
                    ]
                ]
            },
            "properties": {
                "color": "#a52714",
                "name": "Av Dr Alfredo Magalhães Ramalho - Nascente",
                "polygonId": "2241",
                "hasparkingpasses": "False",
                "isbillable": "True"
            },
            "id": "clxt4pji18hwc1lnrnw0egpo32241"
        },
        {
            "type": "Feature",
            "geometry": {
                "type": "Polygon",
                "coordinates": [
                    [
                        [
                            -9.23167,
                            38.698527
                        ],
                        [
                            -9.231664,
                            38.69831
                        ],
                        [
                            -9.231446,
                            38.69831
                        ],
                        [
                            -9.230544,
                            38.698287
                        ],
                        [
                            -9.229842,
                            38.698179
                        ],
                        [
                            -9.229637,
                            38.698031
                        ],
                        [
                            -9.22963,
                            38.697887
                        ],
                        [
                            -9.229598,
                            38.697757
                        ],
                        [
                            -9.229431,
                            38.697646
                        ],
                        [
                            -9.229223,
                            38.697618
                        ],
                        [
                            -9.22904,
                            38.697657
                        ],
                        [
                            -9.228909,
                            38.697771
                        ],
                        [
                            -9.228847,
                            38.697927
                        ],
                        [
                            -9.228943,
                            38.6981
                        ],
                        [
                            -9.229122,
                            38.698189
                        ],
                        [
                            -9.229342,
                            38.698182
                        ],
                        [
                            -9.229513,
                            38.698308
                        ],
                        [
                            -9.229698,
                            38.698392
                        ],
                        [
                            -9.230486,
                            38.698507
                        ],
                        [
                            -9.23167,
                            38.698527
                        ]
                    ]
                ]
            },
            "properties": {
                "color": "#a52714",
                "name": "Av Dr Alfredo Magalhães Ramalho - Norte",
                "polygonId": "2242",
                "hasparkingpasses": "False",
                "isbillable": "True"
            },
            "id": "clxt4pji18hwc1lnrnw0egpo32242"
        },
        {
            "type": "Feature",
            "geometry": {
                "type": "Polygon",
                "coordinates": [
                    [
                        [
                            -9.228943,
                            38.6981
                        ],
                        [
                            -9.228847,
                            38.697927
                        ],
                        [
                            -9.228645,
                            38.697959
                        ],
                        [
                            -9.228018,
                            38.697796
                        ],
                        [
                            -9.227182,
                            38.69754
                        ],
                        [
                            -9.226435,
                            38.697202
                        ],
                        [
                            -9.226311,
                            38.697348
                        ],
                        [
                            -9.227078,
                            38.697699
                        ],
                        [
                            -9.227956,
                            38.697963
                        ],
                        [
                            -9.228704,
                            38.698148
                        ],
                        [
                            -9.228943,
                            38.6981
                        ]
                    ]
                ]
            },
            "properties": {
                "color": "#a52714",
                "name": "Av Dr Alfredo Magalhães Ramalho - (Av. Brasília)",
                "polygonId": "2243",
                "hasparkingpasses": "False",
                "isbillable": "True"
            },
            "id": "clxt4pji18hwc1lnrnw0egpo32243"
        },
        {
            "type": "Feature",
            "geometry": {
                "type": "Polygon",
                "coordinates": [
                    [
                        [
                            -9.231664,
                            38.69831
                        ],
                        [
                            -9.232473,
                            38.69831
                        ],
                        [
                            -9.23246,
                            38.696399
                        ],
                        [
                            -9.231644,
                            38.696393
                        ],
                        [
                            -9.231664,
                            38.69831
                        ]
                    ]
                ]
            },
            "properties": {
                "color": "#097138",
                "name": "Av Dr Alfredo Magalhães Ramalho - PQ Pinheiros",
                "polygonId": "2244",
                "hasparkingpasses": "False",
                "isbillable": "True"
            },
            "id": "clxt4pji18hwc1lnrnw0egpo32244"
        },
        {
            "type": "Feature",
            "geometry": {
                "type": "Polygon",
                "coordinates": [
                    [
                        [
                            -9.231664,
                            38.69831
                        ],
                        [
                            -9.231644,
                            38.696393
                        ],
                        [
                            -9.231351,
                            38.696463
                        ],
                        [
                            -9.231395,
                            38.696544
                        ],
                        [
                            -9.231427,
                            38.696688
                        ],
                        [
                            -9.231446,
                            38.69831
                        ],
                        [
                            -9.231664,
                            38.69831
                        ]
                    ]
                ]
            },
            "properties": {
                "color": "#a52714",
                "name": "Av Dr Alfredo Magalhães Ramalho - Poente",
                "polygonId": "2245",
                "hasparkingpasses": "False",
                "isbillable": "True"
            },
            "id": "clxt4pji18hwc1lnrnw0egpo32245"
        },
        {
            "type": "Feature",
            "geometry": {
                "type": "Polygon",
                "coordinates": [
                    [
                        [
                            -9.231351,
                            38.696463
                        ],
                        [
                            -9.231644,
                            38.696393
                        ],
                        [
                            -9.231583,
                            38.696316
                        ],
                        [
                            -9.230672,
                            38.695808
                        ],
                        [
                            -9.230571,
                            38.69599
                        ],
                        [
                            -9.231351,
                            38.696463
                        ]
                    ]
                ]
            },
            "properties": {
                "color": "#a52714",
                "name": "Av Dr Alfredo Magalhães Ramalho - Sul",
                "polygonId": "2246",
                "hasparkingpasses": "False",
                "isbillable": "True"
            },
            "id": "clxt4pji18hwc1lnrnw0egpo32246"
        },
        {
            "type": "Feature",
            "geometry": {
                "type": "Polygon",
                "coordinates": [
                    [
                        [
                            -9.232104,
                            38.712455
                        ],
                        [
                            -9.232061,
                            38.712098
                        ],
                        [
                            -9.231996,
                            38.711706
                        ],
                        [
                            -9.231951,
                            38.711106
                        ],
                        [
                            -9.231643,
                            38.711127
                        ],
                        [
                            -9.231701,
                            38.711751
                        ],
                        [
                            -9.231769,
                            38.712141
                        ],
                        [
                            -9.231797,
                            38.712416
                        ],
                        [
                            -9.232104,
                            38.712455
                        ]
                    ]
                ]
            },
            "properties": {
                "color": "#a52714",
                "name": "Rua Quinta de Santa Marta",
                "polygonId": "2303",
                "hasparkingpasses": "False",
                "isbillable": "True"
            },
            "id": "clxt4pji18hwc1lnrnw0egpo32303"
        },
        {
            "type": "Feature",
            "geometry": {
                "type": "Polygon",
                "coordinates": [
                    [
                        [
                            -9.235111,
                            38.723321
                        ],
                        [
                            -9.235574,
                            38.723255
                        ],
                        [
                            -9.235818,
                            38.72322
                        ],
                        [
                            -9.236673,
                            38.7231
                        ],
                        [
                            -9.236966,
                            38.723058
                        ],
                        [
                            -9.238228,
                            38.722876
                        ],
                        [
                            -9.238177,
                            38.722657
                        ],
                        [
                            -9.2351,
                            38.723106
                        ],
                        [
                            -9.235111,
                            38.723321
                        ]
                    ]
                ]
            },
            "properties": {
                "color": "#a52714",
                "name": "Rua da Fraternidade Operária",
                "polygonId": "2336",
                "hasparkingpasses": "False",
                "isbillable": "True"
            },
            "id": "clxt4pji18hwc1lnrnw0egpo32336"
        },
        {
            "type": "Feature",
            "geometry": {
                "type": "Polygon",
                "coordinates": [
                    [
                        [
                            -9.237343,
                            38.724501
                        ],
                        [
                            -9.236966,
                            38.723058
                        ],
                        [
                            -9.236673,
                            38.7231
                        ],
                        [
                            -9.237061,
                            38.724542
                        ],
                        [
                            -9.237343,
                            38.724501
                        ]
                    ]
                ]
            },
            "properties": {
                "color": "#a52714",
                "name": "Rua da Barruncheira",
                "polygonId": "2337",
                "hasparkingpasses": "False",
                "isbillable": "True"
            },
            "id": "clxt4pji18hwc1lnrnw0egpo32337"
        },
        {
            "type": "Feature",
            "geometry": {
                "type": "Polygon",
                "coordinates": [
                    [
                        [
                            -9.237343,
                            38.724501
                        ],
                        [
                            -9.237061,
                            38.724542
                        ],
                        [
                            -9.236482,
                            38.724488
                        ],
                        [
                            -9.23645,
                            38.724755
                        ],
                        [
                            -9.23709,
                            38.724819
                        ],
                        [
                            -9.238642,
                            38.724587
                        ],
                        [
                            -9.238578,
                            38.7243
                        ],
                        [
                            -9.237343,
                            38.724501
                        ]
                    ]
                ]
            },
            "properties": {
                "color": "#a52714",
                "name": "Rua Moinho da Barruncheira",
                "polygonId": "2338",
                "hasparkingpasses": "False",
                "isbillable": "True"
            },
            "id": "clxt4pji18hwc1lnrnw0egpo32338"
        },
        {
            "type": "Feature",
            "geometry": {
                "type": "Polygon",
                "coordinates": [
                    [
                        [
                            -9.235692,
                            38.724551
                        ],
                        [
                            -9.235742,
                            38.724119
                        ],
                        [
                            -9.235699,
                            38.72404
                        ],
                        [
                            -9.235818,
                            38.72322
                        ],
                        [
                            -9.235574,
                            38.723255
                        ],
                        [
                            -9.235477,
                            38.724021
                        ],
                        [
                            -9.235401,
                            38.724098
                        ],
                        [
                            -9.235341,
                            38.724525
                        ],
                        [
                            -9.235692,
                            38.724551
                        ]
                    ]
                ]
            },
            "properties": {
                "color": "#a52714",
                "name": "Rua Ernesto da Silva",
                "polygonId": "2339",
                "hasparkingpasses": "False",
                "isbillable": "True"
            },
            "id": "clxt4pji18hwc1lnrnw0egpo32339"
        },
        {
            "type": "Feature",
            "geometry": {
                "type": "Polygon",
                "coordinates": [
                    [
                        [
                            -9.23906,
                            38.7249
                        ],
                        [
                            -9.238966,
                            38.724532
                        ],
                        [
                            -9.238898,
                            38.724258
                        ],
                        [
                            -9.238497,
                            38.722612
                        ],
                        [
                            -9.238177,
                            38.722657
                        ],
                        [
                            -9.238228,
                            38.722876
                        ],
                        [
                            -9.238578,
                            38.7243
                        ],
                        [
                            -9.238642,
                            38.724587
                        ],
                        [
                            -9.238733,
                            38.724942
                        ],
                        [
                            -9.23906,
                            38.7249
                        ]
                    ]
                ]
            },
            "properties": {
                "color": "#a52714",
                "name": "Rua da Garagem",
                "polygonId": "2340",
                "hasparkingpasses": "False",
                "isbillable": "True"
            },
            "id": "clxt4pji18hwc1lnrnw0egpo32340"
        },
        {
            "type": "Feature",
            "geometry": {
                "type": "Polygon",
                "coordinates": [
                    [
                        [
                            -9.227329,
                            38.705807
                        ],
                        [
                            -9.227005,
                            38.706443
                        ],
                        [
                            -9.226803,
                            38.706869
                        ],
                        [
                            -9.22758,
                            38.707095
                        ],
                        [
                            -9.227969,
                            38.706068
                        ],
                        [
                            -9.22753,
                            38.705967
                        ],
                        [
                            -9.227569,
                            38.705865
                        ],
                        [
                            -9.227329,
                            38.705807
                        ]
                    ]
                ]
            },
            "properties": {
                "color": "#a52714",
                "name": "Parque da Ribeira II de Algés",
                "polygonId": "2350",
                "hasparkingpasses": "False",
                "isbillable": "True"
            },
            "id": "clxt4pji18hwc1lnrnw0egpo32350"
        },
        {
            "type": "Feature",
            "geometry": {
                "type": "Polygon",
                "coordinates": [
                    [
                        [
                            -9.243106,
                            38.724495
                        ],
                        [
                            -9.243261,
                            38.72434
                        ],
                        [
                            -9.242926,
                            38.722827
                        ],
                        [
                            -9.242526,
                            38.722891
                        ],
                        [
                            -9.242898,
                            38.724415
                        ],
                        [
                            -9.243106,
                            38.724495
                        ]
                    ]
                ]
            },
            "properties": {
                "color": "#097138",
                "name": "Impasse - Est. da Outurela - Cem. Carnaxide",
                "polygonId": "2956",
                "hasparkingpasses": "True",
                "isbillable": "True"
            },
            "id": "clxt4pji18hwc1lnrnw0egpo32956"
        },
        {
            "type": "Feature",
            "geometry": {
                "type": "Polygon",
                "coordinates": [
                    [
                        [
                            -9.229206,
                            38.707033
                        ],
                        [
                            -9.229481,
                            38.706833
                        ],
                        [
                            -9.229149,
                            38.706469
                        ],
                        [
                            -9.229,
                            38.705847
                        ],
                        [
                            -9.228694,
                            38.705914
                        ],
                        [
                            -9.228612,
                            38.70612
                        ],
                        [
                            -9.228857,
                            38.706655
                        ],
                        [
                            -9.229206,
                            38.707033
                        ]
                    ]
                ]
            },
            "properties": {
                "color": "#a52714",
                "name": "Calçada do Rio - Norte",
                "polygonId": "2957",
                "hasparkingpasses": "True",
                "isbillable": "True"
            },
            "id": "clxt4pji18hwc1lnrnw0egpo32957"
        },
        {
            "type": "Feature",
            "geometry": {
                "type": "Polygon",
                "coordinates": [
                    [
                        [
                            -9.31842,
                            38.693952
                        ],
                        [
                            -9.318962,
                            38.693907
                        ],
                        [
                            -9.318442,
                            38.693215
                        ],
                        [
                            -9.318605,
                            38.691192
                        ],
                        [
                            -9.318289,
                            38.691178
                        ],
                        [
                            -9.318114,
                            38.692908
                        ],
                        [
                            -9.31793,
                            38.692898
                        ],
                        [
                            -9.317889,
                            38.693519
                        ],
                        [
                            -9.3181,
                            38.693525
                        ],
                        [
                            -9.31842,
                            38.693952
                        ]
                    ]
                ]
            },
            "properties": {
                "color": "#097138",
                "name": "Avenida Salvador Allende - Norte",
                "polygonId": "2958",
                "hasparkingpasses": "True",
                "isbillable": "True"
            },
            "id": "clxt4pji18hwc1lnrnw0egpo32958"
        },
        {
            "type": "Feature",
            "geometry": {
                "type": "Polygon",
                "coordinates": [
                    [
                        [
                            -9.316503,
                            38.683846
                        ],
                        [
                            -9.316491,
                            38.683715
                        ],
                        [
                            -9.316075,
                            38.683217
                        ],
                        [
                            -9.316103,
                            38.682756
                        ],
                        [
                            -9.315994,
                            38.68258
                        ],
                        [
                            -9.315771,
                            38.682849
                        ],
                        [
                            -9.315785,
                            38.68388
                        ],
                        [
                            -9.316211,
                            38.683859
                        ],
                        [
                            -9.316503,
                            38.683846
                        ]
                    ]
                ]
            },
            "properties": {
                "color": "#a52714",
                "name": "Rua Piedade Franco Rodrigues",
                "polygonId": "2959",
                "hasparkingpasses": "True",
                "isbillable": "True"
            },
            "id": "clxt4pji18hwc1lnrnw0egpo32959"
        },
        {
            "type": "Feature",
            "geometry": {
                "type": "Polygon",
                "coordinates": [
                    [
                        [
                            -9.316309,
                            38.685646
                        ],
                        [
                            -9.316285,
                            38.685395
                        ],
                        [
                            -9.31599,
                            38.685093
                        ],
                        [
                            -9.315985,
                            38.683967
                        ],
                        [
                            -9.315792,
                            38.683971
                        ],
                        [
                            -9.315791,
                            38.685141
                        ],
                        [
                            -9.316309,
                            38.685646
                        ]
                    ]
                ]
            },
            "properties": {
                "color": "#097138",
                "name": "Rua da Torre",
                "polygonId": "2960",
                "hasparkingpasses": "True",
                "isbillable": "True"
            },
            "id": "clxt4pji18hwc1lnrnw0egpo32960"
        },
        {
            "type": "Feature",
            "geometry": {
                "type": "Polygon",
                "coordinates": [
                    [
                        [
                            -9.315791,
                            38.685141
                        ],
                        [
                            -9.315792,
                            38.683971
                        ],
                        [
                            -9.315985,
                            38.683967
                        ],
                        [
                            -9.31622,
                            38.683956
                        ],
                        [
                            -9.316211,
                            38.683859
                        ],
                        [
                            -9.315785,
                            38.68388
                        ],
                        [
                            -9.315439,
                            38.683894
                        ],
                        [
                            -9.315447,
                            38.684933
                        ],
                        [
                            -9.315791,
                            38.685141
                        ]
                    ]
                ]
            },
            "properties": {
                "color": "#097138",
                "name": "Rua Inês de Castro",
                "polygonId": "2961",
                "hasparkingpasses": "True",
                "isbillable": "True"
            },
            "id": "clxt4pji18hwc1lnrnw0egpo32961"
        },
        {
            "type": "Feature",
            "geometry": {
                "type": "Polygon",
                "coordinates": [
                    [
                        [
                            -9.316684,
                            38.684613
                        ],
                        [
                            -9.316646,
                            38.684033
                        ],
                        [
                            -9.316522,
                            38.684043
                        ],
                        [
                            -9.316514,
                            38.683977
                        ],
                        [
                            -9.316343,
                            38.683987
                        ],
                        [
                            -9.316171,
                            38.683997
                        ],
                        [
                            -9.316213,
                            38.684642
                        ],
                        [
                            -9.316684,
                            38.684613
                        ]
                    ]
                ]
            },
            "properties": {
                "color": "#097138",
                "name": "Impasse à Rua Infanta Dona Isabel",
                "polygonId": "2962",
                "hasparkingpasses": "True",
                "isbillable": "True"
            },
            "id": "clxt4pji18hwc1lnrnw0egpo32962"
        },
        {
            "type": "Feature",
            "geometry": {
                "type": "Polygon",
                "coordinates": [
                    [
                        [
                            -9.237626,
                            38.717169
                        ],
                        [
                            -9.239119,
                            38.718328
                        ],
                        [
                            -9.239237,
                            38.718242
                        ],
                        [
                            -9.239144,
                            38.718157
                        ],
                        [
                            -9.239175,
                            38.71805
                        ],
                        [
                            -9.238808,
                            38.717766
                        ],
                        [
                            -9.238636,
                            38.717734
                        ],
                        [
                            -9.238584,
                            38.717593
                        ],
                        [
                            -9.237931,
                            38.717088
                        ],
                        [
                            -9.237626,
                            38.717169
                        ]
                    ]
                ]
            },
            "properties": {
                "color": "#a52714",
                "name": "Rua Alexandre Herculano",
                "polygonId": "1111",
                "hasparkingpasses": "True",
                "isbillable": "True"
            },
            "id": "clxt4pji18hwc1lnrnw0egpo31111"
        },
        {
            "type": "Feature",
            "geometry": {
                "type": "Polygon",
                "coordinates": [
                    [
                        [
                            -9.239237,
                            38.718242
                        ],
                        [
                            -9.239788,
                            38.717864
                        ],
                        [
                            -9.239642,
                            38.717729
                        ],
                        [
                            -9.239175,
                            38.71805
                        ],
                        [
                            -9.239144,
                            38.718157
                        ],
                        [
                            -9.239237,
                            38.718242
                        ]
                    ]
                ]
            },
            "properties": {
                "color": "#a52714",
                "name": "Rua Jacinto Soares de Albergaria",
                "polygonId": "1121",
                "hasparkingpasses": "True",
                "isbillable": "True"
            },
            "id": "clxt4pji18hwc1lnrnw0egpo31121"
        },
        {
            "type": "Feature",
            "geometry": {
                "type": "Polygon",
                "coordinates": [
                    [
                        [
                            -9.294521,
                            38.697659
                        ],
                        [
                            -9.294139,
                            38.696921
                        ],
                        [
                            -9.293999,
                            38.696908
                        ],
                        [
                            -9.293945,
                            38.696998
                        ],
                        [
                            -9.294327,
                            38.6977
                        ],
                        [
                            -9.294473,
                            38.697774
                        ],
                        [
                            -9.294521,
                            38.697659
                        ]
                    ]
                ]
            },
            "properties": {
                "color": "#a52714",
                "name": "Rua José Moreira Rato",
                "polygonId": "1122",
                "hasparkingpasses": "True",
                "isbillable": "True"
            },
            "id": "clxt4pji18hwc1lnrnw0egpo31122"
        },
        {
            "type": "Feature",
            "geometry": {
                "type": "Polygon",
                "coordinates": [
                    [
                        [
                            -9.239721,
                            38.71721
                        ],
                        [
                            -9.239609,
                            38.716976
                        ],
                        [
                            -9.23925,
                            38.717091
                        ],
                        [
                            -9.23917,
                            38.717151
                        ],
                        [
                            -9.239052,
                            38.717278
                        ],
                        [
                            -9.23896,
                            38.717309
                        ],
                        [
                            -9.238584,
                            38.717593
                        ],
                        [
                            -9.238636,
                            38.717734
                        ],
                        [
                            -9.238808,
                            38.717766
                        ],
                        [
                            -9.239372,
                            38.717317
                        ],
                        [
                            -9.239721,
                            38.71721
                        ]
                    ]
                ]
            },
            "properties": {
                "color": "#a52714",
                "name": "Rua João Apolinário",
                "polygonId": "1136",
                "hasparkingpasses": "True",
                "isbillable": "True"
            },
            "id": "clxt4pji18hwc1lnrnw0egpo31136"
        },
        {
            "type": "Feature",
            "geometry": {
                "type": "Polygon",
                "coordinates": [
                    [
                        [
                            -9.29657,
                            38.697631
                        ],
                        [
                            -9.296535,
                            38.69743
                        ],
                        [
                            -9.294521,
                            38.697659
                        ],
                        [
                            -9.294473,
                            38.697774
                        ],
                        [
                            -9.294514,
                            38.697859
                        ],
                        [
                            -9.29657,
                            38.697631
                        ]
                    ]
                ]
            },
            "properties": {
                "color": "#a52714",
                "name": "Rua Manuel Pinhanços",
                "polygonId": "1150",
                "hasparkingpasses": "True",
                "isbillable": "True"
            },
            "id": "clxt4pji18hwc1lnrnw0egpo31150"
        },
        {
            "type": "Feature",
            "geometry": {
                "type": "Polygon",
                "coordinates": [
                    [
                        [
                            -9.294327,
                            38.6977
                        ],
                        [
                            -9.293616,
                            38.697788
                        ],
                        [
                            -9.293712,
                            38.697966
                        ],
                        [
                            -9.294514,
                            38.697859
                        ],
                        [
                            -9.294473,
                            38.697774
                        ],
                        [
                            -9.294327,
                            38.6977
                        ]
                    ]
                ]
            },
            "properties": {
                "color": "#a52714",
                "name": "Rua Maestro Ferrer Trindade",
                "polygonId": "1155",
                "hasparkingpasses": "True",
                "isbillable": "True"
            },
            "id": "clxt4pji18hwc1lnrnw0egpo31155"
        },
        {
            "type": "Feature",
            "geometry": {
                "type": "Polygon",
                "coordinates": [
                    [
                        [
                            -9.23872,
                            38.716744
                        ],
                        [
                            -9.23896,
                            38.717309
                        ],
                        [
                            -9.239052,
                            38.717278
                        ],
                        [
                            -9.23917,
                            38.717151
                        ],
                        [
                            -9.238958,
                            38.716686
                        ],
                        [
                            -9.238782,
                            38.71659
                        ],
                        [
                            -9.23872,
                            38.716744
                        ]
                    ]
                ]
            },
            "properties": {
                "color": "#a52714",
                "name": "Rua Central Park",
                "polygonId": "1156",
                "hasparkingpasses": "True",
                "isbillable": "True"
            },
            "id": "clxt4pji18hwc1lnrnw0egpo31156"
        },
        {
            "type": "Feature",
            "geometry": {
                "type": "Polygon",
                "coordinates": [
                    [
                        [
                            -9.243437,
                            38.724603
                        ],
                        [
                            -9.243281,
                            38.724481
                        ],
                        [
                            -9.243261,
                            38.72434
                        ],
                        [
                            -9.243106,
                            38.724495
                        ],
                        [
                            -9.242898,
                            38.724415
                        ],
                        [
                            -9.242046,
                            38.724599
                        ],
                        [
                            -9.241435,
                            38.724872
                        ],
                        [
                            -9.240937,
                            38.724967
                        ],
                        [
                            -9.240083,
                            38.725096
                        ],
                        [
                            -9.23925,
                            38.725266
                        ],
                        [
                            -9.237854,
                            38.725279
                        ],
                        [
                            -9.234943,
                            38.724888
                        ],
                        [
                            -9.234891,
                            38.725138
                        ],
                        [
                            -9.234992,
                            38.725152
                        ],
                        [
                            -9.235174,
                            38.725111
                        ],
                        [
                            -9.235466,
                            38.725217
                        ],
                        [
                            -9.235651,
                            38.725243
                        ],
                        [
                            -9.23584,
                            38.72521
                        ],
                        [
                            -9.236109,
                            38.725307
                        ],
                        [
                            -9.236279,
                            38.72533
                        ],
                        [
                            -9.236431,
                            38.725292
                        ],
                        [
                            -9.236563,
                            38.72537
                        ],
                        [
                            -9.237052,
                            38.725438
                        ],
                        [
                            -9.237806,
                            38.725542
                        ],
                        [
                            -9.23802,
                            38.725542
                        ],
                        [
                            -9.238122,
                            38.72549
                        ],
                        [
                            -9.238376,
                            38.725541
                        ],
                        [
                            -9.238635,
                            38.725539
                        ],
                        [
                            -9.238779,
                            38.725499
                        ],
                        [
                            -9.239068,
                            38.725538
                        ],
                        [
                            -9.239257,
                            38.725526
                        ],
                        [
                            -9.239422,
                            38.725442
                        ],
                        [
                            -9.239693,
                            38.725441
                        ],
                        [
                            -9.239897,
                            38.725402
                        ],
                        [
                            -9.24012,
                            38.725307
                        ],
                        [
                            -9.240376,
                            38.725322
                        ],
                        [
                            -9.240556,
                            38.725299
                        ],
                        [
                            -9.240767,
                            38.725194
                        ],
                        [
                            -9.240997,
                            38.72524
                        ],
                        [
                            -9.24147,
                            38.725179
                        ],
                        [
                            -9.241645,
                            38.725104
                        ],
                        [
                            -9.24219,
                            38.724874
                        ],
                        [
                            -9.242435,
                            38.724761
                        ],
                        [
                            -9.24266,
                            38.724771
                        ],
                        [
                            -9.243437,
                            38.724603
                        ]
                    ]
                ]
            },
            "properties": {
                "color": "#097138",
                "name": "Estrada da Outurela",
                "polygonId": "1159",
                "hasparkingpasses": "True",
                "isbillable": "True"
            },
            "id": "clxt4pji18hwc1lnrnw0egpo31159"
        },
        {
            "type": "Feature",
            "geometry": {
                "type": "Polygon",
                "coordinates": [
                    [
                        [
                            -9.244292,
                            38.725095
                        ],
                        [
                            -9.244377,
                            38.72511
                        ],
                        [
                            -9.24449,
                            38.724889
                        ],
                        [
                            -9.244263,
                            38.724769
                        ],
                        [
                            -9.244141,
                            38.724958
                        ],
                        [
                            -9.244207,
                            38.725073
                        ],
                        [
                            -9.244292,
                            38.725095
                        ]
                    ]
                ]
            },
            "properties": {
                "color": "#a52714",
                "name": "Largo Almirante Gago Coutinho",
                "polygonId": "1161",
                "hasparkingpasses": "False",
                "isbillable": "True"
            },
            "id": "clxt4pji18hwc1lnrnw0egpo31161"
        },
        {
            "type": "Feature",
            "geometry": {
                "type": "Polygon",
                "coordinates": [
                    [
                        [
                            -9.243313,
                            38.725787
                        ],
                        [
                            -9.243599,
                            38.725758
                        ],
                        [
                            -9.243734,
                            38.72546
                        ],
                        [
                            -9.243981,
                            38.725325
                        ],
                        [
                            -9.243831,
                            38.725162
                        ],
                        [
                            -9.243629,
                            38.725279
                        ],
                        [
                            -9.243519,
                            38.725194
                        ],
                        [
                            -9.243854,
                            38.72502
                        ],
                        [
                            -9.243944,
                            38.724671
                        ],
                        [
                            -9.24368,
                            38.724645
                        ],
                        [
                            -9.243619,
                            38.72488
                        ],
                        [
                            -9.243311,
                            38.725029
                        ],
                        [
                            -9.242703,
                            38.724838
                        ],
                        [
                            -9.24266,
                            38.724771
                        ],
                        [
                            -9.242435,
                            38.724761
                        ],
                        [
                            -9.24219,
                            38.724874
                        ],
                        [
                            -9.242402,
                            38.725066
                        ],
                        [
                            -9.242237,
                            38.725204
                        ],
                        [
                            -9.242279,
                            38.72544
                        ],
                        [
                            -9.24249,
                            38.725517
                        ],
                        [
                            -9.242736,
                            38.725483
                        ],
                        [
                            -9.24288,
                            38.725635
                        ],
                        [
                            -9.243135,
                            38.725608
                        ],
                        [
                            -9.243313,
                            38.725787
                        ]
                    ]
                ]
            },
            "properties": {
                "color": "#a52714",
                "name": "Praceta António Boto",
                "polygonId": "1165",
                "hasparkingpasses": "True",
                "isbillable": "True"
            },
            "id": "clxt4pji18hwc1lnrnw0egpo31165"
        },
        {
            "type": "Feature",
            "geometry": {
                "type": "Polygon",
                "coordinates": [
                    [
                        [
                            -9.23795,
                            38.727066
                        ],
                        [
                            -9.237797,
                            38.727016
                        ],
                        [
                            -9.237676,
                            38.727191
                        ],
                        [
                            -9.237691,
                            38.72739
                        ],
                        [
                            -9.237813,
                            38.727471
                        ],
                        [
                            -9.237709,
                            38.727635
                        ],
                        [
                            -9.237719,
                            38.72776
                        ],
                        [
                            -9.236817,
                            38.728185
                        ],
                        [
                            -9.236657,
                            38.728149
                        ],
                        [
                            -9.236521,
                            38.728199
                        ],
                        [
                            -9.236458,
                            38.728106
                        ],
                        [
                            -9.236132,
                            38.728034
                        ],
                        [
                            -9.236075,
                            38.72816
                        ],
                        [
                            -9.236205,
                            38.728266
                        ],
                        [
                            -9.236879,
                            38.728422
                        ],
                        [
                            -9.237117,
                            38.728312
                        ],
                        [
                            -9.237203,
                            38.728194
                        ],
                        [
                            -9.237415,
                            38.728174
                        ],
                        [
                            -9.238006,
                            38.727902
                        ],
                        [
                            -9.23795,
                            38.727066
                        ]
                    ]
                ]
            },
            "properties": {
                "color": "#a52714",
                "name": "Rua Almeida Garrett",
                "polygonId": "1167",
                "hasparkingpasses": "True",
                "isbillable": "True"
            },
            "id": "clxt4pji18hwc1lnrnw0egpo31167"
        },
        {
            "type": "Feature",
            "geometry": {
                "type": "Polygon",
                "coordinates": [
                    [
                        [
                            -9.237117,
                            38.728312
                        ],
                        [
                            -9.237163,
                            38.728419
                        ],
                        [
                            -9.237036,
                            38.728442
                        ],
                        [
                            -9.237075,
                            38.728541
                        ],
                        [
                            -9.237327,
                            38.728548
                        ],
                        [
                            -9.237566,
                            38.728472
                        ],
                        [
                            -9.237415,
                            38.728174
                        ],
                        [
                            -9.237203,
                            38.728194
                        ],
                        [
                            -9.237117,
                            38.728312
                        ]
                    ]
                ]
            },
            "properties": {
                "color": "#a52714",
                "name": "Impasse à Rua Almeida Garrett",
                "polygonId": "1171",
                "hasparkingpasses": "True",
                "isbillable": "True"
            },
            "id": "clxt4pji18hwc1lnrnw0egpo31171"
        },
        {
            "type": "Feature",
            "geometry": {
                "type": "Polygon",
                "coordinates": [
                    [
                        [
                            -9.237709,
                            38.727635
                        ],
                        [
                            -9.237813,
                            38.727471
                        ],
                        [
                            -9.237691,
                            38.72739
                        ],
                        [
                            -9.23669,
                            38.727852
                        ],
                        [
                            -9.236576,
                            38.728012
                        ],
                        [
                            -9.236673,
                            38.728098
                        ],
                        [
                            -9.237709,
                            38.727635
                        ]
                    ]
                ]
            },
            "properties": {
                "color": "#a52714",
                "name": "Rua Eça de Queiroz",
                "polygonId": "1174",
                "hasparkingpasses": "True",
                "isbillable": "True"
            },
            "id": "clxt4pji18hwc1lnrnw0egpo31174"
        },
        {
            "type": "Feature",
            "geometry": {
                "type": "Polygon",
                "coordinates": [
                    [
                        [
                            -9.23759,
                            38.729519
                        ],
                        [
                            -9.237407,
                            38.728706
                        ],
                        [
                            -9.236794,
                            38.728787
                        ],
                        [
                            -9.236604,
                            38.728757
                        ],
                        [
                            -9.23672,
                            38.729273
                        ],
                        [
                            -9.236604,
                            38.729288
                        ],
                        [
                            -9.236666,
                            38.729554
                        ],
                        [
                            -9.236688,
                            38.729651
                        ],
                        [
                            -9.23759,
                            38.729519
                        ]
                    ]
                ]
            },
            "properties": {
                "color": "#a52714",
                "name": "Rua Quinta da Nora",
                "polygonId": "1178",
                "hasparkingpasses": "True",
                "isbillable": "True"
            },
            "id": "clxt4pji18hwc1lnrnw0egpo31178"
        },
        {
            "type": "Feature",
            "geometry": {
                "type": "Polygon",
                "coordinates": [
                    [
                        [
                            -9.236262,
                            38.728461
                        ],
                        [
                            -9.236205,
                            38.728266
                        ],
                        [
                            -9.236075,
                            38.72816
                        ],
                        [
                            -9.236132,
                            38.728034
                        ],
                        [
                            -9.235979,
                            38.72764
                        ],
                        [
                            -9.235784,
                            38.727441
                        ],
                        [
                            -9.235853,
                            38.727145
                        ],
                        [
                            -9.235974,
                            38.727099
                        ],
                        [
                            -9.236072,
                            38.727224
                        ],
                        [
                            -9.23592,
                            38.727277
                        ],
                        [
                            -9.236072,
                            38.727631
                        ],
                        [
                            -9.236396,
                            38.727524
                        ],
                        [
                            -9.23628,
                            38.727144
                        ],
                        [
                            -9.236009,
                            38.726856
                        ],
                        [
                            -9.235692,
                            38.726993
                        ],
                        [
                            -9.23557,
                            38.727666
                        ],
                        [
                            -9.235639,
                            38.727776
                        ],
                        [
                            -9.235745,
                            38.7281
                        ],
                        [
                            -9.236036,
                            38.728249
                        ],
                        [
                            -9.236084,
                            38.728436
                        ],
                        [
                            -9.236262,
                            38.728461
                        ]
                    ]
                ]
            },
            "properties": {
                "color": "#a52714",
                "name": "Praceta Manuel Maria Barbosa do Bocage",
                "polygonId": "1179",
                "hasparkingpasses": "True",
                "isbillable": "True"
            },
            "id": "clxt4pji18hwc1lnrnw0egpo31179"
        },
        {
            "type": "Feature",
            "geometry": {
                "type": "Polygon",
                "coordinates": [
                    [
                        [
                            -9.324136,
                            38.677654
                        ],
                        [
                            -9.324283,
                            38.677157
                        ],
                        [
                            -9.321826,
                            38.677173
                        ],
                        [
                            -9.321455,
                            38.677216
                        ],
                        [
                            -9.320907,
                            38.677327
                        ],
                        [
                            -9.320021,
                            38.677574
                        ],
                        [
                            -9.31945,
                            38.677823
                        ],
                        [
                            -9.318958,
                            38.678194
                        ],
                        [
                            -9.318461,
                            38.678801
                        ],
                        [
                            -9.318122,
                            38.67943
                        ],
                        [
                            -9.317058,
                            38.680762
                        ],
                        [
                            -9.317126,
                            38.680944
                        ],
                        [
                            -9.317356,
                            38.680903
                        ],
                        [
                            -9.318449,
                            38.679598
                        ],
                        [
                            -9.318685,
                            38.679159
                        ],
                        [
                            -9.318599,
                            38.679117
                        ],
                        [
                            -9.318799,
                            38.678946
                        ],
                        [
                            -9.3192,
                            38.678347
                        ],
                        [
                            -9.319617,
                            38.678037
                        ],
                        [
                            -9.320122,
                            38.677808
                        ],
                        [
                            -9.320976,
                            38.677557
                        ],
                        [
                            -9.321823,
                            38.677417
                        ],
                        [
                            -9.323667,
                            38.677405
                        ],
                        [
                            -9.324136,
                            38.677654
                        ]
                    ]
                ]
            },
            "properties": {
                "color": "#1a237e",
                "name": "Alto da Barra (Marginal)",
                "polygonId": "1203",
                "hasparkingpasses": "True",
                "isbillable": "True"
            },
            "id": "clxt4pji18hwc1lnrnw0egpo31203"
        },
        {
            "type": "Feature",
            "geometry": {
                "type": "Polygon",
                "coordinates": [
                    [
                        [
                            -9.321668,
                            38.677989
                        ],
                        [
                            -9.32143,
                            38.677714
                        ],
                        [
                            -9.320994,
                            38.677953
                        ],
                        [
                            -9.320718,
                            38.67772
                        ],
                        [
                            -9.31992,
                            38.678348
                        ],
                        [
                            -9.319144,
                            38.678653
                        ],
                        [
                            -9.319415,
                            38.678917
                        ],
                        [
                            -9.319352,
                            38.679088
                        ],
                        [
                            -9.318799,
                            38.678946
                        ],
                        [
                            -9.318599,
                            38.679117
                        ],
                        [
                            -9.318685,
                            38.679159
                        ],
                        [
                            -9.319266,
                            38.679306
                        ],
                        [
                            -9.319167,
                            38.679584
                        ],
                        [
                            -9.318781,
                            38.679493
                        ],
                        [
                            -9.318491,
                            38.680194
                        ],
                        [
                            -9.317787,
                            38.680892
                        ],
                        [
                            -9.317999,
                            38.68102
                        ],
                        [
                            -9.318258,
                            38.680782
                        ],
                        [
                            -9.318512,
                            38.680939
                        ],
                        [
                            -9.318532,
                            38.681149
                        ],
                        [
                            -9.318637,
                            38.681197
                        ],
                        [
                            -9.318727,
                            38.681112
                        ],
                        [
                            -9.31888,
                            38.680947
                        ],
                        [
                            -9.319196,
                            38.680929
                        ],
                        [
                            -9.319155,
                            38.680298
                        ],
                        [
                            -9.319648,
                            38.679082
                        ],
                        [
                            -9.320111,
                            38.678822
                        ],
                        [
                            -9.320273,
                            38.679002
                        ],
                        [
                            -9.320558,
                            38.678851
                        ],
                        [
                            -9.320412,
                            38.678678
                        ],
                        [
                            -9.321668,
                            38.677989
                        ]
                    ]
                ]
            },
            "properties": {
                "color": "#a52714",
                "name": "Alameda do Alto da Barra",
                "polygonId": "1204",
                "hasparkingpasses": "True",
                "isbillable": "True"
            },
            "id": "clxt4pji18hwc1lnrnw0egpo31204"
        },
        {
            "type": "Feature",
            "geometry": {
                "type": "Polygon",
                "coordinates": [
                    [
                        [
                            -9.319098,
                            38.681256
                        ],
                        [
                            -9.318959,
                            38.681044
                        ],
                        [
                            -9.318727,
                            38.681112
                        ],
                        [
                            -9.318637,
                            38.681197
                        ],
                        [
                            -9.318532,
                            38.681149
                        ],
                        [
                            -9.318217,
                            38.68116
                        ],
                        [
                            -9.317669,
                            38.681062
                        ],
                        [
                            -9.317356,
                            38.680903
                        ],
                        [
                            -9.317126,
                            38.680944
                        ],
                        [
                            -9.317181,
                            38.681111
                        ],
                        [
                            -9.317556,
                            38.681268
                        ],
                        [
                            -9.318157,
                            38.681378
                        ],
                        [
                            -9.318679,
                            38.68136
                        ],
                        [
                            -9.319098,
                            38.681256
                        ]
                    ]
                ]
            },
            "properties": {
                "color": "#a52714",
                "name": "Rua Aljubarrota",
                "polygonId": "1205",
                "hasparkingpasses": "True",
                "isbillable": "True"
            },
            "id": "clxt4pji18hwc1lnrnw0egpo31205"
        },
        {
            "type": "Feature",
            "geometry": {
                "type": "Polygon",
                "coordinates": [
                    [
                        [
                            -9.317181,
                            38.681111
                        ],
                        [
                            -9.317126,
                            38.680944
                        ],
                        [
                            -9.316886,
                            38.680968
                        ],
                        [
                            -9.315465,
                            38.682772
                        ],
                        [
                            -9.315084,
                            38.683071
                        ],
                        [
                            -9.314998,
                            38.683205
                        ],
                        [
                            -9.314952,
                            38.683347
                        ],
                        [
                            -9.314948,
                            38.683489
                        ],
                        [
                            -9.31502,
                            38.68442
                        ],
                        [
                            -9.315205,
                            38.684516
                        ],
                        [
                            -9.315351,
                            38.684508
                        ],
                        [
                            -9.31525,
                            38.683509
                        ],
                        [
                            -9.31526,
                            38.683347
                        ],
                        [
                            -9.315322,
                            38.683222
                        ],
                        [
                            -9.315683,
                            38.682957
                        ],
                        [
                            -9.315771,
                            38.682849
                        ],
                        [
                            -9.315994,
                            38.68258
                        ],
                        [
                            -9.316394,
                            38.682096
                        ],
                        [
                            -9.31667,
                            38.682015
                        ],
                        [
                            -9.316687,
                            38.681704
                        ],
                        [
                            -9.317181,
                            38.681111
                        ]
                    ]
                ]
            },
            "properties": {
                "color": "#a52714",
                "name": "Rua Cidade do Mindelo",
                "polygonId": "1206",
                "hasparkingpasses": "True",
                "isbillable": "True"
            },
            "id": "clxt4pji18hwc1lnrnw0egpo31206"
        },
        {
            "type": "Feature",
            "geometry": {
                "type": "Polygon",
                "coordinates": [
                    [
                        [
                            -9.315599,
                            38.687039
                        ],
                        [
                            -9.315448,
                            38.686824
                        ],
                        [
                            -9.314464,
                            38.685443
                        ],
                        [
                            -9.314383,
                            38.684677
                        ],
                        [
                            -9.315043,
                            38.684634
                        ],
                        [
                            -9.315205,
                            38.684516
                        ],
                        [
                            -9.31502,
                            38.68442
                        ],
                        [
                            -9.314342,
                            38.684456
                        ],
                        [
                            -9.314161,
                            38.684522
                        ],
                        [
                            -9.314107,
                            38.684663
                        ],
                        [
                            -9.314204,
                            38.685617
                        ],
                        [
                            -9.315171,
                            38.686948
                        ],
                        [
                            -9.315002,
                            38.687026
                        ],
                        [
                            -9.315155,
                            38.687241
                        ],
                        [
                            -9.315599,
                            38.687039
                        ]
                    ]
                ]
            },
            "properties": {
                "color": "#a52714",
                "name": "Rua Dom João de Castro",
                "polygonId": "1207",
                "hasparkingpasses": "True",
                "isbillable": "True"
            },
            "id": "clxt4pji18hwc1lnrnw0egpo31207"
        },
        {
            "type": "Feature",
            "geometry": {
                "type": "Polygon",
                "coordinates": [
                    [
                        [
                            -9.315936,
                            38.686885
                        ],
                        [
                            -9.315564,
                            38.686344
                        ],
                        [
                            -9.315351,
                            38.684508
                        ],
                        [
                            -9.315205,
                            38.684516
                        ],
                        [
                            -9.315043,
                            38.684634
                        ],
                        [
                            -9.315275,
                            38.686432
                        ],
                        [
                            -9.31552,
                            38.686791
                        ],
                        [
                            -9.315448,
                            38.686824
                        ],
                        [
                            -9.315599,
                            38.687039
                        ],
                        [
                            -9.315936,
                            38.686885
                        ]
                    ]
                ]
            },
            "properties": {
                "color": "#a52714",
                "name": "Rua São Pedro do Areeiro",
                "polygonId": "1208",
                "hasparkingpasses": "True",
                "isbillable": "True"
            },
            "id": "clxt4pji18hwc1lnrnw0egpo31208"
        },
        {
            "type": "Feature",
            "geometry": {
                "type": "Polygon",
                "coordinates": [
                    [
                        [
                            -9.238472,
                            38.705221
                        ],
                        [
                            -9.238437,
                            38.705043
                        ],
                        [
                            -9.238156,
                            38.705074
                        ],
                        [
                            -9.238032,
                            38.704388
                        ],
                        [
                            -9.237494,
                            38.704442
                        ],
                        [
                            -9.237735,
                            38.705856
                        ],
                        [
                            -9.238295,
                            38.705794
                        ],
                        [
                            -9.238203,
                            38.705248
                        ],
                        [
                            -9.238472,
                            38.705221
                        ]
                    ]
                ]
            },
            "properties": {
                "color": "#a52714",
                "name": "Praceta Professor Alfredo de Sousa",
                "polygonId": "1209",
                "hasparkingpasses": "True",
                "isbillable": "True"
            },
            "id": "clxt4pji18hwc1lnrnw0egpo31209"
        },
        {
            "type": "Feature",
            "geometry": {
                "type": "Polygon",
                "coordinates": [
                    [
                        [
                            -9.317058,
                            38.680762
                        ],
                        [
                            -9.316683,
                            38.680593
                        ],
                        [
                            -9.316196,
                            38.68062
                        ],
                        [
                            -9.315907,
                            38.680789
                        ],
                        [
                            -9.315709,
                            38.681348
                        ],
                        [
                            -9.315712,
                            38.681553
                        ],
                        [
                            -9.316006,
                            38.681529
                        ],
                        [
                            -9.315995,
                            38.681374
                        ],
                        [
                            -9.316156,
                            38.680952
                        ],
                        [
                            -9.3163,
                            38.680845
                        ],
                        [
                            -9.316604,
                            38.680836
                        ],
                        [
                            -9.316886,
                            38.680968
                        ],
                        [
                            -9.317126,
                            38.680944
                        ],
                        [
                            -9.317058,
                            38.680762
                        ]
                    ]
                ]
            },
            "properties": {
                "color": "#1a237e",
                "name": "Rua Aljubarrota",
                "polygonId": "1210",
                "hasparkingpasses": "True",
                "isbillable": "True"
            },
            "id": "clxt4pji18hwc1lnrnw0egpo31210"
        },
        {
            "type": "Feature",
            "geometry": {
                "type": "Polygon",
                "coordinates": [
                    [
                        [
                            -9.234728,
                            38.713605
                        ],
                        [
                            -9.23509,
                            38.713433
                        ],
                        [
                            -9.234641,
                            38.712876
                        ],
                        [
                            -9.234292,
                            38.713055
                        ],
                        [
                            -9.234277,
                            38.713139
                        ],
                        [
                            -9.23467,
                            38.713602
                        ],
                        [
                            -9.234728,
                            38.713605
                        ]
                    ]
                ]
            },
            "properties": {
                "color": "#a52714",
                "name": "Lg. da Lagoa - Bolsa Adj. Rua Diogo Couto",
                "polygonId": "1237",
                "hasparkingpasses": "True",
                "isbillable": "True"
            },
            "id": "clxt4pji18hwc1lnrnw0egpo31237"
        },
        {
            "type": "Feature",
            "geometry": {
                "type": "Polygon",
                "coordinates": [
                    [
                        [
                            -9.236311,
                            38.712661
                        ],
                        [
                            -9.236511,
                            38.7124
                        ],
                        [
                            -9.236486,
                            38.712335
                        ],
                        [
                            -9.236013,
                            38.712161
                        ],
                        [
                            -9.235423,
                            38.712045
                        ],
                        [
                            -9.235375,
                            38.712088
                        ],
                        [
                            -9.235332,
                            38.712399
                        ],
                        [
                            -9.235861,
                            38.712492
                        ],
                        [
                            -9.236311,
                            38.712661
                        ]
                    ]
                ]
            },
            "properties": {
                "color": "#a52714",
                "name": "Lg. da Lagoa - Bolsa Adj. Av. Carolina Michaelis",
                "polygonId": "1238",
                "hasparkingpasses": "True",
                "isbillable": "True"
            },
            "id": "clxt4pji18hwc1lnrnw0egpo31238"
        },
        {
            "type": "Feature",
            "geometry": {
                "type": "MultiPolygon",
                "coordinates": [
                    [
                        [
                            [
                                -9.231793,
                                38.702073
                            ],
                            [
                                -9.231945,
                                38.701959
                            ],
                            [
                                -9.23166,
                                38.701721
                            ],
                            [
                                -9.231738,
                                38.701663
                            ],
                            [
                                -9.231617,
                                38.70156
                            ],
                            [
                                -9.231537,
                                38.701617
                            ],
                            [
                                -9.230928,
                                38.701109
                            ],
                            [
                                -9.23076,
                                38.701047
                            ],
                            [
                                -9.230711,
                                38.701142
                            ],
                            [
                                -9.231071,
                                38.701452
                            ],
                            [
                                -9.231185,
                                38.701472
                            ],
                            [
                                -9.231212,
                                38.701573
                            ],
                            [
                                -9.231793,
                                38.702073
                            ]
                        ]
                    ],
                    [
                        [
                            [
                                -9.230919,
                                38.70093
                            ],
                            [
                                -9.230917,
                                38.700122
                            ],
                            [
                                -9.23071,
                                38.699958
                            ],
                            [
                                -9.230711,
                                38.70048
                            ],
                            [
                                -9.230781,
                                38.700579
                            ],
                            [
                                -9.230709,
                                38.700653
                            ],
                            [
                                -9.230706,
                                38.700961
                            ],
                            [
                                -9.230853,
                                38.701
                            ],
                            [
                                -9.230919,
                                38.70093
                            ]
                        ]
                    ]
                ]
            },
            "properties": {
                "color": "#a52714",
                "name": "Rua de Olivença",
                "polygonId": "1394",
                "hasparkingpasses": "False",
                "isbillable": "True"
            },
            "id": "clxt4pji18hwc1lnrnw0egpo31394"
        },
        {
            "type": "Feature",
            "geometry": {
                "type": "Polygon",
                "coordinates": [
                    [
                        [
                            -9.23071,
                            38.699958
                        ],
                        [
                            -9.230917,
                            38.700122
                        ],
                        [
                            -9.2319,
                            38.700108
                        ],
                        [
                            -9.231842,
                            38.699946
                        ],
                        [
                            -9.23071,
                            38.699958
                        ]
                    ]
                ]
            },
            "properties": {
                "color": "#a52714",
                "name": "Rua Parque Anjos",
                "polygonId": "1395",
                "hasparkingpasses": "False",
                "isbillable": "True"
            },
            "id": "clxt4pji18hwc1lnrnw0egpo31395"
        },
        {
            "type": "Feature",
            "geometry": {
                "type": "Polygon",
                "coordinates": [
                    [
                        [
                            -9.230709,
                            38.700653
                        ],
                        [
                            -9.230781,
                            38.700579
                        ],
                        [
                            -9.230711,
                            38.70048
                        ],
                        [
                            -9.229873,
                            38.700475
                        ],
                        [
                            -9.229766,
                            38.700556
                        ],
                        [
                            -9.22986,
                            38.700647
                        ],
                        [
                            -9.230709,
                            38.700653
                        ]
                    ]
                ]
            },
            "properties": {
                "color": "#a52714",
                "name": "Rua Eduardo Augusto Pedroso",
                "polygonId": "1397",
                "hasparkingpasses": "False",
                "isbillable": "True"
            },
            "id": "clxt4pji18hwc1lnrnw0egpo31397"
        },
        {
            "type": "Feature",
            "geometry": {
                "type": "Polygon",
                "coordinates": [
                    [
                        [
                            -9.232382,
                            38.701626
                        ],
                        [
                            -9.2321,
                            38.701387
                        ],
                        [
                            -9.231731,
                            38.700986
                        ],
                        [
                            -9.231606,
                            38.70096
                        ],
                        [
                            -9.231515,
                            38.701019
                        ],
                        [
                            -9.231953,
                            38.701501
                        ],
                        [
                            -9.232237,
                            38.701731
                        ],
                        [
                            -9.232382,
                            38.701626
                        ]
                    ]
                ]
            },
            "properties": {
                "color": "#a52714",
                "name": "Rua Rodrigues de Freitas",
                "polygonId": "1404",
                "hasparkingpasses": "False",
                "isbillable": "True"
            },
            "id": "clxt4pji18hwc1lnrnw0egpo31404"
        },
        {
            "type": "Feature",
            "geometry": {
                "type": "MultiPolygon",
                "coordinates": [
                    [
                        [
                            [
                                -9.230146,
                                38.702278
                            ],
                            [
                                -9.230147,
                                38.70282
                            ],
                            [
                                -9.22969,
                                38.702805
                            ],
                            [
                                -9.229598,
                                38.702863
                            ],
                            [
                                -9.229677,
                                38.702975
                            ],
                            [
                                -9.230358,
                                38.703003
                            ],
                            [
                                -9.230358,
                                38.702206
                            ],
                            [
                                -9.230205,
                                38.702205
                            ],
                            [
                                -9.230146,
                                38.702278
                            ]
                        ]
                    ],
                    [
                        [
                            [
                                -9.230358,
                                38.701196
                            ],
                            [
                                -9.230237,
                                38.701098
                            ],
                            [
                                -9.230144,
                                38.701224
                            ],
                            [
                                -9.230145,
                                38.702111
                            ],
                            [
                                -9.230294,
                                38.702106
                            ],
                            [
                                -9.230358,
                                38.701994
                            ],
                            [
                                -9.230358,
                                38.701196
                            ]
                        ]
                    ]
                ]
            },
            "properties": {
                "color": "#a52714",
                "name": "Rua Anjos",
                "polygonId": "1407",
                "hasparkingpasses": "False",
                "isbillable": "True"
            },
            "id": "clxt4pji18hwc1lnrnw0egpo31407"
        },
        {
            "type": "Feature",
            "geometry": {
                "type": "MultiPolygon",
                "coordinates": [
                    [
                        [
                            [
                                -9.227569,
                                38.705135
                            ],
                            [
                                -9.228059,
                                38.705002
                            ],
                            [
                                -9.227796,
                                38.70397
                            ],
                            [
                                -9.227871,
                                38.703973
                            ],
                            [
                                -9.227954,
                                38.703917
                            ],
                            [
                                -9.228096,
                                38.703985
                            ],
                            [
                                -9.228524,
                                38.704005
                            ],
                            [
                                -9.228599,
                                38.703929
                            ],
                            [
                                -9.228535,
                                38.703851
                            ],
                            [
                                -9.228078,
                                38.703831
                            ],
                            [
                                -9.227953,
                                38.703892
                            ],
                            [
                                -9.22786,
                                38.703821
                            ],
                            [
                                -9.227564,
                                38.703807
                            ],
                            [
                                -9.227381,
                                38.704088
                            ],
                            [
                                -9.227223,
                                38.705057
                            ],
                            [
                                -9.227569,
                                38.705135
                            ]
                        ]
                    ],
                    [
                        [
                            [
                                -9.228742,
                                38.704017
                            ],
                            [
                                -9.229328,
                                38.704047
                            ],
                            [
                                -9.229399,
                                38.703968
                            ],
                            [
                                -9.22934,
                                38.703891
                            ],
                            [
                                -9.228754,
                                38.703862
                            ],
                            [
                                -9.228673,
                                38.703934
                            ],
                            [
                                -9.228742,
                                38.704017
                            ]
                        ]
                    ],
                    [
                        [
                            [
                                -9.229591,
                                38.70406
                            ],
                            [
                                -9.230415,
                                38.704103
                            ],
                            [
                                -9.230429,
                                38.703944
                            ],
                            [
                                -9.229604,
                                38.703903
                            ],
                            [
                                -9.229524,
                                38.703972
                            ],
                            [
                                -9.229591,
                                38.70406
                            ]
                        ]
                    ]
                ]
            },
            "properties": {
                "color": "#a52714",
                "name": "Rua Elias Garcia",
                "polygonId": "1408",
                "hasparkingpasses": "True",
                "isbillable": "True"
            },
            "id": "clxt4pji18hwc1lnrnw0egpo31408"
        },
        {
            "type": "Feature",
            "geometry": {
                "type": "Polygon",
                "coordinates": [
                    [
                        [
                            -9.229654,
                            38.705362
                        ],
                        [
                            -9.229494,
                            38.705317
                        ],
                        [
                            -9.229346,
                            38.705396
                        ],
                        [
                            -9.229234,
                            38.705304
                        ],
                        [
                            -9.229081,
                            38.705341
                        ],
                        [
                            -9.22905,
                            38.705766
                        ],
                        [
                            -9.229197,
                            38.705839
                        ],
                        [
                            -9.229444,
                            38.705852
                        ],
                        [
                            -9.229614,
                            38.705802
                        ],
                        [
                            -9.229654,
                            38.705362
                        ]
                    ]
                ]
            },
            "properties": {
                "color": "#a52714",
                "name": "Praceta dos Combatentes da Grande Guerra",
                "polygonId": "1409",
                "hasparkingpasses": "False",
                "isbillable": "True"
            },
            "id": "clxt4pji18hwc1lnrnw0egpo31409"
        },
        {
            "type": "Feature",
            "geometry": {
                "type": "MultiPolygon",
                "coordinates": [
                    [
                        [
                            [
                                -9.229553,
                                38.70455
                            ],
                            [
                                -9.230353,
                                38.70459
                            ],
                            [
                                -9.23037,
                                38.704416
                            ],
                            [
                                -9.229567,
                                38.704379
                            ],
                            [
                                -9.229469,
                                38.704461
                            ],
                            [
                                -9.229553,
                                38.70455
                            ]
                        ]
                    ],
                    [
                        [
                            [
                                -9.228704,
                                38.704507
                            ],
                            [
                                -9.229291,
                                38.704537
                            ],
                            [
                                -9.229363,
                                38.704456
                            ],
                            [
                                -9.229304,
                                38.704367
                            ],
                            [
                                -9.228717,
                                38.70434
                            ],
                            [
                                -9.228634,
                                38.704423
                            ],
                            [
                                -9.228704,
                                38.704507
                            ]
                        ]
                    ],
                    [
                        [
                            [
                                -9.228228,
                                38.704484
                            ],
                            [
                                -9.228489,
                                38.704496
                            ],
                            [
                                -9.228555,
                                38.70442
                            ],
                            [
                                -9.228501,
                                38.704329
                            ],
                            [
                                -9.228183,
                                38.704316
                            ],
                            [
                                -9.228081,
                                38.704404
                            ],
                            [
                                -9.228228,
                                38.704484
                            ]
                        ]
                    ]
                ]
            },
            "properties": {
                "color": "#a52714",
                "name": "Rua D. João de Castro",
                "polygonId": "1410",
                "hasparkingpasses": "True",
                "isbillable": "True"
            },
            "id": "clxt4pji18hwc1lnrnw0egpo31410"
        },
        {
            "type": "Feature",
            "geometry": {
                "type": "Polygon",
                "coordinates": [
                    [
                        [
                            -9.228371,
                            38.705025
                        ],
                        [
                            -9.228228,
                            38.704484
                        ],
                        [
                            -9.228081,
                            38.704404
                        ],
                        [
                            -9.228183,
                            38.704316
                        ],
                        [
                            -9.228096,
                            38.703985
                        ],
                        [
                            -9.227954,
                            38.703917
                        ],
                        [
                            -9.227871,
                            38.703973
                        ],
                        [
                            -9.228138,
                            38.705085
                        ],
                        [
                            -9.228402,
                            38.705457
                        ],
                        [
                            -9.22827,
                            38.705742
                        ],
                        [
                            -9.22872,
                            38.705848
                        ],
                        [
                            -9.228694,
                            38.705914
                        ],
                        [
                            -9.229,
                            38.705847
                        ],
                        [
                            -9.228637,
                            38.705389
                        ],
                        [
                            -9.228444,
                            38.705125
                        ],
                        [
                            -9.228371,
                            38.705025
                        ]
                    ]
                ]
            },
            "properties": {
                "color": "#a52714",
                "name": "Calçada do Rio",
                "polygonId": "1411",
                "hasparkingpasses": "True",
                "isbillable": "True"
            },
            "id": "clxt4pji18hwc1lnrnw0egpo31411"
        },
        {
            "type": "Feature",
            "geometry": {
                "type": "MultiPolygon",
                "coordinates": [
                    [
                        [
                            [
                                -9.227449,
                                38.703146
                            ],
                            [
                                -9.227908,
                                38.703167
                            ],
                            [
                                -9.228025,
                                38.703106
                            ],
                            [
                                -9.228127,
                                38.703177
                            ],
                            [
                                -9.228583,
                                38.703196
                            ],
                            [
                                -9.228673,
                                38.703117
                            ],
                            [
                                -9.228595,
                                38.70303
                            ],
                            [
                                -9.228143,
                                38.703011
                            ],
                            [
                                -9.228026,
                                38.703073
                            ],
                            [
                                -9.227921,
                                38.703001
                            ],
                            [
                                -9.227476,
                                38.702981
                            ],
                            [
                                -9.227356,
                                38.703059
                            ],
                            [
                                -9.227449,
                                38.703146
                            ]
                        ]
                    ],
                    [
                        [
                            [
                                -9.228805,
                                38.703208
                            ],
                            [
                                -9.22939,
                                38.703237
                            ],
                            [
                                -9.229508,
                                38.703156
                            ],
                            [
                                -9.229403,
                                38.703069
                            ],
                            [
                                -9.228818,
                                38.703041
                            ],
                            [
                                -9.228728,
                                38.70312
                            ],
                            [
                                -9.228805,
                                38.703208
                            ]
                        ]
                    ]
                ]
            },
            "properties": {
                "color": "#a52714",
                "name": "Rua Latino Coelho",
                "polygonId": "1412",
                "hasparkingpasses": "False",
                "isbillable": "True"
            },
            "id": "clxt4pji18hwc1lnrnw0egpo31412"
        },
        {
            "type": "Feature",
            "geometry": {
                "type": "Polygon",
                "coordinates": [
                    [
                        [
                            -9.22724,
                            38.705754
                        ],
                        [
                            -9.227329,
                            38.705807
                        ],
                        [
                            -9.227569,
                            38.705865
                        ],
                        [
                            -9.228612,
                            38.70612
                        ],
                        [
                            -9.228694,
                            38.705914
                        ],
                        [
                            -9.227477,
                            38.705616
                        ],
                        [
                            -9.227301,
                            38.705623
                        ],
                        [
                            -9.22724,
                            38.705754
                        ]
                    ]
                ]
            },
            "properties": {
                "color": "#a52714",
                "name": "Rua Conde de Rio Maior",
                "polygonId": "1413",
                "hasparkingpasses": "True",
                "isbillable": "True"
            },
            "id": "clxt4pji18hwc1lnrnw0egpo31413"
        },
        {
            "type": "Feature",
            "geometry": {
                "type": "Polygon",
                "coordinates": [
                    [
                        [
                            -9.225316,
                            38.70624
                        ],
                        [
                            -9.225175,
                            38.706506
                        ],
                        [
                            -9.224744,
                            38.707305
                        ],
                        [
                            -9.224993,
                            38.70746
                        ],
                        [
                            -9.22545,
                            38.707179
                        ],
                        [
                            -9.225744,
                            38.706647
                        ],
                        [
                            -9.225473,
                            38.706389
                        ],
                        [
                            -9.225316,
                            38.70624
                        ]
                    ]
                ]
            },
            "properties": {
                "color": "#a52714",
                "name": "Praça Infante D. Pedro",
                "polygonId": "1415",
                "hasparkingpasses": "True",
                "isbillable": "True"
            },
            "id": "clxt4pji18hwc1lnrnw0egpo31415"
        },
        {
            "type": "Feature",
            "geometry": {
                "type": "Polygon",
                "coordinates": [
                    [
                        [
                            -9.225317,
                            38.707784
                        ],
                        [
                            -9.224993,
                            38.70746
                        ],
                        [
                            -9.224744,
                            38.707305
                        ],
                        [
                            -9.224424,
                            38.707193
                        ],
                        [
                            -9.224489,
                            38.707074
                        ],
                        [
                            -9.224096,
                            38.706943
                        ],
                        [
                            -9.223923,
                            38.707258
                        ],
                        [
                            -9.223512,
                            38.707128
                        ],
                        [
                            -9.223325,
                            38.707476
                        ],
                        [
                            -9.224124,
                            38.707731
                        ],
                        [
                            -9.224285,
                            38.707441
                        ],
                        [
                            -9.224793,
                            38.707618
                        ],
                        [
                            -9.22496,
                            38.707799
                        ],
                        [
                            -9.225255,
                            38.707902
                        ],
                        [
                            -9.225317,
                            38.707784
                        ]
                    ]
                ]
            },
            "properties": {
                "color": "#a52714",
                "name": "Rua General Ferreira Martins",
                "polygonId": "1416",
                "hasparkingpasses": "True",
                "isbillable": "True"
            },
            "id": "clxt4pji18hwc1lnrnw0egpo31416"
        },
        {
            "type": "Feature",
            "geometry": {
                "type": "Polygon",
                "coordinates": [
                    [
                        [
                            -9.22645,
                            38.704899
                        ],
                        [
                            -9.225633,
                            38.705373
                        ],
                        [
                            -9.225261,
                            38.706187
                        ],
                        [
                            -9.225316,
                            38.70624
                        ],
                        [
                            -9.225473,
                            38.706389
                        ],
                        [
                            -9.225607,
                            38.706353
                        ],
                        [
                            -9.22582,
                            38.706403
                        ],
                        [
                            -9.225975,
                            38.706558
                        ],
                        [
                            -9.226519,
                            38.705566
                        ],
                        [
                            -9.226725,
                            38.704971
                        ],
                        [
                            -9.22645,
                            38.704899
                        ]
                    ]
                ]
            },
            "properties": {
                "color": "#a52714",
                "name": "Rua Margarida Palla",
                "polygonId": "1417",
                "hasparkingpasses": "False",
                "isbillable": "True"
            },
            "id": "clxt4pji18hwc1lnrnw0egpo31417"
        },
        {
            "type": "Feature",
            "geometry": {
                "type": "Polygon",
                "coordinates": [
                    [
                        [
                            -9.22714,
                            38.705039
                        ],
                        [
                            -9.2271,
                            38.70516
                        ],
                        [
                            -9.227464,
                            38.705249
                        ],
                        [
                            -9.227301,
                            38.705623
                        ],
                        [
                            -9.227477,
                            38.705616
                        ],
                        [
                            -9.227679,
                            38.705161
                        ],
                        [
                            -9.227569,
                            38.705135
                        ],
                        [
                            -9.227223,
                            38.705057
                        ],
                        [
                            -9.22714,
                            38.705039
                        ]
                    ]
                ]
            },
            "properties": {
                "color": "#a52714",
                "name": "Largo Comandante Augusto Madureira",
                "polygonId": "1418",
                "hasparkingpasses": "True",
                "isbillable": "True"
            },
            "id": "clxt4pji18hwc1lnrnw0egpo31418"
        },
        {
            "type": "Feature",
            "geometry": {
                "type": "Polygon",
                "coordinates": [
                    [
                        [
                            -9.227329,
                            38.705807
                        ],
                        [
                            -9.22724,
                            38.705754
                        ],
                        [
                            -9.226933,
                            38.705676
                        ],
                        [
                            -9.226592,
                            38.706307
                        ],
                        [
                            -9.227005,
                            38.706443
                        ],
                        [
                            -9.227329,
                            38.705807
                        ]
                    ]
                ]
            },
            "properties": {
                "color": "#097138",
                "name": "Parque da Ribeira de Algés",
                "polygonId": "1419",
                "hasparkingpasses": "True",
                "isbillable": "True"
            },
            "id": "clxt4pji18hwc1lnrnw0egpo31419"
        },
        {
            "type": "Feature",
            "geometry": {
                "type": "Polygon",
                "coordinates": [
                    [
                        [
                            -9.240547,
                            38.700261
                        ],
                        [
                            -9.242844,
                            38.700725
                        ],
                        [
                            -9.243302,
                            38.700739
                        ],
                        [
                            -9.24331,
                            38.700569
                        ],
                        [
                            -9.242861,
                            38.700554
                        ],
                        [
                            -9.241842,
                            38.700352
                        ],
                        [
                            -9.241595,
                            38.700303
                        ],
                        [
                            -9.24059,
                            38.700106
                        ],
                        [
                            -9.240547,
                            38.700261
                        ]
                    ]
                ]
            },
            "properties": {
                "color": "#a52714",
                "name": "Rua Sacadura Cabral",
                "polygonId": "1420",
                "hasparkingpasses": "False",
                "isbillable": "True"
            },
            "id": "clxt4pji18hwc1lnrnw0egpo31420"
        },
        {
            "type": "Feature",
            "geometry": {
                "type": "Polygon",
                "coordinates": [
                    [
                        [
                            -9.23852,
                            38.699297
                        ],
                        [
                            -9.237483,
                            38.699163
                        ],
                        [
                            -9.237484,
                            38.699385
                        ],
                        [
                            -9.238447,
                            38.699522
                        ],
                        [
                            -9.23852,
                            38.699297
                        ]
                    ]
                ]
            },
            "properties": {
                "color": "#a52714",
                "name": "Rua Direita do Dafundo",
                "polygonId": "1421",
                "hasparkingpasses": "False",
                "isbillable": "True"
            },
            "id": "clxt4pji18hwc1lnrnw0egpo31421"
        },
        {
            "type": "Feature",
            "geometry": {
                "type": "Polygon",
                "coordinates": [
                    [
                        [
                            -9.237484,
                            38.699385
                        ],
                        [
                            -9.237483,
                            38.699163
                        ],
                        [
                            -9.237484,
                            38.699005
                        ],
                        [
                            -9.235824,
                            38.698897
                        ],
                        [
                            -9.235797,
                            38.699148
                        ],
                        [
                            -9.237484,
                            38.699385
                        ]
                    ]
                ]
            },
            "properties": {
                "color": "#a52714",
                "name": "Alameda Hermano Patrone",
                "polygonId": "1422",
                "hasparkingpasses": "False",
                "isbillable": "True"
            },
            "id": "clxt4pji18hwc1lnrnw0egpo31422"
        },
        {
            "type": "Feature",
            "geometry": {
                "type": "Polygon",
                "coordinates": [
                    [
                        [
                            -9.241874,
                            38.700263
                        ],
                        [
                            -9.242076,
                            38.700304
                        ],
                        [
                            -9.242173,
                            38.700012
                        ],
                        [
                            -9.24172,
                            38.699912
                        ],
                        [
                            -9.241595,
                            38.700303
                        ],
                        [
                            -9.241842,
                            38.700352
                        ],
                        [
                            -9.241874,
                            38.700263
                        ]
                    ]
                ]
            },
            "properties": {
                "color": "#a52714",
                "name": "Praceta dos Bombeiros Voluntários",
                "polygonId": "1423",
                "hasparkingpasses": "False",
                "isbillable": "True"
            },
            "id": "clxt4pji18hwc1lnrnw0egpo31423"
        },
        {
            "type": "Feature",
            "geometry": {
                "type": "Polygon",
                "coordinates": [
                    [
                        [
                            -9.226676,
                            38.713912
                        ],
                        [
                            -9.225353,
                            38.713544
                        ],
                        [
                            -9.225113,
                            38.714039
                        ],
                        [
                            -9.226455,
                            38.714416
                        ],
                        [
                            -9.226676,
                            38.713912
                        ]
                    ]
                ]
            },
            "properties": {
                "color": "#a52714",
                "name": "Alameda Fernão Lopes",
                "polygonId": "1425",
                "hasparkingpasses": "True",
                "isbillable": "True"
            },
            "id": "clxt4pji18hwc1lnrnw0egpo31425"
        },
        {
            "type": "Feature",
            "geometry": {
                "type": "Polygon",
                "coordinates": [
                    [
                        [
                            -9.226784,
                            38.713073
                        ],
                        [
                            -9.22607,
                            38.712912
                        ],
                        [
                            -9.225457,
                            38.712825
                        ],
                        [
                            -9.225422,
                            38.712911
                        ],
                        [
                            -9.225407,
                            38.713012
                        ],
                        [
                            -9.226002,
                            38.713107
                        ],
                        [
                            -9.225876,
                            38.713378
                        ],
                        [
                            -9.226549,
                            38.71358
                        ],
                        [
                            -9.226784,
                            38.713073
                        ]
                    ]
                ]
            },
            "properties": {
                "color": "#956709",
                "name": "Rua Professor Ricardo Jorge",
                "polygonId": "1426",
                "hasparkingpasses": "False",
                "isbillable": "True"
            },
            "id": "clxt4pji18hwc1lnrnw0egpo31426"
        },
        {
            "type": "Feature",
            "geometry": {
                "type": "Polygon",
                "coordinates": [
                    [
                        [
                            -9.225752,
                            38.714624
                        ],
                        [
                            -9.225697,
                            38.714569
                        ],
                        [
                            -9.225655,
                            38.714415
                        ],
                        [
                            -9.225721,
                            38.714257
                        ],
                        [
                            -9.225447,
                            38.714184
                        ],
                        [
                            -9.225366,
                            38.714417
                        ],
                        [
                            -9.22542,
                            38.714622
                        ],
                        [
                            -9.225546,
                            38.71475
                        ],
                        [
                            -9.225752,
                            38.714624
                        ]
                    ]
                ]
            },
            "properties": {
                "color": "#a52714",
                "name": "Rua Maria Eusébia Gonçalves",
                "polygonId": "1427",
                "hasparkingpasses": "False",
                "isbillable": "True"
            },
            "id": "clxt4pji18hwc1lnrnw0egpo31427"
        },
        {
            "type": "Feature",
            "geometry": {
                "type": "Polygon",
                "coordinates": [
                    [
                        [
                            -9.225438,
                            38.716029
                        ],
                        [
                            -9.225549,
                            38.715988
                        ],
                        [
                            -9.225609,
                            38.715918
                        ],
                        [
                            -9.225604,
                            38.715814
                        ],
                        [
                            -9.225535,
                            38.715715
                        ],
                        [
                            -9.225583,
                            38.715511
                        ],
                        [
                            -9.225598,
                            38.715307
                        ],
                        [
                            -9.225261,
                            38.714958
                        ],
                        [
                            -9.225077,
                            38.714668
                        ],
                        [
                            -9.225023,
                            38.714294
                        ],
                        [
                            -9.224767,
                            38.714299
                        ],
                        [
                            -9.224812,
                            38.714681
                        ],
                        [
                            -9.225023,
                            38.71501
                        ],
                        [
                            -9.225162,
                            38.715015
                        ],
                        [
                            -9.225142,
                            38.715156
                        ],
                        [
                            -9.225319,
                            38.715341
                        ],
                        [
                            -9.225316,
                            38.715474
                        ],
                        [
                            -9.225266,
                            38.715691
                        ],
                        [
                            -9.225199,
                            38.715743
                        ],
                        [
                            -9.225149,
                            38.715806
                        ],
                        [
                            -9.22514,
                            38.715897
                        ],
                        [
                            -9.225203,
                            38.715982
                        ],
                        [
                            -9.225309,
                            38.716028
                        ],
                        [
                            -9.225438,
                            38.716029
                        ]
                    ]
                ]
            },
            "properties": {
                "color": "#a52714",
                "name": "Rua Miguel Serrano",
                "polygonId": "1428",
                "hasparkingpasses": "True",
                "isbillable": "True"
            },
            "id": "clxt4pji18hwc1lnrnw0egpo31428"
        },
        {
            "type": "Feature",
            "geometry": {
                "type": "Polygon",
                "coordinates": [
                    [
                        [
                            -9.226682,
                            38.713968
                        ],
                        [
                            -9.22738,
                            38.714163
                        ],
                        [
                            -9.227486,
                            38.713923
                        ],
                        [
                            -9.227027,
                            38.713795
                        ],
                        [
                            -9.227412,
                            38.712877
                        ],
                        [
                            -9.227699,
                            38.712946
                        ],
                        [
                            -9.227802,
                            38.712737
                        ],
                        [
                            -9.227516,
                            38.712662
                        ],
                        [
                            -9.228156,
                            38.711214
                        ],
                        [
                            -9.228167,
                            38.710969
                        ],
                        [
                            -9.228166,
                            38.710538
                        ],
                        [
                            -9.227895,
                            38.710529
                        ],
                        [
                            -9.227548,
                            38.711253
                        ],
                        [
                            -9.227446,
                            38.712114
                        ],
                        [
                            -9.226682,
                            38.713968
                        ]
                    ]
                ]
            },
            "properties": {
                "color": "#a52714",
                "name": "Avenida das Túlipas",
                "polygonId": "1429",
                "hasparkingpasses": "True",
                "isbillable": "True"
            },
            "id": "clxt4pji18hwc1lnrnw0egpo31429"
        },
        {
            "type": "Feature",
            "geometry": {
                "type": "Polygon",
                "coordinates": [
                    [
                        [
                            -9.227223,
                            38.709604
                        ],
                        [
                            -9.227378,
                            38.709413
                        ],
                        [
                            -9.227178,
                            38.709187
                        ],
                        [
                            -9.227389,
                            38.70907
                        ],
                        [
                            -9.227209,
                            38.708873
                        ],
                        [
                            -9.228078,
                            38.708339
                        ],
                        [
                            -9.228196,
                            38.708454
                        ],
                        [
                            -9.228306,
                            38.708189
                        ],
                        [
                            -9.227563,
                            38.707457
                        ],
                        [
                            -9.226074,
                            38.708381
                        ],
                        [
                            -9.227223,
                            38.709604
                        ]
                    ]
                ]
            },
            "properties": {
                "color": "#097138",
                "name": "Largo Maria Leonor",
                "polygonId": "1430",
                "hasparkingpasses": "True",
                "isbillable": "True"
            },
            "id": "clxt4pji18hwc1lnrnw0egpo31430"
        },
        {
            "type": "Feature",
            "geometry": {
                "type": "Polygon",
                "coordinates": [
                    [
                        [
                            -9.231322,
                            38.713517
                        ],
                        [
                            -9.230139,
                            38.713153
                        ],
                        [
                            -9.230029,
                            38.7134
                        ],
                        [
                            -9.231189,
                            38.713762
                        ],
                        [
                            -9.231322,
                            38.713517
                        ]
                    ]
                ]
            },
            "properties": {
                "color": "#a52714",
                "name": "Rua Rodrigo Bessone Basto",
                "polygonId": "1431",
                "hasparkingpasses": "True",
                "isbillable": "True"
            },
            "id": "clxt4pji18hwc1lnrnw0egpo31431"
        },
        {
            "type": "Feature",
            "geometry": {
                "type": "Polygon",
                "coordinates": [
                    [
                        [
                            -9.233365,
                            38.715189
                        ],
                        [
                            -9.233076,
                            38.714995
                        ],
                        [
                            -9.232566,
                            38.715093
                        ],
                        [
                            -9.230435,
                            38.71448
                        ],
                        [
                            -9.230061,
                            38.714473
                        ],
                        [
                            -9.229483,
                            38.714621
                        ],
                        [
                            -9.229606,
                            38.714857
                        ],
                        [
                            -9.230073,
                            38.714749
                        ],
                        [
                            -9.230513,
                            38.714763
                        ],
                        [
                            -9.232515,
                            38.715372
                        ],
                        [
                            -9.233365,
                            38.715189
                        ]
                    ]
                ]
            },
            "properties": {
                "color": "#a52714",
                "name": "Avenida José Gomes Ferreira",
                "polygonId": "1432",
                "hasparkingpasses": "True",
                "isbillable": "True"
            },
            "id": "clxt4pji18hwc1lnrnw0egpo31432"
        },
        {
            "type": "Feature",
            "geometry": {
                "type": "Polygon",
                "coordinates": [
                    [
                        [
                            -9.229409,
                            38.710226
                        ],
                        [
                            -9.228561,
                            38.710569
                        ],
                        [
                            -9.228544,
                            38.710867
                        ],
                        [
                            -9.228269,
                            38.710983
                        ],
                        [
                            -9.228449,
                            38.711008
                        ],
                        [
                            -9.229979,
                            38.710452
                        ],
                        [
                            -9.229409,
                            38.710226
                        ]
                    ]
                ]
            },
            "properties": {
                "color": "#a52714",
                "name": "Rua Plácido de Abreu",
                "polygonId": "1433",
                "hasparkingpasses": "True",
                "isbillable": "True"
            },
            "id": "clxt4pji18hwc1lnrnw0egpo31433"
        },
        {
            "type": "Feature",
            "geometry": {
                "type": "Polygon",
                "coordinates": [
                    [
                        [
                            -9.230309,
                            38.71069
                        ],
                        [
                            -9.230167,
                            38.710506
                        ],
                        [
                            -9.228823,
                            38.711063
                        ],
                        [
                            -9.229204,
                            38.711118
                        ],
                        [
                            -9.230309,
                            38.71069
                        ]
                    ]
                ]
            },
            "properties": {
                "color": "#a52714",
                "name": "Rua Brito Pais",
                "polygonId": "1434",
                "hasparkingpasses": "True",
                "isbillable": "True"
            },
            "id": "clxt4pji18hwc1lnrnw0egpo31434"
        },
        {
            "type": "Feature",
            "geometry": {
                "type": "Polygon",
                "coordinates": [
                    [
                        [
                            -9.228133,
                            38.714311
                        ],
                        [
                            -9.228739,
                            38.712918
                        ],
                        [
                            -9.228353,
                            38.712499
                        ],
                        [
                            -9.228366,
                            38.711832
                        ],
                        [
                            -9.228736,
                            38.711639
                        ],
                        [
                            -9.229171,
                            38.711698
                        ],
                        [
                            -9.229443,
                            38.711559
                        ],
                        [
                            -9.229509,
                            38.711367
                        ],
                        [
                            -9.229197,
                            38.711322
                        ],
                        [
                            -9.229152,
                            38.711464
                        ],
                        [
                            -9.22866,
                            38.711406
                        ],
                        [
                            -9.228086,
                            38.711696
                        ],
                        [
                            -9.228062,
                            38.712596
                        ],
                        [
                            -9.228391,
                            38.71298
                        ],
                        [
                            -9.227827,
                            38.714231
                        ],
                        [
                            -9.228133,
                            38.714311
                        ]
                    ]
                ]
            },
            "properties": {
                "color": "#a52714",
                "name": "Rua Dr. Alfredo da Costa",
                "polygonId": "1435",
                "hasparkingpasses": "True",
                "isbillable": "True"
            },
            "id": "clxt4pji18hwc1lnrnw0egpo31435"
        },
        {
            "type": "Feature",
            "geometry": {
                "type": "Polygon",
                "coordinates": [
                    [
                        [
                            -9.228167,
                            38.710969
                        ],
                        [
                            -9.228156,
                            38.711214
                        ],
                        [
                            -9.228544,
                            38.711222
                        ],
                        [
                            -9.229197,
                            38.711322
                        ],
                        [
                            -9.229509,
                            38.711367
                        ],
                        [
                            -9.229838,
                            38.711414
                        ],
                        [
                            -9.230614,
                            38.711157
                        ],
                        [
                            -9.230987,
                            38.711344
                        ],
                        [
                            -9.231111,
                            38.71171
                        ],
                        [
                            -9.230429,
                            38.71183
                        ],
                        [
                            -9.230648,
                            38.712194
                        ],
                        [
                            -9.230549,
                            38.712202
                        ],
                        [
                            -9.230551,
                            38.712339
                        ],
                        [
                            -9.231076,
                            38.712288
                        ],
                        [
                            -9.231219,
                            38.712602
                        ],
                        [
                            -9.231797,
                            38.712416
                        ],
                        [
                            -9.231769,
                            38.712141
                        ],
                        [
                            -9.231339,
                            38.712285
                        ],
                        [
                            -9.23124,
                            38.711679
                        ],
                        [
                            -9.231043,
                            38.711098
                        ],
                        [
                            -9.230565,
                            38.710902
                        ],
                        [
                            -9.229709,
                            38.711192
                        ],
                        [
                            -9.229204,
                            38.711118
                        ],
                        [
                            -9.228823,
                            38.711063
                        ],
                        [
                            -9.228449,
                            38.711008
                        ],
                        [
                            -9.228269,
                            38.710983
                        ],
                        [
                            -9.228167,
                            38.710969
                        ]
                    ]
                ]
            },
            "properties": {
                "color": "#a52714",
                "name": "Avenida Jaime Cortesão",
                "polygonId": "1436",
                "hasparkingpasses": "True",
                "isbillable": "True"
            },
            "id": "clxt4pji18hwc1lnrnw0egpo31436"
        },
        {
            "type": "Feature",
            "geometry": {
                "type": "Polygon",
                "coordinates": [
                    [
                        [
                            -9.226993,
                            38.712372
                        ],
                        [
                            -9.227368,
                            38.712138
                        ],
                        [
                            -9.227353,
                            38.711336
                        ],
                        [
                            -9.227623,
                            38.710863
                        ],
                        [
                            -9.227758,
                            38.710626
                        ],
                        [
                            -9.227835,
                            38.710485
                        ],
                        [
                            -9.228039,
                            38.710508
                        ],
                        [
                            -9.228063,
                            38.710386
                        ],
                        [
                            -9.22737,
                            38.710308
                        ],
                        [
                            -9.226986,
                            38.711022
                        ],
                        [
                            -9.227177,
                            38.711081
                        ],
                        [
                            -9.227065,
                            38.711306
                        ],
                        [
                            -9.227088,
                            38.711969
                        ],
                        [
                            -9.226942,
                            38.712105
                        ],
                        [
                            -9.22666,
                            38.712023
                        ],
                        [
                            -9.226418,
                            38.711648
                        ],
                        [
                            -9.226922,
                            38.711159
                        ],
                        [
                            -9.22669,
                            38.711011
                        ],
                        [
                            -9.22602,
                            38.711677
                        ],
                        [
                            -9.225852,
                            38.71166
                        ],
                        [
                            -9.225763,
                            38.711839
                        ],
                        [
                            -9.226204,
                            38.711885
                        ],
                        [
                            -9.226415,
                            38.712203
                        ],
                        [
                            -9.226993,
                            38.712372
                        ]
                    ]
                ]
            },
            "properties": {
                "color": "#a52714",
                "name": "Rua da Piscina",
                "polygonId": "1437",
                "hasparkingpasses": "True",
                "isbillable": "True"
            },
            "id": "clxt4pji18hwc1lnrnw0egpo31437"
        },
        {
            "type": "Feature",
            "geometry": {
                "type": "Polygon",
                "coordinates": [
                    [
                        [
                            -9.230987,
                            38.711344
                        ],
                        [
                            -9.230906,
                            38.711521
                        ],
                        [
                            -9.229713,
                            38.711716
                        ],
                        [
                            -9.229806,
                            38.711938
                        ],
                        [
                            -9.230429,
                            38.71183
                        ],
                        [
                            -9.231111,
                            38.71171
                        ],
                        [
                            -9.230987,
                            38.711344
                        ]
                    ]
                ]
            },
            "properties": {
                "color": "#a52714",
                "name": "Rua 25 de Novembro de 1975",
                "polygonId": "1438",
                "hasparkingpasses": "True",
                "isbillable": "True"
            },
            "id": "clxt4pji18hwc1lnrnw0egpo31438"
        },
        {
            "type": "Feature",
            "geometry": {
                "type": "Polygon",
                "coordinates": [
                    [
                        [
                            -9.228327,
                            38.709457
                        ],
                        [
                            -9.228159,
                            38.709651
                        ],
                        [
                            -9.229275,
                            38.710221
                        ],
                        [
                            -9.229446,
                            38.710022
                        ],
                        [
                            -9.228327,
                            38.709457
                        ]
                    ]
                ]
            },
            "properties": {
                "color": "#956709",
                "name": "Rua Santa Teresa do Menino Jesus",
                "polygonId": "1439",
                "hasparkingpasses": "False",
                "isbillable": "True"
            },
            "id": "clxt4pji18hwc1lnrnw0egpo31439"
        },
        {
            "type": "Feature",
            "geometry": {
                "type": "Polygon",
                "coordinates": [
                    [
                        [
                            -9.228273,
                            38.708888
                        ],
                        [
                            -9.228112,
                            38.708961
                        ],
                        [
                            -9.228097,
                            38.709103
                        ],
                        [
                            -9.229255,
                            38.709015
                        ],
                        [
                            -9.229344,
                            38.709198
                        ],
                        [
                            -9.229585,
                            38.709127
                        ],
                        [
                            -9.229427,
                            38.708789
                        ],
                        [
                            -9.228273,
                            38.708888
                        ]
                    ]
                ]
            },
            "properties": {
                "color": "#097138",
                "name": "Rua Dom António Ribeiro",
                "polygonId": "1440",
                "hasparkingpasses": "True",
                "isbillable": "True"
            },
            "id": "clxt4pji18hwc1lnrnw0egpo31440"
        },
        {
            "type": "Feature",
            "geometry": {
                "type": "Polygon",
                "coordinates": [
                    [
                        [
                            -9.22995,
                            38.708343
                        ],
                        [
                            -9.229878,
                            38.707949
                        ],
                        [
                            -9.228505,
                            38.708087
                        ],
                        [
                            -9.228513,
                            38.708244
                        ],
                        [
                            -9.229679,
                            38.70814
                        ],
                        [
                            -9.229723,
                            38.708365
                        ],
                        [
                            -9.22995,
                            38.708343
                        ]
                    ]
                ]
            },
            "properties": {
                "color": "#097138",
                "name": "Rua Monsenhor Manuel Teixeira",
                "polygonId": "1441",
                "hasparkingpasses": "False",
                "isbillable": "True"
            },
            "id": "clxt4pji18hwc1lnrnw0egpo31441"
        },
        {
            "type": "Feature",
            "geometry": {
                "type": "Polygon",
                "coordinates": [
                    [
                        [
                            -9.234474,
                            38.715495
                        ],
                        [
                            -9.234528,
                            38.715237
                        ],
                        [
                            -9.234311,
                            38.71515
                        ],
                        [
                            -9.233671,
                            38.714778
                        ],
                        [
                            -9.233286,
                            38.714445
                        ],
                        [
                            -9.23305,
                            38.714553
                        ],
                        [
                            -9.233473,
                            38.714933
                        ],
                        [
                            -9.234171,
                            38.715345
                        ],
                        [
                            -9.234474,
                            38.715495
                        ]
                    ]
                ]
            },
            "properties": {
                "color": "#a52714",
                "name": "Alameda António Sérgio (Europcar)",
                "polygonId": "1442",
                "hasparkingpasses": "True",
                "isbillable": "True"
            },
            "id": "clxt4pji18hwc1lnrnw0egpo31442"
        },
        {
            "type": "Feature",
            "geometry": {
                "type": "Polygon",
                "coordinates": [
                    [
                        [
                            -9.243712,
                            38.713915
                        ],
                        [
                            -9.241983,
                            38.71456
                        ],
                        [
                            -9.241679,
                            38.714775
                        ],
                        [
                            -9.241506,
                            38.714894
                        ],
                        [
                            -9.240569,
                            38.715552
                        ],
                        [
                            -9.240511,
                            38.71566
                        ],
                        [
                            -9.240341,
                            38.715712
                        ],
                        [
                            -9.239531,
                            38.716281
                        ],
                        [
                            -9.238831,
                            38.71647
                        ],
                        [
                            -9.238782,
                            38.71659
                        ],
                        [
                            -9.238958,
                            38.716686
                        ],
                        [
                            -9.23965,
                            38.716518
                        ],
                        [
                            -9.242169,
                            38.714772
                        ],
                        [
                            -9.243874,
                            38.71416
                        ],
                        [
                            -9.243712,
                            38.713915
                        ]
                    ]
                ]
            },
            "properties": {
                "color": "#956709",
                "name": "Avenida 25 de Abril de 1974",
                "polygonId": "1443",
                "hasparkingpasses": "False",
                "isbillable": "True"
            },
            "id": "clxt4pji18hwc1lnrnw0egpo31443"
        },
        {
            "type": "Feature",
            "geometry": {
                "type": "Polygon",
                "coordinates": [
                    [
                        [
                            -9.237156,
                            38.716986
                        ],
                        [
                            -9.236971,
                            38.716676
                        ],
                        [
                            -9.236819,
                            38.71642
                        ],
                        [
                            -9.236307,
                            38.71628
                        ],
                        [
                            -9.23676,
                            38.717123
                        ],
                        [
                            -9.237156,
                            38.716986
                        ]
                    ]
                ]
            },
            "properties": {
                "color": "#a52714",
                "name": "Rua Eduardo Freitas da Costa",
                "polygonId": "1444",
                "hasparkingpasses": "True",
                "isbillable": "True"
            },
            "id": "clxt4pji18hwc1lnrnw0egpo31444"
        },
        {
            "type": "Feature",
            "geometry": {
                "type": "Polygon",
                "coordinates": [
                    [
                        [
                            -9.237248,
                            38.716144
                        ],
                        [
                            -9.237345,
                            38.715692
                        ],
                        [
                            -9.237479,
                            38.71506
                        ],
                        [
                            -9.237564,
                            38.714672
                        ],
                        [
                            -9.237609,
                            38.714446
                        ],
                        [
                            -9.237766,
                            38.713708
                        ],
                        [
                            -9.23758,
                            38.713096
                        ],
                        [
                            -9.237477,
                            38.712831
                        ],
                        [
                            -9.237099,
                            38.712463
                        ],
                        [
                            -9.236841,
                            38.712292
                        ],
                        [
                            -9.236564,
                            38.712108
                        ],
                        [
                            -9.236074,
                            38.711939
                        ],
                        [
                            -9.235328,
                            38.711818
                        ],
                        [
                            -9.234486,
                            38.711874
                        ],
                        [
                            -9.232104,
                            38.712455
                        ],
                        [
                            -9.232203,
                            38.712754
                        ],
                        [
                            -9.232751,
                            38.712608
                        ],
                        [
                            -9.232865,
                            38.712491
                        ],
                        [
                            -9.233004,
                            38.712541
                        ],
                        [
                            -9.234001,
                            38.712276
                        ],
                        [
                            -9.234103,
                            38.712175
                        ],
                        [
                            -9.234247,
                            38.71221
                        ],
                        [
                            -9.234548,
                            38.712129
                        ],
                        [
                            -9.235375,
                            38.712088
                        ],
                        [
                            -9.235423,
                            38.712045
                        ],
                        [
                            -9.236013,
                            38.712161
                        ],
                        [
                            -9.236486,
                            38.712335
                        ],
                        [
                            -9.236511,
                            38.7124
                        ],
                        [
                            -9.236901,
                            38.712669
                        ],
                        [
                            -9.237179,
                            38.712951
                        ],
                        [
                            -9.237278,
                            38.713176
                        ],
                        [
                            -9.237341,
                            38.71339
                        ],
                        [
                            -9.237484,
                            38.713497
                        ],
                        [
                            -9.237408,
                            38.713611
                        ],
                        [
                            -9.237439,
                            38.71371
                        ],
                        [
                            -9.237255,
                            38.714506
                        ],
                        [
                            -9.237349,
                            38.714576
                        ],
                        [
                            -9.237206,
                            38.714721
                        ],
                        [
                            -9.237082,
                            38.715249
                        ],
                        [
                            -9.23718,
                            38.71534
                        ],
                        [
                            -9.237038,
                            38.715447
                        ],
                        [
                            -9.236891,
                            38.716097
                        ],
                        [
                            -9.237248,
                            38.716144
                        ]
                    ]
                ]
            },
            "properties": {
                "color": "#956709",
                "name": "Avenida Carolina Michaelis",
                "polygonId": "1445",
                "hasparkingpasses": "False",
                "isbillable": "True"
            },
            "id": "clxt4pji18hwc1lnrnw0egpo31445"
        },
        {
            "type": "Feature",
            "geometry": {
                "type": "Polygon",
                "coordinates": [
                    [
                        [
                            -9.238053,
                            38.716567
                        ],
                        [
                            -9.237836,
                            38.716117
                        ],
                        [
                            -9.237605,
                            38.716107
                        ],
                        [
                            -9.237804,
                            38.715097
                        ],
                        [
                            -9.237479,
                            38.71506
                        ],
                        [
                            -9.237345,
                            38.715692
                        ],
                        [
                            -9.237402,
                            38.715698
                        ],
                        [
                            -9.237321,
                            38.716118
                        ],
                        [
                            -9.237624,
                            38.716711
                        ],
                        [
                            -9.238053,
                            38.716567
                        ]
                    ]
                ]
            },
            "properties": {
                "color": "#a52714",
                "name": "Rua Amaro Monteiro",
                "polygonId": "1446",
                "hasparkingpasses": "True",
                "isbillable": "True"
            },
            "id": "clxt4pji18hwc1lnrnw0egpo31446"
        },
        {
            "type": "Feature",
            "geometry": {
                "type": "Polygon",
                "coordinates": [
                    [
                        [
                            -9.237408,
                            38.713611
                        ],
                        [
                            -9.237484,
                            38.713497
                        ],
                        [
                            -9.237341,
                            38.71339
                        ],
                        [
                            -9.236408,
                            38.713902
                        ],
                        [
                            -9.236008,
                            38.713979
                        ],
                        [
                            -9.235319,
                            38.713904
                        ],
                        [
                            -9.234728,
                            38.713605
                        ],
                        [
                            -9.23467,
                            38.713602
                        ],
                        [
                            -9.234277,
                            38.713139
                        ],
                        [
                            -9.234292,
                            38.713055
                        ],
                        [
                            -9.234267,
                            38.712778
                        ],
                        [
                            -9.234247,
                            38.71221
                        ],
                        [
                            -9.234103,
                            38.712175
                        ],
                        [
                            -9.234001,
                            38.712276
                        ],
                        [
                            -9.234009,
                            38.712379
                        ],
                        [
                            -9.234069,
                            38.712498
                        ],
                        [
                            -9.234029,
                            38.712591
                        ],
                        [
                            -9.234074,
                            38.713076
                        ],
                        [
                            -9.234186,
                            38.713355
                        ],
                        [
                            -9.234301,
                            38.713409
                        ],
                        [
                            -9.234326,
                            38.713519
                        ],
                        [
                            -9.234454,
                            38.713666
                        ],
                        [
                            -9.234623,
                            38.713798
                        ],
                        [
                            -9.234939,
                            38.71397
                        ],
                        [
                            -9.235037,
                            38.714004
                        ],
                        [
                            -9.235127,
                            38.713993
                        ],
                        [
                            -9.2352,
                            38.714058
                        ],
                        [
                            -9.235368,
                            38.714112
                        ],
                        [
                            -9.23602,
                            38.714166
                        ],
                        [
                            -9.236339,
                            38.714105
                        ],
                        [
                            -9.236578,
                            38.714058
                        ],
                        [
                            -9.236778,
                            38.713942
                        ],
                        [
                            -9.237408,
                            38.713611
                        ]
                    ]
                ]
            },
            "properties": {
                "color": "#a52714",
                "name": "Rua Diogo de Couto",
                "polygonId": "1447",
                "hasparkingpasses": "True",
                "isbillable": "True"
            },
            "id": "clxt4pji18hwc1lnrnw0egpo31447"
        },
        {
            "type": "Feature",
            "geometry": {
                "type": "Polygon",
                "coordinates": [
                    [
                        [
                            -9.237038,
                            38.715447
                        ],
                        [
                            -9.23718,
                            38.71534
                        ],
                        [
                            -9.237082,
                            38.715249
                        ],
                        [
                            -9.236555,
                            38.715182
                        ],
                        [
                            -9.236105,
                            38.715584
                        ],
                        [
                            -9.236454,
                            38.715837
                        ],
                        [
                            -9.236806,
                            38.715537
                        ],
                        [
                            -9.236627,
                            38.715391
                        ],
                        [
                            -9.237038,
                            38.715447
                        ]
                    ]
                ]
            },
            "properties": {
                "color": "#a52714",
                "name": "Largo Professor Pulido Valente",
                "polygonId": "1448",
                "hasparkingpasses": "True",
                "isbillable": "True"
            },
            "id": "clxt4pji18hwc1lnrnw0egpo31448"
        },
        {
            "type": "Feature",
            "geometry": {
                "type": "Polygon",
                "coordinates": [
                    [
                        [
                            -9.237131,
                            38.714386
                        ],
                        [
                            -9.237192,
                            38.714016
                        ],
                        [
                            -9.236752,
                            38.714081
                        ],
                        [
                            -9.236778,
                            38.713942
                        ],
                        [
                            -9.236578,
                            38.714058
                        ],
                        [
                            -9.236339,
                            38.714105
                        ],
                        [
                            -9.236272,
                            38.714497
                        ],
                        [
                            -9.237131,
                            38.714386
                        ]
                    ]
                ]
            },
            "properties": {
                "color": "#a52714",
                "name": "Largo Professor Henrique de Vilhena",
                "polygonId": "1449",
                "hasparkingpasses": "True",
                "isbillable": "True"
            },
            "id": "clxt4pji18hwc1lnrnw0egpo31449"
        },
        {
            "type": "Feature",
            "geometry": {
                "type": "MultiPolygon",
                "coordinates": [
                    [
                        [
                            [
                                -9.234827,
                                38.71458
                            ],
                            [
                                -9.234803,
                                38.714744
                            ],
                            [
                                -9.235013,
                                38.714781
                            ],
                            [
                                -9.235502,
                                38.714865
                            ],
                            [
                                -9.235981,
                                38.714841
                            ],
                            [
                                -9.236328,
                                38.714818
                            ],
                            [
                                -9.237206,
                                38.714721
                            ],
                            [
                                -9.237349,
                                38.714576
                            ],
                            [
                                -9.237255,
                                38.714506
                            ],
                            [
                                -9.236326,
                                38.714626
                            ],
                            [
                                -9.23595,
                                38.714653
                            ],
                            [
                                -9.235534,
                                38.71466
                            ],
                            [
                                -9.234925,
                                38.714557
                            ],
                            [
                                -9.234827,
                                38.71458
                            ]
                        ]
                    ],
                    [
                        [
                            [
                                -9.232751,
                                38.712608
                            ],
                            [
                                -9.232897,
                                38.712863
                            ],
                            [
                                -9.233408,
                                38.713741
                            ],
                            [
                                -9.233635,
                                38.713668
                            ],
                            [
                                -9.233004,
                                38.712541
                            ],
                            [
                                -9.232865,
                                38.712491
                            ],
                            [
                                -9.232751,
                                38.712608
                            ]
                        ]
                    ]
                ]
            },
            "properties": {
                "color": "#a52714",
                "name": "Rua de Ceuta",
                "polygonId": "1450",
                "hasparkingpasses": "True",
                "isbillable": "True"
            },
            "id": "clxt4pji18hwc1lnrnw0egpo31450"
        },
        {
            "type": "Feature",
            "geometry": {
                "type": "Polygon",
                "coordinates": [
                    [
                        [
                            -9.2352,
                            38.714058
                        ],
                        [
                            -9.235127,
                            38.713993
                        ],
                        [
                            -9.235037,
                            38.714004
                        ],
                        [
                            -9.234754,
                            38.714493
                        ],
                        [
                            -9.234827,
                            38.71458
                        ],
                        [
                            -9.234925,
                            38.714557
                        ],
                        [
                            -9.2352,
                            38.714058
                        ]
                    ]
                ]
            },
            "properties": {
                "color": "#a52714",
                "name": "Rua Dr. Agostinho de Campos",
                "polygonId": "1451",
                "hasparkingpasses": "True",
                "isbillable": "True"
            },
            "id": "clxt4pji18hwc1lnrnw0egpo31451"
        },
        {
            "type": "Feature",
            "geometry": {
                "type": "Polygon",
                "coordinates": [
                    [
                        [
                            -9.233454,
                            38.713824
                        ],
                        [
                            -9.233408,
                            38.713741
                        ],
                        [
                            -9.232897,
                            38.712863
                        ],
                        [
                            -9.232541,
                            38.71285
                        ],
                        [
                            -9.232538,
                            38.713484
                        ],
                        [
                            -9.232838,
                            38.713398
                        ],
                        [
                            -9.233138,
                            38.713935
                        ],
                        [
                            -9.233454,
                            38.713824
                        ]
                    ]
                ]
            },
            "properties": {
                "color": "#a52714",
                "name": "Rua Professor Dias Amado",
                "polygonId": "1452",
                "hasparkingpasses": "True",
                "isbillable": "True"
            },
            "id": "clxt4pji18hwc1lnrnw0egpo31452"
        },
        {
            "type": "Feature",
            "geometry": {
                "type": "Polygon",
                "coordinates": [
                    [
                        [
                            -9.235581,
                            38.715707
                        ],
                        [
                            -9.235878,
                            38.715438
                        ],
                        [
                            -9.235001,
                            38.714871
                        ],
                        [
                            -9.235013,
                            38.714781
                        ],
                        [
                            -9.234803,
                            38.714744
                        ],
                        [
                            -9.234781,
                            38.714907
                        ],
                        [
                            -9.234583,
                            38.71511
                        ],
                        [
                            -9.235581,
                            38.715707
                        ]
                    ]
                ]
            },
            "properties": {
                "color": "#a52714",
                "name": "Largo Professor Fernando Fonseca",
                "polygonId": "1453",
                "hasparkingpasses": "True",
                "isbillable": "True"
            },
            "id": "clxt4pji18hwc1lnrnw0egpo31453"
        },
        {
            "type": "Feature",
            "geometry": {
                "type": "Polygon",
                "coordinates": [
                    [
                        [
                            -9.235634,
                            38.715156
                        ],
                        [
                            -9.236034,
                            38.715423
                        ],
                        [
                            -9.236546,
                            38.71497
                        ],
                        [
                            -9.236328,
                            38.714818
                        ],
                        [
                            -9.235981,
                            38.714841
                        ],
                        [
                            -9.235634,
                            38.715156
                        ]
                    ]
                ]
            },
            "properties": {
                "color": "#a52714",
                "name": "Largo Professor Abel Salazar",
                "polygonId": "1454",
                "hasparkingpasses": "True",
                "isbillable": "True"
            },
            "id": "clxt4pji18hwc1lnrnw0egpo31454"
        },
        {
            "type": "Feature",
            "geometry": {
                "type": "Polygon",
                "coordinates": [
                    [
                        [
                            -9.234029,
                            38.712591
                        ],
                        [
                            -9.234069,
                            38.712498
                        ],
                        [
                            -9.234009,
                            38.712379
                        ],
                        [
                            -9.23326,
                            38.712581
                        ],
                        [
                            -9.23352,
                            38.713194
                        ],
                        [
                            -9.233913,
                            38.713089
                        ],
                        [
                            -9.233734,
                            38.712668
                        ],
                        [
                            -9.234029,
                            38.712591
                        ]
                    ]
                ]
            },
            "properties": {
                "color": "#a52714",
                "name": "Largo Professor Eduardo Coelho",
                "polygonId": "1455",
                "hasparkingpasses": "True",
                "isbillable": "True"
            },
            "id": "clxt4pji18hwc1lnrnw0egpo31455"
        },
        {
            "type": "Feature",
            "geometry": {
                "type": "Polygon",
                "coordinates": [
                    [
                        [
                            -9.234186,
                            38.713355
                        ],
                        [
                            -9.234028,
                            38.713398
                        ],
                        [
                            -9.233931,
                            38.713202
                        ],
                        [
                            -9.23357,
                            38.713295
                        ],
                        [
                            -9.233773,
                            38.713686
                        ],
                        [
                            -9.234326,
                            38.713519
                        ],
                        [
                            -9.234301,
                            38.713409
                        ],
                        [
                            -9.234186,
                            38.713355
                        ]
                    ]
                ]
            },
            "properties": {
                "color": "#a52714",
                "name": "Largo Professor João Cid Santos",
                "polygonId": "1456",
                "hasparkingpasses": "True",
                "isbillable": "True"
            },
            "id": "clxt4pji18hwc1lnrnw0egpo31456"
        },
        {
            "type": "Feature",
            "geometry": {
                "type": "Polygon",
                "coordinates": [
                    [
                        [
                            -9.240077,
                            38.715302
                        ],
                        [
                            -9.240341,
                            38.715712
                        ],
                        [
                            -9.240511,
                            38.71566
                        ],
                        [
                            -9.240569,
                            38.715552
                        ],
                        [
                            -9.240313,
                            38.715195
                        ],
                        [
                            -9.240077,
                            38.715302
                        ]
                    ]
                ]
            },
            "properties": {
                "color": "#a52714",
                "name": "Rua Rodrigues Lobo",
                "polygonId": "1457",
                "hasparkingpasses": "True",
                "isbillable": "True"
            },
            "id": "clxt4pji18hwc1lnrnw0egpo31457"
        },
        {
            "type": "Feature",
            "geometry": {
                "type": "Polygon",
                "coordinates": [
                    [
                        [
                            -9.242091,
                            38.72718
                        ],
                        [
                            -9.242326,
                            38.727325
                        ],
                        [
                            -9.242402,
                            38.727121
                        ],
                        [
                            -9.242714,
                            38.726665
                        ],
                        [
                            -9.242975,
                            38.726714
                        ],
                        [
                            -9.243303,
                            38.726232
                        ],
                        [
                            -9.243168,
                            38.726139
                        ],
                        [
                            -9.242837,
                            38.726046
                        ],
                        [
                            -9.242091,
                            38.72718
                        ]
                    ]
                ]
            },
            "properties": {
                "color": "#a52714",
                "name": "Rua Cesário Verde",
                "polygonId": "1458",
                "hasparkingpasses": "False",
                "isbillable": "True"
            },
            "id": "clxt4pji18hwc1lnrnw0egpo31458"
        },
        {
            "type": "Feature",
            "geometry": {
                "type": "Polygon",
                "coordinates": [
                    [
                        [
                            -9.243661,
                            38.726036
                        ],
                        [
                            -9.242885,
                            38.725737
                        ],
                        [
                            -9.241667,
                            38.725586
                        ],
                        [
                            -9.241492,
                            38.725583
                        ],
                        [
                            -9.240916,
                            38.725636
                        ],
                        [
                            -9.240667,
                            38.725729
                        ],
                        [
                            -9.24044,
                            38.725699
                        ],
                        [
                            -9.240248,
                            38.725725
                        ],
                        [
                            -9.240008,
                            38.725818
                        ],
                        [
                            -9.239774,
                            38.725788
                        ],
                        [
                            -9.239578,
                            38.725814
                        ],
                        [
                            -9.239376,
                            38.725924
                        ],
                        [
                            -9.239142,
                            38.725872
                        ],
                        [
                            -9.238969,
                            38.725894
                        ],
                        [
                            -9.238737,
                            38.726051
                        ],
                        [
                            -9.238484,
                            38.726033
                        ],
                        [
                            -9.238253,
                            38.7261
                        ],
                        [
                            -9.238114,
                            38.726211
                        ],
                        [
                            -9.237861,
                            38.726212
                        ],
                        [
                            -9.23761,
                            38.726285
                        ],
                        [
                            -9.237446,
                            38.726377
                        ],
                        [
                            -9.237266,
                            38.726384
                        ],
                        [
                            -9.237206,
                            38.726401
                        ],
                        [
                            -9.236879,
                            38.726525
                        ],
                        [
                            -9.236623,
                            38.726569
                        ],
                        [
                            -9.236473,
                            38.726612
                        ],
                        [
                            -9.236528,
                            38.72706
                        ],
                        [
                            -9.237226,
                            38.726888
                        ],
                        [
                            -9.237456,
                            38.726613
                        ],
                        [
                            -9.23812,
                            38.726419
                        ],
                        [
                            -9.238215,
                            38.726344
                        ],
                        [
                            -9.238347,
                            38.726354
                        ],
                        [
                            -9.238916,
                            38.726189
                        ],
                        [
                            -9.239691,
                            38.726096
                        ],
                        [
                            -9.240013,
                            38.725962
                        ],
                        [
                            -9.240353,
                            38.726
                        ],
                        [
                            -9.241331,
                            38.725891
                        ],
                        [
                            -9.241834,
                            38.725905
                        ],
                        [
                            -9.242837,
                            38.726046
                        ],
                        [
                            -9.243168,
                            38.726139
                        ],
                        [
                            -9.243303,
                            38.726232
                        ],
                        [
                            -9.243482,
                            38.726303
                        ],
                        [
                            -9.243661,
                            38.726036
                        ]
                    ]
                ]
            },
            "properties": {
                "color": "#a52714",
                "name": "Avenida Portugal",
                "polygonId": "1459",
                "hasparkingpasses": "True",
                "isbillable": "True"
            },
            "id": "clxt4pji18hwc1lnrnw0egpo31459"
        },
        {
            "type": "Feature",
            "geometry": {
                "type": "Polygon",
                "coordinates": [
                    [
                        [
                            -9.241667,
                            38.725586
                        ],
                        [
                            -9.241804,
                            38.725299
                        ],
                        [
                            -9.241645,
                            38.725104
                        ],
                        [
                            -9.24147,
                            38.725179
                        ],
                        [
                            -9.241394,
                            38.725377
                        ],
                        [
                            -9.241492,
                            38.725583
                        ],
                        [
                            -9.241667,
                            38.725586
                        ]
                    ]
                ]
            },
            "properties": {
                "color": "#a52714",
                "name": "Rua Fernão Lopes",
                "polygonId": "1460",
                "hasparkingpasses": "True",
                "isbillable": "True"
            },
            "id": "clxt4pji18hwc1lnrnw0egpo31460"
        },
        {
            "type": "Feature",
            "geometry": {
                "type": "Polygon",
                "coordinates": [
                    [
                        [
                            -9.24044,
                            38.725699
                        ],
                        [
                            -9.240667,
                            38.725729
                        ],
                        [
                            -9.240916,
                            38.725636
                        ],
                        [
                            -9.240997,
                            38.72524
                        ],
                        [
                            -9.240767,
                            38.725194
                        ],
                        [
                            -9.240556,
                            38.725299
                        ],
                        [
                            -9.24044,
                            38.725699
                        ]
                    ]
                ]
            },
            "properties": {
                "color": "#a52714",
                "name": "Praceta António Feliciano Castilho",
                "polygonId": "1461",
                "hasparkingpasses": "True",
                "isbillable": "True"
            },
            "id": "clxt4pji18hwc1lnrnw0egpo31461"
        },
        {
            "type": "Feature",
            "geometry": {
                "type": "Polygon",
                "coordinates": [
                    [
                        [
                            -9.239774,
                            38.725788
                        ],
                        [
                            -9.240008,
                            38.725818
                        ],
                        [
                            -9.240248,
                            38.725725
                        ],
                        [
                            -9.240376,
                            38.725322
                        ],
                        [
                            -9.24012,
                            38.725307
                        ],
                        [
                            -9.239897,
                            38.725402
                        ],
                        [
                            -9.239774,
                            38.725788
                        ]
                    ]
                ]
            },
            "properties": {
                "color": "#a52714",
                "name": "Praceta António Ferreira",
                "polygonId": "1462",
                "hasparkingpasses": "True",
                "isbillable": "True"
            },
            "id": "clxt4pji18hwc1lnrnw0egpo31462"
        },
        {
            "type": "Feature",
            "geometry": {
                "type": "Polygon",
                "coordinates": [
                    [
                        [
                            -9.239142,
                            38.725872
                        ],
                        [
                            -9.239376,
                            38.725924
                        ],
                        [
                            -9.239578,
                            38.725814
                        ],
                        [
                            -9.239693,
                            38.725441
                        ],
                        [
                            -9.239422,
                            38.725442
                        ],
                        [
                            -9.239257,
                            38.725526
                        ],
                        [
                            -9.239142,
                            38.725872
                        ]
                    ]
                ]
            },
            "properties": {
                "color": "#a52714",
                "name": "Praceta António Nobre",
                "polygonId": "1463",
                "hasparkingpasses": "True",
                "isbillable": "True"
            },
            "id": "clxt4pji18hwc1lnrnw0egpo31463"
        },
        {
            "type": "Feature",
            "geometry": {
                "type": "Polygon",
                "coordinates": [
                    [
                        [
                            -9.238484,
                            38.726033
                        ],
                        [
                            -9.238737,
                            38.726051
                        ],
                        [
                            -9.238969,
                            38.725894
                        ],
                        [
                            -9.239068,
                            38.725538
                        ],
                        [
                            -9.238779,
                            38.725499
                        ],
                        [
                            -9.238635,
                            38.725539
                        ],
                        [
                            -9.238484,
                            38.726033
                        ]
                    ]
                ]
            },
            "properties": {
                "color": "#a52714",
                "name": "Praceta Guerra Junqueiro",
                "polygonId": "1464",
                "hasparkingpasses": "True",
                "isbillable": "True"
            },
            "id": "clxt4pji18hwc1lnrnw0egpo31464"
        },
        {
            "type": "Feature",
            "geometry": {
                "type": "Polygon",
                "coordinates": [
                    [
                        [
                            -9.23823,
                            38.726007
                        ],
                        [
                            -9.238376,
                            38.725541
                        ],
                        [
                            -9.238122,
                            38.72549
                        ],
                        [
                            -9.23802,
                            38.725542
                        ],
                        [
                            -9.237861,
                            38.726212
                        ],
                        [
                            -9.238114,
                            38.726211
                        ],
                        [
                            -9.238253,
                            38.7261
                        ],
                        [
                            -9.23823,
                            38.726007
                        ]
                    ]
                ]
            },
            "properties": {
                "color": "#a52714",
                "name": "Rua João das Regras",
                "polygonId": "1465",
                "hasparkingpasses": "True",
                "isbillable": "True"
            },
            "id": "clxt4pji18hwc1lnrnw0egpo31465"
        },
        {
            "type": "Feature",
            "geometry": {
                "type": "Polygon",
                "coordinates": [
                    [
                        [
                            -9.23761,
                            38.726285
                        ],
                        [
                            -9.237806,
                            38.725542
                        ],
                        [
                            -9.237052,
                            38.725438
                        ],
                        [
                            -9.236974,
                            38.725735
                        ],
                        [
                            -9.237409,
                            38.725791
                        ],
                        [
                            -9.237266,
                            38.726384
                        ],
                        [
                            -9.237446,
                            38.726377
                        ],
                        [
                            -9.23761,
                            38.726285
                        ]
                    ]
                ]
            },
            "properties": {
                "color": "#a52714",
                "name": "Praceta Ferreira de Castro",
                "polygonId": "1466",
                "hasparkingpasses": "True",
                "isbillable": "True"
            },
            "id": "clxt4pji18hwc1lnrnw0egpo31466"
        },
        {
            "type": "Feature",
            "geometry": {
                "type": "Polygon",
                "coordinates": [
                    [
                        [
                            -9.237206,
                            38.726401
                        ],
                        [
                            -9.237139,
                            38.726328
                        ],
                        [
                            -9.237213,
                            38.726011
                        ],
                        [
                            -9.236772,
                            38.725951
                        ],
                        [
                            -9.236623,
                            38.726569
                        ],
                        [
                            -9.236879,
                            38.726525
                        ],
                        [
                            -9.237206,
                            38.726401
                        ]
                    ]
                ]
            },
            "properties": {
                "color": "#a52714",
                "name": "Praceta Eugénio de Castro",
                "polygonId": "1467",
                "hasparkingpasses": "True",
                "isbillable": "True"
            },
            "id": "clxt4pji18hwc1lnrnw0egpo31467"
        },
        {
            "type": "Feature",
            "geometry": {
                "type": "Polygon",
                "coordinates": [
                    [
                        [
                            -9.236279,
                            38.72533
                        ],
                        [
                            -9.236218,
                            38.725569
                        ],
                        [
                            -9.236322,
                            38.725583
                        ],
                        [
                            -9.236235,
                            38.725908
                        ],
                        [
                            -9.236165,
                            38.726175
                        ],
                        [
                            -9.236315,
                            38.726308
                        ],
                        [
                            -9.236563,
                            38.72537
                        ],
                        [
                            -9.236431,
                            38.725292
                        ],
                        [
                            -9.236279,
                            38.72533
                        ]
                    ]
                ]
            },
            "properties": {
                "color": "#a52714",
                "name": "Praceta Fernando Pessoa",
                "polygonId": "1468",
                "hasparkingpasses": "True",
                "isbillable": "True"
            },
            "id": "clxt4pji18hwc1lnrnw0egpo31468"
        },
        {
            "type": "Feature",
            "geometry": {
                "type": "Polygon",
                "coordinates": [
                    [
                        [
                            -9.235772,
                            38.725525
                        ],
                        [
                            -9.235661,
                            38.725878
                        ],
                        [
                            -9.235961,
                            38.726004
                        ],
                        [
                            -9.236165,
                            38.726175
                        ],
                        [
                            -9.236235,
                            38.725908
                        ],
                        [
                            -9.235867,
                            38.725732
                        ],
                        [
                            -9.235915,
                            38.725546
                        ],
                        [
                            -9.236048,
                            38.725565
                        ],
                        [
                            -9.236109,
                            38.725307
                        ],
                        [
                            -9.23584,
                            38.72521
                        ],
                        [
                            -9.235651,
                            38.725243
                        ],
                        [
                            -9.235582,
                            38.725493
                        ],
                        [
                            -9.235772,
                            38.725525
                        ]
                    ]
                ]
            },
            "properties": {
                "color": "#a52714",
                "name": "Praceta Filinto Elísio",
                "polygonId": "1469",
                "hasparkingpasses": "True",
                "isbillable": "True"
            },
            "id": "clxt4pji18hwc1lnrnw0egpo31469"
        },
        {
            "type": "Feature",
            "geometry": {
                "type": "MultiPolygon",
                "coordinates": [
                    [
                        [
                            [
                                -9.236657,
                                38.728149
                            ],
                            [
                                -9.236673,
                                38.728098
                            ],
                            [
                                -9.236576,
                                38.728012
                            ],
                            [
                                -9.23669,
                                38.727852
                            ],
                            [
                                -9.236673,
                                38.727639
                            ],
                            [
                                -9.236562,
                                38.727546
                            ],
                            [
                                -9.236653,
                                38.727395
                            ],
                            [
                                -9.236649,
                                38.72734
                            ],
                            [
                                -9.236442,
                                38.72736
                            ],
                            [
                                -9.236497,
                                38.727997
                            ],
                            [
                                -9.236458,
                                38.728106
                            ],
                            [
                                -9.236521,
                                38.728199
                            ],
                            [
                                -9.236657,
                                38.728149
                            ]
                        ]
                    ],
                    [
                        [
                            [
                                -9.235961,
                                38.726004
                            ],
                            [
                                -9.235661,
                                38.725878
                            ],
                            [
                                -9.235442,
                                38.725786
                            ],
                            [
                                -9.235015,
                                38.725676
                            ],
                            [
                                -9.234808,
                                38.725623
                            ],
                            [
                                -9.234787,
                                38.725746
                            ],
                            [
                                -9.235349,
                                38.725897
                            ],
                            [
                                -9.235845,
                                38.726092
                            ],
                            [
                                -9.236054,
                                38.726276
                            ],
                            [
                                -9.236165,
                                38.726175
                            ],
                            [
                                -9.235961,
                                38.726004
                            ]
                        ]
                    ]
                ]
            },
            "properties": {
                "color": "#a52714",
                "name": "Rua Tenente General Zeferino Sequeira",
                "polygonId": "1470",
                "hasparkingpasses": "True",
                "isbillable": "True"
            },
            "id": "clxt4pji18hwc1lnrnw0egpo31470"
        },
        {
            "type": "Feature",
            "geometry": {
                "type": "Polygon",
                "coordinates": [
                    [
                        [
                            -9.235466,
                            38.725217
                        ],
                        [
                            -9.235174,
                            38.725111
                        ],
                        [
                            -9.234992,
                            38.725152
                        ],
                        [
                            -9.234937,
                            38.725387
                        ],
                        [
                            -9.23509,
                            38.725414
                        ],
                        [
                            -9.235015,
                            38.725676
                        ],
                        [
                            -9.235442,
                            38.725786
                        ],
                        [
                            -9.235376,
                            38.725545
                        ],
                        [
                            -9.235466,
                            38.725217
                        ]
                    ]
                ]
            },
            "properties": {
                "color": "#a52714",
                "name": "Praceta Florbela Espanca",
                "polygonId": "1471",
                "hasparkingpasses": "True",
                "isbillable": "True"
            },
            "id": "clxt4pji18hwc1lnrnw0egpo31471"
        },
        {
            "type": "Feature",
            "geometry": {
                "type": "Polygon",
                "coordinates": [
                    [
                        [
                            -9.234357,
                            38.725071
                        ],
                        [
                            -9.234221,
                            38.725809
                        ],
                        [
                            -9.234367,
                            38.725919
                        ],
                        [
                            -9.234045,
                            38.727791
                        ],
                        [
                            -9.234241,
                            38.72798
                        ],
                        [
                            -9.234432,
                            38.72786
                        ],
                        [
                            -9.234787,
                            38.725746
                        ],
                        [
                            -9.234808,
                            38.725623
                        ],
                        [
                            -9.234891,
                            38.725138
                        ],
                        [
                            -9.234357,
                            38.725071
                        ]
                    ]
                ]
            },
            "properties": {
                "color": "#956709",
                "name": "Avenida Professor Doutor Reinaldo Santos",
                "polygonId": "1472",
                "hasparkingpasses": "False",
                "isbillable": "True"
            },
            "id": "clxt4pji18hwc1lnrnw0egpo31472"
        },
        {
            "type": "Feature",
            "geometry": {
                "type": "Polygon",
                "coordinates": [
                    [
                        [
                            -9.239691,
                            38.726096
                        ],
                        [
                            -9.2398,
                            38.726436
                        ],
                        [
                            -9.23951,
                            38.72689
                        ],
                        [
                            -9.239424,
                            38.727099
                        ],
                        [
                            -9.239293,
                            38.727177
                        ],
                        [
                            -9.238698,
                            38.727786
                        ],
                        [
                            -9.238214,
                            38.728168
                        ],
                        [
                            -9.237695,
                            38.728438
                        ],
                        [
                            -9.237566,
                            38.728472
                        ],
                        [
                            -9.237327,
                            38.728548
                        ],
                        [
                            -9.237075,
                            38.728541
                        ],
                        [
                            -9.236773,
                            38.728571
                        ],
                        [
                            -9.235772,
                            38.728416
                        ],
                        [
                            -9.235108,
                            38.727932
                        ],
                        [
                            -9.23472,
                            38.72789
                        ],
                        [
                            -9.234432,
                            38.72786
                        ],
                        [
                            -9.234241,
                            38.72798
                        ],
                        [
                            -9.234174,
                            38.728376
                        ],
                        [
                            -9.235895,
                            38.728646
                        ],
                        [
                            -9.236201,
                            38.728636
                        ],
                        [
                            -9.236476,
                            38.728737
                        ],
                        [
                            -9.236604,
                            38.728757
                        ],
                        [
                            -9.236794,
                            38.728787
                        ],
                        [
                            -9.237407,
                            38.728706
                        ],
                        [
                            -9.237764,
                            38.728659
                        ],
                        [
                            -9.238308,
                            38.728406
                        ],
                        [
                            -9.238941,
                            38.727943
                        ],
                        [
                            -9.239581,
                            38.727298
                        ],
                        [
                            -9.240056,
                            38.726629
                        ],
                        [
                            -9.240147,
                            38.726436
                        ],
                        [
                            -9.240353,
                            38.726
                        ],
                        [
                            -9.240013,
                            38.725962
                        ],
                        [
                            -9.239691,
                            38.726096
                        ]
                    ]
                ]
            },
            "properties": {
                "color": "#a52714",
                "name": "Rua Manuel Teixeira Gomes",
                "polygonId": "1473",
                "hasparkingpasses": "True",
                "isbillable": "True"
            },
            "id": "clxt4pji18hwc1lnrnw0egpo31473"
        },
        {
            "type": "Feature",
            "geometry": {
                "type": "Polygon",
                "coordinates": [
                    [
                        [
                            -9.234565,
                            38.727217
                        ],
                        [
                            -9.23481,
                            38.72737
                        ],
                        [
                            -9.23472,
                            38.72789
                        ],
                        [
                            -9.235108,
                            38.727932
                        ],
                        [
                            -9.235359,
                            38.726601
                        ],
                        [
                            -9.234903,
                            38.72632
                        ],
                        [
                            -9.234743,
                            38.726505
                        ],
                        [
                            -9.235063,
                            38.726694
                        ],
                        [
                            -9.234565,
                            38.727217
                        ]
                    ]
                ]
            },
            "properties": {
                "color": "#a52714",
                "name": "Largo Frederico de Freitas",
                "polygonId": "1474",
                "hasparkingpasses": "True",
                "isbillable": "True"
            },
            "id": "clxt4pji18hwc1lnrnw0egpo31474"
        },
        {
            "type": "Feature",
            "geometry": {
                "type": "Polygon",
                "coordinates": [
                    [
                        [
                            -9.235553,
                            38.726719
                        ],
                        [
                            -9.235481,
                            38.727114
                        ],
                        [
                            -9.235262,
                            38.727334
                        ],
                        [
                            -9.235364,
                            38.727468
                        ],
                        [
                            -9.235207,
                            38.727626
                        ],
                        [
                            -9.235156,
                            38.727915
                        ],
                        [
                            -9.235422,
                            38.72794
                        ],
                        [
                            -9.235457,
                            38.727744
                        ],
                        [
                            -9.23557,
                            38.727666
                        ],
                        [
                            -9.235692,
                            38.726993
                        ],
                        [
                            -9.235786,
                            38.726604
                        ],
                        [
                            -9.234861,
                            38.726051
                        ],
                        [
                            -9.234716,
                            38.726205
                        ],
                        [
                            -9.234903,
                            38.72632
                        ],
                        [
                            -9.235359,
                            38.726601
                        ],
                        [
                            -9.235425,
                            38.72664
                        ],
                        [
                            -9.235355,
                            38.726715
                        ],
                        [
                            -9.235476,
                            38.72679
                        ],
                        [
                            -9.235553,
                            38.726719
                        ]
                    ]
                ]
            },
            "properties": {
                "color": "#a52714",
                "name": "Rua Avelar Brotero",
                "polygonId": "1475",
                "hasparkingpasses": "True",
                "isbillable": "True"
            },
            "id": "clxt4pji18hwc1lnrnw0egpo31475"
        },
        {
            "type": "Feature",
            "geometry": {
                "type": "Polygon",
                "coordinates": [
                    [
                        [
                            -9.236476,
                            38.728737
                        ],
                        [
                            -9.236201,
                            38.728636
                        ],
                        [
                            -9.235895,
                            38.728646
                        ],
                        [
                            -9.236129,
                            38.729623
                        ],
                        [
                            -9.236666,
                            38.729554
                        ],
                        [
                            -9.236604,
                            38.729288
                        ],
                        [
                            -9.236476,
                            38.728737
                        ]
                    ]
                ]
            },
            "properties": {
                "color": "#a52714",
                "name": "Rua Quinta da Nora",
                "polygonId": "1476",
                "hasparkingpasses": "True",
                "isbillable": "True"
            },
            "id": "clxt4pji18hwc1lnrnw0egpo31476"
        },
        {
            "type": "Feature",
            "geometry": {
                "type": "Polygon",
                "coordinates": [
                    [
                        [
                            -9.238362,
                            38.726517
                        ],
                        [
                            -9.238397,
                            38.726865
                        ],
                        [
                            -9.239293,
                            38.727177
                        ],
                        [
                            -9.239424,
                            38.727099
                        ],
                        [
                            -9.23951,
                            38.72689
                        ],
                        [
                            -9.238362,
                            38.726517
                        ]
                    ]
                ]
            },
            "properties": {
                "color": "#a52714",
                "name": "Praceta Professor Dr. José Sebastião e Silva",
                "polygonId": "1477",
                "hasparkingpasses": "True",
                "isbillable": "True"
            },
            "id": "clxt4pji18hwc1lnrnw0egpo31477"
        },
        {
            "type": "Feature",
            "geometry": {
                "type": "Polygon",
                "coordinates": [
                    [
                        [
                            -9.240056,
                            38.726629
                        ],
                        [
                            -9.240214,
                            38.726644
                        ],
                        [
                            -9.240456,
                            38.726744
                        ],
                        [
                            -9.240642,
                            38.726779
                        ],
                        [
                            -9.240714,
                            38.726851
                        ],
                        [
                            -9.241039,
                            38.726986
                        ],
                        [
                            -9.241236,
                            38.727019
                        ],
                        [
                            -9.241305,
                            38.727096
                        ],
                        [
                            -9.24163,
                            38.727231
                        ],
                        [
                            -9.241825,
                            38.727267
                        ],
                        [
                            -9.241889,
                            38.727339
                        ],
                        [
                            -9.242216,
                            38.727474
                        ],
                        [
                            -9.242326,
                            38.727325
                        ],
                        [
                            -9.242091,
                            38.72718
                        ],
                        [
                            -9.241285,
                            38.726856
                        ],
                        [
                            -9.24138,
                            38.72671
                        ],
                        [
                            -9.240739,
                            38.72644
                        ],
                        [
                            -9.240636,
                            38.726592
                        ],
                        [
                            -9.240345,
                            38.726468
                        ],
                        [
                            -9.240147,
                            38.726436
                        ],
                        [
                            -9.240056,
                            38.726629
                        ]
                    ]
                ]
            },
            "properties": {
                "color": "#a52714",
                "name": "Rua 25 de Abril",
                "polygonId": "1478",
                "hasparkingpasses": "True",
                "isbillable": "True"
            },
            "id": "clxt4pji18hwc1lnrnw0egpo31478"
        },
        {
            "type": "Feature",
            "geometry": {
                "type": "Polygon",
                "coordinates": [
                    [
                        [
                            -9.234653,
                            38.720972
                        ],
                        [
                            -9.23434,
                            38.720979
                        ],
                        [
                            -9.234365,
                            38.72154
                        ],
                        [
                            -9.23472,
                            38.722801
                        ],
                        [
                            -9.234766,
                            38.723317
                        ],
                        [
                            -9.234727,
                            38.723667
                        ],
                        [
                            -9.235063,
                            38.723697
                        ],
                        [
                            -9.235111,
                            38.723321
                        ],
                        [
                            -9.2351,
                            38.723106
                        ],
                        [
                            -9.23506,
                            38.722745
                        ],
                        [
                            -9.234686,
                            38.721506
                        ],
                        [
                            -9.234653,
                            38.720972
                        ]
                    ]
                ]
            },
            "properties": {
                "color": "#956709",
                "name": "Avenida do Forte",
                "polygonId": "1479",
                "hasparkingpasses": "False",
                "isbillable": "True"
            },
            "id": "clxt4pji18hwc1lnrnw0egpo31479"
        },
        {
            "type": "Feature",
            "geometry": {
                "type": "Polygon",
                "coordinates": [
                    [
                        [
                            -9.263307,
                            38.716712
                        ],
                        [
                            -9.263238,
                            38.717158
                        ],
                        [
                            -9.263555,
                            38.717274
                        ],
                        [
                            -9.263501,
                            38.716688
                        ],
                        [
                            -9.263307,
                            38.716712
                        ]
                    ]
                ]
            },
            "properties": {
                "color": "#a52714",
                "name": "Estrada das Várzeas",
                "polygonId": "1480",
                "hasparkingpasses": "False",
                "isbillable": "True"
            },
            "id": "clxt4pji18hwc1lnrnw0egpo31480"
        },
        {
            "type": "Feature",
            "geometry": {
                "type": "Polygon",
                "coordinates": [
                    [
                        [
                            -9.263164,
                            38.719145
                        ],
                        [
                            -9.263191,
                            38.718544
                        ],
                        [
                            -9.263555,
                            38.717274
                        ],
                        [
                            -9.263238,
                            38.717158
                        ],
                        [
                            -9.262889,
                            38.718518
                        ],
                        [
                            -9.262851,
                            38.719153
                        ],
                        [
                            -9.263164,
                            38.719145
                        ]
                    ]
                ]
            },
            "properties": {
                "color": "#a52714",
                "name": "Rua João XXI",
                "polygonId": "1481",
                "hasparkingpasses": "False",
                "isbillable": "True"
            },
            "id": "clxt4pji18hwc1lnrnw0egpo31481"
        },
        {
            "type": "Feature",
            "geometry": {
                "type": "Polygon",
                "coordinates": [
                    [
                        [
                            -9.274271,
                            38.699457
                        ],
                        [
                            -9.274306,
                            38.698979
                        ],
                        [
                            -9.273308,
                            38.698927
                        ],
                        [
                            -9.274271,
                            38.699457
                        ]
                    ]
                ]
            },
            "properties": {
                "color": "#f9a825",
                "name": "Largo da Estação da CP",
                "polygonId": "1482",
                "hasparkingpasses": "True",
                "isbillable": "True"
            },
            "id": "clxt4pji18hwc1lnrnw0egpo31482"
        },
        {
            "type": "Feature",
            "geometry": {
                "type": "Polygon",
                "coordinates": [
                    [
                        [
                            -9.274352,
                            38.699589
                        ],
                        [
                            -9.273696,
                            38.699237
                        ],
                        [
                            -9.273502,
                            38.699412
                        ],
                        [
                            -9.274033,
                            38.699851
                        ],
                        [
                            -9.274352,
                            38.699589
                        ]
                    ]
                ]
            },
            "properties": {
                "color": "#f9a825",
                "name": "Rua da Quinta Real de Caxias",
                "polygonId": "1483",
                "hasparkingpasses": "True",
                "isbillable": "True"
            },
            "id": "clxt4pji18hwc1lnrnw0egpo31483"
        },
        {
            "type": "Feature",
            "geometry": {
                "type": "Polygon",
                "coordinates": [
                    [
                        [
                            -9.292683,
                            38.69452
                        ],
                        [
                            -9.291788,
                            38.694244
                        ],
                        [
                            -9.291695,
                            38.694343
                        ],
                        [
                            -9.292229,
                            38.694826
                        ],
                        [
                            -9.292683,
                            38.69452
                        ]
                    ]
                ]
            },
            "properties": {
                "color": "#a52714",
                "name": "Rua Marquês de Pombal",
                "polygonId": "1484",
                "hasparkingpasses": "False",
                "isbillable": "True"
            },
            "id": "clxt4pji18hwc1lnrnw0egpo31484"
        },
        {
            "type": "Feature",
            "geometry": {
                "type": "Polygon",
                "coordinates": [
                    [
                        [
                            -9.29098,
                            38.694944
                        ],
                        [
                            -9.290865,
                            38.694832
                        ],
                        [
                            -9.29011,
                            38.695293
                        ],
                        [
                            -9.290751,
                            38.69543
                        ],
                        [
                            -9.290771,
                            38.695285
                        ],
                        [
                            -9.290476,
                            38.69522
                        ],
                        [
                            -9.29098,
                            38.694944
                        ]
                    ]
                ]
            },
            "properties": {
                "color": "#a52714",
                "name": "Praça Guilherme Gomes Fernandes",
                "polygonId": "1485",
                "hasparkingpasses": "False",
                "isbillable": "True"
            },
            "id": "clxt4pji18hwc1lnrnw0egpo31485"
        },
        {
            "type": "Feature",
            "geometry": {
                "type": "Polygon",
                "coordinates": [
                    [
                        [
                            -9.29483,
                            38.694619
                        ],
                        [
                            -9.294769,
                            38.69444
                        ],
                        [
                            -9.292532,
                            38.694902
                        ],
                        [
                            -9.292069,
                            38.695275
                        ],
                        [
                            -9.29157,
                            38.695473
                        ],
                        [
                            -9.290115,
                            38.695519
                        ],
                        [
                            -9.290122,
                            38.695706
                        ],
                        [
                            -9.290777,
                            38.695667
                        ],
                        [
                            -9.290878,
                            38.695619
                        ],
                        [
                            -9.290971,
                            38.695654
                        ],
                        [
                            -9.291437,
                            38.695623
                        ],
                        [
                            -9.291516,
                            38.695578
                        ],
                        [
                            -9.291616,
                            38.695611
                        ],
                        [
                            -9.292193,
                            38.695376
                        ],
                        [
                            -9.292191,
                            38.695299
                        ],
                        [
                            -9.2923,
                            38.695297
                        ],
                        [
                            -9.292601,
                            38.695078
                        ],
                        [
                            -9.293232,
                            38.694948
                        ],
                        [
                            -9.294138,
                            38.694761
                        ],
                        [
                            -9.294481,
                            38.69469
                        ],
                        [
                            -9.294573,
                            38.694616
                        ],
                        [
                            -9.294697,
                            38.694646
                        ],
                        [
                            -9.29483,
                            38.694619
                        ]
                    ]
                ]
            },
            "properties": {
                "color": "#a52714",
                "name": "Rua Costa Pinto",
                "polygonId": "1486",
                "hasparkingpasses": "False",
                "isbillable": "True"
            },
            "id": "clxt4pji18hwc1lnrnw0egpo31486"
        },
        {
            "type": "Feature",
            "geometry": {
                "type": "Polygon",
                "coordinates": [
                    [
                        [
                            -9.292972,
                            38.695592
                        ],
                        [
                            -9.292803,
                            38.695455
                        ],
                        [
                            -9.292721,
                            38.69555
                        ],
                        [
                            -9.292564,
                            38.696235
                        ],
                        [
                            -9.292891,
                            38.696264
                        ],
                        [
                            -9.29293,
                            38.696051
                        ],
                        [
                            -9.293166,
                            38.696065
                        ],
                        [
                            -9.292972,
                            38.695592
                        ]
                    ]
                ]
            },
            "properties": {
                "color": "#a52714",
                "name": "Avenida Sr. Jesus dos Navegantes",
                "polygonId": "1487",
                "hasparkingpasses": "True",
                "isbillable": "True"
            },
            "id": "clxt4pji18hwc1lnrnw0egpo31487"
        },
        {
            "type": "Feature",
            "geometry": {
                "type": "Polygon",
                "coordinates": [
                    [
                        [
                            -9.292803,
                            38.695455
                        ],
                        [
                            -9.2923,
                            38.695297
                        ],
                        [
                            -9.292191,
                            38.695299
                        ],
                        [
                            -9.292193,
                            38.695376
                        ],
                        [
                            -9.292721,
                            38.69555
                        ],
                        [
                            -9.292803,
                            38.695455
                        ]
                    ]
                ]
            },
            "properties": {
                "color": "#a52714",
                "name": "Rua Regueiro dos Arcos",
                "polygonId": "1488",
                "hasparkingpasses": "False",
                "isbillable": "True"
            },
            "id": "clxt4pji18hwc1lnrnw0egpo31488"
        },
        {
            "type": "Feature",
            "geometry": {
                "type": "Polygon",
                "coordinates": [
                    [
                        [
                            -9.292956,
                            38.695416
                        ],
                        [
                            -9.292861,
                            38.695177
                        ],
                        [
                            -9.292648,
                            38.695226
                        ],
                        [
                            -9.292803,
                            38.695455
                        ],
                        [
                            -9.292956,
                            38.695416
                        ]
                    ]
                ]
            },
            "properties": {
                "color": "#a52714",
                "name": "Beco do Moreira",
                "polygonId": "1489",
                "hasparkingpasses": "False",
                "isbillable": "True"
            },
            "id": "clxt4pji18hwc1lnrnw0egpo31489"
        },
        {
            "type": "Feature",
            "geometry": {
                "type": "Polygon",
                "coordinates": [
                    [
                        [
                            -9.294603,
                            38.695005
                        ],
                        [
                            -9.29427,
                            38.695088
                        ],
                        [
                            -9.293383,
                            38.69531
                        ],
                        [
                            -9.292956,
                            38.695416
                        ],
                        [
                            -9.292803,
                            38.695455
                        ],
                        [
                            -9.292972,
                            38.695592
                        ],
                        [
                            -9.29345,
                            38.695471
                        ],
                        [
                            -9.294332,
                            38.695248
                        ],
                        [
                            -9.294664,
                            38.695164
                        ],
                        [
                            -9.294709,
                            38.695067
                        ],
                        [
                            -9.294603,
                            38.695005
                        ]
                    ]
                ]
            },
            "properties": {
                "color": "#a52714",
                "name": "Rua José de Oliveira Raposo",
                "polygonId": "1490",
                "hasparkingpasses": "False",
                "isbillable": "True"
            },
            "id": "clxt4pji18hwc1lnrnw0egpo31490"
        },
        {
            "type": "Feature",
            "geometry": {
                "type": "MultiPolygon",
                "coordinates": [
                    [
                        [
                            [
                                -9.294471,
                                38.695596
                            ],
                            [
                                -9.294332,
                                38.695248
                            ],
                            [
                                -9.29345,
                                38.695471
                            ],
                            [
                                -9.293588,
                                38.695801
                            ],
                            [
                                -9.293889,
                                38.695731
                            ],
                            [
                                -9.293971,
                                38.695601
                            ],
                            [
                                -9.294144,
                                38.695671
                            ],
                            [
                                -9.294471,
                                38.695596
                            ]
                        ]
                    ],
                    [
                        [
                            [
                                -9.29427,
                                38.695088
                            ],
                            [
                                -9.294138,
                                38.694761
                            ],
                            [
                                -9.293232,
                                38.694948
                            ],
                            [
                                -9.293383,
                                38.69531
                            ],
                            [
                                -9.29427,
                                38.695088
                            ]
                        ]
                    ]
                ]
            },
            "properties": {
                "color": "#a52714",
                "name": "Praceta Dionísio Matias",
                "polygonId": "1491",
                "hasparkingpasses": "False",
                "isbillable": "True"
            },
            "id": "clxt4pji18hwc1lnrnw0egpo31491"
        },
        {
            "type": "Feature",
            "geometry": {
                "type": "Polygon",
                "coordinates": [
                    [
                        [
                            -9.294144,
                            38.695671
                        ],
                        [
                            -9.293971,
                            38.695601
                        ],
                        [
                            -9.293889,
                            38.695731
                        ],
                        [
                            -9.294225,
                            38.696537
                        ],
                        [
                            -9.29436,
                            38.696512
                        ],
                        [
                            -9.294441,
                            38.696424
                        ],
                        [
                            -9.294144,
                            38.695671
                        ]
                    ]
                ]
            },
            "properties": {
                "color": "#a52714",
                "name": "Rua Dr. António Ilídio Teixeira de Vasconcelos",
                "polygonId": "1492",
                "hasparkingpasses": "True",
                "isbillable": "True"
            },
            "id": "clxt4pji18hwc1lnrnw0egpo31492"
        },
        {
            "type": "Feature",
            "geometry": {
                "type": "Polygon",
                "coordinates": [
                    [
                        [
                            -9.296047,
                            38.695527
                        ],
                        [
                            -9.295819,
                            38.695478
                        ],
                        [
                            -9.295189,
                            38.695922
                        ],
                        [
                            -9.295131,
                            38.696013
                        ],
                        [
                            -9.295008,
                            38.69605
                        ],
                        [
                            -9.294588,
                            38.696347
                        ],
                        [
                            -9.294441,
                            38.696424
                        ],
                        [
                            -9.29436,
                            38.696512
                        ],
                        [
                            -9.294225,
                            38.696537
                        ],
                        [
                            -9.293763,
                            38.696697
                        ],
                        [
                            -9.293299,
                            38.696815
                        ],
                        [
                            -9.293306,
                            38.696865
                        ],
                        [
                            -9.292965,
                            38.696913
                        ],
                        [
                            -9.292983,
                            38.697012
                        ],
                        [
                            -9.293319,
                            38.696961
                        ],
                        [
                            -9.293718,
                            38.696865
                        ],
                        [
                            -9.294414,
                            38.696621
                        ],
                        [
                            -9.294665,
                            38.696491
                        ],
                        [
                            -9.296047,
                            38.695527
                        ]
                    ]
                ]
            },
            "properties": {
                "color": "#a52714",
                "name": "Rua Luciano Cordeiro",
                "polygonId": "1493",
                "hasparkingpasses": "True",
                "isbillable": "True"
            },
            "id": "clxt4pji18hwc1lnrnw0egpo31493"
        },
        {
            "type": "Feature",
            "geometry": {
                "type": "Polygon",
                "coordinates": [
                    [
                        [
                            -9.296047,
                            38.695527
                        ],
                        [
                            -9.295619,
                            38.694449
                        ],
                        [
                            -9.295422,
                            38.694499
                        ],
                        [
                            -9.295819,
                            38.695478
                        ],
                        [
                            -9.296047,
                            38.695527
                        ]
                    ]
                ]
            },
            "properties": {
                "color": "#a52714",
                "name": "Rua 1º de Maio",
                "polygonId": "1494",
                "hasparkingpasses": "True",
                "isbillable": "True"
            },
            "id": "clxt4pji18hwc1lnrnw0egpo31494"
        },
        {
            "type": "Feature",
            "geometry": {
                "type": "Polygon",
                "coordinates": [
                    [
                        [
                            -9.294697,
                            38.694646
                        ],
                        [
                            -9.294573,
                            38.694616
                        ],
                        [
                            -9.294481,
                            38.69469
                        ],
                        [
                            -9.294603,
                            38.695005
                        ],
                        [
                            -9.294709,
                            38.695067
                        ],
                        [
                            -9.294664,
                            38.695164
                        ],
                        [
                            -9.295008,
                            38.69605
                        ],
                        [
                            -9.295131,
                            38.696013
                        ],
                        [
                            -9.295189,
                            38.695922
                        ],
                        [
                            -9.294697,
                            38.694646
                        ]
                    ]
                ]
            },
            "properties": {
                "color": "#a52714",
                "name": "Rua Dionísio dos Santos Matias",
                "polygonId": "1495",
                "hasparkingpasses": "True",
                "isbillable": "True"
            },
            "id": "clxt4pji18hwc1lnrnw0egpo31495"
        },
        {
            "type": "Feature",
            "geometry": {
                "type": "Polygon",
                "coordinates": [
                    [
                        [
                            -9.291616,
                            38.695611
                        ],
                        [
                            -9.291516,
                            38.695578
                        ],
                        [
                            -9.291437,
                            38.695623
                        ],
                        [
                            -9.291201,
                            38.695759
                        ],
                        [
                            -9.290995,
                            38.695771
                        ],
                        [
                            -9.290968,
                            38.695804
                        ],
                        [
                            -9.291018,
                            38.695878
                        ],
                        [
                            -9.291246,
                            38.695871
                        ],
                        [
                            -9.291605,
                            38.695683
                        ],
                        [
                            -9.291616,
                            38.695611
                        ]
                    ]
                ]
            },
            "properties": {
                "color": "#a52714",
                "name": "Travessa Caetano Felix",
                "polygonId": "1496",
                "hasparkingpasses": "False",
                "isbillable": "True"
            },
            "id": "clxt4pji18hwc1lnrnw0egpo31496"
        },
        {
            "type": "Feature",
            "geometry": {
                "type": "Polygon",
                "coordinates": [
                    [
                        [
                            -9.292015,
                            38.696134
                        ],
                        [
                            -9.291587,
                            38.696185
                        ],
                        [
                            -9.291614,
                            38.696349
                        ],
                        [
                            -9.29204,
                            38.696304
                        ],
                        [
                            -9.292015,
                            38.696134
                        ]
                    ]
                ]
            },
            "properties": {
                "color": "#a52714",
                "name": "Rua Quinta de Coruche",
                "polygonId": "1497",
                "hasparkingpasses": "True",
                "isbillable": "True"
            },
            "id": "clxt4pji18hwc1lnrnw0egpo31497"
        },
        {
            "type": "Feature",
            "geometry": {
                "type": "Polygon",
                "coordinates": [
                    [
                        [
                            -9.292492,
                            38.696632
                        ],
                        [
                            -9.292523,
                            38.696431
                        ],
                        [
                            -9.292084,
                            38.696397
                        ],
                        [
                            -9.291901,
                            38.696418
                        ],
                        [
                            -9.291893,
                            38.696385
                        ],
                        [
                            -9.291673,
                            38.69641
                        ],
                        [
                            -9.291731,
                            38.696666
                        ],
                        [
                            -9.291975,
                            38.696636
                        ],
                        [
                            -9.291973,
                            38.696596
                        ],
                        [
                            -9.292086,
                            38.696599
                        ],
                        [
                            -9.292072,
                            38.696765
                        ],
                        [
                            -9.291954,
                            38.696929
                        ],
                        [
                            -9.292152,
                            38.697029
                        ],
                        [
                            -9.2923,
                            38.696828
                        ],
                        [
                            -9.292341,
                            38.696615
                        ],
                        [
                            -9.292492,
                            38.696632
                        ]
                    ]
                ]
            },
            "properties": {
                "color": "#a52714",
                "name": "Rua Carlos Luz",
                "polygonId": "1498",
                "hasparkingpasses": "True",
                "isbillable": "True"
            },
            "id": "clxt4pji18hwc1lnrnw0egpo31498"
        },
        {
            "type": "Feature",
            "geometry": {
                "type": "Polygon",
                "coordinates": [
                    [
                        [
                            -9.290971,
                            38.695654
                        ],
                        [
                            -9.290878,
                            38.695619
                        ],
                        [
                            -9.290777,
                            38.695667
                        ],
                        [
                            -9.290823,
                            38.695923
                        ],
                        [
                            -9.291171,
                            38.696325
                        ],
                        [
                            -9.291312,
                            38.696769
                        ],
                        [
                            -9.290857,
                            38.696848
                        ],
                        [
                            -9.290665,
                            38.696963
                        ],
                        [
                            -9.291291,
                            38.696967
                        ],
                        [
                            -9.291546,
                            38.696806
                        ],
                        [
                            -9.291552,
                            38.69661
                        ],
                        [
                            -9.291391,
                            38.696308
                        ],
                        [
                            -9.291018,
                            38.695878
                        ],
                        [
                            -9.290968,
                            38.695804
                        ],
                        [
                            -9.290995,
                            38.695771
                        ],
                        [
                            -9.290971,
                            38.695654
                        ]
                    ]
                ]
            },
            "properties": {
                "color": "#a52714",
                "name": "Avenida Patrão Joaquim Lopes",
                "polygonId": "1499",
                "hasparkingpasses": "True",
                "isbillable": "True"
            },
            "id": "clxt4pji18hwc1lnrnw0egpo31499"
        },
        {
            "type": "Feature",
            "geometry": {
                "type": "Polygon",
                "coordinates": [
                    [
                        [
                            -9.290857,
                            38.696848
                        ],
                        [
                            -9.290709,
                            38.696321
                        ],
                        [
                            -9.290083,
                            38.696431
                        ],
                        [
                            -9.290173,
                            38.696733
                        ],
                        [
                            -9.290665,
                            38.696963
                        ],
                        [
                            -9.290857,
                            38.696848
                        ]
                    ]
                ]
            },
            "properties": {
                "color": "#a52714",
                "name": "Largo Leonor Faria Gomes",
                "polygonId": "1500",
                "hasparkingpasses": "False",
                "isbillable": "True"
            },
            "id": "clxt4pji18hwc1lnrnw0egpo31500"
        },
        {
            "type": "Feature",
            "geometry": {
                "type": "Polygon",
                "coordinates": [
                    [
                        [
                            -9.293168,
                            38.699946
                        ],
                        [
                            -9.292734,
                            38.699731
                        ],
                        [
                            -9.292606,
                            38.699933
                        ],
                        [
                            -9.29286,
                            38.700066
                        ],
                        [
                            -9.293247,
                            38.700837
                        ],
                        [
                            -9.293554,
                            38.700751
                        ],
                        [
                            -9.293168,
                            38.699946
                        ]
                    ]
                ]
            },
            "properties": {
                "color": "#a52714",
                "name": "Estrada de Paço de Arcos",
                "polygonId": "1501",
                "hasparkingpasses": "True",
                "isbillable": "True"
            },
            "id": "clxt4pji18hwc1lnrnw0egpo31501"
        },
        {
            "type": "Feature",
            "geometry": {
                "type": "Polygon",
                "coordinates": [
                    [
                        [
                            -9.293712,
                            38.697966
                        ],
                        [
                            -9.293616,
                            38.697788
                        ],
                        [
                            -9.293413,
                            38.69741
                        ],
                        [
                            -9.292911,
                            38.697542
                        ],
                        [
                            -9.293545,
                            38.698054
                        ],
                        [
                            -9.293712,
                            38.697966
                        ]
                    ]
                ]
            },
            "properties": {
                "color": "#f9a825",
                "name": "Rua Luis Piçarra",
                "polygonId": "1502",
                "hasparkingpasses": "True",
                "isbillable": "True"
            },
            "id": "clxt4pji18hwc1lnrnw0egpo31502"
        },
        {
            "type": "Feature",
            "geometry": {
                "type": "Polygon",
                "coordinates": [
                    [
                        [
                            -9.294061,
                            38.696445
                        ],
                        [
                            -9.293862,
                            38.695977
                        ],
                        [
                            -9.293027,
                            38.69619
                        ],
                        [
                            -9.292966,
                            38.696627
                        ],
                        [
                            -9.293269,
                            38.696657
                        ],
                        [
                            -9.293698,
                            38.696561
                        ],
                        [
                            -9.294061,
                            38.696445
                        ]
                    ]
                ]
            },
            "properties": {
                "color": "#f9a825",
                "name": "Praceta dos Bombeiros Voluntários de Paço de Arcos",
                "polygonId": "1503",
                "hasparkingpasses": "True",
                "isbillable": "True"
            },
            "id": "clxt4pji18hwc1lnrnw0egpo31503"
        },
        {
            "type": "Feature",
            "geometry": {
                "type": "Polygon",
                "coordinates": [
                    [
                        [
                            -9.309427,
                            38.714121
                        ],
                        [
                            -9.308917,
                            38.714384
                        ],
                        [
                            -9.309156,
                            38.71467
                        ],
                        [
                            -9.309811,
                            38.714572
                        ],
                        [
                            -9.309427,
                            38.714121
                        ]
                    ]
                ]
            },
            "properties": {
                "color": "#a52714",
                "name": "Rua Encosta das Lagoas",
                "polygonId": "1504",
                "hasparkingpasses": "True",
                "isbillable": "True"
            },
            "id": "clxt4pji18hwc1lnrnw0egpo31504"
        },
        {
            "type": "Feature",
            "geometry": {
                "type": "Polygon",
                "coordinates": [
                    [
                        [
                            -9.309825,
                            38.715254
                        ],
                        [
                            -9.309948,
                            38.715403
                        ],
                        [
                            -9.31065,
                            38.715026
                        ],
                        [
                            -9.310533,
                            38.714881
                        ],
                        [
                            -9.309825,
                            38.715254
                        ]
                    ]
                ]
            },
            "properties": {
                "color": "#a52714",
                "name": "Rua das Lagoas Pequenas",
                "polygonId": "1505",
                "hasparkingpasses": "True",
                "isbillable": "True"
            },
            "id": "clxt4pji18hwc1lnrnw0egpo31505"
        },
        {
            "type": "Feature",
            "geometry": {
                "type": "Polygon",
                "coordinates": [
                    [
                        [
                            -9.32,
                            38.685325
                        ],
                        [
                            -9.319499,
                            38.684729
                        ],
                        [
                            -9.318967,
                            38.684543
                        ],
                        [
                            -9.3188,
                            38.684556
                        ],
                        [
                            -9.318729,
                            38.684489
                        ],
                        [
                            -9.316684,
                            38.684613
                        ],
                        [
                            -9.316213,
                            38.684642
                        ],
                        [
                            -9.316453,
                            38.684831
                        ],
                        [
                            -9.317316,
                            38.684783
                        ],
                        [
                            -9.317496,
                            38.684836
                        ],
                        [
                            -9.318909,
                            38.684749
                        ],
                        [
                            -9.319316,
                            38.684906
                        ],
                        [
                            -9.319753,
                            38.685431
                        ],
                        [
                            -9.32,
                            38.685325
                        ]
                    ]
                ]
            },
            "properties": {
                "color": "#097138",
                "name": "Rua Alexandre Herculano",
                "polygonId": "1506",
                "hasparkingpasses": "False",
                "isbillable": "True"
            },
            "id": "clxt4pji18hwc1lnrnw0egpo31506"
        },
        {
            "type": "Feature",
            "geometry": {
                "type": "Polygon",
                "coordinates": [
                    [
                        [
                            -9.32083,
                            38.684999
                        ],
                        [
                            -9.319967,
                            38.684153
                        ],
                        [
                            -9.319219,
                            38.683834
                        ],
                        [
                            -9.319065,
                            38.683875
                        ],
                        [
                            -9.31897,
                            38.683736
                        ],
                        [
                            -9.31815,
                            38.68362
                        ],
                        [
                            -9.316491,
                            38.683715
                        ],
                        [
                            -9.316516,
                            38.683977
                        ],
                        [
                            -9.318118,
                            38.683874
                        ],
                        [
                            -9.318872,
                            38.683986
                        ],
                        [
                            -9.319035,
                            38.683946
                        ],
                        [
                            -9.319121,
                            38.684094
                        ],
                        [
                            -9.319753,
                            38.684368
                        ],
                        [
                            -9.320526,
                            38.685136
                        ],
                        [
                            -9.32083,
                            38.684999
                        ]
                    ]
                ]
            },
            "properties": {
                "color": "#a52714",
                "name": "Avenida D. João I",
                "polygonId": "1507",
                "hasparkingpasses": "True",
                "isbillable": "True"
            },
            "id": "clxt4pji18hwc1lnrnw0egpo31507"
        },
        {
            "type": "Feature",
            "geometry": {
                "type": "MultiPolygon",
                "coordinates": [
                    [
                        [
                            [
                                -9.318967,
                                38.684543
                            ],
                            [
                                -9.319121,
                                38.684094
                            ],
                            [
                                -9.319035,
                                38.683946
                            ],
                            [
                                -9.318872,
                                38.683986
                            ],
                            [
                                -9.318729,
                                38.684489
                            ],
                            [
                                -9.3188,
                                38.684556
                            ],
                            [
                                -9.318967,
                                38.684543
                            ]
                        ]
                    ],
                    [
                        [
                            [
                                -9.319065,
                                38.683875
                            ],
                            [
                                -9.319219,
                                38.683834
                            ],
                            [
                                -9.319438,
                                38.683294
                            ],
                            [
                                -9.319179,
                                38.683222
                            ],
                            [
                                -9.31897,
                                38.683736
                            ],
                            [
                                -9.319065,
                                38.683875
                            ]
                        ]
                    ]
                ]
            },
            "properties": {
                "color": "#a52714",
                "name": "Rua Infante Santo",
                "polygonId": "1508",
                "hasparkingpasses": "False",
                "isbillable": "True"
            },
            "id": "clxt4pji18hwc1lnrnw0egpo31508"
        },
        {
            "type": "Feature",
            "geometry": {
                "type": "Polygon",
                "coordinates": [
                    [
                        [
                            -9.320693,
                            38.686711
                        ],
                        [
                            -9.320527,
                            38.686541
                        ],
                        [
                            -9.319842,
                            38.686927
                        ],
                        [
                            -9.318855,
                            38.687474
                        ],
                        [
                            -9.317916,
                            38.687995
                        ],
                        [
                            -9.318073,
                            38.688183
                        ],
                        [
                            -9.320693,
                            38.686711
                        ]
                    ]
                ]
            },
            "properties": {
                "color": "#f9a825",
                "name": "Rua da Fundição de Oeiras",
                "polygonId": "1509",
                "hasparkingpasses": "True",
                "isbillable": "True"
            },
            "id": "clxt4pji18hwc1lnrnw0egpo31509"
        },
        {
            "type": "Feature",
            "geometry": {
                "type": "Polygon",
                "coordinates": [
                    [
                        [
                            -9.319675,
                            38.686155
                        ],
                        [
                            -9.31933,
                            38.686115
                        ],
                        [
                            -9.319026,
                            38.686637
                        ],
                        [
                            -9.319842,
                            38.686927
                        ],
                        [
                            -9.320527,
                            38.686541
                        ],
                        [
                            -9.319675,
                            38.686155
                        ]
                    ]
                ]
            },
            "properties": {
                "color": "#f9a825",
                "name": "Rua Eng Guilherme Gomes dos Santos",
                "polygonId": "1510",
                "hasparkingpasses": "True",
                "isbillable": "True"
            },
            "id": "clxt4pji18hwc1lnrnw0egpo31510"
        },
        {
            "type": "Feature",
            "geometry": {
                "type": "Polygon",
                "coordinates": [
                    [
                        [
                            -9.319842,
                            38.686927
                        ],
                        [
                            -9.319026,
                            38.686637
                        ],
                        [
                            -9.318662,
                            38.687259
                        ],
                        [
                            -9.318855,
                            38.687474
                        ],
                        [
                            -9.319842,
                            38.686927
                        ]
                    ]
                ]
            },
            "properties": {
                "color": "#a52714",
                "name": "Rua Infante D. Pedro",
                "polygonId": "1511",
                "hasparkingpasses": "True",
                "isbillable": "True"
            },
            "id": "clxt4pji18hwc1lnrnw0egpo31511"
        },
        {
            "type": "Feature",
            "geometry": {
                "type": "Polygon",
                "coordinates": [
                    [
                        [
                            -9.319145,
                            38.686079
                        ],
                        [
                            -9.318491,
                            38.687198
                        ],
                        [
                            -9.318455,
                            38.687298
                        ],
                        [
                            -9.318348,
                            38.68734
                        ],
                        [
                            -9.318145,
                            38.687541
                        ],
                        [
                            -9.317951,
                            38.687496
                        ],
                        [
                            -9.317731,
                            38.687636
                        ],
                        [
                            -9.317755,
                            38.687927
                        ],
                        [
                            -9.317916,
                            38.687995
                        ],
                        [
                            -9.318662,
                            38.687259
                        ],
                        [
                            -9.319026,
                            38.686637
                        ],
                        [
                            -9.31933,
                            38.686115
                        ],
                        [
                            -9.319145,
                            38.686079
                        ]
                    ]
                ]
            },
            "properties": {
                "color": "#f9a825",
                "name": "Avenida Infante D. Henrique",
                "polygonId": "1512",
                "hasparkingpasses": "True",
                "isbillable": "True"
            },
            "id": "clxt4pji18hwc1lnrnw0egpo31512"
        },
        {
            "type": "Feature",
            "geometry": {
                "type": "Polygon",
                "coordinates": [
                    [
                        [
                            -9.311999,
                            38.686786
                        ],
                        [
                            -9.312231,
                            38.686065
                        ],
                        [
                            -9.312009,
                            38.686019
                        ],
                        [
                            -9.311811,
                            38.686646
                        ],
                        [
                            -9.311783,
                            38.686736
                        ],
                        [
                            -9.311891,
                            38.686761
                        ],
                        [
                            -9.311999,
                            38.686786
                        ]
                    ]
                ]
            },
            "properties": {
                "color": "#a52714",
                "name": "Avenida Miguel Bombarda",
                "polygonId": "1513",
                "hasparkingpasses": "True",
                "isbillable": "True"
            },
            "id": "clxt4pji18hwc1lnrnw0egpo31513"
        },
        {
            "type": "Feature",
            "geometry": {
                "type": "Polygon",
                "coordinates": [
                    [
                        [
                            -9.314496,
                            38.687252
                        ],
                        [
                            -9.314612,
                            38.687193
                        ],
                        [
                            -9.314505,
                            38.687142
                        ],
                        [
                            -9.314368,
                            38.687077
                        ],
                        [
                            -9.314123,
                            38.68696
                        ],
                        [
                            -9.312624,
                            38.685876
                        ],
                        [
                            -9.31206,
                            38.685595
                        ],
                        [
                            -9.311926,
                            38.685779
                        ],
                        [
                            -9.312063,
                            38.68584
                        ],
                        [
                            -9.312009,
                            38.686019
                        ],
                        [
                            -9.312231,
                            38.686065
                        ],
                        [
                            -9.312247,
                            38.686017
                        ],
                        [
                            -9.312575,
                            38.685984
                        ],
                        [
                            -9.312686,
                            38.686051
                        ],
                        [
                            -9.312805,
                            38.686139
                        ],
                        [
                            -9.312934,
                            38.686234
                        ],
                        [
                            -9.313234,
                            38.686456
                        ],
                        [
                            -9.313782,
                            38.686861
                        ],
                        [
                            -9.31372,
                            38.68691
                        ],
                        [
                            -9.313973,
                            38.687089
                        ],
                        [
                            -9.314037,
                            38.687039
                        ],
                        [
                            -9.314496,
                            38.687252
                        ]
                    ]
                ]
            },
            "properties": {
                "color": "#a52714",
                "name": "Rua Dr. José Joaquim D Almeida",
                "polygonId": "1514",
                "hasparkingpasses": "False",
                "isbillable": "True"
            },
            "id": "clxt4pji18hwc1lnrnw0egpo31514"
        },
        {
            "type": "Feature",
            "geometry": {
                "type": "Polygon",
                "coordinates": [
                    [
                        [
                            -9.312499,
                            38.687208
                        ],
                        [
                            -9.31287,
                            38.687281
                        ],
                        [
                            -9.312902,
                            38.687173
                        ],
                        [
                            -9.311994,
                            38.686993
                        ],
                        [
                            -9.311929,
                            38.687209
                        ],
                        [
                            -9.312467,
                            38.687315
                        ],
                        [
                            -9.312499,
                            38.687208
                        ]
                    ]
                ]
            },
            "properties": {
                "color": "#f9a825",
                "name": "Avenida do Brasil",
                "polygonId": "1515",
                "hasparkingpasses": "True",
                "isbillable": "True"
            },
            "id": "clxt4pji18hwc1lnrnw0egpo31515"
        },
        {
            "type": "Feature",
            "geometry": {
                "type": "Polygon",
                "coordinates": [
                    [
                        [
                            -9.311986,
                            38.691623
                        ],
                        [
                            -9.311224,
                            38.690862
                        ],
                        [
                            -9.311108,
                            38.690885
                        ],
                        [
                            -9.311047,
                            38.690972
                        ],
                        [
                            -9.311867,
                            38.691785
                        ],
                        [
                            -9.311986,
                            38.691623
                        ]
                    ]
                ]
            },
            "properties": {
                "color": "#a52714",
                "name": "Rua Conde de Ferreira",
                "polygonId": "1516",
                "hasparkingpasses": "False",
                "isbillable": "True"
            },
            "id": "clxt4pji18hwc1lnrnw0egpo31516"
        },
        {
            "type": "Feature",
            "geometry": {
                "type": "Polygon",
                "coordinates": [
                    [
                        [
                            -9.311723,
                            38.690472
                        ],
                        [
                            -9.311828,
                            38.690915
                        ],
                        [
                            -9.311926,
                            38.690985
                        ],
                        [
                            -9.31195,
                            38.690847
                        ],
                        [
                            -9.311888,
                            38.690477
                        ],
                        [
                            -9.311723,
                            38.690472
                        ]
                    ]
                ]
            },
            "properties": {
                "color": "#a52714",
                "name": "Rua dos Lusíadas",
                "polygonId": "1517",
                "hasparkingpasses": "False",
                "isbillable": "True"
            },
            "id": "clxt4pji18hwc1lnrnw0egpo31517"
        },
        {
            "type": "Feature",
            "geometry": {
                "type": "Polygon",
                "coordinates": [
                    [
                        [
                            -9.312064,
                            38.691249
                        ],
                        [
                            -9.312211,
                            38.690506
                        ],
                        [
                            -9.312013,
                            38.690487
                        ],
                        [
                            -9.31195,
                            38.690847
                        ],
                        [
                            -9.311926,
                            38.690985
                        ],
                        [
                            -9.311886,
                            38.691226
                        ],
                        [
                            -9.312064,
                            38.691249
                        ]
                    ]
                ]
            },
            "properties": {
                "color": "#a52714",
                "name": "Rua João Teixeira Simões",
                "polygonId": "1518",
                "hasparkingpasses": "False",
                "isbillable": "True"
            },
            "id": "clxt4pji18hwc1lnrnw0egpo31518"
        },
        {
            "type": "Feature",
            "geometry": {
                "type": "Polygon",
                "coordinates": [
                    [
                        [
                            -9.313349,
                            38.691208
                        ],
                        [
                            -9.313337,
                            38.69102
                        ],
                        [
                            -9.311986,
                            38.691623
                        ],
                        [
                            -9.312052,
                            38.691774
                        ],
                        [
                            -9.313349,
                            38.691208
                        ]
                    ]
                ]
            },
            "properties": {
                "color": "#a52714",
                "name": "Rua Rodrigues de Freitas",
                "polygonId": "1519",
                "hasparkingpasses": "False",
                "isbillable": "True"
            },
            "id": "clxt4pji18hwc1lnrnw0egpo31519"
        },
        {
            "type": "Feature",
            "geometry": {
                "type": "Polygon",
                "coordinates": [
                    [
                        [
                            -9.309697,
                            38.692931
                        ],
                        [
                            -9.309251,
                            38.692099
                        ],
                        [
                            -9.309132,
                            38.692022
                        ],
                        [
                            -9.309146,
                            38.691904
                        ],
                        [
                            -9.30875,
                            38.691171
                        ],
                        [
                            -9.308546,
                            38.691374
                        ],
                        [
                            -9.309412,
                            38.692991
                        ],
                        [
                            -9.309697,
                            38.692931
                        ]
                    ]
                ]
            },
            "properties": {
                "color": "#a52714",
                "name": "Avenida dos Aliados",
                "polygonId": "1520",
                "hasparkingpasses": "True",
                "isbillable": "True"
            },
            "id": "clxt4pji18hwc1lnrnw0egpo31520"
        },
        {
            "type": "Feature",
            "geometry": {
                "type": "Polygon",
                "coordinates": [
                    [
                        [
                            -9.310323,
                            38.692805
                        ],
                        [
                            -9.310145,
                            38.692458
                        ],
                        [
                            -9.309873,
                            38.692174
                        ],
                        [
                            -9.30971,
                            38.69227
                        ],
                        [
                            -9.309961,
                            38.692553
                        ],
                        [
                            -9.310099,
                            38.692853
                        ],
                        [
                            -9.310323,
                            38.692805
                        ]
                    ]
                ]
            },
            "properties": {
                "color": "#a52714",
                "name": "Rua Júlio Diniz",
                "polygonId": "1521",
                "hasparkingpasses": "True",
                "isbillable": "True"
            },
            "id": "clxt4pji18hwc1lnrnw0egpo31521"
        },
        {
            "type": "Feature",
            "geometry": {
                "type": "Polygon",
                "coordinates": [
                    [
                        [
                            -9.311171,
                            38.690656
                        ],
                        [
                            -9.309146,
                            38.691904
                        ],
                        [
                            -9.309132,
                            38.692022
                        ],
                        [
                            -9.309251,
                            38.692099
                        ],
                        [
                            -9.310625,
                            38.691237
                        ],
                        [
                            -9.310684,
                            38.691133
                        ],
                        [
                            -9.310831,
                            38.691107
                        ],
                        [
                            -9.311047,
                            38.690972
                        ],
                        [
                            -9.311108,
                            38.690885
                        ],
                        [
                            -9.311224,
                            38.690862
                        ],
                        [
                            -9.311321,
                            38.690797
                        ],
                        [
                            -9.311171,
                            38.690656
                        ]
                    ]
                ]
            },
            "properties": {
                "color": "#a52714",
                "name": "Rua Nossa Sra. do Egipto",
                "polygonId": "1522",
                "hasparkingpasses": "True",
                "isbillable": "True"
            },
            "id": "clxt4pji18hwc1lnrnw0egpo31522"
        },
        {
            "type": "Feature",
            "geometry": {
                "type": "Polygon",
                "coordinates": [
                    [
                        [
                            -9.313399,
                            38.691593
                        ],
                        [
                            -9.313369,
                            38.691444
                        ],
                        [
                            -9.312934,
                            38.691625
                        ],
                        [
                            -9.312822,
                            38.691462
                        ],
                        [
                            -9.312521,
                            38.691602
                        ],
                        [
                            -9.312627,
                            38.691745
                        ],
                        [
                            -9.31215,
                            38.691943
                        ],
                        [
                            -9.312228,
                            38.692072
                        ],
                        [
                            -9.313399,
                            38.691593
                        ]
                    ]
                ]
            },
            "properties": {
                "color": "#a52714",
                "name": "Rua Mestre de Aviz",
                "polygonId": "1523",
                "hasparkingpasses": "False",
                "isbillable": "True"
            },
            "id": "clxt4pji18hwc1lnrnw0egpo31523"
        },
        {
            "type": "Feature",
            "geometry": {
                "type": "Polygon",
                "coordinates": [
                    [
                        [
                            -9.311632,
                            38.69193
                        ],
                        [
                            -9.310831,
                            38.691107
                        ],
                        [
                            -9.310684,
                            38.691133
                        ],
                        [
                            -9.310625,
                            38.691237
                        ],
                        [
                            -9.311425,
                            38.692056
                        ],
                        [
                            -9.311632,
                            38.69193
                        ]
                    ]
                ]
            },
            "properties": {
                "color": "#a52714",
                "name": "Rua Dr. Neves Elyseu",
                "polygonId": "1524",
                "hasparkingpasses": "False",
                "isbillable": "True"
            },
            "id": "clxt4pji18hwc1lnrnw0egpo31524"
        },
        {
            "type": "Feature",
            "geometry": {
                "type": "Polygon",
                "coordinates": [
                    [
                        [
                            -9.311916,
                            38.692591
                        ],
                        [
                            -9.311866,
                            38.692397
                        ],
                        [
                            -9.311204,
                            38.692503
                        ],
                        [
                            -9.311105,
                            38.692719
                        ],
                        [
                            -9.311916,
                            38.692591
                        ]
                    ]
                ]
            },
            "properties": {
                "color": "#a52714",
                "name": "Largo 5 de Outubro",
                "polygonId": "1525",
                "hasparkingpasses": "False",
                "isbillable": "True"
            },
            "id": "clxt4pji18hwc1lnrnw0egpo31525"
        },
        {
            "type": "Feature",
            "geometry": {
                "type": "Polygon",
                "coordinates": [
                    [
                        [
                            -9.310135,
                            38.692942
                        ],
                        [
                            -9.310578,
                            38.694528
                        ],
                        [
                            -9.310737,
                            38.69452
                        ],
                        [
                            -9.310954,
                            38.694886
                        ],
                        [
                            -9.310991,
                            38.694994
                        ],
                        [
                            -9.310973,
                            38.695192
                        ],
                        [
                            -9.31119,
                            38.695199
                        ],
                        [
                            -9.311216,
                            38.69499
                        ],
                        [
                            -9.311166,
                            38.694829
                        ],
                        [
                            -9.310877,
                            38.694365
                        ],
                        [
                            -9.310769,
                            38.693995
                        ],
                        [
                            -9.310715,
                            38.693811
                        ],
                        [
                            -9.310563,
                            38.693291
                        ],
                        [
                            -9.310499,
                            38.693072
                        ],
                        [
                            -9.310446,
                            38.692888
                        ],
                        [
                            -9.310135,
                            38.692942
                        ]
                    ]
                ]
            },
            "properties": {
                "color": "#a52714",
                "name": "Avenida Copacabana",
                "polygonId": "1526",
                "hasparkingpasses": "False",
                "isbillable": "True"
            },
            "id": "clxt4pji18hwc1lnrnw0egpo31526"
        },
        {
            "type": "Feature",
            "geometry": {
                "type": "Polygon",
                "coordinates": [
                    [
                        [
                            -9.314049,
                            38.693424
                        ],
                        [
                            -9.314744,
                            38.692713
                        ],
                        [
                            -9.314384,
                            38.692519
                        ],
                        [
                            -9.314167,
                            38.692146
                        ],
                        [
                            -9.31392,
                            38.692222
                        ],
                        [
                            -9.314164,
                            38.692645
                        ],
                        [
                            -9.314403,
                            38.692787
                        ],
                        [
                            -9.31389,
                            38.693325
                        ],
                        [
                            -9.314049,
                            38.693424
                        ]
                    ]
                ]
            },
            "properties": {
                "color": "#a52714",
                "name": "Largo Marquês Pombal",
                "polygonId": "1527",
                "hasparkingpasses": "True",
                "isbillable": "True"
            },
            "id": "clxt4pji18hwc1lnrnw0egpo31527"
        },
        {
            "type": "Feature",
            "geometry": {
                "type": "Polygon",
                "coordinates": [
                    [
                        [
                            -9.328295,
                            38.692361
                        ],
                        [
                            -9.327837,
                            38.692188
                        ],
                        [
                            -9.327257,
                            38.691854
                        ],
                        [
                            -9.327117,
                            38.692004
                        ],
                        [
                            -9.327795,
                            38.692408
                        ],
                        [
                            -9.32788,
                            38.692339
                        ],
                        [
                            -9.328232,
                            38.692467
                        ],
                        [
                            -9.328295,
                            38.692361
                        ]
                    ]
                ]
            },
            "properties": {
                "color": "#a52714",
                "name": "Rua Quinta das Palmeiras",
                "polygonId": "1528",
                "hasparkingpasses": "False",
                "isbillable": "True"
            },
            "id": "clxt4pji18hwc1lnrnw0egpo31528"
        },
        {
            "type": "Feature",
            "geometry": {
                "type": "Polygon",
                "coordinates": [
                    [
                        [
                            -9.321977,
                            38.688644
                        ],
                        [
                            -9.321643,
                            38.688671
                        ],
                        [
                            -9.321751,
                            38.689517
                        ],
                        [
                            -9.321432,
                            38.689801
                        ],
                        [
                            -9.322392,
                            38.690024
                        ],
                        [
                            -9.322089,
                            38.689481
                        ],
                        [
                            -9.321977,
                            38.688644
                        ]
                    ]
                ]
            },
            "properties": {
                "color": "#f9a825",
                "name": "Rua Machado de Castro",
                "polygonId": "1529",
                "hasparkingpasses": "True",
                "isbillable": "True"
            },
            "id": "clxt4pji18hwc1lnrnw0egpo31529"
        },
        {
            "type": "Feature",
            "geometry": {
                "type": "Polygon",
                "coordinates": [
                    [
                        [
                            -9.321617,
                            38.688483
                        ],
                        [
                            -9.31879,
                            38.688592
                        ],
                        [
                            -9.31877,
                            38.688877
                        ],
                        [
                            -9.319185,
                            38.688855
                        ],
                        [
                            -9.319302,
                            38.688783
                        ],
                        [
                            -9.321643,
                            38.688671
                        ],
                        [
                            -9.321617,
                            38.688483
                        ]
                    ]
                ]
            },
            "properties": {
                "color": "#f9a825",
                "name": "Rua de Santo António",
                "polygonId": "1530",
                "hasparkingpasses": "True",
                "isbillable": "True"
            },
            "id": "clxt4pji18hwc1lnrnw0egpo31530"
        },
        {
            "type": "Feature",
            "geometry": {
                "type": "Polygon",
                "coordinates": [
                    [
                        [
                            -9.315759,
                            38.688114
                        ],
                        [
                            -9.31654,
                            38.68834
                        ],
                        [
                            -9.317719,
                            38.68864
                        ],
                        [
                            -9.318503,
                            38.688794
                        ],
                        [
                            -9.318522,
                            38.688591
                        ],
                        [
                            -9.317794,
                            38.688453
                        ],
                        [
                            -9.316619,
                            38.688151
                        ],
                        [
                            -9.315851,
                            38.687934
                        ],
                        [
                            -9.315759,
                            38.688114
                        ]
                    ]
                ]
            },
            "properties": {
                "color": "#f9a825",
                "name": "Rua Henrique Paiva Couceiro",
                "polygonId": "1531",
                "hasparkingpasses": "True",
                "isbillable": "True"
            },
            "id": "clxt4pji18hwc1lnrnw0egpo31531"
        },
        {
            "type": "Feature",
            "geometry": {
                "type": "Polygon",
                "coordinates": [
                    [
                        [
                            -9.317719,
                            38.68864
                        ],
                        [
                            -9.31654,
                            38.68834
                        ],
                        [
                            -9.316647,
                            38.689009
                        ],
                        [
                            -9.316895,
                            38.688925
                        ],
                        [
                            -9.317719,
                            38.68864
                        ]
                    ]
                ]
            },
            "properties": {
                "color": "#f9a825",
                "name": "Largo Henrique Paiva Couceiro",
                "polygonId": "1532",
                "hasparkingpasses": "True",
                "isbillable": "True"
            },
            "id": "clxt4pji18hwc1lnrnw0egpo31532"
        },
        {
            "type": "Feature",
            "geometry": {
                "type": "Polygon",
                "coordinates": [
                    [
                        [
                            -9.316058,
                            38.689211
                        ],
                        [
                            -9.315084,
                            38.690582
                        ],
                        [
                            -9.315344,
                            38.69069
                        ],
                        [
                            -9.315514,
                            38.690445
                        ],
                        [
                            -9.315764,
                            38.690084
                        ],
                        [
                            -9.315787,
                            38.689947
                        ],
                        [
                            -9.315909,
                            38.689875
                        ],
                        [
                            -9.316239,
                            38.689401
                        ],
                        [
                            -9.316948,
                            38.689148
                        ],
                        [
                            -9.316895,
                            38.688925
                        ],
                        [
                            -9.316647,
                            38.689009
                        ],
                        [
                            -9.316058,
                            38.689211
                        ]
                    ]
                ]
            },
            "properties": {
                "color": "#a52714",
                "name": "Rua Desembargador Faria",
                "polygonId": "1533",
                "hasparkingpasses": "True",
                "isbillable": "True"
            },
            "id": "clxt4pji18hwc1lnrnw0egpo31533"
        },
        {
            "type": "Feature",
            "geometry": {
                "type": "Polygon",
                "coordinates": [
                    [
                        [
                            -9.318608,
                            38.69093
                        ],
                        [
                            -9.318703,
                            38.689708
                        ],
                        [
                            -9.318636,
                            38.689618
                        ],
                        [
                            -9.318718,
                            38.689534
                        ],
                        [
                            -9.31877,
                            38.688877
                        ],
                        [
                            -9.318503,
                            38.688794
                        ],
                        [
                            -9.318371,
                            38.690277
                        ],
                        [
                            -9.318427,
                            38.690379
                        ],
                        [
                            -9.318352,
                            38.690499
                        ],
                        [
                            -9.318315,
                            38.690917
                        ],
                        [
                            -9.318608,
                            38.69093
                        ]
                    ]
                ]
            },
            "properties": {
                "color": "#f9a825",
                "name": "Avenida Salvador Allende",
                "polygonId": "1534",
                "hasparkingpasses": "True",
                "isbillable": "True"
            },
            "id": "clxt4pji18hwc1lnrnw0egpo31534"
        },
        {
            "type": "Feature",
            "geometry": {
                "type": "Polygon",
                "coordinates": [
                    [
                        [
                            -9.318352,
                            38.690499
                        ],
                        [
                            -9.318427,
                            38.690379
                        ],
                        [
                            -9.318371,
                            38.690277
                        ],
                        [
                            -9.317295,
                            38.690166
                        ],
                        [
                            -9.317186,
                            38.690188
                        ],
                        [
                            -9.317094,
                            38.690145
                        ],
                        [
                            -9.316934,
                            38.69013
                        ],
                        [
                            -9.315909,
                            38.689875
                        ],
                        [
                            -9.315787,
                            38.689947
                        ],
                        [
                            -9.315764,
                            38.690084
                        ],
                        [
                            -9.31691,
                            38.69036
                        ],
                        [
                            -9.318352,
                            38.690499
                        ]
                    ]
                ]
            },
            "properties": {
                "color": "#097138",
                "name": "Rua Caminho da Quinta",
                "polygonId": "1535",
                "hasparkingpasses": "True",
                "isbillable": "True"
            },
            "id": "clxt4pji18hwc1lnrnw0egpo31535"
        },
        {
            "type": "Feature",
            "geometry": {
                "type": "Polygon",
                "coordinates": [
                    [
                        [
                            -9.317996,
                            38.689635
                        ],
                        [
                            -9.317964,
                            38.689418
                        ],
                        [
                            -9.317648,
                            38.689451
                        ],
                        [
                            -9.317659,
                            38.689541
                        ],
                        [
                            -9.31711,
                            38.68958
                        ],
                        [
                            -9.317035,
                            38.689936
                        ],
                        [
                            -9.317134,
                            38.689949
                        ],
                        [
                            -9.317094,
                            38.690145
                        ],
                        [
                            -9.317186,
                            38.690188
                        ],
                        [
                            -9.317295,
                            38.690166
                        ],
                        [
                            -9.317393,
                            38.689691
                        ],
                        [
                            -9.317996,
                            38.689635
                        ]
                    ]
                ]
            },
            "properties": {
                "color": "#097138",
                "name": "Rua Dr. Sílvio Pélico",
                "polygonId": "1536",
                "hasparkingpasses": "True",
                "isbillable": "True"
            },
            "id": "clxt4pji18hwc1lnrnw0egpo31536"
        },
        {
            "type": "Feature",
            "geometry": {
                "type": "Polygon",
                "coordinates": [
                    [
                        [
                            -9.318289,
                            38.691178
                        ],
                        [
                            -9.318315,
                            38.690917
                        ],
                        [
                            -9.316819,
                            38.690779
                        ],
                        [
                            -9.315514,
                            38.690445
                        ],
                        [
                            -9.315344,
                            38.69069
                        ],
                        [
                            -9.316774,
                            38.691058
                        ],
                        [
                            -9.317338,
                            38.691102
                        ],
                        [
                            -9.317482,
                            38.691074
                        ],
                        [
                            -9.317622,
                            38.691125
                        ],
                        [
                            -9.318289,
                            38.691178
                        ]
                    ]
                ]
            },
            "properties": {
                "color": "#097138",
                "name": "Rua da Quinta Grande",
                "polygonId": "1537",
                "hasparkingpasses": "True",
                "isbillable": "True"
            },
            "id": "clxt4pji18hwc1lnrnw0egpo31537"
        },
        {
            "type": "Feature",
            "geometry": {
                "type": "Polygon",
                "coordinates": [
                    [
                        [
                            -9.317622,
                            38.691125
                        ],
                        [
                            -9.317482,
                            38.691074
                        ],
                        [
                            -9.317338,
                            38.691102
                        ],
                        [
                            -9.316939,
                            38.693679
                        ],
                        [
                            -9.317245,
                            38.693704
                        ],
                        [
                            -9.317622,
                            38.691125
                        ]
                    ]
                ]
            },
            "properties": {
                "color": "#097138",
                "name": "Rua dos Lagares da Quinta",
                "polygonId": "1538",
                "hasparkingpasses": "True",
                "isbillable": "True"
            },
            "id": "clxt4pji18hwc1lnrnw0egpo31538"
        },
        {
            "type": "Feature",
            "geometry": {
                "type": "Polygon",
                "coordinates": [
                    [
                        [
                            -9.319507,
                            38.689772
                        ],
                        [
                            -9.319474,
                            38.689474
                        ],
                        [
                            -9.318718,
                            38.689534
                        ],
                        [
                            -9.318636,
                            38.689618
                        ],
                        [
                            -9.318703,
                            38.689708
                        ],
                        [
                            -9.318926,
                            38.689701
                        ],
                        [
                            -9.319019,
                            38.689805
                        ],
                        [
                            -9.319507,
                            38.689772
                        ]
                    ]
                ]
            },
            "properties": {
                "color": "#f9a825",
                "name": "Praceta António Ferro",
                "polygonId": "1539",
                "hasparkingpasses": "True",
                "isbillable": "True"
            },
            "id": "clxt4pji18hwc1lnrnw0egpo31539"
        },
        {
            "type": "Feature",
            "geometry": {
                "type": "Polygon",
                "coordinates": [
                    [
                        [
                            -9.318348,
                            38.68734
                        ],
                        [
                            -9.318455,
                            38.687298
                        ],
                        [
                            -9.318491,
                            38.687198
                        ],
                        [
                            -9.31791,
                            38.686869
                        ],
                        [
                            -9.317734,
                            38.686651
                        ],
                        [
                            -9.317634,
                            38.686391
                        ],
                        [
                            -9.317496,
                            38.684836
                        ],
                        [
                            -9.317316,
                            38.684783
                        ],
                        [
                            -9.317386,
                            38.68559
                        ],
                        [
                            -9.317278,
                            38.685597
                        ],
                        [
                            -9.317288,
                            38.685713
                        ],
                        [
                            -9.317359,
                            38.686423
                        ],
                        [
                            -9.317513,
                            38.686773
                        ],
                        [
                            -9.317767,
                            38.687003
                        ],
                        [
                            -9.318348,
                            38.68734
                        ]
                    ]
                ]
            },
            "properties": {
                "color": "#097138",
                "name": "Rua do Liceu",
                "polygonId": "1540",
                "hasparkingpasses": "True",
                "isbillable": "True"
            },
            "id": "clxt4pji18hwc1lnrnw0egpo31540"
        },
        {
            "type": "Feature",
            "geometry": {
                "type": "Polygon",
                "coordinates": [
                    [
                        [
                            -9.317278,
                            38.685597
                        ],
                        [
                            -9.316517,
                            38.685638
                        ],
                        [
                            -9.316525,
                            38.685751
                        ],
                        [
                            -9.316647,
                            38.685745
                        ],
                        [
                            -9.317288,
                            38.685713
                        ],
                        [
                            -9.317278,
                            38.685597
                        ]
                    ]
                ]
            },
            "properties": {
                "color": "#097138",
                "name": "Rua D. Duarte",
                "polygonId": "1541",
                "hasparkingpasses": "True",
                "isbillable": "True"
            },
            "id": "clxt4pji18hwc1lnrnw0egpo31541"
        },
        {
            "type": "Feature",
            "geometry": {
                "type": "Polygon",
                "coordinates": [
                    [
                        [
                            -9.316873,
                            38.687907
                        ],
                        [
                            -9.316647,
                            38.685745
                        ],
                        [
                            -9.316525,
                            38.685751
                        ],
                        [
                            -9.316517,
                            38.685638
                        ],
                        [
                            -9.316453,
                            38.684831
                        ],
                        [
                            -9.316213,
                            38.684642
                        ],
                        [
                            -9.316285,
                            38.685395
                        ],
                        [
                            -9.316309,
                            38.685646
                        ],
                        [
                            -9.316406,
                            38.686651
                        ],
                        [
                            -9.316519,
                            38.687836
                        ],
                        [
                            -9.316873,
                            38.687907
                        ]
                    ]
                ]
            },
            "properties": {
                "color": "#097138",
                "name": "Rua Infanta D. Isabel",
                "polygonId": "1542",
                "hasparkingpasses": "True",
                "isbillable": "True"
            },
            "id": "clxt4pji18hwc1lnrnw0egpo31542"
        },
        {
            "type": "Feature",
            "geometry": {
                "type": "Polygon",
                "coordinates": [
                    [
                        [
                            -9.321384,
                            38.676636
                        ],
                        [
                            -9.320741,
                            38.67675
                        ],
                        [
                            -9.320854,
                            38.677142
                        ],
                        [
                            -9.321415,
                            38.677038
                        ],
                        [
                            -9.325755,
                            38.677013
                        ],
                        [
                            -9.325755,
                            38.676749
                        ],
                        [
                            -9.324132,
                            38.676756
                        ],
                        [
                            -9.324164,
                            38.675875
                        ],
                        [
                            -9.323044,
                            38.676204
                        ],
                        [
                            -9.323292,
                            38.67663
                        ],
                        [
                            -9.321384,
                            38.676636
                        ]
                    ]
                ]
            },
            "properties": {
                "color": "#1a237e",
                "name": "Praia da Torre",
                "polygonId": "1543",
                "hasparkingpasses": "True",
                "isbillable": "True"
            },
            "id": "clxt4pji18hwc1lnrnw0egpo31543"
        },
        {
            "type": "Feature",
            "geometry": {
                "type": "Polygon",
                "coordinates": [
                    [
                        [
                            -9.315255,
                            38.68262
                        ],
                        [
                            -9.31477,
                            38.68235
                        ],
                        [
                            -9.314478,
                            38.68267
                        ],
                        [
                            -9.314954,
                            38.682926
                        ],
                        [
                            -9.315255,
                            38.68262
                        ]
                    ]
                ]
            },
            "properties": {
                "color": "#1a237e",
                "name": "Praia de Santo Amaro - Nave Visionista",
                "polygonId": "1544",
                "hasparkingpasses": "True",
                "isbillable": "True"
            },
            "id": "clxt4pji18hwc1lnrnw0egpo31544"
        },
        {
            "type": "Feature",
            "geometry": {
                "type": "Polygon",
                "coordinates": [
                    [
                        [
                            -9.23812,
                            38.726419
                        ],
                        [
                            -9.238156,
                            38.726713
                        ],
                        [
                            -9.236653,
                            38.727395
                        ],
                        [
                            -9.236562,
                            38.727546
                        ],
                        [
                            -9.236673,
                            38.727639
                        ],
                        [
                            -9.237676,
                            38.727191
                        ],
                        [
                            -9.237797,
                            38.727016
                        ],
                        [
                            -9.23795,
                            38.727066
                        ],
                        [
                            -9.238397,
                            38.726865
                        ],
                        [
                            -9.238362,
                            38.726517
                        ],
                        [
                            -9.238347,
                            38.726354
                        ],
                        [
                            -9.238215,
                            38.726344
                        ],
                        [
                            -9.23812,
                            38.726419
                        ]
                    ]
                ]
            },
            "properties": {
                "color": "#a52714",
                "name": "Rua Antero de Quental",
                "polygonId": "1546",
                "hasparkingpasses": "True",
                "isbillable": "True"
            },
            "id": "clxt4pji18hwc1lnrnw0egpo31546"
        },
        {
            "type": "Feature",
            "geometry": {
                "type": "Polygon",
                "coordinates": [
                    [
                        [
                            -9.296057,
                            38.695544
                        ],
                        [
                            -9.294687,
                            38.696506
                        ],
                        [
                            -9.294422,
                            38.696643
                        ],
                        [
                            -9.293737,
                            38.696908
                        ],
                        [
                            -9.292026,
                            38.69743
                        ],
                        [
                            -9.292104,
                            38.697573
                        ],
                        [
                            -9.293815,
                            38.69705
                        ],
                        [
                            -9.293945,
                            38.696998
                        ],
                        [
                            -9.293999,
                            38.696908
                        ],
                        [
                            -9.294139,
                            38.696921
                        ],
                        [
                            -9.294519,
                            38.696773
                        ],
                        [
                            -9.294804,
                            38.69663
                        ],
                        [
                            -9.296127,
                            38.695705
                        ],
                        [
                            -9.296057,
                            38.695544
                        ]
                    ]
                ]
            },
            "properties": {
                "color": "#a52714",
                "name": "Rua Lino de Assunção",
                "polygonId": "1547",
                "hasparkingpasses": "True",
                "isbillable": "True"
            },
            "id": "clxt4pji18hwc1lnrnw0egpo31547"
        },
        {
            "type": "Feature",
            "geometry": {
                "type": "Polygon",
                "coordinates": [
                    [
                        [
                            -9.224507,
                            38.710261
                        ],
                        [
                            -9.224221,
                            38.710194
                        ],
                        [
                            -9.224161,
                            38.710334
                        ],
                        [
                            -9.223933,
                            38.71089
                        ],
                        [
                            -9.2232,
                            38.712686
                        ],
                        [
                            -9.222963,
                            38.712644
                        ],
                        [
                            -9.22274,
                            38.712737
                        ],
                        [
                            -9.222907,
                            38.712882
                        ],
                        [
                            -9.223399,
                            38.71296
                        ],
                        [
                            -9.224507,
                            38.710261
                        ]
                    ]
                ]
            },
            "properties": {
                "color": "#097138",
                "name": "Alameda Eng. José Mattos e Silva",
                "polygonId": "1570",
                "hasparkingpasses": "True",
                "isbillable": "True"
            },
            "id": "clxt4pji18hwc1lnrnw0egpo31570"
        },
        {
            "type": "Feature",
            "geometry": {
                "type": "Polygon",
                "coordinates": [
                    [
                        [
                            -9.223933,
                            38.71089
                        ],
                        [
                            -9.224161,
                            38.710334
                        ],
                        [
                            -9.223535,
                            38.710172
                        ],
                        [
                            -9.223403,
                            38.710764
                        ],
                        [
                            -9.223933,
                            38.71089
                        ]
                    ]
                ]
            },
            "properties": {
                "color": "#097138",
                "name": "Rua Mario Eloy",
                "polygonId": "1571",
                "hasparkingpasses": "True",
                "isbillable": "True"
            },
            "id": "clxt4pji18hwc1lnrnw0egpo31571"
        },
        {
            "type": "Feature",
            "geometry": {
                "type": "Polygon",
                "coordinates": [
                    [
                        [
                            -9.223481,
                            38.709928
                        ],
                        [
                            -9.224158,
                            38.710106
                        ],
                        [
                            -9.224329,
                            38.709738
                        ],
                        [
                            -9.223382,
                            38.709493
                        ],
                        [
                            -9.223232,
                            38.709702
                        ],
                        [
                            -9.223481,
                            38.709928
                        ]
                    ]
                ]
            },
            "properties": {
                "color": "#097138",
                "name": "Rua Amadeu de Sousa Cardoso",
                "polygonId": "1572",
                "hasparkingpasses": "True",
                "isbillable": "True"
            },
            "id": "clxt4pji18hwc1lnrnw0egpo31572"
        },
        {
            "type": "Feature",
            "geometry": {
                "type": "Polygon",
                "coordinates": [
                    [
                        [
                            -9.223535,
                            38.710172
                        ],
                        [
                            -9.223481,
                            38.709928
                        ],
                        [
                            -9.223232,
                            38.709702
                        ],
                        [
                            -9.223382,
                            38.709493
                        ],
                        [
                            -9.222998,
                            38.707788
                        ],
                        [
                            -9.222717,
                            38.707836
                        ],
                        [
                            -9.223208,
                            38.710178
                        ],
                        [
                            -9.222483,
                            38.713403
                        ],
                        [
                            -9.222878,
                            38.713578
                        ],
                        [
                            -9.223459,
                            38.713393
                        ],
                        [
                            -9.223579,
                            38.713073
                        ],
                        [
                            -9.222805,
                            38.713317
                        ],
                        [
                            -9.222907,
                            38.712882
                        ],
                        [
                            -9.22274,
                            38.712737
                        ],
                        [
                            -9.222963,
                            38.712644
                        ],
                        [
                            -9.223403,
                            38.710764
                        ],
                        [
                            -9.223535,
                            38.710172
                        ]
                    ]
                ]
            },
            "properties": {
                "color": "#097138",
                "name": "Rua Quinta das Romeiras",
                "polygonId": "1573",
                "hasparkingpasses": "True",
                "isbillable": "True"
            },
            "id": "clxt4pji18hwc1lnrnw0egpo31573"
        },
        {
            "type": "Feature",
            "geometry": {
                "type": "Polygon",
                "coordinates": [
                    [
                        [
                            -9.226838,
                            38.704223
                        ],
                        [
                            -9.226931,
                            38.703667
                        ],
                        [
                            -9.226426,
                            38.703703
                        ],
                        [
                            -9.226063,
                            38.704639
                        ],
                        [
                            -9.225255,
                            38.70518
                        ],
                        [
                            -9.224855,
                            38.706142
                        ],
                        [
                            -9.225175,
                            38.706506
                        ],
                        [
                            -9.225316,
                            38.70624
                        ],
                        [
                            -9.225261,
                            38.706187
                        ],
                        [
                            -9.225633,
                            38.705373
                        ],
                        [
                            -9.22645,
                            38.704899
                        ],
                        [
                            -9.226694,
                            38.704313
                        ],
                        [
                            -9.226838,
                            38.704223
                        ]
                    ]
                ]
            },
            "properties": {
                "color": "#a52714",
                "name": "Rua Francisco Marcelo Curto",
                "polygonId": "1574",
                "hasparkingpasses": "True",
                "isbillable": "True"
            },
            "id": "clxt4pji18hwc1lnrnw0egpo31574"
        },
        {
            "type": "Feature",
            "geometry": {
                "type": "Polygon",
                "coordinates": [
                    [
                        [
                            -9.244759,
                            38.724885
                        ],
                        [
                            -9.24449,
                            38.724889
                        ],
                        [
                            -9.244377,
                            38.72511
                        ],
                        [
                            -9.244292,
                            38.725095
                        ],
                        [
                            -9.243758,
                            38.726174
                        ],
                        [
                            -9.244045,
                            38.726325
                        ],
                        [
                            -9.244759,
                            38.724885
                        ]
                    ]
                ]
            },
            "properties": {
                "color": "#a52714",
                "name": "Rua Sacadura Cabral",
                "polygonId": "1609",
                "hasparkingpasses": "True",
                "isbillable": "True"
            },
            "id": "clxt4pji18hwc1lnrnw0egpo31609"
        },
        {
            "type": "Feature",
            "geometry": {
                "type": "Polygon",
                "coordinates": [
                    [
                        [
                            -9.243226,
                            38.708975
                        ],
                        [
                            -9.243215,
                            38.708727
                        ],
                        [
                            -9.24224,
                            38.708754
                        ],
                        [
                            -9.242212,
                            38.708681
                        ],
                        [
                            -9.242164,
                            38.708553
                        ],
                        [
                            -9.24199,
                            38.708086
                        ],
                        [
                            -9.242023,
                            38.707252
                        ],
                        [
                            -9.241745,
                            38.707207
                        ],
                        [
                            -9.24172,
                            38.708138
                        ],
                        [
                            -9.242072,
                            38.708997
                        ],
                        [
                            -9.243226,
                            38.708975
                        ]
                    ]
                ]
            },
            "properties": {
                "color": "#097138",
                "name": "Rua Rebelo da Silva",
                "polygonId": "1670",
                "hasparkingpasses": "False",
                "isbillable": "True"
            },
            "id": "clxt4pji18hwc1lnrnw0egpo31670"
        },
        {
            "type": "Feature",
            "geometry": {
                "type": "Polygon",
                "coordinates": [
                    [
                        [
                            -9.24331,
                            38.708621
                        ],
                        [
                            -9.243307,
                            38.708486
                        ],
                        [
                            -9.242255,
                            38.708547
                        ],
                        [
                            -9.242164,
                            38.708553
                        ],
                        [
                            -9.242212,
                            38.708681
                        ],
                        [
                            -9.24331,
                            38.708621
                        ]
                    ]
                ]
            },
            "properties": {
                "color": "#097138",
                "name": "Rua Luciano Cordeiro",
                "polygonId": "1671",
                "hasparkingpasses": "False",
                "isbillable": "True"
            },
            "id": "clxt4pji18hwc1lnrnw0egpo31671"
        },
        {
            "type": "Feature",
            "geometry": {
                "type": "Polygon",
                "coordinates": [
                    [
                        [
                            -9.243289,
                            38.707721
                        ],
                        [
                            -9.242885,
                            38.707632
                        ],
                        [
                            -9.242888,
                            38.707795
                        ],
                        [
                            -9.242358,
                            38.707823
                        ],
                        [
                            -9.242408,
                            38.707315
                        ],
                        [
                            -9.242158,
                            38.707274
                        ],
                        [
                            -9.242106,
                            38.707849
                        ],
                        [
                            -9.242255,
                            38.708547
                        ],
                        [
                            -9.243307,
                            38.708486
                        ],
                        [
                            -9.243289,
                            38.707721
                        ]
                    ]
                ]
            },
            "properties": {
                "color": "#097138",
                "name": "Largo da Pirâmide",
                "polygonId": "1672",
                "hasparkingpasses": "False",
                "isbillable": "True"
            },
            "id": "clxt4pji18hwc1lnrnw0egpo31672"
        },
        {
            "type": "Feature",
            "geometry": {
                "type": "Polygon",
                "coordinates": [
                    [
                        [
                            -9.297148,
                            38.710418
                        ],
                        [
                            -9.297012,
                            38.71043
                        ],
                        [
                            -9.296604,
                            38.710485
                        ],
                        [
                            -9.296224,
                            38.71058
                        ],
                        [
                            -9.296462,
                            38.710648
                        ],
                        [
                            -9.296636,
                            38.71061
                        ],
                        [
                            -9.297033,
                            38.710555
                        ],
                        [
                            -9.297708,
                            38.710524
                        ],
                        [
                            -9.297737,
                            38.710464
                        ],
                        [
                            -9.297694,
                            38.710394
                        ],
                        [
                            -9.297148,
                            38.710418
                        ]
                    ]
                ]
            },
            "properties": {
                "color": "#a52714",
                "name": "Rua Fonte da Caspolima",
                "polygonId": "1694",
                "hasparkingpasses": "True",
                "isbillable": "True"
            },
            "id": "clxt4pji18hwc1lnrnw0egpo31694"
        },
        {
            "type": "Feature",
            "geometry": {
                "type": "Polygon",
                "coordinates": [
                    [
                        [
                            -9.297671,
                            38.710203
                        ],
                        [
                            -9.297694,
                            38.710394
                        ],
                        [
                            -9.297737,
                            38.710464
                        ],
                        [
                            -9.297708,
                            38.710524
                        ],
                        [
                            -9.297724,
                            38.71068
                        ],
                        [
                            -9.297777,
                            38.711551
                        ],
                        [
                            -9.297749,
                            38.711625
                        ],
                        [
                            -9.297722,
                            38.711674
                        ],
                        [
                            -9.297652,
                            38.711723
                        ],
                        [
                            -9.297571,
                            38.711745
                        ],
                        [
                            -9.297497,
                            38.711745
                        ],
                        [
                            -9.297415,
                            38.711726
                        ],
                        [
                            -9.297321,
                            38.711669
                        ],
                        [
                            -9.296916,
                            38.711415
                        ],
                        [
                            -9.296904,
                            38.711257
                        ],
                        [
                            -9.296837,
                            38.711208
                        ],
                        [
                            -9.296748,
                            38.711208
                        ],
                        [
                            -9.296462,
                            38.710648
                        ],
                        [
                            -9.296224,
                            38.71058
                        ],
                        [
                            -9.296576,
                            38.711258
                        ],
                        [
                            -9.296532,
                            38.711293
                        ],
                        [
                            -9.296504,
                            38.711325
                        ],
                        [
                            -9.296489,
                            38.711367
                        ],
                        [
                            -9.296488,
                            38.711422
                        ],
                        [
                            -9.296505,
                            38.711472
                        ],
                        [
                            -9.296535,
                            38.71151
                        ],
                        [
                            -9.29659,
                            38.71154
                        ],
                        [
                            -9.296779,
                            38.711542
                        ],
                        [
                            -9.297317,
                            38.711889
                        ],
                        [
                            -9.297372,
                            38.711915
                        ],
                        [
                            -9.297444,
                            38.711933
                        ],
                        [
                            -9.297519,
                            38.711936
                        ],
                        [
                            -9.297599,
                            38.711927
                        ],
                        [
                            -9.297697,
                            38.711902
                        ],
                        [
                            -9.297785,
                            38.711852
                        ],
                        [
                            -9.297928,
                            38.711598
                        ],
                        [
                            -9.297887,
                            38.710674
                        ],
                        [
                            -9.29783,
                            38.710162
                        ],
                        [
                            -9.29777,
                            38.709844
                        ],
                        [
                            -9.297501,
                            38.709931
                        ],
                        [
                            -9.297671,
                            38.710203
                        ]
                    ]
                ]
            },
            "properties": {
                "color": "#a52714",
                "name": "Rua Quinta da Fonte",
                "polygonId": "1740",
                "hasparkingpasses": "True",
                "isbillable": "True"
            },
            "id": "clxt4pji18hwc1lnrnw0egpo31740"
        },
        {
            "type": "Feature",
            "geometry": {
                "type": "Polygon",
                "coordinates": [
                    [
                        [
                            -9.300437,
                            38.711494
                        ],
                        [
                            -9.30038,
                            38.710263
                        ],
                        [
                            -9.301004,
                            38.710249
                        ],
                        [
                            -9.300991,
                            38.710132
                        ],
                        [
                            -9.30078,
                            38.709971
                        ],
                        [
                            -9.299793,
                            38.710006
                        ],
                        [
                            -9.29988,
                            38.711389
                        ],
                        [
                            -9.299918,
                            38.711506
                        ],
                        [
                            -9.300269,
                            38.711611
                        ],
                        [
                            -9.300437,
                            38.711494
                        ]
                    ]
                ]
            },
            "properties": {
                "color": "#a52714",
                "name": "Rua Malhões",
                "polygonId": "1741",
                "hasparkingpasses": "True",
                "isbillable": "True"
            },
            "id": "clxt4pji18hwc1lnrnw0egpo31741"
        },
        {
            "type": "Feature",
            "geometry": {
                "type": "Polygon",
                "coordinates": [
                    [
                        [
                            -9.299918,
                            38.711506
                        ],
                        [
                            -9.29988,
                            38.711389
                        ],
                        [
                            -9.299404,
                            38.711402
                        ],
                        [
                            -9.299386,
                            38.711036
                        ],
                        [
                            -9.299286,
                            38.711039
                        ],
                        [
                            -9.299294,
                            38.711197
                        ],
                        [
                            -9.299162,
                            38.7112
                        ],
                        [
                            -9.299173,
                            38.711425
                        ],
                        [
                            -9.299073,
                            38.711438
                        ],
                        [
                            -9.298988,
                            38.711481
                        ],
                        [
                            -9.298936,
                            38.711558
                        ],
                        [
                            -9.298942,
                            38.711651
                        ],
                        [
                            -9.298908,
                            38.711686
                        ],
                        [
                            -9.298836,
                            38.711699
                        ],
                        [
                            -9.298218,
                            38.711713
                        ],
                        [
                            -9.298227,
                            38.711807
                        ],
                        [
                            -9.298789,
                            38.711792
                        ],
                        [
                            -9.298833,
                            38.712252
                        ],
                        [
                            -9.299014,
                            38.712332
                        ],
                        [
                            -9.299167,
                            38.712249
                        ],
                        [
                            -9.29902,
                            38.712155
                        ],
                        [
                            -9.299007,
                            38.711776
                        ],
                        [
                            -9.29906,
                            38.711697
                        ],
                        [
                            -9.299056,
                            38.711638
                        ],
                        [
                            -9.299054,
                            38.711579
                        ],
                        [
                            -9.29911,
                            38.711528
                        ],
                        [
                            -9.299918,
                            38.711506
                        ]
                    ]
                ]
            },
            "properties": {
                "color": "#a52714",
                "name": "Rua Quinta da Quintã",
                "polygonId": "1742",
                "hasparkingpasses": "True",
                "isbillable": "True"
            },
            "id": "clxt4pji18hwc1lnrnw0egpo31742"
        },
        {
            "type": "Feature",
            "geometry": {
                "type": "Polygon",
                "coordinates": [
                    [
                        [
                            -9.300932,
                            38.711757
                        ],
                        [
                            -9.300931,
                            38.711836
                        ],
                        [
                            -9.300919,
                            38.71191
                        ],
                        [
                            -9.3009,
                            38.711973
                        ],
                        [
                            -9.300862,
                            38.712036
                        ],
                        [
                            -9.300827,
                            38.712082
                        ],
                        [
                            -9.300769,
                            38.712143
                        ],
                        [
                            -9.30072,
                            38.712186
                        ],
                        [
                            -9.300664,
                            38.712224
                        ],
                        [
                            -9.300584,
                            38.712264
                        ],
                        [
                            -9.300435,
                            38.71232
                        ],
                        [
                            -9.300296,
                            38.712052
                        ],
                        [
                            -9.300098,
                            38.712119
                        ],
                        [
                            -9.300229,
                            38.712383
                        ],
                        [
                            -9.299176,
                            38.71273
                        ],
                        [
                            -9.29904,
                            38.71249
                        ],
                        [
                            -9.298327,
                            38.712751
                        ],
                        [
                            -9.298548,
                            38.713123
                        ],
                        [
                            -9.299348,
                            38.712878
                        ],
                        [
                            -9.299432,
                            38.713039
                        ],
                        [
                            -9.300641,
                            38.7127
                        ],
                        [
                            -9.300546,
                            38.712515
                        ],
                        [
                            -9.300776,
                            38.712436
                        ],
                        [
                            -9.300851,
                            38.712409
                        ],
                        [
                            -9.30093,
                            38.712367
                        ],
                        [
                            -9.300997,
                            38.712322
                        ],
                        [
                            -9.301052,
                            38.712274
                        ],
                        [
                            -9.301113,
                            38.712198
                        ],
                        [
                            -9.301149,
                            38.712123
                        ],
                        [
                            -9.301168,
                            38.712028
                        ],
                        [
                            -9.301173,
                            38.711611
                        ],
                        [
                            -9.301195,
                            38.711594
                        ],
                        [
                            -9.301212,
                            38.711574
                        ],
                        [
                            -9.301222,
                            38.711553
                        ],
                        [
                            -9.301228,
                            38.711531
                        ],
                        [
                            -9.301231,
                            38.711502
                        ],
                        [
                            -9.301228,
                            38.711472
                        ],
                        [
                            -9.301215,
                            38.711441
                        ],
                        [
                            -9.301198,
                            38.711417
                        ],
                        [
                            -9.301176,
                            38.711397
                        ],
                        [
                            -9.301147,
                            38.71138
                        ],
                        [
                            -9.301121,
                            38.711366
                        ],
                        [
                            -9.301086,
                            38.711359
                        ],
                        [
                            -9.301049,
                            38.711358
                        ],
                        [
                            -9.301011,
                            38.711363
                        ],
                        [
                            -9.300977,
                            38.71139
                        ],
                        [
                            -9.300883,
                            38.711442
                        ],
                        [
                            -9.300874,
                            38.711461
                        ],
                        [
                            -9.300871,
                            38.71148
                        ],
                        [
                            -9.300872,
                            38.711497
                        ],
                        [
                            -9.300877,
                            38.711515
                        ],
                        [
                            -9.300922,
                            38.711628
                        ],
                        [
                            -9.300932,
                            38.711757
                        ]
                    ]
                ]
            },
            "properties": {
                "color": "#a52714",
                "name": "Rua Victor Câmara",
                "polygonId": "1743",
                "hasparkingpasses": "True",
                "isbillable": "True"
            },
            "id": "clxt4pji18hwc1lnrnw0egpo31743"
        },
        {
            "type": "Feature",
            "geometry": {
                "type": "Polygon",
                "coordinates": [
                    [
                        [
                            -9.228791,
                            38.714894
                        ],
                        [
                            -9.228402,
                            38.71479
                        ],
                        [
                            -9.228269,
                            38.715049
                        ],
                        [
                            -9.227719,
                            38.715242
                        ],
                        [
                            -9.227078,
                            38.715085
                        ],
                        [
                            -9.226324,
                            38.715378
                        ],
                        [
                            -9.226202,
                            38.715305
                        ],
                        [
                            -9.226042,
                            38.715273
                        ],
                        [
                            -9.225879,
                            38.715281
                        ],
                        [
                            -9.225755,
                            38.71533
                        ],
                        [
                            -9.225658,
                            38.715419
                        ],
                        [
                            -9.225612,
                            38.715513
                        ],
                        [
                            -9.225595,
                            38.715633
                        ],
                        [
                            -9.225635,
                            38.715756
                        ],
                        [
                            -9.225703,
                            38.715843
                        ],
                        [
                            -9.225809,
                            38.7159
                        ],
                        [
                            -9.225944,
                            38.715932
                        ],
                        [
                            -9.226092,
                            38.715933
                        ],
                        [
                            -9.226239,
                            38.715889
                        ],
                        [
                            -9.226346,
                            38.715814
                        ],
                        [
                            -9.226406,
                            38.715738
                        ],
                        [
                            -9.226422,
                            38.715621
                        ],
                        [
                            -9.227112,
                            38.715379
                        ],
                        [
                            -9.227732,
                            38.715524
                        ],
                        [
                            -9.228665,
                            38.71519
                        ],
                        [
                            -9.228791,
                            38.714894
                        ]
                    ]
                ]
            },
            "properties": {
                "color": "#a52714",
                "name": "Rua Dr. António Loureiro Borges",
                "polygonId": "1755",
                "hasparkingpasses": "False",
                "isbillable": "True"
            },
            "id": "clxt4pji18hwc1lnrnw0egpo31755"
        },
        {
            "type": "Feature",
            "geometry": {
                "type": "Polygon",
                "coordinates": [
                    [
                        [
                            -9.240714,
                            38.726851
                        ],
                        [
                            -9.240642,
                            38.726779
                        ],
                        [
                            -9.240456,
                            38.726744
                        ],
                        [
                            -9.240404,
                            38.726805
                        ],
                        [
                            -9.240201,
                            38.7267
                        ],
                        [
                            -9.239754,
                            38.727177
                        ],
                        [
                            -9.240178,
                            38.727419
                        ],
                        [
                            -9.240714,
                            38.726851
                        ]
                    ]
                ]
            },
            "properties": {
                "color": "#a52714",
                "name": "Praceta Gil Vicente",
                "polygonId": "1880",
                "hasparkingpasses": "False",
                "isbillable": "True"
            },
            "id": "clxt4pji18hwc1lnrnw0egpo31880"
        },
        {
            "type": "Feature",
            "geometry": {
                "type": "Polygon",
                "coordinates": [
                    [
                        [
                            -9.241305,
                            38.727096
                        ],
                        [
                            -9.241236,
                            38.727019
                        ],
                        [
                            -9.241039,
                            38.726986
                        ],
                        [
                            -9.240987,
                            38.727047
                        ],
                        [
                            -9.240776,
                            38.726931
                        ],
                        [
                            -9.240337,
                            38.727414
                        ],
                        [
                            -9.240773,
                            38.727661
                        ],
                        [
                            -9.241305,
                            38.727096
                        ]
                    ]
                ]
            },
            "properties": {
                "color": "#a52714",
                "name": "Praceta Gomes Leal",
                "polygonId": "1881",
                "hasparkingpasses": "False",
                "isbillable": "True"
            },
            "id": "clxt4pji18hwc1lnrnw0egpo31881"
        },
        {
            "type": "Feature",
            "geometry": {
                "type": "Polygon",
                "coordinates": [
                    [
                        [
                            -9.241889,
                            38.727339
                        ],
                        [
                            -9.241825,
                            38.727267
                        ],
                        [
                            -9.24163,
                            38.727231
                        ],
                        [
                            -9.241558,
                            38.727311
                        ],
                        [
                            -9.241362,
                            38.727201
                        ],
                        [
                            -9.240908,
                            38.727681
                        ],
                        [
                            -9.241324,
                            38.727933
                        ],
                        [
                            -9.241889,
                            38.727339
                        ]
                    ]
                ]
            },
            "properties": {
                "color": "#a52714",
                "name": "Praceta Gonçalves Crespo",
                "polygonId": "1882",
                "hasparkingpasses": "False",
                "isbillable": "True"
            },
            "id": "clxt4pji18hwc1lnrnw0egpo31882"
        },
        {
            "type": "Feature",
            "geometry": {
                "type": "Polygon",
                "coordinates": [
                    [
                        [
                            -9.234433,
                            38.715724
                        ],
                        [
                            -9.236307,
                            38.71628
                        ],
                        [
                            -9.236819,
                            38.71642
                        ],
                        [
                            -9.236971,
                            38.716676
                        ],
                        [
                            -9.237216,
                            38.716566
                        ],
                        [
                            -9.236891,
                            38.716097
                        ],
                        [
                            -9.23466,
                            38.715443
                        ],
                        [
                            -9.234433,
                            38.715724
                        ]
                    ]
                ]
            },
            "properties": {
                "color": "#956709",
                "name": "Alameda António Sérgio",
                "polygonId": "1888",
                "hasparkingpasses": "False",
                "isbillable": "True"
            },
            "id": "clxt4pji18hwc1lnrnw0egpo31888"
        },
        {
            "type": "Feature",
            "geometry": {
                "type": "Polygon",
                "coordinates": [
                    [
                        [
                            -9.232847,
                            38.714811
                        ],
                        [
                            -9.233105,
                            38.714376
                        ],
                        [
                            -9.232607,
                            38.713659
                        ],
                        [
                            -9.232203,
                            38.712754
                        ],
                        [
                            -9.231692,
                            38.712804
                        ],
                        [
                            -9.232175,
                            38.713843
                        ],
                        [
                            -9.232847,
                            38.714811
                        ]
                    ]
                ]
            },
            "properties": {
                "color": "#956709",
                "name": "Alameda António Sérgio",
                "polygonId": "1889",
                "hasparkingpasses": "False",
                "isbillable": "True"
            },
            "id": "clxt4pji18hwc1lnrnw0egpo31889"
        },
        {
            "type": "Feature",
            "geometry": {
                "type": "MultiPolygon",
                "coordinates": [
                    [
                        [
                            [
                                -9.326631,
                                38.6767
                            ],
                            [
                                -9.32669,
                                38.676415
                            ],
                            [
                                -9.326548,
                                38.676396
                            ],
                            [
                                -9.326486,
                                38.67668
                            ],
                            [
                                -9.326631,
                                38.6767
                            ]
                        ]
                    ],
                    [
                        [
                            [
                                -9.326769,
                                38.676037
                            ],
                            [
                                -9.326795,
                                38.675911
                            ],
                            [
                                -9.326639,
                                38.675907
                            ],
                            [
                                -9.326611,
                                38.676048
                            ],
                            [
                                -9.326769,
                                38.676037
                            ]
                        ]
                    ]
                ]
            },
            "properties": {
                "color": "#1a237e",
                "name": "Praia da Torre",
                "polygonId": "1945",
                "hasparkingpasses": "True",
                "isbillable": "True"
            },
            "id": "clxt4pji18hwc1lnrnw0egpo31945"
        },
        {
            "type": "Feature",
            "geometry": {
                "type": "Polygon",
                "coordinates": [
                    [
                        [
                            -9.225142,
                            38.715156
                        ],
                        [
                            -9.225162,
                            38.715015
                        ],
                        [
                            -9.225023,
                            38.71501
                        ],
                        [
                            -9.224644,
                            38.715107
                        ],
                        [
                            -9.224408,
                            38.715118
                        ],
                        [
                            -9.224192,
                            38.715072
                        ],
                        [
                            -9.223575,
                            38.7147
                        ],
                        [
                            -9.223508,
                            38.714756
                        ],
                        [
                            -9.223424,
                            38.714814
                        ],
                        [
                            -9.22412,
                            38.715227
                        ],
                        [
                            -9.224416,
                            38.715284
                        ],
                        [
                            -9.224713,
                            38.715269
                        ],
                        [
                            -9.225142,
                            38.715156
                        ]
                    ]
                ]
            },
            "properties": {
                "color": "#a52714",
                "name": "Rua Cáceres Monteiro",
                "polygonId": "1983",
                "hasparkingpasses": "True",
                "isbillable": "True"
            },
            "id": "clxt4pji18hwc1lnrnw0egpo31983"
        },
        {
            "type": "Feature",
            "geometry": {
                "type": "Polygon",
                "coordinates": [
                    [
                        [
                            -9.238322,
                            38.716705
                        ],
                        [
                            -9.238402,
                            38.716678
                        ],
                        [
                            -9.238672,
                            38.716616
                        ],
                        [
                            -9.238085,
                            38.71551
                        ],
                        [
                            -9.238127,
                            38.714692
                        ],
                        [
                            -9.238136,
                            38.714524
                        ],
                        [
                            -9.237897,
                            38.714541
                        ],
                        [
                            -9.237853,
                            38.714684
                        ],
                        [
                            -9.237795,
                            38.7158
                        ],
                        [
                            -9.238322,
                            38.716705
                        ]
                    ]
                ]
            },
            "properties": {
                "color": "#a52714",
                "name": "Rua projectada à Av. 25 de Abril",
                "polygonId": "1996",
                "hasparkingpasses": "True",
                "isbillable": "True"
            },
            "id": "clxt4pji18hwc1lnrnw0egpo31996"
        },
        {
            "type": "Feature",
            "geometry": {
                "type": "Polygon",
                "coordinates": [
                    [
                        [
                            -9.27645,
                            38.699844
                        ],
                        [
                            -9.277195,
                            38.699267
                        ],
                        [
                            -9.276881,
                            38.699268
                        ],
                        [
                            -9.276354,
                            38.699669
                        ],
                        [
                            -9.275798,
                            38.699698
                        ],
                        [
                            -9.275093,
                            38.699633
                        ],
                        [
                            -9.274815,
                            38.699596
                        ],
                        [
                            -9.2746,
                            38.699539
                        ],
                        [
                            -9.274512,
                            38.6995
                        ],
                        [
                            -9.27435,
                            38.699636
                        ],
                        [
                            -9.274512,
                            38.699709
                        ],
                        [
                            -9.274785,
                            38.69978
                        ],
                        [
                            -9.275063,
                            38.699818
                        ],
                        [
                            -9.275783,
                            38.699879
                        ],
                        [
                            -9.27645,
                            38.699844
                        ]
                    ]
                ]
            },
            "properties": {
                "color": "#1a237e",
                "name": "Estrada da Gibalta",
                "polygonId": "1997",
                "hasparkingpasses": "True",
                "isbillable": "True"
            },
            "id": "clxt4pji18hwc1lnrnw0egpo31997"
        },
        {
            "type": "Feature",
            "geometry": {
                "type": "Polygon",
                "coordinates": [
                    [
                        [
                            -9.277195,
                            38.699267
                        ],
                        [
                            -9.277333,
                            38.698977
                        ],
                        [
                            -9.276373,
                            38.698899
                        ],
                        [
                            -9.276354,
                            38.69936
                        ],
                        [
                            -9.276881,
                            38.699268
                        ],
                        [
                            -9.277195,
                            38.699267
                        ]
                    ]
                ]
            },
            "properties": {
                "color": "#1a237e",
                "name": "Rua João Alves de Carvalho",
                "polygonId": "1998",
                "hasparkingpasses": "True",
                "isbillable": "True"
            },
            "id": "clxt4pji18hwc1lnrnw0egpo31998"
        },
        {
            "type": "Feature",
            "geometry": {
                "type": "Polygon",
                "coordinates": [
                    [
                        [
                            -9.277178,
                            38.699495
                        ],
                        [
                            -9.277073,
                            38.69942
                        ],
                        [
                            -9.276596,
                            38.699784
                        ],
                        [
                            -9.276756,
                            38.699892
                        ],
                        [
                            -9.277178,
                            38.699495
                        ]
                    ]
                ]
            },
            "properties": {
                "color": "#1a237e",
                "name": "Rua Mauperrin Santos",
                "polygonId": "1999",
                "hasparkingpasses": "True",
                "isbillable": "True"
            },
            "id": "clxt4pji18hwc1lnrnw0egpo31999"
        },
        {
            "type": "Feature",
            "geometry": {
                "type": "Polygon",
                "coordinates": [
                    [
                        [
                            -9.29777,
                            38.709844
                        ],
                        [
                            -9.297791,
                            38.709679
                        ],
                        [
                            -9.297803,
                            38.709391
                        ],
                        [
                            -9.297745,
                            38.708373
                        ],
                        [
                            -9.29775,
                            38.708256
                        ],
                        [
                            -9.297814,
                            38.708129
                        ],
                        [
                            -9.297784,
                            38.708081
                        ],
                        [
                            -9.297715,
                            38.708108
                        ],
                        [
                            -9.29764,
                            38.708118
                        ],
                        [
                            -9.297564,
                            38.708112
                        ],
                        [
                            -9.297491,
                            38.70809
                        ],
                        [
                            -9.297432,
                            38.708052
                        ],
                        [
                            -9.297365,
                            38.708091
                        ],
                        [
                            -9.297485,
                            38.708385
                        ],
                        [
                            -9.29754,
                            38.709285
                        ],
                        [
                            -9.297518,
                            38.709453
                        ],
                        [
                            -9.297481,
                            38.709561
                        ],
                        [
                            -9.297364,
                            38.709656
                        ],
                        [
                            -9.297362,
                            38.70984
                        ],
                        [
                            -9.297501,
                            38.709931
                        ],
                        [
                            -9.29777,
                            38.709844
                        ]
                    ]
                ]
            },
            "properties": {
                "color": "#a52714",
                "name": "Rua Dr. João Augusto Moreira Rato",
                "polygonId": "2000",
                "hasparkingpasses": "True",
                "isbillable": "True"
            },
            "id": "clxt4pji18hwc1lnrnw0egpo32000"
        },
        {
            "type": "Feature",
            "geometry": {
                "type": "Polygon",
                "coordinates": [
                    [
                        [
                            -9.324169,
                            38.68319
                        ],
                        [
                            -9.323883,
                            38.683034
                        ],
                        [
                            -9.32367,
                            38.682931
                        ],
                        [
                            -9.323489,
                            38.682847
                        ],
                        [
                            -9.323334,
                            38.682792
                        ],
                        [
                            -9.322815,
                            38.682619
                        ],
                        [
                            -9.322759,
                            38.682601
                        ],
                        [
                            -9.322243,
                            38.682447
                        ],
                        [
                            -9.321603,
                            38.682257
                        ],
                        [
                            -9.321452,
                            38.682157
                        ],
                        [
                            -9.321337,
                            38.682046
                        ],
                        [
                            -9.321278,
                            38.681941
                        ],
                        [
                            -9.321261,
                            38.681805
                        ],
                        [
                            -9.321339,
                            38.681807
                        ],
                        [
                            -9.32135,
                            38.681487
                        ],
                        [
                            -9.321038,
                            38.681477
                        ],
                        [
                            -9.321016,
                            38.681759
                        ],
                        [
                            -9.321041,
                            38.681971
                        ],
                        [
                            -9.321145,
                            38.682159
                        ],
                        [
                            -9.321306,
                            38.682301
                        ],
                        [
                            -9.321518,
                            38.682429
                        ],
                        [
                            -9.322764,
                            38.682812
                        ],
                        [
                            -9.322791,
                            38.682761
                        ],
                        [
                            -9.322964,
                            38.682819
                        ],
                        [
                            -9.322939,
                            38.682867
                        ],
                        [
                            -9.323048,
                            38.682904
                        ],
                        [
                            -9.323376,
                            38.683014
                        ],
                        [
                            -9.323546,
                            38.683091
                        ],
                        [
                            -9.323772,
                            38.6832
                        ],
                        [
                            -9.324035,
                            38.683342
                        ],
                        [
                            -9.324169,
                            38.68319
                        ]
                    ]
                ]
            },
            "properties": {
                "color": "#097138",
                "name": "Rua da Medrosa",
                "polygonId": "2005",
                "hasparkingpasses": "False",
                "isbillable": "True"
            },
            "id": "clxt4pji18hwc1lnrnw0egpo32005"
        },
        {
            "type": "Feature",
            "geometry": {
                "type": "Polygon",
                "coordinates": [
                    [
                        [
                            -9.322815,
                            38.682619
                        ],
                        [
                            -9.323334,
                            38.682792
                        ],
                        [
                            -9.3237,
                            38.682134
                        ],
                        [
                            -9.323184,
                            38.681955
                        ],
                        [
                            -9.322815,
                            38.682619
                        ]
                    ]
                ]
            },
            "properties": {
                "color": "#097138",
                "name": "Rua Manuel Pinheiro",
                "polygonId": "2006",
                "hasparkingpasses": "False",
                "isbillable": "True"
            },
            "id": "clxt4pji18hwc1lnrnw0egpo32006"
        },
        {
            "type": "Feature",
            "geometry": {
                "type": "Polygon",
                "coordinates": [
                    [
                        [
                            -9.323122,
                            38.681934
                        ],
                        [
                            -9.32262,
                            38.68176
                        ],
                        [
                            -9.322243,
                            38.682447
                        ],
                        [
                            -9.322759,
                            38.682601
                        ],
                        [
                            -9.323122,
                            38.681934
                        ]
                    ]
                ]
            },
            "properties": {
                "color": "#097138",
                "name": "Rua António Galvão",
                "polygonId": "2007",
                "hasparkingpasses": "False",
                "isbillable": "True"
            },
            "id": "clxt4pji18hwc1lnrnw0egpo32007"
        },
        {
            "type": "Feature",
            "geometry": {
                "type": "Polygon",
                "coordinates": [
                    [
                        [
                            -9.300872,
                            38.702837
                        ],
                        [
                            -9.300659,
                            38.703038
                        ],
                        [
                            -9.301351,
                            38.703491
                        ],
                        [
                            -9.301894,
                            38.703644
                        ],
                        [
                            -9.302314,
                            38.703681
                        ],
                        [
                            -9.30279,
                            38.703604
                        ],
                        [
                            -9.30339,
                            38.703373
                        ],
                        [
                            -9.303759,
                            38.703075
                        ],
                        [
                            -9.304229,
                            38.702648
                        ],
                        [
                            -9.304607,
                            38.702227
                        ],
                        [
                            -9.3045,
                            38.702038
                        ],
                        [
                            -9.304732,
                            38.702066
                        ],
                        [
                            -9.304972,
                            38.701621
                        ],
                        [
                            -9.30513,
                            38.701246
                        ],
                        [
                            -9.305237,
                            38.700795
                        ],
                        [
                            -9.305268,
                            38.70053
                        ],
                        [
                            -9.3058,
                            38.700508
                        ],
                        [
                            -9.305789,
                            38.70031
                        ],
                        [
                            -9.30497,
                            38.70034
                        ],
                        [
                            -9.304942,
                            38.700787
                        ],
                        [
                            -9.304823,
                            38.700786
                        ],
                        [
                            -9.304741,
                            38.701228
                        ],
                        [
                            -9.304602,
                            38.701543
                        ],
                        [
                            -9.304383,
                            38.701928
                        ],
                        [
                            -9.304051,
                            38.702354
                        ],
                        [
                            -9.303472,
                            38.702887
                        ],
                        [
                            -9.30317,
                            38.703146
                        ],
                        [
                            -9.302641,
                            38.703356
                        ],
                        [
                            -9.302311,
                            38.703411
                        ],
                        [
                            -9.301906,
                            38.703375
                        ],
                        [
                            -9.301537,
                            38.703272
                        ],
                        [
                            -9.300872,
                            38.702837
                        ]
                    ]
                ]
            },
            "properties": {
                "color": "#956709",
                "name": "Rua Coro de Santo Amaro de Oeiras",
                "polygonId": "2008",
                "hasparkingpasses": "False",
                "isbillable": "True"
            },
            "id": "clxt4pji18hwc1lnrnw0egpo32008"
        },
        {
            "type": "Feature",
            "geometry": {
                "type": "Polygon",
                "coordinates": [
                    [
                        [
                            -9.30055,
                            38.69948
                        ],
                        [
                            -9.300371,
                            38.697619
                        ],
                        [
                            -9.30022,
                            38.697521
                        ],
                        [
                            -9.300022,
                            38.697527
                        ],
                        [
                            -9.300106,
                            38.698478
                        ],
                        [
                            -9.300239,
                            38.698586
                        ],
                        [
                            -9.300127,
                            38.698707
                        ],
                        [
                            -9.300196,
                            38.699494
                        ],
                        [
                            -9.300198,
                            38.699545
                        ],
                        [
                            -9.300189,
                            38.699596
                        ],
                        [
                            -9.300174,
                            38.699638
                        ],
                        [
                            -9.300147,
                            38.699678
                        ],
                        [
                            -9.300118,
                            38.699703
                        ],
                        [
                            -9.300083,
                            38.699723
                        ],
                        [
                            -9.30003,
                            38.69974
                        ],
                        [
                            -9.29998,
                            38.699746
                        ],
                        [
                            -9.299899,
                            38.699752
                        ],
                        [
                            -9.299912,
                            38.700025
                        ],
                        [
                            -9.300007,
                            38.700022
                        ],
                        [
                            -9.300122,
                            38.700005
                        ],
                        [
                            -9.300237,
                            38.699969
                        ],
                        [
                            -9.300339,
                            38.699918
                        ],
                        [
                            -9.30043,
                            38.699848
                        ],
                        [
                            -9.300488,
                            38.699761
                        ],
                        [
                            -9.30053,
                            38.699674
                        ],
                        [
                            -9.300547,
                            38.699573
                        ],
                        [
                            -9.30055,
                            38.69948
                        ]
                    ]
                ]
            },
            "properties": {
                "color": "#097138",
                "name": "Rua A Gazeta de Oeiras",
                "polygonId": "2009",
                "hasparkingpasses": "True",
                "isbillable": "True"
            },
            "id": "clxt4pji18hwc1lnrnw0egpo32009"
        },
        {
            "type": "Feature",
            "geometry": {
                "type": "Polygon",
                "coordinates": [
                    [
                        [
                            -9.300127,
                            38.698707
                        ],
                        [
                            -9.300239,
                            38.698586
                        ],
                        [
                            -9.300106,
                            38.698478
                        ],
                        [
                            -9.299882,
                            38.698489
                        ],
                        [
                            -9.299797,
                            38.697543
                        ],
                        [
                            -9.299288,
                            38.697406
                        ],
                        [
                            -9.299594,
                            38.698163
                        ],
                        [
                            -9.299675,
                            38.699137
                        ],
                        [
                            -9.299639,
                            38.699597
                        ],
                        [
                            -9.299974,
                            38.699578
                        ],
                        [
                            -9.299891,
                            38.698718
                        ],
                        [
                            -9.300127,
                            38.698707
                        ]
                    ]
                ]
            },
            "properties": {
                "color": "#097138",
                "name": "Rua Salette Tavares",
                "polygonId": "2010",
                "hasparkingpasses": "True",
                "isbillable": "True"
            },
            "id": "clxt4pji18hwc1lnrnw0egpo32010"
        },
        {
            "type": "Feature",
            "geometry": {
                "type": "Polygon",
                "coordinates": [
                    [
                        [
                            -9.296995,
                            38.697378
                        ],
                        [
                            -9.297036,
                            38.697579
                        ],
                        [
                            -9.298197,
                            38.697451
                        ],
                        [
                            -9.299171,
                            38.697304
                        ],
                        [
                            -9.300022,
                            38.697527
                        ],
                        [
                            -9.30022,
                            38.697521
                        ],
                        [
                            -9.300371,
                            38.697619
                        ],
                        [
                            -9.300623,
                            38.697685
                        ],
                        [
                            -9.300652,
                            38.697771
                        ],
                        [
                            -9.30069,
                            38.697819
                        ],
                        [
                            -9.30075,
                            38.697864
                        ],
                        [
                            -9.300846,
                            38.697889
                        ],
                        [
                            -9.300932,
                            38.697894
                        ],
                        [
                            -9.301021,
                            38.697875
                        ],
                        [
                            -9.301093,
                            38.697833
                        ],
                        [
                            -9.301233,
                            38.69785
                        ],
                        [
                            -9.302554,
                            38.697792
                        ],
                        [
                            -9.302539,
                            38.697567
                        ],
                        [
                            -9.301276,
                            38.697637
                        ],
                        [
                            -9.30114,
                            38.697619
                        ],
                        [
                            -9.301123,
                            38.697554
                        ],
                        [
                            -9.301076,
                            38.697508
                        ],
                        [
                            -9.301021,
                            38.697478
                        ],
                        [
                            -9.30095,
                            38.697462
                        ],
                        [
                            -9.300875,
                            38.697461
                        ],
                        [
                            -9.300807,
                            38.697472
                        ],
                        [
                            -9.300744,
                            38.697493
                        ],
                        [
                            -9.29929,
                            38.697115
                        ],
                        [
                            -9.29917,
                            38.697199
                        ],
                        [
                            -9.299,
                            38.697108
                        ],
                        [
                            -9.298155,
                            38.697246
                        ],
                        [
                            -9.296995,
                            38.697378
                        ]
                    ]
                ]
            },
            "properties": {
                "color": "#097138",
                "name": "Rua Carlos Vieira Ramos",
                "polygonId": "2011",
                "hasparkingpasses": "True",
                "isbillable": "True"
            },
            "id": "clxt4pji18hwc1lnrnw0egpo32011"
        },
        {
            "type": "Feature",
            "geometry": {
                "type": "Polygon",
                "coordinates": [
                    [
                        [
                            -9.304732,
                            38.702066
                        ],
                        [
                            -9.3045,
                            38.702038
                        ],
                        [
                            -9.304607,
                            38.702227
                        ],
                        [
                            -9.30496,
                            38.702365
                        ],
                        [
                            -9.305095,
                            38.70236
                        ],
                        [
                            -9.305225,
                            38.702286
                        ],
                        [
                            -9.30555,
                            38.701738
                        ],
                        [
                            -9.305663,
                            38.701368
                        ],
                        [
                            -9.305704,
                            38.701314
                        ],
                        [
                            -9.305767,
                            38.701025
                        ],
                        [
                            -9.305446,
                            38.701314
                        ],
                        [
                            -9.305328,
                            38.701684
                        ],
                        [
                            -9.305039,
                            38.702182
                        ],
                        [
                            -9.304732,
                            38.702066
                        ]
                    ]
                ]
            },
            "properties": {
                "color": "#956709",
                "name": "Rua Ruy Belo",
                "polygonId": "2012",
                "hasparkingpasses": "False",
                "isbillable": "True"
            },
            "id": "clxt4pji18hwc1lnrnw0egpo32012"
        },
        {
            "type": "Feature",
            "geometry": {
                "type": "Polygon",
                "coordinates": [
                    [
                        [
                            -9.29917,
                            38.697199
                        ],
                        [
                            -9.29929,
                            38.697115
                        ],
                        [
                            -9.299244,
                            38.69673
                        ],
                        [
                            -9.299501,
                            38.696204
                        ],
                        [
                            -9.299377,
                            38.696023
                        ],
                        [
                            -9.299012,
                            38.695884
                        ],
                        [
                            -9.298852,
                            38.695771
                        ],
                        [
                            -9.298793,
                            38.695854
                        ],
                        [
                            -9.298704,
                            38.695925
                        ],
                        [
                            -9.298897,
                            38.696055
                        ],
                        [
                            -9.2988,
                            38.696206
                        ],
                        [
                            -9.298227,
                            38.696251
                        ],
                        [
                            -9.298164,
                            38.696654
                        ],
                        [
                            -9.29862,
                            38.696651
                        ],
                        [
                            -9.298677,
                            38.697052
                        ],
                        [
                            -9.298991,
                            38.697031
                        ],
                        [
                            -9.299,
                            38.697108
                        ],
                        [
                            -9.29917,
                            38.697199
                        ]
                    ]
                ]
            },
            "properties": {
                "color": "#097138",
                "name": "Rua Actor António Sacramento",
                "polygonId": "2013",
                "hasparkingpasses": "True",
                "isbillable": "True"
            },
            "id": "clxt4pji18hwc1lnrnw0egpo32013"
        },
        {
            "type": "Feature",
            "geometry": {
                "type": "Polygon",
                "coordinates": [
                    [
                        [
                            -9.300947,
                            38.702825
                        ],
                        [
                            -9.302188,
                            38.701745
                        ],
                        [
                            -9.302584,
                            38.701391
                        ],
                        [
                            -9.302739,
                            38.701217
                        ],
                        [
                            -9.302866,
                            38.701039
                        ],
                        [
                            -9.303007,
                            38.70074
                        ],
                        [
                            -9.303084,
                            38.700377
                        ],
                        [
                            -9.30309,
                            38.699995
                        ],
                        [
                            -9.303024,
                            38.699215
                        ],
                        [
                            -9.302665,
                            38.699237
                        ],
                        [
                            -9.302748,
                            38.700015
                        ],
                        [
                            -9.302748,
                            38.700355
                        ],
                        [
                            -9.30267,
                            38.700688
                        ],
                        [
                            -9.302553,
                            38.700945
                        ],
                        [
                            -9.302466,
                            38.701089
                        ],
                        [
                            -9.302339,
                            38.701233
                        ],
                        [
                            -9.302059,
                            38.701499
                        ],
                        [
                            -9.300723,
                            38.70266
                        ],
                        [
                            -9.300947,
                            38.702825
                        ]
                    ]
                ]
            },
            "properties": {
                "color": "#097138",
                "name": "Rua São Salvador da Baía",
                "polygonId": "2014",
                "hasparkingpasses": "True",
                "isbillable": "True"
            },
            "id": "clxt4pji18hwc1lnrnw0egpo32014"
        },
        {
            "type": "Feature",
            "geometry": {
                "type": "Polygon",
                "coordinates": [
                    [
                        [
                            -9.30497,
                            38.70034
                        ],
                        [
                            -9.305789,
                            38.70031
                        ],
                        [
                            -9.305733,
                            38.699486
                        ],
                        [
                            -9.304327,
                            38.699547
                        ],
                        [
                            -9.304403,
                            38.700068
                        ],
                        [
                            -9.304488,
                            38.700562
                        ],
                        [
                            -9.304502,
                            38.701236
                        ],
                        [
                            -9.304741,
                            38.701228
                        ],
                        [
                            -9.304823,
                            38.700786
                        ],
                        [
                            -9.304942,
                            38.700787
                        ],
                        [
                            -9.30497,
                            38.70034
                        ]
                    ]
                ]
            },
            "properties": {
                "color": "#097138",
                "name": "Rua Coro de Santo Amaro de Oeiras (Bolsa)",
                "polygonId": "2015",
                "hasparkingpasses": "True",
                "isbillable": "True"
            },
            "id": "clxt4pji18hwc1lnrnw0egpo32015"
        },
        {
            "type": "Feature",
            "geometry": {
                "type": "Polygon",
                "coordinates": [
                    [
                        [
                            -9.295126,
                            38.709065
                        ],
                        [
                            -9.295133,
                            38.708778
                        ],
                        [
                            -9.29331,
                            38.708706
                        ],
                        [
                            -9.292769,
                            38.70876
                        ],
                        [
                            -9.29267,
                            38.70872
                        ],
                        [
                            -9.292576,
                            38.708705
                        ],
                        [
                            -9.292484,
                            38.708707
                        ],
                        [
                            -9.292406,
                            38.708738
                        ],
                        [
                            -9.292334,
                            38.708786
                        ],
                        [
                            -9.292294,
                            38.708849
                        ],
                        [
                            -9.29227,
                            38.70892
                        ],
                        [
                            -9.292213,
                            38.708984
                        ],
                        [
                            -9.291977,
                            38.709127
                        ],
                        [
                            -9.291693,
                            38.709398
                        ],
                        [
                            -9.291538,
                            38.709602
                        ],
                        [
                            -9.291249,
                            38.709994
                        ],
                        [
                            -9.291516,
                            38.710104
                        ],
                        [
                            -9.291806,
                            38.709686
                        ],
                        [
                            -9.29197,
                            38.70948
                        ],
                        [
                            -9.292271,
                            38.709244
                        ],
                        [
                            -9.292365,
                            38.709202
                        ],
                        [
                            -9.292475,
                            38.709183
                        ],
                        [
                            -9.292564,
                            38.709166
                        ],
                        [
                            -9.292674,
                            38.709134
                        ],
                        [
                            -9.29277,
                            38.709082
                        ],
                        [
                            -9.292829,
                            38.709016
                        ],
                        [
                            -9.292907,
                            38.708972
                        ],
                        [
                            -9.293343,
                            38.708913
                        ],
                        [
                            -9.294724,
                            38.708966
                        ],
                        [
                            -9.294724,
                            38.709056
                        ],
                        [
                            -9.295126,
                            38.709065
                        ]
                    ]
                ]
            },
            "properties": {
                "color": "#097138",
                "name": "Rua Calvet de Magalhães",
                "polygonId": "2017",
                "hasparkingpasses": "True",
                "isbillable": "True"
            },
            "id": "clxt4pji18hwc1lnrnw0egpo32017"
        },
        {
            "type": "Feature",
            "geometry": {
                "type": "Polygon",
                "coordinates": [
                    [
                        [
                            -9.295169,
                            38.709017
                        ],
                        [
                            -9.295171,
                            38.709486
                        ],
                        [
                            -9.295395,
                            38.709485
                        ],
                        [
                            -9.295371,
                            38.709017
                        ],
                        [
                            -9.295169,
                            38.709017
                        ]
                    ]
                ]
            },
            "properties": {
                "color": "#097138",
                "name": "Praça do Parque das Cidades",
                "polygonId": "2018",
                "hasparkingpasses": "True",
                "isbillable": "True"
            },
            "id": "clxt4pji18hwc1lnrnw0egpo32018"
        },
        {
            "type": "Feature",
            "geometry": {
                "type": "Polygon",
                "coordinates": [
                    [
                        [
                            -9.309955,
                            38.713853
                        ],
                        [
                            -9.310244,
                            38.713701
                        ],
                        [
                            -9.309445,
                            38.712785
                        ],
                        [
                            -9.309641,
                            38.712622
                        ],
                        [
                            -9.309909,
                            38.712538
                        ],
                        [
                            -9.311104,
                            38.713936
                        ],
                        [
                            -9.311392,
                            38.713791
                        ],
                        [
                            -9.311079,
                            38.713418
                        ],
                        [
                            -9.311611,
                            38.713148
                        ],
                        [
                            -9.311679,
                            38.713104
                        ],
                        [
                            -9.311712,
                            38.713057
                        ],
                        [
                            -9.31172,
                            38.712889
                        ],
                        [
                            -9.311663,
                            38.712329
                        ],
                        [
                            -9.31137,
                            38.712345
                        ],
                        [
                            -9.311303,
                            38.711612
                        ],
                        [
                            -9.311588,
                            38.711596
                        ],
                        [
                            -9.311554,
                            38.711302
                        ],
                        [
                            -9.311171,
                            38.711334
                        ],
                        [
                            -9.311122,
                            38.710995
                        ],
                        [
                            -9.310679,
                            38.711032
                        ],
                        [
                            -9.310848,
                            38.712429
                        ],
                        [
                            -9.311334,
                            38.713005
                        ],
                        [
                            -9.310894,
                            38.713232
                        ],
                        [
                            -9.309794,
                            38.711938
                        ],
                        [
                            -9.308773,
                            38.712505
                        ],
                        [
                            -9.309955,
                            38.713853
                        ]
                    ]
                ]
            },
            "properties": {
                "color": "#a52714",
                "name": "Zona Central",
                "polygonId": "2072",
                "hasparkingpasses": "False",
                "isbillable": "True"
            },
            "id": "clxt4pji18hwc1lnrnw0egpo32072"
        },
        {
            "type": "Feature",
            "geometry": {
                "type": "Polygon",
                "coordinates": [
                    [
                        [
                            -9.310362,
                            38.71432
                        ],
                        [
                            -9.310649,
                            38.714167
                        ],
                        [
                            -9.310263,
                            38.713724
                        ],
                        [
                            -9.309976,
                            38.713876
                        ],
                        [
                            -9.310362,
                            38.71432
                        ]
                    ]
                ]
            },
            "properties": {
                "color": "#ff2e0f",
                "name": "Zona Ed. 1",
                "polygonId": "2073",
                "hasparkingpasses": "False",
                "isbillable": "True"
            },
            "id": "clxt4pji18hwc1lnrnw0egpo32073"
        },
        {
            "type": "Feature",
            "geometry": {
                "type": "Polygon",
                "coordinates": [
                    [
                        [
                            -9.311484,
                            38.714465
                        ],
                        [
                            -9.311413,
                            38.714377
                        ],
                        [
                            -9.31099,
                            38.71461
                        ],
                        [
                            -9.311045,
                            38.714682
                        ],
                        [
                            -9.310959,
                            38.714722
                        ],
                        [
                            -9.310848,
                            38.714782
                        ],
                        [
                            -9.310891,
                            38.714832
                        ],
                        [
                            -9.311419,
                            38.714956
                        ],
                        [
                            -9.311484,
                            38.714465
                        ]
                    ]
                ]
            },
            "properties": {
                "color": "#a52714",
                "name": "Zona Ed. 6",
                "polygonId": "2074",
                "hasparkingpasses": "False",
                "isbillable": "True"
            },
            "id": "clxt4pji18hwc1lnrnw0egpo32074"
        },
        {
            "type": "Feature",
            "geometry": {
                "type": "Polygon",
                "coordinates": [
                    [
                        [
                            -9.305204,
                            38.739802
                        ],
                        [
                            -9.305453,
                            38.739606
                        ],
                        [
                            -9.304454,
                            38.738834
                        ],
                        [
                            -9.304209,
                            38.73903
                        ],
                        [
                            -9.305204,
                            38.739802
                        ]
                    ]
                ]
            },
            "properties": {
                "color": "#097138",
                "name": "Zona Poente",
                "polygonId": "2075",
                "hasparkingpasses": "False",
                "isbillable": "True"
            },
            "id": "clxt4pji18hwc1lnrnw0egpo32075"
        },
        {
            "type": "Feature",
            "geometry": {
                "type": "Polygon",
                "coordinates": [
                    [
                        [
                            -9.225157,
                            38.712715
                        ],
                        [
                            -9.224782,
                            38.713219
                        ],
                        [
                            -9.224481,
                            38.713294
                        ],
                        [
                            -9.223579,
                            38.713073
                        ],
                        [
                            -9.223459,
                            38.713393
                        ],
                        [
                            -9.224416,
                            38.713577
                        ],
                        [
                            -9.224946,
                            38.713377
                        ],
                        [
                            -9.225187,
                            38.712874
                        ],
                        [
                            -9.225157,
                            38.712715
                        ]
                    ]
                ]
            },
            "properties": {
                "color": "#956709",
                "name": "Rua Mário Cesariny",
                "polygonId": "2083",
                "hasparkingpasses": "False",
                "isbillable": "True"
            },
            "id": "clxt4pji18hwc1lnrnw0egpo32083"
        },
        {
            "type": "Feature",
            "geometry": {
                "type": "Polygon",
                "coordinates": [
                    [
                        [
                            -9.239358,
                            38.715416
                        ],
                        [
                            -9.238854,
                            38.714418
                        ],
                        [
                            -9.238136,
                            38.714524
                        ],
                        [
                            -9.238085,
                            38.71551
                        ],
                        [
                            -9.239358,
                            38.715416
                        ]
                    ]
                ]
            },
            "properties": {
                "color": "#097138",
                "name": "Parque Lusíadas",
                "polygonId": "2084",
                "hasparkingpasses": "True",
                "isbillable": "True"
            },
            "id": "clxt4pji18hwc1lnrnw0egpo32084"
        },
        {
            "type": "Feature",
            "geometry": {
                "type": "Polygon",
                "coordinates": [
                    [
                        [
                            -9.240077,
                            38.715302
                        ],
                        [
                            -9.240313,
                            38.715195
                        ],
                        [
                            -9.240202,
                            38.715039
                        ],
                        [
                            -9.239358,
                            38.715416
                        ],
                        [
                            -9.239607,
                            38.715936
                        ],
                        [
                            -9.239816,
                            38.715867
                        ],
                        [
                            -9.239635,
                            38.71549
                        ],
                        [
                            -9.240077,
                            38.715302
                        ]
                    ]
                ]
            },
            "properties": {
                "color": "#a52714",
                "name": "Rua Afonso Duarte",
                "polygonId": "2087",
                "hasparkingpasses": "True",
                "isbillable": "True"
            },
            "id": "clxt4pji18hwc1lnrnw0egpo32087"
        },
        {
            "type": "Feature",
            "geometry": {
                "type": "Polygon",
                "coordinates": [
                    [
                        [
                            -9.29721,
                            38.713155
                        ],
                        [
                            -9.297269,
                            38.71302
                        ],
                        [
                            -9.297289,
                            38.712956
                        ],
                        [
                            -9.297286,
                            38.712904
                        ],
                        [
                            -9.297274,
                            38.712841
                        ],
                        [
                            -9.297256,
                            38.712796
                        ],
                        [
                            -9.297224,
                            38.712733
                        ],
                        [
                            -9.297117,
                            38.712673
                        ],
                        [
                            -9.297035,
                            38.712894
                        ],
                        [
                            -9.296934,
                            38.712967
                        ],
                        [
                            -9.297131,
                            38.713132
                        ],
                        [
                            -9.29721,
                            38.713155
                        ]
                    ]
                ]
            },
            "properties": {
                "color": "#a52714",
                "name": "Bolsa EN 249-3",
                "polygonId": "2094",
                "hasparkingpasses": "False",
                "isbillable": "True"
            },
            "id": "clxt4pji18hwc1lnrnw0egpo32094"
        },
        {
            "type": "Feature",
            "geometry": {
                "type": "Polygon",
                "coordinates": [
                    [
                        [
                            -9.322964,
                            38.682819
                        ],
                        [
                            -9.322791,
                            38.682761
                        ],
                        [
                            -9.322764,
                            38.682812
                        ],
                        [
                            -9.322715,
                            38.682906
                        ],
                        [
                            -9.322641,
                            38.682883
                        ],
                        [
                            -9.322489,
                            38.683168
                        ],
                        [
                            -9.322544,
                            38.683187
                        ],
                        [
                            -9.322477,
                            38.683302
                        ],
                        [
                            -9.32241,
                            38.683419
                        ],
                        [
                            -9.322651,
                            38.683441
                        ],
                        [
                            -9.322735,
                            38.683285
                        ],
                        [
                            -9.322801,
                            38.683307
                        ],
                        [
                            -9.322874,
                            38.683168
                        ],
                        [
                            -9.322738,
                            38.683124
                        ],
                        [
                            -9.322786,
                            38.683039
                        ],
                        [
                            -9.322838,
                            38.683057
                        ],
                        [
                            -9.322939,
                            38.682867
                        ],
                        [
                            -9.322964,
                            38.682819
                        ]
                    ]
                ]
            },
            "properties": {
                "color": "#097138",
                "name": "Rua Tristão Vaz",
                "polygonId": "2121",
                "hasparkingpasses": "False",
                "isbillable": "True"
            },
            "id": "clxt4pji18hwc1lnrnw0egpo32121"
        },
        {
            "type": "Feature",
            "geometry": {
                "type": "Polygon",
                "coordinates": [
                    [
                        [
                            -9.322738,
                            38.683124
                        ],
                        [
                            -9.322874,
                            38.683168
                        ],
                        [
                            -9.322801,
                            38.683307
                        ],
                        [
                            -9.323068,
                            38.683396
                        ],
                        [
                            -9.323261,
                            38.683045
                        ],
                        [
                            -9.323016,
                            38.682961
                        ],
                        [
                            -9.323048,
                            38.682904
                        ],
                        [
                            -9.322939,
                            38.682867
                        ],
                        [
                            -9.322838,
                            38.683057
                        ],
                        [
                            -9.322786,
                            38.683039
                        ],
                        [
                            -9.322738,
                            38.683124
                        ]
                    ]
                ]
            },
            "properties": {
                "color": "#097138",
                "name": "Praceta Gonçalves Zarco",
                "polygonId": "2122",
                "hasparkingpasses": "False",
                "isbillable": "True"
            },
            "id": "clxt4pji18hwc1lnrnw0egpo32122"
        },
        {
            "type": "Feature",
            "geometry": {
                "type": "Polygon",
                "coordinates": [
                    [
                        [
                            -9.321937,
                            38.683392
                        ],
                        [
                            -9.322011,
                            38.683388
                        ],
                        [
                            -9.322124,
                            38.683341
                        ],
                        [
                            -9.32222,
                            38.683217
                        ],
                        [
                            -9.322477,
                            38.683302
                        ],
                        [
                            -9.322544,
                            38.683187
                        ],
                        [
                            -9.322489,
                            38.683168
                        ],
                        [
                            -9.322641,
                            38.682883
                        ],
                        [
                            -9.322202,
                            38.682741
                        ],
                        [
                            -9.321953,
                            38.683198
                        ],
                        [
                            -9.321937,
                            38.683392
                        ]
                    ]
                ]
            },
            "properties": {
                "color": "#097138",
                "name": "Rua da Madeira",
                "polygonId": "2123",
                "hasparkingpasses": "False",
                "isbillable": "True"
            },
            "id": "clxt4pji18hwc1lnrnw0egpo32123"
        },
        {
            "type": "Feature",
            "geometry": {
                "type": "Polygon",
                "coordinates": [
                    [
                        [
                            -9.322694,
                            38.683865
                        ],
                        [
                            -9.322959,
                            38.683962
                        ],
                        [
                            -9.323049,
                            38.683799
                        ],
                        [
                            -9.322907,
                            38.68375
                        ],
                        [
                            -9.322776,
                            38.683706
                        ],
                        [
                            -9.322694,
                            38.683865
                        ]
                    ]
                ]
            },
            "properties": {
                "color": "#097138",
                "name": "Praceta Valverde",
                "polygonId": "2124",
                "hasparkingpasses": "False",
                "isbillable": "True"
            },
            "id": "clxt4pji18hwc1lnrnw0egpo32124"
        },
        {
            "type": "Feature",
            "geometry": {
                "type": "Polygon",
                "coordinates": [
                    [
                        [
                            -9.322875,
                            38.684363
                        ],
                        [
                            -9.323111,
                            38.684434
                        ],
                        [
                            -9.323528,
                            38.684053
                        ],
                        [
                            -9.323283,
                            38.683909
                        ],
                        [
                            -9.323152,
                            38.684033
                        ],
                        [
                            -9.322959,
                            38.683962
                        ],
                        [
                            -9.322694,
                            38.683865
                        ],
                        [
                            -9.322776,
                            38.683706
                        ],
                        [
                            -9.322907,
                            38.68375
                        ],
                        [
                            -9.323018,
                            38.683559
                        ],
                        [
                            -9.322651,
                            38.683441
                        ],
                        [
                            -9.32241,
                            38.683419
                        ],
                        [
                            -9.32224,
                            38.683362
                        ],
                        [
                            -9.322099,
                            38.683621
                        ],
                        [
                            -9.322501,
                            38.683771
                        ],
                        [
                            -9.32235,
                            38.684059
                        ],
                        [
                            -9.322648,
                            38.684161
                        ],
                        [
                            -9.322522,
                            38.684383
                        ],
                        [
                            -9.322807,
                            38.684479
                        ],
                        [
                            -9.322875,
                            38.684363
                        ]
                    ]
                ]
            },
            "properties": {
                "color": "#097138",
                "name": "Rua da Batalha",
                "polygonId": "2125",
                "hasparkingpasses": "False",
                "isbillable": "True"
            },
            "id": "clxt4pji18hwc1lnrnw0egpo32125"
        },
        {
            "type": "Feature",
            "geometry": {
                "type": "Polygon",
                "coordinates": [
                    [
                        [
                            -9.236564,
                            38.712108
                        ],
                        [
                            -9.236841,
                            38.712292
                        ],
                        [
                            -9.238427,
                            38.710791
                        ],
                        [
                            -9.238125,
                            38.710602
                        ],
                        [
                            -9.236564,
                            38.712108
                        ]
                    ]
                ]
            },
            "properties": {
                "color": "#097138",
                "name": "Rua Domingos Fernandes",
                "polygonId": "2136",
                "hasparkingpasses": "True",
                "isbillable": "True"
            },
            "id": "clxt4pji18hwc1lnrnw0egpo32136"
        },
        {
            "type": "Feature",
            "geometry": {
                "type": "Polygon",
                "coordinates": [
                    [
                        [
                            -9.241679,
                            38.714775
                        ],
                        [
                            -9.241028,
                            38.713951
                        ],
                        [
                            -9.240264,
                            38.713275
                        ],
                        [
                            -9.240115,
                            38.713392
                        ],
                        [
                            -9.240234,
                            38.713502
                        ],
                        [
                            -9.240841,
                            38.714059
                        ],
                        [
                            -9.241506,
                            38.714894
                        ],
                        [
                            -9.241679,
                            38.714775
                        ]
                    ]
                ]
            },
            "properties": {
                "color": "#097138",
                "name": "Rua Luís de Camões",
                "polygonId": "2137",
                "hasparkingpasses": "True",
                "isbillable": "True"
            },
            "id": "clxt4pji18hwc1lnrnw0egpo32137"
        },
        {
            "type": "Feature",
            "geometry": {
                "type": "Polygon",
                "coordinates": [
                    [
                        [
                            -9.238779,
                            38.714288
                        ],
                        [
                            -9.238733,
                            38.714201
                        ],
                        [
                            -9.238651,
                            38.714062
                        ],
                        [
                            -9.238382,
                            38.713585
                        ],
                        [
                            -9.23829,
                            38.713336
                        ],
                        [
                            -9.238254,
                            38.713223
                        ],
                        [
                            -9.238216,
                            38.713114
                        ],
                        [
                            -9.23819,
                            38.713045
                        ],
                        [
                            -9.238036,
                            38.712814
                        ],
                        [
                            -9.237915,
                            38.71287
                        ],
                        [
                            -9.237845,
                            38.712777
                        ],
                        [
                            -9.237954,
                            38.712723
                        ],
                        [
                            -9.237899,
                            38.712646
                        ],
                        [
                            -9.237715,
                            38.712396
                        ],
                        [
                            -9.237414,
                            38.711759
                        ],
                        [
                            -9.237174,
                            38.711991
                        ],
                        [
                            -9.237403,
                            38.71252
                        ],
                        [
                            -9.237889,
                            38.713153
                        ],
                        [
                            -9.237982,
                            38.713412
                        ],
                        [
                            -9.238088,
                            38.713671
                        ],
                        [
                            -9.238249,
                            38.713622
                        ],
                        [
                            -9.238359,
                            38.71383
                        ],
                        [
                            -9.238197,
                            38.713882
                        ],
                        [
                            -9.238302,
                            38.714075
                        ],
                        [
                            -9.238408,
                            38.714268
                        ],
                        [
                            -9.238449,
                            38.714344
                        ],
                        [
                            -9.238779,
                            38.714288
                        ]
                    ]
                ]
            },
            "properties": {
                "color": "#a52714",
                "name": "Rua Estevão Lopes",
                "polygonId": "2138",
                "hasparkingpasses": "False",
                "isbillable": "True"
            },
            "id": "clxt4pji18hwc1lnrnw0egpo32138"
        },
        {
            "type": "Feature",
            "geometry": {
                "type": "Polygon",
                "coordinates": [
                    [
                        [
                            -9.238382,
                            38.713585
                        ],
                        [
                            -9.238706,
                            38.713494
                        ],
                        [
                            -9.238912,
                            38.713491
                        ],
                        [
                            -9.238979,
                            38.71353
                        ],
                        [
                            -9.239565,
                            38.713862
                        ],
                        [
                            -9.239688,
                            38.713747
                        ],
                        [
                            -9.238973,
                            38.713376
                        ],
                        [
                            -9.238783,
                            38.713331
                        ],
                        [
                            -9.238254,
                            38.713223
                        ],
                        [
                            -9.23829,
                            38.713336
                        ],
                        [
                            -9.238382,
                            38.713585
                        ]
                    ]
                ]
            },
            "properties": {
                "color": "#a52714",
                "name": "Rua Andrade Caminha",
                "polygonId": "2139",
                "hasparkingpasses": "False",
                "isbillable": "True"
            },
            "id": "clxt4pji18hwc1lnrnw0egpo32139"
        },
        {
            "type": "Feature",
            "geometry": {
                "type": "Polygon",
                "coordinates": [
                    [
                        [
                            -9.238408,
                            38.714268
                        ],
                        [
                            -9.238302,
                            38.714075
                        ],
                        [
                            -9.238197,
                            38.713882
                        ],
                        [
                            -9.238359,
                            38.71383
                        ],
                        [
                            -9.238249,
                            38.713622
                        ],
                        [
                            -9.238088,
                            38.713671
                        ],
                        [
                            -9.237841,
                            38.713741
                        ],
                        [
                            -9.237787,
                            38.71436
                        ],
                        [
                            -9.238408,
                            38.714268
                        ]
                    ]
                ]
            },
            "properties": {
                "color": "#a52714",
                "name": "Praceta Padre António de Andrade",
                "polygonId": "2140",
                "hasparkingpasses": "False",
                "isbillable": "True"
            },
            "id": "clxt4pji18hwc1lnrnw0egpo32140"
        },
        {
            "type": "Feature",
            "geometry": {
                "type": "Polygon",
                "coordinates": [
                    [
                        [
                            -9.237915,
                            38.71287
                        ],
                        [
                            -9.238036,
                            38.712814
                        ],
                        [
                            -9.23819,
                            38.713045
                        ],
                        [
                            -9.238216,
                            38.713114
                        ],
                        [
                            -9.238811,
                            38.713247
                        ],
                        [
                            -9.238783,
                            38.713331
                        ],
                        [
                            -9.238973,
                            38.713376
                        ],
                        [
                            -9.239059,
                            38.713153
                        ],
                        [
                            -9.238512,
                            38.713034
                        ],
                        [
                            -9.238193,
                            38.712516
                        ],
                        [
                            -9.237899,
                            38.712646
                        ],
                        [
                            -9.237954,
                            38.712723
                        ],
                        [
                            -9.237845,
                            38.712777
                        ],
                        [
                            -9.237915,
                            38.71287
                        ]
                    ]
                ]
            },
            "properties": {
                "color": "#a52714",
                "name": "Rua João da Nova",
                "polygonId": "2141",
                "hasparkingpasses": "False",
                "isbillable": "True"
            },
            "id": "clxt4pji18hwc1lnrnw0egpo32141"
        },
        {
            "type": "Feature",
            "geometry": {
                "type": "Polygon",
                "coordinates": [
                    [
                        [
                            -9.240234,
                            38.713502
                        ],
                        [
                            -9.240115,
                            38.713392
                        ],
                        [
                            -9.239688,
                            38.713747
                        ],
                        [
                            -9.239565,
                            38.713862
                        ],
                        [
                            -9.239211,
                            38.714164
                        ],
                        [
                            -9.238779,
                            38.714288
                        ],
                        [
                            -9.238449,
                            38.714344
                        ],
                        [
                            -9.237609,
                            38.714446
                        ],
                        [
                            -9.237564,
                            38.714672
                        ],
                        [
                            -9.237853,
                            38.714684
                        ],
                        [
                            -9.237897,
                            38.714541
                        ],
                        [
                            -9.238136,
                            38.714524
                        ],
                        [
                            -9.238854,
                            38.714418
                        ],
                        [
                            -9.239328,
                            38.714282
                        ],
                        [
                            -9.239645,
                            38.714
                        ],
                        [
                            -9.239832,
                            38.71383
                        ],
                        [
                            -9.240234,
                            38.713502
                        ]
                    ]
                ]
            },
            "properties": {
                "color": "#a52714",
                "name": "Rua dos Lusíadas",
                "polygonId": "2142",
                "hasparkingpasses": "False",
                "isbillable": "True"
            },
            "id": "clxt4pji18hwc1lnrnw0egpo32142"
        },
        {
            "type": "Feature",
            "geometry": {
                "type": "Polygon",
                "coordinates": [
                    [
                        [
                            -9.238733,
                            38.714201
                        ],
                        [
                            -9.239177,
                            38.713951
                        ],
                        [
                            -9.239063,
                            38.713692
                        ],
                        [
                            -9.238979,
                            38.71353
                        ],
                        [
                            -9.238912,
                            38.713491
                        ],
                        [
                            -9.238706,
                            38.713494
                        ],
                        [
                            -9.238919,
                            38.713912
                        ],
                        [
                            -9.238651,
                            38.714062
                        ],
                        [
                            -9.238733,
                            38.714201
                        ]
                    ]
                ]
            },
            "properties": {
                "color": "#a52714",
                "name": "Rua João de Lisboa",
                "polygonId": "2143",
                "hasparkingpasses": "False",
                "isbillable": "True"
            },
            "id": "clxt4pji18hwc1lnrnw0egpo32143"
        }
    ]
}