{
    "type": "FeatureCollection",
    "features": [
        {
            "type": "Feature",
            "geometry": {
                "type": "Polygon",
                "coordinates": [
                    [
                        [
                            -8.654653,
                            41.177533
                        ],
                        [
                            -8.644181,
                            41.169
                        ],
                        [
                            -8.641696,
                            41.170816
                        ],
                        [
                            -8.642392,
                            41.172644
                        ],
                        [
                            -8.64942,
                            41.178236
                        ],
                        [
                            -8.646647,
                            41.178717
                        ],
                        [
                            -8.64676,
                            41.179136
                        ],
                        [
                            -8.649889,
                            41.178609
                        ],
                        [
                            -8.654653,
                            41.177533
                        ]
                    ]
                ]
            },
            "properties": {
                "color": "#9c27b0",
                "name": "Z69 Zona Industrial",
                "polygonId": "2157",
                "hasparkingpasses": "False",
                "isbillable": "True"
            },
            "id": "clxt4pji18hwc1lnrnw0egpo32157"
        },
        {
            "type": "Feature",
            "geometry": {
                "type": "Polygon",
                "coordinates": [
                    [
                        [
                            -8.686936,
                            41.164482
                        ],
                        [
                            -8.684098,
                            41.159501
                        ],
                        [
                            -8.680475,
                            41.155209
                        ],
                        [
                            -8.678756,
                            41.156159
                        ],
                        [
                            -8.678325,
                            41.155604
                        ],
                        [
                            -8.677401,
                            41.156011
                        ],
                        [
                            -8.677761,
                            41.156365
                        ],
                        [
                            -8.676586,
                            41.156825
                        ],
                        [
                            -8.677738,
                            41.157793
                        ],
                        [
                            -8.678192,
                            41.158725
                        ],
                        [
                            -8.679979,
                            41.158046
                        ],
                        [
                            -8.681412,
                            41.159769
                        ],
                        [
                            -8.684497,
                            41.165278
                        ],
                        [
                            -8.686936,
                            41.164482
                        ]
                    ]
                ]
            },
            "properties": {
                "color": "#097138",
                "name": "Z59 (Verde)",
                "polygonId": "2353",
                "hasparkingpasses": "False",
                "isbillable": "True"
            },
            "id": "clxt4pji18hwc1lnrnw0egpo32353"
        },
        {
            "type": "Feature",
            "geometry": {
                "type": "Polygon",
                "coordinates": [
                    [
                        [
                            -8.616035,
                            41.16223
                        ],
                        [
                            -8.616221,
                            41.161242
                        ],
                        [
                            -8.615448,
                            41.161149
                        ],
                        [
                            -8.615235,
                            41.162123
                        ],
                        [
                            -8.616035,
                            41.16223
                        ]
                    ]
                ]
            },
            "properties": {
                "color": "#f5c840",
                "name": "Z40 Rua Alves Redol (Amarela, max: 4h)",
                "polygonId": "3156",
                "hasparkingpasses": "False",
                "isbillable": "True"
            },
            "id": "clxt4pji18hwc1lnrnw0egpo33156"
        },
        {
            "type": "Feature",
            "geometry": {
                "type": "Polygon",
                "coordinates": [
                    [
                        [
                            -8.61313,
                            41.16184
                        ],
                        [
                            -8.613309,
                            41.161159
                        ],
                        [
                            -8.612761,
                            41.161062
                        ],
                        [
                            -8.612583,
                            41.161758
                        ],
                        [
                            -8.61313,
                            41.16184
                        ]
                    ]
                ]
            },
            "properties": {
                "color": "#f5c840",
                "name": "Z40 Rua Cervantes (Amarela, max: 4h)",
                "polygonId": "3157",
                "hasparkingpasses": "False",
                "isbillable": "True"
            },
            "id": "clxt4pji18hwc1lnrnw0egpo33157"
        },
        {
            "type": "Feature",
            "geometry": {
                "type": "Polygon",
                "coordinates": [
                    [
                        [
                            -8.616221,
                            41.161242
                        ],
                        [
                            -8.616484,
                            41.15987
                        ],
                        [
                            -8.616279,
                            41.159378
                        ],
                        [
                            -8.615844,
                            41.15912
                        ],
                        [
                            -8.614972,
                            41.158954
                        ],
                        [
                            -8.614896,
                            41.159238
                        ],
                        [
                            -8.615691,
                            41.159386
                        ],
                        [
                            -8.615724,
                            41.159828
                        ],
                        [
                            -8.615448,
                            41.161149
                        ],
                        [
                            -8.616221,
                            41.161242
                        ]
                    ]
                ]
            },
            "properties": {
                "color": "#f5c840",
                "name": "Z39 Rua Alves Redol (Amarela, max: 4h)",
                "polygonId": "3158",
                "hasparkingpasses": "False",
                "isbillable": "True"
            },
            "id": "clxt4pji18hwc1lnrnw0egpo33158"
        },
        {
            "type": "Feature",
            "geometry": {
                "type": "Polygon",
                "coordinates": [
                    [
                        [
                            -8.613309,
                            41.161159
                        ],
                        [
                            -8.613423,
                            41.1602
                        ],
                        [
                            -8.614397,
                            41.159336
                        ],
                        [
                            -8.614495,
                            41.159082
                        ],
                        [
                            -8.614259,
                            41.159037
                        ],
                        [
                            -8.614461,
                            41.157765
                        ],
                        [
                            -8.614378,
                            41.157097
                        ],
                        [
                            -8.614237,
                            41.156992
                        ],
                        [
                            -8.614033,
                            41.1573
                        ],
                        [
                            -8.613964,
                            41.158046
                        ],
                        [
                            -8.613804,
                            41.159269
                        ],
                        [
                            -8.612837,
                            41.16015
                        ],
                        [
                            -8.612761,
                            41.161062
                        ],
                        [
                            -8.613309,
                            41.161159
                        ]
                    ]
                ]
            },
            "properties": {
                "color": "#f5c840",
                "name": "Z39 Rua Cervantes (Amarela, max: 4h)",
                "polygonId": "3159",
                "hasparkingpasses": "False",
                "isbillable": "True"
            },
            "id": "clxt4pji18hwc1lnrnw0egpo33159"
        },
        {
            "type": "Feature",
            "geometry": {
                "type": "Polygon",
                "coordinates": [
                    [
                        [
                            -8.598363,
                            41.154577
                        ],
                        [
                            -8.595686,
                            41.154779
                        ],
                        [
                            -8.594532,
                            41.156767
                        ],
                        [
                            -8.595326,
                            41.157263
                        ],
                        [
                            -8.596002,
                            41.15669
                        ],
                        [
                            -8.596298,
                            41.156952
                        ],
                        [
                            -8.596405,
                            41.156464
                        ],
                        [
                            -8.597081,
                            41.156072
                        ],
                        [
                            -8.597858,
                            41.156112
                        ],
                        [
                            -8.59832,
                            41.155418
                        ],
                        [
                            -8.598363,
                            41.154577
                        ]
                    ]
                ]
            },
            "properties": {
                "color": "#f5c840",
                "name": "Z29 Joaquim Urbano",
                "polygonId": "1235",
                "hasparkingpasses": "False",
                "isbillable": "True"
            },
            "id": "clxt4pji18hwc1lnrnw0egpo31235"
        },
        {
            "type": "Feature",
            "geometry": {
                "type": "Polygon",
                "coordinates": [
                    [
                        [
                            -8.612043,
                            41.149972
                        ],
                        [
                            -8.612208,
                            41.14599
                        ],
                        [
                            -8.61032,
                            41.14603
                        ],
                        [
                            -8.610245,
                            41.145925
                        ],
                        [
                            -8.60929,
                            41.145901
                        ],
                        [
                            -8.608378,
                            41.145772
                        ],
                        [
                            -8.606436,
                            41.149351
                        ],
                        [
                            -8.608024,
                            41.149763
                        ],
                        [
                            -8.610749,
                            41.150013
                        ],
                        [
                            -8.612043,
                            41.149972
                        ]
                    ]
                ]
            },
            "properties": {
                "color": "#A52714",
                "name": "Z01 Aliados",
                "polygonId": "1339",
                "hasparkingpasses": "False",
                "isbillable": "True"
            },
            "id": "clxt4pji18hwc1lnrnw0egpo31339"
        },
        {
            "type": "Feature",
            "geometry": {
                "type": "Polygon",
                "coordinates": [
                    [
                        [
                            -8.608378,
                            41.145772
                        ],
                        [
                            -8.608185,
                            41.145699
                        ],
                        [
                            -8.607886,
                            41.145642
                        ],
                        [
                            -8.607509,
                            41.145416
                        ],
                        [
                            -8.606511,
                            41.145917
                        ],
                        [
                            -8.605868,
                            41.145214
                        ],
                        [
                            -8.605239,
                            41.145665
                        ],
                        [
                            -8.605141,
                            41.145735
                        ],
                        [
                            -8.604342,
                            41.145409
                        ],
                        [
                            -8.603469,
                            41.145557
                        ],
                        [
                            -8.603163,
                            41.145598
                        ],
                        [
                            -8.601758,
                            41.145752
                        ],
                        [
                            -8.601962,
                            41.147089
                        ],
                        [
                            -8.601941,
                            41.147323
                        ],
                        [
                            -8.602091,
                            41.149028
                        ],
                        [
                            -8.602263,
                            41.151007
                        ],
                        [
                            -8.603733,
                            41.150958
                        ],
                        [
                            -8.604044,
                            41.150223
                        ],
                        [
                            -8.604623,
                            41.149625
                        ],
                        [
                            -8.605481,
                            41.149391
                        ],
                        [
                            -8.606436,
                            41.149351
                        ],
                        [
                            -8.608378,
                            41.145772
                        ]
                    ]
                ]
            },
            "properties": {
                "color": "#A52714",
                "name": "Z02 Batalha (Vermelha)",
                "polygonId": "1340",
                "hasparkingpasses": "False",
                "isbillable": "True"
            },
            "id": "clxt4pji18hwc1lnrnw0egpo31340"
        },
        {
            "type": "Feature",
            "geometry": {
                "type": "Polygon",
                "coordinates": [
                    [
                        [
                            -8.605868,
                            41.145214
                        ],
                        [
                            -8.606758,
                            41.144285
                        ],
                        [
                            -8.607638,
                            41.142863
                        ],
                        [
                            -8.608518,
                            41.141037
                        ],
                        [
                            -8.606608,
                            41.14149
                        ],
                        [
                            -8.605396,
                            41.141732
                        ],
                        [
                            -8.604763,
                            41.141797
                        ],
                        [
                            -8.604183,
                            41.141724
                        ],
                        [
                            -8.60311,
                            41.142136
                        ],
                        [
                            -8.602531,
                            41.142378
                        ],
                        [
                            -8.601834,
                            41.142758
                        ],
                        [
                            -8.601737,
                            41.142968
                        ],
                        [
                            -8.601876,
                            41.143324
                        ],
                        [
                            -8.601211,
                            41.143671
                        ],
                        [
                            -8.601319,
                            41.144479
                        ],
                        [
                            -8.601211,
                            41.144778
                        ],
                        [
                            -8.601351,
                            41.145303
                        ],
                        [
                            -8.601297,
                            41.145448
                        ],
                        [
                            -8.60186,
                            41.145658
                        ],
                        [
                            -8.602116,
                            41.145601
                        ],
                        [
                            -8.603152,
                            41.145488
                        ],
                        [
                            -8.604405,
                            41.145296
                        ],
                        [
                            -8.605239,
                            41.145665
                        ],
                        [
                            -8.605868,
                            41.145214
                        ]
                    ]
                ]
            },
            "properties": {
                "color": "#F5C840",
                "name": "Z03 Guindais",
                "polygonId": "1341",
                "hasparkingpasses": "False",
                "isbillable": "True"
            },
            "id": "clxt4pji18hwc1lnrnw0egpo31341"
        },
        {
            "type": "Feature",
            "geometry": {
                "type": "Polygon",
                "coordinates": [
                    [
                        [
                            -8.610245,
                            41.145925
                        ],
                        [
                            -8.610127,
                            41.144035
                        ],
                        [
                            -8.609757,
                            41.144204
                        ],
                        [
                            -8.60922,
                            41.144382
                        ],
                        [
                            -8.607909,
                            41.144422
                        ],
                        [
                            -8.607466,
                            41.144295
                        ],
                        [
                            -8.607241,
                            41.144614
                        ],
                        [
                            -8.607112,
                            41.14483
                        ],
                        [
                            -8.606077,
                            41.145244
                        ],
                        [
                            -8.605956,
                            41.145311
                        ],
                        [
                            -8.606511,
                            41.145917
                        ],
                        [
                            -8.607509,
                            41.145416
                        ],
                        [
                            -8.607886,
                            41.145642
                        ],
                        [
                            -8.608185,
                            41.145699
                        ],
                        [
                            -8.608378,
                            41.145772
                        ],
                        [
                            -8.60929,
                            41.145901
                        ],
                        [
                            -8.610245,
                            41.145925
                        ]
                    ]
                ]
            },
            "properties": {
                "color": "#A52714",
                "name": "Z04 Sé (Vermelha)",
                "polygonId": "1342",
                "hasparkingpasses": "False",
                "isbillable": "True"
            },
            "id": "clxt4pji18hwc1lnrnw0egpo31342"
        },
        {
            "type": "Feature",
            "geometry": {
                "type": "Polygon",
                "coordinates": [
                    [
                        [
                            -8.612208,
                            41.14599
                        ],
                        [
                            -8.612316,
                            41.145828
                        ],
                        [
                            -8.612273,
                            41.145562
                        ],
                        [
                            -8.61209,
                            41.14536
                        ],
                        [
                            -8.612359,
                            41.145109
                        ],
                        [
                            -8.612434,
                            41.144972
                        ],
                        [
                            -8.612348,
                            41.144568
                        ],
                        [
                            -8.613474,
                            41.14401
                        ],
                        [
                            -8.614569,
                            41.143396
                        ],
                        [
                            -8.614601,
                            41.143251
                        ],
                        [
                            -8.614698,
                            41.143122
                        ],
                        [
                            -8.614676,
                            41.14292
                        ],
                        [
                            -8.61415,
                            41.142766
                        ],
                        [
                            -8.613678,
                            41.142734
                        ],
                        [
                            -8.613507,
                            41.142855
                        ],
                        [
                            -8.613152,
                            41.142475
                        ],
                        [
                            -8.612884,
                            41.142306
                        ],
                        [
                            -8.612487,
                            41.142403
                        ],
                        [
                            -8.612176,
                            41.142451
                        ],
                        [
                            -8.611779,
                            41.1417
                        ],
                        [
                            -8.611468,
                            41.141635
                        ],
                        [
                            -8.611093,
                            41.141538
                        ],
                        [
                            -8.610749,
                            41.141595
                        ],
                        [
                            -8.61061,
                            41.141675
                        ],
                        [
                            -8.609994,
                            41.141581
                        ],
                        [
                            -8.610127,
                            41.144035
                        ],
                        [
                            -8.610245,
                            41.145925
                        ],
                        [
                            -8.61032,
                            41.14603
                        ],
                        [
                            -8.612208,
                            41.14599
                        ]
                    ]
                ]
            },
            "properties": {
                "color": "#A52714",
                "name": "Z05 Mouzinho da Silveira",
                "polygonId": "1343",
                "hasparkingpasses": "False",
                "isbillable": "True"
            },
            "id": "clxt4pji18hwc1lnrnw0egpo31343"
        },
        {
            "type": "Feature",
            "geometry": {
                "type": "Polygon",
                "coordinates": [
                    [
                        [
                            -8.609644,
                            41.140738
                        ],
                        [
                            -8.609988,
                            41.141482
                        ],
                        [
                            -8.609992,
                            41.14158
                        ],
                        [
                            -8.61061,
                            41.141675
                        ],
                        [
                            -8.610749,
                            41.141595
                        ],
                        [
                            -8.611093,
                            41.141538
                        ],
                        [
                            -8.611468,
                            41.141635
                        ],
                        [
                            -8.611779,
                            41.1417
                        ],
                        [
                            -8.612176,
                            41.142451
                        ],
                        [
                            -8.612487,
                            41.142403
                        ],
                        [
                            -8.612884,
                            41.142306
                        ],
                        [
                            -8.613152,
                            41.142475
                        ],
                        [
                            -8.613507,
                            41.142855
                        ],
                        [
                            -8.613678,
                            41.142734
                        ],
                        [
                            -8.61415,
                            41.142766
                        ],
                        [
                            -8.614676,
                            41.14292
                        ],
                        [
                            -8.615352,
                            41.143009
                        ],
                        [
                            -8.615931,
                            41.143041
                        ],
                        [
                            -8.616586,
                            41.142968
                        ],
                        [
                            -8.617144,
                            41.143186
                        ],
                        [
                            -8.617616,
                            41.143194
                        ],
                        [
                            -8.617609,
                            41.143106
                        ],
                        [
                            -8.617356,
                            41.142663
                        ],
                        [
                            -8.617086,
                            41.142519
                        ],
                        [
                            -8.617573,
                            41.142532
                        ],
                        [
                            -8.617691,
                            41.142459
                        ],
                        [
                            -8.617798,
                            41.142233
                        ],
                        [
                            -8.618088,
                            41.142176
                        ],
                        [
                            -8.618045,
                            41.141914
                        ],
                        [
                            -8.618109,
                            41.141522
                        ],
                        [
                            -8.618292,
                            41.141417
                        ],
                        [
                            -8.618614,
                            41.141045
                        ],
                        [
                            -8.616221,
                            41.140108
                        ],
                        [
                            -8.615658,
                            41.139971
                        ],
                        [
                            -8.614891,
                            41.139983
                        ],
                        [
                            -8.613984,
                            41.14016
                        ],
                        [
                            -8.612659,
                            41.140322
                        ],
                        [
                            -8.610041,
                            41.140714
                        ],
                        [
                            -8.609644,
                            41.140738
                        ]
                    ]
                ]
            },
            "properties": {
                "color": "#A52714",
                "name": "Z06 Ribeira",
                "polygonId": "1344",
                "hasparkingpasses": "False",
                "isbillable": "True"
            },
            "id": "clxt4pji18hwc1lnrnw0egpo31344"
        },
        {
            "type": "Feature",
            "geometry": {
                "type": "Polygon",
                "coordinates": [
                    [
                        [
                            -8.617601,
                            41.146146
                        ],
                        [
                            -8.617369,
                            41.145159
                        ],
                        [
                            -8.617295,
                            41.14485
                        ],
                        [
                            -8.617304,
                            41.144675
                        ],
                        [
                            -8.617422,
                            41.144442
                        ],
                        [
                            -8.618222,
                            41.143388
                        ],
                        [
                            -8.617616,
                            41.143194
                        ],
                        [
                            -8.617144,
                            41.143186
                        ],
                        [
                            -8.616586,
                            41.142968
                        ],
                        [
                            -8.615931,
                            41.143041
                        ],
                        [
                            -8.615352,
                            41.143009
                        ],
                        [
                            -8.614676,
                            41.14292
                        ],
                        [
                            -8.614698,
                            41.143122
                        ],
                        [
                            -8.614601,
                            41.143251
                        ],
                        [
                            -8.614569,
                            41.143396
                        ],
                        [
                            -8.613474,
                            41.14401
                        ],
                        [
                            -8.612348,
                            41.144568
                        ],
                        [
                            -8.612434,
                            41.144972
                        ],
                        [
                            -8.612359,
                            41.145109
                        ],
                        [
                            -8.61209,
                            41.14536
                        ],
                        [
                            -8.612273,
                            41.145562
                        ],
                        [
                            -8.612316,
                            41.145828
                        ],
                        [
                            -8.613228,
                            41.145772
                        ],
                        [
                            -8.613603,
                            41.145852
                        ],
                        [
                            -8.614762,
                            41.145558
                        ],
                        [
                            -8.616349,
                            41.146309
                        ],
                        [
                            -8.617601,
                            41.146146
                        ]
                    ]
                ]
            },
            "properties": {
                "color": "#A52714",
                "name": "Z07 Cordoaria",
                "polygonId": "1345",
                "hasparkingpasses": "False",
                "isbillable": "True"
            },
            "id": "clxt4pji18hwc1lnrnw0egpo31345"
        },
        {
            "type": "Feature",
            "geometry": {
                "type": "Polygon",
                "coordinates": [
                    [
                        [
                            -8.622584,
                            41.143265
                        ],
                        [
                            -8.619421,
                            41.141478
                        ],
                        [
                            -8.618614,
                            41.141045
                        ],
                        [
                            -8.618292,
                            41.141417
                        ],
                        [
                            -8.618109,
                            41.141522
                        ],
                        [
                            -8.618045,
                            41.141914
                        ],
                        [
                            -8.618088,
                            41.142176
                        ],
                        [
                            -8.617798,
                            41.142233
                        ],
                        [
                            -8.617691,
                            41.142459
                        ],
                        [
                            -8.617573,
                            41.142532
                        ],
                        [
                            -8.617086,
                            41.142519
                        ],
                        [
                            -8.617356,
                            41.142663
                        ],
                        [
                            -8.617609,
                            41.143106
                        ],
                        [
                            -8.617616,
                            41.143194
                        ],
                        [
                            -8.618222,
                            41.143388
                        ],
                        [
                            -8.617422,
                            41.144442
                        ],
                        [
                            -8.617304,
                            41.144675
                        ],
                        [
                            -8.617295,
                            41.14485
                        ],
                        [
                            -8.617601,
                            41.146146
                        ],
                        [
                            -8.6187,
                            41.146003
                        ],
                        [
                            -8.618431,
                            41.144799
                        ],
                        [
                            -8.618423,
                            41.144596
                        ],
                        [
                            -8.618817,
                            41.144508
                        ],
                        [
                            -8.618949,
                            41.144688
                        ],
                        [
                            -8.619319,
                            41.144661
                        ],
                        [
                            -8.619714,
                            41.144025
                        ],
                        [
                            -8.620132,
                            41.144065
                        ],
                        [
                            -8.621167,
                            41.143823
                        ],
                        [
                            -8.622584,
                            41.143265
                        ]
                    ]
                ]
            },
            "properties": {
                "color": "#A52714",
                "name": "Z08 Alfândega (Vermelha)",
                "polygonId": "1346",
                "hasparkingpasses": "False",
                "isbillable": "True"
            },
            "id": "clxt4pji18hwc1lnrnw0egpo31346"
        },
        {
            "type": "Feature",
            "geometry": {
                "type": "Polygon",
                "coordinates": [
                    [
                        [
                            -8.622935,
                            41.149427
                        ],
                        [
                            -8.622685,
                            41.147686
                        ],
                        [
                            -8.621966,
                            41.147484
                        ],
                        [
                            -8.621086,
                            41.147319
                        ],
                        [
                            -8.620542,
                            41.14725
                        ],
                        [
                            -8.620389,
                            41.146338
                        ],
                        [
                            -8.620245,
                            41.145808
                        ],
                        [
                            -8.620115,
                            41.145633
                        ],
                        [
                            -8.619682,
                            41.145882
                        ],
                        [
                            -8.6187,
                            41.146003
                        ],
                        [
                            -8.617601,
                            41.146146
                        ],
                        [
                            -8.618056,
                            41.148147
                        ],
                        [
                            -8.617691,
                            41.149165
                        ],
                        [
                            -8.617562,
                            41.149197
                        ],
                        [
                            -8.617798,
                            41.150118
                        ],
                        [
                            -8.622935,
                            41.149427
                        ]
                    ]
                ]
            },
            "properties": {
                "color": "#A52714",
                "name": "Z09 H.S. António (Vermelha)",
                "polygonId": "1347",
                "hasparkingpasses": "False",
                "isbillable": "True"
            },
            "id": "clxt4pji18hwc1lnrnw0egpo31347"
        },
        {
            "type": "Feature",
            "geometry": {
                "type": "Polygon",
                "coordinates": [
                    [
                        [
                            -8.617562,
                            41.149197
                        ],
                        [
                            -8.617691,
                            41.149165
                        ],
                        [
                            -8.618056,
                            41.148147
                        ],
                        [
                            -8.617601,
                            41.146146
                        ],
                        [
                            -8.616349,
                            41.146309
                        ],
                        [
                            -8.614762,
                            41.145558
                        ],
                        [
                            -8.613603,
                            41.145852
                        ],
                        [
                            -8.613228,
                            41.145772
                        ],
                        [
                            -8.612316,
                            41.145828
                        ],
                        [
                            -8.612208,
                            41.14599
                        ],
                        [
                            -8.612043,
                            41.149972
                        ],
                        [
                            -8.612031,
                            41.15026
                        ],
                        [
                            -8.613034,
                            41.150021
                        ],
                        [
                            -8.614805,
                            41.149973
                        ],
                        [
                            -8.616575,
                            41.149593
                        ],
                        [
                            -8.616457,
                            41.149335
                        ],
                        [
                            -8.617562,
                            41.149197
                        ]
                    ]
                ]
            },
            "properties": {
                "color": "#A52714",
                "name": "Z10 Carlos Alberto",
                "polygonId": "1348",
                "hasparkingpasses": "False",
                "isbillable": "True"
            },
            "id": "clxt4pji18hwc1lnrnw0egpo31348"
        },
        {
            "type": "Feature",
            "geometry": {
                "type": "Polygon",
                "coordinates": [
                    [
                        [
                            -8.621296,
                            41.151685
                        ],
                        [
                            -8.62313,
                            41.150716
                        ],
                        [
                            -8.622935,
                            41.149427
                        ],
                        [
                            -8.617798,
                            41.150118
                        ],
                        [
                            -8.617562,
                            41.149197
                        ],
                        [
                            -8.616457,
                            41.149335
                        ],
                        [
                            -8.616575,
                            41.149593
                        ],
                        [
                            -8.614805,
                            41.149973
                        ],
                        [
                            -8.613034,
                            41.150021
                        ],
                        [
                            -8.612031,
                            41.15026
                        ],
                        [
                            -8.611822,
                            41.154149
                        ],
                        [
                            -8.611884,
                            41.155137
                        ],
                        [
                            -8.613249,
                            41.155159
                        ],
                        [
                            -8.613356,
                            41.152865
                        ],
                        [
                            -8.617852,
                            41.152437
                        ],
                        [
                            -8.617702,
                            41.152235
                        ],
                        [
                            -8.620738,
                            41.152598
                        ],
                        [
                            -8.621296,
                            41.151685
                        ]
                    ]
                ]
            },
            "properties": {
                "color": "#A52714",
                "name": "Z11 Cedofeita",
                "polygonId": "1349",
                "hasparkingpasses": "False",
                "isbillable": "True"
            },
            "id": "clxt4pji18hwc1lnrnw0egpo31349"
        },
        {
            "type": "Feature",
            "geometry": {
                "type": "Polygon",
                "coordinates": [
                    [
                        [
                            -8.612043,
                            41.149972
                        ],
                        [
                            -8.610749,
                            41.150013
                        ],
                        [
                            -8.608024,
                            41.149763
                        ],
                        [
                            -8.607552,
                            41.151055
                        ],
                        [
                            -8.607155,
                            41.152106
                        ],
                        [
                            -8.606898,
                            41.152518
                        ],
                        [
                            -8.606855,
                            41.153115
                        ],
                        [
                            -8.607091,
                            41.153422
                        ],
                        [
                            -8.607466,
                            41.153826
                        ],
                        [
                            -8.60811,
                            41.154117
                        ],
                        [
                            -8.609279,
                            41.154109
                        ],
                        [
                            -8.611822,
                            41.154149
                        ],
                        [
                            -8.612043,
                            41.149972
                        ]
                    ]
                ]
            },
            "properties": {
                "color": "#A52714",
                "name": "Z12 Trindade",
                "polygonId": "1350",
                "hasparkingpasses": "False",
                "isbillable": "True"
            },
            "id": "clxt4pji18hwc1lnrnw0egpo31350"
        },
        {
            "type": "Feature",
            "geometry": {
                "type": "Polygon",
                "coordinates": [
                    [
                        [
                            -8.60811,
                            41.154117
                        ],
                        [
                            -8.607466,
                            41.153826
                        ],
                        [
                            -8.606855,
                            41.153115
                        ],
                        [
                            -8.606898,
                            41.152518
                        ],
                        [
                            -8.607155,
                            41.152106
                        ],
                        [
                            -8.608024,
                            41.149763
                        ],
                        [
                            -8.606436,
                            41.149351
                        ],
                        [
                            -8.605481,
                            41.149391
                        ],
                        [
                            -8.604623,
                            41.149625
                        ],
                        [
                            -8.604044,
                            41.150223
                        ],
                        [
                            -8.603733,
                            41.150958
                        ],
                        [
                            -8.60429,
                            41.150966
                        ],
                        [
                            -8.604312,
                            41.151419
                        ],
                        [
                            -8.604071,
                            41.152235
                        ],
                        [
                            -8.603658,
                            41.153277
                        ],
                        [
                            -8.603765,
                            41.153576
                        ],
                        [
                            -8.60326,
                            41.154537
                        ],
                        [
                            -8.605299,
                            41.154779
                        ],
                        [
                            -8.60811,
                            41.154117
                        ]
                    ]
                ]
            },
            "properties": {
                "color": "#A52714",
                "name": "Z13 Bolhão",
                "polygonId": "1351",
                "hasparkingpasses": "False",
                "isbillable": "True"
            },
            "id": "clxt4pji18hwc1lnrnw0egpo31351"
        },
        {
            "type": "Feature",
            "geometry": {
                "type": "Polygon",
                "coordinates": [
                    [
                        [
                            -8.620877,
                            41.152631
                        ],
                        [
                            -8.620738,
                            41.152598
                        ],
                        [
                            -8.617702,
                            41.152235
                        ],
                        [
                            -8.617852,
                            41.152437
                        ],
                        [
                            -8.613356,
                            41.152865
                        ],
                        [
                            -8.613249,
                            41.155159
                        ],
                        [
                            -8.611884,
                            41.155137
                        ],
                        [
                            -8.611854,
                            41.156758
                        ],
                        [
                            -8.613174,
                            41.156862
                        ],
                        [
                            -8.613424,
                            41.156027
                        ],
                        [
                            -8.613534,
                            41.155468
                        ],
                        [
                            -8.614167,
                            41.155542
                        ],
                        [
                            -8.616028,
                            41.155848
                        ],
                        [
                            -8.617916,
                            41.156154
                        ],
                        [
                            -8.619314,
                            41.156383
                        ],
                        [
                            -8.620706,
                            41.156694
                        ],
                        [
                            -8.62106,
                            41.153317
                        ],
                        [
                            -8.620877,
                            41.152631
                        ]
                    ]
                ]
            },
            "properties": {
                "color": "#A52714",
                "name": "Z14 Álvares Cabral (Vermelha)",
                "polygonId": "1352",
                "hasparkingpasses": "False",
                "isbillable": "True"
            },
            "id": "clxt4pji18hwc1lnrnw0egpo31352"
        },
        {
            "type": "Feature",
            "geometry": {
                "type": "Polygon",
                "coordinates": [
                    [
                        [
                            -8.603658,
                            41.153277
                        ],
                        [
                            -8.604071,
                            41.152235
                        ],
                        [
                            -8.604312,
                            41.151419
                        ],
                        [
                            -8.60429,
                            41.150966
                        ],
                        [
                            -8.603733,
                            41.150958
                        ],
                        [
                            -8.602263,
                            41.151007
                        ],
                        [
                            -8.601941,
                            41.147323
                        ],
                        [
                            -8.601962,
                            41.147089
                        ],
                        [
                            -8.601843,
                            41.14631
                        ],
                        [
                            -8.600438,
                            41.146762
                        ],
                        [
                            -8.599239,
                            41.147533
                        ],
                        [
                            -8.599033,
                            41.14771
                        ],
                        [
                            -8.59839,
                            41.148276
                        ],
                        [
                            -8.598695,
                            41.148498
                        ],
                        [
                            -8.600375,
                            41.148826
                        ],
                        [
                            -8.600021,
                            41.151211
                        ],
                        [
                            -8.599628,
                            41.153412
                        ],
                        [
                            -8.601662,
                            41.153495
                        ],
                        [
                            -8.603378,
                            41.153398
                        ],
                        [
                            -8.603658,
                            41.153277
                        ]
                    ]
                ]
            },
            "properties": {
                "color": "#A52714",
                "name": "Z15 Campo 24 Agosto (Vermelha)",
                "polygonId": "1353",
                "hasparkingpasses": "False",
                "isbillable": "True"
            },
            "id": "clxt4pji18hwc1lnrnw0egpo31353"
        },
        {
            "type": "Feature",
            "geometry": {
                "type": "Polygon",
                "coordinates": [
                    [
                        [
                            -8.598411,
                            41.153422
                        ],
                        [
                            -8.599628,
                            41.153412
                        ],
                        [
                            -8.598229,
                            41.150288
                        ],
                        [
                            -8.596759,
                            41.150191
                        ],
                        [
                            -8.59796,
                            41.148397
                        ],
                        [
                            -8.597446,
                            41.14809
                        ],
                        [
                            -8.595375,
                            41.148551
                        ],
                        [
                            -8.59427,
                            41.147888
                        ],
                        [
                            -8.592252,
                            41.148071
                        ],
                        [
                            -8.590332,
                            41.148244
                        ],
                        [
                            -8.589377,
                            41.148486
                        ],
                        [
                            -8.588776,
                            41.14884
                        ],
                        [
                            -8.588176,
                            41.149197
                        ],
                        [
                            -8.588231,
                            41.149211
                        ],
                        [
                            -8.588675,
                            41.149337
                        ],
                        [
                            -8.589187,
                            41.149481
                        ],
                        [
                            -8.589696,
                            41.149625
                        ],
                        [
                            -8.590198,
                            41.149767
                        ],
                        [
                            -8.590204,
                            41.15007
                        ],
                        [
                            -8.590364,
                            41.150304
                        ],
                        [
                            -8.590407,
                            41.150829
                        ],
                        [
                            -8.590472,
                            41.151831
                        ],
                        [
                            -8.590804,
                            41.152146
                        ],
                        [
                            -8.590987,
                            41.152639
                        ],
                        [
                            -8.591223,
                            41.152736
                        ],
                        [
                            -8.591652,
                            41.152808
                        ],
                        [
                            -8.59118,
                            41.153301
                        ],
                        [
                            -8.59104,
                            41.153616
                        ],
                        [
                            -8.591094,
                            41.154828
                        ],
                        [
                            -8.595415,
                            41.154737
                        ],
                        [
                            -8.597884,
                            41.150367
                        ],
                        [
                            -8.598207,
                            41.150393
                        ],
                        [
                            -8.596987,
                            41.1526
                        ],
                        [
                            -8.595686,
                            41.154779
                        ],
                        [
                            -8.598363,
                            41.154577
                        ],
                        [
                            -8.598411,
                            41.153422
                        ]
                    ]
                ]
            },
            "properties": {
                "color": "#F5C840",
                "name": "Z16 Bonfim",
                "polygonId": "1354",
                "hasparkingpasses": "False",
                "isbillable": "True"
            },
            "id": "clxt4pji18hwc1lnrnw0egpo31354"
        },
        {
            "type": "Feature",
            "geometry": {
                "type": "Polygon",
                "coordinates": [
                    [
                        [
                            -8.59118,
                            41.155547
                        ],
                        [
                            -8.591094,
                            41.154828
                        ],
                        [
                            -8.59104,
                            41.153616
                        ],
                        [
                            -8.59118,
                            41.153301
                        ],
                        [
                            -8.591652,
                            41.152808
                        ],
                        [
                            -8.591223,
                            41.152736
                        ],
                        [
                            -8.590987,
                            41.152639
                        ],
                        [
                            -8.590804,
                            41.152146
                        ],
                        [
                            -8.590472,
                            41.151831
                        ],
                        [
                            -8.590364,
                            41.150304
                        ],
                        [
                            -8.590204,
                            41.15007
                        ],
                        [
                            -8.588004,
                            41.149456
                        ],
                        [
                            -8.586443,
                            41.149019
                        ],
                        [
                            -8.5833,
                            41.148107
                        ],
                        [
                            -8.583122,
                            41.149613
                        ],
                        [
                            -8.582661,
                            41.150312
                        ],
                        [
                            -8.57948,
                            41.150853
                        ],
                        [
                            -8.580194,
                            41.151685
                        ],
                        [
                            -8.580365,
                            41.152114
                        ],
                        [
                            -8.581433,
                            41.153006
                        ],
                        [
                            -8.582141,
                            41.153951
                        ],
                        [
                            -8.582457,
                            41.154602
                        ],
                        [
                            -8.582886,
                            41.154586
                        ],
                        [
                            -8.583938,
                            41.155321
                        ],
                        [
                            -8.585451,
                            41.154949
                        ],
                        [
                            -8.585837,
                            41.15444
                        ],
                        [
                            -8.587242,
                            41.15339
                        ],
                        [
                            -8.589774,
                            41.155563
                        ],
                        [
                            -8.59118,
                            41.155547
                        ]
                    ]
                ]
            },
            "properties": {
                "color": "#F5C840",
                "name": "Z17 Bonjóia (Amarela, max: 2h)",
                "polygonId": "1355",
                "hasparkingpasses": "False",
                "isbillable": "True"
            },
            "id": "clxt4pji18hwc1lnrnw0egpo31355"
        },
        {
            "type": "Feature",
            "geometry": {
                "type": "Polygon",
                "coordinates": [
                    [
                        [
                            -8.586022,
                            41.148896
                        ],
                        [
                            -8.586443,
                            41.149019
                        ],
                        [
                            -8.58655,
                            41.148777
                        ],
                        [
                            -8.588126,
                            41.149184
                        ],
                        [
                            -8.589056,
                            41.14725
                        ],
                        [
                            -8.588948,
                            41.146887
                        ],
                        [
                            -8.588186,
                            41.14658
                        ],
                        [
                            -8.587897,
                            41.146588
                        ],
                        [
                            -8.587564,
                            41.146111
                        ],
                        [
                            -8.587618,
                            41.145788
                        ],
                        [
                            -8.587554,
                            41.145699
                        ],
                        [
                            -8.587296,
                            41.145634
                        ],
                        [
                            -8.587436,
                            41.145255
                        ],
                        [
                            -8.58765,
                            41.145125
                        ],
                        [
                            -8.587425,
                            41.14477
                        ],
                        [
                            -8.587253,
                            41.144277
                        ],
                        [
                            -8.587285,
                            41.143966
                        ],
                        [
                            -8.587226,
                            41.14376
                        ],
                        [
                            -8.587269,
                            41.14359
                        ],
                        [
                            -8.587156,
                            41.14338
                        ],
                        [
                            -8.587167,
                            41.143158
                        ],
                        [
                            -8.587124,
                            41.142992
                        ],
                        [
                            -8.587006,
                            41.142794
                        ],
                        [
                            -8.585939,
                            41.143344
                        ],
                        [
                            -8.585209,
                            41.143518
                        ],
                        [
                            -8.58389,
                            41.143574
                        ],
                        [
                            -8.582436,
                            41.143712
                        ],
                        [
                            -8.581824,
                            41.143675
                        ],
                        [
                            -8.580998,
                            41.143643
                        ],
                        [
                            -8.581041,
                            41.145764
                        ],
                        [
                            -8.580934,
                            41.14645
                        ],
                        [
                            -8.580601,
                            41.147129
                        ],
                        [
                            -8.579973,
                            41.147853
                        ],
                        [
                            -8.579185,
                            41.148761
                        ],
                        [
                            -8.578917,
                            41.149747
                        ],
                        [
                            -8.57948,
                            41.150853
                        ],
                        [
                            -8.582661,
                            41.150312
                        ],
                        [
                            -8.583122,
                            41.149613
                        ],
                        [
                            -8.5833,
                            41.148107
                        ],
                        [
                            -8.586022,
                            41.148896
                        ]
                    ]
                ]
            },
            "properties": {
                "color": "#F5C840",
                "name": "Z18 Noeda (Amarela)",
                "polygonId": "1356",
                "hasparkingpasses": "False",
                "isbillable": "True"
            },
            "id": "clxt4pji18hwc1lnrnw0egpo31356"
        },
        {
            "type": "Feature",
            "geometry": {
                "type": "Polygon",
                "coordinates": [
                    [
                        [
                            -8.587296,
                            41.145634
                        ],
                        [
                            -8.587554,
                            41.145699
                        ],
                        [
                            -8.587618,
                            41.145788
                        ],
                        [
                            -8.587564,
                            41.146111
                        ],
                        [
                            -8.587897,
                            41.146588
                        ],
                        [
                            -8.588186,
                            41.14658
                        ],
                        [
                            -8.588948,
                            41.146887
                        ],
                        [
                            -8.589056,
                            41.14725
                        ],
                        [
                            -8.588126,
                            41.149184
                        ],
                        [
                            -8.588176,
                            41.149197
                        ],
                        [
                            -8.589377,
                            41.148486
                        ],
                        [
                            -8.590332,
                            41.148244
                        ],
                        [
                            -8.591908,
                            41.148102
                        ],
                        [
                            -8.59427,
                            41.147888
                        ],
                        [
                            -8.595375,
                            41.148551
                        ],
                        [
                            -8.597446,
                            41.14809
                        ],
                        [
                            -8.595407,
                            41.146329
                        ],
                        [
                            -8.595546,
                            41.146135
                        ],
                        [
                            -8.595707,
                            41.146168
                        ],
                        [
                            -8.596351,
                            41.146127
                        ],
                        [
                            -8.595965,
                            41.14523
                        ],
                        [
                            -8.593669,
                            41.142176
                        ],
                        [
                            -8.590922,
                            41.14321
                        ],
                        [
                            -8.587296,
                            41.145634
                        ]
                    ]
                ]
            },
            "properties": {
                "color": "#F5C840",
                "name": "Z20 Soares dos Reis",
                "polygonId": "1357",
                "hasparkingpasses": "False",
                "isbillable": "True"
            },
            "id": "clxt4pji18hwc1lnrnw0egpo31357"
        },
        {
            "type": "Feature",
            "geometry": {
                "type": "Polygon",
                "coordinates": [
                    [
                        [
                            -8.596351,
                            41.146127
                        ],
                        [
                            -8.601772,
                            41.145854
                        ],
                        [
                            -8.601758,
                            41.145752
                        ],
                        [
                            -8.60186,
                            41.145658
                        ],
                        [
                            -8.601297,
                            41.145448
                        ],
                        [
                            -8.601351,
                            41.145303
                        ],
                        [
                            -8.601211,
                            41.144778
                        ],
                        [
                            -8.601319,
                            41.144479
                        ],
                        [
                            -8.601211,
                            41.143671
                        ],
                        [
                            -8.601876,
                            41.143324
                        ],
                        [
                            -8.601737,
                            41.142968
                        ],
                        [
                            -8.601834,
                            41.142758
                        ],
                        [
                            -8.602531,
                            41.142378
                        ],
                        [
                            -8.604183,
                            41.141724
                        ],
                        [
                            -8.601694,
                            41.141942
                        ],
                        [
                            -8.600321,
                            41.14195
                        ],
                        [
                            -8.599613,
                            41.141797
                        ],
                        [
                            -8.596373,
                            41.140375
                        ],
                        [
                            -8.595407,
                            41.141473
                        ],
                        [
                            -8.59516,
                            41.141619
                        ],
                        [
                            -8.593669,
                            41.142176
                        ],
                        [
                            -8.595965,
                            41.14523
                        ],
                        [
                            -8.596351,
                            41.146127
                        ]
                    ]
                ]
            },
            "properties": {
                "color": "#F5C840",
                "name": "Z21 Fontaínhas",
                "polygonId": "1358",
                "hasparkingpasses": "False",
                "isbillable": "True"
            },
            "id": "clxt4pji18hwc1lnrnw0egpo31358"
        },
        {
            "type": "Feature",
            "geometry": {
                "type": "Polygon",
                "coordinates": [
                    [
                        [
                            -8.598534,
                            41.158869
                        ],
                        [
                            -8.600106,
                            41.156952
                        ],
                        [
                            -8.601801,
                            41.155474
                        ],
                        [
                            -8.60326,
                            41.154537
                        ],
                        [
                            -8.603765,
                            41.153576
                        ],
                        [
                            -8.603658,
                            41.153277
                        ],
                        [
                            -8.603378,
                            41.153398
                        ],
                        [
                            -8.601662,
                            41.153495
                        ],
                        [
                            -8.599628,
                            41.153412
                        ],
                        [
                            -8.599176,
                            41.155404
                        ],
                        [
                            -8.598985,
                            41.156394
                        ],
                        [
                            -8.598534,
                            41.158869
                        ]
                    ]
                ]
            },
            "properties": {
                "color": "#A52714",
                "name": "Z22 Santos Pousada (Vermelha)",
                "polygonId": "1359",
                "hasparkingpasses": "False",
                "isbillable": "True"
            },
            "id": "clxt4pji18hwc1lnrnw0egpo31359"
        },
        {
            "type": "Feature",
            "geometry": {
                "type": "Polygon",
                "coordinates": [
                    [
                        [
                            -8.604623,
                            41.154699
                        ],
                        [
                            -8.60326,
                            41.154537
                        ],
                        [
                            -8.601737,
                            41.155522
                        ],
                        [
                            -8.600106,
                            41.156952
                        ],
                        [
                            -8.598534,
                            41.158869
                        ],
                        [
                            -8.600947,
                            41.159488
                        ],
                        [
                            -8.604387,
                            41.160385
                        ],
                        [
                            -8.604559,
                            41.157688
                        ],
                        [
                            -8.604623,
                            41.154699
                        ]
                    ]
                ]
            },
            "properties": {
                "color": "#A52714",
                "name": "Z23 Doze Casas",
                "polygonId": "1360",
                "hasparkingpasses": "False",
                "isbillable": "True"
            },
            "id": "clxt4pji18hwc1lnrnw0egpo31360"
        },
        {
            "type": "Feature",
            "geometry": {
                "type": "Polygon",
                "coordinates": [
                    [
                        [
                            -8.604387,
                            41.160385
                        ],
                        [
                            -8.600947,
                            41.159488
                        ],
                        [
                            -8.600235,
                            41.161444
                        ],
                        [
                            -8.599645,
                            41.161363
                        ],
                        [
                            -8.598486,
                            41.163705
                        ],
                        [
                            -8.598304,
                            41.163818
                        ],
                        [
                            -8.59893,
                            41.164448
                        ],
                        [
                            -8.598482,
                            41.165482
                        ],
                        [
                            -8.598733,
                            41.165543
                        ],
                        [
                            -8.599136,
                            41.16467
                        ],
                        [
                            -8.599666,
                            41.165167
                        ],
                        [
                            -8.600492,
                            41.164658
                        ],
                        [
                            -8.60402,
                            41.161906
                        ],
                        [
                            -8.60377,
                            41.161876
                        ],
                        [
                            -8.604387,
                            41.160385
                        ]
                    ]
                ]
            },
            "properties": {
                "color": "#A52714",
                "name": "Z24 Marquês",
                "polygonId": "1361",
                "hasparkingpasses": "False",
                "isbillable": "True"
            },
            "id": "clxt4pji18hwc1lnrnw0egpo31361"
        },
        {
            "type": "Feature",
            "geometry": {
                "type": "Polygon",
                "coordinates": [
                    [
                        [
                            -8.598304,
                            41.163818
                        ],
                        [
                            -8.598486,
                            41.163705
                        ],
                        [
                            -8.599645,
                            41.161363
                        ],
                        [
                            -8.600235,
                            41.161444
                        ],
                        [
                            -8.600947,
                            41.159488
                        ],
                        [
                            -8.598537,
                            41.158869
                        ],
                        [
                            -8.597906,
                            41.162076
                        ],
                        [
                            -8.597718,
                            41.163041
                        ],
                        [
                            -8.597561,
                            41.163715
                        ],
                        [
                            -8.598304,
                            41.163818
                        ]
                    ]
                ]
            },
            "properties": {
                "color": "#A52714",
                "name": "Z26 Francisco Sá Carneiro (Vermelha)",
                "polygonId": "1362",
                "hasparkingpasses": "False",
                "isbillable": "True"
            },
            "id": "clxt4pji18hwc1lnrnw0egpo31362"
        },
        {
            "type": "Feature",
            "geometry": {
                "type": "Polygon",
                "coordinates": [
                    [
                        [
                            -8.593184,
                            41.158623
                        ],
                        [
                            -8.592596,
                            41.158423
                        ],
                        [
                            -8.591899,
                            41.158988
                        ],
                        [
                            -8.591641,
                            41.158915
                        ],
                        [
                            -8.591298,
                            41.15894
                        ],
                        [
                            -8.588895,
                            41.160329
                        ],
                        [
                            -8.588433,
                            41.160668
                        ],
                        [
                            -8.587564,
                            41.161436
                        ],
                        [
                            -8.586202,
                            41.161977
                        ],
                        [
                            -8.585858,
                            41.16213
                        ],
                        [
                            -8.585815,
                            41.16108
                        ],
                        [
                            -8.585107,
                            41.160232
                        ],
                        [
                            -8.58427,
                            41.159343
                        ],
                        [
                            -8.583809,
                            41.159303
                        ],
                        [
                            -8.583434,
                            41.159666
                        ],
                        [
                            -8.582747,
                            41.15902
                        ],
                        [
                            -8.582436,
                            41.158956
                        ],
                        [
                            -8.581111,
                            41.162526
                        ],
                        [
                            -8.581159,
                            41.162946
                        ],
                        [
                            -8.581358,
                            41.16341
                        ],
                        [
                            -8.582441,
                            41.165304
                        ],
                        [
                            -8.582747,
                            41.165708
                        ],
                        [
                            -8.583267,
                            41.16616
                        ],
                        [
                            -8.583911,
                            41.166484
                        ],
                        [
                            -8.584748,
                            41.166633
                        ],
                        [
                            -8.585622,
                            41.166698
                        ],
                        [
                            -8.586218,
                            41.166778
                        ],
                        [
                            -8.587049,
                            41.16713
                        ],
                        [
                            -8.588095,
                            41.167085
                        ],
                        [
                            -8.589216,
                            41.164262
                        ],
                        [
                            -8.591402,
                            41.161647
                        ],
                        [
                            -8.593184,
                            41.158623
                        ]
                    ]
                ]
            },
            "properties": {
                "color": "#F5C840",
                "name": "Z27 Antas (Amarela)",
                "polygonId": "1363",
                "hasparkingpasses": "False",
                "isbillable": "True"
            },
            "id": "clxt4pji18hwc1lnrnw0egpo31363"
        },
        {
            "type": "Feature",
            "geometry": {
                "type": "Polygon",
                "coordinates": [
                    [
                        [
                            -8.623366,
                            41.162356
                        ],
                        [
                            -8.622444,
                            41.160507
                        ],
                        [
                            -8.621328,
                            41.160288
                        ],
                        [
                            -8.62106,
                            41.16007
                        ],
                        [
                            -8.617358,
                            41.160838
                        ],
                        [
                            -8.617208,
                            41.161395
                        ],
                        [
                            -8.616221,
                            41.161242
                        ],
                        [
                            -8.616035,
                            41.16223
                        ],
                        [
                            -8.615872,
                            41.163103
                        ],
                        [
                            -8.615524,
                            41.164965
                        ],
                        [
                            -8.618281,
                            41.165216
                        ],
                        [
                            -8.619815,
                            41.164941
                        ],
                        [
                            -8.619311,
                            41.165797
                        ],
                        [
                            -8.620394,
                            41.165829
                        ],
                        [
                            -8.620534,
                            41.165886
                        ],
                        [
                            -8.62092,
                            41.166346
                        ],
                        [
                            -8.621414,
                            41.167509
                        ],
                        [
                            -8.622744,
                            41.167501
                        ],
                        [
                            -8.623098,
                            41.167582
                        ],
                        [
                            -8.625169,
                            41.167073
                        ],
                        [
                            -8.625029,
                            41.165676
                        ],
                        [
                            -8.624431,
                            41.164485
                        ],
                        [
                            -8.62083,
                            41.164063
                        ],
                        [
                            -8.620872,
                            41.163806
                        ],
                        [
                            -8.624302,
                            41.164226
                        ],
                        [
                            -8.623366,
                            41.162356
                        ]
                    ]
                ]
            },
            "properties": {
                "color": "#F5C840",
                "name": "Z30 Ramada Alta (max: 2h)",
                "polygonId": "1364",
                "hasparkingpasses": "False",
                "isbillable": "True"
            },
            "id": "clxt4pji18hwc1lnrnw0egpo31364"
        },
        {
            "type": "Feature",
            "geometry": {
                "type": "Polygon",
                "coordinates": [
                    [
                        [
                            -8.608958,
                            41.163107
                        ],
                        [
                            -8.608958,
                            41.163035
                        ],
                        [
                            -8.609194,
                            41.162518
                        ],
                        [
                            -8.60402,
                            41.161906
                        ],
                        [
                            -8.600492,
                            41.164658
                        ],
                        [
                            -8.599666,
                            41.165167
                        ],
                        [
                            -8.599247,
                            41.165379
                        ],
                        [
                            -8.60105,
                            41.166936
                        ],
                        [
                            -8.602874,
                            41.167848
                        ],
                        [
                            -8.603014,
                            41.166782
                        ],
                        [
                            -8.603658,
                            41.167332
                        ],
                        [
                            -8.603861,
                            41.16864
                        ],
                        [
                            -8.605149,
                            41.169536
                        ],
                        [
                            -8.605986,
                            41.168737
                        ],
                        [
                            -8.607005,
                            41.168204
                        ],
                        [
                            -8.607595,
                            41.166968
                        ],
                        [
                            -8.606844,
                            41.166605
                        ],
                        [
                            -8.606844,
                            41.16566
                        ],
                        [
                            -8.607885,
                            41.165821
                        ],
                        [
                            -8.608756,
                            41.163615
                        ],
                        [
                            -8.608958,
                            41.163107
                        ]
                    ]
                ]
            },
            "properties": {
                "color": "#F5C840",
                "name": "Z36 Covelo",
                "polygonId": "1365",
                "hasparkingpasses": "False",
                "isbillable": "True"
            },
            "id": "clxt4pji18hwc1lnrnw0egpo31365"
        },
        {
            "type": "Feature",
            "geometry": {
                "type": "Polygon",
                "coordinates": [
                    [
                        [
                            -8.609194,
                            41.162518
                        ],
                        [
                            -8.609671,
                            41.160454
                        ],
                        [
                            -8.609942,
                            41.160513
                        ],
                        [
                            -8.609998,
                            41.160442
                        ],
                        [
                            -8.609301,
                            41.159352
                        ],
                        [
                            -8.604559,
                            41.157688
                        ],
                        [
                            -8.604387,
                            41.160385
                        ],
                        [
                            -8.60377,
                            41.161876
                        ],
                        [
                            -8.60402,
                            41.161906
                        ],
                        [
                            -8.609194,
                            41.162518
                        ]
                    ]
                ]
            },
            "properties": {
                "color": "#A52714",
                "name": "Z37 João Pedro Ribeiro",
                "polygonId": "1366",
                "hasparkingpasses": "False",
                "isbillable": "True"
            },
            "id": "clxt4pji18hwc1lnrnw0egpo31366"
        },
        {
            "type": "Feature",
            "geometry": {
                "type": "Polygon",
                "coordinates": [
                    [
                        [
                            -8.611854,
                            41.156758
                        ],
                        [
                            -8.611884,
                            41.155137
                        ],
                        [
                            -8.611822,
                            41.154149
                        ],
                        [
                            -8.609279,
                            41.154109
                        ],
                        [
                            -8.60811,
                            41.154117
                        ],
                        [
                            -8.605299,
                            41.154779
                        ],
                        [
                            -8.604623,
                            41.154699
                        ],
                        [
                            -8.604559,
                            41.157688
                        ],
                        [
                            -8.609301,
                            41.159352
                        ],
                        [
                            -8.609998,
                            41.160442
                        ],
                        [
                            -8.611371,
                            41.157074
                        ],
                        [
                            -8.611854,
                            41.156758
                        ]
                    ]
                ]
            },
            "properties": {
                "color": "#A52714",
                "name": "Z38 Bonjardim",
                "polygonId": "1367",
                "hasparkingpasses": "False",
                "isbillable": "True"
            },
            "id": "clxt4pji18hwc1lnrnw0egpo31367"
        },
        {
            "type": "Feature",
            "geometry": {
                "type": "Polygon",
                "coordinates": [
                    [
                        [
                            -8.611757,
                            41.16085
                        ],
                        [
                            -8.612444,
                            41.158253
                        ],
                        [
                            -8.613174,
                            41.156862
                        ],
                        [
                            -8.611854,
                            41.156758
                        ],
                        [
                            -8.611371,
                            41.157074
                        ],
                        [
                            -8.609998,
                            41.160442
                        ],
                        [
                            -8.609942,
                            41.160513
                        ],
                        [
                            -8.611757,
                            41.16085
                        ]
                    ]
                ]
            },
            "properties": {
                "color": "#A52714",
                "name": "Z39 Monte Cativo (Vermelha)",
                "polygonId": "1368",
                "hasparkingpasses": "False",
                "isbillable": "True"
            },
            "id": "clxt4pji18hwc1lnrnw0egpo31368"
        },
        {
            "type": "Feature",
            "geometry": {
                "type": "Polygon",
                "coordinates": [
                    [
                        [
                            -8.609194,
                            41.162518
                        ],
                        [
                            -8.611221,
                            41.162792
                        ],
                        [
                            -8.611757,
                            41.16085
                        ],
                        [
                            -8.609942,
                            41.160513
                        ],
                        [
                            -8.609671,
                            41.160454
                        ],
                        [
                            -8.609194,
                            41.162518
                        ]
                    ]
                ]
            },
            "properties": {
                "color": "#A52714",
                "name": "Z40 Constituição (Vermelha)",
                "polygonId": "1369",
                "hasparkingpasses": "False",
                "isbillable": "True"
            },
            "id": "clxt4pji18hwc1lnrnw0egpo31369"
        },
        {
            "type": "Feature",
            "geometry": {
                "type": "MultiPolygon",
                "coordinates": [
                    [
                        [
                            [
                                -8.620706,
                                41.156694
                            ],
                            [
                                -8.620578,
                                41.157135
                            ],
                            [
                                -8.62081,
                                41.157397
                            ],
                            [
                                -8.62108,
                                41.157556
                            ],
                            [
                                -8.624139,
                                41.159364
                            ],
                            [
                                -8.624235,
                                41.159521
                            ],
                            [
                                -8.624255,
                                41.159831
                            ],
                            [
                                -8.624257,
                                41.159909
                            ],
                            [
                                -8.627712,
                                41.158414
                            ],
                            [
                                -8.627701,
                                41.157639
                            ],
                            [
                                -8.620706,
                                41.156694
                            ]
                        ]
                    ],
                    [
                        [
                            [
                                -8.624267,
                                41.160105
                            ],
                            [
                                -8.624257,
                                41.159909
                            ],
                            [
                                -8.622291,
                                41.160475
                            ],
                            [
                                -8.622444,
                                41.160507
                            ],
                            [
                                -8.622492,
                                41.16061
                            ],
                            [
                                -8.624267,
                                41.160105
                            ]
                        ]
                    ]
                ]
            },
            "properties": {
                "color": "#A52714",
                "name": "Z42 Oliveira Monteiro (Vermelha)",
                "polygonId": "1370",
                "hasparkingpasses": "False",
                "isbillable": "True"
            },
            "id": "clxt4pji18hwc1lnrnw0egpo31370"
        },
        {
            "type": "Feature",
            "geometry": {
                "type": "Polygon",
                "coordinates": [
                    [
                        [
                            -8.631121,
                            41.161222
                        ],
                        [
                            -8.631558,
                            41.161028
                        ],
                        [
                            -8.632484,
                            41.162165
                        ],
                        [
                            -8.632669,
                            41.161989
                        ],
                        [
                            -8.633215,
                            41.161452
                        ],
                        [
                            -8.632926,
                            41.160668
                        ],
                        [
                            -8.634256,
                            41.160547
                        ],
                        [
                            -8.636112,
                            41.159747
                        ],
                        [
                            -8.635806,
                            41.158838
                        ],
                        [
                            -8.633226,
                            41.15839
                        ],
                        [
                            -8.632941,
                            41.158368
                        ],
                        [
                            -8.630426,
                            41.158067
                        ],
                        [
                            -8.630394,
                            41.157704
                        ],
                        [
                            -8.630179,
                            41.157332
                        ],
                        [
                            -8.629825,
                            41.157098
                        ],
                        [
                            -8.629407,
                            41.156969
                        ],
                        [
                            -8.628935,
                            41.156969
                        ],
                        [
                            -8.628506,
                            41.157066
                        ],
                        [
                            -8.627701,
                            41.157639
                        ],
                        [
                            -8.627712,
                            41.158414
                        ],
                        [
                            -8.624257,
                            41.159909
                        ],
                        [
                            -8.624262,
                            41.160066
                        ],
                        [
                            -8.628033,
                            41.160652
                        ],
                        [
                            -8.627896,
                            41.161802
                        ],
                        [
                            -8.627851,
                            41.162211
                        ],
                        [
                            -8.627918,
                            41.16228
                        ],
                        [
                            -8.628189,
                            41.162185
                        ],
                        [
                            -8.628487,
                            41.16217
                        ],
                        [
                            -8.629136,
                            41.162269
                        ],
                        [
                            -8.629286,
                            41.162237
                        ],
                        [
                            -8.629353,
                            41.162059
                        ],
                        [
                            -8.629482,
                            41.16195
                        ],
                        [
                            -8.630523,
                            41.161486
                        ],
                        [
                            -8.631121,
                            41.161222
                        ]
                    ]
                ]
            },
            "properties": {
                "color": "#A52714",
                "name": "Z43 Mouzinho de Albuquerque (Vermelha)",
                "polygonId": "1371",
                "hasparkingpasses": "False",
                "isbillable": "True"
            },
            "id": "clxt4pji18hwc1lnrnw0egpo31371"
        },
        {
            "type": "Feature",
            "geometry": {
                "type": "Polygon",
                "coordinates": [
                    [
                        [
                            -8.641635,
                            41.16019
                        ],
                        [
                            -8.644014,
                            41.160557
                        ],
                        [
                            -8.64406,
                            41.160432
                        ],
                        [
                            -8.644127,
                            41.160258
                        ],
                        [
                            -8.642174,
                            41.159939
                        ],
                        [
                            -8.641635,
                            41.16019
                        ]
                    ]
                ]
            },
            "properties": {
                "color": "#A52714",
                "name": "Z44 Bessa (Vermelha)",
                "polygonId": "1372",
                "hasparkingpasses": "False",
                "isbillable": "True"
            },
            "id": "clxt4pji18hwc1lnrnw0egpo31372"
        },
        {
            "type": "Feature",
            "geometry": {
                "type": "Polygon",
                "coordinates": [
                    [
                        [
                            -8.632484,
                            41.162165
                        ],
                        [
                            -8.633355,
                            41.163293
                        ],
                        [
                            -8.633594,
                            41.163174
                        ],
                        [
                            -8.632669,
                            41.161989
                        ],
                        [
                            -8.632484,
                            41.162165
                        ]
                    ]
                ]
            },
            "properties": {
                "color": "#A52714",
                "name": "Z45 Sidónio Pais (Vermelha)",
                "polygonId": "1373",
                "hasparkingpasses": "False",
                "isbillable": "True"
            },
            "id": "clxt4pji18hwc1lnrnw0egpo31373"
        },
        {
            "type": "Feature",
            "geometry": {
                "type": "Polygon",
                "coordinates": [
                    [
                        [
                            -8.627918,
                            41.16228
                        ],
                        [
                            -8.627851,
                            41.162211
                        ],
                        [
                            -8.627896,
                            41.1618
                        ],
                        [
                            -8.627762,
                            41.162187
                        ],
                        [
                            -8.627371,
                            41.163437
                        ],
                        [
                            -8.626974,
                            41.164606
                        ],
                        [
                            -8.627236,
                            41.164659
                        ],
                        [
                            -8.627918,
                            41.16228
                        ]
                    ]
                ]
            },
            "properties": {
                "color": "#A52714",
                "name": "Z47 Avenida de França (Vermelha)",
                "polygonId": "1374",
                "hasparkingpasses": "False",
                "isbillable": "True"
            },
            "id": "clxt4pji18hwc1lnrnw0egpo31374"
        },
        {
            "type": "Feature",
            "geometry": {
                "type": "MultiPolygon",
                "coordinates": [
                    [
                        [
                            [
                                -8.641777,
                                41.153826
                            ],
                            [
                                -8.641702,
                                41.15116
                            ],
                            [
                                -8.641264,
                                41.150611
                            ],
                            [
                                -8.640412,
                                41.150556
                            ],
                            [
                                -8.640238,
                                41.15068
                            ],
                            [
                                -8.64001,
                                41.150696
                            ],
                            [
                                -8.639122,
                                41.150617
                            ],
                            [
                                -8.639025,
                                41.151063
                            ],
                            [
                                -8.638829,
                                41.151047
                            ],
                            [
                                -8.638926,
                                41.150599
                            ],
                            [
                                -8.638143,
                                41.15051
                            ],
                            [
                                -8.638003,
                                41.150536
                            ],
                            [
                                -8.637778,
                                41.150445
                            ],
                            [
                                -8.637966,
                                41.15035
                            ],
                            [
                                -8.63818,
                                41.150318
                            ],
                            [
                                -8.638377,
                                41.14907
                            ],
                            [
                                -8.637797,
                                41.149042
                            ],
                            [
                                -8.637261,
                                41.149318
                            ],
                            [
                                -8.637008,
                                41.149834
                            ],
                            [
                                -8.63632,
                                41.150054
                            ],
                            [
                                -8.635844,
                                41.150005
                            ],
                            [
                                -8.634885,
                                41.14953
                            ],
                            [
                                -8.63442,
                                41.149583
                            ],
                            [
                                -8.633942,
                                41.149239
                            ],
                            [
                                -8.63363,
                                41.149283
                            ],
                            [
                                -8.633486,
                                41.149764
                            ],
                            [
                                -8.633512,
                                41.150408
                            ],
                            [
                                -8.633263,
                                41.150509
                            ],
                            [
                                -8.632863,
                                41.150468
                            ],
                            [
                                -8.631356,
                                41.150004
                            ],
                            [
                                -8.631047,
                                41.150044
                            ],
                            [
                                -8.630664,
                                41.149767
                            ],
                            [
                                -8.629246,
                                41.151463
                            ],
                            [
                                -8.630514,
                                41.15155
                            ],
                            [
                                -8.63081,
                                41.151583
                            ],
                            [
                                -8.631084,
                                41.151666
                            ],
                            [
                                -8.631318,
                                41.15185
                            ],
                            [
                                -8.631504,
                                41.152152
                            ],
                            [
                                -8.631381,
                                41.152606
                            ],
                            [
                                -8.632215,
                                41.152598
                            ],
                            [
                                -8.633011,
                                41.152624
                            ],
                            [
                                -8.634471,
                                41.152396
                            ],
                            [
                                -8.635179,
                                41.152364
                            ],
                            [
                                -8.636016,
                                41.152421
                            ],
                            [
                                -8.640254,
                                41.153471
                            ],
                            [
                                -8.641777,
                                41.153826
                            ]
                        ]
                    ],
                    [
                        [
                            [
                                -8.640412,
                                41.150556
                            ],
                            [
                                -8.641264,
                                41.150611
                            ],
                            [
                                -8.641008,
                                41.150187
                            ],
                            [
                                -8.640903,
                                41.149831
                            ],
                            [
                                -8.640721,
                                41.149058
                            ],
                            [
                                -8.639809,
                                41.149158
                            ],
                            [
                                -8.638377,
                                41.14907
                            ],
                            [
                                -8.63818,
                                41.150318
                            ],
                            [
                                -8.640018,
                                41.150514
                            ],
                            [
                                -8.640178,
                                41.150502
                            ],
                            [
                                -8.640272,
                                41.150454
                            ],
                            [
                                -8.640412,
                                41.150556
                            ]
                        ]
                    ]
                ]
            },
            "properties": {
                "color": "#F5C840",
                "name": "Z50 CDUP (Amarela, max: 6h)",
                "polygonId": "1375",
                "hasparkingpasses": "False",
                "isbillable": "True"
            },
            "id": "clxt4pji18hwc1lnrnw0egpo31375"
        },
        {
            "type": "Feature",
            "geometry": {
                "type": "Polygon",
                "coordinates": [
                    [
                        [
                            -8.635957,
                            41.159283
                        ],
                        [
                            -8.641577,
                            41.160173
                        ],
                        [
                            -8.642107,
                            41.159923
                        ],
                        [
                            -8.636964,
                            41.159049
                        ],
                        [
                            -8.635806,
                            41.158838
                        ],
                        [
                            -8.635957,
                            41.159283
                        ]
                    ]
                ]
            },
            "properties": {
                "color": "#A52714",
                "name": "Z51 Venezuela (Vermelha)",
                "polygonId": "1376",
                "hasparkingpasses": "False",
                "isbillable": "True"
            },
            "id": "clxt4pji18hwc1lnrnw0egpo31376"
        },
        {
            "type": "Feature",
            "geometry": {
                "type": "Polygon",
                "coordinates": [
                    [
                        [
                            -8.637222,
                            41.158067
                        ],
                        [
                            -8.637604,
                            41.15814
                        ],
                        [
                            -8.637947,
                            41.157138
                        ],
                        [
                            -8.639288,
                            41.156153
                        ],
                        [
                            -8.640254,
                            41.153471
                        ],
                        [
                            -8.636016,
                            41.152421
                        ],
                        [
                            -8.635179,
                            41.152364
                        ],
                        [
                            -8.634471,
                            41.152396
                        ],
                        [
                            -8.633011,
                            41.152624
                        ],
                        [
                            -8.632679,
                            41.152857
                        ],
                        [
                            -8.632585,
                            41.153049
                        ],
                        [
                            -8.63248,
                            41.153524
                        ],
                        [
                            -8.63228,
                            41.153846
                        ],
                        [
                            -8.631953,
                            41.154108
                        ],
                        [
                            -8.631257,
                            41.154717
                        ],
                        [
                            -8.630522,
                            41.155305
                        ],
                        [
                            -8.633226,
                            41.15839
                        ],
                        [
                            -8.635872,
                            41.158848
                        ],
                        [
                            -8.636842,
                            41.159028
                        ],
                        [
                            -8.637222,
                            41.158067
                        ]
                    ]
                ]
            },
            "properties": {
                "color": "#F5C840",
                "name": "Z52 Agramonte (Amarela)",
                "polygonId": "1377",
                "hasparkingpasses": "False",
                "isbillable": "True"
            },
            "id": "clxt4pji18hwc1lnrnw0egpo31377"
        },
        {
            "type": "Feature",
            "geometry": {
                "type": "Polygon",
                "coordinates": [
                    [
                        [
                            -8.63248,
                            41.153524
                        ],
                        [
                            -8.632585,
                            41.153049
                        ],
                        [
                            -8.632679,
                            41.152857
                        ],
                        [
                            -8.633011,
                            41.152624
                        ],
                        [
                            -8.632215,
                            41.152598
                        ],
                        [
                            -8.631381,
                            41.152606
                        ],
                        [
                            -8.631504,
                            41.152152
                        ],
                        [
                            -8.631318,
                            41.15185
                        ],
                        [
                            -8.631084,
                            41.151666
                        ],
                        [
                            -8.63081,
                            41.151583
                        ],
                        [
                            -8.630514,
                            41.15155
                        ],
                        [
                            -8.629246,
                            41.151463
                        ],
                        [
                            -8.629005,
                            41.151446
                        ],
                        [
                            -8.628408,
                            41.151524
                        ],
                        [
                            -8.628199,
                            41.151585
                        ],
                        [
                            -8.624031,
                            41.152899
                        ],
                        [
                            -8.623987,
                            41.153003
                        ],
                        [
                            -8.62681,
                            41.154578
                        ],
                        [
                            -8.62696,
                            41.155078
                        ],
                        [
                            -8.628506,
                            41.157066
                        ],
                        [
                            -8.628935,
                            41.156969
                        ],
                        [
                            -8.629407,
                            41.156969
                        ],
                        [
                            -8.629825,
                            41.157098
                        ],
                        [
                            -8.630179,
                            41.157332
                        ],
                        [
                            -8.630394,
                            41.157704
                        ],
                        [
                            -8.630426,
                            41.158067
                        ],
                        [
                            -8.632941,
                            41.158368
                        ],
                        [
                            -8.632051,
                            41.157428
                        ],
                        [
                            -8.630677,
                            41.155905
                        ],
                        [
                            -8.630424,
                            41.155432
                        ],
                        [
                            -8.630522,
                            41.155305
                        ],
                        [
                            -8.631257,
                            41.154717
                        ],
                        [
                            -8.631953,
                            41.154108
                        ],
                        [
                            -8.63228,
                            41.153846
                        ],
                        [
                            -8.63248,
                            41.153524
                        ]
                    ]
                ]
            },
            "properties": {
                "color": "#A52714",
                "name": "Z53 Campo Alegre",
                "polygonId": "1378",
                "hasparkingpasses": "False",
                "isbillable": "True"
            },
            "id": "clxt4pji18hwc1lnrnw0egpo31378"
        },
        {
            "type": "Feature",
            "geometry": {
                "type": "Polygon",
                "coordinates": [
                    [
                        [
                            -8.623987,
                            41.153003
                        ],
                        [
                            -8.620931,
                            41.152703
                        ],
                        [
                            -8.62106,
                            41.153317
                        ],
                        [
                            -8.620706,
                            41.156694
                        ],
                        [
                            -8.627701,
                            41.157639
                        ],
                        [
                            -8.628506,
                            41.157066
                        ],
                        [
                            -8.62696,
                            41.155078
                        ],
                        [
                            -8.62681,
                            41.154578
                        ],
                        [
                            -8.623987,
                            41.153003
                        ]
                    ]
                ]
            },
            "properties": {
                "color": "#A52714",
                "name": "Z54 Rodrigues de Freitas",
                "polygonId": "1379",
                "hasparkingpasses": "False",
                "isbillable": "True"
            },
            "id": "clxt4pji18hwc1lnrnw0egpo31379"
        },
        {
            "type": "Feature",
            "geometry": {
                "type": "Polygon",
                "coordinates": [
                    [
                        [
                            -8.627107,
                            41.148462
                        ],
                        [
                            -8.626596,
                            41.148761
                        ],
                        [
                            -8.625449,
                            41.148608
                        ],
                        [
                            -8.624236,
                            41.148164
                        ],
                        [
                            -8.622685,
                            41.147686
                        ],
                        [
                            -8.622935,
                            41.149427
                        ],
                        [
                            -8.623131,
                            41.150716
                        ],
                        [
                            -8.621297,
                            41.151685
                        ],
                        [
                            -8.620739,
                            41.152598
                        ],
                        [
                            -8.620878,
                            41.152631
                        ],
                        [
                            -8.620931,
                            41.152703
                        ],
                        [
                            -8.623987,
                            41.153003
                        ],
                        [
                            -8.624031,
                            41.152899
                        ],
                        [
                            -8.628199,
                            41.151585
                        ],
                        [
                            -8.628408,
                            41.151524
                        ],
                        [
                            -8.629005,
                            41.151446
                        ],
                        [
                            -8.629107,
                            41.151222
                        ],
                        [
                            -8.628919,
                            41.151134
                        ],
                        [
                            -8.628687,
                            41.150745
                        ],
                        [
                            -8.628572,
                            41.150571
                        ],
                        [
                            -8.62826,
                            41.150136
                        ],
                        [
                            -8.628017,
                            41.149348
                        ],
                        [
                            -8.627107,
                            41.148462
                        ]
                    ]
                ]
            },
            "properties": {
                "color": "#A52714",
                "name": "Z55 Júlio Dinis",
                "polygonId": "1380",
                "hasparkingpasses": "False",
                "isbillable": "True"
            },
            "id": "clxt4pji18hwc1lnrnw0egpo31380"
        },
        {
            "type": "Feature",
            "geometry": {
                "type": "Polygon",
                "coordinates": [
                    [
                        [
                            -8.626596,
                            41.148761
                        ],
                        [
                            -8.626939,
                            41.148527
                        ],
                        [
                            -8.62696,
                            41.147937
                        ],
                        [
                            -8.62798,
                            41.147759
                        ],
                        [
                            -8.628527,
                            41.147493
                        ],
                        [
                            -8.628656,
                            41.147121
                        ],
                        [
                            -8.628709,
                            41.146636
                        ],
                        [
                            -8.628506,
                            41.145958
                        ],
                        [
                            -8.628312,
                            41.1454
                        ],
                        [
                            -8.628849,
                            41.145408
                        ],
                        [
                            -8.629278,
                            41.144843
                        ],
                        [
                            -8.628516,
                            41.144665
                        ],
                        [
                            -8.627733,
                            41.144624
                        ],
                        [
                            -8.626757,
                            41.144681
                        ],
                        [
                            -8.625812,
                            41.144746
                        ],
                        [
                            -8.625265,
                            41.144746
                        ],
                        [
                            -8.624708,
                            41.144519
                        ],
                        [
                            -8.624064,
                            41.144269
                        ],
                        [
                            -8.623774,
                            41.144124
                        ],
                        [
                            -8.623468,
                            41.144402
                        ],
                        [
                            -8.623887,
                            41.144738
                        ],
                        [
                            -8.623796,
                            41.144794
                        ],
                        [
                            -8.623602,
                            41.144693
                        ],
                        [
                            -8.623474,
                            41.144887
                        ],
                        [
                            -8.62415,
                            41.145416
                        ],
                        [
                            -8.624579,
                            41.145707
                        ],
                        [
                            -8.624815,
                            41.147008
                        ],
                        [
                            -8.624686,
                            41.147404
                        ],
                        [
                            -8.624235,
                            41.148163
                        ],
                        [
                            -8.625448,
                            41.148608
                        ],
                        [
                            -8.626596,
                            41.148761
                        ]
                    ]
                ]
            },
            "properties": {
                "color": "#F5C840",
                "name": "Z56 Restauração",
                "polygonId": "1381",
                "hasparkingpasses": "False",
                "isbillable": "True"
            },
            "id": "clxt4pji18hwc1lnrnw0egpo31381"
        },
        {
            "type": "Feature",
            "geometry": {
                "type": "Polygon",
                "coordinates": [
                    [
                        [
                            -8.641777,
                            41.153826
                        ],
                        [
                            -8.64388,
                            41.154472
                        ],
                        [
                            -8.644996,
                            41.154384
                        ],
                        [
                            -8.644685,
                            41.153697
                        ],
                        [
                            -8.644245,
                            41.153067
                        ],
                        [
                            -8.643494,
                            41.152332
                        ],
                        [
                            -8.642453,
                            41.151677
                        ],
                        [
                            -8.641702,
                            41.15116
                        ],
                        [
                            -8.641777,
                            41.153826
                        ]
                    ]
                ]
            },
            "properties": {
                "color": "#F5C840",
                "name": "Z57 Fluvial (Amarela)",
                "polygonId": "1382",
                "hasparkingpasses": "False",
                "isbillable": "True"
            },
            "id": "clxt4pji18hwc1lnrnw0egpo31382"
        },
        {
            "type": "Feature",
            "geometry": {
                "type": "Polygon",
                "coordinates": [
                    [
                        [
                            -8.610384,
                            41.172759
                        ],
                        [
                            -8.605074,
                            41.17372
                        ],
                        [
                            -8.603679,
                            41.173623
                        ],
                        [
                            -8.600986,
                            41.173938
                        ],
                        [
                            -8.599344,
                            41.171329
                        ],
                        [
                            -8.596662,
                            41.171814
                        ],
                        [
                            -8.595042,
                            41.173599
                        ],
                        [
                            -8.59412,
                            41.175456
                        ],
                        [
                            -8.595546,
                            41.175949
                        ],
                        [
                            -8.597435,
                            41.175844
                        ],
                        [
                            -8.597746,
                            41.176223
                        ],
                        [
                            -8.599452,
                            41.176732
                        ],
                        [
                            -8.59986,
                            41.175698
                        ],
                        [
                            -8.600342,
                            41.175505
                        ],
                        [
                            -8.600686,
                            41.175585
                        ],
                        [
                            -8.601844,
                            41.176417
                        ],
                        [
                            -8.602134,
                            41.176522
                        ],
                        [
                            -8.603507,
                            41.176078
                        ],
                        [
                            -8.604248,
                            41.176046
                        ],
                        [
                            -8.604376,
                            41.176579
                        ],
                        [
                            -8.606222,
                            41.177903
                        ],
                        [
                            -8.607659,
                            41.176498
                        ],
                        [
                            -8.608212,
                            41.175234
                        ],
                        [
                            -8.608759,
                            41.17527
                        ],
                        [
                            -8.609151,
                            41.175335
                        ],
                        [
                            -8.608689,
                            41.176522
                        ],
                        [
                            -8.605975,
                            41.179437
                        ],
                        [
                            -8.605621,
                            41.180229
                        ],
                        [
                            -8.604875,
                            41.179974
                        ],
                        [
                            -8.60516,
                            41.179284
                        ],
                        [
                            -8.605782,
                            41.178541
                        ],
                        [
                            -8.60354,
                            41.176902
                        ],
                        [
                            -8.602413,
                            41.177225
                        ],
                        [
                            -8.601834,
                            41.177136
                        ],
                        [
                            -8.600417,
                            41.17624
                        ],
                        [
                            -8.599763,
                            41.177628
                        ],
                        [
                            -8.599334,
                            41.177467
                        ],
                        [
                            -8.598808,
                            41.178904
                        ],
                        [
                            -8.605396,
                            41.180705
                        ],
                        [
                            -8.605624,
                            41.18023
                        ],
                        [
                            -8.605978,
                            41.179438
                        ],
                        [
                            -8.608691,
                            41.176524
                        ],
                        [
                            -8.609155,
                            41.175336
                        ],
                        [
                            -8.610266,
                            41.174027
                        ],
                        [
                            -8.610384,
                            41.172759
                        ]
                    ]
                ]
            },
            "properties": {
                "color": "#0288D1",
                "name": "Z75 Paranhos (max: 6h)",
                "polygonId": "1383",
                "hasparkingpasses": "False",
                "isbillable": "True"
            },
            "id": "clxt4pji18hwc1lnrnw0egpo31383"
        },
        {
            "type": "Feature",
            "geometry": {
                "type": "Polygon",
                "coordinates": [
                    [
                        [
                            -8.599127,
                            41.178032
                        ],
                        [
                            -8.597663,
                            41.177595
                        ],
                        [
                            -8.59625,
                            41.177188
                        ],
                        [
                            -8.595719,
                            41.177069
                        ],
                        [
                            -8.595418,
                            41.177051
                        ],
                        [
                            -8.59511,
                            41.177078
                        ],
                        [
                            -8.594694,
                            41.177132
                        ],
                        [
                            -8.594199,
                            41.177134
                        ],
                        [
                            -8.594232,
                            41.177
                        ],
                        [
                            -8.594368,
                            41.176988
                        ],
                        [
                            -8.595399,
                            41.176114
                        ],
                        [
                            -8.594577,
                            41.17631
                        ],
                        [
                            -8.593723,
                            41.176506
                        ],
                        [
                            -8.591995,
                            41.180616
                        ],
                        [
                            -8.59428,
                            41.181577
                        ],
                        [
                            -8.596158,
                            41.182142
                        ],
                        [
                            -8.59692,
                            41.183757
                        ],
                        [
                            -8.598948,
                            41.183782
                        ],
                        [
                            -8.599237,
                            41.183838
                        ],
                        [
                            -8.601008,
                            41.184726
                        ],
                        [
                            -8.602091,
                            41.185542
                        ],
                        [
                            -8.602971,
                            41.186107
                        ],
                        [
                            -8.604441,
                            41.184355
                        ],
                        [
                            -8.605396,
                            41.180705
                        ],
                        [
                            -8.598808,
                            41.178904
                        ],
                        [
                            -8.599127,
                            41.178032
                        ]
                    ]
                ]
            },
            "properties": {
                "color": "#0288D1",
                "name": "Z76 Pólo Universitário",
                "polygonId": "1384",
                "hasparkingpasses": "False",
                "isbillable": "True"
            },
            "id": "clxt4pji18hwc1lnrnw0egpo31384"
        },
        {
            "type": "Feature",
            "geometry": {
                "type": "Polygon",
                "coordinates": [
                    [
                        [
                            -8.605621,
                            41.180229
                        ],
                        [
                            -8.605975,
                            41.179437
                        ],
                        [
                            -8.608689,
                            41.176522
                        ],
                        [
                            -8.609151,
                            41.175335
                        ],
                        [
                            -8.608759,
                            41.17527
                        ],
                        [
                            -8.608212,
                            41.175234
                        ],
                        [
                            -8.607659,
                            41.176498
                        ],
                        [
                            -8.606222,
                            41.177903
                        ],
                        [
                            -8.604376,
                            41.176579
                        ],
                        [
                            -8.604248,
                            41.176046
                        ],
                        [
                            -8.603507,
                            41.176078
                        ],
                        [
                            -8.602134,
                            41.176522
                        ],
                        [
                            -8.601844,
                            41.176417
                        ],
                        [
                            -8.600686,
                            41.175585
                        ],
                        [
                            -8.600342,
                            41.175505
                        ],
                        [
                            -8.59986,
                            41.175698
                        ],
                        [
                            -8.599452,
                            41.176732
                        ],
                        [
                            -8.597746,
                            41.176223
                        ],
                        [
                            -8.597435,
                            41.175844
                        ],
                        [
                            -8.595546,
                            41.175949
                        ],
                        [
                            -8.595399,
                            41.176114
                        ],
                        [
                            -8.594368,
                            41.176988
                        ],
                        [
                            -8.594232,
                            41.177
                        ],
                        [
                            -8.594199,
                            41.177134
                        ],
                        [
                            -8.594694,
                            41.177132
                        ],
                        [
                            -8.59511,
                            41.177078
                        ],
                        [
                            -8.595418,
                            41.177051
                        ],
                        [
                            -8.595719,
                            41.177069
                        ],
                        [
                            -8.59625,
                            41.177188
                        ],
                        [
                            -8.597148,
                            41.177441
                        ],
                        [
                            -8.59913,
                            41.178032
                        ],
                        [
                            -8.599334,
                            41.177467
                        ],
                        [
                            -8.599763,
                            41.177628
                        ],
                        [
                            -8.600417,
                            41.17624
                        ],
                        [
                            -8.601834,
                            41.177136
                        ],
                        [
                            -8.602413,
                            41.177225
                        ],
                        [
                            -8.60354,
                            41.176902
                        ],
                        [
                            -8.605782,
                            41.178541
                        ],
                        [
                            -8.60516,
                            41.179284
                        ],
                        [
                            -8.604875,
                            41.179974
                        ],
                        [
                            -8.605621,
                            41.180229
                        ]
                    ]
                ]
            },
            "properties": {
                "color": "#9C27B0",
                "name": "Z75 Paranhos (max: 10h)",
                "polygonId": "1575",
                "hasparkingpasses": "False",
                "isbillable": "True"
            },
            "id": "clxt4pji18hwc1lnrnw0egpo31575"
        },
        {
            "type": "Feature",
            "geometry": {
                "type": "Polygon",
                "coordinates": [
                    [
                        [
                            -8.619708,
                            41.158212
                        ],
                        [
                            -8.619314,
                            41.156383
                        ],
                        [
                            -8.614225,
                            41.155555
                        ],
                        [
                            -8.613534,
                            41.155468
                        ],
                        [
                            -8.613424,
                            41.156027
                        ],
                        [
                            -8.613174,
                            41.156862
                        ],
                        [
                            -8.613399,
                            41.15688
                        ],
                        [
                            -8.613818,
                            41.156128
                        ],
                        [
                            -8.617412,
                            41.157243
                        ],
                        [
                            -8.619708,
                            41.158212
                        ]
                    ]
                ]
            },
            "properties": {
                "color": "#F5C840",
                "name": "Z14 Álvares Cabral (Amarela)",
                "polygonId": "1576",
                "hasparkingpasses": "False",
                "isbillable": "True"
            },
            "id": "clxt4pji18hwc1lnrnw0egpo31576"
        },
        {
            "type": "Feature",
            "geometry": {
                "type": "Polygon",
                "coordinates": [
                    [
                        [
                            -8.587049,
                            41.16713
                        ],
                        [
                            -8.586218,
                            41.166778
                        ],
                        [
                            -8.585622,
                            41.166698
                        ],
                        [
                            -8.584748,
                            41.166633
                        ],
                        [
                            -8.583911,
                            41.166484
                        ],
                        [
                            -8.583267,
                            41.16616
                        ],
                        [
                            -8.582747,
                            41.165708
                        ],
                        [
                            -8.582441,
                            41.165304
                        ],
                        [
                            -8.581358,
                            41.16341
                        ],
                        [
                            -8.581159,
                            41.162946
                        ],
                        [
                            -8.581111,
                            41.162526
                        ],
                        [
                            -8.580966,
                            41.163503
                        ],
                        [
                            -8.580376,
                            41.164012
                        ],
                        [
                            -8.581004,
                            41.165898
                        ],
                        [
                            -8.582254,
                            41.166738
                        ],
                        [
                            -8.58243,
                            41.167053
                        ],
                        [
                            -8.582194,
                            41.167675
                        ],
                        [
                            -8.58309,
                            41.167958
                        ],
                        [
                            -8.58405,
                            41.16797
                        ],
                        [
                            -8.586507,
                            41.167146
                        ],
                        [
                            -8.587049,
                            41.16713
                        ]
                    ]
                ]
            },
            "properties": {
                "color": "#097138",
                "name": "Z27 Antas (Verde)",
                "polygonId": "1577",
                "hasparkingpasses": "False",
                "isbillable": "True"
            },
            "id": "clxt4pji18hwc1lnrnw0egpo31577"
        },
        {
            "type": "Feature",
            "geometry": {
                "type": "Polygon",
                "coordinates": [
                    [
                        [
                            -8.625169,
                            41.167073
                        ],
                        [
                            -8.626531,
                            41.166734
                        ],
                        [
                            -8.628677,
                            41.166064
                        ],
                        [
                            -8.63049,
                            41.165288
                        ],
                        [
                            -8.62961,
                            41.165086
                        ],
                        [
                            -8.629342,
                            41.164448
                        ],
                        [
                            -8.629085,
                            41.163544
                        ],
                        [
                            -8.627918,
                            41.16228
                        ],
                        [
                            -8.627236,
                            41.164659
                        ],
                        [
                            -8.626974,
                            41.164606
                        ],
                        [
                            -8.627371,
                            41.163437
                        ],
                        [
                            -8.627713,
                            41.162351
                        ],
                        [
                            -8.627761,
                            41.16219
                        ],
                        [
                            -8.627896,
                            41.1618
                        ],
                        [
                            -8.628033,
                            41.160652
                        ],
                        [
                            -8.624262,
                            41.160066
                        ],
                        [
                            -8.624332,
                            41.162566
                        ],
                        [
                            -8.623366,
                            41.162356
                        ],
                        [
                            -8.625029,
                            41.165676
                        ],
                        [
                            -8.625169,
                            41.167073
                        ]
                    ]
                ]
            },
            "properties": {
                "color": "#F5C840",
                "name": "Z47 Avenida de França (Amarela)",
                "polygonId": "1578",
                "hasparkingpasses": "False",
                "isbillable": "True"
            },
            "id": "clxt4pji18hwc1lnrnw0egpo31578"
        },
        {
            "type": "Feature",
            "geometry": {
                "type": "Polygon",
                "coordinates": [
                    [
                        [
                            -8.605141,
                            41.145735
                        ],
                        [
                            -8.605239,
                            41.145665
                        ],
                        [
                            -8.604405,
                            41.145296
                        ],
                        [
                            -8.603152,
                            41.145488
                        ],
                        [
                            -8.602116,
                            41.145601
                        ],
                        [
                            -8.60186,
                            41.145658
                        ],
                        [
                            -8.601758,
                            41.145752
                        ],
                        [
                            -8.603163,
                            41.145598
                        ],
                        [
                            -8.603469,
                            41.145557
                        ],
                        [
                            -8.604342,
                            41.145409
                        ],
                        [
                            -8.605141,
                            41.145735
                        ]
                    ]
                ]
            },
            "properties": {
                "color": "#F5C840",
                "name": "Z02 Batalha (Amarela)",
                "polygonId": "1579",
                "hasparkingpasses": "False",
                "isbillable": "True"
            },
            "id": "clxt4pji18hwc1lnrnw0egpo31579"
        },
        {
            "type": "Feature",
            "geometry": {
                "type": "Polygon",
                "coordinates": [
                    [
                        [
                            -8.648869,
                            41.161242
                        ],
                        [
                            -8.645008,
                            41.160589
                        ],
                        [
                            -8.64406,
                            41.160432
                        ],
                        [
                            -8.644014,
                            41.160557
                        ],
                        [
                            -8.641635,
                            41.16019
                        ],
                        [
                            -8.637722,
                            41.161799
                        ],
                        [
                            -8.641831,
                            41.165183
                        ],
                        [
                            -8.642753,
                            41.165555
                        ],
                        [
                            -8.643633,
                            41.166233
                        ],
                        [
                            -8.646154,
                            41.164763
                        ],
                        [
                            -8.647646,
                            41.163956
                        ],
                        [
                            -8.648622,
                            41.162865
                        ],
                        [
                            -8.648869,
                            41.161242
                        ]
                    ]
                ]
            },
            "properties": {
                "color": "#F5C840",
                "name": "Z44 Bessa (Amarela)",
                "polygonId": "1580",
                "hasparkingpasses": "False",
                "isbillable": "True"
            },
            "id": "clxt4pji18hwc1lnrnw0egpo31580"
        },
        {
            "type": "Feature",
            "geometry": {
                "type": "Polygon",
                "coordinates": [
                    [
                        [
                            -8.590204,
                            41.15007
                        ],
                        [
                            -8.590198,
                            41.149767
                        ],
                        [
                            -8.588224,
                            41.149209
                        ],
                        [
                            -8.58655,
                            41.148777
                        ],
                        [
                            -8.586443,
                            41.149019
                        ],
                        [
                            -8.590204,
                            41.15007
                        ]
                    ]
                ]
            },
            "properties": {
                "color": "#F5C840",
                "name": "Z17 Bonjóia (Amarela, max: 6h)",
                "polygonId": "1581",
                "hasparkingpasses": "False",
                "isbillable": "True"
            },
            "id": "clxt4pji18hwc1lnrnw0egpo31581"
        },
        {
            "type": "Feature",
            "geometry": {
                "type": "Polygon",
                "coordinates": [
                    [
                        [
                            -8.582457,
                            41.154602
                        ],
                        [
                            -8.582141,
                            41.153951
                        ],
                        [
                            -8.581433,
                            41.153006
                        ],
                        [
                            -8.580365,
                            41.152114
                        ],
                        [
                            -8.580558,
                            41.152671
                        ],
                        [
                            -8.580601,
                            41.153487
                        ],
                        [
                            -8.580494,
                            41.154117
                        ],
                        [
                            -8.580966,
                            41.154117
                        ],
                        [
                            -8.581524,
                            41.154634
                        ],
                        [
                            -8.582457,
                            41.154602
                        ]
                    ]
                ]
            },
            "properties": {
                "color": "#097138",
                "name": "Z17 Bonjóia (Verde)",
                "polygonId": "1582",
                "hasparkingpasses": "False",
                "isbillable": "True"
            },
            "id": "clxt4pji18hwc1lnrnw0egpo31582"
        },
        {
            "type": "Feature",
            "geometry": {
                "type": "Polygon",
                "coordinates": [
                    [
                        [
                            -8.599628,
                            41.153412
                        ],
                        [
                            -8.599827,
                            41.152292
                        ],
                        [
                            -8.600025,
                            41.151169
                        ],
                        [
                            -8.600375,
                            41.148826
                        ],
                        [
                            -8.598695,
                            41.148498
                        ],
                        [
                            -8.59839,
                            41.148276
                        ],
                        [
                            -8.59796,
                            41.148397
                        ],
                        [
                            -8.596759,
                            41.150191
                        ],
                        [
                            -8.598229,
                            41.150288
                        ],
                        [
                            -8.599628,
                            41.153412
                        ]
                    ]
                ]
            },
            "properties": {
                "color": "#F5C840",
                "name": "Z15 Campo 24 Agosto (Amarela, max: 2h)",
                "polygonId": "1583",
                "hasparkingpasses": "False",
                "isbillable": "True"
            },
            "id": "clxt4pji18hwc1lnrnw0egpo31583"
        },
        {
            "type": "Feature",
            "geometry": {
                "type": "Polygon",
                "coordinates": [
                    [
                        [
                            -8.59839,
                            41.148276
                        ],
                        [
                            -8.599239,
                            41.147533
                        ],
                        [
                            -8.600438,
                            41.146762
                        ],
                        [
                            -8.601843,
                            41.14631
                        ],
                        [
                            -8.601772,
                            41.145854
                        ],
                        [
                            -8.595707,
                            41.146168
                        ],
                        [
                            -8.595546,
                            41.146135
                        ],
                        [
                            -8.595407,
                            41.146329
                        ],
                        [
                            -8.597446,
                            41.14809
                        ],
                        [
                            -8.59796,
                            41.148397
                        ],
                        [
                            -8.59839,
                            41.148276
                        ]
                    ]
                ]
            },
            "properties": {
                "color": "#F5C840",
                "name": "Z15 Campo 24 Agosto (Amarela, max: 4h)",
                "polygonId": "1584",
                "hasparkingpasses": "False",
                "isbillable": "True"
            },
            "id": "clxt4pji18hwc1lnrnw0egpo31584"
        },
        {
            "type": "Feature",
            "geometry": {
                "type": "Polygon",
                "coordinates": [
                    [
                        [
                            -8.640412,
                            41.150556
                        ],
                        [
                            -8.640272,
                            41.150454
                        ],
                        [
                            -8.640178,
                            41.150502
                        ],
                        [
                            -8.640018,
                            41.150514
                        ],
                        [
                            -8.63818,
                            41.150318
                        ],
                        [
                            -8.637966,
                            41.15035
                        ],
                        [
                            -8.637778,
                            41.150445
                        ],
                        [
                            -8.638003,
                            41.150536
                        ],
                        [
                            -8.638143,
                            41.15051
                        ],
                        [
                            -8.638322,
                            41.150524
                        ],
                        [
                            -8.638926,
                            41.150599
                        ],
                        [
                            -8.638829,
                            41.151047
                        ],
                        [
                            -8.639025,
                            41.151063
                        ],
                        [
                            -8.639122,
                            41.150617
                        ],
                        [
                            -8.64001,
                            41.150696
                        ],
                        [
                            -8.640238,
                            41.15068
                        ],
                        [
                            -8.640412,
                            41.150556
                        ]
                    ]
                ]
            },
            "properties": {
                "color": "#9C27B0",
                "name": "Z50 CDUP (Amarela, max: 10h)",
                "polygonId": "1585",
                "hasparkingpasses": "False",
                "isbillable": "True"
            },
            "id": "clxt4pji18hwc1lnrnw0egpo31585"
        },
        {
            "type": "Feature",
            "geometry": {
                "type": "Polygon",
                "coordinates": [
                    [
                        [
                            -8.616035,
                            41.16223
                        ],
                        [
                            -8.615235,
                            41.162123
                        ],
                        [
                            -8.61313,
                            41.16184
                        ],
                        [
                            -8.612583,
                            41.161758
                        ],
                        [
                            -8.612761,
                            41.161062
                        ],
                        [
                            -8.611757,
                            41.16085
                        ],
                        [
                            -8.611221,
                            41.162792
                        ],
                        [
                            -8.609194,
                            41.162518
                        ],
                        [
                            -8.608958,
                            41.163035
                        ],
                        [
                            -8.608958,
                            41.163107
                        ],
                        [
                            -8.608756,
                            41.163615
                        ],
                        [
                            -8.609492,
                            41.163636
                        ],
                        [
                            -8.609719,
                            41.164327
                        ],
                        [
                            -8.609719,
                            41.164545
                        ],
                        [
                            -8.610975,
                            41.164594
                        ],
                        [
                            -8.611318,
                            41.164868
                        ],
                        [
                            -8.611736,
                            41.164747
                        ],
                        [
                            -8.613743,
                            41.164884
                        ],
                        [
                            -8.613764,
                            41.164787
                        ],
                        [
                            -8.615524,
                            41.164965
                        ],
                        [
                            -8.616035,
                            41.16223
                        ]
                    ]
                ]
            },
            "properties": {
                "color": "#F5C840",
                "name": "Z40 Constituição (Amarela)",
                "polygonId": "1586",
                "hasparkingpasses": "False",
                "isbillable": "True"
            },
            "id": "clxt4pji18hwc1lnrnw0egpo31586"
        },
        {
            "type": "Feature",
            "geometry": {
                "type": "Polygon",
                "coordinates": [
                    [
                        [
                            -8.597561,
                            41.163715
                        ],
                        [
                            -8.597718,
                            41.163041
                        ],
                        [
                            -8.597906,
                            41.162076
                        ],
                        [
                            -8.598534,
                            41.158869
                        ],
                        [
                            -8.598043,
                            41.159061
                        ],
                        [
                            -8.595326,
                            41.157263
                        ],
                        [
                            -8.59453,
                            41.156769
                        ],
                        [
                            -8.595686,
                            41.154779
                        ],
                        [
                            -8.596987,
                            41.1526
                        ],
                        [
                            -8.598204,
                            41.150395
                        ],
                        [
                            -8.597881,
                            41.150369
                        ],
                        [
                            -8.595412,
                            41.154739
                        ],
                        [
                            -8.593564,
                            41.1577
                        ],
                        [
                            -8.593613,
                            41.157824
                        ],
                        [
                            -8.593184,
                            41.158623
                        ],
                        [
                            -8.591402,
                            41.161647
                        ],
                        [
                            -8.589213,
                            41.164262
                        ],
                        [
                            -8.588092,
                            41.167085
                        ],
                        [
                            -8.588806,
                            41.167146
                        ],
                        [
                            -8.589374,
                            41.167186
                        ],
                        [
                            -8.589761,
                            41.167186
                        ],
                        [
                            -8.590544,
                            41.167202
                        ],
                        [
                            -8.59093,
                            41.167089
                        ],
                        [
                            -8.591842,
                            41.166686
                        ],
                        [
                            -8.592453,
                            41.165934
                        ],
                        [
                            -8.592775,
                            41.164707
                        ],
                        [
                            -8.593398,
                            41.164804
                        ],
                        [
                            -8.593741,
                            41.163204
                        ],
                        [
                            -8.597561,
                            41.163715
                        ]
                    ]
                ]
            },
            "properties": {
                "color": "#F5C840",
                "name": "Z26 Francisco Sá Carneiro (Amarela)",
                "polygonId": "1588",
                "hasparkingpasses": "False",
                "isbillable": "True"
            },
            "id": "clxt4pji18hwc1lnrnw0egpo31588"
        },
        {
            "type": "Feature",
            "geometry": {
                "type": "Polygon",
                "coordinates": [
                    [
                        [
                            -8.624055,
                            41.145342
                        ],
                        [
                            -8.620245,
                            41.145808
                        ],
                        [
                            -8.620389,
                            41.146338
                        ],
                        [
                            -8.620542,
                            41.14725
                        ],
                        [
                            -8.621086,
                            41.147319
                        ],
                        [
                            -8.621966,
                            41.147484
                        ],
                        [
                            -8.622685,
                            41.147686
                        ],
                        [
                            -8.624235,
                            41.148163
                        ],
                        [
                            -8.624686,
                            41.147404
                        ],
                        [
                            -8.624815,
                            41.147008
                        ],
                        [
                            -8.624579,
                            41.145707
                        ],
                        [
                            -8.624055,
                            41.145342
                        ]
                    ]
                ]
            },
            "properties": {
                "color": "#F5C840",
                "name": "Z09 H.S. António (Amarela)",
                "polygonId": "1589",
                "hasparkingpasses": "False",
                "isbillable": "True"
            },
            "id": "clxt4pji18hwc1lnrnw0egpo31589"
        },
        {
            "type": "Feature",
            "geometry": {
                "type": "MultiPolygon",
                "coordinates": [
                    [
                        [
                            [
                                -8.619708,
                                41.158212
                            ],
                            [
                                -8.617412,
                                41.157243
                            ],
                            [
                                -8.613818,
                                41.156128
                            ],
                            [
                                -8.614415,
                                41.156491
                            ],
                            [
                                -8.614237,
                                41.156992
                            ],
                            [
                                -8.614378,
                                41.157097
                            ],
                            [
                                -8.614461,
                                41.157765
                            ],
                            [
                                -8.614259,
                                41.159037
                            ],
                            [
                                -8.614495,
                                41.159082
                            ],
                            [
                                -8.614972,
                                41.158954
                            ],
                            [
                                -8.615844,
                                41.15912
                            ],
                            [
                                -8.616279,
                                41.159378
                            ],
                            [
                                -8.616484,
                                41.15987
                            ],
                            [
                                -8.616221,
                                41.161242
                            ],
                            [
                                -8.617208,
                                41.161395
                            ],
                            [
                                -8.617358,
                                41.160838
                            ],
                            [
                                -8.62106,
                                41.16007
                            ],
                            [
                                -8.620266,
                                41.159303
                            ],
                            [
                                -8.619944,
                                41.158948
                            ],
                            [
                                -8.619708,
                                41.158212
                            ]
                        ]
                    ],
                    [
                        [
                            [
                                -8.615235,
                                41.162123
                            ],
                            [
                                -8.615448,
                                41.161149
                            ],
                            [
                                -8.615724,
                                41.159828
                            ],
                            [
                                -8.615691,
                                41.159386
                            ],
                            [
                                -8.614896,
                                41.159238
                            ],
                            [
                                -8.614972,
                                41.158954
                            ],
                            [
                                -8.614495,
                                41.159082
                            ],
                            [
                                -8.614397,
                                41.159336
                            ],
                            [
                                -8.613423,
                                41.1602
                            ],
                            [
                                -8.613309,
                                41.161159
                            ],
                            [
                                -8.61313,
                                41.16184
                            ],
                            [
                                -8.615235,
                                41.162123
                            ]
                        ]
                    ],
                    [
                        [
                            [
                                -8.612761,
                                41.161062
                            ],
                            [
                                -8.612837,
                                41.16015
                            ],
                            [
                                -8.613804,
                                41.159269
                            ],
                            [
                                -8.613964,
                                41.158046
                            ],
                            [
                                -8.614033,
                                41.1573
                            ],
                            [
                                -8.614237,
                                41.156992
                            ],
                            [
                                -8.614415,
                                41.156491
                            ],
                            [
                                -8.613818,
                                41.156128
                            ],
                            [
                                -8.613399,
                                41.15688
                            ],
                            [
                                -8.613174,
                                41.156862
                            ],
                            [
                                -8.612444,
                                41.158253
                            ],
                            [
                                -8.611757,
                                41.16085
                            ],
                            [
                                -8.612761,
                                41.161062
                            ]
                        ]
                    ]
                ]
            },
            "properties": {
                "color": "#F5C840",
                "name": "Z39 Monte Cativo (Amarela)",
                "polygonId": "1590",
                "hasparkingpasses": "False",
                "isbillable": "True"
            },
            "id": "clxt4pji18hwc1lnrnw0egpo31590"
        },
        {
            "type": "Feature",
            "geometry": {
                "type": "Polygon",
                "coordinates": [
                    [
                        [
                            -8.627918,
                            41.16228
                        ],
                        [
                            -8.629085,
                            41.163544
                        ],
                        [
                            -8.629342,
                            41.164448
                        ],
                        [
                            -8.62961,
                            41.165086
                        ],
                        [
                            -8.63049,
                            41.165288
                        ],
                        [
                            -8.633398,
                            41.163883
                        ],
                        [
                            -8.631338,
                            41.162728
                        ],
                        [
                            -8.632484,
                            41.162165
                        ],
                        [
                            -8.631558,
                            41.161028
                        ],
                        [
                            -8.629482,
                            41.16195
                        ],
                        [
                            -8.629353,
                            41.162059
                        ],
                        [
                            -8.629286,
                            41.162237
                        ],
                        [
                            -8.629136,
                            41.162269
                        ],
                        [
                            -8.628487,
                            41.16217
                        ],
                        [
                            -8.628189,
                            41.162185
                        ],
                        [
                            -8.627918,
                            41.16228
                        ]
                    ]
                ]
            },
            "properties": {
                "color": "#F5C840",
                "name": "Z43 Mouzinho de Albuquerque (Amarela)",
                "polygonId": "1591",
                "hasparkingpasses": "False",
                "isbillable": "True"
            },
            "id": "clxt4pji18hwc1lnrnw0egpo31591"
        },
        {
            "type": "Feature",
            "geometry": {
                "type": "Polygon",
                "coordinates": [
                    [
                        [
                            -8.578917,
                            41.149747
                        ],
                        [
                            -8.579185,
                            41.148761
                        ],
                        [
                            -8.580601,
                            41.147129
                        ],
                        [
                            -8.580934,
                            41.14645
                        ],
                        [
                            -8.581041,
                            41.145764
                        ],
                        [
                            -8.580998,
                            41.143643
                        ],
                        [
                            -8.580644,
                            41.143631
                        ],
                        [
                            -8.580255,
                            41.143678
                        ],
                        [
                            -8.579898,
                            41.14379
                        ],
                        [
                            -8.578697,
                            41.144027
                        ],
                        [
                            -8.577737,
                            41.143873
                        ],
                        [
                            -8.577619,
                            41.146774
                        ],
                        [
                            -8.578311,
                            41.148555
                        ],
                        [
                            -8.578917,
                            41.149747
                        ]
                    ]
                ]
            },
            "properties": {
                "color": "#097138",
                "name": "Z18 Noeda (Verde)",
                "polygonId": "1592",
                "hasparkingpasses": "False",
                "isbillable": "True"
            },
            "id": "clxt4pji18hwc1lnrnw0egpo31592"
        },
        {
            "type": "Feature",
            "geometry": {
                "type": "MultiPolygon",
                "coordinates": [
                    [
                        [
                            [
                                -8.624235,
                                41.159521
                            ],
                            [
                                -8.624139,
                                41.159364
                            ],
                            [
                                -8.62081,
                                41.157397
                            ],
                            [
                                -8.620578,
                                41.157135
                            ],
                            [
                                -8.620706,
                                41.156694
                            ],
                            [
                                -8.619314,
                                41.156383
                            ],
                            [
                                -8.619708,
                                41.158212
                            ],
                            [
                                -8.619944,
                                41.158948
                            ],
                            [
                                -8.620266,
                                41.159303
                            ],
                            [
                                -8.620666,
                                41.159691
                            ],
                            [
                                -8.62106,
                                41.16007
                            ],
                            [
                                -8.621328,
                                41.160288
                            ],
                            [
                                -8.622291,
                                41.160475
                            ],
                            [
                                -8.624257,
                                41.159909
                            ],
                            [
                                -8.624235,
                                41.159521
                            ]
                        ]
                    ],
                    [
                        [
                            [
                                -8.624267,
                                41.160105
                            ],
                            [
                                -8.622492,
                                41.16061
                            ],
                            [
                                -8.622763,
                                41.16113
                            ],
                            [
                                -8.623366,
                                41.162356
                            ],
                            [
                                -8.624332,
                                41.162566
                            ],
                            [
                                -8.624267,
                                41.160105
                            ]
                        ]
                    ]
                ]
            },
            "properties": {
                "color": "#F5C840",
                "name": "Z42 Oliveira Monteiro (Amarela)",
                "polygonId": "1593",
                "hasparkingpasses": "False",
                "isbillable": "True"
            },
            "id": "clxt4pji18hwc1lnrnw0egpo31593"
        },
        {
            "type": "Feature",
            "geometry": {
                "type": "Polygon",
                "coordinates": [
                    [
                        [
                            -8.624431,
                            41.164485
                        ],
                        [
                            -8.624302,
                            41.164226
                        ],
                        [
                            -8.620872,
                            41.163806
                        ],
                        [
                            -8.62083,
                            41.164063
                        ],
                        [
                            -8.624431,
                            41.164485
                        ]
                    ]
                ]
            },
            "properties": {
                "color": "#9C27B0",
                "name": "Z30 Ramada Alta (max: 10h)",
                "polygonId": "1594",
                "hasparkingpasses": "False",
                "isbillable": "True"
            },
            "id": "clxt4pji18hwc1lnrnw0egpo31594"
        },
        {
            "type": "Feature",
            "geometry": {
                "type": "Polygon",
                "coordinates": [
                    [
                        [
                            -8.633226,
                            41.15839
                        ],
                        [
                            -8.630522,
                            41.155305
                        ],
                        [
                            -8.630424,
                            41.155432
                        ],
                        [
                            -8.630677,
                            41.155905
                        ],
                        [
                            -8.632051,
                            41.157428
                        ],
                        [
                            -8.632941,
                            41.158368
                        ],
                        [
                            -8.633226,
                            41.15839
                        ]
                    ]
                ]
            },
            "properties": {
                "color": "#a52714",
                "name": "Z52 Agramonte (Vermelha)",
                "polygonId": "1595",
                "hasparkingpasses": "False",
                "isbillable": "True"
            },
            "id": "clxt4pji18hwc1lnrnw0egpo31595"
        },
        {
            "type": "Feature",
            "geometry": {
                "type": "Polygon",
                "coordinates": [
                    [
                        [
                            -8.599176,
                            41.155404
                        ],
                        [
                            -8.599628,
                            41.153412
                        ],
                        [
                            -8.598411,
                            41.153422
                        ],
                        [
                            -8.598363,
                            41.154577
                        ],
                        [
                            -8.59832,
                            41.155418
                        ],
                        [
                            -8.597858,
                            41.156112
                        ],
                        [
                            -8.597081,
                            41.156072
                        ],
                        [
                            -8.596405,
                            41.156464
                        ],
                        [
                            -8.596298,
                            41.156952
                        ],
                        [
                            -8.596002,
                            41.15669
                        ],
                        [
                            -8.595326,
                            41.157263
                        ],
                        [
                            -8.598046,
                            41.159061
                        ],
                        [
                            -8.598534,
                            41.158869
                        ],
                        [
                            -8.598985,
                            41.156394
                        ],
                        [
                            -8.599176,
                            41.155404
                        ]
                    ]
                ]
            },
            "properties": {
                "color": "#F5C840",
                "name": "Z22 Santos Pousada (Amarela)",
                "polygonId": "1596",
                "hasparkingpasses": "False",
                "isbillable": "True"
            },
            "id": "clxt4pji18hwc1lnrnw0egpo31596"
        },
        {
            "type": "Feature",
            "geometry": {
                "type": "Polygon",
                "coordinates": [
                    [
                        [
                            -8.605956,
                            41.145311
                        ],
                        [
                            -8.606077,
                            41.145244
                        ],
                        [
                            -8.607112,
                            41.14483
                        ],
                        [
                            -8.607241,
                            41.144614
                        ],
                        [
                            -8.607466,
                            41.144295
                        ],
                        [
                            -8.607909,
                            41.144422
                        ],
                        [
                            -8.60922,
                            41.144382
                        ],
                        [
                            -8.609757,
                            41.144204
                        ],
                        [
                            -8.610127,
                            41.144035
                        ],
                        [
                            -8.609988,
                            41.141482
                        ],
                        [
                            -8.609644,
                            41.140738
                        ],
                        [
                            -8.608518,
                            41.141019
                        ],
                        [
                            -8.607622,
                            41.142895
                        ],
                        [
                            -8.606758,
                            41.144285
                        ],
                        [
                            -8.605868,
                            41.145214
                        ],
                        [
                            -8.605956,
                            41.145311
                        ]
                    ]
                ]
            },
            "properties": {
                "color": "#F5C840",
                "name": "Z04 Sé (Amarela)",
                "polygonId": "1597",
                "hasparkingpasses": "False",
                "isbillable": "True"
            },
            "id": "clxt4pji18hwc1lnrnw0egpo31597"
        },
        {
            "type": "Feature",
            "geometry": {
                "type": "Polygon",
                "coordinates": [
                    [
                        [
                            -8.631435,
                            41.164836
                        ],
                        [
                            -8.632819,
                            41.166976
                        ],
                        [
                            -8.634331,
                            41.16717
                        ],
                        [
                            -8.634782,
                            41.168325
                        ],
                        [
                            -8.635962,
                            41.168915
                        ],
                        [
                            -8.637571,
                            41.170166
                        ],
                        [
                            -8.6402,
                            41.168616
                        ],
                        [
                            -8.642002,
                            41.167372
                        ],
                        [
                            -8.642893,
                            41.166815
                        ],
                        [
                            -8.643633,
                            41.166233
                        ],
                        [
                            -8.642753,
                            41.165555
                        ],
                        [
                            -8.641831,
                            41.165183
                        ],
                        [
                            -8.637722,
                            41.161799
                        ],
                        [
                            -8.63637,
                            41.160599
                        ],
                        [
                            -8.636155,
                            41.160345
                        ],
                        [
                            -8.636112,
                            41.159747
                        ],
                        [
                            -8.634256,
                            41.160547
                        ],
                        [
                            -8.632926,
                            41.160668
                        ],
                        [
                            -8.633215,
                            41.161452
                        ],
                        [
                            -8.632669,
                            41.161989
                        ],
                        [
                            -8.633594,
                            41.163174
                        ],
                        [
                            -8.633355,
                            41.163293
                        ],
                        [
                            -8.632484,
                            41.162165
                        ],
                        [
                            -8.631338,
                            41.162728
                        ],
                        [
                            -8.633398,
                            41.163883
                        ],
                        [
                            -8.631435,
                            41.164836
                        ]
                    ]
                ]
            },
            "properties": {
                "color": "#F5C840",
                "name": "Z45 Sidónio Pais (Amarela)",
                "polygonId": "1598",
                "hasparkingpasses": "False",
                "isbillable": "True"
            },
            "id": "clxt4pji18hwc1lnrnw0egpo31598"
        },
        {
            "type": "Feature",
            "geometry": {
                "type": "Polygon",
                "coordinates": [
                    [
                        [
                            -8.636112,
                            41.159751
                        ],
                        [
                            -8.636155,
                            41.160349
                        ],
                        [
                            -8.63637,
                            41.160599
                        ],
                        [
                            -8.637722,
                            41.161803
                        ],
                        [
                            -8.641635,
                            41.16019
                        ],
                        [
                            -8.642174,
                            41.159939
                        ],
                        [
                            -8.644127,
                            41.160258
                        ],
                        [
                            -8.64406,
                            41.160432
                        ],
                        [
                            -8.648869,
                            41.161242
                        ],
                        [
                            -8.649692,
                            41.16137
                        ],
                        [
                            -8.649695,
                            41.159679
                        ],
                        [
                            -8.649268,
                            41.158308
                        ],
                        [
                            -8.648579,
                            41.157263
                        ],
                        [
                            -8.648214,
                            41.155599
                        ],
                        [
                            -8.647678,
                            41.154719
                        ],
                        [
                            -8.648214,
                            41.154064
                        ],
                        [
                            -8.646487,
                            41.154266
                        ],
                        [
                            -8.644996,
                            41.154384
                        ],
                        [
                            -8.64388,
                            41.154472
                        ],
                        [
                            -8.641777,
                            41.153826
                        ],
                        [
                            -8.640254,
                            41.153471
                        ],
                        [
                            -8.639288,
                            41.156153
                        ],
                        [
                            -8.637947,
                            41.157138
                        ],
                        [
                            -8.637604,
                            41.15814
                        ],
                        [
                            -8.637222,
                            41.158067
                        ],
                        [
                            -8.636842,
                            41.159028
                        ],
                        [
                            -8.642107,
                            41.159923
                        ],
                        [
                            -8.641577,
                            41.160173
                        ],
                        [
                            -8.635957,
                            41.159287
                        ],
                        [
                            -8.636112,
                            41.159751
                        ]
                    ]
                ]
            },
            "properties": {
                "color": "#F5C840",
                "name": "Z51 Venezuela (Amarela)",
                "polygonId": "1599",
                "hasparkingpasses": "False",
                "isbillable": "True"
            },
            "id": "clxt4pji18hwc1lnrnw0egpo31599"
        },
        {
            "type": "Feature",
            "geometry": {
                "type": "Polygon",
                "coordinates": [
                    [
                        [
                            -8.623774,
                            41.144124
                        ],
                        [
                            -8.622584,
                            41.143265
                        ],
                        [
                            -8.621167,
                            41.143823
                        ],
                        [
                            -8.620132,
                            41.144065
                        ],
                        [
                            -8.619714,
                            41.144025
                        ],
                        [
                            -8.619319,
                            41.144661
                        ],
                        [
                            -8.618949,
                            41.144688
                        ],
                        [
                            -8.618817,
                            41.144508
                        ],
                        [
                            -8.618423,
                            41.144596
                        ],
                        [
                            -8.618431,
                            41.144799
                        ],
                        [
                            -8.6187,
                            41.146003
                        ],
                        [
                            -8.619682,
                            41.145882
                        ],
                        [
                            -8.620115,
                            41.145633
                        ],
                        [
                            -8.620245,
                            41.145808
                        ],
                        [
                            -8.624054,
                            41.145342
                        ],
                        [
                            -8.623474,
                            41.144887
                        ],
                        [
                            -8.623602,
                            41.144693
                        ],
                        [
                            -8.623796,
                            41.144794
                        ],
                        [
                            -8.623887,
                            41.144738
                        ],
                        [
                            -8.623468,
                            41.144402
                        ],
                        [
                            -8.623774,
                            41.144124
                        ]
                    ]
                ]
            },
            "properties": {
                "color": "#F5C840",
                "name": "Z08 Alfândega (Amarela)",
                "polygonId": "1661",
                "hasparkingpasses": "False",
                "isbillable": "True"
            },
            "id": "clxt4pji18hwc1lnrnw0egpo31661"
        },
        {
            "type": "Feature",
            "geometry": {
                "type": "Polygon",
                "coordinates": [
                    [
                        [
                            -8.677761,
                            41.156365
                        ],
                        [
                            -8.677401,
                            41.156011
                        ],
                        [
                            -8.678325,
                            41.155604
                        ],
                        [
                            -8.678756,
                            41.156159
                        ],
                        [
                            -8.680475,
                            41.155209
                        ],
                        [
                            -8.678077,
                            41.151951
                        ],
                        [
                            -8.677775,
                            41.151202
                        ],
                        [
                            -8.676677,
                            41.150297
                        ],
                        [
                            -8.6763,
                            41.149611
                        ],
                        [
                            -8.675033,
                            41.147941
                        ],
                        [
                            -8.673617,
                            41.147464
                        ],
                        [
                            -8.670899,
                            41.147445
                        ],
                        [
                            -8.670791,
                            41.147277
                        ],
                        [
                            -8.670504,
                            41.147265
                        ],
                        [
                            -8.670395,
                            41.147429
                        ],
                        [
                            -8.667515,
                            41.147293
                        ],
                        [
                            -8.666598,
                            41.147301
                        ],
                        [
                            -8.664487,
                            41.147887
                        ],
                        [
                            -8.663957,
                            41.147784
                        ],
                        [
                            -8.662583,
                            41.147517
                        ],
                        [
                            -8.662416,
                            41.147897
                        ],
                        [
                            -8.664411,
                            41.148267
                        ],
                        [
                            -8.66532,
                            41.148271
                        ],
                        [
                            -8.666647,
                            41.147649
                        ],
                        [
                            -8.667327,
                            41.147698
                        ],
                        [
                            -8.669053,
                            41.148401
                        ],
                        [
                            -8.671147,
                            41.149255
                        ],
                        [
                            -8.672761,
                            41.149254
                        ],
                        [
                            -8.672983,
                            41.150024
                        ],
                        [
                            -8.674278,
                            41.150092
                        ],
                        [
                            -8.67343,
                            41.154773
                        ],
                        [
                            -8.675459,
                            41.156918
                        ],
                        [
                            -8.676287,
                            41.156557
                        ],
                        [
                            -8.676586,
                            41.156825
                        ],
                        [
                            -8.677761,
                            41.156365
                        ]
                    ]
                ]
            },
            "properties": {
                "color": "#097138",
                "name": "Z58 (Verde)",
                "polygonId": "1861",
                "hasparkingpasses": "False",
                "isbillable": "True"
            },
            "id": "clxt4pji18hwc1lnrnw0egpo31861"
        },
        {
            "type": "Feature",
            "geometry": {
                "type": "MultiPolygon",
                "coordinates": [
                    [
                        [
                            [
                                -8.660232,
                                41.16198
                            ],
                            [
                                -8.662822,
                                41.163526
                            ],
                            [
                                -8.663218,
                                41.163579
                            ],
                            [
                                -8.663584,
                                41.162565
                            ],
                            [
                                -8.665128,
                                41.161759
                            ],
                            [
                                -8.666264,
                                41.161655
                            ],
                            [
                                -8.666206,
                                41.1612
                            ],
                            [
                                -8.665587,
                                41.160197
                            ],
                            [
                                -8.666468,
                                41.159884
                            ],
                            [
                                -8.665838,
                                41.158924
                            ],
                            [
                                -8.6614,
                                41.160559
                            ],
                            [
                                -8.661634,
                                41.160939
                            ],
                            [
                                -8.660232,
                                41.16198
                            ]
                        ]
                    ],
                    [
                        [
                            [
                                -8.6631,
                                41.155095
                            ],
                            [
                                -8.662888,
                                41.155174
                            ],
                            [
                                -8.664376,
                                41.15731
                            ],
                            [
                                -8.664568,
                                41.157238
                            ],
                            [
                                -8.664168,
                                41.156633
                            ],
                            [
                                -8.6631,
                                41.155095
                            ]
                        ]
                    ]
                ]
            },
            "properties": {
                "color": "#097138",
                "name": "Z64 (Verde)",
                "polygonId": "1862",
                "hasparkingpasses": "False",
                "isbillable": "True"
            },
            "id": "clxt4pji18hwc1lnrnw0egpo31862"
        },
        {
            "type": "Feature",
            "geometry": {
                "type": "Polygon",
                "coordinates": [
                    [
                        [
                            -8.665587,
                            41.160197
                        ],
                        [
                            -8.666206,
                            41.1612
                        ],
                        [
                            -8.666264,
                            41.161655
                        ],
                        [
                            -8.665128,
                            41.161759
                        ],
                        [
                            -8.663584,
                            41.162565
                        ],
                        [
                            -8.663218,
                            41.163579
                        ],
                        [
                            -8.667924,
                            41.164367
                        ],
                        [
                            -8.668319,
                            41.163016
                        ],
                        [
                            -8.667955,
                            41.16232
                        ],
                        [
                            -8.667175,
                            41.160977
                        ],
                        [
                            -8.666468,
                            41.159884
                        ],
                        [
                            -8.665587,
                            41.160197
                        ]
                    ]
                ]
            },
            "properties": {
                "color": "#097138",
                "name": "Z67 (Verde)",
                "polygonId": "1863",
                "hasparkingpasses": "False",
                "isbillable": "True"
            },
            "id": "clxt4pji18hwc1lnrnw0egpo31863"
        },
        {
            "type": "Feature",
            "geometry": {
                "type": "MultiPolygon",
                "coordinates": [
                    [
                        [
                            [
                                -8.688689,
                                41.172766
                            ],
                            [
                                -8.687721,
                                41.171318
                            ],
                            [
                                -8.687,
                                41.171591
                            ],
                            [
                                -8.687986,
                                41.17305
                            ],
                            [
                                -8.688689,
                                41.172766
                            ]
                        ]
                    ],
                    [
                        [
                            [
                                -8.687915,
                                41.168048
                            ],
                            [
                                -8.68842,
                                41.167432
                            ],
                            [
                                -8.686936,
                                41.164482
                            ],
                            [
                                -8.684497,
                                41.165278
                            ],
                            [
                                -8.684913,
                                41.166148
                            ],
                            [
                                -8.68453,
                                41.167451
                            ],
                            [
                                -8.687915,
                                41.168048
                            ]
                        ]
                    ]
                ]
            },
            "properties": {
                "color": "#097138",
                "name": "Z60 (Verde)",
                "polygonId": "1864",
                "hasparkingpasses": "False",
                "isbillable": "True"
            },
            "id": "clxt4pji18hwc1lnrnw0egpo31864"
        },
        {
            "type": "Feature",
            "geometry": {
                "type": "MultiPolygon",
                "coordinates": [
                    [
                        [
                            [
                                -8.672573,
                                41.154744
                            ],
                            [
                                -8.670573,
                                41.152817
                            ],
                            [
                                -8.669359,
                                41.152257
                            ],
                            [
                                -8.669157,
                                41.152472
                            ],
                            [
                                -8.672239,
                                41.154932
                            ],
                            [
                                -8.672573,
                                41.154744
                            ]
                        ]
                    ],
                    [
                        [
                            [
                                -8.66184,
                                41.152812
                            ],
                            [
                                -8.661221,
                                41.152881
                            ],
                            [
                                -8.661588,
                                41.153374
                            ],
                            [
                                -8.662033,
                                41.153558
                            ],
                            [
                                -8.6631,
                                41.155095
                            ],
                            [
                                -8.664168,
                                41.156633
                            ],
                            [
                                -8.664352,
                                41.156557
                            ],
                            [
                                -8.66184,
                                41.152812
                            ]
                        ]
                    ]
                ]
            },
            "properties": {
                "color": "#097138",
                "name": "Z66 (Verde)",
                "polygonId": "1865",
                "hasparkingpasses": "False",
                "isbillable": "True"
            },
            "id": "clxt4pji18hwc1lnrnw0egpo31865"
        },
        {
            "type": "Feature",
            "geometry": {
                "type": "Polygon",
                "coordinates": [
                    [
                        [
                            -8.648352,
                            41.166984
                        ],
                        [
                            -8.649964,
                            41.167866
                        ],
                        [
                            -8.65073,
                            41.167345
                        ],
                        [
                            -8.651142,
                            41.166751
                        ],
                        [
                            -8.655138,
                            41.167403
                        ],
                        [
                            -8.655252,
                            41.167024
                        ],
                        [
                            -8.651213,
                            41.166345
                        ],
                        [
                            -8.650392,
                            41.166191
                        ],
                        [
                            -8.651522,
                            41.161755
                        ],
                        [
                            -8.649586,
                            41.161425
                        ],
                        [
                            -8.649409,
                            41.162851
                        ],
                        [
                            -8.648412,
                            41.164378
                        ],
                        [
                            -8.647336,
                            41.165355
                        ],
                        [
                            -8.646975,
                            41.166664
                        ],
                        [
                            -8.648352,
                            41.166984
                        ]
                    ]
                ]
            },
            "properties": {
                "color": "#097138",
                "name": "Z63 (Verde)",
                "polygonId": "1867",
                "hasparkingpasses": "False",
                "isbillable": "True"
            },
            "id": "clxt4pji18hwc1lnrnw0egpo31867"
        },
        {
            "type": "Feature",
            "geometry": {
                "type": "Polygon",
                "coordinates": [
                    [
                        [
                            -8.663016,
                            41.163795
                        ],
                        [
                            -8.662585,
                            41.163602
                        ],
                        [
                            -8.66046,
                            41.166285
                        ],
                        [
                            -8.660873,
                            41.166473
                        ],
                        [
                            -8.663016,
                            41.163795
                        ]
                    ]
                ]
            },
            "properties": {
                "color": "#097138",
                "name": "Z62 (Verde)",
                "polygonId": "1868",
                "hasparkingpasses": "False",
                "isbillable": "True"
            },
            "id": "clxt4pji18hwc1lnrnw0egpo31868"
        },
        {
            "type": "Feature",
            "geometry": {
                "type": "Polygon",
                "coordinates": [
                    [
                        [
                            -8.641295,
                            41.148978
                        ],
                        [
                            -8.641119,
                            41.14828
                        ],
                        [
                            -8.640523,
                            41.148367
                        ],
                        [
                            -8.640219,
                            41.148406
                        ],
                        [
                            -8.639954,
                            41.148416
                        ],
                        [
                            -8.637144,
                            41.148236
                        ],
                        [
                            -8.636231,
                            41.148094
                        ],
                        [
                            -8.635536,
                            41.147934
                        ],
                        [
                            -8.634561,
                            41.147659
                        ],
                        [
                            -8.634147,
                            41.14749
                        ],
                        [
                            -8.633213,
                            41.146982
                        ],
                        [
                            -8.630664,
                            41.149767
                        ],
                        [
                            -8.631047,
                            41.150044
                        ],
                        [
                            -8.631356,
                            41.150004
                        ],
                        [
                            -8.632863,
                            41.150468
                        ],
                        [
                            -8.633263,
                            41.150509
                        ],
                        [
                            -8.633512,
                            41.150408
                        ],
                        [
                            -8.633486,
                            41.149764
                        ],
                        [
                            -8.63363,
                            41.149283
                        ],
                        [
                            -8.633942,
                            41.149239
                        ],
                        [
                            -8.63442,
                            41.149583
                        ],
                        [
                            -8.634885,
                            41.14953
                        ],
                        [
                            -8.635844,
                            41.150005
                        ],
                        [
                            -8.63632,
                            41.150054
                        ],
                        [
                            -8.637008,
                            41.149834
                        ],
                        [
                            -8.637261,
                            41.149318
                        ],
                        [
                            -8.637797,
                            41.149042
                        ],
                        [
                            -8.638377,
                            41.14907
                        ],
                        [
                            -8.63981,
                            41.149144
                        ],
                        [
                            -8.640721,
                            41.149058
                        ],
                        [
                            -8.641295,
                            41.148978
                        ]
                    ]
                ]
            },
            "properties": {
                "color": "#f5c840",
                "name": "Z49 Ouro (Amarela max: 2h)",
                "polygonId": "1962",
                "hasparkingpasses": "False",
                "isbillable": "True"
            },
            "id": "clxt4pji18hwc1lnrnw0egpo31962"
        },
        {
            "type": "Feature",
            "geometry": {
                "type": "Polygon",
                "coordinates": [
                    [
                        [
                            -8.630664,
                            41.149767
                        ],
                        [
                            -8.633213,
                            41.146982
                        ],
                        [
                            -8.632805,
                            41.146756
                        ],
                        [
                            -8.630117,
                            41.149711
                        ],
                        [
                            -8.630557,
                            41.149517
                        ],
                        [
                            -8.630664,
                            41.149767
                        ]
                    ]
                ]
            },
            "properties": {
                "color": "#f5c840",
                "name": "Z49 Ouro (max: 10h)",
                "polygonId": "2107",
                "hasparkingpasses": "False",
                "isbillable": "True"
            },
            "id": "clxt4pji18hwc1lnrnw0egpo32107"
        },
        {
            "type": "Feature",
            "geometry": {
                "type": "Polygon",
                "coordinates": [
                    [
                        [
                            -8.629246,
                            41.151463
                        ],
                        [
                            -8.630664,
                            41.149767
                        ],
                        [
                            -8.630557,
                            41.149517
                        ],
                        [
                            -8.630117,
                            41.149711
                        ],
                        [
                            -8.628919,
                            41.151134
                        ],
                        [
                            -8.629107,
                            41.151222
                        ],
                        [
                            -8.629005,
                            41.151446
                        ],
                        [
                            -8.629246,
                            41.151463
                        ]
                    ]
                ]
            },
            "properties": {
                "color": "#f5c840",
                "name": "Z50 CDUP (Amarela, max: 10h)",
                "polygonId": "2108",
                "hasparkingpasses": "False",
                "isbillable": "True"
            },
            "id": "clxt4pji18hwc1lnrnw0egpo32108"
        }
    ]
}