label,city,latitude,longitude,gnss_accuracy_mean,gnss_accuracy_delta,gnss_lost_ratio,pressure_hpa,pressure_delta,pressure_variance,altitude_delta,magnetic_field_mean,magnetic_field_delta,magnetic_variance,window_duration_s
street_level,Maia,41.20264,-8.55961,14.9167,2.87769,0.03282,1003.72799,0.16968,0.01252,0.97696,27.21973,-5.90525,3.42098,7.05605
street_level,Arouca,40.93197,-8.2446,4.22819,6.62684,0.00816,1007.36204,0.99914,0.00543,6.93215,49.84445,-1.58199,0.0,125.17682
street_level,Maia,41.20193,-8.55884,18.76071,1.40239,0.01592,1006.76815,-0.01446,0.0,-0.26717,39.5281,-6.26329,10.32448,14.16336
underground,Espinho,41.01175,-8.63858,44.5658,51.06921,0.0,1004.80994,-0.40626,0.0,-4.47584,39.27278,-33.25942,324.04298,3.0
underground,Matosinhos,41.17492,-8.68676,40.15477,78.55528,0.0,1008.23665,-0.35306,0.02598,-2.91735,51.46026,-55.46061,196.0283,43.27745
underground,Oeiras,38.68714,-9.31442,22.76761,120.70264,0.54212,1003.85484,-0.65666,0.11608,-5.91311,19.46613,1.72426,0.33274,27.95479
above,Maia,41.20245,-8.55948,55.80436,81.1096,0.0,1006.6936,0.15101,0.08872,4.49089,39.80293,6.20071,291.69226,115.43115
street_level,Matosinhos,41.17202,-8.68068,15.70565,1.49291,0.02177,1012.08924,0.00126,0.0,3.41678,30.92278,-9.58195,0.0,3.0
street_level,Espinho,41.00941,-8.6397,8.56823,0.0,0.0,1003.2064,0.40737,0.01039,0.83246,37.45235,-4.90594,26.0295,3.0
underground,Vila nova de Gaia,41.12977,-8.60875,23.61169,62.65454,0.0,1006.40496,-0.37341,0.0,-3.16489,45.74153,-48.63615,242.20824,19.76875
street_level,Espinho,41.00931,-8.63927,8.90563,0.0,0.0026,997.88892,0.64471,0.0,0.97644,39.75308,0.306,0.0,20.40563
underground,Vila nova de Gaia,41.12272,-8.60598,42.53522,0.0,0.42814,1003.95664,-0.56356,0.17518,-4.70501,31.73157,-0.23029,79.73685,125.44369
street_level,Matosinhos,41.17228,-8.68071,12.99183,0.0,0.01647,996.75446,-0.44287,0.0,-1.00482,15.11454,5.31585,0.0,3.0
street_level,Matosinhos,41.17251,-8.68021,5.27175,11.72408,0.0,1006.36735,0.35182,0.0,-1.55996,48.08141,-0.34407,0.0,73.31425
underground,Arouca,40.93126,-8.24537,36.16927,47.73614,0.0,1009.16013,-0.39366,0.04263,-3.63551,53.6314,-20.86905,311.95608,58.78715
above,Vila nova de Gaia,41.12798,-8.61211,47.62955,69.24154,0.0,1003.39696,1.73604,0.2282,15.37239,44.94038,-2.50903,124.60192,3.0
street_level,Matosinhos,41.17289,-8.68016,19.18172,1.41535,0.02771,1011.06694,0.01739,0.0046,-4.19041,40.22475,-7.36891,0.0,9.39763
underground,Arouca,40.92919,-8.24642,43.97758,40.56767,0.2427,1006.80237,-0.55733,0.18249,-4.61716,31.49472,-30.91088,230.56725,179.76089
street_level,Vila nova de Gaia,41.11696,-8.60636,13.8871,0.15668,0.0,1014.04688,-0.0528,0.0,1.6296,35.58726,-1.00136,0.0,3.0
street_level,Espinho,41.01177,-8.63913,5.03997,12.77628,0.01034,1003.98421,0.63528,0.01188,3.61574,47.03207,2.52737,0.83789,96.91219
street_level,Espinho,41.00647,-8.64065,4.24295,0.0,0.00295,996.45011,0.53685,0.01062,3.67612,25.27851,0.59261,0.0,66.233
underground,Espinho,41.01096,-8.64307,50.25424,48.63896,0.43664,1001.2136,-0.65573,0.11778,-4.57459,33.2614,20.07252,0.0,187.88244
street_level,Espinho,41.00725,-8.6431,11.10521,0.37958,0.01299,994.40006,-0.25316,0.0,3.06025,32.10721,-2.63316,0.0,3.0
street_level,Matosinhos,41.17661,-8.6887,4.26227,5.37253,0.03413,999.49664,0.32197,0.01381,4.3183,24.30807,5.47068,8.53661,53.29493
street_level,Oeiras,38.714,-9.2367,9.10182,0.0,0.0203,996.80775,0.01922,0.0,-1.20529,27.8127,-3.25013,0.0,14.78877
street_level,Maia,41.20312,-8.55924,6.86947,1.70561,0.0129,995.79708,0.07989,0.0,-4.34921,60.43214,-1.37721,0.0,3.79102
street_level,Espinho,41.00364,-8.64243,11.75198,3.19785,0.01712,1004.44529,-0.28748,0.0,2.49776,24.24872,-3.67166,4.9288,13.59862
street_level,Oeiras,38.71228,-9.30077,13.31621,0.0,0.00793,1006.76009,-0.11881,0.0,-1.27024,42.10206,-4.69699,0.0,4.7824
above,Maia,41.20334,-8.5592,28.20816,86.07954,0.00649,1003.60287,1.01247,0.35936,13.57316,23.20314,5.57508,198.50365,27.41099
street_level,Vila nova de Gaia,41.13332,-8.6124,8.03223,24.09314,0.01608,1000.65375,0.71613,0.0,6.25501,22.37139,-2.58625,6.57084,84.74686
underground,Vila nova de Gaia,41.12681,-8.61315,49.10471,19.5789,0.16747,1003.60129,-0.68227,0.09977,-4.58187,38.37969,16.0626,305.63761,140.78106
street_level,Vila nova de Gaia,41.12679,-8.61735,8.23054,0.2234,0.0,998.95351,-0.06566,0.0,-1.23009,63.93737,-4.28271,0.0,3.0
street_level,Porto,41.14437,-8.61122,5.61849,0.0,0.0,997.79096,0.07778,0.02717,0.39071,54.24257,2.53781,11.69264,3.0
street_level,Espinho,41.0066,-8.64423,7.04349,0.20289,0.00181,996.10894,-0.04239,0.00512,-1.91036,43.69938,5.41369,21.75627,3.0
street_level,Vila nova de Gaia,41.13585,-8.61168,11.75115,0.0,0.0,1003.63157,-0.1388,0.01677,-1.0903,27.53637,-8.49449,0.0,28.4259
underground,Espinho,41.00848,-8.63657,41.12818,0.0,0.131,1003.3184,-0.62924,0.19415,-5.38227,26.30045,47.08978,149.2754,127.01289
underground,Vila nova de Gaia,41.13417,-8.61612,22.2592,120.41487,0.36727,1004.89651,-0.7669,0.27897,-4.77261,39.13841,32.34364,0.0,168.09268
street_level,Vila nova de Gaia,41.12407,-8.61011,17.07883,2.92282,0.00795,1006.52582,-0.204,0.0,-6.1968,36.47862,-1.91683,0.0,3.0
underground,Oeiras,38.69111,-9.31814,40.00627,11.78113,0.0,1003.91827,-0.69993,0.2447,-4.68924,37.93836,-14.50961,361.99703,221.33424
underground,Oeiras,38.72865,-9.23647,27.80071,59.21675,0.54748,1006.41784,-0.49469,0.19464,-4.88728,25.80641,9.87253,133.5778,131.65831
street_level,Maia,41.20195,-8.55753,12.00483,4.97161,0.01329,1000.33203,-0.15722,0.02136,-1.90487,27.2579,5.36523,0.0,3.0
underground,Arouca,40.93081,-8.24801,22.08952,70.54788,0.5047,1002.74718,-0.42404,0.23151,-4.84755,45.14522,36.22733,14.79932,54.19056
street_level,Porto,41.15405,-8.67923,14.94239,0.0,0.0,1009.34715,-0.05047,0.0,0.40948,42.50021,-1.82548,0.0,3.0
underground,Porto,41.164,-8.6492,29.46515,69.42725,0.17073,1008.16438,-0.40312,0.02644,-4.3254,41.61133,9.66324,225.32883,3.0
underground,Matosinhos,41.17156,-8.67897,28.14178,104.66431,0.42338,1003.7837,-0.60711,0.21838,-3.67622,32.95558,34.50091,291.7484,68.76028
street_level,Arouca,40.92918,-8.24821,9.34641,0.0,0.01497,1013.6695,0.04233,0.0,1.50119,45.9976,-3.74941,7.33262,31.91602
underground,Espinho,41.00934,-8.63993,27.64132,86.62147,0.0,1006.55824,-0.27403,0.00873,-2.85476,37.88626,-44.42727,236.57704,20.97466
above,Arouca,40.93179,-8.24299,64.22683,86.02764,0.0,1005.1889,0.70328,0.00134,5.52954,56.08434,5.61916,169.86137,96.37118
street_level,Vila nova de Gaia,41.12539,-8.60805,6.66929,4.21632,0.00451,997.3485,-0.1716,0.0,-0.63618,60.62761,-3.28688,24.48291,18.3328
underground,Arouca,40.92987,-8.24633,43.52912,49.72169,0.0,1005.5899,-0.50164,0.16218,-4.28268,36.04908,-17.29622,173.04547,138.78273
underground,Matosinhos,41.17712,-8.68307,32.72594,67.19366,0.29143,1002.55672,-0.60748,0.15169,-5.49321,30.44447,-19.23836,0.0,74.42148
underground,Espinho,41.01107,-8.63612,43.18667,44.97933,0.27169,1004.54243,-0.53458,0.04212,-5.39567,32.26722,17.67028,245.48522,146.55439
street_level,Vila nova de Gaia,41.12423,-8.60741,11.7869,0.0,0.00472,1000.67305,-0.14316,0.0328,-1.16057,20.54426,2.80883,0.0,20.63846
street_level,Arouca,40.92898,-8.24795,10.86364,0.0,0.0,992.36265,-0.12076,0.0,2.73811,58.88211,3.00212,0.0,3.0
underground,Porto,41.14634,-8.602,32.51159,91.49406,0.44992,1005.00301,-0.63498,0.15141,-2.83503,23.15297,26.18564,5.38256,94.4351
underground,Vila nova de Gaia,41.12149,-8.61463,35.52319,59.63049,0.0,1006.37764,-0.48524,0.0,-2.71325,41.91561,-13.53977,170.34472,40.56692
street_level,Matosinhos,41.17543,-8.69046,12.33885,2.6227,0.01467,1010.75448,-0.19532,0.0,-2.76199,23.36878,-2.40094,24.58014,7.27553
street_level,Maia,41.20209,-8.55753,9.41684,0.0,0.00366,1003.63599,0.30119,0.00683,-2.16668,22.46033,-4.84874,0.0,3.0
underground,Maia,41.20287,-8.55788,28.69381,73.19616,0.39293,1006.28292,-0.47705,0.12453,-5.37838,35.62094,20.09796,127.53842,19.07889
underground,Matosinhos,41.17287,-8.68841,53.86988,55.31248,0.64052,1003.88638,-0.43179,0.18749,-5.13694,32.52105,10.56214,139.11708,73.55616
street_level,Espinho,41.00387,-8.64405,5.93906,8.42288,0.00725,995.61376,-0.30454,0.00467,0.65049,18.45443,6.62345,0.0,3.0
underground,Oeiras,38.68584,-9.32154,32.15459,108.36216,0.76479,1004.12368,-0.65631,0.0312,-6.14646,20.63284,22.3357,18.78631,118.20155
street_level,Oeiras,38.68586,-9.31933,20.24784,0.0,0.00425,1002.91565,-0.26427,0.01592,-0.07368,43.82667,-5.62236,23.92882,3.0
street_level,Porto,41.1666,-8.62662,12.23433,1.20189,0.0,1001.00653,-0.06202,0.00077,-1.00137,22.4388,2.97602,5.16644,3.0
street_level,Matosinhos,41.17237,-8.68017,15.29182,0.0,0.0,1006.68203,0.17758,0.0,1.59844,38.78909,1.28734,0.0,15.66162
underground,Oeiras,38.69535,-9.29227,23.55806,72.69114,0.37442,1003.59801,-0.50334,0.22447,-6.24853,15.9619,20.55478,5.26604,92.17411
street_level,Maia,41.20214,-8.55753,12.9329,3.60838,0.0,1000.63094,-0.16104,0.01154,0.811,37.35339,0.72176,3.54438,13.28694
underground,Arouca,40.93158,-8.24461,27.0943,34.00306,0.0,1005.86756,-0.46337,0.0,-4.19204,49.40785,-33.58646,288.02245,3.0
street_level,Vila nova de Gaia,41.12415,-8.60973,14.3723,0.58511,0.0,1003.44629,0.12418,0.0,0.2788,28.95523,-4.53983,12.81291,3.0
street_level,Matosinhos,41.17245,-8.67981,14.89475,1.62028,0.01946,1004.25763,-0.55618,0.0,1.71509,35.3787,4.88435,9.40146,25.36149
above,Arouca,40.92972,-8.24742,60.42524,100.49367,0.0,1005.55497,0.33204,0.0,6.87936,32.22181,-1.39568,241.17216,118.09898
street_level,Oeiras,38.71287,-9.29745,6.97219,0.0,0.01326,999.61237,0.11665,0.00039,-2.13162,21.07883,-3.18154,0.0,26.62077
street_level,Porto,41.14749,-8.63376,4.47335,1.31094,0.0,1000.59232,0.38136,0.0,9.00676,33.46832,0.28776,9.34541,56.58915
street_level,Vila nova de Gaia,41.12463,-8.62136,9.79805,12.18034,0.00386,999.14292,0.04143,0.0,0.45393,52.94779,3.39691,17.52954,54.38332
street_level,Matosinhos,41.1759,-8.68896,13.56246,0.0,0.0,1006.04475,-0.15444,0.00403,4.41676,38.57808,-9.31308,0.0,3.0
street_level,Arouca,40.93089,-8.24719,14.05125,0.0,0.0,1007.49613,0.20107,0.0,-5.16415,30.11331,-6.34549,0.0,3.0
underground,Oeiras,38.70433,-9.22864,40.75702,55.8658,0.34154,1002.05986,-0.66304,0.1638,-4.8496,29.06955,20.00831,66.20318,81.20381
street_level,Maia,41.20192,-8.55761,12.22569,0.0,0.0398,1004.714,0.34903,0.00455,-2.04702,18.24935,-6.74409,41.8876,10.87358
street_level,Maia,41.20182,-8.55783,8.63341,18.10582,0.00164,1008.11146,0.73132,0.0,5.67004,41.17784,0.70158,7.72782,81.73028
street_level,Espinho,41.01164,-8.63981,11.52925,11.02186,0.00091,1002.32784,0.0651,0.0156,0.1753,28.27309,-5.6795,0.0,39.6938
street_level,Matosinhos,41.17744,-8.68098,10.81678,0.0,0.0,1005.64348,-0.40732,0.0,3.99678,54.49374,4.01679,10.95866,4.8358
underground,Vila nova de Gaia,41.12241,-8.61466,28.82085,90.64677,0.34287,1002.52713,-0.47438,0.30744,-4.17948,13.52431,-9.67674,142.46925,66.43172
underground,Matosinhos,41.17202,-8.68011,27.88712,79.00218,0.0,1005.23737,-0.34194,0.03198,-3.81016,36.32212,-43.31983,273.28233,3.0
street_level,Vila nova de Gaia,41.13471,-8.61479,12.45421,0.4377,0.01073,1015.10482,-0.05278,0.0,3.20155,31.80166,-6.69826,5.98923,29.53679
street_level,Porto,41.1633,-8.66624,9.65318,0.0,0.03242,994.94326,0.38688,0.01312,1.18435,46.21975,0.36338,0.0,5.6621
street_level,Arouca,40.92922,-8.24652,11.25308,7.89294,0.00456,1000.16019,-0.15475,0.0,2.73992,60.84481,1.99949,0.0,42.02541
underground,Maia,41.20208,-8.5594,25.78098,8.00612,0.23991,1003.8267,-0.58922,0.18303,-3.9485,31.77897,14.90984,332.02211,40.94062
above,Vila nova de Gaia,41.12536,-8.61524,53.33976,82.60722,0.0,1001.65523,1.50497,0.35305,12.27912,32.32973,-5.64562,170.45429,73.86173
street_level,Vila nova de Gaia,41.12881,-8.61443,9.27341,0.19466,0.0,1008.08646,0.89465,0.03281,1.99006,41.00391,-2.3296,0.0,50.54879
above,Vila nova de Gaia,41.12555,-8.60709,54.90207,89.02126,0.0,1005.35427,1.06622,0.20724,3.39437,43.3416,8.95249,258.05421,110.18231
street_level,Oeiras,38.70778,-9.24201,11.18164,3.85224,0.00989,998.17053,0.13887,0.0,-0.66305,64.48985,2.57248,0.0,3.0
street_level,Maia,41.20226,-8.5577,13.47257,0.0,0.0082,1000.58208,-0.05302,0.00111,0.88626,21.34865,-0.34823,12.36719,3.0
street_level,Arouca,40.93116,-8.24751,15.36359,0.0,0.0146,1004.20453,-0.05422,0.0145,-0.27787,20.99391,1.14547,0.0,6.79514
underground,Matosinhos,41.17351,-8.68075,23.70225,133.70925,0.55716,1005.27972,-0.53867,0.21491,-5.27761,32.10327,27.47192,157.77383,73.2106
underground,Matosinhos,41.17418,-8.68653,46.5138,33.02362,0.22959,1001.76226,-0.61327,0.16398,-4.85702,41.41344,28.63503,87.07944,120.94948
underground,Vila nova de Gaia,41.1327,-8.61359,51.37462,28.33241,0.17732,999.29587,-0.61537,0.137,-4.5432,33.44323,11.30607,259.80102,17.39715
underground,Espinho,41.00819,-8.64014,22.27086,78.85933,0.0,1007.11175,-0.55005,0.0,-3.1863,39.76145,-69.51325,255.71509,3.0
street_level,Maia,41.20265,-8.55793,6.72543,15.70483,0.0,1000.18817,0.77353,0.0,6.34163,46.05062,2.21081,0.0,91.25089
street_level,Vila nova de Gaia,41.12927,-8.61537,9.30815,6.70876,0.0,1000.25852,-0.4599,0.0,-2.78206,25.59874,4.38489,10.58336,3.0
above,Maia,41.20409,-8.5586,69.70969,83.44213,0.02317,1005.1726,0.51818,0.0,3.18977,56.96643,14.4985,234.98688,165.63621
street_level,Porto,41.17208,-8.59972,5.7042,2.2487,0.01191,1007.62442,0.7774,0.0,0.98902,50.97493,-5.17632,10.63423,110.1134
street_level,Arouca,40.93206,-8.24401,6.82448,1.9304,0.00038,1001.73232,0.16217,0.00215,-3.10785,72.70902,-0.53373,0.0,3.0
above,Arouca,40.92912,-8.24805,39.1868,83.7369,0.0,1003.3058,1.30652,0.13109,6.59741,25.2915,2.02611,148.91791,14.51773
street_level,Maia,41.20402,-8.55877,10.06043,0.0,0.0047,1012.70255,0.12395,0.0,1.24555,31.71169,-1.26503,1.55281,3.0
above,Maia,41.20382,-8.55896,33.46017,86.87379,0.0,1002.55635,1.83942,0.22536,11.97829,30.06714,-23.28297,93.77719,59.14302
street_level,Matosinhos,41.1719,-8.6783,13.41255,0.0,0.0,998.68261,-0.09471,0.0,2.65468,44.66462,-3.82156,23.58641,3.0
underground,Matosinhos,41.17181,-8.6803,32.06439,107.80489,0.02389,1006.53738,-0.33075,0.0065,-3.26449,46.42278,-55.12112,260.73737,16.58739
underground,Espinho,41.00904,-8.63933,31.80598,60.93788,0.07573,1006.62483,-0.45045,0.18955,-3.84562,50.11803,-74.88792,346.6447,3.0
underground,Vila nova de Gaia,41.12517,-8.61522,40.06767,38.7961,0.02919,1005.66301,-0.60298,0.0,-3.83537,46.9842,-31.36864,183.58304,32.02057
underground,Arouca,40.92983,-8.24657,40.10924,12.31905,0.17095,1002.56072,-0.57504,0.22999,-3.98195,37.26132,-15.7183,140.75177,126.68415
above,Matosinhos,41.173,-8.68902,58.2811,89.73278,0.00043,1002.04296,1.43786,0.19243,8.55949,34.47222,-20.60998,118.92889,48.51263
underground,Oeiras,38.68538,-9.32379,12.50074,76.6476,0.20905,1006.17471,-0.53376,0.08891,-5.73215,17.18305,16.72086,98.8339,86.6812
street_level,Maia,41.20216,-8.55938,5.19363,10.18868,0.00363,1009.62882,0.54468,0.0,8.4477,46.00846,1.24292,0.0,43.48971
underground,Porto,41.15032,-8.58354,46.74829,37.71949,0.20412,1002.23328,-0.52129,0.26744,-5.26315,27.24272,17.65953,21.70318,64.87227
underground,Matosinhos,41.17683,-8.68382,33.18743,59.68297,0.0,1007.7687,-0.50276,0.02318,-2.60808,34.36026,-48.66306,463.81857,3.0
underground,Vila nova de Gaia,41.11576,-8.61101,27.29607,118.99199,0.52065,1003.90443,-0.6742,0.18286,-5.59507,35.55492,41.54175,135.94727,44.91168
underground,Oeiras,38.71578,-9.23443,28.78418,110.08227,0.39409,1002.44251,-0.76163,0.12023,-4.88577,22.91812,-19.92986,0.0,180.15794
street_level,Vila nova de Gaia,41.12808,-8.60682,10.52261,0.0,0.0,999.21649,-0.03999,0.0179,1.461,54.07491,1.75265,0.0,3.0
street_level,Porto,41.1621,-8.59112,7.4315,18.02316,0.0,1001.91647,0.49844,0.0,6.64381,39.02833,2.66458,0.0,60.67594
above,Espinho,41.00591,-8.63631,43.67017,82.86517,0.02608,1007.23126,0.92486,0.00923,4.66062,42.95833,4.62134,204.04326,95.72046
street_level,Oeiras,38.6895,-9.29969,8.5234,3.57274,0.00034,1004.60684,-0.09825,0.0,-1.39495,9.88128,5.34147,12.71781,61.29767
underground,Oeiras,38.72516,-9.23438,46.35045,15.70763,0.35773,1003.49914,-0.57824,0.21374,-5.56072,27.54955,6.09758,257.2673,111.08607
underground,Maia,41.20192,-8.5577,34.03445,81.07574,0.2717,1007.54824,-0.7131,0.2281,-3.99278,24.18799,16.42363,0.0,101.1132
street_level,Arouca,40.93203,-8.24442,16.52273,2.6108,0.0,997.64256,0.11216,0.00745,-4.22822,28.49268,0.79151,10.17406,3.0
street_level,Porto,41.16557,-8.63907,16.96545,0.0,0.00506,1005.4159,-0.39044,0.00316,-0.9068,45.69209,-6.5248,0.0,3.0
street_level,Matosinhos,41.17708,-8.68126,8.38611,1.81015,0.0,1001.45945,0.12037,0.02734,2.89718,34.72369,-2.62296,16.68589,30.58452
street_level,Vila nova de Gaia,41.12983,-8.60943,11.5021,14.00136,0.0,1007.58462,0.83112,0.01264,8.74865,36.03525,1.81339,0.0,87.44076
above,Vila nova de Gaia,41.13045,-8.60815,30.37951,76.25095,0.02333,1004.66305,1.45207,0.35141,9.42925,35.79704,-9.60001,208.83232,42.89342
underground,Arouca,40.93208,-8.24617,44.24895,2.24438,0.29331,1003.05766,-0.50329,0.12573,-5.89317,24.08183,54.48473,492.67163,211.56174
underground,Oeiras,38.69638,-9.29166,26.62901,103.04163,0.46457,1002.77707,-0.49082,0.16067,-3.68298,35.22476,15.63015,0.0,95.00891
above,Porto,41.16005,-8.58336,46.3675,77.86555,0.00553,1001.44936,1.75475,0.13884,6.46971,24.61847,-5.71951,95.55132,61.42103
street_level,Maia,41.20334,-8.55892,14.23799,0.0,0.0,1002.88715,0.49851,0.0,-2.31835,44.84019,-5.52952,37.22104,3.0
street_level,Arouca,40.93096,-8.24711,6.79878,7.1395,0.0,1003.53114,0.72879,0.0,5.90557,27.44212,-0.23582,0.0,53.82229
street_level,Espinho,41.01172,-8.64071,16.48659,0.0,0.02185,997.3327,-0.0598,0.01419,0.99165,20.65713,5.6568,14.16252,3.0
street_level,Arouca,40.93088,-8.24739,7.83086,0.0,0.0,1000.54089,0.26976,0.0,1.6332,55.27801,-2.82889,0.0,3.0
underground,Espinho,41.01123,-8.63948,28.59128,90.72997,0.1522,1007.26339,-0.50827,0.0,-3.08272,52.15811,-74.12974,504.12669,3.0
above,Arouca,40.93089,-8.24745,81.91799,87.20282,0.01671,1005.09096,0.83445,0.1022,5.60947,64.47699,15.33462,214.94101,150.15627
street_level,Oeiras,38.71484,-9.23753,6.83841,16.3219,0.00297,1012.23561,0.55012,0.005,9.47524,20.98235,-4.20625,0.0,80.5449
street_level,Matosinhos,41.1737,-8.68078,11.29851,0.0,0.01489,1007.07755,-0.13629,0.02521,0.60799,40.69407,-3.7801,0.0,3.0
street_level,Porto,41.14674,-8.61112,9.30497,0.0,0.0,997.62348,-0.23616,0.0,-0.48444,22.77986,-2.80593,6.43627,3.0
street_level,Oeiras,38.70449,-9.22935,7.3389,0.0,0.00233,1008.68937,0.03014,0.00108,-0.69628,52.49826,-0.28271,0.0,3.0
street_level,Porto,41.17666,-8.60395,8.66124,8.28642,0.0,1000.02973,0.62764,0.01492,0.38262,39.60147,4.43642,0.0,74.54462
street_level,Oeiras,38.70853,-9.24313,9.36503,6.02066,0.0,1005.86436,0.4918,0.02044,5.41934,22.38697,-0.98964,0.0,86.46255
street_level,Vila nova de Gaia,41.12415,-8.60788,9.45467,0.0,0.0,1000.98103,-0.1285,0.0,-0.31099,69.49542,-0.00808,0.0,3.0
street_level,Matosinhos,41.17248,-8.68002,9.82501,0.0,0.0,1002.65818,0.22733,0.0,-4.67688,32.61738,4.31183,0.0,3.0
street_level,Arouca,40.93189,-8.24638,11.56805,0.0,0.0,1008.53805,-0.34216,0.0,0.23239,29.71297,-7.09002,17.98862,3.0
street_level,Oeiras,38.6808,-9.31929,15.2035,6.80822,0.0,1001.95334,0.02389,0.01168,-2.10685,42.66262,-6.94255,7.07187,3.0
street_level,Arouca,40.92916,-8.24625,16.55793,4.90838,0.0321,1005.72399,0.42115,0.0,2.22806,30.56137,-6.41019,4.63769,3.0
street_level,Matosinhos,41.16733,-8.68838,11.43087,0.0,0.02902,998.28008,-0.04735,0.0,0.1687,32.52024,-3.02934,7.29769,3.0
street_level,Oeiras,38.71284,-9.22295,17.17858,2.2055,0.0,1005.59731,-0.80616,0.00426,-2.5468,38.6409,5.20885,28.52318,3.0
street_level,Matosinhos,41.16741,-8.68806,14.82479,3.41686,0.03012,1010.26989,-0.16505,0.01431,-1.56303,38.93757,-6.60268,0.0,6.17162
street_level,Maia,41.2039,-8.55885,15.35472,0.0,0.0,1010.63059,0.24535,0.0,1.51023,30.66724,-1.89944,18.60724,12.57187
street_level,Porto,41.17584,-8.60054,6.52854,0.0,0.0,1006.04886,0.70879,0.00599,8.56768,24.97853,-0.49519,26.72632,17.14442
above,Maia,41.20231,-8.55868,48.33002,89.22986,0.0107,1005.87753,1.08599,0.17646,12.40254,40.1277,5.74248,0.0,37.58914
street_level,Oeiras,38.72847,-9.23717,2.2616,0.0,0.0101,1001.10427,0.21725,0.0,0.03781,52.09222,-0.36662,0.0,3.0
underground,Arouca,40.92955,-8.2474,15.85933,133.42315,0.34714,1003.59582,-0.54847,0.09911,-4.51647,32.04002,6.28224,91.11245,186.35387
above,Matosinhos,41.17175,-8.67824,52.88743,90.9077,0.0,1007.48422,1.00845,0.0,9.11541,50.12582,16.3175,226.87734,87.85806
underground,Maia,41.20212,-8.55748,46.66873,75.54636,0.22104,1001.88552,-0.59382,0.08546,-2.79429,44.39458,36.16703,237.24837,114.59426
street_level,Matosinhos,41.17287,-8.68913,20.0558,0.0,0.00882,999.15038,0.0419,0.0,-4.00228,40.76511,-6.0317,0.0,24.14215
street_level,Oeiras,38.68561,-9.32356,13.32557,0.0,0.0,1016.60899,-0.36198,0.01401,1.08398,52.71685,-0.72708,1.84643,28.25663
street_level,Porto,41.15756,-8.64307,12.22185,0.79591,0.0,1010.46168,0.20671,0.00654,-3.77891,27.64055,-4.59588,0.0,3.0
street_level,Oeiras,38.6977,-9.22792,15.44907,10.00241,0.00248,994.5456,-0.00245,0.02559,0.20009,35.20426,2.61695,0.0,3.38435
street_level,Matosinhos,41.17218,-8.68073,15.82077,8.0115,0.00802,1011.17473,0.02343,0.0,-0.668,43.20637,-0.5785,26.13854,3.0
street_level,Oeiras,38.71566,-9.22548,15.10817,4.91414,0.0121,996.17432,0.25654,0.0,-3.36723,27.22346,2.59296,6.28841,14.82149
street_level,Espinho,41.00408,-8.63788,11.36296,5.63661,0.04828,1007.28288,0.37742,0.01442,-0.62968,39.77544,-7.79362,24.65526,3.0
street_level,Vila nova de Gaia,41.13231,-8.61464,12.18154,7.78741,0.02842,1006.3991,-0.28813,0.0,0.66975,27.5549,-1.39521,0.0,3.0
street_level,Oeiras,38.70146,-9.23135,14.36639,0.0,0.0043,1000.46087,-0.32315,0.0,4.08135,14.41029,5.23089,12.54915,3.76387
above,Arouca,40.93079,-8.24708,69.53326,88.2569,0.00705,1007.04769,0.43038,0.05396,3.64536,58.92473,23.50807,167.53489,111.38091
street_level,Oeiras,38.69939,-9.23186,7.21461,1.44722,0.0,1000.45402,0.46635,0.02103,8.62401,45.75328,4.56107,0.0,27.4508
street_level,Matosinhos,41.17364,-8.68845,5.1635,5.59367,2e-05,1004.80871,0.17702,0.0,7.02531,32.35202,0.11304,3.52521,59.1281
above,Espinho,41.00828,-8.63811,54.35092,70.61764,0.02839,1003.36776,1.45925,0.38995,14.05541,27.24053,-13.37732,84.08114,15.60757
underground,Matosinhos,41.1748,-8.68266,47.61964,66.31658,0.39057,1005.26628,-0.51003,0.08467,-5.53008,43.96152,-1.43837,0.0,149.1359
above,Porto,41.14878,-8.62562,56.48361,94.5015,0.0039,1004.44123,0.69459,0.10669,6.25248,49.43047,9.00074,203.09996,45.57361
street_level,Matosinhos,41.16797,-8.68925,15.92839,0.0,0.0,1002.62969,0.0532,0.00758,-0.68618,33.90426,-4.73267,0.0,3.0
underground,Maia,41.20229,-8.55958,26.20709,91.1088,0.33587,1002.85731,-0.59305,0.07533,-4.9652,18.1378,5.39523,115.26551,58.56482
street_level,Arouca,40.92973,-8.2476,10.95449,2.43864,0.01997,1004.67643,0.01738,0.0055,-3.87744,42.24471,4.6118,0.95147,3.0
street_level,Oeiras,38.70227,-9.2289,15.56024,0.0,0.0,1010.17184,-0.36935,0.0,0.50135,25.91022,-5.78095,0.21063,16.48323
above,Porto,41.15537,-8.59861,62.20455,101.72105,0.0,1004.33987,1.13867,0.09402,9.14409,35.65252,-0.84134,173.4605,8.64262
street_level,Espinho,41.00399,-8.63819,16.95934,0.0,0.0,1004.81141,0.25579,0.0,-0.91108,37.86036,-1.79368,41.39387,3.0
above,Vila nova de Gaia,41.133,-8.61587,49.44509,82.73248,0.0,1001.55123,1.48384,0.34654,7.33033,20.9829,-12.76098,94.74188,10.65025
underground,Matosinhos,41.17151,-8.6789,33.17996,83.6369,0.17963,1007.42946,-0.57493,0.0,-2.718,55.47206,-46.02774,313.11853,3.0
underground,Vila nova de Gaia,41.12447,-8.60932,17.09422,85.94094,0.38226,1003.43094,-0.62372,0.30221,-5.05113,25.00738,-17.55905,62.70561,78.58573
street_level,Arouca,40.93197,-8.24683,17.84071,3.98688,0.00622,1004.88357,0.06301,0.0,0.98923,29.65204,-1.06409,23.99228,13.59906
underground,Espinho,41.00754,-8.64336,26.34618,45.939,0.0,1006.7508,-0.47848,0.0,-3.18367,47.91564,-63.20784,326.70382,3.0
above,Oeiras,38.71304,-9.22595,62.17942,85.28008,0.0,1001.99206,1.03331,0.18494,9.76064,25.96448,-19.64394,57.39993,3.0
street_level,Matosinhos,41.17373,-8.68515,10.62103,0.0,0.0,1004.95515,0.04614,0.01034,0.18313,48.90771,-0.06643,24.10627,17.65947
street_level,Vila nova de Gaia,41.12657,-8.60761,8.93171,8.6839,0.00298,1003.44537,0.63789,0.0,6.99069,31.71072,1.9479,0.0,78.23531
above,Matosinhos,41.17518,-8.68295,37.29082,92.19082,0.00018,1002.2698,2.02841,0.26293,11.204,42.25311,-5.21417,107.24618,3.0
underground,Espinho,41.01164,-8.63955,22.10576,78.05352,0.04301,1005.57531,-0.29982,0.03583,-4.70845,49.64111,-59.88803,286.8629,9.63497
street_level,Vila nova de Gaia,41.13542,-8.61196,9.68893,3.13729,0.0,1000.07631,-0.40091,0.02007,-3.18588,51.31139,-4.13152,0.0,5.30617
street_level,Espinho,41.00587,-8.64406,13.9077,0.0,0.0,998.85759,0.05863,0.0,0.7977,66.88387,0.32389,0.0,3.0
underground,Matosinhos,41.16854,-8.68861,43.10524,49.2941,0.11523,1004.24721,-0.64706,0.18574,-4.6219,23.60822,15.99423,334.15831,113.15946
street_level,Arouca,40.92931,-8.24804,7.73494,9.9571,0.01591,999.49001,0.02142,0.01122,-3.80112,40.13868,5.57723,0.0,3.0
street_level,Oeiras,38.70192,-9.30217,11.24106,0.80156,0.00704,1000.55239,0.12578,0.0,0.87352,44.10959,-5.40879,18.3373,23.03056
street_level,Matosinhos,41.17477,-8.6894,10.998,5.32382,0.0,999.00587,0.04052,0.0,4.90926,25.83169,0.30379,0.0,3.0
underground,Vila nova de Gaia,41.12793,-8.6077,33.57732,50.96087,0.29326,1005.93186,-0.6799,0.29092,-6.77792,33.35271,-26.79563,41.27742,109.65481
underground,Oeiras,38.6898,-9.31585,30.51096,97.25619,0.11188,1004.1201,-0.63165,0.09379,-5.37702,34.14252,25.15964,73.97142,59.85381
street_level,Porto,41.16439,-8.63698,8.71137,8.62194,0.02344,1010.20092,0.91433,0.0,5.71443,40.54051,-4.73161,8.67597,113.82421
street_level,Oeiras,38.70607,-9.22762,8.35436,3.27574,0.01372,998.03851,-0.14316,0.01454,-2.63393,14.23181,3.38352,24.26363,41.72467
underground,Arouca,40.93119,-8.24537,40.52166,138.26368,0.0,1008.79731,-0.29423,0.02334,-3.94166,48.17528,-51.67114,204.5328,3.0
street_level,Porto,41.15946,-8.66617,15.65648,6.95288,0.01938,1003.0326,0.85442,0.0,6.28838,60.07044,3.70961,8.80149,44.33678
street_level,Espinho,41.00726,-8.64239,7.91334,2.57843,0.0,999.66564,-0.41278,0.01494,-3.69851,30.85447,-0.27698,2.52037,46.14012
street_level,Espinho,41.00485,-8.64372,13.60778,1.78744,0.00838,996.66979,0.17754,0.0,-0.71542,60.89745,-5.0795,26.80845,9.15847
street_level,Espinho,41.01109,-8.63646,13.56286,3.60996,0.01357,1006.04341,0.27825,0.00088,3.61035,45.11418,-1.94636,0.0,11.00196
underground,Matosinhos,41.17374,-8.68397,17.9789,67.28214,0.46633,1003.33462,-0.61743,0.13861,-3.6636,29.93578,11.96985,85.21335,118.32455
street_level,Vila nova de Gaia,41.13319,-8.61803,9.22485,8.28247,0.0,1002.04114,0.30998,0.01972,8.72952,25.74033,-2.57493,0.0,69.76192
street_level,Matosinhos,41.17526,-8.68814,5.05156,0.0,0.0,1006.19315,-0.36022,0.0,0.1269,51.74298,3.1829,0.0,3.0
street_level,Porto,41.14652,-8.58291,9.96628,3.84726,0.0014,997.68034,-0.14618,0.01986,2.19803,25.22373,4.27505,0.0,44.20152
street_level,Maia,41.20405,-8.55878,10.20445,4.374,0.00379,1002.63208,0.32019,0.00364,-0.34298,63.73659,-2.86372,0.0,3.78475
street_level,Vila nova de Gaia,41.11758,-8.60644,16.74402,8.33578,0.0128,1003.08939,-0.29378,0.0,2.9176,31.22185,0.58591,0.0,17.14369
street_level,Vila nova de Gaia,41.13292,-8.61152,13.27786,0.0,0.0,1010.12325,0.13456,0.0,-2.21673,38.66658,-5.59971,4.78798,38.47146
street_level,Vila nova de Gaia,41.12204,-8.61262,12.58423,1.08784,0.0,1010.29586,-0.09412,0.00273,0.31566,53.33494,-1.48358,3.01863,3.0
above,Porto,41.14685,-8.58275,47.84834,80.30942,0.00695,1003.26457,1.35578,0.33816,13.91754,41.50137,-4.86416,0.0,11.75707
street_level,Maia,41.20348,-8.55909,6.5321,0.0,0.0,994.69263,-0.07718,0.0,-1.76269,56.33235,0.63329,0.0,3.0
above,Matosinhos,41.17266,-8.68078,50.67606,82.16027,0.0,1002.53402,1.19283,0.31956,8.36253,12.88397,-10.76597,82.33441,68.7956
underground,Vila nova de Gaia,41.12447,-8.60586,45.47678,98.64579,0.0,1006.64377,-0.40452,0.04746,-4.46423,34.88039,-75.63095,284.98626,3.68192
street_level,Matosinhos,41.1728,-8.6884,10.05216,8.66311,0.00772,997.85584,-0.34043,0.0,-1.21168,32.48281,1.47092,17.95075,9.49061
underground,Espinho,41.00767,-8.64414,24.59286,43.33682,0.0,1008.0391,-0.46063,0.0083,-3.33258,51.01971,-65.8257,357.56426,3.0
above,Arouca,40.9294,-8.24661,60.28482,84.12479,0.0,1007.3996,0.86929,0.0,-0.81325,38.50223,10.76236,131.1244,92.30312
street_level,Oeiras,38.70394,-9.2287,6.02085,0.0,0.0,1000.73329,-0.21942,0.0,0.67546,52.2106,-2.25397,0.0,13.37731
underground,Matosinhos,41.17403,-8.6874,53.50699,42.5758,0.24777,1002.64288,-0.54078,0.1669,-6.3196,27.32569,25.39298,26.73297,70.74255
underground,Oeiras,38.72459,-9.23742,14.33633,114.77105,0.34379,1005.47485,-0.61477,0.1353,-5.59309,30.80897,-13.05494,106.1906,101.70595
street_level,Oeiras,38.69739,-9.2837,16.42352,0.0,0.0,1009.99365,0.13977,0.0,0.51395,46.92059,-2.80837,0.0,3.0
above,Maia,41.20392,-8.55868,37.96859,85.35948,0.02703,1005.8839,0.62485,0.30696,9.00083,53.34882,10.56326,255.42369,168.48222
above,Arouca,40.93107,-8.24547,43.08647,87.02311,0.02146,1002.97214,1.58138,0.25382,12.45793,39.75549,-15.08563,161.17141,39.09825
above,Matosinhos,41.17422,-8.68433,34.16079,82.64625,0.0,1002.66624,1.1239,0.22223,9.97904,33.91462,-9.65679,140.80259,21.39685
underground,Vila nova de Gaia,41.13641,-8.61166,24.25335,89.97943,0.33025,1004.44631,-0.65441,0.08644,-4.98736,31.8152,3.08077,48.91069,46.90183
street_level,Espinho,41.00797,-8.64226,7.3355,12.21,0.0,996.71135,0.02637,0.00597,-1.37885,44.17446,1.79601,2.24581,3.0
street_level,Arouca,40.93182,-8.2472,9.02452,20.2038,0.0131,1007.01254,0.80636,0.0,2.49327,26.09186,2.90298,24.65518,78.73526
street_level,Espinho,41.00381,-8.63845,6.96567,0.0,0.0,1001.24399,0.06305,0.00559,-0.2435,52.84887,3.49356,17.15578,37.25745
underground,Vila nova de Gaia,41.12468,-8.62128,18.63851,65.40681,0.05747,1005.657,-0.59604,0.20061,-5.09819,32.67165,-3.40298,96.20295,112.26405
underground,Espinho,41.00391,-8.64239,35.38718,83.54023,0.3113,1008.72727,-0.44061,0.02298,-1.8961,37.7505,-48.01651,219.22599,3.0
underground,Oeiras,38.69583,-9.29109,58.16038,41.12906,0.13867,1001.21716,-0.49265,0.14239,-5.50675,33.82625,20.33894,111.65141,79.66837
street_level,Vila nova de Gaia,41.11927,-8.60607,12.16068,1.90509,0.0,1002.29937,0.0174,0.00484,-2.7446,35.56024,-8.81587,0.0,22.98069
above,Porto,41.14239,-8.61773,63.3497,86.06978,0.0,1007.32952,0.07149,0.07034,9.71118,47.15703,1.97564,224.67753,156.56148
street_level,Porto,41.16592,-8.6204,18.17482,5.0178,0.0,1006.16642,0.17118,0.0308,2.52602,45.22785,-4.7539,0.0,36.52579
underground,Vila nova de Gaia,41.12632,-8.61328,36.83252,96.88882,0.50542,1002.80884,-0.55869,0.05824,-4.98958,20.38199,4.37079,217.74693,177.77015
underground,Porto,41.16264,-8.6459,17.28867,91.41468,0.64409,1000.3425,-0.6066,0.133,-5.84867,15.17808,32.03996,85.24697,16.81348
street_level,Maia,41.20288,-8.5578,4.86552,5.40576,0.01359,1013.98439,0.6987,0.0,3.77102,42.72859,-3.31445,19.20317,68.23374
street_level,Arouca,40.92991,-8.2481,7.91678,8.3671,0.0,1006.79686,0.41833,0.0,1.69226,53.28379,-0.76044,0.0,38.50073
street_level,Arouca,40.92914,-8.24795,18.11902,0.31794,0.03976,1009.61169,0.13291,0.0,-0.65165,38.0278,-4.59793,0.0,14.57937
underground,Matosinhos,41.17287,-8.68843,32.33911,106.8224,0.32413,1005.09549,-0.73569,0.13622,-5.26157,22.63121,-1.61217,124.39801,110.66689
above,Vila nova de Gaia,41.13269,-8.61352,44.04854,81.1631,0.01285,1001.46808,1.95397,0.21334,8.5962,38.96673,2.68383,107.7198,77.14372
street_level,Matosinhos,41.1751,-8.68906,11.66817,9.09437,0.0,1005.49106,0.1493,0.00142,1.76129,20.11135,4.97326,0.0,27.03563
underground,Arouca,40.93173,-8.24706,27.41257,30.85307,0.35296,1007.8687,-0.47339,0.01869,-4.26077,57.02934,-98.28602,369.54222,14.81482
street_level,Maia,41.20229,-8.55969,6.31601,0.0,0.0,1004.32774,0.07217,0.00019,-2.1488,62.17889,-1.96955,0.0,22.61561
street_level,Maia,41.20179,-8.55785,15.66898,0.0,0.0,1005.33294,0.04009,0.0,1.16692,47.12222,1.02906,28.96154,3.0
underground,Matosinhos,41.17213,-8.68012,40.49846,40.81145,0.53883,1006.21012,-0.57031,0.20739,-6.26994,22.50344,14.49322,100.00235,119.88523
underground,Arouca,40.92986,-8.24626,31.79131,45.62197,0.13435,1005.31932,-0.35012,0.0,-3.08029,51.48785,-80.77302,181.73712,28.51241
street_level,Espinho,41.00843,-8.63787,15.01232,0.0,0.0,1009.57689,0.16596,0.0,2.21195,37.37999,-0.22644,0.0,3.0
street_level,Porto,41.14262,-8.61394,4.56885,0.0,0.0,996.92449,0.44134,0.0,1.64388,65.70897,-3.48825,0.0,22.46067
street_level,Porto,41.15822,-8.63059,14.7632,3.44975,0.0,1008.07835,-0.08922,0.0,-1.1406,48.43368,-4.47964,11.29444,12.17277
street_level,Maia,41.20294,-8.55771,10.06204,0.07628,0.0,1005.5375,0.45863,0.0,4.19987,43.44514,-2.05165,0.0,53.36664
underground,Matosinhos,41.16761,-8.68878,49.27889,43.25519,0.19483,1004.0755,-0.57818,0.08691,-5.36156,45.75442,34.26692,119.46336,152.20381
street_level,Matosinhos,41.17564,-8.68074,8.08204,4.37141,0.01697,1007.28316,0.7674,0.0,2.33201,36.90617,3.6415,18.25767,75.32391
street_level,Vila nova de Gaia,41.13002,-8.61678,14.34829,3.9594,0.0191,1007.25894,-0.29113,0.00108,0.86887,22.67497,-5.3724,0.0,3.0
street_level,Oeiras,38.68959,-9.31787,12.79,2.50085,0.0,1011.02431,0.06125,0.0,-0.66447,46.62574,-6.49859,0.0,3.41547
street_level,Maia,41.20218,-8.55932,14.89172,0.0,0.00028,1001.54628,-0.08888,0.01031,-6.59583,54.05128,-0.41483,0.0,3.0
above,Porto,41.14937,-8.62556,48.84727,86.27669,0.00792,1007.83794,0.48586,0.02358,1.83376,54.0917,16.71756,266.46995,110.20167
underground,Vila nova de Gaia,41.12536,-8.60793,49.93822,8.78894,0.28986,1003.98507,-0.54968,0.22229,-4.7698,41.09033,21.39954,12.28486,204.34384
underground,Matosinhos,41.17316,-8.68816,38.4071,92.70686,0.44235,1005.82166,-0.50379,0.16717,-5.02134,23.25251,17.82165,16.7173,115.66786
street_level,Oeiras,38.69876,-9.27705,16.36379,0.0,0.0,998.42892,0.36531,0.01238,2.9101,35.66565,-2.40619,20.24652,3.40867
underground,Porto,41.15974,-8.64013,28.08232,13.35974,0.00512,1004.64742,-0.52295,0.15594,-5.98673,23.21864,12.54324,77.15342,96.84797
street_level,Oeiras,38.71357,-9.24028,12.54697,0.26101,0.0,999.39269,-0.0921,0.00098,-2.08353,30.99831,6.63125,32.75348,3.0
street_level,Oeiras,38.70058,-9.23071,16.57827,0.0,0.0,1004.4025,0.38951,0.0,5.75625,28.48099,-4.60403,0.0,5.94872
street_level,Vila nova de Gaia,41.11553,-8.60638,15.33988,1.127,0.04148,1005.41772,-0.27153,0.0,3.67254,31.52421,-1.33467,19.76174,22.76083
underground,Espinho,41.00721,-8.63699,17.4769,106.68191,0.55901,1003.00308,-0.5575,0.14304,-3.66364,22.26694,4.9079,0.0,170.39744
street_level,Arouca,40.92923,-8.24656,17.00199,0.0,0.0,997.47886,-0.30779,0.0,0.63345,16.60363,1.66328,0.0,11.93995
street_level,Espinho,41.0076,-8.64396,12.28973,2.0365,0.02087,1001.55466,0.92826,0.0,1.39614,36.8969,-4.72891,0.0,29.34006
street_level,Porto,41.14867,-8.67528,3.69261,0.0,0.00051,998.49448,0.02967,0.0,-1.09661,44.36964,2.87872,0.0,8.60119
street_level,Matosinhos,41.16754,-8.68859,10.00228,0.0,0.0,994.88664,-0.16708,0.01607,-1.44159,61.9713,4.53796,0.0,27.65789
street_level,Maia,41.20313,-8.55926,14.20055,0.00214,0.00099,998.11289,0.14838,0.00545,-2.07937,8.43158,7.47763,0.0,6.64307
underground,Arouca,40.93003,-8.24547,30.57004,74.04707,0.0,1005.07419,-0.54936,0.07964,-4.12751,41.13175,-82.18175,241.99509,3.0
underground,Espinho,41.00373,-8.64143,40.99642,50.83222,0.13917,1003.98346,-0.5901,0.13092,-5.46037,33.32493,39.0983,71.01913,124.12742
above,Espinho,41.01148,-8.63897,47.52432,81.92532,0.0,1005.84245,1.53504,0.16417,10.38697,31.12659,-3.5954,24.89637,3.0
underground,Oeiras,38.69154,-9.31195,34.53738,99.83317,0.7345,1005.2146,-0.56623,0.12497,-5.86887,29.70599,-34.47625,245.18782,7.84048
street_level,Vila nova de Gaia,41.11915,-8.6062,10.32903,6.06505,0.01053,1000.36994,0.19323,0.0092,-1.82307,57.00731,-1.00503,0.0,30.99667
street_level,Arouca,40.93078,-8.2477,1.9503,0.0,0.00542,996.72633,-0.09186,0.00787,-0.46518,42.57496,2.60727,8.65017,3.0
underground,Vila nova de Gaia,41.12289,-8.60963,28.28328,61.04693,0.0,1005.18991,-0.2785,0.01062,-4.70836,49.45493,-68.22075,397.4848,83.9715
street_level,Matosinhos,41.17713,-8.68248,11.65463,0.0,0.0,1009.32793,-0.04875,0.0,1.2287,30.3514,-0.13728,21.04197,3.0
street_level,Arouca,40.93187,-8.24686,9.90287,2.79918,0.00885,1008.16425,-0.12859,0.03384,-2.82619,30.07685,-0.48501,0.0,3.0
underground,Matosinhos,41.17381,-8.68927,30.69549,87.13327,0.35484,1004.04606,-0.51155,0.26375,-5.38684,29.13117,14.72988,96.43202,80.49131
street_level,Vila nova de Gaia,41.13882,-8.61018,15.51913,8.61895,0.02308,1005.86595,0.66124,0.01274,-0.17568,31.3398,-1.06937,0.0,3.0
street_level,Arouca,40.93099,-8.24707,10.44446,0.0,0.0,998.28331,0.08712,0.0,2.32798,47.39339,-1.50312,0.0,33.04131
street_level,Espinho,41.0067,-8.64402,14.85257,0.0,0.0,1001.05806,0.08293,0.0,-2.6435,36.49631,-5.84337,0.0,3.0
underground,Espinho,41.01182,-8.64286,31.05323,108.46562,0.35291,1003.49613,-0.75129,0.10422,-5.6168,17.07447,8.59447,160.25134,81.23918
street_level,Maia,41.20253,-8.5585,2.79699,8.3362,0.05116,1008.76346,0.47604,0.00715,6.876,22.43947,4.98665,0.0,59.93248
above,Arouca,40.92928,-8.24802,71.96753,87.55117,0.0,1006.25844,1.00954,0.0,1.78659,46.09561,10.82954,295.10645,140.20499
underground,Maia,41.20216,-8.55854,46.52446,71.04956,0.44073,1004.33151,-0.65883,0.1825,-4.54541,45.46191,76.51189,85.80263,160.15762
above,Porto,41.16328,-8.5833,42.46662,84.99382,0.0056,1003.82529,0.83674,0.13587,6.38233,16.41998,-3.74162,90.16553,13.46623
street_level,Vila nova de Gaia,41.12794,-8.61213,9.17716,12.11775,0.0,1000.51232,0.45419,0.00922,5.57108,30.63572,-1.5977,11.16719,56.94633
underground,Espinho,41.00723,-8.63711,42.62653,39.72447,0.42056,1003.44365,-0.58767,0.19634,-5.04674,31.51971,42.53816,127.9641,133.72218
street_level,Porto,41.16159,-8.6129,13.8022,0.0,0.0,999.65263,0.53055,0.0,-3.95301,34.80238,-2.13296,5.96463,3.0
underground,Maia,41.20334,-8.55917,29.57096,90.47881,0.0,1004.68987,-0.23318,0.0,-2.94609,44.49541,-15.82089,325.29717,3.0
underground,Vila nova de Gaia,41.12407,-8.61379,33.54723,16.92802,0.0,1006.07624,-0.37423,0.0,-4.23939,46.50852,-16.11495,333.11422,121.95917
street_level,Arouca,40.93188,-8.24682,14.35973,15.28313,0.0,1007.3166,0.80446,0.02637,3.13519,41.7263,-1.28189,9.40061,57.10378
street_level,Vila nova de Gaia,41.12711,-8.61121,9.05861,0.59671,0.00026,999.86018,0.07194,0.01437,0.96181,52.99907,-2.66746,0.0,10.95459
street_level,Arouca,40.93053,-8.24344,14.30215,0.0,0.00021,1012.71482,0.10023,0.00238,-1.33714,37.96949,-0.92825,9.57881,3.0
above,Matosinhos,41.16816,-8.68805,45.79295,70.35117,0.0,1005.27208,1.76405,0.21737,14.78518,42.7166,-9.69739,195.366,75.37592
underground,Arouca,40.93192,-8.24725,23.57942,66.61517,0.0,1005.50912,-0.64397,0.1779,-3.50284,44.14489,-31.26843,616.8147,3.0
street_level,Arouca,40.93195,-8.24569,13.4212,0.0,0.03169,1003.70749,-0.4113,0.0,0.07982,19.95337,5.76472,0.0,39.76571
underground,Matosinhos,41.17252,-8.68105,24.17943,55.92559,0.17926,1002.51283,-0.5735,0.16728,-6.32191,45.33471,-5.57518,0.0,126.06997
underground,Matosinhos,41.16727,-8.68825,25.98121,72.00759,0.30057,1004.74595,-0.67728,0.08047,-5.23247,17.93711,37.6698,0.0,102.15226
above,Espinho,41.00976,-8.64417,56.67531,86.89474,0.0147,1004.17126,0.19623,0.04194,5.55237,45.65703,16.23876,253.50855,99.6784
street_level,Oeiras,38.6912,-9.30882,6.71385,0.0,0.0,1001.28273,0.13364,0.01255,2.1911,62.67907,2.44054,10.24708,22.42133
street_level,Vila nova de Gaia,41.12604,-8.60564,10.3943,0.0,0.00384,1010.99212,-0.15479,0.0,2.90663,44.16711,0.58404,0.0,3.0
above,Arouca,40.93129,-8.24566,70.55206,85.02155,0.01297,1006.47256,0.43197,0.0,9.22454,42.80353,4.91927,219.39312,68.23187
street_level,Espinho,41.01054,-8.64279,14.82544,0.0,0.00883,1013.27251,0.03066,0.01091,0.14977,32.23376,-3.08271,0.0,17.9541
street_level,Espinho,41.00591,-8.64316,15.84147,3.33798,0.0,1017.75713,0.09894,0.00478,2.00389,24.55208,-5.33798,0.0,27.60228
street_level,Vila nova de Gaia,41.13588,-8.61167,10.3078,0.0,0.0,1004.36138,0.03681,0.02082,0.13977,19.66827,-4.59143,32.33762,3.0
above,Espinho,41.01117,-8.63828,53.13352,80.43481,0.00134,1003.37652,1.05179,0.14533,13.38901,33.3543,-8.61988,176.71231,31.58199
street_level,Arouca,40.92941,-8.24643,1.43223,7.93634,0.00058,1006.9519,1.08619,0.01084,7.63324,35.96513,4.72582,0.9868,88.00582
street_level,Porto,41.15362,-8.61021,9.18737,0.0,0.0,1004.38901,-0.10928,0.00681,1.48521,55.41612,-2.71916,4.38017,4.43272
underground,Maia,41.20216,-8.55863,36.56399,49.11965,0.2914,1003.78076,-0.55419,0.1147,-3.99456,30.96665,12.97023,195.92295,79.71461
above,Matosinhos,41.17507,-8.68105,55.84328,84.32391,0.01464,1004.69408,1.2806,0.18676,16.94856,32.23612,-5.41751,50.49258,42.03347
underground,Porto,41.15822,-8.6791,22.60449,31.38347,0.0,1006.52612,-0.54245,0.0,-4.01018,38.82327,-54.09045,363.58333,22.00781
underground,Oeiras,38.6967,-9.29325,39.38659,78.88972,0.0,1007.10722,-0.30904,0.0,-1.49448,27.57696,-40.48715,413.9453,25.70098
street_level,Maia,41.2021,-8.55867,12.25095,0.21334,0.0,1000.26264,-0.01617,0.0,-1.36465,16.08722,7.24733,0.0,8.57739
street_level,Arouca,40.9292,-8.24638,13.33015,3.00938,0.004,1006.0031,-0.41891,0.0,-1.77497,37.59682,-3.93683,0.0,3.0
street_level,Arouca,40.93045,-8.24454,17.18735,2.55049,0.0045,1010.97285,0.16746,0.0,0.27096,56.14661,-5.81588,34.28991,28.33909
street_level,Porto,41.15124,-8.63969,18.63339,0.0,0.01972,997.16377,0.03307,0.0,-0.84458,54.99357,-5.93061,0.0,16.1181
underground,Maia,41.20394,-8.55905,29.00323,89.53364,0.39623,1001.4354,-0.69923,0.22984,-5.29255,31.9595,2.6542,84.06065,123.65948
underground,Maia,41.20382,-8.55893,42.63529,74.95374,0.40706,1007.15483,-0.5089,0.21718,-4.87938,26.35302,1.88039,0.06548,31.2744
street_level,Vila nova de Gaia,41.12806,-8.61816,13.97121,2.35009,0.0,1004.29517,0.02185,0.0,-0.37441,44.50124,-10.28276,29.42673,8.09007
underground,Vila nova de Gaia,41.12827,-8.61234,43.86202,56.32105,0.47517,1000.9294,-0.43805,0.17297,-5.93408,34.59378,3.84975,249.48654,128.50641
underground,Espinho,41.00477,-8.6434,32.87822,76.00805,0.0,1004.14292,-0.34158,0.0,-3.87698,58.638,-41.66113,274.6259,3.0
above,Porto,41.15216,-8.6775,46.08251,74.47333,0.01889,1002.67691,1.30135,0.17282,10.56267,30.94177,4.96664,85.86987,81.55858
underground,Porto,41.15365,-8.59105,44.97554,24.64643,0.49378,1003.6226,-0.59714,0.14913,-5.10039,27.38878,-12.8826,220.11239,190.91662
underground,Matosinhos,41.17256,-8.68134,37.82911,14.65666,0.01852,1004.66949,-0.52675,0.17115,-4.64631,33.83973,-10.75939,354.72218,87.6027
street_level,Maia,41.20202,-8.55761,7.84897,8.46376,0.00278,997.36322,-0.3738,0.0,-4.29765,28.29381,1.64587,9.52657,17.25604
street_level,Maia,41.204,-8.55883,13.16349,0.0,0.0,1006.34455,-0.34692,0.01558,-3.39873,29.89578,6.26467,0.0,3.0
above,Maia,41.20216,-8.55942,61.15479,84.95044,0.00282,1003.41323,1.10392,0.16757,7.96525,25.85198,-22.89025,169.04814,12.09451
street_level,Arouca,40.92968,-8.24875,11.94862,4.07242,0.0,1007.6045,-0.08454,0.0,0.6785,38.41009,-7.6951,14.82003,3.0
underground,Oeiras,38.71338,-9.2379,16.42565,91.77581,0.06761,1006.4865,-0.42003,0.1269,-3.57563,53.6948,-32.77422,292.12931,3.0
street_level,Porto,41.14922,-8.6375,10.29258,1.44422,0.0,1000.62506,-0.08853,0.0,-0.97146,24.68168,2.21593,0.65941,3.0
underground,Matosinhos,41.17438,-8.68433,41.72774,87.2982,0.0,1005.22564,-0.46741,0.03002,-3.70753,35.70598,-13.47542,479.49902,102.35373
street_level,Oeiras,38.68486,-9.31369,5.53727,6.72674,0.00573,999.51824,0.76317,0.0,8.12477,41.28392,6.64806,12.02233,55.05146
street_level,Maia,41.2021,-8.55818,14.62559,3.7055,0.02505,1009.40203,0.25084,0.0,-0.84166,50.79487,-6.84264,0.0,30.72858
street_level,Oeiras,38.70573,-9.22729,17.87235,7.53138,0.02503,1002.33505,-0.3018,0.01266,3.65078,52.44886,-3.38747,0.0,13.3359
street_level,Arouca,40.93121,-8.24622,13.87658,0.0,0.01579,1006.74428,-0.09119,0.00442,-3.31476,38.04744,-1.01616,7.89907,3.0
above,Porto,41.16333,-8.58167,41.95268,80.75959,0.00416,1002.77062,1.48065,0.15834,10.92831,33.22183,5.43978,125.6013,76.141
street_level,Matosinhos,41.16764,-8.6881,8.11362,5.544,0.0,991.9798,0.15272,0.00039,-1.14865,50.66939,1.14283,0.0,13.55558
above,Espinho,41.01189,-8.63994,32.26079,79.58653,9e-05,1003.56482,1.6326,0.17196,11.2492,40.91778,-5.062,171.79324,32.14318
underground,Matosinhos,41.16795,-8.68848,52.38019,47.72657,0.26119,1003.37728,-0.5205,0.16995,-5.94674,39.52294,51.48419,178.53919,133.12416
street_level,Oeiras,38.71591,-9.23784,14.22523,6.54972,0.01274,1002.70143,-0.16013,0.0,-2.28051,25.01933,2.48633,0.0,18.67773
street_level,Oeiras,38.68518,-9.32078,10.50511,0.0,0.04542,1007.63697,0.00126,0.0,0.5059,38.17209,-6.15101,11.9045,3.0
underground,Espinho,41.00839,-8.63817,29.63674,73.9365,0.36859,1003.51596,-0.7576,0.11725,-4.69548,31.90116,-23.18747,0.0,79.98466
street_level,Oeiras,38.69118,-9.31063,16.84537,4.83525,0.0,1002.47103,-0.08017,0.0,0.46131,29.91547,0.83749,2.01854,3.0
street_level,Oeiras,38.6995,-9.30047,4.34558,8.0419,0.01444,1004.10778,0.48598,0.0,3.80035,41.66476,-3.30203,22.32165,48.69313
underground,Matosinhos,41.17202,-8.6784,27.25422,93.25629,0.0,1004.35088,-0.51056,0.06439,-3.93759,43.62524,-49.60215,353.10617,66.92879
underground,Maia,41.20197,-8.55756,28.07861,65.04643,0.0,1005.16826,-0.50945,0.05042,-3.68186,39.48554,-28.23278,496.31016,3.0
street_level,Vila nova de Gaia,41.12484,-8.60594,9.18655,0.0,0.0,997.8917,0.27319,0.01518,-1.71335,59.39111,-0.1196,0.0,3.0
street_level,Oeiras,38.69972,-9.30078,10.7738,0.0,0.0,997.76826,-0.08918,0.01819,-3.19383,31.97577,4.75795,9.09792,4.29984
underground,Porto,41.14698,-8.61152,22.90012,69.58945,0.47764,1004.89738,-0.62352,0.04149,-4.40933,26.45129,4.62699,0.0,123.84388
underground,Oeiras,38.71106,-9.2994,29.34905,30.37461,0.0,1005.06326,-0.53363,0.00644,-3.94135,44.97609,-81.24897,304.59352,3.0
above,Matosinhos,41.17725,-8.68123,66.10724,82.10255,0.0,1006.79027,0.39333,0.05793,5.31488,33.08294,17.8285,200.20319,96.3382
above,Vila nova de Gaia,41.13333,-8.61299,57.91829,89.7298,0.00297,1006.36132,0.72932,0.12072,10.42097,49.40424,16.54322,244.94754,37.31279
street_level,Maia,41.20188,-8.55849,1.0,7.26255,0.00774,998.98547,0.17028,0.02476,3.03009,64.41391,-2.81053,0.0,3.0
underground,Porto,41.14825,-8.61303,25.22326,111.88589,0.01587,1007.68317,-0.33382,0.0,-3.57533,44.7562,-29.58405,318.39988,64.71886
above,Maia,41.20266,-8.55856,43.91027,83.38862,0.0,1004.40172,1.2688,0.29713,10.01765,19.41792,-15.24166,139.04135,3.0
street_level,Arouca,40.92903,-8.24865,12.49628,12.43753,0.01117,1005.89824,-0.18351,0.01241,-2.39684,21.18037,-6.5784,35.80675,48.27199
underground,Vila nova de Gaia,41.12522,-8.61822,64.97897,53.69565,0.39984,1001.11888,-0.52444,0.05385,-4.59173,31.82452,-0.44761,92.1878,174.61777
street_level,Porto,41.17654,-8.6515,3.66304,0.0,0.00068,1001.48325,-0.24153,0.0,-0.61759,39.13785,3.51889,0.0,3.0
underground,Espinho,41.00539,-8.63892,27.54202,131.48632,0.45763,1000.94109,-0.31836,0.09205,-3.71289,22.82951,-23.11557,12.47819,70.76327
underground,Matosinhos,41.17229,-8.67991,35.97718,32.04409,0.08232,1004.44402,-0.54724,0.15355,-4.82302,35.73785,8.06882,168.81231,27.69484
street_level,Maia,41.20325,-8.55916,10.35344,5.51827,0.0,1002.37124,0.87484,0.01684,6.49493,19.95262,3.10414,22.67431,65.95709
street_level,Maia,41.20305,-8.55778,15.14295,0.0,0.03423,1007.68652,-0.39549,0.0,-1.57204,52.621,-2.14664,30.25622,5.23277
above,Matosinhos,41.17529,-8.68133,53.08914,86.01425,0.0,1001.95737,0.82009,0.19896,7.22804,28.67746,-16.61334,77.88977,34.36452
underground,Arouca,40.93093,-8.24711,19.32621,39.89821,0.31201,1003.81701,-0.49757,0.14346,-3.58384,25.71565,1.30127,116.73155,130.33688
street_level,Vila nova de Gaia,41.12543,-8.61149,7.34588,8.46077,0.0,996.57396,-0.30303,0.0,0.58765,56.8115,3.82113,17.48505,59.65426
underground,Vila nova de Gaia,41.12774,-8.62055,39.89063,88.05252,0.0,1006.46733,-0.39288,0.0,-4.15353,45.61384,-76.27904,455.35166,3.0
above,Matosinhos,41.17715,-8.68268,42.35789,91.86112,0.00304,1007.75121,0.85288,0.02921,2.05801,44.99343,14.69536,244.8919,57.98103
underground,Porto,41.15608,-8.66384,49.62167,34.54929,0.22025,1005.09776,-0.60399,0.21526,-5.73029,20.96078,-7.56815,117.80195,146.52506
underground,Porto,41.1617,-8.62946,53.98882,18.12994,0.1782,1005.45447,-0.62718,0.2634,-6.22933,35.64389,-3.93496,0.0,71.18465
street_level,Matosinhos,41.17717,-8.68138,11.36993,0.0,0.00031,1004.52929,-0.05162,0.02654,1.81177,44.13982,-7.71609,0.0,5.83917
underground,Vila nova de Gaia,41.12556,-8.61802,27.80269,47.1087,0.0,1006.06611,-0.49423,0.0,-3.62008,38.75474,-55.06555,406.79895,3.0
street_level,Arouca,40.92925,-8.2465,5.65334,3.39882,0.00167,1005.94459,0.09133,0.0,1.53539,62.48959,-1.31358,0.0,17.2216
street_level,Arouca,40.93128,-8.24527,21.54068,4.17326,0.0,1007.03159,0.12451,0.00127,1.13811,32.52385,-4.21921,0.0,3.0
street_level,Arouca,40.92941,-8.24808,9.98638,7.00929,0.0,1003.36159,0.93556,0.001,9.37098,30.42572,1.46403,0.0,109.29829
above,Arouca,40.92959,-8.24828,60.7804,93.65215,0.01432,1005.54415,0.43193,0.11345,4.11493,32.64977,18.30726,199.75822,31.72017
street_level,Espinho,41.00591,-8.64343,13.96499,6.65993,0.02913,1004.8363,0.10369,0.01013,-1.25973,37.97232,1.68004,0.0,24.46724
underground,Porto,41.1635,-8.59612,46.95644,36.98741,0.11583,1001.4621,-0.5025,0.19927,-5.43632,21.08138,11.89448,52.32353,139.12592
underground,Vila nova de Gaia,41.12612,-8.60582,25.78823,98.61305,0.3027,1004.92467,-0.56961,0.01368,-4.20963,27.74286,-7.48732,10.38372,6.7092
street_level,Oeiras,38.71373,-9.22659,9.16168,0.0,0.00308,997.80358,-0.04083,0.0,2.95622,74.15843,-2.25177,13.20211,38.23939
street_level,Oeiras,38.70112,-9.23164,5.95697,0.0,0.04087,1001.88034,0.05873,0.0,-3.26525,20.69318,3.8948,34.94515,28.23182
street_level,Maia,41.20229,-8.55853,1.0,1.28531,0.00916,1008.53691,0.80924,0.00073,9.52098,46.20399,-0.40384,37.41626,37.00739
street_level,Maia,41.20217,-8.55756,11.7357,1.54913,0.0,996.69712,-0.33963,0.0,1.75732,27.97017,4.35214,7.77994,12.74127
above,Vila nova de Gaia,41.12677,-8.61314,34.96643,93.31611,0.0,1004.22886,1.53456,0.24365,12.19359,34.73245,-12.98654,91.40656,24.79681
street_level,Matosinhos,41.17466,-8.68121,3.9549,0.0,0.0,1010.66297,1.10175,0.0,3.15548,38.9246,2.14187,10.8802,4.38375
above,Oeiras,38.69497,-9.29087,49.22495,80.95678,0.0,1002.97859,1.65443,0.16288,18.2024,33.04808,13.47061,42.99922,3.0
street_level,Maia,41.20189,-8.55757,13.03068,3.46734,0.01812,1008.4129,-0.00468,0.0,-1.27904,28.09308,-7.40835,0.0,25.61241
street_level,Maia,41.20328,-8.55928,14.62665,0.0,0.02022,1011.98182,0.01744,0.0,1.12544,25.74678,-6.98122,32.91108,3.0
underground,Arouca,40.92945,-8.24688,28.12187,102.56202,0.24079,1002.67477,-0.76455,0.19056,-5.58236,41.48058,-5.19124,202.84944,151.21166
street_level,Oeiras,38.6957,-9.23063,8.01012,0.0,0.01165,1009.42267,0.44746,0.0,7.72764,40.17742,0.38451,14.46852,68.24972
street_level,Arouca,40.92928,-8.24625,8.76332,0.0,0.00529,1001.63873,-0.36141,0.0,1.54163,40.41368,7.93907,0.0,32.11848
underground,Maia,41.20208,-8.55838,35.27315,111.46163,0.68612,1003.49523,-0.64546,0.17334,-4.68392,25.34296,-22.03136,125.70736,99.97059
underground,Arouca,40.93112,-8.24539,19.70752,32.24824,0.50313,1002.94233,-0.49889,0.14019,-5.1809,27.43472,-6.78082,0.0,61.0065
street_level,Matosinhos,41.17647,-8.68995,12.69217,4.24642,0.0,1000.92383,0.54978,0.00048,0.42036,32.81402,-1.2631,0.0,3.0
street_level,Matosinhos,41.17367,-8.68681,12.13082,0.13962,0.0,1004.25509,0.59893,0.0,0.082,49.00223,-9.35092,0.0,3.0
street_level,Oeiras,38.70734,-9.24228,7.7237,0.0,0.01149,999.54242,-0.19913,0.0,0.58522,59.07173,-1.05718,0.0,33.522
above,Matosinhos,41.17648,-8.69055,49.15782,92.27959,0.0,1005.5127,1.2428,0.24113,10.97686,31.06289,-1.44383,177.70917,26.05724
street_level,Porto,41.14682,-8.58897,13.48764,0.66625,0.01917,1008.14228,0.07297,0.01473,1.35444,45.47166,-8.01351,32.18327,10.02086
street_level,Arouca,40.92964,-8.24861,5.73382,0.0,0.0103,1001.13616,-0.24469,0.0,-4.1917,49.83059,1.1196,13.85262,3.0
street_level,Porto,41.15272,-8.58144,8.76231,0.0,0.0,1002.16697,-0.18477,0.00241,4.10799,13.76526,2.10394,14.19847,27.52738
street_level,Porto,41.14823,-8.63455,6.52657,7.87602,0.0,1005.188,-0.21522,0.00954,-0.22171,51.49859,1.83285,0.0,3.0
street_level,Matosinhos,41.17579,-8.68621,10.66885,0.0,0.0,1013.94148,-0.154,0.01573,-0.57489,26.05831,-4.80409,0.0,23.28274
underground,Matosinhos,41.17536,-8.68593,44.61022,75.9157,0.2838,1002.85659,-0.47129,0.03227,-5.76631,30.24016,-21.28999,243.06848,156.42524
street_level,Maia,41.20184,-8.55774,18.60814,0.0,0.0,1008.49351,-0.11583,0.03812,-1.34143,40.57724,1.30012,23.39329,29.98852
underground,Arouca,40.93122,-8.24287,28.89528,89.11003,0.22388,1008.72998,-0.48877,0.0,-3.74279,44.22946,-90.23419,339.67038,3.0
street_level,Maia,41.20248,-8.55966,13.96608,1.10165,0.0,1008.77186,0.21848,0.00474,-1.94205,47.82361,-2.55631,20.04079,5.84427
above,Maia,41.20195,-8.55777,47.83801,79.47361,0.0,1003.60272,1.41293,0.26851,10.20182,35.02285,-2.44476,167.27663,59.04788
street_level,Matosinhos,41.17539,-8.68624,13.4698,0.75642,0.0,1009.26861,-0.00217,0.0,-4.91769,33.55936,-0.93669,0.0,33.19366
street_level,Porto,41.16711,-8.63921,3.16317,15.02518,0.0,1002.86663,0.47937,0.0,5.08118,41.31053,-1.35591,18.21116,53.60022
above,Porto,41.16705,-8.63406,64.60375,95.12405,0.0,1005.02227,0.84416,0.07999,1.50682,63.07035,28.15526,250.35225,76.67549
above,Porto,41.15475,-8.59627,68.44183,83.69285,0.00908,1006.32608,-0.17765,0.12129,6.15918,67.27267,30.45286,233.36098,113.47191
underground,Matosinhos,41.17598,-8.68881,16.91825,69.22157,0.34235,1002.89019,-0.56055,0.16382,-4.27196,29.8323,-18.60708,164.07179,61.42656
street_level,Arouca,40.93034,-8.24413,13.14698,1.64735,0.00822,1009.78739,-0.14062,0.01791,0.27465,61.91389,-3.7616,0.0,3.0
underground,Matosinhos,41.16933,-8.68741,38.10661,62.50922,0.06258,1007.03885,-0.48835,0.0,-4.17063,32.33717,-35.69844,314.56781,3.0
street_level,Porto,41.15513,-8.62878,7.81116,2.76027,0.03154,998.1763,0.22141,0.00406,0.3502,68.10088,-2.64148,3.87627,5.61982
underground,Vila nova de Gaia,41.11712,-8.60638,27.01824,100.86084,0.37692,1005.0251,-0.73839,0.25706,-5.48921,25.03212,-35.69105,51.45645,99.18664
street_level,Maia,41.2019,-8.55863,8.17903,4.79268,0.00585,1002.361,0.1264,0.0,-4.41912,17.99831,6.81787,0.0,3.0
street_level,Matosinhos,41.16755,-8.68846,7.95155,9.06529,0.02144,1002.31629,0.81924,0.00224,8.56234,49.06462,1.40212,0.0,73.55061
above,Vila nova de Gaia,41.12878,-8.61445,53.17398,84.59253,0.01583,1005.51515,0.44352,0.0,3.57152,41.7452,19.49392,236.28362,138.13612
street_level,Maia,41.20406,-8.55853,9.35356,18.89556,0.00529,999.66566,0.45616,0.01478,7.47441,33.03021,6.31536,0.0,72.53308
street_level,Oeiras,38.71403,-9.23862,14.45071,1.69498,0.0,1011.94298,0.01952,0.01744,0.64788,26.62369,-1.24913,13.03459,3.0
street_level,Arouca,40.9315,-8.24352,13.63481,6.20586,0.0,1004.53211,0.20235,0.0,-2.01125,12.97292,-0.2137,7.17213,31.60306
street_level,Espinho,41.00663,-8.64335,18.16401,0.0,0.0,1012.21247,-0.12518,0.0,-2.65797,29.08826,-4.89487,12.2113,3.0
underground,Vila nova de Gaia,41.12059,-8.60619,37.64619,72.42764,0.144,1004.38053,-0.63353,0.20519,-5.59917,19.46124,45.31769,0.0,62.61161
street_level,Matosinhos,41.17337,-8.68611,19.94913,11.86229,0.05286,1014.91154,0.59228,0.00428,0.33399,40.25198,-2.64981,4.30138,22.14976
street_level,Arouca,40.93129,-8.24754,14.74273,11.06408,0.0099,1009.87333,0.01579,0.00514,3.28991,45.93061,-3.24687,0.0,3.0
underground,Maia,41.20176,-8.55778,40.41056,28.99395,0.09091,1003.22745,-0.66272,0.3238,-4.83493,27.88284,23.34479,14.80924,90.15684
street_level,Oeiras,38.71439,-9.23718,10.65562,5.65929,0.0,1002.65212,0.22091,0.0,-2.38285,17.87641,-0.38419,0.0,34.67305
street_level,Oeiras,38.6996,-9.23245,6.12254,5.73347,0.0,995.54536,0.11237,0.00889,-0.33703,45.28375,6.04106,0.0,16.83785
street_level,Arouca,40.93071,-8.24533,6.50022,17.37236,0.0,1003.19046,0.49887,0.00417,4.41314,41.01848,-0.67027,14.06959,96.61877
street_level,Porto,41.14624,-8.60505,9.19934,0.0,0.0,998.62066,-0.43864,0.01974,-3.99012,21.33544,7.29688,2.31349,3.0
street_level,Vila nova de Gaia,41.1373,-8.61496,12.00382,0.57962,0.0,998.55865,0.19504,0.0,-2.73797,64.31263,-3.10432,7.1331,3.0
underground,Arouca,40.93223,-8.24634,34.62005,104.74315,0.12499,1005.14801,-0.49324,0.02571,-3.3786,54.36489,-6.77624,308.6814,3.0
above,Matosinhos,41.17153,-8.68772,80.65514,93.31364,0.0,1006.83042,0.84789,0.0,5.78259,45.89595,-14.10705,148.80276,134.09044
street_level,Maia,41.20387,-8.55875,9.02625,4.82227,0.0,997.58831,-0.00344,0.00697,-0.12164,64.53181,-1.51204,0.0,50.07504
street_level,Porto,41.15552,-8.62446,3.94413,12.3215,0.00209,1006.63946,0.32423,0.00622,5.72294,37.53204,-1.2886,20.75711,108.74701
underground,Matosinhos,41.17699,-8.68124,34.81392,18.1799,0.23003,1003.6774,-0.46295,0.1747,-4.85034,29.98686,28.51221,26.13919,102.41839
street_level,Oeiras,38.68477,-9.3162,13.04304,2.63941,0.0,1000.32655,-0.21628,0.0,-4.51693,23.09534,6.84834,3.78362,29.86358
underground,Matosinhos,41.17719,-8.68097,44.59884,32.13659,0.0,1001.62349,-0.59464,0.03646,-7.1026,22.9628,14.61251,206.49917,67.24357
underground,Porto,41.16452,-8.63429,33.64373,55.35754,0.23718,1006.83645,-0.49385,0.0,-2.99036,36.47183,0.8792,479.23953,3.0
street_level,Matosinhos,41.17252,-8.68085,16.1393,0.0,0.0,1002.40703,0.46106,0.01447,-2.74137,56.92169,-5.85095,15.14079,3.0
street_level,Oeiras,38.69755,-9.30014,8.88374,3.15995,0.0,998.64523,0.34827,0.01554,0.96379,71.99201,-1.28128,27.24382,17.36935
above,Espinho,41.00912,-8.64384,59.09316,83.06712,0.0,1005.59834,0.64244,0.02615,2.58428,30.84746,20.18123,239.52187,132.15586
street_level,Maia,41.20204,-8.55762,14.45018,9.29531,0.02251,998.76797,0.29289,0.0,-3.51908,69.8303,3.35058,0.0,3.0
underground,Porto,41.16001,-8.6648,44.88752,111.95886,0.32154,1005.0685,-0.60417,0.26775,-4.48961,19.86224,11.64778,110.01735,120.9484
street_level,Oeiras,38.68088,-9.31717,10.8603,2.08309,0.0,998.09081,-0.39964,0.0,-1.27711,67.07916,-2.05483,10.75291,3.0
underground,Matosinhos,41.17264,-8.68101,29.89128,81.557,0.27166,1007.02403,-0.68689,0.24386,-5.70324,21.5834,4.05845,115.2657,26.39627
street_level,Porto,41.16019,-8.66468,5.68096,7.06314,0.0,995.331,-0.15405,0.00638,-1.03288,7.80125,9.86374,19.67098,3.0
street_level,Maia,41.20277,-8.55782,14.40201,14.91028,0.0,1004.8065,-0.08179,0.01206,-4.48714,38.03868,6.50421,2.16708,19.70857
street_level,Porto,41.143,-8.59813,12.76832,0.0,0.02063,995.05309,-0.17557,0.0,0.24398,61.26312,-7.91127,3.16948,18.776
street_level,Arouca,40.92924,-8.24808,8.5615,0.0,0.0,1001.28164,0.2544,0.00093,-0.95373,41.34497,3.46704,8.27476,11.63876
street_level,Porto,41.14616,-8.61389,7.00684,6.55033,0.0,1006.63467,0.7964,0.01524,4.31323,35.74369,0.70699,29.12491,3.0
street_level,Espinho,41.01111,-8.6421,9.35055,0.0,0.01122,1011.09124,-0.15664,0.0,-2.08706,31.8567,-8.44915,0.0,6.09159
underground,Porto,41.16105,-8.60478,33.46679,7.30695,0.24906,1007.67192,-0.32993,0.00921,-4.76045,33.62198,-3.49822,150.32645,3.0
above,Oeiras,38.7119,-9.23452,45.18774,73.55925,0.0,1002.66089,1.81813,0.06687,16.77717,33.9564,-33.01449,72.02326,48.5083
street_level,Arouca,40.93167,-8.24293,4.76363,6.72325,0.0,993.85782,-0.00422,0.0,-1.02951,54.842,-2.86694,0.0,3.0
street_level,Arouca,40.93041,-8.24863,5.67507,10.74311,0.0,1006.33457,0.46279,0.01522,8.31227,46.06529,1.28183,0.0,126.34415
street_level,Maia,41.20201,-8.55762,9.79631,8.68018,0.01685,1000.19156,0.16456,0.00022,0.08243,39.87736,3.34614,0.0,15.72448
street_level,Maia,41.20192,-8.55778,16.67484,8.41384,0.0,997.85289,0.02103,0.01113,-1.54064,35.10419,-6.98459,28.21436,22.08762
street_level,Espinho,41.00848,-8.63823,17.30641,0.1262,0.0,1003.51094,0.33939,0.0,1.50631,45.66846,-4.7953,0.0,3.54301
street_level,Porto,41.18463,-8.60224,10.40801,8.10736,0.01462,1010.27721,-0.19941,0.01276,4.33825,36.08542,-2.36116,0.0,3.0
street_level,Matosinhos,41.17464,-8.68079,10.25534,0.0,0.0,1009.35421,0.64628,0.00303,2.8019,37.14904,-2.70289,20.71593,124.19454
above,Porto,41.1571,-8.60069,31.38158,87.57731,0.0,1004.2848,0.64158,0.21085,14.02815,25.15164,-9.20852,128.96357,3.0
underground,Maia,41.20402,-8.5586,25.19237,67.36491,0.0,1003.97428,-0.36025,0.05783,-3.38595,36.3557,-55.61391,391.02278,19.18293
street_level,Oeiras,38.71339,-9.2373,7.59391,0.0,0.0,1004.38191,1.13163,0.0,7.17666,31.33514,0.96885,21.18264,54.1123
street_level,Arouca,40.93111,-8.24657,8.86694,0.0,0.01146,999.48932,-0.26285,0.0,4.01905,35.55107,8.58927,0.0,3.0
street_level,Porto,41.16914,-8.63705,11.04186,0.0,0.0,1005.07588,-0.05287,0.0,2.13378,56.21951,4.50335,4.08708,4.54397
street_level,Arouca,40.92953,-8.2475,14.87899,5.87119,0.0,1004.96073,0.11603,0.0,-1.50211,18.70976,-1.76095,27.65317,3.0
street_level,Porto,41.16029,-8.62239,11.71839,0.0,0.0058,995.85042,-0.36245,0.01236,-0.66341,72.05772,-3.21161,0.0,3.0
street_level,Oeiras,38.69877,-9.30003,6.51308,2.5108,0.0,1005.34794,0.49154,0.00882,3.98316,42.35127,2.15178,0.0,51.93648
street_level,Oeiras,38.71081,-9.22597,8.88607,0.0,0.01953,996.60356,0.8838,0.00298,7.11412,37.72594,3.99053,1.07097,68.40513
street_level,Porto,41.1533,-8.58206,14.26865,0.0,0.002,998.07069,-0.09423,0.0,-1.7934,66.67788,-3.78252,16.5144,19.78666
street_level,Maia,41.20401,-8.55873,9.04098,6.16209,0.00475,1000.72466,0.39109,0.00986,7.22719,26.27145,2.84992,0.0,62.37632
underground,Matosinhos,41.16841,-8.68801,50.22714,39.41552,0.5301,1002.21178,-0.52092,0.15736,-4.29956,37.10789,5.96781,69.93142,106.81977
street_level,Maia,41.20401,-8.55851,8.88574,5.94939,0.0121,1001.02033,0.758,0.00915,5.7375,36.44911,1.21939,0.0,37.48385
street_level,Arouca,40.93075,-8.24721,6.46588,9.03561,0.0,1003.45267,0.61483,0.0,6.79538,50.51725,-0.61951,8.94172,56.53673
underground,Espinho,41.00477,-8.63889,34.78489,57.33691,0.36294,1003.04366,-0.65331,0.20576,-5.1024,9.08204,1.3122,19.52081,156.27153
underground,Maia,41.20321,-8.55896,43.00985,2.79543,0.13373,1002.96342,-0.5512,0.05879,-5.18502,36.52343,39.78584,144.64363,220.32701
above,Matosinhos,41.17537,-8.68115,82.32308,83.1729,0.01847,1007.43968,0.60619,0.06119,10.6412,43.8005,5.77724,68.39767,135.45081
street_level,Maia,41.20232,-8.55961,11.3694,0.0,0.0,1004.67423,0.17104,0.00541,-2.40417,47.42305,4.00953,7.93595,25.29768
above,Espinho,41.0091,-8.63952,51.02258,81.70287,0.00429,1002.20417,1.58549,0.22922,6.88676,23.88286,-2.18752,117.60797,55.36904
underground,Espinho,41.00669,-8.63619,29.92173,22.51826,0.0,1008.49258,-0.30812,0.0,-4.07143,37.69008,-37.9472,323.42586,48.44155
street_level,Oeiras,38.6997,-9.27509,2.89174,2.297,0.02138,998.97052,-0.25072,0.0,-1.94087,55.47242,-0.94583,0.0,15.62816
street_level,Espinho,41.00809,-8.64006,18.19267,0.0,0.0,999.70679,0.29373,0.0,1.9629,36.20609,0.47765,0.0,14.34598
street_level,Matosinhos,41.17511,-8.68163,7.86703,0.0,0.02852,999.67062,-0.24503,0.0,-4.26047,43.772,3.00668,37.45982,21.56184
street_level,Espinho,41.00947,-8.64408,9.97156,0.0,0.0162,1002.39294,0.62431,0.02603,-0.51795,60.28899,-2.00403,0.0,3.0
underground,Espinho,41.0108,-8.63817,22.86372,50.84316,0.0,1007.79841,-0.40783,0.05084,-3.64776,39.24313,-56.28615,456.81338,3.0
underground,Maia,41.20192,-8.55795,29.01108,59.65509,0.09806,1010.72404,-0.49416,0.02673,-4.21547,39.51874,-69.44389,161.18213,70.93407
above,Oeiras,38.70024,-9.3027,49.63114,92.16113,0.0,1002.90739,1.37013,0.2227,10.68865,41.51915,14.83191,91.90266,109.1466
underground,Matosinhos,41.17319,-8.68245,42.00283,53.08928,0.01099,1002.50048,-0.64561,0.22685,-5.33541,39.06537,5.50444,207.90637,171.48147
street_level,Matosinhos,41.17714,-8.68354,16.14625,6.97617,0.0414,1010.77068,-0.13931,0.0,3.8676,44.68239,-2.71717,0.0,3.0
street_level,Matosinhos,41.17399,-8.68077,13.04287,8.68748,0.00208,1007.83979,-0.24669,0.00518,-1.75987,39.44409,-9.51139,1.43127,29.97995
street_level,Maia,41.20331,-8.55905,6.26151,13.38822,0.0,1004.05305,0.71381,0.00462,6.692,39.3135,2.23373,0.0,37.63202
underground,Oeiras,38.71182,-9.23038,40.12173,19.88898,0.27772,1004.62587,-0.50907,0.24292,-5.09798,38.63793,59.30507,242.8333,85.39393
street_level,Porto,41.17493,-8.5991,7.07033,0.0,0.0,993.71436,-0.35791,0.00715,-0.79751,49.43115,-2.08308,0.0,26.05491
street_level,Porto,41.14138,-8.61677,21.32243,0.0,0.0,1004.97493,-0.0015,0.0091,2.97269,35.996,-5.60579,11.78134,3.0
street_level,Maia,41.20299,-8.5578,6.71518,0.0,0.0,1000.94254,-0.02714,0.0,-3.45176,75.92416,0.89395,0.0,15.52866
street_level,Espinho,41.00667,-8.64401,7.85472,1.5994,0.0,1003.39941,-0.19429,0.00467,-0.33489,22.58108,4.42198,7.91749,3.0
underground,Matosinhos,41.17607,-8.68322,35.81438,68.44261,0.05439,1006.56568,-0.24711,0.0,-4.06499,43.8012,-34.57682,358.04323,15.76519
underground,Vila nova de Gaia,41.13655,-8.61824,33.16299,110.60506,0.20637,1007.21826,-0.4245,0.07601,-2.63535,30.54016,-46.95939,214.79335,8.21382
above,Oeiras,38.68288,-9.32291,70.73086,83.08018,0.00761,1006.81589,0.7909,0.10553,5.86151,35.72504,24.02347,307.26674,86.5652
underground,Porto,41.16044,-8.58455,17.32314,68.47952,0.0,1006.64197,-0.58453,0.02351,-3.55361,30.39155,-71.21477,350.50435,36.20949
street_level,Maia,41.20209,-8.55771,14.53085,0.0,0.00241,1009.00696,-0.14716,0.02342,1.13334,49.43065,0.16402,0.0,3.0
street_level,Maia,41.20212,-8.55864,7.61304,8.81189,0.01318,1005.1159,0.97663,0.01669,4.83588,47.09725,-0.1561,0.0,34.54006
street_level,Arouca,40.93182,-8.24302,4.5115,18.62351,0.0,1003.19712,0.37329,0.02981,4.15896,31.12549,-0.3333,2.40423,54.51153
street_level,Espinho,41.00793,-8.64133,12.03162,0.0,0.0,1002.71131,0.01996,0.0,0.88615,28.67307,-4.36073,0.0,21.70042
underground,Vila nova de Gaia,41.1196,-8.61082,24.70427,87.70065,0.05672,1006.37841,-0.39052,0.01085,-1.97189,28.38682,-50.6428,304.42944,12.00367
street_level,Maia,41.20376,-8.55901,2.81586,5.25879,0.0,997.41072,-0.04575,0.0,2.42783,43.80954,-1.26832,0.0,3.0
street_level,Porto,41.17383,-8.59702,9.29861,0.0,0.02681,1001.55806,0.1574,0.0,3.66102,46.73958,5.2113,33.94284,16.68857
street_level,Arouca,40.93104,-8.24462,11.9558,5.52577,0.01286,1003.45649,0.0455,0.0,-1.80658,56.01789,-2.27013,0.0,6.93689
underground,Vila nova de Gaia,41.11732,-8.61058,49.22772,33.04333,0.45427,1003.97047,-0.54801,0.31555,-4.60711,30.16372,-13.97525,315.91655,76.87419
street_level,Espinho,41.00389,-8.63801,14.67914,0.0,0.02086,1011.9028,0.18852,0.0,2.02752,36.96314,-5.60401,0.0,3.0
street_level,Vila nova de Gaia,41.12991,-8.61266,12.41445,13.82076,0.0235,1006.47736,-0.2474,0.02322,-0.34833,33.21564,5.4991,0.0,21.40455
street_level,Oeiras,38.72514,-9.24151,5.28313,0.0,0.0,997.7771,-0.03209,0.0,1.34638,54.12374,1.66342,0.0,3.0
underground,Porto,41.15399,-8.59769,29.03996,86.5155,0.02427,1004.82719,-0.68636,0.12641,-5.06233,28.63254,16.60035,151.76274,3.0
underground,Espinho,41.00586,-8.64096,32.45162,98.43133,0.26993,1002.43094,-0.57829,0.15718,-4.4762,9.17278,1.88825,198.67996,125.7943
street_level,Matosinhos,41.1737,-8.68889,10.44185,0.0,0.04919,1011.38989,0.0768,0.0,-4.84944,37.68897,-2.95375,0.0,3.0
underground,Arouca,40.93085,-8.24736,47.20029,0.0,0.09869,1003.03959,-0.46266,0.1612,-4.48111,26.63472,21.88739,298.90586,157.34
street_level,Porto,41.16465,-8.60207,9.65912,2.18009,0.0,1000.49895,0.28152,0.0,1.00884,37.76793,1.9917,10.65534,41.0156
street_level,Espinho,41.00709,-8.64388,11.40285,0.0,0.0106,1006.93412,-0.10158,0.0,-0.67057,43.43443,-2.15192,8.93156,32.39274
underground,Vila nova de Gaia,41.12897,-8.61683,52.49851,18.62072,0.14757,1000.69813,-0.60892,0.17536,-4.28521,35.64114,53.70251,135.72902,132.85275
street_level,Maia,41.20333,-8.55917,14.27463,1.95971,0.00448,997.66121,-0.72125,0.00361,-1.28252,20.45743,-7.38271,18.52569,13.15843
street_level,Vila nova de Gaia,41.12211,-8.61272,8.01374,0.0,0.0,998.69261,0.12851,0.00834,0.63018,62.83076,-3.15478,8.21412,5.30445
street_level,Matosinhos,41.17196,-8.68038,8.88016,3.26768,0.0,998.8567,-0.29653,0.0,3.32043,37.20745,5.18357,2.39556,24.24779
underground,Matosinhos,41.17323,-8.68585,47.68626,26.88935,0.23084,1001.22014,-0.684,0.26289,-3.62663,22.03428,19.56908,0.0,195.74857
street_level,Porto,41.16368,-8.66452,10.42965,3.15085,0.0,1009.537,0.21887,0.00869,0.59973,43.7291,-0.54567,26.88481,4.22364
street_level,Matosinhos,41.1746,-8.68344,11.58982,0.0,0.03914,1004.51833,-0.00798,0.0,-1.3465,16.40732,4.39829,8.02057,3.0
underground,Vila nova de Gaia,41.13176,-8.61468,36.58331,29.74997,0.22887,1007.5553,-0.35742,0.0,-3.27478,56.30014,-35.87295,327.80693,8.685
above,Vila nova de Gaia,41.12621,-8.60816,38.5233,79.82245,0.0,1003.87149,1.26124,0.1976,9.28097,30.12694,4.08381,119.88118,3.0
above,Oeiras,38.70096,-9.22904,50.5036,83.71677,0.00514,1007.36545,0.70938,0.0,7.63655,39.49054,17.31424,256.39868,50.21102
underground,Maia,41.20401,-8.55887,39.80764,21.59015,0.0,1004.47392,-0.66935,0.14019,-5.71766,35.70205,-6.25469,0.0,134.56401
street_level,Matosinhos,41.17377,-8.68059,10.57111,0.0,0.02266,1004.61202,-0.33525,0.0,-2.84936,22.13327,4.42961,0.0,3.0
street_level,Porto,41.14244,-8.60583,10.67771,1.99552,0.0,1002.03198,0.1298,0.0,0.75213,22.24127,7.60656,36.95346,3.0
street_level,Espinho,41.01078,-8.63811,16.93115,4.1713,0.0074,1001.4016,-0.12536,0.02236,-1.08522,43.28682,-7.75766,19.93087,3.0
underground,Porto,41.1618,-8.62949,15.98771,30.26236,0.0,1005.61844,-0.42212,0.02463,-2.76807,33.03615,-36.68975,244.60489,106.40679
underground,Arouca,40.9313,-8.24277,54.72938,0.0,0.22037,1002.0479,-0.68887,0.0,-5.17189,29.92445,38.74691,270.446,144.01008
street_level,Porto,41.16432,-8.64086,18.05135,0.0,0.00166,1008.70297,0.52392,0.0,0.81364,38.55165,-2.36135,31.37281,3.0
underground,Vila nova de Gaia,41.11396,-8.61172,47.97358,41.5597,0.0,1002.20775,-0.54193,0.26114,-3.91987,23.03363,30.30027,268.84469,140.47024
street_level,Vila nova de Gaia,41.11893,-8.60762,5.07038,0.0,0.0241,996.60721,0.02031,0.0,5.12718,73.02034,4.62749,1.49266,27.35994
underground,Arouca,40.93151,-8.24712,44.23613,43.56275,0.29633,1003.4859,-0.54921,0.09712,-5.27517,36.4167,-13.12787,168.82377,124.30763
underground,Espinho,41.00536,-8.64392,28.31491,62.2596,0.5117,1006.59794,-0.54425,0.11997,-5.08344,28.02825,31.69916,41.94782,118.26595
street_level,Oeiras,38.67733,-9.32192,13.03618,3.03983,0.03023,1006.91646,-0.70726,0.01884,0.92968,14.9473,-1.60245,9.31704,3.0
street_level,Oeiras,38.72662,-9.23477,12.24476,0.95626,0.0,999.37513,-0.07219,0.01259,2.19108,23.31747,6.59225,0.0,22.46378
street_level,Oeiras,38.6869,-9.3118,15.32193,0.0,0.0,1012.04616,-0.75701,0.00409,1.01665,29.79341,-2.17744,10.21886,3.0
street_level,Matosinhos,41.17493,-8.68676,7.92434,0.0,0.0,996.29122,-0.34095,0.00122,-2.80038,32.94981,-1.26059,0.0,3.0
underground,Porto,41.17911,-8.60094,26.22401,137.51235,0.36092,1004.99322,-0.66227,0.08501,-4.60656,27.76505,30.40689,0.0,95.86341
street_level,Maia,41.20202,-8.55784,12.10539,1.17628,0.00934,999.75897,-0.30314,0.0,-3.30486,28.6302,4.13482,0.0,3.0
street_level,Arouca,40.93142,-8.24526,6.39242,9.33812,0.0,1006.15915,0.63475,0.0,8.22376,38.19032,2.72822,24.57065,93.92407
street_level,Porto,41.17838,-8.59713,9.11203,0.0,0.02353,1001.0636,-0.24166,0.02419,0.12497,43.82566,-2.63791,24.97531,46.60966
street_level,Oeiras,38.71388,-9.23973,10.34519,8.04603,0.0,1001.71481,-0.12781,0.0,-2.06884,38.67495,3.57004,18.02063,24.40404
underground,Maia,41.20263,-8.5594,33.90254,58.18933,0.27879,1005.14108,-0.71893,0.09215,-6.35987,19.65724,-6.37909,36.46199,58.97534
street_level,Espinho,41.00825,-8.63975,9.37177,0.0,0.00149,993.73514,-0.18404,0.0,0.23544,43.19009,-1.8442,40.98129,3.0
underground,Espinho,41.00723,-8.64415,26.172,46.09332,0.0,1005.91076,-0.42068,0.01573,-3.85769,44.03469,-60.11853,236.12855,3.0
street_level,Vila nova de Gaia,41.11721,-8.60813,16.09145,0.0,0.00362,1008.1608,0.36584,0.01249,-2.6724,49.7365,-3.45184,0.0,9.49395
underground,Oeiras,38.69937,-9.23227,40.46025,43.60697,0.0,1004.80856,-0.49337,0.06056,-4.071,42.99203,-58.26916,318.40447,15.03637
street_level,Arouca,40.92897,-8.24793,6.06069,3.21391,0.0,1007.95248,1.00376,0.0,3.67411,24.55463,4.79304,19.61068,59.58361
street_level,Vila nova de Gaia,41.13253,-8.61491,5.56103,0.0,0.01319,1000.04706,-0.13553,0.0,-5.1671,37.60579,3.46451,0.0,3.0
street_level,Maia,41.2019,-8.55784,10.4848,0.0,0.0,1000.96256,-0.61293,0.0,-3.98818,31.23311,-1.74565,1.49966,21.36726
street_level,Oeiras,38.71528,-9.24009,11.04571,8.07906,0.02183,1001.64979,0.17274,0.0,1.96646,28.10246,-2.20496,23.06153,3.0
underground,Porto,41.16257,-8.63856,37.81565,71.22575,0.04223,1002.36318,-0.3585,0.20053,-5.41835,33.54339,23.33787,190.8132,179.30082
street_level,Matosinhos,41.17352,-8.68388,13.30789,0.0,0.00239,1014.26429,-0.08224,0.00078,-2.08015,44.47503,1.52765,29.0494,9.63671
underground,Arouca,40.93222,-8.24454,32.07758,30.43812,0.09613,1006.37944,-0.47932,0.0,-4.57252,43.03984,-47.90629,185.50418,41.03615
underground,Matosinhos,41.17168,-8.67883,19.58267,37.49484,0.33366,1002.58745,-0.59421,0.15868,-5.82497,40.71361,6.40283,0.0,104.53928
street_level,Vila nova de Gaia,41.13365,-8.6091,11.29633,0.0,0.0,1005.75228,-0.3063,0.00163,-1.33187,26.165,-6.78156,0.0,18.83183
underground,Arouca,40.92924,-8.24625,20.0963,107.92259,0.00665,1007.71098,-0.43838,0.14983,-4.58718,37.38122,-17.58135,274.76562,3.0
street_level,Espinho,41.00591,-8.63711,18.20733,2.77012,0.0,1007.86071,-0.08692,0.01038,-2.10977,40.80112,-1.7327,0.0,41.20654
underground,Arouca,40.93197,-8.24731,24.96602,77.51398,0.04386,1007.25724,-0.54059,0.0,-5.06958,46.98045,1.59377,352.8722,29.97966
underground,Espinho,41.01171,-8.64149,26.79357,44.21318,0.0,1004.24302,-0.4872,0.00874,-2.71339,48.7895,-39.29391,122.67925,31.21365
street_level,Maia,41.20403,-8.55878,11.53374,6.24323,0.0,999.33398,-0.09733,0.01281,-1.07039,41.44499,3.62149,0.0,3.0
street_level,Maia,41.20407,-8.55872,11.9613,0.0,0.0,1003.09039,-0.4322,0.00038,0.34614,47.66495,-8.80086,0.0,32.4396
street_level,Oeiras,38.71727,-9.22182,8.92774,0.0,0.0,995.8739,0.2801,0.01237,2.06152,37.2341,6.15718,0.0,3.0
street_level,Porto,41.17496,-8.60626,8.2182,6.44103,0.0,1006.21088,0.52298,0.01169,6.3332,32.65913,3.92706,4.23728,65.73106
underground,Oeiras,38.71369,-9.22254,34.05122,84.6908,0.25862,1004.39041,-0.47223,0.22496,-5.62941,29.17535,11.26043,180.72397,113.48839
street_level,Porto,41.16309,-8.66511,6.52958,0.0,0.0,996.49627,-0.1816,0.0,-1.07,58.22397,-1.3655,3.65723,41.98008
street_level,Vila nova de Gaia,41.12561,-8.61322,10.03506,0.0,0.00664,1002.12445,0.07513,0.01027,-4.65169,49.84544,3.27187,8.55497,47.14496
street_level,Vila nova de Gaia,41.12089,-8.61101,9.95663,10.91878,0.0,1004.30794,-0.72973,0.01205,-0.10909,31.25169,1.26375,19.32132,13.29662
above,Porto,41.15903,-8.62884,65.99583,90.0843,0.01552,1004.47831,0.62937,0.09733,10.79511,64.06676,-1.9928,199.59148,17.78884
underground,Arouca,40.92912,-8.24607,28.84263,94.541,0.19419,1006.34903,-0.32478,0.03254,-4.19668,41.87832,-3.59686,413.75525,3.0
street_level,Porto,41.14796,-8.61204,12.12116,4.41491,0.0,1003.80459,-0.42441,0.00441,3.096,32.90065,-0.45442,0.0,33.1222
above,Maia,41.2034,-8.55928,58.72803,88.96082,0.00658,1005.70749,0.69571,0.0,5.37082,48.35124,10.41163,331.84244,90.41179
street_level,Oeiras,38.67666,-9.3214,15.26025,1.3478,0.01695,1007.82215,0.04164,0.0,0.60385,40.50751,-3.39127,8.06776,3.0
street_level,Maia,41.20399,-8.55891,11.02459,0.0,0.03253,1001.2244,-0.22309,0.0149,-1.67179,74.53749,0.59142,9.11439,5.70572
above,Vila nova de Gaia,41.12531,-8.60589,62.98064,83.19671,0.0,1005.19252,0.70181,0.05713,1.59986,36.55747,7.06594,321.83194,37.83142
street_level,Espinho,41.00451,-8.64384,19.76283,6.80099,0.0,1008.37738,0.10766,0.0,-3.91234,38.84816,-2.13745,0.0,13.8458
street_level,Espinho,41.00955,-8.64343,11.58022,0.22655,0.02212,1004.27936,-0.26258,0.0,-2.42049,14.35948,6.64248,18.26613,3.0
street_level,Arouca,40.93055,-8.24603,6.99433,11.20688,0.0,992.14529,0.10755,0.0,-1.92526,61.01508,-1.50874,9.75275,3.0
street_level,Matosinhos,41.16763,-8.68898,14.2038,10.11174,0.02201,1004.40139,-0.24372,0.01788,0.49172,19.58399,-2.69225,20.22123,3.0
street_level,Espinho,41.0059,-8.63724,13.97992,0.0,0.0,1004.40663,0.02838,0.01889,-2.08363,28.61374,-12.85492,0.0,3.0
underground,Vila nova de Gaia,41.13387,-8.60891,22.87596,67.99564,0.0,1005.98772,-0.44722,0.07317,-3.73755,47.72013,-52.1268,268.03259,3.0
street_level,Maia,41.20194,-8.55762,8.41249,4.80081,0.0,1000.46618,0.33552,0.01053,-0.15833,56.78659,2.21606,12.16636,22.10147
underground,Maia,41.20258,-8.55951,38.5937,151.64858,0.30457,1003.73086,-0.74003,0.14799,-5.29874,23.56354,32.06618,148.78824,143.37661
above,Espinho,41.01055,-8.64324,68.7552,94.24664,0.0,1006.92213,1.38584,0.07698,5.94824,52.5262,-9.80544,152.29651,81.10122
street_level,Matosinhos,41.1738,-8.68873,11.75609,4.30425,0.0,994.69176,-0.29188,0.00193,0.78403,8.46368,4.9103,6.53043,3.0
underground,Matosinhos,41.17528,-8.68649,27.23658,101.54753,0.05377,1004.11614,-0.33834,0.08745,-4.96979,47.40199,-12.04791,81.51998,3.0
above,Espinho,41.01173,-8.64011,61.22517,91.90956,0.0114,1006.87057,0.65407,0.04242,6.8617,50.26711,14.85259,358.54138,120.60075
street_level,Matosinhos,41.17138,-8.6875,7.73119,0.0,0.03397,1004.58195,-0.05578,0.00899,4.43812,67.16401,-1.03963,0.0,3.0
street_level,Arouca,40.93154,-8.24695,9.46237,0.0,0.0,1002.4083,0.02986,0.01138,0.25723,30.90902,-9.60564,0.0,12.0727
underground,Oeiras,38.69748,-9.28365,32.24517,96.27054,0.20602,1004.20536,-0.5839,0.0,-4.46261,15.36392,9.03864,233.28118,89.08877
street_level,Espinho,41.00716,-8.63837,19.16394,5.03047,0.0,999.78228,-0.37168,0.0,0.83774,38.05512,-4.41662,8.61831,3.0
above,Arouca,40.92923,-8.24778,32.65699,82.695,0.0,1003.56502,0.66479,0.0694,6.12089,35.92068,5.83347,95.79259,58.18257
above,Porto,41.14267,-8.61993,34.59178,88.5302,0.0,1002.64115,1.44959,0.18184,12.85487,22.94644,-9.20734,153.17077,19.00535
street_level,Oeiras,38.68547,-9.3246,10.71396,0.0,0.0,1001.82531,-0.57977,0.00083,-3.39201,36.30911,-3.35835,0.0,3.0
underground,Matosinhos,41.17339,-8.68763,23.23738,61.88015,0.37681,1000.97094,-0.48269,0.15531,-6.19566,24.11158,19.6904,0.0,13.09328
street_level,Porto,41.14518,-8.61099,13.9354,3.39928,0.0,1007.70146,0.49793,0.01289,1.19012,41.21158,-3.76705,0.0,15.42253
underground,Arouca,40.9301,-8.24537,42.66248,0.0,0.24396,1002.71228,-0.75476,0.12086,-3.89957,38.09579,-10.2437,69.89332,160.52382
street_level,Porto,41.15576,-8.59747,7.41459,5.51553,0.0,996.67397,0.08442,0.00147,1.31667,66.72783,-4.84551,0.66362,48.34463
underground,Espinho,41.01164,-8.644,43.31018,0.0,0.03656,1004.89804,-0.59182,0.2042,-3.88928,31.04872,28.62356,192.80746,88.36427
street_level,Espinho,41.00475,-8.6363,7.89867,7.73339,0.0,1003.21077,0.58893,0.0,2.76379,44.7763,2.37809,32.28962,70.42501
underground,Vila nova de Gaia,41.11851,-8.60774,49.90511,0.0,0.24171,1002.70563,-0.56465,0.16033,-5.07449,33.76666,-6.41634,373.58222,78.94585
underground,Matosinhos,41.17173,-8.67813,40.42586,0.0,0.03736,1003.31024,-0.46535,0.25223,-4.75881,28.22959,55.50248,229.34019,148.61096
underground,Arouca,40.92899,-8.24783,43.91707,25.50764,0.20564,1002.23622,-0.46743,0.10443,-4.37669,36.46412,-15.83822,111.82294,121.88878
street_level,Maia,41.202,-8.55774,4.64573,4.58775,0.03416,1000.34934,-0.24965,0.00227,2.1937,55.77031,1.37898,0.0,3.0
underground,Matosinhos,41.17606,-8.68851,54.65387,0.0,0.17956,1002.94717,-0.61633,0.2711,-4.02154,29.54457,-17.47971,295.73778,156.67849
street_level,Vila nova de Gaia,41.12039,-8.61371,2.00283,0.0,0.00315,1000.44568,-0.42042,0.00041,1.72784,64.77791,-1.36195,7.36759,29.45153
above,Arouca,40.93034,-8.24567,64.60818,91.88613,0.0,1006.13315,0.9499,0.10864,4.64764,52.50238,8.70882,295.30577,110.45931
underground,Porto,41.16071,-8.58287,28.00543,84.58673,0.33407,1001.49506,-0.62547,0.14123,-4.91927,33.73392,8.64153,109.92133,156.27542
street_level,Matosinhos,41.16756,-8.68818,15.98597,0.0,0.01555,999.70443,-0.11098,0.0,-0.97975,15.67973,4.61973,0.0,3.0
underground,Matosinhos,41.17485,-8.68959,30.27805,61.59208,0.0,1004.18591,-0.47858,0.00178,-3.42022,40.07756,-49.90908,345.33734,88.11005
street_level,Matosinhos,41.17359,-8.68854,3.77027,0.0,0.02734,996.11362,0.22302,0.0,-1.86102,35.65285,3.67881,14.75607,3.0
street_level,Arouca,40.9292,-8.2467,12.72352,0.0,0.00859,1004.97131,-0.06577,0.0,-1.76136,32.9077,-1.50751,7.11361,26.85595
street_level,Arouca,40.9318,-8.24719,12.79985,0.0,0.0,1003.66219,-0.14603,0.0,-2.17608,19.26045,5.78161,0.0,6.84081
underground,Maia,41.20232,-8.55863,25.47772,129.30436,0.07629,1002.95099,-0.47293,0.23567,-5.49959,20.95234,2.1644,107.00017,84.62665
underground,Arouca,40.92938,-8.24633,27.76603,21.0261,0.0,1005.70582,-0.38116,0.07954,-3.54884,45.03577,1.42607,239.61644,14.73882
underground,Vila nova de Gaia,41.12793,-8.60825,38.59232,90.00886,0.39997,1002.7665,-0.68129,0.13935,-4.89876,31.07691,4.12191,112.43132,3.0
underground,Matosinhos,41.17711,-8.68522,32.85521,49.27156,0.50959,1006.08835,-0.46698,0.18773,-5.41796,23.42117,12.80864,77.60246,82.98468
street_level,Matosinhos,41.17477,-8.68895,9.20909,0.0,0.0,996.06989,0.32269,0.00096,0.90569,52.16261,-2.11594,28.15996,3.0
street_level,Maia,41.20231,-8.55963,2.55306,10.54513,0.01062,992.58096,-0.36191,0.00708,-2.01027,47.50968,5.91093,36.05713,8.34618
street_level,Porto,41.14319,-8.61117,8.38869,0.0,0.00157,1013.66816,-0.22458,0.00769,-0.72202,63.40334,-2.20817,7.75853,6.92106
underground,Vila nova de Gaia,41.13187,-8.61237,36.90783,18.57817,0.36408,1004.25461,-0.55517,0.12915,-4.19476,24.85547,41.7073,71.63353,82.99739
street_level,Maia,41.20203,-8.55846,8.81106,5.2991,0.02587,993.4131,0.15105,0.0,6.36295,68.63238,5.10233,13.4751,13.70705
street_level,Oeiras,38.71241,-9.23397,15.7768,10.00293,0.0,1004.64456,-0.25542,0.0,-2.68651,44.35759,-3.58616,0.0,3.0
street_level,Arouca,40.92958,-8.24736,9.91656,0.0,0.0,1002.63577,-0.34133,0.0122,0.3545,17.88245,8.88038,0.0,42.83734
street_level,Maia,41.20215,-8.55861,10.896,0.0,0.0,998.35992,-0.25403,0.0,0.0364,40.32704,6.95277,0.0,28.11986
street_level,Vila nova de Gaia,41.12543,-8.61147,12.91206,7.08069,0.01727,1007.59272,0.05582,0.0,-2.73524,59.2991,-4.30644,6.74004,3.0
street_level,Matosinhos,41.1757,-8.68881,13.1225,4.55884,0.02924,1002.39902,-0.30778,0.01797,-1.12309,23.67324,4.42671,19.0778,44.87385
above,Oeiras,38.69763,-9.22931,51.45307,91.72675,0.03674,1003.64296,1.84479,0.1881,9.80499,43.49469,-7.21328,7.52866,3.0
underground,Arouca,40.92916,-8.24673,28.97777,82.92047,0.26972,1005.07412,-0.71642,0.13583,-6.65832,18.70149,-31.03647,145.38731,108.35921
underground,Espinho,41.0114,-8.63873,42.88382,83.81204,0.40253,1003.76887,-0.66744,0.08082,-4.94369,19.1728,0.77747,16.84896,83.78861
street_level,Arouca,40.92994,-8.24743,13.21513,0.0,0.0,1011.4894,-0.21768,0.01934,-2.06091,42.34021,0.51878,9.34435,3.0
street_level,Maia,41.20234,-8.55861,9.2748,2.6971,0.0,998.93754,-0.23304,0.01358,-0.29844,33.70961,8.18486,10.52179,3.0
street_level,Maia,41.20225,-8.55937,10.5101,15.01403,0.0,1000.73076,0.71131,0.02426,5.42316,40.66847,0.08189,0.0,77.00869
street_level,Maia,41.20268,-8.55935,13.00416,6.83432,0.0,1004.61707,0.0746,0.0,1.575,27.16889,-2.00546,43.22983,3.0
street_level,Porto,41.15424,-8.61005,9.29811,4.19941,0.01729,992.81844,-0.02687,0.0,-2.06074,34.28988,13.30022,0.0,3.0
street_level,Maia,41.20242,-8.55937,9.12094,9.78177,0.01388,1003.25506,-0.16854,0.0,-0.60955,53.34253,-3.18132,21.25262,25.14042
street_level,Arouca,40.93205,-8.24357,6.33304,0.0,0.01577,1006.26078,0.12327,0.01221,0.9075,48.92089,-4.37554,4.38907,25.34703
above,Vila nova de Gaia,41.13772,-8.6127,63.02343,88.10516,0.01413,1007.18981,1.11983,0.10293,6.15196,49.01159,1.35455,255.36178,82.26611
above,Porto,41.15552,-8.62988,59.83688,92.32515,0.00235,1007.05367,1.23053,0.03358,0.74332,35.49071,20.72686,258.35314,67.23192
underground,Maia,41.20215,-8.55859,47.42814,4.94528,0.35391,1004.94886,-0.65586,0.12579,-4.43447,29.74208,40.1983,18.19898,170.19919
underground,Espinho,41.01156,-8.63857,32.13739,14.4278,0.04687,1006.07772,-0.35982,0.0,-3.00487,32.304,-43.52864,223.83271,3.0
underground,Vila nova de Gaia,41.13274,-8.61287,41.12837,26.09615,0.35541,1005.93214,-0.57611,0.20171,-6.11059,40.73264,-19.04455,92.48441,130.43128
street_level,Maia,41.2024,-8.55762,14.7705,6.30549,0.00242,998.49016,-0.48011,0.01284,1.76816,16.54081,1.7689,23.64527,3.0
underground,Arouca,40.93153,-8.2446,32.53644,71.42785,0.21344,1003.42441,-0.81108,0.21353,-5.0382,24.41139,24.87358,106.48299,147.60632
above,Matosinhos,41.17515,-8.68096,61.42509,82.77152,0.01923,1005.61247,0.98361,0.06524,11.79797,46.02546,4.98788,258.7398,83.192
street_level,Vila nova de Gaia,41.12976,-8.60865,8.77566,3.41648,0.0,1002.75593,-0.35311,0.01648,2.48299,24.5022,5.33395,15.97388,3.0
street_level,Maia,41.20238,-8.55758,14.84955,4.32873,0.0,1008.3011,-0.19179,0.01172,-1.70057,52.16963,-3.61544,2.13414,22.299
underground,Vila nova de Gaia,41.11391,-8.61306,35.29318,43.80981,0.40327,1003.59468,-0.64776,0.23409,-4.79251,29.91725,27.78147,152.54201,125.61081
street_level,Porto,41.16415,-8.61402,10.00502,8.90277,0.0,1000.9933,0.79857,0.01728,7.71827,20.2005,1.72178,17.84055,24.18995
street_level,Arouca,40.93008,-8.24541,12.38326,1.76944,0.0,1005.0693,0.03058,0.03449,-2.10847,10.16445,-6.81895,0.0,3.0
street_level,Porto,41.16221,-8.66772,11.07746,0.0,0.00437,998.90832,0.32594,0.01792,-2.17044,56.45882,-1.84422,0.0,19.07644
underground,Matosinhos,41.17439,-8.68468,22.8784,46.59551,0.31117,1006.0187,-0.40732,0.15071,-3.15677,27.05278,-55.3985,259.60916,3.0
street_level,Maia,41.20403,-8.5586,7.17826,0.0,0.0,996.33689,0.42577,0.0,-4.79027,43.10614,2.73586,0.0,3.0
above,Vila nova de Gaia,41.1378,-8.6131,39.8535,76.12576,0.01695,1003.07124,1.42364,0.29593,8.26125,21.58947,-22.06569,90.44372,68.3831
above,Porto,41.15074,-8.58239,68.02064,93.54367,0.0,1004.99471,0.35913,0.16806,4.36661,39.76143,12.79992,339.92977,68.95928
underground,Vila nova de Gaia,41.12885,-8.60972,26.67807,65.96052,0.37793,1004.12076,-0.62271,0.2173,-5.87052,26.8763,20.24281,2.28035,38.53279
above,Espinho,41.0107,-8.64272,50.82237,69.36633,0.0,1002.24346,1.04304,0.22917,7.29976,32.28801,12.35472,69.49255,3.0
underground,Espinho,41.00545,-8.644,32.26505,44.82026,0.0,1006.32866,-0.42165,0.0036,-2.83029,36.19133,-85.05054,553.39446,3.0
underground,Arouca,40.93163,-8.24384,64.05529,43.75279,0.10118,1003.77527,-0.53433,0.18871,-5.30666,22.64418,-20.97542,65.58141,179.94924
street_level,Arouca,40.92974,-8.24732,5.63274,3.93555,0.0524,997.09119,0.74889,0.0063,-1.74465,46.81576,7.12916,8.28245,3.0
underground,Arouca,40.93079,-8.2462,50.21547,28.81832,0.01825,1005.27626,-0.49432,0.07801,-4.79732,40.86226,-0.58855,239.51616,171.69852
street_level,Oeiras,38.70041,-9.22792,16.51149,0.0,0.0,998.8713,-0.33638,0.0,-1.99974,40.00618,-8.53632,0.0,3.0
street_level,Arouca,40.9305,-8.24358,7.05099,0.0,0.00961,999.44255,-0.10304,0.0,-0.10245,68.25454,1.3353,0.0,24.43549
above,Porto,41.17379,-8.60574,65.40816,84.92581,0.02085,1005.40439,0.54219,0.00543,5.41201,51.2185,11.7401,377.00458,84.23843
street_level,Oeiras,38.6871,-9.31434,10.76788,0.0,0.00709,1004.45056,0.06297,0.0,0.48421,32.40723,1.64972,7.22207,33.17585
underground,Oeiras,38.68666,-9.31756,53.66995,0.0,0.2176,1003.95645,-0.48024,0.2485,-4.0833,29.54695,61.68346,274.97482,106.21038
street_level,Vila nova de Gaia,41.12858,-8.61132,15.7319,2.76267,0.0102,999.29319,-0.18274,0.0,-3.90212,22.45966,5.00491,33.87115,6.96078
street_level,Oeiras,38.70128,-9.30475,11.16524,0.0,0.00206,997.20331,-0.2733,0.0,-1.2349,40.83891,-3.93591,18.00812,22.15435
street_level,Matosinhos,41.17512,-8.68895,7.40886,0.45544,0.0,997.58128,-0.3886,0.0,1.41167,59.31853,4.7576,4.95569,3.0
street_level,Porto,41.16638,-8.64107,15.4698,0.0,0.0,996.01038,-0.33998,0.0,-6.21672,21.00384,2.54723,16.07655,14.64396
underground,Maia,41.20325,-8.55911,22.51313,71.94261,0.0,1007.68986,-0.43377,0.04885,-3.51917,42.57235,-36.20046,427.26041,23.39245
street_level,Porto,41.16442,-8.6453,9.41484,0.0,0.0,998.66706,-0.1159,0.00492,0.85801,43.02814,3.2263,0.0,3.0
street_level,Matosinhos,41.17555,-8.68994,14.02178,10.55074,0.0,1006.4229,0.33535,0.01605,3.4957,34.14657,-4.88678,0.0,3.0
underground,Matosinhos,41.17618,-8.68992,27.42195,93.47219,0.56131,1006.0806,-0.60735,0.23384,-5.48354,29.06009,-2.27982,90.42647,63.21948
street_level,Maia,41.20188,-8.55761,6.93058,0.0,0.01357,1008.60983,0.78736,0.0,6.75727,44.75577,5.56497,0.0,56.83684
underground,Porto,41.16184,-8.5931,17.45417,44.49457,0.04366,1004.6634,-0.47762,0.0,-3.39493,41.01569,-50.42006,253.6659,66.73526
underground,Porto,41.15349,-8.67566,31.41294,29.42834,0.0,1004.81436,-0.46684,0.18846,-2.76609,47.01934,-56.32427,212.04656,14.12104
above,Espinho,41.00669,-8.64315,42.15056,89.57263,0.01832,1003.42035,1.91484,0.31164,11.54211,32.66841,5.50075,140.56686,12.35344
street_level,Matosinhos,41.16832,-8.68817,18.3372,0.0,0.00572,997.01094,-0.19127,0.0049,1.01805,26.53483,7.94885,1.22646,3.0
street_level,Oeiras,38.70778,-9.22501,11.32485,10.10429,0.01782,1000.77159,-0.29815,0.0,3.50679,13.22886,4.44804,8.87679,3.0
underground,Porto,41.14404,-8.61146,53.68602,38.82048,0.21733,1004.29131,-0.55716,0.20194,-4.44548,34.74233,29.90526,158.78964,129.5901
underground,Vila nova de Gaia,41.12852,-8.61127,55.73355,27.43789,0.50905,1003.354,-0.43769,0.00579,-4.56852,31.84455,-42.98687,151.26244,66.6089
street_level,Oeiras,38.69666,-9.29477,11.51223,0.0,0.01009,1007.31942,0.08937,0.0,1.1792,41.45447,-4.30287,0.0,26.78888
street_level,Porto,41.16164,-8.59182,9.30766,0.0,0.00914,995.83734,-0.13101,0.00555,-0.3657,35.55342,-0.14644,0.0,31.93659
underground,Vila nova de Gaia,41.13577,-8.61568,14.17233,70.48241,0.33001,1002.87362,-0.49777,0.1658,-6.17352,29.23255,18.17117,0.0,60.12691
street_level,Arouca,40.93063,-8.24378,11.62062,2.31615,0.00683,1004.34523,0.02114,0.01324,1.54523,36.34598,-4.0805,0.0,15.66629
above,Maia,41.20331,-8.55918,62.6905,85.60811,0.04711,1001.66414,2.02844,0.12975,13.86159,9.55633,-5.38494,135.11318,19.42679
underground,Vila nova de Gaia,41.13559,-8.61571,37.49167,75.20441,0.0,1008.40712,-0.4972,0.07358,-5.46651,39.48375,-77.06781,300.71834,3.0
street_level,Arouca,40.93041,-8.24401,6.36247,0.0,0.0,993.63253,-0.32339,0.00236,2.28544,36.89161,-1.77841,0.0,3.0
underground,Oeiras,38.69453,-9.29463,38.088,20.25026,0.17451,1007.31236,-0.52636,0.00653,-4.17442,49.48882,-65.69139,570.898,69.84642
underground,Maia,41.20222,-8.55849,59.62395,30.11034,0.09578,1000.59473,-0.60365,0.16575,-5.16694,31.71561,39.45084,222.37934,130.71716
street_level,Matosinhos,41.17626,-8.68114,15.66112,1.29144,0.01552,1009.20921,0.23577,0.00722,-2.57877,44.63606,-2.96515,0.0,20.82269
underground,Maia,41.20193,-8.55766,43.24019,38.92035,0.24025,1001.03594,-0.61179,0.19055,-4.55376,31.22023,-6.45824,3.32098,155.68781
underground,Maia,41.2029,-8.55768,24.1187,75.92703,0.14538,1007.94268,-0.45772,0.0,-4.93157,34.28761,-35.40329,272.87102,29.02758
underground,Arouca,40.93119,-8.24577,32.69269,115.32201,0.43138,1004.40685,-0.77149,0.18185,-3.86727,30.5508,28.97489,0.0,96.91843
underground,Espinho,41.01069,-8.64222,38.60425,82.33553,0.31586,1001.05128,-0.68591,0.22203,-4.83036,19.88225,70.20268,0.0,107.73063
street_level,Vila nova de Gaia,41.13177,-8.61238,9.35029,2.66151,0.0,990.81638,0.07345,0.00906,-0.40912,18.90994,3.87973,16.56773,3.0
underground,Matosinhos,41.17565,-8.68975,28.70454,40.03948,0.00959,1006.98928,-0.63659,0.06413,-2.82529,36.7488,-54.00615,427.94299,3.0
street_level,Maia,41.20192,-8.55808,18.61421,2.28534,0.02226,1014.95002,0.08215,0.02,-0.94391,49.43405,-7.33838,2.70099,17.24081
underground,Arouca,40.93063,-8.24387,26.89702,153.53386,0.29369,1004.50047,-0.77411,0.08299,-4.87275,24.11688,0.20327,26.62497,91.71987
street_level,Vila nova de Gaia,41.12531,-8.61127,14.33836,0.0,0.00892,1007.63449,0.40421,0.0,2.64667,50.49558,-9.89306,13.28527,26.85406
street_level,Oeiras,38.71381,-9.23902,10.01884,0.0,0.01897,1000.52426,-0.15951,0.03584,-4.0162,28.82578,0.8935,0.17818,8.38896
street_level,Arouca,40.93095,-8.24764,13.55779,0.0,0.00321,1001.21306,-0.28156,0.00738,-2.78592,34.54053,-5.86675,0.94126,10.76196
underground,Oeiras,38.71352,-9.22582,59.6938,44.97634,0.0,1002.03368,-0.50823,0.15768,-4.92863,25.96031,40.8445,324.72349,111.75225
underground,Oeiras,38.68408,-9.31885,31.54443,83.77715,0.31009,1004.41721,-0.53958,0.08292,-5.21045,25.96124,11.0161,209.51505,36.20614
street_level,Arouca,40.93189,-8.24713,12.83154,1.1272,0.0,1011.95839,0.22825,0.0,0.98883,51.78031,-5.54838,0.0,21.75936
street_level,Porto,41.15793,-8.5967,16.53153,2.6838,0.0,1004.93625,0.33938,0.0,1.77786,44.37312,-4.86847,0.0,3.0
street_level,Porto,41.16459,-8.63206,13.7095,6.61052,0.03764,1000.26419,0.15594,0.0,0.38193,28.96457,-2.55967,14.83155,62.52156
underground,Maia,41.20406,-8.55891,32.09343,103.58779,0.33375,1002.6372,-0.46032,0.19822,-5.32435,20.4012,27.28965,55.28646,143.74231
above,Espinho,41.00934,-8.64133,26.45032,77.47357,0.0,1003.62923,0.89734,0.18024,12.50017,27.63697,-20.8948,118.78546,38.20717
underground,Arouca,40.93051,-8.2486,40.65535,7.30601,0.10252,1004.94241,-0.47759,0.1982,-4.7464,22.36973,17.63979,241.09565,129.40392
above,Maia,41.20191,-8.55765,83.02653,86.50999,0.02825,1006.38108,0.64996,0.00233,3.6057,45.35406,9.87564,272.69733,76.95404
street_level,Oeiras,38.69337,-9.31399,13.68191,3.16529,0.02037,1004.27913,0.34963,0.0,2.04912,47.21931,-2.02655,0.0,3.0
underground,Matosinhos,41.17271,-8.68856,27.10198,68.3181,0.25805,1006.37398,-0.53435,0.17616,-4.40671,31.87269,-36.38838,378.66233,38.49862
underground,Espinho,41.0049,-8.64368,25.38345,64.39482,0.0,1008.05331,-0.30839,0.0,-3.98486,35.51354,-32.88625,331.60048,3.0
street_level,Espinho,41.00841,-8.63702,8.90232,5.04818,0.00805,999.68987,0.45807,0.02009,8.14389,40.52017,-5.09762,0.0,46.50803
street_level,Maia,41.20405,-8.55882,13.74167,14.61712,0.0,1006.69288,0.32174,0.0,6.39659,50.14137,4.92442,6.36376,69.88008
underground,Arouca,40.93167,-8.24377,23.18605,24.92513,0.48058,1005.13184,-0.47675,0.18968,-5.4332,33.2054,-10.62054,0.0,93.41142
street_level,Vila nova de Gaia,41.11981,-8.6061,7.60353,0.10854,0.0,999.58512,-0.3788,0.0,1.74261,51.12123,1.25612,0.0,3.0
street_level,Maia,41.20196,-8.55845,8.74176,11.61372,0.03308,999.76086,-0.0269,0.0,0.56836,40.9579,-0.57453,10.60406,17.28971
underground,Matosinhos,41.1756,-8.68189,28.14736,67.39975,0.0,1006.50836,-0.66966,0.03942,-2.90413,54.91746,-32.55377,291.84253,3.0
street_level,Porto,41.16474,-8.64031,10.44584,0.0,0.00898,1009.58219,-0.24492,0.0,1.03248,45.5263,-5.92032,0.0,19.1633
street_level,Vila nova de Gaia,41.12492,-8.61543,16.93522,2.93776,0.0,1002.79562,0.04862,0.02194,1.20274,35.79988,-3.14691,3.84438,10.14808
street_level,Oeiras,38.69241,-9.31115,13.93204,13.90776,0.0,1001.67112,-0.21212,0.0028,-4.17692,23.3347,4.23321,33.00755,3.0
underground,Arouca,40.93094,-8.2475,46.45995,22.81671,0.21037,1005.41673,-0.61801,0.16574,-5.49754,39.48278,-33.4124,59.83986,153.94299
underground,Matosinhos,41.17252,-8.67984,17.26514,58.54083,0.0,1005.42389,-0.42622,0.11044,-3.64268,33.36592,-87.11604,346.26733,3.0
street_level,Matosinhos,41.17321,-8.68837,15.0242,0.0,0.0,1005.10172,-0.04869,0.00063,1.83185,21.51606,-7.18761,2.44463,40.68986
street_level,Porto,41.14337,-8.61834,7.88183,6.45081,0.0,1000.1243,0.67971,0.01334,5.29062,63.82186,-2.01152,8.26622,91.43942
underground,Arouca,40.9309,-8.24754,52.85082,53.29869,0.12968,1004.33216,-0.61218,0.2937,-4.02851,38.1706,25.99637,143.13509,143.80174
street_level,Maia,41.20233,-8.55772,15.53745,0.0,0.00473,1004.92106,0.08053,0.0,-0.96306,30.86325,-12.60708,0.0,3.0
above,Matosinhos,41.17572,-8.68885,23.91101,89.38633,0.0,1001.76851,1.11215,0.24576,8.65563,31.62658,3.7369,167.00237,31.66586
street_level,Espinho,41.00481,-8.64368,14.80287,6.43808,0.0,1013.8234,0.07738,0.01395,-2.86263,28.98219,-2.2039,1.5041,11.45396
underground,Matosinhos,41.17395,-8.68896,45.023,41.6251,0.0,1004.64602,-0.48591,0.0381,-5.23723,28.99657,-14.44058,68.76345,98.62147
above,Maia,41.2027,-8.55786,66.02325,94.17236,0.0,1006.11629,0.43181,0.22888,4.32718,44.63518,13.21098,280.30087,120.3485
above,Maia,41.20172,-8.55751,63.09128,99.22024,0.00689,1004.29989,0.53012,0.33043,1.79073,50.7529,33.07296,161.13055,150.61641
street_level,Matosinhos,41.17266,-8.68082,16.18937,0.0,0.00259,1007.69523,0.05824,0.00535,2.7219,44.00031,-1.09954,42.08183,21.02675
above,Porto,41.15415,-8.64249,66.06411,84.10389,0.02871,1006.61022,1.16402,0.0,3.51582,54.18485,-1.69786,205.68858,62.20176
underground,Maia,41.2027,-8.55935,25.6298,102.77658,0.50756,1003.65657,-0.51863,0.24676,-4.13135,28.92398,-15.36617,163.02576,91.43463
street_level,Maia,41.20219,-8.55849,14.51912,0.0,0.0,1009.5555,0.04969,0.0,0.64778,34.26298,-3.91645,0.0,3.96508
underground,Matosinhos,41.17616,-8.68148,31.77181,74.48483,0.30729,1006.06894,-0.5892,0.20797,-5.48807,27.06163,-12.26377,0.0,81.54574
street_level,Matosinhos,41.1734,-8.68934,6.92135,7.68238,0.00711,1006.53822,0.43526,0.01287,4.78578,53.69435,-0.98951,0.0,81.00704
street_level,Oeiras,38.70952,-9.29159,5.18938,0.0,0.0,998.1222,0.05392,0.01293,-3.35726,54.69154,2.07504,0.0,3.0
street_level,Matosinhos,41.17282,-8.68852,14.74286,0.0,0.01413,1010.37556,-0.21866,0.00285,-1.86896,21.23735,-4.47559,0.94567,16.88812
street_level,Espinho,41.01166,-8.6407,9.97399,0.0,0.00448,1002.1155,-0.05116,0.00364,2.68822,24.2903,2.66207,0.0,34.03889
street_level,Oeiras,38.72667,-9.2375,7.01962,4.35559,0.02978,1001.76146,-0.39123,0.0,0.47647,56.55807,1.54854,0.0,6.4807
street_level,Porto,41.14679,-8.58579,3.04916,7.77791,0.00219,999.67403,0.26193,0.0,5.28882,36.26061,-0.90064,0.0,52.98998
underground,Espinho,41.01153,-8.64406,35.60652,86.45652,0.0473,1001.61176,-0.55012,0.21311,-5.65389,43.62883,14.43267,125.17821,139.27411
street_level,Arouca,40.93056,-8.24424,12.18544,4.70376,0.0,998.05352,0.36295,0.0,-0.98868,18.66933,8.57669,0.0,3.0
underground,Vila nova de Gaia,41.13295,-8.61256,32.02665,125.13586,0.17131,1001.4473,-0.68183,0.19288,-4.46159,28.00118,9.40292,158.90311,79.43998
street_level,Porto,41.1637,-8.63356,18.11281,0.0,0.01916,1008.19642,0.2432,0.0,3.06474,32.28542,-2.68217,0.0,3.0
above,Espinho,41.00547,-8.6441,64.48717,86.71667,0.0,1006.12028,0.87266,0.0123,6.15983,51.17807,6.3224,98.19481,73.97765
underground,Maia,41.20225,-8.55933,13.94398,76.5545,0.05629,1004.39241,-0.48081,0.04067,-3.36632,49.72796,-4.38783,316.08891,3.0
above,Porto,41.15594,-8.61784,32.59657,88.20455,0.0,1004.11488,1.12079,0.22582,14.86088,40.73845,-6.7184,99.30777,8.31147
street_level,Matosinhos,41.17579,-8.68843,15.13524,0.0,0.00373,1005.13829,0.19248,0.0,2.66387,9.60532,-4.28923,23.18802,47.63711
underground,Espinho,41.00399,-8.64238,23.83111,112.17713,0.03597,1006.57974,-0.40822,0.01197,-4.60787,45.07871,-78.34443,344.38184,3.0
underground,Oeiras,38.68952,-9.31842,30.0836,142.25107,0.39442,1005.26091,-0.57401,0.22019,-5.63367,25.12267,26.85264,23.80029,147.98055
street_level,Matosinhos,41.17292,-8.68007,14.8683,0.0,0.0,1004.91512,0.24085,0.01767,-2.63448,54.51929,-5.7516,18.52878,3.0
street_level,Arouca,40.92916,-8.2482,9.06039,11.43854,0.0,1008.38898,0.6098,0.00513,1.8151,30.84014,1.92292,16.0232,83.31663
street_level,Maia,41.20339,-8.55925,11.91809,0.0,0.00358,1000.7958,0.20267,0.00408,-2.17304,9.85299,-0.57768,8.23964,23.08493
street_level,Porto,41.15189,-8.63266,10.09526,7.61957,0.0,998.09605,0.21846,0.02163,1.92101,14.79872,2.58613,33.25486,10.49798
street_level,Porto,41.16031,-8.6427,5.41848,11.03948,0.0,1005.8925,0.70813,0.0,2.05014,20.6632,10.05183,25.60405,92.55616
underground,Matosinhos,41.1765,-8.68101,32.88417,85.81934,0.35176,1003.26282,-0.43107,0.17651,-5.52267,18.51849,46.59267,0.0,64.43385
above,Matosinhos,41.17594,-8.6811,39.24026,81.39995,0.0,1001.74963,1.1869,0.25068,10.06708,37.42796,-18.00865,129.48155,16.73491
street_level,Maia,41.20317,-8.55926,14.1939,0.0,0.01297,997.30698,-0.28554,0.02686,-2.02255,32.91078,4.95359,9.24667,3.0
underground,Porto,41.14912,-8.57918,27.29812,71.08243,0.32728,1003.80074,-0.52358,0.03289,-3.32876,29.25133,5.62338,112.86285,31.46503
street_level,Oeiras,38.71163,-9.23116,11.10319,13.29272,0.02623,1002.06645,0.44371,0.0,3.18844,22.90937,2.23252,7.52132,67.61395
street_level,Matosinhos,41.16697,-8.68807,5.39867,7.30003,0.0,1005.78842,0.17949,0.00361,2.56273,27.63325,4.32977,10.66538,88.20183
underground,Vila nova de Gaia,41.1155,-8.60686,25.60418,33.7931,0.12765,1008.62236,-0.39349,0.01959,-4.11592,47.24529,-30.30898,364.55578,3.0
above,Espinho,41.01177,-8.64292,31.81913,87.46277,0.0,1002.04738,1.6252,0.33022,9.99972,21.88555,-16.65314,129.08867,63.62584
underground,Espinho,41.00717,-8.63779,31.12085,91.57025,0.15608,1006.53655,-0.59854,0.08172,-5.06392,13.76505,14.55573,159.63845,220.91247
above,Matosinhos,41.17337,-8.68759,25.17192,77.649,0.02023,1001.28711,1.3705,0.27455,11.31498,15.71341,-6.93311,43.76881,38.73556
street_level,Vila nova de Gaia,41.12233,-8.6127,16.55563,0.0,0.0,998.73371,0.35359,0.00973,3.17921,29.60976,-2.41284,0.0,3.0
above,Arouca,40.93154,-8.24293,33.62107,78.06572,0.0,1004.86135,1.15957,0.20893,8.85618,33.825,5.17973,145.29593,45.31035
underground,Porto,41.14304,-8.59656,26.64532,46.87936,0.36727,1004.22814,-0.42554,0.01209,-3.83517,29.27758,-44.96349,353.05171,49.75961
street_level,Arouca,40.92975,-8.24746,7.89117,10.63403,0.01105,1001.88746,0.34539,0.01931,1.64773,52.5374,-5.04054,0.0,84.15827
street_level,Vila nova de Gaia,41.125,-8.61202,6.06654,0.0,0.0,1001.37758,-0.38552,0.00401,-0.03318,49.45825,0.59496,0.0,24.17125
street_level,Arouca,40.93196,-8.24557,10.64911,0.0,0.0,995.45659,0.33111,0.0,0.65429,34.24288,1.18099,4.09609,17.61907
street_level,Matosinhos,41.16849,-8.68836,17.78147,0.83773,0.00325,1007.53852,-0.15114,0.00134,-0.15323,49.04689,-5.5817,26.19739,3.0
street_level,Espinho,41.00603,-8.6414,13.52487,0.0,0.00139,1002.60795,0.20817,0.03814,-3.32234,40.11407,-7.19374,12.69893,6.06151
street_level,Maia,41.20281,-8.55777,6.09505,0.0,0.0,997.61538,-0.06399,0.00417,1.26039,58.80032,5.37829,18.36961,10.06073
above,Oeiras,38.67761,-9.32147,40.19218,86.64926,0.02039,1002.87144,1.39841,0.10394,9.82213,28.98137,-10.12851,105.53523,50.79061
street_level,Vila nova de Gaia,41.12915,-8.60605,13.57639,0.75552,0.0,1006.74328,-0.05382,0.013,-2.29409,41.18221,-11.54008,13.34439,3.0
above,Matosinhos,41.16851,-8.68857,42.98823,80.04256,0.03733,1003.45218,1.60032,0.2211,11.19338,25.641,-8.25245,81.14167,35.20595
underground,Oeiras,38.7274,-9.2416,41.499,8.74232,0.1554,1002.03088,-0.6253,0.14577,-5.2225,29.60257,-15.36933,157.13283,81.63958
street_level,Oeiras,38.69555,-9.29605,7.06908,2.99057,0.00055,998.19569,0.28029,3e-05,0.52757,85.92813,-0.12457,0.0,15.96588
underground,Oeiras,38.68692,-9.31779,36.93689,57.2685,0.23193,1003.70833,-0.55415,0.30003,-6.47236,30.77767,7.33231,150.70603,157.77882
underground,Maia,41.20195,-8.55784,46.78277,32.17548,0.15506,1001.98542,-0.66723,0.31671,-5.9906,20.68371,-21.53313,174.53533,109.7814
underground,Espinho,41.00393,-8.63833,41.96443,19.01107,0.09259,1006.49099,-0.44612,0.06522,-3.67209,45.74139,-52.47235,501.57545,7.57333
street_level,Arouca,40.92933,-8.24645,9.31995,0.0,0.00741,996.66933,0.07891,0.0,-3.03059,24.87358,11.30698,15.38887,8.1058
street_level,Matosinhos,41.17177,-8.68009,13.99063,2.99019,0.00411,999.64466,0.00644,0.02784,-1.38543,19.69066,2.75179,9.35375,3.0
underground,Oeiras,38.72787,-9.2411,30.2261,27.5166,0.16209,1006.06442,-0.50294,0.17302,-3.9093,36.87256,-24.6887,362.36805,63.1952
underground,Espinho,41.00856,-8.64413,47.76199,49.76977,0.21677,1004.02002,-0.65356,0.05097,-4.82452,26.38914,53.52303,68.6125,158.31212
street_level,Porto,41.16547,-8.60639,5.27997,0.0,0.0,1003.77696,0.82694,0.00516,2.93046,38.53165,0.02344,0.0,25.75923
underground,Vila nova de Gaia,41.13297,-8.61225,23.81753,18.18466,0.3506,1004.59057,-0.72094,0.21548,-5.77818,29.00904,24.76877,43.62155,185.85689
street_level,Porto,41.16611,-8.64804,3.47466,0.06432,0.0,993.06946,0.02554,0.00627,1.07258,60.45861,-6.00751,0.0,49.99629
above,Arouca,40.92952,-8.24807,57.71257,80.93484,0.02316,1005.12529,0.87688,0.04512,7.48415,49.193,12.42173,264.31783,91.1652
above,Espinho,41.00409,-8.64421,66.67633,86.35946,0.0,1005.77364,1.3061,0.08649,8.45426,50.31109,15.02675,280.43952,85.53545
street_level,Arouca,40.92939,-8.24639,8.28259,0.0,0.0,1000.6874,-0.17578,0.0,-0.16155,54.37982,-1.37479,0.0,3.0
above,Porto,41.16334,-8.6495,52.48705,89.77716,0.00674,1007.29542,0.57416,0.00344,3.94814,57.16906,27.08188,200.75471,94.12797
underground,Maia,41.20216,-8.55768,40.33417,71.06776,0.38386,1003.19261,-0.73812,0.24185,-5.28875,33.74311,25.52092,107.98145,179.2268
street_level,Maia,41.20353,-8.55914,11.95749,0.15105,0.0,1003.58211,0.40436,0.0,-3.43762,32.63143,-4.69236,3.676,17.67765
street_level,Vila nova de Gaia,41.12342,-8.61155,13.83327,0.0,0.00918,1001.2646,0.02445,0.02155,0.99699,26.32786,-5.90865,0.0,3.65799
street_level,Matosinhos,41.17473,-8.6808,5.48834,3.97728,0.0,1001.46101,-0.48764,0.0043,-0.99964,66.29103,-0.23444,20.97232,16.57357
above,Espinho,41.00925,-8.64235,72.96711,74.68388,0.0,1006.44704,0.98525,0.08844,6.85563,58.64711,6.19993,179.00072,90.81477
street_level,Porto,41.14789,-8.6654,12.88316,0.85089,0.0,1007.86471,-0.07821,0.0,0.58749,39.48236,0.79463,0.0,10.42927
street_level,Vila nova de Gaia,41.12493,-8.60581,16.4521,0.52796,0.0,1008.94949,-0.03462,0.01829,-1.30649,31.67699,-4.78559,33.6195,3.0
street_level,Oeiras,38.69584,-9.29102,19.16414,7.28231,0.0,1004.77159,-0.45082,0.0,-0.13157,37.45559,-8.84527,0.0,10.93153
street_level,Maia,41.20196,-8.55868,14.22783,0.0,0.0087,1002.31044,-0.02292,0.00112,0.00758,23.60847,-1.28387,19.57391,14.28716
above,Arouca,40.92954,-8.24865,58.91485,83.38921,0.0,1005.36963,0.16287,0.0,10.30351,56.54069,25.50276,295.08268,85.54917
street_level,Oeiras,38.68396,-9.31644,10.41215,5.33178,0.0,1011.31111,-0.2314,0.00237,0.60698,35.75779,-1.41339,0.0,3.0
street_level,Maia,41.20239,-8.5593,20.79812,0.0,0.0,1003.66078,-0.06842,0.01689,-2.39308,31.25026,-4.28761,24.29221,21.25942
street_level,Vila nova de Gaia,41.12378,-8.61517,13.68149,0.0,0.01742,1010.04108,0.00393,0.00599,-0.41881,41.32351,-0.42966,7.55093,11.63302
street_level,Porto,41.14738,-8.58705,9.39469,0.0,0.00807,1000.68784,0.60563,0.0,-0.40182,48.29981,-3.25712,0.0,20.1643
street_level,Matosinhos,41.16847,-8.68819,6.51636,1.02727,0.0,1001.21581,-0.13503,0.0,-0.44312,49.75439,3.17631,0.0,4.15303
street_level,Arouca,40.93101,-8.24719,18.49492,2.88098,0.0,1007.26841,-0.13114,0.0,1.29269,31.94654,-2.14073,0.0,3.0
street_level,Maia,41.20272,-8.55957,7.78509,1.34054,0.0,1000.58408,-0.18391,0.0,2.87443,56.20894,-1.1716,0.0,45.49516
above,Porto,41.1492,-8.67322,46.7786,79.90433,0.0012,1004.22269,1.85027,0.2012,15.06382,33.84548,-17.15093,74.13626,73.30681
underground,Arouca,40.9308,-8.24752,16.30633,65.79489,0.02004,1007.82822,-0.47997,0.1089,-3.59029,55.04091,-26.25974,363.96277,3.0
street_level,Porto,41.14822,-8.59797,14.28756,2.69503,0.01431,999.90656,0.29561,0.0,1.74245,47.10471,-1.72428,5.17721,9.06925
street_level,Espinho,41.00383,-8.63836,10.70231,20.04213,0.00444,1003.91681,0.61853,0.0,4.48454,32.63084,3.5839,0.0,92.99232
street_level,Vila nova de Gaia,41.12826,-8.62032,15.17244,3.65292,0.01169,1003.07195,-0.07999,0.0,5.22976,21.33184,-5.85302,0.0,3.0
street_level,Arouca,40.92931,-8.24787,8.15815,5.99969,0.0,1003.00431,-0.43156,0.00031,1.10103,52.09323,0.99895,5.75796,28.9134
street_level,Matosinhos,41.17394,-8.6892,9.32283,2.61396,0.03214,999.37618,-0.27259,0.00821,-1.34055,53.67929,1.03156,0.0,3.0
above,Porto,41.15271,-8.63222,53.493,82.2675,0.00172,1004.23629,1.10339,0.25089,8.99811,25.99964,12.60151,103.29718,41.20634
street_level,Maia,41.20393,-8.55876,18.10013,10.0043,0.01797,1011.33094,0.4383,0.0,-2.50864,33.15102,-1.73952,0.0,3.0
street_level,Porto,41.14831,-8.63566,9.8915,13.28392,0.0,1005.77296,0.81349,0.0,3.70977,38.03957,3.56361,0.0,57.48679
street_level,Vila nova de Gaia,41.12736,-8.61282,4.93222,8.19272,0.02459,999.85746,0.39825,0.01276,5.44119,37.65339,3.92496,0.0,50.15916
underground,Matosinhos,41.17642,-8.69038,28.35298,102.36444,0.45867,1002.29299,-0.60962,0.2585,-4.87409,25.27221,-22.85624,123.94646,37.78421
street_level,Arouca,40.92993,-8.24532,13.40653,7.40758,0.03706,1004.20617,-0.54737,0.00741,2.19263,56.89359,-0.39443,25.21149,42.84938
underground,Porto,41.15207,-8.67501,34.39166,22.22693,0.10376,1006.64949,-0.34215,0.0246,-2.59957,47.01193,-17.84786,289.74546,3.0
street_level,Oeiras,38.69582,-9.23029,9.54796,6.84959,0.0,1005.79094,0.51088,0.01864,0.77654,33.17915,3.2487,0.0,56.52461
street_level,Vila nova de Gaia,41.12836,-8.60985,9.74887,1.32094,0.01255,1006.40487,0.94958,0.01313,8.13944,35.03444,-1.837,36.20598,27.19134
street_level,Espinho,41.00841,-8.6382,14.79162,2.47803,0.00114,1001.05675,-0.35641,0.02172,-1.67865,19.70997,8.05027,6.97045,3.0
street_level,Porto,41.14724,-8.58926,8.2903,3.86567,0.03254,1000.43418,-0.15973,0.00592,4.20351,61.35139,2.79078,0.0,13.82083
underground,Vila nova de Gaia,41.12891,-8.61191,36.18373,38.93131,0.16576,1003.21904,-0.60526,0.17637,-4.15284,21.39036,-24.6164,19.60818,72.8782
street_level,Vila nova de Gaia,41.12895,-8.60688,12.44934,2.66744,0.0,1002.84343,-0.24148,0.00955,1.131,60.9506,5.5648,0.0,18.92612
street_level,Arouca,40.93053,-8.24889,12.29269,1.46201,0.00917,1003.44423,-0.15086,0.00323,-2.15586,41.64432,-3.58974,0.0,6.21308
underground,Arouca,40.93193,-8.24565,27.76293,38.84404,0.10612,1006.48538,-0.45069,0.01452,-4.12958,37.21385,-79.95386,263.3486,3.0
underground,Matosinhos,41.17637,-8.6891,39.69628,0.0,0.15924,1004.45868,-0.67045,0.13054,-5.31386,35.46471,-1.90391,155.57818,123.62155
street_level,Vila nova de Gaia,41.12808,-8.61329,5.32869,5.48124,0.01798,996.81174,0.26418,0.00595,-3.83802,60.63192,-2.44519,0.0,13.35741
street_level,Espinho,41.00733,-8.63703,10.85889,3.68832,0.0,1000.10671,0.19665,0.01753,2.08039,26.19916,4.19664,0.0,3.0
street_level,Matosinhos,41.1725,-8.68001,13.2059,0.0,0.00971,1002.59436,0.01328,0.0,0.39699,25.05146,1.72144,33.87029,3.0
underground,Oeiras,38.70584,-9.22895,20.9778,80.58706,0.4095,1003.65181,-0.36949,0.15536,-4.54209,15.75157,19.90592,11.21913,99.58738
underground,Maia,41.20329,-8.55928,51.30762,19.42885,0.39275,1001.35533,-0.6301,0.19433,-5.78675,25.1622,-15.2421,195.44583,114.88663
street_level,Espinho,41.00716,-8.63628,15.74368,0.02957,0.0,1008.74321,-0.03054,0.0,0.41057,36.87656,-1.69567,0.48924,3.0
street_level,Maia,41.20254,-8.55935,12.8408,7.38425,0.001,996.94878,-0.13746,0.01138,-4.7934,5.51081,6.90697,28.32797,3.0
underground,Arouca,40.92918,-8.24635,31.19939,105.82232,0.16906,1003.84512,-0.2136,0.10423,-2.47166,32.23945,-53.76562,398.81894,3.0
above,Maia,41.20267,-8.55921,66.27697,89.61544,0.00903,1003.35548,0.38826,0.03755,1.51877,38.75091,18.56585,261.62544,132.51143
street_level,Arouca,40.93082,-8.24713,12.89504,0.72435,0.02442,1007.74907,0.21882,0.0,-1.20823,37.57722,3.22921,0.0,3.0
underground,Oeiras,38.71098,-9.22833,33.54012,74.58061,0.36718,1005.02417,-0.52598,0.13126,-5.36465,23.61366,1.31754,97.31649,184.49336
above,Vila nova de Gaia,41.12631,-8.617,54.46162,82.60404,0.0,1005.65809,1.29864,0.22342,9.962,44.7562,-2.52907,249.91109,90.95998
street_level,Matosinhos,41.17528,-8.68319,8.42125,4.93942,0.0,993.73021,0.36021,0.0,0.67999,59.21624,0.12605,0.0,3.0
street_level,Matosinhos,41.17138,-8.67895,6.49299,10.78922,0.0,996.03739,-0.26801,0.0,3.29297,68.50736,1.73635,0.0,46.2969
underground,Arouca,40.93051,-8.24815,34.45204,62.73971,0.0,1006.47947,-0.42481,0.0,-5.21435,34.40815,-90.17605,278.26471,3.0
street_level,Vila nova de Gaia,41.12517,-8.61101,3.63016,4.96914,0.00687,1001.92904,-0.08713,0.0,-0.49531,60.3352,-0.32109,6.51997,3.0
underground,Matosinhos,41.17471,-8.68079,43.38005,51.49487,0.32364,1004.77129,-0.59729,0.14979,-5.01254,37.35978,44.82914,101.35221,110.10482
underground,Porto,41.17394,-8.59794,54.23269,19.9522,0.06863,1004.66362,-0.5336,0.24784,-4.17104,45.87313,-27.77053,113.22456,109.11709
street_level,Arouca,40.93128,-8.24556,9.38134,6.83733,0.00482,997.84018,-0.285,0.0031,-5.96912,57.50799,0.86411,0.0,3.0
street_level,Matosinhos,41.17723,-8.68114,20.79362,5.5222,0.0,1009.87276,0.27638,0.01555,-1.11165,48.96362,0.18591,44.95736,3.0
underground,Porto,41.1459,-8.59736,31.67574,74.36324,0.0,1006.9903,-0.52786,0.08541,-3.56559,42.60428,-31.96882,277.79691,3.0
street_level,Matosinhos,41.17297,-8.68074,3.25324,0.0,0.02647,994.94471,0.00235,0.0,-0.42944,51.57749,2.31222,0.60759,3.0
street_level,Vila nova de Gaia,41.12534,-8.61135,10.00579,0.0,0.0,996.09333,-0.57474,0.01108,3.14282,37.61063,-0.87059,14.98321,37.42402
street_level,Espinho,41.01017,-8.64304,12.03552,0.0,0.05813,1006.40417,-0.28831,0.01153,-1.40873,45.97168,-5.51487,0.0,41.68896
street_level,Oeiras,38.72787,-9.23426,18.35363,0.52617,0.0,1002.72628,0.18698,0.0,-0.17212,27.18254,-3.31612,0.0,3.0
street_level,Porto,41.16602,-8.58731,18.81838,0.0,0.01747,1006.02743,0.07412,0.0,-3.68525,30.80327,9.12849,11.98137,33.12262
above,Oeiras,38.68278,-9.32253,60.96639,87.21044,0.0,1004.66941,0.59332,0.0,8.33328,45.95086,8.85316,299.65242,80.04392
underground,Maia,41.2027,-8.55935,42.3763,82.83019,0.23431,1004.49118,-0.67358,0.15735,-5.45673,38.21767,24.09689,290.20304,73.43251
street_level,Porto,41.1639,-8.62481,7.75654,0.0,0.02194,1002.74344,-0.28112,0.0,-0.58683,43.20074,-5.8064,0.0,3.0
underground,Arouca,40.9306,-8.24735,35.94243,18.67646,0.0,1004.21008,-0.46743,0.0,-2.72814,41.56369,-29.37001,277.61354,54.91083
street_level,Oeiras,38.72517,-9.24055,4.29207,3.76488,0.0,1004.08357,0.28922,0.01831,5.5144,36.84235,-2.76234,0.0,11.37562
street_level,Espinho,41.00724,-8.6414,9.29622,16.4363,0.00227,1003.62134,0.08089,0.03007,-1.39675,12.25585,9.78395,17.97767,15.40325
underground,Oeiras,38.71439,-9.22819,18.62785,101.12183,0.46796,1003.61784,-0.60701,0.26909,-5.68212,22.20815,21.17974,110.4313,89.1331
street_level,Vila nova de Gaia,41.11637,-8.60926,8.72725,3.68246,0.0,1002.64315,0.39174,0.0,7.02885,39.39271,1.59679,0.0,63.16956
underground,Arouca,40.93072,-8.2474,28.22025,26.70729,0.0,1005.54758,-0.39767,0.08367,-3.41662,44.80359,-19.25012,98.43934,3.0
street_level,Oeiras,38.68299,-9.32271,6.58272,0.38044,0.0,1006.68412,0.67795,0.0,3.97631,37.95053,1.44108,8.85164,36.72239
street_level,Vila nova de Gaia,41.12985,-8.61807,12.10468,0.0,0.0,1004.73372,0.31849,0.00031,-0.73763,53.45738,0.59439,26.85912,14.63226
underground,Oeiras,38.68179,-9.32109,33.12015,97.01552,0.0,1005.31008,-0.37125,0.0,-4.25026,53.59545,-84.65379,366.78379,3.0
street_level,Arouca,40.93033,-8.24541,14.17812,0.0,0.0,1006.98755,0.33194,0.0,1.40483,37.64597,0.59835,5.00342,3.0
street_level,Arouca,40.92983,-8.2485,17.04447,1.15363,0.0,1001.00433,0.40491,0.02195,3.19147,13.12999,6.88826,0.0,10.1138
street_level,Oeiras,38.71585,-9.22582,14.87341,0.0,0.0,1014.82502,-0.13495,0.01766,-1.68229,45.4116,2.80257,0.0,3.0
street_level,Matosinhos,41.16792,-8.68783,12.73274,0.0,0.01687,1002.19574,0.24038,0.0,-0.14703,11.46687,6.13684,2.43497,11.40701
underground,Matosinhos,41.17641,-8.68541,47.07175,42.43326,0.35664,1002.78071,-0.80791,0.05225,-4.55957,33.06506,23.09073,471.75502,131.81832
above,Arouca,40.93203,-8.24466,51.6282,87.71846,0.0,1004.7846,0.51544,0.0,0.59107,47.64298,20.71712,221.61268,130.3781
street_level,Maia,41.20327,-8.55931,6.11666,0.0,0.0,1004.42439,0.13617,0.0,2.19722,52.55934,7.41838,0.0,67.8541
underground,Vila nova de Gaia,41.12799,-8.61698,47.93882,95.87327,0.20024,1006.94956,-0.65317,0.14232,-5.18465,32.91452,2.9682,238.65613,3.0
underground,Matosinhos,41.17679,-8.68902,28.98554,108.35487,0.4726,1003.84424,-0.61786,0.16238,-5.68272,33.64919,-7.31778,45.14261,107.88574
street_level,Matosinhos,41.16861,-8.68806,21.27982,0.0,0.02007,1004.88654,-0.04369,0.0,2.28365,22.44279,-2.33931,32.22988,3.0
above,Oeiras,38.72683,-9.24072,30.03173,84.19994,0.0,1003.5983,1.34678,0.42574,9.87511,21.35956,-3.00692,176.71121,3.0
street_level,Vila nova de Gaia,41.13189,-8.61252,4.9107,0.0,0.00686,1004.16249,0.54195,0.01145,6.26756,33.46839,10.12602,17.88206,117.74146
underground,Porto,41.15081,-8.58061,62.42482,28.99927,0.14289,1003.64078,-0.56989,0.28906,-3.75607,26.52912,2.06553,75.08153,82.98852
street_level,Oeiras,38.68141,-9.3159,6.00593,0.7246,0.0,995.12431,-0.08491,0.00744,1.17288,52.47756,1.96875,0.0,3.0
above,Maia,41.20254,-8.55939,60.56047,86.47244,0.0,1006.21503,0.7521,0.25625,4.87455,60.26892,8.22646,216.78613,44.38596
street_level,Vila nova de Gaia,41.11622,-8.60906,2.82721,4.56401,0.0,1006.28185,0.53562,0.0,1.0221,35.45824,-0.66046,0.0,37.43821
underground,Matosinhos,41.17224,-8.67843,17.95082,124.32531,0.17235,1002.02352,-0.6085,0.11603,-4.47673,22.21291,5.97212,75.90998,143.57867
street_level,Porto,41.15795,-8.63057,16.0456,0.0,0.00259,1010.31081,0.01168,0.02438,0.96127,36.30423,-4.51352,0.0,3.0
street_level,Porto,41.16519,-8.59995,10.8084,0.0,0.01329,1010.36442,0.32907,0.01684,5.16035,34.36878,2.17533,0.0,59.5844
above,Espinho,41.01095,-8.64056,53.8101,82.74449,0.0,1003.43039,0.9646,0.3057,5.21096,25.16636,7.29387,8.57647,49.04696
underground,Vila nova de Gaia,41.12795,-8.60848,25.95874,29.05381,0.09202,1006.96158,-0.3605,0.0,-3.12566,31.89418,-31.1211,408.60812,3.0
above,Oeiras,38.71233,-9.23396,58.67256,80.59979,0.02688,1005.97763,0.99059,0.0,4.48949,55.36209,3.91278,237.98053,96.87252
street_level,Vila nova de Gaia,41.12858,-8.60599,17.17633,3.44179,0.00688,1001.56072,0.57868,0.00266,-1.91936,23.83095,-2.79911,14.87779,3.0
street_level,Arouca,40.93138,-8.24587,9.05462,3.59385,0.0,1006.64038,-0.07624,0.00502,-3.44855,24.69605,-2.64604,21.9052,4.42094
street_level,Vila nova de Gaia,41.12105,-8.60631,13.50167,1.02863,0.01548,1009.70225,-0.19573,0.0,4.20324,39.81519,0.00734,10.84938,11.23256
street_level,Maia,41.2027,-8.55939,7.91297,1.13352,0.0,991.50807,0.02897,0.00416,2.57921,70.51248,4.69915,0.0,3.0
street_level,Matosinhos,41.17304,-8.68065,9.93055,0.0,0.0,1004.04488,0.0874,0.0,0.14294,42.58191,-7.80282,11.35355,3.0
underground,Vila nova de Gaia,41.12267,-8.60572,49.95943,71.38025,0.0,1004.55834,-0.68888,0.20398,-4.97832,37.68044,1.04301,266.36178,84.94227
street_level,Matosinhos,41.17208,-8.67824,12.50094,0.0,0.01341,1002.40901,0.15307,0.00555,0.55623,45.21685,3.17831,0.0,3.0
street_level,Vila nova de Gaia,41.12349,-8.61239,7.87025,3.54307,0.0,1010.14584,0.28782,0.0,1.91436,24.74431,-2.25996,0.0,6.05517
street_level,Oeiras,38.71129,-9.23087,8.91354,14.62518,0.00607,1001.58922,0.05367,0.0,2.30231,28.82739,1.54059,2.21609,104.36645
street_level,Arouca,40.92915,-8.24652,7.2079,10.39816,0.0109,998.7845,0.31314,0.00242,-3.70567,71.43989,-0.57808,0.0,3.0
above,Vila nova de Gaia,41.12814,-8.60969,77.57893,93.7918,0.02041,1005.16828,0.2179,0.18847,1.68403,46.57394,4.73477,243.04671,43.45075
street_level,Oeiras,38.67993,-9.31806,8.72008,0.0,0.00919,1003.10009,-0.56533,0.00644,1.54091,29.30636,2.82633,0.0,6.8463
street_level,Espinho,41.0071,-8.64101,5.67726,0.0,0.0,1003.64062,0.2083,0.0,-0.78489,62.28035,-1.84534,1.34547,14.16212
above,Matosinhos,41.16813,-8.68813,57.9505,87.87141,0.01907,1005.7865,1.03938,0.1133,8.28031,46.95106,8.82469,154.63916,19.98066
street_level,Porto,41.1471,-8.5815,5.31199,0.02907,0.0083,1005.88394,0.64921,0.01369,4.82272,38.95692,-0.26963,0.0,69.75693
street_level,Vila nova de Gaia,41.11915,-8.60626,3.98515,3.0027,0.02731,999.22724,-0.03682,0.0,-1.22886,66.49521,0.18749,0.0,32.33615
street_level,Oeiras,38.72581,-9.2356,7.73787,0.0,0.0277,991.93981,0.02196,0.01335,1.32963,26.11569,8.13468,32.74581,3.0
street_level,Vila nova de Gaia,41.12661,-8.60796,9.74478,7.46132,0.00989,1002.20417,0.5751,0.00381,5.81361,41.08323,-0.97048,0.0,99.0451
street_level,Vila nova de Gaia,41.12913,-8.60558,8.18132,0.32556,0.0,997.46573,-0.06529,0.0,-1.64236,26.12764,2.05948,1.04099,3.0
underground,Vila nova de Gaia,41.12815,-8.60992,35.93558,68.73356,0.0936,1004.27293,-0.66646,0.0,-4.11422,52.62032,-37.89949,289.00894,43.48315
street_level,Vila nova de Gaia,41.1288,-8.60581,11.15763,4.41386,0.00942,999.95887,1.19808,0.0,5.42227,14.89231,0.67399,0.0,87.92778
above,Porto,41.15414,-8.59791,45.60882,69.14629,0.0259,1003.61867,1.2039,0.18367,12.65779,20.28208,4.59772,167.00843,10.45461
street_level,Matosinhos,41.17729,-8.68111,4.18718,0.28594,0.0,1000.08601,0.75518,0.0,3.88576,28.54801,1.60431,1.51499,66.60463
street_level,Vila nova de Gaia,41.12573,-8.61247,9.75451,0.0,0.01883,1002.48872,-0.43554,0.0,4.39365,64.11331,-3.95883,0.0,9.7372
underground,Espinho,41.00839,-8.63779,15.08774,60.68799,0.03524,1006.12875,-0.59269,0.08318,-3.1908,38.58801,-23.91447,346.76352,46.36415
street_level,Maia,41.20203,-8.55779,13.11898,0.0,0.02594,1010.71437,-0.51308,0.0,-2.00219,39.60425,-2.75231,10.42809,3.0
street_level,Arouca,40.93087,-8.24743,9.12621,5.80758,0.01659,997.03882,0.02588,0.0367,-0.61897,32.58622,8.91975,44.83337,10.60195
underground,Espinho,41.00819,-8.63996,39.62518,35.20622,0.23637,999.33328,-0.4598,0.25938,-5.90074,26.34387,38.69273,227.49787,139.40043
street_level,Porto,41.16224,-8.65098,8.17996,2.49913,0.00168,1007.04817,0.64505,0.01949,0.46319,27.70742,5.30893,16.10399,74.32367
street_level,Vila nova de Gaia,41.12599,-8.60776,14.55377,0.0,0.01533,991.08576,-0.19572,0.0166,-0.83867,29.32863,1.34299,8.65456,5.08555
underground,Espinho,41.00591,-8.64354,41.93186,34.94817,0.20615,1002.09697,-0.50267,0.28505,-4.80357,31.35525,24.59823,173.7595,173.03184
underground,Oeiras,38.6845,-9.31541,44.67116,27.15376,0.24875,1004.23139,-0.49679,0.16577,-5.82598,22.92673,31.23659,122.55302,76.1398
underground,Oeiras,38.68366,-9.31647,20.40415,93.35931,0.29343,1003.98801,-0.47601,0.08591,-4.22643,27.35497,5.36162,0.0,112.50921
underground,Oeiras,38.69645,-9.23128,62.31499,0.0,0.0101,1000.87045,-0.57966,0.20777,-5.17561,34.99811,17.43773,112.52168,141.12674
above,Oeiras,38.70085,-9.30479,33.25765,82.54638,0.0,1002.59894,0.77521,0.2518,13.95389,25.01729,3.95441,58.8657,18.84238
underground,Matosinhos,41.17362,-8.6845,45.40466,16.82596,0.4988,1003.64781,-0.56781,0.18279,-3.95798,31.52417,-4.66946,171.0423,157.41342
street_level,Porto,41.15237,-8.58228,9.51899,7.72613,0.0,1006.06585,0.15063,0.0,6.86509,46.06737,1.89197,5.42916,71.1734
street_level,Espinho,41.011,-8.63831,10.02777,0.33935,0.01772,1000.3446,-0.44439,0.00706,0.42608,48.52611,6.23894,10.2182,26.47137
underground,Matosinhos,41.17492,-8.68122,11.1688,100.49193,0.43633,1005.59172,-0.66947,0.16254,-6.28177,14.59055,18.15427,205.10703,158.24831
street_level,Maia,41.20399,-8.55868,4.72174,14.49309,0.0,1003.26353,0.74,0.00072,1.61018,25.51279,4.03319,2.2076,23.66025
underground,Maia,41.2017,-8.55779,24.99208,82.57144,0.39498,1003.93823,-0.68017,0.12916,-5.29718,36.44349,1.79759,434.12971,87.95223
underground,Arouca,40.9292,-8.24648,40.32799,101.16808,0.3944,1003.01289,-0.73487,0.19818,-4.68731,33.74378,46.56771,0.0,72.52259
underground,Oeiras,38.69589,-9.29864,48.80088,24.89184,0.28025,1003.23975,-0.71145,0.12458,-6.72279,32.98736,16.02416,73.98132,116.82187
underground,Oeiras,38.6947,-9.29454,23.26876,119.78041,0.36484,1006.07288,-0.54785,0.20924,-4.9179,20.8845,-25.28368,86.04469,95.73308
underground,Oeiras,38.7119,-9.29722,33.7954,85.81045,0.41355,1002.24586,-0.73513,0.26151,-6.08857,36.45465,-2.79062,0.0,76.8904
street_level,Maia,41.20387,-8.5588,4.66242,4.24278,0.0,998.73859,-0.16076,0.0,5.171,39.98729,6.23722,6.86948,30.73576
above,Oeiras,38.70107,-9.23019,69.38718,72.29649,0.0,1005.36115,0.41648,0.06439,2.00124,51.2573,39.30208,180.28272,111.92884
street_level,Porto,41.14895,-8.60209,7.15958,12.43765,0.0,1009.93082,0.33115,0.0119,4.66921,34.98031,0.063,5.0891,72.43156
street_level,Porto,41.16805,-8.6404,15.03135,0.0,0.0,1005.52343,0.36187,0.01737,4.51726,38.17773,-2.53673,0.0,14.8013
above,Maia,41.20282,-8.55776,25.04039,79.93185,0.01089,1002.08649,1.79815,0.24916,15.11392,27.51651,-30.18963,82.98109,9.99284
street_level,Maia,41.20375,-8.55909,13.92656,0.0,0.0,1010.10806,-0.32735,0.0,4.22858,30.86792,-3.06986,0.0,17.4964
underground,Oeiras,38.68524,-9.31998,38.0214,0.0,0.0,1002.81169,-0.60538,0.20343,-4.48284,47.62911,-11.62019,0.0,80.43064
underground,Porto,41.16415,-8.64917,29.30256,94.83968,0.19081,1003.95742,-0.58387,0.22508,-5.18252,11.66191,11.97182,0.0,61.96343
underground,Maia,41.20188,-8.55784,26.89055,94.08659,0.3455,1004.91992,-0.49454,0.09567,-3.79231,19.93106,1.63405,3.75132,167.47376
underground,Vila nova de Gaia,41.12438,-8.60977,45.71296,26.4268,0.0,1002.87798,-0.66137,0.21604,-4.57329,35.37304,-2.13202,155.25464,118.24493
street_level,Vila nova de Gaia,41.11799,-8.6084,11.24974,0.0,0.01328,1003.13265,0.12872,0.0014,2.1959,36.70484,-2.47867,10.33557,3.0
street_level,Vila nova de Gaia,41.12478,-8.60607,12.4409,1.40934,0.0,1001.11576,-0.12066,0.01525,0.38642,27.87245,4.99216,0.0,3.0
street_level,Maia,41.20231,-8.55939,9.12522,11.24777,0.01294,1009.85989,0.26402,0.01462,5.12905,31.52583,7.01678,12.57821,52.48774
street_level,Vila nova de Gaia,41.12837,-8.6202,8.51228,0.0,0.00492,1004.13878,-0.15435,0.0,-0.12198,44.66951,-2.65988,0.0,3.86173
above,Oeiras,38.72509,-9.24341,48.33087,92.14834,0.0,1004.40141,0.08738,0.09576,4.69053,47.91548,35.64675,288.45631,97.49693
above,Espinho,41.00971,-8.64342,50.21027,84.90063,0.01106,1002.99467,1.14249,0.2276,13.07913,32.19523,-0.64691,59.50763,3.0
above,Maia,41.20279,-8.55783,45.18824,79.17024,0.0,1005.31632,1.59169,0.22035,11.69585,24.88491,-32.66746,117.86724,3.0
street_level,Espinho,41.00589,-8.63955,13.40801,0.0,0.0,997.39134,-0.05165,0.0,-0.87919,26.45808,3.23482,11.63499,10.10091
underground,Oeiras,38.68792,-9.31693,65.39099,50.52549,0.26447,1002.85951,-0.55965,0.28241,-5.18772,40.10687,17.61702,335.39617,170.73622
underground,Matosinhos,41.17482,-8.68115,41.53733,55.0438,0.0,1004.00919,-0.52467,0.08263,-4.18917,47.40738,-74.57473,235.34274,3.0
above,Porto,41.15199,-8.67582,73.14723,89.88485,0.00727,1007.44956,0.44135,0.0,4.27188,53.97604,20.46411,248.46688,71.47062
street_level,Arouca,40.9322,-8.2444,16.59867,7.25147,0.00553,1008.1489,0.18938,0.00741,-1.42712,33.57386,-6.46799,0.0,3.0
street_level,Espinho,41.00668,-8.6441,5.65703,8.79772,0.00882,997.18807,-0.31604,0.02606,2.2654,22.14414,4.51142,0.0,8.07307
underground,Espinho,41.0066,-8.644,24.71282,137.30073,0.27297,1006.45309,-0.63631,0.14251,-5.04319,24.73674,-16.23811,61.47608,34.11924
street_level,Matosinhos,41.17626,-8.68124,10.54898,0.0,0.0,995.2025,0.01249,0.01393,-2.90303,51.90557,-1.12507,4.15268,10.99106
street_level,Porto,41.15271,-8.67821,8.90177,3.93469,0.03088,1008.85155,-0.44614,0.0,-1.26731,20.92086,-4.73492,9.6116,3.0
street_level,Arouca,40.93113,-8.24572,13.00244,4.49504,0.01729,1009.41146,0.53173,0.0,0.63068,36.98291,-5.16979,0.0,3.0
street_level,Vila nova de Gaia,41.124,-8.60975,11.27153,2.90444,0.0,1006.1691,0.25931,0.00468,-0.84207,41.77004,-2.83369,2.00107,19.97546
above,Vila nova de Gaia,41.13677,-8.61803,43.77497,92.40903,0.0,1007.45193,0.31574,0.05007,2.85406,51.76055,9.38944,325.31088,77.58173
street_level,Porto,41.18311,-8.60041,5.20788,0.0,0.02514,1000.43534,-0.09666,0.0,3.14348,60.7025,3.40556,0.0,6.1552
underground,Espinho,41.00396,-8.64155,24.71433,94.60601,0.29992,1005.08355,-0.54617,0.10006,-4.16606,20.87363,-20.63976,181.42432,73.49365
street_level,Vila nova de Gaia,41.11677,-8.61107,11.04846,4.81524,0.0,1010.24031,0.27283,0.0,7.53278,41.42643,3.53282,0.0,69.32142
underground,Maia,41.20244,-8.55948,53.29089,37.11141,0.14162,1004.86525,-0.32957,0.06939,-4.95895,36.39011,-32.00545,0.0,164.63857
underground,Matosinhos,41.16746,-8.68813,47.29939,84.04987,0.1669,1004.34097,-0.69225,0.17669,-3.27769,26.14613,-9.73788,245.79159,127.12905
underground,Espinho,41.00471,-8.64022,34.90713,31.6675,0.08454,1001.46509,-0.75002,0.13848,-4.12824,17.67699,19.47925,80.21548,74.41184
underground,Arouca,40.93162,-8.24461,38.99508,73.94817,0.22683,1002.72487,-0.47191,0.16194,-6.23127,24.53877,-13.70254,103.39123,82.70734
underground,Oeiras,38.70119,-9.23026,37.06758,72.96829,0.24464,1003.43715,-0.79422,0.18805,-4.42303,30.00476,17.35541,177.85034,95.51438
street_level,Arouca,40.92929,-8.24689,11.19923,0.48776,0.01884,1008.77372,-0.17834,0.0,-4.69636,35.90428,-3.8738,0.0,3.0
street_level,Arouca,40.92966,-8.24874,6.36932,8.60062,0.00728,1004.1126,0.38752,0.00745,5.04794,42.4252,3.62354,0.0,85.55536
street_level,Arouca,40.9297,-8.24752,11.48347,9.43602,0.00808,997.14466,-0.05874,0.0,0.07813,28.49967,-0.07912,5.75904,3.0
street_level,Oeiras,38.71313,-9.22447,9.99669,0.0,0.0,1007.82723,0.36964,0.00171,4.64258,50.36026,-3.4034,1.11024,3.0
street_level,Oeiras,38.70099,-9.22974,12.97807,2.38037,0.0,1000.53802,-0.12163,0.0,2.60233,60.1281,-5.79057,0.0,22.27421
street_level,Porto,41.15275,-8.5949,1.0,2.8048,0.01943,1007.85433,0.71719,0.01303,5.7448,41.70071,-0.16489,2.74336,47.58196
street_level,Arouca,40.93112,-8.24732,7.23169,1.8691,0.00575,1000.25818,0.20602,0.0,-2.61419,27.48852,4.9068,0.0,32.28088
street_level,Oeiras,38.71414,-9.23869,18.11068,8.97892,0.0,1009.27936,-0.13034,0.0,0.61527,26.7657,-1.16959,0.0,8.89864
underground,Arouca,40.93212,-8.24569,38.53881,31.20474,0.02363,1002.54629,-0.67734,0.11311,-6.60794,28.64939,18.12449,172.91894,170.50589
underground,Oeiras,38.70048,-9.22987,22.18629,69.66161,0.19733,1007.70947,-0.49669,0.0,-4.69685,53.43968,-70.79294,412.8254,3.0
street_level,Oeiras,38.72597,-9.2435,1.97186,0.0,0.01802,995.65133,0.12888,0.01229,-0.0534,51.79069,0.30662,0.0,32.44913
underground,Matosinhos,41.17488,-8.68676,32.21917,91.95407,0.2191,1003.40125,-0.46964,0.14702,-3.96994,29.51564,49.95903,204.0426,91.77258
above,Maia,41.20317,-8.55931,46.79546,78.44583,0.00453,1001.74867,1.26282,0.10074,12.68072,27.3466,-0.25657,159.09514,15.9575
above,Maia,41.20226,-8.55952,56.45808,94.4038,0.0,1005.71881,1.03822,0.0,3.81936,33.1258,-1.30867,251.93179,120.09952
street_level,Espinho,41.00602,-8.64094,3.62999,0.0,0.0174,997.22288,-0.61594,0.0,4.40375,36.6911,1.52908,26.31639,3.87316
street_level,Matosinhos,41.16894,-8.68783,14.33622,0.0,0.00535,1008.7607,-0.08625,0.0,-3.43064,31.45403,-2.67531,0.0,19.25483
street_level,Porto,41.1531,-8.58272,8.57314,0.0,0.0,1003.15148,-0.41306,0.00567,-0.90784,45.16124,5.92777,0.0,3.0
street_level,Espinho,41.00939,-8.63939,6.26796,5.91251,0.00293,998.20687,0.46944,0.00742,-0.51059,47.91221,3.95487,3.48345,5.55899
street_level,Espinho,41.01191,-8.63807,8.30649,0.0,0.01253,1003.56652,-0.26337,0.0,-3.26021,75.10844,0.83131,8.06118,3.0
above,Maia,41.20208,-8.55781,27.88669,83.92107,0.00454,1004.78351,0.81342,0.14619,6.43192,49.86996,13.70566,272.21921,76.88203
street_level,Maia,41.20201,-8.55766,10.66568,2.30751,0.01901,1002.66606,0.04415,0.00483,2.35732,43.65438,7.5365,0.0,3.0
street_level,Vila nova de Gaia,41.13295,-8.61261,12.96164,5.98221,0.02102,1008.89068,-0.01164,0.0,2.97099,33.76404,-3.08506,18.09364,9.50527
underground,Oeiras,38.68346,-9.31932,38.41087,66.58208,0.23888,1003.47707,-0.61942,0.09231,-3.83625,34.53237,-2.12729,192.23174,106.93378
street_level,Oeiras,38.70062,-9.30532,16.59223,7.23475,0.0,1005.84767,0.21954,0.00598,0.78131,30.07348,-2.84501,0.0,5.65324
underground,Vila nova de Gaia,41.13362,-8.61277,47.77159,0.32988,0.36438,1003.52765,-0.68553,0.13362,-4.50378,19.92345,-14.55102,100.73477,165.64209
street_level,Espinho,41.00858,-8.63988,11.26443,5.05576,0.0,997.51527,0.17615,0.00884,0.51906,32.73714,3.56218,23.10393,8.73327
street_level,Espinho,41.00542,-8.63912,8.71612,10.41635,0.0,1002.29952,0.81281,0.00545,0.67665,27.8716,-0.66931,0.0,89.44994
underground,Arouca,40.93212,-8.24573,27.83384,116.93261,0.35139,1003.37279,-0.66831,0.14033,-4.01137,19.63522,21.78794,28.172,126.38055
street_level,Espinho,41.01046,-8.64402,6.68465,8.29448,0.02886,1005.08014,0.75098,0.0,5.76279,33.38862,0.89065,11.68944,50.59467
above,Espinho,41.00999,-8.64301,40.12591,84.77687,0.01568,1003.36518,1.38937,0.30849,10.59644,32.6452,-6.09425,92.29563,3.0
street_level,Matosinhos,41.17595,-8.68266,11.76726,0.0,0.0,1007.68594,0.44599,0.02522,1.67663,38.48908,-6.81228,5.48178,3.0
street_level,Vila nova de Gaia,41.1226,-8.60874,6.83019,5.55413,0.0,1002.46652,0.28373,0.01915,9.32515,16.75782,1.68422,5.37583,66.76084
street_level,Matosinhos,41.1734,-8.68083,10.05722,4.39599,0.0096,1012.62673,-0.29498,0.0094,-1.78521,43.53922,-2.76347,33.68276,15.20058
underground,Maia,41.20252,-8.5578,41.56887,51.67403,0.26323,1003.44862,-0.6266,0.19386,-3.6787,32.24957,0.37228,164.10879,123.95957
underground,Matosinhos,41.17727,-8.68107,24.00597,65.8684,0.0,1007.34279,-0.4604,0.11848,-3.41334,41.88648,-49.39249,115.96096,12.44586
above,Matosinhos,41.16792,-8.68913,43.6125,80.12273,0.0,1003.29687,1.23309,0.43592,5.76459,27.36678,-22.82057,122.03717,3.0
street_level,Espinho,41.00483,-8.6399,16.85606,0.34509,0.00648,1008.78992,0.54914,0.0,3.37362,38.63666,2.5288,0.0,9.21007
above,Espinho,41.00848,-8.64418,50.13858,85.6995,0.0,1005.64538,0.79323,0.10124,6.31452,24.35011,6.5981,318.81046,168.41656
above,Matosinhos,41.17608,-8.69,40.00619,88.33413,0.01629,1003.50587,1.24343,0.44313,10.68912,23.94426,-13.66351,19.92337,48.23734
street_level,Maia,41.20253,-8.55942,15.90474,2.377,0.02268,1008.29537,-0.12693,0.01024,-1.92305,48.16305,0.66002,22.88739,13.587
above,Espinho,41.00814,-8.6415,46.20257,84.31292,0.0,1006.00706,0.50621,0.07625,4.03295,49.35956,-1.57958,233.22365,61.43609
street_level,Espinho,41.00732,-8.64398,12.13371,0.0,0.03114,1005.52496,0.14651,0.00692,2.42354,20.69782,0.07423,0.81621,3.0
above,Matosinhos,41.17457,-8.68068,59.72633,82.70722,0.00132,1002.98912,1.24097,0.08342,11.3111,46.23799,0.48731,9.6794,43.43022
street_level,Arouca,40.93135,-8.24265,12.63537,0.0,0.0,1005.31011,-0.20813,0.01484,0.24778,51.91267,-4.13306,4.16958,3.0
street_level,Arouca,40.93025,-8.2439,10.1727,0.0,0.01724,998.75338,-0.26627,0.01717,3.1399,57.42068,2.06663,12.88795,36.82361
above,Arouca,40.93098,-8.24759,53.00847,83.58118,0.0,1006.01259,0.33427,0.10034,10.78351,48.34951,13.82566,151.9588,122.95069
above,Maia,41.2032,-8.55901,39.11755,86.43504,0.0,1004.6888,1.24999,0.29245,11.89964,29.60413,-41.02363,76.62223,3.0
street_level,Espinho,41.00591,-8.64077,11.30886,9.19144,0.0232,997.39889,0.11247,0.0,0.65674,31.40998,7.89681,0.0,28.12612
underground,Vila nova de Gaia,41.11684,-8.61108,32.97169,50.78205,0.03643,1007.40152,-0.36124,0.12677,-4.12151,34.73512,-13.46378,188.56031,64.25411
street_level,Matosinhos,41.16825,-8.68815,8.47373,0.0,0.00347,1004.73889,1.07542,1e-05,3.58021,38.82859,1.02727,0.0,32.83906
underground,Arouca,40.92987,-8.24645,25.53989,76.93775,0.38102,1005.03269,-0.66363,0.26568,-4.84308,32.25141,-4.41469,124.35353,120.29512
underground,Espinho,41.01067,-8.63821,45.33085,21.80406,0.35574,1002.29455,-0.44649,0.13438,-5.35535,45.82441,-18.65073,148.78933,167.27345
street_level,Arouca,40.93204,-8.24725,13.66495,4.86563,0.0,999.04409,0.32348,0.00341,2.72785,28.3359,-0.94269,14.25876,4.29046
street_level,Vila nova de Gaia,41.12482,-8.61555,9.12958,4.39803,0.0,1001.05856,-0.46109,0.00191,2.70373,31.09543,-1.55732,17.05584,46.54703
street_level,Maia,41.20198,-8.55787,17.05944,0.0,0.0,1006.78081,-0.45668,0.0,3.90193,20.15873,-2.72355,0.84799,11.56037
street_level,Espinho,41.00848,-8.63637,14.87812,0.0,0.03645,997.32147,0.16741,0.02039,-3.85542,29.12335,-4.22988,16.65045,3.0
street_level,Oeiras,38.72581,-9.23941,8.0661,8.10456,0.01393,1006.10708,0.77844,0.0,3.88751,45.64052,-0.84631,0.0,80.42216
underground,Matosinhos,41.17654,-8.68993,51.97769,18.23935,0.22382,1002.51267,-0.5659,0.04352,-3.49683,26.1753,-5.53879,162.25992,60.34661
underground,Vila nova de Gaia,41.13515,-8.61135,34.94927,73.12048,0.30513,1004.16714,-0.6567,0.07486,-4.54266,17.49775,12.88836,134.40782,168.20519
street_level,Arouca,40.9319,-8.24709,20.65525,5.66144,0.01714,1008.42679,-0.0764,0.0,0.69202,51.32891,-2.09576,0.0,23.79694
street_level,Matosinhos,41.17569,-8.68978,10.43817,0.06651,0.0,999.95047,0.29497,0.0,-2.8612,6.04568,2.53764,0.0,26.8902
underground,Vila nova de Gaia,41.1247,-8.60795,27.88805,7.40098,0.0,1007.65964,-0.45804,0.01347,-3.19392,50.96076,-62.40361,399.17188,90.11429
street_level,Espinho,41.00851,-8.64124,9.66616,0.0,0.0,1002.53304,0.03026,0.0,0.62395,13.60696,2.07757,5.46663,3.0
street_level,Oeiras,38.67909,-9.31879,5.75423,3.10044,0.0,1005.75632,0.57601,0.0,3.79097,31.99638,-2.25503,0.0,76.6749
street_level,Oeiras,38.70458,-9.22926,1.71786,3.0397,0.0,998.0878,0.34126,0.0,0.99576,44.58816,0.01038,0.0,3.69331
street_level,Oeiras,38.70296,-9.22788,11.6381,8.07204,0.005,1012.09758,0.25572,0.0,2.54118,39.49591,-0.89041,0.0,78.69593
street_level,Vila nova de Gaia,41.12288,-8.60635,16.79634,0.09352,0.0,1001.12153,0.04419,0.0,2.26564,33.99899,-3.94365,0.0,4.47569
street_level,Maia,41.20203,-8.55764,14.05993,6.79506,0.0,994.52347,-0.23938,0.01949,-0.36224,15.58362,-0.34133,0.0,3.0
street_level,Arouca,40.93056,-8.24829,12.00777,6.2959,0.0,1008.77633,-0.55496,0.0,-2.59712,27.49787,4.75411,5.9771,32.95331
street_level,Porto,41.16788,-8.63802,8.16894,2.88878,0.01421,1001.65361,0.03117,0.0,2.09312,7.64708,3.63308,13.19929,13.17602
underground,Matosinhos,41.17594,-8.68507,20.96194,85.93191,0.2033,1005.0477,-0.76576,0.21141,-5.69155,26.28051,15.28471,70.59706,188.95446
underground,Maia,41.20198,-8.55773,35.66803,52.43653,0.06283,1006.04924,-0.5377,0.06004,-3.34323,47.15992,-21.30947,304.917,10.1619
above,Matosinhos,41.17415,-8.68234,46.60389,80.42554,0.00817,1002.85133,0.93205,0.30253,8.11518,22.49427,-8.31816,0.0,14.64764
street_level,Oeiras,38.69874,-9.27269,19.78556,0.0,0.0,1010.09292,-0.14203,0.0021,2.98545,43.85424,-4.08266,0.0,17.09782
street_level,Maia,41.20249,-8.55954,10.73849,7.4205,0.0,998.49029,0.58191,0.00958,2.32014,41.13243,1.07209,0.0,81.48655
street_level,Maia,41.20385,-8.55872,4.37054,16.61576,0.00268,998.40141,0.83653,0.0,3.4465,36.95393,8.50438,14.49266,51.00151
street_level,Matosinhos,41.16848,-8.68877,8.4515,4.91642,0.0,1001.75757,-0.37156,0.0,1.26051,28.23769,4.19605,2.31821,7.06461
street_level,Matosinhos,41.17285,-8.68837,15.16013,2.79643,0.0,1003.59214,0.16159,0.00159,-0.66285,38.00177,-6.72018,0.0,4.88652
above,Oeiras,38.72651,-9.23836,69.69487,87.12831,0.0,1003.17227,0.92282,0.0,4.26836,38.94067,-10.92551,247.04863,85.29065
underground,Maia,41.20275,-8.55763,41.55474,75.98176,0.41519,1000.23117,-0.56737,0.08856,-5.39234,26.53682,-33.35087,415.8423,72.91151
underground,Arouca,40.93045,-8.24449,33.61302,15.76958,0.05899,1004.097,-0.66761,0.1527,-5.49883,41.06246,-10.18188,18.27133,139.02119
underground,Maia,41.20321,-8.55932,20.74615,93.45327,0.25,1003.93969,-0.34587,0.22828,-5.66163,24.1964,-2.57921,76.96585,31.80159
street_level,Oeiras,38.71304,-9.22545,13.92375,0.0,0.0,999.71018,-0.37217,0.00483,-0.26716,65.53085,2.51971,15.78898,9.35106
street_level,Arouca,40.9319,-8.24725,14.09883,3.48644,0.0,1005.05671,0.76511,0.0,0.05105,22.3252,-2.29398,0.0,3.0
street_level,Maia,41.20187,-8.55768,14.62808,0.0,0.00372,1006.2601,0.18406,0.0342,-1.43249,69.16918,-8.71183,9.4816,3.0
street_level,Espinho,41.01112,-8.63804,14.89966,0.0,0.01131,1005.05754,-0.15032,0.0,-1.05997,39.09403,-4.9524,6.62351,16.41854
underground,Arouca,40.93171,-8.24356,38.48478,72.3308,0.44177,1004.98607,-0.58725,0.08788,-5.80784,29.70692,18.0093,31.0668,158.88253
underground,Vila nova de Gaia,41.11602,-8.60722,41.17963,63.45955,0.18136,1002.86876,-0.53498,0.15345,-5.09635,29.04135,2.33936,175.06896,33.7196
street_level,Porto,41.16497,-8.64035,10.78508,0.0,0.0,994.45889,-0.0631,0.0,-4.1688,43.915,4.51173,0.0,10.0132
street_level,Maia,41.2019,-8.55783,17.8747,3.36137,0.02065,1001.45801,-0.02643,0.0,-0.95657,49.40629,-0.32306,0.0,3.0
street_level,Maia,41.20182,-8.55776,13.97291,1.95035,0.01143,1009.69311,0.13233,0.00067,-1.58861,44.27862,-7.45151,0.0,9.40346
above,Porto,41.14639,-8.58435,44.34409,79.87215,0.0,1002.33011,1.44573,0.23637,13.46366,28.39249,-14.2925,121.01679,45.79405
above,Arouca,40.92988,-8.24518,36.92129,90.93106,0.0,1000.22923,1.47739,0.17061,10.49984,34.06949,-26.11629,160.50319,3.0
underground,Espinho,41.00993,-8.64405,41.86504,23.99333,0.14647,1009.21211,-0.34564,0.04522,-2.67339,47.43837,-17.63304,346.1289,3.0
above,Maia,41.20404,-8.55884,64.64585,89.36628,0.0,1007.11702,0.56301,0.04826,6.89822,32.31508,23.4475,176.45388,157.79957
street_level,Vila nova de Gaia,41.12894,-8.60658,8.92931,0.0,0.0,995.51807,0.21555,0.0,0.5541,40.86153,-3.56467,0.0,3.0
street_level,Maia,41.20302,-8.55786,2.38139,9.81067,0.0,1001.23107,0.60371,0.00961,2.06333,31.64576,5.41535,0.0,81.83056
underground,Maia,41.20397,-8.55889,36.18421,41.11443,0.18607,1006.92136,-0.46528,0.0,-2.34735,43.04277,-55.89984,428.53041,44.20396
street_level,Espinho,41.01179,-8.64393,10.50552,4.40186,0.0,1001.93257,-0.26171,0.00155,-1.34636,29.34497,4.03568,26.99078,27.55898
street_level,Arouca,40.93005,-8.2453,6.1335,2.75854,0.0,1002.79101,0.84676,0.00423,8.71466,43.6587,2.40165,32.39123,59.78508
street_level,Vila nova de Gaia,41.12416,-8.61001,11.36687,0.0,0.0253,1005.07453,-0.40854,0.00177,-3.45345,38.59008,-3.67803,17.28952,24.07668
street_level,Maia,41.20228,-8.55861,10.47802,8.4071,0.0,999.30879,0.75061,0.0,6.7012,21.20079,0.96341,0.0,88.66547
underground,Arouca,40.92993,-8.24637,54.693,0.8372,0.61682,1002.81891,-0.59787,0.20054,-4.5346,27.05622,14.63761,48.27303,95.19973
street_level,Vila nova de Gaia,41.11935,-8.60653,6.32706,5.85717,0.03486,999.11972,0.71941,0.0,7.27481,39.12794,1.95957,0.0,44.5446
above,Espinho,41.00839,-8.63727,42.16412,82.08464,0.01203,1002.94313,2.34055,0.30203,10.70961,26.43898,-8.54684,108.36668,54.2939
above,Espinho,41.01169,-8.63966,60.67691,102.87126,0.0,1007.70617,0.47285,0.03823,-0.10747,51.93326,18.12928,243.92805,113.90416
street_level,Vila nova de Gaia,41.13851,-8.61065,11.07619,6.33604,0.0,999.33995,-0.40314,0.01784,3.808,31.17225,-5.51848,0.0,22.37453
underground,Espinho,41.00863,-8.63721,33.99754,59.06337,0.21586,1004.93112,-0.32658,0.0,-3.7412,45.98481,-21.22328,444.80702,61.81908
underground,Maia,41.20337,-8.55923,31.27068,113.5725,0.13772,1002.53451,-0.64243,0.09685,-4.9292,27.51456,7.38866,17.9095,160.31412
underground,Oeiras,38.71532,-9.2377,23.08319,54.96082,0.46103,1005.08204,-0.59938,0.14645,-4.54881,30.92339,-17.37853,0.0,131.61868
street_level,Maia,41.20241,-8.55778,7.24635,7.00395,0.0,1000.12394,-0.163,0.0,-3.02,26.10751,7.14315,0.643,6.59858
above,Espinho,41.00653,-8.64331,46.83592,83.58127,3e-05,1003.01776,1.23524,0.08372,6.70944,15.0353,-22.98276,94.47189,17.58673
underground,Arouca,40.93126,-8.24573,23.14414,70.7869,0.17218,1006.18426,-0.68477,0.03254,-6.63439,29.05576,-35.08708,43.08757,188.14036
street_level,Oeiras,38.70605,-9.22521,9.94847,12.28549,0.0,1001.23031,0.79016,0.0,7.33698,34.35582,3.92835,7.90313,68.56583
above,Matosinhos,41.17371,-8.68933,41.27919,83.78623,0.03181,1003.56937,0.96344,0.26574,11.55134,28.48671,-10.79106,242.76417,17.59997
underground,Maia,41.20236,-8.5596,16.47798,79.15819,0.24335,1002.55465,-0.63348,0.02831,-5.37322,26.22718,-18.71617,9.04792,100.87522
underground,Porto,41.15615,-8.64046,30.92855,81.44672,0.41033,1003.76422,-0.7229,0.03872,-6.68903,23.08425,25.68232,0.0,88.95067
street_level,Porto,41.1453,-8.61092,13.8596,2.16192,0.01649,1000.76858,0.03198,0.01624,4.11567,37.92435,-0.20796,0.0,3.0
street_level,Matosinhos,41.17502,-8.68098,12.14895,2.47443,0.03207,1000.2013,0.05938,0.01976,2.10513,35.0696,2.43382,1.41055,14.04874
underground,Arouca,40.93118,-8.24704,34.54311,64.83561,0.01321,1008.04029,-0.50405,0.14282,-4.04694,50.1932,-31.96304,271.43574,39.64051
underground,Porto,41.16188,-8.59636,37.76453,8.6264,0.37682,1003.60657,-0.45543,0.08372,-6.25958,21.55497,23.36504,287.61845,169.91453
underground,Maia,41.20228,-8.55863,57.53267,0.0,0.1525,1001.99539,-0.49485,0.14551,-5.26785,34.65421,43.57384,146.06671,100.93411
street_level,Arouca,40.93046,-8.24869,13.29809,0.0,0.0,996.98515,-0.16258,0.01021,1.92894,9.76303,2.27404,0.0,23.11955
underground,Maia,41.20276,-8.55772,38.00215,62.78647,0.0,1005.49942,-0.40202,0.0,-3.20859,60.93213,-31.67421,535.14374,3.0
underground,Arouca,40.93099,-8.24692,30.43468,65.07784,0.57008,1001.13952,-0.60708,0.15062,-5.20068,20.0215,-29.80329,90.02443,90.83102
street_level,Porto,41.15995,-8.61628,5.99991,5.4838,0.03601,999.83028,0.73059,0.00489,6.00636,48.51848,4.51653,0.0,66.4236
street_level,Vila nova de Gaia,41.12611,-8.60554,5.31007,0.0,0.01363,999.41169,-0.37679,0.0,-3.13864,59.70051,6.20889,22.87233,3.0
street_level,Arouca,40.92996,-8.24544,4.79615,0.0,0.0,1004.22519,0.07331,0.0,4.72344,33.98311,-1.22275,0.0,101.30478
underground,Arouca,40.92988,-8.24789,21.04905,113.79695,0.2403,1003.5535,-0.62406,0.06556,-4.29765,35.05313,2.60129,0.0,89.52809
street_level,Matosinhos,41.17215,-8.68098,14.64776,1.04102,0.0,1008.05403,0.04683,0.00637,-2.0409,35.08455,-1.5158,19.28978,3.0
street_level,Matosinhos,41.17507,-8.68172,7.69762,7.21675,0.0,999.9998,0.2737,0.0,-2.87504,40.17514,1.68343,6.53378,29.20592
street_level,Espinho,41.00546,-8.63703,5.52261,5.25049,0.00569,996.96042,-0.05139,0.00605,-1.57518,57.80227,4.3189,16.18706,6.86929
street_level,Arouca,40.92935,-8.24675,6.01183,7.64145,0.01917,1007.61711,0.23934,0.0227,7.40258,34.61339,-2.84284,18.48648,72.86255
street_level,Porto,41.14972,-8.6061,13.39843,0.94726,0.00063,1009.95019,-0.04977,0.01773,3.56301,26.10743,-2.5121,15.18051,18.34548
underground,Matosinhos,41.17287,-8.6802,52.50177,57.24134,0.26411,1003.22591,-0.54895,0.30085,-4.55727,33.52007,32.04116,158.36796,83.81075
street_level,Oeiras,38.71162,-9.30114,9.70994,0.0,0.00129,994.0154,-0.08022,0.0,-3.51257,30.03429,4.1751,0.0,3.0
street_level,Arouca,40.93065,-8.24841,14.04256,5.50518,0.01403,1008.28434,-0.3616,0.0,-1.34599,31.57886,-2.17369,0.0,3.0
street_level,Arouca,40.92988,-8.24746,13.83199,0.0,0.00383,1005.21031,0.02688,0.00389,-2.08708,23.65085,3.3295,0.0,3.0
street_level,Espinho,41.00814,-8.64093,5.26348,0.0,0.01094,1004.98447,-0.45798,0.0,-1.83696,62.44674,-0.72648,0.0,21.34151
underground,Matosinhos,41.17463,-8.68372,25.58502,34.56192,0.0,1006.3164,-0.55264,0.0,-3.45417,45.63022,-47.28281,198.43242,3.0
street_level,Oeiras,38.71567,-9.22548,9.62266,10.94366,0.02665,1006.35579,0.89486,0.00783,7.433,23.25317,0.42785,0.14586,56.4425
street_level,Porto,41.15516,-8.62382,12.1901,0.0,0.00411,994.44333,-0.36685,0.0,-1.23654,39.45592,3.74212,13.61949,58.63276
street_level,Vila nova de Gaia,41.12574,-8.61413,7.07233,0.0,0.0,998.333,0.10679,0.0,-0.44858,68.86216,-4.4392,32.42377,3.0
street_level,Porto,41.15774,-8.61446,8.34795,0.0,0.0,1004.94623,-0.26704,0.0,-0.04331,12.18388,6.59069,0.0,3.0
street_level,Arouca,40.92971,-8.24726,5.96936,0.0,0.0,997.92197,0.2962,0.02758,-0.78154,41.5451,-0.81707,3.27028,3.78525
street_level,Arouca,40.92909,-8.24815,12.66737,9.4343,0.0,1004.86656,0.68917,0.00769,-2.61124,36.88031,-2.44381,15.98815,46.94065
underground,Porto,41.16145,-8.66722,31.01663,71.66724,0.0,1005.54563,-0.50869,0.0,-2.11092,55.82996,-51.71997,285.65881,3.0
street_level,Espinho,41.00713,-8.64132,13.80021,0.92194,0.00794,996.3612,0.5631,0.0,-0.40061,29.01155,2.8443,2.9513,4.9014
street_level,Porto,41.16204,-8.61322,12.67136,0.0,0.00948,1002.48387,-0.13323,0.01607,2.55167,42.89282,-2.0405,0.0,35.86745
street_level,Maia,41.20249,-8.55834,12.65879,2.30141,0.00122,1004.54735,-0.02726,0.0,1.25052,45.57909,-2.7232,6.3484,44.94843
street_level,Porto,41.16194,-8.66459,9.0738,3.66648,0.0,1003.09839,-0.03804,0.0,-2.50658,56.02857,-4.98023,30.22286,28.91541
street_level,Vila nova de Gaia,41.12413,-8.61555,13.80198,5.79547,0.0,1005.53251,0.21484,0.02634,-0.37061,38.89809,-3.06082,0.0,3.0
underground,Porto,41.14239,-8.61975,40.92459,31.74038,0.18883,1003.73319,-0.43512,0.14465,-5.51561,31.14673,29.36981,115.02812,133.92814
underground,Matosinhos,41.17336,-8.68785,26.05774,67.18196,0.16003,1005.87655,-0.33173,0.0,-3.03945,54.84636,-67.64276,349.80267,42.19337
street_level,Espinho,41.00398,-8.64014,8.79711,7.31696,0.0,1008.25848,-0.17213,0.00355,-2.26812,35.49841,-1.27501,0.0,3.0
street_level,Arouca,40.93155,-8.24381,6.69404,9.74806,0.00079,1000.96276,0.62579,0.0,9.07565,35.10792,1.21258,5.15927,54.65145
street_level,Vila nova de Gaia,41.12921,-8.61992,14.25691,4.21375,0.00726,1005.4438,-0.05643,0.0,-2.70136,25.10241,-0.29426,0.0,15.58316
street_level,Maia,41.20275,-8.55933,21.69006,0.0,0.0,1008.89679,-0.07243,0.01325,2.16336,25.14226,-4.9596,0.0,22.88722
street_level,Vila nova de Gaia,41.11474,-8.61237,10.76827,2.57146,0.00016,1000.49661,-0.49592,0.01025,-0.84246,48.89815,2.91508,8.2477,69.5062
street_level,Espinho,41.00854,-8.64403,7.8785,0.0,0.04258,997.24596,0.41581,0.01859,1.02269,35.49524,-0.00506,0.0,5.45807
underground,Matosinhos,41.16831,-8.688,20.36864,72.80914,0.37785,1004.18285,-0.47934,0.1447,-4.52947,24.97133,14.47641,106.62062,99.00149
street_level,Vila nova de Gaia,41.12886,-8.6107,17.01164,0.0,0.00086,1009.02994,-0.52165,0.00827,-0.13698,27.73572,-3.84126,23.60688,28.69248
street_level,Maia,41.20327,-8.55912,9.51161,0.0,0.0,1005.74441,0.23472,0.01257,4.71228,29.6535,2.23306,28.49179,3.0
street_level,Porto,41.16403,-8.62105,9.43854,6.59156,0.01803,998.67049,0.24713,0.00224,4.14123,65.77064,-2.01235,39.1198,3.0
above,Oeiras,38.71398,-9.23509,35.95237,83.48331,0.0,1004.0542,1.44186,0.08132,5.10677,35.51335,-16.25319,220.58996,61.70195
underground,Matosinhos,41.17282,-8.68867,20.44099,69.80598,0.22489,1003.29745,-0.36588,0.02364,-4.047,38.4068,-22.55515,409.06651,3.0
underground,Espinho,41.0102,-8.64234,28.18319,46.98605,0.0,1007.24406,-0.53547,0.14709,-2.69333,31.7455,-29.08174,460.47816,3.0
above,Maia,41.20417,-8.55857,32.9221,77.40926,0.0,1003.80077,0.99297,0.30283,9.15856,39.43609,-6.63893,85.26736,3.0
underground,Vila nova de Gaia,41.12542,-8.61783,55.07917,61.58072,0.0,1004.04067,-0.45077,0.12418,-3.4515,36.06222,29.33028,260.36854,61.83425
street_level,Porto,41.16474,-8.6484,9.61814,7.93028,0.00142,1007.74684,0.29244,0.01393,-0.23406,30.37275,-10.97213,0.0,6.41704
street_level,Arouca,40.93102,-8.24717,9.80317,11.41698,0.0013,1002.57881,0.4084,0.01827,6.95815,29.19852,0.92176,0.0,36.2768
street_level,Arouca,40.93196,-8.24725,19.3332,0.0,0.0,1005.40945,0.13329,0.0,1.93034,39.35619,-11.34853,1.05159,3.0
street_level,Matosinhos,41.17579,-8.68623,13.91103,0.0,0.0,997.99373,0.46346,0.02325,0.70943,26.90976,-1.59258,5.45043,3.0
street_level,Espinho,41.00591,-8.63818,8.64382,0.0,0.0,997.71241,0.34714,0.00677,0.19667,45.52567,-3.48162,4.65233,20.97572
underground,Oeiras,38.70364,-9.22692,49.0165,49.27537,0.59168,1002.58794,-0.59396,0.12225,-5.80075,28.71297,-11.76676,20.19509,132.59128
underground,Espinho,41.00398,-8.63828,42.82268,47.29612,0.26476,1000.19604,-0.37687,0.08632,-5.63217,39.79615,7.08788,66.87318,100.98461
street_level,Arouca,40.93053,-8.24362,10.21686,0.0,0.01938,1000.68156,-0.23828,0.01577,0.13507,9.74805,-5.8091,0.0,18.56451
above,Matosinhos,41.17599,-8.68993,44.44674,84.05757,0.06192,1003.93523,2.03561,0.20256,9.09489,18.58414,0.35337,54.72561,12.94474
underground,Oeiras,38.72432,-9.24337,28.31499,38.77542,0.01182,1006.95889,-0.43358,0.0,-3.46147,44.11846,-34.02782,317.53747,75.44056
above,Oeiras,38.69893,-9.22959,73.07364,99.69564,0.0,1005.48936,0.80799,0.10918,4.79249,40.30537,17.52152,142.40022,119.89617
street_level,Maia,41.20261,-8.55951,15.67013,0.0,0.06563,1002.83526,-0.16003,0.0,4.48302,31.2867,-1.29927,0.0,3.0
above,Espinho,41.01091,-8.64086,30.81549,83.45386,0.0,1003.15056,1.68503,0.21492,12.79318,26.96655,-5.67068,68.54996,60.36949
street_level,Oeiras,38.71488,-9.24159,7.11971,14.62812,0.01631,1000.1771,0.54374,0.0,6.1816,17.2838,4.25563,20.64636,51.18444
street_level,Arouca,40.93085,-8.24691,9.65829,0.0,0.00417,998.18421,-0.11914,0.0,-1.47115,67.35169,-1.21265,19.2025,7.98741
above,Maia,41.20406,-8.55879,33.54951,76.50751,0.0,1004.75285,1.65259,0.27043,12.20215,18.34971,-5.57008,190.02324,3.0
above,Vila nova de Gaia,41.12968,-8.60891,63.46559,76.88839,0.0,1006.14902,0.54172,0.06688,8.38517,35.38612,5.12145,313.8725,58.26666
above,Oeiras,38.69691,-9.29415,65.30477,91.62559,0.0,1004.99458,1.30836,0.04283,4.30016,47.60621,13.31709,175.50499,18.09974
street_level,Maia,41.20209,-8.55854,12.30852,11.91186,0.03742,1002.83419,0.65279,0.0,5.58631,18.37745,2.89376,6.22796,60.68775
underground,Oeiras,38.71199,-9.23047,35.87604,12.95574,0.06608,1002.84173,-0.49589,0.18662,-4.52111,36.95314,-7.28299,9.32648,95.71454
street_level,Vila nova de Gaia,41.11823,-8.60668,14.71906,0.0,0.02725,1003.95892,0.65024,0.0,-1.63319,35.20436,-5.6314,0.0,64.32501
street_level,Vila nova de Gaia,41.12534,-8.60802,6.59038,8.5082,0.0281,1007.52443,0.40811,0.0253,5.096,42.87104,-2.07028,0.0,85.665
above,Matosinhos,41.17459,-8.68804,73.92221,91.50969,0.0,1006.02212,0.23558,0.04047,6.91467,46.2195,10.51202,186.46785,136.49743
above,Espinho,41.01218,-8.63648,28.95496,76.77674,0.0042,1002.60012,1.1613,0.19224,12.4358,42.85062,-22.64497,176.79087,65.8314
street_level,Espinho,41.01131,-8.63879,12.48819,0.0,0.00527,1000.97411,0.31021,0.00024,7.98121,42.14389,-1.38603,12.63061,10.84345
street_level,Porto,41.18226,-8.59641,10.09316,0.0,0.0,1003.81338,0.13766,0.0,-2.18946,31.79535,-5.03056,0.0,3.0
underground,Vila nova de Gaia,41.12032,-8.60577,31.94672,77.64653,0.0,1008.8646,-0.47782,0.0,-4.13993,44.70367,-50.31456,430.64455,3.0
underground,Arouca,40.92983,-8.2465,27.60728,110.56094,0.47677,1004.40647,-0.46166,0.19699,-4.85714,36.58579,-10.94203,223.21858,56.4148
underground,Espinho,41.00399,-8.6383,31.88674,78.27313,0.05029,1008.1567,-0.36479,0.00308,-3.79001,45.25686,-41.29458,480.20699,27.48367
above,Maia,41.20193,-8.55861,41.98221,75.26003,0.0,1002.50763,1.40773,0.24411,15.26357,13.32548,2.75182,183.81929,16.40309
street_level,Espinho,41.00399,-8.63787,14.59835,0.0,0.0,1002.64187,-0.23806,0.01912,1.71294,36.57133,-6.59648,7.97979,27.60474
street_level,Oeiras,38.68649,-9.32324,11.37983,2.26848,0.02597,1008.85644,-0.12689,0.00298,-2.67931,50.40536,-2.07962,0.0,3.0
underground,Maia,41.20199,-8.55788,31.00573,93.69141,0.0,1006.28568,-0.44938,0.00611,-4.42882,43.23479,-6.74999,276.64688,28.30254
above,Oeiras,38.70099,-9.2283,63.76155,86.74306,0.0043,1006.5052,1.30789,0.12705,2.34669,71.47745,0.30423,262.83463,92.27614
underground,Espinho,41.00713,-8.64154,12.229,34.65857,0.0,1008.9079,-0.33857,0.03792,-3.88133,48.36908,-13.7931,260.29004,3.0
street_level,Arouca,40.92908,-8.24808,7.8178,4.5276,0.0,994.10639,-0.2008,0.0,0.64713,61.15535,7.43838,0.0,3.0
underground,Maia,41.20339,-8.55927,38.11751,50.23711,0.0,1006.94611,-0.56575,0.0,-3.24577,44.66432,-76.68729,286.95255,3.0
street_level,Arouca,40.93022,-8.24524,8.82601,9.1726,0.003,1012.04386,0.0508,0.00445,4.68462,34.00647,1.25641,0.0,66.28938
street_level,Arouca,40.93077,-8.24753,6.19325,0.0,0.0,1000.46543,0.26239,0.0,0.87051,48.48103,-3.20745,34.50273,3.0
underground,Oeiras,38.70002,-9.2299,49.13512,24.85183,0.3998,1003.541,-0.65175,0.13295,-4.81953,32.2484,35.37126,246.59897,51.84537
above,Matosinhos,41.17386,-8.6892,73.34969,88.74533,0.01615,1002.93795,0.54804,0.19281,2.53515,44.04909,19.31057,206.52539,124.4293
street_level,Matosinhos,41.17359,-8.68917,13.89759,0.0,0.0,1002.24233,0.28869,0.0,-1.8583,24.21818,-0.14577,0.0,3.0
street_level,Porto,41.15926,-8.68245,12.40819,6.46502,0.0006,1007.65147,0.33381,0.00038,7.27159,34.00707,-0.67665,19.51375,93.94543
above,Vila nova de Gaia,41.13353,-8.60921,68.50187,90.7941,0.00236,1008.78913,0.26117,0.19393,7.1876,66.82107,-2.85765,335.05019,152.23683
street_level,Porto,41.15798,-8.64537,3.18185,17.00498,0.0,1008.01853,0.58802,0.00956,6.75113,31.61009,4.13772,0.0,79.7369
underground,Matosinhos,41.17256,-8.68082,26.09581,110.13311,0.28922,1005.20092,-0.63163,0.16658,-4.50547,25.22317,-4.09635,55.31034,139.97473
street_level,Oeiras,38.71508,-9.23765,19.09561,0.0,0.0,1002.92067,0.37463,0.01311,0.60385,38.96297,1.57029,22.11628,31.40342
street_level,Arouca,40.93167,-8.24703,8.18073,2.83148,0.00646,998.06427,0.09515,0.02871,-0.68685,58.97975,3.74476,19.14368,5.26713
street_level,Arouca,40.93111,-8.24718,13.00846,0.0,0.02028,1009.26437,-0.17919,0.0,5.37172,57.11776,1.76125,0.0,3.0
underground,Matosinhos,41.17304,-8.6802,56.37422,16.45734,0.0932,1003.2063,-0.64018,0.16179,-3.63677,28.14964,12.00957,337.46284,135.0521
street_level,Maia,41.20374,-8.55876,9.50287,1.91398,0.0,1000.07922,0.16861,0.01129,2.91956,45.63349,-7.67645,7.64286,16.32867
underground,Matosinhos,41.17337,-8.68906,47.50284,24.42423,0.12863,1004.01833,-0.54478,0.10074,-6.26606,28.20922,-9.33642,220.57387,80.65079
underground,Espinho,41.00367,-8.643,27.52685,62.29676,0.10436,1003.10189,-0.56776,0.32858,-5.04978,30.16144,-13.601,86.46967,103.48965
street_level,Arouca,40.92986,-8.24867,12.86143,18.96734,0.01213,1002.68969,0.4466,0.01141,4.72621,40.26418,6.70094,4.43843,113.93501
underground,Vila nova de Gaia,41.13305,-8.60816,37.77134,97.07365,0.26715,1004.97148,-0.69184,0.09449,-4.31292,26.45321,43.14506,0.0,113.03772
street_level,Arouca,40.93138,-8.24382,6.93274,11.82224,0.0,1003.57843,0.62275,0.01192,8.90431,42.00199,3.25556,0.0,45.86221
above,Vila nova de Gaia,41.13109,-8.6083,32.09338,98.24911,0.0,1004.065,1.1343,0.15952,11.45818,24.906,-7.27702,71.09633,38.37743
street_level,Arouca,40.9293,-8.24698,15.68277,0.0,0.0136,1006.67783,0.28095,0.0,1.22481,39.09781,-0.37605,3.63493,3.0
above,Maia,41.20194,-8.55777,54.69717,94.12619,0.04648,1005.95287,0.37438,0.0,8.54889,52.92332,22.53301,205.0362,152.02303
underground,Espinho,41.01184,-8.6414,14.90035,76.58877,0.0,1006.54126,-0.36295,0.03921,-3.50101,39.62204,-39.95762,389.85142,3.0
street_level,Oeiras,38.72523,-9.23524,15.83733,0.0,0.0,1010.13167,0.19377,0.02772,1.29946,25.19447,3.58518,19.4929,3.0
street_level,Matosinhos,41.17387,-8.6888,6.76767,7.08092,0.02159,1002.64149,0.68877,0.0046,7.82534,34.80093,3.33037,0.0,25.20036
above,Maia,41.20314,-8.55923,55.22832,84.2987,0.01418,1005.16772,0.9812,0.13403,5.29288,42.50652,23.54663,290.55161,152.38089
underground,Arouca,40.93001,-8.24534,26.57475,40.67215,0.0,1008.42855,-0.43346,0.04369,-3.51561,46.48151,-38.24956,343.87871,52.15837
street_level,Matosinhos,41.172,-8.6805,12.08576,1.73911,0.00425,999.93599,-0.08295,0.0,4.86025,29.86229,4.25859,33.7269,3.0
underground,Arouca,40.92912,-8.24692,36.20555,25.52051,0.29819,1003.26044,-0.61844,0.24515,-5.12441,28.65935,9.96583,299.55463,115.08416
above,Maia,41.20203,-8.55768,87.33349,80.23747,0.01315,1007.16035,0.72034,0.0,3.40355,37.47349,11.13136,288.16212,114.71983
street_level,Vila nova de Gaia,41.12868,-8.60826,9.27059,11.82045,0.0,1002.02713,0.04394,0.0,1.61116,67.47166,-2.72021,0.0,3.0
underground,Porto,41.14721,-8.61227,38.70014,18.70946,0.0,1003.02265,-0.58447,0.22651,-4.40391,32.90532,33.11993,225.30558,107.45897
street_level,Maia,41.20186,-8.55757,15.03967,5.00123,0.0,997.821,-0.3143,0.0,-3.00836,40.92091,0.11893,0.0,3.0
street_level,Oeiras,38.71717,-9.22169,18.81958,0.72179,0.0,1001.01972,0.51094,0.02088,2.5587,37.46927,-2.37821,24.89919,3.0
underground,Porto,41.15374,-8.67409,25.07692,116.21903,0.0,1005.36885,-0.3871,0.0,-2.89098,41.55032,-40.89279,365.96224,3.0
above,Porto,41.16751,-8.62138,37.39656,80.73802,0.0,1004.07314,1.47373,0.34034,13.2839,20.9787,-14.691,170.97039,55.45327
street_level,Arouca,40.93186,-8.24697,14.41864,14.0708,0.0,1000.96963,-0.04283,0.01455,4.04737,38.56824,3.37047,11.69283,19.31972
street_level,Maia,41.20223,-8.55892,19.23803,0.0,0.0,1008.05227,-0.11918,0.01471,-1.01882,31.45444,-3.81592,12.96434,22.52143
street_level,Espinho,41.00525,-8.64338,12.95166,0.0,0.0,1004.36099,-0.15681,0.0,3.13075,67.74276,2.75524,0.0,3.0
street_level,Matosinhos,41.17608,-8.68327,15.8252,3.53995,0.0,1012.11483,-0.07934,0.00037,-2.32769,34.59054,3.94715,0.0,14.97984
street_level,Porto,41.16338,-8.66291,13.0542,1.93894,0.0,1011.17459,0.28749,0.0,-1.29989,41.82053,-2.59051,9.61578,3.0
underground,Matosinhos,41.17293,-8.68022,35.47497,65.76962,0.0,1007.03027,-0.3486,0.13051,-3.68986,41.34347,-29.54908,182.53898,56.58997
above,Vila nova de Gaia,41.12462,-8.62126,64.12564,89.93003,0.00978,1006.03273,0.03018,0.0418,7.20275,52.22473,6.58705,236.05552,136.80794
street_level,Espinho,41.00845,-8.6384,4.05535,9.91098,0.01401,1004.97834,0.20088,0.01905,4.80348,30.85817,-0.14908,0.0,34.8639
street_level,Vila nova de Gaia,41.13765,-8.61119,18.89888,5.27841,0.0,1009.87478,-0.28988,0.00106,2.26445,51.4747,0.90397,24.40012,3.0
street_level,Espinho,41.00807,-8.63788,4.07761,1.47276,0.02063,1006.29385,0.58301,0.02621,9.45795,40.53702,-3.64963,0.0,43.01713
street_level,Espinho,41.0073,-8.64374,22.95547,1.72634,0.0,1006.3585,-0.06426,0.0,5.24226,47.5511,-3.81377,0.0,3.0
underground,Matosinhos,41.17578,-8.68883,19.686,105.85251,0.09906,1005.07716,-0.45185,0.32038,-5.90536,30.15142,-7.32913,200.39558,117.58901
street_level,Maia,41.20203,-8.55769,16.18714,0.53856,0.0,1000.89948,0.13418,0.00198,-1.59148,42.69764,-0.99423,0.0,3.0
street_level,Espinho,41.01157,-8.6414,7.98698,0.0,0.0,1005.73647,-0.22004,0.00137,-1.73906,13.88428,3.38119,44.06983,36.73922
above,Espinho,41.01136,-8.6386,76.7074,88.73528,0.0083,1005.91024,0.67452,0.24718,7.24337,69.79806,18.72229,197.23356,139.42301
underground,Vila nova de Gaia,41.13721,-8.61122,50.15586,49.35417,0.11275,1005.78749,-0.54015,0.19643,-4.42231,24.38688,-1.75438,222.24165,86.2982
street_level,Vila nova de Gaia,41.12802,-8.62272,9.46009,0.0,0.00591,1007.28567,0.01858,0.0,-2.80291,57.41516,-8.20965,26.95618,3.0
above,Arouca,40.93104,-8.24529,32.80596,85.23992,0.02989,1003.96009,0.95935,0.27756,10.85241,30.03074,-17.5619,64.41378,18.62891
street_level,Oeiras,38.69776,-9.29641,15.48565,6.50334,0.0,1002.07951,0.36497,0.00237,0.15298,43.86511,-2.84809,0.0,36.56991
underground,Oeiras,38.71414,-9.23868,35.26935,0.0,0.29218,1002.4904,-0.64322,0.2577,-6.23547,29.09377,21.56572,20.61312,180.09172
street_level,Maia,41.20202,-8.55767,14.30968,0.0,0.0,999.58136,-0.04015,0.0,-4.90693,15.31932,1.81121,0.0,27.11734
street_level,Vila nova de Gaia,41.12515,-8.61816,10.84978,9.83643,0.0,1003.31025,-0.00483,0.00304,2.89348,28.19961,2.39064,21.53056,3.0
street_level,Matosinhos,41.17233,-8.68087,16.45281,1.47496,0.0,1003.44604,0.22768,0.00575,-1.5082,49.10688,-1.90472,6.20989,25.15282
street_level,Maia,41.20185,-8.55846,13.22958,1.66543,0.0,1009.50962,-0.41495,0.01151,0.63743,37.85733,0.78833,0.0,3.0
street_level,Arouca,40.92999,-8.24654,8.26662,12.33818,0.0,1006.75576,0.18534,0.00019,2.70205,50.46988,-2.73707,0.0,65.04043
street_level,Matosinhos,41.17669,-8.68717,13.51459,12.8595,0.03173,1012.78112,-0.22619,0.0,-1.99888,29.4562,1.91288,0.0,3.0
street_level,Vila nova de Gaia,41.13502,-8.61444,12.5285,11.32409,0.0,1004.82096,-0.3736,0.0,0.56669,34.72223,-4.58191,0.0,3.0
street_level,Arouca,40.92929,-8.24658,10.37124,2.49209,0.00608,1003.50646,-0.37163,0.01872,-0.79886,18.27231,2.45925,0.0,3.0
underground,Arouca,40.93001,-8.24662,30.43673,65.28578,0.36736,1003.6676,-0.63835,0.04698,-5.10527,30.09265,23.78175,64.31754,101.59106
underground,Porto,41.15785,-8.646,51.21391,0.0,0.03553,1004.32193,-0.64106,0.17977,-4.77583,33.48863,-18.39479,267.68969,98.53019
above,Matosinhos,41.17591,-8.6822,44.34648,75.8628,0.0,1003.48951,1.48137,0.10725,9.61443,30.37841,-12.05212,43.24069,64.41386
street_level,Espinho,41.00714,-8.64141,10.64462,5.12569,0.01946,1005.98364,-0.0298,0.00135,0.81252,57.03689,-3.64,0.0,3.0
above,Matosinhos,41.17353,-8.68507,37.90354,81.46658,0.0,1002.12931,1.05747,0.1926,13.03976,23.86555,-7.13485,125.05214,16.42086
street_level,Maia,41.20273,-8.5595,15.32763,0.0,0.01601,1006.26726,0.40334,0.0,2.95637,57.24152,-4.70572,11.38847,3.0
street_level,Porto,41.14715,-8.60799,11.11943,5.24485,0.01528,991.94254,0.16799,0.00494,-2.02286,18.29925,4.19705,0.0,3.0
underground,Matosinhos,41.16838,-8.68884,43.01822,97.72927,0.0,1008.58751,-0.48546,0.1475,-4.42189,35.00418,-45.1361,287.77107,3.0
underground,Maia,41.2024,-8.55866,42.28411,26.12568,0.32975,1002.37614,-0.5422,0.17755,-4.20551,39.11873,14.52416,238.77039,172.28083
street_level,Arouca,40.92915,-8.24645,14.17568,4.21915,0.0,996.18071,-0.17007,0.00874,-2.04523,54.80692,4.29449,2.53361,3.0
underground,Espinho,41.0118,-8.63852,50.90696,0.70101,0.12443,1004.75952,-0.57829,0.16404,-4.95868,40.31476,6.04967,158.08978,121.25067
underground,Porto,41.14739,-8.60852,51.33022,25.42152,0.15949,1002.31238,-0.55208,0.11934,-5.01721,24.00842,23.50842,171.98589,101.05758
underground,Espinho,41.00366,-8.63812,20.96921,70.57704,0.1743,1005.19705,-0.66856,0.08115,-4.97017,20.21729,42.64859,67.67927,109.17673
street_level,Matosinhos,41.17279,-8.68823,3.52989,4.72016,0.00706,1000.63515,0.37251,0.0,1.25554,55.44103,-0.3636,21.93545,52.46685
above,Vila nova de Gaia,41.12472,-8.61439,39.31866,87.45072,0.0,1004.02125,1.65827,0.26632,10.02581,26.25232,-4.96549,115.63798,69.32269
above,Espinho,41.00671,-8.6442,46.79844,95.57128,0.0,1005.52054,0.22823,0.08648,0.04067,36.54975,17.07101,246.27536,74.50212
underground,Matosinhos,41.17546,-8.6833,26.68562,21.19972,0.0,1008.5995,-0.41538,0.0,-4.01308,55.08031,-59.51267,385.9063,56.99885
street_level,Porto,41.16169,-8.62057,10.08806,0.0,0.0,1007.08773,-0.11587,0.01129,7.1836,27.66317,-2.72535,0.0,3.0
street_level,Porto,41.14362,-8.611,14.20099,0.29626,0.01086,1010.7357,0.00229,0.01417,-0.99757,22.84218,-1.19175,3.91067,16.33004
street_level,Matosinhos,41.17292,-8.68028,14.11416,0.0,0.01988,1011.28722,-0.05435,0.0,1.4583,53.20465,-6.10254,17.27919,3.0
street_level,Porto,41.15684,-8.61204,17.11158,0.0,0.0,1001.7101,-0.347,0.0,-0.51127,25.39673,-4.79817,0.0,3.0
above,Oeiras,38.7248,-9.24376,76.10783,86.88602,0.01744,1005.35343,0.69111,0.0,3.25108,59.63709,19.63883,312.86028,114.8097
street_level,Vila nova de Gaia,41.12549,-8.61751,10.88711,0.0,0.0205,994.76043,-0.87623,0.01225,1.27548,5.47825,3.71973,28.49675,3.0
underground,Porto,41.15142,-8.63947,37.19149,119.90937,0.32681,1006.67701,-0.53389,0.09828,-5.59698,27.04533,26.86351,37.40493,56.54304
above,Oeiras,38.70111,-9.2281,28.50699,78.83067,0.0,1002.5865,1.46979,0.27505,11.28796,31.67675,8.9942,135.0275,3.0
above,Vila nova de Gaia,41.11522,-8.60655,58.56841,93.94513,0.03336,1005.48673,1.14883,0.15412,9.18406,53.49727,11.42551,164.3549,83.53299
underground,Matosinhos,41.16754,-8.68801,38.06588,51.0584,0.21406,1007.29284,-0.3339,0.0,-3.89999,47.40533,-47.83412,313.09648,13.04734
street_level,Matosinhos,41.1767,-8.68943,8.1509,6.21578,0.0,1003.91863,0.06105,0.00559,0.20055,49.7191,-0.10514,0.0,26.87765
street_level,Vila nova de Gaia,41.13754,-8.61273,18.20045,0.0,0.0,1012.0314,-0.49007,0.02537,5.22486,10.20369,-2.94805,0.0,3.0
underground,Maia,41.20247,-8.55788,54.09913,0.0,0.36611,1002.79861,-0.52492,0.2453,-4.78602,32.17521,-2.65612,342.6756,137.41559
underground,Vila nova de Gaia,41.12258,-8.60581,20.60085,78.13211,0.46847,1003.44886,-0.61949,0.09047,-4.95368,18.36097,14.66671,0.0,90.62907
above,Porto,41.14216,-8.61183,61.24327,90.75901,0.0,1006.36049,0.32986,0.14909,8.30056,48.84552,18.01308,215.68955,91.36654
underground,Matosinhos,41.16731,-8.68893,31.47955,17.17503,0.23158,1007.62811,-0.59099,0.06329,-3.32054,53.31526,-3.10031,545.06082,5.5686
street_level,Matosinhos,41.17355,-8.68403,12.96261,0.82743,0.0,1005.33336,-0.0017,0.0,-2.25575,21.05258,-3.74619,11.30388,3.0
underground,Oeiras,38.68485,-9.32087,10.90765,77.21956,0.0,1006.99985,-0.52872,0.02223,-5.78342,42.73217,-64.68638,190.64808,52.198
street_level,Porto,41.15131,-8.59661,17.38776,0.0,0.0,1006.6286,0.1902,0.00197,0.03482,42.66915,-4.47311,24.67629,4.96022
street_level,Porto,41.15121,-8.60734,12.98787,0.0,0.0,997.29957,-0.19008,0.0,0.27486,17.98947,8.99736,29.58231,10.38539
street_level,Maia,41.20193,-8.55761,5.78546,0.0,0.00581,999.90767,-0.28505,0.0,-0.40752,48.5274,-2.52498,6.80735,3.0
street_level,Oeiras,38.71346,-9.2343,17.67362,8.5997,0.03183,1008.79497,-0.1008,0.01746,1.40396,27.46349,-5.8096,10.04469,3.0
street_level,Vila nova de Gaia,41.12339,-8.61804,15.83079,0.0,0.0,1004.86457,0.0539,0.00108,-2.81553,35.74752,-2.76561,6.50544,12.2531
underground,Oeiras,38.72834,-9.23705,30.70105,59.57094,0.06893,1005.80574,-0.4471,0.04551,-2.50748,38.6493,-64.92426,364.80528,72.02027
street_level,Oeiras,38.71583,-9.24029,4.90088,14.98286,0.0,1002.2812,0.54376,0.0,2.35443,43.91075,0.12535,11.1569,68.54846
street_level,Arouca,40.92977,-8.24833,14.06093,0.38207,0.0,1004.88978,0.05968,0.00295,-4.60368,55.70165,-5.32023,12.75297,3.0
street_level,Vila nova de Gaia,41.12154,-8.60628,6.13396,0.0,0.0,1001.24685,-0.21384,0.0,-0.57671,65.34403,-1.96951,0.0,3.0
street_level,Porto,41.16206,-8.60691,1.07035,5.13547,0.01801,1006.42171,0.93626,0.0,8.0974,35.6954,5.66708,0.85545,15.31756
above,Arouca,40.93096,-8.24744,51.59343,79.58164,0.0,1003.63781,1.55195,0.28256,14.97832,23.19983,-23.89268,91.76296,3.0
underground,Espinho,41.00851,-8.64069,59.19114,19.13046,0.37107,1003.13917,-0.72069,0.23338,-3.8394,38.54974,2.61352,196.43991,153.27452
street_level,Porto,41.16596,-8.64006,16.32608,0.0,0.02504,996.35968,0.33858,0.0,2.15727,41.97815,-4.98348,10.57933,3.02897
street_level,Maia,41.20223,-8.55861,5.90451,0.1711,0.0,1003.92979,-0.18698,0.0261,-0.16168,65.07304,-0.26294,0.0,3.0
underground,Matosinhos,41.17331,-8.68753,35.26439,98.19317,0.42133,1001.06138,-0.71734,0.15551,-4.25754,20.40648,10.85068,81.71293,53.33762
street_level,Matosinhos,41.17609,-8.68232,10.996,0.54862,0.01481,999.84359,-0.15582,0.01361,0.1916,26.22977,3.67578,0.0,25.9115
street_level,Espinho,41.00885,-8.6441,5.47482,5.63296,0.00478,1002.00245,-0.0952,0.00312,-0.56037,69.37455,0.25539,0.15689,3.0
underground,Oeiras,38.70044,-9.23081,43.53723,96.62576,0.30792,1009.18975,-0.44174,0.0,-4.4939,44.84961,-43.37314,327.996,3.0
above,Espinho,41.00604,-8.64322,56.02004,87.22498,0.0,1007.68527,0.60153,0.14928,13.04956,62.08826,9.63333,210.31186,68.64314
street_level,Maia,41.20279,-8.55928,11.22547,4.95077,0.01726,1008.31802,0.16928,5e-05,3.11183,21.10339,3.22107,8.74245,68.00687
street_level,Espinho,41.00406,-8.63823,14.6811,7.42581,0.0,1004.55698,0.28066,0.02165,-1.19834,15.81243,1.09138,0.0,5.26654
street_level,Oeiras,38.70988,-9.22337,14.87712,1.20401,0.0,995.95068,0.0982,0.0,-1.57111,26.72892,8.59216,0.0,3.0
street_level,Vila nova de Gaia,41.13495,-8.61508,12.61879,0.0,0.01387,1011.70103,-0.06028,0.01848,2.85062,39.73695,-5.16235,28.22514,3.6088
above,Vila nova de Gaia,41.12591,-8.60815,65.37817,91.17997,0.0,1003.01106,1.09965,0.06944,8.36913,43.52687,26.89921,204.62709,96.69059
above,Vila nova de Gaia,41.1324,-8.61382,58.65415,89.49265,0.00952,1004.37714,0.94957,0.18803,9.9618,16.24419,-11.86315,255.4259,37.46855
underground,Porto,41.16449,-8.59067,24.90057,81.73681,0.0,1006.19138,-0.56192,0.0,-3.30289,45.47661,-21.39264,255.25732,51.41959
street_level,Vila nova de Gaia,41.12459,-8.60955,17.72954,0.0,0.0,1007.27258,0.37711,0.00182,-4.13968,46.82812,2.99261,0.0,3.0
street_level,Porto,41.14332,-8.60254,7.09032,8.12491,0.0,1006.53579,0.43296,0.0,0.07143,53.39187,0.12606,8.44473,95.23754
underground,Matosinhos,41.1764,-8.68345,26.37238,87.01429,0.0,1008.23471,-0.53787,0.0,-3.48455,45.51726,-63.93851,147.91752,38.59931
underground,Espinho,41.00409,-8.64155,40.94999,105.57395,0.29576,1004.57543,-0.54515,0.10584,-4.16561,27.13133,-1.40038,241.43176,7.43979
street_level,Oeiras,38.71085,-9.22815,7.24581,11.06001,0.02347,1003.15237,-0.14,0.0,-4.13853,64.44091,0.13536,0.0,32.40213
above,Maia,41.20325,-8.55921,42.68558,91.8438,0.0,1002.03275,1.69238,0.24669,11.23238,25.21758,0.71807,77.76158,80.99485
above,Arouca,40.92895,-8.24724,64.82177,93.96841,0.0,1005.66383,0.66646,0.21633,9.0483,34.30237,24.16284,228.80904,46.69287
street_level,Arouca,40.93098,-8.24486,16.29145,0.0,0.0,1008.67047,-0.21607,0.02975,-0.75353,54.09599,-5.4339,29.53525,3.0
underground,Arouca,40.93119,-8.24657,33.99481,97.47411,0.2342,1002.93482,-0.62703,0.18855,-4.15417,26.80997,-7.52606,52.23322,123.30007
street_level,Matosinhos,41.17245,-8.6809,7.44372,0.0,0.0204,1000.02446,-0.22686,0.00408,-0.03174,12.05792,4.37754,8.98393,3.0
underground,Vila nova de Gaia,41.12306,-8.60683,30.30635,93.77188,0.14891,1006.01018,-0.52702,0.09325,-4.90268,25.01374,12.24542,82.35853,130.05801
above,Maia,41.20207,-8.55871,69.72259,89.10568,0.0,1007.23781,0.53915,0.07952,6.57203,58.20068,8.37573,386.95457,43.97831
street_level,Vila nova de Gaia,41.12895,-8.60908,18.48336,0.0,0.01812,1005.39933,0.49917,0.01291,5.44093,21.22953,-4.2851,0.0,3.0
above,Matosinhos,41.17537,-8.68088,74.22768,78.29136,0.0,1005.61663,0.83148,0.0,5.22231,55.14086,14.23,259.36088,72.57521
street_level,Maia,41.20194,-8.55857,9.92059,7.7632,0.00221,1006.19374,0.60612,0.0,3.47761,41.23599,-5.01321,28.95994,65.00554
above,Vila nova de Gaia,41.12591,-8.60572,65.41894,92.06618,0.0,1006.34988,0.95092,0.0,3.85543,33.05819,3.3086,231.77811,51.95448
street_level,Porto,41.1561,-8.60686,6.96344,0.0,0.00758,1004.91717,-0.14783,0.0,-3.13345,55.81221,-4.39689,0.0,3.0
above,Porto,41.14601,-8.61352,27.25092,90.18243,0.02798,1003.42605,1.20547,0.08497,7.53867,28.0221,-12.55913,92.11945,46.31578
street_level,Porto,41.17405,-8.59796,10.20739,0.0,0.0,996.68756,-0.05939,0.0,-2.71419,28.81568,5.98774,0.0,3.0
street_level,Maia,41.20192,-8.55802,7.17727,14.30665,0.0,998.7879,0.77954,0.00981,6.33004,40.22224,-0.17982,14.01412,60.96127
underground,Porto,41.17044,-8.64228,30.89881,95.24528,0.29512,1004.7611,-0.46795,0.2293,-5.21067,38.52355,17.42312,0.0,102.45733
underground,Vila nova de Gaia,41.12525,-8.6179,30.2159,89.37721,0.27858,1001.54736,-0.64442,0.22224,-4.66945,20.9702,35.14494,118.25561,133.49684
street_level,Arouca,40.9298,-8.24725,8.62753,0.0,0.0142,999.11569,0.08286,0.00957,-1.78293,67.38438,-0.53343,25.39085,3.0
street_level,Espinho,41.00592,-8.63626,16.60488,0.0,0.00223,1008.96612,0.07305,0.0,-2.21116,23.62494,-2.54948,0.0,3.0
underground,Porto,41.15595,-8.63077,40.0764,21.46048,0.32911,1003.22858,-0.48696,0.18558,-6.57325,31.89459,-3.4507,219.05126,139.76494
underground,Porto,41.16591,-8.58904,36.99241,40.88139,0.10204,1008.65873,-0.56381,0.0,-4.02044,44.89666,-66.30386,202.12278,15.60168
above,Matosinhos,41.1759,-8.68492,53.29915,81.10655,0.0,1006.20413,0.97702,0.13813,4.64373,56.46004,6.14958,421.43909,133.91122
street_level,Maia,41.20383,-8.55877,5.35424,12.21292,0.0,1002.58861,0.37491,0.01842,6.66815,42.1973,4.61246,47.99682,23.02964
above,Oeiras,38.71231,-9.23405,43.59104,85.07075,0.0031,1003.08795,1.436,0.08679,5.57183,15.91899,-9.94681,161.5885,3.0
underground,Matosinhos,41.16786,-8.68784,39.31435,68.41698,0.0,1007.18923,-0.56897,0.11241,-2.96616,57.77697,-51.03402,196.33933,3.0
underground,Espinho,41.00665,-8.64329,37.20005,24.03532,0.0,1008.18552,-0.4522,0.01019,-2.97245,45.89757,-25.0927,461.41347,3.0
underground,Porto,41.14717,-8.58617,24.9168,111.47392,0.03533,1006.50926,-0.32001,0.0,-3.6251,41.86588,-34.05627,283.06274,3.0
underground,Matosinhos,41.17373,-8.68493,33.87828,59.06227,0.36285,1005.31555,-0.73286,0.28324,-4.99526,30.04984,-2.14673,68.26465,59.9724
street_level,Espinho,41.00647,-8.6416,7.83138,5.90177,0.01084,1000.63869,-0.11449,0.01561,8.7962,61.70123,0.20468,0.0,3.0
above,Arouca,40.93079,-8.24711,36.16794,75.49902,0.00906,1002.4245,1.48816,0.24943,5.89091,41.3528,4.33578,172.29624,65.61852
underground,Espinho,41.00439,-8.63837,57.12829,14.21698,0.12478,1004.88561,-0.60158,0.18254,-4.60655,27.18615,-42.00824,273.55497,127.19757
underground,Oeiras,38.71195,-9.2974,35.82026,23.42156,0.0,1005.82334,-0.42793,0.0,-4.52717,45.74505,21.71679,321.53977,3.0
street_level,Matosinhos,41.17722,-8.68104,5.29162,0.0,0.00765,999.67133,-0.05016,0.01051,-0.50844,29.84466,1.52145,0.0,15.88382
above,Espinho,41.00607,-8.64317,71.33722,80.88589,0.01335,1006.72468,0.64519,0.0,-1.02829,44.04599,5.96715,144.40849,111.58185
street_level,Maia,41.20192,-8.55768,16.44598,10.02839,0.0,1009.68293,-0.18737,0.0,1.83916,49.21721,-8.39624,0.0,7.22373
underground,Maia,41.2019,-8.55745,44.54455,40.98193,0.29949,1003.95966,-0.56003,0.32558,-4.09103,13.6294,1.68643,319.63647,85.61235
above,Oeiras,38.68598,-9.31255,37.3572,82.42567,0.00364,1004.44444,1.57347,0.33732,9.20342,30.41657,-9.73148,166.07837,3.0
underground,Arouca,40.92984,-8.2464,19.86123,84.00685,0.4145,1003.5965,-0.80518,0.07835,-4.84595,36.60048,0.48901,8.23806,147.08972
underground,Porto,41.16234,-8.59875,54.89692,78.76174,0.25422,1004.18303,-0.7215,0.18746,-5.97438,19.5082,-23.37748,135.66937,120.17904
underground,Maia,41.20264,-8.55866,38.44246,33.08247,0.07004,1003.88733,-0.52422,0.15826,-5.57367,35.73188,43.51806,368.48406,139.71639
underground,Matosinhos,41.17646,-8.6861,32.01606,79.32814,0.43605,1004.98031,-0.57845,0.22852,-5.55761,15.75603,-10.0148,160.40185,183.71664
street_level,Matosinhos,41.17707,-8.68094,10.69385,0.15159,0.0,998.02197,0.35266,0.00577,6.01199,33.00427,4.23578,23.52111,60.42162
street_level,Maia,41.20391,-8.55854,12.33936,0.0,0.01295,1007.29648,-0.05102,0.01629,0.64659,44.62703,-3.96459,0.03762,3.0
street_level,Porto,41.14311,-8.61085,14.30114,0.0,0.0156,1005.10002,-0.37992,0.0,-1.51596,36.71776,-5.08822,0.0,3.0
street_level,Espinho,41.00642,-8.63787,12.35049,0.0,0.0,1005.6562,-0.77325,0.0,1.41206,38.05491,-3.44056,0.0,28.94935
underground,Maia,41.20208,-8.55848,36.74778,74.33139,0.21828,1007.88861,-0.38611,0.08354,-3.37889,40.98872,-46.99533,65.57094,89.38103
above,Porto,41.16419,-8.60634,74.34441,86.93097,0.0,1005.78293,0.31886,0.16938,6.59303,56.04176,22.74907,209.53912,107.11797
underground,Vila nova de Gaia,41.13304,-8.61292,34.31487,49.07312,0.29252,1004.6707,-0.73319,0.2671,-5.02337,37.16822,-55.8276,198.98342,118.71027
street_level,Espinho,41.00397,-8.63843,4.1892,0.0,0.00554,1003.42608,0.32732,0.00279,0.60377,24.54773,5.18232,0.0,13.81087
street_level,Espinho,41.00478,-8.64378,3.05575,6.77995,0.0,1000.21134,0.14032,0.00208,0.56462,58.59512,0.32214,0.0,3.0
above,Maia,41.20386,-8.55903,41.0104,77.20061,0.0,1003.98767,1.98731,0.25207,12.27479,45.39829,-8.62275,51.64739,45.42344
street_level,Arouca,40.93107,-8.24518,9.37288,0.0,0.0,995.23934,-0.19108,0.00413,0.65591,62.68786,-4.39916,0.0,3.0
underground,Vila nova de Gaia,41.13194,-8.61778,39.89606,113.85449,0.37751,1002.04397,-0.52173,0.18171,-3.77156,31.20599,31.01676,0.0,110.94567
street_level,Arouca,40.93039,-8.24401,9.73003,0.0,0.0,1001.4441,0.38125,0.0,-1.43989,58.30566,-6.2057,22.79121,3.0
street_level,Arouca,40.93065,-8.24728,11.80123,2.3184,0.0,996.91088,-0.17973,0.00287,-1.28404,15.80882,5.56569,5.9808,13.9583
above,Oeiras,38.71215,-9.23653,60.44608,87.56568,0.0,1005.23073,0.64115,0.00991,5.89216,47.90492,24.72661,189.9353,122.84907
above,Maia,41.20362,-8.55903,37.54656,85.32283,0.0,1002.66296,1.34373,0.08456,5.57693,27.80084,17.51838,119.53689,21.76255
street_level,Porto,41.1516,-8.61777,9.20834,12.51281,0.00973,1009.82214,0.87888,0.03613,12.11406,18.53758,-5.91618,0.67597,73.4965
street_level,Arouca,40.93097,-8.24716,1.0,0.0,0.0,994.36508,0.3829,0.0,-0.6142,48.8506,-0.34933,21.96092,61.38476
street_level,Maia,41.20332,-8.55904,7.54683,11.38064,0.01416,996.47107,-0.37353,0.00728,-0.21332,40.47323,1.2101,0.0,17.09916
underground,Arouca,40.92901,-8.24672,24.96647,68.30986,0.13298,1005.39489,-0.30743,0.1016,-3.3749,34.33469,7.11045,364.71703,24.63754
underground,Maia,41.20394,-8.55892,43.81622,32.76378,0.15771,1003.98642,-0.62687,0.15249,-4.27671,30.30815,20.01324,225.64424,118.56729
street_level,Vila nova de Gaia,41.13167,-8.6068,13.46629,0.0,0.00129,1008.44884,-0.29222,0.0104,-2.32518,35.11501,-3.55261,7.79905,3.0
street_level,Espinho,41.00666,-8.64148,8.07249,15.34599,0.00014,1003.99163,0.89634,0.0,11.48233,39.89714,1.96411,9.61122,104.79871
street_level,Matosinhos,41.17273,-8.68131,7.964,2.1012,0.0,1003.49939,1.0781,0.0,6.00156,25.21904,-0.9053,5.44508,57.18092
street_level,Vila nova de Gaia,41.12958,-8.62008,12.98674,0.0,0.0,1003.7233,0.22642,0.01386,-2.38434,30.12484,-3.94302,1.26113,10.85613
underground,Arouca,40.92903,-8.24805,24.16261,60.25194,0.09564,1006.00272,-0.31073,0.01378,-4.0361,31.79491,-74.60341,398.82368,28.53656
street_level,Oeiras,38.73878,-9.30455,5.98486,0.0,0.0,997.78796,0.16184,0.00814,1.27002,49.62009,1.58442,13.83998,3.0
underground,Oeiras,38.71253,-9.2276,31.82758,55.33478,0.42489,1002.77984,-0.39647,0.10431,-5.84108,10.04785,-13.90545,136.206,50.52129
street_level,Matosinhos,41.16919,-8.6874,8.38961,9.4951,0.01994,998.77733,0.73962,0.02734,8.27843,48.64086,3.374,0.0,44.90358
street_level,Arouca,40.93013,-8.24529,11.51171,0.0,0.00566,1010.04957,-0.05364,0.0,-1.75972,42.33674,-2.46468,0.0,24.7467
underground,Maia,41.20231,-8.55942,29.09066,80.69034,0.51612,1005.65866,-0.58616,0.06209,-5.22224,25.52116,-4.70135,0.0,30.44603
underground,Maia,41.2023,-8.55879,37.43515,94.51847,0.40208,1005.1873,-0.53816,0.23814,-4.86152,28.24155,11.67164,160.04895,80.6787
underground,Espinho,41.00842,-8.638,14.13453,51.5088,0.0,1002.64861,-0.48014,0.07608,-3.34253,45.87747,-10.16966,267.90381,3.0
street_level,Matosinhos,41.17575,-8.68088,7.9029,14.87365,0.0,1004.09615,0.6557,0.00943,1.48411,33.53276,2.02412,8.80688,89.04376
underground,Porto,41.16508,-8.64219,20.23978,32.77098,0.04663,1007.80591,-0.39917,0.0,-4.90167,28.53222,-72.8324,217.76037,3.0
street_level,Porto,41.17795,-8.59913,15.19392,0.0,0.0,1001.73232,-0.10367,0.0096,-2.56984,41.93303,-7.34973,0.0,32.96064
above,Espinho,41.00891,-8.64403,49.01005,81.94003,0.01861,1005.27036,0.55124,0.1359,5.25937,52.80927,10.14556,173.4594,132.04519
underground,Espinho,41.00722,-8.6397,28.87322,91.52554,0.22959,1006.44989,-0.67111,0.30748,-5.64996,32.62807,4.6566,0.0014,145.18032
above,Maia,41.20181,-8.55801,73.92786,97.57845,0.03222,1004.75471,0.7443,0.0,7.14511,44.34216,9.68202,221.07488,17.89206
street_level,Espinho,41.00666,-8.63809,9.35695,0.0,0.00683,1012.7635,-0.1915,0.02342,-0.10997,36.1433,-5.24808,34.53414,3.0
underground,Arouca,40.92943,-8.24731,56.67069,0.0,0.17122,1004.69168,-0.60361,0.17876,-4.79025,33.88797,-12.47441,238.91095,133.4117
street_level,Arouca,40.92912,-8.24802,16.22855,5.55438,0.00069,1007.63308,-0.38731,0.01179,0.99096,43.14873,-3.70835,0.0,3.0
street_level,Maia,41.20186,-8.55892,10.06642,0.0,0.01626,1014.21779,0.09638,0.0,-0.21906,55.21603,-3.60036,4.14716,10.48476
above,Vila nova de Gaia,41.12275,-8.60561,68.43844,88.70068,0.03437,1006.19574,0.89244,0.12098,5.83375,47.56097,10.63334,88.0545,135.47218
street_level,Matosinhos,41.17187,-8.68015,12.69957,6.08398,0.01259,1001.80348,-0.12555,0.00485,1.49748,16.81132,2.17909,5.86446,14.46838
above,Vila nova de Gaia,41.12694,-8.61135,46.82717,75.13864,0.0,1002.90891,1.21279,0.16542,9.1728,40.29944,-5.21371,42.80275,46.99392
street_level,Espinho,41.00933,-8.64252,8.41281,0.0,0.0,993.29843,-0.19186,0.0,0.50422,36.77096,-1.46687,0.0,4.09586
street_level,Oeiras,38.68596,-9.31943,10.0419,0.0,0.0,1007.55113,-0.06737,0.00335,1.29392,33.92709,-2.53934,0.0,3.0
above,Maia,41.20199,-8.55794,39.54943,86.12889,0.00519,1004.90855,1.08978,0.23041,14.408,19.97388,2.86084,204.84182,3.0
street_level,Maia,41.20196,-8.55869,11.60562,21.38182,0.00795,1006.61701,0.57977,0.0,7.19458,49.77634,3.20463,0.0,70.92903
street_level,Vila nova de Gaia,41.13479,-8.6156,16.19227,6.32973,0.0158,1008.58901,0.62481,0.0,-3.71757,23.13579,1.85573,0.50375,8.62651
underground,Espinho,41.00848,-8.64001,38.55988,17.01726,0.33303,1006.01794,-0.41774,0.26391,-5.85163,25.49219,39.49475,324.06531,157.60918
above,Matosinhos,41.16841,-8.68861,37.44385,87.17775,0.0,1003.92127,0.89482,0.17244,14.04686,14.03154,-0.90678,91.77467,3.0
street_level,Vila nova de Gaia,41.12505,-8.61257,5.57539,0.0,0.0,994.85787,0.07699,0.00066,0.97177,59.86346,1.74326,0.0,53.36207
street_level,Espinho,41.00718,-8.64294,8.60337,5.44332,0.01148,995.6954,-0.12176,0.00608,-0.48969,6.21378,4.501,13.49665,41.01475
underground,Oeiras,38.68526,-9.31576,40.23456,4.79329,0.12237,1003.85806,-0.43252,0.15974,-5.54912,46.91025,-2.19165,63.92352,103.77251
street_level,Porto,41.16772,-8.60643,10.16244,0.0,0.0,1003.18689,0.45473,0.00686,3.63101,39.50746,-4.62121,0.0,5.27199
street_level,Arouca,40.93086,-8.24714,11.19039,8.64162,0.0,1004.4718,-0.01475,0.0,2.14944,34.64503,0.95846,9.32053,3.0
street_level,Porto,41.15351,-8.60981,17.78432,0.0,0.0,999.73257,-0.19706,0.0,-2.29,26.78003,3.92262,0.0,5.96502
underground,Arouca,40.9293,-8.24789,31.04669,58.75333,0.0,1005.76375,-0.41618,0.0,-3.68292,43.20431,-40.25073,273.35075,45.07828
street_level,Porto,41.15247,-8.6179,13.80712,0.10714,0.0,996.69263,-0.35344,0.01124,-0.29322,75.80385,1.8203,13.9365,3.0
above,Espinho,41.00675,-8.64411,32.33119,73.74598,0.0,1004.38643,1.21093,0.15485,9.87916,37.6157,-4.46308,139.6192,46.04671
street_level,Vila nova de Gaia,41.13615,-8.61832,13.35278,0.0,0.0,1010.36656,0.16989,0.0,-2.80003,35.747,-0.09779,0.0,34.79959
underground,Oeiras,38.69132,-9.31757,34.83657,22.88878,0.52761,1005.36378,-0.50704,0.19384,-5.66437,30.53423,-3.38934,143.48195,57.26828
street_level,Arouca,40.93131,-8.24566,12.35848,0.0,0.0,997.69243,0.64486,0.0,-0.31793,20.90808,9.71354,0.0,7.30972
street_level,Porto,41.15119,-8.676,13.41996,0.0,0.0,1005.90535,0.12125,0.00096,-1.95993,39.52078,-6.4886,0.0,33.88173
underground,Maia,41.20214,-8.55947,39.46362,53.41954,0.1572,1005.50212,-0.4725,0.27457,-4.21053,27.39965,7.86276,130.20682,159.50897
above,Maia,41.20186,-8.55776,61.63384,92.06147,0.02372,1005.71831,0.78961,0.03984,7.2663,38.58707,18.10242,338.13665,71.9538
above,Maia,41.20204,-8.55752,51.84599,89.53968,0.02827,1007.13116,0.51381,0.09728,6.60168,48.48145,-7.90323,218.54535,124.68049
underground,Oeiras,38.71079,-9.29775,36.69155,51.59793,0.44815,1004.61387,-0.58368,0.10335,-5.73608,5.0,-9.5533,0.0,75.79454
street_level,Maia,41.20247,-8.55783,8.93611,0.0,0.00113,993.2697,-0.61263,0.01068,-0.91717,52.16265,2.44003,23.45212,17.18633
street_level,Vila nova de Gaia,41.12711,-8.60826,11.13087,1.29083,0.0,999.42675,0.10509,0.01487,2.35131,39.69239,-2.08285,1.58005,40.84659
underground,Vila nova de Gaia,41.13028,-8.60631,31.62631,113.00317,0.0,1006.03606,-0.41652,0.0,-3.66976,29.43084,-52.73331,431.25367,103.19159
above,Arouca,40.9301,-8.24645,73.14435,78.65537,0.0,1004.89994,0.96458,0.08154,10.00557,43.94189,-1.80272,191.94276,69.41908
street_level,Matosinhos,41.1684,-8.68826,9.60763,11.30361,0.02869,1003.65902,0.41144,0.0,10.11137,42.76914,-1.31658,29.21149,92.9205
underground,Porto,41.15049,-8.59803,17.46145,74.05439,0.19715,1007.15116,-0.42855,0.06322,-5.22454,39.38921,-45.69983,141.41212,25.18215
street_level,Porto,41.1654,-8.60274,8.31678,12.22243,0.00938,1003.8705,0.91484,0.0,6.46214,37.49182,0.39318,0.0,54.16609
street_level,Porto,41.16478,-8.63944,7.90847,0.0,0.03031,998.1253,0.29995,0.00338,3.94266,46.27921,-2.70127,14.34845,3.0
street_level,Porto,41.14468,-8.6115,9.2475,1.46487,0.0,1005.25733,0.36929,0.0,-2.56753,57.06329,-4.45856,22.90294,3.0
street_level,Oeiras,38.70051,-9.22755,6.8292,6.11854,0.0,997.18382,0.08448,0.0,-3.08175,56.07392,-1.67753,0.0,3.0
above,Matosinhos,41.16904,-8.68778,57.01112,86.03413,0.0,1003.44217,1.94144,0.22225,15.64385,16.12468,-20.88309,183.69101,61.69355
street_level,Arouca,40.92933,-8.24649,8.99012,1.28494,0.0,998.69883,0.03194,0.01514,-0.78381,64.92265,-0.21448,21.75269,3.0
street_level,Vila nova de Gaia,41.11915,-8.60618,7.83847,0.49482,0.01985,998.42844,0.03577,0.01155,-3.33974,51.92355,2.43454,1.11078,38.45521
underground,Matosinhos,41.17506,-8.68112,17.38771,64.29899,0.29792,1005.007,-0.72578,0.07016,-6.34564,25.99967,-45.3966,0.0,121.09516
underground,Maia,41.20223,-8.55854,30.41486,56.48145,0.59204,1003.95793,-0.57274,0.11545,-5.25964,34.30665,24.54474,28.16105,168.36502
street_level,Porto,41.16146,-8.63044,4.28714,0.0,0.0,999.28949,0.37416,0.0,-1.61414,82.27712,-1.42416,0.0,3.0
above,Maia,41.20181,-8.55769,56.97293,88.15578,0.0,1004.55185,1.69273,0.29549,10.02305,41.78036,-16.90032,179.5483,67.68796
underground,Vila nova de Gaia,41.12881,-8.61432,31.37673,115.38295,0.02531,1006.63283,-0.35598,0.05549,-2.95456,46.93254,-78.90994,391.37489,40.32476
street_level,Oeiras,38.71264,-9.2991,15.76945,2.14951,0.03367,1007.87854,-0.03981,0.01121,-2.48506,27.23356,-3.85165,0.0,4.15273
underground,Espinho,41.0052,-8.643,30.54519,61.94818,0.42456,1003.10916,-0.71924,0.21696,-5.98137,23.4759,12.95427,54.84929,72.06254
above,Espinho,41.00651,-8.63938,60.87252,88.40535,0.00544,1003.58036,0.38811,0.16327,3.75162,46.26247,8.95966,195.05998,93.76502
underground,Espinho,41.00845,-8.64396,45.32732,55.21137,0.271,1001.97581,-0.47839,0.1414,-5.5349,24.88795,-48.90734,84.74152,139.75092
above,Oeiras,38.70001,-9.29321,56.8631,99.21082,0.01994,1006.41912,0.49509,0.00987,2.52439,41.08531,9.37298,254.05153,140.83672
street_level,Espinho,41.01128,-8.63826,5.7651,1.34594,0.0,998.44177,0.07172,0.0,-0.33949,20.34298,6.15451,10.79275,3.0
above,Matosinhos,41.17703,-8.68396,71.77726,81.5317,0.00766,1005.58987,0.65978,0.20752,4.36978,52.53199,-5.72978,242.83062,129.25584
street_level,Maia,41.20195,-8.55798,14.71311,3.7052,0.0,1008.1116,0.14123,0.0,0.91207,35.47496,-2.48548,0.0,10.17766
above,Espinho,41.00674,-8.64224,52.58734,84.74436,0.0,1004.05224,1.1712,0.29249,15.9136,28.0221,-19.0501,156.54607,33.72928
street_level,Arouca,40.9299,-8.24648,17.14422,0.0,0.00387,1008.15032,-0.23126,0.00086,-1.85979,27.02223,-6.59128,11.01616,3.0
street_level,Oeiras,38.70116,-9.23017,6.02758,0.0,0.01844,998.79009,0.14438,0.01003,-1.33118,58.97785,-0.11893,0.0,3.0
street_level,Maia,41.20339,-8.55909,18.28555,0.91986,0.00455,1003.56755,-0.0509,0.0119,-0.07877,40.53545,-7.81219,26.00412,3.0
underground,Vila nova de Gaia,41.12694,-8.62087,25.54536,41.62051,0.04782,1005.26304,-0.39799,0.0,-3.96416,51.55361,-21.33433,221.02134,3.0
street_level,Matosinhos,41.16854,-8.68811,17.40289,4.21574,0.01604,1004.35242,0.26916,0.0,0.40289,39.8856,-1.16708,7.4442,3.0
above,Espinho,41.00596,-8.64427,45.89654,82.58053,0.0,1004.24519,2.06753,0.38765,10.78448,10.20041,-13.50611,121.58661,43.27001
street_level,Maia,41.20416,-8.55837,8.49251,14.125,0.0,1009.14401,0.55541,0.00646,4.86436,57.09687,-0.27182,0.0,64.61609
above,Oeiras,38.69207,-9.30991,40.52218,87.36478,0.0,1003.11557,1.07836,0.18459,3.51477,24.30036,-8.91226,160.25733,4.07042
above,Porto,41.14971,-8.63487,73.90654,88.57162,0.00369,1006.40729,0.06536,0.0,6.23079,38.05741,8.62061,237.45825,177.41242
street_level,Vila nova de Gaia,41.12284,-8.60924,11.97707,8.51238,0.01873,1002.01201,0.78247,0.0,8.75533,40.53202,3.66098,0.0,60.04894
street_level,Matosinhos,41.17583,-8.68616,16.48126,0.0,0.01547,1003.10684,0.28567,0.0,-1.01686,32.85514,-8.52914,36.39186,3.0
underground,Arouca,40.93093,-8.24743,38.83872,26.93792,0.27926,1005.06421,-0.5351,0.21555,-4.38112,37.45061,31.10528,433.91614,157.83971
street_level,Vila nova de Gaia,41.12602,-8.60539,11.84503,0.0065,0.0,999.16652,-0.09418,0.00864,-0.52038,20.49302,5.32806,16.68252,3.0
underground,Porto,41.16093,-8.64751,38.14053,81.81882,0.20062,1003.44043,-0.60905,0.29062,-6.1293,40.41367,-28.38828,0.0,73.35671
street_level,Espinho,41.00653,-8.63976,17.34994,1.01562,0.0,1002.06837,0.45795,0.0,-0.53909,46.14192,-8.04403,0.0,3.0
street_level,Espinho,41.00396,-8.64077,8.25399,16.65314,0.01532,1002.70332,0.58364,0.00695,4.27973,51.47153,-2.58914,6.10433,78.76819
underground,Porto,41.14111,-8.61038,50.568,53.84318,0.47196,1002.03645,-0.67904,0.15206,-2.66783,41.21529,-6.4143,113.98611,121.32347
street_level,Matosinhos,41.17222,-8.67976,15.33599,0.0,0.03251,1011.05329,-0.17461,0.00947,0.50955,50.4102,-4.25314,4.95602,3.0
street_level,Espinho,41.00827,-8.63802,16.74333,0.0,0.0,1002.18911,0.15897,0.01558,0.19361,24.14204,-8.1796,9.63146,47.04585
street_level,Porto,41.14794,-8.59779,15.85606,0.0,0.00563,1011.74847,0.04091,0.00432,-2.0858,44.37685,-3.22982,0.0,23.86117
street_level,Vila nova de Gaia,41.13439,-8.60948,11.05126,1.43715,0.0,1003.48565,0.51603,8e-05,-4.81441,31.5089,-7.93122,0.67387,3.0
underground,Oeiras,38.69904,-9.22957,8.24875,73.08566,0.12674,1008.15735,-0.51435,0.09322,-3.22931,46.9323,-58.38889,317.93379,99.96254
underground,Espinho,41.00655,-8.64291,31.19147,60.57299,0.48029,1004.13,-0.63922,0.20612,-4.81116,18.59768,36.97706,0.0,148.75823
underground,Arouca,40.92997,-8.24649,34.02223,82.91772,0.03516,1006.09804,-0.44678,0.0,-3.72734,48.97167,13.58386,197.76827,74.68906
street_level,Vila nova de Gaia,41.12445,-8.60749,16.41369,0.26251,0.0,1004.8969,-0.11835,0.0,1.28147,31.52832,-6.50897,1.51924,6.19069
underground,Espinho,41.00397,-8.6385,41.28362,0.16094,0.08885,1005.47013,-0.52653,0.26491,-5.55476,34.22997,31.44722,217.94821,192.72138
street_level,Vila nova de Gaia,41.12028,-8.60601,12.34468,2.15289,0.02143,998.55447,0.28064,0.00129,2.3329,66.7887,2.09004,0.0,3.0
street_level,Matosinhos,41.16837,-8.6887,12.33213,7.07747,0.0,1013.23165,-0.10442,0.0,-0.47626,39.615,-3.93339,3.40316,39.90256
street_level,Espinho,41.00542,-8.64397,6.12726,10.95198,0.0,1001.63033,0.30401,0.00191,5.13641,48.20576,0.49717,0.0,97.55244
street_level,Vila nova de Gaia,41.13351,-8.60969,13.00143,6.27624,0.0,1004.85006,-0.04145,0.01035,-0.45881,44.46406,-3.05286,0.0,46.71756
street_level,Maia,41.20189,-8.55824,12.95366,0.0,0.0,1006.69104,-0.19444,0.0,2.4312,39.2948,4.90579,4.65116,3.0
street_level,Porto,41.1636,-8.62136,18.38557,0.93659,0.0,1002.16904,-0.44056,0.0,0.66732,23.66093,1.18803,2.29754,3.0
street_level,Espinho,41.00798,-8.64409,10.20135,2.76032,0.03055,1007.31778,-0.27561,0.0,-1.05906,38.451,-4.17934,0.0,3.0
street_level,Oeiras,38.70488,-9.22838,10.25422,8.18205,0.0,1005.95179,0.67388,0.02018,-0.07668,30.93058,-5.86512,11.5662,3.0
underground,Espinho,41.00848,-8.6378,49.11024,40.95221,0.34514,1001.04959,-0.69628,0.19363,-5.07687,29.47151,35.95809,282.11443,80.79603
street_level,Vila nova de Gaia,41.11369,-8.61263,11.99514,0.78599,0.0,1009.97966,0.18496,0.00792,-0.64297,18.81416,-4.04231,8.77674,3.0
street_level,Espinho,41.00409,-8.63889,10.30599,6.06317,0.0,1008.14134,0.04098,0.0,0.75158,47.57264,3.46114,9.20461,3.0
street_level,Espinho,41.00389,-8.63993,13.052,14.45593,0.0,1005.06036,-0.2278,0.01889,0.66431,29.35058,3.63854,0.0,3.0
street_level,Vila nova de Gaia,41.12901,-8.61285,3.36272,0.0,0.01664,995.65784,-0.12828,0.0,-3.20223,53.03951,-2.33016,6.35243,15.31788
underground,Maia,41.20232,-8.55953,26.4231,53.84027,0.15426,1005.62646,-0.6364,0.11459,-4.46754,37.38919,11.96218,177.5401,75.31421
street_level,Maia,41.202,-8.5586,1.0,12.03685,0.00265,1006.33822,0.28588,0.0,2.86067,43.59507,-3.49514,0.0,74.18236
above,Matosinhos,41.16736,-8.68805,65.33627,79.86606,0.0,1005.20074,0.74353,0.0,9.74215,46.30711,10.53932,146.67482,108.88318
underground,Arouca,40.9301,-8.2467,25.10369,109.79168,0.29466,1001.15085,-0.90021,0.07958,-5.50446,27.19222,20.15257,34.13039,36.89634
street_level,Vila nova de Gaia,41.13217,-8.61498,10.04842,0.0,0.00545,995.99471,-0.31115,0.0,-0.49459,48.33008,1.69954,0.0,27.34835
underground,Espinho,41.01172,-8.63902,35.42791,83.7331,0.28979,1004.2029,-0.71761,0.1321,-4.64473,31.24905,-2.72159,242.53205,146.76431
underground,Espinho,41.00668,-8.64131,18.68563,79.54799,0.23435,1004.5115,-0.57355,0.09269,-4.73414,25.61036,24.79366,0.0,126.42308
street_level,Vila nova de Gaia,41.12039,-8.61296,7.23081,11.81769,0.0,1003.17503,0.40025,0.0335,3.79818,36.87368,1.18692,0.0,50.00639
street_level,Espinho,41.00846,-8.63647,15.89126,0.0,0.018,1002.2174,-0.61334,0.0,-3.54575,5.49785,6.78788,37.53441,3.0
underground,Maia,41.20213,-8.55846,19.92196,72.25726,0.0,1006.42876,-0.63091,0.02618,-4.19032,46.98158,-49.22127,318.5118,20.33549
underground,Oeiras,38.71357,-9.23461,31.69501,53.08602,0.16215,1004.60114,-0.35458,0.10593,-3.37865,49.41399,-59.33204,239.57978,33.76135
street_level,Espinho,41.00535,-8.63987,14.53889,0.61652,0.0,1003.72932,0.29434,0.0,2.14659,39.55316,-5.48049,25.7934,3.0
underground,Vila nova de Gaia,41.12535,-8.618,14.73112,62.1282,0.35375,1002.94709,-0.52841,0.2162,-5.49738,36.59668,-20.14244,0.0,170.36903
underground,Espinho,41.00471,-8.64419,35.76291,47.97381,0.0,1010.43542,-0.59709,0.02904,-2.24669,33.09504,-52.59616,450.73128,3.0
street_level,Vila nova de Gaia,41.12331,-8.60671,16.6997,2.89291,0.0059,1001.48184,0.12636,0.00754,-0.22817,30.46112,-3.3177,37.87471,41.24584
street_level,Espinho,41.00856,-8.63824,11.99663,0.0,0.0,1016.273,-0.0433,0.01995,-0.6018,39.89603,-6.68913,0.0,9.80019
above,Espinho,41.00729,-8.63986,55.34257,76.91107,0.0,1001.98969,1.26289,0.18183,10.48237,15.81596,-14.84718,141.04985,78.38166
street_level,Matosinhos,41.17641,-8.69009,10.14509,0.87209,0.00585,1008.03411,0.13941,0.01424,2.97174,26.57653,-6.45361,2.82477,3.0
street_level,Maia,41.20374,-8.55885,2.48449,0.0,0.02422,1007.51171,0.34755,0.00166,7.52036,40.33711,1.25309,19.17691,45.33976
underground,Oeiras,38.71675,-9.23863,26.90045,52.3413,0.11873,1007.71897,-0.45805,0.0,-4.89061,32.11528,-58.95398,368.32483,3.0
street_level,Maia,41.2024,-8.55843,11.93848,0.0,0.02097,1009.55486,-0.081,0.00834,-0.15028,41.13479,-5.14693,36.53171,3.0
above,Espinho,41.00653,-8.64066,71.34901,98.0679,0.0,1006.58094,0.73314,0.03441,2.87472,48.5434,5.51177,261.78207,66.42917
above,Porto,41.15255,-8.59868,53.71244,82.0779,0.00498,1005.70576,0.61342,0.14135,5.4626,40.7255,12.83458,197.24191,127.76794
street_level,Porto,41.16131,-8.667,11.51665,0.0,0.0,1004.42624,-0.4911,0.0,-2.15739,43.41708,2.45587,0.0,3.0
street_level,Maia,41.20323,-8.55817,11.77338,0.0,0.0,1006.54221,-0.42283,0.01916,1.77825,42.77659,-12.09415,0.0,38.9827
underground,Espinho,41.01045,-8.64346,39.2082,5.21156,0.25401,1004.60262,-0.41758,0.17998,-4.48219,18.61034,26.96433,39.84231,135.64031
underground,Oeiras,38.72607,-9.24047,30.42044,51.0409,0.11945,1003.0594,-0.48432,0.19766,-5.81158,43.14708,-0.27488,145.92107,90.10026
street_level,Maia,41.20204,-8.55853,13.64987,1.65617,0.00171,1007.03727,-0.22215,0.0058,-1.03829,35.43492,0.35103,0.0,3.0
underground,Vila nova de Gaia,41.13731,-8.61129,32.72005,53.91997,0.59115,1004.67616,-0.50808,0.14681,-4.73106,32.56577,3.85072,0.0,57.79406
street_level,Porto,41.14992,-8.67592,5.86386,11.86459,0.0,997.96147,0.54711,0.02161,4.30821,37.1506,4.26575,36.15395,48.84785
street_level,Maia,41.20257,-8.55787,11.89505,8.25531,0.01671,1003.46683,-0.21788,0.0,1.19984,29.48819,-1.20382,0.0,3.0
underground,Vila nova de Gaia,41.1362,-8.61292,46.54375,59.77816,0.33584,1004.01845,-0.51056,0.18518,-3.96001,28.08104,6.14288,121.66991,212.26545
underground,Vila nova de Gaia,41.12233,-8.61295,43.67788,20.3743,0.31794,1002.57825,-0.63225,0.24049,-4.5208,23.0311,-24.91314,28.75157,120.62947
street_level,Matosinhos,41.17434,-8.68491,14.68423,3.35413,0.0,1004.39473,0.21546,0.01943,-2.58011,39.0951,-4.0221,16.61327,10.62352
street_level,Espinho,41.00603,-8.64309,8.05406,6.20107,0.00842,997.29329,-0.19346,0.0,4.32376,55.46145,0.5106,0.0,3.0
underground,Vila nova de Gaia,41.12521,-8.60819,51.29095,30.10504,0.24098,1000.90022,-0.61408,0.0,-4.32861,47.41669,-6.01375,178.64296,140.67184
underground,Espinho,41.01075,-8.6428,39.5536,95.09733,0.4345,1003.24049,-0.79435,0.18285,-5.21966,32.77939,26.4238,0.0,204.67997
underground,Vila nova de Gaia,41.13524,-8.61192,38.5419,0.0,0.23261,1003.4649,-0.57493,0.20278,-5.34397,38.92453,-25.75046,150.57833,93.99451
underground,Espinho,41.00839,-8.63652,29.8822,77.00114,0.60017,1002.56754,-0.58779,0.2001,-6.07046,20.625,-4.84115,159.73011,80.40619
street_level,Maia,41.20256,-8.55878,11.6481,8.96206,0.0,1001.23575,0.67745,0.0,2.54888,19.64492,1.15284,37.08181,33.24948
street_level,Oeiras,38.72855,-9.23571,15.81621,2.58492,0.0,1001.08776,-0.10288,0.0017,-4.74778,28.57468,7.68089,19.94206,26.68261
underground,Vila nova de Gaia,41.12657,-8.60563,47.99042,66.78946,0.0,1006.81279,-0.37388,0.05042,-2.57025,43.67464,-99.46573,385.72802,36.07088
street_level,Espinho,41.00839,-8.63821,7.14508,4.68182,0.00923,1002.47226,0.72026,0.00206,4.59912,32.85458,-0.75322,0.0,70.73001
above,Espinho,41.00396,-8.64143,67.5297,92.77226,0.00079,1006.51795,0.58389,0.0,4.30368,51.93908,16.35597,195.09302,143.72392
street_level,Arouca,40.9309,-8.24776,11.2693,0.07258,0.00848,1005.28766,0.49532,0.00975,0.36319,44.26177,-4.72125,3.76834,34.55709
street_level,Espinho,41.00372,-8.64392,15.32313,6.6759,0.0,1002.38059,-0.07976,0.0,0.63492,24.80309,12.02792,27.2733,21.21422
underground,Vila nova de Gaia,41.13315,-8.6091,35.98966,43.33972,0.3525,1002.23173,-0.51969,0.19246,-4.10035,43.28415,25.14281,146.66819,175.95953
above,Matosinhos,41.1735,-8.68078,44.03055,85.01599,0.03802,1004.07807,1.14227,0.20092,12.77968,36.29718,-20.27128,96.81958,28.96975
underground,Espinho,41.00371,-8.64137,14.4815,99.88865,0.33681,1003.42428,-0.57147,0.26164,-4.9089,32.75197,5.07625,104.01227,75.66032
above,Oeiras,38.72549,-9.24087,39.7801,75.94937,0.01397,1003.00119,1.18049,0.32155,10.56297,30.80146,-8.46911,106.47601,3.0
street_level,Oeiras,38.70567,-9.22702,12.85892,0.0,0.00798,1006.5063,-0.46507,0.0,-3.91151,14.96397,3.19924,0.0,16.85549
above,Arouca,40.93126,-8.24287,44.14247,78.6227,0.00279,1002.31223,1.2581,0.27832,13.16505,33.72304,-12.78434,120.42652,22.45602
underground,Porto,41.17871,-8.59721,26.04596,100.66495,0.51644,1003.86011,-0.55151,0.14157,-5.40652,15.59068,16.48936,7.87522,42.49982
underground,Espinho,41.00837,-8.63794,25.45147,52.83887,0.40365,1003.87481,-0.65621,0.23402,-5.48796,36.42838,-0.37203,0.0,58.63411
street_level,Porto,41.14755,-8.60058,18.31447,0.0,0.0,1007.84888,0.55867,0.02359,-1.15648,49.63598,-4.69076,20.53552,22.97275
street_level,Vila nova de Gaia,41.13796,-8.61261,7.31455,6.93001,0.01997,1005.22032,0.39353,0.0,8.61066,28.94364,1.63368,23.46848,74.36005
above,Oeiras,38.70123,-9.23007,43.07058,74.70098,0.0,1002.74952,1.2474,0.16611,12.12461,39.67209,-6.08546,0.0,33.40087
underground,Vila nova de Gaia,41.12798,-8.60966,30.71244,110.91335,0.49641,1004.13402,-0.60248,0.15037,-4.83939,34.36625,37.34091,198.83018,79.14846
street_level,Maia,41.20198,-8.5584,12.81857,0.0,0.0,1003.34131,-0.01443,0.0129,-1.13341,54.24134,-8.92042,30.11725,3.0
underground,Oeiras,38.6969,-9.29408,44.52499,43.94471,0.0,1004.30553,-0.39678,0.02998,-2.71146,42.768,-45.94533,354.77083,7.52081
underground,Vila nova de Gaia,41.11914,-8.60622,47.70666,1.19213,0.0,1000.86462,-0.56702,0.03183,-5.22981,7.46138,16.99486,209.60085,112.49314
above,Espinho,41.00603,-8.63893,63.08142,83.33842,0.01813,1005.67029,0.87091,0.02508,5.05869,50.1891,9.6555,182.15846,122.33311
street_level,Oeiras,38.71061,-9.2978,12.45704,6.26812,0.0,1009.08045,0.87412,0.00521,6.96823,24.57606,0.55272,22.52674,46.56117
street_level,Matosinhos,41.17717,-8.68142,10.37541,7.65078,0.0,994.50664,-0.29765,0.0,1.58909,52.23012,-1.11388,6.67065,5.63205
street_level,Vila nova de Gaia,41.12485,-8.60796,14.33969,0.0,0.0,1004.21997,-0.42124,0.0,0.01823,29.92397,-4.178,8.66771,3.0
street_level,Espinho,41.00534,-8.64,11.51564,3.17723,0.00581,1000.92468,0.1811,0.0,1.52565,69.38392,-0.73084,0.0,15.86526
underground,Arouca,40.93091,-8.24731,33.73675,36.5229,0.10141,1000.25578,-0.5871,0.09363,-5.921,50.00672,19.46419,216.52449,119.61687
underground,Maia,41.20184,-8.55763,28.49367,109.28777,0.42458,1004.04324,-0.54387,0.18296,-4.65454,32.5983,-4.54085,0.0,132.61939
street_level,Oeiras,38.68362,-9.32431,3.28138,9.97781,0.01399,1001.26752,-0.46091,0.0,2.9767,96.34293,3.55192,17.41012,16.96941
street_level,Maia,41.20375,-8.55898,7.76438,9.19685,0.00684,1000.18702,-0.01165,0.01396,-0.62955,7.88587,6.3412,9.90702,31.71142
underground,Vila nova de Gaia,41.13886,-8.60959,19.43483,40.21669,0.04025,1005.97207,-0.47697,0.0,-3.47385,45.72557,-88.23448,247.56014,13.99972
street_level,Matosinhos,41.17359,-8.68828,7.22159,3.80543,0.01279,999.7025,0.27373,0.0163,1.71199,49.31143,1.4114,8.38669,3.0
street_level,Matosinhos,41.17575,-8.68611,10.94102,3.93493,0.0,1004.99284,0.68627,0.00221,0.34502,35.93959,-2.82497,12.15664,3.0
above,Maia,41.20314,-8.55922,43.68546,87.78646,0.0,1002.92466,1.10357,0.21892,13.20982,25.84971,-11.1338,148.95284,17.53292
underground,Espinho,41.00724,-8.64326,42.92166,39.4801,0.08526,1001.767,-0.60456,0.23743,-4.86908,45.05723,19.99944,101.69359,3.0
street_level,Espinho,41.01109,-8.63809,9.4767,0.0,0.0,996.25422,-0.47261,0.00849,-2.83767,5.0,2.87346,0.0,38.26708
street_level,Vila nova de Gaia,41.11966,-8.60711,15.06408,0.0,0.0,1007.00486,0.28359,0.0,-0.53526,47.74261,-0.21836,18.93519,3.0
street_level,Matosinhos,41.17733,-8.68127,4.81933,0.0,0.00294,999.52787,-0.18906,0.00731,-1.56986,54.88057,-3.49298,18.27806,5.47503
underground,Vila nova de Gaia,41.11406,-8.6129,36.73619,97.64258,0.27511,1002.85483,-0.5617,0.15197,-4.58226,20.146,-3.01733,0.0,75.22998
underground,Maia,41.20211,-8.55967,24.04902,92.22464,0.0,1007.2678,-0.47047,0.00348,-3.61306,34.54263,-46.87587,447.87699,14.66089
street_level,Espinho,41.01108,-8.63617,6.97228,18.41077,0.00707,1005.14582,0.3558,0.0,2.559,19.32567,1.02937,7.24168,39.99139
street_level,Matosinhos,41.17318,-8.68019,5.95974,0.0,0.0,1000.47834,-0.00392,0.00071,-1.12293,34.00427,5.02158,3.51512,8.37145
street_level,Matosinhos,41.17525,-8.68151,15.51673,0.0,0.0,1009.52534,0.49142,0.01821,0.07852,23.78834,-4.9942,3.25846,40.69488
underground,Maia,41.20378,-8.55892,32.18876,97.12154,0.0,1005.43754,-0.28611,0.02142,-4.05518,45.52795,-52.09185,302.79179,133.17487
above,Matosinhos,41.17618,-8.68104,39.12583,82.45551,0.0,1003.01036,1.16443,0.223,20.0302,20.82909,-22.45844,173.99386,39.95685
street_level,Arouca,40.92919,-8.248,2.20645,0.0,0.0,1008.30996,0.41781,0.0,5.34966,36.51129,-1.59998,34.1292,55.94972
street_level,Matosinhos,41.17298,-8.68839,2.30572,12.10404,0.0,1006.77776,0.44082,0.00102,4.08348,36.17162,-0.93405,0.0,35.19621
above,Arouca,40.93139,-8.24362,37.02748,85.03198,0.0,1001.48773,0.89105,0.36672,10.40079,35.61967,-14.96174,168.37298,47.07574
underground,Porto,41.15624,-8.62147,13.84539,22.16172,0.25788,1006.76673,-0.55557,0.0,-3.64247,46.13892,-49.47607,559.49177,110.56148
street_level,Porto,41.16077,-8.68448,10.23932,0.0,0.02708,1003.60664,0.16585,0.0,-2.34194,51.50999,0.08575,0.0,16.279
street_level,Arouca,40.93076,-8.24557,13.72807,6.08657,0.03933,1008.95052,-0.02171,0.00339,-1.62223,44.95909,-1.30142,0.0,25.56712
street_level,Arouca,40.9306,-8.24893,14.04863,0.0,0.0,1003.91741,-0.05421,0.00276,-1.28075,45.07992,-2.40912,19.61582,3.0
above,Arouca,40.92932,-8.24659,59.61932,78.55949,0.0,1004.1517,0.90444,0.24275,10.48566,28.10934,-27.77615,144.2906,113.87459
street_level,Oeiras,38.69626,-9.2994,12.72035,0.0,0.01724,1000.21191,0.00442,0.00202,-0.51028,39.67161,2.96917,0.96955,3.0
underground,Arouca,40.92937,-8.24804,36.32474,97.17823,0.17486,1006.41969,-0.45919,0.07702,-3.82498,51.43272,-41.29404,421.80691,64.52162
street_level,Porto,41.15252,-8.6772,13.22152,0.0,0.0,994.34057,0.02301,0.0,0.45433,38.56526,2.00995,0.0,6.05558
street_level,Porto,41.15901,-8.62116,16.47136,0.05292,0.01043,1007.89529,0.07893,0.01435,-0.62034,40.14451,1.17028,0.0,3.0
street_level,Matosinhos,41.17226,-8.67992,7.06188,4.36783,0.00417,1002.83373,0.86817,0.0,4.33431,45.88439,1.49747,13.79848,88.18946
underground,Vila nova de Gaia,41.12812,-8.61263,29.4752,38.56832,0.0,1008.52851,-0.50811,0.0,-3.3083,39.83608,9.31718,362.70486,73.36489
above,Vila nova de Gaia,41.13799,-8.6123,59.63419,74.70108,0.0,1003.96532,1.65716,0.10649,11.77532,23.36019,1.41802,72.77492,3.0
above,Arouca,40.92937,-8.24732,54.92411,92.533,0.00442,1008.07812,0.32903,0.14924,4.19857,49.11293,18.23746,263.22139,115.47698
street_level,Espinho,41.01131,-8.63835,14.95507,0.0,0.00473,1003.68468,-0.19027,0.01853,3.15147,45.73946,0.71366,0.0,3.0
street_level,Porto,41.14797,-8.61312,13.78045,0.0,0.0,1003.79539,0.03668,0.0,-4.65317,52.41284,-9.26025,0.0,3.0
street_level,Espinho,41.00579,-8.64403,2.14579,0.0,0.01581,1001.51163,0.06757,0.0,1.48957,42.73636,-0.51981,0.0,3.0
street_level,Oeiras,38.72544,-9.244,15.31307,0.0,0.0,1006.22097,0.26586,0.01475,-1.93856,21.84041,-7.8513,0.0,40.7237
above,Matosinhos,41.17442,-8.68421,52.63651,91.23808,0.03035,1006.16673,0.15864,0.02031,14.32513,53.7659,3.67955,296.1586,102.99428
underground,Oeiras,38.70579,-9.22863,38.30327,79.2849,0.0,1006.46437,-0.47747,0.0,-4.42833,44.83875,-61.25382,326.01957,3.0
underground,Arouca,40.9318,-8.24633,35.24872,65.6447,0.49073,1004.57987,-0.63575,0.21291,-4.1443,25.28684,-11.76032,0.0,37.56139
underground,Arouca,40.93201,-8.24398,19.54924,140.24333,0.22852,1002.95962,-0.65677,0.13894,-4.60172,26.00139,7.00302,143.71551,32.09601
underground,Espinho,41.00644,-8.64089,36.86305,25.27363,0.18799,1005.37238,-0.55677,0.0,-3.49923,59.10908,-48.59581,320.22473,52.38769
above,Matosinhos,41.16753,-8.688,34.8056,75.61449,0.0,1002.49412,1.26498,0.29752,13.26131,15.38234,0.1363,121.30884,56.76519
street_level,Oeiras,38.70773,-9.24275,3.98979,0.0,0.01621,1006.65748,0.64539,0.0,5.07348,37.9893,3.19263,5.38078,77.13467
underground,Vila nova de Gaia,41.13119,-8.61756,39.0384,41.60726,0.36928,1001.99642,-0.5756,0.24757,-4.80731,35.59255,0.36338,0.0,110.7322
street_level,Espinho,41.01092,-8.64141,5.38665,10.07864,0.00993,1000.21436,0.47364,0.00618,6.82043,30.7456,1.26394,0.0,78.59498
underground,Vila nova de Gaia,41.13181,-8.61176,31.76844,116.08663,0.36359,1006.78757,-0.49086,0.36027,-4.95564,8.93092,7.70245,20.49424,107.73043
street_level,Matosinhos,41.17285,-8.68864,9.90385,5.07873,0.0,998.53487,-0.24151,0.01209,-1.19054,33.85975,0.57745,1.99162,3.0
underground,Arouca,40.93093,-8.24705,25.16308,71.47531,0.5064,1004.3944,-0.5392,0.10982,-5.31139,25.90378,11.37414,319.41083,103.76486
street_level,Arouca,40.92998,-8.2473,2.42771,3.60773,0.0,1003.73672,0.04415,0.0,2.09557,58.31929,3.95002,1.3604,8.16508
street_level,Vila nova de Gaia,41.12603,-8.60703,5.86444,10.16499,0.01565,996.71699,0.12309,0.00331,-1.23035,62.37087,1.09002,3.62947,4.04423
street_level,Arouca,40.93133,-8.24561,19.07208,0.0,0.0,1004.44734,-0.10736,0.0,-1.7968,30.47044,-1.03069,35.85991,23.70903
above,Porto,41.15495,-8.62903,75.63847,87.38607,0.0,1005.49493,0.40272,0.22099,4.53592,62.93472,3.18025,239.44662,83.45864
street_level,Porto,41.14986,-8.59125,8.97206,0.0,0.02639,994.59052,0.31151,0.0103,-1.01831,27.76586,5.5223,0.0,37.50567
above,Porto,41.14591,-8.59726,81.9159,88.6323,0.01312,1005.81534,0.77443,0.00708,3.98762,42.34073,-2.19743,247.21497,70.61138
street_level,Porto,41.15569,-8.60876,13.38252,3.05288,0.0,1000.47615,0.78502,0.00117,3.29176,32.50763,-1.61948,5.76512,123.20379
street_level,Oeiras,38.71466,-9.22505,14.43428,0.0,0.0,1005.0156,0.061,0.0,-0.27737,37.43274,-5.73009,0.0,16.1262
underground,Arouca,40.93028,-8.24407,30.96149,83.95166,0.10514,1007.82994,-0.58532,0.0,-4.23954,41.21598,-61.95624,218.90113,28.6899
underground,Matosinhos,41.17355,-8.68415,27.82906,117.63785,0.68015,1002.01733,-0.59875,0.1225,-5.36885,38.03075,-12.23434,0.0,109.04082
street_level,Matosinhos,41.17354,-8.68841,10.87015,2.504,0.0,1005.45272,-0.63696,0.01684,-0.15643,48.37916,-0.7542,20.35616,3.0
underground,Maia,41.20255,-8.55942,36.44017,63.65029,0.32059,1004.31084,-0.56258,0.22383,-4.61589,29.33897,17.64244,139.75059,100.88828
street_level,Oeiras,38.68997,-9.29856,6.91067,13.49721,0.00254,1000.42525,-0.00919,0.02516,4.7781,30.00325,-0.83604,25.3741,50.82546
street_level,Maia,41.20306,-8.55807,3.3723,2.49954,0.01674,1005.65853,0.64709,0.01792,2.4002,43.35024,-2.80443,25.59902,74.41401
street_level,Espinho,41.00626,-8.63963,12.79725,0.0,0.0,1015.17065,-0.10205,0.0,-2.93153,44.47227,-0.78475,0.0,34.16005
underground,Matosinhos,41.17619,-8.69106,57.65913,33.0504,0.04483,1002.0464,-0.65836,0.18276,-5.44754,28.18383,52.73592,87.21894,129.89655
street_level,Porto,41.14628,-8.62014,12.87677,5.49703,0.0,1008.35928,-0.13807,0.01003,0.38956,25.00457,-5.3386,25.18858,3.0
street_level,Oeiras,38.71137,-9.30108,12.92291,0.0,0.0181,1002.54167,-0.31674,0.0,2.81217,33.55027,-1.37791,2.25529,34.55469
street_level,Matosinhos,41.17207,-8.68039,11.0584,12.8788,0.0,1001.30917,0.13081,0.0,-2.35471,57.53708,6.38002,4.52466,3.0
above,Arouca,40.93006,-8.24645,65.41872,78.75276,0.00249,1006.42212,0.34429,0.20762,0.206,52.54017,19.06945,182.47709,108.58827
underground,Porto,41.14828,-8.61593,47.83388,101.97542,0.49212,1002.38072,-0.69822,0.23415,-6.61316,27.07679,39.89682,142.98397,131.59742
above,Vila nova de Gaia,41.1255,-8.61335,39.9095,82.03905,0.0084,1003.14203,0.98379,0.18102,8.78776,27.46169,-14.14719,101.097,29.07612
street_level,Maia,41.20209,-8.5585,8.30467,0.0,0.00066,999.54896,-0.01822,0.01789,2.65587,76.23897,-0.13232,0.0,3.0
above,Porto,41.1542,-8.67802,55.31978,70.77906,0.0,1004.42943,1.74505,0.22178,9.67549,47.40311,0.70642,180.12187,49.41459
street_level,Matosinhos,41.17359,-8.68783,19.50921,0.0,0.0,1012.55444,-0.05654,0.00846,-1.43387,37.75489,0.31043,0.0,17.03236
underground,Matosinhos,41.17586,-8.68813,33.98166,57.11903,0.20094,1006.27375,-0.59228,0.14559,-5.67901,23.73907,39.50087,0.0,73.05963
above,Espinho,41.00978,-8.6432,47.03332,96.77697,0.02543,1006.90968,1.08392,0.0443,3.3367,47.27145,14.09721,198.94134,118.15122
street_level,Arouca,40.93078,-8.24731,11.54628,12.52585,0.0,1002.77274,0.71455,0.01019,1.7514,39.90138,2.79472,0.0,66.47312
street_level,Porto,41.17755,-8.65258,7.57453,14.09891,0.01894,1006.63014,0.24231,0.0,4.66331,43.9457,0.73475,19.87689,91.9874
street_level,Maia,41.20399,-8.55893,14.52856,0.0,0.0,1014.03947,0.22424,0.0,0.03534,51.08019,-4.43686,0.0,10.17326
underground,Espinho,41.0073,-8.64401,40.80353,94.55095,0.0,1005.41978,-0.39928,0.0,-3.47516,40.52565,-22.23107,438.82769,4.28845
street_level,Porto,41.16651,-8.59127,5.18433,8.70139,0.0,1000.53527,-0.13296,0.0,-3.23305,68.22762,-0.94917,0.0,33.56135
above,Matosinhos,41.17477,-8.68123,40.6745,79.55408,0.0,1004.42887,0.9809,0.2734,8.7995,29.82958,-20.62641,101.67026,31.47539
street_level,Oeiras,38.70217,-9.23024,5.16735,1.849,0.01765,997.6012,0.40254,0.00324,8.75392,41.68532,-1.78612,26.46286,31.10319
street_level,Arouca,40.93016,-8.24667,17.35673,6.43022,0.0,1003.54505,-0.04181,0.0,0.82196,37.67494,-7.36474,0.0,9.70331
above,Porto,41.16135,-8.63321,38.18174,85.78599,0.0,1001.81966,1.83451,0.23525,11.90356,36.59072,-9.95963,95.04672,73.87706
underground,Porto,41.16065,-8.5844,16.4458,96.3407,0.0,1006.13977,-0.45949,0.03324,-4.29462,50.98164,-40.08567,330.83715,3.0
street_level,Vila nova de Gaia,41.12537,-8.61523,15.81959,4.50652,0.00221,1011.35813,-0.16627,0.01148,2.0722,44.08321,-2.23987,13.75971,3.0
street_level,Matosinhos,41.17673,-8.68621,2.20451,14.1676,0.0,1006.36328,0.63647,0.00772,4.52516,34.10207,0.51959,7.60658,71.8523
street_level,Maia,41.20248,-8.55765,15.73365,5.8372,0.01957,1001.43087,0.18401,0.01349,-0.3623,28.95411,-3.24866,0.0,3.0
underground,Vila nova de Gaia,41.12626,-8.61982,37.88245,32.21027,0.22453,1002.05588,-0.53863,0.18995,-6.39681,37.19046,-6.87555,243.37657,215.06856
above,Vila nova de Gaia,41.1367,-8.61649,69.1244,84.46409,0.0,1007.05695,0.50202,0.02948,8.44117,39.46157,0.07656,172.12004,186.78069
above,Vila nova de Gaia,41.11569,-8.60873,36.06454,81.52691,0.0212,1003.63924,1.09015,0.25115,9.07656,13.28082,-4.57833,153.16871,27.69528
street_level,Porto,41.16022,-8.63476,2.97156,6.35138,0.01659,1002.40069,1.00363,0.00161,7.71913,28.55357,-1.4688,2.32777,73.00225
underground,Matosinhos,41.17265,-8.68821,30.88592,99.40616,0.01492,1003.84442,-0.52126,0.02927,-3.47015,38.83281,-62.80436,264.6379,11.53532
above,Arouca,40.93102,-8.24285,39.28456,80.29231,0.0041,1003.21773,1.65069,0.34555,15.00898,42.45322,-19.32707,187.91596,36.82377
above,Oeiras,38.68855,-9.32189,43.74168,81.96946,0.01033,1002.94901,1.61187,0.13216,6.33771,34.25047,-18.59972,64.82344,3.0
above,Espinho,41.00401,-8.63791,76.21154,84.83754,0.02899,1004.91225,0.73111,0.14362,-4.19786,37.87308,7.01798,255.06302,98.99663
above,Arouca,40.92955,-8.24842,48.56256,76.20138,0.0,1004.57481,1.06607,0.24492,14.08548,29.63541,-5.55638,209.93992,108.77239
street_level,Arouca,40.93093,-8.24725,10.65109,6.89813,0.00025,998.78853,-0.3853,0.0,-4.30206,25.49724,1.32591,0.0,3.0
street_level,Maia,41.20364,-8.55883,14.52942,7.98356,0.0,1004.47967,0.09998,0.0,7.44031,29.84289,-1.73369,22.77411,92.5578
street_level,Vila nova de Gaia,41.12675,-8.60556,5.06771,14.08094,0.01247,1004.41519,0.57928,0.0,5.69416,52.33216,4.27818,0.0,74.28057
above,Arouca,40.93128,-8.24664,31.93984,71.41628,0.0,1004.97953,1.80467,0.28025,14.17596,35.98857,-6.51929,0.0,107.63258
street_level,Espinho,41.0039,-8.64004,9.62556,2.21446,0.00704,1000.10912,0.42817,0.01416,-2.43008,62.74689,2.62779,5.29521,30.79648
underground,Vila nova de Gaia,41.12125,-8.61479,39.93286,12.98367,0.1116,1007.2791,-0.4402,0.0,-2.58187,48.042,-68.53597,335.32542,73.72542
above,Matosinhos,41.17733,-8.68214,44.63031,82.35183,0.0,1002.98354,0.83958,0.34885,13.44736,37.73073,-19.42752,80.921,31.71951
above,Maia,41.20356,-8.5591,46.30877,81.21387,0.0025,1003.40352,1.28837,0.39216,13.69125,32.45318,-12.57456,111.94684,63.68143
street_level,Arouca,40.93032,-8.24857,14.21228,0.0,0.0,1011.26625,-0.28721,0.0,0.23963,46.03424,-3.88099,26.41017,3.0
street_level,Arouca,40.93182,-8.24709,11.24076,0.0,0.00604,1007.01339,-0.1722,0.0,1.04346,48.67203,5.28974,0.0,3.0
street_level,Arouca,40.931,-8.24544,13.11972,0.0,0.01988,1007.2193,0.00878,0.0,0.94997,47.74214,-0.09564,0.0,32.56627
street_level,Porto,41.14233,-8.61756,8.45339,0.95378,0.0,997.94185,-0.30245,0.0,-0.32499,47.3189,3.20083,0.0,11.63523
street_level,Maia,41.20241,-8.55853,10.84788,0.9855,0.0,1001.08584,-0.18934,0.0,1.25091,12.09067,1.6481,0.0,18.95844
underground,Arouca,40.9311,-8.24702,41.28455,82.72216,0.2598,1003.26694,-0.50634,0.17807,-4.75926,27.64617,-45.95885,0.0,87.5248
street_level,Espinho,41.01165,-8.64402,5.93512,0.0,0.0,995.61657,0.00077,0.00441,-1.12433,68.51413,0.07642,0.0,3.0
underground,Matosinhos,41.17597,-8.68848,46.82767,36.88492,0.01725,1003.46035,-0.65997,0.05116,-5.27386,28.01685,76.75926,262.45728,157.09842
underground,Oeiras,38.71408,-9.24373,38.05939,30.3436,0.36192,1001.97073,-0.50412,0.03088,-5.74158,31.01502,63.71437,169.2938,129.46311
street_level,Porto,41.1689,-8.63613,9.99108,0.04535,0.0,1009.71244,0.7382,0.00404,5.73786,35.30337,-0.8025,0.0,85.0354
above,Oeiras,38.72789,-9.23566,68.83212,85.08069,0.0,1005.54984,0.74377,0.12349,5.07903,53.98087,-1.81731,299.97908,117.49508
underground,Matosinhos,41.17728,-8.68102,49.39761,55.85492,0.18321,1006.44744,-0.33444,0.07216,-3.58295,48.34926,-12.64593,354.14037,15.37712
underground,Espinho,41.00543,-8.64214,41.2783,35.97314,0.20875,1001.13024,-0.64887,0.21196,-4.96548,17.96529,23.1775,147.43553,74.48614
underground,Vila nova de Gaia,41.13235,-8.60712,55.59454,51.80306,0.15495,1002.62444,-0.52747,0.10442,-4.69177,30.48878,11.70859,0.0,81.40954
underground,Porto,41.1541,-8.59829,47.62808,42.25101,0.07213,1004.16525,-0.55939,0.193,-3.69158,32.54387,-15.25946,167.5931,122.59396
underground,Oeiras,38.69976,-9.27484,19.6745,16.67989,0.22309,1004.02301,-0.49502,0.15688,-5.2202,37.8331,33.90492,235.9529,115.15129
street_level,Maia,41.20302,-8.55908,16.01035,7.39136,0.02523,1006.77194,0.07231,0.01643,-0.46039,24.19511,-5.42754,0.0,3.0
street_level,Matosinhos,41.1752,-8.68692,14.78277,3.35007,0.0,997.0342,-0.15485,0.00058,-0.06036,15.26066,10.24019,1.10073,4.82472
street_level,Espinho,41.00955,-8.64144,17.05132,0.0,0.00994,1017.2134,0.14161,0.0,0.45208,24.47754,1.11842,0.0,6.69275
underground,Arouca,40.92904,-8.24802,39.31617,98.145,0.17295,1004.48265,-0.48546,0.11442,-4.08798,27.79375,10.77871,197.46531,109.11638
underground,Porto,41.14637,-8.58369,51.06219,29.82483,0.25983,1003.17006,-0.5116,0.08986,-4.856,39.692,23.23348,189.57837,126.36391
underground,Maia,41.203,-8.55767,36.11546,66.737,0.0,1007.45153,-0.26839,0.0,-3.81999,31.632,-46.71672,350.78458,106.33061
underground,Maia,41.20237,-8.55951,24.58869,70.41377,0.28885,1003.1257,-0.53,0.16484,-3.38256,22.19512,17.22826,46.17337,42.88952
street_level,Matosinhos,41.17675,-8.6853,10.0312,0.0,0.0,1004.63775,-0.45405,0.00106,-4.63303,19.23078,4.90323,0.0,3.0
underground,Porto,41.16392,-8.6172,26.76287,98.32442,0.02592,1007.50929,-0.44255,0.05431,-3.25075,38.75655,-1.95277,309.97538,64.0935
street_level,Oeiras,38.70535,-9.2385,13.20181,0.0,0.0,995.80452,0.2876,0.0,-1.06739,54.32058,-2.12077,14.50047,32.40622
street_level,Porto,41.15296,-8.67424,6.08128,7.87286,0.0,1001.02286,0.34695,0.0084,6.52449,27.27649,2.45392,10.16158,53.3766
street_level,Maia,41.20207,-8.55768,18.60591,6.38041,0.0,1003.50522,0.09939,0.0,2.28044,35.16153,2.94789,0.0,25.93373
street_level,Oeiras,38.70002,-9.22873,9.46347,3.89338,0.0,1005.06126,0.43806,0.0,5.64919,44.14963,-1.70168,0.0,62.53543
street_level,Oeiras,38.71322,-9.23432,10.88175,0.0,0.00845,997.4133,-0.50468,0.0,-0.16956,55.79603,2.16204,13.56871,3.0
street_level,Vila nova de Gaia,41.12916,-8.60591,9.46,7.26534,0.0,1001.56225,-0.11997,0.0,5.63115,40.6975,0.80957,4.80707,16.76493
above,Porto,41.15209,-8.60591,62.35501,91.61796,0.0,1006.02023,0.63456,0.15073,3.78192,45.36543,0.00456,275.32384,76.55447
above,Arouca,40.92919,-8.24678,40.17993,76.74573,0.00121,1004.33091,1.43482,0.1168,6.56497,17.4716,1.73801,250.18163,12.14987
street_level,Maia,41.20345,-8.5594,14.66314,0.0,0.0,995.95674,0.286,0.01281,-1.1616,35.99933,-3.54987,28.89282,20.70482
underground,Arouca,40.93054,-8.24358,29.99607,112.81496,0.26838,1003.59546,-0.54346,0.14237,-5.24148,33.84745,6.56147,0.0,104.31172
street_level,Maia,41.20387,-8.55874,12.97573,0.0,0.03306,1002.72398,0.31351,0.02136,1.52039,33.99127,1.71174,0.0,3.0
above,Arouca,40.92931,-8.24861,63.57409,89.18977,0.0,1006.2017,0.90152,0.0627,7.08982,51.58689,21.54571,97.75468,85.03184
street_level,Vila nova de Gaia,41.1291,-8.606,12.64487,0.0,0.0,994.83922,-0.29246,0.00518,-2.54525,62.19185,-2.12655,0.0,3.0
underground,Matosinhos,41.17612,-8.6823,30.39149,124.93108,0.42236,1005.1193,-0.53355,0.20041,-6.14191,15.69822,-31.42045,0.0,51.5629
underground,Espinho,41.00938,-8.63932,32.84155,105.12393,0.40976,1002.94856,-0.57475,0.29,-6.16581,33.864,25.14455,51.26503,107.44527
underground,Arouca,40.93118,-8.24757,15.75905,32.10073,0.14977,1003.91917,-0.30998,0.08535,-2.67084,45.40379,-4.87491,171.96919,79.23489
street_level,Vila nova de Gaia,41.13243,-8.61385,9.97677,2.40169,0.01793,999.7615,-0.43703,0.0,-4.07286,61.36165,2.63949,15.81195,16.15136
above,Matosinhos,41.16802,-8.68792,70.50694,89.57811,0.00169,1006.84334,0.31289,0.05053,1.63495,38.09871,13.2162,287.05685,158.32183
above,Espinho,41.01142,-8.64291,40.74621,78.56458,0.0,1004.55967,1.17231,0.27279,14.32145,26.10398,-22.39991,98.13152,28.94607
street_level,Porto,41.17706,-8.60712,10.60613,6.46449,0.02598,1002.22473,0.3355,0.0065,5.58906,37.57134,3.90362,2.58224,69.13758
street_level,Espinho,41.00655,-8.64294,5.43803,0.0,7e-05,1001.36939,-0.54849,0.0,2.03448,17.742,-0.44668,0.0,13.90282
street_level,Porto,41.15147,-8.61542,12.59855,1.96655,0.02807,1006.07366,-0.00724,0.00993,0.21777,42.08985,-5.49567,17.46032,3.0
underground,Maia,41.20219,-8.55859,31.54352,88.50516,0.2102,1001.4539,-0.40315,0.1247,-5.838,28.20157,-18.12296,118.9354,160.46157
street_level,Vila nova de Gaia,41.1334,-8.60929,5.14642,11.54693,0.0,1000.64204,-0.41812,0.0,-2.42368,29.7768,2.52104,0.0,3.0
street_level,Porto,41.16368,-8.61853,15.37358,2.79862,0.01658,1010.59305,0.08419,0.00776,1.36812,46.38761,-7.31946,0.0,3.0
street_level,Oeiras,38.68492,-9.32338,11.63551,0.0,0.0036,1002.4448,0.17386,0.00861,1.79823,35.35733,-1.53532,0.0,3.0
above,Vila nova de Gaia,41.12956,-8.61892,48.31326,86.59781,0.0,1004.3488,0.37486,0.03297,7.37871,37.832,11.88041,122.22043,91.86477
underground,Vila nova de Gaia,41.12683,-8.6067,49.8716,30.14906,0.36958,1002.74557,-0.60698,0.2341,-4.2183,38.62528,2.36709,161.01141,83.22969
street_level,Maia,41.20216,-8.55857,11.52284,0.0,0.02479,996.76085,-0.27916,0.00917,1.7674,30.65935,7.33617,1.47396,3.49235
street_level,Maia,41.20322,-8.55937,16.32811,0.0,0.0,997.26363,-0.21319,0.0,0.76371,27.40467,-6.43951,0.0,8.9014
street_level,Vila nova de Gaia,41.12736,-8.62387,2.50847,5.00266,0.0,999.42407,0.65024,0.00856,5.19982,31.14603,-2.09602,0.0,43.25331
street_level,Vila nova de Gaia,41.12051,-8.61013,14.14386,0.0,0.00527,1008.08098,-0.38532,0.0,3.44404,40.08914,1.87953,0.0,3.0
street_level,Espinho,41.00671,-8.63969,1.0,0.0,0.04256,1001.99201,-0.16167,0.0,1.41065,37.19611,-2.71679,6.69434,41.35429
above,Porto,41.15036,-8.5835,29.41213,77.58707,0.00509,1004.94238,1.09472,0.12053,14.16902,13.34827,-2.96793,0.0,30.08761
underground,Matosinhos,41.1677,-8.68795,57.27419,35.45263,0.1614,1001.58116,-0.39305,0.17998,-4.86874,21.99714,19.0532,87.02989,187.85911
street_level,Vila nova de Gaia,41.13298,-8.61274,8.42236,3.37616,0.0,1001.22407,0.25539,0.02253,1.70642,58.63258,-4.31801,0.0,3.0
street_level,Espinho,41.0097,-8.6442,7.48266,0.0,0.0,998.82202,-0.10306,0.0,-3.63926,23.17897,2.16825,0.0,3.0
street_level,Maia,41.20217,-8.5594,13.43218,0.0,0.00928,997.37312,-0.26364,0.01166,0.1003,21.01773,3.03726,5.75272,3.0
street_level,Maia,41.20213,-8.55852,13.25776,0.0,0.0,1006.12661,0.1407,0.0259,1.07921,30.15193,5.22959,0.0,16.67603
above,Porto,41.15559,-8.62962,40.85657,90.78983,0.0,1004.51076,1.58275,0.12121,13.05861,18.57242,-14.05826,98.313,73.31227
street_level,Maia,41.20273,-8.55781,18.02399,3.91828,0.0,1000.27962,0.20502,0.01998,0.54528,21.57748,1.50265,11.22231,8.90203
street_level,Espinho,41.00735,-8.64327,11.16669,1.87384,0.0,1000.32389,-0.56988,0.0,-3.00315,26.16591,-5.758,0.0,3.0
street_level,Oeiras,38.68754,-9.31766,7.9964,3.83833,0.0,1003.03975,-0.12218,0.02659,4.59433,57.60415,1.58918,20.00649,3.0
street_level,Maia,41.20206,-8.55762,6.0649,21.19942,0.02102,1010.49707,0.41528,0.0,4.62336,61.33534,-0.1839,18.44922,38.63355
street_level,Arouca,40.92922,-8.24729,11.06509,1.86642,0.0,996.77687,0.15113,0.00925,0.22112,56.07949,0.05321,4.52549,21.32391
street_level,Matosinhos,41.17481,-8.68097,10.08841,0.0,0.02176,1000.68738,0.00645,0.0,-0.94004,39.35225,-3.51491,10.27292,3.0
street_level,Arouca,40.93188,-8.24695,12.57791,2.11755,0.04195,1002.15464,0.09368,0.00077,-0.06494,36.39239,-6.2906,49.03772,22.09259
street_level,Arouca,40.93176,-8.24302,15.95308,12.86291,0.00414,997.56488,-0.15755,0.00778,-4.29997,17.60804,8.48616,0.0,3.0
street_level,Oeiras,38.70955,-9.2234,22.12127,4.9271,0.0,1006.99167,-0.12266,0.0,-0.16896,37.78638,-10.59278,0.0,5.23565
street_level,Oeiras,38.68568,-9.32175,4.2602,12.62724,0.00331,1005.29443,0.75031,0.0,1.91698,45.72483,2.90527,0.0,71.32771
street_level,Oeiras,38.71458,-9.23737,7.34595,0.0,0.0,1000.92423,-0.19069,0.0096,2.81578,52.89856,-3.22804,0.0,12.95041
underground,Arouca,40.93018,-8.24541,62.73983,27.47206,0.13852,1003.11315,-0.5348,0.0,-4.63766,13.72944,41.49957,0.0,86.05675
street_level,Vila nova de Gaia,41.11733,-8.61051,7.46249,0.0,0.0,997.80114,-0.39028,0.0,1.48677,48.96337,0.15513,0.0,11.81189
underground,Oeiras,38.70149,-9.22823,31.32462,31.26128,0.26539,1003.94195,-0.66738,0.1228,-4.74612,40.50862,8.80139,90.39029,165.41864
underground,Oeiras,38.69782,-9.30102,29.33945,50.57192,0.01942,1005.77367,-0.34807,0.0248,-4.98767,48.13372,-25.11547,328.63298,3.0
underground,Matosinhos,41.17562,-8.68307,40.29024,46.52671,0.1901,1006.08355,-0.39769,0.0,-4.55389,47.07288,-107.07249,196.54259,52.31005
street_level,Arouca,40.93089,-8.24714,12.79694,0.9852,0.0,1010.12392,0.76563,0.0,1.24895,47.26271,-5.68234,0.0,44.63035
street_level,Vila nova de Gaia,41.12376,-8.61211,7.16193,8.44003,0.0,1001.58056,0.47991,0.0,5.47042,42.19527,4.10395,0.0,51.59964
underground,Vila nova de Gaia,41.11726,-8.60955,32.10396,49.56565,0.48302,1004.93727,-0.75596,0.33354,-5.09774,18.09538,13.43093,0.0,27.93357
street_level,Arouca,40.92972,-8.24712,15.29788,3.04672,0.0,1005.29409,0.56892,0.0,-2.33983,43.84656,-2.19467,5.60293,3.0
street_level,Maia,41.20318,-8.55927,10.74266,2.60441,0.00884,996.87155,0.03577,0.0,-0.37657,29.46994,-4.8934,0.0,59.15269
underground,Arouca,40.92934,-8.24871,30.20382,52.47683,0.0,1006.64754,-0.34216,0.0,-3.51315,46.10683,-72.61621,391.44588,54.4892
street_level,Arouca,40.93066,-8.24469,13.32471,4.35293,0.005,1003.11782,-0.28852,0.0,2.39051,25.07117,3.10367,20.18532,24.09343
street_level,Arouca,40.9304,-8.24389,13.73636,7.88593,0.00128,996.37498,-0.11296,0.0,0.60209,19.74476,3.79881,14.45912,3.0
underground,Espinho,41.00791,-8.644,51.45352,14.28283,0.20973,1004.25604,-0.65189,0.15806,-5.19269,38.48573,43.77996,29.61363,125.47809
street_level,Arouca,40.93076,-8.24781,18.82865,9.43611,0.0,1002.41764,-0.07392,0.0,0.4842,26.87857,-9.39324,3.84804,3.0
underground,Matosinhos,41.17517,-8.68098,32.01415,60.06607,0.17937,1007.35277,-0.34356,0.00064,-4.05186,40.54711,-36.86641,458.16503,111.82982
underground,Espinho,41.00533,-8.64385,37.43501,32.36916,0.14474,1001.79588,-0.7202,0.13667,-4.57692,36.44114,-10.40657,72.65781,114.19864
street_level,Arouca,40.92955,-8.24755,2.14878,6.17619,0.0,1006.67311,0.44348,0.0,7.80418,22.83987,-4.02838,0.0,90.96803
street_level,Espinho,41.00851,-8.64389,9.67753,0.0,0.00529,999.24049,0.01503,0.00943,1.56013,12.00499,4.77744,0.0,3.0
underground,Vila nova de Gaia,41.12419,-8.61573,41.88145,103.83568,0.11072,1003.39733,-0.53911,0.16637,-6.30687,31.75804,14.61184,45.46306,63.91429
underground,Arouca,40.92925,-8.24711,23.69862,132.11122,0.2882,1005.80216,-0.39407,0.13552,-5.5948,10.72823,12.91403,105.60283,134.49121
street_level,Espinho,41.01173,-8.64148,15.40157,0.0,0.0,994.75,-0.24959,0.02088,-3.47307,38.5777,8.09467,6.59942,3.0
above,Vila nova de Gaia,41.11404,-8.61288,41.16483,80.51161,0.02272,1002.92803,0.92834,0.22519,8.3261,37.33792,-9.13907,37.31873,9.99318
street_level,Porto,41.16298,-8.65098,15.32717,6.4771,0.01911,1009.57259,0.38411,0.00512,9.81444,40.74084,8.03089,0.0,102.97381
street_level,Maia,41.20192,-8.55786,14.33548,0.0,0.0,1008.68839,-0.12996,0.0,-2.12492,52.45789,-1.33976,2.48,3.0
underground,Maia,41.20334,-8.55915,41.06954,37.04774,0.0,1007.46845,-0.39986,0.05782,-3.41048,42.13336,-30.67412,355.84993,6.85267
street_level,Maia,41.20212,-8.55862,11.54671,4.69661,0.01686,1000.66654,0.07701,0.00064,3.65987,50.12776,0.63455,0.0,3.0
above,Matosinhos,41.17373,-8.68363,57.7442,89.53239,0.00259,1004.94495,1.41779,0.25479,13.29982,33.62925,1.72268,0.0,31.11525
street_level,Espinho,41.01169,-8.63967,5.46652,2.02896,0.00289,1002.96059,0.57683,0.0,2.50099,53.12858,1.27633,0.0,66.14894
underground,Vila nova de Gaia,41.12786,-8.61685,36.16115,23.77132,0.18475,1004.39746,-0.6584,0.17674,-4.0126,39.97441,4.0091,174.1663,81.48953
underground,Matosinhos,41.17655,-8.69113,66.99073,49.94199,0.38574,1004.23127,-0.59133,0.09211,-5.50176,26.32194,-22.02391,120.83358,122.14469
street_level,Espinho,41.0107,-8.64146,12.5632,0.0,0.00436,1007.79258,-0.00753,0.03034,-0.51337,43.35684,-0.45294,0.73525,11.24262
above,Porto,41.14944,-8.67566,40.54399,87.67729,0.0,1003.56454,1.34301,0.34123,9.77851,27.52025,-3.13517,73.67047,8.11064
street_level,Porto,41.14381,-8.60847,13.94281,0.0,0.0,1006.96826,-0.30589,0.01056,-3.06161,32.28086,-4.06232,22.00583,3.0
street_level,Oeiras,38.72871,-9.23569,5.56483,0.0,0.00832,1000.73847,0.04361,0.0,2.35712,74.17348,-0.01066,30.39232,24.75064
above,Arouca,40.92952,-8.24879,36.42163,81.63375,0.00188,1003.20689,1.73757,0.21905,12.43623,48.2625,-9.10803,86.66283,24.17721
underground,Vila nova de Gaia,41.12809,-8.60694,27.19928,103.52272,0.08817,1003.05883,-0.67682,0.11055,-5.21445,19.55512,45.73426,113.72278,64.45097
street_level,Matosinhos,41.17499,-8.68685,13.6158,6.50544,0.0,1007.14343,-0.1131,0.01116,2.88965,47.72826,-0.37342,7.91729,33.22518
underground,Arouca,40.92931,-8.24639,48.13376,2.97488,0.08842,1003.09483,-0.40857,0.11479,-5.14019,49.18624,25.46041,0.0,111.54895
underground,Espinho,41.00588,-8.63895,46.06501,61.7212,0.14068,1001.70901,-0.50694,0.17325,-5.39361,29.84357,-26.81462,172.05833,108.40508
street_level,Porto,41.15736,-8.64336,8.8485,6.00491,0.0,1003.38036,0.179,0.0,-3.95003,28.90541,2.6133,0.0,48.5284
above,Arouca,40.93099,-8.24718,64.89328,80.60228,0.02311,1005.49514,1.22816,0.18144,7.4939,46.32748,1.37689,198.58116,64.02792
street_level,Maia,41.20384,-8.55856,10.87466,0.0,0.00592,1004.77805,0.44424,0.0,0.40859,43.85526,-1.71075,0.0,26.53457
underground,Maia,41.2028,-8.55946,32.95347,18.68213,0.34891,1003.23746,-0.63092,0.20672,-4.90173,20.92253,40.66512,0.0,37.67762
underground,Porto,41.17312,-8.59969,29.56757,92.10441,0.40808,1002.83621,-0.58512,0.25935,-4.77757,26.26301,12.77885,202.57856,107.79009
street_level,Maia,41.20232,-8.55952,12.2444,0.0,0.0,1003.12661,-0.40282,0.00247,1.07885,35.00915,-4.11353,7.34112,3.0
underground,Espinho,41.00747,-8.64313,17.30552,130.56695,0.20646,1005.98671,-0.55302,0.17888,-4.82723,18.45913,44.04234,22.50737,145.32859
above,Vila nova de Gaia,41.12785,-8.6135,34.28923,95.40691,0.00199,1002.63997,0.78352,0.22528,11.89869,18.71093,-2.15291,145.52149,34.27965
above,Matosinhos,41.1749,-8.68983,57.04342,85.73656,0.0,1006.92936,0.96448,0.10237,7.49936,56.33035,18.46701,284.12055,85.0603
underground,Arouca,40.92974,-8.24739,35.69398,101.7572,0.0,1003.84417,-0.29355,0.0,-4.55341,43.36061,-75.45,356.5158,3.0
street_level,Porto,41.15881,-8.64778,6.79829,12.11731,0.0,1003.11474,0.80071,0.0,3.50784,42.14557,0.60441,9.00401,51.652
street_level,Porto,41.17851,-8.60637,12.62788,0.0,0.0,1007.2533,0.35968,0.0,-1.48627,31.12338,-4.27539,1.60161,3.0
street_level,Maia,41.20306,-8.55904,14.49708,0.0,0.0,1009.13926,0.01919,0.00754,4.65486,40.07627,-1.16721,0.0,3.0
street_level,Maia,41.20391,-8.55894,21.57328,0.0,0.01865,1003.6983,0.25565,0.00018,-1.80867,8.86767,2.79515,4.23536,3.0
underground,Oeiras,38.68276,-9.32359,23.01247,66.5635,0.0552,1008.1435,-0.39859,0.07294,-3.60183,37.21692,-40.11588,469.14612,74.73678
above,Porto,41.15966,-8.63848,63.609,86.31023,0.0,1007.17993,1.22625,0.02074,6.45812,50.40516,-5.7149,235.54902,42.41077
above,Oeiras,38.72819,-9.23592,72.76255,87.60781,0.0,1006.06984,0.98804,0.05209,1.35046,47.91782,14.71281,249.26133,82.92531
street_level,Vila nova de Gaia,41.13449,-8.61035,9.28415,7.03332,0.02936,996.42715,0.27582,0.00706,2.0611,53.86009,-0.67174,15.71148,26.76699
underground,Matosinhos,41.17369,-8.68941,23.05227,78.5553,0.19861,1008.52472,-0.41209,0.01739,-4.69323,40.05345,-79.34829,460.68014,6.1969
underground,Oeiras,38.71431,-9.23337,51.82455,22.35006,0.0551,1004.25981,-0.68337,0.29187,-5.88956,29.65152,52.21719,116.57572,140.95819
street_level,Matosinhos,41.17513,-8.68943,11.35833,4.67682,0.0221,998.8779,0.25325,0.0,1.48391,47.05899,-5.14798,0.0,5.12611
street_level,Matosinhos,41.17605,-8.68126,12.74241,1.20516,0.04878,1003.83854,0.18922,0.02775,-0.22364,22.34373,3.4473,8.32083,3.0
above,Arouca,40.93013,-8.24553,41.38573,75.15721,0.0,1003.32023,0.58852,0.25253,11.55213,26.57044,-7.85028,98.16665,3.0
above,Maia,41.20375,-8.55876,60.09643,86.57433,0.0,1008.28815,0.5003,0.24047,8.07094,36.73928,1.86175,250.38878,102.37325
above,Espinho,41.00646,-8.6398,83.81526,85.45504,0.0,1006.79667,0.19014,0.13088,7.27487,62.68048,15.19788,223.56727,98.05091
street_level,Maia,41.20243,-8.55931,4.84447,0.0,0.0,994.0357,-0.17171,0.00956,-0.91862,58.34126,-2.31108,1.10355,48.79654
street_level,Maia,41.2041,-8.55858,12.8092,1.29023,0.02026,1007.51639,0.13759,0.00435,0.10472,25.90355,4.15661,39.15201,3.0
street_level,Vila nova de Gaia,41.12518,-8.6112,17.43276,2.80287,0.0174,1002.76921,0.06019,0.02305,-3.23922,21.77431,1.49303,0.0,3.0
underground,Oeiras,38.70407,-9.22782,42.71965,74.39694,0.04106,1006.2916,-0.48096,0.0,-2.66744,31.57127,-52.53496,431.79518,3.0
underground,Espinho,41.00732,-8.64321,11.51599,78.78474,0.19455,1005.55842,-0.33861,0.02084,-4.90765,48.55189,-44.17632,324.48112,46.91426
underground,Matosinhos,41.17232,-8.68096,34.30726,78.67683,0.45665,1004.51614,-0.58885,0.30357,-4.75007,22.70499,42.40086,120.28859,179.60479
street_level,Vila nova de Gaia,41.1157,-8.60689,14.60326,0.0,0.02491,999.46662,-0.04685,0.01685,-2.83104,13.39945,3.49935,16.70013,3.0
street_level,Vila nova de Gaia,41.13372,-8.60861,12.4285,0.0,0.02263,1005.19711,0.46197,0.0,2.82266,31.38907,-4.54081,0.0,3.0
above,Maia,41.20213,-8.55759,62.02188,73.981,0.0,1005.67564,0.8751,0.0,5.88329,52.81551,10.55137,199.19168,50.81631
street_level,Espinho,41.00817,-8.64374,6.32034,3.89398,0.02176,1003.82837,0.12756,0.0,1.66398,43.32107,-5.73872,7.33687,3.0
above,Arouca,40.93013,-8.24533,68.67899,88.60966,0.0,1006.10582,-0.00421,0.06103,5.15164,48.11304,19.46446,215.30752,142.68987
above,Vila nova de Gaia,41.11625,-8.60633,68.18912,89.37299,0.0,1004.39982,0.71387,0.17925,10.13056,35.07197,20.2351,288.50646,144.00784
underground,Vila nova de Gaia,41.12533,-8.61807,39.55944,48.73435,0.56133,1002.46105,-0.6495,0.0,-6.46637,41.70105,2.50852,25.38342,122.13603
above,Espinho,41.01192,-8.63715,44.94655,75.46739,0.0,1004.26959,0.94772,0.27235,13.46306,11.10734,-3.59092,183.25853,9.68048
street_level,Espinho,41.01035,-8.64234,15.26864,13.9361,0.0,1010.99834,0.02177,0.00895,0.14711,48.30955,-5.8678,0.0,14.51679
street_level,Matosinhos,41.16834,-8.68844,6.90044,8.01624,0.0,1008.92401,0.59089,0.0,4.28472,32.72595,-2.49991,0.0,64.68287
street_level,Maia,41.20183,-8.55745,2.9035,0.0,0.00973,1000.42608,-0.41688,0.0,-1.37403,51.12086,-4.30587,0.0,3.0
street_level,Arouca,40.92967,-8.24837,11.61796,5.35469,0.0,998.60844,-0.50336,0.0,-0.84316,25.08338,-1.05338,0.0,8.65519
underground,Maia,41.20336,-8.55915,43.44239,41.35893,0.36823,1001.15616,-0.68565,0.2154,-4.31832,32.63669,28.41757,112.3604,178.70598
street_level,Maia,41.20217,-8.5577,17.13323,6.13817,0.0,1007.00405,0.00677,0.01769,2.0035,24.95068,-4.37625,30.66566,3.0
street_level,Arouca,40.92919,-8.2464,9.75947,4.34072,0.0,1004.88956,-0.03886,0.0,2.88461,48.46666,0.87902,0.0,62.43858
street_level,Arouca,40.93146,-8.24348,17.07452,7.27858,0.00368,1006.27735,-0.19406,0.01384,3.38898,18.14371,0.51895,0.0,18.55758
street_level,Maia,41.20371,-8.55905,16.31484,1.50079,0.0,1009.66171,-0.0374,0.0,5.74286,21.89076,0.27997,0.0,7.99126
street_level,Arouca,40.92938,-8.24651,12.97977,2.8969,0.0,1005.358,-0.03856,0.0,0.50922,28.42917,-6.08818,14.07448,30.28154
underground,Vila nova de Gaia,41.13018,-8.60807,43.4717,66.1636,0.18115,1002.00385,-0.72554,0.14332,-5.70821,22.51645,-0.76673,280.63468,163.8434
street_level,Arouca,40.93188,-8.24336,5.53428,2.98027,0.033,1004.35407,-0.27875,0.0,1.78702,63.9883,1.7092,0.0,18.29161
street_level,Espinho,41.0072,-8.64227,4.85179,7.01864,0.02648,1005.5009,0.1696,0.01714,-0.73316,5.0,4.18523,13.25012,3.0
underground,Oeiras,38.70405,-9.22829,32.9808,74.4275,0.25847,1003.67694,-0.5842,0.23829,-4.89417,29.48473,0.76741,293.30996,131.05711
street_level,Vila nova de Gaia,41.12999,-8.61711,5.32532,1.19611,0.0,993.58502,0.00709,0.00998,-0.63405,63.75879,1.78476,19.29437,54.5544
above,Vila nova de Gaia,41.13125,-8.60683,36.23276,80.43073,0.0088,1003.05492,1.29521,0.30649,13.24084,30.82223,-24.3535,149.16104,21.157
underground,Espinho,41.01034,-8.63708,44.99164,32.85471,0.12591,1004.587,-0.54638,0.0,-4.84886,37.01378,11.41651,218.19395,110.2092
above,Vila nova de Gaia,41.12536,-8.60636,31.82884,80.86814,0.0,1003.35941,1.57635,0.38045,8.38131,31.84302,-14.2799,5.64434,109.45209
underground,Arouca,40.93217,-8.24453,33.76359,102.09648,0.0,1004.18099,-0.49997,0.10442,-4.38153,54.53521,-57.64192,392.77723,35.0694
street_level,Matosinhos,41.17481,-8.68076,14.05362,0.0,0.0,1005.67344,0.24238,0.0,-2.58632,36.86807,-2.28927,0.0,4.07098
street_level,Porto,41.16239,-8.61567,10.84459,0.0,0.03128,995.8422,-0.42302,0.0,-1.00869,28.49398,5.99089,18.67122,3.0
underground,Porto,41.15144,-8.61516,45.39945,49.83234,0.2509,1001.97341,-0.42588,0.207,-5.78623,18.8596,22.94081,297.93696,142.22735
underground,Matosinhos,41.16831,-8.68883,25.89553,89.65334,0.23412,1002.10709,-0.58061,0.29739,-4.42354,35.0161,-24.76535,41.59812,91.1391
street_level,Espinho,41.00404,-8.64168,13.90674,12.01546,0.0,996.3648,-0.2875,0.0,-6.0472,21.26319,2.43536,15.97165,13.03516
above,Arouca,40.93136,-8.24332,42.44702,93.5818,0.01365,1004.74291,1.25459,0.22891,11.35876,28.04405,-1.89393,193.65182,114.03549
street_level,Maia,41.20333,-8.55897,9.05572,0.0,0.0,1001.0866,-0.90538,0.01311,0.50807,39.37383,10.77014,18.52243,3.0
above,Vila nova de Gaia,41.12254,-8.60929,50.7615,80.97234,0.0,1003.12414,1.12904,0.13234,10.21971,29.98175,6.28942,144.63499,24.58557
street_level,Vila nova de Gaia,41.13265,-8.61348,12.91898,0.0,0.0134,1003.6122,0.21802,0.0,-0.91837,17.94428,-1.7545,0.0,3.0
above,Vila nova de Gaia,41.12088,-8.61231,79.40834,92.86798,0.03349,1004.33435,0.79068,0.04477,4.71915,32.88512,23.77892,136.17329,127.91072
underground,Espinho,41.00655,-8.64238,18.6163,35.68768,0.1056,1009.69854,-0.36305,0.0,-2.76715,39.6581,-63.65657,295.6512,3.0
street_level,Arouca,40.92967,-8.24835,4.65755,7.0299,0.01943,1002.5914,0.39397,0.0037,6.37149,52.58847,1.88134,11.60633,78.39948
street_level,Arouca,40.93088,-8.24717,7.07992,0.0,0.0,1006.26293,0.23488,0.01983,6.30312,39.60428,0.82503,0.0,47.18691
street_level,Maia,41.20392,-8.55876,14.94825,0.0,0.0,1003.25314,0.03813,0.02083,0.27845,23.45556,-1.96187,0.89489,24.70019
underground,Maia,41.20223,-8.55772,29.26752,126.41454,0.46666,1003.53416,-0.58584,0.21496,-4.54429,37.84475,40.51107,202.92415,65.801
underground,Maia,41.20303,-8.55785,36.85087,4.23432,0.26764,1002.74012,-0.51126,0.26518,-6.08253,39.39495,-16.15739,115.62834,59.26459
above,Maia,41.20209,-8.55859,46.49327,85.57654,0.0,1004.13907,1.05147,0.28061,8.01329,29.33857,-11.20038,246.46246,4.85206
underground,Vila nova de Gaia,41.1216,-8.61512,25.30684,71.9667,0.0,1007.03014,-0.4138,0.08651,-4.51278,43.5924,-9.86081,244.22419,3.0
street_level,Matosinhos,41.17691,-8.68123,6.90931,0.26653,0.0,1002.94992,0.22,0.01398,0.31729,50.2109,-0.12771,0.0,38.4384
underground,Arouca,40.93115,-8.24719,44.6672,4.07112,0.43156,1004.98491,-0.66355,0.20804,-5.29463,39.32872,26.9719,293.84288,79.60809
underground,Matosinhos,41.17376,-8.68519,32.91358,36.4487,0.18844,1006.55036,-0.35591,0.07562,-3.74971,28.64269,-39.23389,391.85486,3.0
street_level,Oeiras,38.71274,-9.23427,7.08518,2.02733,0.01391,991.64143,0.05646,0.00627,0.28335,50.72652,4.24006,22.56935,3.0
street_level,Maia,41.2022,-8.55968,11.27667,0.0,0.0,994.52202,-0.03663,0.00817,-0.28372,15.45638,4.85458,0.0,3.0
underground,Vila nova de Gaia,41.11508,-8.6068,28.65847,80.68819,0.38237,1002.22763,-0.83548,0.03372,-5.2643,18.42645,3.21382,5.59718,68.38916
street_level,Arouca,40.92912,-8.24728,12.17871,0.0,0.01562,1001.51319,0.29938,0.002,-3.03824,50.53136,-3.92162,9.62351,27.96512
street_level,Porto,41.1458,-8.60721,13.21821,0.0,0.02271,998.56423,0.03824,0.00967,2.17576,22.29015,-2.39151,3.77861,9.57612
street_level,Vila nova de Gaia,41.1214,-8.6141,6.59974,1.06991,0.02824,996.89596,0.33193,0.0,3.88771,46.21473,-1.30393,25.31884,40.39091
underground,Vila nova de Gaia,41.13688,-8.61812,49.54476,43.82559,0.2795,1004.54001,-0.66759,0.1193,-3.94915,34.75477,-4.17637,0.0,66.31862
underground,Maia,41.20198,-8.55744,35.54355,41.3931,0.20202,1007.31192,-0.43637,0.0,-4.92332,54.07328,-12.68229,512.21232,101.11561
street_level,Vila nova de Gaia,41.12497,-8.60563,15.99308,0.0,0.01187,1008.43955,-0.07654,0.01544,-4.00658,30.53857,1.11727,32.4986,57.12063
underground,Porto,41.14225,-8.60623,28.63101,84.55866,0.1376,1007.13387,-0.29273,0.03344,-3.79657,44.4108,-61.31852,190.69917,3.0
underground,Arouca,40.9293,-8.24792,39.06045,19.82076,0.28882,1002.38855,-0.661,0.19485,-5.90208,30.20146,27.76162,169.27245,75.14045
street_level,Porto,41.14346,-8.61843,15.1308,0.0,0.0146,1003.58294,-0.41746,0.00974,-1.03288,36.39087,-4.66671,17.10714,11.82213
underground,Oeiras,38.69816,-9.29355,44.83854,77.67554,0.20781,1002.87454,-0.57665,0.12716,-6.09042,19.39528,-10.60048,285.45057,174.22871
underground,Arouca,40.93201,-8.24687,48.21684,59.49056,0.38063,1001.64048,-0.48555,0.22295,-5.18677,25.85934,40.50468,324.43339,192.2491
street_level,Vila nova de Gaia,41.12818,-8.60998,11.04802,10.29575,0.01494,999.91277,-0.03164,0.0,-0.73469,22.90346,5.26627,32.01711,3.0
street_level,Oeiras,38.71284,-9.2317,10.80569,6.71898,0.00357,998.01702,-0.48123,0.0214,-2.27883,22.03135,10.63807,0.0,3.0
above,Porto,41.15688,-8.66422,44.2955,84.8673,0.03408,1004.33664,0.82042,0.30082,10.8437,23.6358,-22.36952,92.9632,39.96957
underground,Porto,41.16181,-8.64802,33.16513,56.59915,0.07946,1007.63588,-0.45853,0.01547,-3.78075,34.30706,-55.46065,418.12215,55.86709
above,Maia,41.2019,-8.55809,74.96578,89.71314,0.01059,1008.12667,0.72914,0.0,6.10189,56.8984,14.22809,165.3935,96.23309
underground,Espinho,41.00838,-8.6371,22.73304,111.57651,0.48323,1004.66119,-0.57781,0.20885,-6.32559,27.92259,31.31596,88.97514,102.37024
street_level,Matosinhos,41.16837,-8.68816,11.92073,3.58544,0.0,998.29954,0.12188,0.01571,-0.70121,11.37389,3.19644,0.0,6.71461
underground,Maia,41.20209,-8.55772,34.79393,119.31986,0.67731,1004.55755,-0.5898,0.22815,-5.77488,30.51671,30.61273,177.93292,174.61269
street_level,Oeiras,38.70104,-9.22706,11.168,0.0,0.0,993.39866,-0.08087,0.00664,1.58977,40.77112,3.49272,0.0,3.0
street_level,Porto,41.14109,-8.61527,9.70161,13.98606,0.01652,1002.98528,0.75466,0.0,4.62338,25.69795,-1.51908,0.0,50.80664
street_level,Arouca,40.93199,-8.24324,10.23247,12.85323,0.0,999.43622,0.42383,0.0,6.93707,39.65737,4.15997,7.45313,66.75721
above,Matosinhos,41.17158,-8.67954,55.22361,73.46626,0.0,1002.50977,1.80263,0.11075,17.95196,25.62279,-13.66807,161.02953,32.88671
street_level,Matosinhos,41.17248,-8.6814,5.32338,17.41507,0.00134,1005.98177,0.55052,0.01016,8.75487,34.82554,6.08736,0.0,79.42139
street_level,Porto,41.16251,-8.59384,4.79623,8.22964,0.02207,992.12704,0.20128,0.0,-0.1501,42.68779,2.62293,9.31732,27.33441
street_level,Arouca,40.92925,-8.2464,13.83105,0.0,0.00247,1005.50956,-0.31777,0.0,-1.57122,25.65111,-2.15462,14.03478,3.0
street_level,Porto,41.1483,-8.66984,11.68337,0.0,0.0,1002.05269,-0.32987,0.02281,-0.56865,63.53591,2.56685,0.0,3.0
underground,Oeiras,38.71388,-9.23671,28.27008,101.63546,0.0,1007.36966,-0.39568,0.06737,-2.2879,30.33336,-39.42729,276.63619,16.22012
above,Maia,41.20191,-8.55826,73.11241,94.69871,0.04689,1005.68544,1.35386,0.12932,2.81689,31.38601,8.98434,279.93425,90.37851
underground,Matosinhos,41.17726,-8.68104,45.49374,54.71635,0.24104,1002.77212,-0.71716,0.26377,-5.0014,28.49302,4.18735,321.059,166.42217
street_level,Vila nova de Gaia,41.12919,-8.61578,6.08824,0.68014,0.0103,1006.8992,-0.0152,0.01433,-1.922,38.01016,-1.17691,0.0,5.33455
underground,Espinho,41.00717,-8.64332,27.40339,93.23534,0.23947,1006.00554,-0.36637,0.16787,-4.51264,49.89126,-85.19489,336.14227,11.73119
underground,Espinho,41.0085,-8.63993,33.51607,56.28737,0.0,1005.28403,-0.34482,0.0671,-3.69846,44.70558,-51.17581,256.12748,3.0
street_level,Porto,41.16055,-8.62112,10.17533,0.0,0.0,1001.84784,0.58629,0.00669,5.98667,47.32465,4.3107,0.0,67.43954
street_level,Matosinhos,41.17253,-8.68138,8.39524,0.0,0.03053,1005.04557,0.00199,0.00344,-4.27483,21.14433,9.57896,5.02519,3.0
underground,Vila nova de Gaia,41.11586,-8.60687,35.08607,66.96027,0.34265,1002.71224,-0.51374,0.17044,-5.11716,17.21898,23.77524,161.43237,65.71414
street_level,Vila nova de Gaia,41.12879,-8.60967,18.2488,0.0,0.00181,1006.14016,-0.06353,0.0,1.95008,37.83874,0.43899,23.33799,5.68165
underground,Vila nova de Gaia,41.11554,-8.60673,22.57326,96.14696,0.58793,1003.80276,-0.71841,0.13578,-4.49615,26.73464,22.61639,0.0,81.5643
street_level,Espinho,41.00396,-8.63799,7.69969,3.63205,0.02817,999.1238,0.17084,0.0,-0.0281,5.0,1.19503,2.71729,3.0
underground,Espinho,41.0104,-8.64103,35.41757,88.91333,0.0,1007.33742,-0.41101,0.0,-2.98267,51.00584,-18.84909,528.49715,62.75534
street_level,Maia,41.20293,-8.5578,11.45636,1.84641,0.02639,1002.70951,0.1675,0.0,3.73178,60.14954,-1.27943,0.0,10.85467
underground,Arouca,40.92934,-8.24735,23.92261,35.4972,0.22692,1004.63576,-0.62366,0.14326,-4.27735,19.17415,-14.52418,100.18369,68.14416
street_level,Oeiras,38.69845,-9.23133,1.0,0.36692,0.00759,1005.53167,-0.44116,0.0,-3.08665,36.77536,-0.72519,13.98948,32.49611
underground,Vila nova de Gaia,41.11778,-8.60627,34.42187,55.08497,0.37101,1005.91617,-0.49066,0.02851,-4.60905,51.22855,-67.38424,234.01928,53.32891
underground,Porto,41.17833,-8.64988,50.41512,54.84213,0.0,1003.95351,-0.65484,0.14389,-4.66858,37.79703,14.46426,0.0,124.87021
street_level,Espinho,41.00637,-8.63633,8.40752,0.0,0.0,999.24798,0.17269,0.0,-1.35302,40.735,-0.57023,7.26962,30.46627
street_level,Matosinhos,41.17361,-8.68898,6.12013,3.60789,0.00178,1005.29514,-0.03459,0.0,-0.21578,41.50724,-2.91635,0.0,26.63577
street_level,Maia,41.2036,-8.55895,3.49372,4.38915,0.0,1006.27818,0.76405,0.01039,3.8466,39.54855,-1.87793,0.0,41.07624
underground,Maia,41.2021,-8.55758,23.51701,48.41112,0.0129,1007.30818,-0.43317,0.00862,-4.63657,46.50285,-23.97908,440.61451,24.71865
above,Porto,41.15667,-8.60461,58.84101,90.77684,0.0,1006.16169,1.26084,0.11949,5.71915,35.75719,7.85559,257.74855,102.03322
above,Maia,41.20206,-8.55756,37.90664,81.96045,0.00287,1002.80044,1.07023,0.22858,10.13843,13.06071,-16.90694,103.67753,15.98439
street_level,Espinho,41.00589,-8.6441,15.85988,2.50577,0.01063,1004.90886,-0.00098,0.0,-0.37139,23.64044,-7.45349,4.50221,3.0
underground,Arouca,40.93113,-8.24732,46.34756,1.63887,0.03821,1001.14713,-0.63617,0.17725,-4.77099,39.63448,-42.50606,151.77333,142.62182
street_level,Maia,41.20316,-8.55892,11.80776,0.0,0.0,1004.81192,-0.28027,0.0,1.76023,30.11291,0.56904,24.73639,11.5002
street_level,Maia,41.20243,-8.55948,16.51352,8.08311,0.0,1009.41945,-0.42861,0.00571,0.37087,34.82562,-4.77441,0.0,15.17058
street_level,Arouca,40.93125,-8.24587,13.9775,0.0,0.0,1002.46593,0.14116,0.0,-0.33781,15.54245,3.49678,5.23362,17.77635
street_level,Espinho,41.01065,-8.64275,5.28588,0.0,0.0,998.12149,-0.09474,0.00112,-0.21556,65.4865,1.65155,0.0,3.0
underground,Espinho,41.01118,-8.63836,30.67596,55.80355,0.0,1009.38982,-0.37205,0.14458,-4.98866,51.95532,-47.48109,288.87687,19.08878
underground,Espinho,41.00697,-8.64144,22.1255,78.07037,0.24731,1002.13828,-0.71325,0.23709,-6.04072,13.38713,-6.6088,68.69714,125.97062
street_level,Espinho,41.00399,-8.64234,15.36766,5.68262,0.0327,997.05171,-0.76488,0.0,0.38216,24.85701,4.94206,24.98514,13.71091
underground,Oeiras,38.68604,-9.31274,43.55584,89.62831,0.45974,1001.46839,-0.69973,0.26761,-4.13816,42.12574,-3.90406,134.99632,42.41996
underground,Oeiras,38.69135,-9.31334,31.1498,49.82749,0.05321,1005.36614,-0.43557,0.1939,-3.80095,45.10677,-47.77722,286.88683,39.52093
street_level,Arouca,40.9309,-8.24758,15.94597,0.0,0.0,1008.53751,-0.12355,0.0,1.1797,45.10709,-3.14234,0.0,3.0
street_level,Espinho,41.00938,-8.64259,15.33562,2.88031,0.0,1006.73083,-0.06878,0.0,2.70126,43.52423,-7.82458,0.0,3.0
underground,Maia,41.20204,-8.55752,17.19977,54.67249,0.53969,1006.41974,-0.58867,0.0405,-5.67399,20.17729,-7.16871,0.0,123.29723
street_level,Matosinhos,41.17518,-8.68673,4.85582,0.0,0.0,1001.74497,0.17473,0.02328,-1.60356,56.97086,-4.04122,0.0,3.0
street_level,Porto,41.15263,-8.62816,14.09277,1.60278,0.0,1003.31444,-0.10513,0.0,-4.63828,18.92149,6.40678,41.02078,6.40472
street_level,Arouca,40.93148,-8.24289,7.01567,22.16427,0.0,1002.444,0.61454,0.00851,6.40286,29.98821,-0.98833,0.0,45.35402
underground,Oeiras,38.70118,-9.22689,40.67728,0.0,0.37709,1003.89995,-0.69067,0.01219,-5.60172,36.27037,32.13193,126.55812,99.55961
street_level,Arouca,40.93068,-8.24715,11.572,0.24307,0.0,1007.88142,-0.09247,0.0,-1.06951,42.42597,-5.3578,33.00101,17.93857
underground,Arouca,40.93113,-8.24748,28.87318,102.49177,0.45569,1004.89732,-0.60563,0.27992,-5.46419,21.47192,0.50849,123.4038,130.53258
underground,Oeiras,38.70648,-9.22583,38.68683,101.38794,0.45248,1003.35236,-0.62957,0.12032,-4.96413,27.00787,8.29454,40.34862,98.09191
street_level,Arouca,40.92994,-8.24528,8.83033,5.99756,0.0,1000.42295,-0.19716,0.0,2.17693,22.03057,2.05379,0.0,12.73068
street_level,Matosinhos,41.17218,-8.68049,10.68556,5.58936,0.0,999.54906,-0.32843,0.01232,0.02965,30.18217,6.76269,0.0,27.87368
above,Espinho,41.00758,-8.64453,64.94826,87.76206,0.02405,1005.16027,1.09194,0.07164,6.84302,43.40598,1.86778,297.75191,97.50148
street_level,Espinho,41.00739,-8.64143,6.92756,2.31562,0.03607,995.32337,-0.09228,0.0,-0.63836,25.28489,7.58465,4.24268,34.12152
underground,Oeiras,38.72741,-9.23662,36.0441,41.20213,0.0,1006.93562,-0.49165,0.0,-4.39027,39.40275,-56.39476,319.84495,3.0
street_level,Arouca,40.93083,-8.24749,8.68473,7.24437,0.0,1009.97872,0.58719,0.0188,1.76464,63.05383,-0.34101,12.66669,81.75102
street_level,Vila nova de Gaia,41.12784,-8.61126,11.20378,4.49589,0.02073,1007.9541,0.24048,0.0,1.10407,38.91947,-5.06963,36.24074,10.30727
underground,Espinho,41.01166,-8.63792,38.34042,30.27007,0.05296,1003.2291,-0.55082,0.13655,-5.4925,28.20426,25.92643,175.59146,50.08867
above,Espinho,41.00422,-8.63808,44.32859,84.77935,0.0,1002.62397,1.18099,0.12973,12.61608,19.98197,-1.88378,155.20137,42.44264
underground,Oeiras,38.70231,-9.22763,32.68867,86.39631,0.0,1007.3049,-0.52057,0.06866,-3.82638,41.98736,-44.72536,137.53074,71.24646
street_level,Oeiras,38.70946,-9.29185,12.37177,0.0,0.0,1002.93717,-0.04979,0.01059,-3.2167,40.03305,-0.25155,0.0,3.0
above,Oeiras,38.70426,-9.22865,47.2427,93.92381,0.0,1006.26593,0.80433,0.05822,7.26041,35.99904,3.44896,171.57362,77.4585
street_level,Espinho,41.00865,-8.63803,8.00388,0.0,0.00474,997.9795,-0.03243,0.01488,1.02539,49.065,-0.5552,26.84888,3.0
street_level,Matosinhos,41.17528,-8.68974,11.86317,0.0,0.0,996.20319,0.0686,0.00203,0.47932,49.42239,4.29333,0.0,3.0
above,Vila nova de Gaia,41.1282,-8.61816,78.75739,89.33228,0.00955,1006.31212,0.42296,0.0,6.75275,59.51398,17.10664,154.61767,113.29466
street_level,Oeiras,38.69964,-9.30004,10.12629,0.0,0.02768,997.05438,0.2289,0.01238,0.27611,55.54853,-2.3283,0.0,10.01107
underground,Vila nova de Gaia,41.11924,-8.60901,29.55882,65.81774,0.03244,1004.40876,-0.34957,0.06226,-4.88196,53.91013,-54.09417,318.88781,11.58316
street_level,Arouca,40.93129,-8.24661,11.69341,0.0,0.01117,1005.62415,0.77439,0.0,-2.94542,42.40759,2.02478,2.87383,18.04713
above,Arouca,40.93123,-8.24743,32.56421,97.15451,0.0352,1002.16271,1.46158,0.12659,11.94738,24.4782,-9.57507,178.58589,46.10415
above,Matosinhos,41.17728,-8.68135,36.24278,84.10598,0.0,1002.70612,1.05839,0.18073,12.99219,25.50361,1.72067,73.77785,32.37941
underground,Matosinhos,41.17709,-8.681,40.26572,120.24208,0.0,1005.80586,-0.52457,0.08367,-4.40448,47.90103,-33.81095,315.63691,78.85622
underground,Vila nova de Gaia,41.13324,-8.61795,20.98676,55.67771,0.0,1005.44963,-0.34558,0.0,-3.83767,42.70533,-84.00762,207.4738,16.22996
above,Maia,41.20344,-8.55936,35.7663,77.17041,0.01445,1004.7164,1.38132,0.1396,12.42185,30.89343,-4.967,46.63213,3.0
underground,Oeiras,38.71453,-9.23715,31.73041,131.40023,0.40939,1003.72635,-0.56478,0.2647,-5.36743,22.81756,-5.2319,154.49973,65.12754
street_level,Espinho,41.00625,-8.63954,4.40326,4.90338,0.03744,1004.11547,0.30318,0.01199,3.56447,16.91139,2.38882,0.0,69.32309
street_level,Espinho,41.00716,-8.63622,14.80127,5.5399,0.00098,1013.707,0.73761,0.0,-1.45582,27.39387,-9.41643,22.73413,3.0
underground,Maia,41.20323,-8.5593,46.96449,9.84662,0.21602,1003.04124,-0.52074,0.22134,-4.76547,45.1621,-10.55351,306.13424,184.3563
street_level,Espinho,41.01079,-8.64075,13.33516,0.0,0.00919,1000.59348,0.16874,0.00171,-2.40274,39.45711,-4.28518,6.28126,8.35153
above,Porto,41.15845,-8.59505,66.89446,90.2229,0.01408,1004.99891,1.41402,0.047,3.79926,57.0926,19.92554,197.7661,121.02987
street_level,Arouca,40.93006,-8.24541,11.70934,0.0,0.00758,1004.49463,0.06241,0.00336,2.7291,6.57696,0.70022,0.0,37.36057
street_level,Maia,41.20261,-8.5595,9.17075,3.80766,0.0,1004.68465,0.81596,0.01461,7.9261,39.85843,-0.00458,0.76385,33.65557
street_level,Oeiras,38.71511,-9.22522,10.49363,0.0,0.01249,1010.92989,0.04871,0.00713,2.64736,38.05363,1.5296,0.0,3.32896
street_level,Arouca,40.92972,-8.24728,15.95492,6.66255,0.0,999.78791,-0.04927,0.00635,-3.84442,7.89639,1.38744,0.0,3.0
underground,Oeiras,38.70128,-9.22662,34.75322,49.1958,0.0,1007.47915,-0.51825,0.02445,-3.14924,56.45288,-28.82522,167.96834,3.0
above,Matosinhos,41.17471,-8.68264,29.37633,88.18136,0.028,1003.16289,1.41468,0.16662,14.52006,17.23665,1.27047,111.5276,5.74214
street_level,Porto,41.14739,-8.59984,8.53925,0.0,0.0,1011.27568,0.05405,0.0187,0.97804,31.75365,-2.82839,0.0,16.12578
above,Matosinhos,41.17267,-8.68095,47.37699,79.40262,0.02142,1003.43375,1.24996,0.312,10.83896,35.35746,-9.2624,0.0,104.07098
underground,Porto,41.14346,-8.61843,36.69989,101.88375,0.37841,1003.30034,-0.62492,0.00166,-4.46151,23.30311,33.16246,3.33973,97.60646
above,Porto,41.16504,-8.61988,63.57351,85.93875,0.02235,1005.40458,0.72052,0.0,3.82699,53.39292,10.6906,244.10233,96.07965
above,Oeiras,38.68253,-9.32202,56.97054,101.59141,0.0,1007.1997,0.49278,0.0,3.38885,52.93862,-9.9683,345.61529,114.50824
street_level,Espinho,41.01189,-8.64417,14.39893,0.0,0.0,1001.06451,0.39865,0.01439,1.78628,56.61596,-5.44848,53.88359,3.0
above,Espinho,41.00616,-8.63971,68.75503,84.51177,0.0,1005.6243,0.66638,0.04184,7.61965,47.206,11.15656,334.25023,102.40109
above,Oeiras,38.72471,-9.23693,69.82556,91.3411,0.0164,1005.74477,0.62603,0.22006,11.23147,59.32081,16.50183,202.03733,103.4394
street_level,Maia,41.20326,-8.55903,15.02808,2.35921,0.0,1001.15266,-0.84298,0.00558,-1.10021,22.8331,6.25972,1.56536,3.0
underground,Espinho,41.00386,-8.64238,43.2476,46.75118,0.08499,1002.41967,-0.61083,0.19821,-5.19716,27.21202,46.7475,157.45914,151.30073
street_level,Arouca,40.93177,-8.24716,8.46324,6.13929,0.00053,999.35451,-0.39955,0.0,2.67333,55.56153,0.53101,0.0,3.0
street_level,Matosinhos,41.17575,-8.68904,12.43353,0.0,0.0,1001.23373,0.31774,0.00682,0.87276,15.00791,2.83366,13.02264,3.0
street_level,Arouca,40.93077,-8.24763,4.42379,0.0,0.00656,1004.26703,0.28897,0.00849,0.08592,54.02678,-4.525,0.0,3.0
street_level,Matosinhos,41.17689,-8.68154,8.32959,7.31981,0.0,1002.18184,-0.23637,0.0,4.49256,57.83327,-9.94692,0.0,3.0
underground,Oeiras,38.70139,-9.22816,51.66446,36.26223,0.49126,1002.28998,-0.5442,0.11004,-4.42646,23.81244,13.44877,285.38298,124.326
above,Matosinhos,41.17197,-8.68,43.64663,90.55784,0.01003,1002.26043,1.21759,0.18442,13.82083,19.45654,-6.44805,90.72316,8.68996
street_level,Porto,41.14491,-8.61546,16.81779,0.0,0.0,1004.83354,0.08869,0.0,0.04055,34.18605,-7.62158,16.64008,3.0
street_level,Maia,41.2021,-8.55952,11.88332,2.59155,0.02163,997.34444,0.42688,0.0,-3.55828,6.8162,-9.54501,2.67935,3.49752
above,Oeiras,38.71679,-9.23855,46.01411,87.11559,0.00741,1006.13237,1.03149,0.09665,7.915,29.56442,3.41724,123.37753,17.96948
underground,Oeiras,38.7017,-9.23175,32.01296,98.30808,0.0,1005.7613,-0.5746,0.08244,-3.49454,36.85215,-25.6928,294.67197,3.0
street_level,Espinho,41.01167,-8.63858,9.88736,0.0,0.0,1004.02353,-0.3771,0.01123,-1.79784,51.82119,0.69529,0.0,15.00858
underground,Porto,41.15443,-8.63503,22.13054,72.59268,0.41701,1002.84683,-0.73289,0.11813,-5.25247,37.99182,-13.86627,56.15213,191.4234
above,Matosinhos,41.17547,-8.68617,55.85409,93.0471,0.0215,1005.07493,0.47181,0.14391,6.46508,49.37476,13.47338,235.11272,131.58427
underground,Porto,41.15565,-8.62377,24.66809,97.83999,0.27627,1006.02954,-0.58948,0.18297,-5.71559,23.03081,-21.37996,221.99715,77.02978
above,Arouca,40.92992,-8.24661,73.79621,90.63968,0.0,1007.02112,0.91905,0.15265,7.19174,59.04591,-2.10013,271.18395,150.06633
street_level,Maia,41.20315,-8.55897,12.776,3.5739,0.0,994.82506,0.31191,0.0,3.56809,36.4572,3.42667,0.0,42.58389
street_level,Maia,41.20182,-8.55767,18.12665,0.46093,0.0126,1007.44299,0.11589,0.00417,-0.25505,26.63265,-1.55406,0.0,26.23823
street_level,Maia,41.20402,-8.55884,11.13726,2.32178,0.0,1014.53923,0.12321,0.02939,-2.42812,52.81064,-8.16051,5.28155,3.0
underground,Porto,41.15051,-8.60894,33.68486,84.5093,0.06306,1007.40785,-0.41887,0.0,-2.99098,41.10185,-41.16037,374.32325,38.34141
underground,Arouca,40.9293,-8.24865,32.68067,116.83666,0.33725,1005.35208,-0.60602,0.11668,-6.33719,27.92233,13.01547,173.12116,139.60286
street_level,Vila nova de Gaia,41.13905,-8.60938,11.97676,1.33861,0.0,997.29704,-0.37653,0.00755,-5.19317,13.21192,-1.59461,9.85125,3.0
street_level,Arouca,40.93177,-8.24694,1.0,9.36255,0.0,998.71857,0.64127,0.0,5.21683,32.65316,-2.32201,0.0,46.25227
underground,Oeiras,38.70902,-9.29514,32.9401,56.73928,0.0,1004.99345,-0.33341,0.0,-3.70537,43.41303,-76.77114,370.07616,86.36998
street_level,Vila nova de Gaia,41.12414,-8.62007,7.91538,0.59125,0.0,998.32641,0.15974,0.0,-4.6121,18.08041,4.47903,1.02908,3.0
underground,Vila nova de Gaia,41.12012,-8.60609,27.02039,34.65376,0.38543,1007.48467,-0.41027,0.07772,-4.61861,39.74748,-68.66298,351.53858,3.0
street_level,Maia,41.20187,-8.55764,12.93044,4.17441,0.0046,1002.67595,0.31985,0.00763,5.79211,35.08479,0.33333,26.4057,111.99591
street_level,Arouca,40.93033,-8.24469,12.0929,9.13426,0.0035,998.06918,0.39907,0.0,-2.29536,10.76431,7.97377,28.04815,13.50736
above,Porto,41.16429,-8.63709,41.87592,93.35827,0.0364,1005.8302,1.28639,0.29214,11.67187,21.55793,-25.68272,1.45782,39.04088
street_level,Arouca,40.93026,-8.24443,4.99157,0.0,0.0,1003.8522,0.34922,0.0,-5.02676,43.09589,3.5333,3.89678,3.0
above,Espinho,41.01071,-8.63835,46.6458,96.06785,0.01343,1003.26452,1.38201,0.27497,5.09342,38.34296,-5.45602,153.92567,57.80388
underground,Porto,41.15258,-8.62908,26.28497,91.07916,0.36618,1001.66596,-0.67416,0.18626,-5.16978,26.09802,6.62826,50.03715,65.73308
above,Oeiras,38.71397,-9.22667,36.71705,77.1112,0.0,1003.79094,1.37959,0.11827,7.66783,29.97429,-2.58712,62.41592,3.0
street_level,Oeiras,38.71325,-9.23818,14.52101,11.3425,0.0,1002.34321,-0.1228,0.01879,0.6601,28.90123,-4.74464,0.0,13.23531
street_level,Porto,41.16485,-8.60245,14.76739,1.57449,0.0,992.83389,-0.19701,0.00647,3.0025,29.0258,7.5426,0.0,3.0
street_level,Vila nova de Gaia,41.12388,-8.61934,10.92387,8.04663,0.0,1002.37593,0.35588,0.01283,6.88669,18.92747,-0.43369,0.0,91.49203
street_level,Oeiras,38.72707,-9.23991,14.26496,0.0,0.00727,996.46001,0.28657,0.0,-0.95994,49.01785,-0.92072,7.02995,8.94008
above,Espinho,41.00593,-8.64135,24.5571,76.66965,0.04697,1002.88896,1.6844,0.134,7.53583,28.73481,-7.48758,75.0384,34.10588
street_level,Vila nova de Gaia,41.13297,-8.61138,12.37893,0.0,0.03282,1014.26325,0.36853,0.02073,4.51007,59.04266,-5.79293,0.0,46.80357
underground,Espinho,41.01214,-8.63709,49.15943,62.61618,0.24348,1004.74916,-0.58875,0.26681,-5.49563,20.72596,-2.35732,143.1266,141.58114
street_level,Porto,41.15913,-8.66559,10.4168,3.49473,0.01812,1006.05856,0.2261,0.0,2.56744,37.52327,-8.37901,16.77339,3.0
above,Matosinhos,41.1732,-8.6874,65.96196,85.24888,0.0,1005.2201,0.36818,0.0,4.21113,47.0849,7.48029,210.13886,182.34528
street_level,Arouca,40.92925,-8.24643,8.81981,0.0,0.00879,1003.97864,-0.20518,0.0069,-1.76752,30.56872,7.44727,0.0,3.0
street_level,Arouca,40.92928,-8.24734,9.158,3.63478,0.01518,1004.2149,-0.55885,0.0,-0.68259,52.18637,-5.1408,0.0,3.0
street_level,Espinho,41.00867,-8.63792,12.12768,5.18317,0.0,995.50545,0.12864,0.0,3.16607,37.71367,1.63285,5.37186,3.0
street_level,Arouca,40.93165,-8.24332,7.82722,2.87983,0.03038,995.49554,0.32868,0.0,3.17372,48.35037,-4.2692,26.93455,55.65855
street_level,Oeiras,38.70829,-9.22815,10.53622,2.38187,0.0,999.61787,0.86443,0.00051,3.39335,37.06378,-2.87915,0.0,28.70896
underground,Porto,41.15696,-8.67943,41.84441,17.35535,0.2444,1001.5437,-0.63805,0.21009,-5.19232,19.3206,-2.36526,214.15484,127.19144
street_level,Oeiras,38.70324,-9.22928,11.87118,0.0,0.00912,1003.69184,-0.01683,0.00117,-1.75254,14.51518,-4.13902,0.0,3.0
street_level,Espinho,41.0065,-8.64133,6.32026,5.26818,0.00317,1000.08442,0.71886,0.0,6.417,41.00314,-1.01454,0.0,56.37238
above,Porto,41.15863,-8.63324,44.29338,73.00245,0.01559,1004.30996,1.05351,0.26698,11.20499,34.17299,-21.6097,36.0565,10.21573
underground,Espinho,41.00665,-8.64089,54.03401,39.27573,0.22005,1005.29248,-0.49476,0.1234,-4.30972,44.19735,48.71633,262.51709,139.36271
street_level,Porto,41.15978,-8.64789,12.33304,16.54909,0.00688,1003.348,0.45492,0.0,6.47035,28.05774,3.11528,36.59487,60.58906
street_level,Arouca,40.93106,-8.2447,7.12415,0.87027,0.02051,1002.99321,1.14447,0.00561,8.06711,42.45629,4.81985,10.3704,67.36185
street_level,Maia,41.20262,-8.55954,8.50089,0.0,0.0,997.49836,-0.08326,0.00977,-1.37151,18.80254,3.59329,2.69522,3.0
street_level,Maia,41.20197,-8.55846,15.20944,7.99567,0.0,1001.29036,-0.04492,0.00125,0.49597,25.94874,6.17191,0.0,39.15852
above,Arouca,40.92919,-8.24646,42.52631,79.84569,0.0,1001.14179,1.31647,0.18563,12.0989,56.01725,-6.52823,141.67204,8.53726
street_level,Matosinhos,41.17367,-8.68855,12.44572,2.04032,0.0,996.63905,-0.1132,0.0,-0.30457,34.64857,3.11713,0.0,12.40662
above,Vila nova de Gaia,41.13026,-8.60621,57.65634,84.55265,0.0,1004.38652,1.02032,0.12437,8.1913,58.78176,3.51858,239.275,95.92437
above,Vila nova de Gaia,41.12516,-8.61633,40.08758,97.71997,0.0,1005.29681,1.1935,0.21606,8.91093,29.86951,-16.66245,97.77855,3.0
street_level,Espinho,41.00829,-8.63793,9.02525,1.32307,0.03457,1001.92739,0.68973,0.00479,5.45837,31.79158,1.53768,30.28865,114.00529
street_level,Maia,41.20212,-8.55753,12.84536,7.40478,0.0,1003.68767,-0.23115,0.00812,2.82323,20.27729,2.70758,1.9014,3.0
street_level,Matosinhos,41.17705,-8.68093,5.54096,4.60828,0.0,994.20197,0.25516,0.0,-0.99256,55.1923,3.39265,0.34623,3.0
underground,Maia,41.20192,-8.55774,28.60807,70.87762,0.22235,1003.7557,-0.5683,0.23908,-5.53039,21.77361,36.44972,241.82003,96.23402
street_level,Matosinhos,41.17308,-8.68066,6.42147,0.0,0.0,1005.27167,0.75995,0.02686,5.08659,22.54513,0.42732,0.0,50.79992
street_level,Oeiras,38.72433,-9.24331,8.61646,3.57406,0.03365,994.70047,-0.04968,0.0,-0.08795,80.49927,-0.62984,0.0,3.0
underground,Matosinhos,41.16852,-8.68797,35.25092,94.97396,0.09738,1007.57109,-0.448,0.03639,-4.76107,46.96077,-33.72084,547.49285,16.22342
street_level,Espinho,41.0073,-8.64427,8.64177,0.0,0.0,994.56975,0.02778,0.00182,-2.26279,58.99722,3.13138,0.0,3.0
underground,Vila nova de Gaia,41.13282,-8.61569,34.7642,78.64637,0.19566,1002.72973,-0.61358,0.11236,-5.32891,28.43778,-5.39258,0.0,68.81699
underground,Arouca,40.9307,-8.24727,27.49487,77.72243,0.22768,1002.3202,-0.56197,0.24123,-6.02998,25.54728,24.68815,41.88713,132.04212
above,Maia,41.20198,-8.55827,46.44542,76.81937,0.02793,1004.34793,1.24422,0.25875,8.81081,46.51221,-19.69482,31.28066,40.3271
street_level,Matosinhos,41.17501,-8.68143,13.52241,6.64254,0.0,1004.77927,0.16738,0.01402,-2.28325,37.54107,-6.87319,0.0,24.08184
street_level,Porto,41.16241,-8.59382,14.77556,0.0,0.00673,1002.13215,-0.18024,0.01697,3.62917,26.94688,-1.91103,1.55079,12.74764
street_level,Porto,41.15404,-8.5927,15.55163,0.0,0.0,1003.03452,0.34816,0.00845,0.31299,43.06858,-8.41866,3.55318,8.35895
street_level,Espinho,41.01053,-8.63791,9.597,0.0,0.0,1004.96469,0.00432,0.01619,3.22849,42.34922,3.89541,0.0,3.0
street_level,Porto,41.15374,-8.67425,14.83565,5.74108,0.03536,1011.2959,0.16478,0.02055,4.64333,30.4534,2.40371,0.0,73.44553
underground,Oeiras,38.68312,-9.3238,27.8095,36.09627,0.13074,1008.84109,-0.44527,0.0,-4.85049,56.72879,-12.69908,110.93746,47.33323
street_level,Maia,41.20225,-8.55774,18.33536,0.0,0.0,1002.08303,0.24271,0.01388,-3.67926,32.89711,-8.57925,5.54225,3.0
street_level,Arouca,40.92921,-8.24792,6.259,0.52626,0.0,1000.17308,0.19871,0.0,-1.30624,58.35252,-2.6219,0.0,13.05288
underground,Vila nova de Gaia,41.12555,-8.61788,43.7268,76.13095,0.41671,999.32731,-0.6062,0.20727,-4.99407,25.28802,0.99965,160.70148,42.10686
street_level,Espinho,41.00517,-8.64374,1.8554,0.0,0.0,991.98213,0.00178,0.0,1.34273,52.31621,5.89465,0.0,14.81292
street_level,Vila nova de Gaia,41.1261,-8.61028,7.8729,8.35967,0.00299,1008.40286,-0.16423,0.0,1.17556,36.53356,-6.37254,4.43063,68.09754
underground,Oeiras,38.71674,-9.23757,54.36414,0.0,0.41515,1004.59796,-0.43312,0.20566,-4.71727,40.4251,-21.26335,157.50073,111.70682
above,Porto,41.1511,-8.63753,39.49782,73.67821,0.00834,1001.62929,1.86658,0.29552,8.43585,14.79196,-16.55142,145.82647,9.00001
street_level,Matosinhos,41.17509,-8.69048,11.43832,0.29472,0.00817,1005.3499,-0.18511,0.0,2.95714,56.46697,-2.2991,0.0,3.0
underground,Matosinhos,41.17166,-8.67905,23.03499,102.75176,0.10825,1002.09973,-0.54237,0.29823,-4.91205,20.0903,-20.37425,20.98722,156.68069
street_level,Porto,41.16025,-8.58309,8.51737,6.693,0.00375,1003.23814,-0.7292,0.0,2.00332,16.13604,-0.38242,0.0,10.52548
underground,Arouca,40.92955,-8.24852,26.01455,94.20774,0.15922,1004.08892,-0.54258,0.26889,-4.12348,28.5436,0.70757,44.50555,118.23686
underground,Oeiras,38.7124,-9.3113,22.59683,38.70782,0.16881,1006.99539,-0.61113,0.0,-3.28942,34.59438,-67.2729,226.50994,57.15391
underground,Matosinhos,41.16753,-8.68807,37.92722,34.29965,0.21606,1004.65163,-0.56553,0.09584,-3.14441,34.7481,-15.76815,174.18844,139.50143
street_level,Porto,41.16011,-8.6078,9.92158,14.31799,0.0189,1003.19338,0.32526,0.0,5.90484,19.66133,5.05978,0.0,73.40396
street_level,Maia,41.20209,-8.55772,10.63103,13.61333,0.0,1007.78221,0.62392,0.00669,3.2404,5.0,-1.57613,9.80387,57.31614
street_level,Matosinhos,41.17716,-8.68146,6.41317,6.83,0.0,1001.37668,0.44302,0.00047,-0.58992,53.722,4.87735,6.76877,53.88782
street_level,Vila nova de Gaia,41.12653,-8.61124,17.88774,4.13519,0.0,1007.45945,-0.13052,0.0,4.52539,42.25636,-4.17607,8.9789,3.0
street_level,Matosinhos,41.17687,-8.68597,10.49896,0.0,0.0,1002.27416,-0.1563,0.00298,-1.93074,34.0012,7.5824,0.0,69.99343
above,Porto,41.14722,-8.62045,42.51194,88.88423,0.00176,1005.30888,1.32337,0.11418,8.78325,22.38339,-7.10715,208.21286,40.13077
street_level,Espinho,41.00602,-8.64145,8.77576,12.43227,0.0,1010.84168,0.96678,0.01254,7.10608,36.44134,4.28893,27.15758,80.42295
street_level,Espinho,41.0054,-8.64392,5.85773,14.21846,0.0,1004.47274,0.58722,0.00283,5.4522,35.36865,-0.38534,0.0,93.08144
street_level,Porto,41.15389,-8.67768,4.2521,5.8512,0.0,1003.40526,0.79946,0.00689,7.08883,32.29449,5.41074,12.09037,64.55895
above,Arouca,40.9296,-8.24837,51.64813,85.81389,0.0,1002.31793,1.46175,0.06818,15.9834,30.02485,-15.02228,78.92631,73.22837
street_level,Matosinhos,41.17095,-8.68706,14.36214,0.25409,0.01309,1008.56148,0.52368,0.00596,-2.34825,26.5722,-1.01524,0.0,18.56245
street_level,Porto,41.15249,-8.59481,10.5938,3.37251,0.00304,1000.88693,-0.1897,0.0,-0.13435,38.91856,-3.64988,0.0,22.42167
underground,Maia,41.20256,-8.55858,45.25472,28.2667,0.46845,1005.64104,-0.51892,0.13068,-6.90054,22.64959,-29.95915,146.11822,163.97289
street_level,Vila nova de Gaia,41.11634,-8.60627,2.28153,12.77788,0.0,1002.7077,0.55962,0.0,8.13354,68.51428,4.52888,0.0,76.35903
street_level,Espinho,41.00847,-8.63797,12.9238,1.82987,0.0,1013.05131,0.38011,0.00461,2.80079,31.94678,-8.25679,0.0,6.89369
underground,Arouca,40.93076,-8.24717,26.93136,47.95995,0.0,1008.76473,-0.37513,0.01485,-3.56918,42.20989,-85.78305,173.43473,8.85971
underground,Vila nova de Gaia,41.12438,-8.61001,51.02567,116.63845,0.33407,1004.21002,-0.63311,0.18924,-5.64778,30.9856,10.31227,0.0,119.11532
street_level,Espinho,41.0104,-8.64418,5.36301,5.23556,0.0,999.70433,-0.41243,0.0,2.13804,47.60854,2.38976,0.0,3.0
street_level,Oeiras,38.71446,-9.23788,13.72404,9.8009,0.0,1005.07562,-0.05993,0.00128,7.68254,42.16917,1.71262,11.69436,87.15425
underground,Maia,41.2018,-8.5586,33.42838,62.26982,0.49405,1003.87042,-0.61096,0.15068,-4.60792,32.31542,16.93949,203.43967,88.96546
street_level,Matosinhos,41.16834,-8.68914,10.40217,4.52558,0.0058,999.65651,0.19813,0.0,-0.73354,12.81861,1.03426,0.0,3.0
street_level,Arouca,40.92971,-8.24736,13.89949,2.92166,0.00996,1007.07644,0.17353,0.01835,-0.36572,40.40041,-3.28537,0.0,8.86607
above,Vila nova de Gaia,41.13342,-8.6129,52.212,79.08587,0.01801,1002.54891,1.24186,0.23667,15.36189,36.59121,-14.20814,73.75916,36.27335
underground,Matosinhos,41.17109,-8.6874,17.41816,42.84981,0.00794,1003.1141,-0.45236,0.13205,-4.84734,38.14502,-30.00694,424.26751,20.59312
underground,Matosinhos,41.17681,-8.68751,36.47627,67.78628,0.0,1006.09414,-0.6156,0.0,-4.01439,36.29556,0.71148,416.79471,3.32956
street_level,Matosinhos,41.17149,-8.67865,11.75306,0.0,0.02165,1001.94877,0.08873,0.017,-2.29092,22.06592,3.57591,0.0,3.0
underground,Arouca,40.93195,-8.24463,22.78816,92.54123,0.54897,1002.58832,-0.61632,0.18549,-5.59915,25.12935,-31.68546,3.89139,155.06431
street_level,Vila nova de Gaia,41.13316,-8.61279,4.50936,5.67241,0.01643,996.78358,-0.52477,0.0,-1.40391,70.21547,-0.46163,0.0,8.37095
street_level,Porto,41.16139,-8.62104,9.09356,0.0,0.01801,1010.6053,0.25578,0.0,-1.53742,42.54344,-6.17226,0.0,3.0
underground,Maia,41.20216,-8.55834,29.4239,88.47636,0.48156,1003.67077,-0.51634,0.22195,-4.02026,27.51736,40.20701,29.034,115.46684
underground,Espinho,41.00662,-8.64324,48.20165,53.71744,0.23874,1001.30275,-0.6105,0.2347,-6.21989,31.0811,13.3764,377.68629,95.09943
street_level,Vila nova de Gaia,41.13034,-8.60835,13.55847,5.17589,0.03888,998.80345,0.18588,0.029,-0.66463,30.51228,-4.14876,16.91802,19.99324
underground,Oeiras,38.71584,-9.23636,36.2772,0.0,0.25759,1001.73224,-0.56214,0.16974,-5.32348,28.80687,16.3168,112.46513,115.16385
underground,Arouca,40.92909,-8.24787,50.40791,69.62515,0.30405,1002.47684,-0.76211,0.11905,-5.30328,38.68839,35.38858,30.06446,176.72711
above,Oeiras,38.7152,-9.23723,43.20462,79.4437,0.04511,1002.24094,1.49758,0.28187,10.47401,30.97265,-3.92143,107.46439,15.70615
above,Espinho,41.00535,-8.6371,45.70239,88.40334,0.0,1003.49042,1.10367,0.27071,12.66127,35.0723,-4.10713,103.14365,51.66535
underground,Maia,41.20395,-8.55868,39.86875,21.40831,0.62016,1002.30949,-0.59601,0.19334,-4.67872,27.31206,33.23526,170.98956,127.02698
underground,Arouca,40.92922,-8.24639,28.74396,114.59179,0.4645,1001.20634,-0.67227,0.19245,-4.52494,27.03453,-34.20208,125.48843,181.66397
street_level,Arouca,40.92969,-8.24754,9.21388,5.95431,0.02187,1006.66166,0.72002,0.00288,6.37376,17.80092,1.53763,28.3226,67.0157
street_level,Matosinhos,41.1743,-8.68509,6.1763,14.12722,0.00606,1006.41563,0.6613,0.00844,6.28221,26.84796,1.94037,14.08167,88.33723
above,Arouca,40.93159,-8.2437,63.86091,90.44711,0.0,1005.78084,0.61345,0.01909,8.66844,32.04383,40.51172,167.93462,114.27974
street_level,Porto,41.1491,-8.59071,7.99842,13.95413,0.0,1011.75742,0.12547,0.0,9.13959,40.88618,1.84354,8.03689,75.02353
above,Porto,41.14202,-8.61905,33.07561,81.59305,0.0,1005.8234,1.44207,0.27334,8.76097,6.44887,-14.2998,8.63482,40.38679
street_level,Maia,41.20334,-8.55917,8.23163,0.0,0.0,997.29544,0.09644,0.00432,-4.72511,46.91367,3.58192,1.33924,3.0
street_level,Maia,41.20262,-8.55919,10.84166,0.0,0.0,1001.44551,-0.0381,0.00056,-1.80015,31.31513,3.37911,0.0,7.38693
underground,Vila nova de Gaia,41.13292,-8.61298,32.09903,95.79685,0.0,1007.605,-0.42692,0.01822,-2.79386,43.74564,-54.43607,276.5577,4.25753
street_level,Arouca,40.92927,-8.24646,11.47878,0.0,0.0,1001.2331,-0.00951,0.02222,-2.99561,63.3999,-0.44909,0.0,56.23362
street_level,Porto,41.14166,-8.61902,19.72819,1.33704,0.00345,1006.56094,-0.41105,0.0,1.60429,36.82887,1.87149,0.0,26.50457
street_level,Maia,41.20185,-8.55778,7.53249,15.00229,0.0,1004.49548,0.59936,0.0,6.75279,28.88618,-0.29137,31.82293,85.0274
street_level,Vila nova de Gaia,41.12073,-8.61008,6.05231,1.25406,0.0226,999.10402,-0.14992,0.0,0.92177,55.06596,-1.78028,19.57726,3.0
street_level,Matosinhos,41.17293,-8.6802,9.01549,5.90736,0.0,991.32675,0.288,0.00514,-0.16301,34.95218,-1.01187,0.0,3.0
underground,Maia,41.20222,-8.55953,27.07975,19.46427,0.0,1008.21925,-0.34861,0.02297,-4.1144,43.15232,-31.96838,164.94013,29.21481
street_level,Vila nova de Gaia,41.12787,-8.60557,15.41162,0.0,0.02371,1014.9787,-0.18302,0.01921,-5.42808,48.07422,-5.272,18.1687,3.0
street_level,Espinho,41.01001,-8.64395,8.78128,6.26627,0.0,1000.31025,0.60289,0.00565,1.0444,22.48357,-0.77762,0.0,62.98627
street_level,Matosinhos,41.17263,-8.68849,11.37284,0.0,0.01168,1007.77498,-0.42901,0.0,3.68492,57.95398,-4.59744,0.0,3.0
street_level,Arouca,40.93037,-8.24458,10.96397,0.0,0.0,1000.67446,0.2162,0.02253,2.26969,63.75579,7.95034,1.62609,3.0
underground,Porto,41.14464,-8.62386,45.56106,34.08385,0.44748,1005.93912,-0.5932,0.23456,-4.80932,37.12168,15.7389,235.51151,160.17596
underground,Espinho,41.00406,-8.63987,39.16229,28.56026,0.39088,1003.60782,-0.63006,0.16046,-5.42521,28.77115,23.73356,0.0,180.8453
street_level,Porto,41.1566,-8.60452,11.52525,0.0,0.0,1005.67018,-0.08201,0.01592,-0.00382,58.93924,0.11385,14.23712,3.0
street_level,Espinho,41.00868,-8.63696,7.51786,0.0,0.0,1000.56468,1.00419,0.0,2.43021,38.62641,5.95625,0.0,61.1172
street_level,Oeiras,38.68705,-9.31444,12.97304,0.0,0.0,1002.90409,0.64347,0.0076,0.58639,14.48852,8.59248,0.0,31.53275
street_level,Oeiras,38.71592,-9.22573,14.77866,14.43671,0.02073,1003.95384,-0.06589,0.0,2.95893,44.74562,-6.53237,0.0,3.0
underground,Arouca,40.92928,-8.24652,47.88348,36.38184,0.29813,1000.36813,-0.60627,0.10581,-5.05112,19.69033,-19.84981,325.62975,173.97928
above,Porto,41.15129,-8.58214,26.31047,77.16249,0.0,1003.44594,1.43597,0.31669,15.50017,30.54025,-16.3969,158.31677,39.98832
underground,Oeiras,38.70146,-9.2283,25.1174,76.24034,0.48442,1003.87856,-0.6498,0.15241,-5.29678,23.53821,16.49928,0.0,168.05544
street_level,Oeiras,38.7287,-9.23635,6.21494,0.0,0.00443,1006.74734,0.60161,0.0,5.41597,49.57397,3.54494,0.30541,108.68141
street_level,Espinho,41.00461,-8.63798,12.56479,0.0,0.0003,1001.51908,0.36845,0.02786,0.20601,43.96279,0.65456,0.0,26.16474
above,Vila nova de Gaia,41.1295,-8.61951,57.09761,96.89079,0.0,1004.01337,0.761,0.18055,0.2784,34.5671,11.72138,162.92172,93.55755
underground,Porto,41.17173,-8.59935,16.33087,81.54305,0.0,1007.11452,-0.49186,0.0108,-3.89159,38.12093,-14.65542,479.71901,46.63173
street_level,Maia,41.20187,-8.55762,8.49526,11.50505,0.0,1002.00014,0.73463,0.0,5.2746,52.50417,-7.13652,14.60801,74.41283
street_level,Arouca,40.93158,-8.24281,8.9198,0.39655,0.0,994.50409,-0.00691,0.02545,1.18862,37.50265,-9.6081,12.31079,3.0
underground,Matosinhos,41.17374,-8.68926,51.13449,49.53446,0.0,1003.44449,-0.505,0.26863,-5.08154,40.88301,13.90262,0.0,117.55999
street_level,Porto,41.16464,-8.64083,13.52483,3.71327,0.00735,1005.2876,0.01555,0.0115,-2.75843,37.93232,1.445,0.0,31.346
street_level,Espinho,41.00889,-8.6441,8.08185,5.10146,0.0,1005.80694,0.59857,0.0,7.13994,31.33141,5.66677,0.0,57.87984
street_level,Matosinhos,41.17717,-8.68119,3.70387,2.26439,0.0,994.39654,0.0974,0.0,-0.74344,39.92567,0.07197,18.8582,3.0
street_level,Vila nova de Gaia,41.12394,-8.61906,11.4507,0.38433,0.0,991.61847,-0.0817,0.0,-3.22362,27.56705,-0.33635,16.34618,16.02606
street_level,Porto,41.16132,-8.60033,10.72819,7.7318,0.0,997.84264,0.2276,0.0,-1.17905,64.88771,3.27302,0.0,9.84196
above,Espinho,41.00414,-8.63641,58.34437,79.93522,0.0031,1003.08586,1.0061,0.23753,11.23263,28.91861,-11.86576,133.81283,59.4086
underground,Maia,41.20191,-8.55821,55.56096,37.03771,0.39997,1001.7686,-0.55818,0.11363,-5.25675,31.97392,-16.05952,0.0,166.02095
street_level,Vila nova de Gaia,41.1252,-8.61274,10.5267,20.28873,0.0,1003.19436,0.94839,0.0,6.52084,48.36958,1.03913,10.03353,102.14857
street_level,Porto,41.14794,-8.61495,15.45683,3.35816,0.0,1001.64002,-0.46519,0.0,-1.79974,31.21808,5.34044,11.8002,4.37568
street_level,Oeiras,38.69544,-9.29206,3.33707,0.0,0.00225,995.98646,0.25776,0.0,1.16423,27.53179,10.75259,11.87861,3.0
street_level,Porto,41.16135,-8.64499,18.15968,0.0,0.02208,1012.891,0.20332,0.0,-1.97231,35.19689,-6.60866,0.0,19.69994
above,Vila nova de Gaia,41.12867,-8.60926,41.48311,84.93669,0.0,1004.59125,0.80982,0.01912,2.89799,38.40398,-2.57232,202.34947,81.27738
street_level,Arouca,40.92912,-8.24655,16.34582,6.78698,0.0,1002.63953,-0.46602,0.0,-5.33045,55.27289,-0.8253,0.0,3.0
street_level,Maia,41.20255,-8.55872,9.27077,0.0,0.01645,1000.27075,0.37845,0.0016,0.52877,39.84666,-7.31824,5.32352,3.0
street_level,Matosinhos,41.175,-8.6899,10.94795,0.0,0.0,994.63828,0.12592,0.00531,-6.04506,51.76802,2.34763,2.49307,8.33489
street_level,Matosinhos,41.17515,-8.68302,12.19017,0.20557,0.01664,1006.22779,0.07471,0.00086,-2.84287,27.79329,-1.44246,0.0,31.00155
street_level,Vila nova de Gaia,41.13403,-8.60977,16.15323,0.0,0.0,1006.78125,0.17563,0.00603,0.11117,47.44822,-8.35299,0.0,3.0
street_level,Oeiras,38.71816,-9.2391,9.26464,0.0,0.01924,995.7569,-0.01916,0.0,1.54864,61.22225,3.8798,1.4025,3.0
street_level,Arouca,40.92983,-8.24733,3.91233,9.31827,0.00056,1006.30725,0.31183,0.00183,8.3199,56.94028,4.71308,0.0,72.284
above,Vila nova de Gaia,41.12922,-8.61445,39.80848,84.15314,0.0,1002.23628,1.66502,0.2404,11.75692,31.57811,1.24323,184.88012,3.0
street_level,Oeiras,38.7115,-9.30079,16.1131,3.17175,0.0,1009.59831,0.48068,0.00333,1.81939,44.24115,-1.71141,4.91915,17.47879
street_level,Matosinhos,41.17287,-8.68865,12.93642,1.39923,0.0,999.17798,-0.68699,0.0,-0.00956,63.24704,-6.03418,0.0,28.02083
street_level,Vila nova de Gaia,41.12488,-8.60768,8.71922,16.38118,0.0,1006.15683,0.69795,0.0,4.95183,24.28256,2.31038,13.57391,84.57568
street_level,Porto,41.15775,-8.61417,17.44377,0.0,0.0289,999.1026,-0.10894,0.01735,3.61195,27.5736,7.66038,0.0,3.0
underground,Arouca,40.93079,-8.24738,16.67543,128.02249,0.3537,1005.24289,-0.64237,0.25921,-5.07416,33.55504,19.44478,59.29846,144.737
underground,Vila nova de Gaia,41.1328,-8.6124,31.27959,90.71771,0.24771,1001.15522,-0.47808,0.12504,-4.28423,25.09191,40.57747,128.61319,104.98961
above,Arouca,40.93147,-8.24306,36.65458,88.19548,0.0,1003.39546,1.09058,0.29311,9.57279,39.67878,-11.97818,264.93577,72.93248
above,Oeiras,38.69999,-9.22733,66.01052,95.71038,0.0,1006.22367,0.86361,0.26311,7.03403,36.34014,24.49817,210.39804,71.01575
street_level,Arouca,40.92911,-8.248,11.84548,3.6011,0.02697,1009.28827,0.06247,0.0,0.61809,50.69467,-6.0943,0.0,3.0
street_level,Porto,41.15123,-8.64032,12.798,3.9211,0.00961,995.89469,0.13601,0.0,-0.1534,35.78694,-5.94617,11.41385,21.41775
street_level,Oeiras,38.7265,-9.23845,10.97389,0.0,0.0,997.39603,0.23928,0.0,3.87452,61.41019,-1.35396,4.03152,3.0
above,Oeiras,38.71762,-9.223,48.48713,77.54856,0.0,1003.07193,1.38497,0.28378,13.05273,12.87979,-4.97387,108.64692,39.20971
street_level,Porto,41.17462,-8.59797,4.61958,0.04678,0.0,997.90566,-0.17813,0.0,2.40939,43.98352,2.55879,0.0,3.0
underground,Oeiras,38.68301,-9.31504,33.17734,53.51796,0.00683,1007.32714,-0.51778,0.0,-3.00541,38.18768,-13.62888,133.75111,59.8578
street_level,Porto,41.14568,-8.59147,17.44016,0.0,0.01441,1005.01117,0.32066,0.0,0.79862,37.47704,-3.54371,0.0,19.5057
underground,Oeiras,38.70106,-9.22773,59.86101,6.09438,0.07826,1002.92666,-0.46404,0.27067,-4.45417,37.98722,-24.24164,0.0,105.353
street_level,Espinho,41.00407,-8.63852,6.91337,9.07777,0.01751,1010.36502,1.08327,0.0,7.33284,40.40147,-2.5343,0.0,65.28567
street_level,Porto,41.15993,-8.64054,7.65501,5.25551,0.02203,1002.52741,0.54416,0.0,3.69481,41.30704,1.78001,10.86002,74.5624
underground,Porto,41.15504,-8.60929,13.75858,90.30483,0.21849,1004.10284,-0.61239,0.18246,-5.39668,30.97425,40.67596,204.90481,83.7821
street_level,Vila nova de Gaia,41.11935,-8.60661,15.51093,0.0,0.01988,1012.69221,0.1174,0.01611,-0.1538,59.66893,-0.36913,0.0,6.58703
street_level,Matosinhos,41.1747,-8.68643,4.42042,8.13959,0.0,1003.7138,0.40127,0.00726,4.56954,47.19008,0.24864,0.0,23.5202
underground,Porto,41.15853,-8.60006,50.72778,0.0,0.23823,1004.7177,-0.61608,0.13624,-5.56237,45.80284,41.99996,119.91,174.81896
street_level,Maia,41.2018,-8.55792,15.20617,0.0,0.00327,1003.18772,0.18088,0.00477,6.51039,47.59125,-3.29306,12.668,46.94146
underground,Porto,41.1545,-8.6721,30.71071,85.01207,0.0,1004.1277,-0.57903,0.09857,-4.67467,27.70737,15.70287,20.73917,23.53141
underground,Arouca,40.93135,-8.24618,15.34063,68.13584,0.09892,1008.14958,-0.36873,0.0,-4.73914,49.615,-34.35588,388.12768,93.23887
underground,Maia,41.2019,-8.55768,45.57283,65.33908,0.33937,1001.32908,-0.56386,0.1117,-3.99069,32.28861,-8.97697,0.0,174.18861
street_level,Maia,41.20259,-8.55966,9.31631,0.0,0.0,1007.66715,0.45373,0.01757,2.36353,35.01283,5.82817,0.0,68.18968
underground,Oeiras,38.70585,-9.22902,26.92305,57.62346,0.01912,1006.45065,-0.31468,0.0,-4.76676,41.14388,-26.11917,446.61171,23.09322
street_level,Vila nova de Gaia,41.12755,-8.60555,14.65732,0.45725,0.0152,1009.77158,-0.06489,0.0,-0.53584,35.51695,-3.25453,3.06864,3.0
underground,Maia,41.20188,-8.55782,45.94876,11.67606,0.3732,1003.45447,-0.44644,0.10926,-4.76121,31.59352,12.65483,89.46853,21.26516
underground,Maia,41.20318,-8.55926,49.71183,6.28651,0.07846,1003.58407,-0.51567,0.15102,-5.0836,30.88993,-15.08525,110.35105,49.61591
street_level,Maia,41.20209,-8.55752,2.39422,0.0,0.0117,994.79252,0.93797,0.0,7.13152,27.24334,4.00627,54.63359,10.17155
street_level,Matosinhos,41.17208,-8.68054,7.45555,3.34191,0.00565,995.40963,0.32602,0.01213,-2.07919,67.036,0.89938,0.0,13.16423
street_level,Porto,41.16774,-8.64021,12.53507,0.0,0.00884,1000.17793,-0.8979,0.004,0.56742,27.80471,3.78642,30.37581,12.09931
above,Matosinhos,41.17581,-8.68295,76.8891,92.36947,0.01321,1007.07439,0.6078,0.0,7.82719,40.19848,10.30807,174.62519,136.4904
street_level,Oeiras,38.71446,-9.233,11.1357,0.0,0.01404,1009.33183,0.00064,0.0,4.36706,28.3464,3.62195,0.0,3.0
above,Vila nova de Gaia,41.13721,-8.61536,60.68026,82.1743,0.0049,1003.72759,1.62024,0.1936,11.73926,29.06096,-0.9949,252.26071,44.75667
street_level,Porto,41.18037,-8.59503,11.99369,0.1609,0.0,1000.21023,-0.2145,0.0,-0.04702,36.08082,1.50549,0.0,3.0
street_level,Espinho,41.01178,-8.63825,11.39327,2.29043,0.0,1007.34265,0.05586,0.00089,0.05624,32.79816,-5.58218,22.83833,3.0
street_level,Porto,41.15137,-8.6148,13.32672,2.78535,0.02528,1008.61672,0.47377,0.0,-3.71693,47.19277,-5.15272,36.07761,35.49138
street_level,Maia,41.20231,-8.55844,12.12571,1.52232,0.00657,1008.16615,0.46485,0.02026,-1.68052,53.41368,2.73667,0.0,6.03519
street_level,Maia,41.20416,-8.55871,5.78337,13.22326,0.01628,1006.5646,0.51538,0.00532,8.34549,40.92131,-3.7172,0.0,46.60395
street_level,Maia,41.2032,-8.55914,18.91899,1.07799,0.01763,1001.43653,-0.1497,0.0,1.5526,21.80886,-6.55602,10.41545,29.2096
street_level,Espinho,41.00946,-8.6442,2.68527,7.24437,0.0,996.53191,-0.30299,0.0099,-2.95603,56.1215,-1.88409,0.0,3.0
street_level,Matosinhos,41.17493,-8.689,16.68475,0.0,0.02107,996.93473,0.20805,0.0,-1.36892,37.89794,6.28013,0.0,3.0
underground,Matosinhos,41.17661,-8.6851,35.78982,126.90542,0.4737,1002.14116,-0.60114,0.19204,-4.49857,32.03832,4.62477,8.07036,145.13993
above,Porto,41.16476,-8.62286,41.27886,75.31256,0.0,1001.91855,1.10724,0.12728,10.92072,22.91333,4.61416,129.87139,3.0
underground,Maia,41.20256,-8.55927,20.75313,87.51986,0.27122,1001.80139,-0.62529,0.11979,-4.90073,28.53658,37.79675,135.71633,51.29956
above,Matosinhos,41.17271,-8.68847,27.16611,80.52165,0.0,1004.06456,0.98572,0.29777,4.08931,29.54377,-15.21722,118.19894,73.1442
underground,Espinho,41.01034,-8.63813,31.9947,44.24371,0.0,1008.16504,-0.40426,0.0,-3.16463,43.83271,-54.17598,288.86647,77.98542
street_level,Oeiras,38.70123,-9.22963,1.0,5.49616,0.02026,1003.31126,0.89857,0.02994,5.44743,47.84357,8.19479,7.54716,60.90416
above,Porto,41.14516,-8.61084,77.91118,89.37644,0.0,1004.2783,0.37474,0.04369,5.44634,49.30064,7.4676,327.5746,85.71366
street_level,Vila nova de Gaia,41.12942,-8.62004,14.40391,0.0,0.00858,1010.40365,0.211,0.0,-0.57511,26.63335,-0.93525,13.98433,3.0
street_level,Oeiras,38.69986,-9.2306,7.36253,21.89715,0.0,1006.54928,0.32027,0.0,2.14824,45.56216,-1.86365,22.06881,49.8859
underground,Oeiras,38.69757,-9.30031,38.35817,73.28743,0.0,1003.8996,-0.43952,0.05138,-3.53556,36.77231,-40.3564,406.818,80.36271
street_level,Maia,41.20304,-8.55783,12.49012,12.61286,0.0,1006.17658,0.25923,0.0,8.20035,39.65943,1.62899,17.36152,75.93714
street_level,Arouca,40.92917,-8.24646,11.69331,7.56145,0.0,998.05083,-0.42245,0.00732,-1.78549,14.70877,1.75601,11.83274,3.0
street_level,Espinho,41.00555,-8.638,12.26959,0.0,0.0,1007.38672,0.06976,0.04139,-0.13357,41.25406,-5.81771,0.0,40.62207
street_level,Matosinhos,41.17537,-8.68169,13.09908,0.0,0.0,1004.64827,-0.55933,0.0,2.37404,38.34658,-7.08118,19.3523,3.0
street_level,Matosinhos,41.17659,-8.68857,16.54328,0.0,0.0,998.54866,-0.51601,0.0,0.52096,9.37162,0.81422,1.11312,3.0
above,Vila nova de Gaia,41.13729,-8.61533,43.45178,87.65332,0.0,1003.20786,0.93801,0.13884,3.87808,43.78068,12.58981,264.35026,77.9171
street_level,Porto,41.16711,-8.6552,10.72855,7.9166,0.0,1000.15637,-0.24041,0.02087,-0.31388,14.68293,7.57934,0.0,16.58016
street_level,Maia,41.20226,-8.55761,6.6946,10.70465,0.01571,1008.59066,0.45072,0.00632,2.84602,35.03177,0.93065,0.0,74.74761
above,Vila nova de Gaia,41.12652,-8.6056,41.57957,82.18492,0.0,1004.24918,1.70227,0.22887,11.50826,26.23062,-9.22891,79.31039,33.77747
street_level,Porto,41.15506,-8.61333,10.27226,0.0,0.0,1003.93514,0.05973,0.0,0.23843,38.85337,-1.46764,10.17142,3.0
street_level,Porto,41.1603,-8.59225,15.03724,0.0,0.0002,1000.08865,-0.06948,0.0,1.85646,47.26242,-0.88721,8.42588,3.0
underground,Oeiras,38.71273,-9.22541,31.81215,88.64071,0.45769,1003.42833,-0.60644,0.2798,-4.24967,21.09613,-9.77178,0.0,49.70636
underground,Maia,41.20292,-8.55786,40.839,53.40948,0.48856,1000.48103,-0.57283,0.13671,-5.60775,16.4546,15.16858,98.76236,97.69988
above,Maia,41.20218,-8.55772,55.5761,82.03955,0.0,1005.1104,1.70883,0.12517,13.36496,34.84431,-29.32833,147.71893,20.60534
street_level,Matosinhos,41.17347,-8.68916,2.93747,0.0,0.03221,1001.23525,0.10797,0.0,0.54412,54.63472,-2.53548,0.0,3.0
street_level,Oeiras,38.68317,-9.32253,9.71366,0.0,0.02201,1000.59206,-0.34421,0.0,-0.46998,52.59569,1.45681,10.66082,16.77969
street_level,Maia,41.2018,-8.55768,9.88746,0.0,0.00886,995.49011,-0.217,0.0,-1.89991,65.32029,-1.86733,0.0,3.0
street_level,Porto,41.15115,-8.64161,14.92916,3.13557,0.0061,1013.5987,-0.17317,0.01016,0.19325,47.13919,-3.30716,0.0,21.69128
street_level,Vila nova de Gaia,41.12073,-8.60633,13.82265,0.0,0.00032,1010.35258,0.19341,0.00811,-0.43747,45.1782,1.20422,16.55927,4.2701
underground,Arouca,40.92937,-8.24852,52.88621,23.51658,0.08263,1000.76286,-0.60365,0.11703,-5.68113,26.21456,9.50547,22.78411,108.29821
street_level,Matosinhos,41.16832,-8.68882,5.19855,5.64174,0.02059,999.70273,-0.39795,0.0,0.33911,43.32007,-1.20087,0.0,18.84626
street_level,Vila nova de Gaia,41.12938,-8.60899,15.77454,8.04102,0.0,994.63322,-0.3601,0.0,0.46147,28.08878,4.34215,0.76084,35.95309
underground,Espinho,41.00746,-8.6442,32.67989,91.8174,0.01621,1005.34302,-0.27781,0.0,-4.79877,44.52525,-81.62021,323.32876,3.0
underground,Maia,41.20236,-8.55954,24.52187,104.23733,0.04466,1005.22828,-0.60997,0.20364,-4.47093,52.31626,39.14131,0.0,196.73926
street_level,Matosinhos,41.17343,-8.68306,12.04382,0.04035,0.0,1002.83864,0.4828,0.00603,-0.24476,38.33038,-8.00877,0.0,3.0
street_level,Espinho,41.00853,-8.63647,13.54351,3.94304,0.0,1007.8829,0.09635,0.00547,-0.67016,28.98338,-10.93914,27.92492,26.46498
street_level,Oeiras,38.72556,-9.23803,15.55407,4.76229,0.0,1005.14409,0.07419,0.0,-4.06838,34.59209,-1.14745,10.81412,41.07871
street_level,Espinho,41.00422,-8.63819,12.54459,0.0,0.04255,1001.72637,-0.25467,0.02646,-1.61689,24.66681,2.61099,30.54076,3.0
street_level,Matosinhos,41.17273,-8.68025,13.39348,0.0,0.0,995.53043,-0.28659,0.00165,1.18924,34.59695,1.85437,7.96654,3.0
street_level,Matosinhos,41.1722,-8.68091,14.48767,8.01972,0.00546,1007.10592,-0.14635,0.02843,1.63704,44.00865,-9.78588,0.0,33.22375
underground,Espinho,41.00458,-8.64084,39.50297,16.94662,0.45469,1004.53215,-0.49753,0.09175,-4.89004,43.0164,29.02081,101.55132,159.36803
street_level,Arouca,40.93078,-8.24745,17.15945,0.0,0.00093,994.64285,0.28465,0.00226,-1.51148,23.8629,4.41413,0.0,32.08572
underground,Arouca,40.93046,-8.2436,26.3392,131.21111,0.45148,1001.08135,-0.67597,0.24263,-5.86719,33.59946,20.49095,98.11288,74.16623
street_level,Matosinhos,41.17615,-8.6851,9.09174,0.0,0.0,999.45016,0.05104,0.0,-0.16745,39.30892,-4.5735,0.0,3.04991
underground,Maia,41.20388,-8.55869,16.56529,109.8338,0.0,1008.84985,-0.50083,0.0,-4.43091,61.94774,-77.3749,532.04652,33.44872
street_level,Arouca,40.93212,-8.24689,17.67161,0.0,0.01778,1002.56968,-0.13779,0.01358,3.2959,29.55763,-5.36999,11.31187,3.0
underground,Oeiras,38.71313,-9.23895,51.04791,22.2669,0.32419,1003.9138,-0.60171,0.22321,-6.53532,24.01498,-4.36527,284.49432,57.28203
underground,Maia,41.20208,-8.55758,28.19882,59.18005,0.0,1006.13898,-0.43069,0.00829,-3.13187,35.24628,-77.047,107.8322,24.32477
underground,Matosinhos,41.17401,-8.68868,27.54073,96.05367,0.0,1008.66615,-0.47648,0.16932,-3.32648,48.9729,-47.76281,409.16006,48.4447
underground,Porto,41.16035,-8.64396,28.9558,86.16154,0.49702,1003.47609,-0.56529,0.17614,-2.68854,25.03187,28.19707,34.95967,120.13993
underground,Porto,41.16139,-8.63007,27.1737,101.73668,0.43024,1004.69457,-0.5957,0.25037,-5.61294,17.38202,12.57455,19.60188,182.38789
street_level,Vila nova de Gaia,41.13487,-8.61515,13.87652,5.25762,0.00365,1004.13098,0.1501,0.01823,1.68249,39.47518,-2.91815,0.3585,9.19675
street_level,Vila nova de Gaia,41.12822,-8.61338,6.61334,7.15133,0.0,1000.04359,-0.4305,0.02855,-6.31134,38.23923,5.39963,0.0,51.42986
above,Espinho,41.00471,-8.6413,29.88472,95.15286,0.0,1004.4213,0.58029,0.22767,10.82014,26.456,-21.7804,124.87576,73.64533
above,Espinho,41.00828,-8.6435,52.46898,77.25518,0.0,1005.87257,0.48397,0.1253,1.81336,60.50614,18.78051,214.04827,74.18311
above,Espinho,41.00387,-8.64,67.13741,95.19051,0.0,1005.3097,0.50875,0.03851,9.50135,47.84268,2.20606,189.31267,33.77798
street_level,Matosinhos,41.17222,-8.6809,6.43349,14.56219,0.0,1006.79512,0.67276,0.0,5.06989,23.76872,0.4695,0.0,70.70876
underground,Porto,41.15422,-8.67396,34.9757,74.28094,0.0,1007.49405,-0.35653,0.03891,-4.87939,33.52985,-45.06374,543.9188,3.0
underground,Espinho,41.00844,-8.63615,42.40996,45.30784,0.0,1003.32524,-0.60174,0.1073,-5.83152,29.70276,-18.71925,0.0,69.40438
street_level,Espinho,41.00396,-8.64434,11.21286,8.0606,0.01196,1007.88557,1.08654,0.00226,4.69034,50.10773,5.29914,0.0,39.08523
street_level,Porto,41.15618,-8.64158,18.95128,0.0,0.03827,1006.84808,-0.05102,0.00158,-0.91192,31.39421,-4.64595,0.0,3.0
underground,Arouca,40.92942,-8.24708,39.69331,60.19454,0.0,1004.72605,-0.40982,0.02968,-2.41926,42.40371,-34.79995,328.11921,54.64814
underground,Espinho,41.00845,-8.63797,39.58655,45.37323,0.03122,1004.30356,-0.60307,0.16736,-5.06175,35.23292,41.6913,355.2415,168.88214
street_level,Vila nova de Gaia,41.13325,-8.61298,16.70978,0.0,0.02633,1008.68146,-0.39051,0.0,-3.77692,41.13349,-6.70609,10.21516,3.0
street_level,Espinho,41.00849,-8.63793,6.90754,0.0,0.0,1004.07893,0.24517,0.0,0.24929,46.59762,1.02121,0.0,3.0
above,Oeiras,38.70085,-9.22785,46.5399,82.9272,0.0,1005.57209,1.13583,0.0,3.03497,40.90289,10.31001,248.47348,86.31812
underground,Arouca,40.9295,-8.24863,25.28543,51.40963,0.1996,1006.17605,-0.30469,0.0,-2.44657,51.8476,-66.61084,298.25379,3.0
underground,Vila nova de Gaia,41.12511,-8.6163,15.0738,89.02993,0.44858,1002.49751,-0.60375,0.10945,-5.50318,18.93764,36.5656,0.0,91.02435
street_level,Espinho,41.01101,-8.63625,4.14123,3.0097,0.0,1003.93769,0.03147,0.0,-2.37404,62.43302,-0.10888,0.0,9.556
street_level,Matosinhos,41.17489,-8.68873,6.83091,3.71623,0.0,997.54803,-0.07154,0.0,-5.56457,66.39101,1.5681,0.0,15.30356
underground,Vila nova de Gaia,41.12409,-8.60999,21.51881,11.81917,0.05151,1005.76842,-0.44609,0.04678,-3.2316,47.01384,-44.60064,381.6852,9.58768
street_level,Maia,41.20291,-8.55774,8.48977,2.22236,0.0074,994.57492,0.06864,0.01166,2.42701,62.00141,1.46853,0.0,4.65949
above,Porto,41.1622,-8.58817,44.64201,77.14448,0.0,1002.6044,1.42715,0.08829,11.02951,17.08892,-14.60507,90.7211,56.93658
underground,Arouca,40.92964,-8.2485,37.24737,71.12125,0.31102,1001.54326,-0.49282,0.18767,-4.95049,24.03093,-16.97763,206.92099,189.74756
above,Matosinhos,41.17302,-8.68049,33.19274,86.43992,0.00179,1004.14602,1.77885,0.18132,8.52036,39.45328,8.20221,193.06136,3.0
street_level,Matosinhos,41.16858,-8.6885,4.53065,0.0,0.0213,998.39677,-0.1108,0.0,0.37194,49.53311,1.44652,0.0,3.0
street_level,Maia,41.2021,-8.55854,13.60554,7.60705,0.0024,1002.89874,0.6832,0.04637,4.49972,48.91882,1.07705,20.49649,17.95298
street_level,Oeiras,38.68276,-9.3228,22.81942,7.19207,0.00091,1005.95696,-0.01294,0.00391,1.83953,32.82358,-9.08828,25.18132,27.1954
street_level,Espinho,41.00862,-8.6381,14.41979,0.0,0.02989,1004.70187,0.09103,0.0,3.71385,28.25418,-4.89754,0.0,12.375
underground,Oeiras,38.72427,-9.23572,18.6515,127.41726,0.49261,1002.71748,-0.76225,0.19929,-5.13249,41.8214,39.21291,134.29966,76.36071
above,Matosinhos,41.1757,-8.68606,61.07387,80.67389,0.00975,1005.61704,0.76653,0.09029,8.46519,51.61158,15.09656,118.50687,84.76992
underground,Espinho,41.0093,-8.63945,31.40201,118.09446,0.0425,1005.06359,-0.79978,0.06549,-5.17009,37.1542,2.96499,115.77492,59.28309
street_level,Espinho,41.00417,-8.63694,9.76504,5.32659,0.0,1001.00208,0.09392,0.00057,1.37951,20.2932,3.44629,0.0,28.19164
above,Oeiras,38.69165,-9.31235,62.75947,84.81532,0.0,1003.35127,1.01694,0.16757,5.81538,49.80003,4.07081,305.96916,107.0118
above,Matosinhos,41.17486,-8.68104,42.98919,84.53579,0.0,1006.07341,0.95165,0.09281,1.40393,43.21551,1.14301,230.18407,124.17837
street_level,Vila nova de Gaia,41.13232,-8.60694,14.9079,2.12555,0.0,1007.32306,0.05971,0.0,-0.1841,25.02382,-4.5269,0.0,15.90133
underground,Vila nova de Gaia,41.13863,-8.61038,32.94976,72.03002,0.13744,1005.13777,-0.44588,0.0,-2.7919,43.65194,-46.5986,318.4589,39.49152
above,Arouca,40.93089,-8.2471,56.73962,90.8128,0.0,1005.32192,0.55557,0.02313,7.70441,54.75794,7.30065,249.24286,86.50334
above,Maia,41.20208,-8.55755,39.81992,82.11047,0.0,1003.33019,0.94389,0.23162,11.22966,29.46232,-2.77909,226.28798,3.0
street_level,Oeiras,38.6974,-9.29948,15.47031,0.0,0.02246,996.72985,-0.04508,0.0,-2.88734,36.49485,9.77406,0.0,12.64882
underground,Arouca,40.93137,-8.24575,16.55758,76.23512,0.0,1005.87477,-0.45937,0.00362,-3.58454,39.78356,-45.50217,245.64369,115.64362
street_level,Arouca,40.92999,-8.24845,11.53799,3.62421,0.0,999.6847,-0.62634,0.0,2.03128,53.52702,0.26043,0.0,3.0
underground,Oeiras,38.72507,-9.23537,33.18333,113.56483,0.14775,1002.50129,-0.63417,0.10539,-5.29894,28.30745,35.68319,2.63131,73.79481
street_level,Espinho,41.00445,-8.63807,15.7115,0.0,0.00801,1012.58829,-0.07754,0.01289,-1.69329,22.42653,-2.21848,0.0,3.0
underground,Maia,41.20195,-8.55824,26.51963,82.49831,0.0,1005.23034,-0.46189,0.09826,-2.87517,39.46346,-50.67776,379.95696,126.66357
underground,Oeiras,38.71067,-9.22793,35.73635,58.62216,0.0,1007.88138,-0.29935,0.0011,-3.58688,37.66467,-42.04727,228.91171,81.63004
street_level,Oeiras,38.68339,-9.32434,13.22485,0.0,4e-05,1003.06944,0.03446,0.02585,0.98005,42.20516,-6.28977,0.0,4.47656
underground,Oeiras,38.7011,-9.30293,31.18472,53.56396,0.0,1006.50789,-0.5377,0.15565,-3.4127,36.8269,-6.84829,327.64295,80.59629
underground,Porto,41.14494,-8.61074,56.31762,80.37451,0.04962,1008.03662,-0.58025,0.10339,-4.63318,49.10994,-57.98947,243.18504,97.32187
underground,Maia,41.20326,-8.55914,31.3206,32.72583,0.01484,1003.95291,-0.45894,0.13882,-4.69887,37.15121,-0.03039,313.28,3.0
underground,Oeiras,38.68659,-9.31184,33.45503,30.52809,0.0,1006.50843,-0.37521,0.07754,-3.76881,42.3634,-44.78368,298.28372,75.81772
underground,Vila nova de Gaia,41.1288,-8.60958,39.48013,15.02427,0.30429,1000.39496,-0.55554,0.21921,-4.45717,31.08212,-31.66749,124.13492,187.9551
underground,Espinho,41.00741,-8.63963,12.70278,130.85947,0.23178,1003.4522,-0.59797,0.01267,-5.4214,32.98403,20.96108,6.94613,109.5337
above,Vila nova de Gaia,41.12459,-8.61016,45.25951,76.97311,0.0,1000.78736,1.54249,0.19823,13.54733,30.81565,-19.99659,165.33731,50.87572
street_level,Matosinhos,41.17722,-8.68189,17.48967,12.16035,0.0,999.21135,-0.11335,0.0,-1.50361,14.88423,-1.73787,0.0,26.17845
underground,Matosinhos,41.17526,-8.68157,21.16439,18.03212,0.0,1006.07233,-0.3927,0.06714,-3.74119,35.9724,-59.5394,511.25631,46.15502
above,Vila nova de Gaia,41.11525,-8.61182,53.73762,80.72605,0.00687,1003.274,0.92477,0.10126,14.66141,35.8973,-4.30059,175.2342,7.97175
underground,Vila nova de Gaia,41.12842,-8.60963,17.70372,72.46507,0.21212,1002.97866,-0.49662,0.14016,-5.60013,30.56598,13.73808,290.98391,145.24902
street_level,Oeiras,38.7019,-9.30221,5.96813,3.05275,0.0,1000.06273,-0.20691,0.0,-3.15823,13.67131,7.10303,16.84515,55.03463
street_level,Porto,41.16621,-8.68493,4.14996,8.08377,0.0,1001.67339,0.84687,0.00094,7.61558,34.18713,0.72604,0.0,61.83934
street_level,Espinho,41.00584,-8.63703,7.74747,2.62315,0.00099,998.70733,0.18355,0.0,-0.12854,31.55553,-0.43389,0.0,6.22803
street_level,Oeiras,38.70166,-9.23208,10.46681,7.87627,0.02146,999.68311,0.31482,0.0,5.39709,57.19143,3.4055,0.0,16.38665
above,Espinho,41.00866,-8.63628,37.79086,79.51269,0.0,1001.85495,0.96942,0.20954,13.06149,26.65119,-19.92342,95.08888,3.0
street_level,Maia,41.20179,-8.55752,6.70232,4.8833,0.0,1006.14068,1.12928,0.02161,7.01195,12.03959,-4.89953,18.65688,98.92171
street_level,Oeiras,38.71181,-9.29755,12.48902,8.88149,0.00138,1007.94381,0.80265,0.0,3.9181,32.47486,-3.26634,17.53249,94.8076
above,Matosinhos,41.17316,-8.68926,67.7212,94.5563,0.01981,1006.34772,0.40749,0.07018,6.30142,24.80021,11.44603,346.87196,78.20493
street_level,Arouca,40.92985,-8.24753,5.3569,3.20785,0.0,1000.33793,-0.22143,0.0037,-1.79376,35.73709,2.82216,0.0,3.0
street_level,Espinho,41.00409,-8.64155,10.09083,0.0,0.0,1002.1421,-0.23443,0.0,-0.36871,54.6066,-1.73445,30.94554,11.53199
underground,Espinho,41.00726,-8.63993,19.51583,80.63137,0.43229,1001.79491,-0.66166,0.19123,-4.66168,22.28719,29.274,169.5841,19.7722
underground,Matosinhos,41.17483,-8.68084,48.74121,44.75553,0.19753,1001.3298,-0.58537,0.10761,-5.44895,39.87004,8.6754,143.91036,69.39723
street_level,Espinho,41.00601,-8.64088,15.15277,2.44059,0.01754,1011.53234,-0.07552,0.0,0.84837,20.85585,1.06474,0.0,19.4771
above,Vila nova de Gaia,41.12513,-8.61781,47.38733,98.53043,0.03135,1005.77381,0.83258,0.0519,4.33554,48.31946,3.67273,268.08443,100.34885
underground,Oeiras,38.7247,-9.24363,38.19526,77.56567,0.262,1002.48744,-0.87627,0.10356,-4.86247,27.73372,-8.59937,136.48701,69.83078
street_level,Porto,41.15795,-8.64555,10.90316,7.89874,0.0,1002.45464,0.71307,0.0,0.29215,40.21625,2.38679,0.0,35.82781
street_level,Matosinhos,41.17291,-8.68036,16.2328,0.0,0.0,1002.45196,-0.02277,0.0,-2.5389,28.64165,-4.60634,0.0,3.0
underground,Porto,41.14906,-8.58649,23.71788,79.34814,0.0,1005.56636,-0.45559,0.10243,-3.09242,49.22421,-41.0382,396.67675,44.89017
street_level,Porto,41.14578,-8.60197,14.78395,6.53661,0.0,1000.09659,0.32085,0.0,1.3549,30.38753,0.15628,0.0,3.0
street_level,Arouca,40.92964,-8.24824,15.38647,0.0,0.0,1006.15146,0.02674,0.00032,-1.2076,5.0,4.73805,0.0,6.19643
underground,Maia,41.20192,-8.55744,52.58994,25.12785,0.05022,1003.59337,-0.50713,0.18733,-3.88545,29.77544,-24.60822,86.27614,122.06869
underground,Maia,41.20242,-8.55942,36.9916,0.0,0.11818,1005.89477,-0.53231,0.0,-4.063,54.19552,-20.98777,516.1084,12.90607
street_level,Maia,41.20281,-8.55792,11.96646,0.0,0.03301,1004.73132,-0.22714,0.0125,-0.44169,39.71104,-6.72138,24.50164,3.0
above,Vila nova de Gaia,41.12627,-8.61688,79.57361,82.59967,0.0,1005.36722,0.38861,0.0,6.77101,34.8453,-2.60779,289.93051,144.53542
street_level,Matosinhos,41.17599,-8.68867,17.39491,0.0,0.00772,1001.0196,-0.06604,0.01878,-3.29909,21.28816,-1.97508,25.07134,12.41902
above,Arouca,40.92932,-8.24635,54.13087,93.18114,0.02554,1004.40944,0.21058,0.0,4.1313,35.38026,21.68862,177.65046,85.80073
above,Oeiras,38.72739,-9.23664,29.58706,91.08597,0.01397,1003.18673,0.79757,0.22917,9.50002,14.81431,-13.73815,169.24162,33.67721
street_level,Arouca,40.92956,-8.24815,14.03523,0.26363,0.0,1004.90754,-0.19014,0.0,-0.806,36.71523,-1.30185,4.59014,45.88948
underground,Matosinhos,41.17527,-8.6812,57.91262,12.82046,0.27189,1003.30398,-0.58075,0.0673,-5.68131,44.49168,30.53371,184.70175,142.66872
street_level,Arouca,40.92906,-8.24852,12.06473,0.0,0.00045,1012.91052,0.09249,0.0,0.02277,36.49268,-3.72252,1.53131,22.41263
street_level,Arouca,40.92962,-8.24842,17.16823,0.0,0.0,1010.40788,-0.13402,0.0,2.81166,26.29062,-3.25961,0.0,3.0
underground,Espinho,41.00835,-8.63831,39.02863,28.88507,0.17927,1003.80469,-0.6471,0.16222,-4.95769,39.45904,-3.12097,43.56406,97.6234
street_level,Oeiras,38.70451,-9.22939,13.91731,12.75916,0.00907,1008.16019,0.3897,0.0,4.2171,48.92798,-1.22084,8.61304,75.07118
street_level,Vila nova de Gaia,41.12879,-8.61122,10.68218,13.6341,0.01918,1009.05258,0.35002,0.0,-0.80706,51.76008,-8.3572,11.19459,17.13362
street_level,Vila nova de Gaia,41.11702,-8.60652,13.11667,11.01299,0.0101,1007.44125,0.8202,0.0,5.87161,33.44642,2.14029,6.53364,53.27535
street_level,Porto,41.16626,-8.64971,10.19338,6.97067,0.0,997.6234,-0.2631,0.00995,3.01418,5.0,12.66109,6.2389,18.22911
underground,Arouca,40.93015,-8.24523,45.62845,0.47561,0.28089,1004.73936,-0.58709,0.06615,-5.08705,23.68174,-39.14989,91.50002,194.68179
street_level,Matosinhos,41.17333,-8.68916,17.66591,0.0,0.0,1006.32031,0.35079,0.01059,2.09221,47.49349,-3.41797,0.0,37.88223
street_level,Porto,41.15643,-8.6067,10.18851,5.31848,0.0,999.61677,0.4819,0.0,6.17546,31.47665,8.05867,0.0,66.64284
underground,Matosinhos,41.17634,-8.68547,40.70642,24.94186,0.09268,1004.91498,-0.64246,0.16643,-4.84328,42.87845,4.57523,392.63175,105.76904
above,Maia,41.20226,-8.55969,56.76665,80.66088,0.0,1007.57071,0.23433,0.0,7.73509,44.74306,7.48183,306.29184,80.98158
above,Espinho,41.0039,-8.63817,77.66094,88.86697,0.00652,1006.70425,0.53792,0.11224,3.77015,39.43466,2.34817,207.50142,165.90068
above,Porto,41.14416,-8.58607,58.05001,86.19514,0.02233,1004.93039,1.08907,0.1197,9.50196,53.29617,14.5897,282.13685,102.04362
underground,Oeiras,38.70933,-9.2274,45.22529,13.48298,0.42033,1003.71834,-0.5692,0.16898,-4.8668,25.10119,2.99514,120.39682,134.77502
above,Oeiras,38.71459,-9.22577,67.71953,81.80047,0.0,1005.80949,0.14942,0.0381,5.67535,47.88609,14.45487,189.62032,63.09071
underground,Porto,41.14393,-8.60444,25.83622,95.63529,0.0,1007.25949,-0.50976,0.14631,-3.86955,44.73087,-62.80968,232.76504,17.83791
street_level,Arouca,40.93175,-8.24697,7.23681,14.32728,0.0,1004.80503,0.7356,0.0,7.12349,37.6314,3.21133,4.05711,70.58202
underground,Matosinhos,41.17267,-8.68193,14.9222,101.00916,0.34599,1004.90993,-0.63582,0.04406,-5.82419,19.51764,-18.349,0.0,132.54494
underground,Matosinhos,41.17179,-8.67784,36.01011,0.0,0.0,1006.88211,-0.52602,0.0,-3.96121,45.40804,-29.318,291.62339,3.0
underground,Maia,41.20196,-8.5575,48.65831,1.60243,0.38436,1005.29516,-0.63582,0.08559,-4.95393,28.00924,1.65179,163.24837,80.37001
street_level,Maia,41.20183,-8.55752,8.8344,0.0,0.0,996.67561,0.14628,0.0,2.14304,52.3198,-2.0857,0.0,10.77306
street_level,Matosinhos,41.17592,-8.68608,12.62468,0.0,0.00043,1006.60556,0.02973,0.00058,1.52362,50.99837,-6.15313,0.0,3.0
street_level,Vila nova de Gaia,41.12461,-8.61056,1.0,0.0,0.02744,1000.83519,0.52371,0.01012,8.54186,34.1417,-0.43698,2.00182,47.68986
street_level,Vila nova de Gaia,41.12537,-8.6173,10.09307,0.0,0.01962,997.06603,0.01756,0.0,0.21005,5.0,10.50487,0.45286,3.0
street_level,Vila nova de Gaia,41.12888,-8.61472,8.52932,1.66626,0.02601,1003.2947,-0.75442,0.0,-0.45343,37.2377,0.1879,20.96441,3.0
underground,Vila nova de Gaia,41.131,-8.61729,17.48606,98.24876,0.0,1007.53152,-0.37066,0.01851,-2.92524,43.81003,-51.46787,103.77843,3.0
street_level,Vila nova de Gaia,41.12478,-8.6108,9.93839,0.02655,0.03339,1013.71005,0.0512,0.0,-2.28275,28.76371,1.25705,29.1706,9.46636
street_level,Arouca,40.93024,-8.24547,11.07073,0.0,0.02017,1003.15472,0.24435,0.0,-0.21806,27.99977,-3.95366,0.0,52.18818
street_level,Vila nova de Gaia,41.12416,-8.61565,5.47288,4.36522,0.00239,1002.85061,0.62125,0.0,3.44142,56.57312,-1.33182,0.0,69.80052
street_level,Arouca,40.93101,-8.24472,13.762,0.0,0.0,996.77127,-0.52464,0.00474,-1.0342,18.93477,-4.9347,0.0,30.55517
underground,Arouca,40.93132,-8.24613,41.01225,117.11759,0.0,1003.83823,-0.47694,0.00249,-3.14015,33.53687,-82.40744,362.20694,3.0
street_level,Arouca,40.9317,-8.24473,16.36043,0.0,0.0,1010.84163,-0.1416,0.00706,-2.62345,23.76021,-0.3413,6.02734,26.03199
underground,Vila nova de Gaia,41.1284,-8.60902,37.33808,99.8621,0.37649,1001.71754,-0.49899,0.18947,-5.43103,28.28667,38.95593,143.26104,188.09499
underground,Porto,41.14832,-8.62407,28.47889,33.42301,0.0,1007.76739,-0.54543,0.0,-4.19127,37.97345,-25.15945,270.55506,91.00697
above,Matosinhos,41.17223,-8.68046,74.56635,86.67059,0.0,1006.00276,0.93058,0.07792,2.50727,55.00991,15.00779,349.02477,74.70016
above,Vila nova de Gaia,41.12793,-8.6117,48.24349,89.06595,0.0,1004.06504,1.87275,0.15322,12.09553,27.76809,-0.19611,84.83625,63.35232
street_level,Oeiras,38.70063,-9.24298,15.65807,0.0,0.0,1001.91888,-0.20116,0.0,2.91328,29.31111,-7.65393,6.51921,5.11886
street_level,Espinho,41.00395,-8.64088,4.87346,9.83767,0.0,997.7715,1.0663,0.00107,2.83224,37.4219,0.55281,7.87832,54.25131
underground,Espinho,41.00399,-8.63812,37.72787,5.64945,0.49325,1004.56123,-0.57242,0.21712,-5.27764,30.46285,7.12867,261.12307,58.752
street_level,Oeiras,38.70875,-9.22802,10.34255,0.0,0.0,1004.40135,0.64496,0.00689,4.08032,26.94959,0.77764,0.0,97.36443
underground,Vila nova de Gaia,41.1323,-8.61493,23.03347,68.3921,0.21851,1002.47042,-0.57947,0.1203,-7.0809,25.71671,23.75681,31.80192,43.57818
street_level,Espinho,41.00928,-8.64224,22.03864,0.0,0.0,1009.8076,0.09398,0.0,-2.44881,60.42655,-1.65091,0.0,25.88321
above,Vila nova de Gaia,41.13589,-8.61149,23.49201,90.68251,0.0,1001.09163,1.579,0.19539,11.11601,29.85709,0.71649,125.87507,3.0
street_level,Oeiras,38.69957,-9.23255,13.04745,0.0,0.0,1002.83347,-0.09066,0.0,-2.64753,5.0,6.21959,0.0,3.0
underground,Maia,41.20237,-8.55775,42.05062,69.94953,0.34424,1004.7292,-0.41724,0.22622,-5.03872,13.61643,12.32791,347.07856,162.03603
underground,Maia,41.20317,-8.55789,24.59021,54.73162,0.00232,1004.10077,-0.37584,0.04372,-4.08253,36.5009,-60.21928,184.37372,3.0
underground,Espinho,41.00837,-8.63776,25.03599,48.44944,0.11407,1009.26144,-0.46572,0.0,-4.59416,55.1589,-21.05035,256.44687,24.27818
street_level,Vila nova de Gaia,41.12552,-8.61531,14.70085,8.42958,0.02395,1007.92553,-0.18708,0.00561,-1.60305,46.16239,-1.35375,46.59366,38.59117
street_level,Matosinhos,41.17196,-8.68009,12.80334,6.88578,0.0,1001.61239,-0.00539,0.02586,0.37954,19.22619,3.19767,36.77296,3.0
street_level,Vila nova de Gaia,41.1276,-8.61367,11.9224,6.58622,0.01351,994.14938,-0.19063,0.0,1.51589,56.4886,-4.3505,0.0,3.0
street_level,Espinho,41.00857,-8.64414,7.80899,8.4369,0.0,1009.3036,0.22236,0.00557,4.86904,43.96706,0.73633,0.94504,55.92062
street_level,Espinho,41.01117,-8.63843,9.92318,11.99734,0.0,1001.76696,-0.10955,0.0,4.64586,47.08917,-6.92193,0.0,3.0
street_level,Matosinhos,41.17217,-8.68024,16.39237,1.14065,0.0,999.95798,0.22557,0.00124,-0.31297,49.66321,-9.23458,30.59726,4.49217
underground,Vila nova de Gaia,41.12136,-8.61479,20.07673,102.47115,0.51751,1003.30007,-0.56209,0.16392,-4.76932,32.76025,17.00937,165.16793,125.58818
street_level,Matosinhos,41.17485,-8.68084,8.12877,5.53087,0.0,1008.60828,0.44151,0.0,4.57271,50.89813,0.52568,21.51017,57.96642
underground,Arouca,40.93099,-8.24719,41.18269,42.81749,0.0,1002.82981,-0.56628,0.18648,-4.41045,29.954,17.22649,145.1903,154.81572
underground,Arouca,40.93084,-8.24776,29.29284,99.37445,0.56817,1002.61144,-0.59924,0.20809,-4.14858,10.74569,-27.13323,67.62495,150.08981
underground,Espinho,41.01154,-8.63909,24.7487,72.99707,0.37028,1002.96301,-0.688,0.23029,-5.74836,17.00067,23.53163,0.0,155.01487
underground,Vila nova de Gaia,41.12462,-8.61056,42.95081,30.66902,0.47826,1004.72578,-0.61112,0.13823,-5.4311,23.75689,44.90331,68.19056,199.01026
street_level,Matosinhos,41.17202,-8.67926,7.42683,5.83788,0.0,997.07855,0.2921,0.0,2.34795,59.07487,-1.148,8.0593,12.30625
street_level,Espinho,41.01164,-8.63988,8.18423,0.11127,0.01833,1003.58147,-0.05874,0.01049,-2.52149,62.46276,-1.84994,0.0,3.0
street_level,Oeiras,38.71554,-9.22571,11.16786,0.0,0.04405,999.902,-0.02301,0.0,1.1037,22.10384,5.46276,17.96135,3.0
underground,Porto,41.14308,-8.60241,38.6078,99.16514,0.29627,1005.0465,-0.56624,0.14976,-5.0115,23.73925,20.56799,0.0,114.76574
street_level,Arouca,40.93102,-8.24713,13.08028,0.0,0.01786,1008.48481,0.21548,0.0,0.38339,23.38168,-5.32024,13.87386,27.61998
street_level,Espinho,41.00605,-8.64336,18.03875,0.0,0.02702,1002.04688,0.56976,0.0,-3.35978,37.30156,-1.09796,16.27959,31.51574
underground,Porto,41.1466,-8.58684,30.50164,48.21272,0.15781,1008.84466,-0.47643,0.0,-4.64985,45.82913,-30.02171,378.70704,40.15885
street_level,Arouca,40.931,-8.2449,13.64675,0.0,0.0,997.04962,-0.0839,0.0,-3.37973,37.53245,3.21459,0.0,49.45914
underground,Porto,41.14236,-8.61987,25.84981,97.93082,0.10092,1008.02241,-0.38457,0.02855,-3.02897,42.81941,-13.52018,212.93346,64.44556
street_level,Maia,41.2018,-8.55778,3.59309,1.70997,0.01193,995.49825,-0.00762,0.0,3.97618,74.04838,-5.18758,41.8586,3.0
above,Espinho,41.00561,-8.64407,38.55652,85.82975,0.01592,1002.66575,1.1319,0.22767,14.92927,21.86833,9.57248,8.84848,86.6138
street_level,Matosinhos,41.17519,-8.68662,9.60432,1.15817,0.00617,1012.2676,-0.26913,0.0,1.28582,51.44111,-4.46115,0.0,3.0
above,Porto,41.16036,-8.62229,48.20837,80.88782,0.0,1003.96701,1.06723,0.29233,10.62112,27.24951,-7.34564,164.71699,3.0
underground,Vila nova de Gaia,41.12739,-8.62217,27.67035,45.9916,0.0,1004.77205,-0.50219,0.08521,-3.84233,42.75656,-40.99736,156.92634,3.0
street_level,Vila nova de Gaia,41.12968,-8.60636,17.6571,11.12145,0.02748,1002.33548,-0.10193,0.00653,-1.26089,55.14936,2.33065,0.0,3.0
street_level,Arouca,40.92947,-8.24808,12.85629,0.0,0.0,994.18268,0.06853,0.01966,-3.59026,16.61719,1.40279,0.0,14.40325
street_level,Oeiras,38.7141,-9.23687,13.19629,5.55862,0.0,1000.87243,0.1364,0.00278,-0.9453,13.92917,2.77516,0.0,27.78876
underground,Arouca,40.93045,-8.24351,42.49425,57.86226,0.08763,1004.27477,-0.51822,0.18972,-5.07114,21.21663,22.35625,0.0,129.46602
underground,Maia,41.20201,-8.55843,40.8943,88.03679,0.0,1007.29773,-0.34644,0.0,-3.82606,45.32461,-32.39185,375.11301,50.4124
street_level,Porto,41.14446,-8.62147,11.10243,0.0,0.00746,1001.39632,-0.04786,0.00313,2.85661,17.08861,8.01707,0.0,30.28407
above,Porto,41.14448,-8.62145,36.56963,82.51705,0.01795,1002.70241,0.80193,0.13074,8.50509,18.72963,-7.7814,209.27792,53.98184
underground,Vila nova de Gaia,41.13434,-8.61768,28.41025,59.10895,0.08125,1005.71966,-0.60186,0.0,-3.86251,42.62439,-30.71094,316.53196,63.50847
above,Matosinhos,41.1761,-8.68275,34.83747,74.95354,0.0,1003.22549,1.15489,0.17837,11.49972,40.51313,-28.54873,34.14801,42.49424
street_level,Arouca,40.93001,-8.24553,11.62255,0.0,0.0,1007.70777,0.0111,0.0,0.95718,37.66576,-3.11662,0.0,3.23137
street_level,Oeiras,38.67668,-9.32576,10.53863,0.0,0.0246,992.00396,0.6226,0.0,2.75826,65.63475,-1.43425,0.0,3.0
street_level,Maia,41.20248,-8.55764,21.37394,4.33965,0.0,1008.96978,0.18062,0.0,-3.47023,26.89672,-0.99294,0.0,3.0
underground,Matosinhos,41.1761,-8.6898,45.1019,19.05067,0.19425,1001.16715,-0.63112,0.17162,-4.01139,30.82114,55.46409,369.41826,125.11923
street_level,Matosinhos,41.1768,-8.68149,11.28674,0.0,0.0,1000.63405,-0.23642,0.0,2.14545,49.2438,-1.4325,0.0,3.0
street_level,Arouca,40.92938,-8.24626,10.76913,0.0,0.03033,997.22657,0.35535,0.00762,-0.16165,60.21102,0.69863,5.98299,3.0
above,Maia,41.20393,-8.55885,42.40661,85.97814,0.0,1003.80207,2.15294,0.19403,10.96907,31.84505,14.95373,159.4712,33.8901
street_level,Matosinhos,41.1751,-8.6809,8.80791,0.16471,0.0,1003.31036,0.04117,0.02007,-4.44632,42.38011,-0.70672,0.0,3.0
underground,Matosinhos,41.17159,-8.67969,6.073,131.93902,0.43734,1003.20194,-0.59499,0.2387,-5.19608,27.00292,54.22555,0.0,123.14583
underground,Matosinhos,41.1749,-8.68148,38.63362,73.28015,0.28888,1006.29904,-0.29017,0.0,-5.3343,34.66118,-57.56326,332.89807,3.0
street_level,Maia,41.20328,-8.55926,7.48216,0.0,0.0,998.99364,-0.23096,0.01565,-0.53305,62.25995,-1.57494,0.0,18.78922
street_level,Vila nova de Gaia,41.12576,-8.6056,11.41891,3.58175,0.00644,1002.61716,-0.20644,0.0,-0.50501,22.78943,4.87322,0.0,19.64255
street_level,Arouca,40.93161,-8.24298,14.67932,0.29499,0.0,1000.73076,-0.36023,0.00202,1.11522,26.40936,7.09004,24.03239,20.10705
street_level,Oeiras,38.7264,-9.24316,2.48229,11.0295,0.01605,1003.17645,0.34546,0.0237,3.79412,47.74883,-3.82507,7.78065,70.83516
above,Arouca,40.93186,-8.24644,40.29025,81.56593,0.00069,1003.98824,1.01379,0.3216,14.86592,50.25103,-25.30941,111.4533,6.36497
street_level,Porto,41.15462,-8.63079,12.57344,0.35037,0.0,1003.30939,-0.04757,0.00378,4.88618,37.41883,-10.74716,0.0,10.98016
street_level,Oeiras,38.70015,-9.24192,11.72229,1.14799,0.02179,1002.93835,-0.16468,0.0,-1.50633,38.0198,-0.30521,0.0,17.55258
underground,Matosinhos,41.17574,-8.68916,30.19736,82.98687,0.0,1008.98671,-0.33149,0.04598,-2.34807,40.27126,-25.13289,364.08848,3.0
underground,Oeiras,38.71271,-9.237,36.96119,48.08736,0.23015,1005.83808,-0.60906,0.17971,-5.02156,36.75425,-16.40118,40.82092,96.79189
underground,Oeiras,38.72838,-9.2374,25.94569,99.29081,0.37684,1003.31256,-0.70135,0.20519,-6.20891,21.77654,46.56021,109.76145,117.14672
underground,Espinho,41.0052,-8.63711,24.48155,87.53971,0.23579,1004.9586,-0.47114,0.14498,-3.86393,25.21796,-10.52489,140.04056,58.64085
street_level,Vila nova de Gaia,41.13148,-8.61255,18.45255,2.3533,0.01981,1005.16901,-0.25144,0.00671,-0.25477,28.35693,1.70607,6.80376,21.00959
underground,Vila nova de Gaia,41.1209,-8.60653,27.30998,85.84294,0.39639,1004.12502,-0.49381,0.10312,-5.74679,27.89321,17.72721,59.04544,140.07504
above,Vila nova de Gaia,41.12788,-8.61604,61.63104,91.52901,0.05465,1006.19943,0.13015,0.12985,6.4832,50.94006,10.22102,293.59146,90.82189
underground,Arouca,40.92911,-8.24803,24.57999,86.17676,0.14156,1004.64847,-0.40587,0.0,-3.03469,35.00439,-36.30679,415.66601,21.01002
underground,Vila nova de Gaia,41.12405,-8.60725,33.04171,74.20038,0.38447,1004.98867,-0.53313,0.1561,-6.60851,15.29622,17.27847,6.39549,129.76931
underground,Maia,41.20212,-8.55746,29.70168,63.01673,0.10961,1002.89432,-0.54235,0.09114,-5.55018,31.52647,-3.7647,9.89287,149.1723
underground,Maia,41.20194,-8.55766,19.41798,85.24524,0.29298,1004.44637,-0.60463,0.23067,-4.90781,30.23925,11.51833,0.0,83.23255
street_level,Maia,41.20204,-8.55736,18.13606,2.04884,0.00698,1010.39738,-0.04463,0.0,0.3844,37.11744,-5.276,0.0,3.93895
street_level,Arouca,40.93202,-8.24686,13.06095,0.0,0.0,995.05411,-0.14065,0.01538,-0.34962,18.91641,4.43364,4.55866,6.50637
underground,Vila nova de Gaia,41.12817,-8.60959,21.60679,124.41035,0.0839,1003.42252,-0.45779,0.30348,-5.16782,33.77424,24.3657,7.94561,120.90805
underground,Maia,41.20223,-8.55786,37.44371,105.473,0.24635,1004.20635,-0.66607,0.1309,-3.95601,43.96156,48.15232,94.17837,108.23235
street_level,Arouca,40.93132,-8.24304,3.58155,0.57437,0.01686,1004.34122,0.92411,0.0,5.38299,43.02966,1.44254,0.0,126.35524
street_level,Porto,41.15125,-8.58206,14.82573,0.0,0.0,998.6692,0.11334,0.0,-0.56701,32.67256,6.82316,14.70981,29.23641
street_level,Arouca,40.92955,-8.24862,12.64619,1.07723,0.00394,1013.26655,-0.27935,0.0,-0.35758,32.1075,-5.83709,0.0,3.0
street_level,Espinho,41.00844,-8.63809,10.79139,0.0,0.00937,998.383,-0.09884,0.0,-4.45549,52.1612,0.0727,0.0,4.21397
street_level,Maia,41.20238,-8.5587,17.42904,0.0,0.0,1008.65741,-0.11612,0.0,-2.46569,42.69488,-4.07789,0.0,3.0
underground,Oeiras,38.71423,-9.23719,33.96552,119.11326,0.63932,1003.66964,-0.61869,0.13935,-5.30576,28.58471,21.05975,256.655,68.2721
street_level,Matosinhos,41.17246,-8.68102,10.93033,0.90567,0.02901,1001.78887,-3e-05,0.01836,-2.24766,34.03643,6.85509,17.75269,3.0
underground,Maia,41.20216,-8.55861,38.06479,23.1578,0.24353,1003.95652,-0.47348,0.16822,-5.20445,22.09831,13.21642,94.49329,109.60155
underground,Porto,41.16391,-8.64668,15.10761,100.67123,0.2478,1004.10645,-0.52515,0.18991,-4.4394,16.81479,34.39649,29.71226,36.15593
street_level,Vila nova de Gaia,41.12927,-8.60598,12.49936,0.08311,0.0,1003.70517,0.48333,0.0,4.18374,35.98731,1.30402,16.79843,61.42729
street_level,Arouca,40.92919,-8.24805,20.17406,5.34257,0.01722,1015.61767,0.20397,0.00693,2.15397,26.76806,-6.22691,0.0,19.7656
street_level,Porto,41.15492,-8.61889,9.16953,3.73783,0.0134,1002.38702,0.84114,0.00248,8.6272,24.58528,-3.71236,0.0,30.43087
street_level,Oeiras,38.69824,-9.28221,18.29409,0.0,0.0,1005.11137,0.10817,0.0,2.66734,38.93861,-5.00712,0.0,6.42013
street_level,Espinho,41.00643,-8.63976,8.75797,0.0,0.0,1002.21668,0.11595,0.0,0.43484,54.28137,1.33798,0.0,3.0
street_level,Porto,41.17197,-8.59978,9.54061,0.0,0.01304,1006.87069,0.23174,0.0,0.61353,36.04443,-2.51414,3.35118,3.0
underground,Matosinhos,41.17212,-8.68036,26.12048,79.9491,0.03014,1003.5031,-0.46537,0.0,-2.57601,40.14011,-48.94621,202.59194,15.16752
street_level,Porto,41.14389,-8.59936,17.54768,0.0,0.00033,1006.22264,0.3115,0.01106,-0.70138,25.48667,-3.71049,11.35728,9.30089
above,Arouca,40.93141,-8.24362,62.79537,88.14735,0.0,1006.32323,0.86657,0.13692,6.09836,56.13533,16.03538,213.28212,97.47906
street_level,Maia,41.2032,-8.55927,19.79964,1.7867,0.00319,1001.97971,0.04625,0.0099,0.63277,31.6699,-5.74848,23.00907,20.2254
underground,Vila nova de Gaia,41.12619,-8.6143,43.28512,5.42394,0.29777,1004.28296,-0.5309,0.18508,-4.18243,35.74085,-7.65606,0.0,107.19475
underground,Matosinhos,41.17219,-8.67833,35.56393,49.25068,0.36859,1003.84271,-0.57483,0.20028,-4.98703,21.40605,-20.76025,0.0,105.35554
street_level,Espinho,41.01037,-8.63637,9.58868,5.03198,0.01039,1004.08637,0.3683,0.0,8.46409,34.57388,5.81421,0.0,68.63948
underground,Porto,41.17213,-8.59755,35.11941,87.29576,0.32421,1005.9458,-0.55366,0.17332,-5.40893,38.56526,42.1041,269.76094,222.94377
underground,Matosinhos,41.17417,-8.68077,35.32637,79.15652,0.0,1005.07616,-0.45284,0.10005,-2.82143,44.40626,-51.85034,527.36044,23.5496
above,Porto,41.16012,-8.6437,34.75956,88.26673,0.01999,1003.83254,1.41196,0.25188,14.72587,35.51524,-12.37288,144.43383,3.0
above,Espinho,41.00471,-8.6426,37.97207,86.88589,0.01695,1003.24097,1.08899,0.10527,12.50063,23.7195,-3.13885,130.82039,45.44494
street_level,Arouca,40.9319,-8.24722,9.50226,0.80552,0.01172,1010.07168,0.24672,0.01896,-0.73689,40.8167,-11.68427,1.09726,13.81793
street_level,Arouca,40.93008,-8.24462,12.675,0.0,0.0,1003.80237,0.07192,0.00287,1.4363,39.31539,-5.67804,7.81241,27.84633
street_level,Oeiras,38.7133,-9.24027,13.55789,0.0,0.03027,999.37082,0.13343,0.01715,1.80312,47.47085,1.73435,31.34659,3.0
underground,Vila nova de Gaia,41.12474,-8.60832,21.89726,125.04255,0.28378,1002.22044,-0.66724,0.21154,-5.61945,36.68804,21.15375,159.6858,81.26212
underground,Espinho,41.00668,-8.64087,22.78148,60.02513,0.0,1006.651,-0.54466,0.08485,-3.94374,47.58959,-58.25216,288.24051,44.55024
street_level,Arouca,40.93107,-8.24646,9.32049,0.0,0.01196,998.22413,0.01242,0.00187,-3.18287,39.57103,5.91583,8.36833,17.65448
street_level,Maia,41.20233,-8.55852,12.03123,0.0,0.0,1010.82586,0.05478,0.00528,0.30755,41.3502,-1.0314,0.0,6.8899
street_level,Vila nova de Gaia,41.12543,-8.61775,17.15061,1.27646,0.00057,1004.75361,-0.43209,0.0,0.35312,29.70269,-6.65864,45.94603,3.0
underground,Vila nova de Gaia,41.12773,-8.61155,23.21904,43.63796,0.0483,1009.29099,-0.50883,0.02766,-4.072,36.00193,-68.0217,516.99631,18.59393
street_level,Arouca,40.92974,-8.24861,14.98055,3.16014,0.02118,1002.53972,-0.73995,0.0096,-1.6086,35.00429,5.9072,12.93794,3.0
underground,Arouca,40.92938,-8.24733,42.41399,65.47732,0.30079,1002.95089,-0.73217,0.05798,-5.64444,23.18465,39.55306,174.01772,63.28548
street_level,Oeiras,38.69686,-9.29209,12.14464,8.7033,0.0,998.83191,1.04473,0.00825,5.7257,40.63558,1.28991,8.069,53.50498
street_level,Vila nova de Gaia,41.12664,-8.61109,13.54729,5.96637,0.00562,996.03778,-0.5856,0.0,1.29392,27.84245,4.83984,2.70209,12.04752
underground,Matosinhos,41.17518,-8.6899,16.50597,84.19385,0.10995,1005.8237,-0.36775,0.08737,-5.41884,47.51292,-45.39235,50.97224,63.5645
street_level,Espinho,41.00402,-8.64315,15.9604,3.78924,0.00897,1005.32374,0.00246,0.0,-0.90414,58.86088,-2.35748,0.0,9.11165
street_level,Arouca,40.92937,-8.24699,7.97668,0.0,0.0,999.11932,-0.21021,0.01556,1.79549,21.63404,-2.4253,13.17811,17.66221
street_level,Porto,41.14728,-8.61484,10.45682,8.89534,0.03812,1009.75257,0.07412,0.0009,-0.49722,40.70493,-0.58325,29.70119,3.0
underground,Maia,41.2026,-8.55839,28.34992,50.12559,0.08745,1003.80434,-0.46378,0.11729,-2.59638,52.18594,-73.12382,193.89761,3.0
street_level,Porto,41.1567,-8.62258,9.18377,0.0,0.0,1000.01071,0.18657,0.0,1.55522,24.35775,11.21067,8.17005,3.0
underground,Oeiras,38.69886,-9.23447,41.39168,1.55875,0.23193,999.86069,-0.54867,0.21935,-5.12772,39.79897,26.80834,38.71102,123.97988
street_level,Matosinhos,41.17079,-8.68711,14.77464,6.65851,0.02638,997.98622,-0.02185,0.0,-0.96311,27.31468,2.15571,8.56453,8.8304
underground,Oeiras,38.71299,-9.22288,21.80257,125.79473,0.12588,1004.77522,-0.68144,0.16428,-4.30001,32.34664,-13.50265,0.0,29.61659
street_level,Matosinhos,41.17528,-8.68119,7.16761,3.71929,0.0,1014.48822,1.06602,0.0,6.49668,44.13903,-0.23288,3.79204,68.29239
underground,Arouca,40.92913,-8.24648,50.48936,25.42478,0.00144,1005.85932,-0.66684,0.20075,-4.3093,34.65748,1.11376,0.0,174.46508
underground,Oeiras,38.71058,-9.22638,57.78069,14.60495,0.0,1004.47222,-0.63095,0.08352,-4.27743,18.77202,17.38489,102.89336,193.66282
street_level,Porto,41.14902,-8.61047,12.14357,2.65146,0.0,1010.95342,-0.28642,0.0006,-0.05334,60.60638,-0.72292,0.0,20.61912
street_level,Espinho,41.00834,-8.64315,8.91041,0.0,0.03751,999.01218,0.04299,0.0,0.24348,64.43291,-0.94155,0.0,16.7094
underground,Espinho,41.00533,-8.63717,35.00201,66.46299,0.21909,1003.13813,-0.59464,0.17343,-6.08896,34.55045,11.45871,111.78706,131.20437
street_level,Vila nova de Gaia,41.13687,-8.61658,8.97728,3.09293,0.0,998.88824,0.09828,0.01985,0.58661,44.73429,0.71889,0.0,3.0
street_level,Arouca,40.93185,-8.24705,9.05064,8.3568,0.0007,1007.70836,0.11296,0.0,5.87437,36.06874,1.32019,0.0,77.14726
above,Matosinhos,41.17593,-8.68912,68.95534,82.00635,0.00354,1006.24837,0.69377,0.07608,4.02993,49.71445,13.71261,281.07881,126.27833
street_level,Porto,41.18466,-8.60242,13.66891,0.88358,0.01012,1005.7714,0.0303,0.00363,-3.60032,39.83004,-2.78988,3.97086,5.81236
underground,Vila nova de Gaia,41.12494,-8.60593,24.96879,52.64041,0.43463,1002.43773,-0.68064,0.21408,-5.63917,22.78282,6.99932,30.95777,80.79202
underground,Espinho,41.01163,-8.63973,33.97807,66.0282,0.27974,1004.83932,-0.57904,0.24248,-4.54004,20.52905,-73.08011,85.97929,53.22244
street_level,Oeiras,38.70224,-9.23014,13.67851,5.2599,0.0,1008.41425,-0.04662,0.0,-2.99626,31.48882,-2.25283,0.0,3.0
underground,Porto,41.14689,-8.62467,25.38755,101.52918,0.03825,1007.34695,-0.3509,0.0,-3.4839,46.58625,-66.04523,373.62555,75.96911
street_level,Maia,41.20379,-8.55893,8.10302,20.00435,0.01098,1003.04323,0.60845,0.00765,4.34054,31.03835,0.76539,26.29064,80.03426
underground,Maia,41.20261,-8.55841,24.01634,60.17856,0.08294,1006.09993,-0.32901,0.14392,-4.30293,51.36057,-44.37403,375.51999,12.00669
above,Oeiras,38.69556,-9.29618,31.23082,83.86248,0.0,1002.83873,1.52702,0.22302,13.9425,28.08217,7.94318,251.94579,40.96954
street_level,Espinho,41.00841,-8.63888,5.92391,14.3139,0.00099,1001.76727,0.79888,0.00662,4.22183,43.4498,2.72308,20.96682,78.19116
underground,Matosinhos,41.17529,-8.68814,22.69673,101.36083,0.54174,1000.9562,-0.68081,0.12614,-5.75949,30.5174,-8.35831,72.1492,166.7286
street_level,Vila nova de Gaia,41.12072,-8.60616,8.40143,3.14779,0.0,1003.39316,-0.33887,0.00908,-1.10135,13.89807,5.2778,1.71231,3.0
underground,Vila nova de Gaia,41.13139,-8.60667,29.02781,115.20392,0.28716,1008.58434,-0.55255,0.03281,-2.63457,45.7152,-52.71311,372.24354,38.03512
street_level,Oeiras,38.7117,-9.29769,12.14054,3.29566,0.00544,1003.98014,-0.35239,0.03035,-3.40849,38.99363,-6.84957,19.92547,24.28758
underground,Arouca,40.93112,-8.24725,21.36313,70.22401,0.4952,1002.93247,-0.56154,0.15249,-6.01417,23.62921,12.89466,257.84375,65.44118
street_level,Maia,41.20234,-8.55775,5.63083,0.0,0.01799,1003.06694,0.2616,0.0,-0.45812,62.28678,1.09672,0.0,3.0
street_level,Maia,41.20209,-8.55851,15.58619,3.76715,0.04165,997.64482,0.45151,0.01157,2.10864,20.13573,6.68138,26.76492,3.0
underground,Espinho,41.00619,-8.64227,26.5004,68.87887,0.51343,1003.54879,-0.43112,0.17221,-5.40087,23.98809,-2.70176,51.16667,110.02381
street_level,Vila nova de Gaia,41.13328,-8.61242,10.91602,15.73892,0.0,1004.59639,1.03095,0.0,4.37167,44.75268,-0.03818,22.12546,48.43978
above,Maia,41.20247,-8.55844,42.92153,90.37399,0.0,1005.05742,1.64366,0.291,11.39511,23.23311,-7.7483,19.57252,69.20437
street_level,Vila nova de Gaia,41.1215,-8.6141,10.91749,0.0,0.00939,996.23476,-0.1879,0.0,-3.86354,29.93273,3.40202,24.61485,3.0
street_level,Matosinhos,41.17666,-8.68569,15.96114,0.0,0.01414,1007.41168,0.02623,0.0,-0.9146,49.95079,-0.52652,16.66641,6.21564
underground,Espinho,41.00477,-8.64239,42.63768,93.90504,0.04336,1008.28191,-0.44156,0.0,-4.89602,48.56165,-67.86654,616.16277,3.0
underground,Oeiras,38.69682,-9.29926,34.51524,40.12465,0.1354,1005.23998,-0.6594,0.22596,-5.83106,38.96525,9.39506,185.83487,105.9604
underground,Porto,41.17665,-8.608,48.20263,0.0,0.1469,1000.42952,-0.49161,0.16116,-5.09229,26.33658,34.8853,156.41067,113.70324
street_level,Matosinhos,41.17671,-8.68862,10.13307,0.0,0.0,1001.04067,0.81431,0.0,6.1559,34.32004,1.01756,9.1219,68.20922
underground,Porto,41.16712,-8.62462,16.88479,69.12821,0.29438,1004.98262,-0.50615,0.08788,-5.70038,31.80345,-5.85425,98.79185,89.70674
street_level,Oeiras,38.70757,-9.24195,10.30291,0.0,0.0,998.12722,-0.38474,0.0,-0.91692,67.89277,0.3357,17.28404,11.87818
street_level,Maia,41.20367,-8.55897,14.06828,0.0,0.0,1006.44458,0.02489,0.0,-1.52793,34.48135,-3.43332,0.0,3.0
underground,Arouca,40.92964,-8.24825,31.44632,89.59101,0.0,1008.59831,-0.46731,0.00493,-3.26218,39.25137,-33.07882,203.60927,57.20026
above,Arouca,40.93148,-8.24518,34.63326,77.63016,0.03915,1004.0693,1.57205,0.12645,8.40854,30.69373,-11.87835,49.14032,43.0704
street_level,Matosinhos,41.17725,-8.68086,10.8922,4.14599,0.0,998.63643,0.09843,0.0,2.13046,34.37983,0.78837,20.98685,3.0
above,Espinho,41.0087,-8.64392,66.85227,90.54966,0.0,1006.26633,1.04864,0.07437,2.29345,50.56017,-0.67123,187.37838,107.97604
street_level,Arouca,40.93043,-8.24455,14.79884,0.0,0.0004,1012.69118,0.22512,0.0004,5.48603,31.51944,-2.91494,0.0,3.0
street_level,Oeiras,38.70032,-9.23194,8.45153,12.15461,0.03532,1001.70581,0.46981,0.02237,7.34293,44.15055,-1.0031,19.69263,80.31257
underground,Matosinhos,41.17702,-8.68119,46.52453,9.23613,0.18165,1001.20374,-0.54238,0.05682,-3.06959,42.30092,65.42118,220.9844,191.67718
street_level,Espinho,41.00699,-8.6414,12.07487,1.16717,0.0,1011.13821,0.01,0.00254,3.01089,32.91672,-4.86867,0.0,3.0
underground,Vila nova de Gaia,41.12403,-8.60754,40.32328,34.3942,0.3652,1001.72242,-0.68843,0.08901,-4.17049,34.4916,41.5564,94.77649,67.28243
above,Vila nova de Gaia,41.11974,-8.60714,43.48229,75.26101,0.0,1004.98632,1.71816,0.21503,11.60954,20.50207,-10.73234,264.93685,92.25697
street_level,Vila nova de Gaia,41.11557,-8.6063,10.13486,2.74696,0.0,1005.00886,1.36193,0.00557,8.81572,48.2114,1.92493,0.0,86.16238
street_level,Arouca,40.92969,-8.24865,17.27929,2.70829,0.00038,999.26804,0.0465,0.0,-0.5283,23.42147,5.09421,8.69358,14.16548
street_level,Arouca,40.93227,-8.24638,12.67976,0.0,0.02343,1008.29848,-0.156,0.00147,1.30438,33.84961,0.10716,0.0,31.70572
street_level,Espinho,41.01099,-8.64371,12.13453,8.65368,0.0,1010.39614,0.42264,0.00401,1.49547,35.06845,-7.37407,12.99755,17.40416
underground,Porto,41.15793,-8.5937,30.69796,88.18604,0.26035,1003.49991,-0.51478,0.11662,-6.70492,29.27127,41.44267,0.0,160.89518
underground,Oeiras,38.70876,-9.22485,32.71624,54.38305,0.29964,1003.70302,-0.44808,0.06572,-5.57433,33.61617,-16.24344,0.0,174.91233
street_level,Maia,41.20391,-8.55863,7.59705,8.01388,0.0,1006.5795,0.57409,0.00072,7.56084,44.06864,0.23491,0.0,54.36569
underground,Arouca,40.93201,-8.24567,36.48217,99.32538,0.40034,1002.95678,-0.53912,0.23085,-5.54837,12.60173,28.51079,133.5493,137.68482
street_level,Matosinhos,41.1746,-8.68341,14.81348,1.69146,0.00663,994.92515,0.14491,0.0,-3.15145,39.82189,6.23248,19.21586,15.36251
street_level,Maia,41.20231,-8.55755,7.20421,8.01931,0.00762,1007.74319,0.51131,0.0,4.40459,46.96825,0.59173,0.0,70.91244
street_level,Vila nova de Gaia,41.12138,-8.60765,9.79098,1.57273,0.0,1005.34558,0.04202,0.01031,-6.73669,22.6713,10.46793,25.07271,3.0
underground,Matosinhos,41.16742,-8.6886,46.55046,16.18251,0.15714,1001.98494,-0.63651,0.18159,-5.27469,41.11296,27.49474,249.88207,110.72786
above,Porto,41.15773,-8.64608,29.27486,71.3659,0.00785,1003.32829,0.94973,0.24858,12.34556,36.60136,-18.88765,86.62641,43.72158
underground,Espinho,41.00653,-8.63987,18.46059,70.14014,0.24017,1005.09871,-0.58273,0.18862,-5.79415,26.26589,-12.3491,0.0,116.53898
above,Arouca,40.93193,-8.24705,63.40498,86.55583,0.01101,1005.34229,0.47444,0.01938,3.48587,59.80767,14.86655,199.4134,126.24617
street_level,Vila nova de Gaia,41.11997,-8.60692,2.03721,0.41145,0.00045,999.69183,0.53688,0.01594,1.64287,45.14752,-1.66812,0.0,3.0
above,Matosinhos,41.1759,-8.68229,48.42267,90.93425,0.0,1003.83143,1.31951,0.21285,6.01182,22.23393,-20.09488,103.92502,19.27616
street_level,Espinho,41.00489,-8.64335,14.04509,0.0,0.0,1009.72642,0.12236,0.0,1.27395,35.40708,5.68828,7.79444,3.0
above,Vila nova de Gaia,41.12785,-8.61138,61.37717,95.64807,0.0,1006.01168,0.32858,0.00033,3.29008,47.06049,6.68309,107.92346,84.82987
underground,Vila nova de Gaia,41.12968,-8.6087,24.51493,0.0,0.51714,1003.76233,-0.45203,0.10241,-4.9709,30.48756,-6.34762,176.557,72.11291
underground,Vila nova de Gaia,41.12913,-8.60605,23.51322,96.60383,0.40812,1001.53026,-0.67638,0.13469,-3.51693,28.70843,-25.14817,15.42605,120.08438
underground,Vila nova de Gaia,41.12399,-8.60745,23.21314,62.47447,0.46403,1003.66271,-0.53285,0.14945,-5.52496,13.67252,-20.77273,0.0,112.5726
street_level,Oeiras,38.70896,-9.29485,10.65089,8.21073,0.0,1000.22504,-0.17132,0.0,-2.05764,26.05496,1.73232,18.81497,19.89355
underground,Porto,41.15112,-8.63822,31.10965,110.37408,0.20547,1002.2202,-0.53055,0.1315,-5.97296,27.41207,8.03417,41.77905,171.02046
street_level,Porto,41.16045,-8.64484,10.47993,0.0,8e-05,1003.3396,-0.0803,0.0,2.4938,31.39326,-7.05681,0.0,25.9971
street_level,Espinho,41.0086,-8.638,6.07975,2.5239,0.0,999.58783,-0.35693,8e-05,0.72676,69.41289,0.65067,0.0,39.04052
street_level,Porto,41.18203,-8.59585,9.4715,14.87629,0.0,1004.28704,0.45504,0.00379,3.55208,31.89387,-0.4808,5.72266,62.06737
above,Vila nova de Gaia,41.1233,-8.61416,71.37638,76.16619,0.0,1006.25977,0.68203,0.07637,0.95817,42.08409,7.37017,182.11532,135.00511
street_level,Porto,41.14807,-8.59886,10.52907,3.30374,0.0,1004.35907,0.22342,0.01403,-4.19352,31.6413,5.33756,0.0,4.44602
above,Oeiras,38.70325,-9.30239,45.9905,90.75728,0.00579,1004.2463,1.79459,0.30017,12.57374,35.86142,-7.12438,144.36317,53.6331
street_level,Espinho,41.0048,-8.64383,13.80842,0.0,0.0,1005.20824,-0.13842,0.0,0.0687,44.2192,-4.30262,0.0,3.0
street_level,Oeiras,38.6962,-9.29308,5.36318,7.85524,0.0,1005.49776,0.67959,0.01192,2.74208,34.21879,-3.10801,0.0,95.78477
street_level,Maia,41.2021,-8.55869,8.46889,6.05979,0.0,1007.70202,0.71514,0.0371,5.0583,39.16404,1.79499,11.71982,39.95516
street_level,Maia,41.20218,-8.5577,10.72113,6.56073,0.00244,1000.69483,-0.6683,0.0,-2.87342,20.14958,4.44955,5.42513,11.51503
street_level,Maia,41.20243,-8.55775,10.18482,6.11375,0.00523,992.7048,-0.08188,0.00563,-2.00087,63.97425,2.1302,2.26671,5.39764
street_level,Oeiras,38.69649,-9.29431,9.67925,8.69026,0.00301,999.02621,0.99469,0.0,2.53907,31.09063,-0.61852,0.0,79.73042
street_level,Arouca,40.93123,-8.24567,13.26238,4.55739,0.02647,1012.44205,-0.12512,0.00247,-1.89628,27.37243,-6.154,0.0,10.69101
underground,Oeiras,38.70385,-9.30189,24.93009,120.38587,0.11041,1008.23039,-0.39098,0.01724,-1.66497,51.55164,-51.54982,302.31352,27.93438
underground,Oeiras,38.68336,-9.32407,33.49914,101.51414,0.35277,1000.95693,-0.52445,0.0,-6.01695,21.00479,27.40036,38.14857,183.9063
street_level,Oeiras,38.71171,-9.23102,15.50502,0.0,0.00151,1008.84637,0.00992,0.01104,1.41618,59.55383,-4.23253,6.47727,9.9074
underground,Oeiras,38.6965,-9.29431,50.94062,0.45816,0.24193,1002.71125,-0.51671,0.19242,-3.75931,25.10097,-10.23373,191.2469,116.19271
underground,Oeiras,38.71197,-9.30069,50.78741,17.5631,0.35243,1002.4594,-0.55884,0.15107,-4.74012,36.82934,7.07332,227.10909,45.98479
above,Espinho,41.00732,-8.64091,56.27542,86.52192,0.04937,1004.17755,0.0307,0.0,6.47664,56.5819,10.065,202.79466,75.12757
above,Oeiras,38.70213,-9.2296,71.87931,84.42572,0.0,1003.71617,0.87166,0.07046,6.71515,52.11221,26.2592,213.76902,100.75697
underground,Oeiras,38.69429,-9.31072,39.41635,73.33046,0.13692,1003.46602,-0.69591,0.26874,-5.15378,28.46802,3.45843,434.80806,141.75889
street_level,Matosinhos,41.16761,-8.68877,12.88306,0.0,0.0,1004.10685,-0.01214,0.0,1.08864,40.82654,-3.8824,0.0,3.0
street_level,Espinho,41.01087,-8.63805,9.6622,0.0,0.0,1006.33864,-0.34808,0.0,-0.27101,52.19639,3.25508,10.85196,5.67318
underground,Arouca,40.93158,-8.24446,27.88384,73.68192,0.00917,1009.02393,-0.38253,0.04979,-3.37405,57.68325,-44.99568,351.20169,22.68997
above,Porto,41.15344,-8.60562,46.98623,77.53641,0.01308,1004.27602,1.81742,0.32867,12.06368,53.24911,0.36373,192.5247,19.01472
above,Vila nova de Gaia,41.12238,-8.6093,64.11986,79.4349,0.00108,1003.88743,0.93593,0.31684,12.72659,26.61,-4.27622,108.71753,34.36679
underground,Oeiras,38.67724,-9.32356,38.02262,51.44608,0.0,1006.69253,-0.45974,0.0,-4.29536,34.10624,-29.48805,362.42779,3.0
above,Maia,41.2022,-8.5575,61.22371,91.91426,0.0,1006.58309,0.93391,0.04294,5.98246,56.85408,25.96853,205.80767,71.92524
street_level,Porto,41.16558,-8.62051,10.00554,8.23307,0.00505,1004.57751,0.8015,0.0,8.28345,22.87661,1.42678,0.0,62.97647
underground,Maia,41.2031,-8.55904,26.39203,91.15911,0.19114,1003.47043,-0.58586,0.05483,-5.66446,38.72114,-10.79036,142.51749,77.28867
street_level,Maia,41.20203,-8.55769,14.01092,0.0,0.02423,1002.35338,-0.16922,0.0,-0.1231,15.01101,4.11377,7.99692,3.0
street_level,Espinho,41.00387,-8.63828,14.77212,4.42751,0.00898,1008.47637,-0.16015,0.00325,0.28935,43.41479,-4.08803,0.0,3.0
underground,Maia,41.20243,-8.55942,24.21981,57.58454,0.0,1008.44661,-0.43409,0.03746,-3.32795,41.28571,-24.46351,518.76005,61.84251
street_level,Arouca,40.92924,-8.24737,9.99169,0.0,0.01866,1001.07781,-0.63091,0.0,2.46368,27.36417,1.77013,0.0,5.3018
underground,Oeiras,38.69108,-9.3181,11.51139,40.0045,0.0,1007.28106,-0.32336,0.0,-2.59795,46.64687,-49.65148,168.073,3.0
street_level,Espinho,41.00706,-8.63814,12.75111,5.70302,0.02967,1001.89234,0.15313,0.0024,0.76957,22.99801,4.03822,4.82887,3.0
underground,Vila nova de Gaia,41.11655,-8.60634,21.7522,87.94654,0.14982,1005.54799,-0.39539,0.0,-3.41347,48.48643,-70.55325,334.50432,23.71056
street_level,Oeiras,38.71058,-9.23038,5.94014,0.0,0.0,1002.11352,-0.14879,0.0084,-3.02392,36.6897,-0.79996,0.0,39.61653
street_level,Porto,41.15356,-8.63302,10.86758,0.0,0.01762,998.90773,-0.09428,0.0,-1.32595,72.22434,0.83969,2.94002,3.0
underground,Espinho,41.00975,-8.64428,44.88284,111.33048,0.23799,1003.89325,-0.63801,0.17585,-5.67062,15.22713,-7.55884,217.98009,33.54532
underground,Espinho,41.0086,-8.64137,39.68842,96.73171,0.00367,1010.42867,-0.49645,0.0,-3.63656,48.81007,-28.70821,67.22133,3.0
underground,Porto,41.16417,-8.61846,22.49153,88.83424,0.43286,1003.01972,-0.57898,0.07649,-4.89896,13.12051,13.34084,161.91579,92.53119
underground,Maia,41.20184,-8.55769,44.47371,2.13047,0.0,1003.69402,-0.60454,0.15951,-4.37566,17.99257,8.04882,227.28573,113.8263
street_level,Arouca,40.93109,-8.2476,7.9359,1.11245,0.00529,999.42526,-0.10989,0.02184,-2.52056,31.34025,5.06729,0.0,3.0
underground,Espinho,41.00854,-8.63798,46.64915,41.67715,0.3582,1005.64496,-0.81548,0.08168,-4.80522,33.63606,-30.07859,65.26108,199.06444
street_level,Arouca,40.92933,-8.24709,5.84578,7.56264,0.0,993.6445,-0.28002,0.01101,1.58892,47.14571,-2.03103,11.30334,35.00299
street_level,Matosinhos,41.17382,-8.685,2.74678,5.95363,0.0,999.87615,-0.25378,0.00477,5.54159,56.0532,-1.50566,0.0,3.0
street_level,Maia,41.20214,-8.55861,16.45056,13.39702,0.01522,1002.72272,0.13154,0.00688,3.76486,49.02528,-13.33694,0.0,3.40339
street_level,Matosinhos,41.1747,-8.68891,11.8096,12.10728,0.03884,1005.24908,0.51691,0.0,1.19312,33.35065,4.29878,10.84856,62.46302
above,Arouca,40.9311,-8.2471,75.3589,79.64172,0.0,1006.83557,1.24411,0.13446,9.32549,48.39115,28.01636,256.1057,117.14055
street_level,Vila nova de Gaia,41.12704,-8.60675,12.45345,0.66136,0.01518,1001.56549,0.08175,0.0,-2.24404,29.99872,8.84212,21.37908,41.06182
street_level,Espinho,41.00585,-8.6389,20.1919,0.0,0.00415,1006.28897,-0.21487,0.0,-0.03848,28.55036,-0.84228,1.00121,3.0
above,Oeiras,38.72595,-9.24141,49.59037,90.01669,0.01675,1005.01267,0.91453,0.10495,6.92026,53.87667,2.31006,176.92695,135.82525
street_level,Porto,41.15289,-8.67626,7.78839,2.96508,0.0,992.94757,0.0709,0.0,-1.4938,34.39619,2.47979,0.0,23.24813
street_level,Oeiras,38.70823,-9.24188,8.20314,0.0,0.0,998.01302,-0.60547,0.0,1.63702,58.26089,-3.38356,9.20343,3.0
underground,Porto,41.15405,-8.58917,49.9145,27.65573,0.3743,1005.50588,-0.60507,0.2429,-5.42604,22.49926,-15.76561,56.02255,102.41042
above,Maia,41.20323,-8.55919,56.02432,85.65187,0.01182,1006.98664,0.60334,0.02999,3.9275,38.97263,15.48417,308.02498,113.92419
street_level,Arouca,40.92983,-8.24735,14.61156,0.0,0.0,1007.18133,0.06817,0.0,-3.29004,47.20268,-11.02196,0.0,3.0
underground,Oeiras,38.71136,-9.22911,32.53038,137.52452,0.5305,1002.2781,-0.62615,0.07578,-4.95501,27.76624,10.12192,0.0,70.93348
underground,Porto,41.14674,-8.58274,30.16787,104.28415,0.46131,1004.71023,-0.59166,0.35791,-5.63391,23.24772,7.72158,135.40763,190.02995
street_level,Arouca,40.9292,-8.24797,14.92032,0.0,0.0,1011.89009,0.20104,0.0,0.3298,40.67242,-3.63346,36.98254,50.34338
underground,Arouca,40.93108,-8.24737,47.89842,158.23016,0.32545,1004.5705,-0.51154,0.2565,-4.5897,34.14902,16.98604,0.0,151.50162
street_level,Vila nova de Gaia,41.11622,-8.60931,6.08141,0.0,0.00086,996.22183,0.06425,0.00366,-0.48566,46.49533,0.22085,0.0,6.06235
above,Oeiras,38.71342,-9.23428,41.07985,86.17021,0.00042,1000.42269,1.18781,0.27656,14.87016,33.26363,-8.4524,140.56313,93.21699
street_level,Arouca,40.9306,-8.24733,8.7158,0.0,0.00418,1003.96698,0.31446,0.0,7.58944,26.38626,1.04103,6.61595,43.25367
underground,Espinho,41.00432,-8.63813,37.00719,52.71808,0.0,1007.58156,-0.5628,0.01516,-5.11894,37.88475,-54.91874,496.22479,11.33609
street_level,Porto,41.1654,-8.58876,13.04986,0.49776,0.03981,1003.77391,0.11206,0.00578,0.76193,30.9766,-2.5724,9.44711,3.0
street_level,Matosinhos,41.17292,-8.68841,11.70645,14.48324,0.0,1004.57441,0.51546,0.0,4.08679,50.21402,0.74221,4.42715,67.11309
street_level,Matosinhos,41.17451,-8.6842,7.7984,8.01015,0.01243,1000.84905,0.88405,0.00769,2.36315,48.23733,7.62915,17.61098,94.53525
underground,Maia,41.20197,-8.5578,47.14098,76.98887,0.24114,1008.04886,-0.38983,0.0,-4.55763,47.56139,-65.39156,316.19322,58.73902
street_level,Oeiras,38.69123,-9.31845,16.83446,0.0,0.05489,1006.76625,0.33767,0.00709,0.06943,52.02551,-7.54109,8.92458,3.0
street_level,Matosinhos,41.17724,-8.68124,10.16441,8.399,0.00946,998.43804,-0.16139,0.0,0.00748,5.72043,6.39808,4.9783,59.4225
above,Espinho,41.00599,-8.63909,60.12088,95.45487,0.02427,1004.67505,0.50457,0.12115,9.62062,47.51991,13.25625,260.24153,70.5378
street_level,Maia,41.20318,-8.55897,7.78137,0.0,0.02111,997.91112,0.58683,0.0,7.0918,39.65971,4.42802,0.0,51.40377
street_level,Vila nova de Gaia,41.11773,-8.60834,18.26119,2.81357,0.0,1010.46031,-0.53426,0.02713,0.43564,59.17114,-5.3074,0.0,13.341
underground,Oeiras,38.71151,-9.29738,25.58766,58.46163,0.46961,1005.64326,-0.65311,0.11909,-4.42529,21.27837,-26.85607,13.27444,160.68255
street_level,Arouca,40.93223,-8.24547,8.56025,6.63639,0.0,1003.4846,-0.08949,0.01363,-1.51693,39.30492,5.53965,0.0,19.11661
underground,Vila nova de Gaia,41.13028,-8.60593,27.13603,69.51893,0.0,1006.16054,-0.49872,0.0,-3.12683,45.06505,-60.56675,459.80339,65.60342
street_level,Arouca,40.93055,-8.24872,9.53336,11.46602,0.01845,1000.31742,0.34289,0.00692,-1.10551,43.32001,-1.84043,0.0,8.99042
street_level,Matosinhos,41.1721,-8.67806,14.27471,2.62278,0.0,1009.42494,-0.4299,0.0143,0.99365,53.61266,-6.0632,20.80955,26.33579
underground,Arouca,40.93173,-8.24316,25.49524,62.29804,0.04396,1004.64042,-0.3781,0.03589,-3.49356,42.02884,-50.33741,338.85439,22.28285
underground,Maia,41.20366,-8.55898,31.40435,68.04526,0.6324,1004.00365,-0.71085,0.14863,-6.18434,21.50928,20.58972,215.72786,148.36195
street_level,Matosinhos,41.17477,-8.68306,15.43801,0.0,0.0,999.92253,-0.22788,0.0,1.51476,39.06205,-1.61367,15.64217,29.43939
street_level,Matosinhos,41.1751,-8.68106,6.98362,1.01657,0.0,997.38265,0.07488,0.01946,0.22999,66.23579,1.80011,18.20567,3.0
street_level,Espinho,41.00777,-8.63716,10.99752,5.46583,0.0,1005.68316,-0.12379,0.0225,1.52654,31.72152,1.33762,0.0,28.00748
underground,Vila nova de Gaia,41.12826,-8.61263,28.8757,50.39148,0.24904,1005.06212,-0.54876,0.15118,-5.50741,27.20749,-2.13017,54.1514,105.91767
above,Porto,41.15479,-8.63104,44.06461,83.92854,0.0,1005.42338,1.28163,0.10552,6.29025,49.13627,10.9569,319.12801,124.14748
street_level,Oeiras,38.68276,-9.31496,2.96174,14.90921,0.03802,1008.81451,0.90185,0.00461,3.40925,36.86616,7.23633,0.0,51.62697
above,Maia,41.20212,-8.55945,38.32373,86.51193,0.0,1004.61783,1.30111,0.20392,7.21233,38.01564,-18.7275,159.62761,14.58326
street_level,Vila nova de Gaia,41.12629,-8.61069,9.87967,0.0,0.02555,1001.00036,0.44446,0.0,-1.30472,61.35906,3.05022,0.0,3.0
underground,Espinho,41.00728,-8.64232,24.33534,73.7929,0.1586,1002.98968,-0.69031,0.20462,-5.89147,21.2537,6.07537,266.32697,69.0275
above,Oeiras,38.67693,-9.32067,70.15038,87.49271,0.01703,1002.96754,0.79103,0.14769,4.15361,51.69913,5.56794,262.77985,58.26643
street_level,Espinho,41.00692,-8.6381,11.79918,2.61447,0.0,1007.07224,0.18033,0.0,2.84109,24.42803,-7.2082,6.8608,40.72812
street_level,Oeiras,38.6938,-9.31846,14.10375,0.0,0.00489,1004.49675,-0.37225,0.0,2.22773,30.23403,-5.57955,0.0,3.0
street_level,Espinho,41.00727,-8.63997,11.91955,0.0,0.0,995.95646,0.18893,0.02697,-0.20991,48.7044,7.23434,6.81828,3.0
street_level,Matosinhos,41.17463,-8.68436,16.22359,2.86072,0.0,1004.7529,-0.08994,0.02208,2.57526,31.62027,-8.44176,7.67179,3.0
street_level,Matosinhos,41.17591,-8.68869,16.25773,0.84302,0.0,997.47562,-0.21781,0.00033,2.17504,32.90765,7.06815,5.68234,3.0
street_level,Maia,41.20393,-8.55879,10.27987,0.0,0.00405,997.9656,-0.22225,0.0112,-3.41429,14.27533,4.57099,19.08689,33.23005
above,Arouca,40.93197,-8.24443,38.20954,90.69131,0.0,1004.36861,1.11199,0.25279,12.24713,25.7158,-14.41393,58.90759,43.32613
street_level,Oeiras,38.70115,-9.22899,8.9918,0.0,0.0,1000.17076,0.20215,0.00549,1.7249,8.54025,2.7765,14.75081,12.82475
underground,Matosinhos,41.17343,-8.68613,59.67036,4.22211,0.36323,1004.53068,-0.59612,0.13588,-5.85783,40.77785,-21.568,0.0,135.78091
underground,Maia,41.20205,-8.55743,48.36041,14.61025,0.25836,1003.18411,-0.57415,0.20906,-4.04554,31.56247,-18.07198,187.85505,153.90549
street_level,Maia,41.20336,-8.55917,13.64038,4.0413,0.0,1000.17482,-0.13432,0.01962,0.93839,19.97726,2.86065,18.88898,35.5513
street_level,Oeiras,38.71237,-9.29894,11.19783,0.0,0.0,1002.44004,-0.14977,0.0,-3.58043,61.83047,5.83282,12.11231,38.32902
street_level,Matosinhos,41.16754,-8.68772,5.74749,7.6859,0.0,1000.57698,-0.13615,0.01391,1.86068,54.75948,4.65245,0.0,25.10258
street_level,Espinho,41.00805,-8.64392,13.60711,1.65161,0.01706,1001.04651,0.11519,0.0,-3.57457,19.69205,7.40001,34.37567,3.0
street_level,Oeiras,38.70052,-9.24333,11.92547,0.69298,0.00369,1002.49803,-0.0647,0.00348,-1.65383,30.82232,-3.23787,2.61003,3.0
street_level,Maia,41.20189,-8.5587,4.96012,14.67272,0.0,1004.2876,0.24513,0.0021,2.71852,24.32078,0.46593,18.53621,72.04143
underground,Porto,41.15713,-8.62279,32.70801,95.95505,0.03097,1006.82627,-0.49318,0.00154,-4.02469,33.27493,16.49138,360.00405,29.41269
underground,Maia,41.20389,-8.55904,12.05423,107.59862,0.20709,1003.78893,-0.71446,0.22476,-5.33667,34.17253,-18.39584,39.90226,3.0
street_level,Maia,41.20329,-8.55917,3.59311,6.22796,0.00667,1001.48668,0.07141,0.00624,2.78093,50.035,1.32947,0.0,18.14831
above,Oeiras,38.71154,-9.29691,36.38368,72.60039,0.0,1005.19817,1.20642,0.32157,13.35506,49.7669,-3.80171,117.20241,36.90524
street_level,Maia,41.20397,-8.55877,10.14806,0.0,0.0,1007.76171,-0.22538,0.00277,1.23125,51.20318,4.47928,5.27525,3.0
underground,Arouca,40.9297,-8.24863,48.53131,10.94226,0.0007,1003.55959,-0.6614,0.16921,-5.57319,22.08357,-32.27119,164.30705,171.06982
street_level,Espinho,41.00931,-8.64238,15.13052,0.0,0.0,1002.66071,0.42453,0.0,-0.42407,36.60517,-1.30219,35.69686,3.0
street_level,Espinho,41.00608,-8.63954,16.03702,10.45629,0.00942,999.89809,-0.07538,0.00183,1.65153,14.60302,3.60791,0.0,3.0
street_level,Porto,41.18048,-8.59445,8.37506,1.83543,0.01099,998.72137,0.14487,0.00013,4.80372,38.86633,-1.18541,32.44229,65.66179
street_level,Maia,41.20232,-8.55782,8.3745,10.73096,0.00453,1000.23993,0.55424,0.00697,8.75469,33.41743,2.4838,15.53557,57.51689
underground,Vila nova de Gaia,41.12404,-8.60768,31.41818,44.78976,0.07484,1006.72388,-0.51626,0.0478,-4.10843,41.30543,-42.97648,105.46158,3.0
underground,Matosinhos,41.17667,-8.68342,26.7687,85.36582,0.0,1006.88066,-0.44691,0.0,-3.48618,32.20083,-54.56979,407.6376,25.55875
street_level,Matosinhos,41.17356,-8.68923,8.72477,4.41996,0.0,1003.89693,0.52337,0.01596,4.90195,47.75862,1.42975,0.0,65.60743
underground,Espinho,41.01136,-8.63888,19.4681,54.61349,0.0,1007.06232,-0.33923,0.0,-3.1639,54.48902,-40.8943,257.14888,16.29606
underground,Espinho,41.01153,-8.63803,31.73668,41.88585,0.25643,1002.69982,-0.8029,0.21823,-5.56945,23.72491,-22.33116,0.0,142.66207
street_level,Arouca,40.93039,-8.24455,13.81047,0.59674,0.01248,1012.94983,0.22837,0.01111,1.02717,55.90965,-9.35123,0.0,8.48915
street_level,Vila nova de Gaia,41.12521,-8.61084,12.83482,3.5292,0.02026,1001.83305,-0.21495,0.02577,0.57844,37.7858,-7.13016,6.62144,44.10418
street_level,Maia,41.20259,-8.55936,5.70626,8.81311,0.0,1006.32955,0.65551,0.0,2.95195,38.821,-2.90702,7.97322,121.88386
street_level,Matosinhos,41.17669,-8.68608,16.62248,4.37847,0.01708,1006.94194,0.00656,0.0,-0.34376,63.24947,-3.1707,0.0,15.61333
underground,Espinho,41.01162,-8.63968,26.18453,108.302,0.53665,1004.83736,-0.63634,0.1687,-4.33224,31.70889,18.06774,1.24955,146.4075
street_level,Oeiras,38.71603,-9.23715,11.95145,0.0,0.0,1004.68727,0.05058,0.00873,-0.77666,53.71272,-2.25126,5.34812,23.9553
underground,Matosinhos,41.17599,-8.69007,49.39884,42.21146,0.14763,1000.59927,-0.71176,0.12149,-5.97808,31.14726,-11.44735,7.99798,58.33369
street_level,Espinho,41.00379,-8.63806,12.82931,3.33354,0.00495,1006.29977,0.28084,0.00737,0.29321,45.2131,-1.47129,0.0,4.95898
street_level,Espinho,41.00501,-8.6437,20.68271,8.13133,0.0,1003.85154,0.19195,0.0,3.17435,40.49041,-4.08606,14.53722,44.28052
underground,Espinho,41.00663,-8.64409,45.43246,34.09279,0.24829,1002.17491,-0.54803,0.17661,-4.67477,42.79562,9.36939,41.38558,209.75823
street_level,Espinho,41.00729,-8.64416,17.02797,2.59773,0.0,998.84953,-0.28537,0.0,-1.57542,15.8193,4.92553,9.38482,3.0
street_level,Arouca,40.93184,-8.24746,4.96763,0.0,0.02098,1001.0447,-0.19187,0.0,-3.24327,25.34399,3.04959,28.77305,3.0
above,Oeiras,38.71119,-9.29637,40.2184,90.90005,0.00793,1003.40199,0.81621,0.14015,-2.38739,37.12011,34.76584,239.7319,172.0018
street_level,Matosinhos,41.17668,-8.68993,8.70921,0.0,0.0,997.40471,-0.10658,0.00861,-0.12889,23.80308,7.33457,14.07448,3.0
underground,Arouca,40.92924,-8.2473,40.5855,66.66715,0.0,1003.06555,-0.80855,0.2398,-6.06743,17.90409,12.83571,269.1952,103.89866
street_level,Oeiras,38.68988,-9.31884,15.36241,0.27824,0.0,1009.59811,-0.10094,0.01125,-3.67179,31.87765,3.60059,0.0,3.0
underground,Vila nova de Gaia,41.13335,-8.61148,39.64212,35.56993,0.0,1008.48441,-0.35532,0.0482,-4.98771,47.1897,-19.4608,574.65206,5.4048
underground,Maia,41.20377,-8.55901,39.19398,32.67166,0.2004,1000.66496,-0.55778,0.16698,-5.05678,45.7177,4.22041,357.37701,84.98488
above,Espinho,41.00382,-8.63809,67.57609,90.74357,0.0087,1006.83979,0.78019,0.09178,5.13337,48.80165,16.21718,269.19296,93.15924
street_level,Oeiras,38.72834,-9.23706,7.0902,4.69624,0.01598,1004.19213,0.68368,0.01431,5.57678,34.6457,-0.83659,18.61522,54.20864
underground,Vila nova de Gaia,41.13385,-8.60976,38.69039,60.41006,0.14251,1005.28142,-0.45454,0.0,-3.3574,34.60384,-84.43929,262.66094,43.11007
street_level,Oeiras,38.72664,-9.23545,12.38134,9.81042,0.0,1005.69079,0.01052,0.0,5.39502,32.47411,-5.80147,0.0,5.93573
street_level,Matosinhos,41.17657,-8.6811,11.34923,0.0,0.0174,1004.44596,0.22486,0.01643,2.46681,23.15545,-5.22611,20.47536,16.9186
street_level,Maia,41.20405,-8.55893,18.67534,0.0,0.0,1007.12646,0.47866,0.02912,0.76689,46.29093,0.01001,0.0,20.92632
street_level,Maia,41.20336,-8.55919,10.09646,6.50425,0.0,1000.83319,-0.04928,0.0,-2.79529,19.0615,9.82726,21.4871,28.26486
above,Vila nova de Gaia,41.12077,-8.60606,50.59841,81.6798,0.0,1005.99129,0.54254,0.0954,6.24038,25.83944,12.67861,191.08244,45.616
street_level,Espinho,41.00373,-8.63997,2.62363,0.0,0.00864,997.65805,0.50399,0.00378,6.1875,34.72109,-0.31804,14.97207,68.5027
street_level,Oeiras,38.7282,-9.2365,7.02786,0.0,0.0,1000.42109,-0.07053,0.01808,1.95169,56.62562,-6.07395,0.0,3.0
street_level,Vila nova de Gaia,41.13337,-8.60862,5.40052,0.0,0.0,1000.82644,-0.19182,0.01532,-3.15718,38.43488,-0.51302,0.0,3.0
above,Vila nova de Gaia,41.12774,-8.61167,57.34599,74.75517,0.0,1007.68884,1.22459,0.0,-0.0809,58.0514,10.3952,192.94578,58.89923
street_level,Arouca,40.92932,-8.2463,11.75883,3.47737,0.0,1000.12358,0.05157,0.0,0.9905,42.16885,-3.4466,0.0,3.0
street_level,Arouca,40.93119,-8.24469,9.87201,0.0,0.00599,1000.41262,0.04477,0.0,0.57375,43.91045,4.33981,1.78524,12.04525
underground,Porto,41.163,-8.66514,46.65244,15.21624,0.45829,1001.80725,-0.40929,0.17661,-5.05439,25.44544,-5.76564,130.17958,128.03148
street_level,Porto,41.14772,-8.62045,12.57229,3.7615,0.03834,1000.73086,-0.59651,0.01664,-1.3,43.48373,8.5963,0.0,21.45938
underground,Matosinhos,41.16803,-8.68889,39.53345,82.50708,0.10765,1008.33652,-0.50889,0.0,-2.26531,39.91036,-19.98833,301.32841,3.0
underground,Arouca,40.92956,-8.24738,35.2297,27.58214,0.3017,1001.54626,-0.64899,0.15314,-4.24369,18.10459,19.61194,134.52684,173.98146
street_level,Vila nova de Gaia,41.11847,-8.60638,11.06633,0.0,0.00059,1005.74709,-0.1349,0.01228,-0.77161,28.16224,-6.52798,21.04604,3.0
street_level,Arouca,40.93092,-8.24758,13.42926,8.68082,0.00433,998.25435,0.4502,0.00447,3.00856,45.23168,-2.87639,0.0,48.63802
street_level,Porto,41.18061,-8.59455,7.57819,0.0,0.00221,1003.95022,-0.02403,0.0,6.30392,25.4916,2.36444,8.06044,38.79595
street_level,Arouca,40.93209,-8.24576,14.63461,7.48195,0.0,1009.86164,0.33105,0.0,-0.11267,33.55061,-0.83883,16.93031,13.00919
street_level,Arouca,40.93157,-8.243,12.7884,2.11777,0.0,998.12799,0.04663,0.0,-0.54963,22.17055,-3.52851,0.0,3.0
above,Maia,41.20391,-8.55886,74.06796,83.72937,0.01749,1003.0284,0.64268,0.02499,8.66164,43.23306,19.18964,271.72301,74.71504
underground,Arouca,40.93125,-8.24291,28.53529,109.81194,0.01183,1005.70938,-0.52228,0.0,-3.33109,43.88189,-87.51499,447.22768,84.09329
underground,Espinho,41.00676,-8.64145,35.86094,69.29292,0.35886,1004.54562,-0.58814,0.14709,-5.46642,23.10798,-9.99741,100.41808,181.95084
above,Maia,41.2031,-8.55796,59.57943,89.12562,0.01505,1007.31938,0.58433,0.00154,5.54843,45.35458,5.77497,158.83444,111.64525
street_level,Oeiras,38.71307,-9.22777,11.15121,2.20816,0.00972,1010.70957,-0.20682,0.01186,-3.07753,32.98658,-3.4922,0.0,3.0
street_level,Porto,41.16473,-8.63984,17.49401,0.0,0.01853,1003.46299,-0.4316,0.0,0.08783,44.60484,1.30118,22.14222,24.66953
underground,Oeiras,38.69216,-9.30926,17.71353,4.84526,0.28557,1005.95038,-0.45658,0.02604,-3.13271,48.44798,-19.56593,397.29105,6.00786
underground,Maia,41.20238,-8.55956,30.07154,91.34443,0.5276,1005.45801,-0.54642,0.0195,-5.71304,23.4081,-2.08844,81.78439,166.24089
street_level,Maia,41.20334,-8.55937,13.76474,8.43084,0.0,998.47851,0.21424,0.0,-1.77804,45.73315,-5.31253,0.0,49.11677
above,Oeiras,38.73982,-9.30514,44.79154,82.30415,0.02008,1003.89886,1.66369,0.19552,13.07305,43.21248,7.97569,0.0,40.98662
street_level,Maia,41.2026,-8.55768,11.26786,0.0,0.0,999.91835,0.22389,0.0,-4.9673,55.16195,-7.838,2.67088,18.50234
street_level,Porto,41.15687,-8.59442,8.59213,0.0,0.00171,1002.41783,0.9793,0.01409,1.76107,49.65961,3.67145,0.0,60.21152
street_level,Oeiras,38.72448,-9.23742,18.13549,4.28576,0.02007,998.53744,0.15915,0.0235,1.76424,46.36399,-4.75882,4.78996,36.97763
street_level,Arouca,40.93009,-8.24538,6.78391,5.94824,0.0,999.01825,0.06826,0.01248,-4.76719,22.4204,5.50534,3.69284,35.64491
underground,Oeiras,38.71777,-9.23951,30.00753,12.19284,0.4154,1003.62642,-0.44211,0.16368,-5.55584,19.84408,-13.02634,83.43086,13.46936
underground,Maia,41.20209,-8.55756,25.72016,101.12626,0.51534,1003.12676,-0.64014,0.20912,-5.51176,20.90206,16.003,14.79462,154.67458
street_level,Matosinhos,41.17213,-8.68081,5.46998,5.73897,0.00812,1006.67743,0.82695,0.00168,6.11664,34.45344,-4.52583,0.0,53.44255
street_level,Maia,41.20333,-8.55914,9.89929,0.0,0.02719,996.70199,0.1979,0.00902,-2.26436,49.01542,-1.49829,0.0,3.0
underground,Arouca,40.93153,-8.24455,18.23339,95.6459,0.42088,1004.1883,-0.55193,0.17426,-4.53356,25.07697,22.62864,0.0,37.4713
underground,Porto,41.15066,-8.58626,22.6396,54.79151,0.04497,1006.12992,-0.35874,0.17018,-3.96362,40.95822,-63.61445,315.60603,3.0
street_level,Maia,41.20187,-8.55741,7.9644,8.7542,0.0,1003.74926,0.26586,0.02259,8.77096,44.66975,0.07106,0.0,47.00715
underground,Arouca,40.93196,-8.24465,54.09839,23.00582,0.26609,1004.22757,-0.73298,0.2546,-5.34723,45.08633,-12.24657,328.57007,200.16776
street_level,Matosinhos,41.17288,-8.6807,17.40825,3.57602,0.03018,1016.16241,-0.28762,0.001,-2.76623,29.51448,-4.57603,0.0,3.0
underground,Vila nova de Gaia,41.12799,-8.61705,21.34218,64.97321,0.15706,1005.10438,-0.32758,0.01673,-4.01078,44.19027,-10.36185,338.5516,3.0
underground,Espinho,41.0084,-8.63711,38.82495,31.38483,0.31222,1005.27055,-0.57905,0.14447,-4.4236,53.72852,-59.70414,299.94939,3.0
street_level,Arouca,40.93019,-8.24434,11.46282,7.78928,0.0,999.47807,0.0753,0.0,1.43188,11.50111,5.11484,6.95939,29.72857
street_level,Maia,41.20228,-8.55954,16.67062,0.0,0.0,1001.07577,0.22161,0.00587,0.25677,22.96968,-1.17389,7.30077,30.48684
underground,Arouca,40.93087,-8.2472,36.55027,78.4577,0.36454,1001.62814,-0.70636,0.03138,-4.37245,23.66524,11.23543,121.77836,136.18013
underground,Porto,41.14536,-8.60147,16.58866,112.18489,0.17017,1002.2299,-0.64508,0.18485,-5.47114,20.86859,28.57486,25.70168,64.26605
street_level,Vila nova de Gaia,41.12563,-8.60585,11.64965,0.0,0.00212,993.85726,-0.54467,0.0,-0.18871,51.69683,1.56972,0.0,27.52097
street_level,Porto,41.16034,-8.64393,12.3173,11.1363,0.01867,999.56231,-0.53293,0.0028,2.59003,15.57794,4.35207,5.59241,26.48049
street_level,Oeiras,38.72543,-9.23551,14.17664,1.20248,0.02177,1002.6386,-0.16725,0.00034,-2.92096,52.72808,-2.01413,0.0,3.0
street_level,Espinho,41.00596,-8.6433,11.63965,6.17461,0.0,991.6692,-0.04848,0.0,-0.37634,48.06093,-0.1634,0.0,3.0
underground,Arouca,40.92932,-8.24628,58.65102,54.58914,0.20834,1004.61562,-0.58757,0.21262,-4.86807,32.46578,-11.43193,101.0202,194.70763
above,Matosinhos,41.17389,-8.68913,67.16304,84.89169,0.01049,1005.26462,0.40391,0.09156,7.82741,48.97306,4.04201,153.46003,93.27649
street_level,Porto,41.15491,-8.67774,16.14245,3.5302,0.02462,1008.23265,0.42101,0.00697,1.60415,33.49305,-2.36265,0.0,3.0
street_level,Matosinhos,41.16814,-8.68894,7.75149,5.82098,0.0,998.85315,0.73166,0.00748,2.97081,51.7328,-2.59298,5.11703,52.53254
underground,Maia,41.20232,-8.55938,19.32164,63.20044,0.57201,1003.24109,-0.4805,0.12622,-5.35744,34.18496,26.2819,0.0,132.17115
street_level,Porto,41.17255,-8.59936,8.14682,0.0,0.00984,998.66047,0.03924,0.0,2.773,43.36428,-1.42087,1.64763,50.3945
street_level,Porto,41.15021,-8.60718,19.64032,12.14036,0.00672,1007.15038,0.07252,0.01177,-1.60646,26.27457,-3.51793,0.0,33.29221
street_level,Arouca,40.92994,-8.24832,14.05736,7.48243,0.01477,1009.16353,-0.08483,0.0,-3.38817,24.33267,0.3913,27.19004,3.0
underground,Maia,41.20395,-8.5588,31.15152,71.2658,0.3151,1000.50329,-0.61327,0.19685,-6.40675,31.37261,18.03116,0.0,155.38973
street_level,Maia,41.20272,-8.5592,15.25385,0.0,0.00193,1008.7841,0.48533,0.0,-2.29831,53.32593,0.19252,9.72858,45.87199
street_level,Oeiras,38.72602,-9.24036,22.46012,2.08404,0.01029,1006.62767,-0.49001,0.0,-2.58235,22.81235,2.61489,6.36869,13.65688
above,Matosinhos,41.17317,-8.6891,44.43822,72.21693,0.0,1005.31669,1.431,0.1229,9.45831,27.85071,1.0003,106.18799,78.76131
street_level,Maia,41.20261,-8.55868,17.58234,0.0,0.0,1004.51885,0.62511,0.00576,-2.46916,30.45752,-2.65222,10.89165,11.36787
street_level,Oeiras,38.71465,-9.23049,10.97305,9.03347,0.0,1004.23516,0.28218,0.00152,2.88007,32.18075,3.62844,5.06537,28.20651
street_level,Porto,41.16635,-8.6496,12.89974,7.37832,0.0,1002.00787,-0.07322,0.0,-2.63577,30.46796,2.15678,0.0,7.79069
street_level,Arouca,40.92948,-8.24731,2.51611,1.5929,0.0,996.86903,-0.10462,0.0,-1.26825,54.85216,-1.73616,0.0,22.78103
underground,Oeiras,38.68112,-9.31778,22.99795,75.56649,0.09029,1005.05118,-0.38977,0.03324,-3.18081,51.50982,-24.67043,235.43521,11.91287
street_level,Arouca,40.92952,-8.24851,14.70509,0.0,0.00338,1007.36815,-0.09086,0.02528,-1.21954,42.38406,-2.18254,0.0,3.0
street_level,Vila nova de Gaia,41.12095,-8.60635,9.63917,2.83977,0.0,993.34688,0.1085,0.0,0.38312,56.29341,-5.87411,1.37057,16.73134
street_level,Oeiras,38.71171,-9.30088,7.80249,7.8669,0.0,1007.11982,0.222,0.0,6.77988,29.99168,-4.11778,12.01849,87.60656
underground,Matosinhos,41.16833,-8.68812,23.45912,77.87698,0.38347,1003.89648,-0.63733,0.1864,-5.50346,25.9448,47.83941,0.0,86.4233
street_level,Porto,41.15818,-8.63031,14.96291,5.33331,0.01468,1009.00353,-0.13477,0.00148,-1.48602,35.33332,5.3532,4.84718,15.26559
underground,Vila nova de Gaia,41.13437,-8.61097,36.9087,70.59995,0.39561,1003.48244,-0.56285,0.25057,-4.002,34.66527,-17.46335,10.03172,145.03564
street_level,Matosinhos,41.16832,-8.68887,12.74207,6.43771,0.0,998.16842,-0.60135,0.00329,-2.37142,17.01464,9.04104,0.0,3.0
street_level,Arouca,40.93115,-8.24557,20.00937,0.0,0.0,1001.05814,-0.03073,0.0,3.77426,24.36743,-9.57297,12.26905,3.0
above,Matosinhos,41.1737,-8.68873,42.68141,85.65225,0.01515,1003.01061,1.26184,0.32116,14.56692,21.99434,14.04782,27.23492,3.0
street_level,Espinho,41.00846,-8.63801,8.51481,3.55307,0.0,999.51795,-0.32475,0.01767,0.36613,48.37157,-3.88473,6.54001,35.96093
above,Espinho,41.00821,-8.64392,53.41633,94.97017,0.0,1005.50446,1.04487,0.0,5.40911,33.46959,16.53836,340.15136,115.04579
street_level,Maia,41.20274,-8.55768,6.1298,6.52146,0.0073,1005.9835,0.46906,0.00772,4.8681,7.40888,-0.68163,18.90565,23.65483
underground,Porto,41.14945,-8.67497,39.83345,68.10587,0.03025,1006.43259,-0.3568,0.0,-3.64736,44.96293,-30.89443,141.21707,44.57546
street_level,Matosinhos,41.1737,-8.68679,3.46257,6.96596,0.0,999.57644,1.13899,0.0,5.6522,35.20931,0.03123,0.0,54.91753
underground,Espinho,41.00692,-8.63789,48.35554,21.44407,0.17987,1001.93653,-0.59186,0.17503,-5.61664,34.70845,-51.79724,274.32255,58.56603
underground,Espinho,41.00599,-8.6382,32.93425,100.9842,0.3807,1003.83517,-0.60615,0.09638,-6.41212,41.83452,6.89985,14.00052,64.15607
underground,Porto,41.14288,-8.61411,47.02104,27.39286,0.3369,1003.66387,-0.5634,0.11373,-5.84159,23.72814,32.39579,0.0,130.49777
underground,Espinho,41.00945,-8.64415,56.27285,44.80909,0.18001,1001.90506,-0.58968,0.21107,-4.9641,30.68907,-17.55916,404.54083,113.00004
street_level,Oeiras,38.7,-9.22886,12.24193,0.0,0.01703,1003.26645,-0.01396,0.0,-1.86162,26.19022,0.08971,25.1005,43.76477
underground,Espinho,41.00531,-8.63606,47.86391,22.50442,0.0575,1003.64466,-0.57397,0.23939,-5.03501,32.80221,13.43024,217.17181,164.45079
street_level,Espinho,41.00459,-8.64372,10.72508,5.0821,0.0,1000.67995,0.48458,0.0,3.76276,28.75424,-0.0284,0.0,104.73021
street_level,Espinho,41.00879,-8.63797,10.56899,5.81456,0.0,1004.89923,-0.27261,0.01138,-3.85209,33.82171,-1.99568,13.2464,3.0
street_level,Espinho,41.00821,-8.64354,14.18781,0.46459,0.00143,1003.27157,-0.14508,0.01144,2.41104,18.42521,9.13191,25.55914,10.66714
street_level,Vila nova de Gaia,41.12495,-8.60774,10.87254,0.0,0.0,1000.42566,-0.24027,0.008,2.00753,65.92988,5.2333,20.75632,44.88971
street_level,Porto,41.15037,-8.63283,17.75053,7.9564,0.0,1007.22058,0.08953,0.02443,-2.46217,29.16774,-10.40472,5.43669,56.61556
underground,Maia,41.20413,-8.55863,32.00443,36.23119,0.05078,1004.70128,-0.54337,0.0,-3.24208,43.34052,-62.65102,431.22655,32.26446
street_level,Oeiras,38.68681,-9.31465,15.22869,1.1696,0.01589,1008.72476,0.27346,0.01894,1.94355,38.54855,-1.08212,1.48474,5.75802
above,Vila nova de Gaia,41.12587,-8.61242,62.7564,86.0979,0.0,1005.94025,1.22014,0.00515,7.21276,54.08876,15.90913,295.7628,96.77168
street_level,Espinho,41.00653,-8.64078,12.42732,3.32066,0.0,999.98191,-0.11461,0.0,-1.33892,27.70283,4.0867,0.0,3.0
street_level,Espinho,41.00396,-8.63984,12.16323,0.95228,0.00069,1004.83164,-0.05655,0.0,-0.10793,28.23636,3.65765,1.9457,3.0
street_level,Oeiras,38.70567,-9.22735,7.86939,9.01433,0.00378,1004.64802,0.38749,0.0,7.47317,46.59049,1.83158,6.32275,41.13371
street_level,Arouca,40.93109,-8.24717,14.93337,9.85721,0.01546,1002.78976,0.37823,0.01945,0.41068,21.10266,-3.11347,9.65535,27.72136
underground,Vila nova de Gaia,41.11559,-8.60648,22.15856,70.70629,0.35613,1002.27403,-0.57459,0.20928,-6.0087,21.53185,-6.09486,38.4757,92.63272
underground,Oeiras,38.69592,-9.29899,18.27499,82.02487,0.43848,1003.80176,-0.6743,0.19612,-4.47876,21.76532,15.65297,159.60395,148.35197
street_level,Matosinhos,41.17726,-8.68103,16.52914,1.17188,0.00269,1011.68606,-0.02931,0.0051,0.82133,38.8528,1.92158,4.0807,3.0
underground,Espinho,41.00403,-8.63836,47.66653,15.47736,0.23139,1003.39756,-0.47,0.19416,-5.76214,35.78336,23.7038,0.0,68.82721
street_level,Maia,41.20399,-8.55877,5.80718,0.0,0.00635,1000.24063,0.21146,0.02682,0.82608,37.18203,6.44387,31.51246,47.19946
above,Oeiras,38.71044,-9.23011,64.09302,84.69094,0.00136,1005.77836,0.75825,0.13853,8.96935,56.7632,25.89806,221.90959,75.24551
above,Arouca,40.9304,-8.24379,64.1738,80.05163,0.02033,1006.14977,0.68004,0.11389,3.8563,44.40908,0.68877,99.54642,91.31753
above,Oeiras,38.72424,-9.24341,49.68067,90.84749,0.00259,1005.31415,0.81526,0.00856,4.74763,42.86717,-1.37255,215.59814,47.20859
street_level,Porto,41.15039,-8.60767,13.00622,0.0,0.00537,1002.8297,0.11036,0.0121,0.84393,56.65906,-4.82963,25.64714,27.25954
underground,Porto,41.14495,-8.61677,18.1535,43.69874,0.0,1008.43177,-0.46717,0.0,-3.29342,56.73074,-54.06275,205.64064,3.0
above,Arouca,40.93165,-8.24275,37.51996,78.40471,0.01873,1003.3634,1.88117,0.29894,8.65707,26.0161,-13.3735,199.51364,61.49896
above,Espinho,41.00522,-8.64149,51.83441,76.08246,0.005,1004.42448,1.05872,0.10048,7.45008,14.64435,-1.39475,118.26193,19.70352
underground,Vila nova de Gaia,41.12946,-8.61359,23.51676,83.77273,0.15127,1005.46139,-0.3646,0.0,-3.17542,36.36241,-46.67713,341.46176,16.68448
street_level,Maia,41.20389,-8.55887,10.91942,0.0,0.0,1003.68208,0.10736,0.01908,0.0259,5.0,0.29558,10.62063,3.0
street_level,Maia,41.20311,-8.55803,8.30424,10.30006,0.00259,996.0615,0.64163,0.0,7.17735,43.3785,1.53621,6.05496,92.83433
above,Vila nova de Gaia,41.11697,-8.60608,69.62587,98.00818,0.0,1004.39488,0.77225,0.12154,2.13637,61.44854,2.0466,222.86065,120.69301
street_level,Maia,41.20334,-8.55909,7.38988,9.91411,0.0,1004.22461,0.73704,0.0,6.27964,18.83442,1.08601,23.32203,57.01615
street_level,Espinho,41.01169,-8.63965,18.71063,0.0,0.0,1011.97255,0.29577,0.0,-0.49678,36.7099,-5.0061,8.26685,3.0
above,Oeiras,38.7013,-9.22705,37.85665,86.40043,0.0,1004.94543,0.27237,0.02947,2.47968,47.3332,18.3179,207.52294,134.36821
above,Vila nova de Gaia,41.12783,-8.61833,51.1228,93.13152,0.0372,1007.38634,0.42917,0.04831,0.67216,41.47584,5.95065,267.10348,62.07258
street_level,Oeiras,38.71713,-9.23753,16.78692,7.93554,0.0,1000.54358,-0.09948,0.00532,-2.3922,22.44571,-0.78491,5.0874,15.26047
underground,Maia,41.20295,-8.55786,32.62907,24.80618,0.0,1006.656,-0.47256,0.11959,-2.7343,45.90392,-2.00183,431.32371,24.00169
underground,Espinho,41.00652,-8.64155,41.7047,81.92824,0.02952,1007.66993,-0.33504,0.04747,-4.41201,47.40644,-44.62088,293.23354,3.0
street_level,Espinho,41.00826,-8.64001,11.56111,0.0,0.0,999.29862,0.27589,0.02322,-0.06558,42.98393,3.96874,18.81663,3.0
underground,Maia,41.20282,-8.55779,25.62042,85.504,0.39833,1002.93279,-0.73975,0.14017,-5.65643,25.08494,-8.1731,113.61601,84.25056
street_level,Matosinhos,41.17231,-8.67979,15.84288,0.0,0.01338,997.52346,-0.21752,0.0,1.98383,5.0,0.0783,0.0,3.0
street_level,Oeiras,38.72517,-9.24432,18.23245,2.52731,0.0,1007.08842,0.08916,0.0,1.3463,32.45305,-4.09888,6.43687,18.74694
street_level,Arouca,40.92936,-8.24655,6.62892,3.90063,0.0,997.89411,-0.02291,0.00826,-2.05935,59.81006,7.53531,3.08281,5.81437
street_level,Vila nova de Gaia,41.12558,-8.61276,13.8828,5.95325,0.0,1008.02917,0.05579,0.0,3.02319,28.83352,2.11682,0.04592,8.41639
underground,Oeiras,38.68376,-9.32284,17.45797,66.54922,0.46471,1004.0393,-0.5434,0.16259,-5.91969,13.36171,-13.77483,76.72581,47.03469
street_level,Porto,41.15284,-8.58956,2.81459,0.0,0.0,1004.86001,0.57802,0.0,-3.19072,62.16942,-3.09894,0.0,3.0
street_level,Maia,41.2028,-8.55777,6.35536,0.0,0.01205,1000.13106,0.63643,0.0,4.41196,47.67695,2.42504,19.7623,69.53279
street_level,Arouca,40.93083,-8.2476,1.0,8.27814,0.00393,1004.17203,0.45865,0.0,5.15569,28.11148,3.27386,0.0,22.67762
underground,Espinho,41.00953,-8.6413,39.95699,45.62716,0.44161,1008.04824,-0.42325,0.0038,-2.6525,38.07594,-54.20228,513.07011,3.0
underground,Vila nova de Gaia,41.11676,-8.60939,38.24954,76.965,0.10394,1003.62879,-0.64534,0.19079,-4.73414,23.03275,28.01116,0.0,3.0
street_level,Oeiras,38.72456,-9.23854,13.42057,6.26923,0.01388,996.23192,0.11609,0.02558,-0.90877,38.35304,1.29602,2.32058,3.0
above,Porto,41.18168,-8.5973,52.76091,84.4249,0.0,1003.77048,0.86288,0.21309,9.81176,37.6879,-5.78505,97.47699,70.18094
above,Arouca,40.93046,-8.24882,46.61244,91.65734,0.02188,1003.70264,0.19762,0.21567,8.44939,27.01894,-11.5841,92.507,68.98444
street_level,Oeiras,38.72795,-9.23876,12.89863,0.0,0.01143,996.01896,-0.54662,0.00267,0.7276,53.67815,-4.67291,5.11623,11.07195
above,Vila nova de Gaia,41.12124,-8.60739,42.79052,67.94267,0.04342,1000.8919,0.57394,0.16301,10.86057,39.45249,-11.54152,61.67777,23.98557
above,Maia,41.20179,-8.55768,49.33901,83.86896,0.00991,1003.88172,1.56906,0.35133,8.80032,41.99599,-11.08527,0.0,56.22631
underground,Vila nova de Gaia,41.12532,-8.61541,31.26123,31.98581,0.15751,1005.0998,-0.37022,0.09344,-2.14368,44.55037,-42.79265,105.50983,3.0
street_level,Oeiras,38.71396,-9.31106,11.78378,0.0,0.0,1011.83819,0.0053,0.00277,3.952,39.41923,-7.15847,15.26219,3.0
underground,Arouca,40.9297,-8.24729,37.745,29.67512,0.14644,1003.83273,-0.63158,0.12468,-6.14724,47.2579,-4.10326,26.19694,149.0079
street_level,Maia,41.20338,-8.55914,19.68781,0.0,0.0,1007.58315,-0.01864,0.00465,0.35211,35.4425,-5.79998,6.02193,19.62935
underground,Matosinhos,41.17154,-8.67889,25.58342,81.81211,0.30851,1000.24642,-0.63546,0.21976,-4.06447,34.28579,8.13437,0.0,75.49034
street_level,Matosinhos,41.17606,-8.68327,11.35055,5.64933,0.01138,992.2513,-0.16685,0.01474,-3.10042,6.39545,3.67577,11.55805,3.0
street_level,Espinho,41.00513,-8.6399,14.77724,0.0,0.00674,1003.94927,0.43784,0.00578,2.26907,29.75595,-7.28507,2.5796,3.0
underground,Arouca,40.93041,-8.24366,24.09587,118.63673,0.57146,1003.87897,-0.63395,0.17307,-3.57486,24.08474,6.08189,0.0,69.67315
underground,Maia,41.20176,-8.55754,43.15669,3.1056,0.35375,1003.15621,-0.6802,0.11689,-5.5766,38.20119,17.4524,138.11324,105.65247
street_level,Matosinhos,41.17275,-8.68092,7.6721,10.78467,0.0089,1002.97902,0.3582,0.01009,1.05833,44.47241,-0.39764,0.85177,50.01614
above,Vila nova de Gaia,41.12552,-8.614,49.27424,77.46343,0.0,1006.40669,0.90468,0.00506,-0.11521,42.93759,16.02186,290.78018,106.90962
underground,Maia,41.20219,-8.55952,31.68858,43.49769,0.0024,1001.03062,-0.69407,0.16325,-5.6462,21.54553,15.62335,149.95707,155.90606
street_level,Matosinhos,41.16773,-8.68806,16.70805,2.82728,0.00063,1014.24512,0.4351,0.01172,-1.36974,25.36066,-0.34396,24.60325,3.0
street_level,Porto,41.16446,-8.64578,14.30318,3.8866,0.0,993.70518,0.14189,0.0,-1.05695,29.26774,-3.64652,0.0,26.21416
street_level,Matosinhos,41.17249,-8.68074,11.70212,4.2739,0.02871,1000.41124,-0.33616,0.0,0.66644,14.63855,6.74974,26.26899,3.0
street_level,Matosinhos,41.17216,-8.68038,8.78429,10.63213,0.0,1001.87697,1.17088,0.01459,7.08426,41.9099,-2.26693,22.23722,42.77658
street_level,Porto,41.15773,-8.63999,12.6718,0.0,0.0,1006.1407,0.09686,0.02674,-0.95295,47.54349,-1.57128,0.0,4.44286
street_level,Maia,41.20334,-8.55918,5.18156,1.71534,0.0,993.32207,-0.19089,0.0,1.96485,17.94114,6.14129,26.02387,3.0
underground,Espinho,41.00652,-8.64154,34.57028,107.24324,0.37736,1005.69364,-0.71058,0.15194,-6.65105,18.84193,-32.51916,0.0,77.83024
underground,Matosinhos,41.17256,-8.68005,20.58305,86.11047,0.62349,1005.51949,-0.74107,0.24675,-7.64266,30.31942,-14.30081,114.65079,111.04742
street_level,Porto,41.15268,-8.58234,15.92837,0.0,0.01579,1002.69943,-0.04555,0.0,0.89054,26.97585,-8.66198,4.66399,17.00261
street_level,Matosinhos,41.17317,-8.68073,10.48617,0.0,0.00983,1011.15208,-0.43796,0.00534,-1.45766,41.95345,-3.07313,0.0,19.40046
underground,Oeiras,38.69999,-9.22949,40.03317,65.26703,0.0,1006.72575,-0.311,0.0,-2.8872,51.40371,-51.55349,324.79224,24.1062
underground,Espinho,41.00853,-8.63625,49.51848,31.29075,0.13006,1001.21538,-0.62636,0.05843,-4.70643,20.34025,-1.80221,234.73063,111.16651
underground,Arouca,40.92903,-8.24816,38.66225,59.83442,0.26015,1002.48088,-0.66497,0.14613,-4.78686,38.00243,13.35377,203.90756,107.06467
underground,Espinho,41.00673,-8.63998,38.17452,110.62033,0.29968,1003.23127,-0.58692,0.08609,-5.82364,22.67661,-50.43106,0.0,85.13114
street_level,Vila nova de Gaia,41.11623,-8.60735,13.00663,1.31164,0.0,1001.52676,-0.15129,0.00142,4.39676,32.04127,6.93292,48.47093,13.76828
street_level,Matosinhos,41.17717,-8.68118,7.28407,2.06837,0.00601,998.83106,0.24981,0.00021,3.79536,31.1807,4.94392,18.26496,39.90418
street_level,Oeiras,38.68412,-9.32299,16.60295,3.6375,0.0353,1011.96577,-0.07381,0.00592,2.94825,27.78871,3.50711,0.0,25.52628
above,Arouca,40.9312,-8.24579,47.33091,88.44883,0.00033,1001.39755,1.37488,0.19707,13.88262,20.95209,-13.48485,70.00812,23.84547
above,Maia,41.20189,-8.55782,71.00139,87.71635,0.0,1006.49153,1.16522,0.13212,6.13928,57.23051,12.90734,244.10379,119.63459
street_level,Porto,41.14399,-8.58545,5.51018,0.0,0.0057,997.33124,0.54182,0.01695,6.54823,46.57624,2.69628,41.2459,48.58814
street_level,Porto,41.15447,-8.60301,16.3228,0.0,0.0,1008.15815,-0.21736,0.0,-4.86725,21.78852,3.41896,0.0,48.39889
street_level,Matosinhos,41.17709,-8.68394,12.09953,14.21781,0.02122,1004.73936,0.44541,0.0,2.39109,55.27214,0.83346,0.0,84.85535
underground,Maia,41.20329,-8.55931,48.14124,75.35596,0.38682,1006.63258,-0.66327,0.17541,-5.11349,19.70504,24.36184,0.0,134.72075
street_level,Espinho,41.00857,-8.637,9.25941,0.0,0.0,997.58506,0.17348,0.0,-0.88555,39.56764,0.17878,0.0,25.9424
underground,Porto,41.17387,-8.60404,29.4444,96.98003,0.42986,1003.74319,-0.53744,0.09765,-3.61885,29.92124,-15.80644,215.08097,50.05867
street_level,Vila nova de Gaia,41.127,-8.61752,8.59134,0.0,0.0,1003.42105,-0.20348,0.00478,3.55791,23.23522,6.25885,11.55277,3.0
street_level,Maia,41.20318,-8.55914,6.52936,1.56059,0.00452,995.69707,-0.16363,0.00064,0.27879,59.61842,-1.88261,5.83356,26.66793
street_level,Oeiras,38.70036,-9.30489,7.06797,6.19982,0.0,1007.46679,0.93419,0.0,8.84595,29.42201,-1.50028,8.73357,74.81461
underground,Porto,41.16773,-8.63809,36.04706,82.09974,0.09537,1005.23938,-0.43783,0.0,-3.3304,33.76132,-54.31086,403.48317,3.0
underground,Arouca,40.92931,-8.24815,30.51274,62.88308,0.47074,1003.32358,-0.63883,0.23771,-6.02862,13.61206,0.80817,96.87674,138.82414
underground,Matosinhos,41.17722,-8.682,47.19241,76.03414,0.51417,1001.67849,-0.61598,0.23728,-4.56052,36.66478,-55.49572,0.0,201.8457
street_level,Maia,41.20394,-8.55885,19.02308,0.0,0.01707,1009.2852,0.05886,0.0,-1.90891,27.60286,2.63355,3.70229,30.6561
above,Espinho,41.01037,-8.63982,60.09606,94.63307,0.00504,1005.38838,1.04542,0.00022,4.78804,32.20691,19.74499,273.56087,117.2835
street_level,Maia,41.2033,-8.55896,10.07208,6.30337,0.01515,994.89458,-0.0203,0.01923,1.50001,54.14333,4.51195,6.20696,22.22722
street_level,Espinho,41.00786,-8.63795,17.27905,7.62411,0.01595,1003.09433,0.0608,0.00514,-0.43688,31.83282,-6.59193,45.69146,3.0
street_level,Oeiras,38.69883,-9.27946,9.09211,12.03106,0.01583,1011.27491,0.39956,0.01257,6.14877,46.78574,1.13868,20.53371,32.55145
street_level,Maia,41.20327,-8.55913,13.72397,0.0,0.00785,998.63798,0.05899,0.0,-0.22977,24.54277,8.26432,12.19582,10.83696
street_level,Porto,41.15257,-8.63352,15.41435,0.0,0.0,1008.49526,0.17061,0.007,3.91562,26.30874,-6.55743,5.66015,3.0
street_level,Oeiras,38.70594,-9.22761,11.62982,0.0,0.00655,1012.93426,0.45835,0.0,-3.0745,40.56113,-1.90895,0.0,4.62145
underground,Matosinhos,41.16828,-8.68898,41.09787,49.11933,0.00168,1005.58349,-0.19925,0.00704,-2.70176,44.07562,-23.11274,331.19544,59.31266
street_level,Maia,41.20254,-8.55836,14.64769,2.72906,0.0,1004.71388,-0.27302,0.02657,1.78245,38.96161,-6.77886,0.0,24.60769
underground,Porto,41.17382,-8.60072,44.87311,69.14147,0.01159,1009.96505,-0.55052,0.01052,-4.50725,41.72632,-79.43364,335.65744,15.90833
street_level,Oeiras,38.72391,-9.22963,8.62814,0.0,0.00835,1002.84502,0.51122,0.0,6.45517,28.13203,-2.55279,19.79091,57.9215
underground,Porto,41.14637,-8.58884,29.56123,111.12672,0.18166,1002.72387,-0.6343,0.18194,-5.17698,35.61254,30.51441,0.0,231.84882
above,Espinho,41.00864,-8.63812,45.67849,88.14097,0.01348,1007.78493,0.62482,0.04667,8.77925,38.35182,8.87904,238.64585,96.67099
street_level,Oeiras,38.68466,-9.31432,17.82418,0.0,0.0,1013.08346,-0.30937,0.01996,6.20449,36.2049,1.15196,0.0,3.0
street_level,Arouca,40.93139,-8.24342,12.71736,0.0,0.0,1009.01693,0.09361,0.0,3.32854,31.01074,-0.5295,26.56281,6.27707
street_level,Oeiras,38.71684,-9.22329,5.32743,5.81785,0.02155,1011.1699,0.89645,0.02593,3.74402,20.31993,0.63915,14.30569,19.7117
underground,Maia,41.20316,-8.55937,62.28317,19.28191,0.38991,1004.37517,-0.59467,0.12578,-3.08794,37.08913,29.33343,129.25326,124.72991
above,Arouca,40.93178,-8.24723,37.57259,84.6271,0.01298,1004.95247,1.44919,0.25541,10.5384,38.74404,3.85077,178.08808,58.11111
street_level,Porto,41.16402,-8.62067,8.81802,10.11565,0.0,1008.51077,0.56609,0.02323,6.19799,55.87331,4.39255,4.61229,45.51316
above,Porto,41.15693,-8.62379,69.24262,89.2651,0.02456,1006.85097,0.36088,0.15576,3.66043,54.65832,7.1138,158.92111,112.86671
street_level,Arouca,40.9317,-8.24335,11.4988,2.61057,0.0,994.89953,-0.32996,0.0,0.08095,43.50449,-1.4093,23.53645,41.88603
street_level,Matosinhos,41.17301,-8.68022,4.89302,6.81641,0.00181,993.08782,-0.02333,0.00361,2.05725,51.40113,2.43083,3.15028,3.0
above,Oeiras,38.71529,-9.23656,41.66094,83.99013,0.03016,1002.88047,1.75772,0.12987,12.31019,33.12815,-8.93948,173.46951,35.40678
street_level,Maia,41.20331,-8.55924,8.80661,7.34966,0.0,1006.03176,0.79943,0.00216,5.13606,56.80052,4.46984,14.78707,64.9915
underground,Oeiras,38.69952,-9.22698,19.33613,86.33505,0.42779,1004.28229,-0.53601,0.11775,-6.15424,19.53182,26.48015,179.21563,92.50272
underground,Porto,41.14696,-8.6136,39.9142,34.5377,0.03098,1001.98947,-0.65774,0.16441,-5.79949,15.8616,-25.84258,133.40494,86.53321
street_level,Matosinhos,41.17256,-8.6801,13.72628,0.0,0.03013,995.05521,0.14179,0.00082,0.48882,5.0,3.30309,15.1836,3.55607
street_level,Matosinhos,41.17624,-8.68537,16.88702,0.0,0.0,1009.63689,-0.09591,0.0,4.10891,29.37629,-5.68732,0.0,33.56518
underground,Oeiras,38.70119,-9.30281,31.89948,47.04959,0.07483,1006.82437,-0.4245,0.05579,-3.7262,33.36331,-48.25053,515.06031,3.0
street_level,Vila nova de Gaia,41.13231,-8.60717,12.82329,0.0,0.0,999.41645,0.17784,0.00597,-3.46231,18.4593,6.80847,0.0,3.20691
street_level,Arouca,40.92916,-8.24693,9.4936,0.0,0.01571,996.9203,0.12954,0.00988,1.88204,33.98447,5.75878,0.0,18.91093
street_level,Matosinhos,41.17715,-8.68097,10.62238,22.00948,0.01868,1007.14712,0.85573,0.01798,10.59941,19.26564,2.63283,0.0,83.69086
underground,Maia,41.20217,-8.55754,36.07725,61.43982,0.0,1008.26275,-0.50128,0.0,-3.69734,39.75196,-34.94581,396.75611,3.0
above,Arouca,40.92942,-8.24636,27.42414,100.24292,0.01126,1003.68558,1.82498,0.16478,9.92617,29.4982,-3.3082,133.63933,40.66648
street_level,Maia,41.20401,-8.55845,6.96155,3.3763,0.00347,1004.03543,0.24707,0.01583,3.26124,22.01968,-1.02087,0.0,56.11211
underground,Arouca,40.93189,-8.24709,28.57421,94.91019,0.25069,1003.67856,-0.54018,0.10653,-5.29477,26.01738,-0.41624,147.27485,120.56044
street_level,Porto,41.17381,-8.59964,14.33256,0.0,0.00736,1002.88821,-0.09751,0.0,-1.43161,34.57626,1.05883,20.50561,12.02327
underground,Maia,41.20221,-8.55765,33.91278,58.68297,0.37611,1003.62524,-0.72449,0.2976,-5.76025,19.37733,-9.50443,0.0,85.35942
underground,Espinho,41.00657,-8.63808,41.97246,46.62766,0.50982,1003.66355,-0.6229,0.13942,-6.47872,23.12704,14.635,261.74307,102.93146
street_level,Maia,41.20247,-8.55945,9.16493,0.0,0.00498,1003.47244,-0.04145,0.0,-1.00369,67.58819,0.69058,0.0,58.98195
underground,Maia,41.2032,-8.55908,41.97916,36.83973,0.32706,1004.80286,-0.68797,0.203,-4.821,33.81779,8.03304,345.07237,82.13394
street_level,Vila nova de Gaia,41.12105,-8.61386,7.62838,0.0,0.0,997.55625,-0.02646,0.01512,0.28377,30.85285,3.28501,12.93847,3.0
above,Porto,41.15173,-8.58553,57.76632,77.84173,0.0374,1002.77793,1.25532,0.27351,11.17802,13.81644,-5.77473,117.28464,25.45716
street_level,Arouca,40.93098,-8.24456,11.08761,0.29039,0.02418,1007.47072,0.37095,0.0,0.56801,33.78832,-2.16233,5.35491,3.0
street_level,Porto,41.1418,-8.6146,11.81763,0.0,0.02167,999.64577,-0.20364,0.00285,0.32993,73.48362,1.06554,0.0,3.0
underground,Espinho,41.00714,-8.64396,22.90031,40.09728,0.0,1007.9186,-0.34572,0.0,-3.6724,54.79,-79.13238,404.3652,41.71591
street_level,Oeiras,38.7254,-9.23511,5.6666,5.6684,0.0,996.6821,0.08304,0.02288,3.49374,58.38149,1.31341,13.29151,3.0
street_level,Matosinhos,41.17653,-8.68103,6.44512,0.0,0.04766,998.99627,-0.06455,0.00961,1.70997,66.18513,-4.17462,9.00598,3.0
street_level,Matosinhos,41.16843,-8.68844,13.70983,1.4357,0.01329,1000.7007,-0.2028,0.0,2.5124,39.37628,-3.32551,0.0,45.69682
street_level,Espinho,41.00583,-8.63914,14.77007,0.26916,0.0,998.25379,-0.19026,0.01132,-2.59313,28.05648,-3.59212,0.0,3.0
street_level,Matosinhos,41.17333,-8.68354,11.79185,4.40967,0.00775,994.00661,-0.33501,0.0,-2.7501,38.02753,6.03946,0.0,3.0
street_level,Espinho,41.00385,-8.6431,14.30921,6.73213,0.02687,1004.67305,0.01449,0.0025,-4.72381,39.67773,-2.66777,5.43493,12.85858
above,Maia,41.20187,-8.5576,48.5644,82.48975,0.0,1002.32691,1.33509,0.23456,10.39677,35.48747,-4.62438,76.41941,12.05291
street_level,Espinho,41.01034,-8.63691,15.68349,4.97429,0.0,1009.26797,-0.29351,3e-05,-0.93789,60.76406,-0.97296,0.0,4.96454
underground,Vila nova de Gaia,41.12865,-8.60945,26.33418,72.93684,0.41381,1003.49919,-0.60881,0.25863,-5.0473,39.71185,-49.20167,61.99717,50.2545
underground,Porto,41.14672,-8.60558,43.23208,24.23547,0.0684,1003.42125,-0.57292,0.11781,-4.62579,40.88999,11.13339,215.37357,171.8573
street_level,Oeiras,38.72487,-9.24378,13.44219,0.0,0.0,1006.80256,0.50211,0.01276,5.72716,51.95126,3.98736,18.60407,52.60933
street_level,Oeiras,38.72717,-9.23918,8.29803,12.7535,0.0098,1004.54272,0.40991,0.00257,5.20816,38.07417,7.54488,0.0,71.62819
street_level,Vila nova de Gaia,41.12216,-8.60796,17.24495,5.54139,0.0,1002.3194,0.25099,0.0,2.42137,17.88751,2.46473,0.0,12.29792
above,Espinho,41.00394,-8.64311,60.51168,91.42034,0.00685,1005.84683,1.0161,0.0,11.74056,56.55435,27.52649,180.94271,100.24462
underground,Espinho,41.00969,-8.64419,55.09193,26.85404,0.0,1006.45303,-0.43716,0.0,-3.48275,35.03614,-37.23204,350.38497,7.07305
street_level,Oeiras,38.69674,-9.29202,12.52066,0.0,0.0,1005.07384,0.63254,0.0,4.08972,51.45876,0.58382,41.70924,74.04467
street_level,Oeiras,38.7015,-9.23103,10.34171,3.97708,0.0,999.46222,0.46879,0.0,5.24508,40.94316,5.19895,13.09504,83.93735
street_level,Arouca,40.93062,-8.24596,13.4742,0.0,0.00292,1001.26083,0.19028,0.0237,-1.68398,25.17981,4.75742,13.71664,17.25279
street_level,Espinho,41.00533,-8.63717,5.906,3.99865,0.05021,997.76546,0.00843,0.0,-1.16721,70.24329,-2.15713,0.0,3.0
street_level,Porto,41.15042,-8.59124,13.08435,0.0,0.0191,1003.90541,0.1554,0.0,2.94552,16.96493,-3.94389,0.0,13.90799
street_level,Arouca,40.9294,-8.24636,16.71649,0.0,0.0,1008.42912,0.0835,0.01416,-1.42543,39.23631,-2.16363,0.0,3.34757
street_level,Vila nova de Gaia,41.12554,-8.61884,15.16773,0.96614,0.01497,1001.35389,-0.28817,0.00102,-0.73829,57.63242,-7.20637,3.68536,9.37679
street_level,Porto,41.17562,-8.65022,10.88281,0.0,0.0,1003.86915,-0.2178,0.03194,-0.7729,26.86017,4.21986,8.55164,29.91327
street_level,Vila nova de Gaia,41.11535,-8.60655,6.89722,0.0,0.0,999.16906,0.11273,0.03257,0.32885,61.41404,-5.2552,0.0,33.01698
street_level,Espinho,41.01228,-8.6369,11.40721,8.29496,0.0,1004.46199,0.22736,0.0,-4.53903,25.93807,-4.22881,5.48096,8.91562
underground,Espinho,41.0053,-8.64349,24.96845,73.65252,0.12,1006.97574,-0.52714,0.0,-3.93498,47.11686,-24.71755,355.82269,49.42266
underground,Maia,41.20219,-8.5596,41.16622,69.66166,0.25014,1005.10982,-0.53473,0.21516,-5.48923,39.92191,11.73226,46.01503,27.57543
street_level,Oeiras,38.71444,-9.23898,10.57387,0.0,0.0,997.92442,0.409,0.01355,-3.71183,68.30991,4.02489,0.0,3.0
above,Oeiras,38.68715,-9.31859,28.56456,88.08988,0.01138,1003.82373,1.87322,0.22644,12.1077,20.18497,-15.0202,82.55799,56.52518
street_level,Maia,41.20201,-8.55764,10.3311,7.90233,0.0,1007.36505,-0.19503,0.0,1.10192,59.201,0.11952,13.74042,10.75996
street_level,Maia,41.20321,-8.55909,16.74549,3.84171,0.0,1006.05357,0.48799,0.0,2.9567,41.35068,-4.8894,0.0,3.0
above,Oeiras,38.71012,-9.22354,63.68751,97.5519,0.0,1005.38575,1.10676,0.12692,5.73154,43.82766,27.66155,192.20788,50.98782
street_level,Matosinhos,41.17658,-8.69084,13.62972,0.0,0.0,1006.08976,-0.00715,0.0,0.39276,42.39299,-6.5932,0.0,14.84331
underground,Maia,41.20317,-8.55932,49.27636,5.45492,0.17072,1004.6059,-0.48205,0.10591,-6.71405,26.00664,11.37145,228.2486,69.20439
street_level,Maia,41.20319,-8.55926,19.36647,6.52749,0.0,1006.53662,0.69936,0.01355,1.12578,65.79669,-4.51058,12.77297,3.0
above,Matosinhos,41.17366,-8.68419,59.0586,87.44826,0.0,1004.98569,0.28316,0.03618,7.80145,44.24765,5.59157,154.82771,121.89431
above,Matosinhos,41.17165,-8.68772,40.04998,91.99789,0.0,1002.98294,1.49635,0.05401,11.76919,29.52374,-16.47324,111.31414,42.43086
above,Matosinhos,41.17488,-8.68691,57.86857,75.31673,0.00981,1005.55299,0.48625,0.18154,5.63769,38.34063,11.00727,346.12112,94.75248
street_level,Oeiras,38.71028,-9.29766,10.942,6.84304,0.0,1006.3933,-0.03262,0.0,-1.05877,38.27229,-3.94009,0.0,3.0
street_level,Matosinhos,41.1754,-8.68801,7.69503,8.19436,0.01341,1003.86988,-0.0212,0.01223,-1.78579,46.07283,6.56326,0.0,3.0
above,Oeiras,38.68653,-9.31164,24.60516,77.90912,0.0,1001.74072,1.8777,0.32997,13.92191,29.62397,-20.17423,59.55613,77.00111
underground,Arouca,40.93076,-8.24718,30.74118,101.16719,0.25389,1002.57922,-0.62443,0.10423,-4.95996,19.98087,9.47414,0.0,63.88813
street_level,Arouca,40.93073,-8.24712,16.47148,7.54233,0.0,1002.9641,0.24039,0.02027,-4.86974,45.46429,2.35665,0.0,41.01643
street_level,Vila nova de Gaia,41.12501,-8.60772,12.20061,0.0,0.0,1010.84012,-0.17115,0.0,-1.31103,37.92798,-6.47331,0.0,15.43565
underground,Maia,41.20179,-8.55775,35.10735,59.74058,0.0,1006.47807,-0.33277,0.15395,-4.55582,54.52927,-52.64348,335.11427,94.07114
street_level,Vila nova de Gaia,41.12651,-8.61344,12.80097,7.14412,0.0,1010.92856,0.79718,0.0008,4.45017,46.97669,-0.85673,20.06798,74.36205
street_level,Maia,41.20199,-8.55759,12.13453,0.0,0.01498,1002.53648,0.27476,0.01126,2.92861,38.27712,5.03784,20.70529,12.40721
underground,Oeiras,38.69149,-9.31059,33.11026,91.28364,0.31586,1004.09223,-0.65278,0.09318,-5.93526,25.27389,-14.32326,45.26113,159.52331
street_level,Maia,41.20266,-8.55935,9.62291,9.67422,0.01732,1006.10385,-0.01181,0.0,0.4905,37.91426,-1.95112,0.0,3.0
underground,Oeiras,38.6759,-9.32423,37.20451,48.8447,0.40429,1003.0625,-0.57468,0.2118,-5.20594,18.29324,0.71132,337.55073,147.45655
underground,Arouca,40.93127,-8.24614,30.62614,21.53054,0.28382,1004.28765,-0.56749,0.12007,-4.24603,26.58276,-9.03516,43.05052,103.06846
underground,Matosinhos,41.17683,-8.68327,49.23266,16.61101,0.25103,1002.58132,-0.64434,0.24835,-4.65416,34.36532,-15.7795,125.32451,148.8841
underground,Vila nova de Gaia,41.1242,-8.60974,42.29028,22.09382,0.04647,1002.41239,-0.47331,0.25056,-5.40574,23.92784,29.17148,201.10574,33.56938
above,Espinho,41.0053,-8.63907,37.19448,78.03869,0.0,1002.7446,2.24671,0.15108,9.8035,53.29584,-2.94314,132.026,50.34935
street_level,Arouca,40.92955,-8.24822,16.5529,2.21398,0.0,1007.98371,-0.26232,0.01542,-0.82633,21.67106,1.61267,0.0,3.0
street_level,Porto,41.15796,-8.63036,10.52959,12.25433,0.0,996.75024,-0.1415,0.01063,-0.64606,57.90626,0.27245,0.03915,7.44864
underground,Arouca,40.93082,-8.24722,23.96056,82.89849,0.3817,1003.79934,-0.48215,0.11683,-4.7007,27.81725,-31.64396,72.8571,96.1125
underground,Espinho,41.00417,-8.63833,33.10645,34.15338,0.25685,1003.63137,-0.40333,0.10861,-5.28154,27.95884,26.86964,236.54744,71.39949
street_level,Porto,41.14673,-8.58533,8.63535,9.95325,0.02379,1004.34102,0.60868,0.01201,6.48989,27.10043,0.51843,8.15357,48.62032
street_level,Espinho,41.00404,-8.6391,9.11955,4.21293,0.0,1005.78224,0.01142,0.0,-0.09446,14.0802,4.88798,0.0,3.0
street_level,Vila nova de Gaia,41.12906,-8.61987,18.6938,5.02617,0.0,1007.29271,0.33892,0.0,-1.56624,56.04513,-2.79574,31.46454,3.0
above,Oeiras,38.68581,-9.32366,35.83307,79.59803,0.0,1002.33362,1.48521,0.23852,12.27831,29.07098,-6.41695,214.51769,51.86595
above,Arouca,40.93088,-8.24688,54.16232,97.86178,0.0,1005.94563,1.01026,0.11886,9.63411,37.45062,9.4106,225.51496,136.02376
street_level,Arouca,40.93098,-8.24743,4.25979,9.54182,0.0,1005.17573,0.96781,0.01027,3.89413,38.88674,-3.0258,3.08687,54.54783
street_level,Matosinhos,41.17353,-8.68248,14.21267,0.0,0.0,999.36644,-0.03821,0.0,2.45961,59.33012,2.48545,9.89991,25.38202
street_level,Arouca,40.92991,-8.24655,7.94369,0.0,0.0,998.50682,0.26328,0.01396,0.24322,24.79808,5.30202,0.0,24.5444
street_level,Maia,41.20241,-8.55959,13.29389,4.49388,0.00171,1006.33806,0.36889,0.0,-2.60467,34.20336,-7.39355,0.0,3.0
street_level,Espinho,41.01174,-8.63844,7.41252,2.55741,0.03186,1007.59369,1.03876,0.01499,4.25382,12.63165,-2.95709,11.48097,59.68015
underground,Arouca,40.92971,-8.24898,50.83023,4.97587,0.10543,1001.32887,-0.55739,0.16146,-5.07462,26.87445,-13.36488,153.18734,171.55563
street_level,Oeiras,38.72483,-9.23497,10.59006,10.80954,0.00294,1001.63732,0.84516,0.0,6.11506,61.87449,-3.81078,0.0,61.81963
underground,Maia,41.20385,-8.55883,41.05372,0.0,0.20906,1004.86111,-0.4691,0.2496,-4.55875,42.95321,-16.33227,285.8753,134.58583
above,Oeiras,38.71277,-9.23799,75.60906,102.90368,0.0,1005.38483,0.60459,0.10733,3.17422,34.45976,8.9232,257.80992,154.7134
street_level,Matosinhos,41.17635,-8.68532,8.06984,0.0,0.0,999.06851,-0.28494,0.00401,2.02417,57.1649,-1.7563,0.0,4.89641
street_level,Oeiras,38.70849,-9.24327,5.68224,2.97169,0.0,994.3007,-0.16016,0.00526,3.61135,73.39208,-1.18483,5.13693,26.50052
street_level,Arouca,40.93026,-8.24665,6.9753,6.80681,0.0,1000.32872,0.09852,0.00592,1.72195,20.40348,7.26203,4.8827,16.57404
street_level,Porto,41.17719,-8.65412,12.78941,9.11587,0.0,1004.31875,0.04352,0.0068,-5.88059,19.92478,-3.45578,24.54469,48.04095
above,Porto,41.14743,-8.60164,36.35106,77.2468,0.0,1005.21368,1.0839,0.17735,6.5214,34.64411,-8.36027,200.89499,79.89807
street_level,Maia,41.20199,-8.55787,15.46878,0.0,0.0,995.05295,0.26394,0.0,-1.57107,7.17401,3.29794,17.36041,10.76742
above,Maia,41.20325,-8.55909,38.49464,75.92282,0.02752,1004.30831,1.05193,0.22922,11.0291,21.20852,-16.18693,108.23882,67.02945
above,Porto,41.14507,-8.59693,45.96835,81.12356,0.0,1003.43529,1.19146,0.25955,10.41547,20.25817,2.4347,146.60167,3.0
street_level,Arouca,40.93094,-8.24768,14.45615,4.36357,0.00036,1001.26722,0.1951,0.014,5.48483,51.30598,-7.94317,17.4088,10.84875
underground,Espinho,41.01099,-8.64069,17.02194,71.90912,0.20077,1003.33385,-0.54337,0.17481,-5.12429,13.09428,5.33456,0.0,23.12356
street_level,Matosinhos,41.17485,-8.68948,12.18275,0.0,0.0,1008.18489,-0.02461,0.00234,0.45982,44.19382,-7.45832,0.0,10.11398
underground,Vila nova de Gaia,41.12017,-8.60603,47.81858,40.96656,0.18671,1004.92356,-0.62096,0.10486,-5.95859,27.32645,-8.29253,73.20032,69.3901
above,Matosinhos,41.1735,-8.68783,37.79924,90.54512,0.0,1003.08668,1.84017,0.2234,4.31195,20.32478,-5.48363,202.76873,24.65102
above,Oeiras,38.68433,-9.31865,44.42858,80.89064,0.00788,1005.27768,0.97185,0.26289,6.17338,24.37629,-9.67429,126.75569,53.0814
street_level,Porto,41.15536,-8.6135,10.70311,2.48065,0.00409,1008.28703,-0.02705,0.0098,1.72142,28.75159,3.83697,1.45766,3.0
street_level,Vila nova de Gaia,41.1337,-8.60893,8.20558,6.07818,0.01248,1004.21332,-0.18514,0.01093,-2.52384,61.88122,4.92593,8.37294,42.8893
street_level,Porto,41.18459,-8.6028,6.609,0.0,0.00725,1000.53614,-0.03928,0.00869,-2.93074,51.73658,2.84924,16.15467,24.06139
street_level,Maia,41.20212,-8.55775,7.61588,8.97781,0.0,1005.04095,0.57495,0.01072,5.77233,39.90381,3.79378,10.11227,61.86128
street_level,Vila nova de Gaia,41.12418,-8.61223,9.43199,0.0,0.0074,1001.91029,0.07663,0.0,-2.02439,25.49763,7.95862,0.0,4.49152
street_level,Arouca,40.92956,-8.24869,12.63637,0.0,0.0,1004.69579,0.29898,0.00091,2.38783,45.97941,-0.63317,6.13556,11.28996
street_level,Vila nova de Gaia,41.12489,-8.60769,6.8909,5.65637,0.00379,998.71567,-0.38208,0.0,-2.91184,67.86441,1.52182,0.0,3.0
above,Matosinhos,41.17527,-8.68143,60.32703,88.69429,0.00651,1006.50919,-0.02236,0.17605,6.30827,56.71266,15.51428,375.75041,75.82493
above,Matosinhos,41.17169,-8.68757,61.37847,94.73793,0.0,1005.41578,0.56222,0.0,3.08872,47.83449,9.49005,225.95154,82.4021
underground,Matosinhos,41.17115,-8.687,26.04344,63.23099,0.30565,1003.64501,-0.66422,0.27546,-4.24142,19.29537,25.35119,9.22974,44.98689
street_level,Oeiras,38.67729,-9.32362,13.58522,0.91856,0.01649,999.94583,0.08732,0.0,0.79338,34.27831,-4.94615,17.24654,23.66202
underground,Arouca,40.93215,-8.24441,36.20049,78.11443,0.44666,1002.52323,-0.71195,0.16987,-5.26243,36.50342,56.43182,0.0,18.93202
street_level,Oeiras,38.68535,-9.31732,4.2105,0.0,0.0138,1000.62411,0.01086,0.0,2.8476,54.38626,-4.88637,20.68824,9.9997
above,Porto,41.15814,-8.64626,43.9382,90.77814,0.0,1002.53398,0.66362,0.19872,7.11551,21.20386,-5.81212,163.74366,3.0
street_level,Matosinhos,41.17706,-8.68275,11.84533,0.86993,0.02336,992.58843,0.10923,0.0,-1.98618,66.3791,2.61775,0.0,21.3133
street_level,Porto,41.16821,-8.63729,4.4316,0.0,0.0,1009.39352,0.60998,0.00399,0.56812,40.52659,1.0854,0.0,66.10515
street_level,Arouca,40.92931,-8.24651,15.89469,5.16158,0.0,1008.39131,0.02781,0.01998,-3.43974,28.17789,5.92264,0.0,3.0
street_level,Vila nova de Gaia,41.13202,-8.61215,14.5185,0.0,0.00063,1009.98947,0.21394,0.01903,3.19519,35.98901,-4.66576,0.0,3.0
street_level,Matosinhos,41.17633,-8.68093,9.65009,0.0,0.01514,1007.3718,0.38453,0.0,3.3657,40.22871,-9.58972,15.15096,8.8642
underground,Arouca,40.93021,-8.24541,24.77013,124.3901,0.15657,1004.28466,-0.6707,0.15977,-4.53399,21.95767,-10.5362,38.1079,268.24714
street_level,Maia,41.20184,-8.55764,14.44206,0.0,0.0,995.33802,-0.10836,0.0,-1.66182,37.57032,5.14797,3.58632,3.0
underground,Arouca,40.93148,-8.24298,28.85052,66.12853,0.0,1005.52558,-0.44172,0.01396,-4.70684,42.99327,-42.9747,435.52352,13.29156
underground,Porto,41.17294,-8.59978,33.99,130.16354,0.32133,1005.51494,-0.631,0.18527,-5.88408,16.27616,26.60475,63.47016,42.6842
above,Oeiras,38.72678,-9.23508,56.07255,94.14349,0.00242,1003.12515,-0.2307,0.20223,5.84627,44.9812,-10.31758,229.09209,64.72295
street_level,Porto,41.16474,-8.59047,13.488,7.74516,0.0,1001.1869,0.05667,0.0,-2.27688,17.42619,3.09564,0.0,3.0
underground,Vila nova de Gaia,41.1215,-8.60964,48.98201,23.96854,0.12516,1005.12338,-0.65306,0.05514,-4.57681,25.1371,-23.79094,30.46964,140.57226
above,Espinho,41.00655,-8.64304,74.93343,92.81525,0.00127,1004.94968,0.55241,0.02701,5.31783,32.26964,5.73289,168.91668,76.01325
street_level,Oeiras,38.70004,-9.29282,14.73133,2.76058,0.0026,1008.12404,-0.50083,0.0,-0.66863,31.81093,-8.51517,11.602,24.73938
street_level,Maia,41.20218,-8.55857,11.45552,0.26711,0.0,1000.8193,0.24023,0.01773,0.74734,6.36014,0.01628,5.60835,4.21944
underground,Maia,41.20222,-8.5596,28.94398,63.28597,0.06504,1006.55702,-0.54832,0.0,-3.84247,38.99933,-51.4491,352.96192,5.74095
street_level,Oeiras,38.6987,-9.27691,8.66044,4.10373,0.0,998.55689,-0.02507,0.00801,-1.47715,29.75027,-3.40653,0.0,6.45656
street_level,Arouca,40.93036,-8.24406,13.19991,6.18725,0.00797,1001.68658,-0.28997,0.02496,-3.5731,26.43754,0.01379,1.17338,3.0
street_level,Oeiras,38.71597,-9.23733,10.7505,0.0,0.0,1001.5168,-0.25713,0.00545,-4.77088,40.15224,2.90354,17.42295,9.30202
street_level,Matosinhos,41.17208,-8.67832,13.74532,5.81968,0.04595,998.47094,-0.21894,0.01158,0.95801,17.98262,2.86762,11.90029,3.0
street_level,Maia,41.20248,-8.5595,10.58085,4.00936,0.0,998.15786,0.09617,0.00634,2.72594,36.13556,-6.00918,36.33992,5.15016
underground,Oeiras,38.72608,-9.24336,60.64562,43.79496,0.47464,1007.05363,-0.72626,0.25538,-4.54623,33.39848,-9.0385,53.02324,74.87087
above,Maia,41.20266,-8.55765,61.49802,85.86364,0.0,1005.52197,0.77312,0.10113,9.76919,44.79058,19.70977,180.52869,56.98583
street_level,Porto,41.17726,-8.65232,8.92963,5.8324,0.01079,1008.56661,0.65498,0.02485,7.14728,38.2624,1.56874,3.10287,33.47176
street_level,Arouca,40.92966,-8.24732,6.68841,0.0,0.01521,1003.17574,-0.1921,0.00447,-0.67613,58.06673,-2.01837,0.0,28.98731
underground,Vila nova de Gaia,41.13797,-8.61128,44.22669,39.32757,0.33135,1005.26673,-0.55505,0.31063,-5.10325,41.02557,20.42196,0.0,185.26179
street_level,Porto,41.15589,-8.68113,9.00505,1.9816,0.0,1002.63771,-0.19736,0.0,-1.62874,39.35186,0.9333,0.0,27.45091
above,Arouca,40.93127,-8.24758,68.53002,86.47741,0.0124,1007.86239,1.01372,0.0,4.03255,51.67222,15.33886,322.42909,87.46375
street_level,Porto,41.15663,-8.62133,13.00773,8.89191,0.01799,1005.76801,0.52053,0.0,8.86016,25.63621,5.02684,9.80774,39.74691
street_level,Matosinhos,41.1759,-8.68264,6.32833,0.0,0.0,999.27472,-0.27145,0.00974,0.77698,20.27809,3.13951,0.0,10.79946
street_level,Espinho,41.00853,-8.63808,8.62966,17.52708,0.0,1005.75482,-0.09388,0.0012,4.57902,27.94506,4.10576,0.0,57.95351
street_level,Vila nova de Gaia,41.12614,-8.61142,9.79502,2.52524,0.01008,998.76228,0.25892,0.0087,-1.30228,37.06933,0.99586,0.0,17.82661
street_level,Oeiras,38.68583,-9.32336,5.65953,18.86029,0.0,996.604,1.08302,0.0,7.25637,29.32285,2.54016,0.0,84.80754
street_level,Maia,41.20421,-8.55859,12.62633,2.18243,0.0,1006.08182,-0.28206,0.0,-1.41499,29.80964,-0.59244,24.74606,3.0
underground,Espinho,41.00897,-8.64002,46.44882,36.18982,0.33239,1003.80985,-0.5195,0.21726,-5.24804,22.49577,0.05957,0.0,84.55127
street_level,Vila nova de Gaia,41.13662,-8.61827,15.75925,1.24303,0.00672,1007.21102,0.16012,0.01367,2.02944,41.58131,0.21999,16.40657,66.02438
underground,Arouca,40.93156,-8.24307,32.53307,96.06671,0.47112,1003.66418,-0.57183,0.15624,-5.83288,37.26947,-12.05929,9.40933,61.65621
street_level,Arouca,40.92931,-8.24807,12.04463,0.0,0.0,1007.25131,0.22166,0.00528,1.04792,40.60698,0.28415,23.67574,3.0
street_level,Arouca,40.93027,-8.24536,14.78628,1.94387,0.0009,997.93049,0.15626,0.0,1.3436,54.32754,-3.42275,9.14785,5.74733
street_level,Oeiras,38.69566,-9.23037,9.70311,0.0,0.00669,1005.04607,0.19755,0.0,-1.4329,14.02264,3.28227,29.74232,3.0
underground,Matosinhos,41.16696,-8.68798,26.56945,73.83031,0.27622,1003.73297,-0.64452,0.2778,-5.37207,25.25768,-11.80361,0.0,43.02997
street_level,Matosinhos,41.17483,-8.68099,13.80426,7.69505,0.02587,1005.50881,-0.03102,0.00126,-2.34693,36.74247,-2.63373,20.92295,32.52929
street_level,Oeiras,38.72874,-9.2368,8.27859,8.21604,0.0,1006.24672,0.84711,0.00763,6.21354,35.62735,-4.06932,15.86386,32.71055
underground,Espinho,41.00597,-8.6363,54.07763,0.0,0.29403,1002.40949,-0.62198,0.20381,-3.50215,26.61185,4.35435,0.0,141.62334
street_level,Porto,41.1526,-8.66994,15.29246,2.59827,0.0,1000.6879,-0.03598,0.00892,1.36306,25.74114,-4.54696,7.40569,10.0062
underground,Matosinhos,41.17695,-8.68092,32.74502,101.45903,0.00459,1005.20438,-0.44713,0.06638,-3.7334,37.29701,-31.52068,204.65935,3.0
above,Oeiras,38.71626,-9.23639,39.32536,88.24848,0.0,1003.02352,1.38188,0.21929,13.77863,40.69728,-9.50265,44.98886,26.01849
street_level,Oeiras,38.72682,-9.23532,20.60226,1.25385,0.0,996.28667,0.36012,0.01259,2.25664,25.82487,7.93327,0.0,8.70707
street_level,Oeiras,38.70094,-9.22635,14.57574,0.0,0.0,1013.10091,0.41532,0.00932,-2.79745,42.21204,-0.0491,13.96753,22.89696
above,Matosinhos,41.17593,-8.68521,33.95379,76.16335,0.00328,1003.62993,1.31944,0.33639,12.90061,36.2138,-6.63573,131.85507,64.15041
street_level,Matosinhos,41.17539,-8.68993,11.77819,18.08228,0.02609,1007.10204,0.29397,0.00796,2.52985,21.24719,1.53106,9.57939,82.597
street_level,Espinho,41.00888,-8.6441,2.72071,2.35115,0.0,1007.82229,0.26057,0.0,5.63388,40.87432,2.1533,0.0,25.5658
street_level,Vila nova de Gaia,41.12156,-8.61396,11.68762,8.36299,0.00053,1000.98999,0.13502,0.0,1.11766,46.68386,-1.96084,18.92033,27.2222
street_level,Espinho,41.00708,-8.6379,9.30285,0.0,0.0,1008.79362,-0.27393,0.00568,-4.93052,36.59623,-1.54902,7.30136,3.0
underground,Espinho,41.00937,-8.64367,20.19511,49.59942,0.0,1006.5424,-0.31523,0.0,-3.44244,45.09891,-66.79269,311.2221,3.0
street_level,Arouca,40.92977,-8.24832,4.74057,0.0,0.01435,1002.06524,0.81941,0.0,4.32988,48.11337,-3.24113,0.0,68.64174
street_level,Arouca,40.93036,-8.24883,9.90872,11.12264,0.02334,1004.19869,0.17084,0.00083,5.46524,41.32825,-3.88508,0.0,81.79276
underground,Maia,41.20287,-8.55796,41.86935,36.81359,0.0,1003.29455,-0.51988,0.20596,-3.36381,28.59116,4.41848,295.80439,124.41826
street_level,Arouca,40.93124,-8.24629,6.81279,2.46952,0.00213,1005.87935,-0.58394,0.00603,-0.07583,62.94663,2.09008,0.0,8.93645
street_level,Oeiras,38.68452,-9.31884,10.96493,2.37992,0.0,997.79799,-0.21567,0.0087,-0.91035,54.05138,-0.67833,0.0,37.04303
above,Maia,41.20178,-8.55782,50.27922,79.26606,0.0176,1005.41047,0.66649,0.08821,-2.70169,45.90565,22.30573,127.61122,125.57189
underground,Espinho,41.01157,-8.64054,20.71161,87.75609,0.0,1007.07813,-0.48916,0.0,-3.28033,34.02886,-71.51817,502.01637,54.97215
street_level,Maia,41.20365,-8.55902,10.67097,3.76369,0.03382,996.42309,-0.36809,0.0,1.3678,59.76529,0.21258,0.0,22.48457
street_level,Porto,41.15458,-8.67853,7.8564,7.87209,0.0,1005.27107,0.03613,0.0,3.77373,25.99775,4.60779,1.72573,15.63742
underground,Oeiras,38.70686,-9.22923,21.32266,60.74231,0.0,1006.73898,-0.46118,0.03423,-5.54831,47.61616,-9.07493,270.79735,27.05567
underground,Porto,41.14748,-8.62034,50.8305,0.0,0.4088,1002.59387,-0.4607,0.28038,-3.92536,39.25836,16.88869,151.8223,206.36037
street_level,Oeiras,38.71162,-9.29774,10.59576,0.0,0.02949,1009.73102,0.13471,0.00024,0.94752,49.07277,-1.40338,29.31507,4.15217
underground,Porto,41.15724,-8.68207,31.53417,61.9556,0.30809,1004.8014,-0.65863,0.09631,-6.12513,24.50946,44.18807,3.49885,139.1945
street_level,Matosinhos,41.17695,-8.68104,9.5308,0.0,0.0,997.07321,0.19829,0.01664,2.34417,53.2454,-7.51976,6.56859,38.52908
underground,Arouca,40.93088,-8.24746,38.92836,16.72165,0.0,1000.83883,-0.51006,0.10885,-4.07086,26.62758,18.14258,124.58406,151.07198
street_level,Espinho,41.01064,-8.64265,15.65985,0.0,0.00452,1005.35698,0.04324,0.0,0.98869,19.21445,-6.92404,11.21896,32.12488
street_level,Oeiras,38.72513,-9.23523,14.08912,0.0,0.01984,1002.99314,-0.16416,0.0,4.56232,30.44146,-9.23727,0.0,15.38655
underground,Maia,41.20238,-8.55843,17.6365,47.67599,0.0,1006.86913,-0.331,0.07932,-3.55583,33.60032,-21.3184,205.50787,3.0
street_level,Porto,41.16291,-8.63523,11.14411,0.0,0.03079,1004.708,-0.10144,0.0,0.28776,51.96729,-2.77476,6.06001,41.21828
above,Arouca,40.92922,-8.24663,37.04166,76.09108,0.0,1001.61733,1.6298,0.32311,7.66454,37.06333,-31.73134,47.45245,18.80362
street_level,Porto,41.16401,-8.62419,16.70053,0.30992,0.00721,1004.23814,0.19094,0.02801,-2.95745,40.8464,-5.05052,46.92213,33.26362
underground,Vila nova de Gaia,41.12521,-8.61789,41.67434,46.28715,0.44645,1003.82362,-0.56016,0.22086,-2.91974,47.76663,-0.86644,259.49684,201.92945
underground,Arouca,40.92931,-8.24814,35.60612,91.75535,0.468,1005.39166,-0.59042,0.15474,-6.08758,23.47318,-17.61336,0.0,67.20085
underground,Porto,41.14925,-8.67572,57.64114,25.2231,0.10982,1003.34953,-0.70213,0.18551,-5.46872,33.26892,2.34911,137.11197,150.03699
street_level,Oeiras,38.709,-9.22524,13.08353,2.58031,0.0,996.65675,-0.16591,0.00909,0.01022,31.23682,7.82828,0.16106,9.37421
underground,Espinho,41.00608,-8.64343,16.52098,78.68959,0.64438,1002.42243,-0.60318,0.0,-5.48639,23.05755,13.86282,27.41338,32.04163
underground,Maia,41.20261,-8.55858,29.82635,50.40753,0.0,1008.54022,-0.4825,0.0,-4.19629,44.21181,-47.72952,254.11554,3.0
street_level,Porto,41.16048,-8.62104,16.08812,4.29368,0.0,1015.61343,0.34015,0.0,-0.47212,33.96547,-1.53947,0.0,3.0
above,Oeiras,38.69719,-9.29919,32.81637,90.63399,0.00104,1007.11716,0.44617,0.05265,4.05914,41.05163,14.84618,209.15973,44.07585
street_level,Oeiras,38.70437,-9.22798,8.95781,5.68032,0.0,1000.47837,0.28759,0.02539,5.18443,36.64646,-1.67758,3.98774,27.71349
street_level,Porto,41.1479,-8.5978,17.44092,0.0,0.0,1012.75535,0.28073,0.01464,-0.96946,36.78962,-2.83296,14.92081,40.42127
street_level,Matosinhos,41.17701,-8.682,14.96117,5.94919,0.0,993.41325,0.08583,0.00358,0.08667,42.72459,1.57873,0.0,3.0
street_level,Maia,41.20302,-8.55787,3.65143,4.09255,0.02644,1003.67641,0.8029,0.0,6.52443,34.52451,-0.67166,3.83654,50.69518
above,Vila nova de Gaia,41.11554,-8.60637,65.81081,86.06448,0.0,1004.53608,1.05801,0.11688,1.90176,52.16952,8.07841,138.96484,58.68085
street_level,Maia,41.20399,-8.55871,14.59532,0.0,0.01365,1000.11986,0.34144,0.0,-4.40807,38.65547,-6.11164,0.0,3.0
street_level,Arouca,40.92933,-8.24679,8.06433,11.35867,4e-05,1004.17341,0.38665,0.00494,5.64493,40.8947,1.78941,7.40832,92.06821
underground,Espinho,41.00544,-8.6399,26.79111,73.73313,0.362,1003.33929,-0.68904,0.18643,-5.08629,18.16044,-8.9567,41.79662,31.79813
street_level,Oeiras,38.68289,-9.32263,17.46843,5.06274,0.00099,1007.01584,-0.03931,0.0,-0.63726,34.38951,-5.05942,0.0,3.0
underground,Vila nova de Gaia,41.11916,-8.6063,33.30261,79.7937,0.25754,1004.20441,-0.53711,0.22044,-5.05898,9.7846,28.61418,0.0,113.8003
street_level,Matosinhos,41.17694,-8.68111,9.32492,7.68965,0.02208,999.05307,-0.03222,0.01708,-4.61183,18.87104,10.2682,7.84244,3.0
street_level,Matosinhos,41.17362,-8.68838,13.31471,5.51325,0.00582,998.31454,0.97251,0.00385,4.29024,31.78329,3.4576,0.0,43.20839
above,Matosinhos,41.16852,-8.68926,23.70169,78.78238,0.0,1002.35024,1.52498,0.25435,9.62142,26.06347,-6.03825,66.62969,3.0
above,Oeiras,38.72608,-9.23591,62.42816,87.09187,0.0,1004.39016,0.46101,0.09088,6.67438,41.96195,-1.45218,196.33624,95.12326
street_level,Maia,41.20199,-8.55786,10.44318,0.0,0.0,998.26725,0.08243,0.01753,0.05362,71.83769,-2.26016,0.0,3.0
underground,Arouca,40.92918,-8.24689,25.49053,71.9358,0.2834,1004.71278,-0.66756,0.23995,-5.83457,27.41491,25.80411,113.40132,17.32316
underground,Matosinhos,41.17429,-8.68502,24.33973,43.4852,0.0,1007.72432,-0.56058,0.0,-3.55218,53.94264,0.16145,318.06116,3.0
street_level,Espinho,41.01016,-8.63787,17.10846,2.0992,0.0,1016.05755,0.14604,0.0,0.29158,35.09414,-2.63035,0.0,6.23864
above,Porto,41.16625,-8.68515,52.14888,82.19049,0.0,1006.70699,0.95449,0.01011,4.3255,44.96122,24.65823,109.11453,52.85292
street_level,Vila nova de Gaia,41.13181,-8.61785,10.60795,13.56937,0.01114,1011.14989,0.47987,0.0,4.79651,32.45485,-5.27925,23.87051,38.60628
underground,Maia,41.20271,-8.55938,33.9577,79.88214,0.49647,1003.65485,-0.62772,0.21038,-4.43055,9.48519,-62.80922,101.38737,70.37456
street_level,Oeiras,38.71224,-9.29884,8.63655,5.88038,0.0,1006.60188,0.06809,0.01768,4.16609,35.27611,0.5626,0.1316,32.04897
underground,Porto,41.15413,-8.67675,19.19585,67.3617,0.0,1007.0773,-0.30271,0.0424,-3.82304,41.8354,-22.29389,298.54854,3.0
street_level,Oeiras,38.68478,-9.31646,11.99395,0.0,0.0,1004.31966,0.12429,0.0,1.6567,27.91673,-6.84901,22.70508,3.0
underground,Arouca,40.92905,-8.24653,46.75049,25.63691,0.05227,1002.8487,-0.64779,0.16316,-4.42854,28.23742,47.42606,94.40026,47.35011
above,Matosinhos,41.17378,-8.68859,58.72802,86.96919,0.0,1005.51505,0.50875,0.04903,5.0152,38.16202,-2.39352,214.98767,70.55252
street_level,Maia,41.20228,-8.55953,12.22349,13.17561,0.0,1008.89913,0.69104,0.01195,6.8602,34.89529,1.11568,0.0,42.55282
street_level,Porto,41.16328,-8.58286,6.55925,2.66801,0.0,1000.15489,-0.20318,0.0,-3.27712,24.31502,6.95509,0.0,3.0
underground,Espinho,41.00504,-8.63998,26.47389,62.41979,0.0,1005.25815,-0.40125,0.0,-2.42316,40.13608,-29.54647,415.03954,3.0
street_level,Matosinhos,41.17366,-8.68926,2.92301,3.40597,0.00913,994.47929,-0.26038,0.00776,-0.75818,65.91291,0.84983,0.95734,3.0
street_level,Oeiras,38.71574,-9.2405,10.54351,1.77221,0.00096,1005.467,0.63158,0.0,0.25824,49.24928,-3.67426,7.78113,10.69139
street_level,Maia,41.2019,-8.55753,14.03172,7.6657,0.0,1002.49697,0.93985,0.00881,5.81943,46.23896,2.28087,21.23368,82.96286
street_level,Vila nova de Gaia,41.12841,-8.61101,8.78576,0.0,0.02619,997.23182,-0.00806,0.0,-1.19846,37.6613,3.83966,0.0,3.0
street_level,Arouca,40.9317,-8.24349,12.90634,2.12063,0.03593,999.8397,0.1404,0.0,-0.46089,53.9622,1.79549,0.0,13.01027
street_level,Espinho,41.01033,-8.64337,20.02382,2.49832,0.0,1010.89777,-0.26813,0.0,5.01388,35.42784,2.60939,16.19261,34.77511
street_level,Vila nova de Gaia,41.12092,-8.61372,16.71658,9.12586,0.0,1007.06889,0.22192,0.00659,-0.3562,32.73531,-6.6548,0.0,3.0
underground,Porto,41.16013,-8.60806,42.25307,72.14356,0.0,1009.29234,-0.49106,0.0,-5.12692,43.69258,-84.5851,491.94139,3.0
street_level,Porto,41.14976,-8.67614,11.96241,3.63195,0.00256,1003.72283,0.60364,0.0,8.38398,28.38706,3.93648,0.0,47.73849
street_level,Matosinhos,41.16951,-8.68731,11.63111,1.50438,0.0,1011.83005,0.10236,0.0,-0.0646,37.76746,-4.32688,10.37252,4.96797
street_level,Vila nova de Gaia,41.12689,-8.61313,19.07422,0.0,0.0,1001.78218,-0.1086,0.02923,2.27065,48.00886,-5.60053,2.98233,20.94323
underground,Vila nova de Gaia,41.13183,-8.61247,31.24962,32.8658,0.03708,1002.42088,-0.65571,0.12427,-5.41696,35.10795,14.50415,165.42331,176.12434
street_level,Matosinhos,41.17679,-8.68607,12.44684,0.00374,0.0,1003.02238,0.32582,0.01388,-3.03519,28.67835,-6.28836,13.06283,31.06212
underground,Espinho,41.00905,-8.64027,30.41305,100.26135,0.32363,1003.99826,-0.76506,0.16955,-5.18056,17.41793,18.51692,7.63978,110.25332
underground,Oeiras,38.70621,-9.22542,34.25539,104.15817,0.2427,1002.61002,-0.55728,0.28779,-4.34131,34.4567,-1.2142,109.66211,94.07494
underground,Matosinhos,41.17609,-8.68226,50.88499,50.9495,0.18212,1002.58206,-0.67872,0.03845,-4.2984,37.08184,4.25137,232.58792,167.80613
street_level,Maia,41.20253,-8.55935,10.66205,1.89692,0.00327,1010.70514,0.1218,0.00322,1.05862,36.87265,-1.38788,0.0,13.4293
street_level,Espinho,41.00376,-8.63914,8.88833,1.37711,0.0,1002.362,-0.64496,0.0,-0.03939,46.87277,-1.48092,30.87509,30.17174
street_level,Vila nova de Gaia,41.11416,-8.61165,18.54978,0.0,0.01849,1006.07745,0.03851,0.00288,1.29011,39.81046,-4.90953,16.56173,44.48177
street_level,Espinho,41.00415,-8.63814,14.20154,0.0,0.01954,1003.29307,-0.03299,0.0271,4.02401,28.03145,-0.38034,0.0,3.0
above,Oeiras,38.71139,-9.22926,54.87189,97.16851,0.00868,1006.62157,0.61342,0.0,8.00213,45.55008,15.21614,233.8118,26.63366
above,Arouca,40.9309,-8.24702,59.97564,92.07716,0.0,1003.03526,0.07793,0.0,7.21265,47.69376,18.81031,270.88222,132.72898
street_level,Matosinhos,41.1723,-8.68046,10.38243,0.0,0.02938,1008.01804,-0.1881,0.0,-3.43086,51.54827,-3.85148,24.73527,6.17766
underground,Oeiras,38.69075,-9.31189,30.62598,30.10974,0.28977,1002.82316,-0.60321,0.1433,-4.46873,25.87604,19.56331,122.93354,178.07942
underground,Porto,41.16574,-8.64732,36.05828,71.14388,0.15743,1005.08522,-0.54357,0.09215,-4.5742,17.99776,-11.14342,0.0,79.48605
underground,Vila nova de Gaia,41.13301,-8.61194,19.94965,70.44524,0.0,1006.16269,-0.30829,0.0,-3.74238,49.09987,-28.81605,367.09503,3.0
above,Matosinhos,41.17359,-8.68597,39.02873,74.75545,0.01518,1002.32361,1.60116,0.12824,11.80373,19.75438,-15.2523,142.6742,72.38131
underground,Arouca,40.93091,-8.24721,24.29709,85.84859,0.40818,1003.92798,-0.5778,0.25931,-4.93039,33.12908,-18.49105,127.86104,29.36406
underground,Porto,41.16201,-8.59559,36.53049,104.27893,0.54991,1002.47226,-0.56611,0.32963,-6.46515,22.20823,-18.54341,95.44882,164.34465
street_level,Oeiras,38.69847,-9.30035,6.46374,7.52912,0.0,1011.95837,0.29256,0.01724,4.91116,29.55674,2.59609,0.0,43.60121
above,Matosinhos,41.17631,-8.68122,42.73548,81.86107,0.0,1004.12624,1.38322,0.34125,16.57441,29.99461,-4.01101,149.13889,96.62154
street_level,Espinho,41.00872,-8.6399,10.20692,0.66507,0.0,999.60534,0.76244,0.00702,8.32776,39.66094,-1.13098,3.04856,19.24039
underground,Vila nova de Gaia,41.12961,-8.61996,14.89846,89.47367,0.44662,1004.30042,-0.70587,0.228,-3.68167,19.84694,-11.17878,65.9435,94.37225
underground,Espinho,41.00387,-8.63792,35.29605,28.32939,0.05997,1009.78764,-0.42583,0.02741,-3.26406,39.11983,-66.38485,339.3269,3.0
street_level,Vila nova de Gaia,41.12596,-8.60748,13.05265,2.4388,0.0,1005.67662,0.56317,0.00907,2.03019,34.03345,2.87155,12.22854,48.94807
underground,Porto,41.15789,-8.59821,33.99759,64.47694,0.0,1006.63912,-0.47935,0.0,-4.31829,41.96395,-24.9163,369.43879,25.56456
street_level,Matosinhos,41.17305,-8.68808,11.10266,9.17961,0.00178,1006.17738,-0.18134,0.0,-1.73489,24.45291,-7.23646,0.0,3.0
street_level,Maia,41.20399,-8.55882,9.17593,0.0,0.01901,1000.55818,0.32204,0.0,-1.8695,57.52905,1.40856,40.28817,3.0
above,Arouca,40.92972,-8.24825,58.01256,83.19705,0.0,1005.27863,0.58047,0.0,4.42492,55.04607,27.88657,166.49854,134.05514
street_level,Maia,41.20247,-8.55768,14.5473,0.0,0.0,997.73467,-0.11978,0.00585,0.21767,23.28225,0.03481,15.0324,3.79254
street_level,Porto,41.16479,-8.64063,7.57579,5.30831,0.00239,998.27314,0.24608,0.00666,-3.47602,56.51704,-3.14169,21.3402,44.98185
street_level,Vila nova de Gaia,41.12733,-8.61769,15.18209,0.0,0.0,1006.15607,0.18124,0.00822,0.73927,46.58582,-7.51715,27.64984,3.0
above,Vila nova de Gaia,41.11532,-8.60678,37.94343,84.48389,0.0,1003.40108,1.56149,0.16356,13.69336,49.09259,-5.41506,84.55511,3.0
street_level,Maia,41.20368,-8.55901,7.12485,10.57015,0.0,1005.32359,0.5616,0.0,5.37802,36.85351,1.30095,0.0,49.34208
underground,Oeiras,38.72458,-9.24346,49.55991,36.90249,0.05029,1005.37933,-0.53921,0.16722,-5.28179,27.17878,-12.0801,284.63521,134.28274
underground,Espinho,41.00386,-8.63827,27.36442,82.51559,0.0,1009.23432,-0.53659,0.0778,-4.21442,58.59627,-27.42697,141.74581,3.0
street_level,Maia,41.2023,-8.55928,10.60398,0.0,0.0057,995.79762,0.08486,0.0,-2.09998,17.08637,8.15069,8.36233,3.0
street_level,Espinho,41.00384,-8.63795,7.05375,0.0,0.0,999.47132,0.21936,0.00798,-1.58345,67.51124,2.39033,0.0,3.0
underground,Porto,41.14853,-8.61122,52.7972,31.72216,0.31169,1006.06213,-0.60431,0.20764,-5.39527,39.37097,-31.71721,125.60277,169.36137
street_level,Arouca,40.93198,-8.24712,8.25458,0.0,0.02025,998.3568,-0.4541,0.01267,-1.7673,29.88215,6.95983,7.42555,59.62669
underground,Porto,41.16342,-8.58256,36.49514,48.52919,0.21282,1002.82356,-0.63306,0.20622,-4.42621,25.4653,-5.80475,131.87174,136.36421
above,Maia,41.20222,-8.55859,59.03925,89.99594,0.0,1004.06327,0.78211,0.04313,13.20631,41.31462,7.10029,243.40163,129.56862
underground,Vila nova de Gaia,41.12401,-8.60738,51.28597,36.24229,0.05955,1003.12333,-0.75847,0.20586,-5.24194,27.33602,22.15168,10.50696,127.01725
street_level,Vila nova de Gaia,41.13307,-8.60841,12.10716,0.0,0.01387,1003.44779,-0.10616,0.00537,1.8382,41.71143,-2.87202,0.0,26.09721
underground,Oeiras,38.71213,-9.29918,15.2514,86.28323,0.0953,1004.03108,-0.38296,0.0,-3.22545,47.42188,-25.15682,268.73181,48.52502
street_level,Porto,41.14847,-8.67006,10.54426,8.59586,0.0,997.6983,0.63916,0.01257,4.74846,47.89628,4.26302,0.0,98.3686
street_level,Porto,41.16066,-8.60433,1.49094,9.53801,0.00647,1008.82409,0.44987,0.0,3.06983,25.156,3.05196,0.0,51.77747
above,Matosinhos,41.17658,-8.69127,33.79701,81.4422,0.0,1002.75709,0.97437,0.23041,8.6583,23.54142,0.03111,67.24494,48.86383
street_level,Vila nova de Gaia,41.13276,-8.6129,16.74318,14.71701,0.01645,1010.01267,0.64398,0.0,8.26264,49.64684,2.68049,15.60849,33.75599
above,Porto,41.16161,-8.66626,63.10472,86.80902,0.0149,1006.99697,0.43062,0.0,4.667,49.03938,3.99368,236.70492,94.83383
street_level,Porto,41.15533,-8.61003,6.79927,10.05094,0.02714,1003.3562,-0.10292,0.02309,2.11981,18.00633,8.49821,0.0,3.0
underground,Vila nova de Gaia,41.12697,-8.61751,42.00503,45.10288,0.0,1005.90347,-0.34443,0.10113,-3.35954,43.63911,-34.05018,177.77257,3.0
underground,Espinho,41.00933,-8.64402,23.95139,99.48482,0.13907,1004.07526,-0.54546,0.18957,-4.43662,30.5373,13.08968,157.94709,83.27391
underground,Vila nova de Gaia,41.1319,-8.61787,41.58098,22.61761,0.27157,1001.85015,-0.52486,0.14809,-5.60101,18.6953,-19.49274,129.80835,117.86569
street_level,Vila nova de Gaia,41.12195,-8.6059,14.26833,0.88377,0.00414,1007.90208,-0.20231,0.00837,-0.41654,32.3378,1.87402,0.0,29.89729
underground,Arouca,40.9301,-8.24527,26.70937,61.51806,0.15589,1007.5768,-0.40915,0.08647,-4.51068,54.12487,-116.57341,492.93916,3.0
above,Matosinhos,41.17364,-8.68238,64.34255,90.76739,0.0,1005.22921,0.07787,0.0,6.98257,42.35232,8.46725,64.33885,53.77386
above,Matosinhos,41.17617,-8.69014,40.05921,82.81282,0.0045,1001.85198,1.08231,0.33215,13.05466,22.63688,1.17383,173.92978,106.27122
underground,Arouca,40.93033,-8.24364,44.79281,65.28623,0.0,1007.29708,-0.61145,0.0,-5.00666,40.42829,-56.10475,37.03043,26.02155
street_level,Vila nova de Gaia,41.12057,-8.60743,19.72735,0.0,0.02176,1011.85738,-0.07846,0.0,-0.25048,39.12169,-4.46739,0.0,3.0
underground,Espinho,41.00475,-8.64342,36.6709,46.60354,0.30532,1001.78488,-0.54534,0.18977,-4.23468,46.96874,20.24001,75.50987,155.26754
street_level,Espinho,41.01205,-8.63681,5.13056,0.0,0.0,994.11006,-0.17159,0.0,2.25506,54.84656,1.66383,7.85525,3.0
underground,Arouca,40.92911,-8.24864,20.98106,21.59096,0.0,1007.62779,-0.42377,0.10191,-3.24387,35.56086,-32.94066,352.10255,74.87086
above,Vila nova de Gaia,41.13443,-8.6094,66.3036,74.79165,0.0,1007.73625,1.81794,0.10289,10.0233,40.00741,-4.08326,342.25224,94.63355
above,Arouca,40.92944,-8.24862,70.61018,83.40339,0.0,1004.82907,0.55342,0.0,9.39161,53.38679,37.48891,204.84473,126.96568
underground,Espinho,41.0103,-8.63816,27.16002,54.29332,0.00281,1005.43713,-0.40448,0.0,-3.27779,35.60656,-57.8629,220.12065,3.0
above,Porto,41.1615,-8.60158,39.81319,77.02109,0.00496,1003.08306,1.3393,0.23812,8.29576,24.97742,-12.16381,116.61542,49.43682
underground,Vila nova de Gaia,41.12483,-8.61558,18.79986,120.80691,0.36884,1002.48564,-0.70334,0.04527,-4.68044,39.55287,-5.8278,0.0,154.08028
underground,Vila nova de Gaia,41.12414,-8.60743,32.1914,100.52172,0.01627,1007.80367,-0.48913,0.12647,-3.31589,40.53179,-45.61065,308.32819,18.22252
underground,Espinho,41.00471,-8.64248,31.99944,49.15225,0.0,1006.51102,-0.36113,0.0,-3.68219,38.62387,-53.61094,189.56709,27.41526
street_level,Porto,41.1739,-8.60038,13.77269,5.4337,0.0,1008.32611,0.02058,0.01792,2.71245,48.8464,-4.57217,0.0,22.34605
underground,Arouca,40.93109,-8.24476,51.60435,20.45645,0.3002,1004.22422,-0.66358,0.11883,-4.50095,32.67167,2.38253,204.76019,167.30817
underground,Matosinhos,41.17304,-8.6827,11.26575,27.8208,0.0,1006.29919,-0.45938,0.03179,-3.0238,42.66823,-58.2349,332.33605,3.0
above,Vila nova de Gaia,41.13324,-8.60935,44.85686,75.26429,0.02134,1001.65971,1.45382,0.0753,9.46993,32.32033,0.68938,166.97274,56.33669
street_level,Oeiras,38.6955,-9.29604,18.53071,12.20962,0.0,999.72592,-0.06467,0.00705,1.9622,41.75397,4.21437,21.64715,19.77887
street_level,Arouca,40.92945,-8.24807,15.63807,3.58037,0.0,998.89656,-0.55042,0.01891,-1.56053,28.40513,6.17555,0.0,3.0
underground,Vila nova de Gaia,41.12904,-8.60619,17.47553,94.17779,0.06293,1003.38121,-0.3901,0.17657,-5.52875,28.90897,2.51034,0.0,12.97774
underground,Vila nova de Gaia,41.12085,-8.60999,36.85365,14.57019,0.2834,1003.19663,-0.70008,0.29973,-5.52034,29.94652,16.97015,395.48124,103.66363
above,Maia,41.20227,-8.55863,35.38815,73.39629,0.0018,1005.18935,1.11874,0.28125,9.38917,37.17599,-11.73698,129.27933,23.17311
above,Vila nova de Gaia,41.12095,-8.61002,56.11703,73.36642,0.00371,1002.09023,1.45838,0.20918,10.74658,26.92937,1.96773,124.54529,40.10981
underground,Porto,41.16103,-8.59241,33.45019,51.54809,0.0,1010.31127,-0.53748,0.0,-3.62464,49.04747,-47.52022,336.78641,45.38729
underground,Maia,41.20319,-8.55914,52.8225,55.87567,0.52022,1004.69922,-0.64859,0.18704,-5.70971,40.2185,-13.66884,403.19534,108.91378
above,Porto,41.162,-8.65138,80.88507,83.0346,0.01913,1005.09189,0.10541,0.03956,3.66264,47.54048,8.24689,175.43341,116.31315
street_level,Espinho,41.00525,-8.6441,18.06242,0.0,0.0,1007.97208,0.51738,0.0,0.68664,47.78482,-4.51737,0.0,15.10992
above,Vila nova de Gaia,41.13215,-8.60719,44.91349,81.69689,0.0,1003.14156,1.36999,0.35476,9.68188,30.23962,-15.63756,0.0,53.91904
street_level,Oeiras,38.70992,-9.22716,15.7952,0.0,0.0,1010.28113,0.13919,0.01159,0.51882,25.60078,-0.53978,1.76683,3.0
street_level,Arouca,40.9308,-8.24751,11.08596,0.0,0.0,1011.70013,-0.03491,0.0014,-0.204,26.02914,-4.70028,0.0,3.0
underground,Vila nova de Gaia,41.13616,-8.61433,29.8525,90.9307,0.0,1007.47246,-0.43339,0.04949,-3.80196,40.42142,-31.50476,177.99326,80.38005
street_level,Vila nova de Gaia,41.12149,-8.60852,8.09459,5.07759,0.0,1001.05282,0.89453,0.01048,5.67092,35.71162,-1.28066,0.0,29.78527
street_level,Oeiras,38.72569,-9.23587,12.45381,9.24836,0.01806,1005.29255,0.50904,0.0,6.68029,77.06897,4.36688,4.93476,73.03045
underground,Matosinhos,41.17275,-8.67979,20.9578,48.3202,0.03137,1008.16291,-0.49687,0.0,-4.62488,36.31746,-59.48744,90.19635,3.0
above,Espinho,41.00523,-8.6381,64.39532,88.96122,0.0,1006.95298,0.36141,0.0,5.66793,40.37494,13.97169,357.46795,101.35515
above,Porto,41.16214,-8.61539,33.54768,92.75843,0.01634,1003.32557,1.11459,0.24305,13.63817,31.21822,-21.96469,200.87654,48.68118
street_level,Espinho,41.00687,-8.64075,8.0746,12.40865,0.00019,1005.99369,0.14459,0.0,6.90363,62.38626,1.92268,0.0,65.08735
street_level,Espinho,41.00609,-8.63926,8.46829,3.74847,0.02089,997.66433,0.25272,0.01709,3.84773,59.80534,0.38125,0.0,3.0
street_level,Maia,41.20213,-8.55855,12.98908,1.84227,0.0,1005.80698,-0.09268,0.0,3.42613,37.48885,-2.10965,0.0,4.64024
underground,Espinho,41.01052,-8.64083,32.08281,100.84158,0.6849,1004.74898,-0.66882,0.11553,-4.47429,31.37243,29.1902,121.48522,53.45462
underground,Espinho,41.00664,-8.63789,40.81441,38.41565,0.01365,1007.76612,-0.53873,0.0,-3.52078,53.58067,-40.71835,417.82612,54.85075
street_level,Vila nova de Gaia,41.11974,-8.60703,9.79455,0.12734,0.00969,1003.25679,0.41992,0.0,5.72535,28.58925,0.7848,7.53568,75.96868
street_level,Porto,41.16412,-8.63378,11.89686,3.05554,0.0,1007.1937,0.00781,0.0,-1.255,52.66851,-3.2743,0.0,3.0
underground,Porto,41.15048,-8.63262,24.27003,56.94196,0.45077,1005.94658,-0.56616,0.18805,-3.94156,30.20435,-9.58829,0.0,124.86253
street_level,Matosinhos,41.17275,-8.68016,11.99697,10.38582,0.0,1009.53854,-0.10045,0.02657,1.90522,26.69747,-6.46637,16.11838,29.00029
underground,Arouca,40.9321,-8.2458,29.24934,97.0148,0.39387,1007.24595,-0.73477,0.25976,-4.72176,28.69649,-22.80428,198.63865,51.78982
underground,Vila nova de Gaia,41.12832,-8.60985,13.09772,106.63524,0.36971,1001.97328,-0.41723,0.19928,-5.42202,20.80835,2.65771,50.90859,128.02948
street_level,Porto,41.15499,-8.62891,12.49129,0.0,0.0,1006.36286,0.1486,5e-05,0.9436,32.33314,0.10981,0.0,3.0
underground,Espinho,41.00713,-8.63713,24.77211,54.89344,0.51944,1002.54645,-0.46006,0.11126,-6.10975,39.64776,-29.05897,0.0,35.27266
above,Vila nova de Gaia,41.12816,-8.60557,56.09879,83.47296,0.02952,1005.57546,0.70877,0.10842,-2.26284,38.41436,32.5133,62.22382,50.36689
underground,Oeiras,38.69282,-9.30958,31.58792,95.55879,0.20492,1005.96475,-0.66371,0.0,-4.46933,31.73963,-22.31058,62.43985,148.33275
street_level,Oeiras,38.69924,-9.23003,21.73012,1.76358,0.01231,1009.33312,-0.04573,0.0,0.47948,42.5181,0.87872,6.97257,3.0
street_level,Arouca,40.92936,-8.24795,9.10883,3.69983,0.02258,1003.17432,0.32826,0.00267,3.24759,48.84489,0.80162,0.0,75.49306
street_level,Maia,41.20201,-8.55781,5.07594,5.10376,0.0,1000.68715,0.88371,0.0,3.72728,48.70935,-0.94415,0.0,38.92574
street_level,Arouca,40.9292,-8.24806,3.01999,1.77208,0.00253,1004.54801,0.40294,0.0,5.38717,49.39524,1.81876,0.0,56.79191
street_level,Maia,41.20321,-8.55797,19.05894,15.81753,0.0,1009.48668,0.13717,0.02553,-2.33972,63.88744,-3.61922,0.0,3.0
street_level,Matosinhos,41.17674,-8.68518,12.82134,6.73061,0.0,997.7754,0.30364,0.0,-0.78349,21.58683,7.56343,22.48319,30.38114
underground,Porto,41.15091,-8.6146,32.07296,47.7451,0.0,1005.34363,-0.45172,0.03626,-3.90819,40.7565,-40.05159,445.08952,51.3222
street_level,Maia,41.20233,-8.55858,15.93166,3.31441,0.0,1003.51116,-0.19041,0.0223,-2.83944,46.02251,-3.09364,0.0,31.04689
street_level,Maia,41.20201,-8.55777,7.97267,0.0,0.0,999.66812,-0.49711,0.00217,-0.30367,41.79796,-1.11793,0.0,49.00616
street_level,Maia,41.20224,-8.55771,8.10079,0.0,0.01703,999.1923,-0.15731,0.01532,-2.86916,5.0,1.49297,6.8823,3.0
underground,Oeiras,38.69577,-9.29399,46.45043,28.78171,0.33402,1004.07076,-0.60374,0.28726,-6.49431,26.98574,17.22973,147.13673,153.30749
above,Matosinhos,41.17618,-8.68878,29.16541,80.94961,0.01213,1004.90369,1.29851,0.3214,11.32874,7.73777,-21.37812,138.04312,3.0
above,Espinho,41.00657,-8.63982,48.4094,83.60948,0.01015,1005.18924,1.05752,0.23854,5.43877,39.97476,-12.54006,109.12688,19.98169
underground,Arouca,40.93216,-8.2447,23.9053,110.12327,0.21968,1005.42031,-0.52762,0.01662,-4.80064,19.93246,-2.06564,0.0,140.63158
street_level,Oeiras,38.70293,-9.2281,17.83169,0.0,0.00179,1010.62428,-0.10706,0.00502,0.38349,25.97815,-4.06931,7.74002,34.23398
underground,Vila nova de Gaia,41.11508,-8.61193,20.13887,49.58712,0.0,1008.32678,-0.28964,0.08032,-4.27442,36.81037,-26.49603,274.39807,3.0
street_level,Espinho,41.0095,-8.63947,6.71971,0.0,0.01395,994.68408,0.22439,0.0,0.19266,54.35581,4.13693,20.30469,4.34128
street_level,Oeiras,38.72821,-9.23668,7.88085,0.0,0.00416,999.4634,0.39827,0.0,-3.56708,43.34074,-2.03685,18.1663,3.0
above,Vila nova de Gaia,41.12731,-8.62149,53.78724,75.37964,0.0034,1004.51091,1.61833,0.29622,11.21661,34.80672,-21.96556,26.04234,83.02846
street_level,Oeiras,38.71179,-9.23193,12.05629,2.53091,0.0,995.86781,0.23626,0.0,1.17986,34.94964,5.94422,0.0,3.0
street_level,Porto,41.15272,-8.61567,18.45668,5.67959,0.0,1001.6727,-0.11076,0.0,-0.89723,31.24351,-2.91216,5.28869,32.81094
above,Vila nova de Gaia,41.12971,-8.61959,36.3339,74.4644,0.0,1004.53943,1.34285,0.28655,7.48348,14.27243,-2.86498,132.57382,3.30986
street_level,Porto,41.16423,-8.59048,15.65252,0.0,0.00189,995.35148,0.03663,0.0,-0.6289,20.49555,9.98435,36.08273,6.0605
street_level,Vila nova de Gaia,41.12462,-8.60974,12.64436,0.0,0.01967,1004.99167,0.57447,0.0,-3.28019,54.20359,1.3888,0.0,13.69438
street_level,Porto,41.15575,-8.60242,10.58591,4.74359,0.04861,1004.13594,-0.24233,0.01665,-1.89974,33.19879,-12.93597,0.0,3.0
underground,Matosinhos,41.17338,-8.68932,33.02743,99.53171,0.32459,1002.11673,-0.60222,0.21752,-4.60042,35.24587,39.60384,141.75464,108.38827
underground,Porto,41.16371,-8.58248,22.76257,110.61379,0.0,1006.70282,-0.46115,0.0,-2.98987,46.4927,-38.16915,262.46191,43.21199
street_level,Oeiras,38.68284,-9.32283,15.15978,0.79742,0.0,998.63345,-0.16642,0.01267,-0.34009,25.69576,0.66043,0.0,53.87059
above,Arouca,40.92912,-8.24802,69.0464,88.88343,0.00661,1006.75917,0.82847,0.02632,10.48466,29.68861,19.88459,266.0016,139.43723
street_level,Vila nova de Gaia,41.12303,-8.60677,11.53308,7.90568,0.0,1006.75016,0.23099,0.0,3.11833,15.49919,4.72844,0.0,47.10178
above,Porto,41.16484,-8.61996,38.71055,85.33343,0.0,1004.94215,1.59655,0.47266,12.16176,27.63802,11.22589,0.0,41.40549
above,Matosinhos,41.17695,-8.68505,46.62382,87.17571,0.04103,1002.9007,0.97915,0.14129,11.16745,35.92441,0.43242,211.15869,46.52658
street_level,Oeiras,38.69974,-9.27637,6.55338,0.0,0.01559,996.37711,0.27393,0.0,-2.39299,50.5118,-8.12152,0.0,3.0
street_level,Arouca,40.93064,-8.2475,8.25923,0.0,0.0,998.68766,0.19037,0.01786,-0.03811,66.92601,-0.75498,0.0,3.0
street_level,Oeiras,38.70105,-9.23077,12.60704,6.60021,0.0,1005.74752,-0.49496,0.01692,3.96398,20.5437,-5.14364,2.96149,3.0
above,Oeiras,38.71262,-9.23389,44.63947,81.44673,0.01238,1003.85791,2.33547,0.31677,9.80093,13.60333,-14.76948,0.0,55.61456
street_level,Espinho,41.01115,-8.64051,9.16048,0.0,0.00232,994.9043,-0.12052,0.02841,1.96759,53.49431,9.67848,0.0,31.56693
street_level,Arouca,40.93092,-8.24743,9.40004,0.0,0.00598,1007.44445,0.01659,0.01878,-1.72413,54.35863,1.79388,6.67725,3.0
underground,Matosinhos,41.16752,-8.68891,43.05001,40.15553,0.37091,1003.08427,-0.74691,0.29773,-6.57084,29.33211,37.31986,74.78294,93.44287
street_level,Vila nova de Gaia,41.12449,-8.61328,10.89066,5.39309,0.01368,1000.90087,-0.16638,0.0,-3.86904,15.27102,2.19866,0.0,15.03027
underground,Maia,41.20265,-8.5595,47.40449,0.0,0.22358,1005.87336,-0.53626,0.0292,-4.89766,28.40397,35.67794,141.74615,57.55268
street_level,Matosinhos,41.176,-8.68318,9.73157,3.02397,0.0,1000.1653,-0.15039,0.03118,0.57404,48.8696,2.57581,20.82057,3.0
underground,Arouca,40.92949,-8.24804,33.45931,66.17075,0.06133,1006.77034,-0.38173,0.0,-2.00691,44.29647,23.01749,581.42363,3.0
street_level,Vila nova de Gaia,41.1284,-8.61084,5.2949,0.0,0.0,1002.95327,0.58973,0.02823,1.53396,39.49809,-1.41903,4.53975,49.38622
underground,Porto,41.15959,-8.63965,33.56529,74.68208,0.32782,1000.61538,-0.59282,0.32286,-4.50913,24.76171,-21.43966,246.1039,92.79525
street_level,Espinho,41.00922,-8.64132,16.27964,12.43601,0.01901,1004.84107,-0.22446,0.0,-0.30842,29.99163,-7.0695,0.0,3.0
street_level,Espinho,41.00562,-8.64421,14.29634,8.19923,0.0,999.67017,-0.38851,0.0,3.40363,30.90702,0.90688,30.19594,13.86927
underground,Vila nova de Gaia,41.12524,-8.60777,31.25375,105.57803,0.05756,1008.74787,-0.308,0.07518,-5.02048,41.27798,-69.79169,653.96832,3.0
underground,Matosinhos,41.17293,-8.68092,35.49081,114.48699,0.27638,1003.384,-0.60018,0.18132,-4.66393,23.16196,1.25113,214.99318,87.53294
above,Matosinhos,41.17706,-8.681,76.69088,89.56551,0.0,1006.85521,1.01464,0.11015,8.36575,51.44251,11.65868,300.82451,68.6331
street_level,Arouca,40.93053,-8.24906,11.65749,5.29911,0.01315,1000.28445,-0.05005,0.00296,-2.58957,16.47113,1.95569,0.0,8.25721
street_level,Arouca,40.93111,-8.24754,12.63471,3.13219,0.00819,1008.58003,0.20043,0.0,-0.15008,41.42832,-5.45173,3.80248,16.62078
above,Arouca,40.93075,-8.24753,58.32198,83.9273,0.0,1006.35701,0.36896,0.0,1.11756,46.69418,18.44339,222.63829,88.08893
street_level,Porto,41.16028,-8.64155,10.13155,12.44955,0.011,1005.59176,0.55954,0.02631,3.26812,36.18313,0.8455,7.55304,52.20802
above,Arouca,40.93158,-8.24289,63.53649,92.59451,0.00085,1005.68877,0.53472,0.03237,5.33873,57.12516,4.36436,263.00778,11.59233
street_level,Arouca,40.9307,-8.24703,9.17753,0.0,0.0,1003.85672,0.17893,0.02445,-2.55897,32.01633,-7.60882,0.0,7.17621
street_level,Maia,41.20308,-8.55926,18.21483,0.0,0.0,1012.74065,0.12122,0.00432,-1.56862,41.56182,-5.96746,12.42969,36.43862
underground,Maia,41.20332,-8.55925,32.50092,32.0758,0.32989,1005.50935,-0.72092,0.27446,-4.79225,27.2956,22.75127,304.98152,46.85972
street_level,Arouca,40.93035,-8.24354,9.54573,3.56669,0.01185,1007.61417,-0.22625,0.01162,4.04689,27.03182,-2.77715,0.0,3.0
street_level,Arouca,40.92959,-8.24869,14.17452,12.96894,0.0041,1000.42453,-0.07594,0.0,1.907,27.38598,-5.78085,0.30771,3.0
street_level,Vila nova de Gaia,41.12673,-8.60997,14.9297,7.13876,0.0,999.8292,0.21749,0.0052,0.37364,9.44424,9.96533,0.0,3.0
street_level,Porto,41.14291,-8.61738,13.66917,0.0,0.0,997.46246,-0.52246,0.01362,-0.68685,62.18531,7.11332,0.0,3.0
underground,Matosinhos,41.17607,-8.68996,32.25457,56.64568,0.0,1007.84853,-0.52399,0.09495,-3.90546,49.15297,-9.88157,326.16624,57.02734
street_level,Arouca,40.93022,-8.24463,14.48137,4.36176,0.0,1007.94821,0.08768,0.00782,5.87953,31.74717,-8.61356,6.26199,13.0294
underground,Espinho,41.006,-8.64003,38.31787,63.09113,0.0,1003.55856,-0.522,0.22808,-4.41547,33.55818,33.95324,41.84644,93.1742
underground,Matosinhos,41.17712,-8.68126,25.31105,130.75327,0.23982,1003.43795,-0.59536,0.24248,-4.46302,24.89691,20.20381,182.05314,26.36328
street_level,Oeiras,38.72593,-9.24038,6.26735,5.05778,0.01226,1005.2739,0.78922,0.00159,6.40279,31.94642,7.61581,0.0,90.74937
street_level,Oeiras,38.69571,-9.29393,9.41105,1.04405,0.0,998.18728,-0.03053,0.01087,0.85,45.49028,2.31346,0.0,3.0
underground,Maia,41.20227,-8.55946,18.44251,31.72142,0.08768,1006.40876,-0.4918,0.0,-4.24125,58.36925,-19.8201,240.37611,4.0086
street_level,Arouca,40.93108,-8.24738,4.42485,2.48593,0.00479,998.98218,-0.1531,0.00287,-1.40625,25.5625,2.60948,36.75616,3.0
underground,Oeiras,38.67654,-9.32653,27.85561,107.79239,0.13598,1003.19696,-0.57553,0.16053,-4.53319,24.16644,0.14469,136.37201,75.95107
above,Matosinhos,41.1756,-8.68615,69.8881,101.31382,0.00471,1008.55453,0.64213,0.15334,3.20682,39.16603,13.86725,319.81217,81.90036
street_level,Oeiras,38.68636,-9.31744,7.66791,0.0,0.0,1002.36946,0.25009,0.0,0.71857,65.90477,-1.17043,0.0,20.86841
street_level,Matosinhos,41.16962,-8.68721,14.05165,0.0,0.00771,993.84107,-0.05325,0.0,1.92951,21.35116,6.75532,0.0,3.0
above,Porto,41.14732,-8.66685,40.74279,83.73953,0.0,1001.35236,1.31322,0.15711,14.5054,32.58225,1.35646,77.83429,62.90844
street_level,Oeiras,38.69603,-9.29235,5.51069,11.31793,0.0,1003.73045,0.31341,0.00156,7.48538,36.33992,-1.73782,0.0,43.54124
street_level,Oeiras,38.68542,-9.31653,10.80216,0.0,0.01002,994.75996,-0.1421,0.0,-0.82303,48.99085,4.90785,4.06018,15.02712
underground,Vila nova de Gaia,41.13682,-8.6116,23.87204,78.88763,0.43403,1002.51995,-0.53729,0.03888,-6.90285,28.19998,-17.21611,0.0,139.23015
street_level,Vila nova de Gaia,41.12719,-8.61297,17.67736,0.0,0.00937,1008.49013,0.01235,0.02224,2.48258,38.095,-1.99446,0.0,3.0
underground,Espinho,41.00833,-8.63827,36.30806,80.80188,0.35325,1003.36954,-0.57243,0.07254,-5.25032,33.71991,-15.72921,32.25137,147.11975
underground,Maia,41.2036,-8.55916,42.23388,0.0,0.47876,1003.13584,-0.65281,0.18324,-5.95466,25.05855,43.02524,94.69451,121.18752
underground,Oeiras,38.72607,-9.23687,30.99092,63.71174,0.07722,1006.17097,-0.44141,0.0,-3.85061,28.81753,-43.27394,401.90303,15.00184
underground,Porto,41.15866,-8.63333,56.19456,13.78687,0.19516,1002.70944,-0.46138,0.14007,-5.59236,26.20161,-12.15739,87.79666,83.70345
street_level,Maia,41.20217,-8.55746,12.35389,0.0,0.0,1008.9318,-0.12066,0.0,2.101,36.17791,3.14293,0.0,3.0
street_level,Maia,41.20326,-8.55921,16.74417,0.0,0.0,1006.84723,-0.05475,0.0,0.13378,56.55968,-3.64016,6.68497,50.48022
street_level,Espinho,41.0094,-8.64225,9.8428,5.00725,0.0,1002.92402,-0.08322,0.00685,-4.78044,5.0,-0.48953,32.11439,3.0
street_level,Vila nova de Gaia,41.13641,-8.61156,11.30128,6.0869,0.0,999.16247,-0.133,0.00701,-0.51926,50.60011,0.04116,0.0,3.27066
street_level,Espinho,41.0117,-8.64381,9.64762,2.55791,0.01868,1006.50681,1.08771,0.00812,4.37824,31.22332,0.03526,0.0,92.71408
street_level,Porto,41.17244,-8.59843,6.69874,0.36167,0.02776,995.97482,0.36588,0.0,0.41134,46.6933,-4.14635,0.0,34.70867
street_level,Vila nova de Gaia,41.12535,-8.61775,9.88749,0.0,0.0,997.42482,-0.10196,0.01365,-2.55234,39.93393,2.00746,0.0,40.05175
street_level,Oeiras,38.67597,-9.32664,7.62939,0.0,0.0,1001.21505,-0.36972,0.0,0.70847,37.36459,-2.0959,37.63057,20.63536
street_level,Arouca,40.93102,-8.2428,15.76713,1.78555,0.00103,1005.4258,0.18734,0.0,0.06474,53.96439,3.41556,0.0,3.0
street_level,Espinho,41.00961,-8.64208,12.89586,8.84971,0.01261,1001.77844,0.00066,0.0,-0.58749,19.74707,-6.94134,26.32105,3.0
underground,Porto,41.15216,-8.60996,41.41641,51.91811,0.29939,1001.99672,-0.57646,0.10438,-3.85382,25.24963,15.27483,97.55755,80.6097
street_level,Vila nova de Gaia,41.13452,-8.60935,15.4294,5.88114,0.0,1003.55251,0.09292,0.0,2.15782,16.00791,-4.08223,0.0,3.0
above,Porto,41.15747,-8.64323,92.75569,81.70688,0.01128,1004.60423,0.51812,0.01858,2.77101,54.19497,33.18875,238.66593,41.28715
underground,Vila nova de Gaia,41.12432,-8.61889,42.34897,100.40826,0.0,1008.50185,-0.27929,0.06726,-3.99704,40.5294,-3.4184,426.51003,42.4902
street_level,Arouca,40.92972,-8.2468,9.45138,8.35106,0.00194,1000.78125,0.64765,0.00827,5.99311,41.84895,5.11804,16.52249,63.62552
underground,Espinho,41.00667,-8.64291,48.08079,17.54468,0.26901,1003.67194,-0.56575,0.17336,-4.5342,36.5713,-26.52576,147.89228,103.29027
underground,Porto,41.157,-8.60039,23.00986,55.47573,0.17359,1003.87274,-0.52128,0.0,-3.40814,51.34447,-35.40779,397.55301,3.0
underground,Matosinhos,41.16775,-8.68898,22.76133,50.88688,0.52322,1003.21952,-0.5931,0.18624,-4.49902,30.88911,24.98477,33.29499,138.17783
above,Maia,41.20229,-8.55965,31.11691,77.80851,0.0,1002.79892,1.17325,0.21196,13.30352,28.5974,9.12722,152.07031,11.03791
underground,Porto,41.14979,-8.58613,45.34845,44.0563,0.17783,1004.50053,-0.5943,0.19379,-3.52454,35.19235,-11.13605,99.09637,161.07221
street_level,Espinho,41.00475,-8.64389,17.3251,0.31503,0.02935,1012.76201,-0.24128,0.00423,-3.58535,52.53641,-1.96457,24.42268,3.0
street_level,Vila nova de Gaia,41.1205,-8.60609,6.29607,7.43708,0.0,1000.5932,0.18203,0.0,2.05944,54.51582,-1.76809,16.17308,3.0
street_level,Vila nova de Gaia,41.12743,-8.61316,9.15467,3.72112,0.0,1001.73204,0.56831,0.00017,9.34093,33.54296,-5.6975,24.20992,72.24311
underground,Vila nova de Gaia,41.12221,-8.60628,33.4172,132.05766,0.34061,1005.8253,-0.55848,0.18338,-5.62081,23.57219,-17.23968,168.85168,66.68084
street_level,Vila nova de Gaia,41.13332,-8.60992,11.43833,1.76726,0.0,993.16695,-0.59949,0.02667,0.59098,48.93216,0.96822,0.0,3.0
above,Maia,41.20258,-8.55853,54.21617,81.2907,0.0,1006.17644,0.7942,0.00877,8.38181,47.78562,21.5591,256.44652,90.499
underground,Maia,41.2019,-8.55766,20.83645,72.40761,0.02446,1006.93036,-0.48482,0.01201,-4.1378,49.64059,-55.39462,304.96354,51.32684
underground,Vila nova de Gaia,41.13879,-8.61009,35.37929,29.69093,0.32066,1004.08392,-0.43048,0.15281,-5.19759,31.73485,-20.77511,321.41084,110.81009
street_level,Arouca,40.93135,-8.24582,4.31923,12.65297,0.0,995.69945,0.06743,0.0,6.44257,37.27938,1.36357,33.53723,33.06476
street_level,Vila nova de Gaia,41.12612,-8.60761,13.24406,2.36649,0.03048,1006.86694,-0.13544,0.0,1.71055,35.99762,5.4488,14.65946,17.52068
above,Espinho,41.00728,-8.63723,41.56698,72.66422,0.0,1003.93894,0.57324,0.29038,5.67465,44.89091,-10.08192,58.06073,40.65872
underground,Maia,41.20222,-8.55938,47.22562,32.55975,0.22904,1003.00761,-0.50544,0.3212,-4.71247,40.73131,-3.7274,76.54457,86.72757
street_level,Matosinhos,41.17489,-8.68156,4.40648,8.86346,0.01991,1002.40518,0.75923,0.02223,1.15909,38.86986,4.35471,0.0,93.61813
above,Arouca,40.93193,-8.24391,45.90599,78.74152,0.0,1003.05148,1.84918,0.14078,13.37515,34.11701,-13.54625,59.31978,53.30319
street_level,Maia,41.20427,-8.55847,12.20553,2.92552,0.0,999.25543,0.18147,0.0,-2.42883,14.53305,4.56885,26.35472,17.47525
above,Porto,41.1776,-8.65278,23.86871,81.99103,0.00421,1004.40143,0.88784,0.22266,14.84335,13.45725,-8.26554,16.54014,20.0403
above,Matosinhos,41.16728,-8.68835,49.88621,78.61946,0.00553,1003.24323,1.50822,0.28436,11.60809,38.05649,-1.55171,93.79481,40.8005
underground,Vila nova de Gaia,41.12636,-8.61985,33.7001,69.65849,0.2642,1003.87846,-0.76903,0.14087,-5.68891,27.19012,-20.68329,111.22555,109.95845
underground,Maia,41.20259,-8.55947,22.91317,83.21395,0.21006,1006.59901,-0.58554,0.04088,-4.1674,45.51578,-36.94866,121.80532,3.0
street_level,Porto,41.16712,-8.62524,19.21835,1.42524,0.0187,1000.77205,0.06068,0.0,1.35615,53.00154,-4.10614,0.0,3.0
underground,Matosinhos,41.17525,-8.68666,37.04999,83.10621,0.26507,1003.96296,-0.74627,0.20285,-5.33026,45.51951,-8.6477,33.08932,145.52262
underground,Porto,41.1524,-8.62676,45.16644,21.18871,0.18322,1001.57498,-0.48975,0.17168,-6.40842,20.48702,31.20378,148.13151,121.10866
underground,Porto,41.17395,-8.59915,22.48842,101.16607,0.33062,1004.45157,-0.523,0.17847,-5.0104,36.47496,18.78696,84.92042,101.88913
street_level,Oeiras,38.69969,-9.22756,14.18799,2.12693,0.0,1002.69585,0.17478,0.00897,-5.24914,42.41298,2.7192,0.0,3.32896
street_level,Oeiras,38.68312,-9.32253,14.9285,0.0,0.0,1005.05555,-0.47659,0.01468,-2.11033,27.31579,7.39192,10.81168,3.0
street_level,Arouca,40.93087,-8.24732,11.55484,10.74348,0.0,994.59526,-0.11894,0.00015,-2.31284,71.28581,6.74568,8.03565,4.75231
street_level,Porto,41.16407,-8.63508,17.48747,0.0,0.01035,1005.62635,-0.37439,0.02512,-2.57581,41.07008,-3.67798,7.63524,3.0
street_level,Matosinhos,41.17337,-8.68812,7.42274,11.4872,0.0,1003.60749,0.91805,0.0,2.34425,27.87901,-4.37466,0.0,48.81978
underground,Espinho,41.00376,-8.63802,44.95208,48.3797,0.3976,1004.51832,-0.66169,0.19105,-6.16775,36.3697,-30.32721,91.15497,135.31721
underground,Matosinhos,41.17159,-8.67918,28.41937,116.47525,0.15218,1003.81196,-0.56425,0.26509,-4.37458,37.93394,25.70943,162.83796,57.24779
street_level,Vila nova de Gaia,41.13142,-8.61796,7.9818,11.52053,0.00332,1003.50263,0.38239,0.01297,5.04525,31.79682,0.23005,0.0,49.90063
street_level,Matosinhos,41.17324,-8.68769,20.65675,7.11517,0.02557,1018.00145,0.17685,0.0022,1.97934,31.70083,-2.32083,0.0,14.07405
underground,Espinho,41.01059,-8.6423,38.73675,1.92238,0.0,1000.96132,-0.77841,0.1027,-5.25305,39.17265,8.05872,181.40874,179.25399
underground,Vila nova de Gaia,41.13043,-8.61478,24.66922,136.30367,0.13159,1002.63253,-0.59779,0.17399,-4.29484,32.89895,-11.5861,93.94158,90.54527
street_level,Arouca,40.93083,-8.24712,17.00048,8.61686,0.00509,1005.35676,-0.2175,0.02107,1.69416,38.23391,-4.61002,9.06184,22.59682
above,Vila nova de Gaia,41.12101,-8.60626,42.79586,87.09986,0.00373,1004.12889,0.92184,0.20947,11.98996,29.31471,-18.67981,59.31111,29.72685
street_level,Oeiras,38.70188,-9.23176,17.16142,0.0,0.01151,1009.24685,-0.13461,0.01692,1.45482,37.31784,-2.89802,3.36275,3.0
above,Arouca,40.92912,-8.24793,31.67141,93.55721,0.01085,1004.08842,1.38222,0.18079,10.55918,43.5231,-14.85298,198.34507,45.34549
underground,Maia,41.20251,-8.55863,26.09415,56.49884,0.0,1005.8461,-0.60853,0.0,-3.18166,31.05896,-81.58087,135.68838,52.74339
street_level,Vila nova de Gaia,41.12442,-8.61529,9.75163,0.0,0.03682,1002.85482,0.0887,0.00831,-2.71458,36.71428,-0.22762,23.14605,14.02216
above,Arouca,40.93184,-8.24325,24.8715,81.08097,0.02355,1003.37811,1.31254,0.25481,10.13675,14.57923,-1.52673,129.12454,45.13926
above,Matosinhos,41.17534,-8.68142,57.72732,88.62403,0.0,1005.19532,-0.17147,0.0,2.47458,40.12034,-18.28183,226.34739,96.07253
above,Matosinhos,41.1755,-8.68324,28.66786,78.60771,0.0,1004.88627,1.40137,0.18954,9.21134,32.71943,-11.23699,46.08539,3.78471
underground,Espinho,41.00415,-8.63829,24.07943,91.26558,0.3259,1003.121,-0.49394,0.13889,-4.57712,31.03782,-0.45865,0.0,60.52297
above,Espinho,41.00924,-8.64237,46.50247,82.15414,0.04632,1005.18028,1.12751,0.33798,14.67218,16.92019,-28.9796,124.1677,28.78561
street_level,Porto,41.17419,-8.60035,18.18849,0.24103,0.0,998.53081,0.18743,0.0092,-3.33282,48.22913,-2.52943,22.01049,18.30437
above,Porto,41.14865,-8.62074,66.69701,96.64545,0.0,1006.93998,1.06506,0.0,-0.28227,47.0767,9.49667,224.43534,135.61641
street_level,Arouca,40.93173,-8.24276,15.66236,2.22873,0.0,1005.37936,-0.1957,0.0,-1.77061,10.80188,2.67853,0.0,21.65897
street_level,Arouca,40.93038,-8.24868,13.57485,0.91449,0.0,1006.16123,0.12349,0.03617,0.88691,50.36876,-9.45116,20.12741,10.15903
underground,Arouca,40.93099,-8.24747,15.42224,61.30854,0.0,1005.54981,-0.47317,0.0,-2.70541,34.6927,-80.77722,284.47753,23.07179
underground,Oeiras,38.71144,-9.3114,30.1063,91.23556,0.4805,1006.42789,-0.65143,0.19668,-4.96903,16.14711,28.98706,238.4004,136.68283
street_level,Vila nova de Gaia,41.12974,-8.61653,14.53762,0.0,0.00633,1012.05719,0.37875,0.00052,-1.97082,52.66401,-5.9441,31.83628,35.64629
street_level,Vila nova de Gaia,41.12646,-8.6078,6.96987,7.08877,0.0,1000.01694,-0.02778,0.00087,0.44935,55.35234,2.3241,0.0,44.77178
street_level,Maia,41.20325,-8.55917,15.91417,0.0,0.0,1006.2611,-0.20222,0.0,1.81633,48.37014,0.18121,7.43409,3.0
underground,Oeiras,38.71545,-9.22649,31.6285,123.47688,0.37764,1003.08436,-0.50919,0.11481,-5.70749,25.66898,-1.72732,64.94519,70.10891
street_level,Oeiras,38.7257,-9.23639,15.17482,0.0,0.0,1015.08095,-0.07204,0.0,1.66319,45.77466,1.66768,34.13994,12.895
above,Porto,41.14829,-8.63704,62.58576,85.997,0.0197,1007.3083,1.3075,0.08504,6.26083,49.08378,3.53918,294.12891,90.42364
street_level,Espinho,41.00738,-8.63807,1.0,11.60668,0.00564,1005.6724,0.31289,0.0,6.60713,49.56633,1.47319,14.31259,51.5543
street_level,Porto,41.15651,-8.64815,8.83855,8.30421,0.0,1008.60533,0.73698,0.00328,5.63174,44.6474,-1.30782,0.0,56.66172
street_level,Vila nova de Gaia,41.12544,-8.6077,14.29634,0.0,0.0,1006.08203,0.22168,0.0,0.68052,16.52908,-4.22284,15.79902,3.0
street_level,Oeiras,38.70169,-9.22805,3.70744,9.35274,0.02108,997.8546,1.14064,0.0,1.62993,37.52592,3.34046,0.0,69.10446
underground,Oeiras,38.69841,-9.23161,33.81844,96.90099,0.0106,1006.27162,-0.39106,0.00475,-5.26251,46.6203,-20.59526,453.23118,3.0
street_level,Arouca,40.92945,-8.24808,5.44538,6.40046,0.01961,1009.66634,0.61845,0.0,4.6619,49.587,4.84576,4.05963,49.92764
street_level,Vila nova de Gaia,41.12159,-8.6062,11.93299,8.79207,0.0,993.54873,-0.00627,0.01244,-0.21892,30.07293,5.70615,0.0,11.41227
above,Espinho,41.00946,-8.64388,26.02053,85.30829,0.00062,1003.57124,0.89065,0.29982,9.88388,36.69197,-14.55574,132.92895,9.47006
street_level,Arouca,40.92914,-8.24651,8.03092,3.36751,0.01633,1002.27531,-0.02782,0.0,-1.39698,57.2818,-5.11657,0.3919,69.97272
street_level,Vila nova de Gaia,41.12974,-8.60949,18.81909,0.90594,0.0,1002.66933,0.22108,0.00682,0.6324,28.96052,-4.47283,1.83876,3.0
above,Matosinhos,41.16725,-8.68826,71.98402,79.34172,0.0,1004.4966,0.78159,0.09022,4.72277,52.04306,-10.9351,221.90177,97.84414
above,Oeiras,38.70376,-9.22797,53.89702,79.94162,0.00489,1006.39027,0.6712,0.01561,5.48331,52.95744,17.23241,272.6944,110.2421
above,Espinho,41.01202,-8.63721,38.41968,81.2391,0.02203,1004.44984,1.75345,0.24151,13.04677,34.6975,5.78034,0.0,37.99151
street_level,Maia,41.20209,-8.55758,12.64923,0.0,0.0189,999.15211,0.08503,0.02596,-0.70506,54.97278,-2.86093,14.91868,3.0
street_level,Oeiras,38.70575,-9.22831,10.12103,0.0,0.0,995.36926,0.18552,0.0,-0.3508,81.62334,1.30478,12.46509,3.0
street_level,Porto,41.14603,-8.58504,7.86852,4.79853,0.0,1003.1539,0.61924,0.00151,7.04658,38.41496,2.95284,0.63537,67.27256
street_level,Porto,41.15383,-8.62555,6.82551,3.35725,0.0,998.57312,-0.11776,0.0,0.18201,52.95417,3.78588,0.10213,3.0
street_level,Matosinhos,41.16816,-8.68813,13.67688,0.0,0.0,999.4041,0.27806,0.02743,2.86777,48.1891,-2.95608,7.46658,6.97272
underground,Arouca,40.93007,-8.24536,35.5117,42.89979,0.42905,1003.24942,-0.50308,0.1453,-3.40422,20.55178,4.22998,237.25115,120.61859
street_level,Porto,41.17321,-8.59802,12.08965,0.0,0.00899,1008.89648,-0.03291,0.0,0.54259,40.73269,-4.16487,0.0,3.65491
above,Arouca,40.92996,-8.24634,53.50474,96.07434,0.00045,1004.90615,1.30171,0.0,3.71012,41.44288,19.68344,216.2352,76.73976
underground,Oeiras,38.70813,-9.29766,45.35384,38.48708,0.04927,1004.15973,-0.39091,0.18657,-5.575,29.6185,-1.06097,78.14648,154.3427
street_level,Espinho,41.00843,-8.63811,9.46071,8.96552,0.01085,1003.00205,0.71717,0.00271,2.20554,40.97598,1.09362,0.0,52.3136
above,Arouca,40.92963,-8.24884,45.51865,88.57889,0.00016,1005.50386,0.53584,0.1348,2.06198,57.08693,10.69184,185.28518,89.56987
street_level,Oeiras,38.6992,-9.23856,6.54523,0.3386,0.0,1005.96722,0.25589,0.00918,7.87576,50.95732,1.83217,0.0,76.76574
street_level,Espinho,41.0109,-8.63621,9.77966,0.0,0.022,1006.54629,-0.55653,0.0,2.54364,34.06645,-1.06429,20.62505,3.0
underground,Vila nova de Gaia,41.12823,-8.61807,48.56241,46.50763,0.30408,1003.7018,-0.54148,0.14271,-3.92577,36.39651,6.12182,279.28627,98.94533
street_level,Porto,41.15105,-8.6774,15.4387,4.70013,0.0,1008.90119,-0.15004,0.00362,0.05277,35.89546,-6.18231,33.06318,18.3699
street_level,Arouca,40.93204,-8.24571,10.46253,0.0,0.01481,1003.04553,0.04879,0.0,-0.30063,31.93465,-8.71754,10.71542,29.22051
street_level,Arouca,40.92984,-8.24742,8.36566,12.49507,0.01585,1004.83519,0.75292,0.0,7.76992,27.25797,0.16581,21.5507,51.0181
street_level,Maia,41.20204,-8.55777,7.13815,19.64128,0.0,1006.96657,0.59823,0.00754,7.99254,33.02042,2.63969,5.2561,47.37833
underground,Matosinhos,41.17726,-8.68141,32.90484,75.48628,0.0,1006.49585,-0.5337,0.0,-3.97441,48.20061,-55.79922,191.31468,94.78084
street_level,Vila nova de Gaia,41.11428,-8.61267,11.97349,2.47254,0.0,1006.66742,0.36492,0.0,3.59594,39.87079,-3.13648,0.0,53.33271
street_level,Oeiras,38.69486,-9.31098,6.98291,11.01973,0.0,998.66414,0.22103,0.0,2.35985,32.65855,5.88937,0.0,55.55661
underground,Vila nova de Gaia,41.12085,-8.60639,29.15915,119.48025,0.24844,1004.71585,-0.62464,0.19213,-4.29672,22.95563,41.46801,102.59363,187.19612
underground,Maia,41.20341,-8.55899,61.70308,11.55217,0.0924,1002.45551,-0.49394,0.325,-3.71141,28.27752,-35.98846,106.51167,93.3801
underground,Vila nova de Gaia,41.13236,-8.60694,37.393,103.22389,0.0,1006.47163,-0.6131,0.0,-3.26025,36.94553,-90.70394,202.39798,33.34183
underground,Arouca,40.9292,-8.24856,46.62162,55.76354,0.0,1003.40234,-0.6311,0.17867,-4.66563,40.46994,-26.18476,72.31691,82.19595
street_level,Porto,41.14585,-8.62028,13.33863,7.86398,0.00822,1001.87911,-0.06771,0.01881,0.07824,42.48094,-2.40883,0.0,33.82811
underground,Arouca,40.93085,-8.2473,40.55302,28.06695,0.39171,1001.45614,-0.7964,0.12877,-4.47651,32.26521,-16.03617,160.98816,105.59087
street_level,Maia,41.20219,-8.55943,10.59571,1.45364,0.02691,997.4419,0.14057,0.00757,-1.27828,27.01851,4.85934,0.0,3.0
street_level,Matosinhos,41.17491,-8.68271,12.20386,0.0,0.0,999.59872,0.24983,0.02484,0.13918,19.56947,11.71977,0.0,3.0
street_level,Oeiras,38.70318,-9.22944,9.58892,14.32267,0.0,1002.01079,0.44307,0.00407,4.88593,31.2391,-0.31288,0.0,57.89966
street_level,Maia,41.20324,-8.55938,11.62095,6.58841,0.01613,1002.51539,-0.02136,0.011,2.18082,27.5954,-1.51594,0.0,20.87724
street_level,Matosinhos,41.17367,-8.68841,13.47481,4.52082,0.0,1006.69792,0.08095,0.0,0.15813,46.87771,-7.20907,18.46367,9.18629
street_level,Vila nova de Gaia,41.13509,-8.61514,11.13217,14.55049,0.0,1003.39845,-0.01343,0.0,1.73825,28.39373,-1.82242,0.0,64.25784
street_level,Matosinhos,41.17243,-8.67995,13.13986,0.10411,0.0,1004.73586,-0.1278,0.0,-0.74795,29.60256,-1.67899,15.93273,3.0
above,Maia,41.20242,-8.55862,48.72033,68.72993,0.0,1005.92385,1.44977,0.17674,13.13303,10.07437,-5.59451,80.82039,35.39376
underground,Maia,41.20325,-8.55908,50.10091,35.71397,0.10636,1002.68619,-0.42166,0.09309,-6.23804,27.17594,16.40462,312.65611,123.13182
street_level,Arouca,40.92914,-8.24809,14.69772,0.0,0.0,1012.83885,-0.11088,0.0,0.57231,43.80509,-0.71214,2.12142,8.62954
street_level,Arouca,40.93067,-8.24799,12.21557,0.0,0.0,1007.47663,0.16155,0.0,1.17189,13.59198,-3.8286,21.3748,3.0
street_level,Arouca,40.93141,-8.24465,15.15144,0.0,0.01415,1010.23739,0.64191,0.00598,-3.59411,41.6457,-2.60199,0.0,9.90472
street_level,Porto,41.14987,-8.59891,12.65273,5.12309,0.0,1005.04039,0.25402,0.00138,3.50734,63.0502,-2.00498,33.18469,36.00419
above,Espinho,41.0064,-8.63621,64.51539,78.73837,0.0,1007.63709,0.45034,0.00287,0.96937,38.72324,8.8508,372.68908,92.93479
underground,Maia,41.20341,-8.55915,29.58951,84.7166,0.37795,1003.97512,-0.70981,0.20683,-5.60528,20.94347,-1.26147,153.79256,72.05021
street_level,Oeiras,38.72581,-9.24333,9.85051,5.15343,0.00156,1002.70266,-0.36998,0.00097,2.88534,64.56044,4.29044,0.0,25.91193
street_level,Porto,41.14279,-8.61406,11.49607,12.52004,0.00234,1000.00457,0.04232,0.01321,-5.25901,6.49626,4.74282,0.0,34.91418
street_level,Maia,41.20188,-8.55765,7.53305,0.0,0.0,994.078,0.03201,0.0,1.55912,67.08053,-0.06745,15.00571,36.52006
street_level,Oeiras,38.70505,-9.22721,12.39311,0.0,0.0,997.60333,0.07195,0.0038,1.09287,15.07235,3.46281,13.30816,24.57836
underground,Vila nova de Gaia,41.13625,-8.61429,23.79244,82.51933,0.16663,1009.28502,-0.45906,0.05403,-2.69833,53.91209,-73.10627,402.36412,3.0
above,Espinho,41.00943,-8.64138,33.98005,82.36149,0.02843,1002.5759,0.91581,0.44913,9.92332,10.94179,-16.17626,85.38563,60.28752
underground,Porto,41.14623,-8.6028,49.19119,15.71743,0.18768,1005.55098,-0.54819,0.32924,-4.26733,26.96274,17.08407,341.64454,131.85742
underground,Porto,41.14047,-8.61659,23.961,87.08392,0.52507,1001.17222,-0.59708,0.14371,-4.43073,24.24933,16.70899,0.0,142.58484
underground,Vila nova de Gaia,41.12788,-8.61151,28.15376,70.61428,0.06987,1008.00131,-0.31887,0.06557,-4.5623,47.11035,-18.31886,383.67753,75.71683
street_level,Arouca,40.92988,-8.24739,5.39234,13.7681,0.00323,1009.51599,0.26216,0.00608,1.47865,33.05761,-6.40922,6.49236,37.64081
underground,Matosinhos,41.17165,-8.67783,49.02631,12.28547,0.15293,1000.55605,-0.67386,0.27537,-7.3937,28.94524,-6.02688,219.64888,26.53025
street_level,Vila nova de Gaia,41.12645,-8.60934,10.80873,7.83449,0.00253,1012.05362,-0.22264,0.0067,-2.60292,34.67458,5.75223,0.0,3.0
above,Arouca,40.9307,-8.24787,78.51879,92.86471,0.0032,1006.1165,0.58599,0.02002,-1.26119,54.27512,11.74719,312.80848,117.90504
street_level,Vila nova de Gaia,41.13356,-8.61082,7.29716,16.47245,0.03129,1007.84644,0.68041,0.02515,5.80134,31.34223,-1.26437,0.0,61.85477
street_level,Maia,41.20309,-8.55827,10.80452,13.26882,0.0,1002.07585,0.91477,0.01164,1.72451,33.00465,1.30595,13.86892,82.75031
underground,Matosinhos,41.17263,-8.68093,44.67909,59.21851,0.06509,1006.40526,-0.4357,0.0,-2.59286,43.28103,-77.30739,377.0192,12.86448
underground,Maia,41.20394,-8.55855,39.83501,73.28904,0.30074,1001.73812,-0.63019,0.10446,-3.95698,35.44769,7.49936,115.43626,72.96113
street_level,Arouca,40.93132,-8.24672,14.36036,1.87255,0.0,1007.23196,-0.14561,0.00852,2.66366,32.9101,-7.81619,28.91275,24.9024
underground,Arouca,40.93114,-8.24733,36.73922,7.72525,0.52705,1001.19717,-0.47276,0.102,-4.85911,45.57568,25.45292,0.0,106.91766
above,Espinho,41.00727,-8.6429,61.19799,81.85869,0.00347,1006.51884,0.67916,0.02228,1.85966,46.19276,7.23521,259.48417,85.00387
street_level,Vila nova de Gaia,41.12602,-8.61144,19.15691,6.05432,0.00585,1006.11417,-0.0945,0.01368,-5.20593,33.66298,-0.40596,0.0,14.65325
street_level,Maia,41.20298,-8.55801,11.27998,6.40538,0.0,1000.67429,0.10779,0.00969,-5.79667,22.07253,0.38895,24.39551,3.0
street_level,Espinho,41.00374,-8.63839,11.45928,11.22094,0.00946,996.6197,-0.28902,0.01936,1.63677,23.62184,2.74729,21.6966,3.0
street_level,Matosinhos,41.17242,-8.6799,12.68705,2.1509,0.00698,998.93683,-0.06844,0.0,-2.87385,56.57062,0.06552,3.10466,26.46367
underground,Arouca,40.93028,-8.24365,26.21326,62.93295,0.15888,1006.90662,-0.37424,0.0,-3.64736,38.58294,-83.88813,233.6301,38.05791
street_level,Porto,41.14281,-8.60228,10.16063,7.32856,0.00264,1003.21022,-0.03629,0.00027,1.06004,27.65726,-5.5851,0.0,3.0
street_level,Oeiras,38.71568,-9.2344,12.06242,2.47521,0.0,1005.1924,0.03372,0.0,5.07814,42.62487,-4.31915,8.68231,51.79313
street_level,Espinho,41.00723,-8.64409,6.88387,0.0,0.02416,996.10381,-0.2598,0.00304,1.49381,47.74064,1.94932,22.97202,32.37053
above,Espinho,41.00381,-8.639,24.6969,83.92658,0.00592,1004.63966,0.96225,0.26423,12.88227,41.89806,0.05417,178.88198,38.95098
underground,Espinho,41.0058,-8.63988,38.26012,95.27485,0.0,1003.98877,-0.477,0.01574,-3.34615,28.64182,-46.42725,216.46872,82.73314
above,Oeiras,38.72475,-9.23441,63.85501,102.33792,0.02454,1006.96394,0.91646,0.0,6.13731,42.63577,10.6829,243.71226,43.26808
street_level,Oeiras,38.72652,-9.23977,11.3832,10.73279,0.00142,1005.18313,0.60526,0.0,6.40273,34.27635,-2.86913,10.43663,52.29204
underground,Espinho,41.00612,-8.64352,59.98057,60.53572,0.5206,1001.42792,-0.55818,0.19949,-5.01678,29.36606,-63.5036,342.78698,49.64724
street_level,Oeiras,38.72756,-9.23761,7.84599,0.0,0.018,999.65409,-0.06746,0.0,1.24204,16.47646,7.53573,5.40876,3.0
street_level,Oeiras,38.70192,-9.23039,13.10385,0.0,0.01663,999.63844,-0.02816,0.00898,2.86886,21.17884,-4.22737,19.97392,31.24829
underground,Porto,41.17473,-8.60636,54.83806,49.51844,0.11995,1002.69085,-0.29417,0.08616,-5.46507,26.94251,-20.83991,34.79413,117.1371
underground,Porto,41.1646,-8.63469,29.6641,58.72932,0.18377,1005.32094,-0.35068,0.16043,-4.74299,29.20435,-39.55201,405.35935,19.62054
street_level,Oeiras,38.69206,-9.31224,10.75434,0.0,0.0,995.2008,-0.11535,0.02526,0.51821,48.91751,-3.17556,0.0,3.0
street_level,Oeiras,38.71363,-9.31038,14.03017,3.28187,0.0,1007.18043,0.13774,0.00876,-2.68078,37.01056,-4.25103,2.02019,37.69445
underground,Matosinhos,41.17649,-8.68524,22.76323,117.69537,0.40028,1003.31426,-0.59466,0.14627,-4.51455,28.36265,-0.60792,165.98224,152.6634
street_level,Maia,41.20288,-8.55938,15.77313,0.0,0.0,1003.87997,-0.4416,0.0125,-0.72783,19.1567,8.58285,18.39451,11.37752
street_level,Vila nova de Gaia,41.13431,-8.61049,11.35165,8.48256,0.0,1004.50592,1.00081,0.00563,8.02799,33.7909,4.13008,4.7884,82.12273
street_level,Espinho,41.006,-8.64406,9.38751,0.0,0.0,1000.83206,-0.11576,0.0,2.48731,45.03628,1.42346,15.94321,31.60526
underground,Matosinhos,41.17144,-8.6789,39.65126,80.33351,0.29504,1004.34205,-0.69911,0.14164,-5.40963,17.60555,-5.11601,147.52139,130.46989
street_level,Oeiras,38.7114,-9.30102,12.87853,6.35061,0.0,1002.02288,0.64219,0.0,1.45065,21.55476,3.9185,22.30876,98.47748
street_level,Oeiras,38.72448,-9.23868,17.40871,5.22878,0.00664,1009.34026,-0.53907,0.0,-0.07497,48.41085,-0.06658,0.0,37.17461
underground,Oeiras,38.68544,-9.31643,27.92264,13.16646,0.24231,1008.73579,-0.32071,0.02773,-4.14913,43.42966,-31.01185,271.98847,3.0
street_level,Matosinhos,41.17283,-8.68026,16.0683,2.15238,0.0,1003.9741,-0.07613,0.0014,0.33648,42.00108,0.16631,0.0,3.0
street_level,Porto,41.1627,-8.58972,14.17974,7.94673,0.01577,1006.53081,-0.15318,0.01868,3.05822,18.508,-0.96944,0.0,3.0
underground,Porto,41.15485,-8.67993,55.12038,21.26921,0.28205,1002.37538,-0.49722,0.16761,-3.39403,30.7872,28.83012,82.27233,108.2507
street_level,Matosinhos,41.17362,-8.68065,9.70186,0.0,0.0054,994.44611,-0.04259,0.0,1.03829,28.81328,5.36719,0.0,3.0
street_level,Arouca,40.9308,-8.24741,14.43956,9.74984,0.0,1004.35729,0.29199,0.0,0.11244,32.3072,-5.29462,17.24643,17.63488
underground,Vila nova de Gaia,41.12587,-8.60803,24.26146,20.18768,0.12307,1007.68427,-0.43348,0.02421,-3.80425,35.67984,-13.00531,321.5369,34.18388
underground,Matosinhos,41.1764,-8.68114,43.49101,39.66901,0.21094,1005.8682,-0.49729,0.0,-3.89077,49.86001,-55.36345,452.77812,3.0
street_level,Oeiras,38.6832,-9.31494,9.83832,0.0,0.0,997.22154,0.28365,0.0,2.93939,72.63655,-2.35811,0.0,28.81482
street_level,Maia,41.20272,-8.55798,15.66902,10.54433,0.00011,1003.55695,-0.06319,0.0,2.38372,25.8424,-2.42662,0.0,3.0
underground,Maia,41.20228,-8.55772,36.43582,85.39174,0.0,1005.54873,-0.35319,0.04233,-2.99829,36.12931,-44.45853,431.43344,3.0
street_level,Porto,41.15533,-8.64359,6.9562,21.79996,0.01787,998.56603,0.51896,0.03339,3.10203,36.80415,4.56288,11.74609,80.1595
above,Oeiras,38.70389,-9.22918,48.3801,89.82986,0.0,1003.32756,0.96659,0.30304,6.86751,30.54585,-3.19655,29.06248,73.91819
street_level,Porto,41.15925,-8.59777,10.69215,0.0,0.0,1018.67642,-0.1998,0.0,-3.37869,42.64373,-5.4018,17.20338,3.0
street_level,Espinho,41.00707,-8.6379,15.39458,0.83494,0.0,1009.05546,0.09946,0.0,-2.07375,20.40241,-1.20083,26.90929,29.7671
underground,Maia,41.20314,-8.55915,38.36785,76.17228,0.0,1005.59743,-0.45218,0.01735,-3.29129,45.77891,-92.24598,407.07715,35.25648
street_level,Oeiras,38.7019,-9.30458,13.57323,0.0,0.0,1003.92024,0.18705,0.0,0.43357,34.9533,0.56437,15.13836,21.10967
street_level,Matosinhos,41.17659,-8.68097,14.83614,4.79299,0.0,1007.87658,-0.37931,0.00365,3.45423,32.55338,-2.26102,14.484,3.0
street_level,Vila nova de Gaia,41.1273,-8.61549,13.75801,0.0,0.0,1007.84859,0.05704,0.0,-1.05272,34.66075,-3.94956,19.50353,3.0
above,Matosinhos,41.17121,-8.68739,59.46156,87.38085,0.02251,1007.12818,0.33171,0.06611,9.67105,43.26393,14.14453,272.17323,144.79079
street_level,Maia,41.20225,-8.55959,13.169,0.0,0.02863,1003.15013,0.47895,0.0,-1.44781,50.08135,-5.09417,1.94325,3.0
underground,Oeiras,38.71222,-9.23419,53.23793,2.89878,0.04139,1002.68018,-0.4996,0.13268,-4.86022,28.13525,25.23606,81.7773,89.74424
street_level,Matosinhos,41.17555,-8.68988,4.21521,6.25078,0.00044,1005.21315,0.85255,0.0,4.99217,34.39095,0.60351,1.34159,43.07331
underground,Arouca,40.92922,-8.24801,16.02899,115.91652,0.57568,1002.48019,-0.50295,0.16265,-5.10758,16.835,-7.21505,122.82278,56.3524
street_level,Matosinhos,41.17358,-8.68915,7.89031,0.0,0.0067,1003.34004,-0.35519,0.00732,2.18688,52.91396,-0.52015,7.03167,12.86183
above,Porto,41.1617,-8.59588,53.78896,82.27557,0.0,1004.57147,1.4614,0.25833,10.27743,28.80608,-15.28081,99.03469,20.32744
street_level,Maia,41.20176,-8.55774,6.19459,3.21351,0.02807,1005.90475,0.83564,0.00683,7.42381,27.16943,1.05427,9.28216,91.47287
underground,Matosinhos,41.17666,-8.69006,35.08252,4.55135,0.24497,1003.44803,-0.57326,0.08443,-3.42392,42.0197,9.70791,0.0,192.90622
underground,Arouca,40.92938,-8.24857,44.73364,35.48769,0.24092,1005.27005,-0.64304,0.1601,-4.85721,25.30121,-3.96455,238.93158,85.1205
underground,Vila nova de Gaia,41.12809,-8.60705,15.84182,111.99015,0.64731,1007.36983,-0.7238,0.26014,-5.10398,12.35531,-14.36747,0.0,121.27833
street_level,Porto,41.14983,-8.63666,10.40197,0.20268,0.0,999.06077,0.17367,0.00068,-1.56337,49.60291,-0.13706,0.0,12.59978
street_level,Matosinhos,41.1747,-8.68429,13.63846,1.88663,0.00326,1013.73814,0.09644,0.01716,-0.96465,29.88574,-3.33999,0.0,16.02407
street_level,Oeiras,38.71399,-9.24375,11.41682,4.24413,0.0,1000.35236,0.07229,0.00241,1.43884,32.4694,-2.05731,0.0,19.28749
street_level,Maia,41.2023,-8.55946,11.32438,0.0,0.00201,1010.47422,0.28967,0.01353,-0.16829,47.51764,-4.7011,0.0,3.0
street_level,Matosinhos,41.17652,-8.69061,12.18347,5.69294,0.01473,1010.90712,0.44405,0.00058,7.46113,50.39436,-3.21776,0.0,3.0
above,Arouca,40.93211,-8.24441,43.14772,86.19898,0.0,1002.80591,1.19743,0.18646,15.28171,28.76402,-2.04892,99.21575,3.0
street_level,Porto,41.15023,-8.59116,5.87582,5.59457,0.0,1003.46751,0.65791,0.02374,6.43616,27.48094,-3.59984,0.0,80.50823
street_level,Porto,41.15767,-8.61437,15.44581,10.01938,0.00468,1000.87152,0.05415,0.0,-2.60027,40.84054,0.03925,0.0,3.0
underground,Vila nova de Gaia,41.12606,-8.60779,22.88473,96.34017,0.10844,1002.99485,-0.63185,0.20254,-5.53681,10.68858,-5.61766,20.39126,128.33069
underground,Vila nova de Gaia,41.12513,-8.61781,34.87547,73.74574,0.10364,1006.28363,-0.40741,0.05697,-3.09341,47.64982,-46.86011,203.88476,40.44892
street_level,Vila nova de Gaia,41.12835,-8.60943,3.91949,0.0,0.00193,1002.94588,-0.01348,0.0,-0.51107,53.15003,6.30702,0.0,3.0
above,Oeiras,38.71132,-9.31141,43.17402,75.97024,0.02759,1005.76267,1.23748,0.2845,11.44929,26.56648,-11.51859,39.44738,49.11039
street_level,Espinho,41.00494,-8.64154,10.01239,3.51871,0.02145,1008.29843,0.60194,0.0,-2.45537,34.27416,-3.71929,6.54689,3.0
street_level,Maia,41.20308,-8.55794,8.37382,0.0,0.03103,1000.02188,-0.36025,0.0,-4.376,13.18606,8.25827,0.42912,48.10865
underground,Oeiras,38.7119,-9.30128,31.15301,31.93231,0.07346,1002.50037,-0.45909,0.24493,-4.3876,36.17344,0.35403,147.54132,51.62543
street_level,Arouca,40.9291,-8.24726,9.72964,0.0,0.0,1004.0961,0.61122,0.0,6.05081,41.68439,-1.22509,28.66784,69.74302
underground,Maia,41.20386,-8.55892,35.91695,62.7457,0.52766,1002.79623,-0.54163,0.16299,-6.52552,19.73062,10.05397,0.0,113.27119
street_level,Porto,41.14842,-8.60807,6.46293,0.70493,0.02046,1001.13504,0.62915,0.00801,5.2771,11.32847,1.99364,23.05832,79.93293
underground,Espinho,41.00882,-8.63985,31.71431,90.94337,0.26166,1003.67201,-0.47045,0.3439,-4.78369,33.21787,-11.23452,214.83476,84.37285
underground,Vila nova de Gaia,41.12742,-8.60811,34.33408,124.00295,0.52568,1003.41953,-0.61443,0.14322,-4.31514,23.23423,-39.57429,117.18006,123.68724
underground,Oeiras,38.6855,-9.3204,50.91455,29.5989,0.17822,1005.19258,-0.61687,0.17164,-5.08133,49.12423,-13.28254,246.22184,45.95209
street_level,Arouca,40.92938,-8.24719,15.1669,1.88307,0.00436,1003.79955,-0.86083,0.02042,-0.93348,34.45149,-5.54339,0.0,10.47748
street_level,Porto,41.15909,-8.6355,12.88748,14.2827,0.018,1008.90986,0.33467,0.01603,-3.21723,35.06876,-2.6999,12.05156,3.0
above,Espinho,41.00583,-8.63905,53.73076,82.67309,0.0,1002.82565,1.19344,0.0722,10.84168,24.12436,-7.33442,67.97849,45.28497
street_level,Vila nova de Gaia,41.12414,-8.61228,13.42723,4.72302,0.01253,1010.20092,-0.0263,0.0,-2.52166,25.9703,-1.58904,0.87678,3.0
street_level,Espinho,41.00592,-8.63983,13.31584,0.0,0.04517,1005.70911,0.03883,0.01014,-2.29433,21.33802,-4.48743,14.53395,3.0
underground,Espinho,41.01057,-8.64326,19.69756,143.61072,0.26494,1003.19107,-0.59824,0.21681,-4.47894,36.56428,4.48699,100.08609,31.16447
street_level,Maia,41.20236,-8.55763,14.44567,8.41947,0.00203,1003.89881,-0.14754,0.00973,3.33054,36.36351,-0.87198,0.0,3.73566
street_level,Oeiras,38.67803,-9.32181,16.20293,7.8306,0.0,1010.61474,0.37227,0.00326,0.06867,40.77909,-6.82807,0.02824,3.0
street_level,Porto,41.15838,-8.67901,7.62709,6.78343,0.02406,999.89065,0.99239,0.0,5.6284,37.86029,-0.50561,0.0,53.56805
underground,Arouca,40.92918,-8.24786,32.78725,77.56337,0.04881,1008.52385,-0.4257,0.00464,-3.00081,37.9677,-53.52658,154.16123,99.17345
street_level,Vila nova de Gaia,41.13325,-8.60948,15.19933,7.59028,0.0,1002.27231,0.44383,0.0,-0.85614,42.58096,-0.28745,19.88604,10.0932
street_level,Porto,41.17713,-8.65414,11.1592,0.0,0.00803,1000.51938,-0.15912,0.00122,-2.43724,29.44873,3.96718,5.61305,13.14284
above,Porto,41.15694,-8.63179,69.11252,97.33213,0.00326,1004.39013,0.40151,0.08562,9.75388,52.30947,2.55698,197.32251,89.48632
street_level,Arouca,40.93167,-8.24713,9.38996,16.56386,0.01794,1004.86742,0.13778,0.01211,2.09435,36.49048,0.44613,0.0,70.49307
above,Matosinhos,41.17586,-8.68889,58.60897,81.44502,0.03889,1004.89039,0.21202,0.01815,8.07046,51.55991,28.46898,174.61153,89.17258
street_level,Matosinhos,41.17516,-8.6868,5.45544,10.36966,0.0,1007.0933,0.89245,0.0,3.56174,13.00621,3.2883,34.40298,102.94085
street_level,Porto,41.16038,-8.64837,12.46691,0.0,0.0,995.84356,-0.13264,0.00639,-4.80035,22.80333,0.66948,6.75697,4.55766
street_level,Arouca,40.93014,-8.24447,8.16126,12.94401,0.03033,996.93129,-0.55539,0.00387,-1.17551,29.62907,6.71235,0.0,34.18897
street_level,Porto,41.18193,-8.5958,11.99891,5.81639,0.00167,1002.4803,0.12611,0.0,-4.84112,38.79371,4.88455,0.0,3.0
street_level,Oeiras,38.70047,-9.30503,14.73317,0.14648,0.01769,1005.15603,-0.23026,0.0,-1.42095,39.85729,-8.14562,0.0,18.92602
street_level,Matosinhos,41.17366,-8.6839,8.39017,5.47029,0.00846,1000.28889,-0.1784,0.0,-1.8614,15.71617,4.85586,13.21881,12.40162
underground,Oeiras,38.69756,-9.30074,43.25397,57.52422,0.34064,999.02594,-0.64423,0.301,-4.25668,35.14554,-5.29176,235.97943,54.18839
underground,Matosinhos,41.17528,-8.68969,27.44627,96.23835,0.36055,1005.03195,-0.50403,0.14985,-4.72106,35.16357,25.28901,16.73479,91.26973
underground,Matosinhos,41.17285,-8.68047,37.75424,26.3749,0.0,1005.91359,-0.39823,0.04877,-3.57783,40.92358,-42.45093,314.35504,16.54725
street_level,Vila nova de Gaia,41.13243,-8.60691,7.03113,9.48087,0.0,995.83854,-0.04756,0.00857,0.86655,28.95675,2.51138,4.64168,3.0
street_level,Arouca,40.93221,-8.24396,4.08582,5.1875,0.0,1002.34992,0.02529,0.0,-2.67167,57.8,-0.76831,15.14883,3.0
underground,Maia,41.20206,-8.55789,35.11908,93.64526,0.15047,1007.54473,-0.45104,0.0,-3.76876,37.81489,-37.44183,19.20136,3.0
street_level,Oeiras,38.6859,-9.32155,21.44975,0.0,0.0,1003.79229,0.30201,0.0,2.28512,42.67355,-2.38377,16.354,40.07369
above,Matosinhos,41.16774,-8.68924,71.46561,90.2658,0.00226,1005.97744,1.06674,0.23623,5.84386,47.2524,15.02964,329.77332,124.21643
street_level,Porto,41.15163,-8.67564,15.81379,0.0,0.0,1005.86603,-0.01829,0.00365,1.07837,41.18458,-3.78173,0.0,51.67135
street_level,Espinho,41.01135,-8.6397,14.22494,1.96716,0.0313,1004.43401,0.14738,0.0,-1.27154,48.03479,-7.11727,0.0,10.11935
street_level,Arouca,40.93102,-8.247,8.7185,3.64882,0.0,1001.66194,1.23814,0.00935,8.89201,32.65855,-6.40433,0.0,71.05216
above,Maia,41.20208,-8.5577,49.99894,80.86296,0.02569,1003.6462,0.97148,0.21285,9.48679,40.48016,-3.30444,108.50209,58.20723
underground,Espinho,41.00763,-8.64424,21.39183,77.4754,0.12571,1007.22869,-0.40133,0.0,-3.60129,42.90874,-19.07758,440.47453,3.0
street_level,Porto,41.16694,-8.5886,14.34641,0.0,0.02081,998.06518,0.06968,0.0,-1.3444,5.0,3.17712,4.34851,3.0
street_level,Oeiras,38.68132,-9.31874,11.06223,0.0,0.0,1007.8733,-0.29005,0.0,0.67524,57.45943,-0.68001,0.0,3.0
street_level,Oeiras,38.69292,-9.31475,16.13558,0.0,0.0,1004.58154,-0.19273,0.0,-1.66582,39.48204,-3.38396,11.30551,18.89825
underground,Vila nova de Gaia,41.11701,-8.60625,39.19644,121.0851,0.3524,1005.20518,-0.68897,0.27762,-5.80768,34.83443,30.72605,179.38789,192.43719
underground,Espinho,41.00962,-8.64341,33.40051,95.70685,0.40685,1004.11633,-0.62756,0.25894,-3.72399,25.6214,-21.84683,36.72416,103.88644
underground,Vila nova de Gaia,41.1283,-8.61093,23.38197,92.55207,0.05549,1007.08107,-0.4252,0.0,-4.06947,26.02049,-59.03149,263.32671,42.5505
street_level,Matosinhos,41.17349,-8.68069,4.16029,0.0,0.01262,1001.15288,-0.21469,0.0,-0.0552,60.39715,1.13853,0.0,11.7904
street_level,Matosinhos,41.17704,-8.68124,11.53585,0.0,0.0,1005.27758,-0.21503,0.0,-4.61884,22.91596,6.10795,16.85157,7.46736
street_level,Vila nova de Gaia,41.12944,-8.60878,5.15914,2.81526,0.0,1000.97465,0.04989,0.01537,0.07643,53.09922,3.25043,9.74916,21.68535
street_level,Matosinhos,41.17375,-8.68861,12.33677,2.46825,0.00444,1003.47787,0.2715,0.0,-2.62216,49.20231,-0.73744,0.0,45.51977
street_level,Porto,41.17294,-8.64697,6.85863,3.36013,0.0,991.04729,-0.18932,0.0,-2.75167,5.0,1.49915,0.0,3.0
underground,Porto,41.17236,-8.5995,33.66762,93.09487,0.0,1003.60504,-0.54068,0.09618,-4.30768,21.65409,-1.5761,86.19093,58.77098
above,Maia,41.2031,-8.55809,52.5597,84.18811,0.0,1002.42024,1.07226,0.16966,13.24401,28.08907,-4.36778,25.66294,23.7335
street_level,Oeiras,38.71184,-9.29728,11.66496,4.19999,0.03251,1009.01013,0.0203,0.00028,0.12324,21.01475,-0.75229,2.0382,29.67227
street_level,Espinho,41.00421,-8.64397,10.5685,4.91158,0.0,1004.80581,0.38541,0.00192,1.15825,48.88827,-0.932,0.0,3.0
street_level,Vila nova de Gaia,41.13578,-8.61181,8.98443,2.72832,0.02175,996.71556,-0.18339,0.00971,-0.98933,50.27769,3.73364,0.0,51.88143
street_level,Porto,41.15815,-8.6017,14.65457,6.40832,0.02114,1001.06779,0.02145,0.0,0.841,42.85375,-0.06791,0.0,3.0
street_level,Porto,41.15365,-8.63326,5.01801,17.1229,0.00241,1003.9404,1.02236,0.0,4.56603,33.8296,-3.22447,6.0981,44.61854
above,Matosinhos,41.1747,-8.68368,79.9812,88.51348,0.0,1005.13519,0.73201,0.0,5.8875,41.32698,5.07421,367.97034,144.62775
street_level,Arouca,40.93189,-8.24721,11.49581,4.68612,0.0,1005.13657,0.24036,0.0,2.33698,31.81029,-6.64507,14.86775,3.0
street_level,Arouca,40.92987,-8.24558,17.00079,0.34095,0.01792,1009.5583,0.48566,0.0,1.31465,24.64169,-0.57643,0.0,3.0
street_level,Porto,41.14437,-8.60752,15.36322,0.0,0.0,1011.16307,-0.25072,0.0,-2.93926,29.06135,-2.25529,12.52033,3.0
street_level,Espinho,41.00531,-8.6431,9.45362,10.47097,0.0,998.92084,0.6758,0.01942,6.55759,25.45278,4.15489,0.0,14.30181
street_level,Matosinhos,41.17412,-8.68222,4.18996,12.42123,0.0,1010.06398,0.17451,0.0,6.19126,52.80258,1.76302,10.24487,62.39984
underground,Oeiras,38.70092,-9.30478,44.61915,10.46886,0.17129,1002.26768,-0.58854,0.1311,-5.65638,23.90101,-36.93778,274.24085,154.03246
underground,Maia,41.20282,-8.55767,44.77936,8.26679,0.37767,1004.60413,-0.54075,0.13781,-4.6491,29.4812,-10.76427,193.25823,78.44958
street_level,Vila nova de Gaia,41.13582,-8.61575,17.99422,0.0,0.00147,1010.01115,-0.13139,0.02193,-1.1368,37.91361,3.20795,0.0,9.92385
street_level,Porto,41.14759,-8.63398,4.27138,10.6851,0.02011,1002.6848,0.62024,0.0,3.28998,38.84849,3.72066,0.0,122.862
street_level,Porto,41.15818,-8.60147,11.4014,5.77791,0.0,996.07796,0.19874,0.00683,1.37464,30.94256,10.76346,21.52946,3.0
underground,Arouca,40.93053,-8.2486,57.78051,35.81839,0.38578,1003.46137,-0.58341,0.23359,-4.27326,35.26039,2.65048,98.8213,67.99463
above,Oeiras,38.70785,-9.22289,57.03062,87.47084,0.01837,1008.27507,1.05796,0.0,8.1063,40.80265,24.7555,278.14985,65.75764
above,Oeiras,38.71134,-9.30112,53.02447,74.43592,0.02547,1006.44996,1.03198,0.09341,8.91257,32.8601,11.67128,270.78554,141.85107
underground,Vila nova de Gaia,41.11964,-8.60712,22.67737,88.6279,0.65865,1003.29837,-0.61797,0.19159,-5.70777,21.80221,3.73939,84.83633,58.36079
underground,Maia,41.20407,-8.55867,33.80585,26.60818,0.0,1010.30892,-0.25918,0.10605,-3.61745,48.27921,-53.06549,29.49153,3.0
above,Oeiras,38.70963,-9.22334,62.55385,93.77934,0.0,1005.76345,0.98385,0.0534,5.36561,53.47361,1.42253,195.27316,43.39986
street_level,Porto,41.14907,-8.58626,20.09998,0.0,0.01188,1005.24094,-0.09413,0.00418,2.0822,39.04193,-7.56358,0.0,3.0
underground,Oeiras,38.70076,-9.22764,52.99889,38.96192,0.22408,1000.38191,-0.52563,0.14159,-4.72307,18.65897,13.18845,174.63671,111.72782
street_level,Maia,41.20218,-8.55956,7.50868,12.449,0.0,1003.66213,0.37472,0.02391,2.57133,37.83673,2.2669,0.57093,33.41193
street_level,Porto,41.14774,-8.6225,15.93125,0.0,0.0196,1013.71788,0.15241,0.0022,0.97663,49.99024,-6.70162,0.0,3.0
above,Espinho,41.00389,-8.63849,48.26932,83.97126,0.0,1001.73769,1.04461,0.17518,13.70099,35.92275,-5.1831,90.56448,76.35955
street_level,Matosinhos,41.17305,-8.68827,11.06866,0.0,0.0,1005.23813,0.36415,0.01606,-2.14907,30.20092,-2.26328,14.82399,3.0
underground,Espinho,41.01105,-8.64378,29.56167,68.88659,0.0,1006.07901,-0.46249,0.0,-4.08064,49.32932,-11.63151,297.71597,3.0
street_level,Vila nova de Gaia,41.12698,-8.61514,13.03879,0.0,0.01279,1007.38884,-0.20065,0.02147,3.82412,34.00907,-6.82987,33.0602,15.73266
street_level,Maia,41.2041,-8.55863,18.66231,0.0,0.0,1005.29612,0.02703,0.01611,2.2325,19.92699,-3.46793,0.00482,5.84607
street_level,Espinho,41.00609,-8.63995,9.4246,0.0,0.01091,1000.97272,0.14792,0.00245,0.45717,41.25939,-4.3861,0.0,3.0
street_level,Oeiras,38.68495,-9.31357,8.30759,4.88275,0.0,1004.41907,-0.39741,0.0122,0.17205,44.58434,5.86705,31.03152,3.0
street_level,Maia,41.20305,-8.55793,8.63247,2.73993,0.0,1003.99494,-0.12808,0.0,-3.66601,31.4888,-0.98842,7.48974,3.0
street_level,Porto,41.16477,-8.58182,11.17487,8.55067,0.0076,1003.02694,0.10821,0.01237,0.23033,59.58533,-3.83472,12.12761,3.0
underground,Porto,41.16695,-8.58902,55.66523,69.83137,0.35169,1004.00197,-0.5366,0.19779,-5.9506,27.45338,4.15502,37.42641,186.21193
underground,Espinho,41.00463,-8.63624,34.61086,105.9489,0.45976,1004.51694,-0.53384,0.06099,-3.97374,13.22525,13.38798,57.63616,72.00222
street_level,Espinho,41.00843,-8.63802,9.96455,8.3199,0.01281,999.40649,0.10167,0.0,-0.94636,41.40672,4.44553,7.56373,3.0
underground,Matosinhos,41.17387,-8.68056,17.37829,67.85088,0.37611,1004.74077,-0.51215,0.02236,-4.45228,36.05492,-50.71331,62.47448,133.91138
street_level,Espinho,41.01043,-8.63613,1.0,7.01294,0.0,1000.39195,0.22844,0.0,5.01643,37.09544,-6.18569,0.0,87.75387
street_level,Porto,41.15294,-8.67022,4.43175,1.03682,0.01684,999.64031,0.76215,0.02247,8.84414,43.5277,2.96668,38.58746,8.77578
underground,Vila nova de Gaia,41.12073,-8.61037,45.12489,0.0,0.30833,999.76246,-0.51378,0.12609,-5.4787,31.40857,-24.79397,140.41691,72.95817
above,Porto,41.15083,-8.60991,75.8462,88.76854,0.04444,1004.85756,1.00719,0.05495,5.89612,38.72544,5.07782,319.53435,115.83316
street_level,Matosinhos,41.17557,-8.68173,7.61762,0.24363,0.0108,1002.6364,0.07885,0.01724,3.43868,19.28485,12.67524,0.0,3.0
street_level,Oeiras,38.69755,-9.22713,12.53594,7.71526,0.0,997.94443,-0.12881,0.0,0.62668,63.24174,1.90797,0.55962,26.48123
above,Matosinhos,41.16812,-8.68912,25.94372,84.63547,0.0,1003.91223,0.60947,0.43772,11.51952,32.9063,-4.4472,92.49544,47.70484
street_level,Espinho,41.00582,-8.63975,7.38895,1.44511,0.0,995.82799,-0.31851,0.0,-0.60861,40.06546,-3.15839,0.0,3.0
street_level,Vila nova de Gaia,41.12564,-8.61789,13.87143,11.52098,0.00998,1003.72631,0.16363,0.0,-0.18072,31.40423,3.53313,0.0,12.15036
street_level,Espinho,41.00851,-8.63795,7.94897,2.13391,0.0,1004.88298,0.91152,0.0,2.68745,43.72075,-3.15434,0.0,87.91305
street_level,Matosinhos,41.17524,-8.68066,11.80192,9.66264,0.0,1006.75478,0.4587,0.00757,0.98705,22.95954,3.45939,0.0,3.88253
street_level,Matosinhos,41.17269,-8.6808,5.75727,0.0,0.00487,1011.48448,0.73898,0.01052,4.35832,33.69369,3.80984,34.50629,95.92521
street_level,Maia,41.20191,-8.55781,8.79844,1.0487,0.02302,1006.20187,-0.16506,0.0,-0.07232,36.96729,-5.76526,17.10319,66.61403
above,Arouca,40.93115,-8.24565,32.19698,82.62525,0.0,1004.77458,1.72101,0.2445,10.24774,44.66596,-22.93256,14.6981,49.62253
underground,Vila nova de Gaia,41.1284,-8.60937,31.68131,53.85608,0.18943,1005.37421,-0.61149,0.01235,-3.84092,50.47382,-73.56182,391.55175,36.01911
street_level,Vila nova de Gaia,41.12393,-8.60826,4.18923,0.0,0.0,996.9236,-0.38956,0.0,4.26284,51.28104,2.3137,0.0,3.0
underground,Espinho,41.00657,-8.64324,36.92525,111.8018,0.46603,1002.88317,-0.69713,0.1451,-4.7474,16.90351,19.81027,105.06543,91.86389
above,Espinho,41.00926,-8.64409,56.56169,89.34581,0.0,1002.56566,0.9747,0.11585,16.87051,22.32102,-0.83987,91.07289,26.86591
street_level,Arouca,40.92958,-8.24845,17.20048,0.05432,0.0,1007.25592,0.50243,0.01359,1.05852,31.97391,-3.81488,22.38403,10.29664
underground,Espinho,41.00733,-8.63985,24.29547,62.94429,0.04503,1005.67915,-0.3032,0.0,-3.27957,43.15741,-14.48106,242.66203,43.62151
street_level,Vila nova de Gaia,41.11712,-8.60633,7.69943,7.54666,0.0,1003.13724,0.66535,0.00559,5.8275,48.21455,-2.87205,0.0,85.1868
above,Maia,41.20397,-8.55888,91.94766,84.02166,0.02041,1007.32552,1.1004,0.09417,7.64946,38.09729,28.37972,170.36692,67.45725
underground,Oeiras,38.72633,-9.23833,46.9648,29.83037,0.35179,1002.50795,-0.68942,0.17088,-4.90378,30.11037,34.81354,209.10841,116.85076
above,Porto,41.1634,-8.61649,30.49164,78.58881,0.0,1004.87878,1.62637,0.20387,11.31113,31.80776,-1.70211,198.29234,44.76735
above,Maia,41.20402,-8.5587,34.404,79.71529,0.0,1003.41694,1.07025,0.18439,7.89039,20.33773,-23.78727,134.93278,5.97738
above,Porto,41.15687,-8.60041,51.33016,82.83576,0.0,1006.70281,0.72958,0.0,1.80976,31.22405,14.25323,247.55435,103.15407
street_level,Vila nova de Gaia,41.12797,-8.61239,16.59913,0.0,0.0,995.23757,-0.47888,0.0,-1.84325,19.27923,3.40909,0.0,3.0
above,Porto,41.1568,-8.61844,57.51516,88.96926,0.0,1003.92988,0.45602,0.129,6.14432,34.53088,20.55847,252.21798,123.492
street_level,Matosinhos,41.17363,-8.68388,8.25225,14.53382,0.01405,1003.42422,0.44339,0.0,3.11787,14.96157,-3.92318,23.86844,104.3461
street_level,Matosinhos,41.17246,-8.68134,7.24353,0.0,0.0,998.36862,0.20901,0.0,-0.72784,60.48911,-0.70768,18.74863,3.0
street_level,Oeiras,38.71528,-9.22871,3.13471,0.0,0.0,1007.19528,0.66377,0.0,3.66508,23.71006,-2.99503,26.82706,58.72968
street_level,Matosinhos,41.17246,-8.68108,22.20076,0.0,0.0,1003.20416,-0.10824,0.01188,-3.27446,23.88199,5.49792,0.0,10.28572
above,Espinho,41.01025,-8.63967,52.03662,83.45727,0.00027,1005.62135,0.7483,0.20697,5.35453,50.80392,11.92274,306.43524,119.71076
street_level,Porto,41.15111,-8.58118,5.94675,0.0,0.01873,999.17955,0.15787,0.0,1.43302,38.86489,-2.51522,0.0,61.04529
street_level,Espinho,41.00475,-8.64147,12.7959,0.0,0.0,1001.82567,0.14739,0.00289,-2.64677,18.75404,6.04704,0.0,3.0
street_level,Arouca,40.93091,-8.24757,15.14773,9.84167,0.0,1004.35034,0.27958,0.01633,0.34307,34.83306,-0.74701,0.0,3.0
street_level,Matosinhos,41.17398,-8.68075,13.65662,0.0,0.00924,1003.96201,-0.26999,0.0,-2.25282,31.61771,-3.38715,0.0,27.24007
street_level,Maia,41.2033,-8.55919,9.17864,0.0,0.0,998.43878,0.17811,0.0108,-2.31108,62.4127,-2.08912,7.8786,3.0
street_level,Espinho,41.00414,-8.63804,12.23131,0.0,0.0,1003.65962,0.03913,0.0067,2.19009,63.75606,1.15438,23.44123,3.4438
street_level,Oeiras,38.72576,-9.24168,6.14032,4.3378,0.01497,996.33121,0.27261,0.0,-1.60593,24.53711,8.97312,0.0,11.64043
above,Maia,41.20212,-8.55764,31.2225,76.36188,0.0,1002.62527,1.09167,0.14987,14.25666,22.42503,-4.3074,104.44648,45.27807
street_level,Maia,41.20326,-8.55917,19.68209,0.0,0.0,998.24337,0.29496,0.0,-0.17457,33.88636,-3.07321,0.0,3.0
street_level,Maia,41.2021,-8.55855,4.85996,17.47036,0.0093,1000.24248,-0.02765,0.0,-2.60452,40.79451,6.11243,0.0,3.0
above,Oeiras,38.70095,-9.2311,70.16685,89.14954,0.0,1006.21538,1.01724,0.0,5.36045,46.86069,14.14764,278.85773,35.03979
street_level,Porto,41.14243,-8.60367,9.60097,0.0,0.00646,1000.41469,-0.22955,0.0,1.54767,64.07706,3.86924,5.63869,13.11191
street_level,Vila nova de Gaia,41.12269,-8.60602,7.6841,4.54807,0.01193,1005.9358,0.16174,0.0,-3.06583,9.63843,8.60333,0.0,38.74924
underground,Maia,41.2017,-8.55786,38.09129,9.59644,0.17432,1004.92223,-0.74059,0.129,-5.67753,35.64853,3.23848,114.11232,113.94119
underground,Espinho,41.00938,-8.63889,41.5773,125.14917,0.51351,1003.96036,-0.61943,0.13888,-5.82298,29.28164,0.11512,105.98615,107.60036
street_level,Maia,41.20204,-8.55854,11.76194,0.0,0.00513,1007.10526,-0.63593,0.0,-2.15885,53.07595,-7.85503,0.0,30.30731
street_level,Vila nova de Gaia,41.12755,-8.62364,11.73477,0.0,0.0,991.98766,-0.24109,0.0,2.06826,52.55732,-1.35508,5.04252,3.0
street_level,Espinho,41.01097,-8.64372,10.86098,0.0,0.01176,1006.61111,0.18928,0.03608,1.95558,48.19314,-5.80865,0.0,3.0
street_level,Vila nova de Gaia,41.12775,-8.61583,16.81309,7.26569,0.00756,1008.57983,-0.10269,0.0125,2.59701,52.01728,-9.97005,0.0,23.76761
above,Porto,41.15262,-8.62463,21.47043,80.44041,0.0,1004.07073,1.47734,0.17557,9.28732,29.39041,-3.58338,158.70368,18.21387
above,Espinho,41.0038,-8.63815,50.89588,88.14686,0.0,1005.75317,0.53098,0.10731,-0.0558,43.57877,12.23172,251.18815,109.66596
street_level,Oeiras,38.70279,-9.22971,11.18829,5.7596,0.0,1003.10117,0.60313,0.0,4.07951,38.44648,1.48239,20.23136,103.93814
underground,Oeiras,38.71568,-9.2252,19.2075,89.79648,0.53101,1003.69192,-0.75454,0.22577,-4.27485,34.1904,7.39776,324.53684,132.93561
street_level,Matosinhos,41.17378,-8.68858,10.42997,2.699,0.0,1006.85198,-0.00968,0.0,0.01222,37.96638,-5.15712,11.32073,3.0
underground,Oeiras,38.72563,-9.24163,37.0916,50.44927,0.3473,1003.7738,-0.6041,0.21153,-5.37555,30.5903,53.05367,46.00001,9.06659
street_level,Espinho,41.00832,-8.63993,14.92611,0.0,0.0,1011.39871,-0.45169,2e-05,-2.26867,26.76035,-1.85214,0.0,3.0
street_level,Espinho,41.00934,-8.64404,12.80734,5.00558,0.01203,1005.13106,-0.4338,0.00587,-1.07598,20.32755,6.41637,24.57625,3.0
underground,Porto,41.14928,-8.57911,31.80823,98.43616,0.60325,1005.23592,-0.54257,0.23281,-4.09455,21.58138,-31.42565,0.0,38.52827
street_level,Arouca,40.93203,-8.24333,21.41594,0.0,0.03482,1007.78844,0.3269,0.0219,-2.42796,32.44412,-5.8076,0.0,20.20912
underground,Porto,41.15109,-8.67739,36.94536,92.17022,0.34982,1007.04032,-0.54055,0.02091,-5.12547,27.40241,-0.38412,204.57126,85.24203
underground,Vila nova de Gaia,41.12507,-8.61725,35.72372,88.47246,0.37672,1007.04199,-0.62222,0.13094,-5.83802,23.93811,30.20994,127.39471,164.10935
street_level,Espinho,41.00966,-8.64388,9.56415,10.67528,0.0273,1008.57529,1.12798,0.00888,6.4688,31.25991,3.32495,0.0,28.47361
street_level,Arouca,40.92981,-8.24753,14.26947,6.38193,0.00917,1004.98611,-0.09305,0.0,-1.83897,22.28036,0.78756,0.0,3.0
street_level,Arouca,40.92953,-8.24741,10.86612,0.19693,0.02245,997.18404,-0.0763,0.01396,0.93597,21.74193,3.21688,0.0,3.0
street_level,Espinho,41.00399,-8.64384,7.76681,3.3601,0.0,1000.97306,-0.48142,0.0,1.12537,25.61657,-0.93043,0.0,3.0
street_level,Vila nova de Gaia,41.13733,-8.61459,3.35123,4.96245,0.0,997.95677,-0.44092,0.0,1.00147,5.0,3.00115,0.0,41.04791
street_level,Maia,41.20342,-8.55916,8.72187,10.78584,0.0,1002.72825,0.05604,0.0,3.87357,39.11823,-1.60812,0.0,91.72864
street_level,Espinho,41.01098,-8.6419,15.87269,7.52611,0.0,996.71944,0.10484,0.0,-1.3763,22.19082,8.96919,0.0,3.0
underground,Maia,41.20318,-8.55902,40.65092,29.07135,0.13955,1003.94584,-0.73473,0.06945,-3.52632,28.61487,-17.42244,150.12073,156.32853
street_level,Espinho,41.01151,-8.63817,7.70457,13.96741,0.00207,1004.80781,0.67327,0.0,6.1349,37.74126,3.5294,10.96563,57.39557
street_level,Maia,41.20338,-8.55924,13.00523,0.0,0.0,1001.5765,-0.12782,0.0,-2.54155,44.78755,-3.31872,0.0,3.0
street_level,Oeiras,38.68449,-9.32329,4.33842,6.71276,0.00142,1003.56651,0.47651,0.0,6.33682,22.8276,7.96314,1.15228,85.95932
street_level,Vila nova de Gaia,41.12424,-8.60777,12.92271,9.98061,0.0,997.6973,-0.1842,0.0022,0.50559,23.05579,10.45367,9.88194,22.8028
street_level,Espinho,41.00402,-8.64238,9.4883,10.39222,0.0119,1000.52551,-0.08951,0.0,-1.34793,47.7731,-7.92815,0.0,41.53038
street_level,Matosinhos,41.17611,-8.68307,13.28497,0.0,0.01433,1009.70211,-0.0503,0.02177,1.45932,33.13633,-3.78484,15.01917,9.62488
street_level,Maia,41.20262,-8.55777,6.27725,7.70348,0.0,1004.16217,0.61886,0.0234,6.57954,59.79492,-5.80127,0.0,53.89813
street_level,Vila nova de Gaia,41.12867,-8.61323,10.23759,7.75104,0.01813,1001.02355,-0.13523,0.00419,0.41295,24.34591,-0.68922,0.0,39.40493
street_level,Matosinhos,41.17164,-8.67751,4.87707,12.42586,0.0,994.89103,0.78845,0.0,6.30111,50.08517,0.85124,17.50915,65.50659
street_level,Oeiras,38.68573,-9.31653,13.8244,1.19158,0.00145,1014.78801,0.03815,0.00328,-1.73613,41.11358,-5.7789,21.08938,3.0
street_level,Matosinhos,41.17586,-8.68211,8.80679,0.0,0.0,1008.83332,-0.33671,0.02171,-0.07393,36.06704,2.21859,1.52072,14.12692
street_level,Matosinhos,41.17536,-8.68623,16.74417,0.0,0.0,1006.13591,0.19755,0.0,-2.47924,20.43087,-0.10727,0.0,12.53284
underground,Oeiras,38.72778,-9.23667,21.1808,5.39501,0.72496,1003.50617,-0.80787,0.34102,-5.92298,35.72886,-20.54049,399.94614,58.59236
street_level,Maia,41.20261,-8.55868,7.06276,0.0,0.0,1006.50657,-0.21844,0.00299,0.99211,46.74153,-5.80784,10.43959,11.57636
above,Oeiras,38.70103,-9.2307,32.7724,82.61632,0.0,1004.59435,1.48755,0.36823,11.89787,36.13383,-14.43553,20.12107,55.80991
underground,Matosinhos,41.17478,-8.68933,29.43036,121.29354,0.03849,1005.01987,-0.64128,0.15235,-5.9077,26.30586,-3.27334,37.84328,126.09553
street_level,Vila nova de Gaia,41.1308,-8.61396,2.91975,0.0,0.01866,997.7577,-0.22062,0.0,-4.44975,35.25497,5.98694,0.0,3.0
street_level,Oeiras,38.70986,-9.22732,5.14433,6.38459,0.0,1005.01674,-0.56153,0.00173,3.0651,45.86612,-0.58664,0.0,3.0
street_level,Arouca,40.93068,-8.24748,5.66999,0.0,0.0,998.18265,-0.26027,0.0,-2.39158,54.28978,-0.55271,9.27468,24.20202
above,Oeiras,38.70565,-9.22743,55.65778,87.08057,0.0012,1005.50093,1.5167,0.28296,15.59395,36.40259,-6.10746,107.48404,3.0
underground,Porto,41.15104,-8.64036,35.96672,50.0845,0.19525,1005.79472,-0.71993,0.17492,-5.39645,24.15055,21.37338,117.36889,181.54306
street_level,Vila nova de Gaia,41.12248,-8.60888,10.7323,16.73533,0.0,999.14478,0.63613,0.01595,6.06374,42.95124,-3.35799,0.0,11.92864
street_level,Arouca,40.93106,-8.24566,13.61791,3.3948,0.0,1007.10465,-0.13825,0.0,-0.52454,33.22497,0.9311,0.0,3.0
above,Porto,41.14386,-8.61082,36.20377,76.00439,0.00682,1003.24153,1.46959,0.25133,10.35482,45.49532,-18.25535,122.02527,30.96974
street_level,Vila nova de Gaia,41.11631,-8.60927,9.83512,0.0,0.02452,1003.2931,0.11086,0.00361,3.57105,38.427,3.69416,0.0,29.97005
street_level,Espinho,41.01165,-8.63858,6.93057,10.09758,0.0,1000.56569,0.54178,0.0,2.78468,44.04609,-0.47639,0.0,68.44462
above,Matosinhos,41.17676,-8.68922,44.92358,72.65502,0.009,1002.66953,1.17809,0.30253,7.72454,11.16766,-28.74404,130.10674,61.2557
street_level,Vila nova de Gaia,41.12493,-8.61766,1.32397,0.0,0.00675,998.14476,-0.38311,0.0,-2.13044,63.71422,3.60608,27.52219,3.0
underground,Vila nova de Gaia,41.11723,-8.60802,39.87206,125.17024,0.24875,1004.32271,-0.63901,0.06066,-5.03406,15.69597,20.20364,154.89337,157.7843
street_level,Maia,41.20226,-8.55967,9.29854,9.01165,0.00582,1007.07585,0.40982,0.01298,2.23937,39.42768,1.34637,0.0,61.48278
street_level,Matosinhos,41.17362,-8.68041,6.28133,18.42938,0.00253,1001.65545,0.1452,0.0,4.08586,29.79541,0.11512,0.0,59.90966
underground,Arouca,40.93083,-8.2474,40.54956,106.79437,6e-05,1008.62104,-0.29737,0.02006,-4.0307,43.59637,-78.41315,396.51308,3.25691
above,Porto,41.16544,-8.63876,37.70404,82.27768,0.00426,1007.38517,-0.15995,0.0,6.73666,42.53261,12.75585,262.04796,85.61609
above,Vila nova de Gaia,41.12082,-8.61004,61.97159,84.43518,0.01712,1004.52121,0.70977,0.00195,0.72256,40.59675,5.02651,272.1306,71.50772
street_level,Porto,41.16322,-8.5829,13.67342,0.65966,0.00067,1002.50874,0.08409,0.01015,2.88377,44.78691,-6.93363,13.68578,15.61263
underground,Oeiras,38.68784,-9.31774,18.57152,64.83341,0.05153,1005.74539,-0.47963,0.0,-3.31412,39.67763,-33.94129,274.08114,29.06108
street_level,Espinho,41.00468,-8.64359,10.50082,3.02904,0.0,1000.85567,0.57043,0.0,0.98559,73.12232,-3.69047,16.80866,30.87155
underground,Espinho,41.0085,-8.63815,40.59851,64.23601,0.29454,1000.98987,-0.62593,0.08165,-6.13078,14.99834,-5.20938,91.54171,121.39265
above,Maia,41.20191,-8.55831,51.79726,82.04084,0.0,1004.35787,1.28568,0.04993,5.58408,36.3625,30.99016,222.26056,79.8523
street_level,Matosinhos,41.17272,-8.68831,3.63692,0.0,0.00338,996.2329,-0.04069,0.0,-0.21341,67.14144,-4.10915,34.13762,4.25135
underground,Oeiras,38.71168,-9.3004,43.51564,16.85113,0.41056,1004.20605,-0.51712,0.1595,-4.66827,31.49023,18.44834,44.02626,15.75301
underground,Maia,41.2041,-8.5586,31.48353,81.70618,0.0,1005.84878,-0.51139,0.0,-1.93113,38.97356,-21.98004,411.96132,3.0
street_level,Oeiras,38.70624,-9.22533,6.13567,0.0,0.0,996.24013,-0.31085,0.01056,2.56127,52.23116,-0.15391,0.0,6.61927
underground,Vila nova de Gaia,41.13344,-8.60892,18.78379,33.83959,0.0,1006.48709,-0.49842,0.0,-5.77295,54.78573,-3.55835,238.06118,3.0
street_level,Espinho,41.01206,-8.6368,10.98225,0.0,0.0,999.77451,0.36956,0.01902,-3.13251,25.36015,4.77038,0.0,3.0
street_level,Arouca,40.93197,-8.24688,12.82108,3.93195,0.0,991.95015,-0.11584,0.0,2.85375,27.09748,1.66837,0.0,18.46608
street_level,Porto,41.14138,-8.61347,17.99841,4.50414,0.0142,1005.18979,-0.14235,0.0,-2.97236,28.42387,-2.73903,0.0,4.10692
street_level,Oeiras,38.68266,-9.32277,5.03933,0.0,0.0,1001.25725,0.32508,0.0,-2.31969,59.57222,1.45274,4.04356,11.28687
street_level,Matosinhos,41.17344,-8.68478,12.00762,2.8994,0.00974,998.25418,0.28906,0.0,-1.52981,47.56596,-3.61988,0.0,3.0
above,Oeiras,38.70965,-9.22758,84.12127,98.47015,0.0,1006.66704,0.50999,0.02562,8.47701,48.53043,13.41802,132.69927,67.59557
above,Matosinhos,41.17582,-8.68337,58.18052,84.25683,0.0,1002.21335,1.3824,0.0479,10.14467,23.62213,-16.00949,120.94936,3.0
street_level,Arouca,40.93185,-8.2472,19.33661,0.0,0.00919,1013.54977,0.15378,0.0,-1.74959,44.81956,-3.87324,25.95944,47.36067
above,Porto,41.16175,-8.582,36.03633,80.65856,0.00821,1004.02091,1.53896,0.21037,13.17781,9.8517,-2.34957,109.88418,65.25515
street_level,Maia,41.20226,-8.55932,1.0,8.97424,0.01861,996.89071,-0.12704,0.00648,1.08255,48.43347,-5.04214,35.47819,26.79963
underground,Oeiras,38.71837,-9.22313,43.31658,23.72311,0.32247,1001.37866,-0.52165,0.07339,-4.37415,39.83379,-20.19995,111.80417,175.26434
underground,Oeiras,38.69111,-9.31748,54.11007,40.3555,0.23744,1000.13384,-0.47108,0.10247,-6.3204,18.94134,-13.64104,207.47935,173.93974
street_level,Maia,41.20229,-8.55951,10.95036,0.24616,0.02272,996.57258,-0.61049,0.03347,0.38365,62.57473,-2.50727,0.0,8.52826
street_level,Porto,41.15426,-8.59756,10.13873,8.5503,0.03313,1007.00032,0.72639,0.01198,4.66763,19.69087,1.90328,33.38026,9.77791
street_level,Espinho,41.00638,-8.64302,16.17175,0.0,0.01568,1009.39836,-0.10407,0.0,0.58368,55.9765,-2.60546,18.5476,3.0
underground,Porto,41.15842,-8.67899,22.84134,64.68671,0.0676,1006.13667,-0.3811,0.0,-4.13485,47.81522,-53.53339,525.3534,30.39347
street_level,Matosinhos,41.17628,-8.68563,14.24624,0.0,0.00718,1005.39232,-0.31135,0.0,1.42558,53.4222,-8.19906,16.26838,3.0
street_level,Vila nova de Gaia,41.11722,-8.60628,3.623,11.10918,0.0,1002.13094,0.55262,0.01618,3.05191,27.71316,4.62787,2.07152,77.27039
underground,Vila nova de Gaia,41.12809,-8.60962,27.08003,65.30017,0.1832,1003.40175,-0.6165,0.23953,-5.30759,14.96386,-4.8478,0.0,115.6602
underground,Porto,41.15965,-8.63836,28.18084,98.27095,0.6548,1004.27331,-0.72922,0.2171,-4.25479,32.2536,-17.55732,77.01303,99.19803
street_level,Espinho,41.00652,-8.63802,14.0275,0.0,0.01982,1015.46256,0.00079,0.0,1.174,28.24811,-4.67772,12.30408,10.80383
street_level,Espinho,41.00392,-8.64157,10.21147,0.0,0.0,998.26856,-0.0041,0.0,3.42197,23.47392,8.0464,7.20669,23.84209
street_level,Porto,41.15241,-8.62624,17.1823,0.0,0.0,1010.5921,-0.28487,0.0,2.62208,46.97455,-3.69695,0.0,17.15788
underground,Maia,41.20205,-8.55961,31.57729,41.68877,0.0,1006.64385,-0.52691,0.07441,-2.5156,41.43429,-36.68184,340.51416,77.41264
above,Maia,41.20338,-8.55927,74.55253,95.64728,0.0271,1005.10487,0.90963,0.136,5.63361,55.6623,11.52838,144.52308,140.25894
underground,Vila nova de Gaia,41.12356,-8.61863,46.68894,29.45851,0.30582,1003.89729,-0.56975,0.09853,-5.25493,34.20257,26.3837,314.42202,101.53947
street_level,Matosinhos,41.16769,-8.68779,16.22354,3.44769,0.0,1005.3039,-0.07322,0.0,-2.51975,18.55546,-6.76605,0.0,3.41708
street_level,Porto,41.15425,-8.6101,14.46528,5.91033,0.0,1007.51424,0.029,0.0,2.9897,46.39692,-1.76312,31.89757,3.0
street_level,Vila nova de Gaia,41.12463,-8.62133,6.97642,9.44095,0.02485,1003.01383,1.31092,0.01145,0.04467,21.58548,1.52426,0.0,74.4906
underground,Oeiras,38.71634,-9.23628,35.24902,109.4881,0.40749,1003.37581,-0.62719,0.19866,-4.7088,30.98957,22.82129,101.47259,163.249
street_level,Maia,41.20218,-8.55969,11.13828,0.0,0.00231,1000.34725,-0.30046,0.02049,-0.80095,28.69391,5.39747,9.59808,3.0
street_level,Matosinhos,41.17605,-8.68308,8.43052,0.0,0.03019,996.05833,-0.10895,0.00981,-0.66746,34.84816,8.76367,10.86886,36.69343
street_level,Espinho,41.00938,-8.64345,11.26637,1.16176,0.0,1001.51924,0.01249,0.0,-3.70454,35.65742,9.4438,6.75847,3.0
underground,Porto,41.14821,-8.67435,28.28085,76.17289,0.00553,1005.29459,-0.39829,0.00782,-3.09921,40.99119,-55.05455,271.79015,3.0
street_level,Espinho,41.00835,-8.6402,7.26875,5.25629,0.0,1001.61019,-0.226,0.00094,2.65743,46.73873,-3.03455,0.0,3.0
street_level,Porto,41.16142,-8.62062,4.62086,1.55887,0.01885,998.15878,0.24379,0.007,1.73692,55.28998,2.6101,0.0,5.75572
street_level,Oeiras,38.71423,-9.23298,4.32648,0.0,0.00128,1003.95983,0.16969,0.01892,-3.19116,51.21389,6.23934,0.0,3.0
street_level,Oeiras,38.69439,-9.29552,2.4851,7.23846,0.0,1002.26939,0.86475,0.00272,1.55634,42.33585,-4.03595,12.43405,51.16828
above,Matosinhos,41.17267,-8.68014,50.39411,86.78359,0.01247,1005.61448,1.44813,0.22865,11.18873,32.43608,-21.30282,200.49218,26.07499
underground,Maia,41.20199,-8.55852,26.40241,81.08133,0.45952,1002.71959,-0.59436,0.20288,-5.68761,23.8574,8.39085,212.30638,45.87463
street_level,Maia,41.20274,-8.55768,14.63916,0.0,0.0,1010.81719,0.27271,0.0,-2.82933,38.03395,-5.2549,0.0,20.31551
street_level,Arouca,40.92914,-8.2462,16.0862,0.0,0.01236,1001.91047,0.32112,0.0,-0.61584,9.309,4.4153,21.94962,10.00395
underground,Arouca,40.93221,-8.24577,39.53747,97.54443,0.0,1008.62136,-0.514,0.03711,-3.22931,42.22585,-49.21129,207.28176,16.40825
street_level,Porto,41.14869,-8.67079,10.82918,9.50698,0.0,1004.65607,-0.45835,0.0,0.98027,18.69009,3.29438,0.0,3.0
above,Oeiras,38.69449,-9.29254,50.38854,87.58991,0.0,1002.69243,1.42249,0.25178,6.74452,30.86187,-15.96221,0.0,46.80421
street_level,Porto,41.14778,-8.66834,13.8698,0.0,0.0,1010.7891,-0.37656,0.00386,2.40923,41.30707,-2.88114,0.0,23.94319
street_level,Oeiras,38.70598,-9.22871,8.17505,8.92531,0.0,1001.64624,0.59669,0.01308,5.10117,52.38705,-1.32697,4.04042,53.92206
street_level,Maia,41.20404,-8.55872,14.87902,2.85743,0.0,1004.90981,0.33469,0.0,4.73706,24.50022,2.13012,0.0,24.66354
above,Oeiras,38.68486,-9.31744,31.59531,72.73612,0.0,1002.66527,0.83888,0.31257,8.77839,32.64825,-16.81852,144.63219,40.00949
underground,Oeiras,38.70125,-9.2267,37.99039,39.9838,0.25656,1005.44245,-0.40778,0.0658,-3.79613,45.17243,-50.64426,544.68534,27.04886
street_level,Maia,41.20278,-8.55943,13.98461,1.49133,0.00711,1001.82231,0.0266,0.0,-2.34591,20.45054,1.93988,0.0,20.4117
above,Matosinhos,41.17515,-8.69039,63.92052,83.07054,0.0,1006.85275,0.84051,0.01673,8.03572,37.44924,13.18296,252.08897,77.79633
underground,Porto,41.15684,-8.60771,19.87369,56.06247,0.0,1007.07719,-0.25417,0.0,-2.92277,46.48737,-58.59572,284.18847,68.12449
above,Porto,41.16223,-8.65102,70.48543,88.17052,0.03068,1005.18488,0.84241,0.10666,5.98325,27.67057,8.54936,128.80829,82.95545
street_level,Oeiras,38.68321,-9.32307,12.9888,2.17077,0.01563,1000.36408,-0.20533,0.0,-2.09679,24.49467,-6.15564,19.65578,27.18784
street_level,Espinho,41.01188,-8.63847,15.79994,0.0,0.0162,1007.16098,0.25588,0.0,-1.66604,41.11398,0.92796,29.75604,5.94315
street_level,Matosinhos,41.17491,-8.68062,6.08732,0.60637,0.00798,998.72338,0.0544,0.00101,-0.45106,51.81494,-1.403,3.90196,14.3666
underground,Maia,41.20287,-8.55788,31.65146,77.91857,0.18616,1004.41236,-0.55915,0.20796,-6.02096,35.65624,-5.5598,0.0,145.84937
underground,Espinho,41.0058,-8.64303,60.38854,10.61401,0.29147,1005.55917,-0.54653,0.13146,-5.33971,21.8172,8.83473,167.58705,110.78123
underground,Arouca,40.92945,-8.24848,24.53064,83.22343,0.0534,1007.13594,-0.33067,0.09712,-3.32502,31.76645,-67.22481,263.67226,16.33214
above,Maia,41.20197,-8.5576,57.59161,77.41883,0.02006,1003.24919,2.1764,0.25863,6.2259,25.62526,-20.36883,247.64679,11.28347
above,Arouca,40.93181,-8.24688,39.60516,82.2863,0.0,1002.89135,1.06317,0.28442,15.99841,48.76982,0.64389,110.66134,65.69726
street_level,Vila nova de Gaia,41.11773,-8.60845,15.14316,0.0,0.02806,1003.86568,-0.11689,0.0,-2.12358,45.67072,-0.10185,0.35728,3.0
above,Espinho,41.00394,-8.63986,51.27147,87.11569,0.00236,1007.23299,0.65661,0.11779,-0.6235,43.00174,17.95211,357.19044,55.46157
underground,Arouca,40.93115,-8.24642,27.60145,60.62553,0.00878,1008.04213,-0.4811,0.0,-3.14608,49.0176,-35.46861,205.10864,12.1157
street_level,Maia,41.20289,-8.55793,15.19775,13.20645,0.0,998.42821,-0.29273,0.00392,-0.82042,20.99633,7.24117,0.0,3.0
underground,Oeiras,38.68863,-9.31847,32.19478,55.4569,0.24025,1005.52557,-0.45971,0.0,-3.3985,33.59748,-44.14215,201.72659,3.0
street_level,Maia,41.20328,-8.55911,7.77519,16.26478,0.0,1002.76556,0.27693,0.01487,8.00493,55.38923,2.39388,14.0441,71.94271
street_level,Oeiras,38.69975,-9.2306,11.36531,3.72204,0.0,1005.33695,0.32827,0.0,3.45918,40.31671,5.54906,0.0,59.16673
street_level,Arouca,40.93134,-8.24659,15.13418,0.0,0.03276,1005.24405,-0.04833,0.0,-1.37502,24.3946,-5.45253,0.0,22.87484
above,Oeiras,38.70751,-9.22431,44.3679,91.13169,0.03234,1004.64967,0.76102,0.02411,4.64256,50.15053,-5.91983,174.94697,100.2397
underground,Maia,41.20202,-8.55865,31.25621,74.69306,0.38531,1005.55978,-0.74635,0.01821,-5.95173,31.36229,25.44431,112.67172,149.70761
underground,Vila nova de Gaia,41.1253,-8.61698,36.72923,69.3985,0.0,1004.69905,-0.61951,0.0,-3.42362,49.75167,-33.88134,186.4883,5.30383
underground,Espinho,41.00925,-8.64267,36.28731,86.79618,0.31486,1003.28121,-0.75043,0.15798,-4.74114,27.6151,22.41087,146.20314,198.36694
street_level,Oeiras,38.6994,-9.30019,17.12733,0.0,0.0,1008.42017,0.23385,0.0,-0.26291,30.64297,-2.57493,19.35347,7.41445
street_level,Porto,41.15452,-8.58944,13.27086,2.12015,0.0,1007.75126,-0.26758,0.00251,-3.77303,38.81763,-3.50202,4.82661,3.0
street_level,Maia,41.20184,-8.55775,3.13187,4.10819,0.0,1014.41917,0.79493,0.0158,3.4928,39.76496,-4.58048,0.0,73.52234
underground,Espinho,41.00469,-8.63806,50.13456,0.0,0.31332,1001.39841,-0.56093,0.12216,-4.63085,26.95159,-18.17288,188.29583,127.16376
street_level,Oeiras,38.7144,-9.23887,1.58109,0.58865,0.01025,1001.05832,-0.27927,0.0,0.39902,55.30171,-3.44658,1.30724,3.0
street_level,Maia,41.20266,-8.55773,4.37089,9.36111,0.0,1013.37292,0.55528,0.01234,6.26456,35.88453,2.38256,23.6072,77.2351
underground,Maia,41.20297,-8.55789,36.32265,97.77785,0.40665,1004.73354,-0.72345,0.22675,-5.502,22.80319,-13.80167,72.04242,97.00955
street_level,Vila nova de Gaia,41.12985,-8.60831,3.57997,0.0,0.01933,1000.96119,-0.3499,0.00785,-4.80811,52.54907,3.37849,0.31866,3.0
street_level,Vila nova de Gaia,41.12049,-8.60848,13.22104,2.35526,0.0,998.40799,-0.01813,0.02604,2.63294,57.38275,0.23543,5.03321,16.26949
underground,Maia,41.20217,-8.55769,39.84859,29.91907,0.16702,1006.29328,-0.45242,0.14047,-3.02386,31.09251,-45.80602,248.96714,3.0
underground,Arouca,40.93008,-8.24679,35.07283,55.69926,0.36504,1003.56618,-0.60503,0.25224,-4.14743,33.15068,8.22147,41.82883,153.88044
above,Vila nova de Gaia,41.11405,-8.61307,40.0985,90.46575,0.0,1002.7775,0.80573,0.26723,5.83698,38.9479,-23.18253,0.0,28.97351
street_level,Arouca,40.93117,-8.24579,8.41754,8.68955,0.0,1003.52639,0.30324,0.0,6.08833,34.21684,3.48212,0.0,36.96689
street_level,Porto,41.15555,-8.62952,12.25209,3.40753,0.03092,996.69476,0.52444,0.0,7.81355,49.13882,3.71686,0.0,81.66771
street_level,Maia,41.20323,-8.55914,16.28818,7.06022,0.01021,1015.13783,0.22368,0.00504,-1.20021,41.33157,-0.56624,1.84874,3.0
street_level,Espinho,41.00592,-8.64412,17.74268,0.0,0.0,1002.78171,0.06308,0.0,2.01889,47.77159,-4.01786,12.41417,11.20387
underground,Porto,41.15328,-8.61005,42.49306,117.30056,0.47272,1002.78268,-0.4333,0.30784,-5.38217,27.12137,27.96,0.0,151.27902
underground,Matosinhos,41.16821,-8.68813,21.48703,88.18039,0.40877,1004.63005,-0.65689,0.25502,-4.49581,19.20116,-5.36772,0.0,97.19722
above,Porto,41.15956,-8.64792,57.47217,81.48604,0.0166,1004.08232,0.89779,0.19736,5.81996,21.96998,-6.8253,116.6971,12.22605
underground,Matosinhos,41.1768,-8.68629,20.61107,106.21038,0.10942,1004.22113,-0.64713,0.19534,-5.26956,29.41248,38.25053,140.92381,130.25562
above,Arouca,40.92944,-8.24823,52.12099,83.08829,0.0,1006.04398,0.1939,0.07729,5.49574,41.08382,12.05176,243.86088,87.39325
above,Arouca,40.92996,-8.24737,43.43954,86.35376,0.0,1002.45836,1.31629,0.19778,19.00073,27.40878,-8.507,54.7707,3.0
street_level,Porto,41.14715,-8.62063,14.63333,0.0,0.0,1006.60489,0.438,0.00021,1.82299,22.40763,-4.11949,2.00477,33.02639
underground,Espinho,41.00401,-8.63904,42.40677,52.44861,0.05884,1004.29779,-0.5544,0.21585,-3.59409,34.89616,9.60642,0.0,131.41051
underground,Porto,41.14267,-8.61184,44.3065,0.0,0.07988,1000.75962,-0.52149,0.17379,-4.91928,31.24868,6.20113,98.92238,164.79827
street_level,Porto,41.1543,-8.62716,10.56296,7.21542,0.00225,1005.68378,0.69461,0.02243,6.08572,33.09728,2.41393,17.72872,79.65257
underground,Espinho,41.01177,-8.63856,51.90843,35.19402,0.39434,1000.63071,-0.63333,0.16121,-5.42548,19.4521,27.56235,28.83668,91.82358
above,Arouca,40.93097,-8.24479,57.47353,88.88896,0.00174,1004.39672,1.26095,0.00381,11.01981,51.35557,13.82223,144.48295,110.11866
street_level,Maia,41.20397,-8.55892,2.12801,0.0,0.01047,1003.40605,1.00962,0.00962,5.93101,25.90894,2.30223,0.0,91.75958
street_level,Maia,41.20417,-8.55869,11.98691,0.02554,0.01317,1002.68602,0.37845,0.00959,7.35579,45.30382,1.45678,3.01427,74.01256
street_level,Matosinhos,41.17612,-8.68232,14.15991,0.0,0.0,1004.4342,0.02709,0.0,0.20928,37.48089,-2.15125,1.34521,14.09955
street_level,Oeiras,38.70391,-9.22953,8.68203,0.38518,0.0,994.56026,-0.06993,0.0,-0.57022,30.64865,6.76777,0.39838,39.4466
underground,Espinho,41.00398,-8.63802,59.74515,32.30707,0.18704,1003.97795,-0.56426,0.1925,-5.06443,29.86457,-17.1791,221.75824,75.46986
underground,Arouca,40.93161,-8.24298,25.20001,116.65409,0.56173,1005.84615,-0.60283,0.13094,-5.51049,39.87683,0.97922,181.17829,121.58797
above,Espinho,41.0053,-8.64386,49.82111,77.47066,0.00054,1002.77231,0.85127,0.25969,9.34431,14.67008,-5.36761,293.21365,67.05962
street_level,Oeiras,38.68462,-9.31617,8.01291,0.0,0.0119,996.54989,1e-05,0.0,2.76082,55.50878,0.32112,13.92182,3.0
street_level,Vila nova de Gaia,41.13251,-8.61535,11.9679,0.0,0.02144,1004.11097,-0.09251,0.01886,1.87912,27.66591,-8.61023,22.44433,5.38277
street_level,Arouca,40.93196,-8.2472,16.40584,10.4639,0.0,1005.01694,-0.2843,0.01288,2.32285,31.9231,-9.17934,0.0,17.49108
underground,Porto,41.15473,-8.67992,32.86223,35.95205,0.18873,1005.48732,-0.46548,0.23363,-4.03017,29.10146,12.77917,124.66826,77.37601
street_level,Maia,41.20251,-8.55934,17.99327,1.21047,0.01931,997.7039,-0.16735,0.00186,-2.55874,21.30034,6.81458,0.0,5.00203
street_level,Vila nova de Gaia,41.12876,-8.61274,6.48449,7.21774,0.02109,1007.30316,0.54459,0.0,4.81979,29.28298,6.07144,13.55364,44.53697
street_level,Matosinhos,41.17682,-8.68127,15.60145,0.0,0.01821,1006.54262,0.79662,0.0,4.57006,47.22428,-6.08045,40.71081,3.0
street_level,Maia,41.20243,-8.5585,8.8514,4.62504,0.0,1003.92638,-0.21328,0.0,-0.20254,65.71515,0.22367,2.25131,3.0
street_level,Arouca,40.92973,-8.24734,12.08264,0.0,0.01313,1010.19653,0.17115,0.00906,0.25325,34.7087,-3.3246,0.0,3.0
street_level,Porto,41.18378,-8.60342,8.89414,23.18048,0.00088,1007.70207,0.43148,0.0197,3.71543,40.70433,-0.0083,8.38478,56.64665
street_level,Espinho,41.00462,-8.64239,12.69407,2.141,0.0,1002.57809,0.16611,0.00089,-1.10809,39.27342,4.03757,4.09002,16.04035
street_level,Vila nova de Gaia,41.11944,-8.61091,8.46312,12.82602,0.01009,1010.94598,0.71647,0.01069,5.18993,28.38669,-2.89314,22.05924,39.00941
street_level,Matosinhos,41.17589,-8.68905,1.0,1.95785,0.0,1006.71687,0.3752,0.03444,4.68879,25.96768,0.22884,0.0,34.99701
street_level,Oeiras,38.69794,-9.30054,4.40273,13.81539,0.0,1001.00854,0.4301,0.00451,3.51943,51.39852,2.33825,0.0,84.74567
underground,Arouca,40.9321,-8.24434,24.56113,14.62432,0.0,1004.52968,-0.59919,0.0,-4.33786,47.25396,-36.97689,501.99036,3.0
street_level,Vila nova de Gaia,41.12551,-8.60562,7.11074,5.49403,0.0,999.78408,-0.31872,0.0,0.88755,33.91117,6.68733,0.0,3.0
underground,Espinho,41.00621,-8.63803,44.24851,31.28938,0.42226,1003.35002,-0.58176,0.12644,-7.01043,39.4201,6.5515,54.80964,216.43852
underground,Arouca,40.93145,-8.24458,30.66456,54.97481,0.15555,1007.61976,-0.41489,0.01176,-4.96402,28.95813,-52.67658,475.09911,3.0
above,Matosinhos,41.17534,-8.68259,45.17644,86.53902,0.0,1004.15372,1.16344,0.0666,16.56281,21.39266,-13.3498,74.89827,94.08264
street_level,Vila nova de Gaia,41.12417,-8.60814,8.85329,2.10607,0.0,1007.28014,0.75633,0.0,3.90338,27.09169,6.22983,16.00304,52.40474
street_level,Matosinhos,41.17701,-8.6826,16.96984,8.35072,0.00767,1011.10971,0.0562,0.00741,-4.84297,40.4506,-3.95078,1.1161,10.14744
underground,Porto,41.16262,-8.58868,15.75754,105.62756,0.53122,1002.69707,-0.65512,0.054,-5.94001,35.36044,13.34603,0.0,125.35115
underground,Vila nova de Gaia,41.12772,-8.61344,33.21566,55.12241,0.02807,1007.63813,-0.27675,0.05272,-3.4882,57.34029,-90.29495,322.50077,3.0
street_level,Porto,41.15736,-8.64533,12.2563,7.38262,0.02081,1006.32205,0.23904,0.0,3.43,27.58125,0.524,11.11385,90.61761
underground,Espinho,41.00725,-8.63612,12.62624,86.37955,0.35064,1004.44212,-0.51104,0.14521,-6.21581,20.07284,5.5589,199.35271,100.1769
underground,Oeiras,38.70419,-9.22847,39.99241,90.16194,0.15718,1003.38628,-0.61004,0.12073,-5.38304,17.82223,22.92807,245.67803,206.59708
underground,Espinho,41.00846,-8.63605,45.24611,49.36829,0.08423,1002.38456,-0.54066,0.00882,-4.35575,27.69399,-18.91936,196.51218,186.55074
underground,Maia,41.2024,-8.55953,22.6007,78.55838,0.18109,1001.08187,-0.50919,0.20499,-6.10436,43.80501,-20.69889,143.20759,100.16731
underground,Arouca,40.93066,-8.24354,50.96835,85.77652,0.13275,1005.5346,-0.67548,0.25736,-5.3913,26.85274,-0.12453,65.95512,141.06646
above,Vila nova de Gaia,41.12588,-8.60816,37.69352,88.36441,0.04358,1001.65821,1.03588,0.32533,7.73171,27.68885,9.21396,66.56372,25.83178
underground,Porto,41.14651,-8.58896,34.19804,75.49082,0.04843,1005.08216,-0.51357,0.30504,-4.28893,27.52972,32.33609,112.23141,78.25673
street_level,Arouca,40.92934,-8.24744,5.60375,1.56232,0.0,1001.03519,-0.32924,0.00459,2.31945,59.65411,0.32523,0.0,3.0
street_level,Maia,41.20221,-8.55753,5.73966,1.47435,0.00899,1000.57449,-0.08735,0.01758,-4.70079,43.82733,1.92839,0.0,3.0
street_level,Arouca,40.93121,-8.24657,4.60316,7.10098,0.00013,1010.94316,0.55425,0.0,8.51395,43.40615,3.13225,25.77596,101.28916
underground,Vila nova de Gaia,41.11766,-8.60843,21.12097,108.25096,0.27417,1004.47372,-0.47009,0.15369,-4.57967,25.764,-2.6401,0.0,98.23687
street_level,Arouca,40.93104,-8.24746,17.02332,4.17045,0.00485,1003.81467,-0.18609,0.02351,1.99471,40.28031,-6.13199,3.64549,8.75555
above,Matosinhos,41.17595,-8.68283,26.19809,92.50935,0.0,1001.59649,1.14863,0.05427,6.44679,29.69954,-23.37089,17.01764,35.75789
street_level,Espinho,41.01108,-8.63635,11.51754,4.39626,0.01226,1004.83547,-0.05391,0.0241,-1.96741,41.32355,-1.6245,1.08048,3.0
street_level,Maia,41.20188,-8.55766,18.82386,5.52906,0.0,1001.61787,-0.3374,0.03173,-1.43818,24.21874,-4.05103,0.0,3.0
street_level,Arouca,40.9317,-8.24712,8.38452,0.0,0.0,1005.57487,-0.15191,0.0,2.63656,54.91372,3.27757,4.65742,15.45515
street_level,Espinho,41.01173,-8.63806,9.30335,0.0,0.0069,1001.65354,-0.03985,0.0141,-0.65605,27.26488,5.02877,1.28394,3.0
above,Oeiras,38.67901,-9.31913,57.79857,81.46983,0.00962,1002.55239,1.54696,0.16066,11.89519,32.76532,4.60029,0.0,86.19737
street_level,Matosinhos,41.16849,-8.68845,13.94971,19.72598,0.00759,1008.44933,0.54162,0.0,7.02655,26.93571,4.80506,18.38327,67.36308
street_level,Maia,41.20229,-8.55967,15.94087,0.0,0.0,1006.53848,-0.14207,0.00533,-1.28422,17.22483,-3.37299,0.0,16.31637
underground,Oeiras,38.68317,-9.32257,23.6664,77.56209,0.0,1010.17493,-0.37238,0.0,-3.74774,33.87482,-78.88804,289.59595,76.55829
underground,Maia,41.20345,-8.559,34.47291,136.21375,0.37913,1005.53392,-0.64994,0.05576,-5.3294,25.09647,67.24622,63.02143,54.45185
street_level,Arouca,40.93123,-8.24749,12.87597,0.13334,0.0,1010.85507,-0.06265,0.01107,-4.84742,45.88566,1.4366,9.14892,5.68443
underground,Vila nova de Gaia,41.11697,-8.61054,33.77138,29.51735,0.06063,1003.72159,-0.57711,0.10839,-4.91198,32.1442,-7.81606,106.26323,92.99983
street_level,Vila nova de Gaia,41.12466,-8.60805,7.06641,9.018,0.01028,1006.46132,0.66272,0.0,3.94211,24.21062,2.61146,0.0,57.628
street_level,Arouca,40.93139,-8.24384,14.62409,0.0,0.01311,1009.39428,0.1459,0.0,1.98789,37.25364,0.66622,18.03749,20.64759
above,Maia,41.20228,-8.55777,59.06841,90.36015,0.01275,1006.37973,0.62465,0.02366,6.52407,41.67434,-4.09438,188.5515,87.38398
street_level,Arouca,40.92941,-8.24819,13.86398,0.0,0.0,1006.10588,-0.04048,0.0,6.21707,36.49944,-8.181,0.0,3.0
street_level,Porto,41.14638,-8.59587,8.70247,2.60668,0.0,993.66484,-0.03163,0.0,1.47616,63.8518,2.23853,16.59341,46.12358
street_level,Vila nova de Gaia,41.13619,-8.61587,10.79023,0.0,0.0,1010.60492,-0.19542,0.01994,-1.64622,27.20192,-6.02401,0.0,3.0
street_level,Maia,41.20233,-8.55764,9.24502,0.0,0.0,994.5149,-0.18029,0.00484,-0.20497,63.01675,2.85008,0.0,3.0
above,Matosinhos,41.17199,-8.67879,68.50566,94.57764,0.0,1005.54445,1.28206,0.06357,4.04897,40.76898,14.03725,170.05166,104.95096
above,Vila nova de Gaia,41.12763,-8.61346,58.24286,82.5211,0.0,1005.96438,0.56789,0.0,4.87035,39.16024,4.67026,284.12875,60.37204
above,Vila nova de Gaia,41.13579,-8.61507,44.82208,75.19024,0.0,1002.39108,1.37344,0.29483,10.36705,17.81786,-19.49936,12.0407,55.9639
street_level,Oeiras,38.70614,-9.22558,7.95324,1.77181,0.04608,1005.45527,-0.87229,0.00251,1.20747,21.51451,2.6936,0.0,17.58992
street_level,Matosinhos,41.17527,-8.68091,17.33249,0.0,0.00449,1016.83446,0.50736,0.00746,2.73578,50.38416,-3.0347,17.30823,45.77969
above,Matosinhos,41.17654,-8.68904,53.63265,85.20849,0.0,1005.17784,0.96096,0.16216,7.45585,24.11546,8.09769,291.31428,93.68333
above,Oeiras,38.68614,-9.31292,50.46682,91.07243,0.0,1004.4113,1.34581,0.21556,11.44789,36.29148,-20.11528,114.4975,23.15373
street_level,Matosinhos,41.17514,-8.69007,23.42465,11.03211,0.00254,1007.8894,0.33508,0.0,1.22413,34.24511,-1.03168,24.31134,40.61175
underground,Oeiras,38.71018,-9.22447,34.31608,105.84944,0.48682,1004.20193,-0.67457,0.07862,-4.6905,31.03111,-20.46082,0.0,99.14825
above,Porto,41.16219,-8.63442,31.55508,78.94057,0.01649,1003.76747,1.7642,0.24367,12.43823,27.35571,5.29816,169.76943,3.0
underground,Matosinhos,41.17233,-8.68091,45.47188,0.0,0.22911,1004.18065,-0.68748,0.11519,-4.86398,28.06836,14.42915,129.51342,62.94195
street_level,Matosinhos,41.1745,-8.68359,12.84694,0.0,0.0,1013.88364,-0.06319,0.0,0.78119,33.36944,-0.93389,0.0,37.95216
street_level,Vila nova de Gaia,41.1252,-8.61531,5.05796,0.0,0.0,1000.11159,0.34133,0.0,0.07805,50.48517,-2.02464,3.19112,3.0
street_level,Matosinhos,41.17189,-8.67905,9.32026,0.0,0.00027,1000.60179,-0.02731,0.01791,0.21734,11.04655,4.71912,12.62597,33.77791
street_level,Matosinhos,41.17528,-8.68137,3.31649,8.76066,0.0,1002.41904,0.4705,0.01525,6.4502,57.23198,-0.94173,3.10114,69.06117
street_level,Porto,41.1513,-8.67634,2.40124,10.97701,0.00285,1011.20699,0.62194,0.0,5.15804,32.85801,2.12881,1.25125,33.27322
street_level,Espinho,41.00811,-8.6402,9.54046,0.0,0.0,1002.61631,-0.22672,0.0306,0.06819,13.2276,2.97906,0.0,23.24157
underground,Matosinhos,41.17609,-8.68326,40.7542,49.10433,0.16044,1002.52392,-0.6536,0.14233,-5.69336,36.82898,-4.02018,31.45022,112.90798
underground,Oeiras,38.69964,-9.30027,12.6653,69.99537,0.0,1004.32715,-0.39759,0.11364,-3.81272,51.33729,-28.2139,178.82172,3.0
street_level,Oeiras,38.72722,-9.24018,13.07392,11.89747,0.0,1000.74615,0.23795,0.0,1.95857,71.3418,-4.29343,2.25455,49.61384
above,Maia,41.20198,-8.55865,69.05358,92.49925,0.02136,1005.95811,0.10488,0.11594,8.99729,41.0181,9.85084,101.26785,89.90099
street_level,Porto,41.14988,-8.63458,11.461,0.0,0.0,1004.49138,-0.02253,0.0,2.44969,17.88881,-7.84698,14.25153,17.6033
