gps_accuracy_mean,gps_accuracy_max,gps_accuracy_delta,gps_lost_ratio,wifi_count_mean,wifi_count_delta,wifi_rssi_mean,ble_count_mean,ble_count_delta,ble_rssi_mean,pressure_delta,pressure_slope,stationary_ratio,label
13.938533180433232,24.300171472397665,22.93012774769945,0.24625271702917628,13.041382526238536,0.19674081230438567,-59.650139458328525,10.347339529239484,0.9520985551034711,-60.34251724645955,0.09436024687794531,0.03940436411908184,0.6385833705426196,street
63.10431011831703,104.00014605602468,49.20743428932699,0.4466369540074533,4.971849964927106,-9.226566125181291,-60.12105330591346,7.231417352251617,-1.635108193299228,-88.30391320819595,0.4393765158042124,0.11989179213328446,0.7328363268847502,underground
4.452724551587728,15.292423757291242,3.8057495335720533,0.1387399247783014,24.056084214892408,3.6257972107249623,-73.08524310199454,5.458733865137632,-1.8854018280121918,-69.67102089459273,-0.12078984196555564,-0.02675646071409253,0.9031304342923991,street
24.666700225022613,79.85387435699539,34.11044272477627,0.7203655413596914,6.036740387575846,-13.925776898249318,-67.26354266274593,7.957359735303615,1.510969801362613,-65.26083247805914,1.4849248754476285,0.09227488482124435,0.8533558092716349,underground
32.01569666117996,103.97973683628913,30.443614701615218,0.9428034083657688,1.9296546825915117,-15.22049514027279,-87.39025988422051,2.5282236095356447,1.0343936229420585,-89.65101468566804,0.2933597628389193,0.14626596533486072,0.7418372773009596,underground
7.509244440888908,11.79543938618844,4.777496038759995,0.03494134363062266,11.367652774967123,0.13090443991560186,-68.6893221507369,8.56907798631621,0.9563882174392253,-63.249980984466376,0.018881744069521228,-0.007057139903402818,0.6888195541883465,street
58.60831397152998,117.55407650034962,70.6250002724966,0.8206336773877922,0.31799625004313437,2.2124389678866443,-78.48669756954894,0.15956763174519573,1.0732032530662323,-88.83653706284578,0.5164307570849602,0.0666330486737232,0.8957017915457792,underground
18.349542774536523,58.733072341511566,21.53083941180862,0.20824306892966193,12.605503703338147,1.6980212002571946,-79.00214077103011,10.426552353977968,-1.388881390210969,-59.12411452005175,-0.04358134299507127,0.022562644468317718,0.806884662612015,street
20.797537684419986,71.57593168270103,11.104791727564894,0.24176889785030156,11.192460918276279,-4.190969583705716,-76.52378515841954,2.947568564838075,-7.313492140567153,-92.84402363620158,0.387388789585314,0.0955524835395851,0.5125132665915365,underground
5.308175129558353,8.181841035721108,3.1290423475956772,0.1317493307796575,22.234974164877947,-1.0863646723243745,-67.41951312719307,6.362168426120498,-1.0447265654571403,-83.91059368108188,-0.08753410900131085,0.020552646351160025,0.9370125341719093,street
34.59201206117885,89.06328280490217,53.91483012490079,0.5738274723467722,0.5241449998007286,-8.956206842168065,-64.14960604304488,3.1509647030600147,1.2702222893026995,-90.08186337124386,0.2752092148857015,0.16884331624218346,0.41141731442092444,underground
24.272657147887628,56.46432727579689,29.298900175423185,0.37310454108652114,10.576893304648642,-1.406016685732295,-74.07854585543544,1.9552081846974845,-7.835825171269525,-79.92251537508557,0.6254260460160738,0.09863749843033014,0.7087884701973066,underground
25.728030088641493,32.65618667938371,17.094484533091148,0.2388418112825157,15.03646927278443,0.3982518725699622,-75.89893241199304,7.313637052235775,-1.4747619716099232,-74.21177956250993,0.07708726904514385,0.0044683230771386945,0.9070503530056608,street
62.12848761906172,116.21038707093061,75.96126283169056,0.5520413421597737,5.776618591557533,1.5795919408534935,-82.8738308617319,4.066737026868724,2.391339229566743,-68.16382240139383,0.9234114990984185,0.06675202025818867,0.9355918930095747,underground
27.539272739761678,107.54672051412808,40.918924444909365,0.9182702932336386,2.4460103062209013,0.11270022264022117,-81.81443037052043,1.894679821790799,1.9337925962807727,-66.46066408047481,1.0698799106021983,0.10055086609922866,0.7313863585539606,underground
9.338381318368333,9.128600946828561,2.5363237009927744,0.13785099307496262,11.321975118816589,2.04686799762778,-57.592778053618304,8.112203844802517,-1.5245241518124992,-72.753983550281,0.1033499015607707,0.023750091246809206,0.7198807438683856,street
26.435685805186807,47.427931140902444,33.498785378003596,0.20723345394504605,10.351665314400716,-2.2563120500849667,-77.90165707695571,1.019660039523976,1.8134610790991594,-64.39978904633843,0.6846090526278495,0.11048427997612323,0.7784163308062955,underground
34.60578808224145,103.47972738792464,49.09808660476409,0.44204340605390646,8.335041335896452,-9.474809790494634,-79.9712322111638,4.703111666415335,1.0902738617486278,-90.29951121399276,0.3488607348309925,0.10052336299326947,0.45962287208442454,underground
23.214686596327923,43.5730387174058,20.543123986610254,0.32687418145566727,19.880710317789845,-4.387224967175683,-54.27440707588518,7.463037724107366,2.690333448911854,-67.38774512470279,0.11289961418585151,-0.0010509424730109837,0.8031816060873084,street
4.9437846379771155,16.68251683902898,5.510098910186328,0.09933151330011741,8.972677807603928,-3.0068387680395547,-68.20736220088467,2.0951650926376137,-1.9723840421985643,-75.1379691580956,-0.0581825830259676,0.026138915815179423,0.6078392066586933,street
19.094755725800887,58.30380496570958,21.36787403113335,0.10346003388765607,21.343854171593367,2.3961342371858905,-58.122096216655635,10.745469567677004,-3.6474720206624243,-63.520475869042656,-0.08074948485137917,-0.0009935059724456921,0.8338677487701152,street
72.1643540531773,104.00241300943547,61.165221674220994,0.6615959270147002,0.7386326101541374,-11.57668455441818,-69.21811770210279,5.612754827914763,1.1658131609688116,-78.96235463763367,0.3698407242977906,0.15870621000085688,0.4801354697191509,underground
35.63860552332375,71.6801519730785,17.268486323528336,0.3189632716182244,13.153671306160089,-6.570691675293955,-89.64783546404881,8.962535448207348,-3.4502190789751523,-92.96700000901916,0.4067472088291034,0.10607700866649081,0.45315333774486377,underground
20.763793614742646,59.11013167326677,12.024091880152906,0.4140240308323366,10.78462823739889,-9.482057598770016,-58.87100046889049,5.608436869365306,-2.485561612374129,-84.89010260902964,0.2277757906873148,0.06066669909869715,0.990136882896806,underground
85.95255417694092,86.55360425959442,28.121682999778628,0.8837843956169782,1.8774641148834048,-16.885191896415716,-65.3070097093113,0.36607880637831247,-2.2958635477326226,-78.04172290974165,0.7909103567767927,0.24709032796365715,0.7683207757236823,underground
11.488714081881243,11.621305254683303,3.9745757689119303,0.007019564314648263,24.223869731966666,-1.5533104781058054,-52.23417863310522,10.458232706215961,-0.9456299814151325,-74.71617159697023,0.1327485980153846,0.0012213986763961147,0.9691248582955876,street
73.99392214943026,69.94012133348235,50.955986644566,0.8313825152429135,5.751034601245407,-12.668985532149193,-72.4860171306685,0.644023283276975,-5.603688856692246,-68.05091914065667,1.3725379329266825,0.23664575920872716,0.44214924409278933,underground
33.90455864562196,53.485523819683465,20.296773256242886,0.1553269683445221,19.799857147418635,-4.8459893893952195,-53.02262353119985,4.209669762834505,3.0775850466869636,-73.63835195584132,-0.09321752861218509,0.002529688839228425,0.7865248734428869,street
79.9704791932433,99.22275954847939,47.53596667549098,0.815412569742016,2.436862743376107,-1.5946634344978499,-67.71921378172274,5.432747340692134,-11.172083191895867,-80.98404629814321,1.3309478519721962,0.24601629780752565,0.4807489165956381,underground
23.230732088146,24.507026255015273,17.88243608738511,0.2132630593447412,17.520987682263055,-0.8462357868572665,-73.41718624646485,11.082163844105331,-2.7664883884641407,-59.999409583298444,0.17301505819357058,0.028343010104427663,0.5895330716363165,street
27.671779108810732,58.10756949650806,14.793313031187534,0.2741189618277603,14.490393651514974,-3.249167425975319,-89.19530169229411,4.249790349414244,-4.469324866799778,-60.01706798669836,0.601735916188541,0.020705393339347428,0.9513728172242328,underground
8.699638039205487,16.920837135895084,4.054275497055252,0.010896331255658375,9.886652000228686,1.2868247483569686,-72.58034034815154,4.291174925234106,1.7887373379177234,-60.67214138024589,-0.09384095411032048,0.027167932461900197,0.60594244965202,street
16.033152088632114,46.52318516536094,20.685963099972156,0.2390945336527063,6.301273502606632,-10.712561535263838,-70.58864391238937,7.243174705506212,-0.1464465750716677,-66.49714435600288,0.2641339162540195,0.04033127621673759,0.8793200710443937,underground
18.684476802509742,50.34042718718149,15.894041698408444,0.17360952786215433,9.229864498335468,-1.193209040833679,-78.87733098063309,11.778255965421186,0.6881508943957257,-79.25866174023024,-0.08884914091991507,-0.014876881308913271,0.5789953615820254,street
29.588540996640635,38.27381477868437,20.796811228679434,0.24027483923424517,19.658143769466605,-3.519612220093684,-56.293897459955204,4.955003462285421,-3.2913103024741934,-57.88633166228684,-0.07842590698115909,-0.0015885970987431011,0.687536877140081,street
46.24004562263606,82.16221766741015,38.68184540874795,0.8665496059741978,5.998543157868563,-15.509336197046487,-79.9367821401549,3.7179923064337466,-11.04273549780102,-84.17839301962067,1.2669743207813213,0.13762180283467762,0.9020296906469834,underground
59.17136316182636,42.174191009331594,69.14050272287406,0.4438270618456024,6.69482268402154,2.844393469764846,-80.3186806008899,2.657592016985152,-8.838013366417865,-94.609974941718,1.1168782639399257,0.04590734111506358,0.5408735995604343,underground
71.72603158491282,94.66536948039818,15.659661735408367,0.4432472895536362,0.7190679074838657,-3.359664380344384,-64.0814183122281,5.964477722062972,-10.872687126467088,-85.76181603234701,0.6363550414612322,0.15789232254841223,0.9867471485233733,underground
33.07643341572813,23.51437886414208,17.518275709659584,0.3486755288348533,13.489543584237518,-2.9437031041765294,-53.44134180805803,3.067593502446744,1.033507503062622,-74.50060043348597,-0.09220896340079149,0.008693468679271281,0.6374692673559399,street
40.14225451134509,64.67668421029319,32.82641627585744,0.4005639740064978,3.836154957422239,-9.529611445464372,-65.65184744604828,1.5636764781396972,-2.2744638659069594,-73.04979881551289,0.5353371275664118,0.05714269892257694,0.6132809304735891,underground
65.43839108451034,116.49795361064096,62.96060553419177,0.7740371678593181,4.306547676704713,-5.564603396671247,-62.72655877557605,4.209475075375726,-3.5430534012433714,-76.18660235503731,0.3659141668259517,0.15175530107430024,0.8207167271162837,underground
11.733342224812045,15.882361155426068,0.7479345132662045,0.13353024009482617,17.081554330429444,-3.243930795224368,-50.03257591000641,9.315619603600329,0.43815273807551147,-55.58964602822314,0.001609821302778064,-0.0053939500567101485,0.8193949851718515,street
11.1874894668553,9.464572930270878,0.16293456899602177,0.11311603199079523,19.328478191210007,-0.12039164370403821,-66.76784103261343,7.835453016467741,0.002824519840537665,-78.9794447893307,-0.029853186514349025,-0.00479633737777798,0.6734693938968428,street
34.515161263621856,74.12015232193109,25.664789219510144,0.5229550408832175,10.49986753157547,-8.347302602988995,-82.95968591653946,6.6640134910353765,-0.8402677190157144,-67.75886964903755,0.5329000955580897,0.11157719061069753,0.8390971383480321,underground
42.602129511875106,73.12678740589439,21.93599476806614,0.4881963040704348,13.24618501771523,-8.800169986102702,-68.23403258373574,6.780871909104183,-4.387993306615519,-64.68541585550598,0.26610232519815286,0.02796352429732192,0.6347213809637317,underground
7.232323327010501,8.823101561904338,2.7233216564586424,0.07151638039330001,11.965798457942649,0.12011212450440034,-61.483689233490054,10.064528589432413,2.625043371649963,-84.44710936098431,6.555669983634993e-05,0.003947670181621822,0.643020929590641,street
7.246269675148683,12.135101544120234,3.299213543109965,0.02477068073730666,10.033629080185383,-3.0167882262289627,-49.740378008240256,8.026810289484272,1.2931276746114433,-62.899292454784884,-0.04965825526453875,0.01982079668368049,0.6287990655715268,street
68.57766269259906,69.98936759480517,67.967634923021,0.37363197829735995,9.228777290537327,-5.857617102915235,-68.66112900195591,7.79756432081541,-0.8425764480279607,-69.24626274124519,0.7889534716613332,0.197181391162725,0.6601405684456438,underground
32.57925037793941,25.729757905762366,19.07956395054473,0.288409832044092,14.044213251292845,1.5169152632217688,-58.166582949799626,6.829733282592696,-0.22939984660631385,-64.26565203160318,-0.024704108213208287,-0.026634443701660366,0.6615670426478799,street
22.72780243137573,49.42647251154902,14.996385216747955,0.31988544208838127,18.22624339248342,-1.1281972311507324,-79.00062002018788,10.605694568598594,0.6682170234618532,-62.40663961659388,0.013120666587291843,-0.019911445166034485,0.6013195594869326,street
45.2814291140946,41.113608489267904,42.775073440349686,0.40098897191620936,9.198996138808841,-12.90279341299711,-86.09693564270543,5.243662881740062,2.550931651047236,-86.10494735491116,0.8478652098297604,0.24810532522211853,0.559636509065452,underground
18.615673850629285,72.90845734814017,25.263466329884594,0.316834025899952,3.8748341331562317,0.827130907508657,-88.51578967154454,6.642657401554792,1.3047872205084943,-90.70254326925675,0.3418959515629646,0.07493416398972677,0.6045521430782075,underground
42.392546806299165,68.40574644767895,27.416762064497778,0.4050886818795387,13.021034787765483,-3.684858525771542,-64.14375048397793,9.799893757511999,-5.630588443982735,-80.03016565671537,0.6067500683658129,0.07182301688472942,0.6615694808195172,underground
6.176078859496005,13.756761599370819,1.6832397043220773,0.14692926815430285,14.766994404861224,2.1732324012397575,-50.53612434925667,4.84868973901386,0.7354231983011319,-71.89235113066873,0.04928842130202593,0.003362708825757149,0.6724399116714885,street
27.063105379856367,21.25032049192714,9.345603536718817,0.21307413246162232,10.471740651359191,3.744977090585115,-61.99869731677814,3.8056178997953998,-2.3793701218318857,-68.14992714428348,0.1927040322297374,0.010037869392115824,0.8764635470206076,street
28.05701822999383,96.83809537892277,22.885554706897896,0.7898272789335384,0.07394458587832275,-17.35304639090388,-84.35955834018331,2.8271664021360765,-2.2422166192801782,-85.83571449553615,1.4211912275430023,0.23684764074691006,0.6717410013307551,underground
86.98368282163814,94.81759127163859,47.03468177729123,0.859371200840126,6.691321776790737,-5.737329942424079,-60.66915935888,0.8737782741198545,-7.778296129134194,-76.05210110693515,0.6785145887249769,0.1948429277773986,0.669845566359874,underground
6.35025055040836,10.69536861053739,4.408798595628441,0.0916142866118611,8.134441679581773,-1.5067298084881644,-65.71078133709872,10.745864079127056,1.511451401151513,-60.65643280674711,0.10780282041764785,-0.0024452150264529134,0.6287307930261794,street
10.195554705696368,16.938060875938618,2.0985116365962657,0.033028922314310954,9.096443030403293,-0.3475368968984238,-62.86711762616615,10.275276630077524,-1.2919661723923286,-72.41074594263983,-0.03538159624894989,0.017761210215325063,0.814316658269637,street
17.555356278683593,76.75169175329782,15.265495752660708,0.5725682108064871,8.770850779490399,0.24462477103741342,-68.08850300792352,2.247264691562954,-3.852748760155988,-93.75424302908,0.6719441580971934,0.10930423516903451,0.5340517146567176,underground
35.30185528253878,40.14830058575036,75.3576695924697,0.9050385772000213,0.8347747480243128,-13.615465434348822,-64.33756940018378,3.2003542099266156,-6.2451373185126435,-84.74137957388723,1.1753775959757164,0.08245339145185412,0.794822593373367,underground
5.296794655927764,16.61122958762263,0.5957735398196595,0.06398865601267816,20.100720680874794,1.4095740460060826,-64.15126817652055,10.241393815883466,-1.8107499847636765,-84.26418030624234,-0.12744424956322795,0.0006130428450031103,0.9880577428492545,street
56.5387847924721,83.62759518124724,37.287401069913344,0.6508351477958313,0.15243649987006114,-13.791760946285603,-64.21189707455815,5.504063363812379,-0.06387653193865894,-72.11126419825789,0.560414322970773,0.1667199955366334,0.5951293131620021,underground
11.143849664709789,10.97297705140834,0.887461046349894,0.02229998718410976,19.817803067277573,-1.0206782351206778,-74.99919234102646,4.930121453120215,2.975570691196979,-75.41182208732515,-0.01220272273109968,-0.009893978003025074,0.9344210072908066,street
11.629098664691533,15.031492569111395,1.3449208344428147,0.028908330888358078,16.343051285351436,2.3264439360077622,-64.6286918489556,10.678338117302129,2.4498421483612987,-68.36681885898996,-0.07141247835793631,-0.016652306627066377,0.9477496945723196,street
20.073959483513725,45.74895756187446,18.851381163968263,0.717946636447707,7.650118541848602,-3.6179072002314747,-75.2254890822446,4.603479817954552,-7.492953894170587,-89.73416060353418,1.2338506799552669,0.08546480139709631,0.5357951907064527,underground
28.66107458360453,51.538259060006325,19.260677210793176,0.13857813966024296,19.791764247365016,-2.183807748905784,-69.75809502576561,3.8777266695408152,0.9306023943974813,-72.4395154730527,-0.018697854378218512,-0.002244705225243823,0.5204482172192657,street
12.27360538026801,26.64736846994993,8.584741385346053,0.2847474458589754,13.747549526412868,-3.180981163108675,-52.12673131249133,6.5352747494464865,2.62621608950382,-83.5213406745034,0.1356691539496329,-0.013491600125146563,0.8519727118836222,street
30.981498085262796,24.294884728901906,23.322765894446498,0.2127996876973403,13.842098680943662,-1.855245267350437,-52.46902135983616,10.060892633558588,2.4803904439525395,-55.17531358879066,-0.0970845003929412,0.012887458594304943,0.6389747459460566,street
43.82555846680866,28.22487011734591,27.927285791155022,0.5197477922435263,11.434548527895153,-6.700689758075929,-85.86509597167324,4.975607307680861,1.966505789768041,-89.75304417633586,0.5566586759256993,0.11421110599008667,0.7260704355896328,underground
21.27127584688202,71.62708340945994,29.987122254168096,0.2907049441031181,6.7565958885024875,-3.9797799754876273,-89.37820269247021,8.576892256490742,-3.4765250899670725,-72.07086387930923,0.5677461777346834,0.09294128403779532,0.721001144139729,underground
19.478666468599314,42.67265395790315,23.850377265591046,0.28199877979832466,12.847887022160785,-1.2057908574360185,-54.12272229559984,9.097336139310533,-0.5688689378905991,-72.5530540288409,-0.0723549882558464,-0.027058611079320397,0.8236105352082355,street
6.063549255422689,16.52245216244201,4.365478636454654,0.042622270199274705,17.154776357026325,-3.040145481696329,-71.90084104324194,7.827886515048281,-1.929818270438233,-80.355903598088,0.12094548946887565,0.008199233630477767,0.7889814522735715,street
4.889723786949471,11.054219737675709,3.763078169113429,0.035482028922232574,12.926249863237897,-0.6060015350804067,-46.142444619576125,7.442210486622956,1.0547177008792037,-70.70042540202883,-0.1398932306502299,0.020181117932259802,0.9333812665043115,street
16.0606868720886,22.98915211585119,8.894089397936817,0.2198840555414146,23.375470481619,-0.6440854454086491,-51.874178434295445,10.67056375927963,-3.1037733813524246,-60.90608191238627,0.13378115904949983,-0.024966347116519867,0.7730548288202335,street
28.468712535661926,50.267364598407596,30.638241805327155,0.5703026213262272,14.148774545199515,-9.618571737145555,-67.72425362138729,8.125086515393974,-2.666964408129518,-88.63471748457835,0.6632278808097414,0.07318676496826639,0.7632693892850315,underground
4.099147823703262,9.385446598444162,3.6823471692757117,0.08055849247570641,20.25252240643993,2.713512189588813,-74.98584679919328,2.0722108570820232,2.409425598715373,-59.677073384876316,0.11813810076866324,0.021762933195015828,0.9027430416567606,street
24.370319334377132,56.52298636195555,10.15051517365761,0.11212949991363372,10.32168873458205,0.7935557040517418,-71.49216984909081,10.956333623128291,-0.34211115758893307,-56.81502777181798,-0.04843370977156616,0.02450413285354066,0.9731999355608071,street
39.03661901401688,32.1611693008895,32.24506059429193,0.4155110674241427,13.695276699608396,-6.723039665865027,-75.99034176505634,5.927523739259172,-1.9032862472725718,-84.76189249309445,0.5099787233282634,0.08703016703975423,0.5724720767302808,underground
8.185392768951274,16.278296238145927,5.757023489028211,0.1473213241020438,21.280510268080782,0.41452061199830226,-72.16828136235219,11.510082607633114,0.022781333817506244,-62.92689512979352,0.024485542587836973,0.0011480849329795345,0.5783251374082894,street
10.036762978931774,9.688747509547975,3.6942367088672867,0.03527516287922107,23.12579103132606,2.0051606227559198,-62.349028744658966,7.765570942289351,1.8681145381177675,-62.08481848115076,-0.08015682070950172,0.0013435582733702378,0.8541325060243997,street
31.38035526060432,35.844127158373915,11.418908173185049,0.23574054486782992,24.341691506607255,-1.3943477253133771,-72.45984637731114,3.11839209679087,2.623443062441612,-81.39091414239948,0.08842453663665156,-0.015364732707738775,0.8479310668524604,street
14.462044109067413,46.410858469678104,10.957002320317885,0.27079247622971514,11.895043219250372,-2.5631731585704354,-51.27388282347688,6.135559167487541,0.9430564883792742,-57.24224010310675,0.13362672276098142,0.03459662162187714,0.9422079453188128,street
8.300073707546174,10.458068587817024,3.2131149440819975,0.06361881282445492,13.84500667132221,-0.08809426260048703,-58.58349901730588,2.257865260566472,-0.02523257641984067,-73.16893799927144,0.05586858696577804,0.0018647954312936976,0.6224495202709981,street
8.36061937962878,11.755390096145394,4.0945882307290935,0.07061625596740793,15.010441144320241,-3.809249866451383,-53.40209409286226,7.879584827143249,-2.23127146954835,-56.29567900916723,-0.06296902991811833,0.014229916666613739,0.7509738178846241,street
20.25453240251138,52.16917186510085,9.763384578376979,0.25525007906542024,24.88217953331451,-4.258125384396161,-62.87525984467069,10.579935750776958,2.064255400050441,-62.0181726719443,-0.025167300045191313,0.035834340303506865,0.6542507764312329,street
5.533085567093493,15.84386464301238,0.3063692058308449,0.05442851095469391,16.103442411407194,0.4288402846021233,-58.33762757247422,10.80690343005993,1.25961284367739,-54.02298968377613,0.04349129425155693,-0.013894778771189543,0.6192234805207182,street
55.87971129563968,103.76622287139732,32.656883544832255,0.8164682704606085,3.267032899034139,-8.298646815580433,-88.72969404283238,2.722149921810682,-11.576483693695666,-74.4403134488143,1.4274093035445945,0.23800282445413726,0.42975014198487255,underground
23.357934974255365,53.416798651834995,12.720158659786708,0.2008924128466419,3.5132544016036253,-10.285330867721875,-83.62072366705522,3.190920291993244,0.8380873136559206,-77.75492018470493,0.20431517747473563,0.04128317305315332,0.596173492868685,underground
53.105722334702094,101.95334894023574,24.766738566777157,0.8607632007581063,5.773452470757405,-1.0773125603911033,-65.84874099346992,3.4300198575807546,-10.921052588088866,-67.35350590808032,0.4069107480798379,0.09660907633998031,0.6142326625304333,underground
8.912319262530644,8.328629032595604,0.6045883543826356,0.00885425025188523,16.642949227308698,3.1844496088154193,-59.7173747980801,11.718394419825158,-2.4945028401497087,-74.35247677665464,0.09263518410322158,-0.007670283251180545,0.5656052198945467,street
37.77145399514882,43.32705956511039,25.27218885251699,0.37621832768859903,8.357326459112297,-11.713537870208754,-89.91008402307901,7.002932013702048,-1.2547770686980755,-60.7420376778859,0.16066764070551548,0.07774656959260601,0.8956121908284808,underground
87.62426699210985,107.25591347197677,41.67914547568123,0.663980291531616,4.36547425975577,-18.977649221686374,-85.3152755950423,1.6225370142058342,-7.2250014733095504,-73.93906946923627,1.3377608631008977,0.14757247199886217,0.41699642414967475,underground
16.769392812052573,57.21592039875767,10.651617660907208,0.12660384467341593,19.070190276325317,0.2060197291189816,-78.00340287174929,3.0584157231846234,3.734761836106448,-68.89924264882602,0.0050918446148446594,0.002574969722896822,0.5859623156041286,street
17.25863504748908,48.03324045164525,9.910615785628046,0.2475429099706364,11.551695409316007,-2.2004126167658846,-65.51692052488092,8.504450745241959,-2.1666454593136812,-81.61194261017478,0.016862818734712834,-0.001987247885358187,0.7846363997692782,street
34.88574137664004,27.07178357981066,12.921440992323786,0.25033197174887883,14.848232799623315,-9.431952514843942,-88.86086601777592,5.278124517952739,-3.8113394782240855,-62.50725968593997,0.6625852576971522,0.05874494917866395,0.5262449184287272,underground
31.498769813114286,24.28430923880409,13.086716550537318,0.21655098292683955,10.039811837769882,-2.6022329558229975,-52.99705017362186,9.53430505722321,1.5799605021099596,-66.04580931869353,0.19648739007623692,-0.008406834693951617,0.7491074006815533,street
52.11639702719474,59.3624722733092,69.95749673473144,0.6990486116535339,2.736957796374555,0.048750102876653045,-80.68273042517256,2.7583304201398002,-6.046977556442099,-69.67126545963711,1.304312382165453,0.05997920130818439,0.6940278572214971,underground
23.63695202620195,82.92962853370784,16.60480836977613,0.5311405585311013,2.0549336189983403,-2.306969554276826,-73.69965608556997,4.842168233234769,-10.84027957182052,-76.90813162716157,0.7417861300359238,0.0912324068859107,0.7461952363105822,underground
8.184878248608722,11.610325854178214,5.354388986175108,0.11111066179355576,21.171809809472713,0.45266383993046766,-46.45832004867587,5.760100650411045,2.134560422390196,-75.09802359320375,-0.1258989366254717,0.025560772881619183,0.6063420457347799,street
10.603596068577577,16.566742009022096,5.306401762819741,0.053672621646862234,8.517827289551189,-2.192965198603389,-46.29464340695606,6.176605019553308,-2.3127709709988045,-78.80044516679581,-0.10268630987464464,-0.005427343139860395,0.6273040065500505,street
48.77997719306066,52.23468869133306,53.37507982753368,0.8433222056399581,5.852017594231215,-1.5866428477294932,-64.66878762881312,2.5105657146801805,-1.7734590873667013,-72.5605957096173,1.2607693613848718,0.07742909877819618,0.9811870274041234,underground
88.87134064179939,48.886828006366954,52.26337494719864,0.877024462573655,0.6794175263405811,-10.211216565272293,-83.23550850101624,1.1136245543648666,-3.2206271233574437,-90.08560283335281,1.4242245060536434,0.22062145686622556,0.5556092247187497,underground
46.77217739717131,54.85961465591474,35.99109562138221,0.4346447887871418,0.12428577902263482,2.9478243869025,-69.25793252509733,6.01422057653714,1.6883259481295205,-72.03644512099658,0.30307816010323957,0.16412869479079029,0.6476341150802971,underground
30.872725808595032,30.734220305852187,15.331288866675237,0.17876218854861964,15.294811817637758,1.9135473664754388,-73.83797928900472,3.9204701150918533,-0.06235071207093679,-75.47084630950914,-0.05852940927962376,-0.0018329140326943487,0.9632043221556842,street
23.39228160863854,35.86657259033136,10.700056061147478,0.26324431275797266,24.5367177229138,4.6563171871298525,-75.38645886900098,8.28092187760097,-3.0607287385923376,-77.33260724595232,-0.05560367478684362,0.022830532058672172,0.6734260698388103,street
89.04961367515726,69.28819911452749,37.513128140802834,0.9506210881864486,2.852260158301526,-10.369124768914197,-70.33495201866674,3.6530245288445853,-6.942209104342284,-89.1547099837146,1.174805676224671,0.17554998708653852,0.5787389893511874,underground
73.00644438169363,116.40135079518589,56.37983702091677,0.8009018156789012,2.4501527533213396,-5.59324422300916,-84.99875453012947,1.096858189378354,-1.1714943927728818,-86.31407603710626,1.3179386151447767,0.16194754149424914,0.6917493058976882,underground
5.506481141332313,16.530799946616074,1.1639187197569383,0.011262873044938764,8.610171320343174,0.13698678532277508,-69.71541618470035,2.5925250499041534,-2.259283929894424,-67.63457746000557,-0.0004642831468720521,-0.005448335825798928,0.7624897214406845,street
10.468524859557608,12.635903123497561,3.8125530436689647,0.061495574007603235,12.353274638262675,-3.5822520360825507,-57.109625395111195,10.216601621935945,1.3603417145832237,-76.15840310722632,0.0025743405682341902,0.016648961905597406,0.8905821020908351,street
11.282698662288201,13.586019968214128,0.7855458484934319,0.023929693645018447,9.247387314013698,0.0513981422373897,-60.37084350513052,5.671324007988934,1.207246685441226,-67.85789715470492,0.07794426146666969,0.02950230191736273,0.5450439749239955,street
45.30856167726442,90.68696342216145,45.43150079449265,0.4915165919846643,5.147802316875855,-12.587083463337152,-88.12913460465643,4.918576168764417,1.6931935633121942,-88.22608247715227,0.921417112315783,0.22663013072052293,0.8075240506906933,underground
24.99469122464121,24.844534392027313,21.376521631584353,0.17613528723311345,15.746252290109874,-1.425218480128133,-53.849698058741325,8.884756164940551,3.6988791830772225,-66.99406560468873,0.14917543261258082,0.02894383179684041,0.8671379354045989,street
32.63283764874531,57.7190776596637,14.771089086110138,0.24635766029700418,20.932237712420005,0.8865531850901487,-63.034335622653174,8.628547481964704,-2.8458763937787426,-75.15375019923343,0.010878019309034717,0.008366396212949052,0.8680331258603906,street
10.553112364268545,14.083024839755621,2.017796465539643,0.10214522597075644,9.657479849608968,-3.651462730816248,-67.47725920602302,4.129338911680909,-0.5748442553953783,-57.41898785612028,-0.03901835315894055,0.0033282125430168924,0.7533658971367969,street
7.719915548865707,11.51836371478041,0.14331817777193456,0.08836325063158769,16.847561511770486,-1.2096918020317178,-65.22126278521209,5.346845587098475,0.024433414759329253,-68.61026381085429,-0.05295201957803064,-0.027281592315221523,0.9330376390130068,street
42.99379808274829,118.25721114160865,52.42007333361734,0.5398385489397949,2.046147221978638,-17.644588495694155,-65.86569142881149,3.519915225486982,1.0605708052707943,-65.43057723031312,0.7590488304377866,0.18601811771338006,0.5688451256954722,underground
49.8393403153234,79.61513569565999,32.016384570056644,0.7319066488248622,7.353871463620148,-3.104164367191963,-64.83242336318018,5.6079659765126735,-10.536532827889088,-76.61161771481643,1.1198331700132012,0.21122472101097914,0.5400338828441094,underground
23.06002163683658,72.96017617588117,20.898542951583824,0.42078349194575193,14.747118149068445,-1.5597051731597809,-73.86214092863713,6.919660003116979,-7.964007920045313,-73.56969515140285,0.398115086841927,0.09639538133025248,0.5018943977096587,underground
40.21127810711058,76.21956912625541,32.213763113319004,0.26868032531291647,12.462451573734999,1.8496014435219035,-65.47239659336975,6.916984285186113,-3.8099454606276604,-68.87179557993294,0.6560469286092255,0.02178195688531061,0.9854734594608116,underground
27.43605875225078,28.161475655675495,38.8601229312123,0.5238191317655874,13.795499217944737,-11.905854530838244,-76.60748226640798,8.031917255415943,-3.863381330785322,-78.80693071940877,0.3757470094835088,0.11649577815926733,0.781304332824333,underground
45.33569243350081,84.01838839323756,17.522656589257274,0.7742466753239403,0.5558500810966904,-11.462508226274469,-74.03355055502715,7.32832003172912,0.8178242042400132,-73.81216790011706,1.055163553255352,0.2136376696729175,0.8544000747777393,underground
4.95993138093337,15.67716580908322,1.085408937590189,0.12750892691352814,21.148605696631073,-2.851017671838389,-46.29162157875236,11.46830596158049,1.2709571814520144,-59.64599649028125,-0.009178387436440033,-0.009819134557875434,0.8040214737007594,street
53.5675190437189,95.89531598412356,60.10143716668475,0.9264298843008774,4.056548443049634,-3.412696024157004,-80.26202090533586,2.212817737186062,-6.080613631919861,-80.43926216164346,0.9391875554089849,0.2001982438885121,0.5468358298463457,underground
22.55351159903816,30.447711487556823,11.422658574297348,0.10824720561737361,24.78473719578945,1.7599015034796208,-78.96489315039825,4.321909309877799,3.706766115367686,-65.91234101404416,0.15212587105396183,0.016428087869297885,0.9513520404698101,street
10.404376863652285,10.80338254220963,5.180195758752465,0.1365328954091715,17.914474792784418,-1.0450548239683064,-50.40054763933506,4.49270270990526,1.4125340495410086,-59.77326048523862,-0.06475943914023273,-0.00525807297681731,0.7932099235504881,street
89.22462526975593,78.18025453063746,60.44265894173682,0.8968436521598164,9.13763476055448,-8.131260883362058,-74.12328347476691,6.176467399007922,-10.547371110721649,-73.1851968236486,0.9791442025905246,0.0704499213963095,0.6553719596664498,underground
17.275470904154645,25.30005222351174,8.572319635744831,0.2681281890885423,20.11601758046218,2.70079328309831,-73.85523964050952,10.21618548631903,-2.4252809720168873,-82.459435727196,-0.05699808451325382,0.03501751083626091,0.5080831257001253,street
4.016631777812454,11.727126467813797,0.13602597731734023,0.14840138047103119,21.942524109451035,1.7061866207040683,-73.77630508696618,4.636807907731416,1.1665453396347143,-52.60576382092574,0.11750565226291212,0.02967398227411023,0.5543263703730561,street
11.186952597695594,13.808129302995868,4.7930482126020335,0.11515138422983258,19.912166609667665,3.2650222495350514,-53.74833219333827,4.972164309122759,-0.43700692889295567,-62.21396816901216,0.10732038043851747,0.001518874267280368,0.7080764198273766,street
8.292452130938646,10.626357582711595,4.865434285084421,0.012463540686632229,8.937645227360125,-0.7032893274398164,-55.397204605029,2.371204783853508,2.9947809953132634,-60.725567222618295,-0.04121591538442339,-0.021161294918326676,0.7580670436785676,street
39.40347214366947,27.858176632680312,27.996263370567828,0.5480594300160694,10.835854244150287,-11.315912222632125,-87.1278199844533,5.849163024473039,-4.462843005909597,-79.47141340834153,0.170584412915139,0.0945568733043895,0.43715126383354747,underground
28.0049653888461,36.73927162672202,12.391228688763588,0.2441914306842826,11.900796454166747,-1.9291222686443152,-76.92533730647865,6.132061092825257,3.454341587957847,-69.10235480042122,0.14627961753652857,-0.027716025448175308,0.7874296750599793,street
10.02483570606535,15.32523715032843,5.077491930918773,0.037680080335058236,21.11992420505796,-1.1484656697670292,-70.67276691143584,4.805678494121882,-1.0976064851114142,-84.82290285497272,0.08522663514057927,0.025114309986038245,0.5280885362003256,street
15.301466973642349,66.99362789875829,31.020476236721365,0.44803863777145536,6.845101935111446,-4.048464583178279,-63.67956513077909,2.3054630915424434,-3.0370003108833217,-92.2233421213519,0.497255573696032,0.050010073655451626,0.5458930884909197,underground
31.274168979593302,53.26575773526625,11.203759482050803,0.2645532154882764,23.590697807429297,-4.812909730560442,-61.94719245358762,11.64602527509119,1.1508756645473,-77.1423201276069,-0.0340286556827227,0.017604548915118784,0.9449880084554987,street
16.164836758410452,39.33342059176666,18.766210594349815,0.33219352960299253,22.871455257812023,1.794589973456869,-53.094683012705744,6.075980922500101,-1.8478984644708554,-59.524085519261504,0.019765997990865924,0.0012796843636802696,0.6036024977965868,street
37.27026153060717,78.34593110656817,14.702585889087757,0.5023377603154637,3.583138674655088,-11.314216914206682,-62.895358256752246,3.565489332848818,-3.927708917062012,-93.53558559642539,0.1943934067055838,0.09740112100647505,0.6280486682461699,underground
6.6781933894447265,13.740047659705684,3.6118954458145205,0.040057893910122155,13.55376785701509,0.1690092317613452,-72.44936097691445,3.327479117686173,-0.1983837198677323,-77.22419197828866,0.10429214414061835,0.005434745906578775,0.6959700994965322,street
7.573573476614083,11.927749294259005,0.31136978883107647,0.011518100772877043,13.428037601443146,-2.4741326055887756,-57.534841308268284,8.17375146569069,-2.981135830095216,-76.03431498152564,0.03666266531887763,-0.003900760461177967,0.9283750137155464,street
22.88409978460397,51.12558124846353,14.944944730161684,0.23923064543451253,8.66192796487348,4.553890358903006,-60.661068140264845,7.6971381220681545,1.8083536877608068,-76.32548477847415,0.19422667024708504,0.01233230966481752,0.5452390354195575,street
4.305032137953818,14.89050280780247,3.151085106935156,0.09499403906542053,21.172499104062496,-0.9807503706077467,-71.25188223051434,11.21333204948644,2.9156571390389665,-64.65872431283572,-0.08958126947655676,-0.004026597264587019,0.7913087795759457,street
55.91445568785072,115.76551676813538,77.61525309832209,0.8779523844750254,2.64914579798464,-9.815303443464135,-68.34343823294665,0.7853793243164251,2.6269907793644354,-72.67415628048414,0.8467490673014343,0.15037264418620516,0.6795867125884911,underground
35.864285578403646,63.71542098564848,33.96094353671657,0.38179917868066016,10.07033245514531,-9.545691379747694,-81.55422140799081,8.94906161896886,0.3000804394728309,-93.58334019413837,0.22762483550270152,0.11889129304676437,0.695513790430663,underground
9.297812031734626,9.771765729335272,0.02635376237695808,0.05650088446864073,9.707654575441019,-3.124412759171098,-48.74795928132656,10.44135945585359,-0.7576822723366785,-77.53862029104965,0.07671726296510031,0.026125416314604903,0.6590041658236212,street
22.572134680617378,55.888466332812435,17.976722169186022,0.14930081917031843,18.16311545562356,-2.9252088389772823,-52.46795259388921,4.382924501102221,-2.412007722959798,-69.78525748668775,0.08798243512850237,0.01948437155441221,0.6127997064034203,street
41.45892018968959,26.692957030761395,34.29714683983117,0.30362525115936634,3.533335074904319,-1.4526276712518342,-65.26984552853034,6.648921711908886,-2.057442338165428,-60.85204036130611,0.6094657467752839,0.09984849664472836,0.9296040435835052,underground
50.12044275753479,112.38743609109551,62.04231876645585,0.9289071578837009,2.4499947099530948,-0.6517786666739305,-74.56382087309966,2.196169712978164,-0.8820088018030905,-75.11514984279695,1.2145229228704857,0.12313750647227578,0.949061380022839,underground
15.960783851937135,71.2254643914502,29.211590854481486,0.5240441460509995,11.479765649290242,-10.910543294835424,-85.28463751622665,6.146982177662635,-6.061686128732125,-66.03260476777555,0.3258346241911701,0.022801438528035803,0.880248599961764,underground
11.824968346154126,12.533444831699219,1.881326461235181,0.04377298355315549,22.40718581447406,2.921686529734603,-55.1970873432748,3.3680749280297064,-1.6444031003116848,-81.14874554764525,-0.0507056406278658,0.01956093323290803,0.5293382259250425,street
8.00573305285565,9.935817662559032,5.208349090403433,0.10341262242767936,20.097064843817392,-2.962070270363178,-64.55944601077249,6.8879492169943966,2.6982115253866272,-77.92508869191323,0.043090756773604855,0.028309352714259932,0.750700497516525,street
74.45402510737756,84.33274002759529,61.95537388079451,0.7377309421749483,3.0367928825905235,-19.144517341765127,-74.34061746177427,0.44357830453382086,-1.386214149825177,-72.64282537415095,0.2627294502808907,0.08353442467954168,0.7751625727330287,underground
9.541479762866096,13.755232808523406,0.7497131205077097,0.07892050618121786,17.968606799396696,-1.6971182969026346,-67.88140983504896,4.702408020634835,-1.3026957655800324,-68.99179487840367,-0.1493522272399572,0.0012306303482827567,0.5291296488413594,street
11.065329104558344,17.35415770143899,1.107922837819947,0.041593041150070634,21.835765871280607,-0.6564308941210717,-74.25886794593148,8.811870407673652,2.0839192337649806,-68.05069069301048,-0.019404664024867346,0.014271981732037753,0.9322999645042611,street
48.66783640644138,58.31212607123256,15.525857099773939,0.7104245884325465,9.106158113651706,-10.858380300052097,-68.2135573558317,0.718347328682591,-7.014495243846132,-78.814098517819,1.1287196949782583,0.06535094825224616,0.5134677663573466,underground
25.282890228119157,21.636649630542344,12.03210465091006,0.20357766264583016,20.855047711673592,2.7932195204836994,-70.34663376793446,11.932133447711696,0.9134720144998338,-68.1431679270596,0.1302449901258571,-0.013688565025877706,0.8102450112605917,street
43.13391862935262,62.69281579055513,19.08616221683984,0.4056376536440529,9.04728299496971,-3.6733876443550386,-87.74870620077391,9.808984473921793,-3.1724681181148533,-79.01781361350658,0.6047740148736328,0.10805412571940975,0.5452271114587182,underground
9.147574208163142,14.39047497626086,0.7509076517850681,0.09574907900851237,20.73549336445498,0.2425091182275212,-54.0955888108846,2.2477834671321446,-0.5625145024564144,-82.54776742283798,-0.007352446686632319,0.018175318401769447,0.8407954832678874,street
44.328182073633116,78.00320075676836,37.58385487936263,0.3793849372962519,11.867892233573244,-8.87821695480181,-61.876028484350506,7.92671724515909,-5.607959946822364,-88.412471481654,0.4598873662916352,0.09194495308386468,0.5545356793094331,underground
21.534703358736934,39.60405796283107,11.222837097649009,0.15499683252181198,24.97152423118771,-4.822558459100437,-79.39817774543222,8.773978132564478,1.6182041428342648,-68.66781166851807,-0.020638987592276448,0.01579629679436801,0.8761041053301626,street
27.734611174518232,70.9510158709434,16.056746028409876,0.26550413849978494,7.76904714103918,-9.307284153653843,-66.2017565551499,4.469500119342234,-2.188623195959268,-85.26928920502193,0.6136526561879213,0.11859609263219942,0.6797601934517469,underground
10.994026844725736,11.680019378802102,5.712380545718604,0.10441749626321181,15.696677575824811,1.3351917735749153,-64.68471906160613,11.074066538376668,1.8873518211469165,-77.03343793881382,0.1325676034252559,-0.0025454923449525872,0.8170648532378708,street
28.080738698533253,56.65348661173355,48.496567414359845,0.9901758432885241,7.859256060927704,-13.015143890293032,-86.55354248926781,4.140791270075828,-2.9048827272200803,-78.43378215850834,0.7384254162194773,0.10955343675181337,0.4306745880264521,underground
7.500622183012457,10.025829054533215,4.523916310058534,0.051126156182983065,12.014454877205807,2.4736011368384716,-56.30165063736128,5.819685770780859,2.871918639817502,-63.86672478939788,0.11389363410808365,0.02266398094365213,0.6326392431196541,street
56.71422210439674,107.72580876414834,59.461468792071045,0.740615571186727,5.239876831595912,-9.897864012730956,-70.31503389606495,3.388871652504484,0.7917645942816005,-70.19034086149256,0.5275642590077211,0.2143423554531018,0.980068007530158,underground
75.08143157615223,91.8840872150902,33.29994931681131,0.8016777211846418,8.358752009179286,-10.900259652900802,-71.4085984413367,2.6736726937820263,-7.513365764452422,-83.23679909111753,0.32800489393695986,0.2256537596943533,0.8324545079169616,underground
13.42891015410004,50.94767131286927,14.353557667415455,0.2278092556357612,20.905667131349524,3.2871496196568977,-65.51561867513946,3.962054636943563,1.9087126791633802,-58.479829489272724,-0.00045089244926098393,0.020229380833850855,0.600770303219241,street
4.7320781336419255,13.150320248460543,1.0648997384676395,0.13269101961178054,20.361955600222444,-2.630788464882767,-62.54686876642623,5.170209569452127,-0.33287605770077633,-57.006545015501274,-0.08408557631776893,-0.009728073953610715,0.898571218619152,street
11.650046578904131,10.609577705821438,0.15691707285161316,0.09453654178070821,21.54069846880043,-0.23866106543639543,-71.31954032317726,5.969350355231934,2.898831609970955,-76.02157263996105,-0.0016294489180622151,-0.007136536098198653,0.5460259189849079,street
8.564687061589256,16.10775604081138,3.68701837443808,0.13465073652708856,13.87161135917989,-2.620434212080795,-59.297709338015,2.375060047201874,-1.2786289710753904,-58.176186356044326,0.08632513848236681,-0.029311958909329843,0.8454209953109295,street
29.9498883397692,44.650672096852546,22.974778438499893,0.3311538296804275,11.75639961729626,-4.9507814801317265,-58.38320957043556,4.996734449220895,-1.654512480888731,-78.37656786654834,-0.04686560716131168,0.002895471207439,0.5784360702281621,street
14.475341043839764,34.99105978837498,13.984697653347363,0.11040491951563156,23.85419160965234,-0.6771708891346551,-55.961391614166274,8.36363778324528,-3.6104058891751194,-56.98032212551279,0.12243406682387517,-0.005085863170616767,0.7271553566711959,street
36.216094181044284,62.16713567754999,29.950760524505153,0.9993657986187708,4.571953585467177,-17.106731808459546,-77.85077199225161,2.1454148600773326,-5.988549902532767,-79.09463780141851,0.3246955523976739,0.18504560185304156,0.5792001772253537,underground
13.197197494688584,23.074117917310577,20.625439969925413,0.16606930568530687,9.679227390661682,-0.2197469879720817,-53.12090756474221,8.890144137298343,-3.640576728060826,-71.90471568545546,-0.09077451553864223,0.0023458239913066864,0.7377617142569207,street
43.3918105476653,66.04180935734057,24.637997438058612,0.5312955602335336,7.686702077550294,-8.049256498786086,-68.17715181395171,1.2753908478032852,-4.189954463901539,-93.6386859484766,1.2372798734954258,0.23093343430726684,0.6570729901731189,underground
27.414441624063905,58.37182911838014,11.525388129960824,0.4331635288962103,7.3539419684406475,-0.26223516687054627,-78.8050811326074,5.183623963398508,-6.9362271213068345,-88.82044008111725,0.15024879920117448,0.027062340227164666,0.9234668457042229,underground
73.0790802546739,107.95642256395408,52.24029741003784,0.6065488228470726,3.307308148163214,-13.398248669975061,-88.6202599059922,5.662945268660083,-10.565918358588965,-78.08618326628779,1.1449520367448032,0.24474317260664474,0.45480774568060794,underground
28.94135158256497,31.226444447061606,12.401616095490729,0.33010314943580327,14.381533590877307,-0.09021939081951125,-60.3135441397369,10.983905354029659,3.205931233938113,-71.32627975182555,0.19224445719613545,-0.003723079634499589,0.6543723615559254,street
9.29541204371012,13.244206959470347,0.5961015977098161,0.01066822116506344,21.07188772976991,-1.5325798916394238,-58.25486536186469,9.48471008156412,0.8645104679102773,-69.48706859941879,-0.0506801103494743,-0.013747578729679789,0.6523304663077301,street
7.1548787212236435,13.607095165220294,4.755409032257494,0.010223412155868911,18.96545481672667,3.1282075830212612,-63.330215822322046,6.084368166177853,-1.721341577240233,-58.328758517725596,-0.11990765720637997,-0.024713370004093266,0.7779961976634097,street
52.72828176211072,74.39799137083527,41.21103945252739,0.6355185072635795,5.260326047864572,-2.3476697178625194,-82.58402013261511,2.287167966695587,1.8344239346327882,-82.97789718612448,0.8188752840579059,0.17984035714748264,0.6976288997061924,underground
45.77569718040271,108.24280956457261,33.31974223430029,0.7145607849955613,8.101329017318294,-14.201250829101173,-83.08961466457353,6.263089174613918,-5.54319337762025,-94.73043557224076,0.7959316828858062,0.13620962477005238,0.6283957267535937,underground
48.00785204182273,70.27191996809864,45.508594945401484,0.4757630763613068,5.062453396496126,-17.852564725758228,-79.51008116199625,5.752609693216079,-4.0852454350224985,-91.19081793083313,0.746708385574235,0.24947525840716553,0.49598462065690385,underground
32.72039304891776,69.10033086250458,38.70995077617329,0.3963472612424288,11.963794206588284,1.0632904700893704,-88.09931154567019,3.3527926985607537,1.4764641950623876,-61.370931050844746,0.4256846761219506,0.09294885159287729,0.6539254479482115,underground
18.398765496929467,38.79914878433232,33.32908889018397,0.3735185328793583,5.440966239798108,-7.6227858076791435,-66.46274154132533,9.436569666561418,-5.551972356016117,-63.46422809497728,0.2290586978850075,0.03151122644087356,0.8640732128041426,underground
29.507868916364778,46.6699437768051,21.09392288030541,0.3866240898838225,4.953940170802216,-2.051449008395103,-64.27875936979824,4.783632272911906,-6.267184165294959,-73.68246710565728,1.281454734087063,0.1671033579625624,0.7014141083802293,underground
5.140668865983529,14.8755769484706,2.791931209320552,0.022171435611952006,10.164017794773613,-1.8275769731460487,-59.03898310020974,8.75619848343261,2.107682736122161,-71.4231245640154,-0.11213866907569353,0.015621011312501841,0.5439291377429158,street
50.88819526573201,64.1085189448964,43.057056821553324,0.5031309502636608,2.0975247137510467,-15.540810125808257,-80.93831925743758,2.6161867352105217,-6.505707860991273,-86.30483818703237,1.3760159949056565,0.23844707005328136,0.5191695979113248,underground
6.407414304248952,12.5627774081637,1.2019954340608647,0.0027925546651093977,8.176633224186057,1.6281076027461792,-62.95858125745309,8.846388317943202,-2.3498497087218544,-52.82814283813144,0.11390181956748721,-0.00064205397897538,0.7198512507480582,street
34.169966374384046,100.29506603701391,55.50607715525839,0.7686808820041977,9.631741450981115,-15.063873790405049,-84.65192971360405,3.509504772368503,-0.2955745140607924,-82.3496072364052,0.7244154036734631,0.0998517769516673,0.7537706604068138,underground
33.12924386051994,47.39982648685172,21.63452860792036,0.1878073364174565,23.640787009906486,0.8128758989525773,-73.52331236578036,9.865114953533638,-0.0664617264048939,-72.20803745828879,0.04050941912413536,-0.024568355610606413,0.7523992076905459,street
28.836257166675797,37.75303122947551,22.77794475242512,0.20202300501662318,23.24263280256779,-2.8798934858628487,-77.4861077211938,7.675982959271292,-2.5985458800012244,-81.27415841561046,-0.06071598045843883,0.0055450538900305366,0.9837031801803453,street
6.096484350278669,11.69328332940821,0.27935606520154854,0.020278799455627734,11.65027877252176,-0.5760101747104489,-74.81570376741982,6.4648841051487125,2.4403447057826497,-56.85200214998221,-0.13840686079392708,-0.012639114575488317,0.6970804365791021,street
30.426844733278003,52.88293130664108,36.98114825356477,0.25182938618923467,14.700609705160078,-2.884384168190069,-75.41399504979867,6.967014914410035,-3.103795338096093,-78.97021758030095,0.421056179930302,0.11665750264739366,0.8506528605093155,underground
88.68817403476598,71.23795342857434,34.92919263559317,0.7529681736996121,1.7287972480340608,-18.713781085046335,-70.04905966205118,2.2150539286977695,-6.548570768436645,-81.75117023567061,1.1953141847860949,0.05965886655615696,0.9159625479535726,underground
10.219423019630618,15.77117858278557,4.08562821708066,0.14678936049711178,22.16689183496467,0.0581228898382653,-56.98859549019511,8.087569628697063,-0.9443654664129579,-60.8654655203424,0.10925124944293871,0.005633552587185037,0.6193417523333342,street
41.179722436070264,41.835442554662365,38.36717207740561,0.7732327568387498,3.5525478651576305,-9.314925818633066,-65.5365424986986,3.904753185587741,-6.208287033662442,-80.77282434735375,1.4112049726386422,0.11485227742078222,0.5761549493656051,underground
26.78844178511306,29.63388892635312,20.594416018298258,0.2730907208654363,19.036522901138976,-1.6927513408775816,-61.379751215721235,6.500853337971255,-2.9389038614574465,-80.57337576064364,0.12361484165715506,0.0004649648850065975,0.726999127399323,street
36.28443849327679,114.15842519966108,20.34757876008336,0.8204640594311933,6.295223613236312,-4.603055153077147,-68.74769249187304,6.623479359066449,-0.10315118773196907,-77.49316014913128,0.8835588584862435,0.20930825471390763,0.8838588030997248,underground
8.598738470805399,9.23287849260708,5.581172621290639,0.05885149810062212,17.14156613194872,-2.441176531131111,-51.44276952117008,10.521192029644597,-1.0745592060488764,-53.57656528367514,-0.10597582107261153,-0.019425023053798562,0.5659739410504178,street
6.338941696140153,9.35489337631856,5.524347138209114,0.11591104608107153,9.320921470642018,-0.6006208044713901,-58.359638560745964,10.603910990345247,-1.8284359656834772,-57.3218774281777,0.07028205801839654,0.017562358264851155,0.712125689644384,street
26.556883606598806,52.912527998092074,18.5267156760575,0.4552662371026395,8.629226201437728,-11.628868506031266,-88.61624323229654,8.346957908567639,-4.706333120606482,-90.55999798640137,0.5038041308247104,0.026825134351203386,0.8252912989235901,underground
10.258904795613525,9.129193241906975,5.677334125473509,0.0869487441332359,19.89914625954454,3.723906035501945,-68.4017491695917,5.417606226631338,-1.8206624376029645,-63.816641676373806,-0.09781854919122296,0.013364201037306886,0.8429759552119076,street
19.496811335396238,40.23235273079233,10.279726305828474,0.30653751728532896,15.839504556488631,-4.639997291407818,-71.7963864731629,5.733229349929907,0.720018754192906,-69.42044907379675,0.06752634898524987,-0.009065339062059134,0.6267136396077484,street
9.59114262637781,17.792771480851716,2.6012027635923523,0.07022142823787832,24.20805075233879,-2.5954002748947484,-71.1904429840695,8.63178919443164,-2.214402354540992,-83.89637909743705,-0.11865610143475272,-0.013435447318336822,0.6185942036861496,street
78.59734872764619,67.82652197989756,45.15307947752716,0.6315859518072583,2.2469753084804767,0.9256143322027341,-78.65975482344179,2.186927919678097,-4.025548540777588,-88.15973664410122,1.111920577209526,0.12215608803694433,0.4070454690001493,underground
15.332327051103892,36.20715405827637,24.442835712742436,0.11981322451070617,21.742824476090533,4.944315514933525,-59.49804702278617,9.321198307864996,-0.9104502106274062,-64.47957786166623,0.12259478186706699,-0.010634838490266574,0.8780031265752943,street
5.4527297775668435,11.268435977905254,3.334250401843656,0.1431700206907819,23.37908171488531,1.920388123971497,-47.20203575959396,2.285105680291636,-1.084973172472936,-77.19716590341531,-0.021386383410495924,-0.00039829151746004904,0.7119479797411894,street
11.209063541568666,10.71998580223883,5.617501090327542,0.08360792016908346,19.14088062302109,-1.0683504948393017,-66.43137252056968,2.583700576522417,-2.0460840531809383,-79.77376388621305,-0.046487173196829434,0.003941529753564217,0.7433927461852323,street
38.479896913391094,88.7881375200873,49.51985209317188,0.5539164030636059,5.354051803317215,-15.934811259494094,-65.3194957045639,5.9811062407660724,2.189030849078611,-69.2702381616119,0.9832352024701034,0.24317887192967244,0.7798410248548867,underground
10.644980594481064,13.136396813679118,0.05463004412381611,0.022553222476725643,16.753195439567143,1.9913775265226112,-70.08478861923925,4.177087988053364,-2.4640730184069817,-72.75565860369122,0.10283585388072883,0.027568702768318375,0.5750824346860295,street
8.278527326230225,13.232167129797077,2.312520763859075,0.03010031371542908,22.52588507680501,1.7290160911561072,-71.1650229233409,10.469416230251298,1.1738799026001727,-73.19367183227536,0.07336117446160406,-0.02930669490246348,0.7920727138117851,street
8.452128892253997,15.752224583347079,0.5153961311982529,0.07414526915286948,21.133857387486362,-0.03428493800358279,-71.50064967171845,10.963382018122312,2.4231270753464607,-58.25160276491167,-0.09194664958264757,-0.012979563955343408,0.8860717793384432,street
85.05708305052944,82.9266967677188,26.343837876768337,0.8561447837604124,4.386392586644803,-16.84917721539683,-82.6404627431832,6.00795938482196,-2.532085632631942,-91.2889738543021,1.2674134867717546,0.22130998080674102,0.6268552722063073,underground
11.061641262702858,14.588508130591437,0.48055627811716883,0.045979260331421114,18.512302856880687,3.244995596146296,-67.35546446469579,2.803515691035659,0.02808951629672274,-51.10843853415839,0.058722833608774894,-0.029497051914241006,0.822649218861222,street
24.968649856093062,77.70758538218229,75.30047902866008,0.6226512926166401,6.74816273800504,1.2777914672392647,-76.1689538017178,2.073290310658286,-1.14450226002233,-88.99451396043449,0.6215831529147383,0.05730600481094242,0.5109344891184562,underground
21.186896069112482,42.572896398666565,79.69410644732369,0.612332762795541,1.7656357185272453,-9.514769360798667,-63.27774214624175,0.8421252632246157,-1.1449996991805094,-68.03376698840839,0.9348064735065784,0.2004745228035465,0.6551938806736584,underground
44.269546503288915,65.6975044259062,34.899932092729145,0.43657723523227604,7.704191646279882,-4.066791404466877,-71.99171858649348,8.947112500980555,-6.186051254309344,-68.89654129001637,0.4042313831347757,0.07259907389018865,0.5818525972813825,underground
7.240401287687515,14.386784165480663,1.9981301445704642,0.004272273586342507,18.137941996309905,-1.8851677348455036,-55.878968769191076,3.448602936931106,2.2633026567957124,-68.12954413217096,-0.11384485696401517,-0.024377948999196524,0.7661399674973992,street
14.289913378186045,47.974294280294885,11.281267159899837,0.3272737158375608,13.778886925716279,2.5588296591987003,-78.01589252338513,6.394349188526103,-1.6139756693465532,-78.84056457240388,0.06048302299867428,-0.022531149454771665,0.8610497925648817,street
25.857815713074636,38.50273073006151,10.727840343484427,0.20345808715065344,24.93784926957274,0.5528271686867914,-67.90840791486295,11.093010725666748,0.3948262276492214,-66.74672100322553,-0.015023048136604142,0.010211229659364392,0.5662026798797157,street
65.67812897545974,88.12999855971327,67.68698077228481,0.9328501089477158,7.14421247758361,-0.880071909520229,-74.53610051611672,3.4711976254526595,-6.356427577272109,-84.89233389087629,1.3176618018988395,0.13020135863552842,0.6197415733561752,underground
36.53206879568915,61.52606654269413,20.039989672115937,0.4257207141627076,11.00479960487517,-11.64912006076614,-73.04822729573652,2.8857195498756227,-1.6458546083623578,-79.89304497122977,0.6512111526407963,0.11551817044671511,0.48798540476648367,underground
71.72389275374965,70.17834745434943,20.963887509279832,0.8101595289393289,8.906494180112796,2.8864282710143847,-71.31356881595926,3.118487065919651,0.37904433248424496,-86.23418953254716,0.35299660918034637,0.1965288742885873,0.7000594312486956,underground
33.94614486675159,54.18297466898262,21.228847234689795,0.25213684807651465,15.763544232708423,1.1706594517180395,-58.946886865291034,9.062933552905141,-1.6262999277647303,-59.24220313322519,-0.09894052982214868,-0.009974027153943722,0.5516009675245273,street
71.6923748622749,76.65245255814014,69.4129206706851,0.4086000875430841,8.376671302959988,-10.606076599753761,-79.75559358830486,5.604774159594478,-9.526517774324546,-71.91497632563782,0.49748709703837257,0.1706098211103742,0.7697504097922263,underground
21.94555826026306,74.44341581881707,31.991881593943056,0.5218307464265532,7.694301578568785,-8.008320215326378,-77.38525750204087,0.10707544938051683,-4.58369418689867,-85.03179465013207,1.0012210235520786,0.20252050753122822,0.4913296740197946,underground
16.18542999952427,54.17959683780911,12.650968155323598,0.28612867793517993,23.03870775878474,-0.05251238273927239,-53.128500431485804,4.832725855002327,-1.411412168773385,-66.1780411176318,0.1192938282680317,0.03303292840671196,0.6445022682274456,street
45.015116490530716,71.8729370027225,68.66102642285298,0.651193619961316,2.4984939847361964,0.07769876189973246,-60.42218720635803,1.334375820449556,0.44066113634846005,-66.68082246457683,0.426199840786881,0.09674299516043627,0.46079235441098954,underground
23.33184421522168,36.5810853878898,10.587748979668936,0.23967940998914555,24.655909027508212,0.7848446347231022,-59.3386158995167,5.901655858945135,-1.0488044490544786,-56.494177671390986,0.08414140688989477,-0.029222695475968,0.8433752018492947,street
44.68904587578808,77.07230258563541,16.324548525754338,0.5328249701141256,1.4959995699913864,-15.804420091465381,-66.83437468319917,4.714283845859377,-5.69054478406246,-80.7507599075938,1.4758506867976957,0.06326869948083011,0.9344959482359291,underground
30.739079439366684,59.61456013392459,17.644199974524845,0.23699190265824596,9.418962420682176,-1.3280529399893224,-58.71562795952559,8.779962553557965,1.6460460812626776,-84.66453167535926,0.11005803216056853,0.0029238604842779375,0.7368635223383777,street
61.477592139499386,103.91945643255048,72.99880618409338,0.5013162411855587,3.4651243310952626,-11.394127668182444,-72.14347162861783,3.102587037838825,-8.393864663530874,-81.12344460626595,1.0062942074233825,0.15333987137115213,0.5453448587082059,underground
55.59510366633855,102.29950800511926,73.17793318492942,0.897093162411757,5.51300958089286,-17.12950903259606,-85.70726786725471,5.218410371235669,-9.16573636232268,-89.92154974615612,1.2747732938571905,0.11508971855902453,0.8148836569474165,underground
57.245072012052205,77.7716354941564,69.23692775656873,0.47300239360966767,4.370491098243584,-17.129865667355112,-71.34934827822285,0.37938634181320197,-1.3950219804343025,-72.16890030624751,1.050427321815698,0.19955041104313523,0.9362201124706927,underground
29.351462346211232,30.385289343331397,16.698196601827693,0.27730296508627145,12.017047045830843,4.118692514979633,-52.67129911614687,5.25820286530131,-1.3665672802212772,-68.75479307255921,-0.07549180806531633,0.008521944318551133,0.5333165847275247,street
57.995077051564465,109.49510970825156,78.1593033337252,0.372281620302018,7.173149557269721,-4.238625774069217,-71.7046258124331,3.833173771803602,0.06467473583503391,-88.00318489871772,1.0672707241863277,0.2323156499352093,0.5523394544571935,underground
40.01333225193598,58.1130329315815,32.45011378804459,0.5357106579014257,7.176889675357279,-1.9697357745961526,-64.0699710947874,9.135329817849591,-4.348478119553295,-89.72460973297852,0.19144251117291436,0.04621266345346327,0.6708388646871735,underground
62.31506635128233,97.71841890460094,32.20675387569624,0.7222323918292093,5.201770634458968,-16.178981793068488,-74.58796344698138,4.606057950733183,-9.849855623764851,-81.59066063782271,1.2367377331702207,0.2254506670674103,0.4156249153729127,underground
8.014578680241527,9.41967468837282,1.4254375259508083,0.034920372824479656,10.889580761499017,-2.6416361500205454,-62.74799642343989,2.869293468840003,0.8415532926639466,-73.11280264700102,-0.13704349898177903,-0.004478209396543632,0.6575909545560328,street
81.28650311189615,90.55395330168395,29.65905369964449,0.7391306428663991,9.714334012276394,-12.652623462468137,-61.78350942167894,3.2807219840008557,-10.068991309073638,-81.35719903962757,0.937554099646715,0.2062366676181634,0.6050269504311793,underground
9.765472548143912,11.681196442242697,0.2764077234301783,0.049188116717483674,17.96910725055302,-2.7687739802638287,-64.31323199493335,6.479475343452316,2.5290288171592783,-63.38763051252495,0.1458341414518551,0.009578748187411695,0.9902219882599749,street
71.36436228299371,55.40200531235632,19.89860786930272,0.4540879139586337,4.373360980684441,-18.567619508423434,-86.54166125522083,1.770772426130642,-5.716060814382303,-77.71884217250357,0.8213192297966397,0.1197781016123032,0.6415714573576955,underground
31.100681094943127,56.51227733206599,27.069616666140874,0.5462929809520127,4.980529917372818,-5.56288884808469,-67.18665243225706,7.966332084035369,-9.82611450511846,-76.33577667448978,1.0470573413648157,0.24054840509487732,0.8261022476015718,underground
22.18191531986384,43.12727045925423,15.189758248718412,0.2178394488054612,23.745797086046984,-2.2927194589361566,-74.68021103192554,3.412810510475128,-1.0067296733764097,-66.72869061388216,0.07690191685537945,0.03392880157852865,0.5384561684085167,street
6.797005590718715,12.228239609927408,1.0829235386389653,0.14245092821972494,22.01045825961599,0.8920519037637824,-53.77386234886406,11.073722035039212,-1.0391481942208416,-76.91819182858404,-0.08534591171668961,0.004099770906152468,0.7572890431575366,street
28.904553855759744,68.8075179075874,33.68517856743803,0.7092181491780787,8.045602666677519,-10.85616606026072,-88.21938761295905,1.6972886160148466,2.1961135483233,-92.28494707156146,0.9837691585546889,0.21331909736537868,0.7476526078516814,underground
67.2989767084934,81.54105906835954,62.98390635722331,0.4194298575759139,2.9115258793009158,-17.231722193789494,-60.661615251142784,1.4666430794782874,2.528867332774823,-69.85621358715288,1.1867412084883853,0.15481381569063044,0.6995884885776136,underground
8.453442443264784,14.986026587731246,4.08747343911787,0.11041982293118059,23.10956950472938,-2.5263603796007548,-50.43944504455335,10.724549999605255,2.1076845751354885,-59.28801944594568,0.03453420561415549,-0.0010002723070846563,0.6757279605878045,street
45.60061365041967,104.99749428411116,41.59949494637716,0.4712879899001237,5.018565490612795,-11.220339599109533,-78.02827559938487,5.995662431896485,-2.8539012213076393,-72.31780401623485,0.3829547462433527,0.21954905737283492,0.7652856915378357,underground
10.680219993343702,17.0433507096101,0.09615874360524224,0.028885168783684394,11.577534564887733,-3.4507087899575897,-48.445026561450604,10.839075104949929,-2.7936967632326613,-81.02868174541052,-0.07243667005493272,0.020352951383220165,0.9704084946539494,street
12.585213523760897,37.725733862203825,23.755820463128273,0.15489817150760465,19.663974467136867,4.536944631501495,-73.13703735296427,8.339552676932625,2.1622993189280386,-71.56712383308911,-0.0804514401212218,-0.00022255131422458177,0.9871930512291132,street
21.717079536207898,57.00482324418583,32.73572369678094,0.39278073196453234,10.027079615643942,1.8458990489339424,-67.01764983157,8.422508750742397,-0.7684862613665553,-86.22337144260523,0.15909972806304137,0.07168839446328779,0.4278135037750108,underground
9.756560598682029,16.747487583389812,0.8329324435394545,0.133625268881321,22.455596834078023,-1.9328733955508888,-73.8818559995905,2.1779809779009534,-1.5366193033254114,-68.3034985973381,0.11536069614211555,-0.0058333120752713866,0.5958779372695976,street
34.7514647935331,65.6017326921138,52.47593080276364,0.3918882873356089,3.4301712344902935,-9.420006081348571,-71.5824771448767,0.6765241409541591,-4.967049485215294,-77.05431811695931,1.0329034996781428,0.05574235092779441,0.5787520860368788,underground
8.74476380229357,9.309448886783414,0.4865148478685517,0.14873891009547938,19.169988555196902,3.609767311074024,-45.97278246145376,9.388150358013622,-2.4843163814379663,-56.43313308859874,0.05634339198365851,-0.015453038255402488,0.824110011080708,street
4.085761224866821,12.10954881704777,0.02871668768940916,0.0986888246363966,13.622461234180482,-3.9970657109310714,-74.74223313029891,4.778230530037992,-0.5471750301776326,-75.38729501933543,0.10254019484615881,-0.027029878723316712,0.8321950164600577,street
11.525851939496658,13.745512514388674,5.816888937236425,0.13692475748330848,21.6474914280833,-0.7158858679081046,-53.08951039439238,9.141065025419163,-1.9086679619001319,-58.33460473974025,0.12518101550776936,0.016870506332009663,0.8150903031810643,street
8.068410915474828,12.023247468875521,0.33737186041078737,0.05337227597519995,12.489487426634858,-1.1078585336519646,-67.91618316274544,4.702176324288649,-0.024178741345616928,-81.35869306211978,-0.11583058026002449,-0.008810497350878695,0.7741168507180263,street
56.54344482038682,66.92322320829592,54.24039948748424,0.9624116429324693,8.85412332746397,-17.88722401737514,-76.12110463501674,3.394178211651587,-6.606010439351679,-84.31137315021525,0.41403196962130395,0.050483488382942865,0.6678013539089034,underground
10.877845040898748,8.891718692364726,2.8697021891889642,0.12242692309178585,22.56528759527795,0.11089665247947433,-57.27087020069501,11.243349396000431,-1.4318837725682505,-63.311503899742235,-0.09468322064384455,-0.013403908450391383,0.6718676773370683,street
5.091021688967799,13.53158334321563,2.3013399602203823,0.018462725350091518,20.13394086139163,2.9885847995385015,-49.9466666449169,3.8596000279959055,-0.011147664247615374,-53.13260597688159,0.014025884884459633,-0.006749185021332631,0.5890606126720312,street
8.262445711160654,17.20541321979497,0.48455899365361077,0.06211992606728578,17.002773104699013,1.3025982016953774,-65.47272156429169,3.87056225714769,0.6120413748263442,-57.27465329967979,0.07918458530426917,0.015888464486167715,0.5635589229415617,street
88.12848360617325,117.87967826308463,38.45726158106773,0.5113355966194879,2.9247965208700846,-11.3407864971567,-69.55193696012188,4.397985104134822,-2.449446994374984,-88.41053796409929,0.6506696539982696,0.050134646833729576,0.6288837148358378,underground
39.96284855180046,84.08641802469586,29.908609942216916,0.64233539628188,4.960818519332898,2.4805664572028547,-79.66361626274775,0.08403676382111946,-7.336370351423892,-87.50356503584788,0.9214973874914122,0.17550299318353166,0.6130876752071589,underground
8.100761422761675,8.274377767520086,1.7550982176923564,0.06815188638939944,21.090842462844723,-3.4061557368096382,-60.31540479276816,9.174339909732758,1.7014482159748985,-53.66139659116688,0.09513812852269962,0.013609352607897848,0.8116515265591868,street
46.21850235702074,61.54620115723396,55.19185952143312,0.43030431979023737,9.046790723146593,-6.200297732699614,-81.79654147724368,2.530210482936722,-10.704589486491049,-75.32335189748434,0.44036166614479544,0.1431212954905088,0.5157653060522734,underground
13.771115294162994,30.128284237593256,14.138193939620137,0.10998445970806991,21.61871565618938,-1.6599228430919544,-61.25984756736224,3.6288623123950003,2.0961349810333143,-55.258259823710745,-0.05840350202178994,-0.007613259967066868,0.8085805351093065,street
25.16027983909187,28.325583981617317,16.741798794678825,0.21821255723182742,22.680652613870286,-1.4481039948244243,-65.80617072333513,10.69193944183449,1.2353762028769717,-78.23274331569127,0.19124169012507528,-0.0031040981926030095,0.8975773932066506,street
4.4119199790948445,13.957068956411051,5.9804509920168645,0.14763796420507508,14.813797928237115,-2.5735815266542135,-48.6504131781377,8.411121754479323,1.934552061765178,-54.614301088589585,-0.09418083625967236,0.0023913316948863117,0.8331759025112939,street
26.639989245564358,49.11148987199005,22.232367200778597,0.2884001705176613,10.981104230979883,-1.9488266946004131,-77.44363185724337,4.319578517400597,-1.8685601798236107,-78.9011664250078,0.12886387687474396,0.03087144098328276,0.6470783723926914,street
7.851968454623112,12.84850468315437,2.8113477728566734,0.058746608411909484,8.973951228544315,-2.7933712294951425,-48.858883337436495,7.699305282518127,-1.6087423072547076,-66.7842966671276,-0.07673356224802826,-0.0035724676534096313,0.853308302077506,street
10.221734093308676,17.31541498158824,1.4035704189066505,0.022946913188970835,9.998687555532852,-3.4713691736234464,-49.510052657848625,3.8905771863169516,-2.179371830222226,-54.39343911125751,-0.12015244682771653,0.008235133044920968,0.732223773704873,street
6.266962540636355,9.79853941645439,1.8228760677095663,0.03081323175178192,18.3758528165476,2.611446009557211,-57.84970364034456,10.182735736181895,-0.5229275531864821,-76.94923412587596,-0.11605505393161977,0.004441785097343297,0.5293236075703107,street
33.70952690558336,39.86642731620722,18.88320988807147,0.2650451004144409,9.693882605035618,3.1737962983694015,-69.3252040026354,7.419229658732222,3.8037299026545286,-76.97223618366279,-0.04504447651797859,0.020407200691463956,0.9149059424042647,street
63.2021770285741,50.35530082566524,48.22832423324409,0.6016991976411912,9.936762893571654,-5.79855170600683,-80.84101691587813,2.5256343998634305,-6.021319620630354,-79.63455261008667,1.1211690723634633,0.11709573564380743,0.8517763634322546,underground
74.80679938072878,74.58755772851143,26.096220756272913,0.7784743466027393,9.881124543386102,-14.4344972679421,-78.69394908219105,3.3714848203888996,-6.9792361208779115,-67.60865141576201,1.386064417849021,0.24312699976900806,0.9436295501117689,underground
11.064357032958183,8.742252613790145,1.9062828730226908,0.08487518191164933,10.235041226072202,3.0992711489561158,-53.21090349130956,10.90084452088792,-2.9020963935843183,-67.99239595941842,0.07723523498552295,0.01236182982943465,0.9475937428270426,street
10.220443382202092,11.376664001417872,4.431328258191413,0.03479395134928072,15.930656614738211,3.1570509805805775,-69.30206210123465,11.027556731658803,0.1413630264863075,-71.78597005612316,0.04367500853900985,0.023039415984381313,0.7405431951148627,street
17.164826682339825,39.09636130664669,38.937469684225945,0.3786563790919333,4.820636113753121,-1.682887544056392,-75.4031030632186,9.165403708486965,-2.6209732663273675,-88.56816438694939,0.5191932843235953,0.10164161905892342,0.45982102993080975,underground
26.34899005420207,43.76324331485804,16.560217301995436,0.3589899404406661,7.514895045103194,-6.331974251284222,-82.50585730222467,6.678814788757608,-1.9887492488123035,-70.61139634959345,0.24399904607702017,0.06447448819304553,0.4974596576535825,underground
44.78223795278589,86.97189876321985,76.42078211387341,0.9760022388844164,3.934917607423328,-4.398980822639203,-65.18077483825317,7.410366780062406,-7.817019358886603,-75.66005564862152,0.32306348462604983,0.19107570210014355,0.5180027208970631,underground
42.46217177001858,26.046647300458233,12.500041404846463,0.37973962054864574,11.810696697010007,0.2605833542541589,-71.05471669912643,6.918538932824305,-7.350202536491331,-69.54733030355794,0.1839851552564328,0.11224293636189998,0.9709683538492495,underground
58.006097801560315,98.58549107708315,59.37028157514785,0.3709943807551857,7.574444415313696,-7.189281950101037,-71.73050152210207,5.718192308669813,-3.5963432069011,-85.24637196895767,0.664940621493276,0.11830122428638029,0.5120452639936668,underground
55.43201275588581,77.12667138075699,63.329274025213316,0.8575206128717061,7.015231760279597,-7.060673961863447,-82.24622568575359,5.44640944030705,-7.479460649312752,-90.36621734646734,0.5851584376045365,0.18309557147215902,0.8990756613051079,underground
10.060941388031761,17.925218077755947,3.0043755395333376,0.12388148863943153,13.932189782149639,-1.6681718065600597,-71.37234128761894,5.78039904478327,-1.1543396903765148,-70.64774129900366,0.11243079463529301,0.028976193336818667,0.882372019238112,street
11.3707259508648,10.90962847396158,2.9315117468994876,0.016185531439257,23.273478108246387,1.175202676027756,-71.63042101133551,10.70728246590945,2.8786041307782853,-51.5197736640854,-0.10381044700716988,0.013227570989579232,0.7547664440805567,street
38.51749398745831,106.13478070420675,34.08814254262518,0.6426398720260226,9.39411431547427,-13.511658745344562,-83.09154149280059,2.5916112779862983,-2.605137207744308,-75.19473652395168,0.7690159570593388,0.20282697802306962,0.8108189363087637,underground
17.49150902620611,26.897847117851274,38.216420585639,0.36512457649872954,4.1634697668976015,-10.517132119550528,-84.74826134654155,8.288961090608298,-1.5547767157735404,-65.45839720270833,0.6021767493590399,0.04293298938484033,0.43183345326588035,underground
15.91041865965358,26.863052796889527,13.942794332295003,0.27996412280316296,10.693145096065416,-1.7791492737471728,-55.30656756347221,3.316994751774522,-2.3783747308446133,-81.51115236265171,-0.04591895488054981,-0.029768675086132727,0.6569238199599149,street
5.476247733825279,8.927567280741105,2.993038218214217,0.07785814778913241,17.675059702389415,1.7836701430941009,-74.70848349688018,9.816796161214558,2.618527749235507,-79.36299037093936,-0.13090892614862853,0.01195705927168586,0.8425650246637872,street
70.71887957019301,76.18863784968023,73.24972428283183,0.4945068585660477,0.3342864829646064,-1.5735098573380988,-70.66496606840252,3.9653732847309984,-9.472192393759947,-78.45424529743019,1.3854661926024898,0.19507601536608898,0.5052760102265504,underground
44.85193949158561,72.40825096149791,30.055105016001615,0.22883542522299063,14.675952576810019,-4.292799667413171,-62.55877388540124,7.083797825370699,-4.141098614489748,-62.10233284998631,0.5883188089545346,0.03005583198491774,0.5971557650245181,underground
30.309973860225547,56.867677962340856,20.876934744922806,0.3571721907776716,7.637486312077035,-6.7936712147405665,-79.81592324645493,6.2005914806323625,-8.015129270751292,-94.08820991648275,0.9212195300225219,0.24013668286054282,0.9088999592878256,underground
10.313364387454442,14.452268639828212,0.38602110874413875,0.12956634262457312,8.68480076765021,-2.6485316174766425,-61.8064867870207,8.739130985070428,0.7949915511841108,-64.4323978549204,-0.08188963816203082,-0.004347111288501276,0.962656133516751,street
33.74558562322485,46.30022437976439,15.312414596249432,0.2135571742072151,19.174986985905,-2.97726264911937,-75.19198095320849,10.797005665075996,-2.7122944881817928,-59.33663464651907,-0.0934867757735057,-0.0022032320657475457,0.5602866925801506,street
7.223512210985092,9.560301353481869,4.367973664673185,0.009176106631448017,14.080253643928476,-2.396026100888407,-59.77611528168321,10.494170551607214,-1.672824050432817,-78.3713561016705,0.1484815435911052,-0.013171639047555188,0.5710584311369249,street
32.21551890054883,43.62912848229945,16.00433724091451,0.1703965190225447,19.8004596707576,-2.128081727040901,-76.75123892022214,10.78883486954671,-3.5366510782305802,-60.65668383706056,0.16374043030488097,0.03876335492463602,0.8771014803603159,street
34.89224832974354,57.83978658394908,39.582999208290616,0.5641774982571581,4.875134727792068,-1.3989953588691932,-80.88596728795139,4.67714082732929,1.6700984244418535,-76.49315809076934,0.5834103171825932,0.059825905771069526,0.8632374411629924,underground
25.704302752630255,105.13451990068168,15.235082999999934,0.9765986066978777,2.4990968651084557,-17.314216798307978,-79.10952357121151,1.1493972091111013,-0.27957131879857755,-71.99251461388704,1.4365166940528629,0.17082509909679078,0.9968940107015325,underground
24.72273303899473,46.75492995136573,15.467026431708558,0.1680883943863714,14.227810961479468,3.787678067018607,-78.92821014313724,7.5304986656421145,3.1488267333967404,-78.79857116706803,-0.0279312943975749,-0.025106731869429272,0.5137274868140764,street
4.676690073308866,14.00217889697578,1.1014122073685593,0.0014929857916571364,22.226253476298705,1.9716923883681865,-71.35499926935971,3.359491214245182,1.156351471236027,-55.14925898047669,-0.1376442978239114,0.029497550460069508,0.7782756332474506,street
21.692181575949974,62.4036217686223,25.26724327017294,0.435421384447529,13.339074317970319,-2.387474509055755,-70.61709643749764,5.6566925500687875,-2.7392256131022954,-89.15881161934826,0.3179954027834304,0.08437580173822005,0.5316766759423245,underground
30.37818006028813,59.62569184632073,12.157930857325585,0.5649818691591617,14.429566621898488,-6.917950047373904,-60.0739031089832,9.355592634897405,-0.6796374648746779,-66.37760925909481,0.22426620599248326,0.09023557075480347,0.6224900624308751,underground
38.50394485270198,41.64075570388698,40.96089495714997,0.5037742879798938,1.1713131500310214,-11.944026037542523,-70.736659491392,1.2570148608011333,0.3198896626285439,-69.34673794242187,1.0165405177416045,0.18926445564717986,0.5312154899103304,underground
17.925366706398343,34.621616436973184,10.399563462067572,0.12395680159106864,19.345253220831616,1.4384094664227565,-78.70183954694475,6.486385216141613,3.5101648790733195,-66.12905184343396,-0.09513328719980063,0.03106073683122177,0.5424239644538942,street
29.799287190174102,42.4744182081043,24.476485724593985,0.11261380761001244,14.094459237150094,-3.9746028298259004,-69.9600775958145,8.54403950171994,3.1201945995006044,-61.924509832725036,-0.060880341344418644,0.0007874124158462892,0.5417522611283012,street
60.41341638727377,118.56933923815669,49.82579355551486,0.5358288253735097,5.875224741468851,-17.55396754048668,-89.34077472736605,3.1386095205011166,1.5839184749332595,-80.44429702221329,1.0918048299883565,0.15470558833654738,0.6426999790053597,underground
8.038598934701422,14.25599754454274,0.36419491011102556,0.046259427328538216,20.997762424814933,0.5859667255599188,-65.53452803441465,10.46976921503497,0.8286664888212201,-78.03644988643057,-0.12499170988883011,-0.02901719224289713,0.6885472456518742,street
41.823147420046105,77.45715501445129,34.95949587217426,0.30480630661806524,13.620588074976173,-2.8822832734537887,-71.5392524958163,4.0110338526539735,1.1348324278456516,-78.90911978071611,0.40317335796102716,0.11542413192096831,0.7021582093024807,underground
58.603651113565654,65.27224608135067,32.69924913944162,0.4689076021436564,5.079382130608008,-2.902570627107604,-69.8168480512026,5.813710632869816,2.143919721411436,-78.48461989174963,1.0142189138163649,0.04999765943211253,0.45011659709254026,underground
76.05614721456335,59.427786988648485,72.837999064572,0.9770420690016709,6.7867791141192315,-19.78491090804977,-74.43291162658093,6.912302415513409,1.4024208819317625,-81.01839453440081,0.4587938642668605,0.18701504743789216,0.9546342121821518,underground
5.247339964619514,13.310760303524608,4.036718463013678,0.016971953553259703,13.657276526094641,3.861996817131107,-55.792425946377115,9.763079996493843,1.3529267057240855,-84.53271031611187,0.04524541436360496,0.025390651249683246,0.7230301539980191,street
34.58597779693506,31.325744156910215,14.502957734577908,0.24560311041838373,13.165099996862695,3.12427817425098,-61.819866447549565,8.159078672951804,1.5456599217737166,-84.45488655879403,0.13105080844364678,-0.012149236363232972,0.516915176438784,street
37.457319539774765,34.303399692978815,28.721589913335613,0.5818712089387621,3.5720445817770363,-2.512964726087958,-76.91906272062118,6.602671182770698,-0.9182355401626552,-72.06509110781107,0.6121803596469353,0.10797444192750821,0.551379523487656,underground
19.839080783157534,49.18843757834514,20.743693696962772,0.22759654301165816,14.719783847853844,-2.915547494898779,-57.60262636848512,8.284185021856016,-2.1408015946591625,-61.42574230160107,0.03680221412441767,0.012880836401679516,0.7348916026175534,street
50.24334512536977,99.95718071006507,59.823617703291895,0.7376928009861499,0.41375573022230383,-13.332163518748711,-71.00411389349452,0.7856225965324208,-10.69437477894541,-81.95198290637249,0.6482680769679858,0.049737334391666665,0.9711794596058652,underground
6.44216667596346,11.46203077201379,4.535479770557865,0.07920029652011958,13.323948456767916,3.082813591898434,-60.48501582378311,4.204437412524132,-0.30370464793524565,-62.9963033253408,-0.09393200508506169,-0.022484787203860438,0.7752523452599525,street
34.340206191429886,70.8202810953913,34.18464895125845,0.3014301447601453,11.947858191569843,-3.819618230314205,-59.79842221021058,5.967095132315324,-6.226753075732357,-94.95580764886098,0.6547439262629785,0.1126010612167464,0.9709813594053458,underground
6.121513377888854,9.229926272060514,5.437885466263197,0.1404093338252143,8.478861616289384,2.1399724092250345,-69.03553556354714,2.2477111816562894,2.8475381810592513,-78.12264109404691,-0.06843414407262548,-0.02305884633550876,0.6718144353623063,street
29.627275598561106,60.87146287699628,21.903573561532227,0.581125584854421,10.246309732881342,-9.31390870251663,-76.1804825225174,3.726674256843148,-2.204423733764341,-83.70116108958786,0.22959308074053925,0.05099979480918242,0.7061152145372394,underground
25.00012016410245,29.61640287697979,13.479961050557058,0.18593852055708154,21.71945346064327,4.357728313132322,-60.85243351810544,6.005812716846407,-0.4320997574300618,-58.61412655848348,-0.07411030909205704,0.03232826293935053,0.8567837585136562,street
67.00598102081563,67.88669687227596,57.096350052557014,0.4678312903541298,0.9797639846527784,-12.999350828979257,-73.70510844337947,5.90637629152597,2.761510373125219,-69.49009237209265,1.110944641111639,0.18819499469063958,0.7637074168879567,underground
59.01211012254145,57.67251028127508,27.66688247362124,0.9179839776925772,1.210682919960494,0.742999693784629,-78.49922394610832,1.3507955833097025,-10.547974895139872,-93.52692766968839,0.4501431116441263,0.1581343203697723,0.6698933223442798,underground
5.1246403811617025,12.492989836781168,3.2745104448487137,0.010055055569034799,12.596602242458664,-2.470374770435468,-68.93415440086835,2.5883323438096113,1.1269754474910725,-62.49039249856583,0.02092567619057309,-0.014467819182132899,0.741943475759153,street
5.11611412942856,13.570279804501633,4.07489433482836,0.0072415701225566065,17.700365852085703,1.2064414105689973,-50.425031989467556,6.6667849738178555,0.843745140045975,-77.24623060567603,-0.11430790496795792,-0.013933696673569057,0.9785129640355011,street
25.70489342807343,72.4358585577308,11.26392509965206,0.460904510411196,6.61266347934873,-11.427416559673249,-87.23392294511308,7.975621049945155,-3.5399251261064713,-78.03938713230224,0.23219571099249192,0.10375430336978465,0.6242154330750496,underground
24.226621709108663,45.84390199230727,32.288976214035614,0.2208862655544932,9.334697492406736,-7.092126556399567,-76.5308277151096,2.296823950688725,-4.459507836156304,-88.63031836164667,0.2934239231895357,0.11825117478438951,0.7223969429772983,underground
33.08233575936511,26.545799971527696,26.00454533137366,0.27743248888298494,14.959285860600822,-0.47821379502230954,-86.39842090216828,2.340385064530368,-0.4962776677778242,-67.8754237906831,0.5493125517367923,0.05940512295618308,0.5535327368766382,underground
8.483899859575182,17.400227111720362,4.861643962581949,0.12169928884122276,24.388599295498892,0.7917665352151317,-73.69926026480036,4.374207864485223,2.290232390639204,-58.84840002372387,0.11318940540140596,-0.008950365468078779,0.6000215640694798,street
7.487738853054637,16.33843499533444,4.157512774148244,0.122032117353142,17.086225987678052,-2.2662559328105756,-70.55882508113021,10.62711036712047,2.644317950218573,-63.04450075846115,-0.006856019803432867,-0.022201306829300754,0.9108807093996476,street
11.541263691823689,14.947650245202512,5.73488813260799,0.08489539604703066,22.284011376261837,1.7553340227945187,-53.09395936008251,2.3088080890729685,-0.9356639023816218,-77.6106739769109,0.13191588288975467,-0.018888214961516037,0.505564755516156,street
11.899702612847989,8.399168117007635,5.571124429572283,0.12546814824398153,15.835355512936747,1.4081904677659507,-55.522518504370936,4.537258453454163,0.4687983014194814,-52.69306040982384,-0.0508758387911864,0.027215687556552404,0.522838174474874,street
25.05338145094742,115.89862906897733,72.04990936665126,0.36356069297935006,0.40426717647861654,-2.790051500401777,-62.158910527081034,2.194842257210712,-6.056064507440513,-74.23704051017515,0.8721087155932632,0.05938982052469706,0.5212027582257351,underground
20.437794080278497,53.759428455667745,34.56880256863564,0.23259424911978557,14.566091400502494,-2.128869026377888,-80.05135695364672,8.779185185381113,-3.8712970634635786,-84.24558323006158,0.37060421981185276,0.027923474340853963,0.911268073706938,underground
16.480880403925,69.31790644582553,26.668477339684117,0.52070164831853,8.30434190026151,-5.33416520929063,-86.11128909677974,5.083314466771626,-5.557967079479536,-61.60930575125756,0.6914622375613766,0.07039209995245366,0.9902882474048762,underground
30.066035699059277,109.92909907219848,68.84644289266056,0.7103982720083534,9.192778657597684,-15.604028081634373,-83.5969418127071,3.3787888056834987,-0.5335598334187655,-75.73205453144118,0.913660311493876,0.1797971185612809,0.8274115698461638,underground
47.10511706380409,87.82576921092367,39.23855929798553,0.8699539306343714,0.4602117806189121,-13.824143539938875,-89.90500346640667,1.5596997041096134,-5.008993918659301,-79.03206808084066,0.5840168852537453,0.05382987297918233,0.8671877810358601,underground
23.61400942235548,46.99873095756739,23.025129630061798,0.22060770590146822,18.344499085542388,3.839298745629497,-52.418662795425384,7.882452621469017,-2.8918589865826334,-55.91912813566506,0.1627292802377516,-0.014537366060315467,0.8955421503078171,street
7.021439609602529,13.662926663009333,0.4399671426985625,0.1159592783108492,19.504116715090575,-1.3676487564872746,-47.688852564605924,4.7599043962333925,-0.5550333976486108,-59.22790460384229,0.0730487011945741,-0.027329832870276353,0.8739430248895652,street
13.846521686892244,58.59698414350734,19.584303770796332,0.212043333359552,13.796892469697424,-1.2298184466508855,-72.9633338547334,11.952416715155783,0.24353202908749427,-71.12276321325132,-0.03435598283349578,0.024530930286946938,0.6558057771518326,street
28.268815074825927,61.555500037728656,17.202511632336666,0.6812881437211326,8.320102454122067,-15.712872079811302,-81.20132213031714,0.5984462021841734,1.8583638800144104,-91.81165094894881,0.7252629748979108,0.2005220647906695,0.6932305298498536,underground
13.449037936744944,31.09065382998558,18.21355819327752,0.27392331502448675,19.459888593160816,3.5266862429196646,-72.04343899562838,4.380669192481928,-0.45522342505175306,-65.20036924988881,-0.04919983890936397,-0.02014237095008117,0.7971044696005276,street
82.16368973302967,82.43582658985119,68.17008840809373,0.9880025214914461,2.4517535162258985,-1.1690888250213902,-61.772407054716254,1.0844001423414964,-1.2441729305215112,-81.33968699162132,0.9596099830225702,0.140104520911616,0.8942541608535255,underground
15.774916669619593,56.51733081991469,32.60833684406344,0.5745797249075875,13.303518605466856,0.9690754543874327,-80.58530599958851,9.757791168363456,-3.310461068450058,-76.97381653856588,0.5034838880345117,0.09264145801944239,0.4136477319486011,underground
39.476704719717695,57.04235315872625,31.945161072304757,0.588713785316139,11.9057832971599,-4.0048635356268845,-81.66021712943356,9.952991995698676,-1.7830703657909401,-81.8559783378276,0.44271170714220254,0.10505844448800884,0.8914179503840236,underground
25.412784612429007,115.70370392067636,33.44171910756843,0.6345198218385939,2.8411753101841706,-19.02261872550085,-69.71781652438956,1.0663672278547658,-5.732220138154796,-84.65477471399339,0.45981815888983557,0.09896639337754343,0.9307640513090798,underground
31.404079386810935,41.34803878571775,79.76929757205647,0.48288239821184337,4.088084906699093,-8.301722335911006,-81.87650585512662,4.198075366952843,1.4255946603608933,-81.36262564623757,0.5535901822668273,0.05497256496758199,0.8913847937342445,underground
29.899128582436713,46.076574842972796,24.674190907463288,0.2195729895540764,9.243190678568165,0.4666516997796659,-71.21723641965914,8.533398354391526,-0.9119032863367806,-74.41835062718843,0.07990490417792465,-0.02491342187907139,0.8996418722448415,street
4.757753334781239,8.340396196347596,2.8411503107816602,0.01484482568721942,23.916735310594554,-3.461236480354968,-47.05515119286595,5.545766226495482,1.570755351229348,-57.06418267353354,-0.1332860153278599,0.014330123221406636,0.995121852184446,street
20.495981429507864,26.256967955633442,12.479213213396775,0.1672079505150535,18.432277790384454,4.51374256536746,-58.26980656051039,5.809859502280979,-3.7742202527094815,-77.14004898003395,0.08507730578174383,-0.0011223030574310303,0.7754010453763203,street
32.20599880651818,68.38012502570693,22.315367146003524,0.5374158815378014,14.63328456655703,-4.390324420615674,-71.04061158019051,7.375405997852559,-4.715067430080496,-83.35890221250206,0.643821379391996,0.1099723797441808,0.41562902675779173,underground
66.5386525588751,59.216867311113425,20.96119708905814,0.7433248342764847,0.6386172082428976,-15.457593123054647,-85.56048939781107,0.20413150536005276,-0.7590847836116179,-88.54669996646969,0.647306063337904,0.18108966952733188,0.5471504708594432,underground
10.031111112186778,12.457644129822276,5.735749978164567,0.04472075537892012,9.650756832410767,3.378406671154485,-62.77017906598989,2.406238652027983,2.3421879835353536,-80.04340604743248,0.09965831884216672,0.010303475769614247,0.6535127571981699,street
10.045115620902749,9.529775617236659,5.991218381368644,0.1322010160074464,12.370276364670783,3.9027932494199993,-54.180005844022844,9.910055796783004,2.777102596243049,-66.37349653729976,-0.05593561895955508,-0.029725252608587237,0.9845388238971315,street
50.65437171074762,52.05002219749298,77.07522497444396,0.8525903048184695,6.304304235675563,-4.114204531553838,-69.5533209748925,1.4000725360054052,-9.649977781639723,-83.20956080958727,1.4925619141823345,0.23584227746007597,0.9676893450180106,underground
29.31692935141578,67.59966532724133,27.228980079982165,0.2698359155918547,10.803397066085457,-3.759974522730664,-69.07401249045438,1.1176727682853214,0.5679314707783298,-62.256099769254575,0.5330084295697548,0.07984395262431325,0.7554412390417169,underground
5.7815829812184445,9.143046052666698,4.578748036629113,0.024405833554794098,18.470139087207777,-2.4750752263926277,-59.26835287871637,5.2186479741266645,-1.834578941215299,-64.61284524762416,-0.11217177463549022,-0.015398001756081955,0.6578229735790967,street
27.306538019285313,30.77885516361198,12.095380096661971,0.2924107160062767,14.018055682523158,-1.4183201631909759,-61.695856827551,5.1457504346458585,1.2994350714777498,-59.28840064216057,0.061534786334695,0.027924047451354614,0.8187704345152518,street
9.76412209076181,15.509494225538715,0.7651422679819389,0.10077898393645346,22.13570530379061,1.238388873322262,-54.8892414100711,11.225489014352714,-1.6382208906510352,-53.618865406973,-0.1361032231071481,0.002737957142583222,0.9310956953797376,street
19.056758523852753,59.93672951837841,23.930425049321453,0.13928142452950243,15.466122669496432,-3.0232162505329585,-64.60687355785996,4.392466321931244,3.0427628759791334,-72.52473548111034,-0.07328760176299966,0.004009953875112708,0.8313634429077672,street
12.848755356338716,23.497375031331458,10.507077435951173,0.21250001192627976,17.99237885763356,-4.8441072536727505,-51.82598809496994,11.399028670429605,-0.289072727275248,-69.58629322847653,0.09491143253453249,0.0399188992237952,0.9614320761529274,street
28.23271069393096,69.50894642139795,12.1129363224629,0.5894677155981903,9.814823104668873,-5.512881077197887,-88.43782173831212,6.694348227320333,-6.726406429085607,-79.59599672083492,0.33667045236556037,0.08368788960596861,0.5635694242286273,underground
40.73583239818211,70.55130159041539,34.076490020039756,0.4476198973029215,11.704977145840543,-7.407590573793388,-70.21573671256549,6.4391810406021435,-6.144305398555698,-85.79182421228617,0.6429327507502516,0.05171614937877804,0.609421462160877,underground
4.993825707022426,12.639188583941813,0.9127852069320301,0.06592987026299073,17.741077411879278,3.4577706228252065,-53.473414846470604,2.7534211745729316,-2.123320325982798,-78.23342531440103,-0.025395287458048366,0.01839369343199835,0.7401581171523068,street
11.246560894202762,8.569577429619706,2.451084345722925,0.10720478714000459,9.793521735004079,-2.2710798347969643,-74.90614614077835,7.920984016428365,-0.9406351215906987,-63.07105066663587,-0.05544833449467752,-0.008049842343797693,0.8294570665781131,street
5.606712103156046,17.017779236454693,2.7679079707299743,0.11542460806624291,9.282751457095648,1.964160215746805,-52.88002204740896,6.298363961753962,2.7560045724511335,-54.368962550914496,-0.1463762486850901,0.028728852646534284,0.5993130081964724,street
6.788963839203202,16.74746379828194,5.539886783385176,0.054282273546377026,10.66568481539522,-0.8001924307835031,-62.77153933047235,11.411744961772879,2.120196283229273,-71.03651162617675,-0.14894694835463684,0.004188986933100505,0.6813423868501521,street
23.474873922096226,41.94819589085216,13.752871967815175,0.5264610684572986,7.646942949833788,-6.322102392741311,-75.90501498532913,6.438277207922733,-0.07126347117165821,-88.82989661510676,0.21294566298728781,0.09764940192910139,0.967850265764183,underground
26.32349928555977,26.42575126239813,19.852913708797725,0.30101653982968046,20.441050395334987,0.5356998557724779,-79.55157567706956,4.481281134764542,-3.991046137982976,-83.28206825615328,0.19423051999007593,-0.014460696826529838,0.9865282275565248,street
7.861643454836568,11.228834712634145,4.6217213645850155,0.11174867046994497,15.457832160093584,3.864820443563083,-47.51285887486565,5.394259492761972,-1.0202354748203768,-72.99997788997484,-0.008733327695352788,0.011379038936584797,0.6085511866099879,street
25.212556747878345,68.85055977751946,26.33635694181074,0.3362776103392941,12.37676753158906,-11.945844383836201,-79.87597256902654,2.9808070678172185,-1.6533599816318372,-82.99088861557793,0.3305357257610916,0.10119401514879638,0.9750748485469493,underground
16.396463049908856,44.056050041422054,22.002348007119636,0.3095673405055978,14.906045720292994,-2.120505409800347,-66.49904921745694,5.554774600201107,1.9371961573391419,-58.232511339415304,-0.004317246041529471,0.03671074295996267,0.691879886715224,street
65.90291859615598,44.85759808672636,61.89330006037895,0.9005264895486484,4.922474308637726,-8.714679755403807,-86.87078111394501,3.995683106682998,-5.516233245520278,-71.10731069950208,1.259488914456809,0.2143813484768484,0.9075054800329285,underground
11.892841446126912,10.30008146965055,1.1363041996161396,0.10346017930596209,20.974549944838103,-0.13341481721618909,-56.33500913715608,10.92517738344473,-1.5242902960520035,-66.04899058597235,-0.1065926594292094,0.026455377218957965,0.5806834536311107,street
15.4960774119779,53.672867053305886,13.35129744629603,0.2629148117644401,13.434445967767322,-6.206278760252394,-86.61845413945612,3.6891181140990454,-2.6193383138385515,-73.69853175292215,0.41874390091472036,0.11558448681291295,0.41585878030483503,underground
49.99837949885438,91.87547542658662,44.12917283265652,0.4390472211465705,8.0691184591637,-19.401937901116067,-74.66658630546907,6.253674378232373,-10.815856989689323,-91.5981331036024,1.3924398379230671,0.10305790827089428,0.5006292395093815,underground
8.26089799178559,12.545181999054066,4.9802418009461675,0.04364907588773654,21.198992342836164,0.5526614589128194,-45.74862622902745,9.243455558909284,-0.5863988542795813,-80.37654798420847,-0.08399521743971378,-0.0196636150109329,0.6386054537323824,street
24.74541992565138,56.26211219976651,10.526061738872897,0.33600007863647197,10.749516000386109,-1.9011189330667175,-67.33890315852594,7.225448735883159,-0.5423856781347558,-80.75563057031701,0.12388937202221828,-0.01291818923000667,0.7435012630949815,street
11.35791076376736,10.930563643074855,3.4902380673063105,0.012785691443865288,24.751078638761705,-1.2114264892612931,-57.526566286698085,6.660293078379221,0.6517232412954543,-70.82036667045162,-0.12887593588383053,0.017510685395510997,0.8045122436296264,street
10.435365517341557,17.22036096909299,5.74631699125742,0.10853303222871927,19.71873078338339,0.38521295539509115,-55.483306236332396,5.750496242447858,0.16217839832728131,-58.9230811529091,0.009055587153971506,0.00793363857166042,0.657382664409393,street
26.642506820239667,50.044465165835284,36.62106463378059,0.528013389964882,4.431194631485843,-6.201839666275744,-66.52685984632527,8.93929142813446,0.07196411680319947,-60.56378815337389,0.18325805111486143,0.11851264404646605,0.5171010590645306,underground
7.196281173948318,13.776588682901078,3.0859439002930893,0.015519255579544993,21.504068207888242,-3.3534537373172855,-72.88913580522741,10.47716907780729,0.6144354207495786,-53.77206923436757,0.031421392971741485,-0.01679649186903698,0.8947326837076338,street
19.630988828309036,45.856230990646566,14.957968951343416,0.28881872243395346,20.897838198139624,-3.8516214796671355,-74.5453688996318,5.332112959717234,-2.678942281274102,-74.49296343820355,0.06281533915881374,-0.01070897651050878,0.8570297525954036,street
32.5562460788304,34.728792799229815,23.053878949708857,0.21115926365865617,10.952926427357959,2.2721672961042767,-66.9962050655452,10.433377891864964,-1.081396190963745,-64.51012049034223,0.05200102917433144,0.003095935572710047,0.7046961460066459,street
35.217507599457186,67.32714184933218,23.98912467358832,0.9758486192181782,5.159494018302674,-5.81306862931986,-65.97741794268788,4.072809037139583,-6.949119683657991,-94.75858471494007,0.6153855957639612,0.22516601139030135,0.8254038463063682,underground
71.90912804708793,62.194074119364195,25.741121200284336,0.7198218769631217,3.5074747476516133,-13.145819749957008,-62.750221070271735,2.47043967508558,-1.6730796656991558,-67.3190907472023,0.732957831652544,0.08018331352218164,0.8734927204312739,underground
64.80873285542717,119.21982390755514,62.330439029315265,0.7632647436167028,0.27888210601208163,-5.765918441827484,-84.08138652552685,2.930233474020663,0.5079739825279788,-65.43300272811985,0.8363749559299049,0.11072073184826889,0.5287290512164862,underground
86.27797304870812,66.02949636109749,27.69723604858334,0.7586508253229711,0.8601544099553349,2.911468848258064,-85.79238024885284,0.839588736430513,-7.947718410052374,-68.54875209216127,1.030488649284587,0.18316540780762416,0.4153739377217839,underground
33.52531408668997,45.98678752918748,47.63787414850685,0.6942777039003647,6.322296820037213,1.2699833936408638,-89.06085399769465,2.1541558122926485,-4.254173127082092,-76.21858878582543,0.41793081589102654,0.10229696843292446,0.8510939937048347,underground
26.43258053399234,88.07109029542376,23.450004376869174,0.9839632317340912,8.207433767202797,-2.5154409698572238,-72.53700973046895,1.976432843537376,-0.4647349611938161,-85.29381690477969,0.6127371906433362,0.18376846147670542,0.5950400951548478,underground
48.97507643536704,96.37545283826395,17.291657915807185,0.6972426850248951,5.374812767116252,-10.865104047119694,-85.88253278631399,4.206648855603386,-5.60241773512831,-65.8380846891627,1.4381153222453196,0.2130237451317152,0.9102521277792688,underground
33.42187282627118,22.982661888116755,17.392331066744838,0.1678734428558581,11.22114917398306,-4.492493389999831,-77.33035715110907,3.8789449105847216,3.6221176875019934,-83.98008064916567,0.08360326652987923,-0.0003065537450249317,0.6524444127233702,street
32.86030748164483,45.79206745502502,14.977699001897331,0.16590698003606275,23.943309437626702,4.400014903991602,-76.58358458711389,8.776868522168359,1.0155234545600953,-69.90380541111776,-0.020455490547695063,0.02830696134150138,0.8168357699685438,street
50.98434491675991,80.37041956954639,54.30063156239027,0.5055285515555746,6.879151693297065,-18.91051364221117,-80.73404008271399,6.00172298383234,-11.965084085776695,-93.98751670320898,0.47020018692004817,0.08257357922540912,0.9452230821490393,underground
80.79138656721335,80.98058738735058,37.85777086237334,0.41010877036109333,9.14951781664977,1.8546707956999775,-64.2371383669048,5.548726592348884,-6.754965025447341,-91.07076465571102,0.5077214496658826,0.051357790282986725,0.5382775962073412,underground
45.01069566999899,52.59832464198571,59.28991725583293,0.663970687989992,7.61190774657516,2.63089113944989,-81.9531182795884,1.2159002301100124,-4.241093041484777,-69.31230774335064,1.369359593097688,0.1282291265079492,0.5449734135324694,underground
33.50734130691636,63.41258320510711,66.6531014981644,0.8984875345511971,5.379883738464008,-0.2825079647790609,-73.58293278793843,6.19090813267244,-0.32882453628175945,-91.17835543042652,0.4622767729333729,0.07028170122281696,0.7261327022448525,underground
76.40656230879733,46.39488905387407,40.34554673477457,0.3902856064375877,9.850783372405159,-12.319980502837687,-62.224943892597466,3.6955289749556695,2.7293092138201622,-77.93685816547807,0.5350650574797963,0.06326317743891227,0.7182540647740772,underground
7.600050963919232,10.729999392914875,2.2947058729124743,0.028693958209932008,21.041296250957096,-1.346759467569374,-49.46426324461858,7.645611562677463,-0.21622873340219906,-75.76128668740385,0.1396702295690255,0.012586206578141815,0.546262071174205,street
17.877715112760526,49.936076331834684,17.14934273058796,0.2053465294050355,12.113932345116535,-2.475822192459576,-55.790616513889724,8.09117169667033,3.436210764503792,-80.157427681939,0.1021476822732007,-0.028955961941870695,0.5081023825488199,street
43.192801272135604,75.78173665587501,55.84972405554936,0.6210443488203943,9.943716691055691,-8.232982400318223,-75.75727961867838,5.031675162688619,0.0231625981805621,-84.43552409682908,1.4126381241471309,0.08765457644786506,0.6903175399805165,underground
81.17237558501915,40.02645729726447,48.389987648863624,0.9898412031888554,3.5218549199382587,-4.917015836456461,-77.9159629180051,3.1871360486123823,-7.337962156699177,-89.8029363520949,0.750544671556613,0.20713324364008043,0.859567966157379,underground
27.805307050443282,40.16367115960839,19.20290501266506,0.11818445217013301,14.607753626036056,-1.895077804100529,-69.41811741870592,9.512782990144867,-1.6685634440904709,-70.44101125333314,-0.040358729871464424,0.0334796496319458,0.7268595910838356,street
7.569766275341063,14.764815229825698,3.2578644296883907,0.11728470376653026,11.837424245798005,-1.3831512897821607,-49.19334431827567,8.54677397445186,1.052738240353995,-75.21747087599346,0.08463682081679547,-0.005751676715759921,0.7372370796068493,street
11.335839529872201,16.35072630219763,5.690789219910514,0.1258252877374833,21.17971909838395,3.4648464628892333,-70.27299252337511,8.347911080630219,-1.5153303835003546,-72.2221644217397,-0.04425606884610314,-0.012601918784154554,0.5019683790144995,street
7.101826025922033,9.701514670149827,5.803998622791782,0.004027865430657074,8.820247259533419,1.3697994312394002,-72.60388450752383,4.985880109373379,-0.2410819042294574,-59.85630726388459,-0.03387687470039086,0.005753765945122245,0.7062095483104801,street
27.444936178289343,98.7180707842046,36.361828343642834,0.37244933607535097,9.751042307389785,-17.51161108009408,-63.819570257517555,5.437720316104129,2.389208269388149,-65.25883662980353,1.1299060704376258,0.06452964454757523,0.44377467376761415,underground
73.81164613130727,51.35700537065469,43.04398012139169,0.6441876101852838,8.821791796654185,-6.857650795629786,-75.42201031595617,0.28292013430038665,-5.649011530797232,-73.76492656227722,0.5304141637708193,0.16149557092776232,0.9640242625155188,underground
7.496368388494169,9.48038343530027,2.362287046188394,0.0779931224737926,17.20486132431829,2.9877995482393125,-66.14359558230404,6.631923237975636,-0.8867061239300469,-74.27075290386394,-0.08673343636157962,-0.0004058769695502486,0.9046908895639683,street
6.550710717841036,14.79516798158976,0.9698396388564536,0.11026955927735171,15.67662332622073,0.7641080150118871,-51.14188395452294,11.604411499535976,1.8751304966823934,-78.1720765874212,0.01169331984566141,0.024893747073096627,0.6325188331216935,street
17.841595576408317,51.470864601669966,39.14277044607229,0.2969651180772618,4.7031923093379895,-6.971743723627798,-88.78513337279473,9.090277931164252,-3.120418669656493,-88.7403370664999,0.6615263608502016,0.02739729056345818,0.6899215077547856,underground
74.94278130629164,79.24085895706762,29.04631203651479,0.9465662278934746,1.1961810810261087,-2.6551488193922985,-69.34396749671711,2.354368957842439,-0.6642441379553574,-91.8674076368393,1.0308185347291987,0.21500342048946725,0.7081941864018562,underground
66.01619343725802,97.91095704311448,52.692443593563404,0.9595673228802722,5.551509577313707,-8.293865770544503,-65.4822471993738,4.384125401758306,0.4636791464834662,-72.72153518182193,1.1385138254765945,0.178604395864538,0.5357780863335885,underground
24.28338540167835,30.276213194685553,21.63431502810155,0.5176834065805842,3.355310157792185,-11.697093239958358,-75.76783347576851,3.5748163485170714,-4.4861096853505344,-94.87229052161592,0.5902967891364339,0.10729330183366068,0.755795711039642,underground
43.040021420227475,74.6517764183539,26.111985835128902,0.3456357455300314,6.155533617051729,-11.860031891651435,-87.34541339229064,7.286149123134257,-4.51818852122503,-61.18624924743238,0.6076050159226023,0.11492316314863818,0.4933633919724886,underground
15.005456747264143,72.40159747083898,35.349780301077686,0.45307018493803325,11.339704963937386,-9.965417686432222,-66.41218925705832,9.545726282230193,-4.721709063846596,-90.98291693553239,0.4003554483384858,0.05787020820556975,0.6427181113752005,underground
4.629470527878143,13.507421114963122,2.4534521379974117,0.13194067575877677,11.784063566165905,2.2547706690757483,-59.50627681648913,9.241438115854962,-2.3998170162867236,-77.67933540581974,-0.03227557423906707,-0.022848842781222123,0.7273741741450627,street
9.974371864204981,17.875572393229866,5.026682390102403,0.060397841174390926,11.26419628654854,-0.7692368041210962,-55.77157163879236,11.972183989085911,-0.3573578236549242,-78.01846078414601,-0.013966746695321663,0.009020513014763677,0.7681120034716886,street
84.38051288826189,81.70712447445227,56.636174942718846,0.8066550692586583,6.183615801219719,-7.2938635566245065,-88.65793139370678,2.120121620732876,-8.01465898244591,-75.24230492464979,0.513052415296169,0.15835615795000255,0.5036571698358215,underground
24.20639391023979,63.848462206400534,29.218525390088068,0.5385602981468338,10.423613911167454,-9.702530896894501,-78.74819253581225,3.522839498539225,-4.740937981113934,-64.88943962690462,0.5939661424293631,0.06635729680729838,0.9992757322643134,underground
18.71747790525852,40.15482867846133,22.3132184006314,0.3324604719920047,14.98012719784772,-9.163631609015926,-73.31085282834454,2.32788851803599,-0.6804700575236895,-82.53599832167835,0.4554486147043093,0.06607452494272757,0.9291202686688752,underground
71.51951589823611,58.00206823686504,40.59124055262974,0.5864724807904029,3.9872832215527767,-9.37821781898746,-78.78518826434792,3.1204175454959433,-11.339893535954328,-90.92504819958718,0.9355962342454711,0.09120817985391172,0.5359829600804097,underground
63.06915490204213,113.45482842883166,78.65838924772589,0.9260875761279845,4.754576234614023,1.4949141613789152,-73.70783206104079,3.2771114722211196,-3.2556562164785046,-84.4472856741134,0.7413264293906988,0.053869625515470476,0.7345670557805818,underground
8.7113119595878,10.662877234174612,1.5587576412651931,0.1035207245292044,23.43184880120796,-2.4056967615286693,-69.39739466743687,9.923215412931707,2.4542584764807547,-58.27105889645584,0.05134714362992368,-0.015794310642303425,0.9230977978492622,street
66.83631146639549,91.91580126592069,54.85734663831517,0.4166327336709484,5.190159690180408,-1.6920354686845513,-77.15881403221886,6.9859446953423205,-3.83833700409361,-85.68010670676131,0.9587633279035667,0.10954684135737155,0.9610253084884874,underground
30.254237593357704,34.735984161659005,15.759875533171451,0.2452522587361403,16.283551367552953,-0.6845638632481901,-56.243139119721405,3.590746404165161,-2.8511365113570752,-77.51461157700595,0.15943911414402753,0.0032404875721959575,0.7516433183397346,street
8.183250271334174,12.565586031542281,4.1214138125277575,0.11946296869737691,14.903849822750736,-3.218435822298427,-73.0256506597922,4.140965320696958,1.001983591825173,-62.24877585385501,0.08883674403069211,0.013348665329641345,0.5183844781511203,street
35.85362506498625,25.902169122152582,31.621841084365183,0.5778208590320999,10.845301321529735,-7.150807183058907,-89.4345510722494,3.4172533494431074,-6.635058363973092,-86.31703604968455,0.5230680827811397,0.09429275432116874,0.5514398409061474,underground
9.290863738787088,10.126860210414584,3.190812279301822,0.06126277360805865,11.78590459992877,0.9590498485908334,-49.45333626267377,7.765085782801934,1.775028381346762,-73.0353486159043,0.1416229483323939,-0.0023314907755641427,0.7726539649342374,street
23.215610561192513,33.17444467415861,30.694967542126015,0.38756968628260763,8.170818428443885,1.8541152691353826,-81.7580077415785,1.0044290834857534,-1.1452846991394035,-61.729054882842924,0.15368978520708534,0.0631508209215662,0.622429531901223,underground
37.17706423428265,96.85311967871347,21.131120228230447,0.9952507677063921,1.429296702024473,-15.192642708198553,-83.97856116008035,3.442223652023043,-10.471879300024602,-92.85988031477478,0.9205576600026035,0.15138208517747007,0.4399411100893201,underground
4.165172672939478,11.054923079947299,4.072381016706109,0.14195754927815118,21.133627951288595,0.05773590039511767,-63.3597255310639,6.078495855798358,1.5453799135397235,-77.09890253470348,-0.05463463808525024,0.008190070715800704,0.8185298019949286,street
10.664407790916606,17.651591894097166,3.7951614123759163,0.07831664289158073,16.955575177839936,3.1066795665560374,-55.64413566268793,6.641226758302789,-2.1912697511592456,-73.09494318702474,0.008465426087005734,-0.02688438573635604,0.7483027876893104,street
18.837642559490817,25.783459177856773,20.5711328445232,0.29546135486880076,21.805727146675522,-0.013674060637952401,-72.78041811680228,3.5624175067106236,-0.15595608619390156,-81.54182159089929,0.12203786315342283,0.02484897106447973,0.6913168337308726,street
36.22400859867844,53.97653549990141,22.597704779520328,0.22876611855991846,12.376884614187944,-4.646591398830119,-58.67322282674248,1.7832882741935079,-1.8975387182987333,-68.18314910696209,0.3916868320410161,0.08080034997499166,0.5607196395923398,underground
19.712038103341254,49.3904201962911,17.55600428309971,0.3397497659718438,12.813741364378288,3.4425731028266107,-67.34252540081381,7.358955119205185,-1.306115997937484,-81.19676278443441,0.010341358864336334,-0.02000101653798101,0.673220687151536,street
60.171288716441744,103.90485012080526,39.71203538656469,0.5880980003618836,4.503537566327887,-13.68262069343097,-88.72334873757951,7.211236498472041,0.01781602593112197,-65.31848972479071,1.198001836758855,0.1638664095642118,0.5584025092808766,underground
26.581567542211374,75.58849872408936,40.4398942021246,0.48406015767389726,2.5404567077592954,-4.5179197676432565,-76.58377266258843,5.6575210350093466,-3.3772254152729513,-79.94425936583649,1.4593678241868258,0.05619657015201945,0.7462000816733976,underground
34.38497657893011,40.95841534862666,11.350731684336932,0.3021268154196051,21.350698521227418,1.6076380435753643,-61.80259776216319,7.5988305964429586,3.462886242068313,-67.71918327655764,-0.09018545286567858,-0.027672122820596327,0.9137072380518021,street
34.60076625455734,91.08668463663128,68.79404066569865,0.4086478793552242,2.2808373085271283,-7.558526306327629,-86.16428776696671,3.4253868897986823,-6.167106368605628,-78.46407604408574,0.38376940823413885,0.16649726167036474,0.886755687054186,underground
33.73243796393841,75.43202011535331,29.68513250964055,0.3460579577820374,7.046428338421997,-6.699141272583187,-60.43145682272216,9.824446266019882,0.7870861171046144,-87.48777466514022,0.5734915294408269,0.03917016747450276,0.7762567438456276,underground
25.887583144730364,38.56242982577802,17.67940598317844,0.4645130482348681,11.9986726888649,-10.74605388464882,-80.08064719223371,3.431140285723096,-6.091332304645366,-94.22188813445058,0.46395349037757927,0.02435263350611065,0.6534480433525824,underground
28.24247002352591,51.86705890058538,18.527475992233242,0.2726177352718753,16.168537913622977,-1.8774192732644557,-70.15892790035659,5.835088710301268,2.2331744209342865,-73.10053497950688,0.12095444609467604,-0.02980403518650065,0.5335461751943205,street
10.894931968991585,14.0489555125545,4.676509273651087,0.14584999935855128,13.951173842980783,-3.0518312612991885,-69.61827388933676,2.1411889008038902,2.7066295164382064,-75.0814885912482,-0.09118825340346864,0.016534435320784413,0.706321583192776,street
32.57945305728558,36.797400595092185,9.236329504808516,0.17684250864117934,18.737233093290612,-4.970711471376163,-73.97746885749842,10.288478779031909,-2.155151492437911,-83.84501167757263,-0.020553966933946816,0.02702361011117438,0.8290309439834478,street
18.165556947946055,48.214515862278006,11.285230337275543,0.2318475193195722,12.114959293208912,-4.637828825412989,-51.34527274059565,5.165676073522352,2.4366888022244364,-60.06699164226448,0.054354490312325615,-0.028721245906173733,0.6907119294778588,street
37.781001860192674,60.348084718130266,70.71916769663315,0.5687566388948361,5.426339779823523,0.5375685201347835,-77.37146949957003,3.9979490969120004,-6.527375822599877,-71.09678746178349,1.3033467780203107,0.1188763608672023,0.40720068766030826,underground
15.179324672305523,28.873090866133396,16.116674920732507,0.2631374536563578,15.396085806906473,-4.894954378530636,-68.8170148025244,6.037402363936107,3.8114791908481553,-57.47470801326325,0.06571723621806347,-0.012256630258346852,0.6698458707165947,street
9.49418650276678,8.351491870720738,0.43328396810864445,0.14647997573634955,24.525650097330885,1.6258171956776977,-52.90487461726845,9.172542140698628,-0.5654594588071813,-61.73008091013508,0.10936913635731496,-0.028657995275692176,0.9492161003575391,street
21.93791522002102,47.0796520872578,36.91370208563498,0.5140190488118547,9.440973622317095,-5.010067227012213,-74.12262828305921,7.647728979645375,-5.823310375449188,-76.35346260327366,0.20205140819708461,0.07119356188642423,0.6697794627780845,underground
5.507475552373774,14.078019287633527,1.5698664991577893,0.11953349510814103,14.00519238932545,0.8214596903949154,-71.45870436518003,5.408924116879581,-1.7462791987015738,-54.559400552724185,-0.13357862078211763,0.028341203495727857,0.5526640411310448,street
20.24252574761969,39.64523581388965,17.890654305301886,0.23792328090338347,5.952166762168765,-1.1927235700630003,-88.32897069775731,8.416867481089287,-3.5400047277621445,-92.47470312837378,0.6037771382173055,0.025244100016030006,0.5593931303377131,underground
4.074973225136147,8.023595218486198,0.8070274317975972,0.10073050665952175,18.452731749678957,-2.3539929425998514,-62.63664054434619,8.077939170353003,2.192420478313207,-84.27981148959766,0.06031063617254337,-0.028135388588908076,0.7772830535360836,street
4.936517523532583,13.261759043369594,0.1184739347526671,0.14875056701696537,13.32025885561111,3.3783212007787613,-47.585421991572915,2.6407191572137663,-2.307516681962765,-80.60874586448934,0.11336439967824927,0.022575620983073058,0.8232452273166843,street
30.235763524183135,52.74512616602347,13.777056444446423,0.3080045627936876,4.702166061899857,-9.709513262576937,-76.33995788239744,6.060037741527924,0.4841143089173361,-64.45977183995001,0.27761201905456423,0.052686164542727024,0.9384286304587687,underground
34.46878592408729,101.26842930721034,74.70320891408156,0.78311633958882,7.036711496325902,-17.19873310714718,-80.60378309456141,1.6433193451511245,-2.248715008084341,-80.98894373853156,1.0674343198803533,0.07716056745199587,0.42152558733076045,underground
4.918930285459688,15.072502920092415,4.255437320413456,0.06218881336648274,11.772748421982735,1.1026977554571102,-69.22223741672798,8.545744932091743,0.8596987205063931,-68.2754649119275,-0.08040355937202771,0.02953293295167559,0.5361634940144797,street
27.619513836947394,20.140916208205176,12.570806351991697,0.21624088032662492,18.959006294774344,-3.7073034645259364,-76.8851507636141,5.140056436270605,-0.36610934673302964,-78.32368059924246,0.19825272218700116,-0.016735302039661504,0.9592252544331994,street
63.49473249416311,55.57514654518138,53.23203572718073,0.7650163450494413,7.053503383868545,-19.89103941942257,-81.41517814759771,5.823203644822167,0.5271949238553191,-78.20387551657838,0.38966628011744503,0.20336136672864763,0.5094894666967269,underground
28.644662581001782,50.08670371905063,14.98534600232426,0.37625551001513835,11.71919388170236,-9.955194272899659,-82.51901183092605,3.927806112092975,1.7347256963892335,-65.90770486162025,0.17494396469776044,0.05237820930387525,0.46246129121329205,underground
30.7531394797011,71.69840345283949,61.74651158609803,0.8270453043563456,3.186145116579193,-1.1058819394605557,-63.75118199410508,0.03169660637638394,-11.50505903954226,-71.28251080663905,1.4584133002398898,0.1899074595566428,0.7869995805605787,underground
18.76693556048433,68.24103642450757,27.39811365060425,0.2333985223731209,11.464966562838105,-8.954204197915534,-61.13410698035972,4.074533186421485,-4.5038742040515265,-68.79110791981374,0.2894975004494166,0.09674691463905163,0.47107025540746356,underground
38.6377619434671,106.39993414897842,35.028855125084476,0.463873983783303,6.811892809360339,-8.253019279510386,-60.91311475206426,2.6818186749077206,0.7008586357679008,-70.2399479063589,0.2992599349147472,0.07748363295253294,0.4785430381920124,underground
38.39921251406726,74.00163677800452,29.86337929025996,0.5966546057458068,14.961989391310839,-11.93220387410523,-72.8386441613437,1.0883080362553232,-2.5136834900493286,-60.18778615197284,0.311294278254419,0.07126455078566024,0.6437804469330649,underground
20.75855295659674,33.59899204396076,9.90822383771989,0.26746854217185,18.38283995800456,1.7238465616724872,-63.27311589416492,6.189069935829203,-0.15153316483357493,-81.57567404512997,0.02730693124017508,0.03400524701297607,0.9711880105784706,street
21.37653852100936,23.387804904216026,8.872953971154127,0.262369178790401,12.964940330139454,-0.4211007645420404,-51.067207998594625,10.415737424533763,-0.8121339316092868,-75.4417043795188,-0.08826156815441762,0.020474218238804062,0.6796711687937189,street
20.736901174893276,74.6458810928419,17.329145973353185,0.5420183852258267,9.552493872988006,-1.0885899252302824,-69.65384254911413,3.876326011500436,-6.016659493702303,-89.78413487250654,0.28342109696501083,0.07745385747179065,0.5097389235931102,underground
23.204342023361413,77.79895923603402,30.2283417330723,0.5595441123922926,13.360627058974764,-3.558752452633035,-69.11759520528861,7.741262555181217,0.8678050750995965,-83.10637724550182,0.5117426476867714,0.052377996251638345,0.5534908283601538,underground
16.134980828140296,58.22149279721942,27.16225595041598,0.2562827500225299,10.830298096964185,-10.982384706660339,-73.08066221549353,5.321384359977601,-5.471147838545362,-66.90887759233924,0.3649149294583219,0.09930677309951612,0.886645092047619,underground
35.858663449534305,55.54748249478811,65.6242835433182,0.5883388651112137,2.0771584441847746,-3.5595397133270836,-74.92782274473181,3.5845657383770133,-10.564779118081864,-78.12495419921765,1.1761646712498386,0.2119033280534193,0.7234406340640307,underground
26.07249208573235,49.91552773699419,37.55904083859054,0.426763802118339,12.964323935866183,-9.417961274665881,-75.0598856462764,1.8002661926183339,-2.3620734354518467,-82.54591104502177,0.33211709484617713,0.10057531735809687,0.9256761420736916,underground
8.219108919276291,13.026723184257467,4.856216276545424,0.04587133306108799,20.04182752657922,-0.44950895078662345,-62.163240739750464,10.367909586482906,-1.2590632902670738,-50.65494301142777,0.029819286139484202,0.013768048141008009,0.8703143025837592,street
34.408291729316616,28.568387356540434,18.157845962682384,0.12214232121824672,11.951854330345025,3.5960425000595784,-52.809218675091365,3.998244478520596,1.203906587775955,-64.98007598995498,-0.08592742457265727,0.022360750496543055,0.8148091579430481,street
7.088403009828583,10.098771520028809,1.0813175602702874,0.13968489884440186,16.849510361263114,-3.1641673092056726,-59.57717626826097,8.335025420067701,-0.6358294388189645,-69.85427495619687,0.130006704121393,0.015866339804777467,0.7799380680780349,street
9.7680324923716,8.972425335461267,5.895696705301714,0.06352870611363719,21.12487024137598,2.439383713174168,-48.285694400286545,9.851601854113474,-0.49044520535782343,-68.84676817987916,-0.05793163119522045,0.013600426066263951,0.757766353453392,street
19.178789736568103,71.77066878593203,29.882202115304125,0.35521982307471556,6.737124287696532,-0.4262463197802884,-65.24749380385748,1.6661597119365945,-3.094150556545963,-81.74967811711333,0.4133940551140295,0.10461610002586978,0.8315404219523921,underground
88.91916509529358,47.48492316318624,40.741079485604985,0.5851005997068627,0.1693468530320874,1.071992774302359,-66.41358621279005,0.7227661547543187,-2.729357115209302,-80.00423013896153,1.3360522440951683,0.24396503787744023,0.8188252065981985,underground
8.159069740133969,13.981417673772416,5.1772060879146755,0.11903193525280167,10.306650667417776,-1.8659015977377953,-55.225813457546906,7.724864421342075,-1.2572424834373335,-59.182538965538726,-0.0967787114005188,0.009977978957802704,0.522583936260406,street
5.458219382935048,12.360073136147875,0.7635758476709311,0.04085439079590995,9.589834127054935,2.5610589730637656,-60.8853814346069,5.13053814809682,2.7285898458485978,-64.08483240782476,-0.08847813487808097,-0.02142612076443174,0.5760002928642574,street
10.287443514292516,9.36049841274472,0.9649212122522024,0.06122048598075114,18.465403910382477,-2.508178448571151,-66.98480336333658,2.5298198275800656,0.7802252725863541,-83.23953882582708,0.022771631963947575,0.0006648046090987139,0.5202417312870281,street
8.089712582280043,10.068214718530093,3.7814199690219716,0.1450864980549976,19.234129629755934,-0.7786843802341776,-72.1890913343805,10.455564408759756,-1.6959486375567632,-50.52825456333276,-0.02462916892070044,0.002824423415413821,0.9547948275920914,street
29.71335071138082,44.54161324813013,33.76151550936129,0.3167651048213457,6.391035186515236,0.926516603832976,-85.42328823082624,9.197410694417455,0.9090261666400359,-72.21458262740668,0.5699928602885934,0.030796683648496928,0.7655311221006678,underground
26.06039601529784,96.62780891684781,40.034852239111316,0.5323920475919955,4.026635885209917,-6.033433539694148,-88.87752589015304,3.654381125002093,-5.212514678332457,-84.24237340867207,1.390624569375493,0.0526873945771443,0.6236921822025583,underground
27.32855598043768,52.86350853875028,10.062222560653357,0.2270543713586,24.787669650714033,-1.2615816695275894,-70.32601026586215,3.7134809601474905,-0.2495194259607718,-78.68100199761925,0.0756079509580278,0.03612897543742413,0.7581241165549024,street
61.91679080105462,49.00153761236898,49.822817692005444,0.9635696028747095,5.980090455585706,-0.3872773553727846,-75.25216218122863,2.482012900570872,-0.2461238034504234,-82.9258531637284,1.208941242526732,0.18975816461955888,0.467640793877257,underground
69.52175875630198,85.26152483969693,69.3149688951336,0.4386282779340452,4.463290005399521,2.5867990251399284,-67.43429838351945,2.4298849906011633,-3.815466006025215,-82.0336936124059,1.1406710489636482,0.1647978807233513,0.40101173277692703,underground
7.545443628892247,9.040790556179537,1.5930822260863862,0.13305312335530756,23.443209853971542,-2.615199031429583,-50.086413121281694,11.284959302857876,-1.1284685257001739,-69.86762868670876,0.10844316357783104,-0.0041434836267477924,0.7449945361114324,street
14.845359808497388,23.850510868466984,18.28831042719669,0.28124764499237476,12.875029373223441,4.857185235364497,-63.420911688914615,3.7734396914460016,0.23202384174416935,-80.58825281628157,-0.086326108817331,-0.004385777543222554,0.7157369645974916,street
79.9614719284819,93.30352622378136,37.80035511441176,0.7129821754671233,6.36675197502127,0.048568792123109716,-72.58120104978592,6.013074907211473,-3.16191726909544,-82.08501355803817,0.587410996306397,0.16659602809344337,0.48776802032973604,underground
5.0948495731744385,13.033782671236331,0.9008534902482508,0.04040694346547581,10.578482138503766,3.853343478887468,-64.14243001390759,5.967487352573233,-2.6863862577265527,-54.97960667974287,-0.005373793405497235,0.01366380122362363,0.7954560084826603,street
35.61281491476865,92.20771406355578,41.454457091726354,0.4699241297486784,7.226732361899658,-3.235988692009453,-67.19481301265166,6.924033714840712,0.7664444628302327,-84.31485099512776,0.2806056325795777,0.15543659217970443,0.498087582098544,underground
20.514605534340987,59.437736272593,27.005549782943437,0.36188884032145185,10.79885003006438,-10.342712468061013,-75.46391782492097,6.342247329631565,-5.282918827090118,-79.23237394071698,0.6986017059455233,0.04884460431473062,0.9894891905329051,underground
17.475382189442087,29.3944903020823,16.93578618752005,0.24365947065466395,19.813463113283902,3.5650778876542404,-73.88595506026154,5.3354289517152615,1.031639595060545,-75.8355072262464,0.1679260226245897,0.026652361009652466,0.7970183622340248,street
21.334258720461214,20.59059537366938,23.519708430951823,0.3485390375321874,11.946514098282115,1.834192064319165,-72.60674145815408,11.030491795910196,0.08581072903244191,-61.93114373912695,0.13992943465447805,0.0004265630106213489,0.8136367802375563,street
78.08403030479803,112.37002933309026,35.98140449390554,0.45681922465347646,4.475122959618392,-6.532109587331764,-78.73050528019841,3.6895654822115693,-5.426655624175116,-78.11389900900217,0.5772462241325205,0.15970578317407136,0.7160931111934391,underground
74.1415729929006,62.35975462489834,64.67928039348955,0.8792477986528443,4.8716246420676494,-16.154340680586362,-84.05923988706444,6.568634658714847,-5.986896350787323,-89.77162732732283,0.4085470778735031,0.06407158666172419,0.46037564777428763,underground
28.93649761245585,33.60997312828615,9.26670908476815,0.2477602358439952,20.93687181343287,4.613711918342002,-70.56701050404767,6.979834115292158,1.4515909813088763,-80.30610455240192,0.19789171474845943,-0.004152008992822188,0.6447978057671303,street
79.59106335037093,117.79460174392847,24.37439362213454,0.7080090953601835,3.8301575252271425,-12.95059336856344,-77.64748361860609,5.284928606229356,-5.909267382076533,-91.13314901294609,1.445306616514131,0.19940714992086925,0.9228822037515428,underground
22.156572731647962,47.85980034732655,38.03709724544763,0.5360091032084966,14.656708293216324,-6.377353257761969,-74.59063412501898,3.717378496727565,-4.2187310603854895,-62.13994653157581,0.44161816668813947,0.0847762322467056,0.4922996320710168,underground
7.19241614320626,8.088682171654785,1.8259950282661808,0.0906602737895967,14.451244113903199,3.9078719501897545,-49.32614987151548,3.812109533149772,2.445833107742912,-55.8683476663568,-0.12479921212810904,-0.024181140873838526,0.8058078367972354,street
33.97943066652898,31.305942207036175,12.36367692012594,0.311717089737008,6.677919988053432,-9.032908391488682,-58.87535773473092,4.972954690220595,-2.9645873363702986,-81.11786541283016,0.638678788497407,0.10199873793279857,0.6281882512707271,underground
34.98631172078238,76.0732252901349,22.43326428687965,0.31804473986688103,11.22638780889648,-7.188384868512749,-87.01473657089552,4.458367563414209,-6.576602757214143,-89.37251064932312,0.24650233363009233,0.03857584731136511,0.7043086409859107,underground
9.38369580833581,10.075109099797709,1.9008046023635587,0.11444750346343983,13.272499147675514,-3.1388898920855244,-49.31559193545,7.992075723965405,2.963447651841954,-54.83597513085776,-0.04774245933682236,-0.010188085222860473,0.798654236124815,street
11.963389994122817,9.796183721771197,5.784790820404997,0.12393677069613604,9.379372991990152,2.2151207497529812,-53.311234592067535,6.085010621246395,-1.303733992784784,-58.4618285979715,-0.11408613534836595,0.006903350624133962,0.6512513948988172,street
10.413627180847858,11.633664892770167,0.7537259568793602,0.09115283035254405,17.61369973193752,0.8522157820100249,-70.70641427594353,2.258045772094592,0.4006292499579396,-65.13038727479264,-0.008017796188324378,0.009198273921812723,0.903114600516651,street
6.787129616935153,13.146236973640288,5.436657660725473,0.07561941368376536,16.835783821540584,-1.8845418329841843,-74.15243182899015,6.7288758564207445,-0.25706661619774174,-78.02086092543436,-0.05132556830535569,0.0022097012873115857,0.5986466043573222,street
13.539383952335422,51.77189049531162,23.463910813261514,0.24952402398050885,18.266727542962514,4.657081948331941,-59.5068855282168,11.572978289480348,-3.0818404268249244,-67.23612765130028,0.11316223303580603,0.028348564617986155,0.6317313421934592,street
10.276555808924517,14.531657801560426,1.997244528297934,0.05423801802948083,19.677767554403875,1.8199783932920708,-50.42249517340199,3.0414309083832385,-2.8376884164779934,-77.11750056356173,-0.04792587496218188,0.027429695811607285,0.5936258723388885,street
5.138236139414833,11.381464573465188,2.4944901828852926,0.0948376830366411,16.62912544353722,-2.204775390849923,-74.75723368706382,10.119327419280621,2.9066057952765796,-68.78028686796763,0.05996242010716235,-0.010857716415239048,0.5204975826487102,street
9.190954027356401,9.083099318417297,0.7128373140242332,0.002818757827277407,12.332167443382911,-1.4975314601748826,-48.15610127839702,4.395074976694167,-2.836952714044027,-51.85414353855918,-0.13937803307016855,0.018673498997032557,0.5412215655151411,street
62.34674358002638,65.82227842005405,17.71935710723341,0.727514909623934,5.2399358109244965,-18.320569591644286,-83.90174733424948,1.9550605666448844,-0.7361814595431788,-74.53167790902233,1.4049305695281882,0.1095293522582721,0.4258682705433594,underground
11.796284946934094,8.503919724876571,1.8301954158685765,0.11887355087019445,21.9873427791277,-3.300627093543139,-68.19130149421119,10.478192864281773,-2.714492482562225,-82.48573182898254,-0.1164669569288358,0.02853092196979788,0.8387661877949224,street
30.19837519737171,59.90811353384568,9.860072686638555,0.14457868284806316,9.820948938978608,-3.8845204104187303,-61.92551074267823,6.904404960366309,3.6492856100011934,-78.52564559983702,0.12499639168747653,-0.019165421834541955,0.815355131336606,street
5.478571853842765,9.841057817542856,4.514652325655133,0.12292154888875176,19.716732675889805,0.23978562717735308,-49.445719581407914,6.194691921113489,0.16790567584669214,-83.77759257802033,0.12312992637409323,0.01596183828421502,0.5810955615790074,street
4.673095729453964,15.94442943441425,0.19602773633810466,0.06157910206225523,16.5153634709017,-0.5146745347284405,-67.42645986016339,9.580492271728673,2.1861265507657146,-58.02175347295484,-0.051920207721478095,-0.015243564261151742,0.7322633666377851,street
63.88284570132129,54.79945020350938,64.26343207443804,0.7132765549597648,2.495853571828696,-0.8481301488020954,-77.28302695426216,5.547808710758345,-10.042319528865375,-81.78053959303998,0.45634272977482926,0.11921183769202384,0.9342505272231639,underground
17.775325859633874,26.668808593490624,23.777118881675733,0.3367572767260546,13.298378620470507,-2.788842933777765,-57.97453370188433,8.731082673314814,0.7537568921201458,-56.65635420370405,-0.04455479792373169,0.03512519487718145,0.5251929269490216,street
11.2847317209716,11.075156805179171,1.6317711596564322,0.13173790309938094,13.931789218210975,3.7061363918269725,-74.07529278819048,2.88104162756802,-1.279387656848249,-55.583555799671714,0.05484525463596579,0.014987869918687405,0.8547872420901232,street
86.36925331619953,115.73706319111767,66.19720719129704,0.8113999644708998,4.048721008552882,-19.175733355211236,-83.7692067010143,1.6249820270653208,-8.141626918651305,-89.35760383367158,0.3990634102983833,0.12429872174221146,0.5039963142361743,underground
4.561590729024213,11.360848819419626,5.799832374012295,0.1469253326003563,21.370746638820115,-0.5781743279755247,-63.934690474716575,3.478169468947128,1.2558519368815535,-52.19859422547897,-0.04361624471152241,0.0008240770563688292,0.6054446171470749,street
89.47562266003128,65.21215990566022,28.174217205125053,0.4595424687988954,0.8225857797266489,-9.369170771488033,-74.18512124635033,2.5873444974619,-6.258839965137424,-87.1282002335418,0.5041770546139638,0.14125484717736134,0.5527918864108659,underground
79.97588612923212,67.40881853050317,24.408442888425974,0.43143403982859174,5.007224482282741,-11.108869772143137,-68.08620468580968,4.892257181343681,-2.718056876046866,-90.32288294739743,0.4387380420660657,0.051905044189110294,0.9734054905025497,underground
73.72831129332005,98.46815301978114,76.17517312959463,0.9974108814674519,8.577371228404768,-5.112251445810347,-86.40467997446154,7.961452902102029,-4.12815496229934,-85.75592902782117,1.4591075355893164,0.05561265285947143,0.7670837466633065,underground
23.303175128045712,95.41208733323724,74.04376342300796,0.8739107839872031,1.6652552169381507,-1.3367267297576433,-85.75027046107576,1.0997476866828961,0.9111567959294629,-86.77171339493142,1.2659185722448023,0.15434085573333445,0.9698942859044627,underground
25.863973051744125,31.74928447374297,8.298948590499114,0.2990684539743038,20.95731219171579,-3.8582401713185286,-69.67432176327524,10.646818656973764,-1.9198887721325422,-78.63625103269621,0.12942931951985603,0.021112638884037013,0.5855841158724997,street
39.34668887964571,107.64638447937563,20.28158774149257,0.8621670576460267,6.9725350918225715,2.4607227433521075,-72.8352436216336,1.0437423420697574,-0.8993231668322146,-67.45679729410979,0.8721865270992541,0.20022525232201027,0.784358416847548,underground
16.459324142269416,26.767425121703162,12.176312432183927,0.30535584167957,11.89215727567889,-6.568096737793985,-61.70183851959942,4.291370754235961,1.7139417674796462,-79.11887747231587,0.36680630854715357,0.021260961450065192,0.9123869392403362,underground
33.82547983073192,45.811877846746306,9.323236507123795,0.26611048996849895,21.613744333896605,3.8501768790902045,-52.76685297941222,10.214915360682433,-0.4601502900369834,-82.40558304707177,0.14996987560425895,0.004910482858682758,0.8290137455721626,street
8.89212954600658,8.416575757485525,1.6299009586620434,0.0311379707306833,23.525871231043443,-0.05090667234599522,-64.70808151866454,6.029093872300329,2.2886625921367862,-69.80606822646737,0.06585144993587205,-0.018778987145161623,0.5663178084067315,street
5.647460675366464,10.964936940972215,5.87628985530721,0.10736014932373839,16.532329340266273,0.43699757815920925,-63.251196057441796,6.665841201329094,-0.32552666926650886,-79.39766961471094,-0.13076913169394264,-0.01361381624217279,0.6386120345071176,street
34.534165715740734,47.37605723996098,18.787105615337804,0.14596469058513098,19.419439719429377,1.9374127211545495,-50.883386466288144,11.766941783656494,-1.79336054508037,-68.70284388316813,-0.005848921536317206,0.018880682573845044,0.962838578938187,street
10.784836987219585,12.237659753404163,1.9175694231870544,0.09514504412345763,24.04849018542016,0.9086098857867313,-46.59621925622233,2.7924141692847577,0.6675800254139865,-71.8317196147916,0.09432524526205557,0.010747806812796835,0.8359608848232134,street
7.339958119706273,15.016459991632992,3.325142050292227,0.103727515148419,22.831997661932547,-0.4724353553858238,-66.29914795590553,10.980616218496385,-1.148326604282623,-68.78979862234323,-0.02186725690185376,0.01575765840584572,0.9193320580813618,street
7.462274287573201,14.170916204138988,2.1087866541146973,0.08280269856611702,22.405089138362882,1.9784162489682107,-45.65359912422086,6.871334230438143,-0.4501861846405504,-58.3558075336672,-0.09503590910438496,0.016617561762915914,0.7900576043269609,street
28.50897579949489,20.848061443021784,9.102183547812876,0.15816888575029167,23.169349819011323,-1.9847009629452295,-63.859943047417886,8.70396795100308,2.8340102974447587,-83.80374854251787,-0.005521861860521296,0.024362557962738243,0.9185935480805196,street
27.29863525684752,20.72703104312136,8.727974440254684,0.11137902825163412,8.962531725925258,4.222844652246335,-55.19116919572271,11.899240675594845,-3.514425880932218,-64.70228114974152,0.08694571421446048,-0.025902783797447624,0.6561557138095395,street
15.357441644683568,24.459110239844705,9.592435309499557,0.33025115276375805,11.273735432082468,1.1218030623159194,-61.35286010343047,7.799802092114519,-1.1765681252921052,-78.21117750184648,0.0011622413246008406,0.02856585925876709,0.8597977811389752,street
6.346531117662356,16.571398622418293,1.8541191469296034,0.06702636983258281,12.626317359627176,-2.1339002457069203,-73.04585585515295,9.049436305568427,-0.9360205802571349,-65.68908889016541,0.015366397134682408,-0.02238902752614065,0.5678005968259464,street
4.351940780106258,16.63668672955044,1.3416143239411433,0.0577016735685464,15.54726654708541,2.2023953380268217,-57.94093454678181,8.451801737682565,2.61716289356401,-59.61221807839396,-0.083074891299926,-0.027053727732779073,0.7789992755253121,street
32.250837870180575,63.17351828859334,68.40902016173301,0.44824974950938884,1.0121681211390465,-14.71381097033833,-70.55171501495776,7.865797360202946,0.09182599737817476,-76.64364471573302,0.590702064425676,0.13751645293486894,0.5656865734492308,underground
47.98250913298474,77.05569149874694,55.35415433792321,0.5217146946316039,1.4889620912821033,-8.381458024747266,-78.72063441013765,0.7286480361994716,-6.203023129936484,-85.44981186356047,0.66609911711035,0.15488081942663326,0.4870520647096277,underground
7.337060703757377,11.967076794613508,3.4213637765022265,0.005879863665823553,17.508774305649617,0.16566795107887256,-49.91911964013211,2.6115486248767823,2.722653989676619,-67.26533657808446,-0.030525669345580833,-0.010939652402100809,0.8250398753454851,street
34.95978611051305,66.28299272644429,38.71799591715759,0.3098944509963784,13.093492782338416,-11.759975084816977,-66.48914730657032,5.378695867475683,-5.16959013176445,-68.46917383728695,0.629064469819638,0.04700763939421522,0.7412861822973285,underground
57.87686784819855,43.279400209205654,44.38824780321464,0.3803047888195613,2.72060664694483,-3.258454041580144,-66.50519799510744,6.228671761164137,-8.087135846565149,-93.1955199565658,0.34866284974934525,0.1951005762957976,0.8875215943936251,underground
39.60982660591198,70.04747737807337,33.81013400822039,0.9721482555808367,0.1570619010333718,-1.7873779521437179,-87.77716600942675,1.0060756308720773,-9.509178312467016,-87.5861805251366,1.3762710438185415,0.16168156709547885,0.9940432304734084,underground
78.8444012899557,75.25794881395299,20.011560587697506,0.42414154435783064,6.660985539738174,-18.268289523125492,-86.69407927875385,1.2501919359668836,0.503453113363916,-86.39622795204858,1.4351223517529208,0.10348794619875235,0.5480295983807005,underground
17.886607689999884,69.12670224081117,26.900554775915687,0.3728950240704503,13.690992435044091,-10.553614509798368,-68.72848020573132,2.921487658193575,-0.7144902978312153,-90.76449177586703,0.6926033544595189,0.09384137767566476,0.7223167475191087,underground
19.28262530023639,43.3363304904322,17.07325066090053,0.2680569837490704,19.838839996679653,-4.909069188749373,-74.85348670919109,8.759258639369211,3.8359364481808136,-62.87912428981282,0.05722835534560658,0.01140683269716107,0.9799951512299667,street
10.8582967811018,14.242335272562471,3.71652783466095,0.061356844465137124,20.906500195290235,3.5108934501696085,-72.61414200008699,2.7229814505691188,2.049093996756521,-76.15754913342919,-0.11488694624428906,0.017600787195624537,0.7555493329764484,street
11.391080908968545,14.659480402749413,3.08748185691408,0.022159707888087413,23.394959010325035,3.5182377163133776,-56.49527278293684,8.956130336355217,-0.5443897715337718,-75.07659115823324,0.11256732789900645,-0.0219761899315208,0.5938946599420339,street
29.855311514302908,49.12837634497883,33.18684809407982,0.5022721703418593,1.043175448559246,-11.108166761140017,-62.30464248448847,1.1705375432996785,-3.8230167699053723,-85.60062399297405,0.9050800360670652,0.22811883510408074,0.4851212991003775,underground
4.837867956789953,12.603981186450179,0.4208878253141435,0.08407526078784983,10.259933811952774,2.0695182457412677,-56.452881224237494,3.387037335841935,2.302887153317707,-67.78842938644284,0.046498475071148654,-0.029799707634970213,0.9934506434581641,street
17.774495213420238,59.815209527002615,39.37177009200618,0.2041505435953888,5.55662395024383,-7.573764143130177,-66.18678709520782,3.4743286582756454,-0.7586252015453496,-65.50371099910114,0.25404099771191624,0.118431743529171,0.8872737411401636,underground
19.350947012004255,54.524196659340944,24.89059824756963,0.2182515482557294,10.280009254917468,-2.8874733114674034,-79.32495797781614,7.079711809459007,-2.5274933092321366,-77.34893266268956,0.07370815740740005,0.02179337352979438,0.8093883728300831,street
15.88379048329707,56.8227212368505,15.062483117667576,0.5815145077140383,11.366761865913764,-2.6754682094487716,-62.914179454072524,8.950123417111097,0.8257241905475325,-72.14190588850036,0.5448220262105018,0.04189083326348676,0.41517362596396,underground
34.429963610535125,25.95632207323863,11.833237710773066,0.1543900674954704,15.85740455795042,-3.3454915254978945,-59.03997229537047,9.081424408206216,-3.273767685680859,-59.91708520321808,0.17469783358124455,-0.009133241694876663,0.7252803029098912,street
5.376252384542326,11.752170015084033,2.3245138478784297,0.015205826865370397,13.391956966644237,2.655205304940976,-70.29817567870272,5.618322695346095,-1.4869114213256733,-58.44611011388372,-0.018250619829387582,0.02474823766602119,0.808470802880601,street
6.445800320950611,15.723439327331024,4.323211131513945,0.050252632284911766,11.565558115055225,-1.0907703780504958,-62.762652958409895,3.159742463728212,1.2739982784043686,-79.7646885418618,0.07111829809750117,-0.019236319348393555,0.692843007388988,street
7.341331562844198,12.891958608816232,3.958645721198627,0.03201709456927286,8.495884413989414,-3.0039701776945824,-64.1917284682043,6.977315097757509,-0.8118122998830435,-57.15903670825489,-0.11507475943008363,0.003470364026816851,0.8074156001400395,street
22.581628854315653,61.928909853393925,56.3067055658461,0.5518547948458378,4.4519111018337165,-8.539945786666468,-87.84214276122194,6.67546880986677,-11.23506242614994,-74.15504350814328,0.8508085596717906,0.211230090385286,0.6110526629806387,underground
19.526608644552628,47.61781206024867,13.928520694088581,0.32001529402393847,23.127049281238968,-2.5247248551563817,-69.0663608430037,8.867695714952305,-2.3931027918753047,-55.08192674592162,0.15060084801670912,-0.016203653058875632,0.6621259432154822,street
11.311888978132789,8.519213011526917,5.766403989922387,0.08035498935189395,19.14106733187294,-1.181463804904448,-57.76334705119615,3.5361154550061142,0.18401885496431625,-59.263622722150046,-0.008220523063501683,0.017097882441153747,0.6236691046572302,street
5.540476932326258,16.624981545766836,3.01994250011078,0.04393487740758347,11.845400216117454,0.14764268276693926,-70.32424709640051,9.759123277732638,-2.489173570934868,-51.873427777846466,0.11774019364725477,0.0019453540728758684,0.9924573486758169,street
37.66300204426208,57.824121616312915,26.2062004944311,0.3538055984711173,13.572549157821758,-7.583389861203242,-75.36048809703928,6.346092516175464,-5.557189943473336,-92.39788479160576,0.16461927289423958,0.08257307311887847,0.40735224491023153,underground
30.186484305688523,40.56279225390356,64.0981787941915,0.4408076741281457,9.811851204194966,-10.328096243879438,-76.97427412775063,5.647471221315831,-7.479060447275615,-80.72648980113432,1.2286113512743166,0.08479210931219945,0.46246743709368066,underground
61.19475546413812,101.52705507901504,65.07959109555125,0.48782139762734705,1.31072524582742,-19.699305554358748,-62.14170258091059,5.147863079749106,-1.692754896785969,-74.37511775969287,0.6322626105393965,0.1706343546122148,0.4211863976988473,underground
73.2486967239557,61.491621836128516,78.09932919660353,0.6431692900725494,2.2670788074026618,-6.414356047147784,-80.46245202574501,6.820233279409577,-10.981716855181691,-87.21348270238728,0.3622463619177293,0.06383172204829998,0.78580533074551,underground
26.164226056454595,65.09617578034201,10.393010561008731,0.32259951770152295,8.931186809376674,-6.986138767092861,-75.16472182453529,6.70192281411283,-2.5853557156393308,-79.60674516657029,0.2958221178263579,0.028432265407862728,0.4972734312333944,underground
38.854231168616536,57.06560887620344,38.562175237419865,0.32239683464705443,10.0100375659366,1.4564983187103309,-64.56470770691101,8.019582983569112,-2.2689455053652035,-70.88391425065761,0.6107863561993712,0.0636754243064442,0.6241454766362768,underground
43.37810653565775,46.49846609775241,38.83540575712669,0.24640050644863953,11.814891622548469,-10.754040085185766,-87.41249577930134,8.637209840074057,-0.8418489041482928,-66.25381273610421,0.5314726485428788,0.06093536116004161,0.5769981824423577,underground
6.57312519250976,16.75763817212026,0.9734501270303266,0.06054758176536264,21.538221048504838,-0.6016651560144997,-60.49771429361365,11.650915787618814,-1.3956887980846588,-62.63047636431622,0.09945864412469221,0.01127812533202429,0.6045954633034021,street
39.86283666855425,32.966944265101155,16.665552066658126,0.5173999178279917,13.48079182451578,0.9576197336323169,-70.2275437932976,2.5548030942317497,-4.262929715670165,-70.84758716137691,0.49000690905438715,0.0762937286722553,0.6598334926318683,underground
7.301015243188071,16.152981582922052,1.6450192948548812,0.0403488219497744,13.730299517188692,-0.23865591801859232,-57.97429752760897,5.7857312989486775,2.414383801236581,-63.629259421340016,-0.14250067357440618,0.011622517002840713,0.758270822657021,street
8.224401254062311,12.648329548522518,3.440564489516129,0.09881203781163111,9.735795660679083,-2.3183365522531627,-46.248872683765434,7.243813545158104,-1.4104284734582364,-57.59782229374437,-0.030257586660893038,0.004407700395007076,0.8341696205769192,street
36.99235078947001,108.96937383680441,70.33930158533164,0.8816341976123793,0.2294264244359201,-10.983927680178954,-65.08159774886379,0.6003044813222838,-9.361405642979642,-82.25535821430896,0.4142594645943174,0.1156715387861949,0.7672822001167934,underground
36.10667761878527,91.98566171635122,27.873703139921005,0.5967418791644633,3.429216833036004,-14.364047905269762,-86.53308981955819,0.9575965071759143,-10.678296057583568,-90.56639897930354,1.4826988720742165,0.08564245302216193,0.45699423433900954,underground
11.983935649590993,14.452700250277143,0.7853276277076957,0.023520141166775525,15.204920725758114,1.9077054303767804,-45.064089963570595,5.358935299524783,0.6881891297616551,-50.782165595052184,0.11822944956973944,0.02799842134940004,0.7887400774360502,street
86.9461737254875,47.91240574022869,54.19812556049861,0.8436367598777453,1.1773699660489922,-17.826306256767474,-80.83488809685795,5.686184041658477,2.3478175264709,-90.5706137003229,0.9074818263980564,0.05259791161998156,0.8573072436152593,underground
20.16688213260665,68.44468540276273,11.189902028161088,0.23591928091731398,3.253447010830498,-2.106374319297787,-84.58372372325046,3.31114942095922,-3.5757251999132507,-72.322652825152,0.5312613349204337,0.09393887350158238,0.77056577286036,underground
11.52874718387029,12.88606977036722,4.669967092426505,0.014956456683972262,24.44867258000926,3.2090616504654834,-64.78474099055441,5.96713591129382,-1.60062598626106,-65.63829029063749,-0.06577712815440845,-0.027572474550346504,0.6722979076011246,street
37.07965953715397,115.22002728302755,29.181126379704104,0.9656016612754186,8.892249966119717,-6.758316877977631,-73.38550897851164,6.071238536931775,0.628615713971401,-70.73475426829168,0.46224133605453055,0.12021130836072211,0.9864150676591066,underground
17.68256912814323,47.47967123085818,16.330331854787275,0.4327104741846014,13.542216210932914,-9.522831318667624,-78.19355409152321,4.271295006427476,-4.891804421852492,-73.01179269436793,0.17799836778636777,0.0671652781602623,0.49059801214256343,underground
7.80405257327249,8.436399965881904,3.209705333624326,0.13513355926748633,19.229898011233146,3.938094459351772,-71.85657601868509,7.005783666392252,-0.7211583338107088,-82.69697981074016,-0.020723887002984998,-0.0127583395890346,0.6040298242445423,street
8.297376616327925,15.363496291838349,1.0356758133779114,0.019874645091625436,13.952337082764394,-1.0510571123882055,-69.06882653468952,8.889127953720989,-1.1895452694658768,-63.300612879911796,-0.12065911927742759,0.015452768105204497,0.500560164788894,street
17.800058268784504,47.647954833607905,10.794737343781541,0.22066955028155455,14.93617610253552,-3.838287797919275,-84.64661467358734,3.5553950313053226,-1.9681000809984948,-76.56145159658178,0.383294741510827,0.10789712356899862,0.6522767300149913,underground
5.341676814977039,14.585826756085014,4.504563239467075,0.022608934851117462,14.099700274704933,-2.7883904452144286,-51.46528113545325,7.807940297894669,0.6863808609466684,-75.90469714931886,0.024842909602395602,-0.002089852255750403,0.9088077666068766,street
45.03926435495842,113.4138481323498,47.718384091881994,0.9794239480277507,0.45440207125515775,-9.659050632762735,-77.61789735846268,3.3405070954749165,-1.989897966073885,-83.72667418933352,0.2926400780354508,0.12450094053482619,0.48619797088076894,underground
24.253282887040598,53.68976928402274,24.587681043764302,0.3347032615660239,19.790099785443285,2.5536083377542784,-71.53630004857257,4.927204389680172,-2.479078038289063,-66.17323311957777,0.16781960346625593,0.030545665620751797,0.5056180792226326,street
19.257015245291438,51.70009195991049,23.14940152413775,0.2547813979899558,19.86705747319576,-1.9235376916329558,-64.13923992187698,9.373922697826767,-0.5215703097417546,-78.6299784659888,0.17311820872451064,0.010582408141334751,0.908852932782328,street
58.40311668429953,81.52336128049853,68.41406021863602,0.4130581512572583,4.477133694925454,0.7071516649434457,-62.54797883489386,7.065657265957428,0.34371430135633574,-77.7586697913909,0.8110587933460142,0.2460470446356443,0.903271277857696,underground
33.924469734001036,40.29070740293018,19.403380200781815,0.30689333699167565,14.61603477654595,0.40602681655255957,-62.723333357248904,4.698007723874911,0.2534122815825288,-63.127046336198745,0.23356820848912163,0.0792062444424663,0.9945044133218555,underground
31.959933338865973,56.25213555693125,54.01900266127043,0.4957836391047672,8.027069813824076,-12.706308931790943,-63.29385936582516,7.1602380579777405,-3.3071879513534626,-71.17132181824897,0.7018079716870939,0.07353783409794068,0.6258256643009497,underground
6.703629231985608,14.796766462031323,2.8926653677826977,0.06419273512617851,17.176465963606923,-2.4576116894912436,-45.22501880566024,2.7781189889809137,-1.6441384119980924,-75.12532752057729,0.030912205780001867,0.023207734836571348,0.9261604372899339,street
4.943316454700202,17.9339792559771,2.5695016571336744,0.10125607113304062,14.890557268229689,-1.7724861553600366,-57.447053154575215,4.972898560131565,-2.2882700291177738,-75.25705349921007,-0.11155222347682436,-0.02550370954701836,0.7686017965554242,street
41.60697360386868,41.6631984984558,39.62484191740671,0.5856766133548659,13.222930270728638,-10.34850995383529,-58.28706592704193,3.680709084975215,-0.5865027105826366,-63.100308473503475,0.1668473849460706,0.09627205575430478,0.5882010741825894,underground
8.912307126647192,15.189958582757686,0.20168453116389973,0.002533278380966869,24.50213791804397,-2.871099892622399,-74.34776597776586,10.69944867980993,-1.324301238332282,-54.30904803911514,-0.036572560386710154,-0.011268100709695143,0.7847402141429451,street
15.98275983836236,25.701731656081574,23.603229397840895,0.12528096416438533,24.50952923751251,-0.8455971729774516,-73.05898990584573,3.152261020424808,-3.5533631712096243,-70.87290022191722,0.1900010918296491,-0.027677971027979146,0.7474020783867596,street
29.3348176068857,79.93107537984304,31.074940761879716,0.26119440566954655,14.139727955095287,-4.100987616497533,-80.64371707209042,5.419244271727573,-3.3779763817040376,-64.41868410108827,0.4516189429087284,0.07583825915401993,0.5900330228959473,underground
77.09894684673334,113.58118219408809,38.73296021493709,0.7154378686367164,2.384853338740606,-12.219322562882127,-81.6408332429548,5.755665802311979,-7.0619375353728655,-77.56308634903013,0.9101218885265571,0.08474203427592697,0.9766186185266131,underground
14.0349601303807,57.74002555707701,19.360526625226683,0.31974132686658163,17.690250171213343,-0.4487723564048718,-73.23232390815278,9.247756859029813,-0.408516657266917,-72.64804364813176,0.19843371161310866,-0.010200814513570331,0.9861664620591901,street
87.36835237098892,110.82149186364582,43.33505803743351,0.3523258816649092,2.743400314211113,-18.148106510038364,-78.968085899741,5.7964163618918905,1.5076677557906262,-91.3099425904198,1.003010617689291,0.05227738555330929,0.7252000026479124,underground
38.38521906436394,79.60742676690701,67.61221706912502,0.8618414119805549,3.1511822416459454,-17.505856069410452,-78.34684957591243,4.3397001631683985,1.4004057040250384,-69.49649450897117,0.5463014737634133,0.06544877897435447,0.4677184681069937,underground
13.335864564989173,50.63240308177734,13.521002432294235,0.3075488884673013,18.902333880600672,-3.380007666692997,-59.411730968657544,7.824123687378182,-1.890380357895138,-82.96546000868479,-0.008950194958914567,0.029335874794751415,0.9704871482839523,street
39.614668905074055,51.17888297816579,20.139040781436986,0.34673514042559367,7.414915731596489,-10.47711263862201,-65.3210585151331,6.884375950257868,-4.883162513684425,-82.9863986396128,0.35810467415254654,0.05863603103461977,0.7432583375390129,underground
56.571070459385005,57.2859131255417,19.626724230562672,0.41472264626122013,4.617142793831574,-13.181818304233206,-73.51277938532746,1.0626352756125215,2.375591059859591,-85.13681975821011,0.6630373384928278,0.1226285798372474,0.6591723875369833,underground
30.108584306479482,84.81664725747564,73.67133465358235,0.6568660877105583,0.9587033826760638,-6.364828054429095,-75.74496141348375,1.4704694665948832,-0.5214732553701591,-75.8921879981045,1.011984837771816,0.05146109538697184,0.5303786250835695,underground
5.152504754492962,11.623153465170102,3.675840061663032,0.07886254796594434,19.507803237421236,0.8794625729510344,-53.76705634813,8.456150051444158,1.7115637147018585,-60.36918894780615,-0.012561377653413364,0.008150854855543038,0.6072712324459066,street
26.395629462036517,44.647620102417534,21.08065443158192,0.14519372150999527,15.86047626673166,-3.8656978629459795,-78.87408708713333,6.555542452785844,-3.6170331861548357,-63.0934764579151,-0.019166730591971867,0.032152015601337416,0.5184755072826859,street
70.45442917346527,43.19593330863295,33.30675654545933,0.8953082461083874,3.052499243162975,-10.165070786777653,-60.939906080149356,5.075122362945614,-0.3810246127208554,-72.47231130545924,0.7429806699243824,0.14464986910751995,0.45538995369418167,underground
4.220239030555531,15.750011661229983,0.9261124639173062,0.004550307117677887,15.153086426852397,-1.7299176947499149,-67.17304212275546,11.450955023532385,-0.7966490960284895,-77.46941295146227,0.02750161347882918,-0.027756525071603956,0.7316509674726523,street
8.269036811764789,11.84316488697017,2.981750498151094,0.13020674782804073,20.33837471886303,2.492535444741792,-73.31417464238895,4.111081319749781,0.744820893585211,-83.21210877505749,0.0024306475032998542,0.006234430275368089,0.8385097275550412,street
29.613945397930138,54.938646109845706,15.832164848682329,0.4956821445741987,1.1266055058767965,-7.6719749171191545,-87.0864105402824,4.595184804911817,-7.535155392886692,-84.6380143535074,0.6565421217859793,0.04477107968497471,0.9566428762356505,underground
5.759230576365933,14.827769238043274,0.866373557541154,0.08332146236562463,13.090528702839258,-2.727088331580048,-61.848474595436144,8.015727399324039,-2.635207953716706,-69.27264392188677,-0.012063963347299228,-0.01549685209155925,0.979415197875069,street
5.5247653922285505,8.041126228595376,3.7242991624101656,0.13020179426064163,14.739699549553672,-1.7638296372631581,-73.29162066560443,7.378972499964025,1.9472593720556173,-53.95045000085919,-0.12447850247584502,0.025848851404286922,0.9199324325294752,street
4.027636004924941,14.50517803004377,3.512777999198211,0.08881830563455025,20.790558294638977,0.5667584383187378,-59.37324075437248,9.07492925762441,0.6869071882187932,-63.810407973273996,-0.09081596284302088,0.0008487122430765222,0.5538051655714726,street
27.049747924375126,38.56924493909419,39.12579870950647,0.43762600393671364,6.533640025282974,-5.776793915673401,-66.30520061496834,1.4906724701014995,-6.801412382308128,-79.02908362485636,0.3055820142955028,0.11389347879856773,0.9662859180694713,underground
6.965441932774362,17.510850635372197,2.6014390707266717,0.024729185813808858,17.727711863634134,3.7327660884996092,-62.37660034392691,3.1536197315117693,-2.5006957724107775,-62.69386239958301,0.1490319997291936,-0.01247804826397822,0.6400028958615055,street
10.43739662541682,10.811207472708581,5.750999834464846,0.09169261968303069,16.765454947234343,-1.5941761814923767,-58.38965219187486,11.967839594915244,-1.6825572061618594,-83.2452345447022,0.13255419050600212,-0.009157798598439362,0.557872163311061,street
34.419280231053236,106.15765084051648,23.628329815947026,0.7451022662820733,7.485698880631703,-19.761464565102106,-64.24528675937557,7.648711705253762,-1.5166632304619263,-87.1544974651267,0.9065311446783353,0.1499912909240847,0.5136231474379953,underground
10.390499361766853,14.379182105356787,1.7181821215598942,0.12055050776868315,8.163971929494728,1.7299326550298302,-66.46906229150221,6.28858196518804,1.572421295071278,-61.97172024994145,0.04036840759295529,-0.003487317460065517,0.5313395630771411,street
17.026249601069495,57.00466001094964,33.63179384619146,0.46711815819262614,12.135188687559557,-0.6334101842161193,-80.73227648484135,2.47631114459633,-6.482877755532589,-92.82526334666872,0.6515503641913621,0.09071923642518931,0.9464579536520656,underground
8.01082239361104,17.01264142396566,5.270305803038483,0.10907650726646798,8.012114150007726,-3.267649124099708,-62.30399670430088,3.1075179893859244,-1.7489059526555897,-82.45887104135525,0.002711231505695827,0.016209519187014444,0.8375219433038485,street
30.651829803760457,52.426212594935194,19.16711413327898,0.12244634654016773,14.664687855482434,2.7033728931588836,-68.61168187710417,11.65358486671127,-2.251896201559881,-84.54666569812355,0.15314176498664014,0.017378514960344982,0.821729591871294,street
11.149128197798337,14.410348376284265,3.132126971003342,0.14013033580939427,9.802258500441292,1.1183261814467507,-55.621926823232414,4.308940130825361,-2.85146825197572,-53.785652106653096,0.10326462523370986,-0.00021139646922585867,0.5075537635424996,street
30.4899098493741,28.38148267556996,18.43563747567575,0.12266250781806601,12.737036292028701,-3.222520471933048,-71.56813789573422,9.383485604347445,-1.2464211835077572,-63.17454470023588,0.17136184094047838,0.004479654456958748,0.9429003778956291,street
5.66040281490416,16.34243135613485,1.7411030763025834,0.11134563878445126,15.226331778798471,-2.2608881113382253,-58.94063782692605,3.1456995638723875,-1.8177312757948016,-82.2726905067908,-0.025660509110787905,0.02993200211545282,0.9951487910171757,street
71.1049241194219,73.7786249560877,48.615549976930524,0.6398659802669344,8.716221453241541,-15.275958192494882,-80.9824271850168,1.2617726391398563,-1.2569878224310145,-77.55092268317891,1.092214932187749,0.22108501654963308,0.8541894165112273,underground
21.227718806926866,56.49846346751335,50.01919304127778,0.7912096376820021,1.4062146382389462,-12.050924712654442,-81.39274189496923,0.16337434912910886,1.9648678199173997,-80.44986401302373,0.9483318067154523,0.16374259371256494,0.5170811892588737,underground
22.57892124673922,59.630595708026185,20.951222844842718,0.28336658043421414,23.64459274808301,-2.241996209285455,-64.0009716675853,11.546854390097907,3.2265569213007117,-62.74859355286688,0.19862925812970575,-0.021310150124485575,0.6288262407707204,street
19.331038686008185,29.353941232423722,11.532898089184012,0.16614549742968016,12.35767828005748,0.9009394901454115,-75.54982537626314,11.902181607314477,-0.1364250326281118,-58.47322042912198,0.1545028659678234,-0.008001004748850495,0.613013264689633,street
37.89549872318564,33.28420702349408,18.082191349321562,0.4518416774711306,10.502098354573247,-4.524725801868938,-89.87364194923197,2.092690885844206,-4.040997957424046,-91.50336751345759,0.39049064983960663,0.07850777450812647,0.6661805427887246,underground
8.241911929902791,13.717217524693897,1.6437382763227288,0.12580368498045594,22.06704789316754,-2.040344656636668,-63.077568292493254,11.376429717887383,-0.25944475032720327,-77.78609638462515,0.07850091019598782,-0.027575951078608177,0.6480661531761482,street
14.72081586669591,21.310576690847324,8.119285346273525,0.15358230155309652,11.018036210987868,4.5265128077196355,-62.32644587886881,3.707598049562407,-1.4306523483342426,-55.26894059922153,-0.013566183007994878,0.014063420355731326,0.7409818114644271,street
17.256428111630044,68.2644689237759,21.386178103648554,0.5154067670352875,5.18703111216025,-1.5764561972234556,-77.80567220913971,4.473859160878484,-4.37955367335656,-62.77583188188662,0.6660568960009232,0.04450351865787266,0.6223721561467592,underground
24.51868926126156,51.46671251128268,9.80402821868464,0.22606969755006007,16.726039253534804,4.365500455665366,-54.284031385159494,9.898846861000315,0.5375663758885256,-69.29030691558232,0.08739293105831039,0.006906742680752642,0.75503045617785,street
4.8462828939674365,15.779222983682246,2.7395463613885256,0.04902201860126227,18.996569824722904,1.7380057816220695,-49.223139388563276,7.663580880235946,1.442671552623433,-65.68301771109573,0.018094550529567877,0.01036814966758564,0.5971759118910072,street
26.09152779564261,37.43075367552247,24.139571284223344,0.43336873656254643,4.0073931570794095,-10.117601808271866,-67.25481766039903,3.443662450036949,1.0002594543609042,-69.53710401152246,0.27139210747570014,0.0434898626971454,0.651851280768383,underground
71.25663327399391,70.4486802134852,45.15857778393302,0.47656614301121114,9.568623432991291,-15.322165288172421,-80.55221276487762,3.810243119959263,-3.835242587305915,-73.54550988314577,0.4726388259259812,0.23498702978550587,0.7220148355794398,underground
21.731936904398985,118.76312889571153,57.83380842518426,0.4047045786871959,9.014708001193434,-5.662709595740006,-62.36172963089572,5.605709446294064,-6.379830820872824,-93.94973283151795,1.3391068232588226,0.11210772022992804,0.9124132488180802,underground
41.42370354777705,44.147655953637994,39.42794360012117,0.27904448520606373,3.7219465499159736,-9.79865877077891,-76.82527593081105,1.417960996280038,-3.0921001630565286,-88.40673685370938,0.37048229625412854,0.09677324568263221,0.6950632503029257,underground
10.550375530235787,10.518604284635881,5.531206326269347,0.11704326033126246,22.446421925161577,3.935480774443538,-54.9224464605324,3.6787701366192476,-1.6726986840858467,-82.19750268781412,0.14741584760520196,-0.023197635431434865,0.7678404716848847,street
71.1120144428185,61.00446961747672,41.833152266045936,0.40085608216869373,7.540246923181043,-8.136341799881365,-61.541365673730965,1.9040780493008738,-9.219556243110217,-90.49643650769505,1.2185471961317305,0.13496365668072927,0.9292086595738601,underground
79.22759843780656,116.400020184319,76.36428271982368,0.9212145507046211,6.8584252515842925,0.6557693202063035,-76.90406541530243,1.798519228736751,0.9041212200229953,-73.35942453332927,0.9394033272325194,0.2357518195998555,0.6323928032254148,underground
10.30148510600782,12.90846968788382,3.7069626534606344,0.1090002560986308,15.232035616763373,3.6127875448647826,-52.946166463343445,6.927020135124814,2.7203990650883396,-77.04818482906119,0.08127093538117733,-0.004579719105740298,0.9293415990929461,street
10.910981784238086,16.304247386806423,3.329140374606907,0.04513927201839023,23.414861707795033,1.6878834792539124,-50.27949257067014,8.144978650111202,-0.7495282564437629,-52.989882714804466,0.08947594280055166,0.006594873458719827,0.8921942851348755,street
49.972370541309644,70.05422070923251,20.799194570807522,0.8551584942040052,4.832626626219963,-3.7617033194425673,-77.47115663436479,7.986933653591935,-10.996546295422478,-88.63853642558473,0.3901503048057984,0.17636931949844764,0.6806582285686502,underground
26.694448482420107,74.0421672233855,78.45699531422213,0.6289396833652348,8.505668429522196,-3.0208564059248424,-67.38593466845862,6.566129443894492,-11.272208751167964,-77.86286584510579,0.8941002194547356,0.22379450381950225,0.5229448059313875,underground
9.34643988511272,15.350154211977475,3.100042103241094,0.12643613638345114,9.878862758245626,3.487865374866181,-46.335434932345606,10.04108378855588,0.5140286947682124,-75.34304791364269,-0.0019967933120838,-0.02023024054648355,0.8027374329815495,street
75.92230434473797,77.1489350494893,66.9975481078958,0.36678807508640454,8.892201199288639,-6.016714818498164,-67.50945143748524,7.651828076451183,1.9255491333347496,-66.45951113988917,0.7615240001760469,0.051232090861319614,0.43956626226978374,underground
4.395186633283827,11.503006289296934,5.252736336911552,0.0460046345231203,9.445202781918097,-3.9002505438537876,-68.85397037937788,7.2713628754226685,-2.985254073381621,-61.058049829173115,-0.03834164254425784,0.020539858441870264,0.6630457615513887,street
50.12310334781927,88.98764587306772,17.615636074427933,0.749926339515183,9.202825952805206,0.9960631628191337,-88.82206322205067,0.4544969571614885,1.433263875548839,-79.424938953682,0.33683846978938287,0.050939111540453996,0.5326694657197704,underground
29.464297813049466,84.72744080895369,34.15277798598528,0.8705959685768732,9.707595839570493,-4.869098116629813,-78.45157298110523,2.5565121852040225,-9.788844288147269,-83.22279012042173,1.1016004300876079,0.10135410996056513,0.7443187056886734,underground
30.078920204613517,59.00948558003095,12.139060153287332,0.5293761878970158,8.515673738222837,-9.09557306856431,-74.15069543613879,8.717055298875266,-7.6604028475262185,-87.8538434328093,0.5592836561964705,0.05497757293605447,0.7660611148137684,underground
13.347412606831009,56.420785035792306,24.563509227625158,0.3297321780100602,10.413467293114048,-4.8457138168895,-71.59761256944756,10.75703470277604,0.5479814591375796,-58.80680811131006,0.18845789131703009,-0.026224067932974222,0.5191513126622392,street
16.12663783453722,59.86398935618703,23.59648468074416,0.5244369086406331,4.281322552419647,-5.3878308572840545,-87.7963260142647,4.858269814880121,-4.851852630664794,-83.3665993847398,0.5199942949712442,0.05158958642458135,0.8216479392869338,underground
18.731281837365312,49.6414542689994,27.533729887243545,0.5697260165627209,13.003981523112541,-9.524010773989025,-58.988758627371965,1.292364159307753,-5.207191071182607,-82.84393342104225,0.6260311023186701,0.026360807608596187,0.785518278443055,underground
55.90620531272897,103.73796337211795,49.1476904933301,0.7733273187134405,2.0765329776189914,-3.4608762652753455,-87.15891409088093,0.48796514002024516,-6.4658007926344485,-67.37199028334892,1.4931169577467145,0.04474009521494361,0.7174257393530157,underground
36.858983221605406,34.92464604441533,32.60675639712227,0.3104736752747176,9.289547455216535,0.6699854991331495,-69.86004335432989,9.362831544887381,-5.325987674094263,-66.92244151384062,0.24558667914914112,0.10747533586482796,0.541390790602515,underground
15.689451932794544,45.68969088610948,15.788664649685213,0.16521934110489606,24.197224412060592,1.997248904466126,-77.25359165774101,10.845745998187578,2.530593215709633,-77.73910130992196,0.16685164732866345,0.038183425875337074,0.7675962967903234,street
33.89522617636405,38.941041517500985,19.305473029036648,0.30620489618456986,21.43409071004013,-4.169647294127252,-61.082100058424054,10.623913827027476,1.2891736223106518,-59.59393145395005,0.005422335306495871,0.030019342330133536,0.9714241474255563,street
43.88951486719759,71.28698431094023,33.916595387714395,0.4959189676499648,7.611176791330589,-10.021887648463943,-67.67021233001358,2.7889927742785474,-5.627074267787972,-67.9052177823363,0.4451051765034644,0.025525413438869497,0.865336609732668,underground
11.737383010221295,12.816685824064255,2.6553348070288405,0.0630452678294623,16.321447530883724,-0.9166631896363402,-45.72559335225411,6.495224993976118,-0.38819621598029963,-80.03380000754093,0.011056933902471006,0.01801223990027874,0.8348862976366729,street
6.560372568196834,13.119189578563406,5.1085965686022226,0.05768451394115906,14.878442992154927,-0.8428829640108928,-65.60102210420249,9.617813250903719,-0.3497106181784919,-71.90281643414278,-0.11285952698133428,0.02593141243099488,0.6554295059689011,street
17.312786484094694,55.29473815475298,19.31622509945648,0.57684497016979,9.832492081200623,-1.7738587999782531,-69.13192027586058,1.1925383635489217,-6.067484490673513,-76.13341566347852,0.3347066751200122,0.021100141552860458,0.7728393175160839,underground
5.329084652487012,11.578691253290557,1.8285760003815432,0.016199359156145197,19.04658364253532,-3.401582480288199,-66.70609075384183,10.051276066138355,2.759070410283239,-83.3107715595796,0.09359784112414665,0.0004968928916035467,0.9665996948070769,street
5.154286261685426,11.17775229067259,5.485962950797786,0.014951054221699739,17.137406734221216,1.213787618064492,-72.25739312403681,6.368213380690479,-2.973704157496816,-54.84013243929604,0.14540397878540742,0.020748756403539632,0.8769315560775695,street
7.754671370068597,11.687038940604275,1.8868062411573656,0.0783505851134375,21.171907415143796,-3.8771863366083252,-46.309940589751314,11.234636613978786,-0.4203931521613251,-67.03668060844758,0.05708637071378597,-0.024105539362096255,0.7567506848551315,street
37.296962385643695,66.99872551405844,16.1012542619442,0.4650281142828478,3.6366418258358886,-9.341913087623933,-61.27100127147869,5.497123241249109,1.1777049448879282,-81.19080660158745,0.3671798304333407,0.04556600667395995,0.5532039871665395,underground
85.33035911657721,111.97036314312145,45.15940844750334,0.8757566007751307,7.767091331297554,-0.7515892489333567,-63.49260267062061,4.906330246364929,-7.447090406715794,-68.87883592869316,0.28204084557172054,0.14263971134277295,0.8023183506316016,underground
22.368724423052242,27.720074153732092,13.310801997741532,0.5121987008688633,12.658846390668554,-5.823011150795291,-78.40949510015098,9.366910049898905,-0.036345638364837285,-67.91000904498448,0.39255064133793727,0.03665938566734755,0.7301824078977415,underground
7.9485720135871105,10.372243821531644,4.02950375619296,0.0025002203653787356,15.25867903305506,0.7535018035936476,-58.69299894960445,6.735361493927149,-2.463930377183567,-54.56774150059874,0.14567350113007624,0.008980636823844632,0.6709667771116963,street
77.96583326789568,108.45122038127396,60.59782065552092,0.9838211282456374,8.92967231012243,-2.325183569265846,-84.86724931318103,4.838064468604284,-2.3676088382025977,-65.05401695519966,0.9666169846978931,0.05559047343028867,0.9094318927522433,underground
31.196180323098364,53.1927326648951,24.592225894598815,0.2450515763505284,15.422780221168965,4.371831257987909,-68.30951819876014,10.618839786342873,3.6593150548162123,-62.42609512946985,0.05668753003382826,0.0035413463514477397,0.575105489528493,street
71.95138092173953,75.50502802268463,29.744616279941297,0.6070760694139832,4.995697703911746,-0.5644330406902931,-64.16754434306216,3.125471655493964,-10.95368248494243,-88.56382023861511,1.1985621095029297,0.19107439136481932,0.7935737069302553,underground
18.72108003666836,25.762661513368784,20.26840276580215,0.30090672313805483,20.686013330235014,-0.6758704822275234,-64.51479954582138,6.094184747424215,-2.8886851310560155,-69.06288727857128,0.04900610640024461,0.02961106446761553,0.5446922519931079,street
46.27426374590023,90.48579763600208,65.09347435051117,0.8044665694224902,7.907884681201784,-18.955154250426826,-87.91884164214511,2.3505442968364907,-7.632712471985675,-79.83078819961624,0.2891754699833666,0.07153412924220838,0.4166105288552029,underground
32.71218750276797,27.02751679328412,17.735535207697495,0.1399331419125632,12.898904017347192,-3.509176459471205,-51.91800655783573,9.668038776410754,3.9720495850651725,-57.61587309177424,0.08410985309850899,0.022746773503079243,0.985990657807982,street
84.0505075536435,50.81895159895392,47.498473539082866,0.6005455765572414,1.5929731575076767,-2.679077056328147,-65.20149434680265,5.105159735804365,-9.018008046575549,-91.83919034978369,0.7938414463804785,0.21357942895238113,0.6288329735494668,underground
8.591270461998661,17.402190115862552,4.352322000452206,0.10283444682699629,12.494221589949658,1.7236403465272732,-54.50725220020334,3.198602618262805,-2.0635000061122,-73.80674587692253,0.015016696907753035,0.02572754636015466,0.8051282743683367,street
7.324558639918033,12.736573950969241,4.694960028428316,0.026196059809839,15.335210361468084,1.22086617228985,-52.2964907061227,4.2420226430065435,2.7612875226000133,-69.73596274990365,-0.06387078893421098,-0.005321277163135497,0.8547565534246199,street
11.167469662298627,13.141123616537845,1.1993801420269712,0.030099528139260517,15.241089699625064,-2.292380211815349,-64.61619554107128,2.8445671427572643,-0.126141177046871,-84.78452888384928,-0.038741802267583836,-0.0032416453444087806,0.969015383148583,street
10.952439845065182,12.59282143885747,4.594142299989971,0.054114146690667726,20.29373080284916,-0.7678917828440888,-74.37552133945799,5.529312217850365,2.0145035174737798,-73.7174610878909,0.056947062745321464,-0.005570246395132209,0.5195608160301279,street
22.274045981998512,45.85155893020466,10.03597903861339,0.21550268762982144,10.39112062591307,-11.784471823693115,-58.01801394718867,4.747682668918427,-4.222393744264615,-82.36187488006105,0.3839642152393281,0.07673867814224707,0.8216466815073873,underground
19.428263433204016,22.537437249660705,12.730558316736227,0.31926819340148116,11.079720350135425,2.8193984774681606,-73.63077093807325,8.770116598764321,3.7485029306724122,-59.60381353695769,-0.06066172424530637,-0.011324764435037334,0.583951689443932,street
26.51141813224674,43.88014614221774,24.83171317310847,0.4501145559385897,3.675850611614505,-6.30629235031892,-60.435603389693895,4.450624664766395,0.32324898662463397,-74.2237809544088,0.6222206658319454,0.04767100643294754,0.5252540959076761,underground
55.31676504106449,78.76211045961904,15.402379699277144,0.7787078805248395,1.9094203821419975,-4.516518638916038,-80.04020396173274,2.820836294158261,0.01766845024917707,-79.47588838844858,0.6832582866998415,0.04404452194562352,0.5362179740640796,underground
43.60338674824098,75.14791944516843,38.54282306787218,0.772935161265019,5.487387709945603,-1.630637422296676,-76.4974552932641,7.039133578036028,-0.15985414412314825,-65.09415739970018,1.296160079057724,0.10975735926519081,0.9101871610193482,underground
89.91023758633354,42.711655601647855,55.27927526540769,0.8667879848780505,3.9563832466417717,-19.45075132556569,-70.82475299780305,7.288134384812301,-7.985983472654059,-91.70374586586885,0.9212649356208928,0.23914223731894635,0.7969020686430464,underground
65.60715836096779,98.54381700248656,51.11240722852406,0.7759952232608941,7.319462242574541,-19.86867938951373,-69.79354309110813,0.8635263061033385,-9.648528075464771,-65.70201152434947,1.453900454666088,0.12571630542414025,0.6718084341968258,underground
11.246315283153445,8.18559507245278,0.9128250292043691,0.14478030538877598,21.468414305768665,2.758699981902808,-68.83367337801886,4.6004582804759435,-0.5766587741575826,-61.47944433287627,-0.07493221112737897,-0.012797530993922761,0.7272876173509342,street
25.990465150691293,51.490655605558786,13.60589922815247,0.13328262078716926,10.60363741590494,2.6300180728458935,-64.5111488430496,10.819446537264767,1.8401255266541545,-63.40594908326782,0.10885693185776796,0.017234136663910216,0.5852618615060732,street
8.794077082637557,10.781754382871693,0.46135957861715693,0.1276292639241144,11.221778320790419,-1.39566023171575,-53.9695029591109,11.417005417783473,-1.211517395125775,-81.31530222154508,-0.06775523427841317,0.02220026604554038,0.6189088292475203,street
87.57218280694106,94.0446158319464,29.093909715207488,0.8504028779374211,2.1189280865203286,-15.719295569447702,-83.10377768079883,4.680100775707055,-1.845535072985518,-90.64347650846743,0.35088598641652236,0.14553074207579164,0.6053691632798419,underground
25.133920210862108,22.36562350055725,19.735742279649322,0.1745783910788894,13.295149261179,0.8709125583479889,-77.54053650046548,9.03078106038326,-0.9863242809440846,-57.62429788630351,0.14242506649333078,0.007075924608531986,0.6414533045149711,street
7.686339178955302,13.403813819792973,0.0898745799975138,0.08168840359869987,17.37437585387032,1.1474442460849428,-64.43080469079274,3.995909338542665,-0.902990382375938,-77.38696933745368,-0.019331104362601242,-0.012164819969990425,0.6013723918877105,street
19.721679562473113,55.39389934839771,32.21197499210854,0.23064713638227574,8.414660262517037,-4.9645221287989525,-74.66156996017007,5.2582092479660805,1.858725012392643,-60.306246555159156,0.16153455317758958,0.030999774236257965,0.5942019440684106,underground
11.79972232920992,15.026952678652535,4.179599802211213,0.07806168943617169,8.400425399400454,1.4375732512936565,-64.60118487144793,3.5968598153130786,2.9705195989970195,-53.330739533658594,-0.01965786256427643,-0.007715570936047883,0.9593572655122671,street
79.17935120484103,102.62856102349483,24.605040638312182,0.46915398459702445,9.801511403761804,-19.544712836801448,-70.1746191747516,3.210369184651051,-7.78964732114825,-89.03934009972966,0.7706122576156385,0.15772189210641036,0.806842068112581,underground
22.3864128293083,30.082445458175545,22.700199855002197,0.3143206362929419,12.998414942885177,0.029521438530343502,-67.1561082006141,11.071558346283672,1.1012378494028354,-80.74326051664265,0.012872459917638218,0.018448093340701348,0.9219737715471295,street
5.738662095055325,12.794923173073276,1.4765426924640566,0.019834885792767626,14.105214921168564,2.9387138068930927,-57.54232157573719,6.855988860809253,-0.2003218506563691,-61.766161826887235,0.047959889765896074,0.024688734945899765,0.6114102996615176,street
11.723291982712372,13.995608814201388,5.089775389701165,0.03206231900677376,23.935737493653946,-1.7241528674581943,-57.25538924947704,10.840214875532071,1.693742180896547,-64.81676315118531,-0.13999702743038397,0.0002169978349271899,0.5677577125843773,street
4.008655389506817,16.76209379132075,4.623363585872929,0.049691363787319066,22.73550781399942,-2.8197103416423452,-72.11653797444353,8.103925998942552,-2.1435255910144786,-54.153846007870996,0.004787455798930279,0.0193544332121068,0.8275767186327738,street
6.345230616963752,9.275920706453316,3.5534426314455514,0.1447021692096919,8.976736395656294,-3.557972833091389,-71.83947506809393,9.98002104515955,-0.07185471603796856,-60.61508380679739,0.04359393527752431,0.0026449251954907688,0.902850973689323,street
28.883899658737242,75.81217241164441,49.640878189386335,0.3945189170899358,9.299862918236038,-19.235278968140218,-85.15283464025246,7.4012877003329285,-10.561600137181387,-74.44315712572225,0.653162225924429,0.1256125891930798,0.8764997850582976,underground
8.788063203097888,8.835136029462038,2.8370053757924025,0.0050835484858902154,13.589466099570458,-0.5656397669238,-71.35560756751153,4.787580486290243,2.5432641833809697,-73.01971812129601,-0.12436761540328634,0.011649546979699867,0.7664254361441982,street
40.2795490679906,63.31678946798115,32.48640478075087,0.5724886940590126,11.120051063479778,-4.345532076713706,-65.60039948496414,7.074517012104008,-2.6238749092968012,-60.91597794932754,0.6940220996185525,0.09063609321673191,0.6330353944553033,underground
33.41609316734349,117.00404758967112,60.65064843949971,0.4623701314821872,9.13773321673483,-2.1815389735107438,-65.85263712664812,7.756876172549719,-1.8545987205532874,-89.11539916109948,1.465253942465238,0.0934245113979161,0.953622760430694,underground
32.93678101640913,30.592234986950544,14.753300949510594,0.22609559493421064,15.54234797274069,-0.637396102442426,-66.90729110915397,8.921944304895472,2.6182942006251393,-79.4056007258285,-0.06133329105817907,0.010036057514735033,0.8022460268991176,street
84.27127713985269,79.49990877744841,25.16497156123792,0.43159070359689633,3.796999112286766,-12.649603440355357,-63.59189622223602,1.1964895115358098,-0.050110773368388095,-89.79072599817655,1.1006564581961302,0.10412308388016323,0.6416318738262308,underground
9.750382564246802,9.126696870077042,0.002880697509326513,0.05391966528221054,22.491044378854816,-0.19515117184597575,-53.24744478215067,5.2167626009743,-2.524844001541478,-51.12202121589078,0.1136749639066151,0.009242252321330878,0.9938843879777892,street
26.5836749082695,49.26505818968404,9.65186106772651,0.19780910299928112,10.028636950464874,2.54359227576745,-59.47829476310349,10.500702315371257,2.1669646566610066,-83.15632871231995,-0.05935912273063446,0.008222397473034944,0.8669929321549346,street
44.45530475665284,78.48095525298359,22.74505150334258,0.33686790129112004,9.325891166591184,-3.2322943891876346,-80.71271408952836,5.2550758898330505,-5.095753248430302,-65.53000094288144,0.23320728543267444,0.11403981485712028,0.7789931427318462,underground
6.949768926790766,12.205215007021748,5.629554652153649,0.04625901935754303,8.242045364302356,-3.52980500191748,-63.94813205212803,4.7721403694750375,1.924022605725379,-71.3984368925594,0.10514939549652366,-0.029302785104355897,0.5957286726830638,street
26.304407192442355,34.273051733269995,24.60204283156738,0.29893247111530896,16.251682018233655,2.2097631441986367,-57.51600667748674,8.244441092490973,-0.9196443839923045,-73.66223071579891,0.018545629075362474,0.011437968082215609,0.8123614434595997,street
10.62805263843168,12.92308781152488,1.5305639870056027,0.041157041885625543,21.51375330815226,-0.9044017182617559,-56.070789928551804,11.823178619402807,1.5259746518469974,-74.55479010881716,0.1434517859934494,-0.012052824403894886,0.963896713080512,street
10.029776671572847,12.204576230930192,0.8950900558835457,0.13403957475239803,24.757556165903186,3.2147879315130705,-65.05487976037983,6.534433286587457,2.9853095625115422,-77.94014774007405,0.12056870728232752,-0.011607716274880688,0.6037478527904434,street
30.988420354453275,58.91481773349019,20.090564223348466,0.128861600619101,10.54136613634604,-4.562859066698773,-63.30435601833742,3.671158634794285,-0.17200941104712886,-81.96355459353629,0.011295949816806622,0.027134070527209342,0.6361057353491926,street
6.879010848390281,9.438092833304985,1.5955828604040976,0.07396443787766814,12.024935908496186,0.9338675274018042,-56.257146386740644,11.096029794688965,0.8482516894815828,-77.27109426052994,-0.04826358268998933,0.010693066933424422,0.7208317029688891,street
26.72929305773041,30.280914902462033,15.41817110104578,0.40953326562045356,10.709675802479664,-9.58591786015398,-81.69262637230267,1.1536691903460365,-1.9475769331972188,-60.4411051487046,0.6246927403377452,0.07979688125740345,0.7202501493844977,underground
35.091557554774724,79.41229488557173,15.91986989555043,0.3356796206240185,11.775585377133321,-3.1896751935334287,-79.17329574231904,5.49396788574205,-5.308987080193756,-71.63411966396356,0.666713954178755,0.05150183761176458,0.9612863594210507,underground
10.135482830384905,12.644528236049181,0.43767280375220463,0.0908963040124281,21.05767400679197,1.8616708173686307,-57.27650569967517,3.857685942286018,-1.7553358024668138,-84.65481716268124,-0.015386229594139517,0.02569991645779024,0.6672687869436447,street
33.73410766744371,69.78341155223889,55.37509671376551,0.8642873670481631,5.16379906756129,-5.362872172990501,-79.57776830057887,3.5518432930905206,-2.9771725879834285,-85.82676896855861,1.3253672336496471,0.17089134863186725,0.6217455671676327,underground
26.405582686316187,111.24309823408632,74.30996044354238,0.727005444828311,5.797924278132161,-10.616634999598276,-82.66714665452,3.199923828332304,-8.811780545106387,-68.50568938324588,1.3914310768402998,0.07598730656630853,0.9656161550021918,underground
10.772935171607116,12.7247938461633,4.8700289824749206,0.12865563140784503,16.80130283016497,-3.516376899033423,-64.41929987102202,2.55905718580851,1.845385388970814,-79.07774200354231,0.14725167325626334,0.017585393043520428,0.7250993480519068,street
28.05896523124818,53.46369452227601,13.768640986302888,0.23147742710232228,9.928336584657758,2.095394818064392,-57.060815812070274,5.119954620472517,1.9045086541429113,-55.275080678357426,0.16392340009760717,0.026353524819350056,0.8279637592103224,street
44.5749264110581,60.37209822008076,39.38707255905166,0.3044019894404638,7.256142600091503,-5.6917072809736675,-62.77552206233499,9.472542969328803,-5.199638447480789,-85.70981812943559,0.5391656386563175,0.07922533492807998,0.8851322855281001,underground
18.042552548004608,56.5631899958765,19.753835136008718,0.4982272921044602,10.982016891971474,-7.604734047745429,-68.84258107685567,8.494318787758857,-0.6928784330993469,-80.26544700875831,0.5643187372246431,0.088125176124268,0.6296579846385432,underground
12.908837859026978,48.842907554472305,13.583785290323172,0.16584419455502353,14.449376692377342,-4.021182388868638,-64.01049275189203,5.5295742386926054,2.59900018901193,-55.96758736447539,0.08297873700186845,0.013680359655737766,0.9348739705828228,street
9.355655800589497,9.369539558309295,0.11442246807738532,0.013357833136726116,8.108507495321003,-1.6399036741213857,-71.03422422435328,4.293093153671618,-1.723219290199378,-56.83493667310755,0.04158656062549246,-0.01911620755707602,0.9653254474803709,street
15.091562750008743,35.2963256271287,31.00492492962462,0.4885293831654872,10.440770252775147,-1.525009735807096,-80.41542324927252,5.6835528410709575,-1.2892245554476514,-89.85394233406674,0.6789138036523026,0.03291133435244434,0.8073252914812976,underground
21.645271504927244,58.337288916134675,18.856950904231596,0.3136246979366001,22.82510983872949,0.18526719241268275,-75.94333411208886,6.42608605293972,2.1556523579467513,-77.7220649560152,-0.054298869654831335,-0.009145196011812021,0.5260711055648805,street
36.481702999228006,82.45607834093052,38.11892982511543,0.7280499894817036,5.412660334455373,-17.548032827092072,-80.13748835884577,1.117920005190478,-9.524032361860325,-71.15341526702356,1.1131250208474812,0.15683980277964574,0.956986454960753,underground
4.867520497241258,15.274648160055534,5.42554088364317,0.08111455648208811,10.948988289137422,-3.9322493151772635,-65.4432235964999,10.109013496551116,-2.1556147262335097,-64.94247522452775,0.0038304574121050816,0.010230171753104096,0.5972534907814924,street
35.91675881371591,50.32773557193867,28.080406626109188,0.45662577231528695,2.2123704152792953,-4.564523005890889,-75.73323412187321,3.7569862343679645,-10.196306821979292,-73.63126599146246,0.27745994234210875,0.22262121038272506,0.9503819432278812,underground
10.961615980471612,11.863327375623264,5.412624379811863,0.10016707824453204,10.473797452657402,-2.648844367878487,-63.53678054407343,5.257763908808663,-1.4325147325660892,-82.67639944879704,-0.10091871532335325,-0.010536100597045312,0.7666519510213559,street
7.178188757954335,8.885690030624032,0.5258176198387927,0.012642909248897943,9.540573189582243,-2.068747396117561,-46.21809007522774,5.762879156679283,-0.9444429895326323,-83.09510749345418,-0.14883492863169706,-0.0017583215715192245,0.5447137099270348,street
11.270728824432133,8.02229738946906,4.283181344203201,0.11725851207821998,8.838017613456982,-2.3335361803149093,-57.9603987712356,5.1702631090764255,0.42605310276748964,-57.011155332029354,0.08255901057627588,0.029679434177642253,0.5775447031472469,street
43.80677479400693,93.02407267108033,66.65987744887823,0.9234973480560256,0.4083176603227645,-15.712907148078678,-88.3342169765661,5.859974360169997,0.8056163918504105,-91.45160782846519,1.0257898858280563,0.0479734790913285,0.5655952938457312,underground
22.61452872540972,68.03774872349835,19.408684250019625,0.3197990449075927,10.001054746320946,0.1522567485257511,-67.2473761691244,4.533718903906008,-2.506139143862706,-74.99540117417897,0.24652160299986328,0.02074353592598292,0.6520373497950944,underground
42.34581092716073,48.279675715983224,14.199256120433965,0.48954474177911594,8.282139255096531,-8.655430671879873,-59.45877006223985,8.884277630594118,-2.8127377991558715,-73.9970795706269,0.20856173906319217,0.08671011827956199,0.9516262956943204,underground
11.58917724133244,9.589617086369529,0.8259554901918971,0.13766542241575155,15.895562550922971,-1.977596704527972,-46.32972108985744,6.533144369210202,2.5170048515005954,-71.9857869828531,0.08563265231734371,-0.004941162835403464,0.667766721503789,street
7.991453622038441,16.84395956230307,2.8212811994748614,0.14104316711383583,12.21171057444738,-3.0643955807180623,-48.61180940067404,10.08198961944967,0.5562013474262106,-81.59437192913445,-0.13868134307760263,-0.025461492674415324,0.9523300893310352,street
42.82840401487947,114.55958458241702,57.44185514842215,0.7818179647097718,2.2937224948137858,-7.60556119650364,-77.45980692325092,2.6785575018929277,-3.021652268336748,-88.97888595330242,0.852124634859825,0.1380340738144799,0.45835031764447665,underground
10.376375770522642,17.12547348843343,2.2151909891179393,0.08454076710647078,14.879137962717685,1.239486831766932,-54.51458203584202,3.884170433286294,-2.0977211516960015,-70.27918607105927,0.05528460444483124,0.01828316576974335,0.5322865437890615,street
74.94436486924602,97.0783761062763,59.04539216173107,0.6053517893426477,7.015749476265826,-11.604403202174806,-72.41592735769018,4.848762517014939,-6.70490700488702,-80.81252010595162,1.3365801180521424,0.2192051405852982,0.902423546289549,underground
25.616431366634693,58.07939056386121,23.411186077627676,0.22425087007246208,17.34643855614903,-2.263236712012411,-70.24846866153229,7.778714400303159,3.9871331683721323,-64.74694912626913,0.1781652861986809,-0.029703447205485282,0.9468143998751779,street
45.295790826406886,54.12103092572596,21.777591501150773,0.5741938725261884,0.7743064012044631,-4.697725915853743,-73.82484568500857,3.116027493705479,-1.8676753218736781,-86.0258404579551,0.4551767760929307,0.2102910304098256,0.7924863406391878,underground
25.155582933998375,28.24494399314223,11.00907521559746,0.37204436305921795,10.587058820972388,0.3320894667249874,-89.80062310870129,2.078783839847304,-2.9726232218252973,-87.66013304588517,0.6785140693023647,0.0773821943232483,0.7540592986228596,underground
23.995305551374937,59.5644927985508,39.40275764428269,0.51891281249715,4.842797795280196,-11.136478948041223,-75.78693230752268,2.0995192788634585,-4.714232371183261,-84.55729143111341,0.48873802660003174,0.06704635401144979,0.42999737155984064,underground
14.232516267033184,23.955339346848056,8.770543777135282,0.23130500407489765,20.07891653907423,3.928704954543683,-63.28237403814653,3.6657467912907307,-3.1410316245934036,-70.71499347228439,0.15398111327027295,-0.02276820179898684,0.9898472202786351,street
29.440486954155748,33.76397419828922,10.924287115508289,0.258349533087186,12.2215403975244,0.04807456232539398,-59.25225968904576,9.658654778496345,-2.85610230095304,-70.17216640304778,0.057431979110985104,-0.0029231102132276747,0.676663708261956,street
8.791216325723003,10.419030410817971,5.195659088537178,0.066073606449066,10.229774079905573,2.3542801351241867,-67.6158702227583,5.305432123690015,0.8856255147667165,-70.58861336423311,-0.07662054343038888,-0.0014950690931718712,0.6712481517803097,street
21.068743958244408,68.26601921664447,34.75234702611167,0.46816028778847335,8.300617621207525,0.0553969957717122,-88.09071042389094,5.345525059431562,0.951829948362823,-69.13221475972186,1.229899204468715,0.24000766501227824,0.6289969794800334,underground
26.59560951592116,89.16977790624352,45.74980190479253,0.5375638206430092,9.05456866695268,-16.339142961792174,-65.89400184046396,4.898375652034788,-9.543733066160357,-90.58782288799775,0.9202777197493236,0.16744601722727528,0.6305925871597899,underground
26.944693191084237,37.331709108097215,22.269945501284415,0.22443586869853724,10.315806427649058,-5.7574253852015636,-71.32364069720751,4.759124021459626,-1.1275564290624853,-91.199342219347,0.28011923754545365,0.0776762676670248,0.4403863132687239,underground
27.67931983998674,73.60034879766347,38.382917018415796,0.320999502811303,10.002964086115409,-10.781725766486518,-70.86362262201868,8.086219161445774,-7.244522885942676,-72.8628227067035,0.2833649710710716,0.0710026972652818,0.40852611511303877,underground
5.501973816794143,13.916929788141228,2.9162170375723537,0.026988714223985615,20.956786305003117,-0.39691304936402716,-74.09421780588828,3.5104665379926185,0.10342640703145012,-60.74536755910252,0.137921332028731,-0.008936675241017874,0.519846705550443,street
70.55145260408014,64.78454282291105,71.9647008623972,0.7073385966744181,4.434038923148918,-5.37365116408953,-81.64204891413019,7.030799599051205,-9.60985118950819,-80.88882929658747,0.844587096448781,0.16297755986076568,0.5786415184971662,underground
15.257039513259546,52.1285346503592,39.38557295787674,0.5434965938131807,6.085307964085475,-2.0270513436887185,-70.73567314220757,9.039625452631597,-6.077017773250134,-72.53967184151618,0.1866865917214385,0.04947151872081046,0.5825847370679434,underground
8.247620945233901,11.164631928438032,5.829125592465433,0.14213497314337328,9.772791395800034,-0.32335768507355134,-69.86106698881511,10.702425977186115,-1.932995378045711,-61.05570236437008,0.03239136121137584,-0.01955831928071633,0.5791625215516645,street
24.443273328881737,89.34388022222424,55.72538168663103,0.8344672462124281,1.1999597819024965,-2.204216606460264,-69.96200336170457,4.048430926198119,2.813402805345522,-70.21571619660712,0.3108117587529834,0.08947129183101082,0.8763570844397477,underground
73.68644876168733,104.18487976852357,31.528362353774124,0.9256652817727541,4.742636530682609,-11.369736585021128,-67.02509826132925,4.584417044475336,-1.124365759006995,-65.96485268524467,0.5084883971614521,0.07331498177994025,0.529560518920158,underground
31.94736222639803,39.8316194451842,18.535354593350377,0.16331437365316737,14.33139991510069,2.5424196868025213,-76.1036985662151,11.597164588701853,1.7736421103285887,-56.89357606506625,-0.08943231886453236,0.0028042842959018002,0.5451289933330409,street
6.462213410017918,16.899439291444857,5.469429728874269,0.04727079939180061,17.362418545730925,0.5683270521903143,-54.96343851294506,9.570129199819917,-1.0324432950854983,-66.14568435814863,0.048893008096818485,-0.01750673561061769,0.5683908319204063,street
55.88076376771405,63.96335904266973,34.006313835986035,0.8234915441231458,2.837033100066116,-10.123850938394133,-64.7084736529093,5.06595581583972,-10.36901403121583,-78.07420112929658,1.2256580080299642,0.16803199356664456,0.9495782132061358,underground
6.861600404826259,8.3436907534615,3.1653915455221506,0.015532742064249198,10.508325064730439,1.3120101240639572,-72.77573640626957,3.4016207792508473,-2.0807238034695104,-52.47484028029592,0.02937510822463854,0.014921352432817003,0.72977725350725,street
17.151547570385063,49.11385011499931,12.126941142499415,0.17379385834495126,21.93708662453722,-0.6490069988656986,-72.29786485750174,9.132696102054084,3.054339162563222,-71.61463864390664,0.13755655130947123,0.02205183482326256,0.80248944362172,street
8.065422893425275,17.014337268526745,2.0808826478885294,0.061379059475993654,17.165020910851673,3.581626531516781,-71.85978035960687,3.989400465929887,-2.7648507891435434,-52.25937750462947,-0.06124626423513525,-0.02863993753272758,0.98212531782383,street
51.74140058950091,46.392747812026755,58.896340583888644,0.9478101118027668,2.543202865324358,2.7921022573305727,-86.72530421241449,5.835092557348856,1.3721611344403701,-75.50392189992868,1.3686054106412253,0.24342808698800067,0.8473555897181049,underground
5.907139863152779,11.775243241962633,4.54003358720632,0.04524352104609993,10.348070736624146,2.319761259401078,-56.1296131494293,11.517073702189862,-2.001877299664767,-76.57743154115573,0.06563186028150828,-0.009820777801821775,0.8791856485988911,street
8.553920086640035,14.195242709864033,0.3291685384064833,0.0020592470163172004,21.662922911980324,1.9953407025061738,-66.24586691746492,3.5723538319698482,1.2186528378589658,-66.07069900559303,-0.02983137080960191,0.016164199264467077,0.7600681209133008,street
22.66160619631258,56.82249809019929,28.888728496980953,0.41084794863555274,4.115604239615907,-3.5138053898872865,-70.15984279960068,9.167033958087899,-6.249234145642616,-77.8185846599655,0.17129974115854887,0.04438767495896955,0.4928031109342773,underground
56.224981135478515,48.62406738283997,43.12247192899736,0.4104825042672594,9.596898413673738,-2.33302918770989,-86.11167489587935,7.0762706906258845,-6.920149971045489,-71.78841628900923,0.8842972773388915,0.19002396951529066,0.8177235038903823,underground
20.348810653117212,100.15192012133157,65.99521337478174,0.8590197842051236,4.798700190075883,-12.461111453805366,-79.27292825149495,7.500210809311099,-9.599821334295767,-88.08379906574334,1.129233926758312,0.17797345898819286,0.6105789644306407,underground
85.69445685225406,74.36006760710222,37.39185742800521,0.7810784854655325,5.500286880009744,-17.840123249809064,-81.55894042349468,7.680862374205508,-2.3802274916559014,-69.05649084280118,0.6599518656444918,0.0726999803100516,0.7930039368407522,underground
31.578046759562223,31.123576436202637,16.968021684756707,0.24159557097943718,19.97168149132866,2.445648299622131,-70.5877972047722,3.260820829843427,1.173180648200062,-72.71800464109722,0.08204582487394063,0.006814045945834901,0.9806446212093691,street
8.091846677641279,11.268721305536005,4.531813155021515,0.11962563967015753,18.70703278406868,-3.513801296591441,-69.57081934099894,7.249527893560154,0.8101903219694631,-59.010113949848105,-0.11332580066770764,-0.007432203140964284,0.8640093143085619,street
9.7733204780608,12.251145867608564,0.575962459164415,0.058763106361383474,16.074016924303336,3.5222345095551715,-69.85313507515583,5.251956677081125,2.4251755728771736,-64.89655160925773,-0.01840850293807006,-0.0159695855502323,0.9863572066438508,street
30.357183602613148,59.86014836519702,24.7690348370275,0.3330090415029134,8.045167035678007,-10.71850060012303,-65.53995682354447,3.079244949681578,-7.983527452252483,-82.25642278984972,0.1878951189575867,0.11005312797697744,0.6058290077451185,underground
11.455679960888974,17.72783152526764,0.3138228034870487,0.0367349831469213,11.18118793234932,-3.1502704440639233,-74.57626609474335,3.9229714669433595,0.8151115988172926,-57.615895845657505,-0.1444062593175948,-0.0221778496442554,0.8349931437458185,street
79.47826572649566,69.36097404416863,77.92717974882518,0.660617051661307,1.35815055767317,-16.391452013675615,-81.62888426534302,5.18688250244802,-4.141376821846334,-74.92512468242023,0.3967891340053761,0.11885187853244983,0.5740709576379592,underground
71.02789781839951,51.79989987557626,18.59418409205452,0.7793739816241154,6.321933126271739,-3.922837215563696,-86.322044476993,3.630910156256051,1.9180764077318884,-67.69462306779924,1.174128707604533,0.05821693814791658,0.623744156383305,underground
11.437568463908736,17.822531751783387,4.25495812864725,0.033780975089258765,9.00468805250577,-3.631662489134251,-52.27559520397628,5.409860469366761,-1.125465683258828,-61.02315463945764,-0.08116055374059143,0.028902247992640906,0.7249803731494924,street
37.35943502561218,38.95936191765684,18.76180989649892,0.5332146309871459,10.870930441056359,-4.407012656107365,-66.20724402635328,7.446658232442551,0.8193709876732704,-88.07517271604307,0.33753094760561353,0.02292010287007841,0.8237590073517485,underground
5.541166819415517,13.802247433922878,4.516885209888182,0.13310230369494738,10.229763384784173,1.305544399177343,-63.586934250535634,3.951997114687879,2.058736757998334,-61.880635262427546,0.13182071287945732,0.028334154724069083,0.8638151539501666,street
83.88199843228455,62.89980722190936,65.66746359143642,0.7893838815117411,1.3083074631358715,-12.39709231324267,-63.26007702637331,5.498255879991512,-3.55000452033263,-66.61327895675551,1.2224607971515262,0.08478987420738471,0.6780576425880718,underground
60.181262327895105,56.566174110292636,43.82517059682676,0.7896309596705609,7.2941134975507875,-2.296575913904821,-76.80076427810198,1.1441453802048196,-9.171933452218438,-76.69201201598761,0.8059340026193681,0.21088193562550156,0.7288842759504501,underground
28.67007854463644,62.02895549248609,28.902257079940345,0.261219135137785,13.855117984561716,-5.534332756837059,-66.12214283074175,1.5025070199326997,1.3619562513468981,-76.74469885079421,0.15957613494894268,0.11014364494003365,0.6089710545428728,underground
35.753788474602736,42.11145499182756,28.623354649363318,0.2202461042553389,4.062019769854764,-0.1986648988862516,-83.31714694188823,8.512236685504105,-5.765464215911752,-68.14505138447525,0.3713046158690493,0.108101616423371,0.6881909126018647,underground
26.97685237348619,67.81433290977168,68.4506685006057,0.9219127608000508,3.858740159365488,-15.865760556383297,-70.96581317583534,7.746191375705888,1.4604710011060025,-89.75427045063063,0.978590620637181,0.15353098839455542,0.6711202859380752,underground
28.984705238315787,37.81714064984891,23.994700095694405,0.10741002194417759,12.6207569228714,-0.46317488997506473,-77.35284424569153,6.107533240754224,3.220177089911151,-81.46881157729115,-0.08467548175214597,0.021874045084058186,0.9063551126897815,street
25.73580982599576,42.485449162434136,35.82873335275818,0.22761286265381458,3.9552401362219967,-4.971463062830697,-79.09655489702538,8.637289320915865,-6.625834666154491,-92.4285965114307,0.5537578697368003,0.10855243253128008,0.8276123620648363,underground
31.903255032628408,66.78212098737518,74.30370820885346,0.7518821678817931,3.4131590194368733,-8.272819188093916,-76.18961650362486,1.6573759844443918,-3.3088473807037815,-76.4734985837791,1.160922293585678,0.06730214800125192,0.5302249358560625,underground
54.43152346465559,114.97130024914375,34.51312369836545,0.8650013708174368,5.458195843396303,-15.280650730551713,-81.50603677163456,4.459082596899095,2.6746249727178704,-84.96682016233528,0.303524299552101,0.07272296752986962,0.45179687535794855,underground
6.642706571671803,17.33931314320266,2.6659524800971877,0.13236743594060205,10.710316572180389,-2.1727955131551377,-61.95885566070566,7.375308058272783,0.22376316726090018,-84.1387016495612,0.008100957457763708,0.013230704889096612,0.6443433667920992,street
22.170059742948283,21.764856417981832,16.390290043742105,0.2966340643033587,22.200076555509177,-1.987581387558511,-69.70502400197782,11.011243823674887,3.630025641705701,-57.704606142706126,0.0018326048193353511,0.036592019996756917,0.5183136147918842,street
8.197699221664323,12.51078286071738,4.914851629639657,0.023945294653278854,15.891121345652572,-3.346801204738755,-59.21772164047647,3.547088805117791,-2.5946086750347748,-55.126615933104674,0.09844773736435886,-0.007363879183637068,0.6781348996571445,street
48.36321913982847,108.46959857199253,18.16430502180927,0.3830301348500363,8.602888804475326,-13.82045860969986,-82.072576955445,2.9954116535876043,-3.833205191866634,-78.42285047016074,0.7406805933439727,0.17721127902891007,0.6396834190408984,underground
84.57501644732695,116.73481081501004,74.18516734856576,0.6377030084273563,3.108567656112826,-9.360342111201858,-74.98925454547009,2.636541915776486,-6.5910018638410826,-84.59135296688743,0.7035951948697857,0.22520134342994183,0.5313194449712113,underground
18.198598082454154,79.12244539709046,35.93126259345737,0.4483550804494058,7.305342101642986,-7.966689884604924,-77.02775522458481,9.622950557889377,-7.3923545802124035,-72.41377801119722,0.3259593709963795,0.02028187462865086,0.5412347085661877,underground
54.34079218232594,107.11183692019935,16.443008142584706,0.7824035903507163,2.5948814911017024,-4.316191819781382,-64.10495973804069,4.248457093372762,-2.7727118762160625,-73.2325923960619,1.4331344681809195,0.08859881029980997,0.766251783376853,underground
18.984209447824966,40.90148877056092,9.831193133339767,0.17633721164372845,16.198597161734416,-2.8827901827508895,-56.17211840292741,4.9057275864716425,0.4487675822320387,-63.09051953418317,-0.06898906915070531,-0.020833226845692963,0.7059165770779403,street
8.720814932103707,14.882296275746512,3.9284759425862923,0.04757593605540698,19.7416967652536,3.8519407648344757,-68.40894602215992,11.337933085107341,-1.9143219544603127,-83.68396690019522,-0.012921098650068769,-0.004105861720484442,0.7358947775858231,street
25.764886783482243,52.76488590679921,19.122476548840524,0.2656377889887471,18.748121832626726,3.1814920982850907,-63.64541825464512,4.494043466287913,-3.028153120995067,-60.2692190383919,0.09605517869677213,-0.013363172384342887,0.8172948527211683,street
6.716458228012753,14.214349216429369,4.882766480145209,0.06855348934129347,12.885929429774974,3.6407553771883343,-66.50195043331871,6.151233473482581,-2.0542246209887516,-66.29239303177918,-0.012700458673705228,-0.02227654277165208,0.954725309579993,street
15.393634622361116,74.6042088250853,23.19784068188917,0.41436441637112686,6.813352354386452,-11.89847072131305,-70.8205646998554,6.497567109926378,-1.793396878944849,-75.76795953117298,0.6133563121965808,0.1033445203734377,0.729054189618942,underground
86.27542881904408,70.17928649096928,68.14445786747144,0.6923600288133167,7.212400636046481,-7.111898802625364,-71.53681332800656,5.811325050587142,1.0046923134513364,-93.04663378224619,1.3515540855230463,0.19510918849778983,0.7975937222104507,underground
15.001624486775604,31.85143490458122,18.764248299720066,0.1461261643119362,11.026027684528344,4.618911080401466,-77.05663690059174,7.017232754043999,2.1640408813816254,-84.28203999904781,-0.033182175966632865,-0.024885085927574893,0.6693851625889295,street
72.80645268571575,58.21331795931114,66.71148951824532,0.6459666731332301,3.4777169084597315,-3.869693313936647,-80.58552970632488,4.9646819643640985,-11.149153987734591,-70.41347442826492,0.3588115240595494,0.23464201572656265,0.5194071635487914,underground
33.7254303496605,32.58697566126016,17.726177019254916,0.2584712950974796,15.941925613769104,2.153831982771683,-50.291447218849555,6.975105653138735,2.538917224028724,-71.06626557071152,-0.08487660627079685,0.037143881316235375,0.8460294597217914,street
5.637000965177665,15.464487680267826,4.761684052589747,0.01628394280725797,17.171999896665362,-0.14287816127077146,-58.68102680733817,11.993601226763948,-0.02762306629810407,-61.33454839378128,0.02679163744554844,0.00423021502688261,0.8808285551668014,street
20.857085433542313,48.08616085644564,12.849018737955216,0.3022858530136303,9.301075432647789,-0.6516159061390772,-60.701838542934524,10.89728139590628,-3.752221863572359,-84.92246378515097,0.04286695196868259,0.025263679267960977,0.7724551006272005,street
20.09762628092875,58.81411798450893,13.016337669385742,0.11398173033512857,8.599335664092383,1.7411133044928793,-76.77335016546643,4.091673768835853,-0.12541719954267094,-59.320178068107964,0.07685321247890659,-0.028888540692901275,0.6595775080246506,street
20.061875493992083,49.834301133185896,18.533094184269803,0.32632521832234884,17.181573468793644,-3.9587529663295684,-55.05740215607749,5.3151221144784335,-1.6345107819682063,-84.67233557367997,-0.0656238246531957,0.002302170259512175,0.7365073422485628,street
88.24903289397564,51.01098193357899,18.258991040816696,0.7627218222955912,9.430104124852551,-18.007828742989496,-62.74888549419505,5.398052882262308,-10.447310733984878,-80.00018244701197,1.223237988199169,0.19773999541106974,0.7020616801380406,underground
9.659492314919856,16.91675554147319,4.475109016020916,0.06869102532958789,8.86105501831569,0.13249411050520887,-61.64032720682129,6.043938914591951,2.160531266446629,-53.1943269396686,0.026827332189836794,-0.0010939336122310385,0.7747418428337364,street
52.61390981334926,74.52589581998697,74.26272715090003,0.9182151303014032,3.0403497324470385,-10.24806306285087,-60.39611358578816,2.558561874202562,-10.108511719800253,-93.42098435743756,1.2900059579066414,0.20471222941713313,0.9892602700141385,underground
33.614793730110875,30.653974579461586,19.404120842873866,0.4511674746925496,5.071001818260036,-11.159173165594478,-76.28356758427105,2.174356817299885,0.06351697868164408,-84.70977231481403,0.17042342255519918,0.037433845632432905,0.6873280798678766,underground
83.96317375128962,83.7173681067952,55.7754812034445,0.9771900941473814,3.2217227050065578,1.05386399812474,-73.42506241855082,7.0636223746994045,-2.279198988169048,-75.48195852690242,0.6854107500798764,0.06255144859095418,0.5960207180778759,underground
30.615742310185244,29.967409477150614,20.214687649176746,0.11452481196987774,10.18545747535449,3.880728176237273,-57.81344866655676,7.3964765839587185,1.6616844119293601,-78.32228034151822,-0.009373176024884175,-0.014657251182340965,0.5457956028263589,street
76.97959439739613,62.50750374091066,76.65967008810006,0.8873887333616373,8.441536610401029,-14.405001716238221,-87.53304510648076,4.741001468020844,0.15854583317497628,-86.65409905265847,0.6434280097531355,0.04623140876247478,0.7536208687899918,underground
48.35074977352858,60.881188840293774,73.88504861379195,0.48289914536453316,0.8098958584989691,-13.991200629531125,-64.96840194633229,3.1952530055569603,-8.67391409039194,-71.1206550749065,1.0400112375319086,0.20942309769442255,0.4540456739922701,underground
40.47839266981336,76.87269573626908,62.226294259615734,0.4702539620475967,1.3120050906424474,-12.53737228049514,-75.28985424711234,0.5149689454645117,-6.929193582242489,-91.78573903412851,1.2154112140770246,0.17251748989560134,0.46614632863649497,underground
10.347408823400297,8.535579687883732,3.799055607024318,0.02462186175937595,16.340869178852188,-3.5220483032289245,-49.419388262645015,8.55663421867598,2.972198908757756,-72.0490510208924,0.06737218603918854,-0.002930819846478229,0.9549799585179071,street
10.144774525298862,9.19090855117917,1.9395629204591591,0.018786959716393124,9.833799434945142,3.2683648372789307,-74.45851553486001,4.009305082736843,2.593696413870447,-57.498150455472576,-0.1483647998816064,0.009180040880815456,0.9259434253933941,street
43.70323538805134,68.83370312039264,44.264841972460836,0.6282590990405365,5.827401116626088,2.750267505955385,-65.04732701827898,6.227985673337834,-3.6091780245871234,-68.72696187253956,1.1678191914477538,0.10506056213700002,0.9238474347349155,underground
18.768532503156596,24.316471953792544,12.43598083478744,0.13143760889459483,13.87973131049489,4.21072255403463,-55.50624408086507,5.560231250863197,0.6785762981615537,-75.11381484515127,0.10581023931016353,0.03709436111602378,0.8913310292094507,street
11.665043381882652,14.70777828936614,2.358754321097379,0.07409840158047151,21.437482749411004,3.4449791294377086,-69.54306309833493,4.281940654415674,-0.338378100011421,-55.052859120064696,-0.06647370224954458,-0.01748902517909629,0.5911691625334501,street
10.2051006774313,13.811271560996213,4.143735188108327,0.07019373382273919,9.678820725134576,1.9854852302396706,-66.63001817814776,8.804725529804992,1.9429302816389864,-50.63367737777564,-0.04112523502065284,-0.01043308261146876,0.8926617371044971,street
21.823614019147918,42.04710848833376,17.25539147657682,0.2632684726787359,12.53168293177433,-2.308508725588443,-66.99503028497581,7.5109648613421625,-3.4575114486680185,-61.32218620018651,-0.04498939347358174,-0.01501615829617963,0.6199214054639401,street
15.726616999089249,59.248766205960926,20.496080184141462,0.12600672345715402,9.117212533548745,0.3088988717373864,-73.00662607796558,9.174480284523494,0.6488511897741738,-63.31252066799235,0.08911403078495075,-0.0293069399787535,0.5138402997809557,street
5.423753074458255,8.244987888962598,3.840736155439958,0.08769857431777957,14.830786650994447,3.9147650946990424,-46.204894566749175,2.0487313943243572,-1.843302878472306,-68.12666516548228,-0.11782410174078797,-0.00807369339261211,0.8027185760893779,street
74.06574600001832,113.67209034731013,50.97949922328428,0.6649936352372579,2.8377250419884623,-9.451828756288753,-87.98767625023942,1.76885023855049,-1.119893979245882,-80.23757945998366,1.4416042779401956,0.15794058401921257,0.8215911910504021,underground
31.310491800067265,58.309445886646564,23.484072496633473,0.18744444718487402,14.722432497999433,2.6466751145982563,-70.69211097632054,8.090632721095355,1.544920773222736,-64.72785206332532,-0.011007177514494454,0.01511320030849854,0.7635821260364022,street
35.097462813855024,42.26392404353917,42.176223726306645,0.9363111124060972,3.6332529089703014,-19.326606266058473,-85.83674850027948,1.5019627520506003,-5.021899506781121,-89.5261789528786,1.4392995428031659,0.12232792198980033,0.731573589792569,underground
25.2892154698554,26.854078514937875,14.912468349807916,0.11171520125035245,20.794853742399855,1.8086528977522844,-57.23179459124533,8.24765173259291,-1.4482159541281119,-71.24502748174622,0.1425902033815171,-0.014270017961295265,0.9032391467945016,street
15.264479395379684,78.08226986668919,27.344346238925624,0.574786265523431,6.6001389674636535,-5.688364000333033,-63.60497373358699,7.381563183104061,1.721390989912699,-93.73403908537435,0.6272754895855798,0.042467945941806466,0.9059520690591836,underground
39.760936780456504,90.86873069793837,36.17178686464504,0.42962122054428775,3.2339007256171004,-13.557303500395221,-68.91863988586505,1.8639778489085854,-4.102733767488837,-69.83930189863202,0.6059486215797237,0.20355958746806413,0.9951938726825905,underground
38.84415324380609,102.26126509764455,22.75631819794632,0.7242910152483121,5.268851185139274,-11.814081013098843,-69.33471623952394,0.5125076886297961,-1.868726674264872,-92.24472677692299,1.497872967885921,0.1696810574214803,0.4705571742163012,underground
38.523991323165376,75.7033870924407,17.624898582534417,0.3397794702530436,8.407138111569592,-4.533757796265638,-74.5247916330744,3.5269950746459218,1.303100685537867,-64.95705805337523,0.5841079016299544,0.08821077790624508,0.9568741376042879,underground
31.920260256817116,52.36419759826573,14.141451308635222,0.39778076095257253,13.922452288985381,-3.1523469591795106,-76.40201005029125,5.030288493321206,-1.8521273408509487,-62.670285548382296,0.32976805293708233,0.03135843027487585,0.695865398206878,underground
5.907713631315181,12.608874241533377,2.4969225189898236,0.04603583403215928,15.843340680875254,0.12517351021010636,-49.77337767491541,11.036518339492023,2.847675159589847,-50.68244144968685,-0.1307378175597998,-0.0027816824402996237,0.7866497068536911,street
50.938699884147084,45.58067524364784,72.19532046594611,0.8207019275062692,5.379714375044918,-12.587892587326293,-87.84606619389558,4.939221480868946,-11.899274046625488,-87.75465547193004,1.3006448925775882,0.19655361503570448,0.5649732664273714,underground
5.613964486491927,16.763603848456107,2.5453771031576227,0.12835615161286965,12.278497044492116,-1.9697571633531306,-55.1481362972102,10.956235872276517,-2.0268324987124617,-56.28825439914228,0.04184751573695822,-0.004029052371244429,0.5434241392018679,street
36.54533911863015,99.83655546092085,31.164219801872804,0.5837304258399375,3.2612876402231628,-6.6439822046392685,-75.81438187538129,0.5198467934554785,2.8733871859476174,-80.25862823539012,0.7629685038216512,0.087550309184604,0.4898871140082097,underground
7.4292948263229945,17.341374595436317,4.480927706584377,0.08842793207962119,8.2680896826775,-0.27340627082003177,-72.92054439291863,8.412813488158882,0.3905774328427434,-56.61786050776598,-0.11608663535994487,-0.025780756153759098,0.8357462688138224,street
64.25437454386599,118.94603645575211,50.950836452317624,0.5455115494890773,6.2884409214349555,-11.769716911499197,-60.29055886881058,0.4073844172275507,-6.631778823063264,-82.37437316907288,0.5398963976737378,0.23625068313329528,0.7388404578623389,underground
8.37582646887785,15.288079573068522,0.06926498100797751,0.08896214468485159,15.539960987033423,0.27196642801062865,-70.95155908694232,4.2445504395878215,-2.324704694899654,-61.066299600358775,0.08831531875619822,-0.025775251457414283,0.5017744210321622,street
25.880375135488244,21.707579021103335,20.79600353908405,0.27045047886683393,8.552824363900024,0.7434349748620441,-69.02838099210094,6.720775564575081,-2.4661737884889225,-58.648427076538084,0.09184786098396414,-0.008368461630913235,0.8445733656639054,street
5.12695201947098,11.70835859009518,2.4743523240553493,0.11303920237093062,19.955043670966646,0.0701708166333539,-62.973573184237516,4.07368880834776,-0.3712179394161721,-66.0011360188188,-0.011449360354894522,-0.029120831616193964,0.702512329654396,street
29.025393329083837,118.24149702693201,17.668437449538622,0.6068376959243679,5.8122380061044945,-7.245675773656195,-66.1868627989794,6.474189923706794,-8.908739336481911,-92.59057631310016,1.1199892134717384,0.1881553941843889,0.6345724419630787,underground
20.098466416840633,33.90918023965277,13.824250485206296,0.25148029863036986,14.097188357805111,2.4256758209825966,-60.446976865976964,3.8672715625356853,-1.7533230942466353,-70.51284093219508,-0.08500506855589915,-0.013633769017875448,0.6211162473406644,street
38.06679166175887,72.09816523484618,11.340350645855576,0.42429403162467627,8.619714195351797,-11.4945312645209,-60.75941490474045,6.954864183505169,0.44789686329522205,-75.86285633748703,0.6029308425918107,0.06894434514488773,0.5581992837086194,underground
72.17415903337834,105.05852289162422,40.68702218151755,0.9639423942915277,1.2469786252358062,-6.321048233552485,-85.87088683533796,3.917567494443201,-4.857125444478597,-76.07249376452573,0.6212342920051708,0.1844072577099848,0.8087970500011574,underground
44.79198111490299,39.916490983756255,32.81799184010461,0.5319501709645728,6.001199317167586,-1.5105632557298154,-84.29842484407061,7.986542997271264,-5.608724397693802,-87.90683508320309,0.4812710017998082,0.03759286899216728,0.7275021894846592,underground
6.931516954356767,9.798637687394498,4.541497178893533,0.04218818072224665,11.034095766599112,-0.843507050179582,-50.25824250071861,10.76904238413513,-1.7101294464802743,-70.62072201829709,-0.052451932995676034,0.01943094268007755,0.8999722598307345,street
4.797495213167283,13.96925415154467,4.501430780243361,0.08118935885168031,20.742546458221845,3.4917411225754575,-47.50126520019029,11.431937132091267,1.519930427962196,-78.4651768379215,0.14330384818082767,-0.01942816679281311,0.7487396471394425,street
88.14706251835047,74.76361754117684,51.77838558533574,0.7733354626176865,1.558879442604737,-5.196576454357276,-87.06888392920503,6.587315823009359,-2.4047411007283035,-71.76863719881212,0.777857791252988,0.21193673210648875,0.9602339447020851,underground
5.244837398351372,15.610519588033652,4.484272848376293,0.057526920980747645,11.045178340754768,-2.1152948506191596,-46.89137201495339,5.747529949875058,-2.283525542698713,-58.259874301227754,0.1472777130770083,0.019484418397444386,0.5314475158308922,street
58.291586296611115,77.77514183193907,51.63186561823812,0.6967142101107959,7.239588564224933,-7.044844358194354,-79.0159170790245,2.0058940166993926,-3.868045954157962,-74.00024263788801,0.47160692484246836,0.09127163545729744,0.9639174857858963,underground
65.37679387033188,41.56521433972871,55.161667131732536,0.4023899160898751,9.106006023347529,-15.939466144841617,-72.53187427058876,2.1919760096621763,-3.5387507399335885,-91.5755257204972,1.1157732762435648,0.0595770536925103,0.8623699950016837,underground
17.124084059286112,25.109847602965424,9.452556858977823,0.1007134891601941,24.035039814468224,1.1143786248769256,-61.5775378902946,9.079456211517892,-0.1355201081113364,-60.800560130339434,0.1773684201271599,-0.02149684258995955,0.945797094638986,street
70.4003582720411,105.91356804433693,30.300509634067257,0.48126335282388094,2.568449583366952,-0.9479047221541492,-82.56771573349045,1.157359210000477,-9.385643967862842,-90.54961934510655,0.5505917480962716,0.24298772558455223,0.5678917442691054,underground
9.625600827449478,17.07000874018323,4.582865376225565,0.14242213043036858,8.456151600034632,2.886330560559352,-64.07585809976361,4.422342609058745,0.6705223502248163,-79.94709473498608,0.11615188241733307,0.02805983595388438,0.52145382262971,street
4.358948848995697,15.13785183110811,2.281911414161086,0.03157303197990005,21.42047177115043,3.8524015757470895,-57.725648093185896,8.853197443933592,0.2643254171133673,-79.59046448848916,0.07517197449965268,0.018246222754299213,0.7107186865990847,street
81.49059893592806,40.910775140568774,69.39175703731624,0.9729193609521322,4.464045747577339,-13.399000965535018,-89.22361879456236,5.3589343182133895,-1.237011733482987,-67.19050474051207,0.5546804612654668,0.05704620749288209,0.8048449962458082,underground
35.032743695566715,60.50632618668358,10.394744672414483,0.4836700241336431,7.201553701859018,0.888315684233234,-71.76622014905757,7.903039700394341,-3.903536373441108,-86.37807456856251,0.21048037677792508,0.07516860363776079,0.7575479087017887,underground
28.021470321192233,41.27735234973015,33.50366920518,0.20266874757755643,14.850542007820005,-11.606620070528225,-71.77260060197314,4.72393329785915,-0.1553594819138464,-79.31454896330511,0.6447816551923008,0.08218712481605109,0.7208672910632559,underground
25.634653431667306,34.71401073624314,20.932755115819678,0.10792849270851612,12.7461781823183,3.7257284431506204,-69.51031889259292,5.62564766078046,-2.426904507951308,-84.9287639860322,-0.06972340266364749,0.020277248167111434,0.798115430045691,street
30.3786108764112,45.56328573774948,12.480758789706414,0.4239570399869764,13.847004839376599,-2.963553135487034,-79.28762661655517,6.594022821418207,-1.1407544216966858,-93.73553629367424,0.23947889403109962,0.035002989907067565,0.43006016769762345,underground
10.206879172457683,14.77017521701958,4.227448800884307,0.031906695654278235,10.901230004753254,3.7636541345099452,-64.67670563970974,2.6959835102349397,1.3514179030322397,-56.18024613091596,-0.10263933567844902,0.009398913820930742,0.6902219889920989,street
22.942051060464554,40.44571943669881,18.33704556623407,0.1493000265225536,24.454828075571676,1.0854486988559149,-57.571505470186175,3.771921369157873,-1.7636231276439682,-61.86918618472526,0.15793520670751035,-0.029671879027217234,0.5126422145332425,street
65.84656056004789,60.959344825145,78.8605816465156,0.5390502443183622,2.2637336040162257,-7.4967917995221125,-85.65234627985647,6.105630174174959,-11.878745888960454,-92.40401459638574,0.6877429904656066,0.08672066964539903,0.48898955644087766,underground
8.66531961638399,12.7172338417497,2.6515912476330197,0.13093575506031538,12.205521751912467,-1.819564039395802,-45.86992247968395,2.602934647610925,2.364220293505829,-63.791397843011694,-0.10800890490496154,-0.02426579163131379,0.6589979987260957,street
8.369903443360048,16.722022634120382,4.328144022819629,0.026429755070940485,14.73243487587494,0.6491556593216412,-50.27691813624232,9.916849436781941,-2.551941645168974,-84.37348579177534,0.04937852609400112,-0.011242584874116706,0.6843655380920912,street
84.5197842877643,92.8589894664801,64.93966903884139,0.8503729926797172,1.0386140277638156,-6.434786070292731,-87.48301491501134,5.694047497127228,2.562889183221788,-85.48563794546877,1.4650947601959599,0.20908638697461512,0.9134315134262259,underground
38.87139211961911,28.697144815742213,31.965219529802297,0.334901400683746,13.069846675238812,-4.960105479817149,-81.27989127211212,2.251913873412178,-5.1169121609063515,-66.18433035697993,0.49353215320376975,0.05333065086618019,0.9315243754911912,underground
6.2716093294664805,15.175117453403246,5.63722993535574,0.02256162887159913,14.183503106002783,-2.810127381519025,-45.87935099785816,4.096465634829404,-0.08608749881372102,-50.98152754227489,-0.14107218835294583,-0.025208946801125946,0.7476559442786619,street
39.451590531438825,79.7981912570535,69.43645695506851,0.3567389961971147,6.501504657172542,-7.448350908711662,-70.53979699688942,7.523881232959439,0.29417435290555893,-72.08099077695485,1.2280054681237602,0.11253322645198344,0.6152329639819598,underground
10.593664394524296,10.532961588112817,1.3693439958233689,0.0957222917395246,11.957466966242787,0.050793495663975285,-46.413529753977045,9.721983570017795,2.2215585848843196,-71.82799026012941,-0.006004527365254642,-0.003498110395057104,0.8494007215769245,street
30.526968307278988,78.42418637449008,16.077744321594746,0.3557543655259725,7.355038979625878,-2.1180499431179456,-61.959790565279945,2.561014729072059,-0.6196507989113291,-74.90633027448952,0.348067683261871,0.10228735030747294,0.7409622490323456,underground
5.368220744183644,9.535894584306343,0.9767988971981998,0.0347559642860425,24.40591361856257,1.5793099633111707,-50.365383626744425,8.880685409758977,-0.07783111230950457,-66.6286903644395,-0.11925224195852115,-0.01638838295309368,0.6028712337550579,street
82.84596870180812,85.61905499268994,62.76150961288497,0.4430224333584172,9.144200244140041,-14.323475204234274,-74.26519277408649,4.398866371556849,-9.427805617589163,-88.78580054233537,0.39349891105625706,0.20133046917620026,0.8103608196854613,underground
6.888682458674275,14.749007176844302,1.0754180936306665,0.07436870847694887,11.906283440396422,1.5608054139070795,-65.05254290482775,5.0760987702798195,-0.45834474767954925,-83.9278419631113,-0.10705834406609627,0.002460584586579863,0.9748824311611015,street
12.54943617309455,27.555715902344396,22.999758288412004,0.10094581693130433,12.100725639434497,1.1636372137896256,-68.45277051897713,4.945590063283953,2.459464137714713,-65.73924929348193,0.014022282823499238,0.0035107446630125508,0.6311557109893882,street
40.4111014958072,114.39121344396982,20.01955545552169,0.5723732074951536,8.172295063277266,-13.760260801491299,-84.06001518050874,2.1934443284989618,2.773046562108714,-77.39752905678512,0.9409395755197754,0.04122579536551831,0.8323196974118969,underground
4.466999781470183,14.198020006396433,0.9086677836196464,0.02321957864640559,13.963709109824636,1.8688144614092792,-67.36718060625326,7.682238901481442,-0.24350838479093628,-52.33760000977318,-0.09913703640230173,0.0020722121685471037,0.9454378825251004,street
7.363039111282906,11.473053707653333,3.724948541109843,0.09089524347992882,12.35106187977129,-2.845273282121733,-63.429638602189605,5.830402093654922,-0.01755385044620228,-55.98402032596945,-0.04003673465238662,0.007819151991872768,0.6639812219563694,street
23.806663806169144,49.71613394576063,16.358989069585732,0.4043652579205127,6.944787044838822,-10.429678061505683,-76.95506676032102,8.127260183745593,-0.38491451869232574,-73.7252127292837,0.630779991667508,0.03562831991796386,0.5987035579535096,underground
22.21551677877697,37.72726178480135,20.536429935628558,0.2036111413259453,4.059430396512802,-6.224929537725221,-61.37473482893686,9.049645768293095,-0.5189971996705198,-84.02601693457652,0.3414147278512434,0.038541868561127804,0.8007753699824538,underground
40.65312926964157,58.07403016417436,67.76078425691964,0.5481263353104516,7.645115093988476,-15.731350536476937,-72.49101887634527,7.879326951971816,-0.02959135575972205,-73.66538151707348,0.5935790566835064,0.04695208106891729,0.8273014447024456,underground
25.630793595254737,28.92426929563348,17.19965318217602,0.19110499552772964,11.906418159010624,-3.0540636297267287,-67.50058124153867,11.640142721919599,3.7658973295081672,-75.19879993185963,0.16922961483522272,0.009677001113219924,0.7505407298677969,street
15.792178544068523,27.776229138511933,19.62106841228728,0.13716028026450308,10.083182669331451,4.160820192906428,-62.439067410347334,4.644351823842822,-0.3798116269591443,-68.37011211843688,-0.017753750883139907,-0.01641300811948323,0.5254122850508723,street
30.189592362846298,115.22849882219846,59.37888263959566,0.7978192095348434,0.8804884963912607,-8.283278186350877,-73.80633062282284,2.2491091140390456,-1.1305404888098032,-90.25830707123116,0.28073907605626636,0.04234312005835561,0.9534075024316063,underground
10.011109259458824,10.649671536633054,4.338084025329965,0.13020762556682017,22.598857558917203,1.479326908931247,-52.28170564181055,11.499972614347033,-2.928231854300689,-59.072098648914746,-0.035845287611789095,0.006431893800633186,0.5559007956798718,street
10.577566369888308,13.964562901794517,3.9436697985793363,0.002800988133988391,17.114075699048062,0.382490100213289,-48.498740922917676,5.969266445575843,-0.840719818419307,-71.59452658388989,0.13002672945478902,-0.028662664819843295,0.5586259421209396,street
22.28876335637873,26.09804785581342,16.226816096770488,0.44693925886926744,3.450452346749087,-6.627664369458363,-74.85440288483424,5.381292047672894,-0.48981207760455714,-76.15540662388364,0.38083245980706065,0.09783211057292035,0.9904489105152305,underground
34.50019530359395,88.18976160936754,34.65519026537899,0.9046544194730411,4.5248216089414335,-17.610640444286034,-75.66896844228528,1.7476492471481428,-5.139835432078396,-83.02202585477245,1.0236810232459055,0.24281678456399525,0.7009143564900014,underground
8.281245140025073,8.17791028669209,0.41699745608099925,0.04910726547597597,15.143314105358218,-0.7012951584043092,-70.53584827559627,7.101426281404878,-0.9514382263471424,-81.29353799712572,-0.07785786682806209,0.024787843596439152,0.6248369812936783,street
13.879596230929563,22.16417012789451,20.839989481401492,0.30048208208423,8.13962192653262,3.640251346273695,-68.2278086888322,9.027665348717086,-1.5711634740969584,-65.9164762037789,0.12875146179665006,-0.009933274010973228,0.6179374457537088,street
23.794606761628863,37.042947129566656,27.617746276206944,0.4851672280115072,6.373755592897322,-1.167409201106377,-78.35781140196069,5.547039354284973,0.2793885842158197,-66.74136807287695,0.422272624430718,0.05671464806919338,0.47831243572132215,underground
28.297263602003362,38.119078791178524,16.973689471175472,0.20097590307107216,24.26489932527614,-0.8212520693259941,-55.11510265659905,8.789611743594012,0.45927301037725954,-59.78275600586731,0.12875129171691269,-0.0062596501419344905,0.8320845068547187,street
9.202033866246666,16.791392016524245,2.3233620398773374,0.048052478910931194,18.54681332670907,-1.624231627825064,-52.96861137177056,3.768244340027171,-2.669407555727746,-63.84577990891363,0.09129439303639578,0.027743409955681197,0.5048448721414398,street
32.833498260624424,37.497589877698246,22.927344057112208,0.31144181142493776,12.77598442019439,-3.271819538819586,-76.12816933719557,10.622629967660622,3.8147147891164064,-64.27276387497959,-0.08764018304539464,0.032742571961528966,0.8070571139756455,street
15.84158029004419,60.84239260534531,15.13361454830004,0.2518703247143982,7.76249707450439,1.2899603062428184,-77.94894691473847,7.0516461994175685,-6.76399991773347,-60.1809314762162,0.6569989580231835,0.11760710531284295,0.9912714380599372,underground
72.61042078332773,63.86174428027189,53.63213191001838,0.4498011829439861,1.815783179008723,-11.970216973888522,-70.74984411868468,1.0863139848988848,-5.927827146679264,-89.29743645058267,1.1857991464345128,0.05971241325958132,0.5721031748071052,underground
66.15336907174864,116.33112317616919,24.098368788027212,0.8119181175369719,5.391706632723199,-9.511154150758877,-82.4965128295048,2.7300513919678098,-6.668485805443851,-80.3683399888342,0.8675751528397768,0.08969407656776518,0.8631293584838189,underground
14.126343581201283,20.33720722535523,24.589346356045414,0.14426608691761025,21.52913747025964,4.67029703237476,-67.54119875014025,8.336601074210222,3.6682183132024893,-69.89198446107265,0.16121293049457927,-0.009117968111702679,0.5747987192356134,street
26.22370841366334,42.3091421471408,11.680738235361865,0.1708791241753146,22.573019771688962,-4.010561539507864,-69.11264920653643,8.448286214244474,1.1015240432633915,-61.437001228393676,0.1918449856307616,-0.01564073102393538,0.7784509159604771,street
62.747132964442095,73.50080084243464,49.890897493960395,0.6607303490810985,6.071469079767767,-4.691017251154271,-82.12414581469564,6.057143790501315,-11.85249000372768,-71.79723758040909,0.4362776407184831,0.15402409173373408,0.8191419708072212,underground
18.78609761539767,40.315889405303935,38.2700399026846,0.5762717569633191,5.891330570040838,-4.902848921283731,-61.80410693792741,5.9397019509623545,-0.0162053902964141,-75.49558367414166,0.21011741184772467,0.10401169207039192,0.5668073840980825,underground
80.23824340566682,113.03082484603563,18.813476658695325,0.46130945570583276,8.466113100399909,-11.985853231112221,-60.25631031850621,7.745492830982183,0.9150434753712577,-74.05117830464653,0.6364015443631716,0.19064785875651527,0.48084617462675056,underground
86.19092718491179,69.10883919788319,37.040174600347825,0.4681725713681447,8.399517500432461,-15.791070319647249,-85.47395134318639,2.241345188393174,-1.2749192006946934,-90.75801301355364,0.9322582834734113,0.06427463141873661,0.43573994567213736,underground
7.021604134845696,13.471611252400164,2.3583648365403174,0.10566693018274602,15.407717455485678,1.8502714198382604,-56.2131234903823,3.025188358742921,-1.0023170125888452,-71.77033960252419,0.12204932009581446,-0.022751607948326633,0.6510551343883116,street
34.74250319908397,51.762547586464876,19.797366266808005,0.48424306047398985,7.831806771090953,-12.14545923912436,-81.2218804556684,5.877461537179962,-6.612129582756635,-75.45537337463344,1.078281849526705,0.044212997808719595,0.8868280302553238,underground
75.96396827646589,63.459069949354,22.110942555537164,0.42442793835838255,8.947273968839811,-14.800193240231197,-81.31073966911742,1.2509225054491493,-8.990401783841449,-88.6748770065843,1.355514125444314,0.05820629987951444,0.8272063906822267,underground
11.605445219668042,8.306671684125847,5.813078948140244,0.03256551841655981,12.69430281405739,0.7767942948260504,-47.425010274688105,7.576293086190397,1.9297246198305782,-64.9443972863635,0.029778557992744425,0.0005367301698097487,0.9469084853455014,street
22.403289495428957,20.39106655423021,10.24874873264753,0.24362242826672958,22.991115956662757,1.835303754976831,-74.77217840901864,3.7141233948008363,3.530469380688822,-61.75312570802788,0.0698163977515989,0.03820421327431213,0.5593946067078881,street
38.40570307380263,65.76725339946053,21.91222358678111,0.4804085869866416,7.991007249177736,-8.930973319396138,-86.91299360295487,4.735991361009112,-5.568975909879149,-67.01991072869663,1.296849599893007,0.13179638929765125,0.8389534722093108,underground
34.21058873783515,46.39908540974733,35.36897731720792,0.5719158228611108,8.218185504149211,0.1483622167971248,-61.17743444745312,1.664232197713608,-6.721148804233387,-86.04191672407612,0.2554340956635757,0.10376645184500356,0.7399959359177483,underground
8.858238799031598,9.824827689433786,4.953022632178447,0.005633190761164197,14.529141273644385,-1.355863660511753,-72.90916753119471,4.874910863823958,2.4004056601053145,-76.39639616286712,0.08176645943205671,-0.014105576398292054,0.5893667003433315,street
33.64470468768313,39.778531209949165,11.167450100932285,0.2255188432527856,11.989821725400684,-3.937027478479065,-59.45310840270653,11.132454685231796,-2.5541655296961663,-80.49648730055983,0.18275155006398727,-0.01085635784320478,0.5795185997480677,street
56.54266101111724,113.92836697745057,49.557475746047764,0.6213443144790994,1.3149522701263638,-9.968702107480786,-61.997757283118865,7.281108505010818,0.590383787285985,-76.92288107471245,0.811582714062028,0.0775036281947311,0.8407433017296435,underground
63.912153336773834,43.71013711534607,38.97338065161219,0.8189403006832745,4.784532015969752,0.6723879367782359,-71.10973420122258,2.1130099235442428,-7.3141638716515835,-92.43984341101574,0.5382742574766506,0.07771001151302206,0.6060941598488132,underground
11.262048824620496,11.223937550651666,2.73755978340031,0.03663566377460356,17.146566660212038,0.8684280409545853,-60.81425748129621,4.815808084689122,-1.363271147592079,-51.222123402533654,0.1491765105367713,-0.0023461854919277596,0.7016771517254985,street
87.44241726646844,54.34228349938816,32.489735425629625,0.8299054415330627,1.831444235144769,-4.600648444477651,-85.18068667586921,3.0772944357692733,0.5753487072336796,-81.57162169668203,1.3815807056837284,0.17669406217339698,0.9193064344761638,underground
18.745160047677267,30.10991008607918,29.759924921230468,0.3672247358520865,13.174606806250837,-5.296928089513127,-86.32921837091291,7.672315089597501,1.3845317584595893,-86.22954381320235,0.3328274116759642,0.06967753921652356,0.9094249159070323,underground
61.925893667258926,70.44708094907668,57.51329438076939,0.8949242240712694,6.072815815211447,-13.003662882623813,-64.7090882706282,0.04384788119301053,-11.370774776876434,-79.31608441241958,0.9542873212564126,0.0687174484300913,0.5996264069011213,underground
8.278124138960425,9.010089378076955,2.8854950842137366,0.02107673448379893,12.009333400974942,3.9613411673743233,-61.6893798179195,11.61017932236646,2.741725059629122,-79.55845848028395,0.01209149256923378,-0.0031181724049290094,0.6480091868396622,street
15.816699920983321,52.20500143322709,14.84326311031224,0.16366319607191032,11.956794052783497,-4.333451257559187,-61.27796207864117,7.721406379759631,-3.719370056450175,-57.964371985441645,-0.09931106378230636,0.0383350229920444,0.7072158424154573,street
10.368813242569837,13.871763565977469,3.3793120284003404,0.12522612313548612,14.006468740316405,-0.48764427596135196,-68.42107825030295,2.306381657719145,-2.732161726676104,-65.15991467286638,0.08488297301405659,0.015583526089079092,0.9630792626224809,street
6.2169103317094585,8.0453104296793,3.7175375797320607,0.08454957570235917,19.608366788901492,3.003994738752775,-56.942022050884006,6.444241486062227,-2.117861751551063,-71.93698316888147,-0.09906962727930438,-0.015359293037728755,0.5179945782583832,street
59.05532702995269,65.16111497464848,16.171601745854343,0.5890770789860142,2.178030194815903,-9.206414046507566,-66.2458813118535,0.11971575686685654,-11.640607016858079,-71.49633253876995,1.3727909080438743,0.12406962117318635,0.63603585555787,underground
37.56595088805187,113.08668818345146,20.983407422815162,0.8093897806556147,7.685486274705511,-4.768750296341825,-69.11166279583847,1.8123218339482436,1.331831360166964,-71.91849353376773,0.6633703698143155,0.12602082719750557,0.4667150594589446,underground
71.28042227603859,112.2568971054022,22.56996725229413,0.8911063992762484,2.0803550742279233,-15.311619089653993,-82.80874822210212,1.0840116048642203,-2.3062413341361925,-87.65950406566024,1.3758172961081157,0.08713809945578399,0.9552311412487622,underground
53.71534774459597,71.97707207997942,26.929079507702355,0.5031780282445077,8.802413433030754,-1.5333390892659402,-79.9594639652103,6.597956230014419,-10.233462809819565,-71.62830684149678,0.3201468850510727,0.177077242666002,0.8500432253095878,underground
32.937760334475335,74.74489778832688,32.24655050113496,0.43561140021103284,3.5015644549703944,-11.802233389496951,-87.15515762047417,6.562901369927316,-1.8895247120225473,-89.646920644442,0.21914140704747542,0.11639931837431612,0.7998790424128399,underground
9.957779304642136,8.473881563040088,3.3504510286230964,0.10251011855274625,23.485697144300666,3.9847811194931175,-72.21085877662742,3.718584772000531,-0.2831306549552606,-68.31016767716307,-0.08307046076034755,0.0017695692836994376,0.9448583633278509,street
6.671392697204879,11.288702086511675,3.798845288671451,0.07886221577456791,19.817017926961526,-2.1617272352189163,-46.05409524945348,2.7436784488142356,-1.851614991687592,-74.4763176037456,0.10350989611081288,0.01030030570351393,0.6628103259457216,street
22.163249994293572,76.14087125561652,38.84876742176835,0.33702685665945326,5.50893945132921,-4.644242317822739,-88.34102594126509,1.5763877065395087,-0.23001765898359405,-94.89766611786551,0.4076639737517247,0.023547020547291745,0.9293268216360387,underground
25.818394635696578,115.87147663528643,20.313154894225214,0.3815552470170519,2.2310878320113883,-4.166410839244017,-83.6197797782959,4.648202607294795,1.2623417263217789,-79.2420008128043,0.8827309951427853,0.1304648225290177,0.567959424886506,underground
36.72235218597817,70.52341094990592,59.74118858039547,0.8814380597077153,1.001604258695612,-19.859723523193978,-63.1998547077339,0.22916424077577613,1.7038184894823836,-92.7942026771628,1.449895319599138,0.18889799692021558,0.4413482679300821,underground
4.7057317587637835,8.884335734981544,0.3948745878247437,0.06367601213368104,12.318657697142983,0.8358866615570113,-50.11224445452073,4.7275002658736405,-2.7782205363045946,-76.88574028236467,0.03728317390748703,0.022189149902122125,0.5131471583655276,street
6.75000081289329,14.144720902350915,1.5955288182898113,0.06613249003269102,21.245411356714328,3.2236207761147524,-61.113932349786865,6.807361867830965,2.619857421846273,-58.6045434399604,0.07607799304630172,-0.024597947095446004,0.7860256799698533,street
9.718350360500427,16.588177738732796,5.311877227535111,0.10640504996173304,14.47926264955463,0.5821602728120867,-62.83292415362072,9.891206775928833,-1.9422649895995012,-60.496597370258854,-0.11807107019709889,-0.009401971744810503,0.9311626420840555,street
24.898024241685818,56.814630465407674,11.183385453906766,0.33532760902520875,23.089475896589956,-1.488571699976522,-50.780106400392036,9.886257366202807,1.0433615950086672,-74.43316938153922,0.035209955549812405,0.0031473497268611136,0.8427027196099675,street
22.590946786583473,42.53591965823577,22.80720281467089,0.2225537089214496,23.310068532106833,3.4191831631929777,-63.35795718944327,9.33440228158613,0.1752779164555971,-74.07852784769587,-0.0359991519783784,-0.003434875514043801,0.5523872453805099,street
8.123495449907525,8.156666770419584,1.8425426806756133,0.06910564613674021,13.349287156325683,-1.118987683078199,-73.0370931515984,3.3052439989740563,1.9850941691283897,-70.24938588730559,0.06571172285380572,0.022730657485975636,0.715553659227463,street
11.281506906840905,11.062524822276647,3.3415260856279234,0.073414865286734,12.513448386577556,-0.6375196660232882,-74.68737505738993,10.901941003181731,2.7501442102680347,-55.410226670364054,0.14311085424422923,0.0258473720295977,0.9996407098969322,street
36.1950427580358,31.737896790018983,34.98321328626008,0.22707128976058397,10.627988704760924,-7.376322406191979,-80.07397451185727,9.100252840640003,-7.557674554985639,-63.913421486692094,0.6013636834185938,0.11067588524112194,0.5887485968886647,underground
34.92094364641002,58.672290086279524,10.740552792053338,0.23885703987074755,17.638208136142474,-4.4580684016079335,-79.8448396328918,4.456966231492387,0.9217919407431907,-65.29530467080002,-0.08899011354985098,-0.00012034965851094939,0.7165911071619877,street
42.36660859631434,28.264607696311806,34.44081984381303,0.5882601159328709,5.905457285644288,-4.599730981582782,-88.91825085646266,3.0326713992409964,-0.346081642236304,-93.44608690977948,0.6089722593474737,0.08106367155341017,0.810015337152211,underground
44.79567748016316,111.09010654785132,34.135325296411935,0.977413384278506,4.328932770828933,0.23428755666904522,-68.5777518010917,0.49088555339903106,-1.9000148531717098,-77.77850664661673,0.478722548976394,0.21844920004449833,0.639589873131983,underground
56.355917847614485,108.04324457946188,57.17081188569934,0.9689038354691717,4.826093362047964,-10.188263879681946,-80.61063169383583,5.955687388971181,2.5385312324609615,-79.72207861329073,1.0501186034270913,0.14152936024533683,0.5271128214757204,underground
49.726272942604524,88.46778627533459,26.749939664794994,0.801144938516106,7.111830197348538,-6.721574101603574,-82.75978022783774,3.989608376565508,-2.871301891909326,-90.60256766590743,1.3407118903327027,0.06447732207035323,0.5443539091050764,underground
30.423207114433264,112.83910897226419,20.030113820181626,0.9334255407092019,8.230846280273667,-4.397003154909822,-74.47396018835931,4.3877167599612354,-3.594086075648571,-75.98332758968316,1.187761970849882,0.04742863471699861,0.8436898323998028,underground
9.351758300140105,8.698903192158548,5.653448632992493,0.10937499704675592,12.825744132436338,-3.5796561737938104,-52.55490951500256,2.1477181087647828,2.920161177821167,-80.7470746173757,0.13098766477832605,0.028116168168405425,0.5365248819882056,street
10.48302436553324,8.5748824319749,5.615959277952884,0.1087578258922124,8.241000721163775,1.8219185278678562,-47.54754973638349,9.66266843669836,2.685576686111472,-82.0443718534103,0.08515232948063872,0.006176817405915747,0.8488204572687922,street
31.438883445900892,91.19184830864054,72.5738701127805,0.4525503102449628,9.705169319220271,-5.092111942936981,-65.55011941027496,2.961161401775347,-3.362240136710474,-84.3721177295641,0.6837588728943819,0.22160186629343315,0.6651009177050633,underground
4.167214209141106,12.609509645410217,3.9092026852104462,0.0063958574432562915,21.004725650394487,3.7535883135098347,-62.871904166138656,4.327670222335216,-0.05530485042429811,-70.08007791887471,0.07721608238883765,0.002454262312282525,0.838340233884378,street
4.824361066357499,8.521694287640088,0.9712955381282342,0.08748983096649562,20.560209509555463,-0.48221495753629284,-73.09508121253836,2.5391064433262285,2.822561368944827,-60.12552401531135,-0.10468038887775785,0.01688147734443054,0.8755117795709222,street
4.033038559769528,10.528037997922429,0.5372818635105951,0.08621394237838914,9.771489239174539,3.717932651421383,-47.99391404944516,10.178750522196516,-2.6592186871300822,-83.50746354782375,0.03843248930178428,0.028925660783314808,0.6817122604604909,street
24.07370903364376,79.25441599217523,12.115222996177291,0.36960955886424335,3.734902053476944,-5.670640321721626,-70.55382042423258,8.471938902083064,-3.1333330368538963,-87.77777433102845,0.36298198544012283,0.03785465377287807,0.844609845532744,underground
24.60388849525213,42.54400674720351,12.428110754226747,0.27799019023510596,16.83892856159183,3.590803964823369,-72.67234507327181,11.012401952799543,0.6043464826326925,-68.35787553096085,0.0626363222583467,-0.002681520646087107,0.6186736283252043,street
84.12842771626173,62.36697261700787,56.143417802986555,0.8809246947330968,2.231721145178401,-11.986164699336374,-78.58824104907191,4.958516440379543,-7.285316252596041,-89.01833279625482,1.453800524777435,0.16636459527785935,0.9226102236739435,underground
65.296916916694,62.358054951494296,63.438140509891475,0.8547633952528761,2.475068724529612,-1.6359432033190373,-62.122913788599604,2.8229358443824637,2.311023188946878,-93.3824789778142,0.9240883244933217,0.09696350600701138,0.7516556077327212,underground
8.68982105682192,12.357159678134247,0.7032479692480482,0.1200412917166675,21.440319840482534,-2.7279212305632603,-53.184844900539595,8.00474240778453,-2.7899405344527644,-78.58089511193107,-0.12589592895544383,0.003530897107503636,0.9507206614638304,street
76.49430184829296,75.04825895220648,51.54316026132977,0.9493966408401072,5.5040873727979704,-14.246522647011481,-82.5384655515895,3.540476321005044,-1.7060475531158357,-84.95412257585187,0.711382129847552,0.07802257875340882,0.44989042646137956,underground
74.60361732324805,67.93266331355316,29.08793301979645,0.9513633281378427,6.888345067581487,-6.758008499138812,-86.04499243352032,5.9118474795376565,-8.948691398371528,-79.82248005914869,0.35781552427939434,0.12735858151101742,0.786876513957838,underground
88.50183474072655,100.74154004888501,20.455652147800976,0.8099612166386405,2.3091926815595807,1.4715539951234824,-81.6110488689504,2.330878098492871,-6.41266206010882,-75.27618492365303,0.9115583823598135,0.15339120714798582,0.8037508992186045,underground
58.08474364792127,90.01715659753039,23.016783649433137,0.703525637540961,7.242888297045332,-14.650520025729856,-66.5360193160897,1.4847367563651144,-10.133322398064648,-86.91670165967913,0.6122405166006571,0.22461477388889275,0.6313210019126605,underground
63.558092432520134,116.20550694835893,77.33987440836827,0.4624433632647599,9.55835387924417,-7.899104776484572,-65.05432636819997,1.663579432521047,-11.163396289878277,-69.60843326220518,0.9072396881993324,0.11910169035449283,0.693555313656554,underground
10.736640263822903,14.578563790223418,3.2696965293758162,0.10370187205157277,18.870288731797167,1.590709890912045,-74.73438547188883,8.946223370983837,1.399713316663438,-67.52898744474808,0.006679203523971611,-0.005005217316684244,0.8291429961441084,street
19.427496463725078,32.77375008309083,30.618159187706553,0.2830128548343469,5.027042032407728,-7.670182593796394,-81.87805994176341,2.938534913859609,-1.6378447660597635,-68.51476904622353,0.6107987887915527,0.0928393063244117,0.8836262276314398,underground
5.737019080465204,10.200651347519331,0.38749205329236736,0.06437282812673494,20.87921665662878,-0.253099386870244,-67.12758712701537,6.670899620096232,-2.8817281808935515,-81.05582595369735,-0.14251307866904325,-0.0071275112070284564,0.5193818800148129,street
33.784411723451555,35.191014278336624,10.327760885690964,0.1327460891838352,22.954815018251345,-1.6998938234121974,-59.99364642596569,6.335278409968635,0.6856162452636676,-73.7580553262728,0.0023813044439330577,-0.0015251256617161042,0.7721698445572656,street
21.99064743729083,87.29125198360755,45.96650783716093,0.7633648253026092,8.976813216668464,-9.291316082897746,-77.82953527525784,2.3974307310867307,-7.513818263408233,-93.95780169417439,0.8639429332475264,0.2087502913189637,0.9734201901309483,underground
35.455105910107996,101.13018496219696,75.76344815891426,0.8282975047634535,4.895780021274362,-3.507007745906062,-89.70410359768249,7.979841266100572,-8.757379248010043,-89.64251026724831,0.6854677758573196,0.15079960438410253,0.5982877716606888,underground
62.872868814914696,46.62236164120988,76.80106920384252,0.6389203927073507,3.089034349143196,-19.266542699926482,-62.56586288712123,7.025216059490831,-4.681996701570109,-73.76316024698,0.729319016857038,0.18602483607255446,0.8395844223008803,underground
8.587557071251158,12.895829550196467,0.8566739194466113,0.05122622106438767,14.856026249482268,2.9300050823882122,-50.85276318505434,7.139296777690857,-2.184223463567824,-56.86653835428969,0.03200123535437324,-0.022629855314016865,0.5353216137705987,street
22.08352643844868,41.59770890826154,15.480571800557717,0.2448161796636029,19.87285338915212,-0.6589835593120243,-51.36718492663168,8.882722396441743,0.09347516262905842,-67.17835262404338,0.030198646442187782,-0.0029664976165971156,0.6029442382995853,street
24.598112098589425,63.628456008557116,30.037437951946032,0.2643109859372973,7.925968726533572,-9.335207472566912,-88.26573684412827,9.215730274472273,-6.079234436394613,-68.69702236516771,0.6908838388397319,0.06004089157965238,0.6496197423799427,underground
8.742268661652718,11.387308175277973,2.6870431005692534,0.0766256223353548,22.172717438540296,-2.8413250354103594,-51.06653620670747,3.8259928150666207,-2.874130732216105,-59.2054448202994,-0.06534784301914104,-0.020469219915571428,0.8226085266663836,street
5.746934221476668,9.62753058726827,2.5576581408371437,0.08916503999415126,11.769854569687535,3.6730962780871117,-50.695717264559036,6.314843075403088,1.4204114795676972,-67.41568801402293,0.12972365576593273,-0.008751200239311255,0.601861613787394,street
29.597226818310368,50.250704038123416,29.147906011754184,0.4845000222307826,9.906933174084543,-6.436788502576839,-64.20814092315166,7.918363257325538,-7.869871174865828,-82.59934816691563,1.0222300241488789,0.2456594848076003,0.6632235350584801,underground
4.004685359613391,16.107779146624775,2.9371340453056014,0.14620608850827427,20.61551621956034,3.892167861700358,-46.417255273932525,5.129876900769447,2.9135784182463427,-79.60808912652773,-0.059148887461615895,0.01903556372861062,0.5022921642239015,street
54.708812092178505,98.87871779987472,22.80157774165574,0.8796609981983606,2.642667376745411,-19.010644700217778,-74.93927186889428,5.776942838762722,-10.475389682842046,-66.4279827560922,1.4844303084764348,0.18618188000758273,0.7009728765327503,underground
25.59192094661232,56.69242983745101,21.62716023828991,0.8189173380843019,2.5577233115159927,-0.481088813315079,-83.35834141641234,5.460696221580602,-5.293960134229904,-75.05484617391843,0.5314192576916383,0.13398440931578465,0.43860626207940384,underground
21.94152701690815,49.38377599605578,9.43211821724089,0.3251008450797647,18.513648974838055,-3.04139206027266,-67.04775631173138,7.437468504602474,-3.654046406616078,-62.385770191183695,-0.06559091288050031,0.018216271879218204,0.6558023404630459,street
64.37993540623927,57.924354598138336,42.34190061617426,0.9978355438336037,2.2157372821448917,0.6664601472990483,-77.37298181582246,0.1865709267817941,-4.134719452469623,-81.60392225938466,1.0924616748949139,0.18327065692546715,0.4155767230040945,underground
33.55059845633283,31.726986156718965,35.623454841236565,0.40486215565425443,14.711531444220071,-6.751170613202001,-64.66887495284993,4.6264944082507276,-4.055446953469472,-63.68370492510918,0.5026885895135118,0.10294513175775684,0.44785993249688616,underground
27.38177582710678,44.47393713908117,18.526409877645186,0.17418142012431465,9.879740621478664,-0.8111408098094781,-69.17179205035312,6.159988061194845,1.5066460812593485,-83.49294069452543,0.09702869054554858,0.005438178110091389,0.6096156351219073,street
87.17449861754943,66.98710916611643,26.153945296953967,0.3719991012186737,4.144319216989199,-1.6678828913885582,-74.73034776434824,4.801347802870295,-3.928892483786681,-92.18911175304738,0.8642990675383785,0.04238918544524302,0.7846405304166046,underground
60.77261236501235,109.52399044018985,48.6619381431412,0.7646816382897403,7.568671818196401,-14.045443921922502,-62.6270361019164,0.7993959802448716,2.195381869711124,-71.06534850338804,1.1433752339620342,0.18236314606559653,0.46257741485613796,underground
41.92101648883026,83.63265828922619,68.46444741047728,0.5742400711670336,1.454324514027121,-14.266365131730478,-72.40982568891377,4.907076885338485,-11.836206979999375,-65.89138818182465,0.9003502938167129,0.1655374519233636,0.8125194457019445,underground
16.19799820936814,38.74685848011731,15.524283869564183,0.18114632371333678,21.156037625560614,-3.74691066825656,-71.1548250851557,8.22024418877891,3.7692555677016335,-61.20058313210309,-0.04463845288733562,-0.009881211835032714,0.7242615233284446,street
33.98003317849485,112.90135247388876,41.37548949541393,0.9894751946884573,2.6199580667664666,-11.066657724083324,-82.87591757431278,7.089733509791628,1.595224253218202,-77.25144911182014,0.6115336371484879,0.08327202714349306,0.9990626722869795,underground
18.29894636249944,71.39477346254998,17.433565222149056,0.2248761876573927,8.270674374332685,-4.214995578402994,-80.56718630062029,4.059932136641163,-6.117024054598208,-90.4272509914402,0.6688499406747411,0.04938404654451917,0.9699978805776294,underground
89.6895647667219,115.58888673120175,15.791416540607193,0.9188223765940631,9.825104423734253,-8.328755748420223,-84.66022672828986,7.6885483880206245,-5.728935321852976,-69.40589601368876,1.1481483095704332,0.13962093005933884,0.7244594331504881,underground
9.856729066765812,17.73026490404633,1.6784963691658397,0.0922959390207954,15.210545343013223,-2.7274083555247275,-66.44681123635026,9.192583463465944,-2.73291684442988,-53.54562110937726,-0.015279286870606673,0.01586271174595335,0.7053238551707461,street
10.320898822151378,8.98271872337974,1.092552892429152,0.08627950267868274,24.138779273636445,-2.5162394006440003,-59.99441600816216,8.47180785826794,-0.9787830609909918,-84.43865355037326,-0.0555960012971083,0.027809896793217298,0.6698290779901245,street
4.218021851157525,8.19915977446653,3.430278589013363,0.10173640334433591,18.16934670663918,1.8922579496972398,-63.980494964807214,2.790639171423525,-0.5038703877967121,-65.5859195399241,-0.12130409685264013,0.009519328032208764,0.7217427397165596,street
74.92666980247407,77.34891553876358,75.3833734071949,0.7258102307358006,6.593711046343928,-3.6679600474465524,-84.8771084307921,3.8084878364417376,1.4662925141339898,-75.64575784877046,0.8011172100573376,0.18888613312650607,0.4920754527870063,underground
33.164186325054835,31.256830109091453,12.162316889895973,0.5019494340682783,14.986476605399075,1.908124649639154,-62.0967527097753,9.240877631399849,0.6120426318722494,-69.41343172425367,0.665294601007242,0.1072242500796868,0.41125189394415534,underground
25.7662405423002,40.16582011842209,19.936223974022944,0.26374343275693274,14.05893323015575,-11.204577046441178,-67.55533079483466,6.0191489135033365,-4.294211654443783,-88.72499128837516,0.29503808252470287,0.04992778938339635,0.5538629580636656,underground
30.250431234434075,66.55466872185058,27.96329982884257,0.492867070355171,8.967876334176832,-3.4514925306190527,-76.59666458846083,9.995485635679538,1.468510366362553,-83.61537129700332,0.1884946381533828,0.06716063966356241,0.7150225224244204,underground
66.21958808182904,105.5465866179179,51.32137189139334,0.7762658425599648,8.701878727706594,-19.16370043892208,-67.32099615835648,1.2558314732525435,-10.27278233103825,-82.390491578238,1.2709989943764093,0.23297875088786882,0.9754209473021461,underground
36.289866015414106,73.3186304224922,22.24970803855206,0.9216107584715576,0.4548326106220235,-15.88088505565688,-80.64476294712783,3.6634517611531505,-10.087569863283893,-66.05039579776384,0.6456290542900376,0.08109155982439359,0.6295568280272057,underground
15.681093735251,71.13974717476597,26.24367262365674,0.2776766053363096,4.228053399394941,0.4707966443610836,-69.44400125841102,2.466615669397066,-5.245491168432979,-70.59422406308087,0.6090657933952782,0.06440080659632005,0.8297497227477972,underground
23.22231471157154,26.832923230407157,19.07329097335421,0.1910187698654081,17.618299069336853,3.8643008331603443,-55.50250077845331,11.708435648436934,1.6908138593237485,-75.71360730665158,0.11713193186441201,-0.02130230561699126,0.9498522288968694,street
7.962469079471284,9.67989348260219,3.8673716515378627,0.003289601247020618,8.098802444082962,-0.017817602380620023,-46.112379225229645,6.24184545311383,2.1901349696750705,-69.48965628164173,-0.020349760866365557,-0.01723258811245421,0.689970192840075,street
13.12096754494546,51.76342934676299,8.039256482152588,0.1970891278057893,19.88203185855796,-1.7556333912842446,-53.98260040760536,4.164154085287442,0.27660101277006444,-76.02363271263215,0.12745447593069556,-0.016963215848123644,0.7713378486621838,street
48.793626637489965,81.90071761660268,38.76483973682677,0.4442426711947018,9.928602256265517,-5.410441695931215,-73.12782102421923,6.541976069911845,0.08499927416857567,-71.64155497130517,1.1841874720255354,0.15019910497288883,0.8926253958219295,underground
52.74510162048969,64.17055673830228,44.31527121987443,0.7890824566167898,2.6494643936071807,-8.037248522708428,-87.40801777440002,6.417011903335886,-7.0893347595081115,-80.5354339987728,1.195754494689539,0.24317251879357862,0.966300025965631,underground
31.632757057333095,105.16374705441395,57.83829444038923,0.41118557687560614,9.617499120967882,-4.172457426387961,-78.94073633367452,1.1024448829111932,-8.911910645199347,-89.08464920322152,0.4206300932576868,0.16976237270473016,0.8248459738570971,underground
71.73025350892956,93.4548043714811,69.43015608701094,0.4581393291458525,9.768386173725398,-18.500487446520346,-86.83126684209053,1.2549095326525146,-8.575147524125414,-94.20683617305423,1.3821361370688034,0.19209803694572652,0.8603914978323688,underground
11.69750386983511,9.084322241734249,0.6144944244337036,0.04747542014479517,18.4280826733877,2.759196515464292,-67.6176226399067,9.261115245271679,-0.08342398776862847,-50.513976913902155,0.0725363724159035,-0.018867858205614395,0.5257939472303605,street
28.02549585690385,44.13866795627777,8.008287395630301,0.12144602091234044,11.708952855753598,-2.8070420770556845,-66.74531535536474,11.596518087939975,0.5527655773591889,-82.35830278230317,0.06753869412433552,-0.01678425469238301,0.6972955226569271,street
15.874233927987365,34.33169609375489,18.348854996996224,0.41640400986389803,7.994737538934611,-11.112143972476765,-76.94063607299964,6.544589897483619,1.8903048725480645,-82.38211076147157,0.19210096524168338,0.10467383481261008,0.5795748360940697,underground
52.804255626565926,76.84006957963169,23.56717771300866,0.4269111220057853,0.7638618745595815,-8.096295423309757,-70.70221883814968,3.373953116256687,-4.659000588103766,-69.67045782158243,0.9630392158759175,0.1292213010549511,0.6237876422244211,underground
16.646910205634597,53.439187800583724,27.911556546600146,0.23815151950552405,10.219652527765895,-3.9356679612775842,-68.3097075166214,8.587605198702711,-3.0107974362423864,-92.84323516491966,0.6273100885198872,0.020866614995812733,0.5711790919394436,underground
4.6579873765758695,13.510642180723629,5.1412230562644545,0.09276229463801926,10.16585927186463,0.05688705916706738,-59.254854167452216,3.5219853203570843,1.2706879050722328,-53.78336482104679,0.08491194976518918,0.013748845424805083,0.8722421561354698,street
24.05097939602927,49.169076338295504,14.671423827425688,0.22648205777759584,23.941299356733268,-0.1631933708813964,-77.5026141083056,10.392159619671407,3.194202147961734,-66.93680721369081,-0.08070525219493258,-0.009304597949577647,0.917933968922173,street
44.51875145716396,28.6419683761431,34.646453161999666,0.35612518008195376,4.600996179863815,-11.871174804922845,-85.23695347427542,8.811838420649558,0.5383715053333624,-92.46214284834883,0.5334566910378578,0.03471879761225341,0.6194092263241701,underground
9.947874769923928,12.81822446435473,4.768965863044449,0.04771922038540076,21.879972855742977,-1.815728249055831,-67.96855817468415,4.615173300360512,1.5010056048200209,-70.03033495009372,0.14694512607849827,-0.011525479274797117,0.703612582578419,street
9.67646343347391,12.921853071679074,1.8975458768820774,0.10739509004085027,12.693925896581895,1.2641362446094897,-70.56141814611568,5.01687093461782,2.071282691980697,-54.74192170340662,-0.043960630701421935,0.016886761013233123,0.786839921027538,street
73.10792954910895,62.25768081034911,45.32309897803624,0.3743042871807058,4.604469798400688,-7.843155027725237,-60.39731640301029,7.56973690987197,-5.986768709263948,-93.48412495948018,0.9432531031293498,0.18522464992302576,0.8642069361043594,underground
80.31157368045172,41.319912688964536,24.3138496084135,0.7067469741695416,8.895343689431694,-18.701951494587227,-66.31218837218049,1.737228345750517,1.7748064727278852,-67.61189003210666,0.5876480307275563,0.14251618110821618,0.9692458494596217,underground
42.013363401894,60.97665650712822,12.032089273421901,0.47474378384329446,8.647719886152789,-10.351845382836062,-81.78887537989328,4.073161945009904,-1.0488472273367941,-73.77350930425986,0.574048799333685,0.08673302050703585,0.6143058548216898,underground
11.062681052818958,12.639284473173129,2.976355744422322,0.09473817093904076,16.818125201036683,-3.79731555841052,-53.12384044042999,11.978246864465888,-2.871152685900873,-79.26392069879364,-0.09188000804581901,0.00954062284541031,0.5129425695356127,street
24.653275170774513,42.36702077645471,32.00616922812872,0.5442264229228331,3.0609609615629143,-10.305570543529635,-80.38507568592503,6.309206577235595,-8.444075916543461,-68.71117719364968,0.5637853266757484,0.09187229974171701,0.8531065541219727,underground
15.14816298009017,74.87794774038483,13.428396346604899,0.3178806978144741,12.968165734912521,-3.6164672237758246,-81.39192226723843,8.238603200102938,0.24997807844121311,-87.3143290644096,0.6008426237547417,0.06020006509694177,0.7051728089077378,underground
32.63985938943239,37.84781138652491,20.985865767273324,0.25867806387290065,23.658461181696655,1.1946100865751186,-56.26404892309141,6.80411691826612,-1.3629005420298883,-79.84305231192887,0.18963548946971912,0.004683710663055798,0.5703731853921146,street
9.938294352913779,10.047812193145795,4.234993760186417,0.07587802185984159,18.395940618674096,-1.4020039304049137,-67.19985757601196,11.136403362769796,-0.621612201821363,-78.02832301134195,0.016681527568589316,-0.018052550995278152,0.7320824009492246,street
11.299290322137999,10.844035738205921,0.40796058808332414,0.13671700051402816,15.489831552422215,-3.4409897675031837,-59.57252866852775,9.345748282342075,-1.1147902259879754,-66.88697284806622,0.08952682107813797,-0.003777700934894091,0.698879708940785,street
14.696893009962686,35.525929446976285,13.28225924019883,0.12438025746050876,24.92523162976123,4.675575772362617,-52.39046200092334,11.16934888297199,2.6629671402753985,-57.645476704587296,-0.00720952978216205,-0.02756433960121559,0.8875455386452612,street
32.674837944945935,62.617764084899925,10.918621836761949,0.5392287346918914,11.28584793525248,-10.326140797906723,-65.68796701133869,3.1715270485280667,-4.7307290683346475,-66.40086739249328,0.6850288515827707,0.10291379625316269,0.6022390633818347,underground
39.83722049094898,38.10596193504329,39.209538705144425,0.4262340622566353,13.384927427841559,-4.903981381733169,-69.51787448327337,6.52433644002641,1.6854782525206176,-73.61048456280596,0.6474727810986275,0.09972661789486155,0.969226488839975,underground
17.005964595288578,52.91895335733051,19.592044786064818,0.24873742652976233,20.331150862289007,-2.292557741868022,-73.19971533950323,8.214393435289448,-2.2778268014782794,-66.57097056391152,-0.0472759193821293,0.0145327449126725,0.9941647239620865,street
30.796434691667514,47.1765702467855,9.888095297704316,0.29840507481056616,8.45023197549801,2.57818875584716,-62.54325826452336,9.18161184533163,-3.254156654683282,-66.26562731713938,0.047853425310090486,-0.007957996355318471,0.853299927228216,street
10.068867124217377,11.644275037404245,1.2654205135199519,0.05097869893852679,8.560163835005515,1.3162379632427266,-50.39084141960945,3.2248289181172822,1.4563521609213712,-51.32307425168585,0.06289722162933456,0.007761185118725256,0.9329018751298727,street
8.537847191155322,8.658264831516135,2.6663796097552606,0.09482761989669343,15.561704970400545,0.08920777309070438,-48.682191673434716,9.4000662619143,0.6437152548167466,-84.80716186637113,-0.052335243421761546,-0.028843765558234945,0.5195518981139984,street
32.30207318154494,43.55340251772866,12.89851775006448,0.1954311500501602,19.16499347390109,2.1903690228682215,-53.067514401637496,6.000547933952516,3.6285369723942127,-79.8741866227338,0.1500115655751961,0.0034377860254061754,0.6940274862585865,street
62.577986834417224,90.93586935697704,47.9285574121269,0.5974525345572447,6.406872362417991,-4.7269533529352845,-66.32044841769584,0.5612562564602328,-1.2889982172771646,-85.57367074744953,1.281601122605485,0.13113926333863304,0.775952152246647,underground
35.316688811765204,63.792784585431285,35.26917515299145,0.33173911653094346,12.831006522356095,-5.097758824309127,-80.95018518171676,5.318626705346721,-3.6127203499023937,-84.34275319339827,0.4673783359109497,0.05742758974755202,0.41779804124412784,underground
21.11240930405854,115.22206922924477,63.88495558847362,0.9076681566482862,5.920188578763332,-3.838711940765016,-80.58296280618394,7.970918145257768,0.824804260272801,-75.58132579433094,0.9048359632900503,0.07177105787140807,0.6783982391520946,underground
30.650228619578773,43.04537481946922,38.593545314541046,0.24659290548103274,7.217743937652665,-10.89531299167261,-77.78969666620856,2.9265081379845213,-5.322486257319537,-67.9726451097056,0.18586442713951795,0.08732863540129483,0.6339931554039464,underground
26.13985998010208,64.59953702845291,21.94757387957953,0.8471174973021349,2.05718478179145,-6.030988307622064,-83.58986100613642,7.063288126467364,0.9282328127312258,-76.1997568070858,0.8450502373868456,0.21808549709101435,0.504033831535633,underground
29.790531556618774,28.97550412490884,17.50336982445484,0.4753402682969578,5.3690992604172525,-1.1211995644606514,-80.91020120057891,6.007110355686955,0.9087045502883946,-76.5357510821597,0.5630223215482696,0.0837586214831348,0.497219852426074,underground
4.054200784956789,14.605101444867412,2.530589556975806,0.11839198750614816,23.073920797291578,3.67765031055594,-65.10805037364906,10.015789943204222,2.2672577845101287,-79.97739937057898,-0.03363453013301394,-0.015993030568319033,0.6275074638612126,street
50.294149626090864,114.86859776446047,27.668479343406048,0.3871582306245055,2.1250625811626946,-8.075138848473559,-63.656549268652135,6.923072641814465,-11.283910889045526,-87.39310114595685,0.8220029692350885,0.23606666085817607,0.5031249975734188,underground
4.600522385501302,15.91920962337764,1.3291763142175514,0.11377495076507757,15.135347464727213,1.6604521682303641,-72.50608366040973,4.646708639934547,-0.9201232251727118,-83.64518452160287,0.06301592049007287,-0.006904178883307653,0.7355034842581223,street
4.673546090922566,14.01923347646764,2.1272822413416392,0.08926427468811224,24.091099566812606,-2.598836076716534,-49.82105224970573,3.9676802642009097,2.297309912155373,-53.81660855294476,-0.053380433731988405,0.02696202566388594,0.7766583758479908,street
29.402489515077924,43.00935273928192,8.958517890333384,0.11503003538403664,19.936120292272903,3.1525194114446737,-67.34683024752584,7.319683357048955,-1.5545286762101975,-62.92172012528963,0.030770328129906904,0.03635515135971354,0.9476105337942053,street
24.048150733856385,38.60175940770084,19.657835839701825,0.5708455149277669,14.675502212999904,-3.594517786159333,-83.56435820626167,2.478313763185202,-4.649144727612825,-94.53774355009492,0.2971425102682428,0.09673475430543031,0.6929317248809024,underground
7.580431944645705,9.580725980595117,2.2020944748938454,0.07718284336713684,19.124000555766326,0.5436337237229028,-67.7665120571345,10.241250863626728,-2.60092569813769,-71.54834024111842,-0.030366066551338472,-0.017181238066203988,0.7298271310596571,street
9.177298586255032,13.87490404871551,1.6770765872498272,0.008657601117804708,12.540234835617866,-0.7068424097866721,-63.23020182733313,10.91762049410896,-0.28351465499520945,-80.38175004807121,-0.04052815403194715,-0.010879279461606762,0.5552223728856092,street
26.177689523320442,97.70369351526777,30.412618125278847,0.9759527630545407,5.241079930188678,-7.993752357547033,-72.242954022415,7.851387776337137,1.601299383274597,-94.55312982077965,1.4110087055184262,0.06489067544615003,0.8152690131317257,underground
51.13366730487418,101.41533430512332,59.35692707601679,0.4815882029791865,9.592199699795366,-1.0849471435217808,-63.51859622655914,7.814287582958474,1.9916605455224303,-89.52621901362134,0.38695423142953744,0.06467367209410738,0.5755842024670446,underground
20.368847215424196,27.964754378225113,21.600448547218917,0.25370324856564086,8.721357286973799,-1.3957801955617786,-55.76712489998291,8.71587846396691,-2.8185861723135623,-59.96086875252275,0.1063973473457353,-0.02326626441790061,0.7974909104292365,street
36.87176287883571,29.603741646753136,13.326272743254854,0.5245943564041324,13.399641988935029,-10.260917628515745,-83.41368202836307,6.671936718406183,1.1433736761110627,-65.09036286621225,0.3910536656018765,0.10755499662315382,0.508592059344593,underground
43.54963010791059,27.365197042936312,34.73647933013057,0.38504059779404315,10.084957120150294,-9.067345725633103,-76.91652257207929,2.0712988331259563,-4.899393023436931,-94.12557591240211,0.3100129200160819,0.04171540903221515,0.49931296746123693,underground
77.53637211714104,40.716512200197236,79.84624997275478,0.8569983472087183,8.125898582784515,-15.804985443958767,-83.883609071229,5.546817736818648,-7.92117532707891,-87.74981125655962,0.9323981959449026,0.14376582779866268,0.9413743210732073,underground
43.663297730396735,69.49998654449897,11.04834082453851,0.3576130865575135,8.618232494552505,-1.48557866896026,-84.23245985003857,9.764396370782066,-5.054409746252134,-66.72919331005613,0.17824631210251657,0.11912691166655485,0.6343466314630893,underground
13.015004420235135,40.23905932775871,16.560204337305507,0.16494885176088697,11.99558856311112,-3.8238433580791895,-76.55580134036367,5.359250027563194,-1.0639292208321063,-57.89817454616207,0.05272149450238642,-0.02506148738214349,0.719253918244098,street
39.09091029556936,35.21863957440783,39.663992840741386,0.25836697830325006,13.494863482967752,-9.26102099338625,-85.00829864316734,4.52556148688854,-0.4793879188579879,-86.75125376932631,0.6507618259152594,0.08753759033300144,0.8505852739949733,underground
44.83983669797311,37.76303333808988,12.193844386454176,0.5645024237491845,14.725786458527047,1.0735988225110003,-77.01380289416194,1.3642008143228002,-0.047312516664359094,-89.51871805680526,0.4696235125347752,0.07577580613829235,0.7151601184936626,underground
42.756543320026,26.476743909124245,39.43535780046574,0.26717946737645687,4.100511669040625,-8.535371943103627,-87.78945561574557,8.02005665007449,-3.391710238480078,-90.91495134971015,0.3659305605006955,0.03974656058875094,0.914735423265012,underground
74.18807496487392,105.72442942622833,34.29353031862139,0.8923076289253704,5.692712268625599,-14.607604087770083,-66.43006236230802,6.560333389262887,0.013580636862531748,-86.85037879428528,0.7135745554863677,0.23541971600715755,0.9042313466911145,underground
11.964372485279931,13.093965934952324,0.06119722920108894,0.00588334233786148,20.891315872075744,3.9858719882857008,-56.145340296755926,3.5824519135454396,1.6913977195957024,-82.99542957695644,0.03415599431932734,-0.02998064982755283,0.870659301302077,street
34.9370056632659,105.65860613130639,43.4669521404402,0.849571539052925,4.857690820173561,-7.692705718284568,-68.00162264396292,3.729243934542681,-9.341348227580918,-73.33555447194202,0.6180311566749793,0.041134557705016964,0.927388027554453,underground
24.596085753080963,105.13097636722846,32.57598101903113,0.5064410464153896,8.941810530967324,-13.834599476793134,-89.09428271196991,2.558099539945138,-8.172912509158664,-75.1497811102177,1.350628856932535,0.1324702559142883,0.42423528914512204,underground
38.121770157963155,47.315436207020475,20.881914587219967,0.5083665185857813,11.664305666647733,-7.364061659574922,-59.620021038288925,4.053342539156912,-3.1033268162355148,-76.53111844990218,0.3268361958304713,0.09778890696401348,0.6589961312931534,underground
68.25833339447402,77.630017550335,52.522320834157,0.8852872396184741,7.940891405448688,-11.039336516845658,-76.66492436187553,3.678006857779547,-11.79052975813243,-92.06183793953349,1.3930403260050048,0.08774154864886381,0.6922354528185181,underground
29.96551994217042,77.04178194329498,34.321975452733085,0.5670580335989301,2.180285805418851,-2.174164568516037,-61.13703198786896,0.340169950859476,-5.8150200068800695,-79.7903985704269,1.3673728846569864,0.06570875413142652,0.40878453792013986,underground
8.29026139918977,16.43042869569576,2.2050567191082306,0.1493591852402998,13.381336349752939,-0.9669408466012914,-53.8699739245437,7.394737762457825,-2.988054591171109,-53.38413568823506,-0.03439378234938527,0.014761297320024347,0.724184522077433,street
20.21199632197497,59.432182869090134,31.847642788465574,0.49351058128363307,14.608041857142338,1.2248259536705692,-68.81763805904328,8.707487527348352,-4.505506883430865,-69.1817776078136,0.15806682877187975,0.04956644285655905,0.7125413926009898,underground
12.398479038214832,40.65622725993111,14.274352801742523,0.22568187138500473,9.545485802561334,4.589668774676504,-54.80981989820512,9.657930310292453,2.2820198945735592,-80.81067768152488,0.015252933212751493,0.02552498326562133,0.8824894133100805,street
24.630011487530105,37.51841557373267,38.26245805290405,0.36123877613690036,7.935189390361118,-6.636117075816464,-80.66384425167892,5.319808734391264,-6.804340021207126,-78.10287639893772,0.18004011976796463,0.05590545409948676,0.9076131684932168,underground
7.494815241451634,16.751562397929003,1.2994500647091851,0.12726873285163226,13.364229919353477,-2.7558547535308193,-69.72060246064109,2.1636776388694106,-1.4275573519653142,-80.92098874562119,0.043014324348323585,-0.006719875076235379,0.5381733856535198,street
27.960364881021334,28.117008713175107,23.244608659092584,0.1895057488462809,20.330483291697767,-2.0625843851945955,-57.52790306636214,4.738757781523844,-0.7019869861547479,-56.0455551314567,-0.01262716456188702,0.03561504071367094,0.7758312231036747,street
18.790833372236143,62.149224193611985,17.17798191785952,0.3383321937931928,12.391495032807633,-2.007955234110117,-67.57154291559843,3.449499717293585,1.702268285317043,-74.72322752802575,0.2529541491090839,0.043040904913835644,0.929521998255324,underground
11.391560375114473,17.288039817882748,0.38212054615924784,0.05089443979552583,11.047793975193827,-2.868031615488195,-74.89389102017701,4.42001849925149,0.5792721811143218,-79.49972281807541,0.09700979813459051,0.020881185881152682,0.6017078532138356,street
9.44278782348373,15.932841609502116,2.0225903563062335,0.10073398835702625,15.369379648470641,2.9041540255103993,-54.8806363339634,3.8269679728224917,2.142442346347967,-76.31171239978359,0.07749284470404344,0.006109877115708623,0.8743961401465785,street
25.55534098655393,59.182613141015715,17.109961292533136,0.17384365306492539,15.376696822614756,-2.3326202094986668,-60.52442202862193,6.497697656538055,-3.147272342566655,-74.76017172897224,0.07010301594803914,0.03150599522283721,0.5345938090739429,street
11.891763026508345,11.989962077554077,2.2601256522415607,0.011530979508477323,16.241550959089366,-3.648481461022466,-45.38874292511938,2.6618648251918193,2.5636019676894435,-74.97605960627904,0.09025046080010679,-0.01584821137037806,0.6260442117888061,street
37.40012658765026,77.7198360882089,30.89642149586752,0.45188044610421524,11.931949702853395,-3.401119056946797,-77.59821902354831,7.594440397444492,-6.453728958666008,-78.96322057449824,0.34236993287488826,0.031049024039674637,0.5010341522546277,underground
6.352921838230174,8.724596234081165,3.7737074410526947,0.11300292292104527,15.794028572263828,0.7499111762307793,-54.39627080807171,9.055751081054993,2.4852329937891424,-79.10094258961495,0.10898748185234433,-0.01653581019517175,0.8092163084389941,street
84.19258580095062,100.94395035119635,73.77821007078072,0.9962835953202342,3.8016944573418465,-8.605554767579275,-77.47184227702938,1.6657704850600288,-11.454261359403956,-83.79888427654035,0.8954763848731488,0.15053437174105105,0.4755852311658627,underground
15.18314207769879,43.73703680010939,22.818915952003245,0.40235449777297727,4.002365248112488,-1.1421192957101614,-79.72869710419297,2.5365797441780678,-7.461378941931066,-77.39802796821309,0.4591102010512367,0.05096200283087328,0.5308609840453704,underground
25.7030582567711,21.134438477732985,23.1616144915276,0.23859448883253895,21.686995158582874,-2.2338532131961317,-52.57996146739123,8.534682628936979,-1.3243815132429901,-79.80014368192991,-0.04914991179711404,0.03590178145989094,0.53832148074849,street
7.069246532090075,8.846014159075331,0.18228885546269757,0.035083231842980046,21.018074507958033,1.3649867285526316,-49.30754381519917,9.236367144318635,-1.0833224134708213,-59.32791170475982,0.13953785624007045,0.025164108019616535,0.6074827280544014,street
27.489513139862687,100.75552621664207,63.176868455983374,0.7301440371973174,9.346396360469468,-5.7538904188733255,-82.6602925982144,3.8617167694224577,-4.210667656409084,-81.3032230913318,0.3111462620651984,0.2049408595002893,0.6004678978366029,underground
35.92132271733101,77.41358960205869,18.64022663835255,0.5789594900324828,8.034597283662835,-5.931052746952853,-77.34341757590236,5.306229361098911,-7.164045160623963,-78.5984549666668,0.20291730676980269,0.08980569729774139,0.8279961483593918,underground
46.80181884170835,74.47758891337136,68.99204820855998,0.9880508099110309,9.924102813276118,-9.663610353056336,-75.13960922547189,0.5207541738458348,-1.1597620173945042,-76.4571342632885,1.427540889045975,0.1693303798353286,0.44284674710061633,underground
39.95282111901663,69.34290919396884,33.90318265922741,0.28671702731980686,7.406530789273614,-4.565381415139709,-82.44616201384872,4.208497090730111,-3.0496578969588803,-92.530919808083,0.23129851502318644,0.09130564927952607,0.8071191522618641,underground
19.569298963419186,38.956956885767866,23.68719496344486,0.1630093257621808,24.45943440139262,-0.46632029880390213,-78.38924131771665,3.707718096553921,3.850717543456688,-61.20386147415917,0.10438534516642789,-0.027893195079558026,0.5924834325729518,street
6.3039945167513896,11.43540907572579,0.8297161152653034,0.0065209925889046,10.806268855357208,-2.6630217802361162,-68.38226144093038,10.66357574640683,-1.5250082029567937,-57.47809592037473,-0.007520058742456925,0.024367761081076675,0.7161156952794732,street
40.96243239137346,36.757891934692516,32.27868560207044,0.5794117299964368,6.945846400258319,0.958203280174498,-83.75243522898458,4.876889289510224,-6.949088775205221,-90.20852152369201,0.3989845689223408,0.06415578586846833,0.49198631589924363,underground
8.763178057727124,8.078603529124083,4.918637387707256,0.024004351466432105,8.408970899514333,2.742207951551876,-48.802120052198276,2.183476535550835,2.3605483796830686,-74.08436718911392,-0.11612948102699686,-0.026739618764979694,0.7334075687207642,street
8.902229071993435,12.237381061561992,3.8259665504677756,0.1153951435374515,18.81714268253039,2.8379670090487847,-61.12056511780358,6.516156760904135,-2.069732192578694,-82.60485169780605,0.08173163174246573,0.006291600717963197,0.5848711263875812,street
16.431102599794222,45.93805012245214,17.704512712584386,0.279387269401772,17.38421654318803,0.9150879893716386,-73.58310840113775,7.314256916076134,-0.8722318848868111,-58.371399983557126,-0.09915025250749601,-0.00978570265333564,0.5475605915833313,street
33.492214864248,48.622800913659816,21.910890135528696,0.2897320072834823,9.91866177930612,-4.292377601691051,-63.885011539644836,10.326711177304393,-1.3739594864576024,-82.44191979641074,0.03995170003160495,0.030122779042289084,0.7070170810352334,street
36.457357737314894,55.239812725292865,30.15925060337977,0.5867669872714202,10.890142966053292,1.944296817235383,-78.169694305009,8.899438539129694,-3.858083289956375,-68.99484032027802,0.2759541078425364,0.09149040747067301,0.7093380406885664,underground
20.229979777163443,42.5428249660728,23.737280400648363,0.22781273848011493,11.916836184154933,-8.598740117089825,-72.73424708596038,2.3154436962683063,-6.445818274168346,-85.02090553888378,0.6650491161494579,0.02838380670359512,0.7092413723241036,underground
25.26331269549114,27.54131420726742,16.55248940688346,0.1563342471435955,24.15778426802078,1.5884542764436596,-55.41888348429367,10.716064330419394,3.104059323250806,-66.671305838552,0.08984398199580776,0.021034194711211963,0.9982803031517105,street
60.23455467650648,119.24524568348258,22.95349469953203,0.6426079387675709,3.7926413740745692,-0.9888074001280209,-63.691829672245404,0.8828367175251692,-1.6479058426909319,-73.19982564696826,0.7405571731483626,0.045119189696583,0.8824947706826964,underground
22.466590279738163,23.49644443473327,9.576312410943839,0.15046305740702512,13.605607634885732,3.4987620305115925,-73.12153440549407,5.26898213381683,3.1502639364150857,-64.09123454606396,0.1368614089968092,-0.01948331311300231,0.9874550918263539,street
43.08263614006138,61.66801399148553,30.83234849425039,0.53500185212689,3.3751453169855368,-5.498000581016422,-71.61709817993687,1.453101048940948,-2.112236403477577,-91.06482656209351,0.520100953587683,0.05807071710780497,0.8219270273760754,underground
5.802668289049782,8.671321365527485,1.599350516924492,0.09888162207419512,19.749929843916924,3.8638711810404294,-74.4697945015122,5.722429892227512,0.21659657098327134,-72.57496735203111,0.059985662822971186,0.00512613802119552,0.8221762093029905,street
32.320222997337424,55.27477107773067,16.02994059400659,0.18495520737260746,14.770053788915051,-2.231591542491118,-60.07480193451332,6.055961159850039,0.39779942251539957,-81.6884991500962,0.07522114490996418,0.02148283282923176,0.5357486950343706,street
31.786709859474783,106.32603415427678,54.41592087060324,0.6275731705111144,9.586695374701552,-17.034073396314078,-80.45770092370338,6.12473418565776,-4.71116237919535,-75.72685660828283,1.3300577849458346,0.13015815362524286,0.5963167611286101,underground
38.4434949862552,36.11635337257243,13.232867442663625,0.5943547723234196,11.329442036960247,-0.5250388532305017,-62.011682188786736,4.815070958291244,-3.388213987152378,-69.0478981061016,0.6364188798192492,0.07097481339871933,0.47206025934480633,underground
51.441575666385376,100.44794877645282,65.04463509522941,0.6886432633006543,7.288987088390384,-12.209873545700257,-62.72891497762468,7.744872835380323,-3.344688983309137,-85.3062815998557,0.2809355390680807,0.1327521300032787,0.904053651075581,underground
23.347159697354748,26.188622959067356,9.165599755916638,0.1779255561495558,22.003141722806447,-3.789112632873076,-52.53196987201913,6.014228493813576,1.0789982956031867,-77.37524977436607,0.19375552475023008,-0.026480548910903626,0.720713413238024,street
11.691198220055998,9.095660037880537,1.3956701504402382,0.001148668454786067,19.726683278924007,-2.592588425176375,-54.69920999742321,5.2323946766633584,2.5881470702036875,-56.20398028583709,0.06814213104790318,-0.02402096195304683,0.958002418059232,street
25.606313320651928,26.247403564379535,24.27020996560653,0.12636813850989423,17.083313470937604,0.31629151825766844,-72.03525618691232,7.383276543181166,-0.3775805307229563,-65.63099995430446,0.09200012629742849,-0.00534628497644769,0.5420252612679435,street
9.662490689897698,13.152935559629706,0.6283703335292015,0.09688703637332018,23.609317418465135,-2.663135270174938,-50.99198489339413,8.382429643687288,1.2083911677336427,-83.63009449874959,-0.07935086367292506,-0.017239700775830535,0.5511160669668886,street
79.41736272331886,96.1041563086041,24.466335371836973,0.8487767310380178,9.793195947559166,-16.016861309095482,-81.11866014790763,3.629210550092286,-11.185116306305764,-77.88154263626221,0.5975541899735499,0.24078837565921477,0.8285129696264533,underground
87.90213596661475,60.72044071997448,65.70171348974804,0.4841911379642666,6.852250161573233,-17.095064257060713,-80.8931246112349,2.6317020303425265,1.9997737192412721,-68.96915074136986,1.2140303689109013,0.1697895976825424,0.8391037714107243,underground
8.186006577287621,13.830257915119747,5.156559499153657,0.04260698359869998,24.043742409895703,1.5317370895682263,-56.61492495923108,4.039284814980247,2.7287871438026956,-62.54300903290587,-0.0690027399647723,0.012257931322802132,0.6439299172247426,street
50.14611446467639,85.80658376134987,57.08542691152936,0.7986186262004751,5.375782319022871,-13.358366080492086,-72.73531031500492,0.4366188589556055,-3.1064741624365926,-89.512303380184,0.8784372893064114,0.09570270017416235,0.703130451428225,underground
8.609770116618929,16.443966334744836,1.0492105601745285,0.015390971177822947,8.806276569766467,-3.811098612441996,-54.18453815271721,9.311752399560461,-2.9621391190419617,-74.57880515953718,-0.008370055723677383,-0.010478791081001384,0.5121746842228863,street
6.126571921839839,13.77826165195896,3.664694129142685,0.04249818509845082,10.912689341439862,-2.8487004523586874,-66.22839303254237,6.437012677408145,-2.0656270856754126,-59.353903610198415,0.12170405988292768,0.013102978291591315,0.567084906011306,street
16.629138596035197,69.50822992674466,29.67886208340029,0.3369774545535809,12.494629969092252,1.0348361975321847,-77.20560517686383,5.909971261940066,-6.170985103836391,-87.3738905885419,0.6683819409129776,0.0863118556880619,0.8095042084640662,underground
22.88798408901062,38.518512788669334,8.647116137564655,0.2028790058585478,24.077350108773448,3.200763168752909,-53.307976590750044,11.906517121830486,-3.461981427216233,-79.00073941331334,0.08977339515914759,0.006648123681179452,0.6638666924574569,street
10.04800533047389,17.37884762003864,4.491780825036079,0.10883782458737344,13.298906168504693,-0.6219964035796766,-57.01330573589482,9.471508764389714,1.0720514435518336,-56.97553809275892,-0.07691272292311634,-0.02984403296354636,0.5325213271777496,street
7.763233068076359,10.523472170069574,5.784782474171932,0.05142032605155753,20.899787014200875,-3.405544237293168,-70.17293882467911,7.556565849124741,0.46987686621887814,-79.94639798468792,0.14255892810791723,0.02823451816548596,0.862291376827389,street
52.491119876310464,96.7899703527676,38.69126429815598,0.4169184484876559,2.6640445840272164,-19.260975208320264,-65.19404951555588,3.6424509015184006,-11.816955353039491,-73.57405592977517,0.3896508502168624,0.054344243020372655,0.8725914671305841,underground
11.903131621279346,10.622787263548041,3.690793607132906,0.031558499325485885,15.032951369084405,0.5323916406388722,-47.252952432207834,2.126766886467923,1.1969491003358304,-57.77679084057716,0.054536682647282675,0.025356371797947863,0.9532855516377363,street
36.13820013126683,79.45545104588994,29.474931515930983,0.5617902331597107,9.230779065870436,-0.7513879916860624,-80.77523820157737,7.29540710336969,-5.050851306443768,-74.29475081167772,0.20246677124613682,0.07503909097230553,0.7822590120406361,underground
40.96908316311805,60.101772037615234,17.491875359861076,0.38882272204643686,10.029847747703505,-2.044481397286246,-79.31452630413854,8.425513920332184,-3.9690161112905056,-81.20226777174358,0.43193089491718095,0.05671671409674171,0.8065113656473425,underground
11.48737109761785,9.556776426998226,5.969915910853572,0.11844478358697624,20.089784974022585,-1.0505407584721747,-74.07534458967676,4.70075860648693,2.7540521163993557,-50.97276736713097,0.06081678186646833,-0.0163543867889155,0.6751067094779262,street
77.08171952969715,77.68644404057795,58.13287314440966,0.6023539880748521,6.636662133995875,-12.853320791356644,-61.28767263127109,2.9572282235953615,0.36124524370338484,-86.51812829315658,0.42696989034342203,0.06203835862911661,0.8911409822987006,underground
7.976348979659497,15.477074802400587,2.0356515936133617,0.14118753005441545,24.870764753715747,-0.7857547119419888,-68.93633252265494,6.97890253023106,1.0523619921157037,-76.04597751388553,-0.10033909909462424,0.029789331606606406,0.7740379058986522,street
21.930255939331584,53.05082487604247,17.53189772323997,0.2557697033576867,21.03494279016425,2.652725072152659,-75.08500836041904,11.319965064547187,3.5516730711961433,-78.05320918966254,0.14187973583623195,0.0033199749647051455,0.7562959877934254,street
4.484924936579273,16.179059903014526,5.894239303799184,0.12058926363417637,23.336745853128576,-1.4273159047366608,-65.35459181632984,8.159766489298217,-1.5955743996604945,-62.41564344480783,-0.12968469501202387,-0.018937065618306707,0.5105967814651847,street
10.383652289585704,10.489433163872253,3.2612755916914304,0.06814653875401035,20.541318889689567,-0.9179986027281295,-73.8041416639872,8.95235878383906,0.8381323732224182,-63.83512109238254,-0.14835984921408113,0.020554396558356433,0.5564253673521771,street
32.526454227970845,59.673177443512735,23.187507052454677,0.9968513424195748,1.7926482460235516,-1.2346563445647085,-68.64188920921352,1.5373586198755325,-4.024229969707363,-86.53735555669344,1.446879075988036,0.15969841002048246,0.775356996077849,underground
29.153246889438222,49.04690734720661,35.19006552524395,0.2006700409781313,12.958905716310182,-5.983746836406839,-80.18931670091366,3.3204078571500624,-2.453000385434329,-89.48765023187929,0.44098033217354593,0.07469719523444687,0.8938987068640896,underground
74.474027298465,102.37719830132912,79.56737606496657,0.5756924536064043,6.715850861281437,-1.4413436892768772,-64.95426050274959,2.4391354862153785,1.638634760743816,-90.6563517924965,0.6288990846618887,0.1096907241693604,0.7743202855686406,underground
25.430159859217255,62.767571662698316,31.725782439115363,0.20803616338727712,11.065891689297343,-3.606174438177714,-80.71024514446039,5.164123945503713,-4.320626305293784,-60.94785553423007,0.4082537871777643,0.11265309844233808,0.867358733157668,underground
27.49511548195622,74.04801070312396,31.461046244812785,0.35540934829499454,12.600317614213632,-3.9733019842868416,-78.55884726243175,2.198455206507976,0.7469258419970757,-64.5749040713846,0.35958248314631125,0.06433339226011481,0.8251024456612585,underground
27.681254440087166,25.421178321275523,10.843759442798053,0.21403557067115336,17.50588661059887,-1.7589592788603636,-59.54494546949113,4.381693675976088,-2.1278794536057424,-55.482927440362204,0.17521813132313882,0.03358841433478807,0.8301664154141521,street
21.287738409562227,53.1028729177985,13.02180408373297,0.40553336297259,9.633853675901976,-5.415579822457524,-79.51068858931991,2.3228558776980837,-0.04133764372278037,-83.07988661595995,0.22921575847206266,0.11668120502306706,0.881289135223335,underground
72.98753973007226,64.55888688236095,25.53980002653944,0.507667526958735,1.8459776342577106,-19.971874282811466,-86.59394964489584,2.1129357340012724,-4.7115132796677255,-92.77907788003881,0.6487258879859357,0.15461949083128243,0.8476746233603485,underground
36.42513404060959,52.32352995862661,34.07915101697452,0.2602518492176156,12.15808520177116,-8.759414762287122,-67.6221922220514,2.028387470880584,-5.2736760973953345,-62.053404929536384,0.25472606954353344,0.08223299113380832,0.8321468866017363,underground
6.942975421334065,11.735039345081343,1.7434454110833635,0.005927950584753921,12.25163797898249,-0.9474430454282059,-49.067746344833154,5.409506155389339,1.6103323983559488,-66.1492370046757,0.07635001002731875,-0.008860874940891023,0.5176263027835003,street
17.97086878679495,41.197298445492834,15.367654006512893,0.3102498465245801,12.433060823113333,-1.9300858616136196,-78.42593227620343,11.67598213507071,2.039831582722699,-65.0369870062325,0.1452409238064137,-0.013856289686110742,0.6521113946914344,street
38.2559045026299,97.58881860113944,39.341955762321376,0.8386844585498605,0.927537882066104,-1.405931746027342,-79.99892102849816,0.4595829092102557,-5.286506121538958,-83.85705609458313,1.3642240517454376,0.16282516196791239,0.7832577215115004,underground
60.545597651587386,114.61950967157124,55.527837294412556,0.8546407800889478,7.393039256657193,-2.9084437810755475,-83.23162631161803,4.967063335850034,1.5450489596364338,-92.85062931749145,0.8732316391971651,0.24298206071722572,0.7692209035150822,underground
25.10211144930772,25.515508262459225,24.23121425243596,0.23033227324258554,19.303314254050253,-0.4334772678869401,-52.87099760260081,4.070735546011242,-0.24051457416281252,-68.75655908397916,-0.03859156342065237,-0.014174246570153377,0.6679978658100345,street
30.75955214047424,41.780968508412485,22.92241219901698,0.1500597481309751,24.353390279076674,4.989401931734909,-67.45083764339623,4.4247430201472815,-0.37020544678380407,-83.84431249534627,0.11431368998624314,-0.011083393610428285,0.7852229477377421,street
33.60596524688358,25.07308871188773,25.275730190033116,0.46459807019099325,4.405627594005608,-8.515217111578888,-70.45559255864968,6.839624484140569,-3.143043108352204,-83.34488722717238,0.5227040179330138,0.06077969381103729,0.8863691074832936,underground
22.346650144432466,46.81432020513683,39.46786596769319,0.29390225843156004,10.686495440353873,-1.2480390291333805,-67.49771527897673,7.332940964054556,-2.73252822765145,-61.59967971078831,0.5729026785673503,0.1098469788240912,0.6783928340989986,underground
65.74680178198435,108.20801525083094,60.733349948537764,0.8172043582472255,0.09155115203114961,-5.904171980857928,-71.03099796402427,3.6325539968794702,-5.317683247010554,-79.30914606398132,0.777254034983879,0.08751138633340699,0.6529435923708884,underground
32.464059150556764,43.87722904643643,22.585572520930114,0.34647044251329795,15.524441233991864,2.46149246049705,-60.91524565042482,9.614195436092894,1.15450001145983,-74.30609809069949,-0.05179038791344837,0.027043531057174164,0.9797485536106707,street
23.619376099999805,88.55250603381778,62.49625070115596,0.6438072422050305,9.506467740629688,-13.221852482126582,-70.2469435648016,5.807873668733882,-7.672022627625557,-71.4086959067745,1.3017495852176597,0.11016688111689071,0.7965465918999557,underground
29.15430482169458,58.83139049384399,15.899903510248272,0.3395936118037389,14.848252493015803,-0.4442342747302135,-50.419595444508886,9.128792174212357,-1.6890459525557908,-64.94663075205781,0.04206792162908052,0.00898531030990369,0.6943572677243323,street
35.87634506049865,69.74869322699496,70.51345128268181,0.60529805734971,9.90124843903182,-2.003206545309286,-85.12876077591434,0.8557493936751328,2.521033864971214,-76.2620631807742,1.1319117313290898,0.1722327172309805,0.9026053495008037,underground
15.553332519739298,30.152221771836327,17.712634383184444,0.13733975999809356,17.343104487929594,2.017602163888041,-77.53224303131549,5.527034989533847,3.625320090100357,-57.189358086398755,0.1909246642909477,0.033258510770593844,0.957002268346828,street
18.613357900619803,42.83877433631078,24.58744660467753,0.33474272570780983,12.067186398431504,-3.9893444125160755,-83.94057189421063,1.8962638397225922,-6.436933364413659,-78.93720521175325,0.5326561765033688,0.05566897307970853,0.7388789763680198,underground
23.629808771353012,20.17615686505345,11.870011389565354,0.26964213282895455,23.832654607923875,-1.8204890726834897,-68.10435458517539,9.590977580209765,-3.986434380264134,-59.68019298243388,-0.01163714245270811,0.0315437906396809,0.5687770632491546,street
19.241934506414395,36.106662752196954,27.4163094137275,0.2476622459714123,9.364698742914133,-8.883598974845103,-70.25369579894652,1.9069917540038697,-2.065630527948474,-60.61473549650157,0.434512619980968,0.06562490251092755,0.559497297836401,underground
21.484552286154827,43.468176683880266,23.469440227065203,0.14318184430607014,20.196335829256814,-0.938491085785321,-63.114024223003895,3.5788393806504555,3.4897682082367156,-67.99369603953922,0.18830056066554415,-0.020622663372884327,0.5079090526145129,street
46.40351889348389,89.93917742076309,22.67514753285626,0.51770234031591,0.8667308170472188,-5.485130799194813,-85.76381461919505,1.6224467296027791,-3.4209893794450803,-74.90688367548339,0.34030370696932577,0.09977948184245086,0.6849252148945759,underground
43.859948495674715,63.48214335733863,31.295206556989257,0.3724999098597972,6.287440609901081,-5.460473144381139,-77.14193710831735,4.601816625349498,-6.931989493173548,-90.73005035551891,0.5108986275418061,0.06520102196558546,0.5390168662183408,underground
33.03283404660863,44.10590289466745,21.59333414430541,0.19555671207776304,16.742532232654284,4.612604170240878,-52.484512352270826,5.698095150282132,-0.6255087064137479,-58.83671500182385,0.19086716722122757,-0.0012617120235074927,0.7895084255815973,street
6.978303880220281,10.66113656588966,4.080797331405935,0.14806392609701496,19.281034650821766,3.500631797259569,-73.37982027206546,11.210369465428986,-1.0309774173267656,-69.72943219432962,0.1036081404801322,0.017001322057136864,0.6220068343370182,street
60.85723672915446,53.73062113373658,59.57881843018812,0.8497854985227724,1.4200303924371926,-12.110462333701104,-87.96559944903633,4.015536095873705,-4.435616161903995,-72.42293882705016,1.4202875368740182,0.1750091054789475,0.6518131382714711,underground
24.250331696652914,49.19493982676377,10.164160099055794,0.3170290089565717,10.033665801767967,-0.9568293433688027,-58.8449343779361,8.072645287347102,-2.115024649021125,-77.1433503169915,-0.09402564050680166,0.019382967133955882,0.9912559985522711,street
60.797618379444515,96.01681493996361,72.64861001895798,0.6991119056692985,0.14331821441410875,-5.180549264738151,-78.54748523328337,2.176828643222672,0.3871301301828627,-75.63439867802965,1.3237587816353436,0.22146110055760676,0.716201375522409,underground
58.98099843750424,108.50893254927571,26.989455780784517,0.392202076822745,2.47113397379659,-6.527245342957375,-87.37321749161532,4.661541579057957,-0.4177256555607318,-69.61643574226935,1.228318189344579,0.055521299559958916,0.42700510200052066,underground
29.318992948545247,110.80883468496685,20.80075102595404,0.8273168199914968,0.1680756919069215,0.7094283728597084,-81.32473813412145,2.7324619316980474,-10.186592117653955,-86.48352419776805,0.818427234396027,0.16203762191795337,0.8787453568321164,underground
36.677956417678466,68.31996360715405,31.85795942488814,0.7196501843865061,3.818321389613788,-6.793636904511576,-82.58945313774278,1.6701440665371603,-0.3355729231619513,-81.10965012117953,1.4414925041671682,0.1875491051408278,0.6500422663382381,underground
7.5269668215967,17.900957017275218,2.5764716245965285,0.004720582827055164,12.036361254659194,2.6052425125494363,-57.80402370545926,3.8718945093767947,0.19413501178496695,-52.201605362967996,-0.11225754288419024,-0.008247049190354173,0.9417972637264391,street
8.246952888546527,13.440106710727068,3.239972612158171,0.011867572793217079,19.9415599023303,-3.3270349739280665,-72.19669330196052,6.329515564096022,2.341090067827264,-55.24344634650551,-0.046063103072303394,-0.013838792031637022,0.5954697852125512,street
71.57909533191007,109.81539320478298,54.74500310071734,0.49030664738805485,4.102760622581404,-19.80890195555144,-86.6371947623277,0.9949227871251827,-7.841482182679992,-86.62846935093073,0.6961252977664523,0.19218897178975325,0.9985747552462708,underground
67.48829977207639,58.562267318784976,23.411792519602216,0.5833711545224921,5.34663866997625,-17.51500492582887,-60.40385804187474,7.540057998340762,1.7251880964543496,-90.70142181045375,0.7123635824033399,0.2175852960730164,0.8409362083487233,underground
5.109318313876615,10.360358256415775,1.192412179510684,0.057791936754011244,8.463649242298903,3.688778543523693,-70.5661514454964,10.019432255372562,2.931935985657031,-66.10493622974829,-0.05002303807219377,-0.012791175295692871,0.8832770246492496,street
79.73749896209472,63.69308888773596,72.4576368375202,0.6987057090993706,9.313059179101941,-11.983609068082231,-63.77507213423787,1.1946919923051862,-1.4681894794587684,-67.49965388850987,0.797120363007612,0.06593610413179829,0.5181394589814119,underground
25.601460621804755,63.45452304226047,14.64697342441742,0.3689151629657502,9.568454943952492,-5.846352325914482,-62.82729902257887,1.044874048326774,-6.85112386720965,-72.53859502406515,0.4234323791123654,0.08839011295409198,0.4752709758735305,underground
28.069881117748682,78.97908055502693,17.61871051361224,0.8318220210552403,4.439062594782447,-14.794756017872261,-74.6892190176878,5.282877040679071,0.8822500486560969,-76.5529288368773,0.8036734514366871,0.10929160435414798,0.5950749682321936,underground
32.09993425970721,46.51672590545418,21.441502092527777,0.3355896003403551,19.194816461813097,-4.433510855484194,-54.970856076251465,11.54179455333587,1.1755809051873536,-58.55265925308341,0.061961719440769336,-0.001523002345469579,0.8551369972683035,street
29.332120371849275,53.34990234676938,13.959889020235412,0.32136629113703186,15.161966875112123,0.3496637628618977,-77.03610421507517,3.8676667825478632,-1.1235712299777871,-56.45515698601925,-0.0967913496944549,-0.0001854804450507376,0.8106166559000118,street
55.672471315274755,51.030483210166146,38.05173835211238,0.4337138962342159,0.08960835535219203,-16.733328201151064,-86.308852310099,4.130464507658726,-8.090620098685939,-88.00587384478769,1.2479670845039121,0.050242396794092925,0.9693667772470461,underground
77.05508782882103,64.07783061444127,40.415832682774166,0.6862843866919417,3.4106892771098165,-12.598002681363383,-74.35764728230086,4.70499873103526,-7.703997299107399,-73.01545147612916,0.7113401357069589,0.16414310398189702,0.4331583006751537,underground
63.70006303102292,55.40310494042936,16.56247691849544,0.5606566448486874,3.4507780757614714,2.5229808754333654,-85.34963831881555,5.983151225653858,-8.531095383025804,-87.66128556122442,1.467155500616681,0.23465614603710977,0.5356336876751377,underground
7.197727865993776,9.181463875131161,0.7329123446166601,0.14904760150179133,24.71773317905832,2.7878603853926514,-59.60354785867818,9.41279655464691,2.6896609842915984,-52.70794736815124,-0.13228535316586304,0.025930667624730667,0.8103997116138056,street
34.316551408212824,68.62124806224973,44.03052709279878,0.3829294328758137,2.1774951502726028,-4.658328866537547,-81.63604566667595,0.9569223598268977,-1.518057488018945,-87.5287804098768,0.5036698956190518,0.23898411324341548,0.9247066703569522,underground
14.320580231778173,50.97381198224464,19.24085623142073,0.29035468282386445,22.72983921302725,-0.15812317246069707,-79.13787820159686,6.167986373500692,-3.913730833436275,-69.46828607038748,0.04323005634729232,0.012199414928514445,0.9197510377723737,street
13.150416524350003,33.343245837370866,15.907771087549587,0.25367033552007373,9.848426040317712,4.228418322344911,-58.29153787859548,3.307151500797553,2.6455842188356167,-84.91426781424789,-0.048858288115757376,0.01730364898327181,0.566487443624583,street
31.795565177619437,75.9945042955022,25.7604156878962,0.380993371832831,13.365672355933842,-11.616181403336967,-79.63693780418694,5.811146911964076,-0.2812289806515862,-62.834161863838055,0.633681074723216,0.0959166623655081,0.9446191281876543,underground
20.42869507976564,76.65314690412976,31.590055084105693,0.35497847622642437,9.582452406853804,-7.201882953439982,-61.683374635876916,1.4528097704857723,-3.11243252446487,-80.44211504243815,0.3028831716025038,0.11529621705950885,0.790075815128145,underground
63.74343524564894,100.94439331943445,54.347255419571,0.5510026541536563,0.12148033388653334,-18.903609295458885,-85.12325671056745,7.820388713249782,0.08561949843975825,-75.93710919851529,0.3494009117087059,0.16642211575215335,0.6065094253027026,underground
49.5021806943011,74.13307498073512,44.995262688936876,0.849718753470416,8.013261515660515,-14.125113882735318,-76.03018996600478,3.2128701574244403,-1.0415423019009111,-80.1565575562584,1.1207559025495435,0.041971649378410414,0.7778034966410098,underground
7.395378820975238,13.229928497787856,5.550247859810421,0.07890658533533038,12.871915172175449,2.0635666886096153,-59.70631081266661,2.901104181707739,0.13081851494763796,-54.66398500501033,-0.12874308008007682,-0.014491796560825656,0.6301028103938178,street
8.65833567873257,13.843099779870675,5.192096307092997,0.13790677891872033,15.458937973005453,2.2276409685178935,-55.35927399547057,6.402547998732387,0.9502788575257366,-64.92902768841046,0.011099636375302036,0.008704488459417688,0.9127648691612307,street
34.115179088383,43.979021986520124,13.48442822865333,0.3278492606570804,13.134649024588299,-5.089531804584389,-61.561711617615515,6.817990614275105,0.7041046814432868,-65.16115370549855,0.3574088724274719,0.06461011752222728,0.79544493486709,underground
9.872900899242183,13.843448865508371,3.6203692584558866,0.12589952571559684,16.799148776624204,3.823536104242672,-57.75145133232094,10.641434108156576,0.612390068870202,-65.34667193736283,0.14091180740617645,-0.025610300771901247,0.8871149527812099,street
25.92344329412843,119.6159956016501,32.660870464879686,0.6034798334474364,0.7333095500839493,-15.1660398740976,-60.64349644651461,3.399151758122887,-8.417518946329652,-68.1778781819952,0.4919760209826402,0.2425243044736247,0.9677473999728717,underground
11.949033705613836,16.803296700339807,1.4221351095190027,0.14276652581925214,9.841742726836722,-1.2293092020470473,-64.45157014902952,3.6360218598938028,0.7049060847769493,-80.76786509506331,0.13450326429173917,0.0204715355125437,0.9230377455627079,street
6.702055465225939,16.692025683993812,5.983670055758621,0.06223208273413902,8.809074224709706,0.8006636338047608,-53.906950273490416,11.020414822620783,-0.28445592863844915,-57.65379833805865,-0.10617349777138918,-0.017352552042122257,0.7235995098703081,street
10.553745934628807,10.775304389197716,0.015042272320025418,0.1415274547631617,13.369105421002342,0.2251701662533767,-45.24907610787098,4.746094466851124,-2.5865551956366595,-78.33028820958964,0.06794961900657773,0.01867541974962362,0.5926317242670907,street
14.734330086103197,30.92746901940542,14.825629798140586,0.25530538042901996,21.531130101675714,-3.2535888833648476,-60.055395946397624,6.555205113368874,-3.8030654146928224,-64.28136008936654,0.14494427138901092,0.02527310044874672,0.647408991608504,street
5.747205703956805,12.242356378751886,5.17424434115417,0.02949333349421098,20.162035719617045,3.0258498182854465,-73.0099215185235,2.1651975178501197,2.671716740714854,-56.7651980050757,-0.04117392051994255,-0.001773330025424305,0.785341150890707,street
32.820120221135745,28.480082543772376,19.080587968338556,0.13498238984294458,22.47124078327038,2.988740691796222,-64.8815476171074,7.641295317337752,-1.0440201273113647,-61.91866056587091,0.10657373003253051,0.020902164601248406,0.821583835853875,street
41.6549479626061,44.06303330970063,35.40144753695841,0.4609214724027518,7.027631653090683,-9.540796632329148,-63.353823709226575,4.3596017767407425,-5.077715710809534,-75.52527490461739,0.4539334705993664,0.02426989493337907,0.8852573529402973,underground
25.02515613597461,34.09865916485937,17.63519708055233,0.2423027644204359,9.820203326460131,-3.824349309640459,-78.07611472192869,8.370103063679199,-2.8196811987483645,-66.39385990020922,0.5392850469128245,0.0963810147204822,0.9603822772808369,underground
17.07411798412985,57.08493562801417,11.638754228801648,0.16989347151908052,9.723996687748649,-1.0870565079421768,-74.63779944083969,3.885448173617565,1.6035648751012666,-72.87991175900918,0.1548597165445824,-0.020089531531299443,0.7537312392884045,street
22.810588216943355,67.17891421094468,18.58728907535805,0.3477164312030986,4.1183053870925,-5.210468227041188,-78.08476558668802,9.213714436823311,-1.041929386083999,-64.88421323320037,0.5629900906004958,0.04611148950917032,0.9093219742485353,underground
25.97214191571033,40.80986645962694,8.08712223950585,0.27369280608100977,17.544557193569673,1.3914473183829434,-57.49612223046432,9.403314797801338,-2.1791472583104916,-65.32254544242069,0.0499635464523647,0.020975066313361414,0.8866772291849601,street
8.019807546061806,9.066374206903225,0.6183547275196066,0.11158206123329545,23.216877543095784,2.808857233082823,-61.13175328557209,3.4980984388377983,2.765445358834886,-72.61401421013748,-0.1077874929865617,-0.004482640970632744,0.7123582988434403,street
10.536783465897205,14.747657631274217,3.4305410009084842,0.07846586126014299,17.68769510344367,3.3863478822313935,-74.73860168932765,11.028051511124103,2.722603535409661,-75.19049734856159,-0.14363364815982244,0.013826336063091117,0.8831624777339195,street
17.33409986523697,48.13172576959621,14.217076346046536,0.31957000487893344,6.657938246530302,-11.921595529603639,-88.31558008419344,6.56594201221026,-4.706174727611849,-78.47815590249068,0.5515394274290184,0.09138824754404827,0.6627834950521523,underground
43.68418951463586,53.41708590994378,11.553921539729096,0.32611618149473676,6.337104057772994,-10.284139446083863,-77.26733115247534,2.3584950782140033,-6.8277845355538345,-66.58474450866916,0.24525941916530497,0.03342915787982647,0.6366441265681042,underground
23.85468964517677,34.60393649806572,20.40257513578869,0.26995964051105337,11.425479541051686,-4.354923367808798,-61.42073508944614,11.59235875690707,3.4174884924255373,-55.76612652290219,-0.009834172676307748,-0.0031032789787032652,0.6573774237834993,street
11.133134680354843,15.250981747233967,1.6634742622678784,0.07641021374808979,21.923243657560775,2.376926647258081,-48.00218809001933,5.507826578742428,-2.9905324313854633,-54.5850592051945,-0.08316545419409983,0.026434729960729264,0.6403661208411624,street
6.828111029912451,9.29964408997775,0.5442393781334214,0.09547886704030112,8.39099775709546,-2.5704252994026833,-47.48143498283024,8.954952380718575,1.2985886609567423,-67.96094010055282,0.010791761462808303,-0.006048527492203252,0.5397307585839374,street
66.9496355741091,116.49419345018023,58.36274668226231,0.9709354395366939,1.548643528328919,-18.05769351629252,-74.75576584511546,3.917365274135145,-3.094656425000146,-73.78836448731384,0.9305770214149809,0.2225063770668969,0.7120015633021197,underground
5.474333379960811,11.585465113732184,1.842485753198918,0.06926984402239948,19.986214197220345,1.8402100718563528,-65.37391536212381,9.92043880760124,1.5170268825968636,-65.01135011529445,-0.13830385333053608,0.007596628610856172,0.6325316765975901,street
40.12315118498828,59.265046206235795,66.49467097609923,0.3500856700413136,6.639627760728697,-8.466785091434677,-67.35759509121107,1.0508179381085734,-0.8958968040017208,-81.40293971925168,1.1939910676238514,0.16021907721837197,0.7919615319109885,underground
24.655955401150095,27.660170156640827,15.07401515001794,0.37065906642216,11.933825075562195,-8.795834810171206,-87.356945513191,1.1747892097889623,-3.5392218419941575,-64.17936977090896,0.631370937554423,0.11610961783669407,0.6179454271062843,underground
83.34704087962005,87.03812446864897,18.554406464846586,0.7031169474893564,8.989949655666823,1.2638112018041703,-71.11462078550439,2.85595753434456,-1.1758534438463535,-81.35565896256081,0.6767696155325031,0.2383725452497693,0.4316239898946869,underground
6.81829522440542,17.92710698984786,5.885444680667042,0.06355582135541038,23.54101794546344,1.993096618433083,-64.73511666323806,2.5233035243909345,-2.5167183049636668,-81.59224090483767,-0.02778332517455208,0.024022614020155895,0.6478006914662817,street
58.981087694826584,70.52350232229773,20.545955142531508,0.38825749308577356,0.7188892154720372,-9.768691888714839,-84.58136185925694,6.425648712644726,-9.748845887855024,-92.11852382143549,0.7401981300498036,0.06953749297246764,0.922010792735208,underground
6.096119274505816,9.035882211567703,5.857465992563268,0.08665082037719603,20.802017053732317,-0.6868758735967333,-74.05771999416064,6.115081126913205,-1.7786630677131239,-64.5100288241359,0.054603791956941566,-0.0117765053723211,0.6872983689678361,street
58.749646736755786,54.43433733300072,66.84007605419623,0.9193157898858864,1.4373930199539564,-15.396174887803799,-65.58906242452794,7.61143287078124,-5.431377114118928,-68.57161187901207,1.1626263924050144,0.2200704688368051,0.4906683643267974,underground
24.62261974587954,26.429287551223,11.26909500452798,0.27787820992229545,23.21970590238972,2.8608043666777307,-78.51582196838304,8.820269707654534,2.2867893162333655,-57.17767312175228,0.11735095138716375,0.028062647866702192,0.7512669647973695,street
66.42869119399911,61.97708480006233,62.16940873667533,0.8811678776753953,9.16041988393035,-0.632679482803649,-66.95365525347093,7.022668277674852,-10.141673347274654,-90.10123186464203,0.7678324108961069,0.055475707509643826,0.49738798989395233,underground
7.995836267121386,13.153272540227624,1.8112393010601853,0.14394072669270122,20.732764534012972,-2.994140824696646,-66.15997473052076,10.697865547585168,-2.8186083639856108,-83.44999222603178,0.0075851368303893885,0.006233459307807582,0.8149651111625524,street
72.35710183124338,56.33498928523481,57.79890378263425,0.7262599309943336,6.013621938620539,-11.523796417341197,-67.79527179980147,3.7187392244261144,1.7393891345530292,-65.53386297449379,1.3065615359310703,0.24595529712569264,0.7659266642494991,underground
10.776713446892611,13.572702253353713,5.7069902310964125,0.11407010225273059,15.271533002702991,3.3285303828957353,-71.60411382673756,4.942027320228168,-2.1917793006767976,-65.7279486550269,0.06947192740027966,-0.00020633358473408012,0.9033386588089873,street
7.554722208062706,17.354972087833946,1.269055043175164,0.07829456920731624,23.135686974609683,-0.608493170713265,-74.9256665599191,8.746734031279527,0.939272909698702,-60.81227089089023,-0.10244355143251464,0.014404142624186357,0.9112416489195148,street
69.65531622824133,113.51940985049255,55.70640930858363,0.4715349085544403,9.140324462493899,-16.804480037313795,-81.29813230433459,1.9421754794796584,0.3837937087395975,-75.94708299603965,0.5053696670671278,0.1300484174271684,0.6303571976929667,underground
33.1577551353041,39.43567739358902,20.919694126661064,0.22131058065458997,11.519548241040951,-1.5632797862396517,-79.94745425072263,10.75091929726598,-1.1981209766099932,-76.0015176108552,-0.034348447997102294,0.013971960046858876,0.5084718020991814,street
23.956201386956636,92.47445894085328,40.20691236793341,0.4128766068021344,6.750008969363142,0.5699641543564411,-76.13242294126682,6.0537989261890655,1.3180286756822248,-87.5401303652192,0.5164515591431654,0.11464478063769856,0.415568535976392,underground
40.17527105843553,25.614206948495806,16.50005234123612,0.4615165551781403,7.73741056816304,1.2774016283972642,-77.20817296215785,3.1362958305761803,-4.4285777944553635,-71.81473035558214,0.4581771938796253,0.09419855009037853,0.9351877322412309,underground
12.876071214959056,59.75066577646175,14.513351742363335,0.24791529954791908,15.821869721829476,-3.698323296006695,-71.08854118144204,6.453813425115277,1.7547544845974388,-62.50406448161519,0.01625262660364052,0.005865508017767647,0.7885722853388324,street
55.61850048319701,91.38799992969842,53.855385754440576,0.9034055680699369,5.80876979960016,-10.344396023288226,-77.16668306365735,7.766420092895784,2.7176389710246376,-84.60897364090347,0.5032809329157198,0.09368177315416978,0.40317575914426007,underground
23.028908198563727,89.7196056197966,17.91062856569498,0.8110425392808713,7.664734612786592,-19.44348707988147,-65.8364752789478,5.877031486077359,2.192587363134354,-74.48841533949631,0.6434772197110812,0.20818954906304826,0.8439078728225657,underground
39.69265036458151,43.29595756947954,22.947976373017127,0.573116717328515,11.481168291934697,-10.650962796289534,-61.516423556193544,9.50116872586227,-2.582405100095702,-88.96128021983766,0.6537238499365708,0.09773906626796111,0.7138379977103361,underground
7.65796387830673,15.537838470518942,5.561068385929921,0.06900623099141671,10.341819648343202,0.9104416206230947,-61.0882299521394,10.041628875304278,-2.125472734867567,-65.50030663431991,0.06583198825210279,0.02737444846409868,0.7150647894919654,street
4.33003803709603,14.542689899979203,5.885310724742641,0.008072766679046805,11.047054152403696,3.4124850540488856,-60.519814106719245,3.592332396718575,-0.7696595244243278,-57.3079062581146,0.018309023046156087,0.007075558452529655,0.9474276446797877,street
80.02122746823133,108.50297019070955,70.26815288331525,0.9312373907997542,0.16764151032497399,-16.932229447728083,-75.63807561032385,2.9566140047520317,-2.608044547117096,-65.6843261822125,1.3047274007271539,0.11140454606328842,0.5567626486140363,underground
22.61053165349058,37.10914385665167,17.778711505679055,0.1952941251709281,20.12163228949268,1.1655256311035647,-56.728022306364466,5.149891803777406,-0.17669771587655614,-70.32830745233068,-0.04070618094858249,0.01214331112234876,0.5669354985927648,street
32.24389928042571,58.070792488891996,15.994596149766245,0.5854411245906792,3.446488409492355,-6.423903934084871,-62.8334340947504,4.757725249231278,1.2453607529856487,-73.2879277210409,0.695285960969585,0.03735493883118941,0.5770486567746271,underground
6.299424871641295,9.14521810244771,5.631121168200439,0.09441524476874733,19.230850778384948,2.0864868996521944,-52.73622978069869,4.103497788117571,2.110244797242081,-61.69126459625409,-0.04294585431952348,-0.005374439404604456,0.6601919353067549,street
53.9699655483756,69.2297798266601,58.42635483269938,0.5818124276902409,8.44124007096706,-5.2025283748753335,-81.20583686054276,3.30626498515346,-2.949230099161033,-69.81877108099211,0.3513195320157968,0.2190002263987258,0.8886062239343964,underground
27.205599963667257,31.90820687337496,17.82041016687957,0.32908347036534297,23.86555245232883,-0.07716570355626029,-67.27027933364876,10.871337632030645,-1.8136038240336294,-57.40131745781672,-0.013526533902414581,0.02051149192953547,0.8247092091345105,street
70.26791019289577,42.36467471865366,47.54659395155196,0.9836060082475663,6.545578413989403,-18.000255528907992,-83.33414082739253,7.88326173979456,1.6305115492145585,-76.90670308427647,0.37309884641469804,0.1888509672674583,0.8722071388816379,underground
7.687467278399061,15.73343662456427,2.030881141996719,0.048118475755328946,18.50101056106041,1.0950874044982601,-67.61202868655265,6.6251368652657145,2.2675801260037662,-75.5652583896504,0.0797987085572405,-0.02289877030918957,0.9628738031610675,street
11.279403239680569,15.929995547002951,5.176187829071655,0.09382480213326877,8.960384543549702,1.085151940601075,-64.89040697155897,3.3398796039216965,2.057161356645855,-54.04791779531327,0.03080098445378565,-0.005709900041267691,0.9909136561181385,street
10.253460878225148,9.531025321157491,1.3175306848259203,0.016499410879776577,16.320140376603174,-3.655963468715349,-52.51228794513243,9.564775221242515,-1.489804008715526,-80.19326423677622,0.07971714283181494,0.000983807203728232,0.700807975502566,street
24.19476867688267,49.99553210485563,14.92477431056639,0.2765636656879342,22.990694033466085,0.283627551430091,-63.36811250276165,4.793554085920503,2.735647198055746,-73.6819658304058,0.14107019450162225,-0.015844646290460014,0.9455319481668927,street
8.780799118083056,16.74803994584504,4.315671336280614,0.14419958849529196,14.550125156166715,1.5312445852818666,-70.94113823187202,4.185126037787144,0.5649611629362097,-73.97921324662958,0.10461947155002363,0.005884481653424249,0.761237589976848,street
5.833655999870912,9.064938192437877,0.5933954551361214,0.05232724130941031,15.308293328269748,0.4545854935125089,-60.55755663379969,10.736990214240826,-2.36269304752216,-68.03826158815347,-0.09413827475002094,-0.011057551425270488,0.5245164106116889,street
65.39901108020865,95.40643637350132,72.76237281191732,0.9019544387812186,5.321655454743452,-3.210730604359185,-80.13967525198976,7.3454307675964925,-0.8293707414944471,-94.19036934488255,1.3367814068926256,0.22635588439864252,0.4746775820423385,underground
9.870032255997863,15.266621305005053,2.6902331366496854,0.1365674872721408,12.796126660839455,-3.309293997632359,-57.973903989486104,9.034855505649691,1.5745453923989174,-64.73551871856381,0.04328680104299623,0.0022095386030619446,0.8200056738229882,street
31.04247748636884,51.504072982571785,20.285732480146464,0.16416944257653876,11.726773578143382,0.7462675606543998,-59.434597739501456,11.452699667059306,3.494506220538324,-73.73045439646761,0.17925279497540167,0.01697373296013626,0.5644652353148853,street
43.67068828864885,68.31010415393106,27.306676757298067,0.5177623988565889,8.7019822523545,-1.1701925589266278,-79.84194051062137,8.777431698229233,-6.278738244855374,-89.15145293174874,0.6504948409374924,0.0484157939926938,0.47513461719600575,underground
81.83225831608101,92.42564002114402,74.91528366923575,0.514001250807796,2.5603788311601527,-8.195404224467026,-89.37115212803424,0.9717145798898539,0.9072952402547632,-75.02022890603331,0.6427470852576552,0.23022011786283095,0.6991860041762418,underground
27.868229936117483,26.120935317497352,12.734544647197133,0.15081139197813836,10.87325879216723,4.579363006664476,-74.19467905810764,11.033657046569655,-3.434949526794509,-66.41541165272804,0.11600120464470207,0.0007125533428372667,0.8092603026538704,street
23.853430095838352,33.18075709750093,24.16339907313053,0.3784745190209408,4.6218837351586455,0.898165559578338,-86.51748884102017,6.07707522946579,-1.950955080661812,-92.64913852567665,0.4425130938877898,0.034868564094843985,0.5465364537219419,underground
60.08731430384581,110.45910012251531,28.253907243460425,0.6359080231982355,6.1723292733536,-1.438804827061098,-63.636267078563556,5.74328066434409,1.6353036977216284,-81.52405984838191,0.3027935239105748,0.14034559909244362,0.9254904139212647,underground
82.7356529114548,66.35174397225144,16.84318315844255,0.7814239864392832,5.91173985354324,-3.9750594420752634,-61.63615795733967,2.056835014828313,-3.336525674537226,-78.82513498227084,1.073355625281822,0.20154481074261518,0.4790084124542522,underground
10.897532818179531,16.571250484917982,4.969519266124941,0.11756307862829896,13.35768160993506,-1.2702304514110203,-49.531312394725106,4.352313679952686,-1.102290545493987,-56.614993844435716,-0.031808581740011416,-0.027394255168901743,0.6517539032408584,street
58.386908861484756,87.88554640403112,21.614623750327347,0.7295021293621881,6.397576345288209,-1.1439091828885424,-72.10503195096382,5.7956666414780145,-10.726137958262148,-84.19493681891906,1.0539315292327935,0.16836357134893268,0.9782884709642601,underground
72.7182989215808,59.21694179041755,51.88187874363303,0.6610405129496382,7.307200864090349,1.1818666185295932,-73.85850378100268,6.269361266173883,0.7513458942537898,-78.22449880736224,1.4103609870587803,0.0791018648440823,0.6743431948885399,underground
31.561515372251318,28.98404390092926,22.253380287380956,0.33933660735632865,23.296823300962956,1.5935458743774547,-62.3697042181661,7.4742392504141595,-3.4175997252802732,-61.675141973359075,-0.05879744846383332,0.039640983964149085,0.6730977344043775,street
33.313190303835405,32.33482295445921,39.72173452645163,0.31917003812724853,4.232340138250253,-4.798740367241839,-88.6195701849843,6.972138899771574,-6.495368494909802,-68.50702085604289,0.684976171266417,0.022496529851069716,0.7388843838342936,underground
24.5353130837143,49.59221280802787,20.110097987960238,0.1401639139717941,9.506240929618489,-3.6392353968427793,-73.69794919703386,3.633913238328941,-0.23782790319196678,-57.96144989209739,-0.062404746787018794,-0.003540329646329929,0.672263528867033,street
30.64470832284249,42.47106162813268,52.12081663452725,0.6041156779699788,8.396989888825782,-16.811387280102505,-66.43253055637463,7.686349585250308,-5.5403519402839345,-75.33699860884431,1.0945007095763495,0.11155707548490432,0.7392961509401308,underground
51.35548252093197,45.4561802575055,51.9268105042848,0.5874316455086779,3.379663486708732,-12.809474748178463,-65.34488207602493,0.04388926339822863,-10.051854845997203,-92.67425921789903,0.5258410829233426,0.13807766428087834,0.8395680167861842,underground
9.218669164248865,11.249089772863291,1.7696250452304345,0.012560499991633412,18.24323510879253,-3.5590536204625316,-72.05847866072246,3.8111000756630813,-1.570875645800138,-80.29389796626297,0.07627414183234221,0.01579994108825148,0.9864852075241202,street
8.02656178002908,17.663035914084382,5.468166067682534,0.025253300521295652,21.799581264333476,3.769518506796607,-69.48684306576004,9.108164245587213,1.8150252333111476,-71.36782254243592,0.04107397194634707,0.023516947508553245,0.7687600719347435,street
30.81439034304637,24.08684186862218,24.039768718785883,0.11853536326037717,15.035263806540566,2.8560831489640606,-73.65043037128385,4.425358187318304,-2.7316056441604317,-83.43145628682655,0.19674808070536384,0.0396320680357886,0.9215536561244926,street
37.48433744518208,51.35461051691453,11.574630906539895,0.25325875150513844,7.059228727556777,-7.981666966247994,-64.99749475453054,2.7094743984898515,-1.950091846289137,-75.9891225553599,0.3292056646187139,0.08417473179814025,0.5791093361918551,underground
6.404773289104376,12.469903276020094,2.7648487616670376,0.13649162251955385,16.43273445743224,-1.808866922417299,-72.55292719219473,4.419480535200585,-1.9534386881969648,-51.43969392842648,-0.06399003914312622,0.018772769062015394,0.5217707640056702,street
44.30289896072664,65.82667510128643,64.817154569552,0.4539721729481949,1.5859652382166056,-3.7709384147534983,-66.81881476693692,6.791732877778633,-7.640904591116522,-68.68455729392886,0.6792973273735641,0.22689977740668427,0.9109640393142181,underground
22.008115144190818,39.154802160983614,16.20895253562303,0.3411342557011241,11.233775999547632,-7.481389615251147,-74.48144236936882,6.425801462563149,-3.6393357627399556,-69.61987842394927,0.5843284776458272,0.11565657134032169,0.4517912810010417,underground
4.637646644157951,17.077511590661942,0.37159862635098717,0.0019462288490636913,15.473996218228008,-0.2742985115904366,-62.99407043533286,4.0432551469089075,2.8646237389394775,-67.18723905965305,-0.02852446758240837,-0.012558248691208796,0.9156099610791719,street
54.286773661554385,74.99192081873466,58.28097036758656,0.984999714153792,6.151087839380099,-11.704628720033522,-84.74842111574478,3.9165137497285807,-1.618986605778181,-67.87326574544801,1.2181227094554683,0.0674779866321207,0.7301009964953167,underground
9.63665981293071,15.41379785448776,1.9200773154742752,0.13893010315703236,22.347305995181735,-2.2480319127207204,-48.00699106120949,11.103282922036618,1.3601232686011997,-84.50234653555346,-0.08189380518113609,-0.004156583835017786,0.6405121770153004,street
86.10937401954894,103.44088119712548,55.01934748226508,0.3690278133584859,8.201392214552616,-17.610862129444495,-82.74458403134054,0.6322059399628888,-4.756841160438665,-91.3176111341716,0.5080399174967984,0.05760810460067771,0.5950806870700407,underground
8.660338480246299,13.453993709430613,2.729587305034295,0.05327945250791341,11.594541821875852,-3.7263570201868994,-61.22420329637072,4.958368053881997,0.3417964362743309,-52.77148685615371,0.049978479793214264,0.014757189679250216,0.5452891179324151,street
21.682228008419976,46.56298684733919,59.98199763588659,0.7246186851384405,8.40019761629535,-11.513119822049612,-68.63567548485132,3.792618265151381,-1.4715413709429601,-74.50875272284532,0.5400150052739108,0.10101514099015638,0.6768047939855673,underground
37.68162587767249,73.68785365972542,14.082407580237586,0.3219140359571008,9.842630929895098,1.7081672571167328,-80.15735022611531,2.3315898098573817,-1.720878186968843,-63.847810995463504,0.395806300587754,0.0873594928232194,0.7944195173250972,underground
6.151963330655103,9.110746239865056,3.7113996766538278,0.03107803439226826,11.605037993321526,2.0505205132819304,-50.344039851388445,10.680181664965708,-2.118060200606239,-82.36441481549758,-0.02213725370252137,-0.014365740940252163,0.5539829392660881,street
11.64044458818526,12.582233739797669,0.5597903209617208,0.0937527003987174,11.402735464424095,-0.29450677313238316,-46.634524426000716,6.0005602116776515,-1.020281225598694,-50.95776042935222,0.05968466921497881,0.005987477571212728,0.5636611333981505,street
33.64753296530497,41.00031443486695,14.718530556422655,0.293301174446969,5.385258402932092,1.8959800028147171,-85.83415542706966,4.967219516426052,1.3923997881366805,-77.3713527258027,0.2894348166247639,0.07762540675167037,0.9641504690050413,underground
19.385879913033886,42.88957821242683,23.08368478075988,0.3274879857762423,17.972028179187205,2.2178065966885816,-51.2080102529525,11.749830241253218,-3.8897488959850364,-68.38434895145978,0.12195355314164796,0.033087812693694124,0.7255957228089012,street
5.99068661813734,16.72139682763251,4.428382854333606,0.10102571655002367,10.824049179452452,2.4299413921333652,-50.945800414676995,5.049369223270258,-1.3651227315566759,-52.513694877017805,0.14715526750976618,0.013042659617414284,0.6998530019218673,street
87.96610229201927,65.50379544979307,68.1977945967445,0.9741020418940318,5.365564137258381,-4.9294689961042675,-89.62239043545915,0.9644762653747652,-9.422675175472436,-84.23654411907896,0.44276430779120723,0.220180220186078,0.43244356361759234,underground
20.45980013470156,76.79875757554257,11.389986246533294,0.2425125403490147,4.444561665902716,-9.508616876518177,-70.08508554355544,4.559816566943633,0.36486423485396813,-90.0423792474829,0.37172482395161693,0.09108487882025185,0.7910342435870013,underground
33.498070054730654,73.94901244869368,29.507317384721865,0.38671782635081464,8.845816654709173,-9.555269887108611,-65.07189318978675,2.1943084509879767,-5.119596103355411,-62.39143975873322,0.3767429023246184,0.021663616266463296,0.7745188194713315,underground
17.92018185544168,75.81758705628636,22.122422993950273,0.3585970651489885,7.360325500943785,-2.2165073844213037,-79.1218538804945,5.437629074500755,-0.0815240589541375,-94.67217117358373,0.6148525804791684,0.07520572307523812,0.467844159299361,underground
22.176645027612217,105.79571817407171,36.682329192952615,0.7586607834251831,4.468251639537252,-3.364536116469427,-80.25292163720502,6.299849916825943,-6.863887084934843,-80.43461082666495,0.3014775074116207,0.0987326155614458,0.46820254075009754,underground
26.22163727879164,68.20204473158275,10.384678669142016,0.38688988294749127,12.967223371316642,-5.149056941279939,-63.53747789052147,7.23786527384876,-6.297422927080652,-76.27782556712611,0.5192769062114688,0.0991058463145309,0.8060117319593183,underground
