elapsed_s,timestamp,pressure_hpa,gps_accuracy_m,gps_speed_mps,mag_ut
1,2026-07-13T13:13:19Z,1003.22,25.00,1.36,6.75
2,2026-07-13T13:13:20Z,1003.24,25.00,1.36,10.61
3,2026-07-13T13:13:21Z,1003.25,25.00,1.15,11.72
4,2026-07-13T13:13:22Z,1003.26,25.00,0.78,20.20
5,2026-07-13T13:13:23Z,1003.26,25.00,0.78,16.25
6,2026-07-13T13:13:24Z,1003.27,25.00,0.82,19.87
7,2026-07-13T13:13:25Z,1003.27,25.00,0.84,25.53
8,2026-07-13T13:13:26Z,1003.28,25.00,0.84,25.10
9,2026-07-13T13:13:27Z,1003.28,25.00,2.13,30.38
10,2026-07-13T13:13:28Z,1003.30,25.00,4.55,34.45
11,2026-07-13T13:13:29Z,1003.31,25.00,5.86,34.79
12,2026-07-13T13:13:30Z,1003.33,25.00,5.86,32.80
13,2026-07-13T13:13:31Z,1003.35,25.00,5.62,34.39
14,2026-07-13T13:13:32Z,1003.40,25.00,5.45,32.15
15,2026-07-13T13:13:33Z,1003.41,25.00,4.90,43.41
16,2026-07-13T13:13:34Z,1003.42,25.00,2.79,31.50
17,2026-07-13T13:13:35Z,1003.45,25.00,2.79,31.30
18,2026-07-13T13:13:36Z,1003.48,25.00,1.72,38.21
19,2026-07-13T13:13:37Z,1003.49,25.00,0.11,40.30
20,2026-07-13T13:13:38Z,1003.55,25.00,0.61,40.48
21,2026-07-13T13:13:39Z,1003.58,25.00,0.46,38.48
22,2026-07-13T13:13:40Z,1003.57,25.00,0.02,39.81
23,2026-07-13T13:13:41Z,1003.54,25.00,0.46,39.79
24,2026-07-13T13:13:42Z,1003.50,25.00,1.02,40.05
25,2026-07-13T13:13:43Z,1003.46,25.00,2.16,41.15
26,2026-07-13T13:13:44Z,1003.41,25.00,5.12,41.05
27,2026-07-13T13:13:45Z,1003.36,25.00,5.68,40.23
28,2026-07-13T13:13:46Z,1003.29,25.00,5.68,40.01
29,2026-07-13T13:13:47Z,1003.24,25.00,5.68,38.93
30,2026-07-13T13:13:48Z,1003.20,25.00,5.60,36.53
31,2026-07-13T13:13:49Z,1003.17,25.00,4.21,33.36
32,2026-07-13T13:13:50Z,1003.15,25.00,4.21,31.47
33,2026-07-13T13:13:51Z,1003.15,25.00,4.21,33.22
34,2026-07-13T13:13:52Z,1003.15,25.00,4.66,36.19
35,2026-07-13T13:13:53Z,1003.13,25.00,5.81,36.22
36,2026-07-13T13:13:54Z,1003.11,25.00,6.69,39.31
37,2026-07-13T13:13:55Z,1003.10,25.00,6.69,35.19
38,2026-07-13T13:13:56Z,1003.10,25.00,5.49,34.70
39,2026-07-13T13:13:57Z,1003.10,25.00,4.38,35.96
40,2026-07-13T13:13:58Z,1003.11,25.00,3.54,37.84
41,2026-07-13T13:13:59Z,1003.13,25.00,2.27,36.52
42,2026-07-13T13:14:00Z,1003.16,25.00,2.27,38.75
43,2026-07-13T13:14:01Z,1003.18,25.00,2.11,38.25
44,2026-07-13T13:14:02Z,1003.19,25.00,1.69,43.45
45,2026-07-13T13:14:03Z,1003.19,25.00,1.29,42.42
46,2026-07-13T13:14:04Z,1003.20,25.00,0.66,40.80
47,2026-07-13T13:14:05Z,1003.20,25.00,0.66,40.52
48,2026-07-13T13:14:06Z,1003.20,25.00,0.07,41.76
49,2026-07-13T13:14:07Z,1003.21,25.00,0.17,41.80
50,2026-07-13T13:14:08Z,1003.21,25.00,0.17,41.50
51,2026-07-13T13:14:09Z,1003.22,25.00,0.03,41.89
52,2026-07-13T13:14:10Z,1003.22,25.00,0.14,42.51
53,2026-07-13T13:14:11Z,1003.22,25.00,0.14,39.00
54,2026-07-13T13:14:12Z,1003.22,25.00,0.35,39.26
55,2026-07-13T13:14:13Z,1003.22,25.00,1.08,37.92
56,2026-07-13T13:14:14Z,1003.20,25.00,1.74,38.31
57,2026-07-13T13:14:15Z,1003.20,25.00,1.74,41.89
58,2026-07-13T13:14:16Z,1003.20,25.00,2.05,42.78
59,2026-07-13T13:14:17Z,1003.19,25.00,2.05,40.54
60,2026-07-13T13:14:18Z,1003.19,25.00,2.57,39.95
61,2026-07-13T13:14:19Z,1003.17,25.00,3.03,41.38
62,2026-07-13T13:14:20Z,1003.14,25.00,3.72,43.25
63,2026-07-13T13:14:21Z,1003.11,14.96,3.72,44.01
64,2026-07-13T13:14:22Z,1003.09,16.00,4.32,42.73
65,2026-07-13T13:14:23Z,1003.06,16.00,4.32,42.95
66,2026-07-13T13:14:24Z,1003.05,15.29,4.06,41.42
67,2026-07-13T13:14:25Z,1003.05,18.18,4.32,41.39
68,2026-07-13T13:14:26Z,1003.05,17.51,4.32,40.99
69,2026-07-13T13:14:27Z,1003.05,16.24,4.89,41.25
70,2026-07-13T13:14:28Z,1003.04,17.41,5.12,42.02
71,2026-07-13T13:14:29Z,1003.04,20.28,5.13,43.83
72,2026-07-13T13:14:30Z,1003.03,16.00,5.45,44.88
73,2026-07-13T13:14:31Z,1003.01,16.00,5.45,43.17
74,2026-07-13T13:14:32Z,1003.01,16.00,5.49,42.76
75,2026-07-13T13:14:33Z,1002.98,16.00,5.49,42.68
76,2026-07-13T13:14:34Z,1002.95,16.00,4.76,42.70
77,2026-07-13T13:14:35Z,1002.94,16.00,4.76,42.23
78,2026-07-13T13:14:36Z,1002.93,16.00,4.49,45.28
79,2026-07-13T13:14:37Z,1002.93,16.00,4.23,39.95
80,2026-07-13T13:14:38Z,1002.92,16.00,4.23,41.60
81,2026-07-13T13:14:39Z,1002.88,24.00,4.24,42.93
82,2026-07-13T13:14:40Z,1002.86,24.00,4.24,42.56
83,2026-07-13T13:14:41Z,1002.83,26.70,4.18,41.76
84,2026-07-13T13:14:42Z,1002.81,20.02,4.18,40.38
85,2026-07-13T13:14:43Z,1002.80,16.00,4.18,39.92
86,2026-07-13T13:14:44Z,1002.79,22.46,3.30,35.58
87,2026-07-13T13:14:45Z,1002.77,24.56,3.49,46.31
88,2026-07-13T13:14:46Z,1002.76,26.49,3.49,41.78
89,2026-07-13T13:14:47Z,1002.74,26.49,3.49,37.86
90,2026-07-13T13:14:48Z,1002.73,29.88,3.52,37.68
91,2026-07-13T13:14:49Z,1002.72,29.88,3.52,45.68
92,2026-07-13T13:14:50Z,1002.70,25.84,3.85,45.68
93,2026-07-13T13:14:51Z,1002.68,25.84,3.85,43.84
94,2026-07-13T13:14:52Z,1002.64,12.00,3.10,41.41
95,2026-07-13T13:14:53Z,1002.62,12.00,2.83,43.00
96,2026-07-13T13:14:54Z,1002.58,12.00,0.53,43.27
97,2026-07-13T13:14:55Z,1002.55,12.00,0.53,43.23
98,2026-07-13T13:14:56Z,1002.53,13.79,0.21,43.16
99,2026-07-13T13:14:57Z,1002.52,12.00,0.02,42.86
100,2026-07-13T13:14:58Z,1002.51,12.00,0.21,42.94
101,2026-07-13T13:14:59Z,1002.52,12.00,0.26,43.14
102,2026-07-13T13:15:00Z,1002.52,12.00,0.06,43.45
103,2026-07-13T13:15:01Z,1002.52,14.95,0.13,43.02
104,2026-07-13T13:15:02Z,1002.53,11.73,0.03,43.23
105,2026-07-13T13:15:03Z,1002.53,11.76,0.02,42.75
106,2026-07-13T13:15:04Z,1002.53,11.78,0.01,42.81
107,2026-07-13T13:15:05Z,1002.53,11.66,0.03,42.90
108,2026-07-13T13:15:06Z,1002.53,25.00,0.02,42.68
109,2026-07-13T13:15:07Z,1002.53,25.00,0.09,42.39
110,2026-07-13T13:15:08Z,1002.53,25.00,0.03,42.36
111,2026-07-13T13:15:09Z,1002.53,25.00,0.01,42.38
112,2026-07-13T13:15:10Z,1002.53,25.00,0.01,42.57
113,2026-07-13T13:15:11Z,1002.53,25.00,0.01,42.14
114,2026-07-13T13:15:12Z,1002.53,25.00,0.02,42.29
115,2026-07-13T13:15:13Z,1002.53,25.00,0.01,41.96
116,2026-07-13T13:15:14Z,1002.53,25.00,0.09,42.20
117,2026-07-13T13:15:15Z,1002.53,25.00,0.05,41.82
118,2026-07-13T13:15:16Z,1002.53,25.00,0.05,41.62
119,2026-07-13T13:15:17Z,1002.54,25.00,0.03,42.37
120,2026-07-13T13:15:18Z,1002.54,25.00,0.13,42.20
121,2026-07-13T13:15:19Z,1002.54,25.00,0.17,42.20
122,2026-07-13T13:15:20Z,1002.54,25.00,0.02,41.75
123,2026-07-13T13:15:21Z,1002.55,25.00,0.02,41.81
124,2026-07-13T13:15:22Z,1002.55,25.00,0.01,41.85
125,2026-07-13T13:15:23Z,1002.55,25.00,0.02,42.04
126,2026-07-13T13:15:24Z,1002.55,25.00,0.00,41.75
127,2026-07-13T13:15:25Z,1002.54,25.00,0.01,41.94
128,2026-07-13T13:15:26Z,1002.54,25.00,0.11,44.40
129,2026-07-13T13:15:27Z,1002.54,25.00,0.11,50.87
130,2026-07-13T13:15:28Z,1002.55,25.00,0.41,50.76
131,2026-07-13T13:15:29Z,1002.55,25.00,0.66,50.97
132,2026-07-13T13:15:30Z,1002.56,25.00,0.74,43.01
133,2026-07-13T13:15:31Z,1002.56,25.00,0.66,43.67
134,2026-07-13T13:15:32Z,1002.56,25.00,0.19,42.58
135,2026-07-13T13:15:33Z,1002.56,25.00,0.09,42.93
136,2026-07-13T13:15:34Z,1002.56,25.00,0.21,42.68
137,2026-07-13T13:15:35Z,1002.56,25.00,0.36,42.53
138,2026-07-13T13:15:36Z,1002.56,25.00,0.36,42.50
139,2026-07-13T13:15:37Z,1002.56,25.00,0.45,42.35
140,2026-07-13T13:15:38Z,1002.56,25.00,0.22,42.49
141,2026-07-13T13:15:39Z,1002.55,25.00,0.29,42.75
142,2026-07-13T13:15:40Z,1002.55,25.00,0.21,46.41
143,2026-07-13T13:15:41Z,1002.54,25.00,0.24,50.66
144,2026-07-13T13:15:42Z,1002.54,25.00,0.03,50.20
145,2026-07-13T13:15:43Z,1002.54,25.00,0.12,50.43
146,2026-07-13T13:15:44Z,1002.54,25.00,0.08,50.14
147,2026-07-13T13:15:45Z,1002.54,25.00,0.15,50.51
148,2026-07-13T13:15:46Z,1002.53,25.00,0.08,42.97
149,2026-07-13T13:15:47Z,1002.55,25.00,0.23,42.09
150,2026-07-13T13:15:48Z,1002.54,25.00,0.23,39.96
151,2026-07-13T13:15:49Z,1002.54,25.00,0.78,37.99
152,2026-07-13T13:15:50Z,1002.53,25.00,0.84,38.36
153,2026-07-13T13:15:51Z,1002.51,25.00,0.84,37.38
154,2026-07-13T13:15:52Z,1002.51,25.00,1.63,31.45
155,2026-07-13T13:15:53Z,1002.45,25.00,2.74,26.70
156,2026-07-13T13:15:54Z,1002.42,25.00,4.31,26.29
157,2026-07-13T13:15:55Z,1002.40,25.00,4.31,25.16
158,2026-07-13T13:15:56Z,1002.39,25.00,6.81,29.08
159,2026-07-13T13:15:57Z,1002.38,25.00,6.81,29.14
160,2026-07-13T13:15:58Z,1002.36,25.00,7.07,28.80
161,2026-07-13T13:15:59Z,1002.36,25.00,7.07,32.79
162,2026-07-13T13:16:00Z,1002.34,8.00,6.78,31.96
163,2026-07-13T13:16:01Z,1002.33,25.00,6.72,33.03
164,2026-07-13T13:16:02Z,1002.32,25.00,6.65,33.29
165,2026-07-13T13:16:03Z,1002.32,25.00,5.96,22.90
166,2026-07-13T13:16:04Z,1002.32,25.00,4.26,24.14
167,2026-07-13T13:16:05Z,1002.34,25.00,4.26,24.58
168,2026-07-13T13:16:06Z,1002.36,25.00,3.04,23.85
169,2026-07-13T13:16:07Z,1002.37,25.00,2.48,23.30
170,2026-07-13T13:16:08Z,1002.40,25.00,1.82,21.81
171,2026-07-13T13:16:09Z,1002.41,25.00,1.37,21.57
172,2026-07-13T13:16:10Z,1002.41,25.00,2.25,20.83
173,2026-07-13T13:16:11Z,1002.41,25.00,2.25,19.99
174,2026-07-13T13:16:12Z,1002.42,25.00,3.23,21.46
175,2026-07-13T13:16:13Z,1002.43,25.00,3.23,20.13
176,2026-07-13T13:16:14Z,1002.44,25.00,5.60,18.25
177,2026-07-13T13:16:15Z,1002.48,25.00,6.00,24.51
178,2026-07-13T13:16:16Z,1002.48,25.00,6.00,18.46
179,2026-07-13T13:16:17Z,1002.48,25.00,6.00,21.48
180,2026-07-13T13:16:18Z,1002.55,25.00,7.61,26.35
181,2026-07-13T13:16:19Z,1002.52,25.00,8.75,22.26
182,2026-07-13T13:16:20Z,1002.52,25.00,8.86,21.25
183,2026-07-13T13:16:21Z,1002.52,25.00,8.86,21.13
184,2026-07-13T13:16:22Z,1002.51,25.00,9.62,20.52
185,2026-07-13T13:16:23Z,1002.51,25.00,10.11,20.22
186,2026-07-13T13:16:24Z,1002.60,25.00,10.40,19.02
187,2026-07-13T13:16:25Z,1002.67,25.00,10.51,18.88
188,2026-07-13T13:16:26Z,1002.71,25.00,10.51,20.24
189,2026-07-13T13:16:27Z,1002.76,25.00,10.51,13.02
190,2026-07-13T13:16:28Z,1002.79,25.00,10.51,20.80
191,2026-07-13T13:16:29Z,1002.79,25.00,11.04,23.59
192,2026-07-13T13:16:30Z,1002.70,25.00,11.27,20.32
193,2026-07-13T13:16:31Z,1002.57,25.00,11.27,15.22
194,2026-07-13T13:16:32Z,1002.45,25.00,11.27,17.06
195,2026-07-13T13:16:33Z,1002.43,25.00,11.27,18.34
196,2026-07-13T13:16:34Z,1002.31,25.00,11.81,17.29
197,2026-07-13T13:16:35Z,1002.31,25.00,11.81,22.12
198,2026-07-13T13:16:36Z,1002.43,25.00,12.08,33.61
199,2026-07-13T13:16:37Z,1002.43,25.00,11.56,22.84
200,2026-07-13T13:16:38Z,1002.46,25.00,11.56,27.91
201,2026-07-13T13:16:39Z,1002.53,25.00,11.56,23.31
202,2026-07-13T13:16:40Z,1002.61,25.00,11.07,17.83
203,2026-07-13T13:16:41Z,1002.65,25.00,11.07,27.59
203,2026-07-13T13:16:42Z,1002.82,25.00,10.67,24.85
205,2026-07-13T13:16:43Z,1002.87,25.00,10.39,23.54
206,2026-07-13T13:16:44Z,1002.88,25.00,10.39,27.63
207,2026-07-13T13:16:45Z,1002.89,25.00,9.37,27.11
208,2026-07-13T13:16:46Z,1002.89,25.00,8.71,19.55
209,2026-07-13T13:16:47Z,1002.89,25.00,7.26,20.80
210,2026-07-13T13:16:48Z,1002.90,25.00,5.37,21.78
211,2026-07-13T13:16:49Z,1002.93,25.00,2.08,22.55
212,2026-07-13T13:16:50Z,1002.94,25.00,2.08,21.53
213,2026-07-13T13:16:51Z,1002.96,25.00,0.78,21.66
214,2026-07-13T13:16:52Z,1002.98,25.00,0.12,21.84
215,2026-07-13T13:16:53Z,1002.98,25.00,0.09,21.28
216,2026-07-13T13:16:54Z,1003.00,25.00,0.30,23.10
217,2026-07-13T13:16:55Z,1003.00,25.00,0.04,22.53
218,2026-07-13T13:16:56Z,1003.00,25.00,0.04,22.72
219,2026-07-13T13:16:57Z,1003.00,25.00,0.12,22.47
220,2026-07-13T13:16:58Z,1003.03,25.00,0.21,22.86
221,2026-07-13T13:16:59Z,1003.00,25.00,0.14,22.18
222,2026-07-13T13:17:00Z,1002.99,25.00,0.18,21.65
223,2026-07-13T13:17:01Z,1002.99,25.00,0.06,22.37
224,2026-07-13T13:17:02Z,1002.97,25.00,0.15,20.75
225,2026-07-13T13:17:03Z,1002.96,25.00,0.20,20.68
226,2026-07-13T13:17:04Z,1002.95,25.00,0.20,20.65
227,2026-07-13T13:17:05Z,1002.95,25.00,0.16,20.62
228,2026-07-13T13:17:06Z,1002.95,25.00,0.09,20.56
229,2026-07-13T13:17:07Z,1002.95,25.00,0.11,20.54
230,2026-07-13T13:17:08Z,1002.96,25.00,0.11,20.27
231,2026-07-13T13:17:09Z,1002.98,25.00,0.11,20.52
232,2026-07-13T13:17:10Z,1003.03,25.00,0.32,19.82
233,2026-07-13T13:17:11Z,1003.03,25.00,0.32,20.34
234,2026-07-13T13:17:12Z,1003.04,25.00,0.82,21.40
235,2026-07-13T13:17:13Z,1003.05,25.00,2.09,21.62
236,2026-07-13T13:17:14Z,1003.05,25.00,6.52,21.92
237,2026-07-13T13:17:15Z,1003.00,25.00,6.89,20.54
238,2026-07-13T13:17:16Z,1002.99,25.00,6.89,23.90
239,2026-07-13T13:17:17Z,1002.97,25.00,7.30,23.77
240,2026-07-13T13:17:18Z,1002.92,25.00,8.14,22.44
241,2026-07-13T13:17:19Z,1002.84,25.00,9.90,22.25
242,2026-07-13T13:17:20Z,1002.81,25.00,9.90,23.58
243,2026-07-13T13:17:21Z,1002.76,25.00,9.80,22.18
244,2026-07-13T13:17:22Z,1002.73,25.00,8.97,22.69
244,2026-07-13T13:17:23Z,1002.70,25.00,8.51,21.92
246,2026-07-13T13:17:24Z,1002.67,25.00,6.86,25.09
247,2026-07-13T13:17:25Z,1002.66,25.00,6.86,22.85
248,2026-07-13T13:17:26Z,1002.65,25.00,4.86,22.04
249,2026-07-13T13:17:27Z,1002.65,25.00,1.57,22.04
250,2026-07-13T13:17:28Z,1002.65,25.00,0.86,19.97
251,2026-07-13T13:17:29Z,1002.65,25.00,1.28,17.68
252,2026-07-13T13:17:30Z,1002.66,25.00,1.28,13.85
253,2026-07-13T13:17:31Z,1002.66,25.00,0.18,15.77
254,2026-07-13T13:17:32Z,1002.66,25.00,0.07,15.64
255,2026-07-13T13:17:33Z,1002.66,25.00,0.18,17.09
256,2026-07-13T13:17:34Z,1002.65,25.00,0.24,16.77
257,2026-07-13T13:17:35Z,1002.65,25.00,0.08,16.44
258,2026-07-13T13:17:36Z,1002.65,25.00,0.21,17.60
259,2026-07-13T13:17:37Z,1002.65,25.00,0.21,18.61
260,2026-07-13T13:17:38Z,1002.65,25.00,0.42,20.86
261,2026-07-13T13:17:39Z,1002.66,25.00,0.96,22.84
262,2026-07-13T13:17:40Z,1002.66,25.00,1.01,27.79
263,2026-07-13T13:17:41Z,1002.67,25.00,0.96,29.23
264,2026-07-13T13:17:42Z,1002.67,25.00,0.03,29.04
265,2026-07-13T13:17:43Z,1002.67,25.00,0.06,28.86
266,2026-07-13T13:17:44Z,1002.67,25.00,0.03,28.93
267,2026-07-13T13:17:45Z,1002.67,25.00,0.10,28.87
268,2026-07-13T13:17:46Z,1002.67,25.00,0.09,28.56
269,2026-07-13T13:17:47Z,1002.68,25.00,0.03,28.51
270,2026-07-13T13:17:48Z,1002.68,25.00,0.01,27.87
271,2026-07-13T13:17:49Z,1002.68,25.00,0.01,27.40
272,2026-07-13T13:17:50Z,1002.68,25.00,0.13,27.36
273,2026-07-13T13:17:51Z,1002.68,25.00,0.04,27.42
274,2026-07-13T13:17:52Z,1002.68,25.00,0.13,27.05
275,2026-07-13T13:17:53Z,1002.67,25.00,0.31,26.69
276,2026-07-13T13:17:54Z,1002.67,25.00,0.21,37.64
277,2026-07-13T13:17:55Z,1002.66,25.00,0.22,35.68
278,2026-07-13T13:17:56Z,1002.66,25.00,0.06,34.45
279,2026-07-13T13:17:57Z,1002.66,25.00,0.01,34.57
280,2026-07-13T13:17:58Z,1002.67,25.00,0.03,35.68
281,2026-07-13T13:17:59Z,1002.68,25.00,0.02,34.36
282,2026-07-13T13:18:00Z,1002.69,25.00,0.21,34.23
283,2026-07-13T13:18:01Z,1002.70,25.00,0.06,34.23
284,2026-07-13T13:18:02Z,1002.70,25.00,0.07,34.34
285,2026-07-13T13:18:03Z,1002.70,25.00,0.04,34.33
286,2026-07-13T13:18:04Z,1002.69,25.00,0.00,34.12
287,2026-07-13T13:18:05Z,1002.69,25.00,0.06,33.75
288,2026-07-13T13:18:06Z,1002.69,25.00,0.06,33.27
289,2026-07-13T13:18:07Z,1002.69,25.00,1.09,27.91
290,2026-07-13T13:18:08Z,1002.69,25.00,2.87,24.68
291,2026-07-13T13:18:09Z,1002.69,25.00,5.06,21.73
292,2026-07-13T13:18:10Z,1002.69,25.00,6.48,27.53
293,2026-07-13T13:18:11Z,1002.67,25.00,6.48,26.30
294,2026-07-13T13:18:12Z,1002.67,25.00,6.85,26.58
295,2026-07-13T13:18:13Z,1002.67,25.00,6.93,25.00
296,2026-07-13T13:18:14Z,1002.68,25.00,7.95,22.74
297,2026-07-13T13:18:15Z,1002.72,25.00,8.18,18.66
298,2026-07-13T13:18:16Z,1002.78,25.00,8.18,17.63
299,2026-07-13T13:18:17Z,1002.84,25.00,8.20,15.05
300,2026-07-13T13:18:18Z,1002.92,25.00,8.59,13.50
301,2026-07-13T13:18:19Z,1003.00,25.00,0.00,13.04
302,2026-07-13T13:18:20Z,1003.19,25.00,0.00,14.02
303,2026-07-13T13:18:21Z,1003.29,48.01,0.00,15.00
304,2026-07-13T13:18:22Z,1003.40,48.01,0.00,15.61
305,2026-07-13T13:18:23Z,1003.50,48.01,0.00,16.14
306,2026-07-13T13:18:24Z,1003.60,48.01,0.00,16.66
307,2026-07-13T13:18:25Z,1003.69,32.00,0.00,18.36
308,2026-07-13T13:18:26Z,1003.76,48.01,0.00,20.49
309,2026-07-13T13:18:27Z,1003.82,48.01,0.00,23.10
310,2026-07-13T13:18:28Z,1003.86,48.01,0.00,25.08
311,2026-07-13T13:18:29Z,1003.89,48.01,0.00,26.21
312,2026-07-13T13:18:30Z,1003.91,48.01,0.00,27.38
313,2026-07-13T13:18:31Z,1003.92,48.01,0.00,33.30
314,2026-07-13T13:18:32Z,1003.93,48.01,0.00,38.91
315,2026-07-13T13:18:33Z,1003.93,48.01,0.00,41.59
316,2026-07-13T13:18:34Z,1003.94,48.01,0.00,43.38
317,2026-07-13T13:18:35Z,1003.94,25.00,0.56,47.86
318,2026-07-13T13:18:36Z,1003.95,48.01,0.00,45.62
319,2026-07-13T13:18:37Z,1003.95,48.01,0.00,45.08
319,2026-07-13T13:18:38Z,1003.96,48.01,0.00,45.41
320,2026-07-13T13:18:39Z,1003.96,48.01,0.00,44.95
322,2026-07-13T13:18:40Z,1003.96,48.01,0.00,45.60
323,2026-07-13T13:18:41Z,1003.96,48.01,0.00,45.76
324,2026-07-13T13:18:42Z,1003.96,48.01,0.00,45.72
325,2026-07-13T13:18:43Z,1003.96,52.01,0.00,45.27
326,2026-07-13T13:18:44Z,1003.97,53.62,0.00,45.48
327,2026-07-13T13:18:45Z,1003.97,55.32,0.00,45.77
328,2026-07-13T13:18:46Z,1003.98,57.06,0.00,45.14
329,2026-07-13T13:18:47Z,1003.99,56.77,0.00,44.75
330,2026-07-13T13:18:48Z,1003.99,56.42,0.00,44.88
331,2026-07-13T13:18:49Z,1004.00,56.42,0.00,44.64
332,2026-07-13T13:18:50Z,1004.00,56.42,0.00,45.06
333,2026-07-13T13:18:51Z,1004.00,56.42,0.00,45.40
334,2026-07-13T13:18:52Z,1004.01,56.42,0.00,45.44
335,2026-07-13T13:18:53Z,1004.01,56.42,0.00,45.45
336,2026-07-13T13:18:54Z,1004.02,56.42,0.00,45.33
337,2026-07-13T13:18:55Z,1004.02,56.42,0.00,45.25
338,2026-07-13T13:18:56Z,1004.02,56.42,0.00,45.45
338,2026-07-13T13:18:57Z,1004.01,40.00,0.00,45.14
340,2026-07-13T13:18:58Z,1004.01,40.00,0.00,45.55
341,2026-07-13T13:18:59Z,1004.01,40.00,0.00,45.36
342,2026-07-13T13:19:00Z,1004.01,40.00,0.00,45.34
343,2026-07-13T13:19:01Z,1004.01,40.00,0.00,45.48
344,2026-07-13T13:19:02Z,1004.02,40.00,0.00,45.30
345,2026-07-13T13:19:03Z,1004.02,35.00,0.00,45.32
346,2026-07-13T13:19:04Z,1004.03,35.00,0.00,45.44
346,2026-07-13T13:19:05Z,1004.03,48.01,0.00,45.59
348,2026-07-13T13:19:06Z,1004.04,48.01,0.00,45.01
349,2026-07-13T13:19:07Z,1004.04,48.01,0.00,45.30
350,2026-07-13T13:19:08Z,1004.05,48.01,0.00,45.32
351,2026-07-13T13:19:09Z,1004.05,48.01,0.00,45.16
352,2026-07-13T13:19:10Z,1004.05,48.01,0.00,45.44
353,2026-07-13T13:19:11Z,1004.05,48.01,0.00,45.31
354,2026-07-13T13:19:12Z,1004.05,48.01,0.00,45.42
355,2026-07-13T13:19:13Z,1004.05,48.01,0.00,44.70
356,2026-07-13T13:19:14Z,1004.05,48.01,0.00,44.46
357,2026-07-13T13:19:15Z,1004.05,48.01,0.00,42.38
358,2026-07-13T13:19:16Z,1004.05,48.01,0.00,42.00
359,2026-07-13T13:19:17Z,1004.05,48.01,0.00,42.32
360,2026-07-13T13:19:18Z,1004.04,48.01,0.00,40.83
361,2026-07-13T13:19:19Z,1004.03,48.01,0.00,38.89
362,2026-07-13T13:19:20Z,1004.01,48.01,0.00,41.98
363,2026-07-13T13:19:21Z,1003.99,48.01,0.00,43.64
364,2026-07-13T13:19:22Z,1003.94,48.01,0.00,44.95
365,2026-07-13T13:19:23Z,1003.91,48.01,0.00,44.22
366,2026-07-13T13:19:24Z,1003.86,48.01,0.00,39.29
366,2026-07-13T13:19:25Z,1003.85,48.01,0.00,38.77
368,2026-07-13T13:19:26Z,1003.81,48.01,0.00,43.63
369,2026-07-13T13:19:27Z,1003.77,48.01,0.00,40.64
369,2026-07-13T13:19:28Z,1003.74,48.01,0.00,35.63
371,2026-07-13T13:19:29Z,1003.73,48.01,0.00,25.14
372,2026-07-13T13:19:30Z,1003.72,48.01,0.00,22.22
373,2026-07-13T13:19:31Z,1003.70,48.01,0.00,22.64
373,2026-07-13T13:19:32Z,1003.68,48.01,0.00,20.12
375,2026-07-13T13:19:33Z,1003.65,48.01,0.00,20.51
376,2026-07-13T13:19:34Z,1003.61,48.01,0.00,22.30
376,2026-07-13T13:19:35Z,1003.55,48.01,0.00,17.91
378,2026-07-13T13:19:36Z,1003.49,48.01,0.00,11.51
379,2026-07-13T13:19:37Z,1003.47,48.01,0.00,8.37
380,2026-07-13T13:19:38Z,1003.43,48.01,0.00,7.49
381,2026-07-13T13:19:39Z,1003.39,48.01,0.00,10.44
382,2026-07-13T13:19:40Z,1003.36,48.01,0.00,13.35
383,2026-07-13T13:19:41Z,1003.33,48.01,0.00,13.81
384,2026-07-13T13:19:42Z,1003.30,48.01,0.00,14.28
385,2026-07-13T13:19:43Z,1003.29,48.01,0.00,14.14
386,2026-07-13T13:19:44Z,1003.29,48.01,0.00,21.25
387,2026-07-13T13:19:45Z,1003.29,903.44,0.00,20.94
388,2026-07-13T13:19:46Z,1003.29,903.44,0.00,20.66
389,2026-07-13T13:19:47Z,1003.29,903.44,0.00,20.56
390,2026-07-13T13:19:48Z,1003.29,903.44,0.00,20.99
391,2026-07-13T13:19:49Z,1003.29,903.44,0.00,20.97
392,2026-07-13T13:19:50Z,1003.29,903.44,0.00,20.70
393,2026-07-13T13:19:51Z,1003.29,903.44,0.00,20.56
394,2026-07-13T13:19:52Z,1003.29,903.44,0.00,20.91
395,2026-07-13T13:19:53Z,1003.29,903.44,0.00,19.78
396,2026-07-13T13:19:54Z,1003.27,903.44,0.00,20.26
397,2026-07-13T13:19:55Z,1003.27,903.44,0.00,22.62
398,2026-07-13T13:19:56Z,1003.28,903.44,0.00,23.79
399,2026-07-13T13:19:57Z,1003.28,903.44,0.00,23.05
400,2026-07-13T13:19:58Z,1003.27,903.44,0.00,23.05
401,2026-07-13T13:19:59Z,1003.27,903.44,0.00,23.37
402,2026-07-13T13:20:00Z,1003.29,903.44,0.00,22.85
403,2026-07-13T13:20:01Z,1003.30,903.44,0.00,23.04
404,2026-07-13T13:20:02Z,1003.32,903.44,0.00,22.81
404,2026-07-13T13:20:03Z,1003.32,903.44,0.00,22.81
406,2026-07-13T13:20:04Z,1003.30,903.44,0.00,22.58
407,2026-07-13T13:20:05Z,1003.28,903.44,0.00,23.35
408,2026-07-13T13:20:06Z,1003.24,903.44,0.00,25.94
409,2026-07-13T13:20:07Z,1003.24,903.44,0.00,30.24
410,2026-07-13T13:20:08Z,1003.25,903.44,0.00,31.59
411,2026-07-13T13:20:09Z,1003.25,903.44,0.00,30.91
412,2026-07-13T13:20:10Z,1003.25,903.44,0.00,32.94
412,2026-07-13T13:20:11Z,1003.27,1219.41,0.00,31.30
413,2026-07-13T13:20:12Z,1003.27,1219.41,0.00,38.51
415,2026-07-13T13:20:13Z,1003.25,1219.41,0.00,34.01
416,2026-07-13T13:20:14Z,1003.23,1219.41,0.00,39.22
417,2026-07-13T13:20:15Z,1003.21,1219.41,0.00,36.17
418,2026-07-13T13:20:16Z,1003.16,1219.41,0.00,38.40
419,2026-07-13T13:20:17Z,1003.13,1219.41,0.00,37.97
420,2026-07-13T13:20:18Z,1003.10,1249.81,0.00,43.51
421,2026-07-13T13:20:19Z,1003.07,1249.81,0.00,43.45
422,2026-07-13T13:20:20Z,1003.04,1249.81,0.00,45.12
423,2026-07-13T13:20:21Z,1003.01,1249.81,0.00,43.73
424,2026-07-13T13:20:22Z,1003.00,1249.81,0.00,40.03
425,2026-07-13T13:20:23Z,1002.99,1249.81,0.00,34.41
426,2026-07-13T13:20:24Z,1002.98,1249.81,0.00,29.27
427,2026-07-13T13:20:25Z,1002.98,1249.81,0.00,24.60
428,2026-07-13T13:20:26Z,1002.99,1249.81,0.00,21.27
428,2026-07-13T13:20:27Z,1002.99,1249.81,0.00,19.85
430,2026-07-13T13:20:28Z,1002.99,1249.81,0.00,21.24
431,2026-07-13T13:20:29Z,1002.98,1249.81,0.00,21.61
432,2026-07-13T13:20:30Z,1002.99,1249.81,0.00,21.18
433,2026-07-13T13:20:31Z,1003.00,1249.81,0.00,19.06
433,2026-07-13T13:20:32Z,1003.00,1249.81,0.00,17.69
435,2026-07-13T13:20:33Z,1002.99,1249.81,0.00,19.83
435,2026-07-13T13:20:34Z,1002.98,1249.81,0.00,16.30
437,2026-07-13T13:20:35Z,1002.98,1249.81,0.00,9.88
438,2026-07-13T13:20:36Z,1002.94,1249.81,0.00,10.51
439,2026-07-13T13:20:37Z,1002.94,1249.81,0.00,6.98
440,2026-07-13T13:20:38Z,1002.96,1249.81,0.00,4.74
441,2026-07-13T13:20:39Z,1002.96,1249.81,0.00,9.97
442,2026-07-13T13:20:40Z,1002.95,1249.81,0.00,10.64
442,2026-07-13T13:20:41Z,1002.94,1249.81,0.00,7.97
443,2026-07-13T13:20:42Z,1002.93,1249.81,0.00,10.76
445,2026-07-13T13:20:43Z,1002.93,1249.81,0.00,15.34
446,2026-07-13T13:20:44Z,1002.92,1249.81,0.00,19.05
447,2026-07-13T13:20:45Z,1002.92,1249.81,0.00,19.79
447,2026-07-13T13:20:46Z,1002.92,1249.81,0.00,20.22
449,2026-07-13T13:20:47Z,1002.92,1249.81,0.00,20.14
450,2026-07-13T13:20:48Z,1002.92,1249.81,0.00,21.85
451,2026-07-13T13:20:49Z,1002.92,1249.81,0.00,24.74
452,2026-07-13T13:20:50Z,1002.93,1249.81,0.00,25.69
453,2026-07-13T13:20:51Z,1002.93,1249.81,0.00,25.44
454,2026-07-13T13:20:52Z,1002.93,1249.81,0.00,25.53
455,2026-07-13T13:20:53Z,1002.93,1249.81,0.00,24.22
455,2026-07-13T13:20:54Z,1002.93,1249.81,0.00,24.08
457,2026-07-13T13:20:55Z,1002.93,1249.81,0.00,25.68
458,2026-07-13T13:20:56Z,1002.94,1249.81,0.00,25.68
459,2026-07-13T13:20:57Z,1002.94,1249.81,0.00,25.64
460,2026-07-13T13:20:58Z,1002.94,1249.81,0.00,25.62
460,2026-07-13T13:20:59Z,1002.95,1249.81,0.00,25.37
462,2026-07-13T13:21:00Z,1002.95,1249.81,0.00,25.84
463,2026-07-13T13:21:01Z,1002.97,1249.81,0.00,25.63
464,2026-07-13T13:21:02Z,1002.99,1249.81,0.00,26.41
465,2026-07-13T13:21:03Z,1002.99,1249.81,0.00,29.57
466,2026-07-13T13:21:04Z,1002.99,1249.81,0.00,33.69
467,2026-07-13T13:21:05Z,1002.97,1249.81,0.00,32.90
468,2026-07-13T13:21:06Z,1002.93,1249.81,0.00,34.05
469,2026-07-13T13:21:07Z,1002.90,45.75,0.00,40.45
470,2026-07-13T13:21:08Z,1002.90,45.75,0.00,44.62
471,2026-07-13T13:21:09Z,1002.91,45.75,0.00,46.70
471,2026-07-13T13:21:10Z,1002.93,45.75,0.00,49.30
473,2026-07-13T13:21:11Z,1002.94,45.75,0.00,51.75
474,2026-07-13T13:21:12Z,1002.96,45.75,0.00,50.53
474,2026-07-13T13:21:13Z,1002.99,45.75,0.00,46.78
476,2026-07-13T13:21:14Z,1003.01,45.75,0.00,41.65
477,2026-07-13T13:21:15Z,1003.04,45.75,0.00,40.20
478,2026-07-13T13:21:16Z,1003.08,45.75,0.00,39.27
479,2026-07-13T13:21:17Z,1003.13,45.75,0.00,38.59
479,2026-07-13T13:21:18Z,1003.15,45.75,0.00,37.46
480,2026-07-13T13:21:19Z,1003.17,45.75,0.00,32.98
481,2026-07-13T13:21:20Z,1003.20,45.75,0.00,27.47
483,2026-07-13T13:21:21Z,1003.23,45.75,0.00,26.98
483,2026-07-13T13:21:22Z,1003.24,45.75,0.00,25.95
485,2026-07-13T13:21:23Z,1003.25,45.75,0.00,25.84
485,2026-07-13T13:21:24Z,1003.29,45.75,0.00,26.52
486,2026-07-13T13:21:25Z,1003.30,45.75,0.00,25.55
488,2026-07-13T13:21:26Z,1003.30,45.75,0.00,22.01
489,2026-07-13T13:21:27Z,1003.30,559.05,0.00,18.64
490,2026-07-13T13:21:28Z,1003.29,559.05,0.00,15.76
490,2026-07-13T13:21:29Z,1003.29,559.05,0.00,6.27
491,2026-07-13T13:21:30Z,1003.30,568.40,0.00,4.01
492,2026-07-13T13:21:31Z,1003.31,568.40,0.00,5.00
493,2026-07-13T13:21:32Z,1003.32,568.40,0.00,10.46
494,2026-07-13T13:21:33Z,1003.33,568.40,0.00,19.49
495,2026-07-13T13:21:34Z,1003.36,568.40,0.00,21.66
496,2026-07-13T13:21:35Z,1003.40,568.40,0.00,27.50
498,2026-07-13T13:21:36Z,1003.44,568.40,0.00,30.67
498,2026-07-13T13:21:37Z,1003.49,568.40,0.00,35.29
499,2026-07-13T13:21:38Z,1003.52,625.58,0.00,39.86
500,2026-07-13T13:21:39Z,1003.58,625.58,0.00,43.40
501,2026-07-13T13:21:40Z,1003.61,625.58,0.00,46.21
503,2026-07-13T13:21:41Z,1003.65,625.58,0.00,45.04
503,2026-07-13T13:21:42Z,1003.66,625.58,0.00,40.59
504,2026-07-13T13:21:43Z,1003.69,625.58,0.00,43.50
505,2026-07-13T13:21:44Z,1003.69,625.58,0.00,46.82
506,2026-07-13T13:21:45Z,1003.69,625.58,0.00,47.60
507,2026-07-13T13:21:46Z,1003.68,625.58,0.00,50.36
508,2026-07-13T13:21:47Z,1003.68,625.58,0.00,47.57
509,2026-07-13T13:21:48Z,1003.69,625.58,0.00,41.59
510,2026-07-13T13:21:49Z,1003.74,625.58,0.00,35.33
511,2026-07-13T13:21:50Z,1003.77,751.83,0.00,35.21
512,2026-07-13T13:21:51Z,1003.82,751.83,0.00,34.85
513,2026-07-13T13:21:52Z,1003.85,751.83,0.00,30.09
514,2026-07-13T13:21:53Z,1003.85,760.34,0.00,25.15
515,2026-07-13T13:21:54Z,1003.88,760.34,0.00,17.76
516,2026-07-13T13:21:55Z,1003.94,760.34,0.00,14.53
517,2026-07-13T13:21:56Z,1003.97,760.34,0.00,9.63
518,2026-07-13T13:21:57Z,1003.99,760.34,0.00,7.91
519,2026-07-13T13:21:58Z,1004.00,35.00,0.00,11.78
520,2026-07-13T13:21:59Z,1004.01,35.00,0.00,15.31
521,2026-07-13T13:22:00Z,1004.03,35.00,0.00,15.66
522,2026-07-13T13:22:01Z,1004.06,35.00,0.00,16.39
523,2026-07-13T13:22:02Z,1004.06,35.00,0.00,14.70
524,2026-07-13T13:22:03Z,1004.04,35.00,0.00,13.95
525,2026-07-13T13:22:04Z,1004.01,35.00,0.00,12.88
526,2026-07-13T13:22:05Z,1003.98,35.00,0.00,13.07
527,2026-07-13T13:22:06Z,1003.94,35.00,0.00,12.09
528,2026-07-13T13:22:07Z,1003.94,35.00,0.00,13.87
529,2026-07-13T13:22:08Z,1003.94,35.00,0.00,13.97
530,2026-07-13T13:22:09Z,1003.96,35.00,0.00,12.63
531,2026-07-13T13:22:10Z,1003.97,35.00,0.00,10.23
532,2026-07-13T13:22:11Z,1003.97,35.00,0.00,7.82
533,2026-07-13T13:22:12Z,1003.97,35.00,0.00,5.97
534,2026-07-13T13:22:13Z,1003.98,35.00,0.00,7.88
535,2026-07-13T13:22:14Z,1003.99,35.00,0.00,14.53
537,2026-07-13T13:22:15Z,1003.99,35.00,0.00,12.67
538,2026-07-13T13:22:16Z,1003.98,35.00,0.00,9.63
538,2026-07-13T13:22:17Z,1003.97,35.00,0.00,10.17
539,2026-07-13T13:22:18Z,1003.96,35.00,0.00,10.14
540,2026-07-13T13:22:19Z,1003.94,35.00,0.00,9.50
541,2026-07-13T13:22:20Z,1003.94,35.00,0.00,9.51
542,2026-07-13T13:22:21Z,1004.00,35.00,0.00,9.44
543,2026-07-13T13:22:22Z,1004.05,35.00,0.00,10.10
545,2026-07-13T13:22:23Z,1004.08,35.00,0.00,11.26
545,2026-07-13T13:22:24Z,1004.08,32.00,2.73,11.17
546,2026-07-13T13:22:25Z,1003.99,32.00,3.48,11.37
547,2026-07-13T13:22:26Z,1003.96,32.00,2.73,12.90
549,2026-07-13T13:22:27Z,1003.93,32.00,2.34,12.98
550,2026-07-13T13:22:28Z,1003.91,34.95,1.46,12.85
551,2026-07-13T13:22:29Z,1003.91,37.29,1.46,9.17
552,2026-07-13T13:22:30Z,1003.94,37.86,0.64,9.11
553,2026-07-13T13:22:31Z,1003.94,38.35,0.64,11.01
554,2026-07-13T13:22:32Z,1003.91,37.50,1.17,7.18
555,2026-07-13T13:22:33Z,1003.90,32.00,3.15,4.64
556,2026-07-13T13:22:34Z,1003.90,32.00,3.15,5.75
557,2026-07-13T13:22:35Z,1003.94,32.00,4.44,5.42
558,2026-07-13T13:22:36Z,1003.94,32.00,5.61,4.74
559,2026-07-13T13:22:37Z,1003.97,32.00,5.61,4.38
560,2026-07-13T13:22:38Z,1004.02,32.00,5.30,6.94
561,2026-07-13T13:22:39Z,1004.08,32.00,5.30,6.94
562,2026-07-13T13:22:40Z,1004.13,32.00,7.44,5.44
563,2026-07-13T13:22:41Z,1004.21,32.00,7.44,3.74
564,2026-07-13T13:22:42Z,1004.29,32.00,7.27,4.68
565,2026-07-13T13:22:43Z,1004.36,32.00,7.16,4.04
566,2026-07-13T13:22:44Z,1004.45,32.00,6.92,4.95
567,2026-07-13T13:22:45Z,1004.52,32.00,7.22,3.77
568,2026-07-13T13:22:46Z,1004.60,32.00,7.01,12.75
569,2026-07-13T13:22:47Z,1004.68,32.00,7.03,11.92
570,2026-07-13T13:22:48Z,1004.77,32.00,7.10,11.34
571,2026-07-13T13:22:49Z,1004.84,32.00,7.10,13.57
572,2026-07-13T13:22:50Z,1004.91,32.00,6.29,11.01
573,2026-07-13T13:22:51Z,1004.96,32.00,6.21,10.82
574,2026-07-13T13:22:52Z,1005.00,32.00,4.92,11.49
575,2026-07-13T13:22:53Z,1005.01,32.00,4.92,9.79
576,2026-07-13T13:22:54Z,1005.02,32.00,4.92,9.99
577,2026-07-13T13:22:55Z,1005.03,32.00,4.99,10.20
578,2026-07-13T13:22:56Z,1005.04,32.00,4.50,8.43
579,2026-07-13T13:22:57Z,1005.06,32.00,4.50,8.59
580,2026-07-13T13:22:58Z,1005.09,32.00,4.18,8.80
581,2026-07-13T13:22:59Z,1005.11,32.00,4.18,8.68
582,2026-07-13T13:23:00Z,1005.12,32.00,10.91,4.79
583,2026-07-13T13:23:01Z,1005.18,32.00,10.91,7.53
584,2026-07-13T13:23:02Z,1005.21,32.00,9.64,7.75
585,2026-07-13T13:23:03Z,1005.22,32.00,9.10,6.15
586,2026-07-13T13:23:04Z,1005.24,32.00,7.18,6.35
587,2026-07-13T13:23:05Z,1005.26,34.93,7.18,7.08
588,2026-07-13T13:23:06Z,1005.26,38.75,6.25,8.70
589,2026-07-13T13:23:07Z,1005.26,38.14,6.18,7.93
590,2026-07-13T13:23:08Z,1005.28,38.62,2.16,7.27
591,2026-07-13T13:23:09Z,1005.29,34.32,2.16,6.29
592,2026-07-13T13:23:10Z,1005.30,32.00,1.17,6.07
593,2026-07-13T13:23:11Z,1005.31,32.00,1.04,5.26
594,2026-07-13T13:23:12Z,1005.33,32.00,0.37,4.18
595,2026-07-13T13:23:13Z,1005.33,32.00,0.62,6.12
596,2026-07-13T13:23:14Z,1005.34,32.00,0.62,5.04
597,2026-07-13T13:23:15Z,1005.35,32.00,0.75,6.34
598,2026-07-13T13:23:16Z,1005.35,32.00,0.75,8.91
599,2026-07-13T13:23:17Z,1005.42,32.00,0.75,8.81
600,2026-07-13T13:23:18Z,1005.42,32.00,0.16,8.47
601,2026-07-13T13:23:19Z,1005.41,32.00,0.18,8.06
602,2026-07-13T13:23:20Z,1005.40,32.00,0.28,8.20
603,2026-07-13T13:23:21Z,1005.39,32.00,0.39,8.46
604,2026-07-13T13:23:22Z,1005.35,32.00,0.39,7.53
605,2026-07-13T13:23:23Z,1005.35,32.00,0.39,8.45
606,2026-07-13T13:23:24Z,1005.35,32.00,0.58,7.88
607,2026-07-13T13:23:25Z,1005.37,32.00,0.58,8.19
608,2026-07-13T13:23:26Z,1005.38,32.00,0.24,8.24
609,2026-07-13T13:23:27Z,1005.38,32.00,0.24,8.29
610,2026-07-13T13:23:28Z,1005.38,32.00,0.24,8.56
611,2026-07-13T13:23:29Z,1005.38,32.00,0.56,8.80
612,2026-07-13T13:23:30Z,1005.41,32.00,0.56,9.44
613,2026-07-13T13:23:31Z,1005.43,32.00,0.55,10.36
614,2026-07-13T13:23:32Z,1005.42,32.00,0.55,10.71
615,2026-07-13T13:23:33Z,1005.43,32.00,0.55,10.73
616,2026-07-13T13:23:34Z,1005.44,32.00,0.55,12.84
617,2026-07-13T13:23:35Z,1005.44,32.00,0.80,11.20
618,2026-07-13T13:23:36Z,1005.39,32.00,0.36,12.31
619,2026-07-13T13:23:37Z,1005.37,32.00,1.23,11.76
620,2026-07-13T13:23:38Z,1005.34,32.00,0.46,13.44
621,2026-07-13T13:23:39Z,1005.34,32.00,0.46,13.41
622,2026-07-13T13:23:40Z,1005.38,32.00,0.46,15.06
623,2026-07-13T13:23:41Z,1005.44,32.00,1.05,12.78
624,2026-07-13T13:23:42Z,1005.44,32.00,0.23,9.93
625,2026-07-13T13:23:43Z,1005.43,32.00,0.13,9.00
626,2026-07-13T13:23:44Z,1005.43,32.00,0.29,10.03
627,2026-07-13T13:23:45Z,1005.41,32.00,0.16,12.04
628,2026-07-13T13:23:46Z,1005.40,32.00,0.29,16.60
629,2026-07-13T13:23:47Z,1005.40,32.00,0.84,24.48
630,2026-07-13T13:23:48Z,1005.42,32.00,0.97,26.95
631,2026-07-13T13:23:49Z,1005.43,32.00,2.01,29.37
632,2026-07-13T13:23:50Z,1005.42,32.00,2.01,27.04
633,2026-07-13T13:23:51Z,1005.42,32.00,2.01,27.88
634,2026-07-13T13:23:52Z,1005.42,34.37,3.59,32.30
635,2026-07-13T13:23:53Z,1005.41,35.88,3.91,28.78
636,2026-07-13T13:23:54Z,1005.40,36.70,3.86,28.36
637,2026-07-13T13:23:55Z,1005.37,36.70,3.86,28.07
638,2026-07-13T13:23:56Z,1005.35,37.36,3.86,25.60
639,2026-07-13T13:23:57Z,1005.33,39.05,3.64,25.53
640,2026-07-13T13:23:58Z,1005.30,38.99,3.60,27.87
641,2026-07-13T13:23:59Z,1005.28,39.46,3.64,27.14
642,2026-07-13T13:24:00Z,1005.26,39.46,3.44,29.73
643,2026-07-13T13:24:01Z,1005.21,39.15,3.44,25.79
644,2026-07-13T13:24:02Z,1005.20,38.24,3.33,26.04
645,2026-07-13T13:24:03Z,1005.20,37.31,3.24,28.76
646,2026-07-13T13:24:04Z,1005.23,36.20,3.24,29.54
647,2026-07-13T13:24:05Z,1005.23,35.13,2.79,27.00
648,2026-07-13T13:24:06Z,1005.22,34.90,2.79,30.47
649,2026-07-13T13:24:07Z,1005.19,35.24,2.33,27.67
650,2026-07-13T13:24:08Z,1005.19,35.24,2.33,28.79
651,2026-07-13T13:24:09Z,1005.19,35.67,2.04,28.81
652,2026-07-13T13:24:10Z,1005.19,34.68,0.23,28.74
653,2026-07-13T13:24:11Z,1005.16,34.68,0.23,28.49
654,2026-07-13T13:24:12Z,1005.16,25.00,0.20,28.39
655,2026-07-13T13:24:13Z,1005.16,25.00,0.30,27.65
656,2026-07-13T13:24:14Z,1005.13,25.00,0.30,27.24
657,2026-07-13T13:24:15Z,1005.13,25.00,0.30,27.89
658,2026-07-13T13:24:16Z,1005.16,25.00,3.33,28.55
659,2026-07-13T13:24:17Z,1005.14,25.00,2.67,29.37
660,2026-07-13T13:24:18Z,1005.13,25.00,2.67,30.04
661,2026-07-13T13:24:19Z,1005.13,25.00,2.67,29.60
662,2026-07-13T13:24:20Z,1005.13,25.00,3.71,30.13
663,2026-07-13T13:24:21Z,1005.10,25.00,3.96,29.91
664,2026-07-13T13:24:22Z,1005.10,25.00,3.96,31.08
665,2026-07-13T13:24:23Z,1005.13,25.00,3.96,32.22
666,2026-07-13T13:24:24Z,1005.20,25.00,5.54,22.83
667,2026-07-13T13:24:25Z,1005.22,25.00,5.32,32.42
668,2026-07-13T13:24:26Z,1005.24,25.00,5.34,30.19
669,2026-07-13T13:24:27Z,1005.29,25.00,5.34,30.83
670,2026-07-13T13:24:28Z,1005.33,25.00,5.34,33.63
671,2026-07-13T13:24:29Z,1005.36,25.00,5.34,30.38
672,2026-07-13T13:24:30Z,1005.40,25.00,5.34,30.42
673,2026-07-13T13:24:31Z,1005.56,25.00,5.34,31.48
674,2026-07-13T13:24:32Z,1005.63,25.00,5.34,36.05
675,2026-07-13T13:24:33Z,1005.68,25.00,5.34,25.75
676,2026-07-13T13:24:34Z,1005.72,25.00,3.10,31.78
677,2026-07-13T13:24:35Z,1005.72,25.00,1.46,32.54
678,2026-07-13T13:24:36Z,1005.70,25.00,1.46,32.78
679,2026-07-13T13:24:37Z,1005.74,25.00,0.93,32.34
680,2026-07-13T13:24:38Z,1005.75,25.00,0.65,32.37
681,2026-07-13T13:24:39Z,1005.77,25.00,0.41,32.53
682,2026-07-13T13:24:40Z,1005.81,25.00,0.41,31.90
683,2026-07-13T13:24:41Z,1005.81,25.00,0.33,32.43
684,2026-07-13T13:24:42Z,1005.82,25.00,0.08,32.41
685,2026-07-13T13:24:43Z,1005.82,25.00,0.00,32.28
686,2026-07-13T13:24:44Z,1005.82,25.00,0.00,32.19
687,2026-07-13T13:24:45Z,1005.82,25.00,0.02,32.26
688,2026-07-13T13:24:46Z,1005.82,25.00,0.01,31.95
689,2026-07-13T13:24:47Z,1005.82,25.00,0.01,31.92
690,2026-07-13T13:24:48Z,1005.83,25.00,0.09,31.96
691,2026-07-13T13:24:49Z,1005.83,25.00,0.12,31.97
692,2026-07-13T13:24:50Z,1005.82,25.00,0.21,32.22
693,2026-07-13T13:24:51Z,1005.82,25.00,0.02,32.00
694,2026-07-13T13:24:52Z,1005.82,25.00,0.02,32.18
695,2026-07-13T13:24:53Z,1005.82,25.00,0.02,32.15
696,2026-07-13T13:24:54Z,1005.81,25.00,0.02,32.10
697,2026-07-13T13:24:55Z,1005.81,25.00,0.02,32.09
698,2026-07-13T13:24:56Z,1005.86,25.00,0.20,32.00
699,2026-07-13T13:24:57Z,1005.86,25.00,0.06,31.78
700,2026-07-13T13:24:58Z,1005.82,25.00,0.20,32.48
701,2026-07-13T13:24:59Z,1005.82,25.00,0.20,35.40
702,2026-07-13T13:25:00Z,1005.81,25.00,1.29,35.36
703,2026-07-13T13:25:01Z,1005.81,25.00,1.90,36.68
704,2026-07-13T13:25:02Z,1005.82,25.00,1.90,41.07
705,2026-07-13T13:25:03Z,1005.83,25.00,2.53,42.37
706,2026-07-13T13:25:04Z,1005.83,25.00,2.91,45.32
707,2026-07-13T13:25:05Z,1005.82,25.00,3.09,43.58
708,2026-07-13T13:25:06Z,1005.82,25.00,3.09,42.35
709,2026-07-13T13:25:07Z,1005.82,25.00,3.09,43.12
710,2026-07-13T13:25:08Z,1005.80,25.00,4.52,43.01
711,2026-07-13T13:25:09Z,1005.79,25.00,4.81,43.17
712,2026-07-13T13:25:10Z,1005.74,25.00,5.25,43.54
713,2026-07-13T13:25:11Z,1005.69,25.00,5.69,42.49
714,2026-07-13T13:25:12Z,1005.65,25.00,5.63,41.84
715,2026-07-13T13:25:13Z,1005.59,25.00,5.69,42.48
716,2026-07-13T13:25:14Z,1005.52,25.00,5.90,42.17
717,2026-07-13T13:25:15Z,1005.50,25.00,5.83,42.17
718,2026-07-13T13:25:16Z,1005.47,25.00,5.83,43.58
719,2026-07-13T13:25:17Z,1005.44,25.00,5.80,43.26
720,2026-07-13T13:25:18Z,1005.42,25.00,5.41,43.23
721,2026-07-13T13:25:19Z,1005.38,25.00,5.38,39.84
722,2026-07-13T13:25:20Z,1005.37,25.00,5.38,38.99
723,2026-07-13T13:25:21Z,1005.37,25.00,6.72,38.25
724,2026-07-13T13:25:22Z,1005.37,25.00,6.72,38.33
725,2026-07-13T13:25:23Z,1005.31,25.00,7.24,39.83
726,2026-07-13T13:25:24Z,1005.30,25.00,7.30,37.74
727,2026-07-13T13:25:25Z,1005.24,25.00,8.73,37.23
728,2026-07-13T13:25:26Z,1005.17,25.00,8.73,40.51
729,2026-07-13T13:25:27Z,1005.09,25.00,7.94,42.01
730,2026-07-13T13:25:28Z,1005.05,25.00,6.40,40.60
731,2026-07-13T13:25:29Z,1005.07,25.00,6.40,39.57
732,2026-07-13T13:25:30Z,1005.07,25.00,8.17,40.10
733,2026-07-13T13:25:31Z,1005.07,25.00,9.29,48.24
734,2026-07-13T13:25:32Z,1005.03,25.00,8.44,38.68
735,2026-07-13T13:25:33Z,1004.96,25.00,9.09,36.14
736,2026-07-13T13:25:34Z,1004.90,25.00,9.09,41.91
737,2026-07-13T13:25:35Z,1004.81,25.00,8.48,38.29
738,2026-07-13T13:25:36Z,1004.66,25.00,8.48,36.27
739,2026-07-13T13:25:37Z,1004.57,25.00,7.56,39.08
740,2026-07-13T13:25:38Z,1004.48,25.00,6.81,41.90
741,2026-07-13T13:25:39Z,1004.39,25.00,6.63,39.92
742,2026-07-13T13:25:40Z,1004.22,25.00,5.54,38.52
743,2026-07-13T13:25:41Z,1004.16,25.00,5.54,39.25
744,2026-07-13T13:25:42Z,1004.11,25.00,4.69,39.91
745,2026-07-13T13:25:43Z,1004.05,25.00,4.69,39.97
746,2026-07-13T13:25:44Z,1004.00,25.00,3.53,37.59
747,2026-07-13T13:25:45Z,1003.96,25.00,1.90,39.39
748,2026-07-13T13:25:46Z,1003.92,25.00,0.12,39.90
749,2026-07-13T13:25:47Z,1003.86,25.00,0.47,39.46
750,2026-07-13T13:25:48Z,1003.85,25.00,0.04,40.12
751,2026-07-13T13:25:49Z,1003.84,25.00,0.38,40.16
752,2026-07-13T13:25:50Z,1003.84,25.00,0.38,40.07
753,2026-07-13T13:25:51Z,1003.85,25.00,0.08,39.98
754,2026-07-13T13:25:52Z,1003.85,25.00,0.09,40.14
755,2026-07-13T13:25:53Z,1003.82,25.00,0.07,39.89
756,2026-07-13T13:25:54Z,1003.81,25.00,0.22,39.96
757,2026-07-13T13:25:55Z,1003.81,25.00,0.07,40.09
758,2026-07-13T13:25:56Z,1003.77,25.00,0.09,40.51
759,2026-07-13T13:25:57Z,1003.77,25.00,0.08,39.89
760,2026-07-13T13:25:58Z,1003.80,25.00,0.09,40.80
761,2026-07-13T13:25:59Z,1003.80,25.00,0.15,46.44
762,2026-07-13T13:26:00Z,1003.82,25.00,0.29,46.21
763,2026-07-13T13:26:01Z,1003.84,25.00,0.29,45.37
764,2026-07-13T13:26:02Z,1003.84,25.00,0.29,45.66
765,2026-07-13T13:26:03Z,1003.84,25.00,0.38,45.62
766,2026-07-13T13:26:04Z,1003.84,25.00,0.00,45.71
767,2026-07-13T13:26:05Z,1003.84,25.00,0.00,45.71
768,2026-07-13T13:26:06Z,1003.84,25.00,0.00,45.72
769,2026-07-13T13:26:07Z,1003.84,25.00,0.00,45.83
770,2026-07-13T13:26:08Z,1003.84,25.00,0.00,45.55
771,2026-07-13T13:26:09Z,1003.84,25.00,0.00,45.60
772,2026-07-13T13:26:10Z,1003.84,25.00,0.00,45.62
773,2026-07-13T13:26:11Z,1003.84,25.00,0.86,43.53
774,2026-07-13T13:26:12Z,1003.84,25.00,0.16,39.57
775,2026-07-13T13:26:13Z,1003.83,25.00,0.24,40.53
776,2026-07-13T13:26:14Z,1003.83,25.00,0.24,40.42
777,2026-07-13T13:26:15Z,1003.83,25.00,0.34,40.22
778,2026-07-13T13:26:16Z,1003.82,25.00,0.15,40.89
779,2026-07-13T13:26:17Z,1003.82,25.00,0.32,40.62
780,2026-07-13T13:26:18Z,1003.81,25.00,0.31,40.96
781,2026-07-13T13:26:19Z,1003.81,25.00,0.32,40.28
782,2026-07-13T13:26:20Z,1003.81,25.00,1.78,41.48
783,2026-07-13T13:26:21Z,1003.82,25.00,2.13,41.95
784,2026-07-13T13:26:22Z,1003.80,25.00,2.13,43.31
785,2026-07-13T13:26:23Z,1003.79,25.00,2.13,43.30
786,2026-07-13T13:26:24Z,1003.75,25.00,2.04,40.24
787,2026-07-13T13:26:25Z,1003.67,25.00,1.62,42.46
788,2026-07-13T13:26:26Z,1003.62,25.00,2.77,42.92
789,2026-07-13T13:26:27Z,1003.57,25.00,2.77,42.40
790,2026-07-13T13:26:28Z,1003.53,25.00,5.09,43.30
791,2026-07-13T13:26:29Z,1003.46,25.00,5.82,42.05
792,2026-07-13T13:26:30Z,1003.43,25.00,6.25,42.03
793,2026-07-13T13:26:31Z,1003.37,25.00,6.25,42.63
794,2026-07-13T13:26:32Z,1003.33,25.00,6.25,43.58
795,2026-07-13T13:26:33Z,1003.20,25.00,7.83,42.43
796,2026-07-13T13:26:34Z,1003.16,25.00,9.14,41.23
797,2026-07-13T13:26:35Z,1003.09,25.00,9.14,43.37
798,2026-07-13T13:26:36Z,1003.01,30.68,8.90,43.45
799,2026-07-13T13:26:37Z,1002.95,25.00,8.90,43.39
800,2026-07-13T13:26:38Z,1002.84,25.00,8.90,42.99
801,2026-07-13T13:26:39Z,1002.73,25.00,9.36,44.07
802,2026-07-13T13:26:40Z,1002.73,25.00,7.40,43.19
803,2026-07-13T13:26:41Z,1002.63,25.00,7.40,41.67
804,2026-07-13T13:26:42Z,1002.53,25.00,6.84,40.89
805,2026-07-13T13:26:43Z,1002.48,25.00,6.39,41.87
806,2026-07-13T13:26:44Z,1002.44,25.00,6.39,44.43
807,2026-07-13T13:26:45Z,1002.40,25.00,9.27,43.61
808,2026-07-13T13:26:46Z,1002.36,25.00,9.27,41.45
809,2026-07-13T13:26:47Z,1002.26,25.00,9.27,42.10
810,2026-07-13T13:26:48Z,1002.22,25.00,10.17,43.43
811,2026-07-13T13:26:49Z,1002.16,25.00,11.40,43.26
812,2026-07-13T13:26:50Z,1002.06,25.00,11.06,42.34
813,2026-07-13T13:26:51Z,1002.06,25.00,11.39,42.18
814,2026-07-13T13:26:52Z,1002.04,25.00,11.39,41.24
815,2026-07-13T13:26:53Z,1002.03,25.00,12.03,39.56
816,2026-07-13T13:26:54Z,1001.98,25.00,12.07,42.25
817,2026-07-13T13:26:55Z,1001.93,25.00,11.09,42.13
818,2026-07-13T13:26:56Z,1001.88,25.00,11.09,44.03
819,2026-07-13T13:26:57Z,1001.84,25.00,11.09,60.29
820,2026-07-13T13:26:58Z,1001.82,25.00,9.95,24.27
821,2026-07-13T13:26:59Z,1001.79,25.00,9.04,47.40
822,2026-07-13T13:27:00Z,1001.78,25.00,7.26,38.61
823,2026-07-13T13:27:01Z,1001.75,16.00,7.26,40.66
824,2026-07-13T13:27:02Z,1001.73,16.00,5.23,27.68
825,2026-07-13T13:27:03Z,1001.71,16.00,5.23,52.05
826,2026-07-13T13:27:04Z,1001.71,16.00,2.88,60.34
827,2026-07-13T13:27:05Z,1001.71,16.00,1.20,67.14
828,2026-07-13T13:27:06Z,1001.66,16.00,1.20,66.85
829,2026-07-13T13:27:07Z,1001.65,16.00,0.59,66.62
830,2026-07-13T13:27:08Z,1001.64,16.00,0.42,67.02
831,2026-07-13T13:27:09Z,1001.61,16.00,0.17,67.67
832,2026-07-13T13:27:10Z,1001.61,16.00,0.17,67.33
833,2026-07-13T13:27:11Z,1001.63,16.00,0.24,67.48
834,2026-07-13T13:27:12Z,1001.66,16.00,0.24,67.53
835,2026-07-13T13:27:13Z,1001.66,16.00,0.14,67.44
836,2026-07-13T13:27:14Z,1001.65,16.00,0.25,69.34
837,2026-07-13T13:27:15Z,1001.65,16.00,0.09,68.48
838,2026-07-13T13:27:16Z,1001.65,16.00,0.36,67.19
839,2026-07-13T13:27:17Z,1001.63,16.00,0.35,68.10
840,2026-07-13T13:27:18Z,1001.63,16.00,0.08,68.05
841,2026-07-13T13:27:19Z,1001.64,16.00,0.17,67.97
842,2026-07-13T13:27:20Z,1001.64,16.00,0.33,74.83
843,2026-07-13T13:27:21Z,1001.64,16.00,0.82,82.34
844,2026-07-13T13:27:22Z,1001.64,16.00,0.82,79.55
845,2026-07-13T13:27:23Z,1001.64,16.00,1.93,40.44
846,2026-07-13T13:27:24Z,1001.64,16.00,2.41,48.74
847,2026-07-13T13:27:25Z,1001.62,16.00,4.07,38.88
848,2026-07-13T13:27:26Z,1001.60,16.00,4.67,20.57
849,2026-07-13T13:27:27Z,1001.57,16.00,4.67,38.04
850,2026-07-13T13:27:28Z,1001.54,16.00,4.72,46.00
851,2026-07-13T13:27:29Z,1001.50,25.00,5.10,35.76
852,2026-07-13T13:27:30Z,1001.46,16.00,6.70,41.19
853,2026-07-13T13:27:31Z,1001.42,16.00,7.34,43.90
854,2026-07-13T13:27:32Z,1001.36,16.00,7.34,46.22
855,2026-07-13T13:27:33Z,1001.30,16.00,7.99,49.76
856,2026-07-13T13:27:34Z,1001.25,16.00,8.02,45.66
857,2026-07-13T13:27:35Z,1001.18,16.00,8.31,40.67
858,2026-07-13T13:27:36Z,1001.12,16.00,9.12,36.60
859,2026-07-13T13:27:37Z,1001.07,16.00,9.12,44.35
860,2026-07-13T13:27:38Z,1001.01,16.00,9.94,43.57
861,2026-07-13T13:27:39Z,1000.94,16.00,9.57,43.05
862,2026-07-13T13:27:40Z,1000.88,16.00,9.57,43.78
863,2026-07-13T13:27:41Z,1000.83,16.00,9.25,44.51
864,2026-07-13T13:27:42Z,1000.78,25.00,9.25,43.14
865,2026-07-13T13:27:43Z,1000.72,25.00,9.45,42.94
866,2026-07-13T13:27:44Z,1000.68,25.00,9.72,42.15
867,2026-07-13T13:27:45Z,1000.60,25.00,9.72,43.30
868,2026-07-13T13:27:46Z,1000.55,25.00,9.01,41.73
869,2026-07-13T13:27:47Z,1000.51,25.00,8.54,45.22
870,2026-07-13T13:27:48Z,1000.47,25.00,7.56,42.75
871,2026-07-13T13:27:49Z,1000.43,25.00,7.38,41.66
872,2026-07-13T13:27:50Z,1000.39,25.00,7.38,42.03
873,2026-07-13T13:27:51Z,1000.35,41.61,7.38,42.03
874,2026-07-13T13:27:52Z,1000.30,25.00,7.44,41.29
875,2026-07-13T13:27:53Z,1000.25,25.00,7.44,42.46
876,2026-07-13T13:27:54Z,1000.23,25.00,8.17,40.64
877,2026-07-13T13:27:55Z,1000.15,25.00,8.27,42.85
878,2026-07-13T13:27:56Z,1000.09,16.00,8.17,41.89
879,2026-07-13T13:27:57Z,1000.03,16.00,7.50,41.66
880,2026-07-13T13:27:58Z,999.98,16.00,7.50,42.81
881,2026-07-13T13:27:59Z,999.90,16.00,8.03,44.06
882,2026-07-13T13:28:00Z,999.88,16.00,8.03,42.13
883,2026-07-13T13:28:01Z,999.84,16.00,7.92,41.90
884,2026-07-13T13:28:02Z,999.79,16.00,7.62,42.52
885,2026-07-13T13:28:03Z,999.74,16.00,7.62,44.81
886,2026-07-13T13:28:04Z,999.68,16.00,8.00,43.04
887,2026-07-13T13:28:05Z,999.63,16.00,8.00,42.64
888,2026-07-13T13:28:06Z,999.57,16.00,7.40,42.64
889,2026-07-13T13:28:07Z,999.57,16.00,7.09,42.46
890,2026-07-13T13:28:08Z,999.53,16.00,6.98,45.06
891,2026-07-13T13:28:09Z,999.49,16.00,6.54,43.53
892,2026-07-13T13:28:10Z,999.41,16.00,6.54,44.53
893,2026-07-13T13:28:11Z,999.40,16.00,6.14,36.09
894,2026-07-13T13:28:12Z,999.37,16.00,6.09,35.38
895,2026-07-13T13:28:13Z,999.30,8.00,6.09,39.91
896,2026-07-13T13:28:14Z,999.30,8.00,4.66,50.65
897,2026-07-13T13:28:15Z,999.30,8.00,4.66,38.15
898,2026-07-13T13:28:16Z,999.29,16.00,4.54,34.87
899,2026-07-13T13:28:17Z,999.27,16.00,4.20,42.25
900,2026-07-13T13:28:18Z,999.25,16.00,2.65,51.03
901,2026-07-13T13:28:19Z,999.23,16.00,1.07,48.48
902,2026-07-13T13:28:20Z,999.20,16.00,1.47,49.81
903,2026-07-13T13:28:21Z,999.20,16.00,1.07,49.96
904,2026-07-13T13:28:22Z,999.19,12.00,0.17,49.30
905,2026-07-13T13:28:23Z,999.18,12.00,0.17,49.59
906,2026-07-13T13:28:24Z,999.18,12.00,0.17,49.25
907,2026-07-13T13:28:25Z,999.19,12.00,0.62,49.40
908,2026-07-13T13:28:26Z,999.19,12.00,0.62,49.37
909,2026-07-13T13:28:27Z,999.21,9.04,0.07,49.30
910,2026-07-13T13:28:28Z,999.21,9.54,0.24,49.30
911,2026-07-13T13:28:29Z,999.19,9.54,0.24,49.01
912,2026-07-13T13:28:30Z,999.19,9.54,0.24,49.41
913,2026-07-13T13:28:31Z,999.25,16.76,0.74,43.64
914,2026-07-13T13:28:32Z,999.25,16.00,1.91,43.64
915,2026-07-13T13:28:33Z,999.24,16.00,1.91,38.94
916,2026-07-13T13:28:34Z,999.24,16.00,1.91,40.21
917,2026-07-13T13:28:35Z,999.24,16.00,4.24,26.69
918,2026-07-13T13:28:36Z,999.14,16.00,4.24,40.11
919,2026-07-13T13:28:37Z,999.09,34.28,4.94,35.74
920,2026-07-13T13:28:38Z,999.08,16.00,5.52,39.85
921,2026-07-13T13:28:39Z,999.03,17.48,4.48,47.80
922,2026-07-13T13:28:40Z,998.99,17.48,4.48,52.09
923,2026-07-13T13:28:41Z,998.94,6.00,4.48,47.17
924,2026-07-13T13:28:42Z,998.94,6.00,4.99,34.89
925,2026-07-13T13:28:43Z,998.94,6.00,4.99,33.73
926,2026-07-13T13:28:44Z,998.91,6.00,4.99,33.44
927,2026-07-13T13:28:45Z,998.91,6.00,4.99,31.99
928,2026-07-13T13:28:46Z,998.91,6.00,4.99,31.75
929,2026-07-13T13:28:47Z,998.93,6.00,4.99,32.70
930,2026-07-13T13:28:48Z,998.93,6.00,4.99,32.28
931,2026-07-13T13:28:49Z,998.86,6.00,4.99,32.53
932,2026-07-13T13:28:50Z,998.78,8.00,9.56,32.54
933,2026-07-13T13:28:51Z,998.59,8.00,9.43,33.60
934,2026-07-13T13:28:52Z,998.48,8.00,9.43,34.54
935,2026-07-13T13:28:53Z,998.46,8.00,9.43,35.12
936,2026-07-13T13:28:54Z,998.46,8.00,9.43,34.99
937,2026-07-13T13:28:55Z,998.49,8.00,9.43,35.57
938,2026-07-13T13:28:56Z,998.58,8.00,9.43,35.16
939,2026-07-13T13:28:57Z,998.62,25.00,5.85,34.85
940,2026-07-13T13:28:58Z,998.62,25.00,4.91,34.74
941,2026-07-13T13:28:59Z,998.50,25.00,1.50,34.26
942,2026-07-13T13:29:00Z,998.39,25.00,1.50,34.44
943,2026-07-13T13:29:01Z,998.39,25.00,0.14,34.08
944,2026-07-13T13:29:02Z,998.39,25.00,0.14,34.46
945,2026-07-13T13:29:03Z,998.41,25.00,0.14,34.33
946,2026-07-13T13:29:04Z,998.47,25.00,1.31,34.08
947,2026-07-13T13:29:05Z,998.58,25.00,2.08,34.30
948,2026-07-13T13:29:06Z,998.55,25.00,2.08,33.96
949,2026-07-13T13:29:07Z,998.55,6.00,2.31,33.56
950,2026-07-13T13:29:08Z,998.55,6.00,2.31,34.82
951,2026-07-13T13:29:09Z,998.55,6.00,2.31,35.43
952,2026-07-13T13:29:10Z,998.58,6.00,3.97,36.65
953,2026-07-13T13:29:11Z,998.58,6.00,3.97,34.94
954,2026-07-13T13:29:12Z,998.53,6.00,4.36,32.06
955,2026-07-13T13:29:13Z,998.50,8.00,5.08,30.35
956,2026-07-13T13:29:14Z,998.45,8.00,5.99,30.47
957,2026-07-13T13:29:15Z,998.35,8.00,5.99,28.95
958,2026-07-13T13:29:16Z,998.35,8.00,5.99,28.94
959,2026-07-13T13:29:17Z,998.36,8.00,6.88,29.51
960,2026-07-13T13:29:18Z,998.37,8.00,6.99,30.15
961,2026-07-13T13:29:19Z,998.36,8.00,8.49,29.95
962,2026-07-13T13:29:20Z,998.34,8.00,9.39,28.94
963,2026-07-13T13:29:21Z,998.33,8.00,9.39,29.03
964,2026-07-13T13:29:22Z,998.31,8.00,9.52,27.67
965,2026-07-13T13:29:23Z,998.31,8.00,9.61,27.57
966,2026-07-13T13:29:24Z,998.31,8.00,9.63,28.23
967,2026-07-13T13:29:25Z,998.32,8.00,9.73,27.58
968,2026-07-13T13:29:26Z,998.34,8.00,9.73,28.73
969,2026-07-13T13:29:27Z,998.36,8.00,9.92,29.64
970,2026-07-13T13:29:28Z,998.38,8.00,10.06,31.27
971,2026-07-13T13:29:29Z,998.38,8.00,9.92,30.80
972,2026-07-13T13:29:30Z,998.41,8.00,9.92,30.24
973,2026-07-13T13:29:31Z,998.47,8.00,9.92,31.10
974,2026-07-13T13:29:32Z,998.52,8.00,9.92,31.20
975,2026-07-13T13:29:33Z,998.55,8.00,9.92,31.31
976,2026-07-13T13:29:34Z,998.58,8.00,9.48,30.83
977,2026-07-13T13:29:35Z,998.58,8.00,9.46,33.13
978,2026-07-13T13:29:36Z,998.53,8.00,9.46,30.79
979,2026-07-13T13:29:37Z,998.53,6.00,9.67,31.18
980,2026-07-13T13:29:38Z,998.53,6.00,9.89,31.79
981,2026-07-13T13:29:39Z,998.54,6.00,9.89,29.85
982,2026-07-13T13:29:40Z,998.57,6.00,9.85,30.60
983,2026-07-13T13:29:41Z,998.65,6.00,9.85,31.75
984,2026-07-13T13:29:42Z,998.67,6.00,9.85,31.57
985,2026-07-13T13:29:43Z,998.69,6.00,9.85,30.78
986,2026-07-13T13:29:44Z,998.79,6.00,10.50,31.07
987,2026-07-13T13:29:45Z,998.80,6.00,10.42,31.98
988,2026-07-13T13:29:46Z,998.84,6.00,9.93,31.39
989,2026-07-13T13:29:47Z,998.84,6.00,9.93,32.16
990,2026-07-13T13:29:48Z,998.88,6.00,9.93,31.48
991,2026-07-13T13:29:49Z,998.92,6.00,9.93,31.92
992,2026-07-13T13:29:50Z,998.94,6.00,9.93,30.54
993,2026-07-13T13:29:51Z,999.08,8.00,8.55,30.65
994,2026-07-13T13:29:52Z,999.08,8.00,7.62,31.05
995,2026-07-13T13:29:53Z,999.03,8.00,2.43,31.72
996,2026-07-13T13:29:54Z,999.02,8.00,2.43,33.75
997,2026-07-13T13:29:55Z,999.03,6.00,1.28,30.91
998,2026-07-13T13:29:56Z,999.03,6.00,1.28,31.00
999,2026-07-13T13:29:57Z,999.13,6.00,1.28,31.38
1000,2026-07-13T13:29:58Z,999.21,6.00,0.02,31.36
1001,2026-07-13T13:29:59Z,999.22,6.00,0.03,32.46
1002,2026-07-13T13:30:00Z,999.22,6.00,0.13,31.26
1003,2026-07-13T13:30:01Z,999.21,8.00,0.36,31.70
1004,2026-07-13T13:30:02Z,999.18,8.00,0.36,32.19
1005,2026-07-13T13:30:03Z,999.18,8.00,0.36,32.08
1006,2026-07-13T13:30:04Z,999.19,8.00,0.36,32.26
1007,2026-07-13T13:30:05Z,999.21,6.00,0.41,32.01
1008,2026-07-13T13:30:06Z,999.21,8.00,0.17,31.93
1009,2026-07-13T13:30:07Z,999.21,8.00,0.17,31.63
1010,2026-07-13T13:30:08Z,999.21,8.00,0.17,31.39
1011,2026-07-13T13:30:09Z,999.21,8.00,0.71,31.58
1012,2026-07-13T13:30:10Z,999.22,8.00,0.69,32.09
1013,2026-07-13T13:30:11Z,999.22,8.00,0.69,31.76
1014,2026-07-13T13:30:12Z,999.23,8.00,0.69,31.49
1015,2026-07-13T13:30:13Z,999.23,16.00,0.10,31.91
1016,2026-07-13T13:30:14Z,999.17,16.00,0.15,31.74
1017,2026-07-13T13:30:15Z,999.17,16.00,0.15,31.75
1018,2026-07-13T13:30:16Z,999.17,16.00,0.10,31.26
1019,2026-07-13T13:30:17Z,999.15,16.00,0.65,30.91
1020,2026-07-13T13:30:18Z,999.15,16.00,0.07,30.10
1021,2026-07-13T13:30:19Z,999.16,16.00,0.60,30.15
1022,2026-07-13T13:30:20Z,999.18,16.00,0.60,30.51
1023,2026-07-13T13:30:21Z,999.18,16.00,1.25,29.51
1024,2026-07-13T13:30:22Z,999.16,16.00,2.65,32.08
1025,2026-07-13T13:30:23Z,999.14,16.00,5.41,31.85
1026,2026-07-13T13:30:24Z,999.11,16.00,6.68,29.54
1027,2026-07-13T13:30:25Z,999.10,16.00,6.25,29.54
1028,2026-07-13T13:30:26Z,999.09,16.00,6.68,29.83
1029,2026-07-13T13:30:27Z,999.07,16.00,7.04,31.56
1030,2026-07-13T13:30:28Z,999.06,8.00,9.66,29.84
1031,2026-07-13T13:30:29Z,999.05,8.00,10.41,27.40
1032,2026-07-13T13:30:30Z,999.05,8.00,10.41,29.32
1033,2026-07-13T13:30:31Z,999.06,8.00,10.68,32.46
1034,2026-07-13T13:30:32Z,999.06,8.00,10.72,35.00
1035,2026-07-13T13:30:33Z,999.12,8.00,11.26,33.91
1036,2026-07-13T13:30:34Z,999.16,8.00,11.46,34.58
1037,2026-07-13T13:30:35Z,999.17,8.00,11.26,34.18
1038,2026-07-13T13:30:36Z,999.23,8.00,10.88,33.28
1039,2026-07-13T13:30:37Z,999.23,8.00,10.16,32.74
1040,2026-07-13T13:30:38Z,999.28,6.00,9.56,33.42
1041,2026-07-13T13:30:39Z,999.31,6.00,9.56,33.25
1042,2026-07-13T13:30:40Z,999.33,6.00,8.96,33.14
1043,2026-07-13T13:30:41Z,999.36,6.00,8.50,33.96
1044,2026-07-13T13:30:42Z,999.39,6.00,6.68,34.75
1045,2026-07-13T13:30:43Z,999.44,12.00,3.23,33.37
1046,2026-07-13T13:30:44Z,999.48,12.00,3.23,31.89
1047,2026-07-13T13:30:45Z,999.52,12.00,2.17,31.65
1048,2026-07-13T13:30:46Z,999.55,12.00,0.43,31.79
1049,2026-07-13T13:30:47Z,999.57,12.00,0.25,31.75
1050,2026-07-13T13:30:48Z,999.59,12.00,0.48,31.70
1051,2026-07-13T13:30:49Z,999.60,12.00,0.48,32.38
1052,2026-07-13T13:30:50Z,999.60,16.00,0.18,32.53
1053,2026-07-13T13:30:51Z,999.61,16.00,0.24,32.71
1054,2026-07-13T13:30:52Z,999.65,16.00,0.24,32.02
1055,2026-07-13T13:30:53Z,999.66,16.00,0.24,32.03
1056,2026-07-13T13:30:54Z,999.76,16.00,0.24,31.69
1057,2026-07-13T13:30:55Z,999.76,16.00,0.24,31.14
1058,2026-07-13T13:30:56Z,999.76,16.00,0.24,31.23
1059,2026-07-13T13:30:57Z,999.76,16.00,0.24,30.62
1060,2026-07-13T13:30:58Z,999.76,16.00,0.24,30.11
1061,2026-07-13T13:30:59Z,999.71,16.00,0.24,30.62
1062,2026-07-13T13:31:00Z,999.70,16.00,0.24,31.31
1063,2026-07-13T13:31:01Z,999.69,16.00,3.49,31.12
1064,2026-07-13T13:31:02Z,999.57,16.00,4.67,33.29
1065,2026-07-13T13:31:03Z,999.54,16.00,5.35,34.45
1066,2026-07-13T13:31:04Z,999.49,12.00,5.60,34.91
1067,2026-07-13T13:31:05Z,999.49,12.00,5.57,35.64
1068,2026-07-13T13:31:06Z,999.49,12.00,5.60,36.11
1069,2026-07-13T13:31:07Z,999.56,8.00,5.81,13.46
1070,2026-07-13T13:31:08Z,999.56,8.00,5.81,14.03
1071,2026-07-13T13:31:09Z,999.60,8.00,5.81,16.08
1072,2026-07-13T13:31:10Z,999.65,8.00,5.81,15.97
1073,2026-07-13T13:31:11Z,999.65,8.00,5.81,17.45
1074,2026-07-13T13:31:12Z,999.64,8.00,5.81,17.84
1075,2026-07-13T13:31:13Z,999.62,8.00,5.81,17.27
1076,2026-07-13T13:31:14Z,999.61,8.00,6.45,18.32
1077,2026-07-13T13:31:15Z,999.52,8.00,6.45,15.92
1078,2026-07-13T13:31:16Z,999.35,8.00,6.54,11.12
1079,2026-07-13T13:31:17Z,999.33,16.00,6.68,11.12
1080,2026-07-13T13:31:18Z,999.30,12.00,7.46,13.03
1081,2026-07-13T13:31:19Z,999.29,12.00,7.46,11.21
1082,2026-07-13T13:31:20Z,999.29,12.00,7.46,9.44
1083,2026-07-13T13:31:21Z,999.30,12.00,7.48,9.44
1084,2026-07-13T13:31:22Z,999.30,12.00,7.48,9.94
1085,2026-07-13T13:31:23Z,999.30,12.00,8.48,9.20
1086,2026-07-13T13:31:24Z,999.27,12.00,8.48,9.75
1087,2026-07-13T13:31:25Z,999.24,12.00,7.76,7.32
1088,2026-07-13T13:31:26Z,999.19,12.00,7.42,6.39
1089,2026-07-13T13:31:27Z,999.17,12.00,7.42,3.96
1090,2026-07-13T13:31:28Z,999.13,12.00,7.83,8.14
1091,2026-07-13T13:31:29Z,999.12,12.00,7.83,8.95
1092,2026-07-13T13:31:30Z,999.11,12.00,7.09,9.10
1093,2026-07-13T13:31:31Z,999.10,8.00,6.15,9.56
1094,2026-07-13T13:31:32Z,999.10,8.00,5.91,11.10
1095,2026-07-13T13:31:33Z,999.10,4.00,4.32,11.72
1096,2026-07-13T13:31:34Z,999.08,6.00,4.32,13.06
1097,2026-07-13T13:31:35Z,999.05,6.00,2.66,10.58
1098,2026-07-13T13:31:36Z,999.05,8.00,2.22,10.58
1099,2026-07-13T13:31:37Z,999.04,6.00,2.17,9.42
1100,2026-07-13T13:31:38Z,999.04,6.00,1.52,10.09
1101,2026-07-13T13:31:39Z,999.04,6.00,1.52,11.13
1102,2026-07-13T13:31:40Z,999.05,6.00,0.54,12.35
1103,2026-07-13T13:31:41Z,999.06,6.00,0.37,10.03
1104,2026-07-13T13:31:42Z,999.07,6.00,0.03,9.40
1105,2026-07-13T13:31:43Z,999.07,8.00,0.44,10.38
1106,2026-07-13T13:31:44Z,999.12,8.00,0.44,9.38
1107,2026-07-13T13:31:45Z,999.12,8.00,0.62,9.26
1108,2026-07-13T13:31:46Z,999.12,8.00,0.62,8.87
1109,2026-07-13T13:31:47Z,999.12,8.00,0.62,9.25
1110,2026-07-13T13:31:48Z,999.16,8.00,0.62,9.01
1111,2026-07-13T13:31:49Z,999.16,8.00,0.03,9.24
1112,2026-07-13T13:31:50Z,999.09,8.00,0.19,9.51
1113,2026-07-13T13:31:51Z,999.06,8.00,0.19,8.63
1114,2026-07-13T13:31:52Z,999.05,8.00,0.19,9.10
1115,2026-07-13T13:31:53Z,999.00,8.00,0.19,10.44
1116,2026-07-13T13:31:54Z,999.00,8.00,0.19,7.59
1117,2026-07-13T13:31:55Z,999.03,6.00,2.18,8.26
1118,2026-07-13T13:31:56Z,999.03,8.00,2.18,7.59
1119,2026-07-13T13:31:57Z,999.03,8.00,2.18,7.43
1120,2026-07-13T13:31:58Z,998.96,6.00,4.70,8.43
1121,2026-07-13T13:31:59Z,998.91,8.00,4.79,6.82
1122,2026-07-13T13:32:00Z,998.91,8.00,4.70,7.75
1123,2026-07-13T13:32:01Z,998.91,8.00,4.70,6.76
1124,2026-07-13T13:32:02Z,998.91,12.00,4.03,6.91
1125,2026-07-13T13:32:03Z,998.91,8.00,4.38,7.50
1126,2026-07-13T13:32:04Z,998.91,8.00,5.43,7.30
1127,2026-07-13T13:32:05Z,998.88,8.00,5.43,6.34
1128,2026-07-13T13:32:06Z,998.88,8.00,5.95,7.09
1129,2026-07-13T13:32:07Z,998.85,8.00,5.95,7.26
1130,2026-07-13T13:32:08Z,998.79,8.00,6.28,8.57
1131,2026-07-13T13:32:09Z,998.79,8.00,6.31,6.51
1132,2026-07-13T13:32:10Z,998.78,8.00,6.31,7.25
1133,2026-07-13T13:32:11Z,998.77,8.00,6.69,5.03
1134,2026-07-13T13:32:12Z,998.77,8.00,7.11,5.14
1135,2026-07-13T13:32:13Z,998.76,8.00,7.68,7.05
1136,2026-07-13T13:32:14Z,998.71,8.00,7.68,9.69
1137,2026-07-13T13:32:15Z,998.67,8.00,7.68,9.23
1138,2026-07-13T13:32:16Z,998.62,12.00,7.48,10.05
1139,2026-07-13T13:32:17Z,998.62,12.00,7.48,8.42
1140,2026-07-13T13:32:18Z,998.62,12.00,7.48,9.14
1141,2026-07-13T13:32:19Z,998.66,8.00,8.41,8.99
1142,2026-07-13T13:32:20Z,998.62,8.00,8.41,7.89
1143,2026-07-13T13:32:21Z,998.54,12.00,7.85,6.34
1144,2026-07-13T13:32:22Z,998.49,12.00,7.85,6.34
1145,2026-07-13T13:32:23Z,998.37,12.00,8.58,10.13
1146,2026-07-13T13:32:24Z,998.37,6.00,8.58,7.42
1147,2026-07-13T13:32:25Z,998.37,12.00,7.86,8.19
1148,2026-07-13T13:32:26Z,998.37,12.00,5.46,8.13
1149,2026-07-13T13:32:27Z,998.34,12.00,4.23,6.01
1150,2026-07-13T13:32:28Z,998.33,8.00,2.86,6.85
1151,2026-07-13T13:32:29Z,998.27,8.00,2.86,6.19
1152,2026-07-13T13:32:30Z,998.27,8.00,2.86,9.84
1153,2026-07-13T13:32:31Z,998.29,12.00,2.18,8.24
1154,2026-07-13T13:32:32Z,998.28,12.00,2.18,7.21
1155,2026-07-13T13:32:33Z,998.28,12.00,1.84,8.55
1156,2026-07-13T13:32:34Z,998.26,12.00,1.84,8.99
1157,2026-07-13T13:32:35Z,998.23,12.00,1.84,8.69
1158,2026-07-13T13:32:36Z,998.21,8.00,2.19,10.04
1159,2026-07-13T13:32:37Z,998.17,8.00,2.07,10.56
1160,2026-07-13T13:32:38Z,998.18,8.00,1.94,11.47
1161,2026-07-13T13:32:39Z,998.18,8.00,2.59,11.50
1162,2026-07-13T13:32:40Z,998.16,8.00,2.34,9.01
1163,2026-07-13T13:32:41Z,998.16,8.00,2.34,9.47
1164,2026-07-13T13:32:42Z,998.16,8.00,1.75,10.07
1165,2026-07-13T13:32:43Z,998.16,8.00,0.43,9.99
1166,2026-07-13T13:32:44Z,998.14,12.00,0.47,9.73
1167,2026-07-13T13:32:45Z,998.13,12.00,0.43,9.89
1168,2026-07-13T13:32:46Z,998.12,8.00,0.09,10.49
1169,2026-07-13T13:32:47Z,998.11,8.00,0.03,9.35
1170,2026-07-13T13:32:48Z,998.11,8.00,0.49,9.56
1171,2026-07-13T13:32:49Z,998.11,8.00,1.13,9.58
1172,2026-07-13T13:32:50Z,998.12,8.00,1.13,10.22
1173,2026-07-13T13:32:51Z,998.12,8.00,1.28,10.82
1174,2026-07-13T13:32:52Z,998.12,8.00,1.28,11.07
1175,2026-07-13T13:32:53Z,998.12,12.00,0.81,10.56
1176,2026-07-13T13:32:54Z,998.11,12.00,0.81,11.20
1177,2026-07-13T13:32:55Z,998.10,12.00,0.33,11.04
1178,2026-07-13T13:32:56Z,998.10,12.00,0.10,11.27
1179,2026-07-13T13:32:57Z,998.09,8.00,0.17,11.45
1180,2026-07-13T13:32:58Z,998.09,8.00,0.02,10.86
1181,2026-07-13T13:32:59Z,998.09,8.00,0.02,10.28
1182,2026-07-13T13:33:00Z,998.10,8.00,0.14,10.28
1183,2026-07-13T13:33:01Z,998.12,8.00,0.37,9.50
1184,2026-07-13T13:33:02Z,998.11,8.00,0.33,10.30
1185,2026-07-13T13:33:03Z,998.11,12.00,0.08,9.46
1186,2026-07-13T13:33:04Z,998.10,12.00,0.08,10.76
1187,2026-07-13T13:33:05Z,998.10,12.00,0.49,10.52
1188,2026-07-13T13:33:06Z,998.10,12.00,0.60,11.23
1189,2026-07-13T13:33:07Z,998.11,8.00,0.21,11.74
1190,2026-07-13T13:33:08Z,998.11,12.00,0.11,11.95
1191,2026-07-13T13:33:09Z,998.11,8.00,0.13,13.11
1192,2026-07-13T13:33:10Z,998.09,8.00,0.13,10.05
1193,2026-07-13T13:33:11Z,998.09,12.00,0.09,12.11
1194,2026-07-13T13:33:12Z,998.09,12.00,0.28,12.43
1195,2026-07-13T13:33:13Z,998.09,12.00,0.16,11.86
1196,2026-07-13T13:33:14Z,998.09,12.00,0.16,10.87
1197,2026-07-13T13:33:15Z,998.11,16.00,0.19,11.05
1198,2026-07-13T13:33:16Z,998.11,12.00,0.32,11.05
1199,2026-07-13T13:33:17Z,998.11,12.00,0.28,10.42
1200,2026-07-13T13:33:18Z,998.11,16.00,0.34,11.26
1201,2026-07-13T13:33:19Z,998.13,16.00,0.34,11.21
1202,2026-07-13T13:33:20Z,998.18,16.00,0.34,11.48
1203,2026-07-13T13:33:21Z,998.18,16.00,0.22,11.72
1204,2026-07-13T13:33:22Z,998.18,16.00,0.17,11.93
1205,2026-07-13T13:33:23Z,998.08,16.00,0.35,11.55
1206,2026-07-13T13:33:24Z,998.08,16.00,0.35,10.10
1207,2026-07-13T13:33:25Z,998.08,16.00,0.35,10.22
1208,2026-07-13T13:33:26Z,998.11,16.00,0.35,10.07
1209,2026-07-13T13:33:27Z,998.20,16.00,0.35,9.92
1210,2026-07-13T13:33:28Z,998.24,16.00,0.35,10.06
1211,2026-07-13T13:33:29Z,998.24,16.00,0.67,9.99
1212,2026-07-13T13:33:30Z,998.23,16.00,0.65,9.63
1213,2026-07-13T13:33:31Z,998.07,16.00,0.65,10.79
1214,2026-07-13T13:33:32Z,998.00,16.00,0.85,10.48
1215,2026-07-13T13:33:33Z,997.97,16.00,1.04,11.04
1216,2026-07-13T13:33:34Z,997.97,16.00,1.04,8.21
1217,2026-07-13T13:33:35Z,997.98,16.00,0.54,11.50
1218,2026-07-13T13:33:36Z,998.07,16.00,0.31,14.68
1219,2026-07-13T13:33:37Z,998.08,16.00,0.31,11.83
1220,2026-07-13T13:33:38Z,998.08,16.00,0.51,10.66
1221,2026-07-13T13:33:39Z,998.08,16.00,0.51,9.82
1222,2026-07-13T13:33:40Z,998.10,16.00,1.61,8.32
1223,2026-07-13T13:33:41Z,998.14,16.00,1.61,11.23
1224,2026-07-13T13:33:42Z,998.14,16.00,2.22,11.01
1225,2026-07-13T13:33:43Z,998.13,16.00,2.64,13.39
1226,2026-07-13T13:33:44Z,998.12,16.00,3.33,14.04
1227,2026-07-13T13:33:45Z,998.12,16.00,3.33,14.82
1228,2026-07-13T13:33:46Z,998.12,16.00,3.91,15.30
1229,2026-07-13T13:33:47Z,998.14,16.00,4.52,13.38
1230,2026-07-13T13:33:48Z,998.16,16.00,4.50,12.45
1231,2026-07-13T13:33:49Z,998.17,16.00,4.50,7.17
1232,2026-07-13T13:33:50Z,998.19,16.00,4.29,7.17
1233,2026-07-13T13:33:51Z,998.22,16.00,4.29,5.81
1234,2026-07-13T13:33:52Z,998.25,16.00,4.29,7.62
1235,2026-07-13T13:33:53Z,998.31,16.00,4.29,9.03
1236,2026-07-13T13:33:54Z,998.36,16.00,3.96,9.98
1237,2026-07-13T13:33:55Z,998.41,16.00,3.84,9.82
1238,2026-07-13T13:33:56Z,998.43,16.00,3.84,10.71
1239,2026-07-13T13:33:57Z,998.48,16.00,3.84,10.86
1240,2026-07-13T13:33:58Z,998.56,16.00,0.19,10.50
1241,2026-07-13T13:33:59Z,998.56,16.00,0.22,10.49
1242,2026-07-13T13:34:00Z,998.55,16.00,0.22,9.41
1243,2026-07-13T13:34:01Z,998.54,16.00,0.27,10.55
1244,2026-07-13T13:34:02Z,998.54,16.00,0.23,10.00
1245,2026-07-13T13:34:03Z,998.45,16.00,0.40,9.94
1246,2026-07-13T13:34:04Z,998.45,16.00,0.40,10.25
1247,2026-07-13T13:34:05Z,998.51,16.00,0.40,9.93
1248,2026-07-13T13:34:06Z,998.59,16.00,0.40,10.08
1249,2026-07-13T13:34:07Z,998.59,16.00,0.24,9.63
1250,2026-07-13T13:34:08Z,998.60,16.00,0.24,9.75
1251,2026-07-13T13:34:09Z,998.60,16.00,0.10,9.79
1252,2026-07-13T13:34:10Z,998.60,16.00,0.10,9.18
1253,2026-07-13T13:34:11Z,998.58,24.00,0.04,9.73
1254,2026-07-13T13:34:12Z,998.53,24.00,0.22,10.01
1255,2026-07-13T13:34:13Z,998.51,24.00,0.41,9.92
1256,2026-07-13T13:34:14Z,998.50,16.00,0.58,10.22
1257,2026-07-13T13:34:15Z,998.48,16.00,0.19,10.55
1258,2026-07-13T13:34:16Z,998.48,16.00,0.19,9.49
1259,2026-07-13T13:34:17Z,998.52,16.00,0.22,9.40
1260,2026-07-13T13:34:18Z,998.55,16.00,0.23,9.80
1261,2026-07-13T13:34:19Z,998.56,16.00,0.36,10.21
1262,2026-07-13T13:34:20Z,998.56,16.00,0.36,10.26
1263,2026-07-13T13:34:21Z,998.56,16.00,0.36,9.63
1264,2026-07-13T13:34:22Z,998.56,16.00,0.25,9.19
1265,2026-07-13T13:34:23Z,998.56,16.00,0.25,9.61
1266,2026-07-13T13:34:24Z,998.58,16.00,0.44,9.49
1267,2026-07-13T13:34:25Z,998.59,16.00,0.40,10.36
1268,2026-07-13T13:34:26Z,998.59,16.00,0.40,10.04
1269,2026-07-13T13:34:27Z,998.56,16.00,0.44,9.62
1270,2026-07-13T13:34:28Z,998.54,16.00,0.77,9.97
1271,2026-07-13T13:34:29Z,998.52,16.00,1.42,10.22
1272,2026-07-13T13:34:30Z,998.52,16.00,1.42,10.71
1273,2026-07-13T13:34:31Z,998.55,16.00,2.22,11.45
1274,2026-07-13T13:34:32Z,998.55,16.00,2.69,10.46
1275,2026-07-13T13:34:33Z,998.56,16.00,3.58,11.04
1276,2026-07-13T13:34:34Z,998.57,16.00,3.99,10.55
1277,2026-07-13T13:34:35Z,998.60,16.00,3.99,9.67
1278,2026-07-13T13:34:36Z,998.62,16.00,4.80,7.56
1279,2026-07-13T13:34:37Z,998.64,16.00,4.80,10.46
1280,2026-07-13T13:34:38Z,998.66,16.00,4.64,11.93
1281,2026-07-13T13:34:39Z,998.68,16.00,5.35,18.60
1282,2026-07-13T13:34:40Z,998.68,16.00,5.35,19.38
1283,2026-07-13T13:34:41Z,998.64,16.00,6.81,21.42
1284,2026-07-13T13:34:42Z,998.61,16.00,7.78,20.70
1285,2026-07-13T13:34:43Z,998.58,16.00,10.16,22.07
1286,2026-07-13T13:34:44Z,998.47,16.00,10.16,20.98
1287,2026-07-13T13:34:45Z,998.47,16.00,11.23,20.71
1288,2026-07-13T13:34:46Z,998.52,16.00,11.56,21.31
1289,2026-07-13T13:34:47Z,998.52,16.00,11.74,20.63
1290,2026-07-13T13:34:48Z,998.45,16.00,11.28,20.54
1291,2026-07-13T13:34:49Z,998.45,16.00,11.28,21.27
1292,2026-07-13T13:34:50Z,998.41,16.00,10.85,20.81
1293,2026-07-13T13:34:51Z,998.41,16.00,10.85,21.23
1294,2026-07-13T13:34:52Z,998.44,16.00,11.17,20.17
1295,2026-07-13T13:34:53Z,998.46,16.00,10.64,20.15
1296,2026-07-13T13:34:54Z,998.48,16.00,10.64,18.92
1297,2026-07-13T13:34:55Z,998.50,16.00,9.79,19.47
1298,2026-07-13T13:34:56Z,998.51,16.00,8.73,20.53
1299,2026-07-13T13:34:57Z,998.54,16.00,7.80,20.97
1300,2026-07-13T13:34:58Z,998.58,16.00,5.02,19.93
1301,2026-07-13T13:34:59Z,998.60,16.00,5.02,20.07
1302,2026-07-13T13:35:00Z,998.61,16.00,4.33,20.43
1303,2026-07-13T13:35:01Z,998.62,16.00,2.26,20.71
1304,2026-07-13T13:35:02Z,998.62,16.00,1.99,20.87
1305,2026-07-13T13:35:03Z,998.63,16.00,0.91,21.18
1306,2026-07-13T13:35:04Z,998.63,16.00,2.28,21.40
1307,2026-07-13T13:35:05Z,998.63,16.00,2.28,21.28
1308,2026-07-13T13:35:06Z,998.65,16.00,1.62,19.52
1309,2026-07-13T13:35:07Z,998.68,16.00,1.19,19.66
1310,2026-07-13T13:35:08Z,998.68,16.00,0.25,20.17
1311,2026-07-13T13:35:09Z,998.67,16.00,0.14,19.85
1312,2026-07-13T13:35:10Z,998.67,16.00,0.25,20.40
1313,2026-07-13T13:35:11Z,998.62,16.00,0.24,25.02
1314,2026-07-13T13:35:12Z,998.62,16.00,0.15,25.39
1315,2026-07-13T13:35:13Z,998.65,16.00,0.72,24.93
1316,2026-07-13T13:35:14Z,998.65,16.00,0.72,25.09
1317,2026-07-13T13:35:15Z,998.64,16.00,0.72,24.87
1318,2026-07-13T13:35:16Z,998.64,16.00,0.83,24.93
1319,2026-07-13T13:35:17Z,998.64,16.00,1.04,24.81
1320,2026-07-13T13:35:18Z,998.63,16.00,3.01,25.24
1321,2026-07-13T13:35:19Z,998.62,16.00,3.69,18.68
1322,2026-07-13T13:35:20Z,998.61,16.00,3.69,18.32
1323,2026-07-13T13:35:21Z,998.61,16.00,5.76,18.84
1324,2026-07-13T13:35:22Z,998.58,16.00,7.65,19.86
1325,2026-07-13T13:35:23Z,998.58,16.00,7.65,20.51
1326,2026-07-13T13:35:24Z,998.59,16.00,8.22,18.51
1327,2026-07-13T13:35:25Z,998.66,16.00,8.22,19.41
1328,2026-07-13T13:35:26Z,998.67,16.00,7.47,19.49
1329,2026-07-13T13:35:27Z,998.67,16.00,8.42,19.53
1330,2026-07-13T13:35:28Z,998.69,16.00,7.82,19.68
1331,2026-07-13T13:35:29Z,998.69,16.00,8.13,17.26
1332,2026-07-13T13:35:30Z,998.68,16.00,8.13,16.10
1333,2026-07-13T13:35:31Z,998.71,16.00,9.19,18.46
1334,2026-07-13T13:35:32Z,998.72,16.00,9.19,16.82
1335,2026-07-13T13:35:33Z,998.73,16.00,9.19,18.28
1336,2026-07-13T13:35:34Z,998.79,16.00,9.34,18.30
1337,2026-07-13T13:35:35Z,998.80,16.00,8.63,18.30
1338,2026-07-13T13:35:36Z,998.80,16.00,7.60,17.99
1339,2026-07-13T13:35:37Z,998.80,16.00,6.36,19.06
1340,2026-07-13T13:35:38Z,998.82,16.00,4.83,18.76
1341,2026-07-13T13:35:39Z,998.83,16.00,4.83,18.78
1342,2026-07-13T13:35:40Z,998.83,16.00,4.17,18.37
1343,2026-07-13T13:35:41Z,998.93,16.00,3.83,19.70
1344,2026-07-13T13:35:42Z,998.97,16.00,1.93,19.31
1345,2026-07-13T13:35:43Z,999.00,16.00,0.64,19.24
1346,2026-07-13T13:35:44Z,999.02,16.00,0.76,19.04
1347,2026-07-13T13:35:45Z,999.04,16.00,0.64,20.08
1348,2026-07-13T13:35:46Z,999.04,16.00,0.56,21.23
1349,2026-07-13T13:35:47Z,999.05,16.00,0.20,19.51
1350,2026-07-13T13:35:48Z,999.05,16.00,0.18,19.45
1351,2026-07-13T13:35:49Z,999.05,16.00,0.29,20.17
1352,2026-07-13T13:35:50Z,999.05,16.00,0.29,28.14
1353,2026-07-13T13:35:51Z,999.05,16.00,0.44,28.33
1354,2026-07-13T13:35:52Z,999.06,16.00,0.59,28.10
1355,2026-07-13T13:35:53Z,999.07,16.00,0.80,27.85
1356,2026-07-13T13:35:54Z,999.07,16.00,0.23,28.17
1357,2026-07-13T13:35:55Z,999.07,16.00,0.51,28.25
1358,2026-07-13T13:35:56Z,999.07,16.00,0.24,27.82
1359,2026-07-13T13:35:57Z,999.07,16.00,0.00,28.05
1360,2026-07-13T13:35:58Z,999.07,16.00,0.00,27.92
1361,2026-07-13T13:35:59Z,999.07,16.00,0.00,27.96
1362,2026-07-13T13:36:00Z,999.07,16.00,0.00,28.02
1363,2026-07-13T13:36:01Z,999.07,16.00,0.00,27.84
1364,2026-07-13T13:36:02Z,999.06,16.00,0.00,27.96
1365,2026-07-13T13:36:03Z,999.06,16.00,0.00,27.86
1366,2026-07-13T13:36:04Z,999.06,16.00,0.00,28.07
1367,2026-07-13T13:36:05Z,999.06,16.00,0.00,27.94
1368,2026-07-13T13:36:06Z,999.06,16.00,0.00,27.78
1369,2026-07-13T13:36:07Z,999.06,16.00,0.00,28.03
1370,2026-07-13T13:36:08Z,999.06,16.00,0.00,27.96
1371,2026-07-13T13:36:09Z,999.06,16.00,0.00,27.81
1372,2026-07-13T13:36:10Z,999.06,16.00,0.00,27.87
1373,2026-07-13T13:36:11Z,999.06,16.00,0.00,27.83
1374,2026-07-13T13:36:12Z,999.06,16.00,0.00,27.68
1375,2026-07-13T13:36:13Z,999.05,16.00,0.00,27.83
1376,2026-07-13T13:36:14Z,999.05,16.00,0.00,27.66
1377,2026-07-13T13:36:15Z,999.05,16.00,0.00,27.90
1378,2026-07-13T13:36:16Z,999.05,16.00,0.00,27.58
1379,2026-07-13T13:36:17Z,999.05,24.00,0.00,27.65
1380,2026-07-13T13:36:18Z,999.05,24.00,0.00,27.73
1381,2026-07-13T13:36:19Z,999.05,24.00,0.00,27.48
1382,2026-07-13T13:36:20Z,999.05,24.00,0.01,27.18
1383,2026-07-13T13:36:21Z,999.05,16.00,0.57,26.68
1384,2026-07-13T13:36:22Z,999.05,24.00,1.69,25.63
1385,2026-07-13T13:36:23Z,999.05,24.00,3.40,26.12
1386,2026-07-13T13:36:24Z,999.05,24.00,4.02,26.49
1387,2026-07-13T13:36:25Z,999.06,24.00,4.02,28.59
1388,2026-07-13T13:36:26Z,999.06,16.00,4.18,26.27
1389,2026-07-13T13:36:27Z,999.06,16.00,4.18,23.59
1390,2026-07-13T13:36:28Z,999.05,16.00,4.47,20.33
1391,2026-07-13T13:36:29Z,999.04,16.00,4.95,20.03
1392,2026-07-13T13:36:30Z,999.04,16.00,4.95,22.86
1393,2026-07-13T13:36:31Z,999.04,16.00,6.06,26.23
1394,2026-07-13T13:36:32Z,999.05,16.00,6.70,23.18
1395,2026-07-13T13:36:33Z,999.06,16.00,6.80,25.28
1396,2026-07-13T13:36:34Z,999.09,16.00,7.84,33.18
1397,2026-07-13T13:36:35Z,999.11,16.00,7.51,27.51
1398,2026-07-13T13:36:36Z,999.17,16.00,7.51,27.58
1399,2026-07-13T13:36:37Z,999.22,16.00,6.55,36.85
1400,2026-07-13T13:36:38Z,999.27,16.00,6.55,33.64
1401,2026-07-13T13:36:39Z,999.34,16.00,5.74,32.20
1402,2026-07-13T13:36:40Z,999.40,16.00,5.36,13.59
1403,2026-07-13T13:36:41Z,999.45,16.00,2.94,13.59
1404,2026-07-13T13:36:42Z,999.52,16.00,0.66,20.62
1405,2026-07-13T13:36:43Z,999.55,16.00,0.66,24.73
1406,2026-07-13T13:36:44Z,999.57,16.00,1.70,25.54
1407,2026-07-13T13:36:45Z,999.60,16.00,1.71,22.94
1408,2026-07-13T13:36:46Z,999.62,16.00,1.71,19.65
1409,2026-07-13T13:36:47Z,999.63,16.00,1.60,17.10
1410,2026-07-13T13:36:48Z,999.63,16.00,1.60,13.41
1411,2026-07-13T13:36:49Z,999.66,16.00,2.15,14.67
1412,2026-07-13T13:36:50Z,999.70,16.00,2.15,13.54
1413,2026-07-13T13:36:51Z,999.72,16.00,1.77,16.09
1414,2026-07-13T13:36:52Z,999.72,16.00,1.16,18.29
1415,2026-07-13T13:36:53Z,999.74,16.00,1.16,19.99
1416,2026-07-13T13:36:54Z,999.74,16.00,0.00,20.94
1417,2026-07-13T13:36:55Z,999.72,16.00,0.21,21.34
1418,2026-07-13T13:36:56Z,999.72,16.00,0.24,20.67
1419,2026-07-13T13:36:57Z,999.72,16.00,0.14,20.93
1420,2026-07-13T13:36:58Z,999.71,16.00,0.25,20.90
1421,2026-07-13T13:36:59Z,999.71,16.00,0.17,20.71
1422,2026-07-13T13:37:00Z,999.71,16.00,0.25,21.31
1423,2026-07-13T13:37:01Z,999.71,16.00,0.25,21.76
1424,2026-07-13T13:37:02Z,999.74,16.00,0.25,21.75
1425,2026-07-13T13:37:03Z,999.74,16.00,0.13,21.46
1426,2026-07-13T13:37:04Z,999.74,16.00,0.13,21.49
1427,2026-07-13T13:37:05Z,999.73,16.00,0.13,21.19
1428,2026-07-13T13:37:06Z,999.72,16.00,0.12,21.71
1429,2026-07-13T13:37:07Z,999.68,16.00,0.33,22.60
1430,2026-07-13T13:37:08Z,999.68,16.00,0.33,22.78
1431,2026-07-13T13:37:09Z,999.69,16.00,0.23,22.45
1432,2026-07-13T13:37:10Z,999.69,16.00,0.15,22.98
1433,2026-07-13T13:37:11Z,999.69,16.00,0.14,23.41
1434,2026-07-13T13:37:12Z,999.70,16.00,0.24,25.81
1435,2026-07-13T13:37:13Z,999.70,16.00,0.29,27.11
1436,2026-07-13T13:37:14Z,999.71,16.00,0.09,20.61
1437,2026-07-13T13:37:15Z,999.71,16.00,0.06,20.99
1438,2026-07-13T13:37:16Z,999.71,16.00,0.14,22.45
1439,2026-07-13T13:37:17Z,999.71,16.00,0.14,22.07
1440,2026-07-13T13:37:18Z,999.72,16.00,0.28,22.65
1441,2026-07-13T13:37:19Z,999.74,16.00,0.28,20.37
1442,2026-07-13T13:37:20Z,999.72,16.00,0.43,21.11
1443,2026-07-13T13:37:21Z,999.72,16.00,0.43,21.29
1444,2026-07-13T13:37:22Z,999.72,16.00,0.40,21.96
1445,2026-07-13T13:37:23Z,999.72,16.00,0.55,20.69
1446,2026-07-13T13:37:24Z,999.72,16.00,0.55,21.25
1447,2026-07-13T13:37:25Z,999.72,16.00,0.55,22.14
1448,2026-07-13T13:37:26Z,999.77,16.00,1.60,22.41
1449,2026-07-13T13:37:27Z,999.77,16.00,1.23,21.44
1450,2026-07-13T13:37:28Z,999.71,16.00,1.23,21.82
1451,2026-07-13T13:37:29Z,999.70,16.00,0.04,21.39
1452,2026-07-13T13:37:30Z,999.70,16.00,0.30,21.85
1453,2026-07-13T13:37:31Z,999.65,16.00,0.30,21.50
1454,2026-07-13T13:37:32Z,999.65,16.00,0.30,22.52
1455,2026-07-13T13:37:33Z,999.68,16.00,0.77,22.36
1456,2026-07-13T13:37:34Z,999.70,16.00,0.77,20.95
1457,2026-07-13T13:37:35Z,999.70,16.00,0.73,22.06
1458,2026-07-13T13:37:36Z,999.70,16.00,0.60,21.10
1459,2026-07-13T13:37:37Z,999.70,16.00,0.06,21.17
1460,2026-07-13T13:37:38Z,999.68,16.00,0.16,21.57
1461,2026-07-13T13:37:39Z,999.66,16.00,0.16,21.89
1462,2026-07-13T13:37:40Z,999.66,16.00,0.04,22.61
1463,2026-07-13T13:37:41Z,999.66,16.00,0.32,22.82
1464,2026-07-13T13:37:42Z,999.68,16.00,0.56,21.34
1465,2026-07-13T13:37:43Z,999.68,16.00,0.20,21.69
1466,2026-07-13T13:37:44Z,999.68,16.00,0.20,21.84
1467,2026-07-13T13:37:45Z,999.68,16.00,0.20,21.76
1468,2026-07-13T13:37:46Z,999.68,16.00,0.07,21.73
1469,2026-07-13T13:37:47Z,999.63,16.00,0.37,21.85
1470,2026-07-13T13:37:48Z,999.63,16.00,0.37,22.01
1471,2026-07-13T13:37:49Z,999.63,16.00,0.37,21.73
1472,2026-07-13T13:37:50Z,999.62,16.00,0.37,21.95
1473,2026-07-13T13:37:51Z,999.62,16.00,0.25,21.52
1474,2026-07-13T13:37:52Z,999.63,16.00,0.07,21.39
1475,2026-07-13T13:37:53Z,999.64,16.00,0.18,21.39
1476,2026-07-13T13:37:54Z,999.64,16.00,0.10,21.78
1477,2026-07-13T13:37:55Z,999.64,16.00,0.08,21.77
1478,2026-07-13T13:37:56Z,999.64,16.00,0.05,21.69
1479,2026-07-13T13:37:57Z,999.65,16.00,0.30,21.28
1480,2026-07-13T13:37:58Z,999.66,16.00,0.38,21.11
1481,2026-07-13T13:37:59Z,999.66,16.00,0.38,21.00
1482,2026-07-13T13:38:00Z,999.67,16.00,0.63,20.85
1483,2026-07-13T13:38:01Z,999.67,16.00,1.13,20.92
1484,2026-07-13T13:38:02Z,999.67,16.00,0.72,21.42
1485,2026-07-13T13:38:03Z,999.67,16.00,0.72,21.57
1486,2026-07-13T13:38:04Z,999.68,16.00,0.16,21.67
1487,2026-07-13T13:38:05Z,999.68,16.00,0.31,21.64
1488,2026-07-13T13:38:06Z,999.68,16.00,0.26,21.67
1489,2026-07-13T13:38:07Z,999.68,16.00,0.04,21.72
1490,2026-07-13T13:38:08Z,999.68,16.00,0.14,21.59
1491,2026-07-13T13:38:09Z,999.68,16.00,0.14,21.52
1492,2026-07-13T13:38:10Z,999.68,16.00,0.26,21.52
1493,2026-07-13T13:38:11Z,999.68,16.00,0.34,20.69
1494,2026-07-13T13:38:12Z,999.68,16.00,2.57,20.06
1496,2026-07-13T13:38:15Z,999.67,8.00,6.60,20.89
1497,2026-07-13T13:38:16Z,999.66,8.00,6.79,22.76
1498,2026-07-13T13:38:16Z,999.66,8.00,6.79,22.76
1499,2026-07-13T13:38:17Z,999.65,8.00,9.53,18.69
1500,2026-07-13T13:38:18Z,999.62,8.00,9.53,19.12
1501,2026-07-13T13:38:19Z,999.60,8.00,9.48,18.08
1502,2026-07-13T13:38:20Z,999.55,8.00,9.48,19.25
1503,2026-07-13T13:38:21Z,999.51,8.00,10.75,19.22
1504,2026-07-13T13:38:22Z,999.44,16.00,11.60,19.09
1505,2026-07-13T13:38:23Z,999.44,8.00,11.60,19.09
1506,2026-07-13T13:38:24Z,999.36,8.00,11.26,19.46
1507,2026-07-13T13:38:25Z,999.36,8.00,10.84,20.14
1508,2026-07-13T13:38:26Z,999.36,8.00,10.71,17.18
1509,2026-07-13T13:38:27Z,999.41,8.00,9.62,22.37
1510,2026-07-13T13:38:28Z,999.42,8.00,9.62,19.13
1511,2026-07-13T13:38:29Z,999.45,8.00,9.31,20.51
1512,2026-07-13T13:38:30Z,999.48,8.00,9.25,18.87
1515,2026-07-13T13:38:33Z,999.50,12.00,8.08,19.55
1516,2026-07-13T13:38:34Z,999.53,6.00,7.14,20.54
1517,2026-07-13T13:38:35Z,999.56,6.00,5.25,15.47
1518,2026-07-13T13:38:36Z,999.58,6.00,4.61,6.30
1519,2026-07-13T13:38:37Z,999.61,6.00,5.55,9.01
1520,2026-07-13T13:38:38Z,999.63,10.56,6.49,7.56
1521,2026-07-13T13:38:39Z,999.65,11.41,6.49,9.09
1522,2026-07-13T13:38:40Z,999.68,11.78,7.95,9.62
1523,2026-07-13T13:38:41Z,999.70,12.15,9.25,6.96
1524,2026-07-13T13:38:42Z,999.73,12.81,10.78,11.45
1525,2026-07-13T13:38:43Z,999.79,8.00,11.96,12.57
1526,2026-07-13T13:38:44Z,999.84,8.00,11.96,11.59
1527,2026-07-13T13:38:45Z,999.98,8.00,12.67,12.64
1528,2026-07-13T13:38:46Z,1000.07,8.00,12.67,10.94
1529,2026-07-13T13:38:47Z,1000.23,8.00,12.67,11.01
1530,2026-07-13T13:38:48Z,1000.29,8.00,13.29,11.12
1531,2026-07-13T13:38:49Z,1000.40,8.00,13.29,11.68
1532,2026-07-13T13:38:50Z,1000.49,12.00,13.66,13.26
1533,2026-07-13T13:38:51Z,1000.59,12.00,13.66,12.34
1534,2026-07-13T13:38:52Z,1000.68,12.00,13.68,11.06
1535,2026-07-13T13:38:53Z,1000.74,6.00,13.68,8.22
1536,2026-07-13T13:38:54Z,1000.80,8.00,13.19,9.67
1537,2026-07-13T13:38:55Z,1000.90,8.00,13.19,12.19
1538,2026-07-13T13:38:56Z,1000.98,12.00,12.16,15.22
1539,2026-07-13T13:38:57Z,1001.08,12.00,6.77,12.21
1540,2026-07-13T13:38:58Z,1001.19,12.00,6.77,18.10
1541,2026-07-13T13:38:59Z,1001.32,12.00,4.00,14.79
1542,2026-07-13T13:39:00Z,1001.51,6.00,1.36,9.45
1543,2026-07-13T13:39:01Z,1001.55,16.00,1.36,8.36
1544,2026-07-13T13:39:02Z,1001.56,12.00,3.99,2.52
1545,2026-07-13T13:39:03Z,1001.64,12.00,6.02,13.39
1546,2026-07-13T13:39:04Z,1001.64,6.00,6.02,17.00
1547,2026-07-13T13:39:05Z,1001.68,6.00,6.21,13.30
1548,2026-07-13T13:39:06Z,1001.70,6.00,7.01,8.39
1549,2026-07-13T13:39:07Z,1001.75,6.00,8.67,10.79
1550,2026-07-13T13:39:08Z,1001.78,8.00,8.67,12.09
1551,2026-07-13T13:39:09Z,1001.85,8.00,7.73,14.98
1552,2026-07-13T13:39:10Z,1001.88,8.00,5.81,10.90
1553,2026-07-13T13:39:11Z,1001.92,8.00,3.76,7.62
1554,2026-07-13T13:39:12Z,1001.96,8.00,2.17,15.50
1555,2026-07-13T13:39:13Z,1001.98,8.00,2.17,22.75
1556,2026-07-13T13:39:14Z,1001.99,8.00,0.04,26.87
1557,2026-07-13T13:39:15Z,1002.01,12.00,0.13,27.52
1558,2026-07-13T13:39:16Z,1002.03,8.00,0.13,29.61
1559,2026-07-13T13:39:17Z,1002.04,8.00,0.70,31.93
1560,2026-07-13T13:39:18Z,1002.06,8.00,0.70,30.65
1561,2026-07-13T13:39:19Z,1002.07,8.00,0.49,23.87
1562,2026-07-13T13:39:20Z,1002.07,8.00,0.23,23.60
1563,2026-07-13T13:39:21Z,1002.07,12.00,0.49,30.05
1564,2026-07-13T13:39:22Z,1002.07,12.00,0.15,40.51
1565,2026-07-13T13:39:23Z,1002.08,48.01,0.00,46.75
1566,2026-07-13T13:39:24Z,1002.08,24.00,0.00,47.76
1567,2026-07-13T13:39:25Z,1002.07,200.00,0.00,46.91
1568,2026-07-13T13:39:26Z,1002.07,200.00,0.00,21.51
1569,2026-07-13T13:39:27Z,1002.09,32.00,0.00,32.06
1570,2026-07-13T13:39:28Z,1002.09,200.00,0.00,53.40
1571,2026-07-13T13:39:29Z,1002.03,200.00,0.00,63.86
1572,2026-07-13T13:39:30Z,1002.03,200.00,0.00,39.69
1573,2026-07-13T13:39:31Z,1001.99,200.00,0.00,45.03
1574,2026-07-13T13:39:32Z,1001.99,200.00,0.00,36.25
1575,2026-07-13T13:39:33Z,1002.02,200.00,0.00,11.32
1576,2026-07-13T13:39:34Z,1002.03,200.00,0.00,36.88
1577,2026-07-13T13:39:35Z,1002.03,200.00,0.00,58.16
1578,2026-07-13T13:39:36Z,1002.07,200.00,0.00,39.54
1579,2026-07-13T13:39:37Z,1002.07,200.00,0.00,27.90
1580,2026-07-13T13:39:38Z,1002.03,200.00,0.00,42.28
1581,2026-07-13T13:39:39Z,1002.03,200.00,0.00,35.86
1582,2026-07-13T13:39:40Z,1002.04,200.00,0.00,71.67
1583,2026-07-13T13:39:41Z,1002.04,200.00,0.00,63.23
1584,2026-07-13T13:39:42Z,1002.04,200.00,0.00,70.17
1585,2026-07-13T13:39:43Z,1002.04,200.00,0.00,21.89
1586,2026-07-13T13:39:44Z,1002.05,200.00,0.00,37.30
1587,2026-07-13T13:39:45Z,1002.05,200.00,0.00,52.47
1588,2026-07-13T13:39:46Z,1002.08,200.00,0.00,40.01
1589,2026-07-13T13:39:47Z,1002.11,200.00,0.00,32.71
1590,2026-07-13T13:39:48Z,1002.14,200.00,0.00,19.83
1591,2026-07-13T13:39:49Z,1002.14,200.00,0.00,21.92
1592,2026-07-13T13:39:50Z,1002.16,200.00,0.00,15.74
1593,2026-07-13T13:39:51Z,1002.17,200.00,0.00,26.14
1594,2026-07-13T13:39:52Z,1002.17,200.00,0.00,33.09
1595,2026-07-13T13:39:53Z,1002.26,200.00,0.00,25.16
1596,2026-07-13T13:39:54Z,1002.26,200.00,0.00,23.55
1597,2026-07-13T13:39:55Z,1002.26,200.00,0.00,29.53
1598,2026-07-13T13:39:56Z,1002.27,200.00,0.00,25.61
1599,2026-07-13T13:39:57Z,1002.27,200.00,0.00,17.04
1600,2026-07-13T13:39:58Z,1002.29,200.00,0.00,38.33
1601,2026-07-13T13:39:59Z,1002.31,200.00,0.00,22.40
1602,2026-07-13T13:40:00Z,1002.35,200.00,0.00,7.44
1603,2026-07-13T13:40:01Z,1002.37,200.00,0.00,28.96
1604,2026-07-13T13:40:02Z,1002.37,200.00,0.00,46.83
1605,2026-07-13T13:40:03Z,1002.38,200.00,0.00,25.35
1606,2026-07-13T13:40:04Z,1002.38,200.00,0.00,23.76
1607,2026-07-13T13:40:05Z,1002.38,1019.40,0.00,25.13
1608,2026-07-13T13:40:06Z,1002.39,1019.40,0.00,25.95
1609,2026-07-13T13:40:07Z,1002.39,1019.40,0.00,23.18
1610,2026-07-13T13:40:08Z,1002.39,1019.40,0.00,15.48
1611,2026-07-13T13:40:09Z,1002.37,1019.40,0.00,10.96
1612,2026-07-13T13:40:10Z,1002.37,1019.40,0.00,5.78
1613,2026-07-13T13:40:11Z,1002.37,1019.40,0.00,24.69
1614,2026-07-13T13:40:12Z,1002.37,1019.40,0.00,10.51
1615,2026-07-13T13:40:13Z,1002.37,1019.40,0.00,31.13
1616,2026-07-13T13:40:14Z,1002.37,1019.40,0.00,27.11
1617,2026-07-13T13:40:15Z,1002.37,1019.40,0.00,28.51
1618,2026-07-13T13:40:16Z,1002.36,1019.40,0.00,21.98
1619,2026-07-13T13:40:17Z,1002.35,1019.40,0.00,20.02
1620,2026-07-13T13:40:18Z,1002.35,1019.40,0.00,17.76
1621,2026-07-13T13:40:19Z,1002.36,61.00,0.00,20.35
1622,2026-07-13T13:40:20Z,1002.36,61.00,0.00,46.01
1623,2026-07-13T13:40:21Z,1002.37,61.00,0.00,32.89
1624,2026-07-13T13:40:22Z,1002.38,61.00,0.00,27.49
1625,2026-07-13T13:40:23Z,1002.42,35.00,0.00,31.85
1626,2026-07-13T13:40:24Z,1002.42,35.00,0.00,46.44
1627,2026-07-13T13:40:25Z,1002.39,35.00,0.00,29.17
1628,2026-07-13T13:40:26Z,1002.39,35.00,0.00,26.11
1629,2026-07-13T13:40:27Z,1002.39,35.00,0.00,35.37
1630,2026-07-13T13:40:28Z,1002.38,35.00,0.00,32.86
1631,2026-07-13T13:40:29Z,1002.38,40.00,0.00,31.68
1633,2026-07-13T13:40:32Z,1002.39,40.00,0.00,52.85
1634,2026-07-13T13:40:32Z,1002.38,40.00,0.00,24.86
1635,2026-07-13T13:40:33Z,1002.38,40.00,0.00,21.72
1636,2026-07-13T13:40:34Z,1002.38,40.00,0.00,41.87
1637,2026-07-13T13:40:35Z,1002.38,40.00,0.00,44.99
1638,2026-07-13T13:40:36Z,1002.38,40.00,0.00,30.18
1639,2026-07-13T13:40:37Z,1002.39,40.00,0.00,27.39
1640,2026-07-13T13:40:38Z,1002.41,40.00,0.00,25.63
1643,2026-07-13T13:40:41Z,1002.42,40.00,0.00,19.97
1644,2026-07-13T13:40:42Z,1002.42,40.00,0.00,36.83
1645,2026-07-13T13:40:43Z,1002.43,40.00,0.00,16.39
1646,2026-07-13T13:40:44Z,1002.43,40.00,0.00,16.39
1647,2026-07-13T13:40:45Z,1002.44,40.00,0.00,14.72
1648,2026-07-13T13:40:46Z,1002.44,40.00,0.00,44.06
1649,2026-07-13T13:40:47Z,1002.43,40.00,0.00,37.16
1650,2026-07-13T13:40:48Z,1002.42,40.00,0.00,18.02
1651,2026-07-13T13:40:49Z,1002.42,40.00,0.00,49.17
1652,2026-07-13T13:40:50Z,1002.40,40.00,0.00,28.89
1653,2026-07-13T13:40:51Z,1002.39,40.00,0.00,41.65
1654,2026-07-13T13:40:52Z,1002.38,40.00,0.00,42.85
1655,2026-07-13T13:40:53Z,1002.37,40.00,0.00,22.72
1656,2026-07-13T13:40:54Z,1002.37,40.00,0.00,50.78
1657,2026-07-13T13:40:55Z,1002.36,40.00,0.00,31.66
1658,2026-07-13T13:40:56Z,1002.40,40.00,0.00,33.25
1659,2026-07-13T13:40:57Z,1002.40,40.00,0.00,14.23
1660,2026-07-13T13:40:58Z,1002.40,40.00,0.00,24.83
1661,2026-07-13T13:40:59Z,1002.40,40.00,0.00,20.63
1662,2026-07-13T13:41:00Z,1002.40,40.00,0.00,22.09
1663,2026-07-13T13:41:01Z,1002.42,40.00,0.00,22.09
1664,2026-07-13T13:41:02Z,1002.42,688.70,0.00,11.59
1665,2026-07-13T13:41:03Z,1002.46,688.70,0.00,27.23
1666,2026-07-13T13:41:04Z,1002.52,688.70,0.00,27.16
1667,2026-07-13T13:41:05Z,1002.53,105.00,0.00,33.08
1668,2026-07-13T13:41:06Z,1002.56,105.00,0.00,45.15
1669,2026-07-13T13:41:07Z,1002.58,105.00,0.00,37.64
1670,2026-07-13T13:41:08Z,1002.60,105.00,0.00,24.90
1671,2026-07-13T13:41:09Z,1002.61,105.00,0.00,20.41
1672,2026-07-13T13:41:10Z,1002.64,105.00,0.00,29.77
1673,2026-07-13T13:41:11Z,1002.66,105.00,0.00,29.77
1674,2026-07-13T13:41:12Z,1002.68,35.00,0.00,21.28
1675,2026-07-13T13:41:13Z,1002.69,35.00,0.00,61.14
1676,2026-07-13T13:41:14Z,1002.72,35.00,0.00,39.77
1677,2026-07-13T13:41:15Z,1002.73,35.00,0.00,22.83
1678,2026-07-13T13:41:16Z,1002.72,35.00,0.00,41.77
1679,2026-07-13T13:41:17Z,1002.71,35.00,0.00,56.77
1680,2026-07-13T13:41:18Z,1002.69,35.00,0.00,59.45
1681,2026-07-13T13:41:19Z,1002.68,35.00,0.00,35.73
1682,2026-07-13T13:41:20Z,1002.69,91.67,0.00,35.53
1683,2026-07-13T13:41:21Z,1002.73,91.67,0.00,38.30
1684,2026-07-13T13:41:22Z,1002.73,91.67,0.00,47.83
1685,2026-07-13T13:41:23Z,1002.73,91.67,0.00,47.83
1686,2026-07-13T13:41:24Z,1002.70,91.67,0.00,35.26
1687,2026-07-13T13:41:25Z,1002.70,91.67,0.00,37.89
1688,2026-07-13T13:41:26Z,1002.70,91.67,0.00,31.83
1689,2026-07-13T13:41:27Z,1002.69,40.00,0.00,22.95
1690,2026-07-13T13:41:28Z,1002.69,40.00,0.00,52.72
1691,2026-07-13T13:41:29Z,1002.73,36.00,0.00,37.45
1692,2026-07-13T13:41:30Z,1002.73,36.00,0.00,35.13
1693,2026-07-13T13:41:31Z,1002.73,36.00,0.00,36.49
1694,2026-07-13T13:41:32Z,1002.72,36.00,0.00,53.70
1695,2026-07-13T13:41:33Z,1002.72,36.00,0.00,61.61
1696,2026-07-13T13:41:34Z,1002.70,36.00,0.00,49.72
1697,2026-07-13T13:41:35Z,1002.70,60.93,0.00,34.07
1698,2026-07-13T13:41:36Z,1002.74,60.93,0.00,48.76
1699,2026-07-13T13:41:37Z,1002.74,40.00,0.00,22.44
1700,2026-07-13T13:41:38Z,1002.72,40.00,0.00,29.93
1701,2026-07-13T13:41:39Z,1002.71,40.00,0.00,7.96
1702,2026-07-13T13:41:40Z,1002.71,40.00,0.00,28.48
1703,2026-07-13T13:41:41Z,1002.67,40.00,0.00,35.11
1704,2026-07-13T13:41:42Z,1002.67,40.00,0.00,17.26
1705,2026-07-13T13:41:43Z,1002.71,40.00,0.00,21.74
1706,2026-07-13T13:41:44Z,1002.73,40.00,0.00,15.27
1709,2026-07-13T13:41:47Z,1002.68,40.00,0.00,20.64
1710,2026-07-13T13:41:48Z,1002.62,40.00,0.00,29.96
1711,2026-07-13T13:41:49Z,1002.62,40.00,0.00,18.40
1712,2026-07-13T13:41:50Z,1002.62,40.00,0.00,38.47
1713,2026-07-13T13:41:51Z,1002.68,40.00,0.00,46.20
1714,2026-07-13T13:41:52Z,1002.70,40.00,0.00,40.80
1715,2026-07-13T13:41:53Z,1002.70,127.83,0.00,34.49
1716,2026-07-13T13:41:54Z,1002.70,127.83,0.00,9.61
1717,2026-07-13T13:41:55Z,1002.70,127.83,0.00,35.59
1718,2026-07-13T13:41:56Z,1002.70,127.83,0.00,19.33
1719,2026-07-13T13:41:57Z,1002.71,127.83,0.00,45.21
1721,2026-07-13T13:42:00Z,1002.71,127.83,0.00,15.33
1722,2026-07-13T13:42:00Z,1002.69,127.83,0.00,13.24
1723,2026-07-13T13:42:01Z,1002.68,140.84,0.00,47.04
1724,2026-07-13T13:42:02Z,1002.67,140.84,0.00,22.39
1726,2026-07-13T13:42:05Z,1002.61,105.00,0.00,42.04
1727,2026-07-13T13:42:05Z,1002.61,105.00,0.00,37.46
1728,2026-07-13T13:42:06Z,1002.60,50.00,0.00,35.16
1729,2026-07-13T13:42:07Z,1002.57,50.00,0.00,49.49
1730,2026-07-13T13:42:08Z,1002.55,50.00,0.00,47.85
1731,2026-07-13T13:42:09Z,1002.53,50.00,0.00,56.72
1732,2026-07-13T13:42:10Z,1002.50,50.00,0.00,68.39
1733,2026-07-13T13:42:11Z,1002.48,35.00,0.00,63.57
1734,2026-07-13T13:42:12Z,1002.46,35.00,0.00,84.15
1735,2026-07-13T13:42:13Z,1002.44,35.00,0.00,97.93
1736,2026-07-13T13:42:14Z,1002.42,35.00,0.00,64.83
1737,2026-07-13T13:42:15Z,1002.41,35.00,0.00,56.25
1738,2026-07-13T13:42:16Z,1002.41,35.00,0.00,28.71
1739,2026-07-13T13:42:17Z,1002.40,35.00,0.00,20.15
1740,2026-07-13T13:42:18Z,1002.40,35.00,0.00,34.47
1741,2026-07-13T13:42:19Z,1002.39,35.00,0.00,15.21
1742,2026-07-13T13:42:20Z,1002.39,35.00,0.00,36.15
1743,2026-07-13T13:42:21Z,1002.38,35.00,0.00,14.26
1744,2026-07-13T13:42:22Z,1002.38,85.76,0.00,31.41
1745,2026-07-13T13:42:23Z,1002.36,85.76,0.00,33.45
1746,2026-07-13T13:42:24Z,1002.32,85.76,0.00,26.95
1747,2026-07-13T13:42:25Z,1002.22,85.76,0.00,23.87
1748,2026-07-13T13:42:26Z,1002.18,85.76,0.00,31.77
1749,2026-07-13T13:42:27Z,1002.10,85.76,0.00,42.87
1750,2026-07-13T13:42:28Z,1002.10,85.76,0.00,54.83
1751,2026-07-13T13:42:29Z,1002.09,85.76,0.00,54.52
1752,2026-07-13T13:42:30Z,1002.07,85.76,0.00,40.34
1753,2026-07-13T13:42:31Z,1002.06,85.76,0.00,37.49
1754,2026-07-13T13:42:32Z,1002.06,85.76,0.00,21.37
1755,2026-07-13T13:42:33Z,1002.05,85.76,0.00,50.95
1756,2026-07-13T13:42:34Z,1002.08,85.76,0.00,35.80
1757,2026-07-13T13:42:35Z,1002.11,85.76,0.00,29.06
1758,2026-07-13T13:42:36Z,1002.16,85.76,0.00,40.24
1759,2026-07-13T13:42:37Z,1002.18,85.76,0.00,27.87
1760,2026-07-13T13:42:38Z,1002.18,85.76,0.00,10.28
1761,2026-07-13T13:42:39Z,1002.18,85.76,0.00,33.48
1762,2026-07-13T13:42:40Z,1002.14,85.76,0.00,20.80
1763,2026-07-13T13:42:41Z,1002.09,85.76,0.00,32.73
1764,2026-07-13T13:42:42Z,1002.03,85.76,0.00,24.06
1765,2026-07-13T13:42:43Z,1001.94,85.76,0.00,37.93
1766,2026-07-13T13:42:44Z,1001.93,85.76,0.00,39.71
1767,2026-07-13T13:42:45Z,1001.92,85.76,0.00,33.13
1768,2026-07-13T13:42:46Z,1001.85,85.76,0.00,34.80
1769,2026-07-13T13:42:47Z,1001.85,85.76,0.00,33.64
1770,2026-07-13T13:42:48Z,1001.84,85.76,0.00,66.37
1771,2026-07-13T13:42:49Z,1001.80,140.43,0.00,65.35
1772,2026-07-13T13:42:50Z,1001.67,140.43,0.00,44.50
1774,2026-07-13T13:42:52Z,1001.49,140.43,0.00,30.24
1775,2026-07-13T13:42:53Z,1001.46,140.43,0.00,60.91
1776,2026-07-13T13:42:54Z,1001.46,140.43,0.00,82.84
1777,2026-07-13T13:42:55Z,1001.56,140.43,0.00,77.61
1778,2026-07-13T13:42:56Z,1001.66,198.10,0.00,75.23
1779,2026-07-13T13:42:57Z,1001.69,198.10,0.00,75.16
1780,2026-07-13T13:42:58Z,1001.71,198.10,0.00,73.76
1781,2026-07-13T13:42:59Z,1001.71,198.10,0.00,67.95
1782,2026-07-13T13:43:00Z,1001.72,198.10,0.00,47.55
1783,2026-07-13T13:43:01Z,1001.72,198.10,0.00,56.48
1784,2026-07-13T13:43:02Z,1001.72,198.10,0.00,57.61
1785,2026-07-13T13:43:03Z,1001.72,198.10,0.00,57.98
1786,2026-07-13T13:43:04Z,1001.72,198.10,0.00,57.54
1787,2026-07-13T13:43:05Z,1001.73,198.10,0.00,57.08
1788,2026-07-13T13:43:06Z,1001.73,198.10,0.00,57.07
1789,2026-07-13T13:43:07Z,1001.74,46.00,0.00,57.58
1790,2026-07-13T13:43:08Z,1001.74,46.00,0.00,59.79
1791,2026-07-13T13:43:09Z,1001.73,46.00,0.00,61.00
1792,2026-07-13T13:43:10Z,1001.72,46.00,0.00,60.95
1793,2026-07-13T13:43:11Z,1001.73,46.00,0.00,61.18
1794,2026-07-13T13:43:12Z,1001.73,46.00,0.00,61.04
1795,2026-07-13T13:43:13Z,1001.74,46.00,0.00,61.17
1796,2026-07-13T13:43:14Z,1001.75,46.00,0.00,61.08
1797,2026-07-13T13:43:15Z,1001.76,46.00,0.00,61.13
1798,2026-07-13T13:43:16Z,1001.76,46.00,0.00,61.23
1799,2026-07-13T13:43:17Z,1001.76,46.00,0.00,60.82
1800,2026-07-13T13:43:18Z,1001.76,46.00,0.00,60.82
1801,2026-07-13T13:43:19Z,1001.76,46.00,0.00,61.74
1802,2026-07-13T13:43:20Z,1001.76,46.00,0.00,64.69
1803,2026-07-13T13:43:21Z,1001.75,46.00,0.00,88.99
1804,2026-07-13T13:43:22Z,1001.75,46.00,0.00,63.63
1805,2026-07-13T13:43:23Z,1001.75,46.00,0.00,50.87
1806,2026-07-13T13:43:24Z,1001.74,46.00,0.00,71.43
1807,2026-07-13T13:43:25Z,1001.73,46.00,0.00,39.31
1808,2026-07-13T13:43:26Z,1001.72,46.00,0.00,46.13
1809,2026-07-13T13:43:27Z,1001.72,46.00,0.00,34.35
1810,2026-07-13T13:43:28Z,1001.72,116.79,0.00,52.07
1811,2026-07-13T13:43:29Z,1001.73,119.51,0.00,23.57
1812,2026-07-13T13:43:30Z,1001.73,119.51,0.00,54.94
1813,2026-07-13T13:43:31Z,1001.73,119.51,0.00,43.87
1814,2026-07-13T13:43:32Z,1001.73,119.51,0.00,39.41
1815,2026-07-13T13:43:33Z,1001.71,119.51,0.00,46.67
1816,2026-07-13T13:43:34Z,1001.69,119.51,0.00,65.30
1817,2026-07-13T13:43:35Z,1001.68,119.51,0.00,35.73
1818,2026-07-13T13:43:36Z,1001.66,119.51,0.00,59.72
1819,2026-07-13T13:43:37Z,1001.65,119.51,0.00,52.04
1820,2026-07-13T13:43:38Z,1001.65,119.51,0.00,15.91
1821,2026-07-13T13:43:39Z,1001.65,248.05,0.00,46.34
1822,2026-07-13T13:43:40Z,1001.67,248.05,0.00,23.25
1823,2026-07-13T13:43:41Z,1001.68,248.05,0.00,58.90
1824,2026-07-13T13:43:42Z,1001.69,248.05,0.00,59.47
1825,2026-07-13T13:43:43Z,1001.69,248.05,0.00,35.58
1826,2026-07-13T13:43:44Z,1001.69,248.05,0.00,39.80
1827,2026-07-13T13:43:45Z,1001.67,248.05,0.00,32.47
1828,2026-07-13T13:43:46Z,1001.67,324.48,0.00,48.29
1829,2026-07-13T13:43:47Z,1001.66,324.48,0.00,29.65
1830,2026-07-13T13:43:48Z,1001.67,324.48,0.00,21.00
1831,2026-07-13T13:43:49Z,1001.68,324.48,0.00,28.61
1832,2026-07-13T13:43:50Z,1001.68,324.48,0.00,28.61
1833,2026-07-13T13:43:51Z,1001.67,324.48,0.00,26.13
1834,2026-07-13T13:43:52Z,1001.66,324.48,0.00,20.14
1835,2026-07-13T13:43:53Z,1001.66,324.48,0.00,21.51
1836,2026-07-13T13:43:54Z,1001.68,380.66,0.00,54.69
1837,2026-07-13T13:43:55Z,1001.70,380.66,0.00,26.05
1838,2026-07-13T13:43:56Z,1001.70,380.66,0.00,38.47
1839,2026-07-13T13:43:57Z,1001.70,380.66,0.00,29.05
1840,2026-07-13T13:43:58Z,1001.70,380.66,0.00,34.50
1841,2026-07-13T13:43:59Z,1001.70,380.66,0.00,46.94
1842,2026-07-13T13:44:00Z,1001.78,380.66,0.00,26.43
1843,2026-07-13T13:44:01Z,1001.79,380.66,0.00,37.20
1844,2026-07-13T13:44:02Z,1001.79,380.66,0.00,37.54
1845,2026-07-13T13:44:03Z,1001.79,380.66,0.00,31.60
1846,2026-07-13T13:44:04Z,1001.78,380.66,0.00,19.23
1847,2026-07-13T13:44:05Z,1001.77,380.66,0.00,32.25
1848,2026-07-13T13:44:06Z,1001.77,380.66,0.00,30.53
1849,2026-07-13T13:44:07Z,1001.77,452.95,0.00,26.06
1850,2026-07-13T13:44:08Z,1001.73,452.95,0.00,25.51
1851,2026-07-13T13:44:09Z,1001.65,452.95,0.00,46.60
1852,2026-07-13T13:44:10Z,1001.65,452.95,0.00,44.99
1853,2026-07-13T13:44:11Z,1001.69,452.95,0.00,29.43
1854,2026-07-13T13:44:12Z,1001.71,452.95,0.00,44.26
1855,2026-07-13T13:44:13Z,1001.77,452.95,0.00,49.27
1856,2026-07-13T13:44:14Z,1001.91,452.95,0.00,71.60
1857,2026-07-13T13:44:15Z,1001.98,452.95,0.00,56.69
1858,2026-07-13T13:44:16Z,1002.01,452.95,0.00,38.58
1859,2026-07-13T13:44:17Z,1002.03,452.95,0.00,37.74
1860,2026-07-13T13:44:18Z,1002.06,452.95,0.00,53.04
1861,2026-07-13T13:44:19Z,1002.07,452.95,0.00,56.62
1862,2026-07-13T13:44:20Z,1002.07,452.95,0.00,87.59
1863,2026-07-13T13:44:21Z,1002.07,548.56,0.00,71.33
1864,2026-07-13T13:44:22Z,1002.06,548.56,0.00,37.59
1865,2026-07-13T13:44:23Z,1002.06,548.56,0.00,11.23
1866,2026-07-13T13:44:24Z,1002.07,550.15,0.00,28.35
1867,2026-07-13T13:44:25Z,1002.07,550.15,0.00,35.64
1868,2026-07-13T13:44:26Z,1002.05,550.15,0.00,21.41
1869,2026-07-13T13:44:27Z,1002.05,552.44,0.00,62.65
1870,2026-07-13T13:44:28Z,1002.05,552.44,0.00,50.53
1871,2026-07-13T13:44:29Z,1002.05,552.44,0.00,27.35
1872,2026-07-13T13:44:30Z,1002.05,554.57,0.00,58.45
1873,2026-07-13T13:44:31Z,1002.07,554.57,0.00,55.36
1874,2026-07-13T13:44:32Z,1002.07,554.57,0.00,14.02
1875,2026-07-13T13:44:33Z,1002.07,554.57,0.00,33.82
1876,2026-07-13T13:44:34Z,1002.12,554.57,0.00,39.99
1877,2026-07-13T13:44:35Z,1002.12,554.57,0.00,44.96
1878,2026-07-13T13:44:36Z,1002.06,36.00,0.00,34.24
1879,2026-07-13T13:44:37Z,1002.06,35.00,0.00,17.28
1880,2026-07-13T13:44:38Z,1002.06,35.00,0.00,23.15
1881,2026-07-13T13:44:39Z,1002.00,35.00,0.00,37.02
1882,2026-07-13T13:44:40Z,1002.04,35.00,0.00,31.08
1883,2026-07-13T13:44:41Z,1002.04,35.00,0.00,20.94
1884,2026-07-13T13:44:42Z,1002.05,40.00,0.00,33.05
1885,2026-07-13T13:44:43Z,1002.06,40.00,0.00,45.70
1886,2026-07-13T13:44:44Z,1002.06,40.00,0.00,57.39
1887,2026-07-13T13:44:45Z,1002.06,40.00,0.00,45.63
1888,2026-07-13T13:44:46Z,1002.06,40.00,0.00,20.72
1889,2026-07-13T13:44:47Z,1002.06,40.00,0.00,39.27
1890,2026-07-13T13:44:48Z,1002.05,40.00,0.00,34.93
1891,2026-07-13T13:44:49Z,1002.05,40.00,0.00,41.81
1892,2026-07-13T13:44:50Z,1002.05,40.00,0.00,56.28
1893,2026-07-13T13:44:51Z,1002.06,40.00,0.00,44.04
1894,2026-07-13T13:44:52Z,1002.06,40.00,0.00,35.43
1895,2026-07-13T13:44:53Z,1002.06,40.00,0.00,27.94
1896,2026-07-13T13:44:54Z,1002.07,40.00,0.00,22.73
1897,2026-07-13T13:44:55Z,1002.08,40.00,0.00,25.60
1898,2026-07-13T13:44:56Z,1002.09,40.00,0.00,30.20
1899,2026-07-13T13:44:57Z,1002.09,40.00,0.00,32.32
1900,2026-07-13T13:44:58Z,1002.10,40.00,0.00,42.89
1901,2026-07-13T13:44:59Z,1002.11,45.75,0.00,22.94
1902,2026-07-13T13:45:00Z,1002.11,45.75,0.00,53.44
1903,2026-07-13T13:45:01Z,1002.11,45.75,0.00,53.48
1904,2026-07-13T13:45:02Z,1002.12,45.75,0.00,52.92
1905,2026-07-13T13:45:03Z,1002.11,45.75,0.00,53.28
1906,2026-07-13T13:45:04Z,1002.10,45.75,0.00,53.17
1907,2026-07-13T13:45:05Z,1002.10,45.75,0.00,52.97
1908,2026-07-13T13:45:06Z,1002.10,45.75,0.00,52.88
1909,2026-07-13T13:45:07Z,1002.10,45.75,0.00,52.49
1910,2026-07-13T13:45:08Z,1002.10,45.75,0.00,56.73
1911,2026-07-13T13:45:09Z,1002.10,32.00,10.55,49.17
1912,2026-07-13T13:45:10Z,1002.10,48.01,0.00,50.08
1913,2026-07-13T13:45:11Z,1002.10,48.01,0.00,48.83
1914,2026-07-13T13:45:12Z,1002.10,48.01,0.00,47.86
1915,2026-07-13T13:45:13Z,1002.10,48.01,4.55,47.50
1916,2026-07-13T13:45:14Z,1002.11,32.00,0.00,46.38
1917,2026-07-13T13:45:15Z,1002.14,32.00,4.55,46.74
1918,2026-07-13T13:45:16Z,1002.15,32.00,0.00,47.03
1919,2026-07-13T13:45:17Z,1002.17,32.00,0.00,46.85
1920,2026-07-13T13:45:18Z,1002.19,32.00,0.00,44.92
1921,2026-07-13T13:45:19Z,1002.20,32.00,0.00,42.05
1922,2026-07-13T13:45:20Z,1002.20,32.00,0.00,36.47
1923,2026-07-13T13:45:21Z,1002.20,32.00,0.00,26.06
1924,2026-07-13T13:45:22Z,1002.20,32.00,0.00,18.51
1925,2026-07-13T13:45:23Z,1002.20,32.00,0.00,17.88
1926,2026-07-13T13:45:24Z,1002.20,32.00,0.00,18.13
1927,2026-07-13T13:45:25Z,1002.16,32.00,0.00,20.03
1928,2026-07-13T13:45:26Z,1002.11,32.00,0.00,19.41
1929,2026-07-13T13:45:27Z,1002.04,32.00,0.00,22.67
1930,2026-07-13T13:45:28Z,1001.93,32.00,0.00,14.43
1931,2026-07-13T13:45:29Z,1001.88,32.00,0.00,17.22
1932,2026-07-13T13:45:30Z,1001.78,32.00,0.00,11.29
1933,2026-07-13T13:45:31Z,1001.68,32.00,0.00,10.59
1934,2026-07-13T13:45:32Z,1001.62,32.00,0.00,14.33
1935,2026-07-13T13:45:33Z,1001.57,32.00,0.00,11.40
1936,2026-07-13T13:45:34Z,1001.51,313.30,0.00,13.59
1937,2026-07-13T13:45:35Z,1001.44,310.12,0.00,13.45
1938,2026-07-13T13:45:36Z,1001.34,310.12,0.00,8.96
1939,2026-07-13T13:45:37Z,1001.23,64.00,11.24,15.41
1940,2026-07-13T13:45:38Z,1001.13,64.00,10.85,14.19
1941,2026-07-13T13:45:39Z,1001.03,64.00,10.85,15.87
1942,2026-07-13T13:45:40Z,1000.93,73.07,11.29,11.81
1943,2026-07-13T13:45:41Z,1000.88,44.21,11.43,12.06
1944,2026-07-13T13:45:42Z,1000.78,53.20,11.51,11.38
1945,2026-07-13T13:45:43Z,1000.69,57.71,11.43,8.73
1946,2026-07-13T13:45:44Z,1000.61,46.24,11.51,10.15
1947,2026-07-13T13:45:45Z,1000.52,42.79,11.56,12.50
1948,2026-07-13T13:45:46Z,1000.38,42.79,11.56,33.33
1949,2026-07-13T13:45:47Z,1000.22,32.00,11.51,35.32
1950,2026-07-13T13:45:48Z,1000.12,32.00,11.51,14.37
1951,2026-07-13T13:45:49Z,1000.09,32.00,11.51,23.49
1952,2026-07-13T13:45:50Z,1000.08,32.00,11.51,14.18
1953,2026-07-13T13:45:51Z,1000.06,32.00,11.51,5.25
1954,2026-07-13T13:45:52Z,1000.05,32.00,13.22,5.25
1955,2026-07-13T13:45:53Z,1000.04,32.00,12.92,31.48
1956,2026-07-13T13:45:54Z,999.98,32.00,12.56,18.78
1957,2026-07-13T13:45:55Z,999.91,32.00,12.53,20.66
1958,2026-07-13T13:45:56Z,999.89,32.00,12.44,21.92
1959,2026-07-13T13:45:57Z,999.89,32.00,12.44,21.67
1960,2026-07-13T13:45:58Z,999.91,32.00,12.30,21.84
1961,2026-07-13T13:45:59Z,999.94,32.00,11.72,21.57
1962,2026-07-13T13:46:00Z,1000.00,32.00,11.63,22.21
1963,2026-07-13T13:46:01Z,1000.02,32.00,9.22,22.55
1964,2026-07-13T13:46:02Z,1000.06,32.00,9.22,23.30
1965,2026-07-13T13:46:03Z,1000.11,32.00,6.74,21.61
1966,2026-07-13T13:46:04Z,1000.18,32.00,4.77,19.42
1967,2026-07-13T13:46:05Z,1000.24,32.00,3.99,17.06
1968,2026-07-13T13:46:06Z,1000.31,32.00,4.39,21.71
1969,2026-07-13T13:46:07Z,1000.38,32.00,4.39,30.46
1970,2026-07-13T13:46:08Z,1000.49,32.00,3.03,50.26
1971,2026-07-13T13:46:09Z,1000.52,32.00,3.03,50.26
1972,2026-07-13T13:46:10Z,1000.53,32.00,3.09,48.44
1973,2026-07-13T13:46:11Z,1000.53,32.00,3.93,47.21
1974,2026-07-13T13:46:12Z,1000.52,32.00,3.93,42.82
1975,2026-07-13T13:46:13Z,1000.46,32.00,3.43,41.89
1976,2026-07-13T13:46:14Z,1000.40,32.00,2.42,42.37
1977,2026-07-13T13:46:15Z,1000.35,32.00,2.04,39.46
1978,2026-07-13T13:46:16Z,1000.23,32.00,2.70,45.14
1979,2026-07-13T13:46:17Z,1000.20,32.00,3.10,50.12
1980,2026-07-13T13:46:18Z,1000.15,32.00,3.08,51.02
1981,2026-07-13T13:46:19Z,1000.10,32.00,3.10,54.97
1982,2026-07-13T13:46:20Z,1000.04,32.00,3.39,47.90
1983,2026-07-13T13:46:21Z,999.99,32.00,3.07,31.24
1984,2026-07-13T13:46:22Z,999.95,32.00,3.07,22.79
1985,2026-07-13T13:46:23Z,999.90,32.00,3.07,27.39
1986,2026-07-13T13:46:24Z,999.82,32.00,3.07,25.83
1987,2026-07-13T13:46:25Z,999.74,32.00,6.37,28.20
1988,2026-07-13T13:46:26Z,999.69,32.00,8.47,27.32
1989,2026-07-13T13:46:27Z,999.57,32.00,9.03,28.68
1990,2026-07-13T13:46:28Z,999.47,32.00,9.03,22.94
1991,2026-07-13T13:46:29Z,999.37,32.00,9.13,23.79
1992,2026-07-13T13:46:30Z,999.18,32.00,9.13,20.42
1993,2026-07-13T13:46:31Z,999.11,32.00,8.86,20.77
1994,2026-07-13T13:46:32Z,999.05,32.00,8.86,20.76
1995,2026-07-13T13:46:33Z,999.01,32.00,8.44,18.62
1996,2026-07-13T13:46:34Z,998.94,32.00,8.03,17.76
1997,2026-07-13T13:46:35Z,998.88,32.00,7.42,17.41
1998,2026-07-13T13:46:36Z,998.81,32.00,5.91,16.81
1999,2026-07-13T13:46:37Z,998.74,32.00,5.91,16.58
2000,2026-07-13T13:46:38Z,998.68,32.00,4.70,16.32
2001,2026-07-13T13:46:39Z,998.61,32.00,4.18,16.08
2002,2026-07-13T13:46:40Z,998.55,32.00,4.11,14.60
2003,2026-07-13T13:46:41Z,998.49,32.00,4.73,11.76
2004,2026-07-13T13:46:42Z,998.43,32.00,5.85,14.04
2005,2026-07-13T13:46:43Z,998.38,32.00,5.85,14.44
2006,2026-07-13T13:46:44Z,998.34,32.00,7.42,14.37
2007,2026-07-13T13:46:45Z,998.28,32.00,8.06,14.69
2008,2026-07-13T13:46:46Z,998.21,32.00,8.96,15.56
2009,2026-07-13T13:46:47Z,998.11,32.00,9.14,16.12
2010,2026-07-13T13:46:48Z,998.00,32.00,9.14,16.20
2011,2026-07-13T13:46:49Z,997.87,32.00,9.46,17.09
2012,2026-07-13T13:46:50Z,997.73,32.00,9.46,16.61
2013,2026-07-13T13:46:51Z,997.62,32.00,9.17,17.21
2014,2026-07-13T13:46:52Z,997.48,32.00,9.58,17.15
2015,2026-07-13T13:46:53Z,997.42,32.00,9.58,16.80
2016,2026-07-13T13:46:54Z,997.40,32.00,9.98,18.01
2017,2026-07-13T13:46:55Z,997.38,32.00,9.98,16.61
2018,2026-07-13T13:46:56Z,997.35,32.00,8.79,14.96
2019,2026-07-13T13:46:57Z,997.30,32.00,8.79,15.91
2020,2026-07-13T13:46:58Z,997.30,32.00,7.97,16.73
2021,2026-07-13T13:46:59Z,997.30,32.00,7.67,17.65
2022,2026-07-13T13:47:00Z,997.31,16.00,7.16,16.87
2023,2026-07-13T13:47:01Z,997.32,16.00,6.40,16.84
2024,2026-07-13T13:47:02Z,997.36,16.00,6.63,18.16
2025,2026-07-13T13:47:03Z,997.38,16.00,6.63,20.64
2026,2026-07-13T13:47:04Z,997.40,16.00,6.71,19.34
2027,2026-07-13T13:47:05Z,997.41,16.00,7.05,17.92
2028,2026-07-13T13:47:06Z,997.42,16.00,7.26,17.93
2029,2026-07-13T13:47:07Z,997.43,16.00,7.35,18.76
2030,2026-07-13T13:47:08Z,997.46,16.00,7.35,18.17
2031,2026-07-13T13:47:09Z,997.50,8.00,7.35,18.46
2032,2026-07-13T13:47:10Z,997.58,8.00,7.32,18.27
2033,2026-07-13T13:47:11Z,997.59,8.00,6.11,17.82
2034,2026-07-13T13:47:12Z,997.67,8.00,6.11,17.61
2035,2026-07-13T13:47:13Z,997.72,6.00,5.98,17.65
2036,2026-07-13T13:47:14Z,997.73,8.00,5.98,16.57
2037,2026-07-13T13:47:15Z,997.79,8.00,6.27,18.03
2038,2026-07-13T13:47:16Z,997.80,8.00,7.22,17.94
2039,2026-07-13T13:47:17Z,997.85,8.00,7.22,17.39
2040,2026-07-13T13:47:18Z,997.89,8.00,6.94,17.66
2041,2026-07-13T13:47:19Z,997.94,12.00,6.84,18.07
2042,2026-07-13T13:47:20Z,997.99,12.00,6.27,17.02
2043,2026-07-13T13:47:21Z,998.05,12.00,5.38,17.07
2044,2026-07-13T13:47:22Z,998.11,12.00,5.38,17.16
2045,2026-07-13T13:47:23Z,998.16,12.00,5.09,18.79
2046,2026-07-13T13:47:24Z,998.20,12.00,3.08,17.67
2047,2026-07-13T13:47:25Z,998.24,16.00,2.82,18.11
2048,2026-07-13T13:47:26Z,998.27,16.00,2.06,18.39
2049,2026-07-13T13:47:27Z,998.29,16.00,2.06,19.02
2050,2026-07-13T13:47:28Z,998.30,16.00,1.98,19.10
2051,2026-07-13T13:47:29Z,998.31,16.00,1.88,19.31
2052,2026-07-13T13:47:30Z,998.33,16.00,1.17,19.84
2053,2026-07-13T13:47:31Z,998.33,16.00,1.06,20.20
2054,2026-07-13T13:47:32Z,998.35,16.00,1.43,18.92
2055,2026-07-13T13:47:33Z,998.38,16.00,1.43,18.11
2056,2026-07-13T13:47:34Z,998.39,16.00,2.69,16.29
2057,2026-07-13T13:47:35Z,998.38,16.00,3.26,17.70
2058,2026-07-13T13:47:36Z,998.38,16.00,4.05,17.07
2059,2026-07-13T13:47:37Z,998.36,16.00,5.41,20.88
2060,2026-07-13T13:47:38Z,998.35,16.00,5.41,18.35
2061,2026-07-13T13:47:39Z,998.35,16.00,5.41,18.74
2062,2026-07-13T13:47:40Z,998.40,16.00,6.15,21.60
2063,2026-07-13T13:47:41Z,998.44,16.00,6.50,18.93
2064,2026-07-13T13:47:42Z,998.51,16.00,6.49,18.65
2065,2026-07-13T13:47:43Z,998.52,16.00,6.49,21.94
2066,2026-07-13T13:47:44Z,998.56,14.99,4.52,26.75
2067,2026-07-13T13:47:45Z,998.60,8.00,4.52,27.79
2068,2026-07-13T13:47:46Z,998.64,8.00,4.79,28.40
2069,2026-07-13T13:47:47Z,998.65,8.00,4.79,31.18
2070,2026-07-13T13:47:48Z,998.75,12.00,2.58,30.82
2071,2026-07-13T13:47:49Z,998.81,12.00,1.91,28.88
2072,2026-07-13T13:47:50Z,998.86,12.00,1.44,24.95
2073,2026-07-13T13:47:51Z,998.91,12.00,1.15,18.80
2074,2026-07-13T13:47:52Z,998.95,8.00,1.15,2.31
2075,2026-07-13T13:47:53Z,998.97,8.00,0.74,7.28
2076,2026-07-13T13:47:54Z,998.98,8.00,0.74,12.35
2077,2026-07-13T13:47:55Z,999.02,8.00,0.78,12.79
2078,2026-07-13T13:47:56Z,999.02,8.00,2.79,13.85
2079,2026-07-13T13:47:57Z,999.02,8.00,3.83,10.92
2080,2026-07-13T13:47:58Z,999.06,8.00,3.83,10.86
2081,2026-07-13T13:47:59Z,999.06,8.00,4.39,10.46
2082,2026-07-13T13:48:00Z,999.07,9.16,5.64,11.22
2083,2026-07-13T13:48:01Z,999.09,9.84,8.21,12.67
2084,2026-07-13T13:48:02Z,999.18,8.00,8.21,12.40
2085,2026-07-13T13:48:03Z,999.21,8.00,7.95,11.24
2086,2026-07-13T13:48:04Z,999.34,12.00,7.48,9.52
2087,2026-07-13T13:48:05Z,999.46,12.00,7.48,12.83
2088,2026-07-13T13:48:06Z,999.56,12.00,3.33,13.15
2089,2026-07-13T13:48:07Z,999.69,12.00,3.33,12.89
2090,2026-07-13T13:48:08Z,999.77,12.00,2.09,13.54
2091,2026-07-13T13:48:09Z,999.85,12.00,0.12,14.29
2092,2026-07-13T13:48:10Z,999.91,12.00,0.40,14.28
2093,2026-07-13T13:48:11Z,999.95,12.00,0.56,13.91
2094,2026-07-13T13:48:12Z,999.98,8.00,0.56,14.42
2095,2026-07-13T13:48:13Z,1000.00,8.00,0.56,14.08
2096,2026-07-13T13:48:14Z,1000.01,8.00,0.56,14.45
2097,2026-07-13T13:48:15Z,1000.07,8.00,0.20,14.14
2098,2026-07-13T13:48:16Z,1000.07,12.00,2.48,16.31
2099,2026-07-13T13:48:17Z,1000.01,12.00,2.93,15.84
2100,2026-07-13T13:48:18Z,1000.01,12.00,2.93,18.07
2101,2026-07-13T13:48:19Z,999.96,12.00,2.93,15.91
2102,2026-07-13T13:48:20Z,999.96,12.00,2.99,11.11
2103,2026-07-13T13:48:21Z,1000.02,12.00,5.52,12.71
2104,2026-07-13T13:48:22Z,1000.04,12.00,5.52,13.02
2105,2026-07-13T13:48:23Z,1000.07,12.00,5.48,12.80
2106,2026-07-13T13:48:24Z,1000.11,12.00,4.66,13.75
2107,2026-07-13T13:48:25Z,1000.17,12.00,3.72,12.92
2108,2026-07-13T13:48:26Z,1000.26,12.00,3.34,14.10
2109,2026-07-13T13:48:27Z,1000.35,12.00,4.73,14.10
2110,2026-07-13T13:48:28Z,1000.43,12.00,4.73,13.94
2111,2026-07-13T13:48:29Z,1000.50,12.00,4.73,13.32
2112,2026-07-13T13:48:30Z,1000.58,12.00,4.58,13.25
2113,2026-07-13T13:48:31Z,1000.67,12.00,5.26,12.48
2114,2026-07-13T13:48:32Z,1000.77,12.00,5.26,11.29
2115,2026-07-13T13:48:33Z,1000.93,12.00,5.04,11.57
2116,2026-07-13T13:48:34Z,1001.07,12.00,4.57,10.04
2117,2026-07-13T13:48:35Z,1001.18,12.00,4.57,12.60
2118,2026-07-13T13:48:36Z,1001.25,8.00,3.93,12.62
2119,2026-07-13T13:48:37Z,1001.43,8.00,4.38,10.24
2120,2026-07-13T13:48:38Z,1001.43,11.57,4.38,10.24
2121,2026-07-13T13:48:39Z,1001.58,11.57,4.38,9.92
2122,2026-07-13T13:48:40Z,1001.78,13.03,6.12,9.48
2123,2026-07-13T13:48:41Z,1001.80,8.00,7.39,9.48
2124,2026-07-13T13:48:42Z,1001.95,9.67,7.39,11.13
2125,2026-07-13T13:48:43Z,1002.14,8.00,6.24,11.15
2126,2026-07-13T13:48:44Z,1002.24,12.00,5.09,10.12
2127,2026-07-13T13:48:45Z,1002.30,12.00,5.09,12.22
2128,2026-07-13T13:48:46Z,1002.48,12.00,1.26,11.20
2129,2026-07-13T13:48:47Z,1002.64,12.00,1.26,11.20
2130,2026-07-13T13:48:48Z,1002.64,12.00,1.26,10.54
2131,2026-07-13T13:48:49Z,1002.75,12.00,0.56,10.03
2132,2026-07-13T13:48:50Z,1002.82,12.00,0.58,10.03
2133,2026-07-13T13:48:51Z,1002.82,12.00,0.59,10.57
2134,2026-07-13T13:48:52Z,1002.82,12.00,0.59,13.23
2135,2026-07-13T13:48:53Z,1002.84,12.00,0.54,16.89
2136,2026-07-13T13:48:54Z,1002.84,12.00,0.54,6.99
2137,2026-07-13T13:48:55Z,1002.83,12.00,0.93,3.81
2138,2026-07-13T13:48:56Z,1002.83,12.00,1.81,2.66
2139,2026-07-13T13:48:57Z,1002.85,12.00,1.81,4.18
2140,2026-07-13T13:48:58Z,1002.85,12.00,1.81,4.18
2141,2026-07-13T13:48:59Z,1002.88,12.00,2.00,5.24
2142,2026-07-13T13:49:00Z,1002.93,12.00,2.00,9.44
2143,2026-07-13T13:49:01Z,1002.93,12.00,1.02,6.03
2144,2026-07-13T13:49:02Z,1002.93,12.00,1.02,6.02
2145,2026-07-13T13:49:03Z,1002.93,12.00,1.02,8.94
2146,2026-07-13T13:49:04Z,1002.93,16.00,1.56,8.94
2147,2026-07-13T13:49:05Z,1002.91,16.00,1.56,8.13
2148,2026-07-13T13:49:06Z,1002.91,12.00,2.48,5.40
2149,2026-07-13T13:49:07Z,1002.92,12.00,2.50,6.76
2150,2026-07-13T13:49:08Z,1002.92,12.00,2.50,13.06
2151,2026-07-13T13:49:09Z,1002.89,12.00,3.41,18.48
2152,2026-07-13T13:49:10Z,1002.89,12.00,3.78,22.55
2153,2026-07-13T13:49:11Z,1002.87,12.00,3.78,22.77
2154,2026-07-13T13:49:12Z,1002.82,12.00,3.48,18.85
2155,2026-07-13T13:49:13Z,1002.82,12.00,3.37,12.66
2156,2026-07-13T13:49:14Z,1002.82,12.00,3.37,6.00
2157,2026-07-13T13:49:15Z,1002.80,12.00,3.06,5.13
2158,2026-07-13T13:49:16Z,1002.80,12.00,4.13,7.92
2159,2026-07-13T13:49:17Z,1002.80,12.00,5.15,7.88
2160,2026-07-13T13:49:18Z,1002.79,12.00,5.15,8.45
2161,2026-07-13T13:49:19Z,1002.79,25.00,6.86,8.01
2162,2026-07-13T13:49:20Z,1002.82,25.00,7.15,9.57
2163,2026-07-13T13:49:21Z,1002.85,25.00,6.86,7.05
2164,2026-07-13T13:49:22Z,1002.85,25.00,6.86,8.22
2165,2026-07-13T13:49:23Z,1002.85,25.00,6.22,9.13
2166,2026-07-13T13:49:24Z,1002.88,25.00,5.38,10.09
2167,2026-07-13T13:49:25Z,1002.92,25.00,4.34,10.12
2168,2026-07-13T13:49:26Z,1002.95,25.00,1.24,9.96
2169,2026-07-13T13:49:27Z,1002.98,25.00,1.24,10.40
2170,2026-07-13T13:49:28Z,1003.00,25.00,1.23,11.62
2171,2026-07-13T13:49:29Z,1003.01,25.00,1.23,18.63
2172,2026-07-13T13:49:30Z,1003.01,25.00,2.25,25.79
2173,2026-07-13T13:49:31Z,1003.02,25.00,5.30,31.56
2174,2026-07-13T13:49:32Z,1003.02,25.00,5.60,36.38
2175,2026-07-13T13:49:33Z,1003.02,25.00,5.60,34.75
2176,2026-07-13T13:49:34Z,1003.01,25.00,5.60,33.78
2177,2026-07-13T13:49:35Z,1003.00,25.00,7.03,34.17
2178,2026-07-13T13:49:36Z,1002.99,25.00,8.49,35.15
2179,2026-07-13T13:49:37Z,1002.98,8.00,8.83,35.52
2180,2026-07-13T13:49:38Z,1002.97,8.00,8.83,37.83
2181,2026-07-13T13:49:39Z,1002.97,8.00,8.83,37.72
2182,2026-07-13T13:49:40Z,1003.00,8.00,8.74,37.28
2183,2026-07-13T13:49:41Z,1003.02,8.00,5.49,36.89
2184,2026-07-13T13:49:42Z,1003.07,8.00,5.49,33.48
2185,2026-07-13T13:49:43Z,1003.21,8.00,4.84,30.18
2186,2026-07-13T13:49:44Z,1003.23,8.00,4.49,26.20
2187,2026-07-13T13:49:45Z,1003.25,8.00,4.49,26.84
2188,2026-07-13T13:49:46Z,1003.29,8.00,4.49,26.76
2189,2026-07-13T13:49:47Z,1003.29,8.00,8.01,26.61
2190,2026-07-13T13:49:48Z,1003.23,8.00,8.01,22.87
2191,2026-07-13T13:49:49Z,1003.23,12.00,8.67,22.81
2192,2026-07-13T13:49:50Z,1003.23,12.00,8.95,22.92
2193,2026-07-13T13:49:51Z,1003.21,12.00,9.65,23.11
2194,2026-07-13T13:49:52Z,1003.21,12.00,9.65,5.85
2195,2026-07-13T13:49:53Z,1003.23,12.00,9.65,23.34
2196,2026-07-13T13:49:54Z,1003.28,12.00,9.86,26.30
2197,2026-07-13T13:49:55Z,1003.29,12.00,9.86,25.96
2198,2026-07-13T13:49:56Z,1003.39,12.00,8.73,23.72
2199,2026-07-13T13:49:57Z,1003.47,12.00,8.73,22.25
2200,2026-07-13T13:49:58Z,1003.54,12.00,8.02,21.13
2201,2026-07-13T13:49:59Z,1003.64,12.00,7.82,25.18
2202,2026-07-13T13:50:00Z,1003.64,12.00,7.82,26.88
2203,2026-07-13T13:50:01Z,1003.69,12.00,7.82,24.74
2204,2026-07-13T13:50:02Z,1003.72,12.00,8.32,25.33
2205,2026-07-13T13:50:03Z,1003.80,12.00,8.32,25.25
2206,2026-07-13T13:50:04Z,1003.81,12.00,8.64,25.55
2207,2026-07-13T13:50:05Z,1003.82,12.00,8.64,25.89
2208,2026-07-13T13:50:06Z,1003.82,12.00,9.74,25.11
2209,2026-07-13T13:50:07Z,1003.82,12.00,10.01,24.46
2210,2026-07-13T13:50:08Z,1003.83,12.00,10.01,20.47
2211,2026-07-13T13:50:09Z,1003.85,12.00,10.35,23.24
2212,2026-07-13T13:50:10Z,1003.87,12.00,11.07,23.84
2213,2026-07-13T13:50:11Z,1003.90,12.00,12.04,24.49
2214,2026-07-13T13:50:12Z,1003.94,12.00,12.04,24.79
2215,2026-07-13T13:50:13Z,1004.01,12.00,12.04,22.70
2216,2026-07-13T13:50:14Z,1004.11,12.00,9.68,23.31
2217,2026-07-13T13:50:15Z,1004.25,12.00,7.58,22.93
2218,2026-07-13T13:50:16Z,1004.35,12.00,4.23,26.65
2219,2026-07-13T13:50:17Z,1004.45,8.00,4.23,26.22
2220,2026-07-13T13:50:18Z,1004.53,8.00,3.74,30.59
2221,2026-07-13T13:50:19Z,1004.58,8.00,2.85,37.55
2222,2026-07-13T13:50:20Z,1004.62,8.00,2.85,44.36
2223,2026-07-13T13:50:21Z,1004.65,8.00,5.50,44.01
2224,2026-07-13T13:50:22Z,1004.70,8.00,6.55,43.93
2225,2026-07-13T13:50:23Z,1004.73,8.00,6.55,44.27
2226,2026-07-13T13:50:24Z,1004.76,8.00,6.55,43.68
2227,2026-07-13T13:50:25Z,1004.79,8.00,8.12,28.56
2228,2026-07-13T13:50:26Z,1004.89,8.00,10.47,26.04
2229,2026-07-13T13:50:27Z,1004.94,8.00,11.12,25.28
2230,2026-07-13T13:50:28Z,1005.00,8.00,11.12,24.57
2231,2026-07-13T13:50:29Z,1005.06,8.00,11.59,23.97
2232,2026-07-13T13:50:30Z,1005.13,8.00,11.75,25.56
2233,2026-07-13T13:50:31Z,1005.22,12.00,10.16,24.99
2234,2026-07-13T13:50:32Z,1005.34,8.00,10.16,25.68
2235,2026-07-13T13:50:33Z,1005.49,8.00,8.03,27.72
2236,2026-07-13T13:50:34Z,1005.65,8.00,5.97,34.93
2237,2026-07-13T13:50:35Z,1005.80,8.00,4.12,35.37
2238,2026-07-13T13:50:36Z,1005.93,8.00,3.26,22.12
2239,2026-07-13T13:50:37Z,1006.04,8.00,3.56,25.33
2240,2026-07-13T13:50:38Z,1006.12,12.00,3.26,26.79
2241,2026-07-13T13:50:39Z,1006.17,12.00,3.09,26.94
2242,2026-07-13T13:50:40Z,1006.24,12.00,2.98,27.93
2243,2026-07-13T13:50:41Z,1006.24,12.00,1.69,25.81
2244,2026-07-13T13:50:42Z,1006.27,12.00,1.69,25.44
2245,2026-07-13T13:50:43Z,1006.29,12.00,1.69,24.41
2246,2026-07-13T13:50:44Z,1006.31,12.00,1.76,22.52
2247,2026-07-13T13:50:45Z,1006.39,12.00,2.31,18.84
2248,2026-07-13T13:50:46Z,1006.39,12.00,2.21,19.36
2249,2026-07-13T13:50:47Z,1006.40,8.00,2.54,19.81
2250,2026-07-13T13:50:48Z,1006.40,8.00,2.54,18.36
2251,2026-07-13T13:50:49Z,1006.39,8.00,2.70,26.84
2252,2026-07-13T13:50:50Z,1006.33,8.00,2.70,29.71
2253,2026-07-13T13:50:51Z,1006.33,8.00,2.67,30.33
2254,2026-07-13T13:50:52Z,1006.31,8.00,3.23,31.29
2255,2026-07-13T13:50:53Z,1006.28,8.00,3.23,31.13
2256,2026-07-13T13:50:54Z,1006.27,8.00,3.67,31.69
2257,2026-07-13T13:50:55Z,1006.24,8.00,4.16,31.83
2258,2026-07-13T13:50:56Z,1006.16,8.00,4.53,29.95
2259,2026-07-13T13:50:57Z,1006.10,8.00,4.72,31.86
2260,2026-07-13T13:50:58Z,1006.06,8.00,4.53,34.79
2261,2026-07-13T13:50:59Z,1005.97,8.00,4.60,32.93
2262,2026-07-13T13:51:00Z,1005.94,8.00,4.49,31.60
2263,2026-07-13T13:51:01Z,1005.90,8.00,4.54,31.60
2264,2026-07-13T13:51:02Z,1005.87,8.00,4.54,31.44
2265,2026-07-13T13:51:03Z,1005.87,8.00,4.54,31.89
2266,2026-07-13T13:51:04Z,1005.83,8.00,4.63,31.26
2267,2026-07-13T13:51:05Z,1005.78,8.00,4.63,31.09
2268,2026-07-13T13:51:06Z,1005.74,8.00,3.01,31.15
2269,2026-07-13T13:51:07Z,1005.70,8.00,3.01,30.95
2270,2026-07-13T13:51:08Z,1005.66,8.00,2.40,32.83
2271,2026-07-13T13:51:09Z,1005.57,8.00,2.40,32.10
2272,2026-07-13T13:51:10Z,1005.57,8.00,2.27,32.98
2273,2026-07-13T13:51:11Z,1005.55,6.00,2.04,32.71
2274,2026-07-13T13:51:12Z,1005.53,6.00,2.04,32.94
2275,2026-07-13T13:51:13Z,1005.52,10.93,2.04,32.91
2276,2026-07-13T13:51:14Z,1005.50,9.65,2.51,33.07
2277,2026-07-13T13:51:15Z,1005.50,6.00,3.32,34.33
2278,2026-07-13T13:51:16Z,1005.49,8.00,3.64,33.76
2279,2026-07-13T13:51:17Z,1005.45,6.00,3.64,33.76
2280,2026-07-13T13:51:18Z,1005.42,6.00,1.41,33.41
2281,2026-07-13T13:51:19Z,1005.39,6.00,0.32,33.21
2282,2026-07-13T13:51:20Z,1005.39,6.00,0.32,33.03
2283,2026-07-13T13:51:21Z,1005.36,8.00,0.64,32.69
2284,2026-07-13T13:51:22Z,1005.35,8.00,1.23,29.36
2285,2026-07-13T13:51:23Z,1005.34,8.00,1.23,26.46
2286,2026-07-13T13:51:24Z,1005.33,13.43,1.75,26.34
2287,2026-07-13T13:51:25Z,1005.31,13.81,3.20,26.98
2288,2026-07-13T13:51:26Z,1005.31,13.86,3.96,26.22
2289,2026-07-13T13:51:27Z,1005.34,14.90,4.14,25.91
2290,2026-07-13T13:51:28Z,1005.37,14.02,4.14,25.12
2291,2026-07-13T13:51:29Z,1005.41,12.00,4.31,24.84
2292,2026-07-13T13:51:30Z,1005.44,8.00,4.73,24.83
2293,2026-07-13T13:51:31Z,1005.53,8.00,6.47,28.67
2294,2026-07-13T13:51:32Z,1005.59,8.00,6.48,22.65
2295,2026-07-13T13:51:33Z,1005.65,8.00,6.47,21.48
2296,2026-07-13T13:51:34Z,1005.71,8.00,5.92,22.12
2297,2026-07-13T13:51:35Z,1005.77,8.00,5.34,23.21
2298,2026-07-13T13:51:36Z,1005.83,8.00,4.20,24.74
2299,2026-07-13T13:51:37Z,1005.88,8.00,4.20,22.89
2300,2026-07-13T13:51:38Z,1005.94,10.99,4.12,29.55
2301,2026-07-13T13:51:39Z,1006.00,6.00,4.02,21.50
2302,2026-07-13T13:51:40Z,1006.06,6.00,3.82,21.39
2303,2026-07-13T13:51:41Z,1006.11,6.00,3.76,21.63
2304,2026-07-13T13:51:42Z,1006.16,8.00,4.07,22.16
2305,2026-07-13T13:51:43Z,1006.20,8.00,4.07,23.25
2306,2026-07-13T13:51:44Z,1006.24,8.00,4.07,23.45
2307,2026-07-13T13:51:45Z,1006.28,8.00,3.54,24.86
2308,2026-07-13T13:51:46Z,1006.32,6.00,2.17,25.64
2309,2026-07-13T13:51:47Z,1006.37,8.00,2.68,23.99
2310,2026-07-13T13:51:48Z,1006.41,8.00,2.68,24.70
2311,2026-07-13T13:51:49Z,1006.44,8.00,3.68,24.65
2312,2026-07-13T13:51:50Z,1006.47,8.00,4.66,24.13
2313,2026-07-13T13:51:51Z,1006.52,8.00,6.50,21.90
2314,2026-07-13T13:51:52Z,1006.63,8.00,6.50,28.21
2315,2026-07-13T13:51:53Z,1006.72,8.00,6.11,26.51
2316,2026-07-13T13:51:54Z,1006.81,8.00,5.97,25.13
2317,2026-07-13T13:51:55Z,1006.90,6.00,5.19,25.35
2318,2026-07-13T13:51:56Z,1006.98,6.00,4.31,24.46
2319,2026-07-13T13:51:57Z,1007.06,12.00,4.31,20.38
2320,2026-07-13T13:51:58Z,1007.11,8.00,3.74,21.10
2321,2026-07-13T13:51:59Z,1007.15,6.00,3.54,25.65
2322,2026-07-13T13:52:00Z,1007.19,6.00,2.48,25.91
2323,2026-07-13T13:52:01Z,1007.22,6.00,0.63,28.05
2324,2026-07-13T13:52:02Z,1007.23,8.00,0.21,27.81
2325,2026-07-13T13:52:03Z,1007.25,8.00,0.39,28.35
2326,2026-07-13T13:52:04Z,1007.25,8.00,0.39,26.19
2327,2026-07-13T13:52:05Z,1007.25,8.00,0.09,25.16
2328,2026-07-13T13:52:06Z,1007.26,8.00,0.01,36.20
2329,2026-07-13T13:52:07Z,1007.27,8.00,0.05,35.97
2330,2026-07-13T13:52:08Z,1007.27,8.00,0.19,35.08
2331,2026-07-13T13:52:09Z,1007.27,8.00,0.07,32.76
2332,2026-07-13T13:52:10Z,1007.27,6.00,0.19,24.29
2333,2026-07-13T13:52:11Z,1007.27,8.00,1.08,12.39
2334,2026-07-13T13:52:12Z,1007.27,8.00,1.08,10.13
2335,2026-07-13T13:52:13Z,1007.27,8.00,1.08,16.77
2336,2026-07-13T13:52:14Z,1007.21,8.00,3.03,8.85
2337,2026-07-13T13:52:15Z,1007.18,12.00,3.18,10.60
2338,2026-07-13T13:52:16Z,1007.15,16.00,2.24,8.24
2339,2026-07-13T13:52:17Z,1007.13,16.00,2.24,8.31
2340,2026-07-13T13:52:18Z,1007.12,16.00,1.71,9.84
2341,2026-07-13T13:52:19Z,1007.10,12.00,1.71,10.13
2342,2026-07-13T13:52:20Z,1007.10,12.00,1.68,8.93
2343,2026-07-13T13:52:21Z,1007.08,12.00,1.12,8.90
2344,2026-07-13T13:52:22Z,1007.05,12.00,1.12,9.32
2345,2026-07-13T13:52:23Z,1007.03,8.00,0.03,8.27
2346,2026-07-13T13:52:24Z,1007.01,8.00,0.11,7.65
2347,2026-07-13T13:52:25Z,1007.01,8.00,0.11,6.08
2348,2026-07-13T13:52:26Z,1007.00,8.00,0.30,6.96
2349,2026-07-13T13:52:27Z,1007.00,8.00,0.19,6.98
2350,2026-07-13T13:52:28Z,1007.00,8.00,0.16,8.18
2351,2026-07-13T13:52:29Z,1007.00,8.00,0.16,7.41
2352,2026-07-13T13:52:30Z,1006.99,8.00,0.22,7.49
2353,2026-07-13T13:52:31Z,1006.99,8.00,0.19,8.55
2354,2026-07-13T13:52:32Z,1007.00,8.00,0.22,6.17
2355,2026-07-13T13:52:33Z,1007.00,8.00,0.12,7.09
2356,2026-07-13T13:52:34Z,1007.01,8.00,0.08,9.31
2357,2026-07-13T13:52:35Z,1007.01,8.00,0.13,9.47
2358,2026-07-13T13:52:36Z,1007.01,8.00,0.28,8.76
2359,2026-07-13T13:52:37Z,1007.02,8.00,0.27,9.31
