gps_accuracy_mean,gps_accuracy_max,gps_accuracy_delta,gps_lost_ratio,wifi_count_mean,wifi_count_delta,wifi_rssi_mean,ble_count_mean,ble_count_delta,ble_rssi_mean,pressure_delta,pressure_slope,altitude_delta,vertical_change_abs,stationary_ratio,label
31.058370747873074,75.97623018590585,20.05349181459669,0.40172602509220445,9.992726539157216,3.2210942930515962,-58.11654146287303,10.66700672076679,-3.8822084265219976,-64.55445794596844,-1.3592551765796674,-0.10679234833443044,2.4176943618209217,4.551132510614515,0.9319852594662367,above
38.27912179454215,27.899384932921915,11.806016986842128,0.3031637833666878,14.621658683976431,-9.769913428619187,-84.62316982914015,7.133921712555967,-0.07559407420361186,-80.92558375891788,0.6715963508856716,0.0370878249660037,-2.659762477115178,1.553771900321647,0.4719976013118957,underground
11.094999632790957,34.168247432221065,17.335166202331223,0.09097057482636889,25.867311526086134,-2.64376592593218,-74.84865871858831,7.418280043160432,0.7238824763219802,-76.62063461798618,0.6764621604994567,-0.05942614594517908,3.847860561561429,4.478969834739544,0.7980052734470025,street_level
65.63409255542197,72.64853650065177,74.89136255220535,0.7479206898378907,8.82609487012455,-7.813900800089211,-60.4963251525149,7.510859281935212,-1.071569491218142,-91.72105057543794,1.00376693773844,0.06461040749037444,-2.0766837040771575,5.773870684509486,0.5786274882274617,underground
10.437639515425627,16.901650599868574,0.2365315756606381,0.12656192865761917,15.383506911902467,2.226081617501512,-62.31755778048535,2.509320375591449,2.898358774047807,-67.5795134802746,-0.14580318862517522,-0.022131513977936185,-0.1329491396581045,0.5482941570458099,0.5336533545302868,street_level
23.662074727374943,59.00806662053745,10.814301435146044,0.22924909492067405,10.215669163277521,-3.114710736567438,-54.86596729336942,9.508301176237627,0.3459725721186455,-70.10520277799955,-0.05363300075301208,-0.024904875214051797,-0.46102486856569014,1.3124009978564737,0.9368459745186586,street_level
16.408246108290335,33.75040585083798,37.97018582976523,0.26554319545993266,11.870027746400439,-11.017870457048474,-80.9479759989007,5.17925171742224,-4.86275371712096,-79.9573756118406,0.42488630297889174,0.04329194209908804,-2.4961386040464157,1.305297241230771,0.4235409390727582,underground
32.69624362974777,51.33964155604254,16.854155261783546,0.3028784522018434,24.62784781539122,2.0179347763719377,-52.373410193862384,10.651998064375254,0.46895801148283134,-84.81603605766587,-0.008096455063228827,0.0053981816247765865,0.7838149533062375,1.654027868926873,0.7380324128594116,street_level
46.83525740370683,77.94730911693274,51.370973548516076,0.5324717350356293,3.683152062789886,-10.882089651387886,-69.91184883037997,0.2687177338701492,-4.828479816886853,-66.19765883261937,1.0108578893838258,0.2139334237495188,-3.2484430009359944,7.756569878205886,0.7846899757738226,underground
8.782642374535428,13.130880542449706,4.6832395141674,0.08733687715269096,19.46776221879285,0.6194335484871774,-51.552814924938694,5.879654497242147,-2.283140335594471,-83.29369165964711,-0.02922122030160232,0.01814634222093283,-0.02357141045852107,0.7597504323063227,0.8576513099270021,street_level
18.0651598835131,47.46408493790007,18.501748033033177,0.19010397876860502,15.477802861811835,-4.507898953368042,-57.7809627924944,11.672347470448875,0.2513038844633755,-55.68054706190263,0.14528830104969906,0.013787651883733418,0.7062433909908679,1.7758683492492104,0.7361725524402315,street_level
35.30100322841927,62.06137031999057,24.96353278653521,0.2750560946747943,9.538803982236647,-5.31821626234304,-62.49107316723359,8.601374205192823,-1.61451786913147,-77.93173612377964,-1.2492495968125419,-0.24192570471255248,5.639996532762773,5.821450815358044,0.8378829274343098,above
18.045518188497297,76.56998322963543,22.248739650552622,0.22216511812922493,13.282128876366365,-0.7245575061787859,-68.18329236315483,11.91288447183908,-1.4244622322477163,-83.86987824854107,-0.44611242420366026,-0.11788658893706488,1.933704084327701,4.975861889433082,0.6711596864870577,above
12.873611925456796,72.27137131820066,29.47167171843141,0.1554702316627665,16.816158372172126,-0.278889969835741,-56.34239943717982,7.6712106228516515,2.1720812889853445,-85.67943134010488,-0.33215442471198964,-0.21195355329029447,4.69343836371196,1.8664026974120718,0.46765072263076185,above
31.668623903836547,51.976684552128944,28.40143681256017,0.10058978350363108,6.999737417928237,-3.3858414604071996,-72.99891129232357,6.3355081133071405,1.9851515844322583,-81.99061819764538,-1.020323371014073,-0.1871082521662334,4.957022914573737,6.177705458165029,0.9803916798026855,above
24.517943609251812,25.355061620196846,34.942732936869646,0.5514431590701419,9.000364562977023,-3.62341246900146,-85.17973674746769,4.385659070513519,-6.499741429924198,-80.68796487135924,0.3586551710934059,0.06909972035803033,-1.7230647372309975,3.0913299151675675,0.769121529982859,underground
4.098279240866929,15.137321745731203,1.953294254124885,0.11829115769348808,24.747094730910767,3.547088107652698,-69.13556535689371,9.992211183650326,-1.0699024446733052,-82.14995259594005,0.01666658528783871,0.01872068381503597,-0.1319025052395325,0.3156608927433898,0.6176317796458969,street_level
34.71758389430752,61.2219951161945,15.84920699746785,0.3711062159764227,6.734842248865531,-5.602222081751786,-87.19283469051442,7.346555164890016,4.015572787299831,-77.70735408085828,-1.2472339564498864,-0.21282440081017406,4.240345792382689,4.693812536689776,0.7690319569941293,above
27.202400982790337,24.937885896441383,14.831537807134357,0.3402616904566741,12.058886206055666,4.339959210463993,-70.38566674753511,3.145855123160725,1.665457309305797,-63.80956173701149,0.15201460322408614,-0.00834051452544304,0.8853304358687044,0.29293633728091684,0.9973107004634745,street_level
6.323416842535728,13.491264048970518,2.8497648262933204,0.12091673137219308,8.196415904595073,-2.3034933231353785,-49.66561354843703,3.853509600150555,1.0737113022689178,-73.61012414114255,0.052512764661005185,0.00556102242263317,0.07044286148804935,0.08364659558145471,0.5432896463325507,street_level
13.874467396836566,58.35744385938395,8.563048940085674,0.13320406418957856,10.219743591557247,-3.8312244664253994,-73.58012244399652,4.3807039535348515,3.4774824997230676,-78.42761308230855,0.1318098384579828,0.010956022873793395,-0.8376051240600569,0.2477904587342752,0.6586098163641365,street_level
10.683672161122459,11.08550765971257,3.702853727007718,0.00012502737355529203,21.15635936229482,-1.7772624373337615,-62.756524938760336,9.055076310964349,-0.9937284809973139,-76.54689398815152,0.11460723132182135,0.02390969420941197,-0.21971239631701034,0.7163486799250242,0.8750065321988191,street_level
57.27858231582286,107.86337858055884,23.200990650883462,0.6370514457137811,5.126718026614605,-2.8260869168619998,-60.626772559018065,2.502484782718245,-7.687834905656139,-86.67982025406147,0.8371682050844196,0.22727467541713345,-3.062128649088514,1.6349467921284913,0.5983987153534452,underground
18.602270321694416,26.227021604247724,26.868998898865915,0.4466289577566941,9.966528233373733,-0.8291103586377009,-64.49279343571784,8.525733364615611,1.5701787307170996,-89.97491590756827,0.3997141879312266,0.10450280427283407,-3.6941791951471457,2.4755145424213376,0.5813533552173429,underground
23.655299877934773,38.44245330248269,10.695350410149153,0.18463825680649634,22.92730981692084,-3.538478627873399,-67.70547318390109,3.3352428267842154,-1.751600660263772,-82.21948298754296,-0.01801274191518909,0.0290506743567161,-3.5503145865060337,3.6988431549381597,0.47012765056791617,street_level
9.308126448899072,35.67941114398036,15.896971030802682,0.21091538716598743,12.70951272526255,-0.47012349599223757,-72.2032997642549,4.633539778591013,-2.2830684256472855,-73.3517042328508,0.25154691847329014,-0.03827870127155251,0.28948844578268584,4.5139729723274105,0.8064711326201819,street_level
8.138350467022171,9.876726039712537,0.6532632862685557,0.059305333146641964,16.16915265516417,1.9681845501760682,-60.402024734593276,6.420859856683149,1.8947554248853642,-83.93857382204666,0.050038584015462656,0.004128071546726057,0.06609837860074019,0.07898675465446275,0.998137139294277,street_level
21.02907420931576,47.31615445401267,11.199468027738044,0.2575012199544316,22.14097124995267,-2.209357886693261,-61.45854996765465,8.026390167648536,-0.4245659790002465,-69.59933203745273,-0.013494438977540643,-0.02488443821465741,1.3706064225334744,0.8634799891148464,0.6200644627185227,street_level
27.870808982104073,25.385933508492897,25.890499088471547,0.20671352675625432,5.193448241227178,0.3728422684087942,-76.22586081427421,8.379984906682656,1.4967268678580687,-74.79957250955816,0.3564688889933292,0.11352781748763627,-1.9848213661913183,2.5495122780274544,0.8037321209384762,underground
9.565501006627382,15.038998034894759,4.5512399016543235,0.14034280299693286,13.327359117986882,0.7067105938224278,-59.238408963730976,3.283830821767431,2.0615970681715456,-67.90214413995405,-0.0477939850575646,-0.0015694488080161065,0.055568982552700374,0.7041400388407911,0.92832161478425,street_level
19.374849395749923,45.32590448941629,15.728084736482593,0.19615890746526132,5.5051515071345705,5.274298895368773,-67.12252453740923,11.621035005492413,-0.13975841942970213,-85.58117064283098,-0.7558405147059158,-0.1431965822318923,3.696997271340731,4.994436757226129,0.7950785958059079,above
19.96555054858619,50.152971343088026,34.29772668797296,0.33870960226368074,14.455510768158327,-5.940828666571579,-81.36334840255178,2.8255023434671154,-5.601317586790569,-67.07230972559162,-0.8579384147508177,-0.05741736047761206,4.7812179424415415,4.977232626639367,0.7856964860297821,above
47.781184986721115,50.03114028152106,70.71349013867793,0.668615362307944,0.28113988845718363,-16.009383650950813,-81.057496530377,5.44706735711945,-2.8942212034425143,-94.49236484613552,0.7294212148400356,0.11206387916185026,-6.1651730782831216,2.4391569922864793,0.49289443270260996,underground
22.29732169399022,67.08943767104859,9.34949946481282,0.3978875776149259,6.272257956730905,-0.863881871741075,-56.83708046500965,5.1460380621082455,-1.6166518099981229,-71.36859862549157,-1.4767811064263503,-0.06651779734342642,1.929913484410437,4.3157138551890135,0.7173779184799209,above
51.72406254781996,107.91302670701083,70.9261446166935,0.6866181045665991,8.212731846343054,-1.474889405164621,-82.60009183484605,5.16057491116894,1.794287247572889,-77.86238293831084,0.28945218503328285,0.1619379813393657,-6.512224528269439,2.054180258951207,0.5673203164216429,underground
89.20595562598358,95.65113090539833,35.78929299198438,0.8505818962667201,4.881006285702948,-10.622895303934788,-85.92748635803923,5.761690681556784,-2.2684754843616624,-90.90160106406177,0.4796117905371592,0.17304459919935086,-7.644747348020431,3.683993759996944,0.42184132658261186,underground
11.695483333316831,8.756544659759113,4.693250800293651,0.07949016331635805,15.071081126599964,2.9646738805100554,-71.2264585444378,6.887315092257396,1.0771088454053013,-82.91671395248483,-0.024775626384604732,-0.005451767950569175,0.4859376524045639,0.12748485188390674,0.9926008560786194,street_level
42.99127096005165,70.74836872350312,75.81390441073619,0.8042252792397477,2.050119313715161,-19.162394763804354,-80.99410592069029,1.735760570586594,-5.756516823280175,-89.07634253511621,0.926982058649225,0.07862571508286141,-6.648116402030972,1.654448147984783,0.4329696641459193,underground
17.423272278216558,41.10019901299664,13.451920591475117,0.15576378832039667,24.74502027686742,-3.0381696466139765,-71.03928316878043,12.966547671183529,-2.1292434183630156,-58.312318234207254,-0.1651596105747346,0.04414115402647956,-1.0039243939990055,2.1826464651503694,0.6862791715305705,street_level
85.65641984985689,66.6364511322046,32.562682193803525,0.805155320869096,2.7427825031290665,-17.361899781819393,-66.09235745649265,6.79229144992096,1.3163032335787541,-71.85691151740839,1.013136481193245,0.22016042203955843,-2.464641396627292,6.22143380334831,0.750318049543331,underground
22.742699034560264,67.47230488562941,15.496078907980912,0.29283550337317005,11.454176573576278,-11.15943698686904,-66.38317040144082,8.84068192747956,-2.211594357335164,-61.759137386497265,0.6629350123606491,0.028398958388659915,-2.589314916063522,3.653812115434241,0.4280402801972141,underground
61.87405655519439,109.67265645011855,52.3132965858706,0.604741955553171,0.26095209550790477,-16.909524972124455,-74.50025936183414,7.807686151480214,2.4902259688595656,-90.15757063710737,1.442588924621545,0.1401775692437092,-2.135580641771286,5.437890342380709,0.5668942859383855,underground
8.340265848598817,8.433182436715295,3.6053576742242015,0.07532723082712575,23.548424592241407,2.3691240941223155,-62.72458028515507,7.654571017082631,-2.904426495242677,-69.57998090190844,-0.012263592997471373,-0.011375446128421778,-0.36083521187331713,0.4213094993369456,0.6096201336284749,street_level
48.11006181117792,58.03309146186756,62.410274352671706,0.9200386910635779,6.10246939281266,-1.6453223936766435,-69.40657146097065,6.516069816396093,2.2207234588116336,-72.47898682250792,0.47730605334516235,0.10124571370525275,-4.335756711556058,1.7151983529247437,0.664091474982347,underground
20.303998250830574,32.61338744543802,9.525482926595851,0.07208267683120798,10.145141778959857,1.355301132017808,-75.41460064641154,13.02931182237954,-1.3159276534739783,-75.59373544848134,0.6194155136036015,0.0799765583050501,-5.885156807195322,3.0388142886884313,0.8650557407523464,street_level
18.82888965870351,44.60127686345802,9.02579995990064,0.08315450169900943,22.59946305543051,2.378245426832118,-74.72871193290794,13.904781155383802,-0.8285772405480243,-69.84449027271998,0.21186899117175462,0.010896406302617817,4.0053691199885915,3.697572413729628,0.8737992556738814,street_level
27.96625280656233,31.369472184501575,11.580440363884456,0.5340295453332076,14.154161897357016,-11.73647940468402,-79.65175925678453,4.137706045052325,-1.1828526637769645,-93.22163034739606,0.1510194493458904,0.09965809638234334,-3.497575495797226,2.718869481023852,0.6322264221536683,underground
56.91033566123796,53.004355483676406,60.97154760740812,0.7490396490038437,7.483505878884044,-8.45520090737655,-79.88732734573377,1.9528783735396678,-0.9301742579648984,-89.3439084835712,1.4806256481326803,0.12995239642721124,-4.649633213635622,1.8553039440276602,0.4935473918993699,underground
25.509527414784152,74.20225175391633,22.27425896486585,0.2736850746472349,6.226301439190523,-9.693126991744197,-70.67362255254781,6.611840546066028,-4.7763623717524695,-90.59491203284237,0.191004874928906,0.11224165787140208,-3.1925240805858395,0.869600802065532,0.8724510128480488,underground
33.073229603248556,56.83942432512579,20.158662303047475,0.23191635800244026,13.245675812856145,-0.4202845377601694,-72.18031651215472,7.7737720290663015,-3.3845406172476897,-62.58741685470108,0.173771512959503,0.08631865030295141,-0.8387100672415899,2.5497571794160647,0.5069059741984584,underground
31.517848433551453,58.21323168744793,36.043949410974534,0.5822761114827311,3.803838276420163,-18.897327025462772,-73.97391403148704,3.0326033838686177,-1.2716614821214787,-93.5345655621891,1.4540294566317722,0.2307987761022403,-2.5883516974463987,2.0486639537650637,0.7372984701605383,underground
14.406826511658359,27.431738347564014,9.66096120875944,0.130125502474804,27.77287792920912,-3.694748350698932,-74.15441998810192,4.435638438869207,-2.138982553024196,-79.16798117306912,0.6949897549933837,0.05259470354351811,5.877129800765466,1.202507596911734,0.5761027312629836,street_level
88.77803995878295,102.26233578078492,79.47319015955577,0.5801291366142711,5.661017446618434,-2.5439923379887617,-80.39089456524559,0.8385298407559958,-3.2452330785883383,-80.07441312411437,1.4496473965074255,0.2415748933248191,-7.356516723921641,3.746587353694793,0.818297051403086,underground
76.1155688869428,48.06913181859409,65.18727857993987,0.37054160389562335,5.93370929546328,-11.289023654532526,-84.04220945573648,2.3792296646356155,-2.9230987234882306,-88.12741562160384,0.9818995995034023,0.18566389344405224,-3.3399169264583692,2.9399575788386154,0.9239771130245154,underground
7.6890281729218675,12.021227959751517,0.166803709294298,0.0007945509180008913,24.741002909439835,2.7823845862901786,-58.209136126577455,9.85286299719503,1.1310359867978104,-70.77577686538109,0.024918550805681172,-0.025146756586566205,0.07250606127234527,0.7953172006759712,0.983778708565274,street_level
26.574084891699165,57.39872915717148,23.869027370281508,0.2598474445802444,24.767752559170845,-4.254118043776812,-75.76374812975205,4.541627370803095,-1.8930390568795712,-72.46452124004495,-0.0035229234486470196,-0.020359883113399046,0.2472610623685796,1.2103577302817463,0.8512660623550357,street_level
13.415455781282992,28.64771965445124,23.882387843864457,0.23856682834659826,10.334802428843156,0.30630200564069554,-72.08321612361699,10.254076296603168,-0.05643057849549926,-83.693467261531,-0.01972965578778764,0.03672329742546272,-0.9727802471978468,1.4133706928290295,0.615125238213238,street_level
28.596071674618436,34.429990260330214,20.769069855731562,0.26142337625744944,20.229204345729514,-2.6453185324972797,-62.633489978406544,9.48864998342706,1.4790343138021287,-72.64112601319138,0.08689613594141588,0.037230305373524175,-1.4310889281621724,1.9267305194131221,0.9150434894324464,street_level
25.826293549988158,43.347245866758165,21.828297638060267,0.10226953863388852,18.014428779389977,-2.0257941881975263,-57.22459112308795,4.761499384512161,1.7258065681595163,-69.67368341115218,0.06412638050359767,0.007680989031511966,-0.7645243881867595,1.4506086902360151,0.6681727472504644,street_level
18.432793278505294,48.010949504908595,22.05556178004141,0.36258623953640906,5.215204720247435,-4.869734619603982,-81.31935182536431,5.374420578682738,-5.874036910245618,-73.8702238166691,0.22726065308053214,0.10774760314139316,-1.3729353499183468,2.968892736094981,0.7117332209780551,underground
40.72842950081905,68.08825614298505,9.395681020671123,0.38136069922384586,5.1892481372602095,2.7161948635352378,-63.493720947407034,11.630745998366978,4.632989438912379,-82.89252740448802,-1.4297955935255733,-0.20679305501738673,6.064865340095884,5.5293733048497575,0.847462128623548,above
20.061429796396666,71.74186884994668,13.62944706958167,0.28566169474641245,12.543635676802987,3.440418690182298,-66.36345311669174,8.698515500032483,-1.5114292505258078,-64.58957512196163,-0.2694349747372864,-0.09565738853580741,2.2193144173116366,1.9265883326068565,0.6478979290706867,above
38.327077148876725,73.6912576083389,11.025100685615943,0.10976144057730264,9.29927209014353,-6.269901096484341,-62.659521699859184,9.941021321692915,-4.003251935156872,-88.24563223101212,-0.8159990786927147,-0.2143132331566616,1.8822345159383305,2.4303589181214074,0.48825426472479483,above
20.15617087764883,32.4861707311101,34.7392069185577,0.5801605379639436,3.3625243383613697,-5.231742787152523,-62.27909425481009,9.593084828159506,1.0426902893326542,-69.61445380256126,0.580506355244381,0.03461309933703282,-1.5953935289619938,3.908153538194324,0.8338745491384771,underground
11.698181993404704,20.49469291825873,13.0199082472097,0.2035870666325539,25.34406361225456,2.295589545502355,-58.26587227476095,6.273690918174294,-0.22252618353582676,-82.26621156808723,0.02082845214814688,0.05458360487324351,0.43130741319980004,4.824337254623039,0.4133112753256911,street_level
29.66647091019889,45.7048300016819,22.091600042453706,0.20226783347188787,19.035630376399197,1.8625325827378338,-57.20219178499406,10.667458634791487,0.16402111125488528,-75.34296487090059,0.10822362621296322,-0.024979115696387312,0.701878662993884,0.6442398359521675,0.9017621026315957,street_level
7.022175106812955,17.25292841748098,5.638368985428905,0.14733549687171688,10.494977468820586,-2.222937872234329,-64.93033153816727,7.826596252288612,-1.7489379383151393,-74.79294841763922,-0.1134408067266655,-0.023000613307372717,-0.048419520738724686,0.27390117315762463,0.8073195993057543,street_level
33.532809243130025,96.66015200916,17.5088581014132,0.656016600206739,8.803544459301026,0.20185847786430244,-61.378323136437544,0.7977152111907682,-8.624063308557318,-73.35708817802612,0.5467457232722893,0.19659835945055465,-4.989001996384567,5.43581185976466,0.8999016043201873,underground
35.860513875423834,42.383827022817854,16.404812294076557,0.40125659184307905,8.78622269743195,-4.6907439025599125,-81.79805010598947,1.8132454503095565,2.138826239685196,-90.08022914935991,-0.9405611101945213,-0.12253991980860277,5.94256135806677,5.237162706395411,0.5737134283366794,above
41.98084585314393,100.67182360153342,53.35360986765318,0.8966398423122285,3.5515664215866116,-15.287600372308958,-61.65897137642695,6.816196971237295,-0.10060857408132584,-73.62122411182753,0.3070244207490821,0.09404735379308048,-5.7803562923944,4.688962727037515,0.8734428396973014,underground
42.24837987870089,77.4174000015417,14.89177675837226,0.262970795771586,11.141768635414694,-2.0947962577496693,-75.09194464281583,8.967686399377275,-2.936694216696436,-65.89768954517275,0.23103574674654292,0.09524553902588823,-2.975105244489237,3.0364892681056768,0.6185044944000572,underground
23.15137866195655,25.44060356773886,16.210552307963155,0.2037558444819073,11.681646214613567,-2.081088148884165,-67.92017760601736,3.5606955122728126,-0.9293343291684475,-80.89501694002716,0.5421572259932661,0.08284490267276831,-5.140843293355285,3.0878549146055017,0.7996229116718331,street_level
26.318563049459904,35.464181500145806,22.270050569211353,0.14063505548258345,7.848781702773955,-0.05268792502894648,-76.23620408642407,10.415486875961683,3.9586918121449433,-77.88643663006582,-1.1325362338134624,-0.13015650018704988,1.6553891335134092,5.000063871284969,0.49200419842815446,above
4.673558948002768,9.60434456599575,2.5757598008953924,0.03675273248507344,14.70685146917169,-0.18195785465852232,-68.02804440841125,4.476685736116048,1.3282528248485903,-69.30681420212593,0.07620893170089771,0.023912755416083398,0.39205767981342554,0.2935182199563478,0.5071993605269212,street_level
66.5313141503777,53.413969186499415,52.46150209051899,0.5487662836153826,1.769022983472126,-2.076160505580031,-85.88249889618372,1.81003719210403,-5.663179401448524,-72.85440409013098,1.34846884582394,0.15877326192361332,-6.814359132037853,1.7798293598149666,0.5214869335899159,underground
11.549474555645794,43.13311299340104,15.622553428755165,0.21488590411102704,16.989214438770052,-3.7725079470627687,-65.73756242869959,11.973531599646881,-0.27847120910873757,-78.76048893112346,-0.3116830022793273,-0.09622470750049317,4.4294039825251375,1.7925495924709107,0.6666431838395468,street_level
38.30003326432655,69.81211089443957,26.044494129913648,0.32086256226827037,16.22041452615304,0.7067611600697141,-76.15255729032447,4.410580081570696,-3.3115415109338873,-64.55091266618814,-1.3796999508919092,-0.20278691136479599,5.014070419278829,2.330983163666385,0.482129761647371,above
22.47639512349147,61.36017613823653,22.276785454799203,0.5920077939378712,7.181561188889532,-6.770091233798006,-77.30122979060937,1.1005750895374158,1.9899604520014247,-66.2346203648528,0.5957546251748259,0.08472169239934207,-3.3317076311529474,2.110859501195465,0.5946930396091685,underground
10.997841712888363,11.639796059451612,3.997800650351913,0.09200703064905913,15.306675726212712,-2.5443937157431122,-72.68207826639427,4.4840120301706206,-1.1978828281558347,-78.49269443752166,0.13260277983333676,-0.02668510861921327,-0.39837363269766424,0.23259321205309993,0.5076467494258357,street_level
19.219877300642807,25.982963056260445,17.31878725236159,0.10268576027607716,25.900776169994153,-0.9563604754488351,-53.967314822021315,6.081245234824078,1.0110427618854967,-66.92663910331196,0.31403908852605467,0.023148258786174214,2.982059499619414,1.1027033177054637,0.5447773825842448,street_level
32.248218359577564,45.303671025524594,18.30758112954177,0.4392980330371773,14.968076677902891,3.9216940172684343,-76.76504501788484,4.93026966389797,3.7271136131621834,-69.14089150015405,-0.7897288673006817,-0.12496413025312791,2.864002799285804,3.9879188389445073,0.9292299637506524,above
16.858771611856206,33.77282562043263,39.10148496969134,0.23209030323599464,4.937576922923485,-8.154675810769081,-78.15130968685762,4.791907655981779,-3.8494759418967854,-90.36895122611041,0.4049476259260171,0.06876157958352973,-3.164306404637225,2.467237626933203,0.925560586322955,underground
32.963908235782874,29.985769441654774,14.738167927854828,0.2848367972766982,24.57469572691089,3.6480105209716136,-77.55479453406596,8.23740792260487,-2.7572203891321276,-69.1388033920694,0.04367460195715017,0.002297213600670138,0.7791041547771891,1.1313810878244452,0.7313834132625489,street_level
70.20321221781236,57.90793323739813,51.728591025973,0.826648909214339,5.408901102007368,-0.11657746661304458,-85.09847738759164,6.303667643386032,-6.3962152365155,-84.00264911227372,0.3635442285601129,0.041525389482999935,-6.752681546149356,2.1348376071996107,0.924574160274249,underground
23.00349922761713,30.64199202960135,7.571667920198289,0.19157555577705307,15.433254363350017,3.2945881672588193,-69.04473598958448,11.556560176832049,-0.9702306564429541,-76.14808172859404,0.6366036321604678,-0.03556999811700286,5.729400481564612,4.185605082123502,0.7543774811197438,street_level
31.08473764650698,52.03361616394335,65.61921443030164,0.38114583832793125,4.4099522964302516,-16.922615423360593,-62.71869927359812,3.296810197687477,-6.948103007192886,-69.03738328772299,1.468877130134399,0.06849945739137356,-2.882760818152332,3.637518838201961,0.6371781471351855,underground
18.364470062180764,50.78843502292592,9.951126435800266,0.2743012545777391,21.059092902616854,1.7941882414954415,-69.72799740140582,3.0554654078257557,3.057437329935695,-55.93380702021568,0.004537540073868959,0.011180345607087055,0.1424665929588711,0.8637263933820467,0.8369259369026683,street_level
13.961229580098962,18.842099768441678,12.292887984445983,0.11599564382344194,22.946283266047338,-0.9795488330996109,-51.17528397188118,3.5240140714989083,2.9675878254592982,-60.456548007017346,-0.24371945079588675,-0.08453467725325968,-4.120075322401325,1.8012872435755232,0.70105235751365,street_level
10.74770421893545,26.20720739931032,14.45247892183931,0.18261568963176472,12.264556487105587,-0.6806733764476691,-62.49251390243709,6.487049021108123,0.6590686284560507,-70.27372105384693,0.6055718951943772,0.05666842825334081,3.346720454391985,1.782685383698033,0.7637079994782885,street_level
19.879683699580717,23.784788072693303,11.292681736258807,0.05188192837739476,13.255500916277988,2.2341021822082983,-61.980114449859336,5.372523254361811,-2.4087155477754845,-64.54649825739142,0.4091040957603267,0.025144395034951972,1.8763306460176494,1.7612747109460711,0.808503990026244,street_level
31.0822220137647,51.74228213555563,24.13675157754189,0.2118482839905121,11.130435193426383,-2.7041523652664945,-70.648066192439,8.882458067300192,-2.475239924237295,-81.70273506965934,0.06024921201480246,-0.022118594346505198,0.5222705456540662,1.7907151814669984,0.5334392712933694,street_level
42.07410854394898,52.04411413534008,38.82019201071441,0.5578866932567577,5.077340918271181,-3.6614504199835807,-71.40941706565857,3.735291053497172,-5.476792643377906,-81.45605658892937,0.6298168359593557,0.06548639200511902,-1.1974827724456603,1.9012098567435005,0.6742735022664539,underground
13.890218783928283,42.63683172218528,5.8434439754312955,0.20861071340594886,22.774707822216044,2.852156187265625,-54.94662722510331,13.252001038605417,-1.6164874152602555,-82.4999263573758,-0.14116583382897585,0.06945074821844324,-0.9720915135871264,4.480803017213187,0.406867210103042,street_level
38.111999964099034,91.93133946631467,51.06272823586815,0.4123728154879272,6.404457721469704,-8.625480450231976,-69.30446347582375,5.2811682247594485,-2.719486650429081,-90.3771593466227,0.5082816114984777,0.17881207195775148,-1.642792350478345,3.949231050921028,0.9291736502583455,underground
10.338530799734903,16.3093223251565,1.5053645011778303,0.08923254552533429,22.41149067361367,2.760667544878941,-61.273604941419194,2.0426828186043373,-2.4121011050942496,-60.44641403984345,-0.12201247689579038,-0.011857565994549082,0.1343551802589159,0.778026083283152,0.6601896720093761,street_level
38.013959948909175,49.06792798575503,14.800677618302434,0.24862145415044656,8.259926078887002,1.0683932261214206,-89.05796293125263,1.1511600316893043,-7.6214016329406675,-79.87953811293096,0.40798945697599054,0.03756552253200018,-2.08378092461438,1.7444188034176389,0.6771388116501817,underground
17.92008526683647,65.73077132409671,14.157489679622564,0.22774829134827354,8.11736847212191,-1.3729870782052007,-57.337704144481926,1.5380872793328166,2.9081937700960356,-69.90639895076949,-0.8182067422452791,-0.07978902801788401,5.404298842203232,6.368528010623865,0.4689991411653821,above
16.862039455671653,26.10939148301842,33.55725198414372,0.47632020328083025,9.030914310655623,-0.6351311752513435,-80.84544883034856,9.441507049572124,1.922638166285326,-79.58534941051668,-0.718387562094603,-0.13435061574425902,1.5599412171647604,1.7615356306393342,0.47048386652565855,above
18.19369027436558,65.23683511192064,27.8651540994672,0.34916492051248893,12.240434111826978,-9.351149575462752,-64.88825972347968,6.251288771890579,-5.982346636319994,-69.28777175021588,0.15889792888869153,0.0600274009918535,-1.4143277630033388,0.9810620298155848,0.7476004629684706,underground
10.906219582433096,10.980527832070539,2.7857613661757803,0.05016757494572576,22.446158286378846,-2.964505112850542,-74.0674480251408,6.1066417807480935,-2.21899727648068,-59.78068353332291,0.1211730708802903,0.02508649948284572,-0.003948273308042594,0.4973373474997204,0.7907690469013012,street_level
31.83758752658276,38.013040414774736,37.000243749345216,0.4653928934563443,5.669932389943309,-4.611836137087653,-62.14017175255802,1.7947575718364346,-0.5422065032994814,-64.07378785740107,0.3975127224714704,0.06288401035688182,-1.7708011251856708,1.515697956950367,0.8891029479742987,underground
19.246538937743107,30.775143238035675,13.996446926587865,0.1128120842979344,19.767611017281897,3.3744770981171834,-65.54339664451024,12.061243188683944,-1.0665854808937072,-62.95394847953346,-0.40774749912523234,-0.03761732880598956,-1.2272923551003831,3.1716875518150696,0.5237828670543253,street_level
32.90004945460714,50.88941394590843,33.55200999853604,0.3619075131307211,11.221070636451598,-3.0553646831564727,-64.21470591395021,4.3967931789350185,-0.9672237849966434,-88.76936863862223,0.5389560069806105,0.06015290773716986,-2.754652420765444,0.996982125233227,0.43750017294715215,underground
16.577057294095255,60.25836404440764,26.39754131089049,0.14807553872935714,11.030619986301005,-4.249292879322406,-82.94502029241112,3.407770357562981,-3.7339880858173538,-71.035675948707,-0.3235630898141235,-0.14548885299601474,2.753570770698093,4.23877011898533,0.49074108569945185,above
19.290620567853374,18.19372010499329,4.152968433635003,0.04310791559151035,16.184969657824375,-1.3245587032357893,-50.092224114443425,4.224113545392032,0.8506161527359968,-69.7596672552807,0.33838844673603274,-0.022561403438875402,-2.2253790971823686,4.281674773275437,0.5948532025935718,street_level
19.088475766124766,41.04490383168357,22.640432603159084,0.4020100655145846,4.955785840326458,5.658055509292302,-60.916078162031624,3.5285488488650163,-1.530142278823373,-88.09741286850561,-1.2039436890741342,-0.23783866466216688,1.9003753800260954,5.731368129012321,0.5917556898138883,above
11.631586798263482,9.371481816428254,4.998656684113535,0.13706493163479214,12.956177505052658,-1.0365078912001309,-45.56943203263998,11.93315023720133,2.3420709124710823,-84.17450559662727,-0.022004818487528,-0.023744608886068393,0.36766326966231966,0.1556153221484202,0.7624154853269198,street_level
30.947965778079233,111.54231153579737,66.64892484998836,0.6382579406345674,9.243844561284726,-5.0045189895332385,-74.23816543590905,5.550531406299669,-3.6608626369450015,-80.11727112840246,0.5954358395463231,0.07444151025951468,-7.356779605605306,5.9191810976358745,0.9925195304288321,underground
4.054991305595456,16.408699393337216,5.111986499760172,0.08080726458929857,12.194145291405887,0.8839760711467672,-70.4695362340383,9.109085352814425,-2.9898628517750927,-73.12204402547788,0.09413063955035023,-0.0295493327671936,-0.07059780030141727,0.09274937967616381,0.7440817562404668,street_level
33.995878765825715,39.459946170232556,21.86916537777872,0.27284846244746397,8.476232252924246,0.763000616104943,-59.87225519618686,11.242882112034803,-0.5729628758687753,-84.10411811374149,-0.0039322323166894185,0.032814679069797306,1.2624073621180392,0.9375578862853087,0.5368235102631678,street_level
73.06123290236832,78.17631437580908,54.71796190214108,0.8769588783855222,0.9871764489941148,-11.62082086903487,-69.81419773925982,0.3717418365503411,-0.09631574116627384,-84.28184323127228,1.0153357258837814,0.11362373113963056,-7.441274487991977,7.860455111355834,0.9045225123824848,underground
27.729036684503896,40.063583358711696,11.26041912627962,0.34526629872328285,23.81407526394213,-4.647169468349809,-66.84751421997858,3.5004408836822085,-3.227079877702227,-55.55024622462625,-0.046885616842946676,-0.01614303215210166,-0.5641673463601198,1.166012729387615,0.7889210347739518,street_level
14.297324973131706,51.30166420996373,16.392180573389112,0.15041055857480246,10.028331446438346,-4.581856892901932,-63.867181959723546,5.506345112964068,-2.00694034027991,-75.6614620361974,-1.2500278762458055,-0.2207071417788768,3.741397406129654,7.592016402700183,0.6705294960279408,above
60.25249997883301,104.97277048057425,43.81174347786292,0.4851106352632728,0.9947350559302326,-3.37546204060504,-85.92282890833715,4.648365425657593,-2.913983081738081,-82.41890051975166,1.0321715860505423,0.08792749500307953,-3.333286969656525,3.6449167581899613,0.8946174521448782,underground
17.13330926784003,38.72745460989037,20.30564456422206,0.21637056987686132,18.43193934043532,3.05970871984656,-50.89105164620385,7.768918628633378,-2.2151768290088025,-65.65768930402037,-0.06279779138270834,0.024444836836806386,0.3132678228259296,0.5047077647476845,0.9723968168354273,street_level
15.600039830432078,39.88334217201697,15.183801204330006,0.16468368969369884,10.541195792702649,-2.800846943096679,-53.22526554710248,12.497159616099575,-0.37073307856165627,-78.60175741496792,-0.08142779950682644,-0.07496587669162794,-4.10820103148715,5.152512704655767,0.6974473526660365,street_level
17.370456051503737,71.25329012517938,12.85664054822132,0.4525709055198607,12.897799118200247,-1.0012302833356763,-67.11207739854942,3.5999391844738486,4.124250610711627,-84.9088959290433,-0.46224585633435966,-0.2204976426822955,1.9197835300558455,2.0429554481681054,0.6099436711019559,above
15.790928292102477,51.723025213651795,25.006118243182016,0.5530862625674049,5.681456519389862,-9.601475989028636,-85.4859368270496,4.723197510766742,-2.197720688050878,-68.2375703676395,0.27619035422900307,0.05810297749112668,-2.3885832041908426,2.925775533445856,0.95347891430953,underground
31.016527683150954,24.267499678047457,16.911468997240412,0.16769613538378653,20.908736302445803,3.136734105249843,-57.70231837813715,3.849929258841172,1.26337417314308,-70.63534274203437,0.03596854984068962,0.02517175009966762,0.4927661359515123,1.7610239819255666,0.630850816816656,street_level
17.693203921907056,61.169459934361846,17.520533039209123,0.2663567700973704,10.969192979270305,-2.555727698148706,-68.10558207133282,2.8270420079817864,-4.817283965420221,-77.33685984085832,-0.6575406148734323,-0.12418970951336594,2.9971954336623066,2.0801100051890025,0.534374452764094,above
59.26458184060018,82.83075679726406,68.58996016643573,0.9344278536714725,8.232621133827545,-15.7225923823117,-71.62966182966485,1.9214129428672857,-1.3724419855192416,-73.14067577050017,1.1104859010324983,0.22108873625294076,-6.306236541727899,3.608224736922678,0.7538850641626922,underground
19.84871157764011,24.901067196788016,5.331378274636586,0.16144596802211916,19.308286669135605,2.1877087714079346,-74.7458703242279,8.447778406751521,-0.10088120891317898,-75.62339244940966,0.3439332358726699,-0.06383307024282403,-1.9940437838356413,4.468408045388991,0.5972612764411767,street_level
65.09643528819541,101.37322513782638,62.08405372173257,0.8820896437910706,9.436419572747454,-18.170341232830044,-84.0777187221711,2.394708877738294,-2.9694313038606026,-87.30432643564633,0.8437374430690909,0.141424707666185,-3.7553945804187334,1.5188502404706938,0.9469886581592055,underground
26.23347658618857,110.17763629034094,19.121032662031592,0.7069540640835612,2.2561124338196272,-15.550926280540871,-84.74905477743008,3.453846726308763,-6.826828293406455,-87.19100587611813,0.6891517361774051,0.09789212301734901,-7.439408594815673,5.727963662389556,0.7331486485199126,underground
50.72103756412115,86.97289965615002,30.256619562985385,0.9044094667918365,6.232514019757885,-17.914248373296502,-82.1690949920148,2.9084150925172603,-0.8869855307812795,-68.52861393455446,0.8726602802605284,0.04652170406586531,-3.861839570487943,6.904921817633733,0.9909144369339362,underground
33.93265140620407,37.008299019204856,23.666669456850308,0.3402291379884016,18.20891109294544,-2.6935490156790474,-64.49463603171735,7.215389065156431,-3.410212873597744,-57.12478438179592,0.18017985450062915,-0.010690402311234689,-0.7017594535780254,0.8208803160337252,0.6237382924906154,street_level
39.196500089264816,66.47012080962656,15.582843766191408,0.48740208025362436,12.47791119473668,0.5663393729429131,-70.45971681999643,5.399551130658033,1.1415493396898633,-75.77289917724607,0.5751514657485278,0.02629847163407211,-3.759808369141388,1.523345761169766,0.5936119276387777,underground
66.97003077928221,91.96984419234946,47.577527144164314,0.8421436569998644,9.914974816193784,-12.046166218697431,-61.26640342754888,7.592856133441059,-1.0966397004551496,-93.64782072063193,1.3968582366641893,0.19069029588919467,-7.738550814610972,7.043074010862702,0.8514073216604731,underground
33.15203481629345,56.851370662203735,13.507619686633742,0.34781513766200334,12.795933241664533,0.5841023687507256,-55.8001344626701,1.2786035824793796,-4.356712955749609,-65.10724466356885,-0.7574294000611944,-0.13422112056929564,4.288736161669446,3.192099977464826,0.5238201471774683,above
12.638247762541297,28.963085874107634,8.508645466455068,0.0495541364861176,22.028359562394968,-3.8684305550670928,-61.943494649641664,8.295290124352814,-1.6405225426871068,-82.78886746518839,-0.13417629445781232,0.08132666456244952,1.0882287517351639,5.421787994454034,0.8093190575887934,street_level
22.457261969618763,88.70941608237172,73.81756177650455,0.7849852117376347,3.0451761665875408,-19.14721170212173,-79.04479262344961,7.248463601439105,-9.263217429891487,-94.36404264343584,0.8645693479096455,0.1299295169801829,-2.8484576717924828,7.705327870457336,0.8585133217801026,underground
13.36026005999917,38.669718247507774,15.449796330703084,0.22616919125152501,12.979931308149313,1.1441821326032455,-73.1391975587037,3.5694802399334327,-3.5590813466188473,-71.99844626315912,0.12799344051358955,-0.00021015325437150414,-0.23462538549069833,0.8661434357658924,0.572515829795992,street_level
21.073098807613416,73.82854038321102,26.623441932012838,0.5838734985326415,11.757745052304708,-4.4768323949299385,-87.68999144874238,1.8820977895336166,1.008160848225625,-74.68405475733906,0.1762317261495442,0.043499549857509506,-2.1829084317363003,2.055341757233501,0.6515585042035683,underground
7.624434681330513,12.790443284989468,0.19955806013023158,0.14258722470988805,17.419201650772926,-0.04015084543338521,-73.06315409058095,8.346799266200597,0.3472871798557695,-72.29921316704,0.011659213298792465,-0.010496542399120946,-0.2023751737452577,0.4911899718913444,0.9771348978615149,street_level
10.776658989526606,15.691650859748549,3.139243326832032,0.07375864911914289,24.942701908317474,3.5516964382389293,-53.92735595707703,10.198063683769465,0.10512566860960959,-74.44953686584988,-0.12807976126837733,-0.024301559582909978,0.22163259236662602,0.6557593962699871,0.6053176735178569,street_level
17.6698737201335,53.31485307595594,9.517936606695741,0.25107205998178506,22.598057693200968,-0.32444587852814877,-73.35984830746834,8.085935496889622,-3.325396146667516,-69.70389908753003,0.06040535616953516,-0.0011355374880675333,-1.1757516992920474,0.9453085818455162,0.7278557509312366,street_level
33.15242067027132,58.043582006982284,61.48463220073146,0.7796220975129163,5.283198560312153,-0.8583201778223994,-65.97789003626372,5.469330887236383,0.8652528858906905,-93.54819814133025,0.40288515856479545,0.1869656927300694,-7.4298600356203295,4.916836329848017,0.6477712900619306,underground
9.456387648877289,17.21102230544426,5.57344241771314,0.14275409784975804,13.659122712108493,0.2285469150654773,-57.35679811267532,8.606475843369005,1.1551441445579105,-55.306882822787244,-0.011832819564028013,0.021932673641946017,0.3670785969297232,0.42764588527990866,0.580227420764053,street_level
32.41279636395707,62.77106954896583,25.52251087757262,0.3924462495161001,8.947190382051364,0.7988398242099866,-66.65977261893256,3.608088392475761,0.9742859026319781,-82.34646688218231,0.3566410747452039,0.056297295542786174,-3.9989727191652022,2.4160069470918772,0.8318201367608853,underground
7.869453452946841,15.575779763127478,5.473613792952663,0.12352600403744823,17.804099211677716,-3.34969575532613,-59.03477718240437,8.99658699533456,-0.4506234084712899,-60.81292193686468,-0.08962015963294098,0.007043822377236386,0.11567347315988985,0.3474713256032745,0.764743183602052,street_level
10.213235265296579,10.742642283138919,3.2729284929558906,0.08383599888793021,10.799545809002954,-3.9824274097101204,-64.93080630896077,11.584755426008464,2.0090173779696032,-60.45488101193367,-0.058996140927470894,0.016117124648947212,0.03312488690443116,0.2484358270948703,0.6733943670002724,street_level
7.994406720030635,17.163797366894414,4.161215604553265,0.14988312176461596,19.12615896568976,2.292343383852269,-73.21818233000228,5.5866166588197945,-0.4394546342375456,-74.49325171736751,0.14818030036685484,0.008659326000568242,0.19252719753606684,0.6109040413127191,0.7983252827645173,street_level
16.59989633676466,36.463149519392346,15.025768572966443,0.043309403880332095,18.477452708479717,1.0720745517919008,-54.10550351890273,9.57538960306808,-2.8883761321571084,-80.33881691117892,0.6393825305162342,0.0006145019730758178,-3.6700832022184904,1.5956394432646495,0.6978379215521744,street_level
46.04862212048666,85.60041647933849,53.50233247720874,0.7118723031666483,0.20024060572288782,0.9432304547350157,-62.77300979720371,4.330464559262014,-6.37929158211935,-67.16181124023234,0.5744930155776564,0.16218552026584748,-6.973763106196454,4.707384177946297,0.5618905701018024,underground
28.385462154511508,35.267080525953816,24.71402675521018,0.16412699691630184,18.85692014287106,-2.21121524773064,-79.99546320198259,9.295830349503355,0.21941006118187012,-82.36757618058685,-0.048314050559129934,0.035727795223549824,0.36079337767968145,1.1081801686944377,0.9925837884677966,street_level
26.671496176138405,47.30624098643979,29.42657156566809,0.4083943208600683,10.619544716769196,-2.598994127272846,-58.100187590284804,6.0858925730081985,-2.8679274404411377,-69.24027439783119,-0.44971921367286827,-0.22199898709604296,7.813757237282074,3.5118730903081605,0.6649095061949475,above
10.942628313686566,20.599077439686475,11.307427144505894,0.1520705504694294,15.107087703863508,1.0656883902545857,-64.34905528043214,12.37096022669308,-0.3004568446209932,-74.67209209399851,0.2676742128005982,-0.0875767927658727,2.435505356778556,2.235710304255832,0.6994325991554922,street_level
7.49395593834046,9.710092790872737,4.161241838227871,0.13370066281899787,23.937070542491455,2.9736847625311515,-71.416902144009,2.2294435923102722,2.0238311089284373,-77.10098019314506,0.07926533697383492,0.016121626991230625,0.04832503646089792,0.04749328525763144,0.9201529314905607,street_level
7.006748446119834,13.579282457978413,5.023178917639391,0.004442310052277643,16.368549561711795,1.120181464566583,-47.30088019491916,3.940290108116247,0.4089817294626106,-50.98392985821686,-0.021024671991726418,0.022926300368396817,-0.2551502625380625,0.28636850710034895,0.5201401990328656,street_level
33.256683479827394,95.55701724982498,58.02877618611232,0.8347234649273596,5.458410843588219,-3.187019254383344,-69.62577140722847,4.640030858169385,-2.9552583866304563,-66.34605005317475,1.4239269330929796,0.1775280037126787,-7.265355017354395,7.914750492158224,0.8428624001445367,underground
7.486841520610988,8.482312766948642,2.6679053506625356,0.14836265433220486,20.40221359006874,-0.9344142585574469,-71.06081397690407,8.651882871672196,2.0006700806862634,-75.11702436318068,0.05584747348467842,-0.02150892369626645,-0.26715261629878917,0.5120906400510182,0.6295906263559894,street_level
24.717869125231736,51.415115580964596,33.12695805226081,0.11369158436093701,7.422208908262032,3.2297292580252854,-74.0060398831601,5.948199291711852,0.8845833707431234,-58.15634641883404,-0.6260921316421029,-0.09247491559614268,6.059683637940406,6.362709271857728,0.4829932738434576,above
9.741406870857219,16.161893611359723,5.0404432618132695,0.06331913172596618,14.223162968509545,0.7528358455272395,-61.4864741595918,6.8711146852295535,0.3532340507100029,-58.05967577340602,0.11485144329346988,-0.024704218511496366,-0.32041693177793995,0.6302565751325953,0.5694403088993556,street_level
34.01143848563676,32.830923272850626,17.308237514473536,0.2069695242498904,16.97490118330706,2.8633368405088158,-75.16049708258316,10.075982261590163,-1.2410244965486266,-62.71742916235319,0.161933849206049,-0.01504914975866534,0.29334070234705645,0.8325436651200282,0.6687403724468801,street_level
23.196693169141884,27.59326460644516,26.927455787312393,0.145294292819308,8.705397558153901,4.246493786678183,-76.26328674586381,5.41670552066242,2.6344673219476604,-81.3484789684477,-0.878837063103403,-0.04038765496942062,1.5247828596165243,7.539474534194572,0.8155548453551897,above
28.84575273415097,34.83435487546542,34.54790777985558,0.337086825135947,8.273221727049181,-2.836177522576069,-69.1514615087792,5.426979281307418,1.8524306454237678,-74.6979778764316,-0.44375444126470387,-0.15906002753595072,3.0119152072384705,5.707864678488177,0.9619444773118684,above
8.529139450195082,35.76111300276382,4.573454440064005,0.161267468520242,13.033892610723063,2.9918184669582075,-74.71907030393852,6.850004283554347,-0.18001717676450113,-66.71143750057149,-0.19455840742161656,0.043632917595683135,-4.167555567037153,1.0004610052556515,0.4315920632640666,street_level
44.62148666411373,60.05926713281525,19.13575964747153,0.23879629741190642,11.773061347553103,-11.04229507717254,-66.00718603574389,5.534720495201742,0.11902008552877952,-69.66848105988154,0.35288236015202923,0.08025496758879107,-1.1843365491323001,1.3500916929631324,0.7739394633783006,underground
26.064542646865732,40.461861050813454,28.371923110386483,0.17729246968098245,6.348313206529141,3.6870001235126075,-63.767862033214435,8.24993546244045,-1.222728112960307,-84.61827309201342,-0.45905317661195943,-0.15649335753668098,7.354077269894747,3.185465318141688,0.4229070767020809,above
6.5383027387386115,14.150435638231723,5.701437634238543,0.04132262860108914,22.220921285699408,1.9314651657693327,-73.43217167982466,6.636976732528612,-1.104629915480126,-61.387843370172405,0.1027265740488287,-0.012358911605142103,-0.3492186813529835,0.14882204814501537,0.9409520698749635,street_level
36.11075069924256,57.132284811540856,14.4981785170227,0.4591998101033574,13.189179314904436,-5.475617475226021,-77.40078174935009,9.362302568270302,-3.8877089905592106,-73.42300826634416,-0.5620453533749125,-0.1938145256687222,7.148168740293759,3.2829305111115046,0.41478943485751557,above
16.293926317207355,24.86619926648992,15.013680153684849,0.20231272521564886,23.583364056939253,4.539732832706289,-74.78230331203903,6.43392061958195,0.37442729694980326,-60.95030586050237,-0.07040338078467258,-0.00529542065482342,0.36310082821019574,0.9730630810948502,0.7614531373948414,street_level
87.67481639552184,112.07737127137145,73.2058326971137,0.8446942494600442,7.419824912227245,-8.4553906453832,-88.37919366509225,1.4059036500257243,-2.461369181709058,-72.62343488286172,1.2858760169814472,0.17287060984871658,-2.3421101799866983,2.7993914332619325,0.7399219486758117,underground
27.309497445696564,42.8468548303446,9.200298085273436,0.15722310359513378,16.149839751881593,4.455758822529669,-71.93531477695615,10.884612250675017,3.321783324929653,-79.5609301767039,0.01758298228339189,-0.021480193099141683,0.13487053102319146,1.2964517995185496,0.6256320735436752,street_level
72.52874881338512,118.77159425471093,17.788101116598384,0.5618359421051102,9.947213988645089,-14.094196995093956,-67.87471430680291,5.1348985164248395,-0.28530833717278625,-72.07038479869632,0.8582647590483186,0.09513955802877858,-2.4294679820955123,4.847778515953743,0.8565377412489706,underground
23.75156984754292,16.414069331797783,17.53440114897314,0.15043841177470588,23.513411986699445,1.4227500987066612,-77.47024983936352,6.666153568583702,-0.45852987147509294,-84.26053605330266,0.050668482347815624,-0.019718083928767255,-0.7636217115943369,3.7164349417799736,0.8996748130190559,street_level
20.815306147397088,60.43588115762961,20.00980562166043,0.483781381592997,12.368555171787722,-1.3331062252444656,-84.70306401445585,6.486850831354269,-2.212719715374904,-60.96281286285078,0.3684044582401361,0.05137112623874511,-2.183396992222153,3.964041539107777,0.4449006070435031,underground
41.16697662846893,39.285234003626584,25.030298968461164,0.2926438154482387,7.070495266649953,0.3119253426899853,-81.7287867806477,6.817149115077403,3.7966454738146886,-89.14047301663174,-0.7997309891248252,-0.08126848445716411,2.7350139484077785,5.168125206920966,0.41303229049743817,above
85.44668204890765,108.24618547224001,57.065959911318394,0.8284345417692183,3.906001518958717,-13.405777790671554,-88.06321405224674,7.524056811408534,-1.522217643420575,-71.33526988088695,1.405044216643226,0.1650520283110832,-5.41681693770772,2.580163731369689,0.6826695179497657,underground
17.994339759427696,36.069588734503526,33.328194625269525,0.2611751288404841,3.996691983354714,-7.825254711047885,-62.81224563682376,3.102073481769398,-4.300142929506418,-67.66965588017553,-0.8814180955696848,-0.14286553488532394,4.714700287375813,5.110578188687924,0.9680546967673779,above
17.023579088628928,44.752419522771184,6.4321317090734045,0.21212318590643067,20.67148190503617,0.054608808281413346,-77.83036572679586,13.26621492862307,1.55278157761101,-84.90051612078568,-0.7485740053583785,0.08822967266709275,2.322903403765963,1.7928544073782144,0.6850048418110535,street_level
32.994506093261904,61.09095514979422,10.810474379813678,0.5045578139945885,13.886159279188417,0.9651814372514629,-88.51801257563673,8.383818789702302,-0.004610554583728721,-64.33754427926229,0.4579720183199206,0.07251455706171225,-1.3782578381570332,0.9962164852769302,0.4836358159391013,underground
7.332688293005036,16.394004435589515,3.323153395859703,0.07403221330402504,8.373362466854367,2.4663490646335173,-55.586953089591745,4.753387009161258,-1.3059007479581928,-65.51873868091185,-0.022153869866720244,-0.023079080309559585,0.06934429426497313,0.613210532396392,0.9574996312652606,street_level
10.142051216745553,12.352863364511878,2.5665758369420963,0.1419863139804925,8.087928483749337,2.298829933534142,-69.56767373211743,3.6226167038749004,0.8756896990467729,-60.833253917516025,-0.09949243055494428,0.008779322268649352,0.06996053639820365,0.11598933632489761,0.7981486968296858,street_level
9.101336570313801,8.032999235415662,2.5996015543834456,0.11452796203581395,13.757930592835036,2.656743460119702,-54.8426633363416,3.1121584322455957,2.0497965926251807,-77.21674630767397,-0.09356401783795529,0.028421011678456107,0.4560592113927959,0.07712650997714442,0.7864965076951409,street_level
38.76584363967493,108.94917049181699,60.02149591575414,0.7795200835950991,7.1362104483821,-4.243991233988128,-71.08842636006074,1.3247244100827942,-3.4135158124827427,-79.92819187985542,0.5998118434879796,0.14612812018792956,-6.768568199320374,7.86057170316544,0.8470259910306336,underground
45.66767454212037,71.07799467079968,27.74353913718045,0.7712315180399398,3.943681324950994,-16.523749499599358,-77.50990183656829,5.811583876704685,1.264774405497306,-85.59044783637142,0.30745416328091735,0.12879898950689497,-6.434978187667873,2.2413708978577276,0.5456097204273905,underground
72.59764125954436,49.65756640293728,52.04123410811844,0.5616207289955761,9.812157366778857,-15.701849801338787,-80.47380882293712,5.788858661303487,-4.543011097455648,-65.47659539326796,1.238644090487421,0.0845864202408983,-5.944924629113611,4.403770990971697,0.5344034500482158,underground
40.45605768308566,97.2577108642646,48.728496070503624,0.42143547955533833,3.912969308688634,-8.273061887424998,-64.2090045682184,7.7892279636305775,1.264719691143041,-83.20885828357935,1.4968687246236676,0.13489600501617793,-7.785215309702981,2.762908690789881,0.7878561483352107,underground
32.404434353863344,65.40740809161966,23.300464600296916,0.22109547208288627,12.634107107249726,-1.9982704990934028,-71.14603778036408,8.062634258645948,-0.8930469368671758,-60.01573076673063,0.5450282554163671,0.11561468345618142,-1.1438057220975009,3.6235919904564478,0.8790963792010364,underground
11.750978692975764,17.985885636849993,5.870155718598049,0.0040491689657445925,8.585103591915917,2.34763553731387,-56.25952674576199,9.906140477854626,-2.4406428129572495,-80.74705550781,0.13139179760094807,0.022741272923400925,0.14669741206970688,0.10881834675301008,0.7005925342622046,street_level
16.661082486762712,16.478808772694297,17.03165739720186,0.14724468605126015,11.004218273591501,-2.0418662562951724,-68.80909017788747,12.33826360851923,-2.7121917720084205,-66.620128169581,-0.3759643016948939,0.029945392770104495,-1.9111573478749442,2.8339866945607697,0.8080930738364795,street_level
53.40577687381709,106.97066595455483,48.726237730521014,0.47417979780529496,9.532546298543517,-3.8491585371824257,-66.80483073762805,4.671638887317498,-4.776599332266795,-76.97733132049053,0.7637514023113212,0.1946542053357348,-5.1050971577912145,5.340557248189725,0.5106829432361066,underground
6.989756527850319,12.785489895626505,3.1409069535258203,0.10954475241369414,16.719501961572345,0.33997514841342547,-50.44592142398929,5.3073682278184835,-1.995332369283006,-61.780151113272666,0.012821563889654441,0.027546303203469444,-0.42355119287584986,0.6203002624798153,0.6819846262024454,street_level
23.019772250062246,75.95459614630337,14.002899583512857,0.4350849901186693,12.964445893470275,-4.633850429741983,-57.227498150326014,5.674216225124862,3.706031485019192,-71.0447614958868,-0.45332928550504414,-0.09226683520226259,7.061790036849879,3.0646943928337302,0.7189039144953686,above
42.59187494061203,79.52675338080223,9.545237302931675,0.4924479174619386,4.680619123233983,1.2689696886536677,-65.95548010423852,2.5090467377194834,-0.12834329692189517,-88.15776253374338,-0.5197166343448769,-0.07685674763769107,3.081942225782118,1.719908239450398,0.6142756267793582,above
10.868189212024127,9.50362791495182,5.592069247595224,0.059484637847501985,24.08091929619451,-2.8465721637802552,-71.22002557289781,8.922147712251316,-1.872181762072333,-76.90337764940091,0.031928717053896494,0.018585266908742237,0.4546439947958346,0.5122959774538903,0.9009054323960966,street_level
73.92207934693627,99.05257714526546,64.50611466274815,0.4134266612498366,8.985090532401294,-6.643471604104114,-80.81257878184829,6.368921810458815,-1.4047055656271592,-67.65385976370965,1.1344802943692156,0.04060450499752859,-5.128611645425373,6.424615501250719,0.7550404832153643,underground
27.418014043878436,64.94850308522189,23.06897673014924,0.40478662752318584,10.588598677877084,-2.8188232236925614,-60.06545961620995,5.326029224858934,4.177483493459867,-71.35808007137614,-0.506925924437254,-0.17527520195251872,3.4518538169035433,5.035326791037177,0.8596045716737402,above
58.237593572830995,100.05807775048132,18.72246040260294,0.8781538339511427,8.990391986415787,-10.545847213132285,-60.54044673141645,7.311733882458827,-3.8335268511538985,-81.80668785962854,0.8212634456753214,0.08820540407186143,-6.761268469666993,5.372798746409324,0.6298536183316318,underground
49.18129481680021,105.270000326368,24.77290489852232,0.695233807092307,5.2602528389204295,-8.498472795350297,-68.19674816974275,1.9397057430279334,2.058289090775995,-90.85519339700173,1.2356799360227848,0.11323310711646009,-7.649131478804158,2.074413391725737,0.5620372746593905,underground
36.55776555826584,70.48415563680213,60.90081961136534,0.897610015682162,4.233239367311949,-17.621688356199392,-71.90014497808733,2.313615011117194,-4.721285984589524,-71.55762319501288,0.28948841717759544,0.04725059681395653,-4.848445735555588,3.387021970245783,0.6027767761036937,underground
33.88998874036039,38.803513351946094,29.590331681280716,0.4823608638664292,14.296155867819152,1.912854861593912,-89.10904832131392,8.006913121112307,1.4502685553575958,-84.8348335951251,0.38022606229504785,0.0397728476056049,-3.9473736146663154,1.349615690535216,0.6361085778749389,underground
30.961892405525038,61.599740104097755,36.515495858066565,0.49715569753515126,14.516115868997641,-1.3325266798863957,-85.57463360668598,1.4616816198989988,-4.454151849864549,-85.38755979731835,0.4322099008452063,0.08108872390354158,-3.582324894313413,2.435837575986496,0.5408424901116752,underground
6.683935761513546,17.06976658729485,0.10707012670624616,0.06465492862441187,8.270291564450249,1.7577461195504531,-60.50644612029009,6.086411621829153,1.4000830444244077,-81.1487404676533,0.14006585980424427,-0.015099399371655574,-0.43847987672131306,0.6035955209915844,0.8641512377132139,street_level
18.230092653156902,16.861926331255237,12.156910330449303,0.03767721073615858,14.90710321663828,-0.17432687061108965,-54.33090568171207,10.14363083192325,-0.1971540104420737,-66.28043951457649,-0.5570171048216684,-0.008438496718686392,-1.6992268167791833,5.3764028785903655,0.6026260237985757,street_level
20.032475312123516,41.655008075233404,11.977340070124573,0.1403378345375241,17.051758242903105,2.105983766599291,-67.0952814310545,8.983723237565215,-2.8649627006906178,-70.45352418482493,0.6667364207221509,-0.05796323963302166,-0.6420206352844771,5.72883315651837,0.4529244514980991,street_level
38.59917375173461,27.8684816019773,30.998951256218813,0.3489486476910258,12.666707907454583,-3.492961231808298,-65.84811311541962,5.829499014646041,0.36989337469285566,-75.44762526108701,0.21090912494670327,0.0825142605458683,-2.043767644112523,0.9193900994254399,0.5670685637676819,underground
14.305455369876011,18.030994070945226,14.937859449548894,0.18703401056505606,17.283967516827044,-2.6803818764436302,-51.30414839668059,12.375089511896494,0.7420088452044431,-69.72006608753641,-0.7836520750165482,-0.02183617767365094,-2.2930381119918017,2.4584972083825316,0.8642096139485879,street_level
10.791465131916919,11.074483129100262,0.7994867045158149,0.08662398791047593,15.281458849014037,-2.8055193990008833,-59.689262372153784,6.545637953323535,-0.7751222877178483,-61.57585100166419,0.06282821129702953,0.017006168367159465,0.35924368539102847,0.7507598617957476,0.999847745371512,street_level
28.61869618596924,45.09764590553213,12.983999791701752,0.10762099335307351,20.937817579622703,-0.35630747377890604,-58.68124468426601,9.289141609030397,-0.0004072849855667471,-69.58904835196851,0.08082605322862055,-0.007110121058829497,0.7210876558544816,0.971322749137367,0.7802493153087221,street_level
13.725103563982517,77.7702201583113,23.28325027857908,0.4520875145283959,16.665552640263122,-4.899080786624989,-79.4065283923591,10.151614775710403,-1.098999115093564,-79.45386370875113,-1.3728458574524618,-0.1729564565812326,6.426959552501733,3.0265038746886845,0.9553581937871718,above
42.10254627243047,56.45022956487878,37.29066239869677,0.377964202914275,9.41352880732304,-11.455492922691157,-60.23038813798824,4.363960974433172,-3.9285493461619385,-66.42740010309024,0.64837759136346,0.07065751405527139,-3.7945929901228435,1.2469415618643749,0.5983921623196087,underground
21.48162845143227,30.629341005842214,23.513108679969505,0.2861532607614654,14.815559096992144,-1.5954003853701684,-54.60047853191293,8.456840358236246,3.123549096249018,-69.36868959983491,0.0542537720754048,0.009902894932173063,0.9418329551156184,0.9285083164464687,0.5501845104101255,street_level
12.672614167939306,26.085280856879187,22.442862592725827,0.31860152897827354,19.912278201795857,4.96802993571978,-66.17659244649694,9.80141813028342,-0.5962285720331035,-57.639505527674515,-0.004006767430789357,0.03371193074759589,-1.30333571761666,0.7605787284065848,0.9376357935798788,street_level
20.10695077284271,19.57636800468348,9.679033149021068,0.18455125210454904,11.624126636164823,0.27598750103768754,-60.35485673615038,11.114374985131109,-0.7003218362389427,-58.0710293271893,-0.7667933175294902,-0.04243318390913342,-3.760971970535564,3.9419720315226687,0.4739706688835807,street_level
15.283945886535793,23.877981120428927,21.534772981971756,0.34878777790536775,13.366412347510455,3.303449458032503,-51.46646246169054,5.02668117500207,-3.8363845970740877,-78.66861701558355,-0.08945224893387523,0.022979403211662038,-1.4817558455266584,1.3946074963299524,0.6954194066642334,street_level
31.837569373970826,36.89101887499652,24.72668684741244,0.28079710728286844,16.43537391455345,-1.2889503641279765,-57.64251374568903,5.697749204666577,1.3596393497752937,-75.18322987612109,0.03233119820132521,0.03487515362164559,-0.5596310562651655,1.2608239269422603,0.6597896207158549,street_level
84.40340760580038,49.89307621721323,21.767107071411466,0.436045623369823,3.903923211983348,-13.821030377687897,-84.60162876273039,3.6163060069472275,-10.497072760989697,-72.86438102992396,0.9553020739943228,0.09497981063000555,-3.7163089209407936,1.8642014844184667,0.8885027492261288,underground
5.099172368893817,10.364881642447036,1.1154961177852427,0.09916763868017228,21.840301441120886,-0.03569872003499874,-51.30134496199172,8.354489017624033,1.680743233832139,-75.1632869434082,-0.02100939966224427,-0.023315035557876,-0.09018143867357997,0.0013748859715492223,0.503926450976834,street_level
7.72506885794256,17.397874868073394,1.8526054816723905,0.09574865981672516,11.93567723096831,-1.1909992935506049,-63.53593290949479,3.4499786759643154,-2.6042818670829417,-71.46527875024077,0.053016937984796175,-0.009386970697101156,0.05703615509327731,0.2858938010708218,0.5849507550247635,street_level
44.00326467460387,61.7426052606893,27.463121944048982,0.4691845028519919,14.928319257025072,-6.06163845714668,-68.71595593148045,3.519129732203999,-3.159194169153123,-65.75475920729104,0.597293261488698,0.09277017025159774,-2.9899387483043167,0.9857670250022551,0.7851929842490246,underground
89.20832296987425,67.27329642203443,25.03288722119051,0.9639323182948486,7.046296166382017,-16.594411451543856,-84.47425896036366,1.2420697410281347,-5.422002866485435,-66.01254662081894,0.695690061936459,0.2417285253992218,-1.5105378403468785,2.3437259988775585,0.6194568017664157,underground
24.00735653433842,71.32335491127954,26.20777755400555,0.3611375208025163,8.820274544440089,-18.225773695119546,-81.2349319443234,1.3493665093857778,-6.818558499183988,-78.95998062937466,1.496972001837218,0.12343031257945838,-6.951474905572724,4.523851946451368,0.6866854763305241,underground
21.755689007013977,41.99292427397568,17.152487269184576,0.15108373012069118,27.72203714697364,2.3716921420002066,-73.22990355855883,4.024935158560322,-1.9711256453256252,-59.928459365911074,0.49766272199291595,0.03658677549093314,-5.527044537572164,1.798642449087481,0.7220864315019857,street_level
72.53397561060811,63.44411501363001,23.835944307046113,0.8210939955265564,8.122535151907952,-6.960539662168678,-75.58735665751385,5.1610612046183295,-3.8926335066366917,-89.25378029326498,0.9073618017810736,0.18968918036290466,-1.5848185238449712,6.827998762005522,0.5499194027291318,underground
4.572246521880476,9.826463275015378,5.64643827063122,0.13096225560698208,19.718004992111005,3.52758731426355,-64.29625330171302,2.904319383047616,0.23429312129368984,-57.66925218288763,0.04532331176868762,-0.016784455448298118,0.1397466294782599,0.6183814383961563,0.6418208759769077,street_level
63.30796003841235,53.62921791921006,52.121438804587584,0.6766748762632491,0.14068475674000158,-17.128778493307728,-64.14309620638846,7.517247328334477,-0.5879884124641634,-84.97884789829351,1.0510163707033953,0.0905439469322237,-3.379279511307997,7.931671969360797,0.5537838352342163,underground
13.224650154048842,57.964684595532,11.023350049763012,0.40330998170839905,10.928066121370435,-2.553579276325322,-79.52824358963733,4.063584002107044,1.5614110634871006,-59.22606308017258,-0.4632346122491686,-0.1827383589851873,5.295652389551521,4.3112713353170555,0.4134559892363552,above
11.747970152144262,15.625741563925285,3.0743170793046377,0.021154030106960087,15.993091430901966,3.5945916028704206,-60.32430456329998,7.851890944878868,-0.6643994445259347,-68.95012313980949,0.12601248917552635,-0.003738955125670681,-0.24503727498324412,0.5111678248231754,0.841720017303457,street_level
16.210346246041,17.447837709277785,17.924397378837142,0.07748191494922786,10.787678676584775,-0.21656032266310898,-61.281863401109,5.5587655752370075,-0.2378366098550151,-72.38353539142362,0.4321890528909593,0.09141203477326712,-2.5345048439579188,2.2043170265279106,0.8518202705260365,street_level
24.473865735852236,74.81167230818198,24.78960269158046,0.10328803195215,13.586552931257978,0.8032945440028545,-62.96049631475027,3.8605708060669413,-2.407057932077454,-87.41694382071341,-1.2903826320544471,-0.18738964276630743,6.3035926239439455,6.494419591704892,0.5927932042205435,above
16.86755446022724,59.94201127898525,30.757623050124856,0.2596070700614295,15.949320872661367,-0.42484842326130057,-64.7810084226501,3.0240330281474384,-4.908037318348164,-67.34073411141674,-1.3237678185318047,-0.19707563822099322,5.260382184306938,3.616747438569358,0.5680515688958827,above
14.719941184676198,39.78562941581447,11.709496699844593,0.14777502898518363,15.66278284738965,3.6949678173003875,-59.17648864991048,9.599598409654739,1.8010264943445282,-80.35193410509883,-0.14857681087771746,0.056923646013522566,-2.974100362657726,3.440285519284324,0.5345347319810871,street_level
4.842421727487715,9.462368945104487,0.1401841625503888,0.07117342017780391,19.600284237499213,-1.2761573372950705,-68.78147491627605,8.71070379890917,-0.5308877549837021,-65.99419979089774,0.06639266715392933,-0.027988407092721653,-0.3631930824700772,0.7350378872531573,0.9501753070928469,street_level
29.02210235770605,72.45505785374812,10.365095021740736,0.30589616129823277,15.134353221400108,0.5054810844033142,-72.76366004115064,7.390369403507072,-0.36968134108737427,-60.666919240110516,-1.4603492097571795,-0.06949334681828417,4.403255594584062,4.479019647743626,0.431673298759916,above
4.413987668205218,17.503911103114433,5.237343178371312,0.10863943648651261,19.062347308748606,-3.527580174230936,-67.02991600310364,6.127471387997512,-0.9731904045978053,-79.25525443678318,0.03919388347834524,-0.00373178094688496,-0.19351410523623402,0.7912839473751302,0.5688921205064073,street_level
8.693294701073803,17.170371754048706,1.7539483342039213,0.048115927355220495,12.616271329733348,3.1988743210270094,-48.63983774411895,2.6595719428105395,1.2971257826961553,-59.95046639465842,-0.025775883012311457,-0.011426418977289774,-0.4154359412451982,0.576493369716303,0.8422256221188575,street_level
8.72527508153987,9.34753671620078,5.632935277545677,0.07439332304823817,16.243396191840255,-0.4908243727819075,-50.743042239265314,5.697211006729581,1.2707106230025111,-53.72591248164166,0.010128310333920698,0.02092962661700217,0.362822556193811,0.15769351407238386,0.5272338228507376,street_level
7.763131677747944,14.893454431954531,5.488383592011697,0.11373999918015545,11.35794532580285,-2.039135736180146,-48.53984953893989,3.6772900291170756,-2.2059605489848693,-79.09825468176147,0.11781593253686559,0.011358687548196592,-0.1418029550784805,0.19090282740119122,0.9046064293326621,street_level
41.62837859415629,74.81921817677764,34.66675626699908,0.29953484929415297,13.446927932681055,-2.3051336384903856,-80.835626580775,1.8264517952934414,1.3326324469547375,-86.63721290135648,-1.1224278674498436,-0.2054192658836703,3.3149547112873394,2.9523766580440522,0.6524065739690427,above
22.536166712136442,43.83304678748532,32.108927418131515,0.2369773991834192,7.574930548752318,1.3717176515464562,-58.997466377152335,5.948904596623193,-7.3110367290294125,-91.98466040832112,0.4171897065909893,0.09648682271614367,-2.5176132909424194,2.600273630271986,0.4655304108808621,underground
12.562495027552732,54.11680470384238,17.541680649047,0.30976873484906503,17.97269724332735,-0.3151241166586978,-74.36019401033487,9.509321869595663,2.991315016373182,-81.84341170362818,-1.3371673304305602,-0.2272736395557622,6.682431920412435,4.126169931313588,0.7464094530517367,above
11.340342157465049,14.249365051372564,5.406762768215855,0.08483082965736602,12.446490269080662,-3.442271452875274,-69.47991515281522,5.439851633753623,1.8157425141407613,-62.85226343581152,-0.07119240007631827,0.008144186143752036,-0.3801226226729577,0.148412417346203,0.5760594809307791,street_level
33.413502692423634,72.17019106007376,46.405533141820015,0.8123623152482076,3.28671788209789,-13.128476709364932,-80.15861669396445,7.580245297402893,-3.059460860536003,-94.55367623079923,1.037352019278113,0.06157843884416824,-6.523424390684341,2.427350592923952,0.6593295144106502,underground
41.35768969518112,37.23856814826624,16.10048351217788,0.5696468203155576,14.403262904878403,0.5742579423057936,-84.13529338498651,9.733811147031874,-0.3418337765011401,-60.90028057829969,0.24035811654777672,0.0802130685857078,-2.834752878241804,2.1088767208663555,0.5564692359685536,underground
28.49462851078829,88.98338140009909,38.61818802670656,0.9237259612686993,2.872668215466312,-15.156033743980359,-62.64417580330193,0.195553212503639,-0.45338562162809026,-67.40081096467881,1.0814891994158757,0.23983897182448666,-4.8265775437260725,3.4033250694330857,0.6875690814754243,underground
12.42818847508505,43.89167688041663,16.272124244589204,0.1370676146710488,13.024438332837661,-1.392662304813025,-56.15250069239442,3.590697262684718,1.7599219302858078,-77.06498718939734,-0.4420957013127973,-0.09098181143215445,0.6877740122745877,1.663438481960021,0.44032144734417317,street_level
17.283290802206782,41.137732383740435,30.7494972877114,0.22770440821866447,11.723494763217719,1.2164298734322347,-60.70418327122273,11.35288365826981,-5.7041630201487,-77.41402945114196,-0.3389703489806073,-0.18545563512451269,1.9805061819615188,4.971588515792931,0.8599185087508001,above
76.0793611040088,62.36499666170345,33.55015191765126,0.4811329158592926,9.396485577978877,-10.514716176453234,-81.5848620895028,5.065364668827729,-1.3579918258234294,-84.01847649146117,0.936801563731862,0.13656400083500878,-2.318875205826121,4.5404491605721535,0.7730296127662655,underground
34.434954768408076,42.18815461667224,25.547248668435792,0.5622138245341591,5.274426692257639,1.0509660222048094,-81.09011359417387,1.1338606594698024,-1.5809402477573125,-64.77242276719585,0.17342167451863538,0.04853561242085193,-1.6668383906783335,3.1322312500719436,0.6550736814346747,underground
16.77234858845433,51.62574072439655,22.47174426895856,0.46933228998801757,4.232807355627993,-5.345278766753928,-82.3846171149208,7.676326442618288,-4.979724042950569,-74.8927630521777,-0.7183648927614188,-0.19024114890826258,3.1475348581143274,4.968454917322392,0.854401089129214,above
19.599491676598078,57.327491269718095,21.655149385768564,0.3266845368640482,5.716598442812087,-8.510826645098206,-58.566262630552345,3.5316002138018985,1.432514229144635,-87.80038636036635,0.6855048678523721,0.08068443419225295,-2.4788023402236705,1.8079798314859765,0.4372798095533724,underground
30.751418270154755,59.320792188664335,16.45192111412849,0.10620143852221059,8.709145915989513,2.629047520230328,-71.59387790504877,9.893127788662069,2.234329459416027,-81.21236343398736,0.17022928088735964,-0.008304803745209154,0.03915984042791143,0.7463561748023251,0.9256044799980655,street_level
60.402328685235325,40.85187721740999,22.40485691946365,0.5242094011460129,4.542860990523867,2.481933938028746,-84.85999963383433,3.976991056559319,-6.113695717880664,-78.05950632265109,1.2541689982551047,0.18052953483157472,-1.7298844683469934,4.395751294403252,0.9714098869633014,underground
55.027142946614134,100.15390554943062,27.461302722835995,0.7695312300576075,6.309762493183596,-8.157435752312267,-63.3215094006875,6.660943180607475,-10.687391920751892,-68.62621085386039,1.2295614721321013,0.1986648859687542,-2.3933837505235926,6.852521406855686,0.5760524692062174,underground
5.465213513242111,14.267007191205485,4.090928524093966,0.08502392382908273,14.090512718100602,1.7067219210980378,-66.98053201832894,5.500532584105072,1.8580879619658779,-81.61621334353099,-0.01705381404161363,-0.004618217156842925,0.23831276180786076,0.1670039857704702,0.968731215398239,street_level
14.506423721306042,34.71614266941605,9.673434731226441,0.14326240379757685,15.913133053069714,-0.3875928655286307,-65.28413888008102,11.386285553983654,3.423321630800011,-80.43754048789593,-0.01380979744227133,0.02616361564751122,-1.1918685746236748,1.3820748536676435,0.8210049754850035,street_level
15.641851969587629,52.56241680953682,15.51183498783698,0.22745570567834755,8.461269091864612,-2.0934657823541114,-69.96271753594681,5.273377682490744,-2.618732337308857,-69.42356196716176,-0.9669295374491551,-0.16073455812547705,2.3954464773316126,3.876539621959447,0.4783635819020392,above
22.634988443167902,16.753267408521435,4.678268871830418,0.08603450846600433,10.138074726127108,-3.5553697307630046,-67.93448686977658,8.86081556613139,1.911951003573309,-66.82142393827426,-0.6665331775081884,0.07943101158029117,3.2750060404601005,3.670766356116699,0.7813224555327892,street_level
22.862966491915525,19.962823700806034,16.870086117928203,0.16172995088793962,18.96518933424538,0.8974464474284067,-62.38094492172507,8.430092536373506,1.999205065503019,-62.91346392653706,-0.7544835175674598,0.09562165529089653,5.575083739178599,1.9762145358964824,0.4041338756068774,street_level
22.360059195341368,42.99715715696544,22.850967452039782,0.2930767495167457,23.772907658145343,-1.3093377743595838,-69.1252044366739,5.342840548048027,3.971355949675562,-59.21851785737967,0.057091949053932056,0.0100478474355521,0.17786829181757646,1.231534280606553,0.7188253170545795,street_level
11.646744681829794,18.83892991751124,11.391272068534096,0.08931302195954452,22.295173121784405,-0.0758137785092492,-55.13386449420583,3.2926883858705667,-0.7168144839102455,-74.80576131349017,-0.1598325536919759,-0.03456576525129007,-2.8128960355938286,1.0638847171140529,0.5249851345024726,street_level
31.206622021786092,41.65147048863549,18.789172377272756,0.48746287893723783,13.057528316447488,-1.0992751173422475,-57.82743134509947,6.797873677661893,-1.9219043719305926,-83.95371886145128,-1.1307110301116723,-0.2492753534353698,5.6328463843670225,7.5144892595018575,0.5402567774891973,above
4.692789116948412,16.336857638659623,0.6243647284998692,0.138721808534569,17.243050709582832,2.3230271440463746,-51.1185763532825,7.391192306093229,1.7578360055440774,-64.89570088816157,-0.05566802498855637,0.022450200131579924,-0.020865038336139508,0.6917797884944596,0.9591440329889949,street_level
11.093611850153948,15.09507991514635,4.699020249994022,0.026520164742271618,12.94990289387535,2.5134734535884853,-53.895931618096945,9.87090653768449,-2.38299374048615,-62.89784776858811,-0.1456371648265774,0.02307880940522551,-0.18088411193124954,0.1776803915878185,0.9411641663845174,street_level
23.206476026871783,77.21247680561686,17.63167557352597,0.383663314209011,7.691513391331683,-3.3935373216721167,-84.16081557069569,3.585212404768623,-2.504298001037802,-81.65664141346622,0.32578937837889477,0.02678597137999939,-1.4962324223003596,3.3207414302285123,0.9639769870745813,underground
7.676807400557621,12.157491021520796,0.9251232866299217,0.0915082406773197,10.849363599950127,-3.8864237325298614,-53.561047546534326,4.538299947339874,1.495062020684581,-66.24660551329956,0.12317228682793249,0.019598092958300305,-0.03768278420455806,0.2308378749579732,0.8257226635650385,street_level
4.411675606963151,17.29764051597605,5.780531029573269,0.14710164896019018,24.222581085209992,0.4546963148303931,-52.368399908546834,8.89811810400098,-2.020948439732607,-53.48101877468102,0.015044941433797698,-0.013641666141096638,-0.11157127036244185,0.0003642124312854378,0.6436545891034904,street_level
16.987130913293033,40.139511096590084,22.10577441405538,0.10938075739169498,19.776697876722448,0.3731642065714835,-72.05274985206609,4.86719850197499,-3.114282040619197,-60.711644489123216,0.14759337268656578,0.036612396864268315,0.3892162917213031,1.0512108299041034,0.9383552561397409,street_level
6.390698151726169,9.157880262892863,4.320844313312976,0.14767873875218057,21.7595719100198,0.8476447273586816,-73.81637743724646,6.055767369126895,0.7283250856766887,-76.06548783378287,-0.12124168333268387,-8.832840155546112e-06,0.3809420480606077,0.6768912441626413,0.5996699937386565,street_level
5.408775618992781,8.54963064054654,2.602598294919736,0.12225701099155459,24.84809272028957,1.7339555783612015,-57.03573517423699,5.311364624610307,0.19535819820858613,-61.683762661716024,0.06798180690825537,-0.016208179261661307,0.2182255759151629,0.7384015976580174,0.6717794992089616,street_level
15.94231953010315,28.0488213257844,16.283414409408643,0.20295329038366317,17.732280708506124,3.49805356352665,-69.49907117562532,11.136433447005729,2.333248645196031,-84.25805603400163,0.15775440591646864,0.030399326108212554,-1.0303283751568053,1.386017012320605,0.7399740648041492,street_level
17.70086372149583,37.030420746605905,17.853776150955817,0.06287722419527476,18.430360131666475,-3.278642979479904,-51.069115196622555,12.838120354232403,0.14444425489269053,-71.62171369502913,-0.7294322700668614,0.05944107930261361,-0.6046363937195887,5.047822921813814,0.805999029485772,street_level
23.115712179777034,58.614794999816155,25.202085938291606,0.3295567221166542,14.094767043198216,-5.022287459993553,-71.85241636113037,8.75205819859315,-2.1924323599587807,-89.63995700141591,-0.7222638369941254,-0.1554435293171827,6.410593538883004,7.412260971052051,0.9135010706483302,above
15.746917047136849,62.39541446015121,31.585425041370236,0.12932074863851184,8.527723468669073,4.686299301522688,-55.897883733987086,7.21600503636321,-2.3471904019850443,-64.25531624427671,-0.873043988585832,-0.10688544297025379,7.709840138939293,6.832307116893733,0.5209740680347319,above
41.58408651907415,57.320993616759,33.76250223479428,0.39423705273269505,13.635830658491697,-1.2477197089569447,-65.38873142912932,10.897136882715534,-0.8669928894511632,-67.58368924683143,-1.4011770171294007,-0.24011525208415085,5.545714213664581,5.739855745477899,0.8809477793051782,above
29.289243118895467,25.006176376941703,23.223409740294894,0.15331838150374733,18.406800890433665,-2.659262220437406,-65.94003489899976,10.180023850536557,0.5011534456520401,-84.05793610717625,0.15747365798543758,0.024624647981347524,1.478449791103559,1.0670701376215583,0.6878974781709608,street_level
7.1255602234820765,8.29257273167736,3.622980250544242,0.02244497972253057,19.073834804485898,2.133265338505419,-63.29754662553775,2.913192975132764,-2.9946215029862175,-65.1484439518482,0.005080438804141302,0.02583944593842792,-0.34814183989742353,0.6608702535824341,0.5337664633383529,street_level
11.976885695021455,16.23473701783924,5.544115482469894,0.16318999924469635,13.540450196972403,-1.2949228845695426,-71.98203757941222,13.60582058378259,0.4281956292759963,-78.02459936158722,-0.4348135889049582,0.061606038595763885,-1.1040376574805393,4.070255925675793,0.4376776306602935,street_level
39.80869564263688,72.83281435496087,49.387162874748675,0.696296255904452,4.497858697749959,-0.1388296718315658,-84.60166137967907,5.955799709308246,-9.903416857384986,-76.54038329618984,1.0287342558494923,0.1596912163948664,-7.263413591705601,6.193975460932031,0.40144991531403673,underground
17.277790199027464,42.72038361781346,7.126632290669905,0.14989454920748144,26.38511546277202,-0.8903467896123747,-59.39273785322219,4.007924076250278,-1.0027304929210223,-75.97381271216298,0.03256421163422818,0.05223590742941139,-0.019171069996897216,5.354053866404573,0.5570332130297131,street_level
11.900233370953758,9.96186097328747,1.0645191769486178,0.003780430563562037,18.689589937688755,3.0870507137776126,-66.10603073403674,8.398755821914452,1.5505920546237997,-78.65089524714854,0.0385202011365072,0.012808680950003086,0.4573004003984409,0.6505837984390526,0.6110036647368022,street_level
42.1145692512618,77.79191351273631,17.48350293054258,0.20606564025189145,9.10455121306919,4.132879236628819,-75.03715828483496,9.80404100964018,-5.569722044126839,-62.840429770742674,-0.6092253693125491,-0.18946862001053472,7.945427283604348,5.90790285212036,0.944224875813832,above
31.300269358971626,68.64050152832527,35.052303296241575,0.256888962813261,6.875541315236175,-8.359216408310246,-61.73119429018615,4.135101434902777,-1.0926331414570978,-75.77607318820202,0.5805506007850298,0.06462933596134132,-3.2335736485444357,3.03537205003025,0.7072267130491748,underground
24.27286973196072,56.027286109912254,25.07470881701193,0.506732668998026,9.310753227500854,-3.8113875850475853,-89.38823374653333,7.5833474425392335,-0.5347119980799695,-65.27508596452228,0.5494753847850252,0.06551403196778131,-1.5417488046892687,1.7204846550964792,0.6319037419188734,underground
25.427269971834086,21.531784124805455,11.603554566398845,0.2560646832121588,23.45105592778375,1.8138307066258266,-52.2799044188924,9.517143861590519,3.4280831311340316,-65.06011852722929,0.14234128089410844,0.03138475183425501,1.0143702098872076,1.6630308942397367,0.9173426817176535,street_level
21.567800660465963,54.289356891299484,16.157514286948242,0.2850341869010803,22.588163192651884,-1.7418426669703688,-74.66307704951117,11.371293528670643,-3.556324402459887,-67.45855359125494,0.01969658283276428,-0.028953568532406156,-1.2745629619928869,1.2562851411806182,0.8689907983334832,street_level
36.77261243517604,75.52031285084328,11.010729377766527,0.5366623777241113,9.701186723188451,-0.5249281857355612,-70.79405967085246,3.809564007896007,-7.576942181281586,-64.25311806713873,0.2706765473214915,0.07455545269487779,-1.5159105016784835,3.52973281265158,0.8408948904778362,underground
19.823259524514135,37.9874391404565,13.288743832339343,0.13237311216071626,16.24999775518092,0.030825682153318823,-59.05083999969167,8.830063277866408,-0.36928904300649545,-79.30745155916212,-0.14170757983788906,-0.06624031642477399,0.5321950250675673,3.815714852503671,0.7692170623962876,street_level
6.823134280837927,15.082044789911617,1.2694201523524422,0.06478310781781611,22.02933213557194,-2.0449920170003963,-60.890951445067984,9.485809514576136,0.9167439800482149,-82.28785392722219,-0.031779946886373894,0.024711486109352587,-0.20644764996411713,0.2558187050910995,0.904604771139166,street_level
33.1545443466476,65.33861811529667,8.498095626478731,0.4192841096756862,17.996631940836767,1.3333153555372235,-72.75789431081759,1.3000050486772268,1.4355136508316733,-62.34403997353695,-0.5891137872120641,-0.24090393431266188,3.3381872836040447,2.2415603789282477,0.7574538458253482,above
17.724149472015835,35.00478872368899,24.234709718202918,0.32295230114609497,8.863009120215432,4.335474297304993,-79.71359851384844,10.665383066917684,-3.110280058559054,-67.6498848683454,0.18675730138667904,0.013495104677747595,0.5472999710239739,1.1688079463774739,0.5111775258664761,street_level
40.447278688324424,106.3985623740423,56.400111095416136,0.7670123747792195,0.5359788164054291,-13.473438015713997,-88.589880103804,6.979265654235886,-8.52815460542838,-72.12097386605605,1.464577967513675,0.1041469071924731,-7.3362208066806085,2.495190171670842,0.7317933401340189,underground
66.55475050894508,40.73185414585086,25.245850366190012,0.7491365750350434,0.2794724069379484,-14.441591336281164,-78.07963618469003,3.6573714251185354,-1.160606664363586,-81.22493410768797,1.4246507798397428,0.16475776105053005,-6.473656282876548,7.472631460413791,0.4636634016897017,underground
16.30831705581547,58.356551703969345,10.37377279467503,0.10527698196461605,19.221990727781332,-0.19177399405332451,-58.99685584127741,10.220188479724388,0.5637716729942515,-60.95072933429616,0.14278765362603435,-0.016633699723959283,-1.1641794204646052,1.9355424098770868,0.8623574787529911,street_level
15.17986124948893,31.469851614043975,4.025500076372795,0.16713996394959016,27.84949613978002,-2.912175503322082,-74.41080079399374,11.44441772050528,-2.1935120595693665,-63.26336640097225,-0.5337436250001741,-0.057422114006362907,-4.912673344976909,1.6516214269383769,0.701525705736684,street_level
15.352945056566686,47.36772707398717,34.36085515294184,0.5410508979927304,6.8440232203637015,0.26375943716430506,-74.20827668871769,3.036260537374124,-0.4034748913860522,-94.64013083390323,0.3463286905253363,0.04851295616908313,-3.590822232175069,0.915144917900048,0.6123864402368335,underground
13.200691269263098,30.019795308159065,33.29925474264125,0.23612719541499083,13.02586401337243,2.274612823853124,-56.91805477521378,2.6018587601175938,-5.425024782712641,-64.26677147068004,-1.1558916004647726,-0.06837854065845916,2.3691437391119323,4.710870517132644,0.5513386413095782,above
29.309215621059902,53.339954967668874,23.12135888547385,0.2390053849528846,14.136386785915594,-3.669944078971353,-55.631892108026264,10.43808216513292,0.9660443740751772,-57.30435055119137,-0.09247560665922855,0.004380816980692995,1.0340837077921048,0.4586757918178801,0.6350533484329897,street_level
16.352584796205516,72.14529230749885,30.380856274281825,0.17982824847098564,12.1462003582754,-4.627739197609173,-84.6777395281549,11.5860187347688,-4.51563627390794,-86.18616491311994,-0.7317683882043324,-0.22711565466773645,3.4151307790580265,3.4775867613909783,0.618169763130182,above
6.54085018003155,9.993952908307424,3.2287172223481093,0.013542249352593877,13.974396136072006,3.3021088748870753,-55.57182388491074,8.992301171868107,2.3037226227229786,-76.21973526711493,-0.1312706719218306,-0.008091413265029618,-0.24016161121312118,0.06362338985229181,0.9519085831510281,street_level
23.257836710140474,22.894203760449766,6.4378929700644285,0.059993278085651316,12.064488347432754,-3.4614469091543523,-56.3826702950162,8.731789163328258,-1.6488606277681954,-70.87410759466138,0.7741533358307491,0.020212713161696996,-0.08030040086674628,4.456351871679765,0.45279901869612177,street_level
6.097705464561511,17.560544196627923,3.06125770653854,0.08233450271888494,19.350360529360742,0.027592619442041944,-71.2945060690702,6.998785642013063,-1.4803218205241884,-53.23352757081875,-0.12499175371519322,-0.014750037686674908,-0.2754266532119811,0.2767899557521825,0.5012207504776044,street_level
36.258237228752414,66.85019169222392,32.529155040093244,0.3566616883969519,13.603100886814763,-1.055053599793883,-89.59200049173694,3.851727473898679,-5.184909938844458,-67.74667770956346,0.6404760695189406,0.08551859895217565,-2.186425786842694,3.091962775831475,0.6493182014855725,underground
61.68796945186107,78.46168680886734,33.975620735617866,0.46428982251164147,2.9058826505787474,-2.554937231279524,-65.20221177792399,7.030203568883068,-4.090639091390024,-74.48088886106561,0.6218297104990942,0.1575713300803161,-4.674068715017822,3.9815871688758264,0.9872640451938172,underground
27.233175235874274,36.9646942898895,24.85252036907864,0.46823268711658284,7.749045951675068,5.494169652546567,-60.43710534597214,3.1728359076423835,-4.704995274557598,-80.04881355437762,-0.27503372286714334,-0.22376966861875291,5.859058933760758,7.185245570293177,0.8547238505857371,above
28.508827802620935,25.527166326828304,12.565240699861413,0.2799091349274787,14.159579673935163,0.3291834027706795,-76.31207103038886,3.676101804001643,1.2067721935604485,-63.736700449761855,0.18281655491011226,-0.02100981154600199,1.4554182500427562,0.8687662212257241,0.5966444674619935,street_level
18.14758852335303,41.38192831929949,12.174561560456173,0.13253670586723407,11.48370949489415,0.6554799326626748,-73.97635268478311,7.469086848676216,-1.8008782282667473,-80.2098494130754,0.3546030795447179,0.008793202803062283,5.544707972376809,5.347160640898759,0.593535287944793,street_level
10.806277645201291,37.23285194281691,12.616504483094468,0.03165621918303317,17.073502889716337,0.16620334069361675,-60.65703655498097,10.642399365955061,-1.5330742625740765,-70.77693455284155,0.4024680963523244,-0.0007746631783119851,-1.5652352711475315,1.5846614310657166,0.6456559007989298,street_level
13.749658962882359,26.565017259424906,23.815281242297324,0.3073194372898193,17.72061706890485,4.444806144914073,-70.90569576496202,7.209541962744026,0.2884404043491564,-59.45941706564362,-0.031125352115576113,-0.027078768145302863,-0.9367323650559797,0.4663087562016772,0.9582578548656933,street_level
41.95622743581747,34.54676576886393,10.872888108375957,0.4654832373454755,8.211712643628033,2.2656352898610095,-66.00757780919443,6.145218997486663,-5.858329309678906,-79.09887415582384,-1.025081920922197,-0.14463692896711527,7.6831304600290595,1.606042402026541,0.7853216813740436,above
23.272670073192756,24.714552513746384,14.153732406389674,0.13509813155496816,22.974884676069934,4.321877305905627,-62.58684845951734,7.514324596692415,3.1145060142643404,-79.46379558329747,0.1583720533341387,-0.013647432546843096,0.06769545604405991,0.4159859950289444,0.7748645439022315,street_level
53.52159710644307,83.53821632361472,67.23364843650174,0.46244029307339835,8.116053189150966,-6.837675714639502,-81.53065538104211,1.4711599188188238,-6.392947112159674,-93.5762564871373,0.4306222875585757,0.05960579683409937,-7.1348709810929245,4.984203745469175,0.6563973366088476,underground
12.01743922783705,58.46800391674848,9.447310247396064,0.22987616117690618,11.614773798798943,-3.815815753105597,-53.16245935742232,6.732750339200045,-1.3641980257140673,-71.86592423495708,0.059229606843901134,0.009900774171833507,0.9059712404750755,1.8296647218553186,0.7009919931947463,street_level
22.373659598092914,66.40500414438193,14.340361982155475,0.18316840044622118,8.773162749866753,3.2359817686787125,-67.12150565264686,4.884812600989449,-5.688078392563501,-65.70168077263408,-0.4427717536135125,-0.1821874197742122,7.795388685670427,6.306480387608376,0.49927579260022276,above
9.603944155950037,8.328147496328842,0.40711238885292067,0.13522258571163792,9.885127328802353,2.471277996576414,-73.23974606094637,7.394474112716209,1.2707724866198493,-52.711262641014365,0.0009509437473078364,0.0087990446336344,0.00023146047937683267,0.5946191374631818,0.7614498237596663,street_level
29.522638737886023,64.8329415649334,13.302149499716379,0.2570509642871741,14.939985327256178,-9.583741019420458,-74.97022995529817,2.886087038624903,1.2873597420191594,-74.61665142898622,0.228132920736185,0.029404763282620355,-3.230973670622966,3.483770865331538,0.619381162368344,underground
20.47261003428418,53.805234207445466,10.55383547328257,0.40718561112776586,14.760995554548199,-4.225319796399278,-60.535356712020864,10.368321605958867,-2.3738103820417744,-71.4159159443766,-0.8951687056624711,-0.10979979997996345,3.9377616485804388,7.7787927164293045,0.8436454512572068,above
27.643061266602036,30.61010705438736,12.23989917887712,0.1602645235794064,9.046065794683974,-2.8032330941907913,-51.282228709091044,3.445538253480489,-3.747794781345787,-77.08211138224607,0.11384172925154842,-0.006957061761581344,0.4655686622667341,0.041677130264513584,0.6773218258324365,street_level
58.94833989270188,107.99758146150306,46.092096026805386,0.47585878673638127,8.192716153246705,-9.12559535069655,-83.6652107303307,3.526863764519561,-1.4565097031780994,-84.10588015097353,0.5810629620262168,0.11116118873029138,-3.285772463106997,1.760950368126948,0.4300256791526863,underground
14.960911319345326,75.60647696898346,20.673547680871337,0.12177187744761078,13.486395945126356,5.96462822510704,-57.535685505005766,3.889085031615754,3.9518475899871603,-73.55934305095182,-1.0829686030674202,-0.2384920454238317,5.644541755279923,7.703157778558428,0.7446327043428838,above
33.121494598355696,28.080771258299734,12.102953942588865,0.32065885974537917,13.95828617282221,0.19235315901745853,-55.14608054000689,3.3456241653310532,0.08318885439427248,-78.82591097664496,0.08566921451044399,0.036590231896081724,-0.3603586652953379,0.13510863777818383,0.7144222010494242,street_level
21.552567332816075,31.613141959787477,22.406093328707875,0.2485470351371054,8.93921430952356,1.6070992569710647,-88.95562965083994,6.691024191111927,-0.5917857344319746,-76.02832255850639,0.27970699749621203,0.09468108390288389,-3.9798108992359227,2.1152622560900705,0.6282968781280278,underground
20.34988822910669,73.84560709620352,30.0520199136713,0.2055658426876772,15.483745041261596,-1.3150863292741324,-66.73159716142612,4.442949910027226,-3.3689366325413497,-90.77411636960088,-0.8099308822161511,-0.07174753252970104,4.091707031013231,7.8389413239297925,0.9616204697413507,above
16.086465428872025,55.39372474352532,29.099913737986252,0.477386831934582,17.40743052480432,-3.2701989477724673,-84.2986336144764,11.895175445254333,1.735189151772099,-85.25183879211725,-1.2697106661576505,-0.08702825221079055,3.9249265063200554,1.8215081589358983,0.5270533039113006,above
24.741604452813743,68.86698520011737,29.62383324781241,0.37987532808084656,8.082374884616016,3.0592885434863444,-63.0203591369298,4.808599532402417,-2.5472917588682087,-72.42413018553984,-1.3839093314908628,-0.18642447370463155,4.716676011743873,7.322229820149302,0.9120426470167287,above
18.723170728419696,15.907201114277598,17.272608464890975,0.16479600454601534,24.597096427248417,-3.8679066164413936,-59.850587881490085,8.699132188242235,1.104783564934225,-78.27959821579084,-0.004277814308576877,-0.01835932158776865,-1.1698925758815442,1.7035561388980498,0.5840832706601696,street_level
34.202124964628986,36.37661825120512,21.98878522265099,0.2689153730307369,14.0681228352809,-0.2081499988200246,-57.14556809560038,3.4369167908304137,2.960352572780371,-60.648942259058686,0.0006385835331226553,0.01996902270983479,0.0028383611166145073,0.4712544013664417,0.6010366412295641,street_level
18.170966463334018,25.547503589925448,8.105539490803816,0.07768836497560751,22.442066135135125,-2.1876945200806235,-70.02218243715036,5.833672362700948,0.2298024957318172,-72.90793380709698,-0.058495665599811786,0.04903303032534723,-4.990970072589155,5.038668520913346,0.5190704289579819,street_level
35.896064728496484,42.17592338953601,33.484027374084064,0.592057908051791,10.956150941771078,-3.333809438291384,-85.62809410985108,2.197558741741105,-6.096103481325808,-65.99609179298929,0.6093318634702684,0.061574131919489,-2.2178022673657667,2.2178641790734255,0.7135817979494274,underground
6.4488022878430815,12.421274224318964,0.6550197113477358,0.020982934032723183,9.997863873751463,3.009374114382651,-56.964117581794994,7.2464654097816315,-0.2808635896406084,-80.99072233465513,0.12144774039947351,-0.026164887903704782,0.23348503280135846,0.11314380695161913,0.6947832061584096,street_level
30.678870969138835,58.419912953723426,12.85113193736228,0.32786493936123545,14.866722868501242,-1.8269632065840193,-64.99919941299139,6.4544169165625265,-3.324180740364607,-56.62264725177896,0.045930750811943755,0.02659109206008202,-1.1794383218968065,0.867707628553668,0.8921158029065228,street_level
20.35464293929706,32.06335792839958,32.76675369456791,0.14081722153816437,3.257355248056635,-5.61822617063209,-60.17249143387827,9.194677567978385,-0.8780737627818116,-65.79115569473508,-1.3037235560196123,-0.23876823362680502,7.237100860855975,5.92081234345868,0.5401717442368802,above
12.283188237794494,33.6947674425256,24.60647350922096,0.189501755252578,22.655043538528517,-0.14184575068057903,-65.25889841454838,7.270286775305481,2.831805572168985,-82.61968342535275,0.18635055140172577,0.007911247508410733,-0.11494394818493081,0.9240442499805004,0.5724502654481227,street_level
8.73918602668026,41.37505873836547,17.211442329137597,0.1646461648511599,17.227001261118044,-2.213506063838551,-55.7686971524851,10.605510533690786,-2.5235624148327265,-67.22520905207713,0.09476137511619487,-0.020791638917892083,3.645438124026107,5.51763880061393,0.6463716472663148,street_level
17.69743207160124,32.73653015660439,20.795558254374768,0.16551557957126345,22.193992195103753,1.8024180048575547,-56.01612338069657,3.607097498594995,-1.4659669650158147,-69.80873110695094,-0.05365392141735235,-0.01613417404826309,1.2709046699553403,0.6826438730938291,0.9117893491282794,street_level
24.024825698923777,41.51413603718227,12.385757084687594,0.11905590592174947,18.758255374052055,-4.352965410824668,-79.12690508499985,11.15886652391179,-3.3813092579780886,-79.69758160853692,-0.0995052570746499,-0.005948916265993389,0.500700049031181,0.24863364573807512,0.8310313611848843,street_level
27.95087165289783,52.89455134523878,13.011280119759498,0.13525649256300804,8.140571203155991,0.1288711490338459,-63.93493933419329,10.90971348924272,-2.1215909353036952,-84.97215765969264,-0.06304637627947539,-0.016716878634697042,0.8105158738352567,1.9461280338963205,0.550202298448254,street_level
9.252836045323956,8.76708635752622,2.510668835944774,0.06798200702553085,13.215964690438401,1.6418615489377135,-60.09562734619041,7.632808318297027,0.8702114827945984,-67.84987449527527,0.1136377217281613,-0.007785905348910976,-0.42960050645750003,0.5771117028656743,0.6921322753847903,street_level
19.207462778818368,37.032575578941916,17.29505994517431,0.17114979647386952,17.420798697431792,-3.2228318083563834,-79.63002653873274,9.946379365909774,-0.20948824885647355,-65.14521152378003,0.18916509146676722,-0.01881666701465532,-0.4407736716717985,0.4157588154741847,0.8898811357330261,street_level
23.575051098727116,42.54369623535695,18.152619619432812,0.20268213018809056,12.529682121995698,-1.4119407559549186,-67.9915935254676,9.492600350531333,-5.128177027850629,-88.3716179610104,-0.900496095053418,-0.2095278299597773,2.3480642045927245,1.7549535377182968,0.8541129052281522,above
15.467556677072285,39.070126508160214,22.934972926133323,0.3903104538278058,7.869297146584661,-1.4960779757125424,-56.811385895633435,4.5111358388998255,-3.9859947878139375,-61.30895763862448,-1.1897947758880942,-0.0733567806385648,5.680611257069313,1.9787650755113433,0.9957950239525938,above
6.387417333050489,13.95866666614997,4.922355134634117,0.0126282861595102,19.09160287901249,-0.6562950698267453,-62.26820181161122,9.149586408372514,-0.9425074496845913,-82.01470373468702,0.05251611974923118,0.02377897444941772,0.2061929506320408,0.5475709535840468,0.8200271437415023,street_level
28.11237070731621,78.05165002145077,49.149598510025044,0.3735412710661716,5.562261812463526,-12.068481775940027,-86.59648004377644,6.555836297642824,-9.795772374169246,-72.68098467550352,1.275462651493196,0.23108374298500536,-2.9897123385744226,7.855369621841293,0.7899875765329792,underground
8.655009212632205,13.416161482736506,0.8472065897940604,0.10935289550368926,8.775960920854752,2.51022360559469,-72.31477248839091,5.047255125142962,2.1104972235277932,-78.77462510957426,-0.1467956965827541,0.015734125999441198,-0.2568829855699529,0.41787028007293614,0.5617550762806445,street_level
11.798333305908898,40.812464964286946,4.6608759650037594,0.2105591104493575,13.276678676562046,0.45311915258082625,-55.6605719243685,6.762720429707321,-2.5287408240114186,-68.84524758206481,0.04781365041509511,0.0008454447202922155,5.20353005818639,1.2996502322128043,0.5648288863291553,street_level
8.112632611472321,9.54523903967473,0.09819218397411933,0.020589625704503033,22.701228424806764,3.545460740722379,-64.6929204952852,7.67838552752945,2.11537287235822,-50.809053815564575,-0.02155433179834526,0.0006251591368348491,0.12774431082551463,0.30559005326657185,0.6312832902729504,street_level
41.17735324686575,54.39191894988386,30.482876363724326,0.27465210257473843,5.870732307437375,-3.9631688272233685,-63.92259269802503,6.31934743642226,-3.684647526924599,-65.3113635899079,0.19905030727274442,0.021973462157406424,-1.157495369592815,2.328746747552179,0.7816942805092832,underground
22.983354938921003,48.695416519798854,13.329413268322286,0.29098118932066586,15.876345325038756,-2.0524301554627575,-77.11268249171115,11.225605662387707,-0.9316938004014714,-73.21223419172378,-0.008969490193937127,0.023989720646425454,0.558097424708984,0.8296255682658893,0.9127689413953005,street_level
15.997006781694584,60.648566742472,12.34776455578655,0.3840633080815119,7.351974972950084,-1.9785995131646459,-59.29382544213722,10.637794577960182,-0.4989654511445343,-65.99850532780704,-0.8014239107281595,-0.15969914818789843,1.788261765304077,7.42753097120435,0.8257700864418624,above
13.052654446459908,55.07774016036333,13.66168012837252,0.24579772074124476,21.901978441366147,-3.6188027533835276,-55.36883328075249,10.258003792281432,2.4736268504920984,-70.22076070826657,0.12677676258938744,-0.013008107704845864,0.8002462911728472,1.0638282061568487,0.5037299337754864,street_level
33.530329271480255,56.30930209482508,24.740730568389964,0.10590323209347172,23.85786181904396,-0.27561947036453915,-68.8688504280087,9.398615739386653,-1.1441351387374237,-58.14187096416036,-0.09449527987282323,-0.0013376972198458938,-0.9174888437633044,1.6523523601996455,0.6100235860105001,street_level
21.281631057291605,33.268613316683115,38.64038494093816,0.4363141409432021,9.457573683435031,-2.011040656271968,-84.03783010871342,5.645234698940351,-2.150111775719375,-70.80893870513856,0.6527425713861786,0.09308877812847194,-1.9720113420141194,3.4722496721608964,0.5935621775304281,underground
26.5533354414697,29.69505944653832,18.529202769372237,0.2605813343869694,10.944545024971086,-3.4047326401317592,-73.3182214116385,8.082859996881709,-0.12148901277329482,-77.52961032349978,0.19931132263202025,-0.0035853752459990354,0.5499874816157977,0.2634327918494288,0.6507673170131836,street_level
30.248885466281926,48.30050903695205,26.873796645851467,0.3952053020045887,8.718473709570244,-5.516197589356011,-66.44428749395134,4.549000571430859,-4.995149513268504,-80.87829648527503,-1.0572949921251644,-0.10086189636090442,6.01837732059297,7.913898763346402,0.9611986120906663,above
17.380621970793037,35.995060489267814,11.639910072534262,0.11958189598424894,15.664391231977248,-3.818025311828541,-67.26082907932842,11.423029818408372,1.90679892823953,-65.06284998297826,-0.196095180746514,0.08830402877939286,4.174726466183264,5.960102402756769,0.7301987378076951,street_level
23.452357884091075,36.34667578176064,9.11053077726663,0.2385859203840973,15.555787436545945,-0.7945104216677787,-77.77257845786535,7.929783484063574,2.0290283200354944,-62.24746410388966,0.15564943379700627,0.022692050650330274,0.7326577667054464,1.315351478075045,0.8878406862326267,street_level
38.323873956946564,31.723560335315586,21.674232866374073,0.5435502934270959,13.383222644304535,-4.518686373522117,-68.86631341243063,7.9638178957340005,1.6524192058598786,-76.67944115613221,0.37705079921471807,0.06955766938375264,-1.8724871274444603,1.7264250416897067,0.9360538154886536,underground
21.20459031012721,37.47762852396224,12.473765462535239,0.17668002263331856,16.660005160131004,-1.6461438824728694,-68.81309895922942,11.189011190915044,-0.6244777570984605,-58.344809155123805,0.3514286177804393,0.04753339708429288,0.38494922912471097,2.216420235748453,0.6514981069023372,street_level
11.47502035663868,19.14076650166118,8.570887505695095,0.08683049608269758,20.144411010634993,-1.592673855667332,-50.24056702668052,7.684322595198522,2.588620090329046,-73.0109803716049,-0.058674966425734,0.08179031749566779,4.330591358057557,3.674126734670019,0.773878618561056,street_level
85.79589004600375,61.858601930319864,48.115458235876474,0.8192399902781392,3.0441343846522395,-3.860072275065118,-80.24736567681965,4.648397324775053,2.39758965844889,-78.47423346596419,1.1014650254201273,0.08793389598364518,-1.908154541716364,4.25771591801794,0.7974894319199102,underground
27.037726899160223,51.758486023199836,23.655913460738724,0.3038303420810747,13.681044444499278,-9.708040947810899,-68.81252516475757,1.564384013926016,0.6696317205708322,-94.62788825936649,0.23607735931840873,0.0479583908808547,-3.784804985334815,1.8673938025910772,0.605409576356513,underground
31.137457333916704,49.91868221257562,10.978865529430573,0.29198388130806124,12.76634787433453,1.336325938202755,-79.70777526026217,6.1145017379345274,-4.2356675002708535,-60.81763781649749,0.6417516345744609,0.08367774826121058,-0.8900019947211728,2.7643003974125593,0.57449612815809,underground
21.141385099346554,70.23245659891023,23.84339362591254,0.4762687539236524,13.699519748067486,-1.9060391626649338,-79.0166030355134,6.732531149513602,-1.8223442281816062,-67.06247566778424,-1.4796175126717996,-0.07655914458696475,7.625656742727207,6.353442370902012,0.9471752909019444,above
13.877815729111745,40.92500806558333,15.591250902436492,0.12881053422998032,13.760257014441176,0.16142971292677455,-57.93515015854705,10.479626147751986,-0.5160627627654506,-75.24428418273706,0.47541492591997647,0.08265639056606397,5.690599783959108,5.989942686064418,0.7459497140504495,street_level
24.70896409123259,20.551152201695384,12.947709118015421,0.2120775030448899,17.891734220273136,1.5888990604256552,-70.22323902245168,6.961536507707361,2.338125886706166,-66.62058884032167,0.606848215658083,0.014171506583768173,0.9705156976091693,4.3689912421192165,0.8760297139236859,street_level
22.598307644586253,20.20388746016213,21.344880405712267,0.1669351384360337,20.153093061497763,1.5240697907375402,-66.31269383431136,9.533870155184196,-2.695697078139183,-79.56696597746866,0.1782145014311933,-0.0015173929985191348,-1.1869694139736362,0.4080325248930017,0.8670591413689765,street_level
17.584959152392603,23.820447390683526,11.192414047682394,0.16023295970176585,23.174964719863375,-1.8374304362893676,-52.589290780704545,9.340774608361405,-1.0595045187798608,-55.68616913803817,0.5459593934620839,-0.08964304459480886,-4.38057761142127,2.051030487851044,0.6443287987805565,street_level
36.76412478562131,93.09904759706316,54.543734757314326,0.5737067926776696,4.216605137199013,0.9130128742417583,-65.24246169162333,1.6381814045025713,-7.089135976529126,-89.08270890978712,1.267633341627788,0.23662110002038972,-7.194516668242698,3.5889566184510246,0.6106377049361337,underground
38.28044555793507,47.89746475380913,8.91781397511244,0.2829864657065063,4.233307813495115,2.8584202713885887,-84.32101708812561,2.4096707643245217,-5.1767448546865396,-90.21398200103418,-0.49996528882446634,-0.12346784017041701,4.4116800338558315,4.139216474360834,0.8237887419901577,above
6.962426922149068,9.456982147976385,2.447831121937506,0.1467009072594698,13.621212044742823,3.8338962356326816,-62.558675027038674,7.3183014692137975,-2.7129273492798744,-54.3234303468428,-0.005483346583263632,0.0139995592923855,0.14588413585527416,0.2554864205029312,0.6578248862394138,street_level
24.045764384635877,94.9474492736906,47.293759560380714,0.6365736896782547,7.453453446599595,-12.499460455866421,-87.29133874743155,7.460457623599846,-5.59094068475,-66.66630337935857,1.4914860506141432,0.16421711411735665,-4.3550713311142415,4.234905892171234,0.5349511984679265,underground
4.455229617419288,14.421273031969235,2.238757637672647,0.009182101614045911,24.767150380304862,-0.9188618511646842,-57.66863610391123,8.680496628147855,-0.009506311200087492,-58.44017766706282,-0.14485148489890512,-0.006450316420343084,0.4585572636223373,0.11836342148093477,0.5897900422483957,street_level
10.569559760256379,42.54368141493503,12.55461569506257,0.09940509324550896,13.975126699944743,-3.930905892788216,-76.83776912451049,8.339612920147001,2.2007583471032044,-65.08125721064528,0.49801506556722086,-0.02031548445420657,2.755883669491574,2.026919247376372,0.5207227442182236,street_level
33.34885459676926,78.74796306978797,11.575012246774383,0.41845895011085676,6.609743643656737,-4.721640736111267,-76.98059739524709,2.9130118806731993,3.9825399409241804,-75.88726631185054,-0.7169966046227212,-0.042982278219423964,7.34387942976237,2.8207486763436025,0.8313192062084183,above
31.896506754295867,27.77590410314931,10.314196515178695,0.25259634673198617,18.384704938361455,-0.5432341603641966,-79.86353137396208,3.763817065555076,3.5009660884721816,-67.1706753275549,0.07473180227148851,0.006799288602957185,-0.4145184048791597,1.2860222486542412,0.8595524352823877,street_level
59.96829750902658,55.7991955302741,51.69792960970255,0.44389886178314814,5.94211259501848,0.36183338834946,-79.66143102723915,2.124806939153828,-0.8581767843308459,-72.48515395092059,1.3195529018416263,0.11632569267212173,-7.374976547238089,4.317734209255059,0.6783934822126393,underground
23.251969470669938,42.04561483826087,21.93245723632359,0.2580056419882911,13.722972533076923,-4.4520696581684005,-60.480755473584196,4.311249557351371,-0.4167734108670045,-77.22744296224411,-0.010720109515496207,-0.021740970527780817,1.3668271962926872,1.8451830347066402,0.6192479385821132,street_level
26.65883228180227,42.825345013080835,13.093557917137078,0.10828559979976177,14.675726970221557,-1.1172033417218454,-69.48163008129072,10.98998155123073,-2.1802156285258585,-71.43206955768473,0.1793247770862201,0.016438902578097755,0.4514597322321441,1.342047495742975,0.6771909124344988,street_level
19.659917421226723,19.37111972992454,5.949287827385069,0.12246479436513186,21.281187876407486,2.745549132229657,-55.00236079414688,7.575238831889805,2.433456983221408,-73.91299641279485,0.43615127781843177,-0.06473340003770989,-2.50821377932762,3.662168013159027,0.8232273687192904,street_level
26.817376863393186,34.117099830292624,14.638525252654915,0.11624628954242167,18.48252950764576,-4.27415141705689,-68.05085305830886,7.7495398437134595,1.6198016676316795,-62.1883307881872,0.18223087226305976,0.01746120604234227,-0.1192250041572267,1.9254833756551009,0.8986596417408903,street_level
25.152500024114815,75.40574072052213,72.24260899456786,0.9409695265425485,2.8565607502271426,-14.007077735803438,-73.38270973484794,2.7321260042193156,0.9129027631092672,-92.87542027469644,0.531727355996006,0.16186358758263278,-6.199264310989019,7.012766945888292,0.878675403608831,underground
18.8668995188719,54.78834904267822,20.011277718982043,0.3024316087529565,16.125762375952178,0.9377786810584867,-72.38391624688755,7.471023107688967,-3.999363467315728,-72.54519771851726,-0.05904886958813303,0.005624900095771997,1.1626441724953516,1.2466430610218462,0.5029561292674658,street_level
10.655750022503515,38.822633263727354,11.459734712346398,0.1108606490080584,23.402790676858785,0.11354148431998823,-72.95334100803827,3.3256757191993214,-2.5799405579863217,-69.7735261470327,-0.4478110765366946,-0.0877479010330252,5.726162723665032,2.3080123857411463,0.424833073932057,street_level
10.222645164419593,14.640885575134117,0.626189744587218,0.09554195221590225,24.167183801455415,1.964653131108074,-59.44411246237942,5.235361445051908,1.7498622267703974,-62.07962940616008,0.029263611437254478,-0.017661327562762986,-0.01848983647759339,0.059489765019398004,0.6477608260815991,street_level
19.77473101555096,30.910061656648967,12.218157777276161,0.18568715284348844,18.593397862673257,-3.8302007604070765,-69.77360535714158,7.481135929040138,-0.8345211860618096,-55.307846200059046,0.7442258553937318,0.030624112862274927,3.9453548169382575,4.107239711799576,0.7830371081271356,street_level
8.101660518282042,16.662991757966104,1.0634985872809224,0.03110993925554019,13.175741793294147,-0.2230011017212412,-50.1823685268294,8.443945682259832,-0.36853295361483696,-51.815637152643816,0.031974834616371545,0.004829818142813247,-0.44741234216461856,0.4848490102713145,0.9233117362379591,street_level
6.125349670413095,9.149908765388549,5.261286980203719,0.12823703530140942,14.917326953398721,2.054265271584508,-50.03441003169998,8.66370885339066,-0.38150648138420973,-70.31751133417309,0.09365377660888383,-0.015121268554341804,0.22235644773240504,0.6644045930141003,0.9258755253614976,street_level
23.75098968250714,56.58129516937126,11.055605860715456,0.14711986089308865,12.306692548783442,0.01691567734676447,-53.16439693530165,4.861198717146611,2.0358632129445713,-63.70120055506459,0.08773082431087847,0.005656514031992549,1.3273424884497933,1.3290334151124392,0.899624677141339,street_level
26.155889781264797,52.53486287364553,13.06210581508169,0.1637805259594139,24.48759707579807,0.7112243078092861,-69.49217293890288,8.67969103136392,2.1672819436764037,-64.11749056072267,0.026157710391403965,0.034613364135072766,-1.275000812631161,1.349181406768471,0.9837587108080107,street_level
28.878535949517342,50.10575226879697,10.036494026009844,0.19277715840777326,10.229526041634047,-3.2942371629375033,-71.41914010171327,5.86363366815086,-3.530033173170719,-68.3008576680923,0.03447021481606852,0.0055047695439094935,0.7509652359715275,1.8459894330025703,0.894775376859116,street_level
5.354575489659385,16.768404778396164,0.7334588812650862,0.09344154830638826,16.42935510797529,0.025731966362984693,-48.82469806303379,11.027081270998329,-1.9288832779812497,-81.9898828262034,-0.01753825588908059,0.017989437848190626,-0.14762977870916216,0.11733306286517485,0.6569846236192974,street_level
17.043488995007266,60.27770966352734,12.587006723283574,0.27163624127161273,12.868220695900611,0.4881344251421105,-56.164439523084255,5.638599590817114,-0.4813671518349283,-64.93193513125043,-1.20125090055106,-0.0520106002868696,7.339630172234428,5.531185496839839,0.7108047938834057,above
18.55267733543487,40.27842094916683,39.106331045543605,0.4815164291488708,3.38464524606546,-5.678669864375827,-82.7904176130815,5.578950297863896,-7.092397935150279,-68.83287505601758,0.2222670995103499,0.10731110814668822,-3.83018639225652,1.5013317728031705,0.9240117005836713,underground
20.24302999210711,52.60294909206615,21.18109675130012,0.20350302078509808,11.9795330727295,0.5859024383230249,-52.510831175609624,3.720700579556647,-1.880047375936111,-72.81956384370739,-0.009749629557467651,0.037798567501556454,0.4140825127139789,1.8914782935785468,0.5623218768358407,street_level
21.69600916341971,54.89195653947551,10.718270377066169,0.2999327234623573,9.53974149433213,4.189155497971926,-71.60202645944337,8.093121864621175,-2.2712797492835044,-60.684600773581536,0.011456272009657237,-0.012400105701753823,-0.94248419631433,0.5568273312425243,0.5884689114204641,street_level
23.32135785365105,36.8067071505846,13.091695472209597,0.06665573094669826,22.712941494805513,1.947763381242667,-59.430031048589825,7.054319389778192,2.617143713349936,-55.73708414082249,-0.4981741401803788,-0.026570511576615233,4.850370384980675,4.098053829741209,0.5896191587922578,street_level
18.077341801266982,30.51671741922442,15.383503136096847,0.12144130166090929,12.611472374604467,1.1909360984841664,-73.92171570891152,6.259109967391441,0.8135908272493793,-59.49954696542967,-0.6437519519594193,0.03553885219223024,2.5808264542178208,4.984996813469369,0.8202536143727035,street_level
38.16188688189632,68.86250169397087,27.159091847980633,0.13529173814214934,6.23745949912696,-4.423789734118291,-63.40286866927637,10.557201744325669,2.715444267103978,-82.17839242614441,-0.3871831427991119,-0.07060887213337463,3.898885786831787,7.720069903265516,0.45369340845447226,above
16.86200455905073,26.530688609643924,15.146238252049054,0.17730261576996112,11.76624353850326,-1.8689715734863315,-57.85389113206787,6.682112465412935,-2.763291243385936,-69.73815398904132,0.6903055510263785,0.068583862537798,1.6519869935708478,1.707901579278189,0.6158434430975425,street_level
33.85555959738193,51.7766437134764,16.846112864618817,0.2983401664250207,10.217724455344811,4.440597587918093,-55.2915600291965,9.685921930322968,-0.5894526273975789,-73.11857946200769,0.13555841153595377,-0.004755757384325803,0.8899446996195612,0.07509673749008772,0.5643725873433221,street_level
32.20197018635407,49.327437116859606,26.513864132200027,0.3450478018686528,10.965166198546655,-6.617066146980373,-67.69780906394698,5.64383151541139,3.7467095759067988,-65.21312295113765,-1.124061002541983,-0.2391147344048879,7.182518559310556,4.895903139526684,0.9740291896308417,above
19.82372060604795,55.89221744384869,28.67334333035375,0.4200219307209626,3.9564392866353524,-0.5036417734816565,-79.29534316271898,1.4300559584148334,-1.2063023688359067,-86.61733755956011,-1.4909089475293797,-0.1794805864369513,2.4180016361362267,6.780826595337608,0.466308478446407,above
18.823296862187206,42.46084464804039,5.6709613458427475,0.15610039111585317,26.953120074867144,1.1732243205755672,-64.98807310982025,9.025166390398304,-2.850277238512538,-60.17660562686588,-0.21019153665565027,0.005942765964953217,-4.464665190263018,4.875663441696253,0.6460674826081141,street_level
19.580857396321143,60.83743586193736,9.568013216327813,0.11817926933051251,17.99442397783416,-1.6881253992597678,-78.18670543590434,10.850533400775925,-0.5210924092271263,-75.93091552339877,-0.4138626982884257,-0.1487329762550449,7.946534473683777,3.538657340668347,0.9744510485853838,above
40.19594195233435,61.958214106369695,30.954162304067488,0.35687913687741535,12.410853040665469,-1.2615952240007662,-72.3322036636831,9.539804372776729,-0.17784079561194144,-67.59959601850257,-0.5964778651368582,-0.1376751505179234,5.088402245931622,1.5617735931279106,0.6274117412897177,above
16.71237994383035,49.34014652540356,22.723547992625058,0.11255322144328357,16.084776972974723,1.4754466248745093,-62.42956950705877,6.13127910670228,-5.872761114365893,-78.8579836237872,-0.6398285791338094,-0.23959845714719272,6.469279526715217,7.937976572465506,0.6768411321360854,above
13.269419336767779,36.55231162789767,13.478349551263536,0.24123344051396847,19.157554032926868,-0.9755170319933937,-65.22756070956878,4.069344049673967,-0.5803673284237592,-68.14170304091358,0.09985877152868322,0.03191217808197228,0.07825739843247503,1.5110396979213212,0.6124396198434496,street_level
19.06355925226045,20.758290504154452,15.395706320784681,0.14703713435397398,11.244864784004857,-1.0676610476159976,-66.64961841851493,9.894169017989995,-1.2275523434598634,-72.35619498801836,0.10424998962940396,-0.0007360562299749684,-0.9803864602732378,1.1006281402206741,0.8540293390371232,street_level
5.965648177087017,10.721057560420036,5.544757964561262,0.02362417931395744,17.18845266279489,-0.43829107194823624,-45.42115128453844,4.875940011043547,-2.72502877672858,-68.09365843288121,0.06195127219524721,0.002001413342382269,0.4822074564034706,0.39139165662193093,0.907613680115186,street_level
16.11214779838985,38.7268602920104,5.418157321231068,0.06852044364500438,17.303065124893905,2.0682952905607817,-55.18018365629677,12.712090345475064,-2.362859329071137,-69.93558182855098,0.15834216753293207,-0.08463352725437644,2.7672451807340437,2.002360277318753,0.5290770695612372,street_level
11.085498933014762,26.825778388101313,17.96506261113325,0.1573702098866899,14.806509059725661,-0.0469119518950567,-54.66670598897137,4.707866911573807,-2.6983642091485627,-65.84572087478207,0.785420106106054,-0.03901663189607277,-1.909648689452057,2.525478429134024,0.8320899601271516,street_level
13.781688309489478,18.549598554854924,6.977984269634343,0.15548136849500416,22.287317130319494,-1.2846221183650233,-61.263836072182556,9.384262225542066,-0.5435434729327548,-62.9691664877042,-0.14910572925823362,0.0463024093111582,-1.6360824618728564,5.422676156160107,0.5125047417113267,street_level
21.233195782024264,28.29190510640411,10.426790368716597,0.3455295248410588,12.054387164446965,-6.45134850557859,-65.12736443843418,1.8622204108193046,-5.592021109175855,-58.73844402257917,-1.174456220904955,-0.12228235039054713,1.8498715041570875,2.135829280583563,0.4283972398375594,above
24.3167962050852,42.10176429478769,9.28864368969776,0.15538642699026142,21.173976923812482,3.0670619161888535,-50.56858991772873,9.669778426923934,-2.5364759883970054,-74.58414063621866,0.10617747534766914,-0.010227716907005902,1.4687190520364304,1.7052378952922667,0.5767974984516138,street_level
26.170385694029754,76.39109671384139,12.943243202837884,0.4193507351909016,12.025894516673741,-1.9318910123463358,-59.32070239048999,4.882864995260546,-0.17297380777784,-71.85434255799092,0.6650663161903071,0.1157487697056653,-2.4165273502465183,1.3157958671008796,0.9317252070180477,underground
9.715432265741654,12.261499951120019,0.8010688109256345,0.02670997035542118,20.969575033547287,-1.81618478300868,-69.64914901517382,9.400452853045552,1.7234341104810715,-73.06433846732108,0.002324377947517109,-0.009448901347940904,0.19321454960148277,0.4158322114016789,0.9041681275287052,street_level
10.622426396686377,17.220400763678843,0.26166665802099276,0.04768340030095671,15.488604820261706,3.222032040237308,-57.64286230345287,5.8276975597045535,1.8440150571392335,-71.64539530324448,-0.13114407110685466,-0.0013082619679475362,-0.18825893180984432,0.5712392952259643,0.9049234015237786,street_level
24.596081492312308,33.86213546548271,7.901464608261474,0.06197833336138961,16.934291573339273,0.9388069722358603,-63.31282762018988,3.806488336232264,-1.0513650098025813,-74.16632645659799,-0.5139608419619137,0.03957324648997024,4.116140702651535,4.953334737018112,0.7444717935777603,street_level
16.96317823767971,49.23254883400647,17.582141198691716,0.2741667467302712,10.528862657552974,1.5456730022089928,-84.33392772740827,2.455448509927216,-5.1982328541541705,-66.5296360463948,-0.46799298735516337,-0.07362971911565158,4.887468740467717,2.6190544859506417,0.5051913635534007,above
15.289585787160487,79.69312260434562,15.323092151723266,0.2170744698576754,13.857945765386399,-11.381711984838937,-62.37197256043463,2.0144285895671983,-5.499459280915034,-77.11188986738853,0.6248738679081933,0.07636457302892449,-1.0763789229993321,3.760003848226985,0.6331923482867156,underground
7.774396491327863,8.107386683669189,5.146557727207409,0.1365057740568322,16.76781823743822,1.4371120255299683,-57.78029960175309,2.3847882678209293,0.5361678202191342,-73.5961671287445,-0.14225956985120172,0.024653095568096403,-0.25118939216020675,0.23143199956215155,0.7662843364408707,street_level
23.27626074647103,44.50756351080667,16.8146837911442,0.06736497205753776,12.87186095343201,-0.43443325406872013,-52.80676578709117,7.502086969493961,-2.8218847045371396,-75.59504579851023,-0.17027035422951986,-0.02283380914509256,5.404176203654268,4.682800872296559,0.6858762894206473,street_level
37.72665403590612,69.87770326861025,21.0892707299229,0.1313691425503362,6.177178826769984,-3.3186077304888855,-62.94592927280169,1.49767106464467,-2.5387329741242914,-71.85031889107343,-1.3592938777972232,-0.08890269817317592,7.1365723012932385,7.234428991682486,0.960484207385505,above
65.72004721701575,50.6428018580161,63.16220929332465,0.8660123889101629,3.345923522856542,0.6190398299059154,-61.54874215812386,3.962472888567337,-6.901771405338246,-79.87402574058379,1.1992791795560056,0.21979632654572118,-2.84992709971754,7.960723256748593,0.8909630363913643,underground
26.97353866303631,28.30406719152505,11.20218452767469,0.18892275840196399,11.396108513888162,-3.5116241295375805,-55.33909924274206,10.883035780575375,3.3669678764858304,-81.54055322523755,0.1377298564667079,0.007461493862524392,-1.1486446512736939,1.0326596318431296,0.8464324780106265,street_level
13.652522818452779,18.51800404761096,17.67748915697491,0.19765498111374544,12.49944757085683,1.8579154334024874,-57.96208762460431,8.644256604966014,0.7830904626087309,-60.42505313063293,0.1800530216489331,-0.09188518608537477,-2.475031358214219,3.454702312628644,0.49481701695538255,street_level
14.717875533276247,44.48393751318224,12.507735476377135,0.1013217947372938,15.146901882002798,-6.155199645775161,-77.90767950997721,11.575816896763657,-1.7927357298865836,-85.11383514022037,-0.7431776156379757,-0.13105630528594364,5.8358709020110915,6.558876649036145,0.4467729052753953,above
39.17014746926408,58.36388368646446,11.201414881348304,0.4051283971643652,5.782905988697069,-2.152052282712509,-67.04313517355422,8.030588264005004,-4.165231735035777,-60.244949255937634,-0.36509891389421245,-0.16258442354893698,3.413347524912777,4.410091218235381,0.9647748306494041,above
5.504800195107789,13.83316034156571,3.882348978938813,0.0525483816467225,14.77944284843675,-1.5068465563982105,-47.93837313009788,10.54469223759185,-0.49073438204675135,-51.90882129203763,-0.03696092146831374,-0.0011357840926798403,0.2756886293836478,0.4354668978364844,0.5751364251446658,street_level
5.148373987360543,17.454730173059954,2.617412663228697,0.1428677811630426,20.55844977133803,-2.236488556728804,-61.19223937542115,11.954515022866966,-2.3017666739700173,-58.3832500578041,0.13979524433567617,0.019623876670921643,-0.05948393531225227,0.3131933482304639,0.9052020344297619,street_level
10.0044215347204,30.90083518216703,15.759962567879882,0.13725779222674736,15.42335637430488,3.324549768491516,-63.050312145866116,9.520726700028597,-0.6566475892591384,-80.2316840129456,0.6746775795507289,-0.04705158365630455,3.065545421997033,4.706550584910886,0.5703382712012259,street_level
9.860753026504483,16.032470076222026,0.8130242243286587,0.0995093761703017,12.268041061615076,3.9733289095811806,-57.939355373194594,3.010159300694559,-0.5711923400921144,-83.49561344193987,0.13509190394443274,-0.011760476421563349,-0.2612757712342113,0.17350048754963662,0.5704464922576489,street_level
19.007073843639652,38.83956519138266,9.534696887210764,0.1799696724671047,20.849104106903873,3.0852696773291983,-53.40998328223822,5.296528890960383,1.7086651733429576,-71.82066262051038,-0.1399226807681473,0.04956501039281519,-4.209056132854812,5.831991528557873,0.6336607956113479,street_level
25.140228134234107,71.91987281062124,27.89928068347049,0.5206200248236985,3.2611379539084013,-5.069186303923389,-72.34961484023283,5.358605400495521,-6.378265646353436,-71.5170044949062,0.4865214491497789,0.07534044975465154,-2.5175449117719397,2.7568191893615066,0.7558969866873784,underground
69.52961970102758,90.41272359034843,78.8186692021053,0.5065280729766473,7.413632954260825,-4.333483545261197,-88.21980303817381,5.291395040009466,-0.8101090409761014,-75.03356712973797,1.2155864674493284,0.14228132440769703,-3.3923427816218306,5.195362531653094,0.5858629978628505,underground
41.31181858596264,82.48074067300468,40.9393928325658,0.5969566344710895,6.974348384661617,1.9678640302492703,-74.1485188286049,0.5359618636843884,-9.272785703307694,-87.50041482707844,0.7299065390980507,0.07746179801501743,-2.105084041175177,3.449974420025298,0.889386889123517,underground
12.759615135163966,32.43638706610808,12.239818665985718,0.10464306957984179,14.097514106417304,-2.8071515305569026,-75.68708487650058,12.82053218331842,1.6507120691392139,-56.868664551114186,0.06173102293259425,0.07380907713807949,3.706137943199149,5.876262561882737,0.4664104845475179,street_level
70.12670774128816,112.7021513013986,32.58530951603296,0.8277271134911165,3.659868628006481,-8.829297626414366,-70.84281229278798,2.0755944377752007,-3.3353475990733816,-75.88431276980296,1.3373093288711444,0.2216117963917145,-1.5659821589379916,6.886088335620729,0.5056754529729507,underground
24.304504539678085,75.42805622643499,41.63681116272372,0.7048873926085705,4.313707573635016,-17.272365669515203,-89.2407956350205,0.6054637675067003,-2.5981669739116224,-73.43993317894626,0.638927519807743,0.22297572877861738,-6.468450290532607,2.3481055197365843,0.7728597239886825,underground
15.456118246667302,24.35481295628675,14.267705736104233,0.21412362005922725,21.111942421650866,-1.4547103716556697,-78.82558558281181,7.048134276455034,1.011677861819889,-82.38602102793102,0.19454601881314895,-0.014535019135397965,-0.5231174253917216,1.5369650162626638,0.646111293479101,street_level
11.546051908682799,14.941244465576911,1.812713018285651,0.03692835582773846,14.194056459031946,-2.3490787421742336,-51.44668539339675,5.469115429699534,1.1497228833645519,-78.71889033939668,-0.02580106556753696,0.009531692643516089,0.15565448520805658,0.3907471331642496,0.7133067331154122,street_level
9.296258193427704,41.86967160046879,10.018308530736387,0.21745644689939816,27.920088504856093,-0.597792735546653,-55.33967028746977,10.580152072565056,-2.163364697660561,-80.7286148194539,-0.3323646255944514,0.010187124560151445,-2.837371245362435,5.498356980126995,0.8696202476937744,street_level
30.332803645620107,72.2612364145408,25.76100729137566,0.5606171164715639,14.746438468698578,-6.432384816308506,-71.80386037428909,7.108165123387412,-0.009903852643281752,-83.37132477212661,0.5838317252284975,0.034474263814529865,-1.1775070194639774,2.145125303326103,0.45993656759689416,underground
37.28806986063442,77.71070071293039,28.004775640741265,0.3375063511784818,14.775054564880822,-5.351865811243181,-63.532968064331364,9.443061044932454,2.67675288090841,-88.5497977901605,-1.483884211709768,-0.23230829554043636,6.292461153103463,3.910777010568694,0.6910499726598672,above
5.068748530892882,17.02201597526455,4.2623501296740836,0.0017494721752214725,15.053479685873187,1.074060857809764,-57.56113198485956,4.029113780545199,0.855349459761273,-76.13526622889566,-0.04915338765467815,-0.029437442936536683,0.013151705212076648,0.10626104789435153,0.5373323369288913,street_level
22.405468400369966,40.58004793504372,21.624913424913178,0.183254556439863,14.530278745757283,-0.016734460185245936,-65.47478680460893,10.533889414766556,-1.3180336600271483,-83.31624128279425,0.07521454289818322,-0.02356705710061984,0.45308649319321304,0.5830472528290764,0.5245097228819071,street_level
25.157790977512022,42.64225059610166,19.43591196723544,0.1547876127876463,12.59893771024248,0.9045485649386222,-77.4629520090357,9.305504485929017,-3.289114657643756,-69.83509813588849,0.1560831608949255,0.03567374562192514,1.2415874354003336,1.9680883860938703,0.6477886180173245,street_level
54.07467309104298,108.26900645335125,16.4806478701823,0.789067290103116,0.200888731433978,-14.875678568639199,-66.48902020827057,0.2271621370015966,-2.9648718019523237,-77.60239902841025,1.4470519450187014,0.13067003918170694,-6.406281645477792,5.039767890596124,0.5582618519850879,underground
38.17824380402559,58.28839968928485,21.550598189666708,0.416285615046712,13.14389649536801,-4.833426330788294,-85.4527790945589,7.9724316773783,-1.179499508660209,-61.83422018871147,-1.2599549345984153,-0.23818813381772036,4.672930699110751,2.2968309970721816,0.4831017604467952,above
11.926822619271501,12.330499930136035,3.7428819475635313,0.042315011897218195,18.139796498109693,2.588044317088193,-55.41807352876869,10.447210047064914,1.7277306679519464,-60.30036918195145,-0.10425211505991532,0.016880940325403618,-0.4475551517816877,0.518871002004958,0.9031535051665769,street_level
20.23452875221033,49.586775142782216,9.791917759236409,0.24688603669733192,21.780096123360604,1.8388616591038343,-57.43138002607782,11.657298000414725,2.9046919096842903,-67.38093714358412,0.1131400464321253,0.012954289635633137,-1.0206467939975892,0.026906212459170797,0.5064638277206293,street_level
25.49038504839189,53.845745925163925,11.80542721586777,0.34244338687345866,11.714693546081477,2.0692648873346915,-55.074271888649264,3.7901979782821567,-3.565648099070736,-74.08896219044034,-0.006196734890655434,0.01738765482794221,-1.3520172409199254,0.2056094326527047,0.9365023422891232,street_level
27.952449074127927,33.92077120840426,22.949834696241865,0.3304861045071742,13.360505423282852,2.582674281548167,-71.22530694208422,6.774576293734279,1.032238514360027,-83.80325980899975,0.128707961675217,-0.0237257656250932,0.16948697572812854,1.3612668511265185,0.573746458097683,street_level
23.39921717187123,59.12663670853433,9.22135317513694,0.2213824885777247,16.96610330404936,-2.522308523066404,-62.26463764452331,9.478844819380422,-2.866298941689692,-59.22152793012232,-0.06722256171691166,-0.01236589411979844,-0.21625141449876062,0.7495368920927228,0.5652663215974941,street_level
69.90511520461571,42.42795564298015,59.822950345743955,0.48926688098823323,5.555801589180128,-1.1897011931310146,-88.87466406633922,3.15944148717072,-6.744970797865753,-69.98311500689388,0.2611280043337819,0.14735595148502645,-5.750752207495088,5.5064766507386596,0.874314721488392,underground
42.01827065329333,56.02205485257798,20.28775392240007,0.47037222282056773,6.545523566094312,-5.57367833864677,-72.99615863247965,5.034147954476039,-4.88545786685487,-74.21108575677533,0.20198969957778384,0.022430640126800943,-2.4921551011356744,2.1386501565408076,0.8497018512340984,underground
59.104009913816974,95.94111802460247,54.95472767874554,0.4974809565700484,7.339996704822046,-7.3779596127284695,-85.10281857946164,4.658503651156404,0.21330544547974561,-69.77769959362561,1.306952217585722,0.08412344568579203,-3.7367855631447497,5.162501424680614,0.7986347897388482,underground
34.98051261110257,53.54737010640164,21.49943379170451,0.28882176185698166,18.194875050163628,-3.0276048424927526,-67.4180906579113,4.1016422767409395,3.400473747797613,-79.4620207633814,-0.09006080195631729,0.021993181871227896,-1.4263646178060956,1.8995977966442363,0.7400661508179867,street_level
44.31973538857095,60.8257911231896,16.053953755388395,0.25267078629047984,9.504829053755518,-1.6259980885875454,-64.98980166760285,6.920944815232357,-0.2623698538467707,-66.05685930631043,0.1760342596747729,0.03753135586260711,-1.4541313574272778,2.29719434557388,0.5687357181342616,underground
16.0009928084676,77.12833127245378,10.10396204110074,0.43428764707060874,3.5541615907452218,5.8025191577860475,-60.81144253091189,2.0467436068376887,4.652925093718043,-77.11698086562552,-1.4071509574460213,-0.21594089890035278,1.9037748366805594,3.5575103960067374,0.9262677593635351,above
32.232747562758405,60.70111280281238,27.694178395900025,0.4058393891325439,9.732536854560138,-1.556603556127456,-73.22325278633944,9.151493821432176,-1.4420315307162657,-85.27692293093206,0.34234956431207625,0.09148664997474741,-1.8436003045451899,1.7184354638023072,0.41054901634920027,underground
9.884803424628881,34.5902215756105,9.194242052623514,0.09620449262457613,21.621186292942163,-2.6443114319195047,-53.66027954487851,8.803981401975573,-2.472675018408037,-84.75496786850702,0.3340609982922771,0.09577922265772809,-5.907868559952665,1.6582488853491468,0.7152138822002991,street_level
12.381079239343432,39.95913909721885,24.277706183647133,0.1804555892630073,12.539602842930286,-0.8488053172355494,-74.49266949664616,7.336964844797108,-1.5817942598689072,-73.69639457155635,0.043227443212215916,-0.004461574440109396,-1.3036656454075946,1.8527411482425165,0.6857252468150803,street_level
24.81107158315474,56.39664913699805,9.613173804215174,0.180562353671275,11.262152039073642,-2.450175811906795,-60.8288175412451,4.745614876550462,-0.9335527463175577,-68.66325341437488,0.13981301782275246,-0.019097186324727337,-0.010141492800852081,1.2668188628939876,0.8522497384713277,street_level
6.83047010448003,17.504713818409805,5.701888690418794,0.12810464761291587,22.7203953759724,0.39959493941516566,-58.61260044633019,2.7609875146541176,2.373096282346899,-55.364907533793684,0.12425497080351508,-0.004214094345797791,0.4267839160709137,0.44919420602958393,0.5764697389990887,street_level
29.942278571673544,28.92705999324182,19.228538644138503,0.34937714898964267,7.271115925161598,-1.8034644036794258,-63.716015207167246,2.3931230917037944,4.1385906647583415,-88.84126885721257,-0.618973293537445,-0.11726392597004559,3.7261477820597317,2.098735087623754,0.9623142421954157,above
11.218874182915929,9.78372861330682,4.088233720699915,0.03298363605333157,24.992072157723083,-3.7726296499162837,-70.35241526003844,8.271448210642637,2.9219694348470204,-56.356058691105034,0.09535604094040898,-0.01226909054753611,-0.3970679990570438,0.4823078150530852,0.7540369455228629,street_level
10.175944149901857,12.89458218722282,2.750592172162452,0.11867958382329791,20.883103951558642,3.672922194671046,-52.25409452651673,8.902109992729805,1.361736143725489,-78.0881245003489,0.07667295351779305,-0.015269565631027352,-0.020287347224678287,0.4031307825728642,0.6574044756298106,street_level
28.49317899546325,54.69485541758956,22.500792258173547,0.1884319664859876,18.009184153544922,-2.4010102909412376,-71.44490950671158,3.890340540181301,-3.7898615868242658,-69.9177563512895,0.14023493467839143,0.03645340681302883,-0.23308103257197543,1.9587406664550757,0.7723420505256098,street_level
39.96592298622596,42.41660608630018,20.197316162879176,0.32648144825548725,16.759977459425734,0.42648196499394686,-77.07571827775271,9.520151402836992,4.83652177290354,-76.2950414972667,-0.6540777252345584,-0.18058379762947674,4.547438709795854,3.9774774495374325,0.5032682647472222,above
11.54534961573058,11.726992665669826,1.3713946153282597,0.0562859240653059,15.07665863766277,1.440959098542245,-45.76952306575906,7.303515212748669,-1.3038694301417861,-65.76153199895694,0.06797322365454608,0.0006570123618474116,0.006875241367400697,0.244388875012828,0.5466821787335311,street_level
15.532121161843026,79.23234410885757,21.323280858171564,0.282988922717596,5.235672419545498,0.0905531183584678,-71.06699472906274,5.825544371320915,-3.227816358003024,-58.18466438566507,-0.76939451465228,-0.2113660358608011,5.658756604252495,1.6172743072865878,0.7859095398518665,above
12.210826811706244,40.34578787821752,15.85246100004009,0.2637489365617828,12.991804766856696,-2.912920268965472,-71.35429587360979,11.534695263785512,3.8665190711896527,-69.66157324870751,-0.025428289772105817,-0.004355280682488895,0.2359597352813938,0.8328839083859285,0.571653236886349,street_level
22.137601785973917,56.950850725033895,23.65025930663394,0.39493065564360064,10.644137762847532,-3.8916116940383008,-64.94547569690664,1.6667182535954115,-0.13508001667913216,-86.91336176688047,-1.2583796020002627,-0.1115291818116319,6.59504556658296,7.62522304315723,0.5602887493536086,above
86.04672595055928,62.991170570821666,50.29834932596982,0.8241081148634952,5.5961506149380345,-6.813686972195617,-70.13694157097837,4.7858780480296845,-9.159335454201475,-68.93225932816897,1.3141582798376827,0.21274547417050776,-7.524688696129202,6.808469027908482,0.7036089766065659,underground
27.22994406957522,37.3817344511581,10.443348075058429,0.24804605818236614,12.29686915038444,2.2221996174602463,-82.33819012523949,9.74014828969831,-2.8141282008434336,-68.75648775969829,-0.3512450486143599,-0.10947051571257993,3.2230225233862777,4.597860905045751,0.8947689729366619,above
8.230278933133297,10.451377225121622,0.9727196166448326,0.027654347299414853,16.67730650187364,2.7949070345135425,-46.650918813308145,7.03981817560121,1.761637894233644,-53.07819095187638,0.056131693754905815,0.0034139304915736107,0.28833071338289695,0.23455495305561014,0.7804813141053651,street_level
83.04328676587214,57.36520238790902,49.364805539147724,0.8573194900443477,6.320939614429132,2.159529084408529,-69.78528752365787,2.1557678576367456,-7.67376690979198,-83.86145508197085,0.8590304749043021,0.22523249928353645,-4.3307692860518125,1.879289711563545,0.5540468241257709,underground
37.05467008244051,35.962387448241536,33.465914872417144,0.18257783584666776,13.681056540335154,-4.884856210589056,-72.31859424590928,7.751660742518296,-1.5660807465070157,-89.30062226825291,-1.4510008071690834,-0.2064923683661204,2.3260890008473565,2.784030887317773,0.6224231671888842,above
66.52533635868502,74.6029454050184,15.706817756250858,0.7730832527155602,3.9857483955186526,-18.68090552824887,-89.29519594341531,6.849988044655172,-7.922658542050906,-79.20086547643041,0.8250273315496723,0.14621618109841292,-3.0531814204269834,7.316788164134582,0.632167909639588,underground
20.666033110858386,39.14908741688536,9.12297625644204,0.119536522730187,12.379150315197656,-3.968629400382744,-76.52534922033983,5.472682366547049,3.7002844152366006,-66.60648563222047,-0.0677709614014198,0.03847369247960994,0.7288873047469506,1.2588044826806144,0.9380370370832827,street_level
20.757599866299216,51.59906731886085,14.97378106492055,0.26929442056907443,12.977025670436296,2.9118321656819255,-69.5765430300261,3.4542928627588836,-0.9504820900549804,-84.85632050798222,0.19035279277811304,0.030850814398724058,-0.31276999673839523,1.361777768248114,0.7912121636341406,street_level
41.09034210836339,64.76307037774615,16.948415925190123,0.3386224067723366,7.055996103163759,-6.767723065089803,-62.89372156151802,7.210148411437089,-5.426728759207782,-92.37950707817606,0.6615113891765212,0.07494922137782427,-3.5386566201284717,0.8179052387135496,0.4334148574777454,underground
68.55260463502478,42.25013247780696,15.063393319446979,0.5234223491049231,0.40568394869982094,-3.1828849047183887,-61.662442234335195,5.666705076542071,-9.585727810433976,-66.94313461710945,0.6311180773904699,0.0402274486708226,-7.300056283206663,6.872512472437262,0.620473715001726,underground
9.820824698274023,17.310643162308263,14.561238373507058,0.20262821113821597,23.25739130040367,2.2863832944020306,-60.9700634198137,5.014722465816109,-0.0036222109705432715,-76.73002393636992,-0.333829307516338,0.011217173015595966,-5.879751307239662,5.504404794172236,0.8627307246230548,street_level
14.023954188330283,43.588991899644185,16.505456093583064,0.08918344160454615,18.357790766843443,2.0818807267325248,-73.89236049014345,12.505542032860745,-0.6022416221313556,-55.69577588369552,-0.3663614217281568,0.07231203389095128,1.0786935921633738,2.8448666055048806,0.8693116609766207,street_level
20.5429204300966,43.18708402855975,10.804633157153352,0.15218444458405753,20.787005481264565,2.421571517784198,-55.81806023907778,10.78386644504668,1.1902085212971523,-59.68393972937123,-0.033409113167817694,0.009446513203620374,-2.4543672599753648,4.574784454532178,0.7300450357479926,street_level
8.019523810305127,14.910841404421845,3.0613804003402256,0.057552561761898116,22.55535789068943,0.8939542152579758,-55.74919353136226,5.312742299657244,0.8816315530450436,-74.63011583174276,0.139881751162959,0.028489082263616877,0.03336280484296317,0.023246476076900627,0.6786522375673365,street_level
20.38253287726857,20.09393977455,11.39492662390033,0.1563726771396563,21.171185548939068,2.7548395770685756,-71.9585772730383,6.699683915681673,-2.5000144180256987,-65.62318451642044,0.029959683963984518,-0.09115166643295601,2.374064307420495,2.5015724486506192,0.8573921600546957,street_level
23.27508447266746,95.98126906003688,52.93530322691283,0.8257575560340478,8.880936844292947,-0.9117066670253351,-89.33140349334167,0.9352280447761938,-4.820447604166706,-76.49564116798393,1.1887410286546836,0.2300380042703529,-1.9312931724927935,3.677840295959252,0.5768041041098528,underground
63.86887284431528,77.45286069410844,27.691287230353275,0.544046378922497,4.250438507708183,-17.780173116096528,-86.53309423673358,6.665069160085161,2.577551182979237,-84.50930084329231,0.8935650503642297,0.07276420423540905,-5.864881482804112,2.2560461573842705,0.6997256983383973,underground
68.7019475616281,92.4082989732477,76.26185546182535,0.782024907319421,2.9551582254958477,-2.5278799366434335,-68.10035065364188,0.8506910537042804,-1.6257674567676315,-80.48581339708329,0.5496403057043071,0.07341422161351516,-1.546050811662182,3.4901428132568313,0.5071666905769598,underground
7.704456426148727,12.939698265191078,3.5193589666428844,0.02003991893176265,21.7679907397031,-0.6928729856866269,-57.71047558173155,4.93998801767811,0.5324463789244143,-52.93687587550769,-0.028708801547795065,-0.015687204697377777,-0.37818982227020204,0.06499116177260343,0.8782203564218772,street_level
24.77877159604627,36.318662870196746,8.180273783111746,0.13717959035100066,12.597297039424305,1.9246837348988741,-60.60302767647181,6.048756816919754,-2.0172708171139972,-63.324258948036416,0.34479236890027076,0.063266302963048,-4.956077826203135,1.1058538245605645,0.8134533949183493,street_level
20.65622838925879,56.374074764174196,14.770560742650243,0.472346614193883,6.053445977918983,-2.8328634585577657,-86.21002544987925,3.9666720840259377,-0.38320307680212906,-88.500575742734,0.606096742171968,0.08054672417386181,-1.1712087816171497,1.5343271657266269,0.9628939786790457,underground
13.114822206667004,46.63411835258509,12.873329337842375,0.2128065189980923,16.83248407521838,3.5680850235663932,-85.94950673479282,5.263254324315159,0.11188045154670423,-81.82377310985383,-1.3440961274503702,-0.22054776002226256,7.480145746245042,7.836550028222592,0.6117070711733033,above
18.36795542318306,67.75173658871677,18.99558185965323,0.27786579183089144,9.822634099362432,-4.897087376226222,-83.44810021306205,8.323378873862175,-0.470088772980799,-66.93723254298985,-0.7731734130533437,-0.12067151874930379,4.8678054359091,4.3426201371748405,0.6426715819008929,above
38.044937248785985,75.69249850892335,33.99876891538935,0.652863089958935,8.619464671177163,-8.199755101273032,-64.40736947063286,4.841577617273372,-3.30484250366694,-80.68505268817053,1.2245932119869796,0.21929586789349206,-6.656764011061777,7.049938422150036,0.7229041586328828,underground
43.684215673142745,29.650283734498135,23.90238070317597,0.4671384066348966,8.693516310899867,-0.017806315093106484,-66.96621653740549,11.047551208981623,-4.295005489527494,-82.29912631110945,-1.285687526417057,-0.05296951225054822,7.330260980279109,7.883963654083205,0.5126969513461594,above
83.50599717818851,119.47204155140135,23.41925686315108,0.5734425917853402,9.74893082269762,-4.751570098694781,-86.1677293451732,6.406238705317489,1.596971556473683,-69.7149207170531,1.3644711811724435,0.10159508274416595,-3.5067464170834954,7.244398968368537,0.8211143818605049,underground
16.88134328695336,40.593952702312436,8.532487776684132,0.16407975481982118,8.365062235805322,0.328304866518625,-53.708141113424276,11.005264310801728,-1.2342423828073859,-77.57801388391573,-0.08807207264025438,0.011969336274965617,0.29840668316306385,1.5931175975602665,0.9247262695652514,street_level
11.74366005327439,10.789996356977678,4.9859993668557525,0.031807573750509924,10.975789144398423,-2.9006634178748376,-64.97535314629161,3.3759058059037335,1.887442075248349,-84.22249084572546,-0.038815205161862223,-0.01982366993183657,-0.45111823917722993,0.3984630682883752,0.7905799212481163,street_level
4.787179176957751,15.11342274855399,5.000778593216381,0.10107669024683992,23.456858736397358,-0.8562875707634277,-47.96170879259682,8.712336184033036,-1.0775034287429215,-61.56671202381802,0.11261603262164968,-0.01692643937807574,0.2240918711578096,0.650734204597078,0.7226575853141537,street_level
10.188695796610062,17.14407015696649,3.9456409282102554,0.11860339280621628,19.786564811472616,2.093578654962289,-46.15830386297997,10.806266322847588,-0.4008788835368202,-72.55600638325754,-0.05395510000201742,0.021341008161810136,-0.383839852282428,0.0006641758425702804,0.8466517393593584,street_level
16.040140079276473,31.605941538561677,14.067941952927688,0.08968497427198865,12.94397888538117,1.6694146974129707,-59.458964188130054,12.57392543076203,1.449294624835784,-83.11025204923294,0.5075982339098561,-0.0931373050937179,2.172463536646532,5.973640874540091,0.8845390827178345,street_level
44.113925192111495,77.41593589347687,12.768836356044005,0.2810564948951635,7.799450503719652,-0.24786744609205869,-78.44030412507087,4.370602378018776,1.4666304865797546,-72.50466446392996,0.46805180084414566,0.0890617750147659,-1.5241139198259548,2.778479304136209,0.8695288460548838,underground
19.741330500167457,41.88696291176272,15.623989624082348,0.09634103482943239,13.552556236410732,-3.8169605140926466,-60.71832833974494,8.60433466651903,-2.1864630882452767,-58.87055892784599,0.4585238380055343,-0.00461874087699736,-3.8031707950199998,5.291046130593714,0.6392425834007616,street_level
19.057627294535603,43.385923262186566,12.06225077890682,0.18683757413290197,20.552382889467125,2.847292667920314,-56.32367749085333,8.789976916055348,3.670879219110528,-62.45562475879249,0.17959081731457197,0.008178610143965315,1.2923345029280973,1.4301134969964977,0.8561199151111207,street_level
36.03397705599187,37.189039554313794,20.776610594891203,0.12549942150864757,15.796449126455576,4.2440445471816375,-57.07598710583986,4.412058113712202,-2.0949781280122646,-74.35556158161515,-0.5309600042451599,-0.17267689133605482,6.536209780382479,5.122348433451433,0.7617446471238096,above
22.96482195846339,24.51102588589335,7.332708110418088,0.11674596364619003,22.40185224167393,-1.399595262121399,-69.54303000432084,10.832103792192372,-1.570771715238723,-57.759006939688106,-0.2178475483308484,0.0032380902061463768,0.8482125485350362,1.000202471337497,0.8561281821690574,street_level
36.50183563313625,32.307275968843214,19.63055363949132,0.2671238600718415,10.348972936076049,5.756105457168179,-75.6639018556748,10.517304599990059,-5.54399421472642,-85.61874403726384,-0.804181544800076,-0.08751870407784099,7.199568250721641,2.287571937097396,0.9912703654039137,above
36.02873672500481,33.292703099967355,23.55585511366218,0.2944237373082719,14.902224559416913,-0.4629968156992703,-72.27222584101526,7.555954002509674,-2.9419812027222174,-72.69771808458522,-0.43808683262010906,-0.21454424593275317,6.588093056400618,7.433013023931001,0.5638816195285556,above
88.41171030644081,64.8761744338705,49.7309081357625,0.5591687378811767,0.6215654176267238,2.0474619676225316,-83.9997139511988,1.762984085738907,2.252816224867285,-67.50309492805893,1.4647738990902308,0.09049049527615577,-7.681154742201574,2.6752349075673254,0.4430975917430991,underground
33.4796701560289,39.062496801103705,21.69388504229129,0.21642946262153973,14.221443593465759,-3.1069438630943047,-68.24693845338604,9.311792555776968,-5.467414443116645,-74.45273500817488,0.5238675276269699,0.07175139358875006,-2.9602544385406846,1.8709148350869391,0.6853599782046316,underground
29.558661272555938,48.60832115817002,11.833673101204258,0.170650414787976,18.380364371063614,-0.25893639727371287,-52.26588302487953,11.30889328656425,0.4483574706996256,-72.3808817510814,0.09948704873895911,-0.025671994986993414,-0.13054771142535104,1.9645788880137103,0.8194139668950353,street_level
28.736693751790995,46.43916358663617,23.962086354546514,0.23904180266689778,11.786189081431576,4.387111088107373,-60.19633782063419,4.058347213039746,3.7156239503135327,-55.75193972362588,0.10032302471646631,0.0035679978096656156,0.7430930567228686,1.8260086049340272,0.7086554434586061,street_level
9.060052875848825,17.90062555031153,1.9193991783369782,0.056593349259040665,14.467324553974706,0.04078711701322746,-54.505685483498794,2.800362698893491,-2.2388051949078345,-57.6895988173864,-0.13498091096107148,0.007324660378330253,-0.4147464917728385,0.7894347212739832,0.6340548112532622,street_level
16.553371054941714,34.923050866631485,13.686528517860857,0.19907040066750267,24.369468011906513,2.57722195204214,-54.95259569944061,4.025705962270337,-2.3500664605998165,-59.61721928422425,0.4096824864381692,-0.09123770110296446,-5.2506851819830995,1.5640956390036445,0.5281533088064283,street_level
27.61350013578276,42.59483996799743,22.337310517515625,0.4201875834754353,11.888744799721342,-4.276468144404945,-85.24060317174282,6.677709032914441,0.7839809076365079,-74.62084570363655,-0.34335695210397077,-0.18779618533062337,5.168093513813115,6.871055855086056,0.6301099208918779,above
38.63623581166215,66.53465055002725,21.976910865920303,0.4364693280086944,14.563838159356338,0.9113519051627765,-69.46160445751663,9.485592855409568,0.4233251543081611,-85.29661837646535,-0.8722156362136461,-0.14224762333594482,6.553504689427644,6.171335210504481,0.8566291846640592,above
69.55171611614784,47.711713277737076,55.00951180879281,0.8736981101133029,1.13376564052872,-6.3820591293312265,-68.74898110840107,6.487341537237063,-0.3188071653748583,-92.51337943284952,1.3371382944026429,0.1318858884524969,-6.908938883006386,7.398982706891902,0.9532879927760588,underground
16.227523255527334,62.17702062324758,39.54857098403633,0.4959434551228663,13.944232759372401,-10.202395239918815,-62.41607096525043,2.783242752539728,-0.7391694545376382,-87.9489599278421,0.5824321556781964,0.11938517733516796,-1.5034973415217792,3.1672692896558496,0.8198679025160103,underground
41.18673735059171,90.65643729459623,71.64276382773659,0.5488913281933571,5.781534213536572,-9.879574265759025,-66.67934711503383,3.240797124378264,-11.45679485047587,-88.3094874487459,0.6049341884417678,0.11467226826388127,-5.213679744074018,4.102847176105442,0.7987540128352237,underground
23.11703520666029,30.527483143011317,13.434691485736238,0.5470031204398242,9.41820211041805,-4.47562520430889,-89.0185370441291,7.929404817962602,-1.282619754805646,-70.11876223997477,0.6756439574483873,0.06756677631112981,-2.094709039224271,1.7133084365445281,0.9912789458563709,underground
14.662606330067707,36.73393230640903,5.303064102008261,0.060123139768347836,12.017495340257422,-1.938080834176076,-53.57830457701179,8.934289318010649,2.7047129255351683,-78.75464208857079,-0.6672922552298801,-0.0800672805554074,-2.7733134424395045,3.4645947334170373,0.8259797193095502,street_level
24.366871845925246,79.96678396985203,30.51229015881308,0.4000657034552601,6.98257938963592,-9.482900920196098,-88.21882550318425,9.300159255281107,0.3206358996738743,-87.73547112200689,0.230009418959925,0.07590070697502337,-0.9871740160020046,2.101432563812687,0.8513676296013526,underground
20.389452607928877,41.747605392389325,35.374915422750284,0.3925491448422922,10.519783880145205,-3.5590078640100877,-88.9682881192301,6.2891263615464155,-3.469559953050384,-83.73709180713335,0.5783830606926565,0.039001243675487754,-2.221227472094439,3.8992518340393207,0.40316594052860844,underground
12.70145983764675,33.8774907951252,33.6602884567167,0.15779576274014886,13.327669835145182,-0.6934767609435948,-86.33181782617635,8.99145729805817,-5.029270316189388,-89.65836901158178,-0.9527152884547511,-0.231203921985154,4.670606946463341,5.384129852286822,0.6997727200953612,above
13.990080107261434,31.841440666202146,11.310335059882025,0.17522451316638998,27.551556001107144,-0.3842315794070492,-72.56061312803985,9.301064000117687,-2.9424356755101697,-67.16704371703169,0.019601515931380598,-0.08102223544865306,-5.1809408599003355,2.6693283645350885,0.8767607507054965,street_level
8.09222531167243,16.653309859021885,3.031680302289813,0.059643449475292994,19.471542126422055,2.7397319535371745,-50.96515085333848,8.122735799774457,-2.190301637656349,-80.58753725476981,0.014183386061949854,0.02245157534232279,0.4010721765663685,0.1109732643971559,0.6562759074080289,street_level
5.615739863863823,8.343062754816781,2.924457212067823,0.11681629698036017,20.63697787716675,2.3426412678332245,-60.59216640700934,9.44549606102193,2.096285208202815,-66.1287535857544,0.12397685530985467,0.00965296074911031,0.10614890865082449,0.3896626137664071,0.7677283999000261,street_level
7.258769855267201,11.074128542491035,2.311875209390137,0.07819118382725981,19.081507786270805,3.9712779693459614,-52.21616733996568,9.157371204990199,-0.3127300998769442,-54.18511359829782,-0.14113171565596716,0.01376735302864144,0.2938294848373252,0.1250270667893342,0.9715842825508103,street_level
21.45088088554747,31.947359967733945,5.022271601703779,0.049890310118564735,11.058149598938241,1.9644293357150655,-68.55070155972606,12.648953585928886,2.085318685921191,-72.90412571705966,0.5407634946515703,0.07289572690130447,4.058618078243342,5.4887039689382044,0.7277753814029218,street_level
32.444452494427566,68.91674555449316,32.816491163289115,0.3789370435307736,17.03190151041639,-7.431807695206725,-78.90726104970818,11.849352200052905,3.7100784944540184,-60.418429860302986,-1.3172482110501738,-0.10058028672440811,4.0708609981473485,2.6916635004047818,0.5988502473448756,above
19.327489425432567,23.90428435163046,6.661694307973599,0.05513868673925809,19.5604689163009,-1.4086733444848898,-58.9093027409256,5.054220591829833,-1.4163593365887504,-80.86086521206133,0.16578415313118666,0.027083245740625594,0.489995197160372,2.0662803979138378,0.6467222784172608,street_level
11.867358113551827,14.3431433529042,4.778594702352998,0.07082926776188607,19.53893352886829,-1.7324226283698128,-51.71528066898681,9.132928747920628,0.7638114812089674,-56.875194843710865,-0.03227506149473461,-0.0036391490012994583,-0.22261424591368106,0.34727784680949414,0.8097008194581521,street_level
24.686673008531667,40.74110001957112,12.25510261536392,0.06345140597265274,16.55714056719286,2.8050046252770544,-59.01910140093693,13.051284143220707,-1.2371975928756984,-55.10810962202313,-0.16805730914502504,-0.04765235065752365,3.1222064512960674,4.7767381625496546,0.4440454178214802,street_level
15.446565126158061,45.050452698140745,11.987207009606358,0.338401495529915,9.798156242032576,1.1673022252443497,-78.2887429025056,9.3450059147203,-1.0988500060007214,-80.00698268796073,0.14830872944451723,0.024934380105247664,-0.620663656291816,1.6883456065266815,0.9962305786097876,street_level
16.48600535940108,54.86836560044184,18.034045597209044,0.2752974960505018,5.899109551288346,1.918477899598285,-84.11759674484294,3.4731066214686837,-2.0992280928082394,-67.42490981325942,-0.2846759619612842,-0.22817235183630596,1.6540287001808773,2.5585240949575683,0.6960647722609042,above
14.54554607588716,26.252933330896568,11.860987581146254,0.16632223383151995,17.47988598469503,0.7988629306242512,-58.927435628892006,10.099895905588705,-2.9039153548251146,-78.28170832213317,0.32349250200081037,0.06742446977152636,2.8092790630032454,4.319094345376602,0.7955443037034378,street_level
13.631297777434748,50.59609254587669,32.69461541000143,0.2445051963288153,3.570921747813768,-3.410854570218735,-73.78296197762873,3.138347366159034,2.1630898319125578,-79.86821987821256,-0.3627665137820808,-0.09862231646803826,1.6676301801800064,2.538618992760547,0.4665102259708479,above
20.499356933312,47.23145371802834,16.044347454836117,0.3195607375391121,11.34895960720841,1.8727726520457102,-63.65200582884456,6.509075366108245,1.860089570541775,-56.45586113622062,0.15806039540384106,-0.02511221334571246,-0.704147404685998,0.1959959904954689,0.9701114875459109,street_level
34.20993482191019,27.370001827508503,8.019425306618515,0.31570748382094516,12.215377642921776,0.5774695803026226,-79.33388936711322,2.69736498215596,4.03934293748053,-60.81523397754774,-0.6777077383728125,-0.08630830402013678,7.840526135985069,3.738113294620526,0.9811764628503432,above
35.435148009257205,42.73309074196641,36.45875271187468,0.30532159777917467,6.996023751148352,-11.198525874442813,-89.30713411637937,2.1010631866440868,1.4395132193246987,-82.35979069965644,0.6046760940764482,0.11930416480521525,-2.631085496315391,1.43900879861582,0.5034138532795177,underground
19.575884421994267,63.83782927441804,18.427378211191616,0.35540056164609085,8.91143791671079,-10.007532670669224,-70.87137728269238,3.958660149760606,-0.3989335817783477,-81.63072515243931,0.23107757116663347,0.07319168904763161,-3.361326899284883,3.6084502966009753,0.5681016793254767,underground
34.69410035193195,51.53289810156689,27.21502026031417,0.27716904662878805,3.374053665591734,-1.8156234232093933,-77.41913902214762,3.121245439852584,-3.9254843924643623,-73.02730272824142,-1.074760029237297,-0.2061714942396724,6.795665028696386,5.002291764056945,0.5101451289729909,above
6.09510767715502,16.346501496233792,3.054996587626778,0.0010167058656393336,17.174038435703785,0.8341115630394498,-66.794889220971,9.620028885220108,2.3431873353051715,-78.31345027568682,-0.08315473750557663,0.014249908016254545,0.4023569942601668,0.05542801573126859,0.5108888393897206,street_level
11.546622952111672,22.103112768320855,6.691005643931145,0.16212835933736214,20.439242446146523,-2.5119551996296874,-75.54545550648841,3.1525741369874596,1.2421504256223415,-59.12307914816482,0.06184902985200369,0.0038914272420578905,1.9265682300784253,4.12792312701696,0.7662051153353251,street_level
26.49726790421962,67.48143481963646,31.824344412964123,0.8083187014270012,9.434125332926733,-13.50590218063201,-76.00199372641303,2.149460499926894,2.714112090840814,-83.50006994551596,0.3685763524142486,0.04155802238320412,-5.611331081027604,2.346562582852167,0.9991444544730413,underground
43.68688669938719,74.98324958188516,33.22196561018333,0.4227323541247465,17.66795074790131,-5.706836858721749,-61.22076394430705,11.477242355568912,-3.8473792904313555,-91.6822439899209,-1.4034981388420138,-0.13230810242521918,4.296184874038,2.438757412468574,0.9765229909998949,above
33.72531403752946,41.09519875353335,11.130882361982858,0.3385646661109043,24.464404356072205,1.0845392626731885,-68.41378462724809,7.7627032940054415,-1.4401706284624165,-70.05277645268228,0.13087264488063308,0.012718654834807108,-0.9968111288607537,1.9863348740992537,0.9152643059171959,street_level
14.905059500266423,20.24309899066663,20.032698121077082,0.1744252949708932,8.719902505404114,-2.586373390272114,-78.74669554806445,4.85051470394975,3.968437412595092,-78.51148743353241,0.189079012698212,0.030588066224031478,-1.053150688037265,1.415627599645905,0.7040659735049493,street_level
67.16691663226393,49.63769311825412,72.90583600347638,0.9671760255180235,0.43538237621722153,-19.901634991713745,-84.45449828628435,5.4051211781866,-2.4775110513288183,-79.2799771727764,1.2137697925340132,0.23815532061439562,-4.232843122170158,5.07289145321211,0.4960618970014515,underground
19.41230578444121,56.79686363772481,18.005542738817958,0.15293401795367176,21.119225620813047,-0.685383601856203,-77.78745722769644,6.673326323902261,1.6598023149985996,-63.44607724622352,0.04604668453970387,0.024260423453385756,0.05685866122474481,0.023521077892779463,0.5427370215402973,street_level
17.959813526021122,29.571832501990432,12.518552123638075,0.023541944374925988,15.177753944501541,3.060263779088128,-50.37185746430582,4.561876954800293,2.5847030754731293,-82.40944023910008,0.4733927186621545,0.06846241144658835,-0.9382643934800825,3.4432792291830263,0.6952872091440889,street_level
15.454794272116086,71.60913048270206,32.53627784562876,0.12323423168717694,4.242670789558392,3.541452710115138,-84.27188528651442,8.757866153218465,0.5183101354263613,-72.20463723753053,-1.1992077549837983,-0.15504148112691724,3.532307115362313,6.417922562335713,0.9513242792086873,above
32.340916228822415,67.69823008155755,24.3297601592179,0.17533655965152276,16.38724061295037,4.646222248630853,-57.24243657864524,11.792516645689727,-3.156885322604131,-86.58931503503914,-1.0494339021686194,-0.19623890103529879,2.824731096994605,2.445185803313432,0.4161623197569241,above
16.211243624911994,27.478284561541326,12.238540725108216,0.06306720992079325,18.444104448951634,0.38387861144869184,-53.02554035508601,5.825763632760328,1.1371751889153714,-74.79571141096487,0.2649848618258057,-0.05363336629051814,5.569871516643861,4.791815680397774,0.7406850105398421,street_level
9.532753055325323,18.73379199386755,15.770321976451557,0.027190102239680887,12.062545955490739,-0.2328570484434147,-63.98762579076821,9.425538628882041,-0.9492480003708126,-75.7951457400257,0.05604678274542163,-0.011316224067756522,-0.36933623134457516,2.9920975465591324,0.6012919360942529,street_level
50.49722031188911,78.36121526443723,54.99729064574491,0.49984032331432204,7.260137911246677,-11.506041053690392,-62.86829520729435,6.988881889227412,-4.170850873588044,-65.02609486867132,1.1544310449944244,0.1116149440224519,-4.336343498360402,3.0303043356324566,0.5289915894758155,underground
9.903535174498877,11.528619183572495,0.6685676740009041,0.06448399498796027,15.46691705808009,1.9057992598516922,-50.10825824614138,2.5806551146410186,2.565898412894322,-82.63627551850009,-0.10693736835845727,0.000779553189620797,-0.28304827913680963,0.01787443780468374,0.6631037192908971,street_level
22.337887285752636,34.93996847503871,29.435098144258053,0.4333484310627617,13.843197924190775,-6.599075653973214,-69.28480036547363,9.460480655931182,0.3644526739463849,-91.95723621523221,0.15443365885367819,0.1103719160185235,-1.0368344734971124,2.212297555177922,0.41839365618972235,underground
23.65004610716479,57.338923857708494,17.469435493644056,0.1978385890186919,19.43488429448495,2.004183731189144,-50.16075414953374,6.266952524747434,-2.1314967944627545,-80.76488942465369,-0.05981277466600905,0.01879435122792185,-0.556392763951483,0.4863974475986328,0.8893114005641016,street_level
30.71965118268178,61.541193145691196,55.83229820544825,0.7588945047859625,1.1882011558020789,-2.837890259962876,-71.16918999266322,2.957671110011159,-1.8536996130158485,-82.53130503538509,1.2568611652478499,0.12443045304196002,-5.046801473814863,7.614809016360685,0.46395095258580843,underground
52.22536539907629,78.64016603488935,75.16653860324554,0.6199127032848673,5.725353697154204,-1.3079507262425452,-69.66970099835513,6.622250892974837,-7.621450737825465,-83.43683825159702,0.27296873846280745,0.17859038406125627,-2.003914551925826,4.33462989064213,0.9652084753800061,underground
11.289411209723127,15.898870416854903,2.2494936158323355,0.08122850547857574,24.194158954543532,2.028736592730124,-65.5984644017633,7.320824638266587,-1.368270047274921,-75.45903826864946,-0.0042124012053128546,-0.009244361612155,-0.3121536225875362,0.4704944128758539,0.9229974343804779,street_level
4.176115479562315,10.06933706462547,2.4898132118391425,0.04562969521126818,8.63501475544576,-3.8943395500849887,-54.59218166986386,7.840020178568732,2.339309638201078,-61.49982350503622,-0.08183157744570817,0.015279244368927615,0.006428114161519116,0.16236186498269617,0.6376470503591526,street_level
26.876941028331494,46.226030693026274,12.469126309772271,0.29095525115543164,14.491480847399956,-0.3159373693978562,-68.61599890670718,2.407537191561041,1.9340701302000411,-76.623656781872,-0.5783916564329596,-0.19626382763130037,5.719700418428682,7.840896425753235,0.573693775514989,above
43.7935313191211,90.52023695734957,27.757785419045412,0.44108019537387266,9.144255648893797,2.9346413485722778,-74.70860793180098,6.045101472530706,-11.773169179038339,-91.82435204397424,0.5566299733116973,0.24598557881536176,-4.396454168784236,7.224181784636044,0.6993313258496479,underground
17.706532826725145,47.949599700402956,34.17786433196894,0.2014355751639304,5.824092120528422,-11.70200993084192,-68.89752456963481,9.616208322535547,-0.11124459230174288,-69.52364883835665,0.2659006578360865,0.10077953664286175,-2.5867918011248583,2.3580928110926154,0.572870275726719,underground
24.21576771336233,34.34457773648457,4.493787705404319,0.028381742213658016,17.982001426147406,2.843981223032416,-66.23753355331058,5.7810630198046855,0.653515585454123,-58.88745463640335,0.6120453436286084,-0.052629902442650756,5.199910594090229,3.344334813195881,0.7364100705651636,street_level
22.57293423457729,44.73082899058261,15.054748014268988,0.16372334093770882,18.417748077657883,-3.379867050374857,-55.77345199417226,6.564611433101998,0.3661606604653027,-67.11368770543382,0.055248106804158814,-0.035077344549976616,3.6374508327295985,1.0767732024000534,0.6976134355597996,street_level
5.854772203061611,13.770585112794258,3.9686080038702736,0.08987156925395233,16.09597262113821,-2.4812046039741453,-63.200767795149645,9.916526882703023,-1.1540597034073874,-71.18735708957368,0.04495019568430966,-0.008476565272183326,-0.4146094345223499,0.6017154888803296,0.6435267161606874,street_level
18.533425386830878,57.91020805704045,21.55019072478013,0.26664891201073365,9.676250238454355,1.038480009654318,-67.2326498510346,4.265211334925674,-2.2434268395547603,-83.33241242325458,0.1663327393942334,0.01798776087250909,1.452904873572999,1.7533995117850774,0.7117828777657313,street_level
19.495605641152817,37.45057484008805,8.426444455442406,0.1202930714905007,10.940740818608905,2.3327273235148205,-61.716892010758855,12.550432389238804,0.8707110582996886,-64.02587425908052,-0.16429751369239765,-0.0929834103554817,-5.85325017227093,2.467305813788892,0.5783575776729359,street_level
23.9465525661613,15.738896113483875,4.396674144989855,0.06050041296830523,17.392439953117897,-2.9427757321544874,-52.99977049357861,12.81999640669674,1.8345742765723774,-57.83338699362842,0.6874949853117491,-0.058118723471927904,5.051964243318572,4.513593270834922,0.8629121508382607,street_level
12.024951054176833,18.688411219489474,17.465370908849124,0.10929857874014279,14.842716988630972,-2.9404391593107047,-54.826985675462026,9.269033172390735,-0.024799196009364533,-56.72120164946194,-0.4420986264384242,0.033043990407335716,3.652659385287464,3.967320259867903,0.8413507624021421,street_level
34.67231925342902,49.97509302400447,34.90004653633562,0.26218385313618964,10.251732078667935,-2.7919084031222745,-67.43595727959487,6.450323378898377,-7.361155721339992,-67.5414667577917,0.42588250321331733,0.10143418715225441,-3.2168957655070733,2.9607082577004764,0.7199771953559895,underground
22.376683273101385,26.47369404049605,13.992877779266715,0.26177487938717525,16.64504712642379,3.3300052104535354,-65.80028061549106,10.726670530051647,-0.32047677399602215,-76.77393109658236,0.08300983443548096,0.03909516200997444,0.6265826710985554,1.3484996606866682,0.6533663098336958,street_level
10.097822259607815,30.957136827870293,8.794977043583105,0.20932906772942866,24.989421187399504,-2.0328567021136825,-50.061615345159275,3.070808164286411,-2.5709014789510833,-62.81884020793029,0.16479815490414418,0.02653581618169698,1.1620598969514706,2.6809195919805413,0.5895989627631624,street_level
89.642455658142,110.6591366514117,46.481768673149645,0.6156133822135258,9.598239542751273,-8.785082370120945,-87.46589349437693,6.240365556446786,-10.255363819316074,-66.9744678455161,1.1685236256000668,0.06408887575714683,-5.44068348624598,2.4610640356158635,0.594288138779188,underground
78.41741604677523,80.58835728590151,25.505133963695187,0.8769095336380979,4.395955960043983,-16.11202656056654,-78.53145451541918,3.7689384563093595,2.520385578511519,-88.65357145813968,0.6760857339792768,0.12229688587919146,-5.07880283427613,5.338922249178311,0.5019595913070448,underground
26.559926913101638,61.14698916355239,10.788544024493508,0.11220375643868792,7.597746522438081,-2.345636237756292,-75.4701280170587,9.275696244332995,-0.930128248666434,-68.10892348338936,-0.422857584080806,-0.10375710217365594,1.649318377173931,3.210892504010621,0.43989622585852417,above
29.492786518621813,48.898447683271755,19.109362941120885,0.12366094505709438,17.617573634306936,-0.17689366069633383,-75.20848396405232,11.116971537241085,2.4267175895991056,-75.1822188081769,-0.756366770406243,-0.09253657413705035,1.7467892120754247,6.143761106448224,0.8560540262544011,above
9.225816495631584,13.263768857768273,2.6032929419487156,0.07403663806720749,9.866431378791379,2.199381708639068,-73.02125212804728,5.8156316130046815,-2.5558611894017096,-70.39043328153794,-0.05508692374405624,0.008482376453797638,-0.24281728153523663,0.324861761214166,0.7558635586297089,street_level
17.70693993260788,74.00602792632877,31.67850162008311,0.277399766666275,13.626480287079001,0.44807094480854914,-77.53290513020409,9.545542766489982,-5.637130701539104,-62.14585917894088,0.494796613299995,0.09347005183079099,-2.9996551795590203,2.3222550652743994,0.7944780561208236,underground
33.19069590617836,69.44431451512972,24.150231953175428,0.5535707161660608,10.84629516105669,-2.0342156890024388,-86.07739788885749,3.0968151865866975,-0.6883711555465037,-62.77365701049076,0.3976311307855239,0.06551347123072095,-0.8136385239650665,0.9948075095500969,0.6420423634487844,underground
74.23852112709059,49.52061460167924,54.6432720540055,0.6633820345395189,2.3002996920967558,2.5035640009204094,-60.07460521398683,5.143026804212014,-7.34850001175002,-71.09685220519505,1.299422989677942,0.13088330903733075,-4.157432746232887,4.442803322013253,0.8095823194368568,underground
16.19149734033777,32.23948518304648,18.56539390054957,0.3682488276085373,8.056152634046624,-7.350374913541372,-87.53161120681949,5.501757064951085,-1.5004460962593802,-73.29233537655118,-0.4874272644544533,-0.07768118722814887,5.344533191296067,7.161448945382513,0.7501776442598742,above
32.55638452209172,59.85668421903396,25.701940637892736,0.5313341250969099,8.501018700263145,-2.841729648884302,-67.45889223037341,2.538446450431992,-2.013088228995681,-91.25807062977638,0.6601081270749618,0.08143969640779856,-2.8557114328748696,2.7079750793301978,0.9056792751480803,underground
48.80862432416973,92.1330234316259,58.415658459930384,0.9685920270538998,0.2379989956505335,-1.1222260748382133,-80.07416635618186,3.6331911391981286,0.11691072226273747,-79.26335881552386,0.6120575433398969,0.08656397755259014,-3.32935926536092,5.463331010335176,0.9771318269807121,underground
70.66131364995795,96.29764321996859,41.30657375350464,0.8237154009471228,2.516640611537424,-17.72890248874224,-76.59825052989949,3.8624905641376506,-0.25424323364961054,-86.97185227972328,0.49338393362681,0.222482417902238,-4.081401799539757,7.008754572425953,0.7766753909923301,underground
12.955093931343068,28.3361137880631,6.0781863995215115,0.058952549418004374,22.209095309884034,0.5283332551889686,-63.55076726121738,3.18512186420255,1.3796956345607345,-83.91754928946838,0.5455956952289565,0.06126401752225738,-4.906310908817469,4.020599666956534,0.8754316394213211,street_level
22.379106459744936,54.0148474778333,12.171424149478383,0.30149700310093386,12.083526063910472,-0.3092624777118038,-72.86010229973786,9.175979510254168,-0.16242017247731688,-62.057704901682406,-0.7547619422517068,-0.22721262625233654,4.175586414559883,1.7646206312739572,0.6556781687727002,above
41.07419280256242,58.8461090152202,13.022531667276674,0.4908498505289859,17.034154825946516,-5.458997245036424,-63.97126341600226,7.471124743936118,-2.3592431217668435,-72.23939386650571,-0.4518073507694549,-0.23142304066246275,7.280806750766157,6.543408190767109,0.41954121608011785,above
33.47276501060402,78.7750928666615,13.670801083150357,0.303813947289867,10.24144861432741,-11.229681658981313,-78.7900440079572,1.8689812296596175,0.6858040472126703,-73.73880906954938,0.34543158163967147,0.07040168368408313,-3.716008594214718,3.3831768464706915,0.7046844319762042,underground
48.13614629111168,100.86876669914291,31.662518269776594,0.3986138687724793,6.103119104120577,-0.9373987362200538,-83.54368741854344,1.4613903380354554,-3.6817662234873225,-87.50287676983498,1.3212952606910338,0.24081617593476898,-3.5071709560964974,2.5846348938091115,0.8217409608639193,underground
50.622230449779025,106.87939529831586,36.2561880519164,0.4631400150406045,8.378550525764343,0.46108043602370685,-73.50418156634262,7.166229780176219,2.478165999144716,-88.43395962769006,1.3190479372682535,0.18810440378494797,-4.839862020786547,5.505736472399545,0.7048198111319006,underground
17.39300283017635,33.92770830207421,4.332828004292641,0.0935988747471299,17.499118486593485,0.15320591404640638,-76.27901593457526,5.025734737856303,-0.8540412985900643,-67.59181736649366,-0.6365546878409,0.03553825358837062,-5.6424354311773826,3.7445242072777427,0.5347183763432746,street_level
26.634453758943636,27.91285106172508,31.821239068788636,0.28529417493465403,6.08790487684457,-1.8091249259687032,-76.98951619968778,6.188177882682789,-0.8736627622041251,-92.25955387523784,0.41524518143893274,0.030967447043798536,-1.635676349812726,2.5778933205396464,0.5338568555693124,underground
39.78801097048198,33.69684716212874,28.38232282098356,0.5560518771014056,14.446396493593198,-0.7020348616227015,-68.66130835079971,7.144712239028967,-4.905307530831375,-69.37982383970878,0.26874103700201224,0.10277121726251866,-1.6948001872508764,2.806091754202485,0.45016904760365195,underground
19.828331545281078,52.35147593195241,15.84994404070391,0.19430746843762736,12.242890562681357,-4.382575039320758,-51.57956453576514,10.348094270018297,-1.7023409630520723,-66.39425773490598,-0.06921137485183461,0.013615066884346744,-1.2050156058775747,1.3653348167262602,0.5784980787594739,street_level
35.24962153150485,27.837779060512773,14.247279742600274,0.26599094080619523,5.954934715052646,1.4528235879205447,-59.50641206798717,5.020663916347261,3.62389403548638,-90.4783105415992,-0.5680960384570493,-0.12855551819033945,3.850966745752973,5.606454836118957,0.7642373001680278,above
8.619326095654582,17.257841052990496,5.9227753560315755,0.0656445335930148,15.103038472275754,-0.3604731253943996,-71.03686654543168,11.76375542281447,1.6379460581069747,-70.47221874897187,-0.1008910330002388,-0.0038980225083739897,-0.0783354640572087,0.6223615838326905,0.9549480300558612,street_level
36.87926610609668,74.43581069717756,12.309133973275134,0.34527891463737315,7.859280403438663,-1.2297841269062744,-65.28960271737043,5.247790139423656,-4.459147243956258,-86.60727897572201,-1.389161237117228,-0.22051378516480508,5.397183807358793,5.567874664866104,0.481472892711393,above
14.137004129398157,58.231752808862055,10.987597373516172,0.27261933841217767,10.226297149769671,1.0043911820044418,-79.54728198424596,11.19655971912433,-2.6258471269219257,-66.16312830560398,-0.035917542478100487,-0.01589659969274216,-0.7747633296447469,0.3419097974310652,0.8343150904001413,street_level
29.71039879715022,40.73894589412192,71.85435598916035,0.6658537664852338,7.195776598337385,-7.584507007382891,-84.1052810371552,3.46856879394029,-2.000143441516798,-68.72890537211748,1.2402651693065103,0.06862207267345717,-6.626887919543718,5.139535060117316,0.7025287164511428,underground
9.995222076840099,13.444639101571706,5.0686002166647395,0.09564288108608583,12.431957466656932,0.032604258238728256,-73.54920022576806,6.840589345652751,-0.750325933601613,-66.1625623441357,-0.11337517714745224,-0.017584390030908177,-0.42814374939912525,0.1266464206306753,0.7330459798844612,street_level
31.29802228536208,46.31761308014668,9.839474480057472,0.10948916483789797,13.993972117979132,1.0916100924494723,-69.2308352190567,5.847559108195851,2.990834667822397,-68.5121568678866,0.15013347746086134,0.035721087225244474,0.5498883951163336,1.777044726138211,0.9164508944060439,street_level
25.70465702623709,50.95970727592611,16.949304181551312,0.41223635668115477,6.1380268853032725,2.102572335434825,-57.23622321956097,4.247616923619097,4.667633481727407,-82.12272201151112,-1.147543370331382,-0.22757414025099337,4.41711529708909,2.9651281755917234,0.810683008099704,above
49.89625202633533,64.29414394926661,18.895325040933027,0.5617210313853204,8.956531270845128,-7.659886946535039,-61.6977965289458,7.866664105879888,2.9469870835556353,-93.74212915815912,0.5281517646136595,0.15701907265391132,-4.845123878310154,4.7821148127036395,0.7366493502424651,underground
9.144938196873788,12.152765774318823,1.4330162241437745,0.10305615021040483,24.743993897244593,1.23044285429763,-61.2676613523427,11.786594428735937,1.6960732712127804,-61.586757566185,0.06703353837203255,0.012756022412926567,0.16136799707399307,0.18988177654087776,0.977439169190992,street_level
25.260920432535592,29.760296978900268,18.127348515453605,0.41287722498392443,9.61872192449076,-7.3060872569966895,-72.95937311272203,1.81379034531531,1.5983589525093453,-64.82830578940194,0.6206870112367832,0.06983796908990647,-3.8012378484544294,2.4744928401298365,0.7413771279125836,underground
44.73780345583958,47.27807341249641,10.547511820654638,0.520470924882355,12.501314260941893,-10.610466684135487,-66.73215689851803,2.44662268861761,1.6448184309233103,-70.34261382234996,0.5439475856199236,0.06211230558142114,-2.7612755620484797,1.653881310219548,0.7484032801420303,underground
7.366333800818527,15.239822196714364,3.188510162380882,0.013467591322266265,24.36129283281306,3.6572718660122243,-46.52968415156735,11.575130864935197,-0.6018944345600894,-66.78707966784637,0.07418636429581987,0.005091311685122696,0.07693840105660976,0.005774139146510305,0.6577655079401965,street_level
16.020780523125943,69.37247171029455,24.742925080546883,0.3744631900009514,9.101927829551514,-0.8988924025977898,-60.53287354382128,9.131969047067921,0.9165446851120471,-61.63561313562392,0.5933167803150584,0.11531563203187359,-1.6710040222025913,3.051464190139863,0.8795495675886079,underground
40.61920210659213,62.87172593372204,12.917256206970363,0.24516577050467073,3.6965428696326237,-6.751803879017898,-69.61133272113089,11.753583529430092,2.3217064862973302,-85.55102677914425,-1.1896463319662005,-0.09712842840546648,6.726367474500676,2.1853125292261915,0.8217553458506781,above
36.05004820184738,75.80996671284666,33.01766731020444,0.5208805146556181,10.50600273401973,-3.556122576796289,-89.46514414751364,9.12388982381536,0.7979606015663077,-87.6140384730237,0.38291154564672614,0.08819311710546714,-1.7694613718471097,3.143632451611139,0.5045101333990103,underground
31.234111735156723,59.63934762998241,22.92724964167774,0.10030348750408288,12.006081719606433,2.7686761746659103,-75.429410435829,6.332354871791043,3.8693423794123856,-56.302931199832315,0.12923500599513568,-0.0063632647005222,-1.0430077805747062,1.1781480028799867,0.8170046807841803,street_level
33.44763592977941,25.737669131444992,17.917244655191624,0.180263603463458,14.815510393504054,0.60061618806483,-52.641530066067745,8.610989293901998,2.444621835732608,-78.63183912448005,0.1351100206144788,0.01653478226738825,0.6360206185907513,0.12746482314042118,0.9014642210667252,street_level
18.319289266377076,37.311999036437975,18.45835714186858,0.30564180310359,21.331088836552507,-1.5512677279067324,-55.273365295413186,11.530176872247138,2.5525510819090247,-58.70241702442432,0.09976640374371837,0.009262657039820814,0.3349886677688789,0.8263118226010351,0.5333017484252729,street_level
71.76259182247549,57.639443265067946,70.17790963945944,0.7835908536591774,9.51332823391953,-8.752135562588755,-80.26008352713957,2.184021056136908,-8.610439519022602,-93.0792516345885,1.0263916654657004,0.11955048781512084,-6.310172548185587,3.9032662467364694,0.5626411466818787,underground
18.950777024352302,49.89319406654255,27.791334546408414,0.5646893074001771,6.945006023735777,-7.726736281480665,-70.09500178484342,9.02413875104821,-7.486234563395643,-90.74996933600565,0.3515574438908611,0.10975291826505154,-3.396276808138221,3.4096808879921445,0.7074784916403076,underground
32.49351688067715,75.12392944995295,12.02003225974466,0.4928948132142293,8.2311643154777,0.1773064163459921,-83.8301742047565,7.824713640023612,-7.1881003396184715,-72.55019025969841,0.16405082505455199,0.03427163956139401,-3.329612225845681,3.36392390350178,0.6563279613178117,underground
35.06549293736174,60.966555192586625,15.486077998478862,0.40802372136004206,9.222797864804928,5.207317510305273,-76.00688021699189,7.066387261904261,2.1258838826711024,-78.36843569514832,-0.5734215955336622,-0.07929714453878839,3.2176655195712716,3.8520791691329905,0.9680563743379788,above
21.46355830606932,67.6439597258785,37.049938906183655,0.4699548860795522,13.161331728783184,-6.886982922453715,-58.946070356918085,2.653378884895094,-7.920091083323227,-75.66862240850395,0.43731665926809693,0.06241435494034067,-3.558178578448712,1.7349212555050817,0.7574375760554599,underground
17.04070259236575,71.45147165700732,32.7044990893815,0.22222117119953155,6.051105800391918,-0.22291169177299253,-89.07663704550303,9.662328631827933,1.1678321822954363,-68.7180000351782,0.4133150043952081,0.052619703642128396,-2.5526668104183843,2.3762184459791973,0.9601344478983411,underground
5.269850428916745,9.570863907213578,3.295626221307839,0.0875190979272233,24.434179968464885,-3.068018945823689,-63.640295261276826,6.918498611275347,-2.4433776921663704,-84.26232446346742,0.012636447567595577,-0.022529505728399474,-0.09569226170222478,0.15577984129413613,0.52347680008228,street_level
32.99336842247717,93.56023218690811,60.18465704914929,0.9326883626853081,9.894435040722074,-9.870304599566015,-64.37891309391316,5.697239226762428,0.2525050272257694,-71.87210785627065,0.9996031647863703,0.04959552101920647,-2.1267539677002016,2.559706194550943,0.8275412260357853,underground
19.76025654743882,32.26938946052607,15.753362360349804,0.02111193301485002,14.442669782888768,1.0089818335052083,-63.678946547779006,7.674154299045194,-1.7713406741863857,-58.061901388734775,-0.32740087474285107,-0.05082670634210334,-1.771501535640807,4.732100321423724,0.725108918040052,street_level
29.055371760565624,20.209504919010968,20.034908902859126,0.3084564368549232,23.982943354361534,-4.575276146486479,-51.74791458844613,4.9949964902160335,-0.19253034015889625,-74.61973709331039,0.17893541311437935,0.005802282518512662,1.4928085464057341,0.851397016055365,0.828628594357963,street_level
27.330248576982804,37.876186962301084,9.030638117626031,0.135099055219651,18.644393950003742,2.4781620218652574,-57.57306339844521,3.64122136575655,-0.8524729990737816,-65.89095250931916,-0.06466171779774388,0.014222828664964278,0.3393357523676772,0.7013823964871773,0.8083904983247507,street_level
7.950774244499137,15.494336815801631,3.046042189702341,0.14925087779185717,19.59496226708785,2.2208564281927146,-70.64733245582087,6.912598486395476,0.6565972391566217,-82.73434916532072,-0.14367589241460604,-0.025587730779041473,-0.4395358153811869,0.028758335438764427,0.5495938796642998,street_level
36.653406539837206,32.62602279590245,38.99101631024439,0.28117440605422905,4.108103393935347,-7.1760411447624906,-64.82187019490598,5.199476154556545,0.9365975514488731,-80.70665243647404,0.33524731307734834,0.06378678026391624,-3.2285866543566053,1.8551996443327416,0.659762246153142,underground
21.25601650184229,25.920995432082073,35.36070549518858,0.4980773370410319,5.075041752351378,1.6227050962283585,-89.41205842953019,4.068592656302263,-7.542197685526469,-94.5759203021514,0.48086642058841667,0.028041606395495182,-2.2340096729249797,2.4170947029905223,0.7308687080492221,underground
26.72625014203899,32.199108482866706,17.826107364501127,0.21682046157911739,9.904979585251382,2.7053883816147835,-78.21056771156626,11.157951667693316,-0.8621427909107551,-69.9374315209719,0.14655858955095175,0.001327150379461614,-0.6926642034319253,0.47397419695872345,0.7891715988864828,street_level
23.610624518985965,27.319720171762405,14.761028754004858,0.09721414961774179,11.891666742600746,-3.0148540317943366,-55.12928369247257,5.660194601324843,1.958595027280695,-69.46307326553281,0.6894111951698025,0.07849551049863998,2.798849219622708,4.991050456889191,0.835422495482844,street_level
14.58804988279574,51.339985856777545,18.359641092755943,0.3532680569534923,8.730289484577252,-7.489964998571374,-71.48547531132999,5.29568864937963,1.4823319966301085,-75.46865999756693,-0.8577483038998145,-0.14301677648902406,2.45173702399929,5.2481633357688295,0.5094597018416374,above
6.68885185498173,17.24287262128105,1.4696137924872577,0.12903440408631228,10.894554039582784,2.975110697624718,-53.474122915583585,7.543339240984967,2.586207176535673,-60.61193158116357,-0.02471109617953468,0.016730171210632777,0.02816487899328457,0.5188696377178508,0.8481499062161855,street_level
38.35508724029492,37.91664707577341,28.061307702674632,0.29057470060592017,6.471927612305955,-3.4048778445583867,-67.74665059774216,11.339792584747684,-5.8314215062602575,-58.874105246583284,-0.9389360561166233,-0.15730738535412092,6.050934513324115,4.617221400549395,0.9609977838436511,above
7.04428919036227,8.411789365954618,5.081592487689357,0.09406077198071609,17.419529868301936,-3.7256168992829313,-61.511394993773344,10.79012959965051,-2.0303995472841767,-63.73731362630225,-0.046917041713279234,0.014174144577655111,-0.10034088665968577,0.18093416357240005,0.5976927403593943,street_level
4.809119025655049,8.762985541489844,1.0403178198845033,0.0762427740748468,10.46957860200678,-0.8530731194138603,-69.67244332182493,5.234102172723368,1.7764797325749218,-64.91779775719662,-0.10219616014695543,0.006721812585668063,-0.3908716275061509,0.17528259550000858,0.7893607654190006,street_level
19.350347510854064,42.35876932740594,5.570322640393007,0.07311214784354032,16.55075519379332,-3.95078489581521,-70.58852513195338,10.346140846848243,1.6426271406880737,-80.99887882028288,0.709201468751737,-0.05189306085369923,3.505710610503776,5.434584256206356,0.7621651437298977,street_level
34.37063552078121,68.70983046421364,9.414472798463475,0.1225342020476194,9.49422516230544,-3.138988944399795,-60.067349998557205,3.6671680798894415,-0.9594406628233667,-84.14970690429547,-0.6633731373878423,-0.055175850052658515,1.8300009354474946,4.546749536364961,0.8825375328145237,above
24.466442853523823,21.731099486492734,6.058933580711054,0.2143642314667142,12.732241520954958,-1.612633597716484,-68.48893661913674,10.553705974518767,2.80472728975324,-75.1633683915055,-0.2313154144306433,0.04752417338566961,-4.189841466716957,5.899694407042092,0.5738819399823613,street_level
11.05625312673262,38.14085389983014,10.087674698500352,0.15217596538969508,20.028417154055393,2.0342546045093277,-63.46929754360643,12.293198891298067,-1.130382017254588,-83.4850027461328,0.1858768702398066,0.09777747026845557,-1.1581399833556567,3.297902019280327,0.5081499131818313,street_level
26.037781714879895,28.106855400442818,14.987892342972387,0.1307328442907427,19.817016621695856,0.7092487584729739,-65.35496490298952,5.012927681476955,-2.572097983200658,-57.47301281606947,-0.05712186198101283,-0.010131821171991844,-0.3343737822923023,1.8373297052248645,0.7523794261260666,street_level
26.361477694099477,36.17656315782682,8.662163781469694,0.16804787974478236,18.732921307457403,-1.071604997599879,-65.19194507594092,6.966726814981991,-0.8708514102497968,-77.05718708370915,-0.0506088563798491,-0.006164914757554072,-1.374900355494129,0.2670630720455136,0.5041981138268175,street_level
30.775782834955713,35.983979112977565,29.6711585233862,0.4501753320569774,14.044219356849641,-7.861472701196298,-83.13603983948435,2.7819283719762544,-6.351195845593623,-61.026523255298265,0.2085246454950786,0.058650416455674176,-1.1262068580480484,1.2672740766013915,0.7616185444604678,underground
8.862306620385798,17.770692389815895,3.9286555067123348,0.04464833026908383,13.425157731807445,3.4387901518738033,-74.5991069718568,2.8512276441208186,2.70680827868952,-70.58505035420147,-0.0072005088669939155,0.012465482825567989,-0.3662406454232464,0.08806513547924784,0.5784803792846368,street_level
40.96649037418108,28.74117298397111,31.24662039920307,0.41676145417253985,5.100260080989775,-2.0140557062676674,-62.61923179281679,3.474849429137214,-7.250859666801627,-73.03883752421093,0.4682716136107208,0.07500983953866576,-2.88004307170492,2.269775693434796,0.931178240809866,underground
16.10185815840466,35.755403474939875,24.20825452019766,0.1754525093674531,4.196269785211064,3.6463275458253577,-60.22064180229107,4.585779608957555,-1.7015429188687987,-73.36193444309973,-1.1698635639814414,-0.2446292350094641,2.3416742036640334,6.878457568424794,0.922693832184158,above
24.931792216153543,47.92088249212981,71.4766888866335,0.3904901854778343,3.075834534287001,-16.526467720862435,-84.1284573933586,0.07441793630209137,-3.2232446942391935,-69.98794116973548,1.3520053520524877,0.15883450950886951,-4.671274850901547,3.6172599382629977,0.9482669372170099,underground
24.26354171509638,24.86475520386923,13.057631481577006,0.17719763914960673,16.344449097358655,3.860517865930589,-62.07142663728456,11.42994628907897,1.690608713431308,-81.3611941828463,0.3796144468345175,0.0770849046671715,-1.4615890145227723,4.964055102437319,0.8702213618741559,street_level
39.72558894713363,40.343587724205264,18.896288228825654,0.10021095268290355,15.258828115240942,-6.388164739685015,-63.23665108293231,5.0863216755381835,-0.20343772328096854,-71.98184652908796,-0.89774132427467,-0.046178685083059084,7.9087383311493324,4.84338954898136,0.43004239635760144,above
22.489377819235834,16.46043059741671,8.224470786721579,0.10739140748191102,17.683865108611528,1.2026401778736195,-51.87624045203987,8.944578190896022,0.889693930890064,-79.01713506558646,0.6202737265584146,-0.06574308151814925,1.7543965866613416,1.8016213297125407,0.5228214562962192,street_level
41.59919973445718,40.248977921400005,12.126390207996135,0.25047580409261605,12.138117919758526,2.3813940010597623,-62.22068028195761,11.64846174367478,-2.663044468624726,-90.28731215446071,-1.4343450955929056,-0.11576425912681679,1.6669827649597926,2.694129100322401,0.7938704528181785,above
10.750120614739426,28.06174446485312,5.865263113171421,0.15645384738834409,27.09917409073073,-2.89040001719291,-76.46061115959317,6.168751169803949,1.7375156677898662,-66.90878554436526,0.7725711968366087,0.03935237949602571,-5.568213208346388,5.12953848389675,0.777665714894094,street_level
11.846008201304684,31.228082770867303,13.69541012199785,0.05524678595516366,19.340887904878677,0.8379676066735016,-71.64345167575775,4.818891693839109,-0.9284797159285407,-59.623751246651075,-0.7771698634566108,0.055287946127580756,5.133756329404399,5.103318172382018,0.8026166813700413,street_level
38.69573113632749,32.72761301644281,8.953048516687245,0.41968530632477463,8.46697655352927,4.522708008208724,-87.37542207839208,4.036758743957721,-4.91649585400158,-75.28577392622641,-0.7362486767134909,-0.2178231735675558,2.4167866211070566,3.4969862073879545,0.5369434213787644,above
13.145802291478757,61.43652814007947,25.528914347972087,0.25909786787345657,9.63249388142007,2.327554192179539,-73.3870582889501,9.000355413379431,3.290068891541164,-67.72623474950015,-1.2363993790429104,-0.08420556866421519,4.079328986060811,5.125398001805827,0.6578627943957442,above
14.023476056613555,31.321078431465622,12.970936041445194,0.261184231220015,10.083288517407304,-6.250999067396366,-74.3296466393175,5.332355848938905,4.087480254413805,-69.69668965454738,-0.8027378959107028,-0.1728521631345736,1.8459936850787895,7.958372018256515,0.896046936522114,above
4.408527342381992,11.326158566963276,2.363698343170721,0.08572563110492104,23.72163452109561,2.0141407663416118,-68.28861669437786,7.738580984181327,-1.7699600231738535,-56.283978391612735,-0.1232985046845343,-0.021158428136297508,-0.31927077292301165,0.5459777047647865,0.8251782762865154,street_level
39.12615515095969,75.08178142512119,34.496354240135105,0.41725751236580017,12.690748273255473,-9.095601770958705,-71.49664827190553,1.3263810061587353,-1.0140310561814152,-78.35543046578081,0.1547185020952757,0.1003329512019513,-3.901093395619091,3.9287421041346056,0.9791695299799823,underground
72.31792935744218,114.04418455477362,61.55119040927436,0.7480866480128876,8.11484244059259,-3.320508027294885,-61.16385724225166,3.8832154346426204,1.131612406064498,-79.34168410192119,1.4275896850875032,0.14793048246083754,-7.174390797522305,4.319925514361228,0.7363793343863476,underground
22.598615765546995,34.74620145125539,28.30709433501027,0.3122064735597992,10.481828419361205,-6.852046300117646,-60.58677754881722,6.319091572824361,-1.6394868179219415,-71.91158014663898,-1.1375898679456136,-0.14119153396156098,2.9411638109630664,1.982666702634333,0.9019459863263136,above
23.653599705805,18.29084193979311,9.74925595144788,0.11749187823525235,16.503345805701453,0.09395928977343893,-52.74698257066333,4.728296085880679,-0.40407153899416537,-73.95259949402944,-0.3622057210555104,0.022770858906361352,-2.0674349975304125,2.4786416645854796,0.8066385786882169,street_level
31.461820425732817,118.13585945307986,34.97922923756511,0.9877334491537966,1.6654323323259912,-3.2248173283202846,-80.19052057242878,6.788001808741432,2.558995594739546,-84.5394922363385,0.4640174027165101,0.06105512620924822,-3.5209202223049783,4.8737125979837,0.6577556891969478,underground
7.732765390823068,17.899083038754775,1.61544493479369,0.047733232340374715,21.95964166691827,2.768134972166793,-68.77371237673205,3.3277251485526675,1.6686241168207747,-56.383945898221945,0.12395018982608688,0.011593383837837992,-0.2564223336398326,0.2148858577521483,0.98222194806005,street_level
40.71385973886992,91.68435245133367,71.62302218812826,0.5161720734255026,4.663484860157654,-0.9740058341510895,-84.4988520976273,5.24708107791882,-3.3589596702196047,-85.85834515438667,0.49986214973323306,0.22311565108897077,-3.8750786708976763,6.500467395325977,0.5855068286850759,underground
38.407136723644825,79.36815918858105,39.69465745694575,0.24819404561009817,5.893292460620792,-10.633680247043635,-82.08919407926132,6.390954139053087,-2.505560803759302,-71.18298031483413,0.15465163778385185,0.09157233084224772,-1.6173802544987828,1.7378970361004595,0.5797219582559938,underground
6.8384084959435105,9.19548816526822,4.132324271987455,0.029704488503030795,14.005849797521922,1.6953434713404203,-62.94452094073746,6.98186877358634,-2.5034846476797465,-76.55235712696675,0.13563557937341839,0.02875438055697141,-0.10942028486523925,0.6452918972939627,0.6652838734847331,street_level
38.73218612942581,62.096309045447875,32.16907267907466,0.450317080346375,3.3740421654287007,0.24319850673428434,-88.19762594739338,8.975732917236293,-5.426348597557152,-61.37904495181048,0.23833370087255254,0.022301365531936748,-0.8122649235542458,0.9195810784605527,0.9084466608569012,underground
27.786965968007777,47.008881718605835,11.817826615911155,0.2822191379109336,14.487620146937592,-6.849893439566674,-59.173189586473526,6.338229137676499,-0.07297255267072789,-66.8374284444943,-1.3374530687439417,-0.050075575689289054,7.838355526520447,7.12584132190975,0.5026843552305393,above
19.08456850792376,56.521956994663576,16.76255399965649,0.30934378688239694,15.29739324412634,-2.1529583581297516,-66.49619677305654,3.4200676876903304,1.1735922371303795,-74.99499798171689,0.13007416801693122,-0.013048745720492857,0.11510980553539496,1.009479976819436,0.7983752374398154,street_level
31.86933025355503,41.95164749125507,9.582824879694254,0.39532302397937,17.082368447411923,5.640273172625285,-58.24445227050918,11.130880853371899,-4.46528301145951,-88.8599806514273,-0.6816095215591153,-0.047016048609266226,5.925611075003321,2.0779139169140555,0.9053515802728652,above
6.248896170760734,9.04301289212045,2.6620581214799657,0.10047013233945294,12.184541720466544,1.7302445968913176,-53.40601627854212,2.0595236385500875,2.6932873324429867,-68.15802967345664,0.0150197676724948,-0.015849302525902637,-0.3126794484867519,0.01709676846745518,0.9720559594652834,street_level
38.695317635301706,29.78298196560342,32.77833809777835,0.5534359822586721,7.852171480526081,-5.918246034738538,-73.54958233272647,6.291513261066287,-0.8847886328126151,-82.16965666524847,0.19812467914453455,0.0392372100879277,-2.3500490592047636,2.813490106372302,0.7644659486347056,underground
16.753485714252086,58.87129457073061,22.07720701992845,0.2175906094771904,15.429873650958388,-4.560565883905107,-57.70733198902479,3.666112642259159,2.9430096560468746,-79.7397150279342,-0.08700018198112734,0.025870752172326282,-0.5948951015179408,1.3243738651232484,0.5523508579574631,street_level
9.41232488915841,17.434887308286278,2.639377569013068,0.018381563121728676,12.123076187609861,1.661952264951263,-52.019562276660295,6.869160085818459,-2.441591265468938,-81.41457361513854,0.10765493070309082,0.0011009622863150832,-0.0029275963745568623,0.3363904755481015,0.9766283386030694,street_level
5.221508462328002,11.734642921168117,3.1355268511508143,0.05090424507380125,14.741581720561905,-1.8134285138105826,-73.21541189163653,7.236539467178131,-2.8752792804292593,-68.9098465680616,-0.0012942715350932055,-0.026208927981538916,-0.08972222096742966,0.19452050446473168,0.6589235149704349,street_level
17.79772279077479,29.745837462190327,8.586904001525632,0.2029854453674358,14.48524432285344,3.7277744895251432,-75.95913340004299,6.778413720658229,2.8677510146495315,-83.73447775046805,0.23455080636845205,0.04473016807514185,-5.05379061788625,1.78292762048731,0.47691922578257634,street_level
44.677710019664076,53.52080192489177,33.570169963647245,0.3733050754672864,5.998699039750336,-6.765770836100015,-89.33263035776547,1.4733676173909476,-4.079592554512068,-62.26255353347416,0.17246886100405573,0.07705537707631656,-0.985100605408225,1.688237921844225,0.8539238001470506,underground
24.15702694564477,26.463185357796633,7.939213396944034,0.20241622824881586,13.989833170559923,0.8151523931729017,-59.80488712191465,12.959096638828065,2.033007350822867,-66.02619103832293,0.4640432880685481,-0.010915898059481927,-3.184699492094287,5.022037164590956,0.46342873115345923,street_level
7.991162089915975,15.581264645545964,3.0157791963393477,0.032389004233738,18.48805892586576,-1.267813399511514,-47.79986938360709,10.857494013763112,0.17526787294259272,-71.79139592754899,0.03325295982857418,0.005051579785878134,-0.4776754830775628,0.30385744842720214,0.6180613440931977,street_level
24.97629029254466,68.86008043683825,32.535827986457164,0.48153926071299635,7.348445420932264,-7.73729444722748,-79.35249971943686,8.757030112202893,-5.677148879755227,-89.99423568834231,-0.273223368562759,-0.102494540990862,3.556081771393375,3.4557375745818693,0.49406952128679427,above
34.31863207954902,21.813143302465505,24.86604483061696,0.31703311898768527,16.974085129390076,3.2837307937196876,-63.993802957671846,5.371636421673689,-0.48991771698277553,-67.93389093521128,0.17692275342193584,-0.00681943182555271,0.6258807213706938,0.0813185542906334,0.9369721856382359,street_level
26.457651147993083,63.93584221244417,8.252601148057112,0.35074221731748867,9.686182644115021,-5.070347668169817,-56.95122339285068,8.385231495184296,0.176870248736134,-72.93318791878269,-1.090627161869823,-0.2123091871780073,3.9702021829021326,5.209954001864643,0.5742967730453297,above
7.1575802263377115,12.814048654617265,4.90812989091407,0.07773845267518853,14.553249817236754,2.5251029183403615,-73.5548960052519,3.6278285337466016,-2.3697975128312825,-84.71832968610681,0.13415370675047436,0.00971687808340159,0.27259738697164027,0.39302186795910726,0.8574948399631512,street_level
28.19561057460918,21.127181899717606,17.767789047134887,0.1997502716654871,9.319469935619168,-0.9340745243521607,-70.95973042573247,3.649236041023567,-3.1621869283895387,-70.47256772364463,-0.05772414880435512,-0.02570918014058079,-0.7966875016611693,1.353716518702562,0.5986102352962095,street_level
49.30001726358623,106.43863491673429,52.056388825235274,0.6250133246079397,1.1418871965199917,-8.498543538640497,-84.40595521416581,2.5391990582254653,-5.49728343131918,-83.71750092707141,1.0203389326236425,0.1081775086485327,-2.8626389257939184,7.27226349610028,0.4029364568034424,underground
10.499128414389473,12.474292784267272,2.2497574085807956,0.13385900176201043,18.907255117457183,-2.542740891204815,-59.999046415109525,3.388836457317125,0.35929246982829355,-80.85792799069097,-0.025813205969828237,0.029191570537824466,-0.09035337885244499,0.18144346254672172,0.7518425398734602,street_level
26.036045772742412,28.94061641524318,35.41068723551665,0.5988669951988126,13.335178143036565,-8.335215009511339,-64.57999306525787,3.9740840848689167,1.0720959933493432,-86.8848323308788,0.6582752692378401,0.10723510119179633,-2.144923105113301,0.940300576621991,0.9622002010214187,underground
27.448983644121647,41.8538390287443,17.238926865479087,0.19524179203758324,12.526895083738548,3.474062833183295,-69.85853687151554,4.6505368527686475,1.3338746737463412,-58.42833526644804,-0.016442402399682962,-0.023644103116894345,-1.1735055828034555,1.7868502357597886,0.530805190683765,street_level
17.981451086661174,25.213786614138204,19.884743629375375,0.4151739472081084,11.44765016529441,-1.0585986119580166,-78.12152473187413,6.807104937473628,-1.6854474713386658,-79.57156643548478,0.5849656227059128,0.06796136323336072,-3.205764139737553,3.8755167789128473,0.7064182906501981,underground
39.694807509214996,73.0195139598004,18.1045154722229,0.24525080392842918,3.50135003812135,-3.1309826362314555,-82.67973597199396,7.803970245685886,-5.3000499973549795,-58.539008783551964,-0.9543935469412019,-0.16526113665955583,4.642366151998556,3.6678440488790653,0.7651832336668514,above
16.595567114306995,43.31157248604114,10.920406207123271,0.06412831426150695,13.118926484968613,1.4578595274863249,-55.3276191751213,4.88946074426043,0.34453176618767145,-66.98098716889174,0.21610721902847518,0.08849196849788674,-4.40653735766165,2.764028802388112,0.4668272493660437,street_level
8.799382983175605,9.752817208539222,3.877377132478001,0.02617949293447866,9.362314127262898,-0.6972541559047611,-67.21452519584219,8.756127177926937,0.011900882942501134,-56.771770216650935,-0.02050448758594786,0.013569897054559438,0.45463746147572937,0.2219953567201432,0.5924480368889782,street_level
21.282938855269986,23.287164852725237,12.598894563688477,0.1475045555114844,22.33246557555531,-1.039394962020344,-66.7495888869618,7.501273050754287,2.7172192318048882,-65.41657759063483,0.1619449853626731,0.01037138759386494,-0.19857179406251824,2.6651052294568784,0.8263144660984927,street_level
8.291830777111524,40.869413466293025,4.357338572726073,0.16683942632474683,18.37939732586338,2.3611702349765586,-56.511221230265676,4.961958632968324,0.6027446410663364,-76.6814543068012,-0.7180638543232818,0.07437852676165257,-2.89271721484228,2.6166747386203753,0.8320253743222773,street_level
9.575684481289986,9.837044977922774,2.679838685876196,0.10063093620848367,12.971247006020253,-2.3632383862032675,-68.47585179608033,9.50533694221193,-0.02963509581758572,-64.77560585646104,0.012046827464735455,-0.012448959103287437,0.23788132514492333,0.0022834484186526893,0.9037642192835653,street_level
8.971941333886088,20.226402101610116,12.274024055062945,0.08283565168192773,25.949647982013744,1.0201916237120745,-72.38831544939768,9.128657435990572,2.0285540221165297,-76.46761915404247,0.5672310615724521,-0.07098458522861102,4.978639775434338,2.4411952286065133,0.6437119547578807,street_level
6.348639411938223,8.154473490352123,3.439166574973566,0.11838863453651446,21.483540838506656,-2.585641264125355,-67.7869500137749,2.079594726794041,1.1460078194586387,-75.72657212219538,0.03090450436315373,0.02886334100941207,0.08114335408258333,0.33000144703408624,0.7568978195456919,street_level
29.711677280142,34.219923984339104,10.59059973332121,0.2512016837166881,16.122489900088972,-4.412315347203618,-74.68673619981023,5.765113016429821,0.5652441481758705,-84.13498431283429,0.15222941087897748,0.002453916238191113,0.7891418651781015,1.9648321961151738,0.5070524784168495,street_level
22.483652086164987,33.06405469950851,23.154784581799152,0.25317322454921687,8.024737999019525,1.8725951900172966,-75.43441719519355,5.7085969536283265,-4.480458036450702,-69.42820678723842,-0.3461083476537872,-0.14257970279703436,3.0570713405937937,2.1917464503909825,0.9112425821779266,above
15.590202454117629,20.94338733777375,13.16696573552565,0.10196884622700096,25.180846788644658,3.2283927339081684,-55.596585199651926,6.52106665003786,2.19327825847677,-66.20176434338177,0.06857988044732011,-0.04614771687082131,5.754706022570508,2.6149408079473138,0.4044593336256107,street_level
46.25695313276461,91.13265898604075,65.33467245871071,0.5572327541066897,0.4064962471982958,-3.5235897908879252,-67.68799153389803,7.083173427904681,-1.2966503599424914,-76.43246382454781,1.1256853665026694,0.05252584746327495,-7.623833474137059,2.3600022594785877,0.5008846942490603,underground
10.89515719620548,10.409035400589037,2.7616305832250623,0.11549522294776507,20.55253560144171,-2.7329137458690616,-67.65539311717589,3.093748705718008,-0.3658821714283622,-58.008855170597016,0.13577363499910663,0.010190996435495217,-0.0057074238456064075,0.6459745823540288,0.5925622342702086,street_level
24.88477509213792,55.26729600063238,16.923598483331105,0.23084690923868986,9.548594718879727,1.7696752373024935,-72.57617503795584,10.475641433084705,1.2668870663310896,-62.11866796875432,-0.014720374717568263,-0.022359660278078897,0.19428668998911824,1.051849179327729,0.8470221161544443,street_level
11.921514061168832,11.576889206844278,3.456985396190692,0.09412339803259122,9.508593140348678,1.1180543801118077,-51.97626738159398,11.528567756356145,-2.2731274953899137,-55.03955048484898,0.04240496389947079,-0.023137214600177657,-0.4004339546479384,0.052094006402221726,0.5692530082951035,street_level
60.17359074950676,59.538461815229304,38.413338788056755,0.7602930794463673,7.235870085395776,-19.667460406190937,-78.2575958657911,7.096266091201249,-4.560702991594503,-85.34172691678165,0.8039731328604565,0.05204685753661335,-1.9738088425193778,4.684852062995959,0.9317616882704556,underground
13.02248491515442,57.406947734619045,16.287874616478916,0.27302253785683556,22.403544875789322,-4.7843203134186,-71.26997567400326,9.674238285698756,-1.9677036450602463,-55.57687568653466,0.1718585869999327,-0.015044970035452352,0.8955695611713557,0.004226740995427969,0.836365631233917,street_level
4.101953459882382,15.609075249214909,3.9585476001979165,0.13404030280450338,18.01235049105654,-2.667068864013185,-47.73019373788274,3.7558882679171575,-1.7927874270522914,-82.39068865762187,0.07816202949474987,-0.021445608799284914,0.361300366515655,0.7193159763658321,0.9614014406871334,street_level
7.281511584685076,10.150788820118715,2.720806610205972,0.012276105754310063,23.667154181165067,1.229766960188119,-61.525661245578085,3.4503384646479844,-2.557799578885023,-55.48432465488895,0.08372311441289818,0.018912162744160035,0.37727438896100607,0.5266432431415524,0.6062631075008569,street_level
15.122621019890543,31.25054504238421,20.783090801073637,0.2657802305740118,19.261105580918837,3.6975194821306356,-52.3330905944596,4.0099113675240226,-2.931446358828855,-62.87396387650659,-0.018803734180849574,-0.0004152837048793448,1.4531290425040964,1.993918911115951,0.5588987940862027,street_level
4.766411195426102,16.068717079279175,4.4562537705561445,0.055818662828483336,12.921459423932191,-0.07028836702945984,-53.57669580294662,2.725049506568439,1.9381687352788646,-77.95519125003145,-0.07866694133892814,0.029818090277357504,-0.45692711994777646,0.5940969899429971,0.9096146219363538,street_level
18.598577439559207,16.745080717523763,11.290792590947142,0.10889146694423325,11.885309994384182,-3.8407190521170547,-67.02681012341911,3.328575580462365,-2.4789775266992047,-71.03850657226488,0.5967286115110495,-0.014657633121528013,-4.2188947549168585,5.273625926052126,0.5049228726743887,street_level
66.42789999764157,82.25742324804388,42.3367401804314,0.6887930516201345,4.154439104359352,1.3305467369409065,-77.15523240982759,5.336395845589366,-6.303391668038313,-73.65192691018699,1.3946778459097608,0.14111156981511958,-2.068309379435199,6.669052318452469,0.7765300987422603,underground
85.95787282554907,91.86786427131554,39.64661581814885,0.4980050802858064,4.625168390988851,-15.518210794470027,-66.87185555360901,5.923498705306496,-9.726972467255676,-84.4198590119685,0.360844961385964,0.1993324464124332,-4.743518704468905,6.265625421116443,0.9133809119086561,underground
39.216932855892836,79.03016515667434,29.48604057381997,0.5722463231315147,7.755244140810587,-6.795456302975506,-85.90040158016687,4.422160273139049,-3.300429375996422,-82.6190729756453,0.1998665453899244,0.02207249371633894,-3.572486196633483,2.467195722144506,0.677201770870099,underground
54.08351218146859,100.13555873814184,53.40649059709886,0.41629512105087363,6.9759143934093535,-19.36757038900533,-82.0743772767407,6.491613220298316,0.5034686040643166,-75.01547632767243,1.0254038900608526,0.23478588672825965,-2.5880598922521703,2.8526027945863324,0.5375485029611632,underground
15.730810758074497,60.61305490687873,23.507303065361427,0.15118961695641167,11.408635025911902,-3.6979663997862318,-67.24958533777989,2.902244514897002,-3.577782432635969,-91.39721471559888,-0.6344007394536008,-0.04354311816328918,2.0203425074779036,5.939408870170082,0.8386206856802831,above
22.22162623549334,52.67705530776331,19.60674489704347,0.27345292877454025,20.992070704386748,-2.076831364080917,-79.70743759996701,4.909295770168086,1.9632312530742748,-82.42031833330142,-0.05832321201359023,0.030604686141930078,-0.3587637495415916,0.6246308485863354,0.8675281431438345,street_level
37.10826442322815,45.04011862632156,21.304873897299814,0.46655632851834516,15.511181501385288,-6.231880576885428,-81.36485580541544,10.33483853597355,-5.328315648593408,-86.93522515351528,-1.0987503440328323,-0.1692885870297728,4.041524951642774,1.603605995769421,0.8534092270965462,above
9.139990654298488,11.714928633903419,5.630886108724508,0.1228453813404292,8.425056702530465,2.101697076921175,-69.21718382516275,4.4490105299990645,2.205459384845229,-55.68955675793515,-0.03877698996301593,0.006107519864536837,-0.44024914380754954,0.4329099841463373,0.5344576117671489,street_level
88.13058358180245,46.277406329164,44.102574911372386,0.5670892317737289,7.188417489323756,-19.714940413703047,-75.58304058059979,1.6105852871540876,-9.559416663690971,-67.33600572198658,0.486467252749428,0.042685359856416076,-1.9031343668374596,2.376180582562454,0.8478446462419511,underground
31.31592359580657,33.50169924610772,29.490151483184125,0.44282939125926235,3.220366039505911,-9.970263413856554,-83.93500240727512,9.262543010799686,-4.973046261021407,-82.26600773150152,0.657927893546939,0.02624578753161963,-1.7191008880630907,2.806436612916815,0.45207481812224287,underground
8.220787450414694,21.819664203830193,14.131225568876538,0.21009548112661022,21.8854323704281,0.6389767258702088,-64.55997355328823,13.581688963133328,-0.5561426187417267,-59.63599711907038,-0.7746042731627713,0.06850715996919068,-0.3363626907503665,3.1452371886870507,0.44716619314974415,street_level
41.03039500866008,79.3921633070612,45.65066386187002,0.8479916711326869,8.418632972335057,-14.440601882300811,-78.15250480831779,2.7973628650488047,-5.813764673999614,-89.91921398481342,1.4285903038282066,0.09586639437832599,-5.215390140954703,3.2659706772655284,0.5186291861927079,underground
24.843169295637647,75.48350430949746,35.50092801152715,0.24703883138890548,4.030897402399883,-10.232597417011426,-85.5551671202103,6.574770571559536,-2.8432674067041788,-91.45427470339156,0.26629375304123926,0.07970812572199273,-1.6300875910266641,3.803209810041361,0.7804115197467885,underground
33.124640200610614,46.14622424325728,17.17047516874596,0.16706403921518714,24.229129923070186,3.8985909442512163,-59.20257343219277,6.296983851323617,1.0846478750957198,-76.89179602659719,0.11368739483965143,-0.0075773078378776546,1.4237019594357605,1.8558520396667615,0.6697998228467266,street_level
8.12348347745713,16.605624055139188,0.34230717926957177,0.08076553203102789,16.305592760995978,-3.757487401583975,-53.31602126526812,8.375419886777227,2.0736115835800497,-52.49612651824423,-0.068959801159317,0.008606764745878986,0.49873216571360945,0.27702714041238735,0.5912975377519532,street_level
33.398366567146056,29.893669830294144,25.29596115851663,0.302294334485248,8.916973789026729,3.1281004609752543,-72.4098227067269,3.7751628706877924,-0.06896005733688249,-76.06468940035062,-1.378809296364163,-0.1455168806901705,1.7517268787799802,4.360926009818774,0.7081915063138495,above
26.187903032577033,32.4972288485092,28.52712296279281,0.45803924913253136,3.56259987552066,-3.171875484245035,-76.52156197034807,8.106725215369059,-0.4307974111862958,-58.162607421493625,-1.374714292472362,-0.05893357065608934,5.921167130402913,4.542305457260358,0.49456710729104597,above
35.58558439660064,71.39152966598053,20.520217372052755,0.1062354526019813,15.997360749166331,4.87055616060381,-57.60852425720041,5.518711704843719,-1.1759010486378827,-72.17839594626668,-1.4555697636336749,-0.1509853738556804,2.7085551583817904,5.510292748333783,0.7924085863939966,above
23.152509185593825,28.818125546972517,27.182963299694595,0.47151348062357823,9.20250443077268,-1.5974553136649439,-74.83687904302442,7.685112705615732,-5.177429255069855,-65.01555104778336,-0.5532916871031668,-0.08768361411742209,2.8736914287691753,7.049928247864849,0.7066890994857338,above
29.47509582594101,25.852104982507832,30.632029175568213,0.5756880052525284,10.58862206567245,-11.030264597228395,-86.11773241873763,8.49806645352283,-7.183063606842284,-80.88995165727533,0.585053411767692,0.07648445759040837,-2.533504125591442,2.244338936948571,0.9971069752957006,underground
26.70851877968721,47.1762286861785,19.874518937081017,0.2052103533628814,19.83585974976074,3.3126308281091816,-77.26226199416624,5.165492965485331,2.8616938135258296,-55.32441301682934,-0.07567485484866167,0.012711453737064941,0.5024732585370062,0.7172426415190554,0.9908392651314935,street_level
28.035521118573318,105.9674001740947,62.89817390070609,0.9316875615043656,4.659629723440615,-3.186062396064191,-67.54256349394038,5.977156807485087,-10.851459906500263,-86.87883238153196,0.5590425218549266,0.20752219915364772,-1.8673811272866905,1.5190546682385626,0.8233502831083844,underground
10.585095905038404,8.304246184814904,0.15033976123925386,0.022470881280122184,9.727543968631373,0.9809581463255661,-62.029238961260205,4.742660936938935,-2.6222870598912458,-53.08484393323,-0.14501962743761862,0.0029966768402100025,-0.1382225599940584,0.675050619171051,0.7384434218556936,street_level
14.892713175084042,28.438653161594576,5.254159008985955,0.10607111725246778,15.306712295125386,-0.3148413374045047,-72.0999911661587,12.621275293244894,2.0816314172913843,-80.49360837909128,0.6510452697878177,-0.023195623861004308,0.6722185555401916,5.617174842963262,0.40564429012633596,street_level
40.92560665128087,40.00043185998422,32.06787729571876,0.5551034924056226,4.164013394135466,-7.773228068968309,-69.84080571785269,6.858640188899365,-4.313612005474195,-86.05583782737003,0.5053858256438722,0.024637050046299496,-0.9675928712908526,3.6805682858223774,0.7567698878340821,underground
36.474160986403234,37.34636273390196,26.576701672212145,0.4783026024649092,5.601598748483944,4.787856150576706,-67.72920972156203,4.39357784831413,-1.5976810325744442,-83.98938737189359,-0.538974312740095,-0.12544461553926295,3.210104114919953,3.6200937537310014,0.9471774936752272,above
11.240652467381311,10.285493121026919,4.9034929631606365,0.09877500481537796,16.793617440739233,-3.6146146720002994,-61.894817472010985,2.5700402460229115,-1.9039376501579661,-60.94045603734467,0.07951891361608607,0.027658264650997758,0.43555432813797745,0.3821118304418276,0.761653619107348,street_level
26.322926127158322,28.869534942813203,24.276927783094944,0.2775937804430284,20.416066576581652,0.4324985695273762,-67.35263023704078,5.018790053070944,-3.0718869706114553,-77.1989813086066,-0.007712696617524273,-0.017856243733795962,0.1103644073425829,1.8185486015150596,0.8547788533298568,street_level
26.22303399638168,59.16315588643547,27.046786093666423,0.16324440037253585,3.9467915959772015,3.808386053094237,-56.5740923935352,2.87773942910598,4.609296121209512,-71.65383812918475,-0.4335106159274489,-0.06055043609626484,6.285968082085939,3.9329300257017716,0.8710938346833932,above
13.289036629320282,34.761936504416255,12.66265759042659,0.09451527674604152,24.82342491039409,-0.842316143681864,-76.33586837416728,5.4224568262206345,1.353187445193095,-55.51165361897764,-0.38424826390892763,0.07344035716291428,-1.0388877774915715,3.966081552126531,0.7366165614157136,street_level
7.695632046520109,13.922150056115889,1.0164490499610754,0.03471708930764513,10.119598125180897,0.40899059442089136,-64.2638102506918,9.14469804761001,-2.45421008998579,-65.38941940527761,-0.07265269359153455,0.022796376747132238,-0.10651493313286597,0.3640376939387734,0.5608242963680912,street_level
25.79520558666262,33.53826537131433,8.8090516918492,0.10312326380233527,23.449161746844837,1.0428770480723397,-52.688258756999026,11.245150368541823,-3.795483875019645,-64.37264457897996,0.1808458443600154,0.006973723448896636,-0.7573717557922832,0.8704342757236838,0.8656991705666859,street_level
17.105113063432484,32.488810291456296,16.602109232556607,0.03904940292627973,16.415536767114595,-2.7385683622474177,-61.106970396084705,4.953588392053808,-0.03035386142511154,-69.39014438415124,0.3166219873235365,0.061510194928585865,-2.0328800493832753,1.022097876729879,0.6303656349915501,street_level
32.47200904314815,27.780561528245787,23.56835530265419,0.18794323143021446,16.664188453226913,3.2161032377478165,-56.91149388430618,6.746021819470744,-1.8077929688804684,-75.57387815043859,0.13925523598054093,-0.02768545903947932,0.7557700764094086,1.0428107508578586,0.7028831892795964,street_level
16.72428404627933,43.695641980522225,8.389359701021856,0.266576828272332,20.163253482343492,1.3349778890287523,-62.963901611241624,5.281893757548629,1.1909583797316632,-61.31060819157014,-0.01341912269055931,0.008103267424557803,-0.5599389987283013,1.2739465234950869,0.8528938143481961,street_level
19.41723192791317,18.952608898651107,8.893987976728495,0.12579237418648861,21.900986617789282,0.37905897180701587,-66.32260025779223,11.239189631684031,2.8553278856998467,-57.13371989914969,-0.46217772190284345,0.033967156015115296,-5.249754794359532,1.3774314309675324,0.43588653840767244,street_level
7.064305016234257,12.987636665810228,5.921703635023178,0.06554961737145122,12.432210940651501,3.0126479681034484,-66.0574065696106,9.788737830750462,1.1919484566327263,-65.37400510870268,0.047247866295535484,0.0034063570333634566,-0.0013671927238437798,0.30787218390308,0.689324351947316,street_level
20.790352179099933,40.881530746948876,4.138402418235092,0.15263291251092698,18.66549227015409,-3.8295420108057217,-65.23855064291223,12.137289031233827,-0.3537715072373038,-56.575501003452416,0.4250781866285176,0.09097852033202034,-4.182723245543592,3.182685863929543,0.7080498685901905,street_level
25.217994823099737,22.77747991481016,18.204064528016968,0.22688651462928722,23.61518995620496,4.95244525117651,-75.60390225605393,9.163928953453981,2.5445297043968482,-61.42214473985724,-0.09277320088320545,0.004249533468422974,-1.1101292081954666,0.836639864314163,0.6218736883861578,street_level
37.78101340752999,35.84843785444855,26.722223320286584,0.46926600652539585,16.97059515800455,-4.448587677792736,-58.880478201965346,9.950115901592868,-1.0710594993680616,-70.2030839689076,-1.3284861252605669,-0.23400223061118713,6.633255033625119,7.432905968903154,0.5058226795894409,above
81.9302654596623,69.33885410739468,16.244758961529502,0.8835927063039142,6.886719124283895,1.4700656004914485,-65.04516457824579,4.240010152486848,-2.273105090990576,-65.2784783484997,1.3573779911420885,0.060849216924339186,-6.155945796159478,1.8892658478899356,0.44873874982842693,underground
11.056732664202894,27.33599009163923,8.946157820296971,0.03650405516397164,14.79780986872527,2.414237984395136,-54.01772198229381,9.331454285242911,0.6509832770998925,-74.86093689339434,0.47739207629743197,-0.042716331297609926,2.559191374378713,1.289213742716072,0.8394048682154893,street_level
13.201520957805167,65.05981726536392,28.83040690767676,0.16401752721944585,11.372350384221232,4.928859853371106,-65.24965699514274,8.207957103090934,0.5815029427637626,-74.31733882046771,-1.0936099998318844,-0.06466211807810629,5.582993228775369,6.026913372820721,0.8824790551290836,above
43.37904818393966,53.658456944264145,27.844830408972587,0.3230668756033023,13.872387132311014,-3.9398778092710227,-73.80149228260495,4.151401391622059,0.5519785729488245,-91.49618439532743,0.35612424440668955,0.02620728947911726,-3.037809001187983,3.1273090806744763,0.6318112709453603,underground
4.164041687956271,9.038469879198296,3.857614410287378,0.14216234116734827,20.549862649097193,-1.924166977983667,-67.66371788802954,3.6038415865642817,2.8967216374180182,-78.90685046951651,0.004622374971978538,-0.018807046879492154,0.3713860652416304,0.7444677046795023,0.7712228680763655,street_level
36.201624418893886,69.95977906950867,27.97678977198147,0.5289928781132911,5.051222820803199,-3.5089577137166863,-65.43659426852355,1.062584395582728,-6.0545720182376925,-64.01585591294806,0.42407762531780924,0.03400892915227841,-3.9374267887081613,1.6162114488604944,0.7855463093585846,underground
13.241291655537632,59.9838377263775,17.880071510704585,0.3397802477017839,13.603152849613041,3.13366007927452,-67.18974964079489,9.851108243642177,0.8799643936111154,-83.67162548692333,0.0801941702966423,0.030421563154861615,0.366485160992033,0.4672961543558527,0.6651391141750339,street_level
61.53850789453145,115.2345954795748,79.48867650919307,0.47159806835723317,6.192584737537944,-5.289391910298612,-71.81574966917744,4.4944788549110255,-6.51054992211328,-75.53080187976349,0.7643516307309792,0.24800494136796822,-2.4197755618250456,6.158084278736424,0.7315194824037764,underground
47.19414360570603,50.29124193784665,46.72545010846265,0.3769153582900728,1.3000579287829728,-2.8717305048653614,-76.05544576224749,7.108477427629687,1.873354733888771,-84.41435754170617,1.0859344788381389,0.10747731688079429,-6.900300291073064,7.424252915476925,0.40926611626253073,underground
26.235269140867896,37.4572487483526,10.72397279479851,0.14965810891349846,15.64988729931068,-2.5403027766591135,-52.4896892026945,9.522120855618738,2.3644269950667596,-70.25005879019368,0.18925186039824463,-0.022793645454154982,-0.48890003655899417,1.8614700567797486,0.5536316538215257,street_level
35.142460899315225,48.08841054366222,36.87204575901393,0.23939255625440317,13.387219446596532,-5.818040864780454,-77.52927017590862,4.850043712563544,-1.3091729976945885,-75.63578799838143,0.6473265727436002,0.0786899940082169,-2.7149278319641557,0.9012299158398012,0.6797951859466619,underground
10.880540705042783,10.049196248343993,1.277959526728846,0.12351383572101453,24.64933992382386,-2.2090092603716505,-62.01016133201597,7.912208160288167,2.8942402685811377,-65.3955217027123,0.0879366202559192,0.004371018033768298,-0.2110674083716686,0.5381772184407999,0.993499218930614,street_level
10.107872127054783,10.485623581921388,1.6752452290107847,0.03308352632786205,17.89618508055066,-2.7045146488651985,-67.2580601104919,10.90608326783344,-0.08833460138608373,-60.118935752946925,0.08668073853525213,-0.029839883035445776,0.486711236583665,0.7462486563040409,0.7543127352590718,street_level
33.03533121381288,57.68985861856457,54.767940875151,0.6937413007970971,4.9155948455010465,-15.896712468261667,-88.6394762088669,3.6640376575131555,-0.6700403470631802,-76.66352186196747,0.5163514959846633,0.14894367388000485,-6.830970854171977,7.668356470193506,0.6258982999495987,underground
47.87051541574398,95.95068451621245,47.75593328141955,0.48994311362088505,2.3018027701661667,2.793305083637108,-87.46475096487738,3.884567038143909,-7.977230319067919,-83.37238604626975,0.6245696936410964,0.06563570270756927,-5.470785114244094,6.915111565891605,0.4292160793372921,underground
34.234532430935786,53.74183979017918,9.153985762157339,0.2650754616597498,16.56416130692896,1.1499732728259024,-55.30902698468843,9.821203751207692,3.529374336890325,-60.08781853124905,0.11061538029235995,0.021350655819410203,0.6606758707789475,0.39764094673877937,0.7148620220711064,street_level
36.300298777482965,77.61028067519365,9.31620735058852,0.4245195148006137,7.202352164226793,0.862663506158011,-57.471689753204345,9.327111853591715,-2.7477845057057677,-83.63012992881167,-1.2495844105109026,-0.1841261050273158,6.274305246474319,2.712667098127473,0.9723353950748116,above
24.938395104926624,22.11162838426684,5.152876830850866,0.1588274917622538,13.886872358334404,1.4926596288364697,-54.79229857404084,8.830170329520183,-0.9023084494820579,-59.93745290623919,0.629234289582826,0.015429088832227461,-3.1427237865887316,1.7271625502525292,0.6850268694203546,street_level
60.54760875332997,53.802565693360336,45.56075969779407,0.7901507021003682,6.592501873633966,-17.195710279692786,-89.79007455674017,3.3056841356327373,-7.5053144235701605,-80.36091258506497,1.1272338592575655,0.13960374044710133,-3.8455863219232773,3.8266249112221495,0.9469238316031569,underground
40.102043207326005,30.801364656413664,35.21589187301319,0.2833698308208335,6.356945371437123,-3.5478172473836604,-65.67123975126566,4.424123364451798,1.6753910665601932,-81.71967841180265,0.16376715115191276,0.0370528988161231,-2.4303344675203027,3.433788273493205,0.6545766082496751,underground
4.820104067535634,13.135348645166612,1.5760515377264028,0.019257241103359416,11.847881727624337,-2.411374016863075,-52.41810410040107,6.568834206925513,-0.5206069706228931,-81.60168908600181,0.052095161688097136,0.008685203414181691,-0.08711242698158206,0.6968886489348065,0.527967686843223,street_level
16.715435434928906,15.013994360538241,5.710706934556361,0.03079651769846197,27.214320711007822,-2.448984798667194,-68.93297506137014,10.57133083961089,-2.3102699423763786,-79.97454283500743,0.5783231749715874,-0.009133553739447325,-5.540058616418127,3.559912474358086,0.6936119394931828,street_level
7.536471481689081,10.923134508588765,2.027865856872204,0.0026518146850273705,21.515023601167428,-0.7157989300020136,-56.29795672657752,7.08302813104415,2.669541180094636,-60.538781007974556,-0.018207682401200714,0.021073266000002,-0.07968198921288272,0.5712637006113589,0.5734328935753403,street_level
33.816788809028324,36.58988446958254,27.842059249444677,0.2348489574362128,11.140508973476427,-9.256090496714869,-65.82923766611275,9.211904653415498,-3.848343044590809,-75.50433248497725,0.4668250737224431,0.05979014998140224,-1.448195172957428,1.1644552210884598,0.5377605262229433,underground
86.1073916175921,58.567237174753224,54.811562174981624,0.6224883797708445,1.3572573275557287,2.4715722869472607,-66.92340295021454,1.3776292042632168,0.3296635746039378,-72.86816413096021,0.7891001675858602,0.23207606510426415,-1.5139320870142736,7.168283352660448,0.957021685190841,underground
79.55260770099818,103.67474826896814,68.04535100473117,0.6211027852168602,3.634345422693146,-12.795066784279049,-61.07819021036482,7.792277838728381,-6.091676813788371,-79.0223115586821,1.0751241433622503,0.1374291920614949,-7.411514248672638,3.350209825554752,0.7811119379838629,underground
27.323025745315604,30.708643279192962,21.996691543356697,0.4238740206365541,7.518925192154189,-11.043418189214012,-82.1671309897192,3.783476634257638,-7.403499694842226,-66.01194253622633,0.15432172919910475,0.11982377819702726,-1.2325631874953453,3.4109018934286226,0.4216645238449701,underground
66.28370241815153,69.04680872844673,43.295366775669706,0.7398025773353428,5.239899979215319,-0.3703524955971744,-62.89932951806331,1.8022962068121924,-7.009508548764946,-69.21070554815746,0.33490106867344094,0.187844298860264,-2.888227558153348,5.798675467064458,0.5738878805203843,underground
24.655242012902974,73.5686032474459,13.115496799659297,0.45277975518485203,6.36034016279614,4.109380624602839,-66.34158696945994,5.099164055425549,2.4646810500139793,-81.053760866479,-1.2347265225035153,-0.12875471900666488,4.9618042904392095,5.254387087893123,0.7491979898088241,above
14.767389018679694,15.53814095139925,11.168198133754576,0.0449065131367668,22.941832722429503,-1.1027534937947454,-50.42962368346481,3.6389710928790713,2.573291073568633,-79.86228155977038,0.17774868789873943,0.022153683659643736,3.23465042178265,4.482582349614162,0.8621453598628104,street_level
44.55352749656113,112.43555152052969,23.73485964766225,0.7528685291554598,6.202072820319437,-9.066947604424705,-80.03596483574825,0.36485544363592126,-10.713330800053988,-72.95394912525924,0.7475075374940773,0.22080520732701187,-5.1208558566397215,7.551946872925457,0.589788357328473,underground
16.16437314517352,66.54371460127112,35.02493749395893,0.5304591126015727,13.836062498653952,-5.660661668867569,-87.7266950289926,1.076977475599707,0.5077146853799785,-89.79917481666897,0.2800844768811809,0.10843226194670222,-2.147557501035223,1.204638830699599,0.9342072129160707,underground
18.47517385548166,30.841037775882477,8.6519738366263,0.15484009224422948,18.1893561128397,0.14885218068063022,-54.47545750486921,12.494003087768476,-0.37132265202100356,-83.35016377949204,-0.010697675705171994,-0.029993830170649563,0.09675806327334868,5.483019194905931,0.6490299507344928,street_level
9.497231609406892,14.898345789973856,1.7484327178501125,0.1234001052565854,13.531388171626155,1.2208073243076143,-50.42808537594209,11.741809954457377,-2.991462674297706,-72.29045251382193,0.09179505800282792,0.026058642153286966,-0.23026366557109412,0.7916011881171963,0.5844464462093858,street_level
43.91985782799125,72.66610865146862,25.41143073664447,0.3605353743731138,4.946173861093376,-7.20788654472601,-84.70957172673685,8.11253053438752,4.115206713041637,-68.60645073624907,-0.34268895214146244,-0.16911646336365743,6.864126457257676,4.365386182107449,0.5208312292617809,above
20.142629663574105,64.27777606929288,65.11727300394688,0.9428212120648206,5.666697112179069,-5.6566735380910576,-68.05215600199804,2.4953541959124346,-2.531741487257646,-91.17617776169841,0.5147691876886253,0.04544151476912221,-2.688193397443613,6.182903949004145,0.9593617419287497,underground
10.701035396105398,12.362463389123834,0.2180854682175093,0.11406290468546104,15.217442902233728,-0.47383000264082753,-54.349796870999654,11.228948149760631,-1.0845724038568991,-84.21123875801385,0.07083507774915535,0.01007001955124142,-0.33026115499526787,0.1512986966158378,0.9638885208088119,street_level
7.241347012658675,15.251167276490628,0.2912445885549222,0.09876853366755918,16.648580032167395,1.8572777272518017,-50.95662676107629,10.45100561407543,-1.0960354684080058,-65.17139805902161,-0.1386805927987557,0.0026251673452735366,0.49195709785597097,0.7079591168691279,0.9732914269942403,street_level
24.49119304552923,31.094892666578097,12.427683244322424,0.09164104400451797,20.61358642716874,3.022515577369873,-64.02083756492061,6.800145464991275,-0.8051903592545795,-63.55557371011493,0.19313358188974783,-0.01943245781307719,4.800531556687972,4.4859102078406705,0.7458844932354585,street_level
15.560314932515208,22.832424897702374,23.45689289757602,0.2665666219277898,8.569005044265854,1.7334862124001207,-56.03058567785954,11.615542598417205,1.54945462620144,-79.27533516894378,0.14429003820002828,0.016880656660825055,1.4657993013867823,0.9734988985142021,0.5866608476661487,street_level
86.63404075650995,90.29349489255887,16.31628037514046,0.85826877555738,6.6853317612982535,-12.936999824659235,-64.85516061457075,3.7051854830687923,-6.719732258316634,-79.43232570375179,0.966628877051378,0.05553603842587755,-6.806594356631317,2.6622371294721523,0.8427255805752607,underground
23.130908078175104,35.67126597906642,7.991587625463069,0.1681895212083476,26.383847919257995,-3.896790305342873,-61.46370664295979,11.731851596189266,2.289433923503559,-78.01645503978564,-0.68233894515717,0.003358031558164082,1.891998540904865,3.4592733455859133,0.5657884584644439,street_level
9.87286254368766,8.498227278254875,0.7258152691338979,0.10273519789368714,9.066787664118758,2.2493475492136294,-72.25696277448942,6.410560963259331,-2.441656339748961,-51.19356413837543,-0.08133195217805357,0.009601926264741815,0.013538463496054698,0.7660168395508035,0.5470602201398456,street_level
44.25594991954529,72.33796582488435,78.48830067938356,0.923886879249252,3.8112269861462744,-12.379866913098404,-63.24508642865838,5.225843405265959,-6.173737262459072,-66.68578135318745,0.8083191934607603,0.14516630177607734,-3.136074065568418,5.1539242018847045,0.8100776520383237,underground
4.595561657669434,13.255801899638488,2.586890631760939,0.09058596940594493,9.14438563302971,3.148288827944759,-64.33012003190426,5.447361640175682,-1.3045384939252695,-76.31588136163924,0.010352369903056297,-0.0037961161951410027,-0.25281187983343256,0.10808168716910692,0.693923162129676,street_level
50.11408609292224,43.35832263530382,28.25211602237664,0.5063428784064893,2.0205908766060334,-1.8320102064850943,-73.66138979603124,4.351722143047564,-7.010220921479888,-78.27914577278938,0.4214974731229214,0.08964072806165571,-2.4244485017543393,4.7147022874480795,0.9979386775951073,underground
9.624946211344481,44.24873049167836,12.169055960204155,0.20910377702150337,10.46253647872505,-1.050390555555989,-72.81752455069342,12.844173466855512,-2.126606583746636,-58.17150993714448,0.11454801511280588,0.061730319440403386,2.450489105056816,2.822261636579273,0.41012997774503657,street_level
11.52120258594739,33.02804683207002,9.232360118070988,0.060295671237682494,25.882319292206006,-0.20744456147010748,-53.551691343038705,5.130568535451076,1.6681822416109497,-60.57285324164932,0.7329932485925086,0.06009814777605332,1.005997190896176,2.6000388228253506,0.6983188506538734,street_level
21.592085478285078,25.223231628971355,22.04273398934076,0.1722226284730799,5.6176143553276585,-1.827140327915342,-67.38600724318886,4.504768078465338,-4.158673394155541,-70.75864718514153,-0.358020881614844,-0.11024285734849654,3.025820723488994,4.38063624650926,0.8174736496869683,above
9.86596740228662,21.07654094537356,11.926979908847539,0.1482652414514189,27.308786555443735,3.0480217780908108,-61.31278181651669,9.274816875883191,1.9324583568107254,-64.58464022291354,-0.4644866610128672,-0.0743414676812893,-1.2082233505470068,2.113477728168965,0.5325661090024032,street_level
43.72807561832863,32.464910800232346,11.483019453891906,0.3287728305126808,11.23101064234804,-3.094907370630546,-59.78854958365204,10.453415934402045,-5.403453867307425,-75.82432590147617,-0.46402406018080256,-0.07530920247510417,3.4314803295085268,4.83146091057319,0.8644491265493673,above
9.250145369685491,32.377694679034654,5.8348159588666855,0.06617620280433263,25.637999207028173,3.1688318185466775,-61.12027631185846,4.72002684220974,-2.6444803242027293,-58.24182801095256,-0.6019326386031602,0.08606188302351983,1.857881576445303,4.268877703040237,0.8975939977619907,street_level
4.131736793626648,11.996369188906133,4.634542983570418,0.1480366161480321,16.308007861487084,2.7078428906292125,-53.88703428081954,4.468694793395315,-1.38618192401125,-69.61423275155022,0.03170870429952552,0.012435526161425355,-0.13888387534130164,0.08989547737837765,0.7152747880599288,street_level
44.20263880083666,109.67258812240085,23.42534706252863,0.5935173964213747,5.051854703238774,-12.536246681902607,-62.181066330202775,5.918632602281918,-6.706499415415689,-79.91029467192253,1.3007286472560269,0.06558430657040042,-3.7376786905220802,3.184790513206382,0.6595684342570793,underground
6.023200482219376,8.327118649713196,3.7902625684367557,0.10107218900647992,24.2645111320916,-0.945342370799481,-51.72836701527274,11.790604571050377,-1.2353225159930692,-71.24197510178165,0.11821671987516683,-0.015192789169588803,0.41312937842369046,0.5349995751451015,0.5329223310000494,street_level
22.801124788371894,25.2187771407957,13.62588118691651,0.1480875009128741,15.227293669189313,-2.1491310336980183,-61.61779022662283,12.157335513951406,-0.860765778630487,-81.6740983071583,0.17449614717724327,-0.09788906149883579,-2.3308411040908608,1.8238510242249242,0.6667500048312187,street_level
27.594443037052038,53.2135863899913,15.2876474696815,0.13665161049016378,14.504601739110552,-3.9723526562083378,-54.66344896636705,7.8070807394252055,-2.8748485502367824,-63.893490881844656,-0.09378186998141178,-0.022885847251911732,-0.683437054036723,0.6150661099291119,0.597175958471751,street_level
24.415813136295107,30.17108232996882,8.405141079076072,0.11339576513613397,23.388700815295287,1.679720503599448,-74.9334145267002,8.875367383769202,-3.824002037985454,-71.31381645578044,-0.039554456544624056,0.007876516573242995,0.3515618028155867,1.2155865147104121,0.8345936154371669,street_level
40.00272248124142,38.751935099358604,31.059143023186195,0.3820738802210024,12.17317187655407,-7.839834134441777,-75.05170498651307,2.6858983275563872,-2.9717176650405164,-58.806329239022645,-1.3879146820052117,-0.1678400323739111,5.242881792813176,2.6269631036665904,0.5223306793301474,above
31.501008902567197,52.36335351070528,11.925270106352203,0.22365150616078372,15.862582831666453,2.1081583660475456,-62.729405833654184,5.267842584902227,0.09152493385162686,-60.04786105638724,-0.004496560077136155,-0.0021893796133749255,0.24599403456451352,0.719214610665218,0.7709761645661001,street_level
5.535541807707104,9.246329313211914,1.5737361844783462,0.06894510773362522,16.51460254344786,-1.0228632385361598,-73.95651736838467,6.58622348528748,2.61446143826703,-66.33749783828648,0.0639597525697016,0.0012349571619728987,0.46418211017173905,0.028679727178265058,0.9259796061917298,street_level
25.48113844628186,30.521457784322678,24.710137400185854,0.2991793171743534,14.384941924550592,4.86613544365763,-74.40014966387713,5.662972394376862,2.8252993420697035,-68.31101515898581,-1.1434566452984494,-0.13123148647439564,4.225678726875682,4.217996336121247,0.9230684427569696,above
15.56635490374909,39.6339793614723,5.887841699282763,0.10500228728572455,18.643239129068974,1.1821899943645278,-50.21337299901515,11.914618045533636,-0.06979254139658275,-74.6698961578142,0.2463542955529956,-0.077491578866416,2.9118552431379214,2.4216206494541046,0.699427501276753,street_level
27.514917775397393,59.729774781649276,24.663458137822037,0.33979806520271166,15.846316893634583,-1.9978863539552427,-57.18804724396232,5.643574028774042,-0.07934373932130345,-74.73762554937743,-0.00012481123928217985,-0.006467912408109559,-0.7412155414332873,1.82035054557229,0.580829441266228,street_level
5.753707204762711,9.416407824949227,2.312715290015854,0.061934407925223894,21.9405009841454,-3.8881798309436917,-73.18599316506216,2.4100035927360923,-2.229158045520908,-81.98655507487679,0.11782125028526844,-0.011271807882036553,0.12412575313025931,0.3667409613489058,0.9770580682521322,street_level
15.903240777851146,27.13129671670994,17.372089962686893,0.10876898310527204,21.496352372088374,-2.472049200231673,-71.66908060515568,11.814744433054315,-0.18456297059837823,-68.61607759836079,-0.37305369955328427,0.02734956638675426,-4.628260135866692,2.339615938457736,0.523125946052912,street_level
8.169222403506966,19.22934153635653,15.719834795563868,0.1790326935485378,21.585382339628346,0.31559799685192935,-62.30414387952896,5.934980539527302,-1.7949777117860384,-83.06048473836879,-0.05695876462835936,-0.0387155598825325,-4.907957212837395,3.698090945619537,0.6114329530528602,street_level
7.4583406885050785,14.521277197952232,5.062856446558374,0.032932232628892166,23.38725764951053,2.779564958406124,-58.5618165151717,9.57888392449085,-2.767784316710916,-68.44204598635031,-0.0483125121195756,0.00865337741022832,0.38694031417045793,0.5659845649881655,0.8281584644148434,street_level
18.37956119197779,38.8534254940735,17.040215429171827,0.3299149546227314,16.85149866972774,-1.3208973344797492,-50.1540444072364,10.099851721566681,-2.5287226940088257,-55.135447484319116,0.19904786782423553,0.0059379944484074035,-0.3132862951943176,0.46071668064905014,0.8653111083966576,street_level
22.674591943945913,61.2161147347962,20.81885410348548,0.4038378509454861,17.87180326687372,-1.5656393470958587,-61.315236907332086,5.751717105027183,1.0047101606761917,-78.17227335086224,-0.4649787195633679,-0.1000872835594776,4.672420410410984,7.952285261587733,0.7166643155001229,above
15.97825194191848,43.42539333170033,10.786388813950818,0.3292022212393293,18.987482486136777,3.0514774803761977,-65.28462176813534,5.739965023499926,-1.3416990833687095,-60.75034432677596,0.03180241312566645,0.013278175744694837,0.5815968719185767,1.6235198579444892,0.5609308084610629,street_level
17.372130266955626,28.21183145756276,7.825187575619683,0.18610557503731484,23.835398676719183,3.1248340030484245,-67.73639763729658,11.627493609275488,-2.655840485596559,-66.59797286575967,-0.20416572922219367,-0.039416461853605325,2.244604415088208,2.1268662431360794,0.42533083736359345,street_level
11.811678285067455,26.110531409504237,6.132489064437556,0.12928452742844665,21.318879398160398,2.9436765683734913,-60.153625621148834,4.745156590717155,-2.980387983066282,-75.94406279248084,0.2206324662067798,0.055272144553644764,0.879353194743052,4.526198619138129,0.8379541362135743,street_level
77.35939662765145,109.19878839508259,45.402800177188126,0.47885906964936154,7.803875599360685,-17.42403944302521,-86.3167095076615,6.892399947573819,-11.048071681928409,-80.93076777986623,1.1808660250965142,0.05174950803663255,-4.480463946019411,4.902551126268138,0.5335994642768623,underground
35.97136258034915,45.7613992026655,12.891287533037094,0.4933319164069192,10.68688405244849,-3.775640899881628,-66.6184286837641,1.8513713680566817,-5.717609455100598,-74.06821532845649,-0.35954399437144935,-0.2211813954030295,2.739983277178098,3.655703090278643,0.9718484985976696,above
78.3503582008247,84.67093481454154,77.47612346113698,0.6177258889833113,9.518525224888801,-5.570398288669134,-70.88032702193755,0.5460347330258788,-11.406685574697795,-73.12934255859037,1.043887749387428,0.04491714300315429,-5.142179476880879,6.802796097797463,0.9806868242290695,underground
29.65122289778588,34.42001131228343,16.09734869825902,0.31248569786227,24.05397100596144,-1.3029894694176694,-72.23380383606693,5.866312797049865,-1.188701688257284,-60.33306723503519,0.1847537335019406,0.03123924339380628,-0.9902777522877584,0.9106499128470016,0.6528818700129928,street_level
74.3458090969402,72.0103733233845,41.04294067455352,0.8860792159992777,7.5393964827577005,1.7325843867808857,-79.27875204163371,6.450310854934002,-10.22956527623833,-86.2497647022234,0.30550828409613295,0.18931402756741558,-5.194630819350728,7.3648733842312915,0.9574183209090066,underground
7.734895353798176,11.066521219240817,0.8176381524525704,0.08660587190445174,20.71176397213962,2.9360774184864473,-68.19545671475532,7.22084344170163,-1.650191177013993,-81.63878653991553,0.012014024670287587,-0.026510833481465542,-0.28605955136173467,0.5392848876517806,0.62995275469186,street_level
24.929988950239938,43.903890797297734,14.665859624460552,0.2515114574900046,19.828338845209963,0.58915470773041,-74.42499495349057,10.733329751742819,-1.673809668209028,-70.30919081098543,0.08373328899192878,0.03893274186059112,-1.1189799827418483,0.4539325224747248,0.687599905952758,street_level
24.556066184475473,29.54449960904906,8.053237177017472,0.28359588314220197,23.069775980261348,-2.2324721315983744,-76.84301598878163,5.347503081910881,2.5652285284069105,-80.56775300836006,0.09970377547043241,0.01549217047787535,0.5592262757072599,1.6980837422852184,0.5660906882278933,street_level
37.30903490386119,29.525830813109163,12.911241198278432,0.4688711712117876,6.519290212712461,-10.926638793034734,-79.97699071127707,7.65802426364908,-6.555688461045974,-67.44879370198232,0.5502084756011387,0.03451936925077046,-1.6825190766324156,2.0128908064417956,0.47939919813673754,underground
30.530410876627965,46.16624864750385,17.656200937105986,0.1621973258655146,13.411250488551454,-1.9958207580245517,-57.1263870343723,1.3110170101895147,0.43731978314391107,-82.22642771999608,-0.32225996254827494,-0.06280740787911218,6.704670252189306,6.750989073770303,0.9488185434692239,above
79.36464046875187,113.38693550661566,74.41050317097368,0.5755323978476636,5.227842093345352,-12.376316573651348,-71.02868362200357,2.5520264976120055,-0.18339206878169634,-91.01996663621424,1.0896051032569072,0.05237459935685469,-3.1542373575966147,5.732602826582623,0.9893119653094612,underground
27.341256580112642,74.43486192245649,16.08457715979018,0.39189808733029774,7.479899389193618,4.566629005814754,-55.589009827699414,7.399961696666479,-2.2519318818657896,-77.751888947953,-0.5590554412073696,-0.1089314601583167,6.145821204422885,6.18014106286578,0.6741043614794144,above
17.343041542119003,60.07939307534711,39.843498719769144,0.3880790463957545,14.89907633373641,0.16950963465520985,-69.09968996752487,1.9297683321354275,-2.7024935841415205,-90.75716135738055,0.5409610292511039,0.03380483173365674,-1.3558090632752342,3.972638832905014,0.8408313065837009,underground
11.948301615803372,32.40063102086334,7.825329660519579,0.13491254923124185,13.004854267618658,-1.591799964286304,-55.309423708987445,5.806073484363681,2.141776858843265,-76.32029614898309,0.7601793339426499,-0.0919558773033951,0.01605251287337417,4.303036095841757,0.885055649401036,street_level
8.571806743751464,42.46340471766311,11.854575803875473,0.1005629466254661,20.29028365161107,-0.5663484480336507,-52.24661449135368,13.576200427329027,-1.92814461045511,-75.6074592121659,0.6945263687427172,0.033052672598776034,-4.181436290105555,5.482567758491705,0.6505098658278503,street_level
78.8623708760487,73.20762601988562,61.348449825824126,0.901220375609435,0.6328171312868203,-14.761200272257582,-61.88308827862749,7.42369096362444,-3.1957394163339217,-87.66643063631487,1.2523540211276813,0.1700323913934946,-2.4156860295294083,2.1587574868124304,0.46837962420251766,underground
33.91298718234975,77.79977098364125,31.293169127361125,0.305880554740413,11.894744996813639,-3.010495925541477,-61.57929655531039,9.491678782617742,-4.824040097110428,-74.40454575071578,0.25130153129626837,0.07414410256730816,-1.252722980620376,2.523560272819328,0.6599507670504337,underground
10.700036358392406,30.331131122171914,15.278574125565163,0.15313953106500158,27.287948672099162,-0.6787225186038564,-56.79761746809185,12.759686250164053,1.0159513880592765,-80.78478447211477,-0.44063227495760543,-0.010196379719833809,-3.533324130685332,5.220445550103301,0.8817157213561606,street_level
11.787946522998084,8.255982732782286,3.4585346402686317,0.03921052020651637,22.673273287749467,0.48186780831190834,-51.63423571401754,6.928165776506472,0.6424964515280869,-58.92953002823723,-0.13835145164426463,-0.01787843776961686,0.07039426486925326,0.04462849977479433,0.7895002434724303,street_level
40.471394233190054,76.95137853472411,13.842624861170965,0.42593292996266474,17.145921761912824,-7.330996748936116,-81.7556038870581,2.2900245863435336,0.8083228765317987,-86.98894234555104,-0.42672371512598817,-0.24431198213921204,7.729736922231429,2.110012920789438,0.6081910568903679,above
17.242342824731903,33.10427510268477,37.18278817981874,0.5757577713277939,8.379192402231492,-5.044928973620637,-70.27253690873073,7.819070486836221,1.6814802501481072,-62.14615268393941,0.6907618154383738,0.07737826667104983,-2.829911556592037,3.8885717562384174,0.7237713140774016,underground
14.634719169434211,27.271447806582415,20.487903556286934,0.25899606125155983,21.03238362009587,2.2219774746239587,-50.254153173020626,6.099363540201772,3.754885832260997,-78.5918106770412,0.08307404034708887,0.022838474147831786,0.7303038560491304,0.16351233244890162,0.8346078444614288,street_level
30.448502005287306,51.46840216365811,17.779378774844496,0.16626476340895974,24.016348353306512,3.589064876917705,-77.62208379971581,5.872536590529446,2.324287073661152,-70.51961122208074,-0.057159581238254244,0.015418153036529582,-0.42611695597674437,0.8714480136351848,0.6529158680079892,street_level
23.56819549885533,40.91268177466441,23.229498920120452,0.5299615052947142,11.832796443885577,-6.964412371815409,-80.05851734757731,8.047980460465485,-5.187083076374802,-91.46307970266476,0.39564784002050973,0.09013716075761462,-1.3522557574733058,0.8403888381718752,0.904230378138817,underground
10.419027406783513,28.517692716281346,10.600150349517847,0.18675349674822164,11.703915256313445,3.790291140254971,-50.230031032966984,6.44545016566505,0.27185820436113506,-67.0935336772393,-0.41644709921175793,0.03851302856224753,2.481664611562831,1.8155802256063511,0.4950187707234302,street_level
18.999389210881333,63.421693198399254,17.243679055712953,0.34620759951266483,9.478999241150333,-6.681348475339743,-67.04843342452052,1.902118091181608,-1.4609638825210274,-67.78542758940836,-1.1855312377904612,-0.09813877803702731,6.606451384222495,4.273690630700763,0.8817291958643068,above
14.939395527150744,21.146640688558165,18.669911974158904,0.12213185358120995,19.535558030324207,-0.23845847822488242,-53.19456788362723,7.6878901135309,-2.151911480964884,-75.43675683475814,-0.011341331945968647,-0.017931908918721207,1.1596904351738075,0.040501588679181966,0.8498546325536771,street_level
10.05635780845474,8.092514136337417,0.34401066988323237,0.03970730113525335,20.022985168410024,-2.1401783331828055,-64.0537773799533,11.880729885125266,-1.986255757639857,-80.04508396156203,0.076697108602124,0.017711057847603413,-0.003315523821911137,0.4466215243221847,0.6253748262086636,street_level
84.59827289899407,42.05872506902417,18.65624312103445,0.8677309311583853,7.131770796522882,-5.64479265271539,-87.30066346831897,3.4178700675189075,1.3832187575863006,-87.90674731660215,1.081091970840972,0.17573085470355138,-7.424558883051388,1.904199628691385,0.6554032937533224,underground
13.72010868572061,73.67170737565453,25.769236035508428,0.1968713327913268,12.411983723856286,-0.25268465999824485,-73.27080037343532,5.57861862089686,-1.1256358465671923,-72.06229115714515,-1.499365410563866,-0.09875984569673207,7.970251745290278,2.526372237367716,0.6132905851667021,above
16.163567135895164,44.43904678981473,29.72679710855753,0.3441640885267141,12.645847554338397,-6.6233985114123435,-80.44202100188518,4.74920007028123,-4.593032474681903,-71.07565915401942,-1.3286534637788072,-0.22092865351556729,2.383331404049485,7.5654962095980895,0.6944894952596213,above
4.788989585937619,8.946056861767822,2.233479921679878,0.025281629690651224,10.60144651753005,3.327447106405093,-49.73871242209158,8.181552940908528,1.2752355022167556,-81.41965705434993,-0.14237009992558078,-0.005263609404389365,-0.057050593352640844,0.3575182397460194,0.9828491398647352,street_level
7.545126490335977,8.736504340513072,2.7151926614055233,0.13611328211470747,9.312573852261888,2.2747687957666196,-60.934003647377324,4.831603585966245,-0.2229443872173711,-83.70411765716975,0.13087511286216943,-0.005395413479551331,-0.03161516442666701,0.01721768617449735,0.8845579883773707,street_level
30.861231806420964,46.76434873510121,11.251204331860666,0.10083944112042205,10.724332819891849,-5.919502190218038,-72.17126773278729,7.9346174747800085,4.2698907301867415,-66.30738101917409,-0.6347589840881722,-0.2258209697881984,6.119179567174799,3.482558535911802,0.9097362873717235,above
19.101023912574114,67.05222161445946,17.183702066490184,0.49206472513718613,7.39111673024458,-3.62162843447744,-62.30985971852168,6.743170291803293,2.711288567143482,-91.75525471796585,-1.3003621806386525,-0.17625669528102,1.8797466340198055,5.686208129059012,0.6615250744003591,above
7.7374076326202,8.043280755514433,3.42241364635167,0.14258886578486413,13.923301676925984,-2.5340573425749247,-72.32553970181769,10.226429094749893,2.5152208122231405,-55.695741589707694,-0.05315001237095003,0.0021614650665293805,-0.2642860896020641,0.7004867336259065,0.8942876834882443,street_level
58.91962846613809,86.73504074746124,57.69879034983292,0.5065686698038312,6.891695200044015,-10.28742876634977,-86.40990611496696,5.942684911034256,-3.202593449663304,-76.19120206288343,0.5486083166043835,0.07368198437041396,-2.0228405536312426,2.8863442337030283,0.7454315548874946,underground
59.149703528770765,56.43836169975163,62.18846225271634,0.9863492804701703,5.781280608612182,1.4019487296228306,-84.50694777586408,2.9967537731463914,2.5992745989076997,-94.16416514148497,0.7943142806029589,0.20820789610624352,-5.025078066672675,2.274846482322465,0.957777734494217,underground
71.70860243447768,111.1885576593296,72.37988046154359,0.7609690740858062,0.7020531921995121,-9.877181311865524,-87.8980163955124,7.643179994934465,-8.406525388491321,-85.05968223477448,1.3118172054779604,0.04981265099183371,-2.399631305150039,6.561075926476668,0.5739563621521352,underground
33.54761969009626,29.147976179894023,11.822751534506086,0.44289843688664254,7.5866765057383345,-7.415602570069299,-55.460449996097786,11.252728288892689,-5.149875850651373,-90.958052645592,-1.2848466296681917,-0.07623349989291076,6.883001959698992,5.244294718801548,0.5961039410531684,above
32.418024933805356,34.740925494602,30.58675461181818,0.23776772717911332,7.937625406589497,-5.960089075592479,-79.411149060464,6.57016630699227,-5.118655195270098,-91.25345002463139,0.19260964707649414,0.08565877930364241,-3.75472920643593,1.6881348715323108,0.6442302511661644,underground
40.349050591851,48.58001745526974,18.97777310994989,0.3963063157947845,7.694988062127033,-1.337309219920133,-62.101397705729006,2.127530958573523,0.4735099808193599,-66.67764480113297,0.6722446559478263,0.05439908410261865,-1.5329315727940673,2.2030561099048027,0.5030526153126026,underground
11.332512462929284,14.64270276940187,2.6222779564462,0.10240423042253378,11.356258629425867,2.7872440643961722,-58.91802450562011,3.7264280775696217,0.7108202305606666,-56.909334231822854,0.020750801313505596,-0.02951565624438996,-0.11036187688211385,0.18769087797212267,0.5268514931095674,street_level
14.97449493474966,19.970093079862327,11.766849020447943,0.09896520927656864,19.992817089829757,-3.185542855533159,-63.03978433256816,6.127565908865819,1.1215354622017752,-78.4018236406889,-0.04352781821827967,-0.015193913260700659,-4.530322205899061,2.740532240262154,0.7864739106773986,street_level
11.200927150790982,12.324777085852919,4.770343892173038,0.030094912654369303,19.401229039382752,-2.1264372213570892,-50.71978573640266,9.72621286974903,2.6792022256712293,-80.57331067183678,0.012069084732035051,0.002936411034125043,0.015238434015671931,0.21741486591418432,0.5566918849976795,street_level
47.862538556494165,61.87724437672908,56.588354800154704,0.9560344026769729,0.531873830473466,-5.23295953439894,-61.47997479084472,3.957389183790702,-2.0534585530794374,-90.09006337946047,0.5658964028082685,0.18061661885899874,-4.080859746129896,4.726379152037884,0.9812119332057365,underground
35.311874736618876,66.08511635317599,19.34897000788196,0.559775640615168,4.7143644824935595,-1.3482834742747851,-64.05593733024863,2.455784973130428,-5.633947780743774,-65.97977060957602,0.5769861401752373,0.020829378880151787,-1.8216035197717044,1.846389749762857,0.43895030619612313,underground
34.99710477277384,66.5689145502372,31.19058233120766,0.3748638114086804,6.120661862544597,0.1379914797965487,-82.20123371397845,10.699709252435245,0.007225956359353525,-65.57697605970081,-1.084517689134333,-0.20211191841094217,3.497389839262726,4.580440489088353,0.46043924794623214,above
22.187642079587704,33.313055852272775,10.559036216711874,0.11291499723251003,18.70282310093625,-0.8116114575305939,-65.71249429348245,13.729873174077007,-0.010974805912774332,-74.98543080502199,-0.7922135123051117,-0.05805894058952321,-2.136279904077395,2.2678884948107467,0.8441642280851247,street_level
8.9781708992287,30.819629387074237,12.31449148926861,0.10067410133267572,27.025460169070957,-0.5664183763986514,-63.90846366871852,9.57915445877902,-2.6357645213810077,-74.71416109122792,0.7510739665039363,-0.019540023936118825,3.938591163164702,3.5423810262352333,0.5096975810788698,street_level
13.75601604308918,30.568919331778005,5.558863999978863,0.13461314378740127,14.110973312633996,0.8709538007811188,-67.84336120210928,10.5661935227191,-2.1045194043616267,-59.48971456749371,-0.47289305962251427,-0.045659063540111094,-0.3460386465478127,5.024256575430099,0.873852518434045,street_level
6.138463179126747,9.049230337374734,1.0280999103296802,0.0020988115159029652,10.354386435947847,1.5231814117432982,-73.23440869751474,4.927856370201547,0.4585335743378032,-65.39645500146233,-0.07809306379788612,-0.01471275099928264,-0.35655499126165724,0.7687689481181691,0.7500269837412878,street_level
34.726026506826145,56.06068466220966,26.86221036419572,0.4013840456602119,7.477988946210151,4.000196615685843,-62.14667888335781,3.9575338792924777,0.23482818811941364,-73.84137744185986,-0.9072292307501272,-0.05079856881326386,5.16006199157917,2.174023767144654,0.6306440255369139,above
21.28672260825733,22.161534921751635,20.952559627465114,0.288134628240271,8.073987174545982,0.28124115175376474,-74.69945179607957,10.645597347352211,-2.3666145304317476,-59.43026555054762,0.054395601851941006,0.0007772223515304412,-0.7511689480879582,1.0661260595388873,0.5127795376494233,street_level
13.118190441782374,52.762897683579695,34.63890212892164,0.13788891178326035,12.897798021599929,3.2418924034650196,-82.89137188237179,9.78119770550378,-3.1917030643942654,-71.57317008705216,-0.49708054802562707,-0.09331594162548043,7.7007379273840515,6.555414582097452,0.9206429043977444,above
30.16337840228557,58.40707232874641,17.205846973140538,0.42268760630509905,10.899146348302494,-2.162434192548627,-61.535072575825325,4.874984039390036,-4.072798156422791,-60.38163546451622,-0.48035087446866465,-0.22862338641949206,7.739288877332346,3.019239722624364,0.9356483879447722,above
26.41065050950889,35.46983327903632,29.134832530777906,0.47533334741617495,7.287399124267089,5.824545689617409,-72.04794741077392,1.849463768416241,0.8421257728508769,-91.21468828515627,-0.8798803223094845,-0.07912102581028813,6.890054028226167,5.403416911785504,0.8584277650893253,above
31.613794059507516,63.09549303085965,20.56474865726948,0.3384822553278027,14.951385026774275,-11.010130552582645,-66.53380359196476,5.7140086006174595,-6.514104259101191,-80.50217296378602,0.16192859688399863,0.11373180345141158,-1.1369264088361586,1.985299157862681,0.6075080801463169,underground
39.32181699545441,46.21560922468663,37.04735330644749,0.2225594078003487,6.329544997825549,-5.585112690665527,-80.797320441393,3.451511946051917,1.0528656982694766,-61.35898715473427,0.6153954748462024,0.04339861907104101,-1.7868639902962422,1.539106518529449,0.6711321683775412,underground
16.356502595352524,27.906410786324027,15.815910759974432,0.20002564485443072,15.097748636586124,-2.768695052858737,-73.85712676236533,4.505812284392507,-1.3212008297314086,-68.6019626763305,-0.20875558525691928,-0.023961638820858513,2.7156205452540227,4.320633420827012,0.7120217598365572,street_level
24.406958314674554,51.42893605819512,17.73472871142725,0.24548610892705017,9.037159345842602,1.90254547952489,-55.95538383786782,11.496366852076887,-1.4103784717375172,-62.49589658537626,-0.02808217561078412,0.02985588544060188,1.0150344182780993,0.7322529776375706,0.6050477925069799,street_level
22.798783438771274,30.04179642430111,8.404377017033607,0.2170275905767471,8.750756798240795,-1.2556164701066752,-52.37397140393672,5.787799196181984,-2.363901512509166,-65.63676542646897,0.08838363678659616,-0.00256539337742151,1.09605316568119,1.9831418337637923,0.7883124397532238,street_level
53.89720797822092,105.3219141672257,74.38244261261302,0.6686729351110317,3.356881575630628,-10.222287417639908,-80.971988238721,2.5457085731047897,-9.753308443629209,-73.86528761822711,0.344831373231976,0.12944123025585919,-4.5179776231329996,7.389794747387237,0.7770089230553592,underground
4.120353049976087,10.844126275195661,0.14825529368557722,0.12198870093383353,11.77272847664949,0.41330366962784026,-73.76329765977981,2.9410131916491924,-2.887552586886959,-84.5634255649855,-0.13921564909686282,-0.013794740567833655,0.2891902548017754,0.7467024070724173,0.8512220719838149,street_level
47.52239261849818,115.99337874931376,17.984451667786196,0.724369860990321,0.5798724118563614,-8.9489015155107,-82.948348875189,1.5400619622239038,-6.810942999936049,-65.35040165554712,0.4945195602151992,0.179030748827602,-7.317904719370106,3.694282226183054,0.41999522366445774,underground
40.367234913139995,61.58318138087731,34.99201742830283,0.13258923707049616,15.137259532105361,3.6958919954526372,-74.48154673770256,5.251343133141178,4.323803428710804,-67.60645637237033,-0.40651160146149956,-0.09433911596411917,5.362095106872787,3.1519187786629645,0.49205635223837885,above
39.20949991875982,37.45124653329471,38.099114296843254,0.37002048536344867,6.627136716932542,-8.455239246335035,-75.00905392380969,6.7324810722534,-0.15006307735527358,-64.3226251648717,0.2216262286666791,0.08911560736326306,-1.7349876372485902,2.24647835161663,0.6355764023472257,underground
16.080296569745503,40.400408898718986,9.440116151995671,0.12015875245158168,16.26123028823308,2.9805483427987642,-76.08330571311714,9.360179638435397,2.162302564046435,-68.81557302162854,0.6156777786951622,-0.06608057880073057,1.5691389542399294,5.5493366744306405,0.6083363164875086,street_level
40.640322106375095,63.028775331715565,55.30102608037185,0.3768002464930317,3.6556914336443116,-3.053191188019916,-73.14917706064283,2.838158446916471,-4.505594936469307,-83.45840613221087,0.4368596822095789,0.22530997620305088,-1.5016595127391419,6.708683524681908,0.5917258631995755,underground
16.048415509012912,21.193591990022178,8.244808740783043,0.046466054527673856,23.704315542102677,-0.4299056683174287,-76.50072687241088,5.064364689354578,1.6330314706367801,-61.84543364420273,0.6844715272227766,0.0151551761751431,-0.10166003642137778,5.7766393629437465,0.826298501067855,street_level
25.301930964657778,66.36575119459668,20.670867221119014,0.17597739915433375,17.830717422984772,1.283620912143462,-79.94616077968357,11.148135669999604,-0.1922918901689208,-72.25980185508524,-0.9268163381662597,-0.13371289032080697,7.879268492945039,6.501901669325348,0.7129599944871574,above
19.282016269558632,41.62789914162432,27.623654013217138,0.29398621655832524,7.206542268462662,5.898681031213767,-75.63585955433935,8.61142438170386,1.2428867015955793,-67.98224310173617,-0.8991012031778376,-0.08793757860004156,2.2559020243244055,6.585727793081044,0.5075048557196267,above
21.28056714499366,78.92723292221568,31.25308950180309,0.23419579431886817,16.32960352874,-2.1231094153352217,-68.20041968285139,2.920395469577834,-1.6874091781216762,-71.22718005815395,-1.225244743647759,-0.23125424207825088,6.517217833131481,1.6086794489646277,0.9310815694983217,above
35.93693396793814,91.72185693816053,47.925759090231736,0.7774549993801421,9.88678195507054,-18.00925945202991,-84.08455660409282,1.6510965644782312,-9.128333856960316,-83.43925190023754,0.9188204138253591,0.21012672935265458,-3.957878939342222,7.847308171648641,0.5844332449655844,underground
10.634479521194686,8.33375850455631,1.319992227335344,0.1357845719787935,8.02974535260111,-2.7383214631546275,-61.65054353764444,8.814652617759823,-0.2137490206561976,-50.62737230604644,-0.06486494345084072,0.01327227740758842,0.2605474645499408,0.7401251433260219,0.826461576157312,street_level
9.047068918816818,24.804244586437935,17.10754268869108,0.08768790572804944,16.47664556998041,2.619621847349716,-71.19748307602838,12.607147105221486,-0.0018076365489294588,-66.51806094478516,0.03584910061675328,0.05201794943929905,5.461636793382301,3.4092642174986523,0.481892845945343,street_level
4.729711550384667,10.232008839593885,3.1928279854214137,0.07984920374803976,18.471989042607746,0.6160127486105562,-69.68368346612165,3.2605916659512797,1.1388185796802164,-52.51386699678783,0.06248639008033183,-0.02924212786280955,0.049544208347789054,0.22501976514082625,0.8326226315770724,street_level
32.72340125523485,31.624764253722212,14.161699445036964,0.5074163626058157,13.261121734246714,-8.796936143508152,-71.91236911589965,9.937948336803064,-6.397417419602555,-87.40849979164281,0.4731665294946177,0.04793468896300617,-2.1668690471680896,1.4197744803602903,0.5509914919169966,underground
22.27557828042444,90.15434935876513,44.04471018455178,0.8677824526025337,6.068532038262906,-1.096871428110969,-66.80414880033825,6.318250318828528,-7.968902946840124,-69.7307435183184,0.46173130608216517,0.07995913519662234,-5.558100607905896,6.99168095923177,0.6589003994542653,underground
12.945193695968994,59.53427815467748,33.20385033258009,0.3012250701333595,6.870610488916892,0.6397234856268419,-67.71063313801,2.431149968905453,-0.7402787390320391,-76.6383893794274,-1.1805239294169265,-0.2098564329498526,3.717677424928533,1.597262180605838,0.9764308585166415,above
8.09685088421669,11.749490020726004,0.8132761881502777,0.058532999148133036,8.849807861169232,1.2039416167887236,-68.33376765190886,5.90140891329699,0.19828811938412017,-70.40902007719117,-0.07698386957382848,-0.014080903704014387,-0.27320692546536873,0.20066413417656054,0.7414171160593517,street_level
9.524755360011742,11.162940764535117,3.8613118150935026,0.05687158485092353,10.850973788332965,2.5552330405915544,-50.50875748544112,10.892626433765926,0.8655466674158419,-51.19843544489882,0.13462434206878868,-0.02820344440600095,0.40567776667087196,0.7607951348299249,0.569084401966218,street_level
30.604638955244468,55.690713433613915,8.363171807371936,0.4648405354170505,4.980509103807733,2.925968996052678,-84.20782144601728,9.074466454283067,-0.02776426444922908,-76.50629870741855,-0.37987591520615993,-0.05533189292915,1.952175598991343,2.0349308787028164,0.6265650622062299,above
7.37205454921508,15.262866161395326,2.2022475389565646,0.09042822829527729,12.83550266123958,-0.19143277498577582,-52.98772346535121,6.377375141302665,2.0590595854443947,-72.60814442615374,-0.08602276640129077,-0.004109083990106965,0.32762045580142296,0.3899141560620021,0.6600425588576343,street_level
29.920323005319773,36.458502607912436,10.048009403580721,0.3254672229904137,10.686936207809929,-1.9035254637000918,-62.73149227646432,9.545718245872614,-1.3235495606238157,-83.23203221814097,-0.07641097466227495,-0.019917737312582035,-1.4490558440803314,0.7991148150847742,0.5174006730139153,street_level
9.106359762255295,16.1929001294355,4.380337661308388,0.06904089916280588,9.107760912017064,3.501048122817913,-60.1354378425452,3.2431811342662202,-0.5840750068069473,-67.18834995261064,-0.07989155200709507,0.02127234335447912,-0.4808990567728719,0.5055505174494949,0.5366535946552337,street_level
26.389613946367714,75.00365624732595,61.78065371666529,0.997242900907977,4.159225997881042,-10.727099169859038,-73.36643710462599,7.3874065345665185,-11.591342401696583,-84.97092156451745,0.5316466652711642,0.17044326373112606,-6.0840959268403,3.136761139587687,0.9107375982769965,underground
22.955127751324774,60.50371592836447,20.962707231510343,0.3998513113609383,3.9926089499562107,-2.6602926167410867,-62.7907804309165,4.9021470540318965,1.0303659553516562,-83.38643046468684,-1.2975155989626648,-0.12407655871478687,7.74175070492015,2.5125157251822916,0.608815889412797,above
22.280240790732137,37.15582485699234,10.34436335199517,0.09019932622557567,20.10724112863847,-0.6123456974017456,-62.571370366501725,13.123902570399776,1.5005245139239562,-64.77675562823617,-0.31213931104583637,0.018150254421346768,1.6338786744569695,4.7290005432661415,0.5864783572279135,street_level
19.252898777602176,34.986899667702104,12.998778601978042,0.0740862883876373,24.472261618536734,-3.764678300127427,-58.730881676027096,8.206382514243753,-2.5279325128318026,-82.69935930138065,-0.5219932642094158,-0.024983215984901427,-5.69468833054443,2.1505386125115766,0.6183985070781386,street_level
6.86752856542604,10.111160310535016,2.5309525521819687,0.10998457162115226,19.576629452682067,-2.934477705222208,-61.16680180752368,8.000174184604619,2.3581762199136502,-70.93359502111085,0.009725150663098647,-0.027523928462401048,0.23592929443495458,0.10065715835236917,0.7152536369770759,street_level
10.24101065083374,40.979821075789275,7.9656114034175305,0.1940976637645667,12.723879911539727,-1.8777151325144006,-70.03715487399762,3.4519298474937363,-1.4745566437445203,-78.04211993701442,0.6802119571922898,-0.08436468260434987,-4.930698072925441,1.3767506649530394,0.615148409228077,street_level
13.425265299113462,31.493252954526977,7.589208893643537,0.09594755517063301,27.885240459733158,0.17424511682389454,-75.94885839532155,12.472609878317506,-1.0100808727861852,-74.38885756183069,-0.6597440130096704,0.04598344326957099,4.107138513666406,5.225685624167151,0.7491892369653376,street_level
35.82803728460942,29.1928350923761,12.534490239819654,0.468950723218324,6.822935709332837,4.973784449475808,-55.31514935883569,2.277144514874057,-3.772473405319706,-86.93285459885269,-1.0761271257419889,-0.14986825885365887,4.744357329003581,6.308514701949511,0.5415484219225996,above
8.367745093273882,16.320446903013377,3.761864933229674,0.06576298071336133,17.81487541467722,0.2386579890947811,-69.81174407586578,10.851427164323294,2.99894837366464,-56.82357096222849,0.011478178627328028,0.013078149836677821,-0.1327331898264854,0.6289913945606761,0.5887077504424008,street_level
19.209400557284326,17.879124783833348,17.886177537751784,0.18282486215702973,24.2673721519288,-0.9956943014268091,-67.82846856354881,11.651661077546295,0.39658952557173244,-63.95533215319013,-0.4207506429459226,0.09412612126215683,1.935003918726487,3.950372006061368,0.7969440334809517,street_level
23.120199134801087,54.952959139493885,12.646861418325635,0.3971824155183773,16.35187124230682,4.246853060723332,-64.68412052165503,4.986650359049012,-4.109743889966069,-67.07832473518701,-0.8790345557672248,-0.15391692209176805,2.5026239028750195,7.147880246805292,0.8779237775689741,above
17.82536961260446,49.87383078361328,20.547657327036333,0.32954090687824605,14.96625302620236,-1.3212576669176879,-72.58102756323127,11.310536563253404,2.007399655573903,-72.19949977671081,-0.033015124884437266,0.02926419035106525,-0.18939213530237486,1.0204530451461133,0.9060123924349663,street_level
21.73148516301866,43.06556001207268,11.366491974074865,0.12231965511994497,12.173922812982564,3.782831349595268,-76.54656611920025,10.866963955872535,1.7185760416277827,-59.08299233854536,-0.3209384666607056,-0.018372005655496612,4.206087262052316,4.924721391232239,0.7846025699304491,street_level
18.656041627465573,55.72243402329355,28.242351920459456,0.41012872091761643,3.7633758761309295,-4.90330863707918,-77.58244610707324,4.311878506210688,-5.772224959091115,-70.08276818095963,0.6905983881747942,0.021376234814379884,-3.093201604739712,3.0234102328626014,0.9084711414202579,underground
24.857355552725856,66.41495774101328,38.434037458036244,0.3377119327168661,4.827117122607503,1.8628891981363314,-87.75797939026799,2.49906488970568,-3.5272530818623373,-62.789352611582764,0.20670030006546497,0.04861509774269886,-2.3729221437214774,1.600462191596079,0.8185072134863434,underground
78.56012216397143,76.35343728429402,73.9248025792816,0.489270436259498,2.3781118492780573,-18.949095803077682,-86.51184729313648,5.773560661367462,-11.495353915510552,-72.57977618539081,0.8244223938821147,0.047261698356588104,-7.267050242263178,7.0022688699780185,0.6364646523192495,underground
33.716861938646815,52.52158604785458,17.008719471662932,0.2682955937947453,12.843804715434786,3.1566935835609495,-64.5564686072989,7.356272863836854,-1.568406829108337,-67.57175839039621,0.16681124922782922,0.0233165640401301,0.295069887456642,0.7719686532231878,0.7326331075918768,street_level
8.298855414725258,16.232821918182175,3.553137802178343,0.04053029250955291,10.387717866552954,3.721320111457726,-51.748545024066885,9.465600858831582,1.4413546118645408,-54.99918837245319,-0.002794045974213094,-0.020293196825569633,0.45940053243736434,0.051848715587667016,0.9600387333568149,street_level
32.3258213832717,69.16287467980207,12.861790737877628,0.20419710337767494,16.44416615907775,-5.889761086829736,-68.4292886631266,8.89331307854819,-2.1759460391925627,-66.61584212458018,-0.824010806392039,-0.14386717086313996,7.454303086111886,5.03953391080139,0.4371828285663496,above
19.106913849050613,46.78666407556979,20.95888493543757,0.210096949095192,20.46912338568989,4.554903854350464,-60.55265525551219,10.68635614824106,-3.4982816206147263,-69.12069226930672,0.17389974105223563,-0.014350044917675012,0.057240000957115456,1.4672934508599709,0.7255336031221695,street_level
7.497878606687113,16.539939056720726,2.102331669584837,0.0019406050540625552,12.701542530104202,-0.6611065053632315,-65.07985609916453,3.664164038714593,0.37878784831027,-68.87903085435518,0.09967423547181581,-0.015891769999549873,-0.016119710509151064,0.21663199607809994,0.8201815572971349,street_level
16.664647970105502,18.126651696769898,7.866573693907034,0.05735090722379328,23.756449852148492,-0.8308544787287726,-50.441865705477106,12.314323689699933,2.2825890285313477,-78.73425426781375,0.38828049284050503,-0.03518470967607912,3.9429406869297576,3.352072192895516,0.44816897573180836,street_level
22.32494854956202,22.635423460238556,14.960270357267053,0.13751467515620341,16.40033995345254,-0.5556875827485594,-50.747725704653426,10.568674749171528,-1.0896131801988749,-72.65528131515806,-0.450905423012277,0.04626295715641246,4.6303669928526325,5.173066782167752,0.6543851804678411,street_level
34.56657152309039,77.0588014882446,29.257716850055044,0.3808317522695437,15.028272372205322,-7.1407456830133125,-63.73852916330702,5.893898913058477,-1.3677521809650788,-62.12774505997145,-1.1384774043659567,-0.1605427501282395,3.958046054388592,5.080997270230896,0.7458601200752338,above
18.252572852725844,24.940250633844496,12.009971037029157,0.12174149454099423,13.474537588282665,2.177004749220787,-67.60120818721653,6.031846184097594,1.5819390904080093,-60.09253453003382,-0.6816830127083972,-0.02867628408614871,5.170205042221621,5.063002151081545,0.8312401455521589,street_level
15.435425025767378,30.14413384169969,15.734754465693609,0.3301399496429604,21.131865682176585,-0.28212712002706475,-75.80149210842006,4.390229177989001,2.3338536263636955,-72.96294896603929,0.12040565089879615,-0.0004398801835889324,0.677234289683267,0.13608105516019542,0.8395712834893676,street_level
6.638299110845477,12.559467012705177,3.977822951363354,0.11111024481125362,18.576153316915065,-0.09483983539911911,-47.672588621047,6.492040820766529,-1.8937468840914564,-84.90640203319784,0.1065407347875634,0.006690157434876241,0.4817579069086487,0.4473451251302556,0.5540450045928133,street_level
40.368589112989625,92.47305279190965,60.952155559799216,0.431582706374,0.41401203105090545,-8.499085032963343,-82.7256066017185,0.1495682132151721,-1.5940251905417941,-74.05276954083459,0.44787025782043194,0.16206238517802213,-4.653732506143038,3.9790407696669505,0.8145965240640564,underground
5.308566177274543,15.719506027679767,1.5201074905687497,0.011619647422869495,15.186334827075235,3.66231884784475,-64.32319284805618,2.4038820929850697,1.8295293195440552,-73.21855807877643,0.011678417950904713,0.020782824459045654,0.3063217512395787,0.6012047550983842,0.9577493392473122,street_level
89.03134785098716,111.58230223556097,76.51999107279872,0.9344659180619427,6.116813145150263,-16.710034547677427,-82.03508686641601,1.470182684418476,-6.559360953924164,-85.82848604149484,0.3924552117533773,0.23727822171895918,-5.729745357584758,1.7196629014066884,0.5274327202911189,underground
38.89816743426128,58.34653864616183,20.42374005467502,0.40480495555882423,8.28440326578431,-6.965186480474387,-69.30129915936233,4.266632361393463,-0.11194779428815416,-71.54874896107535,0.6820062518470255,0.0726286343487206,-0.949207236204245,1.822139880051352,0.9083114522284562,underground
4.811236682313982,8.981685558510621,2.239819270823811,0.13055723848349643,9.804993739672941,-3.6594197392772427,-73.6285079876269,2.6563831624215966,-0.2860081712334597,-67.8837644586815,0.04734485333628924,-0.00753862170070356,-0.18490635642374376,0.5762786803562525,0.7680587977753592,street_level
29.156484905111647,56.94545318536695,13.018171365394235,0.4679639176226307,14.215613667538552,-3.1710910578286065,-85.74799207270347,11.732294486030565,-4.916263320009004,-89.54385995235985,-0.8621185836915989,-0.1133399076214022,7.37355248751197,5.828128153824908,0.6330411862493024,above
11.376780370988671,27.820238948326654,11.224735138632852,0.15047694286325244,27.188049485898247,-3.244783923271588,-56.53010489430605,6.079915792785959,-2.2005070083442004,-82.21621326180265,-0.10804194305264381,-0.01671874129188408,5.797625838979503,2.4104598906315244,0.862231612202663,street_level
18.84490679188938,41.587246624921626,14.171979887216507,0.18556488463100435,22.134937028312365,-0.07875172434498356,-73.79784665159849,7.635291249394076,-1.8634469205764828,-78.81476794981049,0.3944519748966768,-0.04753390648806571,4.432505759715291,4.937834208858754,0.6573436586931907,street_level
6.035850666090167,17.1188189943359,1.0636909738452158,0.1345456219471072,8.314505021459118,-3.392235279848258,-54.71260913398523,5.0470446264911955,-2.1401307449925584,-60.34378456935775,0.015857738844200664,-0.02362678716013887,-0.3485736154497059,0.3430156116963954,0.7451728448947454,street_level
21.193888757958852,34.628337613690285,23.68646018583442,0.32729704150072225,14.797400003621444,-0.027528663717236057,-65.17465540193835,7.1837389405401355,-1.7093691162902696,-70.02590653891227,-0.08189811236990643,-0.002193075331142394,-0.6913581596541428,1.6460752013651443,0.5650898238792099,street_level
14.626878459563612,21.55091565549675,16.219923794630603,0.3484202289332634,24.000233558033962,0.39531412625802265,-77.23515492868502,3.3313424738986264,3.6288318639493875,-61.31829778695855,-0.04266764808711157,0.011768279786376859,-0.09696532244024625,1.0605907328315356,0.6466609655220459,street_level
21.80320803277257,35.4853094701973,7.874532671885548,0.14052784097211826,17.73958781073047,1.4243797727157101,-68.45906209726331,7.0706597469535,0.7496409801539201,-65.26086702936908,0.4073898883274063,-0.06199607227480961,2.83484250016871,5.984051045405965,0.40826200112628974,street_level
28.653200504971174,53.19914991462879,21.187275202381386,0.2990607258133686,9.461505076012077,2.4918640679245136,-57.70193167771325,6.387584662607026,-2.5105664327273898,-73.54574547468673,0.18535225585299994,0.03059933404113189,-1.0570106024724868,1.8037439394156463,0.7891134384278399,street_level
17.763780691148522,46.827276022690135,8.026980000109058,0.34025886690209506,24.923949007436732,-4.43034773670017,-73.12138048884597,10.95844444186502,-0.6242775309212139,-82.39111709079674,0.09985464938313718,0.02262133279367546,1.185090423659477,0.4055235346338488,0.845226182767012,street_level
37.51761268158095,49.98472202076058,15.641215908811642,0.4456437166785929,3.471655458214566,-5.494767905419847,-61.876302825326036,7.158970372178081,-1.7038496435269899,-94.17890664221936,0.2523097145271488,0.10409310853346723,-2.210776853567612,1.4091800716785707,0.8536082410664416,underground
77.35012646724108,41.214665774632394,61.55057287126962,0.3858383508204857,4.3995928695664155,-0.2913110312140397,-87.76946487854174,4.728989090054257,-2.843442234219328,-81.57963981685036,0.3228191699216302,0.09848143398041112,-4.875786760450675,2.8757974212621185,0.7396629746665848,underground
20.688496251906287,26.30505503377448,28.622021721047044,0.1102166638318253,7.5572113072551295,3.788152331852544,-56.003932442945754,3.400435359087747,2.740143142746433,-83.41171090568031,-0.8883222033993313,-0.13981228282926988,2.633574035784493,3.075127532188763,0.6907415484205619,above
24.06115228059352,22.66329901031682,9.134934635609332,0.20976101155473934,24.778869304038764,3.7672885996580385,-61.761101863572904,3.8864615947259002,-1.5668091579155632,-72.46298056140824,0.5085801842361903,0.017265395395195754,-0.4330511144020779,2.4362902535783895,0.7012688739143315,street_level
9.693489547223537,16.341970892915956,0.9156446328688632,0.045593110464546054,13.91431598586902,0.609297701781272,-71.32994638607322,4.42027190507259,1.968743622627244,-66.0153357361669,-0.07392765250691587,-0.02315331349747007,-0.13811060228162741,0.3219193553333076,0.6881039004142541,street_level
82.43636262160162,77.76816812712843,45.80193035724769,0.8630375587728268,9.350449971225474,-10.818868686980753,-71.31650484686688,0.31931928414286403,-9.01244333013964,-65.41486840474798,0.29517638041761873,0.20370287017300395,-5.880467581946121,7.282240210331153,0.7406224432862469,underground
81.22265381513229,66.00138693718033,20.345347493499762,0.9922195831979818,5.81447176071916,-10.055865048299722,-82.63220002065769,7.074111895272023,-9.71686896712474,-78.71816781744644,0.9555931372358395,0.23318307031131208,-3.8452366130541966,4.90188272181879,0.755803788623148,underground
20.896751051204205,48.78752135996848,13.067422455609279,0.24258786413619016,11.576730001484062,2.0940038242897803,-79.32758282658297,4.571520993398109,-0.40032088967364476,-73.23320313151693,-0.06065065710926337,0.016303527165625623,-0.7368348674880633,0.03816515798739628,0.9890377694722913,street_level
8.191815040136849,13.890523544041827,4.913462205188511,0.12694960904070077,12.4896311941115,0.41833562001552327,-68.01441118455384,10.587052650203738,0.7011444441293375,-58.368653489957,0.10864499164976835,-0.01389413785043233,0.4235548684405853,0.1967557418897264,0.667060119217143,street_level
5.9593410356717955,8.988526904006312,5.1081297301776205,0.14635650272259956,9.295715577838438,-2.839816460358649,-63.424616971312645,7.838319054180706,-2.56924708411635,-79.4537041556632,0.10159926407028477,-0.01503377737305142,-0.1377246914492316,0.27455694512895923,0.6657807595788136,street_level
6.112587212224723,14.05499628723006,1.6664916402853898,0.050071089587656596,15.016882436235562,3.2033928138961434,-57.00777468693843,11.245050272197323,1.1794793329330577,-80.42849568802767,0.0673620880253396,-0.013705464323259444,0.4521673911195502,0.644287252619164,0.655212427771195,street_level
78.5397245848865,105.81655197304136,58.53645415538784,0.7400424162994714,4.010516225643366,-6.659024449103207,-78.55045532770319,5.7345991357139905,-3.536932299392296,-91.38094394210162,0.28456721930316586,0.05778780067523895,-1.8274470753224534,3.3748898474373266,0.9789932984354612,underground
34.80782898789854,58.92719084245628,9.87353581431378,0.3390246057792141,19.109971634420255,2.3964256824881804,-53.48831939770923,11.4012079121691,0.035940203628679335,-59.5971136672993,0.053121226436621954,0.007647692505916223,0.5935454199792631,0.023921060309868958,0.7331330876171155,street_level
8.209171137470811,12.59888772252775,1.907184629302547,0.09731676749269462,13.171699658028238,2.9362420318865263,-73.00966840931186,4.2292711584726135,-0.8553528801882546,-53.65092703265185,0.09114230164372672,-0.0030317018984760205,-0.4574140520906471,0.6317975377266869,0.8288976503627199,street_level
7.578269733157941,16.09124801809717,1.6811998955531482,0.12089862719668909,16.73568119130941,-2.273826766108275,-55.16036034921507,9.421051714746019,1.5678275853794172,-84.65657072421828,0.11126533649502682,0.02751685171468843,-0.033504057058048264,0.370257552995842,0.6174918795779039,street_level
13.399759461072538,42.685225321816695,11.411086077692483,0.10613838634427397,24.760821460860665,-3.9741822739911035,-68.74231813766534,11.066640231888366,1.530934608675941,-78.0295049051048,-0.08122557746887127,-0.02996714350733612,1.3538231282928277,1.4116096138874092,0.6278005125634802,street_level
4.115911513672403,14.192995678813231,5.288451440260222,0.08884645609119432,21.099288932743917,-0.3299453975644644,-64.84058777678688,9.400294180310922,-2.0491034858194266,-75.05942560731738,0.06132935285421903,-0.01877339572809531,-0.12808403187345352,0.7570201146938237,0.5525587918081264,street_level
11.623099199789431,17.58243029745538,7.316359902854549,0.04756896114973737,27.403905898844357,3.2862143421074297,-62.5596589107453,12.684695029684228,2.551418834190052,-74.137437792669,0.4497583948136554,0.09867859358133446,-1.3129900114677113,3.8258710655932804,0.625325989284814,street_level
52.31812139305154,58.30584862999606,45.93498486409008,0.9104670552181123,3.7428890952791063,-16.719771996070822,-69.20220330504195,4.822058120932307,0.8312078847900235,-85.97044980406191,0.817373474334455,0.1012430826175075,-6.357751497337912,3.1650325610570005,0.5380822982980287,underground
10.23637965566927,15.829667702633529,3.9097685189207443,0.12407866139515882,23.560007758951066,0.9794513843440997,-69.01349379317531,6.631731410166376,-2.4504418077401624,-65.34238881338963,0.041155173354244234,-0.020212172575828132,0.17050204923754542,0.04754289009302726,0.9537426726722591,street_level
20.24817606558454,78.38884599421098,51.01567604060102,0.857356340205889,7.168179111869804,-14.258671610235025,-68.76099497232913,4.866177227221647,-4.232617944341754,-83.75192942628154,0.7367932991592289,0.09982837553944449,-4.673388820504089,7.324159462146796,0.47172247169551274,underground
34.308318042790575,39.8142506402477,29.296325329834644,0.49927135498192476,12.954139548003148,1.1438414912074748,-76.69048777437014,9.98463576749941,2.193781195509235,-84.91369172461182,-0.5193616514708552,-0.18988170636125049,6.743980761780529,2.098748227888095,0.5847074833323337,above
30.052345576426642,74.13303067621644,20.511825806074107,0.44248275398194536,13.014838246527551,-5.218865471958793,-71.460027772823,7.869977976869534,2.7337523268077515,-79.94835987672526,-1.4261683723400913,-0.21140419489623655,7.582647470149843,2.875870315044015,0.6220599560197422,above
16.460871496442305,27.48457822697096,8.620391356123822,0.0847215734492195,17.904487217855323,1.4719432111184574,-51.005969906021136,4.0236950236730795,-2.291768156915608,-64.9121615395058,0.7880164726104935,0.05336196464354137,3.5148444346077827,3.8012626495782915,0.4636900933547982,street_level
16.980106620501303,18.544289150549123,6.566936850077976,0.05444803949709938,13.308487067791372,-1.8490037712458642,-61.21857482095896,3.9316293113157563,-0.3144929828537393,-81.67499169188697,-0.41535812178884446,-0.06377075981020644,-4.443414428676697,4.112871422455975,0.7225438688087078,street_level
33.990166334746476,40.71170130304,10.456449071278012,0.19720941511955853,20.0639114258766,-0.08346399232797985,-58.24132032064628,4.8086586450228275,-2.149140640585289,-73.2915148862603,0.18189642959720412,0.02137156397176372,1.3850137588901474,1.4761187326796368,0.68745685054132,street_level
13.494389964225856,33.23185124460863,14.116108035240833,0.17249938051738195,19.22853197218476,3.9197348457224743,-59.43295845753141,3.3047475397433956,-1.5384913685152628,-79.04553309027996,-0.17943283128491405,0.03399186022468639,5.759812972134544,2.116494463544468,0.6057689187334482,street_level
54.00896901692413,49.96772283787999,67.41458093014217,0.5148667217884898,9.232931572920998,-17.981673470029243,-72.83001326134348,0.6016706900709536,0.7086779352168051,-86.32708564177531,0.27737013963800594,0.04041557212439398,-2.164128369209698,3.4810596443051356,0.9940019589111722,underground
28.083374574419487,52.43084348221855,39.66102745306773,0.4609045680036077,13.500648678106401,-11.637012766372134,-83.57932243649856,7.35596319950066,-1.337227128147707,-81.27640094968994,0.6713523670176316,0.02942240786533186,-0.8356280766022506,3.8307929531840275,0.6565031639432751,underground
35.432766266057115,59.648195500280536,30.613346202031778,0.4731209768056035,5.682041396790671,-1.9456694407549175,-83.06442960492207,6.815070368376535,-0.29012841143188517,-80.10636784838428,0.24344241796754623,0.06005058443363358,-2.5905597940015443,3.6150150382448913,0.8854232100242592,underground
21.37492212676728,75.72904715935697,34.32804543201903,0.3858768185414546,3.1091958476673414,-6.962456845414078,-87.0916948322654,5.820076193569152,-2.291595274515017,-84.5840548798581,-1.1709833685158038,-0.21453487296260082,2.0879956488974365,4.765867240899341,0.936578748326237,above
24.07264622384893,38.17409693077366,10.527044794122581,0.17350810980558512,11.892223733067071,-4.0710423946483445,-59.53716654088472,4.900300814189168,-0.9246952797266399,-59.9072714996293,-0.07793782032742763,0.0391957858937127,-0.7621334982329212,0.44886391116961444,0.8767483471428159,street_level
17.829636401889385,57.877265090758506,32.9149635348615,0.36001528005379935,5.808945679952055,-1.085705225951731,-61.32634200542119,3.9803316284096395,1.6560288761309625,-67.8451867447016,-0.942937967553982,-0.20350679978943623,4.014069012872397,5.198270158938476,0.6163650771193637,above
26.26066954447729,47.994517242453156,10.585723201285045,0.15144839104134886,11.816196279356667,0.046944324828830375,-65.76435153279579,2.3728567396128746,2.699932024745422,-82.42757851858724,-0.8303455441767384,-0.16384690212548136,6.639045161893483,7.218871886776022,0.6760675434748531,above
13.42046007872499,20.987189924655098,16.83601570808719,0.16415296565135223,16.178733412674504,0.9591773547908558,-68.62492137047758,3.0934430775434434,-1.6212713331882842,-81.10668582332522,-0.2733191511718863,-0.0802023803993474,-3.71838864248024,5.508601445033841,0.6821548203080309,street_level
16.056107596937476,21.43135077648777,11.380721366027911,0.11298555033733254,10.532853412138172,1.4709172979768939,-53.70606475622452,4.874262229947551,-0.8667400658250495,-61.61540236275216,0.06486856370778513,-0.016540600391898877,-1.4420326316959458,1.964874260665282,0.5416387037338797,street_level
31.910880411850318,66.46374806478619,15.782844738256689,0.2410932830850228,12.48686868049427,-3.772365172275964,-86.95449978754537,11.851977214820032,-1.2727005893852166,-82.07576489148447,-1.077550211858648,-0.21798329815100087,3.4890401247220204,6.707332606023326,0.9205589896744935,above
21.734069049922905,48.32348067288215,19.78866326334549,0.33397035638024664,23.610474969513827,-1.1016684667064025,-78.62603674306156,7.45517784867374,0.3769369209858109,-70.61606201355168,0.07024212661203971,0.007239191706949373,-0.20160894126872053,0.9378428811005706,0.6426046016305954,street_level
24.28285200693263,60.79791429965149,21.876366393280087,0.2986487783074037,15.97878887985484,1.7404164892305047,-73.1541345871857,4.804972149166066,-1.1905349634385445,-65.93104990890177,-0.4778520414267118,-0.21544120700734595,1.752626186256939,7.725364839580214,0.7038774845171767,above
17.96212647385294,33.34108708298045,6.418007347087168,0.15718780197232005,21.079532062030808,-0.6830060669347864,-54.65984135249913,9.457898496780828,2.4706931893266866,-62.869708570861285,0.3174464777794237,0.03572675136598194,-3.2337174034003104,2.430647492514718,0.6115823360724021,street_level
65.96274517389126,113.6585837906085,54.75602834513953,0.630497200022156,0.2429253061110903,-11.960985589979511,-77.30371676680936,1.0684637256952225,-6.611880562130011,-71.34749620978265,1.3490338652078004,0.049190073120207206,-3.9455314946242988,3.3768847865412805,0.47307711257654306,underground
8.344678328781411,16.91438050737164,2.18074990137326,0.12643335413512613,14.63786000648594,-3.4262508658420243,-48.537882659257875,9.157244492487834,0.24716205817249648,-74.50245729036654,-0.004768507526161925,-0.012738715993349903,0.47781261520323814,0.12569107413900946,0.9430181228776187,street_level
18.10634470090903,71.96243666190179,12.608273356917408,0.11565428510130422,17.042799897321906,-4.495547639636833,-61.361519789312815,3.4218749787389413,-5.329547869656586,-65.04576702908861,-0.4165264749960549,-0.24085313532527572,6.707252841816785,3.7626084465925986,0.4315821800757133,above
25.897225687726387,36.633276389047225,18.73549394673637,0.273419589592482,20.01653186135183,0.2597009438904365,-65.85981228934773,8.185591637086826,3.5972028818482666,-79.5416630268509,-0.07322489244906992,0.01535252091630901,-1.1120399781346313,0.04278639452885358,0.9587716418836927,street_level
22.44131865327432,89.21203777736413,54.12614474579662,0.8067504059980827,5.657342299220143,-18.997892563638704,-76.29687697957634,0.21061186752140237,-5.775006350437234,-88.84467740646407,1.1666849196543385,0.19103553999644077,-2.390397645732528,3.276593867342044,0.8266471154639377,underground
10.49369222962017,13.185531663909765,3.2492532272268546,0.04601486922273218,23.086476979290893,-0.5497669429268228,-53.40231091058186,9.961722909629076,2.800405473279369,-56.92237046724358,0.1421420932824546,-0.010199772144824908,0.1239510383047907,0.6855987513126793,0.9976585280642928,street_level
6.25280192289437,16.386941420030393,5.483013434365908,0.08106640645971414,14.840621826742593,3.3960292320612355,-53.93784337576541,2.19847771135334,-0.061855036228097404,-72.56450838181979,0.037777316845977904,0.01368709230761058,0.35913195264276176,0.01825070987878492,0.8515983163476295,street_level
9.593415222480068,27.489493766331442,5.473185393278143,0.06695738045357964,21.70750265890064,-3.6834708453809526,-69.08612492774655,12.985534362511173,0.5507381879196442,-56.29393439128253,-0.32519365360680724,-0.054474925234350983,-0.6387128149545438,5.223849069406367,0.5775941528762135,street_level
18.078874314202885,65.82684287373314,11.374041898086238,0.5108013556072352,6.278910178792636,-1.5451093507107956,-85.88585100315262,7.424602999056969,-2.9064456281979654,-92.36117098167517,0.20582125728098682,0.07268851733063011,-3.8370222060932813,1.6972851097961639,0.6319984435556979,underground
27.264535918183803,32.94693730908639,32.41511374983046,0.5990319924654732,10.913997258986708,-3.6077436698138214,-84.22060921259592,6.041202921037277,-4.488225187822253,-74.82760541381403,0.4490229853263321,0.054096645561908754,-3.009993727771908,1.8359118838716608,0.941662239430056,underground
21.157197145353685,41.527979486758724,9.245431418842347,0.21140823350635024,22.541412865692408,2.8815321347009757,-50.138253893841494,3.1312269717568544,-1.605956350040568,-59.5381625015585,-0.009289022838664077,-0.025263681627268376,1.343094494256325,0.5571916143639022,0.6974220079336747,street_level
29.315871076640136,50.617209217390595,10.705629871544247,0.22105939857184176,17.70563499970473,2.1498486758689666,-73.12816441921211,4.879458473304862,0.6784640520224183,-76.4150734306248,0.14924332740426793,-0.02026772496244752,0.633374229766476,1.5957127011637482,0.98880584872174,street_level
14.581350760952272,32.96775218780786,12.332664286206448,0.3262151050442798,12.914648884330003,-0.9802963184291187,-61.07098529603424,4.602890830118293,-0.5519572920463585,-62.62556650514566,0.11425483417897764,0.01384063305976782,0.6109385028391743,1.2610136331541517,0.6420618079867656,street_level
24.828069649362003,54.78926295519756,23.700790711356433,0.31664295902035305,4.252743408084427,-7.672133092758749,-87.43555629239484,3.2108629227698975,1.4113324228312178,-69.64351204575374,-0.5291899091307936,-0.17017329296226202,3.025437097436575,5.901662940843865,0.5759895342262177,above
31.823177338171895,56.03894632089562,15.909230364633732,0.24891384519877305,22.406424300177896,-3.4636384680842203,-72.63412995948076,3.9030369480503646,-2.933852341800736,-78.94497018140217,0.02563170766609449,0.008026969402207908,-0.9085784131312683,0.06753432186132557,0.7212002099202204,street_level
32.34997751223774,51.978859062973285,25.790663862484855,0.5636595694798872,11.586647210642361,-1.501586985195349,-58.8994414236931,6.810407662002981,1.1437883770512336,-85.39477240887157,0.19908772092837623,0.031102156231783966,-3.5192583530369737,1.2857222654936102,0.8073931605039937,underground
40.57771445117609,64.84831340181448,32.6825809630342,0.22149935600234266,9.355784961909718,-9.971242964197986,-73.28837443655682,7.9775617821225575,-0.6513977089263712,-81.81821479904683,0.5593173194143202,0.05730919632663735,-2.689498668311633,1.6145502378185534,0.6085403109878065,underground
20.006344620017984,51.8214061391032,19.34929251531145,0.2087627398723894,15.337893032627605,-0.12290806121461717,-72.84747058870332,4.148191368497617,-2.294415292556737,-78.98171690481962,-0.04856993768233764,0.03936245762492528,-0.9216312686859313,1.8451561917186763,0.6017188603682192,street_level
16.243816678017605,35.55396348229398,26.512275737616196,0.2651439306264281,13.177929667870785,-4.5109956048555215,-83.99797144240148,11.433649735521001,0.8110579570010223,-78.59324808148882,-0.5460750144208399,-0.059367209040413704,5.098137564791081,4.864581210075972,0.7188529496304807,above
40.5233934761356,74.13621700891198,27.763054472200324,0.41210685673486347,3.3700847884452174,-8.819123527414881,-63.7905817130478,7.2152171712645075,-3.026048425098846,-82.08477463170344,0.6905842920580851,0.11759190527363918,-3.6673568247792927,3.0646064759209537,0.5484240447818548,underground
24.909638452469427,52.46754628793074,32.835077998307185,0.2629300473253681,4.799638144359445,-2.4600052673306276,-65.73788160237238,4.518247291654739,0.47205960437305805,-67.78321646668174,0.2518531819784267,0.07124115630894173,-2.3797357957032483,2.864074976984889,0.46718881186226735,underground
5.31646216532724,14.72358523520612,1.3969269962295785,0.05738887334072931,11.701006563638787,-1.2954307303891488,-57.10204200802556,7.787717680912929,2.6784395272611103,-76.31782364970094,-0.0569625484678932,-0.02111395517599913,0.24245382727041176,0.25453023965043986,0.778181473779954,street_level
23.908765837712217,58.91208220495323,69.13888883093337,0.8020957961449049,1.316536958563227,-17.56846276072676,-74.4618880321706,4.175320546816039,2.6669898584033014,-91.764867626248,0.4147177891470637,0.05545730250553053,-5.798396696223294,5.738011745541751,0.6977807596958432,underground
40.06210863590216,55.59938116514319,26.24703439245383,0.370715494482866,17.184160163330617,4.380252842356338,-59.05648192843098,10.625400927444003,-3.8040930302781364,-75.77785968873741,-1.4945074966653218,-0.2237471258683214,5.139409832689623,3.7375345086534457,0.8456692262104271,above
62.62295885606729,80.79359283820403,42.63429079469344,0.7938448934229285,9.235633416278592,-7.766379396937179,-77.43334956255728,5.119514138251824,-7.689466018085816,-87.733677129996,1.2571929441375607,0.10994617520809136,-2.831823552878527,5.203630756809199,0.5869277052905096,underground
62.680468517950885,45.82955330780371,76.1488839233009,0.9117420075885642,6.000936519329417,-12.67503548912094,-78.39821045781923,5.4501938378685795,-6.4604453838494615,-84.0450508694323,0.6068636259148943,0.24231549083783757,-3.2665926977331488,6.3014437146965045,0.9533611531048406,underground
10.065915823208254,13.96441570586498,5.585005834346806,0.05548933149551478,15.256392573330501,1.796222826442838,-69.06605411278201,8.990972588729157,-2.5277787260537994,-68.66155011225072,-0.01923518102826577,0.0008706295480190411,-0.0435294865782585,0.4005644470598901,0.5695702649351679,street_level
19.318086209283898,59.30548071971393,18.49733130344114,0.3418061902264179,12.801482330993093,-0.7525261741863307,-69.58803908530214,4.283304907141602,2.5945821253850827,-68.53430000614314,-0.023127378820863423,0.02108883938028755,1.3892123873094868,1.2323441675531548,0.8477545169672238,street_level
12.444003954095168,32.70817798628768,14.194694977135761,0.15270449265725078,20.968034119851147,-1.3687726122246948,-56.37856699547248,7.220239965315857,-1.2033272032914155,-60.14126118046168,0.13424838130245653,0.034643844654667744,-1.09875972253838,0.534307406899752,0.6791770686225286,street_level
11.938314790776179,9.253192641757362,3.4035201737908767,0.03422101727881838,22.67445333338504,-2.9986972610111637,-57.029117571830426,9.765503904963486,-2.382761537498568,-61.37843758412966,-0.06992397357422588,-0.01451051633524091,-0.23566281274027456,0.7651150152581023,0.6285035088684885,street_level
7.243604915740114,11.464135625382191,1.9019343927534635,0.0014388521862503444,18.14937989524893,3.1464687636705957,-66.19495474523504,6.422725978634827,1.041027128429179,-52.530923222984384,0.05282964915302385,0.02029969824918327,0.17541649791877056,0.5023134845271441,0.602423600160431,street_level
36.57009852631644,33.59006124029965,14.094265739503289,0.3355591993061998,11.962635803562854,-5.561497308319252,-86.43954648281937,2.618921529153601,-3.6525038319462446,-79.46589931954166,0.49566071167983083,0.043062361425547785,-3.509947904259053,2.273424626121332,0.4078459437642177,underground
11.161755513080148,16.90952342716549,3.8543999405959424,0.12382218515968002,23.261913250669735,-3.122209936945583,-52.87778947349526,7.3758093933217355,2.5026280446527798,-67.38412399267006,-0.024436152707528247,-0.01477601561755011,-0.31745385139962434,0.3065710018612695,0.5728518407613439,street_level
27.31202385213357,50.444100967468046,17.115224047495786,0.34430707761384616,15.383552065306343,-0.6586062668288752,-63.26868402741911,10.369848399366942,3.243063309896982,-60.83534296631394,0.12528943201843148,0.010812092101546447,-0.9377194418012296,1.1907079525260755,0.9080887808094091,street_level
14.08247449324293,20.986932463735197,14.452200657576514,0.06394618371026424,12.715452635699474,1.4898134936031253,-65.416403518004,12.4776318260983,-1.9345407629207403,-59.649551875271754,-0.5586309299944171,-0.030902473060861357,0.8539701382279068,1.121719443790798,0.6337661882854508,street_level
86.88097692588134,100.82156957214168,57.90583820916672,0.4436914655406577,1.8999924154596337,-10.009812830346814,-68.76298072706305,7.725865142376527,-11.266430829848666,-84.94051752438396,1.1098113424760603,0.11021680994611566,-2.5492612476006293,6.252127289596115,0.8432773542536949,underground
11.31532798023748,12.936734265544803,3.204295446199553,0.01616059203420048,16.85884366756666,-2.298584564436691,-65.0497971082373,3.941481902525377,-2.617586061679174,-76.57064101066113,-0.11624225556349307,0.005189228064874915,-0.32729562086256136,0.04496554632347421,0.6770212163810916,street_level
70.3642540221532,59.87474835945416,62.68567594431299,0.8410664267319468,8.425193550073903,-11.48930870345653,-79.17292469614196,5.489195487330856,0.6145741446818231,-67.28923922102713,1.4655877318162092,0.16816270610194667,-7.249290389705233,2.2232849853519174,0.8492747092501045,underground
60.69136946610741,68.31204746767837,63.054104982687235,0.7744724853363745,4.510941914348744,-9.519887942665306,-75.79248771204762,0.279258581572698,-0.8115825621994226,-81.13808517555721,1.4352853142308926,0.15735884738168004,-7.944399999353336,4.883643316973032,0.4093575436708663,underground
15.2833252291228,41.293217085755316,10.59134842510688,0.24085563054096315,3.4336923768910346,-5.7647183706070555,-71.51957820043947,6.686315249749427,-0.07196349891057174,-77.59922315413074,-0.7336413535571787,-0.12813347111329,3.886410347961041,4.055586884771783,0.844307366296322,above
47.69294235758332,91.33078931826986,32.34119823511459,0.8294235594459927,2.014134894854335,-10.647767395386204,-74.04399969262839,3.535635938675587,-6.016311900890464,-65.93850168766166,0.4865595821206687,0.23363969347701813,-5.178765671001338,4.581093197759406,0.6205702490477848,underground
53.47063422220476,54.29426818501671,36.64045081659023,0.7068918508173616,5.593394082679197,-13.048940815792772,-77.7047783386616,6.715996226230282,-7.5231053706473,-92.19172003435955,0.5832021959687694,0.09945602096469226,-4.044632880109548,7.918551584685673,0.40648870079943356,underground
14.233858931600066,24.151383436574747,8.355339907745506,0.12109448103720552,8.851400147817198,3.221684784476068,-76.36469134794646,8.633366694866131,-2.826840070719123,-68.84653559279852,0.1841710343561184,-0.0014382151715036373,1.261920214374474,0.7221195309787571,0.7355090487146531,street_level
33.728271731803346,39.8283444426163,27.653757613403666,0.23542531853936352,4.204615087344914,-3.796170265525644,-58.47359059141676,1.9672009859025978,-7.682662914858979,-93.21359360204151,0.6825453834909279,0.05573457485803883,-1.8632557731272237,1.6463351748520283,0.6435362515791101,underground
42.06415212841344,75.65887035116438,70.33974137776516,0.824461819058937,0.40417794110541916,-18.15982617079642,-66.56391522895481,4.119927260223843,-1.2105443112330079,-80.21563565521086,0.7642365229654642,0.051584792683794484,-2.7685115651506083,2.9911966265402246,0.8330600745137833,underground
86.50520310013972,56.370611765624695,62.57953452137421,0.39600181921437916,7.097560088604275,2.8117811479875385,-60.869057334079145,3.4722371845491775,-11.636691484836517,-73.47671298654785,0.3577061492468224,0.1995876287083296,-7.577006810146855,5.276311133571439,0.5010105193807994,underground
57.16629586457233,44.501973240815175,71.57646590584389,0.9717974293098929,3.9246292658079343,0.7576552468904545,-83.6919359417428,3.5767842227131172,-4.20295986460405,-76.59331075031278,0.47142720790385084,0.20221352667860235,-4.378613605527998,6.323571647341418,0.6012741987473516,underground
80.28425735985331,106.34831129940873,68.96452666379037,0.8189788419718755,1.605878819148564,-7.308642267881362,-80.18288751287425,5.158204624429466,1.8332097099831675,-84.80654994486613,1.287498796117476,0.2002988811806372,-5.078727811010866,3.153691174254323,0.4382969134061555,underground
63.96587583124446,117.06513115182167,27.50028310811344,0.7039206794985085,6.452601639686989,-16.126129586605174,-81.64792454626523,1.3069461263249167,-6.858621082268532,-89.80357436760976,0.7171538002165108,0.12466517857352385,-3.4278347009960317,5.413214977346328,0.5315051075528934,underground
28.23033158400723,54.98275996919662,26.111223734169698,0.2001122870415013,5.333405496136633,-6.556143789352259,-58.504556962876016,7.597577801635476,3.410509073516897,-76.36037651985819,-0.9950938427285431,-0.1740959350181122,3.2424872365060726,3.0308906256421113,0.8911181798550543,above
9.372194124762226,34.5951566213225,16.082271313804352,0.09853402406486213,17.69749078054201,-0.20757964632497217,-68.43817688720189,6.811506488945197,2.1244184179620262,-56.544533656787195,-0.5090507213065074,0.08684867197675214,-0.48435636288168915,4.368226280303425,0.88071817052783,street_level
21.538182869044554,52.72433024079302,8.152449798088199,0.21603986462185604,23.612120521411686,4.800851200213046,-52.727466020631525,3.075277154219817,-3.907933169249185,-79.80636440079188,0.02344029142508877,0.00723322768819025,0.6600988751189014,1.7710414384436168,0.7871354603343497,street_level
8.516216158119613,12.710302037812522,2.1115173532072284,0.07470949113810811,17.84619887853256,-2.107340505396941,-65.82137666413638,8.273053541483659,-2.550624535789343,-73.5951392224033,0.10794530367655977,0.004479024937966258,0.4177815213676619,0.7347475030082817,0.7625091965434381,street_level
11.798888932848925,14.589911708083912,2.6693664259378727,0.03465067838138756,9.313060649870055,0.501459978453628,-71.11750116669367,11.050867481086788,-2.1579186336072143,-84.84346857309825,0.05321397914947246,0.02413774231684418,-0.4463696827778064,0.1602739812581791,0.6943969517465123,street_level
16.153499567032146,69.32923963500184,33.73336275309229,0.24192053187779894,9.54085247386102,-10.346142043370115,-83.50219205311352,2.7084589741314304,-0.9750179091060609,-84.6670995492036,0.49755743119935125,0.04925382948140805,-1.0041424349231232,3.4128161045874936,0.4005075727596602,underground
24.644995865932056,22.026366851354023,10.261575567455353,0.29992401717615264,16.79285844503331,0.7330774520840455,-75.5106262252475,11.372720524506912,-0.28530291945445985,-55.0000899862019,0.14585204213813974,0.015945659674180095,0.8100405512791937,1.463199786232644,0.923418174206086,street_level
32.84890262660639,62.690281744480444,11.059258734025429,0.1402404524091112,17.30662152062871,-5.296825824351483,-55.061128134498134,2.0896108680047236,2.598198389499707,-59.75129850867129,-1.459439843134362,-0.20632112690058554,5.486113904275397,5.28244162688379,0.756853639808035,above
10.026446371776728,17.74608730921569,5.261134413194602,0.07797310150771582,11.870554825954025,0.41659700027689617,-57.35447443073973,7.108258413532272,-1.0145623981397267,-74.3362724778998,-0.09542928438480705,-0.02208011377533787,-0.2813535293132583,0.2818552393122478,0.8237726194231962,street_level
33.0848505409935,37.072391552476816,13.872681723954374,0.14634312061445692,12.526169125712284,-3.5299035474331477,-66.28306354409969,11.151579098892975,-1.877684699080727,-69.17877890097994,0.04577293998939899,0.012468746100739232,-0.060556725089769614,1.0702671671165132,0.9341746016051372,street_level
9.954933394163307,14.13481244365286,2.266078623795373,0.031584626266955074,24.993311035491637,0.19606814787047266,-51.62093275837552,6.107088148612967,-2.7053799416942645,-53.6125656408274,-0.08757809382920054,0.02689693554277095,-0.4610403542863435,0.2117170161014185,0.6967985001543118,street_level
16.34678091623814,40.554787327612665,5.472884760629412,0.03968823212519318,17.418241257865535,2.117740813897976,-63.64986093851151,7.970821284208258,-0.8030068617313084,-63.93674202610453,0.004784267289550392,-0.030909211982366402,-0.13369354195532157,4.692654382285365,0.7914327108760394,street_level
33.266228848882754,59.95263570135777,12.861748647604415,0.3054947857406236,16.94797587074173,-1.8269146207050024,-52.56949405862581,11.703907366455915,-1.2072767027640232,-74.92871905519185,-0.058419511126622706,0.0217823406164889,0.023718861956556703,0.12280098360107217,0.704811796023924,street_level
5.980606360167783,11.129592285671494,0.9979565116245726,0.13889014590446494,14.866045307034288,1.132933512235315,-64.39711234060834,5.7202542125794436,-2.513343160647658,-72.23270410140343,0.14599407408869866,0.022801409604074355,0.10496680187830898,0.2847047217258451,0.7936611598727221,street_level
8.609118818925781,32.456839731873586,10.515879661713127,0.021601259118727015,12.87015186341841,-1.1966920646372738,-63.418701207987986,6.506050808416292,-0.9607447110404927,-75.26868961287117,0.12125008889875755,-0.051754718339252874,-2.7602076738538694,1.8500110896668462,0.5296835537400226,street_level
49.901084688182735,114.25895870211109,23.447302720108027,0.35703596612092453,1.9659921607266273,-12.997736039767924,-67.75199595906751,2.4513689359229573,-8.646224807042222,-77.86008189987946,0.25416746500003007,0.08696418323077013,-2.479171692767191,1.5012226769914854,0.9217138762686659,underground
10.949192132970662,16.846222480543716,2.541373773612534,0.08054928659245587,11.288662495524049,-0.9251411026285554,-67.9762954006913,3.6914733622323097,-1.5980989259110188,-65.57778479153268,-0.031791259214737244,-0.020611670526194524,-0.25288720235673,0.7763547256527531,0.9115087146428522,street_level
8.972010341925342,9.43626390820102,2.0205359001284187,0.0010210655116129786,10.164912856889801,-3.182152304047917,-52.59209849377514,9.564610499914869,0.7890912431747488,-50.39948423886741,0.03077930609769125,-0.020196526270893824,-0.02401807118348931,0.4844893065746827,0.5356038004076418,street_level
37.638680777351354,76.33823021573545,10.16229861644145,0.34096963557023957,5.406044726174797,-9.670560497175282,-61.712639881675344,3.3267715018777713,-1.9680306166663515,-82.77347170296464,0.24187316739816514,0.08500371567545821,-3.1523034814988877,1.2203964283592748,0.6419923940030565,underground
5.393439141083926,14.94179050220713,5.096287900227585,0.1339330488162574,17.63171134430619,3.4764800458951353,-63.75257896481929,6.8776290142445955,-0.047957722861529994,-67.4525109027027,-0.06392127384173911,0.0025302900810036735,-0.2137129430191862,0.6794504090387345,0.5292055747337745,street_level
6.500583815277582,12.615728710733956,2.020451173385958,0.02252175171142826,22.058356034293105,1.245473988858076,-69.2779054867915,4.536616353136694,-1.9742320829503155,-56.60549303728726,0.046603263757438534,-0.002948738293475684,0.07730950217069221,0.10632496505565402,0.5077959602301397,street_level
4.260138475535224,13.558093029707834,1.833914553718826,0.13827905500887813,23.066057872266967,0.42480963623711876,-65.51524015557611,10.680222876059497,-0.2824415402480982,-58.76395447255924,0.1263104206614076,0.020180993204081232,-0.024050180097413776,0.6269954369057429,0.5329309637140016,street_level
7.075186303504047,13.33840263574354,1.5127885926743472,0.11278356530265962,12.583946312524844,3.6722358769682693,-72.07432844875345,5.635310672807738,-1.837346341079031,-62.302210395909086,-0.02084603869510593,-0.014160958612412407,0.4077053934861782,0.01722344368293163,0.8327894440726236,street_level
29.668692455345706,26.434796321731206,26.882731936561544,0.30698185744410683,12.895885568637079,-10.576216712324726,-75.65651725518717,7.388264712323522,-4.229873321240569,-65.97962437566571,0.6325046030916459,0.05061337624887795,-2.2231675362502563,1.9328052468450823,0.6133511977042402,underground
45.803415193870855,76.35107076338599,28.879433239518818,0.854847258406356,3.7733529613408887,-5.1273681097879855,-84.42508042350285,2.3662397125052674,-8.166916808744222,-75.60854366480461,1.1130099058370397,0.20181667307747728,-2.349549806767958,6.217258500505252,0.6471499597517342,underground
20.486361099811013,28.9660536186024,5.915318470625202,0.1521050220325605,26.16051491324521,-1.5066520024325571,-67.67521638698604,5.337913357947972,-0.47039004827621644,-65.61259556822426,-0.500895644560847,0.07094692623755777,0.9445005740755068,3.953622832773504,0.6100352994476874,street_level
21.618309273691555,111.29804661966057,21.892145837350846,0.6047330252138765,8.071604917216472,-17.25182258448261,-64.5603127319431,3.136573112759299,-10.554162216069127,-78.06721486972813,0.49432646738963365,0.09073264314080262,-4.332718657316771,5.652880038598946,0.48561123155626074,underground
36.81133118975363,66.53541684642869,11.03305113358331,0.4622009916923585,13.42768431040872,-7.792363355611114,-64.59610606462432,1.6833807474876499,1.511440472083101,-85.99463201965963,-1.3860573677380212,-0.20312265913261693,6.6604021885585345,3.870933070932768,0.9027534695414428,above
19.156094402739235,56.01599962239595,24.39021097639127,0.2031206114170762,22.61700629574205,-2.132847433428865,-72.71399880418045,3.821933730838289,3.429534881870789,-76.43627008447926,0.07641705891014705,-0.022206220321864385,-1.0453165377356401,0.9803021576628215,0.7014108474437596,street_level
10.654609085255899,14.21127206441037,4.003369517939364,0.14205778343667327,16.545465842206106,1.1456862201727454,-61.382615792974875,9.811967815342074,-0.5000878535093465,-52.26393803488806,-0.12597906282872393,-0.02815202608528303,-0.2631559254574416,0.24049874947965613,0.6308748177640175,street_level
32.985752122689874,46.1630238567512,16.24776332213228,0.24846492506115103,11.40910775763565,2.7191235632363107,-57.239991144374514,8.349183183423541,0.9338870991963866,-82.52444639361232,0.1486916321171652,0.038103926199896054,0.5030949629574062,1.424204656166427,0.590091532804879,street_level
32.590219713446345,41.909684716153315,18.68041595035094,0.4906542845241443,6.917302342329846,-8.615236897425344,-59.96130458493869,3.386600569791071,-4.71887653666767,-75.1849120455133,0.6768383833604601,0.026936177204000614,-3.4985623773262704,2.5405082119291924,0.6996418380872801,underground
18.777657191929393,39.69814720374087,15.019773278991405,0.15085109554798734,11.936687316052275,1.6703080872189702,-72.33956633073973,9.25653708435551,-2.575706801223258,-71.62162900622414,0.02795082439904356,0.0022555101229821545,-0.33612890757590064,0.6845815061361831,0.8755570745732136,street_level
15.884371552081754,44.22472592968238,10.98970606299281,0.34013521188262663,6.8993060190096624,1.82331665512646,-88.40955495329473,8.121172308831046,1.6557106353890134,-61.79228775601495,0.4630128630681374,0.05047288209178964,-1.3708586120804789,3.1124514069007043,0.6486881544980545,underground
33.49523037552299,55.9787601753215,13.988609927741372,0.23106555046995295,22.85135884899415,-3.886929570459116,-57.05679819978731,7.821643631451844,3.5863224301771552,-78.45551876439497,0.07321147229314393,-0.007749673697077089,-0.05468461264807334,0.37690572970785086,0.7544931851720943,street_level
43.17835430674828,49.83865889752572,50.267817254035215,0.5755188605072005,6.851958691454626,-10.609324963974712,-89.51888908649805,2.308929131985029,-6.001082009850011,-72.0634533401268,0.6514128586069639,0.06610016889302062,-2.144929533863759,4.65137554157565,0.8867571895699726,underground
43.4405660282327,86.41879247911355,32.30149968064548,0.986673275346165,6.301648714024546,-4.8023693163257235,-74.88927772778818,7.752594392505885,-1.6387174093529122,-71.88188228474088,1.1055232615724324,0.1739254677969632,-5.559586657768201,5.77992613446508,0.7541348793441127,underground
38.29517565010217,34.39017645129191,20.873056936030153,0.3560032130691234,11.129721272302742,1.5355901497994076,-59.65522127116097,7.576970730425135,-2.7121333581079856,-89.4274436757764,-0.5946049602492486,-0.1699957186323228,2.1766722430471983,7.073035215653943,0.98021778193529,above
7.145461031296604,12.124023125577814,4.303727666763833,0.10710416818375937,22.94681598738015,-1.0203953659830534,-72.36962895919541,8.055464958735971,-1.6691679429489643,-52.49601233227998,-0.021665804718496245,-0.012387536928539777,-0.16283378875337984,0.03520973215477161,0.9658046435834622,street_level
36.708950034110146,67.6351626680937,26.194396068131805,0.2610615421571284,10.405515248434433,-3.7375363828949535,-65.94494992563604,1.2810882178081968,-7.749502742132917,-68.89378414515892,0.38477760277116635,0.08122002074515722,-2.7142756467112177,3.4725043538697715,0.5497845846116515,underground
7.547482486536728,16.153812175169136,3.9131335017285664,0.041993516131782406,23.547170960115665,-1.9963446663211872,-69.81279702488831,8.620783159886876,2.7517842070760334,-56.50213262699526,0.04855405772413818,0.013646703047671828,-0.05818484142349889,0.22784506822091624,0.7854757532490779,street_level
18.215192644679114,25.489780033768575,9.759252489112047,0.09155224436086404,20.025526668978465,-1.4963382489037578,-62.21010722913927,4.722020996710452,-0.32384234507311405,-55.62876940273715,0.006367255930592619,-0.019136708596614607,1.6082146355209979,5.966284132961277,0.5835518360873494,street_level
7.404926610420374,17.858293351059654,4.105382202176246,0.12708132431588035,15.789575337894972,0.30059203609913343,-64.06993292839374,3.4541958018621495,-2.3954894276755505,-59.86510282897717,0.03424997938115737,-0.011888519824663098,0.13594223826276164,0.6886143220901085,0.9397995766659681,street_level
42.55596504943303,77.13432856941048,68.8005281815397,0.4169321157667121,3.294052021998718,-7.761652122616578,-69.7882933929543,4.382407696562488,-4.387192340191231,-86.48897390185952,1.4948098693322347,0.05591426291075368,-3.0403646363162817,7.267274973621496,0.8508896315674297,underground
16.722983268240885,47.30260463692349,11.813782557502133,0.2219482008873217,12.820741437277661,1.3336926379343659,-66.911601156355,11.520875896576687,-0.7479903796451008,-84.29884751560775,-0.0051985494544525,-0.006945024509883147,-1.1416790960792622,0.5264497930840242,0.5304959943238371,street_level
69.0315030941553,116.93747413586661,47.961663613594204,0.9390087070014985,8.747025947429357,-19.021156524060267,-83.55894825115335,0.41106666624275423,0.9649052767325479,-84.83273014522722,0.39840692500696984,0.1041520227682875,-6.049440901995836,7.984098746261994,0.6643139242022955,underground
24.6812388956031,83.63802506319006,27.400648438215654,0.6238003188007994,2.9901897232412744,2.1343101013560037,-65.18656199029222,3.394381087664674,2.170559799017459,-92.80208828797169,0.7036626672286072,0.1784193128858666,-1.6515845644243683,3.2929443694020826,0.9933911141173903,underground
19.26343470732474,31.115234382824752,16.925023550713462,0.15756009071940463,14.41484504480379,-1.2693684168206705,-71.25991768764301,6.104466434330451,0.22127095968378319,-65.97638402527734,-0.47561877924763324,-0.04566527972658483,-0.5973494485622171,4.961056145797689,0.7639287351109252,street_level
30.726331450834607,92.10756939746857,26.390932156572447,0.7356297070129053,6.693967926583138,2.559248244488174,-70.91545353834093,7.85696195650218,-3.0989483264747157,-84.86960431590902,0.5611996639667015,0.1085244995642804,-4.191308524664155,1.5645633893086677,0.644913436545252,underground
7.134634668424665,10.35110911933992,1.469063424243298,0.1453894256075486,15.610860986009483,-2.2378802520983223,-69.23516736482833,2.137095429810067,1.1326394790742391,-82.70259136087103,0.040865400913202926,-0.006953450339962773,0.04512490186853646,0.2825916194531781,0.8880608112190929,street_level
9.666564585789551,17.791351164729203,0.1772989801982534,0.14923396802933744,23.070257159028223,0.10216922486258984,-45.33372161479706,10.903512066513597,-1.4272794041182646,-74.02338000825647,-0.02605089005315267,0.02545088113774848,0.24618455764158031,0.692770414531942,0.6129961462205029,street_level
8.835025308099318,16.69657830825634,5.6966542605056585,0.09442225850202404,12.835693221196147,-3.4510617887874284,-49.45933654128431,8.900265713883,-1.2765063161815584,-78.17145982627686,-0.0944006053911575,0.00564882818477145,0.03656170883548715,0.6817812771643421,0.5362054237058616,street_level
8.436589802556997,14.465691535048087,4.920043486599272,0.10382594025190393,18.312973116971648,1.7705101505422798,-49.59683294483101,10.527874113658648,0.7627225529004957,-63.31399855910476,0.06295275248261309,0.008271745372738969,-0.26241130447351735,0.7464010684782174,0.7343228310219839,street_level
7.028290901657383,17.29857372460917,4.101643895757347,0.07811527324130306,18.455197420086634,-3.7736323576159165,-68.40171455842332,5.610122245272143,1.9218130640763658,-67.30027485254386,-0.12033620969584323,0.027635060531006707,-0.32749124046235145,0.6649809221079584,0.7664511295855518,street_level
27.797313183364835,32.47869560290752,17.813423264875624,0.27959338218104623,12.732142145819562,-2.4305428476304702,-69.14948287949336,5.679472190715884,-1.3561534595823588,-71.12790583579503,0.19404039206062443,-0.029341674921808576,-0.8623710712224155,1.1349393298653858,0.8275061979639443,street_level
5.120429808067173,14.070988445635798,4.804689401399739,0.0875266882315824,11.850264756219575,-1.287621983200867,-58.039801181242666,3.8969261368275903,2.956503037645243,-75.73597893670119,0.008440071218398904,-0.02705190069357895,0.22332762783836124,0.7722127984874048,0.7300026618467599,street_level
21.375763781039968,71.7809091432211,51.05401906935567,0.5074489525893033,8.189413113192767,-17.079825163033235,-75.94909961039733,6.820184195373467,-10.954399945790467,-86.70169800838143,1.3103109905249122,0.2022173690938032,-5.395856835060663,2.0675966443956897,0.8927515004349236,underground
40.99086321214839,62.367841342881185,10.249118225002515,0.26328080684550714,4.550777051318814,3.3996609094981665,-66.74549749068336,8.617861315369002,-0.317037138384034,-88.58234613472469,-0.29167843175472097,-0.08119018653404886,4.10040096368287,3.345486867047452,0.6495070512491271,above
7.106300116827277,14.99298037809263,2.975207870914322,0.08277356276766744,21.22853189182841,1.968018054609546,-57.934942956290676,7.855686050005505,1.250436194614438,-53.653744264788756,0.008748042195498296,0.0021538085650110103,0.006676044969181727,0.36895595307730505,0.6823081556309126,street_level
5.958551499185845,11.517998333473734,3.0240081399259324,0.12282787924417925,23.56202470875131,-1.5542611776217026,-74.95087562513082,8.753540156564462,-2.5898740962191784,-77.63072871375635,0.12953592284015644,0.008633513068860482,-0.05584563631564299,0.15340788772004227,0.6500520511267869,street_level
14.633468503431715,30.800350986116115,10.762575937388863,0.06213698196293496,13.848482259160727,-3.6603563314128422,-52.075476372047916,3.1349580664466656,1.6266058422493028,-65.08087020655397,-0.31690609012633664,-0.025540108940852332,-2.1409786684952934,1.271236800125814,0.561730746645918,street_level
14.73183483857925,20.370585827656637,8.77595285167196,0.021301671669177406,24.632851759053604,-1.8661461604693939,-52.178251476600536,5.243007802464814,1.3966454535780297,-79.93377416379047,-0.7487663277264551,0.05158380916903099,4.70690306283109,2.513805200021405,0.6359568632781728,street_level
5.390764197706027,11.674398666077092,1.480854824733609,0.1413135978410894,18.397900008578965,-0.8449427143038504,-61.253271995544125,4.85452496092797,0.03911796891865871,-81.4290801987393,0.010099030637709255,0.02115733865282106,-0.2902416059948142,0.3620028415511655,0.8600678975777403,street_level
5.473393488788807,16.019250633711934,5.2319140380850175,0.08991397076178144,11.826006088901082,-0.3912330075409143,-72.55422101552745,3.07096927816697,-1.6908144036016577,-67.19812750372084,0.03813217680502373,0.016071250553356613,-0.32631523291506104,0.572002648469087,0.6499301979127017,street_level
16.646776985460384,65.73001670598488,36.66884443666969,0.41438469229934166,12.402160197761708,-7.416387605732153,-84.30863365844463,1.4960312711260146,-6.242059747455085,-68.19867071841364,0.637797439372508,0.02722295434874316,-1.5500471716058657,2.627594208211801,0.5799729993608248,underground
14.370665148134798,38.05634314082546,14.554091427843069,0.18517589268553136,10.582282667798104,-1.2093641284824317,-60.56307398268475,3.3197376971301926,-0.13307768296891442,-65.41585620184196,0.15997870824218627,0.021730656169666983,0.7557562407997889,0.06037604880993741,0.84033283605031,street_level
35.154682376707996,61.67294981920581,18.514583422398907,0.5379065304403929,8.434876402692625,-7.87151279568597,-84.38604698028969,3.1788575418145144,-3.748198897089165,-90.87726476863573,0.26875867675947823,0.0475947277006436,-1.1483766227706824,1.2301881729154396,0.516143404554266,underground
16.468984013695938,24.891289658894088,15.948792879988872,0.20685025184167669,23.918823739515915,-3.244260537725599,-75.0358541642202,7.295714417185861,1.839092414865493,-76.1342224092465,-0.3174010191278283,-0.007178970328287876,-2.672730361479923,2.0021966560683953,0.5364165056701916,street_level
4.291671939187972,8.003324963337409,0.5684190135563554,0.11205705233958765,19.144429093365755,0.5947225004769399,-58.928919868426526,11.329685831112686,-0.003657138319807185,-77.7860504335889,0.09120612670248396,-0.024570424932068097,-0.10487048402611476,0.6179659402262724,0.5351577856691884,street_level
11.212010239679692,12.58132545846364,4.382905874404721,0.01229740154268884,19.341900901663642,-1.0089159126046932,-66.51577673753897,5.5687091476227515,-2.9834013225524068,-59.79182235111912,0.1266458668248134,-0.004657880803988591,-0.08457778217379108,0.502256873769712,0.9348115234405189,street_level
13.193302105784447,51.09032263702123,14.42557238330956,0.3343303894276873,24.597189791844354,-1.7724800121422977,-66.15821979768862,10.337605705779861,2.5748144409721565,-64.87634537885884,0.08446313981488537,0.024291238796044376,0.6182876197191711,1.670339362437363,0.5856163958100681,street_level
38.81371597226433,110.0434592553903,34.80612166990587,0.491576396892748,3.564871567936445,2.5714842976452985,-64.30997369582558,1.907582016141009,-8.65937829557063,-78.66174835864675,0.32874750232053557,0.22780656636845276,-3.668021942832085,1.7921558183496453,0.7843106417639678,underground
13.08876204279737,21.586078271253232,6.58974136917001,0.03245957994005149,20.07328789654552,3.213877685596673,-77.26044463378392,13.720126441375175,0.3190740995061896,-61.09470919253137,0.21561842834529177,-0.08217901105066235,-0.7763398121348555,3.9686000388181895,0.6688570612552462,street_level
75.24732573633756,91.9826902943791,48.5525956179226,0.493867992120144,4.195733491282799,-3.4649560308523064,-68.95988785631309,5.550201727469618,-8.815303185554894,-91.92458316622381,0.7395656691820507,0.0937985462692236,-4.439687157715521,6.3870222939591885,0.7040367541440413,underground
5.302935213404912,15.969538807368494,3.9271533193076165,0.01676204791298636,20.4122018650803,-1.4127671542958904,-51.521621274493185,6.8321020311777865,-1.6251043757156673,-53.8484115115487,0.08341634013137464,-0.02704749966198322,0.18811545940676022,0.10852175906402675,0.5595577914329508,street_level
31.023008848762707,74.42118756783236,18.22402199206438,0.4139754407827231,10.496931479211913,-5.865040574443491,-79.5375578241137,2.729838949862869,-4.1504310098214185,-64.03249027952666,-0.659843025436236,-0.23415846013051705,2.4077353091027573,2.837269545601748,0.47113925465229944,above
12.909629743967198,40.95423529143768,9.359545974545716,0.06412703097795842,25.364287142534415,-3.050774540858818,-66.24113082631763,3.2429469428345707,0.022663429205879826,-56.47495975271106,-0.45287412976237623,0.028841712183608592,-4.048238132525672,4.587472394716809,0.6848498720353925,street_level
85.73227256219177,71.53082070659684,78.47825365114802,0.522615835352974,4.172557103964468,-0.5357322074365634,-65.1711574417218,6.467004876906707,-6.639224634141179,-85.20810166202432,0.29072153313218485,0.07776333125618967,-2.1977641703724586,1.5025294872034793,0.5336853990545534,underground
11.023992528360628,14.105879374913012,3.8570861768077966,0.049005619040930565,13.061379125250468,3.9709654615592163,-56.23281041634634,3.3064379469409415,-0.2754525247291628,-75.36468510256438,0.01939330989557564,-0.004346212002843641,-0.1639503201686262,0.22994940651193058,0.941713458842794,street_level
31.453530368942353,35.65443415221971,23.44028808957499,0.20511592655316901,19.674672937168815,1.679746323010729,-76.54219341628892,9.785646683280598,0.34905199535451725,-76.55601113492905,-0.016471541891986227,-0.022430383061335574,-0.6878905960331813,1.062543305520819,0.5095920134495339,street_level
5.045651884132241,17.131227449628614,3.4439370365424193,0.023489866843360113,16.559967619105837,-1.5700745114304038,-54.77351943580199,11.540359196418555,-2.3639483073088305,-84.38138129346535,0.12753132026869204,0.020039165917527788,-0.06419310004072976,0.37398271755819873,0.8926747451648185,street_level
28.189641729035895,64.67924138547492,9.278612202725496,0.48659670046102466,12.26815505619329,2.7982751811160433,-85.89352846366906,8.848477668113734,0.11463763029273899,-88.77382651835974,-1.4888643785011495,-0.07746966675943062,3.344503224739057,6.3075668058437175,0.8745675605748113,above
69.01645367676346,56.504518515361006,59.246576590187324,0.47247573152930056,3.230411491771484,-16.755993993070142,-66.19350473047888,0.01584546390185526,-5.445739351927321,-74.7962344205304,1.4091273759562337,0.17624830377591488,-6.430227862469323,3.3832766885010903,0.538512127535991,underground
21.2544554015565,16.10609202527803,17.19251689431198,0.15617934364824684,25.567277472578006,-0.495523845476451,-68.03860655586679,9.461965019602456,-0.48562266806516696,-79.61359837296166,-0.20708632704657082,0.05751431177197247,-1.935206475530121,2.0749851681684315,0.6503235354261863,street_level
37.86505253313875,66.97689315661512,18.955777911576103,0.15259900879114194,6.841134422018515,-3.9192287478764856,-56.236807843788085,9.760609620654233,-5.7907201225556335,-77.25986329763822,-0.6928404410122283,-0.07990996838973194,1.5009745119524893,2.6036118994957125,0.8230675239336274,above
14.558170504821469,74.00619156913818,22.881902858212136,0.44735075844464756,14.74641495473942,1.4246081026041981,-80.03694551127502,5.535328115565617,-5.093303879453675,-83.12209253062258,-0.9963931235737481,-0.05470500934751041,7.049842958625435,3.355000536706182,0.922150791360122,above
43.96641228106766,49.15328100828144,35.19811086928729,0.5113365033207234,10.100582361652739,-10.177810240023094,-80.76939145678266,4.5375491209335905,1.3426391793616403,-71.71514366017165,0.5307415269101736,0.1015171181435586,-2.9848324992829713,3.4964840366693934,0.6842711469010636,underground
15.7304091176529,41.21769913810012,13.55321004067371,0.09463475274462937,12.81427842598196,-2.9029842179865675,-63.49324543200508,4.941061703838386,-0.6917184188018268,-80.2731842196454,-0.13413997287248214,0.002765043453359442,5.777408700146989,4.680810723367209,0.8918855291286563,street_level
14.976267943452262,40.129554343160294,17.45470138287896,0.20327023079601383,24.468758376041606,-0.6575658956762869,-72.68806938764422,10.324994990440494,1.7810479306368094,-74.51617395847687,0.7954435167358394,-0.06156832306666074,1.7285362272853675,4.2078411585442765,0.7447240880862611,street_level
20.072812795291824,43.50027377523736,15.956860096249933,0.18277720543519205,18.57391503635081,-1.0192503789367882,-73.95376790118443,3.8766922628323544,-1.9743532591723296,-75.16052093306136,0.17420701431508726,0.009746954408152639,-0.8289335329735099,1.675380030216925,0.6768063935302004,street_level
11.626066846227118,15.038348108503193,1.4155636543358876,0.10817616923664315,23.395243420194184,3.058606227159242,-55.63790911908677,3.623240700217724,0.7881400616629604,-50.9368910816436,0.10110665695314361,-0.024275054724771945,-0.34589695740009585,0.3188407657209094,0.6697870086338209,street_level
31.570735600321633,49.308093403966765,21.382570363495173,0.24818001108743162,13.074583114469188,-0.9823064559655954,-69.72962262870686,8.918990954227578,-0.41642594941231614,-67.67565248634546,0.5293951688053123,0.08462743758514184,-3.424929679216718,2.56140742207796,0.5281062484040789,underground
9.726340067170096,13.487822429728048,2.5369493196130604,0.02701195995199739,21.209610319988734,3.0053306518177783,-48.767657201207754,9.711821824043927,-0.8182509597520347,-55.12927693584877,-0.05601412341518315,-0.0129252318192397,-0.1575083054321481,0.13922450404905976,0.7158228229001617,street_level
62.1380342487092,50.0506975820234,59.770119622989334,0.5111041978514547,4.7631834314437915,2.382799652033917,-87.22828936871716,6.460604941745022,-0.4173210816014752,-74.64648932838499,0.799225689365981,0.05023728243133963,-2.8848399138187792,4.542068904654629,0.6928281780958279,underground
9.952883748087103,8.345090037613845,2.8784919258810633,0.05522497855392501,8.73587952329645,2.4497652979429487,-49.62967697185354,11.231920487676009,-2.3194607677455368,-64.66176905975257,0.08538981498881815,0.016228852253321782,0.010568670173052852,0.5569571559336909,0.7825621960206438,street_level
29.314395728874015,53.07877464246788,24.692518633011254,0.40734775350627495,8.061346375582762,-7.350387390135572,-70.19438604648576,9.843501042495154,-4.676348681582063,-81.99831807438386,0.37581087044430783,0.10990447441140364,-1.815126900842432,1.1754860612480134,0.4192246761119451,underground
20.134285720432416,43.89945479780837,7.534433374318644,0.024916312064536733,15.766382441901865,-3.0631935261928778,-52.24837350539043,8.135443176583617,-0.3509163295143516,-55.913938222072844,-0.002962931766367305,-0.06753704459535231,-1.9519115321594542,1.543789572586355,0.6202102584120932,street_level
6.917343987971283,15.461184815964797,0.18129950207960044,0.040486451831525806,24.621643084120322,3.8601076578993068,-54.11882135166443,10.613701496600356,-0.11938959050556575,-60.78509158477094,-0.13623942838737477,-0.00348275503403429,0.3100520717128076,0.13263960382031392,0.8107635834157677,street_level
43.60541172571219,76.33983914094253,20.43219302718436,0.5781531603331577,6.107250946478528,-10.68988760835922,-77.82788559176527,8.54406402573463,-5.582041311145035,-87.80110997230074,0.3999540478469894,0.05040745042497265,-2.585680752577682,3.894902169247012,0.5050584063836212,underground
20.674478364380185,71.22996701904182,8.291790880462322,0.33351792780656275,5.9000652217354475,4.454597819708864,-59.67319862942166,8.902747800941626,-5.27908706247436,-85.11501310938434,-1.322902637632409,-0.14234133379233585,2.3119652871103824,1.9564898468832637,0.6414353350681272,above
5.33500848528103,12.531706111623802,4.839403558809694,0.14272582026747993,18.44351660608624,3.2775618397061193,-70.91751530504048,4.963919465966619,-2.904866656596473,-84.9491054497934,0.07167495069298019,0.027237155176249278,-0.16479979499354913,0.45100893891580385,0.7122234789368844,street_level
8.961710659614786,17.512825229606868,1.4399340685200224,0.021383983086223923,22.575749267190712,-2.45676025022225,-71.7496402511264,6.509187399551372,-1.3960486063685968,-58.45328222913438,-0.047266773775577434,-0.017714461649307824,-0.19387373822988374,0.23364112949079952,0.660493865343592,street_level
31.665185035622763,40.99652488570911,15.140999542432443,0.3671400788321785,13.70904830975616,-9.255803183061875,-78.81523819960033,4.786140860024208,-0.814479966936295,-65.75305691246612,0.23493305117881985,0.021824061866758854,-2.697296620733103,1.3288210026644776,0.7893445517049369,underground
18.62231664225028,74.70024513731846,26.264633099377583,0.14577563931873985,5.720928320363758,-3.137563934316895,-60.783287405342804,2.1126178341297037,2.32636917586035,-87.70690622171679,-1.4553894456060372,-0.21240099509512708,5.304304834739941,2.704142398776157,0.8543003250948613,above
23.85786521813502,38.63580736261087,23.14883821367632,0.30728009001503576,15.930627145083932,-1.2752678690983723,-66.52059634402694,8.573209550099751,-3.051087108728897,-79.47906510238961,0.143675845291132,0.02226325399089992,0.021034897941380137,1.0313445805696082,0.5362778662610099,street_level
8.25464914870752,22.69550822231671,6.250820493372241,0.10572164290472154,10.616494033114634,-3.3482552255279163,-77.48568328937162,12.851800293222803,2.240371929361597,-84.76262087974402,0.07476881897789,-0.06301981030768744,-2.0150192080889733,2.6891194594905805,0.649305273266174,street_level
76.47662599466517,89.34508274987087,78.75314236099481,0.47714336899668197,8.1940081442694,-1.950452788865391,-79.98953521179615,2.6248243480556175,2.5566158628245415,-68.75194968990438,0.8007571712346031,0.1491561246826396,-1.7380256400775984,4.227894244186766,0.9740605187321576,underground
34.48938316744804,73.73781112339952,17.29534558428454,0.18944233473809802,11.610942992517549,-1.5432618054619551,-56.11987742242449,1.963420862062113,4.312256128104556,-91.72226544490464,-0.8135193616315866,-0.2212136403824491,5.623565673585194,2.048844085138971,0.8966862234358081,above
6.163614622699892,15.924704088688713,4.9076188903289575,0.031042337275584586,9.826740154318076,-0.6444312558179837,-64.8552614141769,11.582242291760924,0.34676382837687214,-61.54737998095033,0.03459174117463773,0.008107196430049063,0.24190306942398898,0.7216659487739547,0.7984224506364335,street_level
41.8778808711119,47.456272146593946,20.27882748374686,0.4568652005141062,9.543453135941009,-7.185092757008638,-63.5251589722801,11.13502228624459,0.44934790394201407,-60.216777767931745,-1.2004500979017692,-0.10092661161288691,3.189467269268751,2.914384366360488,0.6629627980500882,above
58.93568684523777,99.70370504159781,53.44277561304607,0.5552727154468069,7.631567547522749,2.7115213275362393,-78.68210635746647,0.12991989721227437,-3.5909983163233665,-71.36127315780182,1.4063084866406526,0.1137244753347057,-3.540267730683685,2.5037720092071547,0.7496887430908685,underground
46.83139453984259,110.45466414373061,25.6807940589079,0.6482852312309232,3.1002790499233104,-10.543031125511789,-77.47958295548901,5.6325928346099845,-1.9152239067407102,-76.69702765511802,1.2245041081276846,0.14569536212461226,-6.73006156942803,1.7423947628518648,0.7410025927775624,underground
7.459016821796817,17.942908125423305,4.204578675297734,0.12057599590249603,8.877450804010234,-2.558586332944012,-73.68888738394944,11.743712815819709,-1.4910728173352026,-58.41414151976252,-0.0030983536371634035,0.003806913511222164,-0.05889295717985421,0.10329362852346949,0.8237435922865284,street_level
76.85874211695275,68.5051675520485,73.4907584988203,0.4210548557729289,0.75473022573181,-16.773369138342623,-85.49498944526044,5.529519021730583,-5.772239563294265,-94.25424613379799,0.6243337991115071,0.17783237749424297,-1.5560406874154449,7.923267104412368,0.7061330459274595,underground
15.30298851855904,42.59655501061654,12.098377910252117,0.04061599852114327,13.09157853648033,0.12704790002504307,-65.83811421682923,6.468711134888981,-0.5748296881803148,-78.42534678732663,0.12235136519589074,0.031687654206142335,-2.4771024021122514,2.116526446294147,0.5483931056911046,street_level
24.374012289574893,64.12163433165458,19.169089849188275,0.33460510491641104,10.692572955799331,4.140747519416065,-77.36873935544294,10.30211730023134,-5.988938320613206,-74.5982392381799,-0.39935020770516116,-0.1989557712335675,6.527930802936814,6.687061159960549,0.9182489117654058,above
48.77357563763256,104.3056771382433,25.957868669357005,0.7588013673952205,0.006438719135943849,-2.844406151198637,-65.54197555117912,5.233138771378376,-6.630424438457342,-73.77890102969306,1.487569671611352,0.1577245011784004,-5.548879141619398,4.830958156660581,0.7558719374984102,underground
22.038680523289433,19.809988729869126,13.89339193417485,0.024052672679524538,18.828751231220444,3.695167993074528,-59.56699869006115,5.822747707311289,2.445423872349571,-63.128903179357614,0.7319674735718629,-0.09934242859321699,-3.9640344489950503,5.151815589225914,0.8692888249968984,street_level
30.71645659727447,64.92893256492991,14.047511295332239,0.3725400550803214,11.678092376407898,-2.6111463622540585,-55.69351692505842,9.180731486019683,-4.143800656188778,-84.61417043786165,-0.8906611193345814,-0.24156011988667264,3.288423516327308,4.356968045303784,0.6552367380373558,above
56.86730443368191,56.77346672399139,46.18777537775494,0.8939470730077358,2.4151137807935488,-17.066780488357942,-80.31455995175426,7.850422360881597,-1.2325776901858987,-93.91665945091091,0.3177498962073686,0.04564191711596181,-3.620298629097566,3.669155983736207,0.7310346316965485,underground
44.4195540692013,50.36490877009483,15.197788510102978,0.5167821528583771,5.922974612677844,-1.6475806118779808,-68.08077783619518,4.081571566877771,-4.102772150053136,-84.88700184923721,0.5248508289518475,0.059198996600672446,-0.9425014146693558,3.3267828959871792,0.7038415009269527,underground
32.7963491458773,34.0804479421693,24.100194846501893,0.48570585455295523,7.797019283794274,-7.778750797309634,-84.42940058662556,5.881117820589989,-6.479573727790889,-66.35202546872235,0.21325408607558732,0.0827222731244726,-2.373630853562493,0.874336724910409,0.8456297666565031,underground
21.1113396091962,37.28253102927832,9.320487803459294,0.29367151924201157,21.411158731720327,-3.7054684148331485,-56.6495304349033,10.715468929486883,3.658243559325335,-67.86360634756235,0.090144312806473,-0.0028931871696595383,-1.2518813823442594,0.3418269804555918,0.5107827000039553,street_level
19.002781691940218,69.48109880746358,27.01958571819698,0.39660247121910264,10.859259559500451,-6.686000770128906,-64.40814242198181,3.605445577759827,-5.358929286162388,-78.68442973081031,-0.8749142918774466,-0.1914296783646336,2.523847670404689,5.885153230620746,0.6906413088789428,above
26.31204584005146,104.86580792106285,68.94267940281875,0.6213636457289878,2.7701030791745707,-18.63834186979879,-89.77781874443043,0.7167709928018224,-4.430212310614952,-84.47201392303874,0.8928198389143722,0.07052492934706592,-4.794467394916439,5.697765391883681,0.6433753706057954,underground
70.15367610457832,74.97911617802237,38.34738067204579,0.9840680920817169,3.826170783500409,-14.981192610817423,-69.4392782347849,6.812526623286888,-0.6999643797295061,-86.25840351275768,1.114385843878627,0.10089971548237148,-5.44633560491173,6.558992907076319,0.5767992737701759,underground
8.12534026846141,17.936508419864005,1.396995770083429,0.017366053818627346,10.416104433563506,2.553999662387197,-61.970354557008235,2.8920955452812196,-2.83071674883423,-81.18200481114526,0.044709967331989786,-0.023276300399039065,0.28450143719884835,0.29056063893315054,0.8746613527186102,street_level
9.942883510125107,36.952407044784,15.242286398274615,0.14770527350038037,21.540704962764373,-2.6762750120744467,-73.38563076233791,4.300092670314164,2.9537563313814914,-77.46345275481701,-0.07855730720857801,0.0726293192525122,0.047372211675786424,4.49325335188141,0.5559350172324049,street_level
68.94308750432091,102.66981281392195,59.69413071050599,0.5237040381674806,5.596278476877549,-13.541058826642862,-88.21356020533585,3.192657291415763,-8.481801804057909,-87.901146908707,0.44687217989600936,0.1063443931333132,-5.991364948207439,7.269150191238481,0.7289971976966616,underground
9.137310498064284,23.264492718060133,5.022210796374841,0.17068110368252698,25.282659351808224,-0.4401583260614199,-54.748448893159534,8.958733553155774,-2.2082599266880805,-71.33765089931248,-0.2072629425908602,-0.0070426203098729045,4.984171883245224,4.521307090320869,0.5870456265148676,street_level
10.284781670003373,17.256483639041054,0.1996952491576478,0.08772832956255919,12.013852674945024,2.810220112092291,-67.25248611301211,7.368405422262258,-1.5138537942009562,-82.5011765942317,-0.1250928421334059,3.986584930691997e-05,0.1053074538159795,0.7986172003252654,0.5072674746012286,street_level
20.99106783949376,31.87919158901028,17.83312410086379,0.07593840821159235,15.590636661987304,-0.4730691016882993,-51.30819864245703,13.429873560753313,2.333822185739775,-69.77314625826737,0.5791609432336045,-0.040004667168347365,-1.1704784395473364,4.064849326832946,0.5530236714468617,street_level
52.532752403777735,96.6270281354403,44.57911336994397,0.5717179285104406,8.273782174178507,-17.61784553605348,-79.89888222676458,0.11812021989738675,-5.198726150261412,-89.39083357638941,0.4508454142824757,0.13723532280470943,-7.441922092585886,7.542477525506074,0.7173082070956471,underground
11.95398817925882,15.055031939618996,5.432485052140066,0.10651987384820942,23.023194371567126,-1.2318343241395278,-54.28533404669561,5.2536199974585305,-2.409501137475276,-53.86020440170897,-0.03758387880756943,-0.02613715011933903,-0.16598962707911147,0.17156195802478946,0.641605084536532,street_level
11.260724085375028,8.847562771376433,3.056700135863646,0.06941381304005328,9.695681987971264,-3.842247895593311,-62.65856333824112,3.5670514681870884,0.2563714915976094,-80.14937055005157,0.13946999713293626,0.01271499730787641,0.2883621698791622,0.7257971263623606,0.626021475870341,street_level
31.56508330100705,43.67875392180537,62.75189662726739,0.7041580916602217,4.599692163200679,-12.710523092114794,-83.77469694401194,1.7405802337894487,-10.281400293022788,-91.29659540642784,1.1649951422136144,0.18043049761466065,-7.29287667500095,2.383555018423344,0.7380543275356786,underground
31.218588121422854,34.21807396009766,12.050789608722848,0.21717543430372105,9.0860097359155,-2.2555537857326255,-51.41171447908603,4.872442594369522,2.2731243262261307,-60.787627189227436,-0.09409906970535574,0.016622750151888792,1.0057788489036903,0.2896194457556507,0.9084324883461259,street_level
19.599068914887003,25.738531493771582,15.410434412329721,0.32517385259094655,17.10284936564378,0.03757177739403694,-67.55998643540318,6.008765043129082,-0.37155110783143463,-73.21027516023604,-0.614564106956001,-0.20756028733518178,7.816285519931584,2.1011253986038367,0.7073703515469816,above
34.16203524035096,112.73896836019756,31.158871002231166,0.4115788342293699,7.295070384811585,-0.523623762767496,-66.62185670564821,2.9379455868437327,-1.2878318972677043,-92.7513364425926,0.8536439603864784,0.14075172094956823,-7.110790427207558,6.888862683669359,0.7245604764959075,underground
31.635704928057283,66.34345964788585,32.46795656200577,0.22184418064109127,9.406184575132407,-1.742477618641062,-71.09028911293791,7.9628734111946615,-0.7586457582049198,-70.59880583820595,-1.0887960396039362,-0.18854090921828282,6.4199589494714635,3.9053970438971657,0.4335877643484666,above
18.06386419774626,28.778593548845286,38.086695499190824,0.5936488216234987,8.486203937372052,-9.911001529896627,-58.34658901543626,9.21102567615343,-0.9579261165004267,-75.83097682416185,0.6421815213158859,0.11550940047851567,-2.833227151068244,2.115143320785564,0.6522362172408187,underground
36.016776263306355,43.70230104495056,22.02991318381106,0.3516468866186452,11.126312665099999,0.9783962276661686,-88.55655528502481,2.774466732614738,1.0053926319022608,-74.22704335193635,0.2664924367112958,0.09159392340351968,-2.2335031128204696,3.217610137648479,0.5835609324339962,underground
60.6759204953359,53.30252445312063,25.710818779320157,0.8995949242121687,3.45521494396701,-18.919428442721813,-61.44997570156532,2.2644394356218056,-8.881636925185182,-91.91414605190647,1.3429968844252183,0.1650565735063831,-6.36768156189941,6.458252453671699,0.8846622349753771,underground
11.955894949398928,13.563015175461938,5.308291708120551,0.09340486993930956,14.989861350170411,2.641571474599208,-45.466447320304596,10.178110710901175,-1.1701736181818956,-59.04365040119538,-0.07519218774487253,-0.002048741625974987,-0.10924533415937854,0.5582372970590087,0.6719966041642447,street_level
21.27439696214895,47.01917183959665,20.638886413053747,0.2882872016624489,18.857993940654588,3.7659722679262924,-74.91938094748754,5.902337591263481,-0.5993113741477858,-56.44445805772547,0.14157668334486298,0.027131935832183915,-0.7858113786462539,0.8172811254672139,0.8433209348194212,street_level
10.538246646851903,44.557631662033614,10.58988618362411,0.08751003936082892,10.928299683948087,3.644371817682682,-68.71745192670834,12.718522475413655,-0.035868979202925644,-77.05572207048705,-0.39371618253106533,-0.07990193162124892,-1.8632704712005976,4.214851122772735,0.5286359260338679,street_level
7.0428906960593425,12.087728091505898,4.480148316362502,0.06647245011018423,19.12065502922607,-0.31936769884545235,-51.129618748032016,4.323301808610143,1.6513097879038234,-75.37686424598697,0.09856329045469539,0.025822608714491282,-0.44502427284119694,0.7575980297604968,0.9693800957815,street_level
16.576166750318762,28.53757202365287,4.457084593258718,0.030950760541999904,16.358664315766443,3.687619107041222,-71.690114133368,6.4150502121850295,1.6975497970816846,-63.11072933797624,-0.18094857079395332,-0.004508690852416855,2.672117567719269,2.101293011068543,0.8145694281155302,street_level
23.105781671015833,40.434796573240845,14.060656397973027,0.2064628840392737,8.696552631822618,1.1236551427395511,-72.81843854569155,8.823348425219748,0.47405101345654277,-83.82945247549169,-0.042624546854774646,0.00862426614721376,0.4824719440003409,0.36573427126695957,0.6815038177326288,street_level
10.784518424878481,41.98242379026046,6.711128279580384,0.1291346987655175,10.686990102116024,1.7168011729502295,-70.368480751041,6.896962368069351,-2.5508386777811993,-56.855996660871384,-0.32813008679973027,-0.05053662477294905,0.8288231850517533,1.0077903786376106,0.43268011971922304,street_level
11.83956583122956,40.07556471077698,9.548389465921744,0.14367068635197053,21.96118524575721,-0.36898147708246487,-72.25332782219135,12.697505396409712,-0.27021023594351057,-59.026129053733584,-0.7277664946452822,0.07759474739879585,5.945098210848391,2.292402201149876,0.5699688011764885,street_level
38.84094872897385,55.938770566965346,28.89603618263254,0.1403023190607578,8.857943802988089,-3.9781260562551397,-70.57273327419462,6.973037528612002,-3.11667447393556,-66.89656625647358,-1.086943762658577,-0.16242431943922808,4.363524946394033,5.882314879154269,0.617394281960312,above
30.25137237510635,55.09724380979502,24.99391452689799,0.47610153615064255,6.185169741263229,0.3417257492844108,-74.35803539393524,7.16140401679563,-6.719352594092463,-93.09841530432892,0.5149534984354873,0.07344316331594898,-3.493989294624042,1.8388359898680813,0.963463757211602,underground
34.964855599499174,44.96193006098068,19.765119034163327,0.21277931083785434,16.724273134482523,-0.1340325083031253,-67.86998109913607,8.14049952030249,-3.762357570221794,-78.16475978676571,0.10402364170350972,0.01462941190532318,-0.969746212701098,0.6652589616849256,0.7487674230530413,street_level
64.84139457218117,84.33201703310078,76.7030478729823,0.6436032827200281,0.06932611534125943,-1.978950477577044,-79.64070535697584,1.0368404474504782,2.0581751831129473,-68.58588146287101,0.2502102773115595,0.053812879403330655,-6.033540104982498,2.520973802153587,0.4996184486600481,underground
74.17972294833054,70.64057705138282,60.647770145346456,0.9767216732832389,0.5992836615061214,-4.3872684564784095,-85.7693728681042,2.9238890859870175,0.9318321732495605,-65.67190258842811,1.448624831933482,0.19581453561061382,-7.3975535346490044,3.6891635624069026,0.9002343791137937,underground
19.747956157470817,37.54333074451522,4.7942238844066605,0.202545521810396,26.158142917867963,-1.6018282331224851,-77.62251408615101,10.85062356804513,-2.4761731732021546,-76.35638053520886,-0.4116700908934629,-0.016340250367293363,2.894933200475549,5.185692465451998,0.8058184064895575,street_level
31.35302284908629,30.804304944067013,20.77614440372686,0.1508874796019121,20.021336958220992,-0.9033561404898567,-64.76701889066622,7.360669465580187,1.0431121153686824,-55.907701312345715,0.19490801496751478,-0.005034854562713919,1.016716892057406,1.6803972632370063,0.9993876340868757,street_level
15.887538712121088,41.279141054388425,12.134862088377016,0.12239884735716659,25.15110901210595,-3.038002859714421,-53.94872394910443,3.8821757319717136,0.535106318791315,-67.37626597092918,-0.7777119421049461,-0.06725423429672972,-2.9033624312520754,2.58169040235627,0.6702211516968676,street_level
33.806115284205816,29.139736671172948,28.78167558946655,0.4414779317507923,6.657217607197492,-7.474819065491445,-69.19698294497599,6.63757560822356,-5.320707684554856,-82.28130709656048,-1.0021111813376793,-0.05798126667356676,4.1726012254402,1.5678726471622606,0.7615906826501879,above
17.159417548501793,20.9738020538874,13.226841851368857,0.1858400083777665,16.84093746798078,1.2079758791706219,-63.56786077970487,10.959036155869414,-0.05951074588112304,-61.23889465700718,-0.45293634329558796,0.06966279884640122,3.2210543449246973,3.081406817616544,0.639669218007425,street_level
20.26726888662662,32.500022957336235,4.01851034994761,0.13112035125671387,21.979615846392306,2.6650662629141904,-71.49742028576746,10.981314077820207,-2.65511113532736,-56.71543058346556,-0.1751621383541473,-0.07102419879964726,-2.613228738960594,1.2550301186418202,0.7987927892980593,street_level
26.266121226583692,26.337051271453305,10.596641298903752,0.31428264697784847,18.167696850762262,3.8814677600833143,-64.3282221346352,4.57930381420287,-3.668945058261264,-62.63203354562265,0.08917492362603607,-0.01660450475705038,0.013805246303244312,1.6105260632864205,0.9102335823742824,street_level
62.063541427456194,53.71826969258865,61.3228016288829,0.9404108305460153,0.37245137098728454,-10.308776571426066,-84.328264812571,4.64899706406811,-9.737653123562632,-93.10827844596136,0.8614756247499491,0.21202655447221128,-2.7311713363708687,6.9171619948807805,0.4670417955810746,underground
17.361997935445693,18.74872952450512,12.817956545711553,0.07185644040902767,19.93980803885521,3.172549531042967,-53.36673055407671,5.054030973572408,0.24491066110643533,-63.26845000022489,0.03883931072427527,-0.09586878844557811,-2.8601785843526613,4.454226703925081,0.4028310504351987,street_level
41.08128059739203,50.823941825479324,34.365121850011334,0.27079929632053434,11.783688282319515,-0.10489971968980427,-78.68297740593336,5.02338736399014,0.03074195464390872,-86.67292190237794,-1.0312298343043556,-0.056693908671474974,2.1686431799431123,7.797305852681781,0.4271024665208357,above
38.004085469234695,73.12935670296613,46.53213502060393,0.596148254488716,1.2173194323335157,-14.900556601898732,-83.36874980249947,3.960099419298909,-8.359609056563253,-67.92006058715995,0.5602131832315618,0.23236481645771243,-2.20325580370747,6.230992791791246,0.7587065560499613,underground
38.20866611854718,71.23019785400936,17.88280022255172,0.47665964770871994,7.288310299755835,-4.096264848786632,-87.74970283289208,5.756037468104825,-3.7471841285766274,-84.8965080049941,0.8897879358259684,0.2348648841288091,-4.762844082095128,3.248168427777647,0.6042099856918053,underground
45.73204018912366,73.90578920833951,66.7262199446863,0.9646616971320416,3.6076366319112174,0.34611164406378236,-83.19140841805257,5.261588600012901,-5.060000235103908,-73.4486121423247,1.304636072829616,0.15626659107251759,-4.774902383350337,5.7871000626101665,0.9338336277755314,underground
14.375709506260117,36.38936227848643,18.817733125845237,0.2923305658368476,23.079778072453415,2.0514573092511403,-57.81315484011445,6.527870766386239,3.2615150891345213,-59.44419401314498,-0.012178610544777466,0.03255954073300825,-1.1635997522667605,1.854638584927309,0.9787889852418943,street_level
20.43932456076525,22.502857366171042,6.454461382723026,0.055092475192659654,12.399215672054565,-3.3940908035008546,-77.98254818912588,11.946568455584154,1.333362192731684,-69.86377167237828,-0.2267829889949322,0.0793264737260447,0.8160130917386539,1.0263445368237325,0.4326527646298569,street_level
18.777827812004364,37.27846999153652,18.98136203471305,0.2718875789512162,7.562564170499025,-9.058681653136553,-58.114142765324345,5.729235399942517,-0.8143560206968088,-94.57716163728982,0.5203029939852939,0.06255953240731138,-3.3751228832647127,2.4375453555558604,0.8240771616796239,underground
34.7316273220473,33.41257068535343,16.41446131331997,0.10574619900792975,14.966119898281804,-0.25425166012180256,-68.10828062178945,10.979875800970829,1.1791065019995708,-79.80078236928698,0.15207188452783219,-0.0014063252459444835,0.04246013943857774,0.6166046084498771,0.8034690948060288,street_level
17.986719399968884,31.219960395835674,15.305461570537288,0.056884833369433424,21.58841809074061,2.639118161583145,-67.58318247802181,10.788050380848457,-1.8681241532111565,-76.09614483193246,0.5642748579396764,0.01832583634430343,-0.3200271331485549,1.1486736521533167,0.6357002126808509,street_level
11.289792190663684,43.54224985716056,8.938990682920629,0.021354511206305965,10.271148344682537,2.789885022273296,-68.58661123202302,7.987725506584451,-1.5973773682417751,-79.78631994755982,-0.5466955346164921,-0.025221675667141466,5.17816389119754,1.7906187878077402,0.4331944428590374,street_level
17.952017140853872,18.51427849454208,6.36880557511618,0.09791443753260251,25.737828800262655,-1.9877693890055355,-70.06210537812528,10.607847168579662,-0.42182253788784285,-68.84800695211231,-0.34977763872096634,-0.08119408368842261,-5.772787500469452,1.715117230055406,0.6082614769172598,street_level
55.55474261935267,101.9283464119813,17.156243188949194,0.9240115255494278,7.946869532752091,-2.412942317074421,-83.03111385622998,6.056419102487316,-10.720501196152895,-73.13313242237936,0.5021759187735664,0.054538409980191604,-7.174233501872076,3.647902524581967,0.8326485707233386,underground
10.903328940651003,26.35244852035852,15.144428438657753,0.03428332134459536,19.556793478825192,-0.5168046609696209,-57.17940369437363,11.216011671808236,1.165405803071783,-59.845519310831705,-0.20033540119342974,-0.03184513817998602,-2.5055493144243126,1.26710152181731,0.6231635935291899,street_level
33.7857973697969,32.68279815679487,10.579623981995264,0.3780742716947198,6.674929172343759,-3.3050063044575246,-64.66719213979235,5.767623223372311,1.8173357013601432,-91.17634893576773,0.3917356328138063,0.05945268098345674,-3.933237805667376,3.189625726749844,0.43933263328307776,underground
17.934275459937858,39.78536817825516,12.022590601138566,0.46570345143793573,6.369465621448381,-7.870240790830991,-76.34048488559105,9.819149139819185,-0.007419214914905936,-72.34203901258651,0.6420860165513538,0.10916676260748207,-2.3039917738191082,2.55817386989491,0.5712012073916537,underground
44.99621945326582,39.5663022412179,32.62841796245356,0.2660758768034873,3.3194031623280535,5.384432158152224,-85.36065978731857,8.680084350722172,3.251390848821483,-88.28424604250718,-0.8646966588793374,-0.2253715235852085,5.156665025591304,5.142294411558474,0.7464236498824388,above
40.8061748991172,57.392194302479794,17.117459633751693,0.4450268694949996,4.871773889049718,-8.762337842687476,-74.36715851594963,4.338515963678301,1.778896345867576,-66.6039415620448,0.2886103091283254,0.052006247087374835,-1.4315501474011834,2.9507004627160276,0.45518575700123615,underground
28.213337999367436,67.3816494395002,30.511548813083056,0.3355949196307235,5.24986901850543,4.662288167098536,-68.92013148403369,7.366416169027827,2.9930359952925745,-75.75463242765449,-0.3114853686166945,-0.14118874625940606,4.29609521267177,5.689244000996975,0.7983016801370528,above
26.08948325528273,67.08810435223245,22.041546542958272,0.4569868200214334,4.147260162639855,-6.31613328670578,-57.14524650492467,9.969987437737739,-2.475909371014504,-73.45634298770463,-1.2690562648477595,-0.24985047359819898,3.1095543608261353,2.485880526837556,0.9074613782635483,above
9.497955868713722,38.44089761099157,14.745335528716446,0.07253474949578033,24.036724787790767,-1.3013467862887111,-63.642413523215225,4.840488226673421,-1.024992352909746,-69.12977882180353,-0.5243080397164792,0.024165775328709144,0.11870182956648456,2.5719809720116897,0.7975357203422591,street_level
9.532605404255762,12.409100981848821,4.862043883299618,0.06479948536173097,8.85745835465167,1.1601173107857639,-58.98858625781121,6.358038929748126,0.3521368423932989,-68.36448679922884,-0.10094683553380672,0.025036477085564897,-0.04766034927068097,0.13965882182447614,0.8541436938494307,street_level
69.82816958187153,105.9669608358569,36.488264639517666,0.6246157956793676,6.269158697689447,-19.33546416145127,-86.40852380884047,4.0327905022100285,1.6747584999658596,-75.57659686922067,0.5539629436045811,0.048313116266171775,-5.476713890677904,3.4963582039520924,0.9014037887396523,underground
11.239682626033641,44.480496612595495,13.875368214541703,0.17532380066750294,15.381235144865949,1.4131637109790338,-50.23169952634522,11.925805764665933,0.45057129798034135,-81.77776523630536,-0.27598309504833807,0.05431391091804713,-3.397989966774346,2.0005404848222446,0.48429630217951614,street_level
37.374690770439145,99.84674385938357,79.29324826865641,0.590484463624843,2.677878814308036,-13.098313621235484,-65.9033066313284,2.6359883272092413,-3.709027665687879,-80.17173109909939,1.1296462785293495,0.22714432962769704,-3.159421834994723,5.659029612997237,0.4714596247255328,underground
19.801737800425485,27.721343555526605,13.766294526387483,0.02611065511624507,27.91245397725058,3.947695995142852,-77.23783920304432,8.486494941139984,2.0933631808786926,-83.46997174650497,0.16351737506196806,-0.019116458243101528,2.99367452126271,3.813094045522596,0.7350818169051403,street_level
44.76930695585232,51.63030013163234,27.316630323764844,0.22681681378241947,14.531789102166195,-6.814362656986058,-62.15826502203508,1.2922744088988294,-0.19635216933509714,-83.69545899896903,0.27099907733227485,0.040070822280648836,-3.2271288065484547,0.8946333503194922,0.5792564290086023,underground
11.809715413411107,13.487507164133797,5.456726159750295,0.1414421163054712,9.531035436869384,2.2447902190360036,-70.76737635336612,10.68314754225616,1.8097392489278041,-64.67706716653282,-0.07769930027135637,0.029529919423388576,-0.19317905774693644,0.6122131814658252,0.5796809377804515,street_level
5.540291320487277,9.86047712884437,1.4895181078504816,0.06998670512728547,17.723746026113318,-1.6400173193567404,-49.61838363561655,3.075600525664291,-1.6342376942562542,-76.65394026302853,-0.08509498512609258,-0.0029870343404755327,-0.3564185869569019,0.401364182686222,0.8039866574185577,street_level
28.5447110791427,111.46256825901364,28.902419433141986,0.7347832914230576,4.13544248247646,-16.921704687905212,-68.50008452501521,7.5433743796738,-3.6569412260447525,-67.88895536126114,0.7967632349581808,0.1736510515766518,-3.3022190961892237,5.900006675361475,0.6008650957573577,underground
20.284715557722553,43.782106681900515,9.256249210183814,0.16629816865036967,26.605564874368994,-0.23028346874548333,-58.31523353998237,7.337782621123675,-0.7441527848507299,-61.68150237170603,-0.7651874136510364,0.004133513735052746,-0.5402639368482998,3.3819582129407193,0.7730730285429899,street_level
29.075391009473776,45.6884834262705,8.578151165761584,0.20700987775413152,7.382843423310251,-0.9436368693598265,-83.51821230910673,7.054364587798082,-4.969821567897783,-89.69051268333958,-1.296712522062016,-0.08317342929039898,7.329879835969159,6.523713260781356,0.569357658328752,above
22.345459571341117,19.801491865913732,9.517153718029206,0.07097891048446502,26.911013162604373,0.34075555823533055,-65.12502212228121,12.934909526019966,0.30340008322535983,-84.4966093486012,-0.18700716986068,-0.08259036437719083,0.771696713762406,4.0217023519018,0.41665769187524276,street_level
47.31143728493386,55.2359967461292,69.66634809875671,0.644732848578681,9.39773432460396,-19.430951953846748,-78.18881662722723,2.9489468080913275,-3.4813211376295286,-82.14539391249967,1.3873491575841017,0.19324244162995857,-4.211040891788548,6.872137791663154,0.8009428274713065,underground
18.042717202523768,22.961563121090546,14.22435238714225,0.22241449219318887,24.44316949390145,-1.8600920717693192,-79.73474506519808,5.517993188861842,3.8510375276125863,-69.3495325434131,0.01574197302238023,-0.021137626368116273,1.178595506049748,1.0108996266826638,0.8827004810443564,street_level
32.05342112499601,67.55368869055641,15.887718206539844,0.43954852417556645,17.858485881009358,-6.316352936535055,-77.20864069176339,9.731016705363249,2.282752282006957,-89.92829558855037,-0.41924740720420006,-0.0718368979649382,3.6724220924238784,4.224037106603513,0.954496110914524,above
4.57262824013998,10.04078295910072,4.730575117957586,0.09671228512410147,11.124964733305148,-1.3438673629745042,-50.16691740359918,9.440191275638675,-2.017325054772543,-50.604699542235316,-0.10504369025331005,-0.005613118412033626,0.33973748534125303,0.6636518541795987,0.532828656177631,street_level
13.445809019226768,53.11941532566101,17.490356141231146,0.3370862088795603,18.98949919456077,0.8195419489712599,-76.89803667979552,3.515979198194477,3.2354527685631878,-66.59564335054667,0.18995555765887936,0.03157074059377131,1.4144204420724722,1.3010989672543285,0.6842664264271519,street_level
66.82557128396394,72.69585319491287,34.54807318885598,0.49752435993089517,2.741960413778574,-16.06445044785476,-73.7518664629319,6.17875097073789,-7.409739440401645,-92.77031158425996,0.484143985261433,0.07276642340214155,-6.810778592490227,2.082003726283141,0.7349579244268343,underground
11.09011396300273,26.069611301940206,5.576359080786269,0.03458473186184801,14.682719963536627,1.1524919233633941,-53.15877419033663,6.526209449258177,-0.13310819421933928,-71.4500943193896,0.24499705070261757,0.012282632278762778,1.6874987847411838,2.68884270842419,0.4518604288711087,street_level
18.125505144424995,15.989603654123062,6.5340458117207545,0.12567580521452212,23.222771407957847,2.9932045997440664,-55.73804874819979,10.737879242400794,2.5617921003018695,-55.3473223156274,0.41267371940138764,0.016099929517468234,4.133588399541498,4.778871734816908,0.6176632564693547,street_level
30.449715401498576,56.56569542558424,27.62965365526507,0.1278766964052394,15.093173913322282,-2.8915244877385753,-56.873057834294926,10.726552786616123,-1.2481324308290267,-63.51197415817876,-1.2065019376280048,-0.23704018639176336,4.275131227431928,3.331767381174875,0.7411217143412512,above
26.415433266534368,47.34087510652047,19.4322759951635,0.24647471320396003,22.89292153439014,3.7780202780343863,-74.9567316919982,3.1876275001191448,3.65340197606728,-58.189484899010615,-0.07737008396880737,-0.01786465840643483,-0.7371283131701595,1.1518440138057824,0.6950735816278268,street_level
27.5534480584026,32.77597442365668,19.29269177852052,0.254030069710082,11.94588056494129,0.7333813375060299,-63.732042300188674,7.035948107209499,-1.5610540462252285,-81.4175889266295,0.6771626608498111,0.0352773964379596,-3.838497227754316,1.9990233970045417,0.4789306166058515,underground
43.59227578264215,53.128642269828035,36.57974663773278,0.23699080365986758,7.092628494598034,-8.59097587479324,-65.43108265022917,8.954726301532855,-6.570082616728878,-66.38174901706651,0.20097916098467222,0.0585481741233153,-3.809669037742334,3.842997929310207,0.5874167665549984,underground
43.82515011545453,50.90109490037672,38.47809213814385,0.5614569742898992,7.958843738240677,-1.9204396006772573,-86.67839567227215,4.703965912814173,-0.8485647808046597,-67.13574406872542,0.661870435861078,0.10011620853013407,-3.0769979733373196,3.1817841436994208,0.728475256200241,underground
11.271813632841056,37.1024881581683,16.99753675468775,0.08347157491501728,10.730670393214147,-2.094741024690454,-53.68205350672811,12.101266399333989,-2.682226933567203,-65.37526960735667,0.12891590005069076,0.04027571941645908,2.098175756929365,2.917532121900839,0.7262376821830113,street_level
9.045877749078205,17.63270893341949,1.7672662664600125,0.13282004459566585,14.427333680147578,-0.2248669151970173,-52.23747633215972,8.45536474980171,-0.44018161600162253,-50.36657692654115,0.08398994390204012,0.0022991696047512666,-0.09969375925286661,0.08958850550290354,0.5271642018429572,street_level
57.44907924945286,86.35002384605926,62.232856022982524,0.8176193611790954,9.021544003611554,-19.295749863083664,-62.352241379962315,3.2764472091976655,-8.037319079619417,-85.63103585040531,0.747111092618075,0.06869347373560702,-6.36388552276486,3.556257013864103,0.6480316237167898,underground
9.618381975533735,8.521335440479225,2.422952888337381,0.13719162701792503,10.116188550034257,2.140436114720404,-64.81021459514727,2.135607741835919,2.0274786890833,-72.70045757340462,0.14160439398803518,-0.004206185920166073,-0.21919910081044247,0.09047657985526758,0.6203763349446517,street_level
17.411986352627295,44.76604226868963,15.093337151214074,0.1853302713723336,18.51749030533593,0.8094636308883345,-57.48385177932862,13.915756112365306,2.480098667476396,-79.5869770124999,-0.26662313668259474,0.07034977785514474,-2.486064233010971,5.065202726116413,0.8925094432166103,street_level
4.816905902794996,17.00785598377443,3.7221654981766954,0.1406168865519216,18.882670590402725,-0.19818722411214118,-67.48472172550376,6.607264722312498,-2.5044418701517337,-50.209794955840735,0.10731343122053397,-0.008641001582264832,0.2669705961728779,0.27791588085660246,0.8130013596978405,street_level
29.02525990282596,52.960892207105,20.827816619910983,0.3255061079945044,15.370761271945636,4.732395473676561,-69.27265339271088,2.5014953920230987,-5.004487751581728,-88.78167924200675,-0.2695846103231463,-0.07257380383840706,5.853136837366162,5.26384517755557,0.5382569635572984,above
68.10215317881426,73.71092412174711,18.99036897580284,0.7953279853610559,5.328331044871346,-5.7292967533987476,-63.33268272488323,7.69834660844285,-3.5248792670700198,-72.43582279502063,0.8271298534785514,0.10675927150739287,-4.704666215651253,7.916306791204514,0.8745082965037125,underground
22.72906952685514,22.417873216802434,8.27319783723541,0.03257502116641147,11.775054685678587,2.048070968113451,-75.38726617109275,4.939298348782859,1.0138136450922612,-71.51179647808691,-0.2963992260258568,0.06371110209249317,-1.3728749818857047,4.74926669927703,0.8280101757937486,street_level
54.089370072121454,60.966579732524615,16.487588971026423,0.5554444104431897,2.0448404926426167,-13.966565452313517,-64.98713928527437,5.856947917448376,-6.501360909707138,-78.91818792625467,0.44285641647688895,0.2146338359415101,-3.3996458683347814,6.789935735679499,0.9932545803124097,underground
25.603328666563584,100.67259377180952,41.06227599453382,0.9597008107521041,6.594967922824916,-15.989416157730702,-78.89796128507382,1.70205276211765,-7.747730977548328,-92.0805214763528,0.7390468940402591,0.1890483420872201,-1.9731678075401664,7.6540016683106895,0.9358523661372073,underground
80.63989935845203,43.41104507411342,60.718087708066705,0.9372465244962025,8.419267456796307,1.48058401865595,-85.3925417952989,1.2723564672202894,-4.599216022717845,-88.2036621023565,1.1663824903674331,0.11523389174104395,-1.7757596648743377,3.3004756883841453,0.48760369442518076,underground
25.346655128483206,30.750028160045396,35.34461078603425,0.3576759387048877,7.472156942766287,-11.716091032846968,-74.9793961533102,3.7137675694953733,-0.8406876051471475,-90.20115960534379,0.36071081960218326,0.07424828354971495,-1.719921232584479,1.7386257879298563,0.9351595812585465,underground
41.684728389373404,43.09144813521688,28.094279838252454,0.48017846253324115,10.948788785822451,0.4755361724599574,-86.95285682259342,5.195616296984216,-4.467530967874913,-83.17783737907169,-0.6832563700038062,-0.1417431790839313,2.006657407088833,6.179824048039028,0.5034020686191235,above
14.366391186225654,54.78575049228773,19.46038436160072,0.1722130109539366,10.73653941473029,-0.884903984622893,-61.47676586841011,3.8988888993999873,-0.5636466336771377,-75.17958519763052,0.0994670438610053,0.016966289421074587,-0.8773138244752905,1.8628834562573424,0.8709823587819947,street_level
6.414582689001717,16.537741213904802,1.2237266038676247,0.0038257038050935,10.604718386447257,-2.579775473320212,-50.44476362567006,8.9217874178972,-2.332453107529049,-67.6402638033931,0.0758371465779353,0.028739240746501624,0.32565244123402337,0.7662871553372845,0.8461232325150045,street_level
56.89414064520136,50.4307744292023,77.70066420720647,0.5431515352418824,9.247054565349409,0.027698243812473322,-81.94753098887763,0.9179013558524085,-4.429174369213939,-76.91077846176051,1.0357704971410089,0.14551714827111858,-5.910841449074484,5.131705196437305,0.5670890584900297,underground
4.189775579062814,9.655012317487834,2.047942733811648,0.06582283845942859,13.80407466925925,1.6599964474284006,-66.95426722069102,4.631382846383196,2.6908410391215813,-71.53480815917905,0.014278711557946605,0.020742641242965508,0.2905201460112954,0.6010573172653542,0.7515340451162142,street_level
72.28613348587007,72.40207637862648,25.0574832093057,0.4227492965116133,6.256064801431518,-19.09858324654081,-68.89542213550159,3.3514995676193715,-4.266343685913334,-93.97420612029731,0.5728024532149476,0.1373999579331071,-3.082534147882539,5.076508187552083,0.7679231733496544,underground
41.81217262891907,40.79103372457733,52.990942212780105,0.9227575872015613,1.9093971578404134,-9.858937456529446,-85.93295231128583,2.3620448249879384,0.6993189351593596,-74.13159005010934,1.0797066671645095,0.0794506607400533,-3.8308263028195926,7.52978384211676,0.9707758332917292,underground
25.176005067831042,42.30064990246566,31.386430224236257,0.1304846292185042,7.44086309595493,-6.829451423611132,-85.71982500412005,2.9223683754109895,2.892253486077289,-66.86459597334033,-1.1345896476737936,-0.16512835144856147,6.317973804148874,4.2863633608749385,0.5565565731702634,above
15.680641361808103,37.17888739853684,14.78422878882433,0.217204910042306,10.434289616758507,0.40448618992399954,-62.517145593492835,9.19046847784713,1.3469875712967845,-72.35118904403063,0.28203815886566486,-0.04363207927411388,-2.8810799195201615,3.596824533926582,0.6569730347249301,street_level
9.21218546609697,17.923640140659707,2.8901242157499523,0.11728203425197395,19.081496713909893,3.6018599114548335,-64.97376962373372,11.88645373482955,1.39070862924103,-55.342196359113416,-0.07002112255039682,-0.01989858198633272,-0.06203611831988709,0.5445498723131291,0.6148782923043503,street_level
33.57584740887903,40.85192375732294,36.054827839083146,0.29517091425167347,11.328710169749222,-1.358872950325079,-67.3984745596087,8.877464026645157,1.9729215310019441,-82.57937512468186,0.2435278908286325,0.0388316062504533,-2.5041276807586903,1.8825300387802593,0.6242050110845782,underground
32.772328240425786,46.7274893443541,51.50545787850735,0.64306990683921,5.364570792210726,-19.03232138860748,-67.52052054531731,6.853817412687816,-1.516627391654568,-84.04869100023329,0.8177774063101925,0.17379719582141756,-4.075369632898443,1.7155519045911896,0.5099950306505371,underground
50.07578775267227,55.74956190834989,43.794405863099854,0.7741776488551373,7.888994114397601,-12.625478157765938,-84.02052744424014,6.693139251224063,-8.548858453161342,-91.44987559956675,0.38475937007785127,0.14783840635665474,-2.791812499871301,5.475748117857918,0.5611774771278679,underground
20.354769644114207,43.88749883126649,12.37283536716667,0.2120231704123158,19.43895807301516,-3.033030345560152,-75.0616389311988,7.015037270769803,-1.9127225249367483,-81.58936681734232,0.08422074079810449,0.017015664802904507,0.6098524609399014,2.262322050796953,0.7291964028105383,street_level
22.209194555696463,24.70728773305283,17.150281743672423,0.13591338907658165,18.64386821404409,-0.3249299865139914,-56.28378776899562,3.4631137983096654,-0.3277725664720075,-69.44469434629484,0.028792126064502932,0.013587511470837692,0.13822540403208228,1.8741881846722908,0.5322754437682707,street_level
13.27188394320838,41.903241981921994,10.094475977531973,0.07790861209594212,16.068881439765978,3.8094012377116826,-70.75681064661941,8.57356103412527,1.290392368768237,-60.16772754218432,0.35073424332761105,-0.029914293567936942,-5.911918044993177,5.901700302102723,0.5641520497067738,street_level
36.53297245468505,95.83247370771906,54.80210140757289,0.7023627003835465,7.972728269329599,-1.477668586428564,-72.62875615735427,4.303323329766895,-3.175223322603676,-93.24939159445623,1.3967811496162637,0.15014375853662013,-7.150228967415816,4.0714849445403125,0.8781196527133537,underground
81.84282211265621,94.091279272993,38.94799608988293,0.797118774434331,2.2101804735593733,-1.2152033507049111,-75.93711782080956,6.826061529992388,-11.008378942597917,-77.67500473128527,0.796603879236319,0.18644520058360295,-2.9100200108874965,4.024461801372894,0.6409548719274498,underground
28.162786435187233,52.39406904145779,19.560194003504588,0.3441758076390029,17.668575929699443,-0.9348662731291544,-64.04415686076321,9.82920203203063,-3.8358117436421377,-60.77662471911955,-0.03921371413521345,0.009164232229895874,-0.664217870449524,1.4248813351337337,0.5826398148448613,street_level
19.290066693104677,20.841975466319752,5.7950857347085325,0.09144869976183144,17.964980463238035,2.3923564805736524,-74.71193138010817,7.747350913431194,0.11605590896361662,-70.23478910118766,-0.05154556590622872,0.045281814615745763,-0.35237538109252053,3.925909344522311,0.4672204623452019,street_level
9.527378139905942,30.61993469420956,12.042710639820049,0.17323044353227898,20.052008361856714,-1.4057807004170186,-51.848293907997146,13.740597686735091,1.4128060380021434,-64.96057317428344,0.20431764499122163,0.03329231377147884,-4.043543435086008,4.545444320970729,0.8684171839376972,street_level
7.584475428667601,15.346239963887221,0.19988536748671693,0.040998264347210635,13.965082377865215,2.2726379747545185,-66.58596909115211,7.9288896235052215,2.053107073828383,-80.52695221782173,-0.02239880086452961,0.021627562094821313,0.014912433612329301,0.6300692436326845,0.7993336320130426,street_level
10.439927794639956,21.95486630581651,6.340042985873502,0.09806898657653619,13.516174490690418,-2.5782903761207354,-60.59989794210405,3.793291849654044,-1.3930458493794649,-55.71430745871594,-0.7711652777320692,-0.07332719567755253,-1.5837752633413507,3.5349929405435367,0.5245665445245977,street_level
22.882172942301935,69.12421595039886,13.988468409825114,0.2609248122015919,8.129590462241,3.9868917710172944,-55.89224918165758,2.0385203256615414,-5.387836544882543,-87.59846446789115,-1.244454365283087,-0.09998350291456135,2.9241741266234653,2.93735068722696,0.4162779365268687,above
35.39125622693618,25.626179294028837,31.235456473318884,0.4875624789055012,9.371691789203865,1.8312112653616808,-75.94625396207495,1.2479033096154661,0.5051007480639491,-76.74816039094496,0.4245425364853572,0.06337339498009985,-1.2107605961385968,1.6259981208286076,0.6318085089633345,underground
49.714753312092334,100.66679123899894,67.78526591584038,0.6102636036483651,9.608658004211604,-5.654237761541067,-62.6992480600197,4.203486999879366,0.7362896395005638,-86.78638217656727,0.6566317728584379,0.21872867692342005,-7.543160549437885,1.984974800543277,0.7777127769692291,underground
26.97998010752371,48.925249175681586,25.368070190627847,0.5263931185724974,12.19753674049194,-11.384819992153377,-76.9712283632527,2.45457785963852,-5.33453390465386,-60.47016843474829,0.6223653123119712,0.07663925397447045,-3.467432347926331,2.4312855007140044,0.6471686906671115,underground
20.548574592430057,35.95658568529201,37.426157939036244,0.25346653695808247,9.47728422349394,-3.8982558732961046,-60.16331202225222,7.987055572714713,1.205042813067859,-61.09154900903913,0.1562105833082082,0.09895491175065028,-1.9217654177410455,0.9501849829327921,0.9920494551189766,underground
31.01413416375122,76.61339470541058,15.883663092387177,0.38690037916461917,4.7763193229527285,-6.21857938475836,-86.26915799757089,6.563547739897927,-2.736262666292646,-72.00683488290883,0.4318974417233321,0.10569084151573761,-1.8264138284182234,1.2106101910597404,0.9217100211301072,underground
13.231731908143008,33.39170491898581,7.173746399884367,0.038262293631628946,18.599416924494765,-2.2171087952983095,-68.69648579176848,13.829177589699,-1.8358205491025799,-55.81584512841589,-0.6520494802549793,0.04839670230732626,0.2836481217669782,2.3646607384355662,0.7173197683845746,street_level
81.98309658737602,56.197218942207044,78.74651771271658,0.6617111287682765,6.8806724739892395,-9.210964224423357,-78.39271065337597,0.5583952630395563,-1.371230186778785,-82.34032791468879,1.177299678148242,0.21244710404484646,-7.741178429379069,5.274758731295342,0.8797233583764137,underground
52.57721510052778,113.77630067977712,49.550341263956255,0.37242380232200367,9.702434200491899,-7.165076410752144,-82.78190834677176,7.660473589045771,-1.4230737024175912,-70.60821686679697,1.0569933077867009,0.05363859360457665,-2.8417280338253104,2.8887043825019663,0.9914939265817199,underground
7.524487760500991,13.500880513670706,2.657358165986861,0.06683182442906983,8.80847820044506,-2.609912354888017,-67.00459721284668,8.144064803940832,1.1531035917826706,-59.841424652639546,0.044906859087103235,0.018904123206236197,0.14692219774692172,0.5162342940193209,0.9547792429422737,street_level
32.92262715245726,76.03173179327322,37.14207952382165,0.2756974266239647,3.928495641690216,-9.95229912331247,-64.60105738782877,7.809822372531126,-2.4244373077102406,-67.29529110787212,0.2204109561922652,0.04424650717251112,-3.925343117144849,2.6178287780955127,0.8843815258694194,underground
24.586428883125624,31.15082387983061,22.150969350134552,0.22936820660771656,18.917337873201056,-4.057416255799562,-61.479473316219924,3.859666589341204,0.3789691031932314,-82.78914968252269,0.0298960174613232,0.0016668758321957272,-0.20334739461195128,0.16844205209322793,0.7689416466895836,street_level
22.400808457789132,114.93543059169126,77.39684953255579,0.3542612207541861,0.7284378256293278,-15.950056253201268,-66.08237636654607,0.8526570647090317,0.5999916731500807,-94.01253572164677,1.2996598451714647,0.15416134621396768,-3.3972179743322695,4.140621959023743,0.9526684327476139,underground
51.795189164127365,89.1125306263815,26.140712048739267,0.640235319608617,3.533895514716343,-13.378904265622552,-83.72059912573796,4.282617012532796,0.7708232694183774,-83.1543532344743,0.3931801854665371,0.20770832898784505,-4.690791743517832,1.5233470976622336,0.9035286829275506,underground
11.091247430948616,22.603556674862894,13.07019624805184,0.09348329604560045,19.137873260681364,-0.3869824121304024,-63.00529564809841,8.671983747078356,-2.7488555345879493,-76.28198523216992,0.07922262296951921,-0.04465429429582775,5.781164512209937,1.476436410835509,0.7595609315391874,street_level
23.495583274128613,25.788131952172805,6.769734363302291,0.03233645186601029,21.244911756294577,1.3127626465687197,-52.48714518585753,6.494920629152855,1.86167198920226,-77.34320365797713,0.7571059117022116,0.0689389523070609,-4.681201643867611,2.10674599934113,0.4860165374275076,street_level
63.331622640682426,90.95409330842992,17.835970601602522,0.767716443490871,2.9073317772141927,-2.9232048495123237,-81.6039811106016,1.6284430629501303,-6.783397607315052,-84.06456080389324,0.38648942157679894,0.24634346094426846,-3.197226684610513,6.088234992112389,0.7020613537246199,underground
20.414709135590904,91.98097473413128,68.3576459474246,0.991318206108158,6.442528899678001,-5.715405387744376,-69.55606041094165,5.458690668824711,-11.231170189740709,-93.64920918033627,1.2724843168847546,0.23613137658707747,-7.732426736240341,4.029613734104178,0.4322338737232332,underground
72.44399761144126,106.827894121909,67.54933332005061,0.49155615123315266,7.603892168169839,-18.544597668689107,-61.295438840074695,2.108637834788852,1.694893785762666,-83.48791086000915,0.9292889710151184,0.10286422245568203,-5.17917624999855,3.4283105552702438,0.6360142799926134,underground
36.215047892271926,76.61483590947353,27.510200090005164,0.4845946105183997,13.387837927378133,2.9063250043953026,-68.98465445740915,5.215362809246794,2.085479480878485,-86.73329022051756,-1.0626835798767775,-0.18840175926913486,5.763061740652093,2.3376828353018846,0.8871706922370527,above
20.029572516355337,38.599983968627654,4.0344307964032895,0.20487048879207262,26.020696189119477,-2.8658994036624694,-61.44003030117944,10.695125762246825,-1.1400207152571267,-80.54997172309967,-0.3836713388769093,-0.06797580149609714,5.373512336698425,4.259697550399011,0.6890977540076608,street_level
42.51125792001574,67.58043584980493,15.010525885318962,0.3696658564482602,16.533727339897162,-2.3177874706672865,-69.40465496695633,11.243101602482593,-4.289127980727366,-71.0724907313176,-1.3996019290813333,-0.2419246987863975,5.255083373697802,6.3167514480419875,0.47093417180509306,above
21.31052971966867,21.740627352413803,9.021180110027572,0.0621443945371212,23.862532181999725,3.2207083653763373,-76.85539506700576,3.678759332974651,-1.991249496062348,-72.54170321941191,0.2886337745818712,-0.04409647234844623,-2.7170699469291986,3.023754740265148,0.8392321961862201,street_level
11.278610980077103,40.171429388935735,5.9355254409776546,0.19380237474534484,22.21262470682077,-3.866198371716802,-59.63141912674723,3.451417791432786,-0.03621803388768274,-83.2042036311018,0.5121597812401129,0.03557014157697272,-4.552116275997276,2.4343794431626034,0.7511581626937192,street_level
12.764943123037465,35.51179854421711,13.42174134080762,0.21695701928722197,14.836418473034154,-3.0606313914690135,-55.23664862052679,10.1346119868467,2.322135774531491,-66.68744789479742,-0.7964410555546849,-0.08494705390057754,3.86430113767795,2.877226304181541,0.6220916867869535,street_level
26.714598123756616,40.36231267970945,23.951475862742086,0.32974767785830666,13.139456837655796,-0.47792239958650384,-78.5499711061002,10.272088739243102,2.378593945393355,-64.16370668566003,0.11603016510326097,-0.020280996395189377,0.2328676070242479,0.05204111198989225,0.9078375076754015,street_level
8.425200013737772,9.081301320282773,5.061370145039874,0.10327404614389378,12.094422998724799,-3.532192157132701,-60.080764036533814,4.969992755547404,-2.9944280441677593,-53.23443865728569,0.12391782729287468,-0.003939492956107359,0.4752724016352665,0.7040826135731781,0.9233509070453388,street_level
10.171338338207576,16.52491251454618,2.297375688339542,0.10031964585804111,18.575943108072337,-3.4333214652142656,-73.69005620776717,6.72587147763268,-0.22099846735076545,-81.37058752749536,0.10150753651392871,-0.00403981632148671,-0.31293239305588705,0.461320933822388,0.8790264135628074,street_level
22.95390576823809,56.89779164332654,29.896393812183767,0.1685967304933994,12.761866141901224,-5.202926094726876,-80.26461617034184,4.777878047003184,-4.989683234512883,-77.78428365507861,-0.9133238356576665,-0.17338644363559377,4.3924951799748,4.705696230570776,0.8343254816399406,above
17.58844082367387,51.73902971103111,14.990639891944642,0.10082314305283441,13.054284886611573,3.008360072486443,-68.15299861310471,5.700788367365966,-3.9715363442430007,-72.0779771650073,0.059794328442051764,0.0052120140309269355,1.205988442760122,0.5908484123582141,0.6351470159451715,street_level
19.235717424199493,37.44253561028121,20.40632290518691,0.32260629563959525,20.213066908465976,0.8186371649686928,-51.921911767329256,11.973072322123187,3.9172339802911598,-65.69344015855516,0.08529524210936446,0.01847007591984476,1.1578987990731928,0.30280351232055547,0.6339007179994695,street_level
9.384755987290088,15.539340788743335,4.376412760807389,0.013750691127528775,10.715149661080979,-2.8079685279925117,-59.577100870396734,5.28822949422717,-2.294361231342805,-63.99783401643455,-0.07182594574849717,0.023604151240935678,-0.2953839971938833,0.5936560594325195,0.8823463781830511,street_level
39.37055738508284,75.12848751453414,69.66356164344046,0.7843257778767302,7.556382646727674,-6.147392312277779,-71.55127125813036,6.462661648471109,-0.6005559340671098,-65.52828011863559,0.7180563844184231,0.23664584564129415,-3.6797748129186427,6.535691451710983,0.4020965993922138,underground
38.55207295847171,40.01543486188414,13.097004752869761,0.16448440268957967,17.381480874123305,5.709300179632363,-78.71541458903312,1.1751571126518476,-5.965029797812194,-79.08591342949249,-0.376977209940085,-0.049705066175166235,2.818011592459438,4.9386245926725625,0.8759672744404592,above
27.872094168057618,72.61806816431707,16.001445961192122,0.20301534201092616,7.109421418259905,-0.7666960038871871,-69.4525701717999,10.310055964470987,-3.580423269114906,-75.37044079045963,-1.0353684198814381,-0.10319994207546104,2.949340349124091,1.98741646134758,0.9218134609202461,above
52.38020027589172,102.51058101392401,24.286317803040262,0.7171150567526936,8.411988844000168,-0.7252382864184668,-69.81998395261155,3.3025990933863403,-8.927930902524974,-71.03317976157892,0.35188445850837224,0.1351343024129289,-6.179662174720815,7.939884975983447,0.4271034098791788,underground
22.453148853674584,31.92515320369202,21.362549699921534,0.1511260554577891,14.934930005243217,-1.900061565589434,-60.83503099580901,11.710509280252433,-1.986151944394157,-75.2604409627145,0.15766102588881173,0.006577844129870808,0.5765359529625158,0.9613100806531436,0.5544703814348487,street_level
4.795081037052484,14.62898475241222,1.8366718496333565,0.05739532566850903,23.657799047937694,-0.2056603842274738,-46.025448472255164,2.3742462676606326,-2.9828463712355546,-64.57296906228135,0.061819209801002306,-0.0070528889884720995,-0.04739384731132623,0.16412945736062456,0.7306230446361225,street_level
36.84193057228737,75.43252750547609,55.93025358089376,0.9601146532812217,7.644956415631049,-5.909615043030168,-64.42214328275227,1.1788158288513504,0.5801802648658025,-78.32599622494278,1.2333602266784065,0.11573742276718571,-7.237303520782933,5.617779777055984,0.8450424049476739,underground
11.728373012891089,23.375322557995773,16.813169569664026,0.16249705515056523,13.834780600983159,-3.717890380955155,-70.33627201051162,11.303168386770297,2.653450854634462,-58.19058294274607,0.34189362035715565,-0.023081402089475442,2.170568398460997,2.6055888272327836,0.6279623026711907,street_level
42.00690909767741,52.38327862847308,29.969802672455085,0.4766859112541093,14.365492272432915,-1.0305424695732661,-55.392607464752295,1.9508652606755301,3.555894976556159,-86.46214113715716,-0.9804761628230382,-0.08193880882804597,3.956721210516142,3.219413307590674,0.8618154925737869,above
28.198900803263065,43.9073102862207,20.04759125500876,0.19585392946733082,9.068278910050367,-7.699348477112054,-56.35814280185463,6.743172978096904,0.48049364523816074,-68.55155588083367,-0.4519799680372303,-0.15215314459541707,5.15878722375612,2.181278511054439,0.8487360443690997,above
5.34480847561925,11.74787659079986,5.472574045552253,0.08787228177473456,19.582572180951814,3.896785463068512,-54.325882530258916,3.064833757629242,-1.95999381334124,-69.9967422760998,-0.029764879964425908,-0.020239655417764547,-0.09263468397536279,0.41268239720180494,0.909197499835916,street_level
5.742608809438944,17.24379132076396,0.7748484815190546,0.13477326474948462,12.471325326122948,-1.5865424902638665,-67.4451204275305,9.265180202774042,0.43265822426448075,-70.44357315131938,-0.14784108368976964,-0.007595440533749796,0.16365953325208094,0.33717269595316185,0.7604594457963678,street_level
19.63376415691809,72.19239763670046,14.503236890969099,0.3897244951723702,14.170967169035361,1.6183000382724284,-65.65118562188495,5.76847105837329,0.10375357682955055,-89.60129733938633,0.6394622584356305,0.026830682515297383,-2.677007999735145,3.5978736921338514,0.5628274887008946,underground
22.481629067214577,38.577340608097956,12.183994429816089,0.18370039006527886,12.842799454553223,-3.659519767761382,-58.336113203319464,9.102956811236877,1.2795559733434212,-71.62320985260692,-0.6106112212556261,-0.09139367035396054,3.181819736113848,5.097544238183382,0.8100773943600911,street_level
25.817411910285948,43.35998393266239,27.014946373702855,0.4955772955340738,16.804416430590145,-5.757664604395237,-60.581265208312104,4.454574653545492,-1.145198183070467,-74.63529467436777,-0.9806021242697236,-0.0667721902407225,7.996896333010807,5.479378680320378,0.4847850992824822,above
28.06449582891667,25.709765595287635,13.47960223333992,0.2598915269530872,8.14591519502572,-2.6767588445326904,-66.03871148957056,3.7369041727988157,-4.045561914965527,-87.56835671601368,0.4321464649722474,0.051301532936004965,-2.1491508466223337,2.8327986262577296,0.4307810865258059,underground
20.696631102918246,36.63197650238179,11.982041190566573,0.18044576197813592,18.892468975657522,-0.03776188147610959,-50.783969566965915,11.797850072487611,-1.7567749950677776,-70.77363827981087,-0.5279519114651896,0.05720534347714645,-3.6548148627773247,1.0199768477819773,0.7926292932854315,street_level
24.85322581958018,53.04695745097719,34.39382100381654,0.3180538561937312,3.3512410375554964,-2.8664650947024786,-81.92142021667378,7.570105395557994,-7.515199532843881,-73.22712896692613,0.2171650079783125,0.1014082497133764,-3.1894015218492338,3.0432388913700015,0.7125159556289806,underground
11.841245734623973,22.97509203890112,12.772727639853011,0.024106418474317586,19.248990247380142,-1.1331241084096888,-55.06678110091863,3.9584018267263317,2.512506208617973,-63.54013174555396,0.030955433583351732,0.06904538957462891,-5.729710295361912,5.2022689935092075,0.6190468136043655,street_level
4.807830919603694,11.66507950049617,5.2575235799833955,0.07536883599376674,24.99256180793823,2.9700620325261786,-66.24843088657357,4.984516493871005,2.6103084926720603,-71.58654806297058,0.007662040015812388,-0.021334778903499475,-0.45369732583630085,0.7026707782886507,0.6736663066973267,street_level
19.62383800770943,42.80376594008115,10.357024127742427,0.16873406182727035,11.97340653893751,1.0638622133232953,-62.49012234360615,7.647427032703263,2.233147411037261,-64.26655138150863,-0.18652693625226746,-0.0008936111052800372,-3.261697670476266,3.9401932643472795,0.8060584516511025,street_level
17.14572476574503,42.15845835854242,21.578432075011246,0.2660082820275268,12.9732457633056,-4.677154548437344,-75.4057488715521,7.142798140111708,1.7509470892927865,-62.53868072095423,-0.0363885093881728,-0.009565642125159961,-1.190467047781901,1.1507965546800958,0.827092042728328,street_level
16.436825838251444,24.324040072497926,11.443862841759858,0.16136294570384718,21.887389402786866,3.337299243222361,-54.39730935312635,6.287288081168328,0.029272907256387093,-59.67403428814207,0.14832791880927432,0.05049612659401603,-2.1701510935639465,2.934165615612007,0.8596752510660681,street_level
16.785812105569143,36.91822653937487,10.522422674795093,0.1906764820517126,23.3359820548912,0.831880022524679,-76.80193427183804,11.069741020926566,2.4870210214862745,-55.13389163391551,0.08578793517018346,0.00011102252641222166,-3.682899224164792,4.041703279094341,0.5770010486621593,street_level
12.251609393868861,74.58438045528118,34.572827742816465,0.16876145605584006,10.629218458757801,-5.5337632513316795,-80.21776000037828,8.727808360935533,-4.617264244375599,-82.37519583668765,-0.3797823470949153,-0.06803202995359145,4.839435671721882,5.9763459713399,0.40200271369836993,above
32.93085875960426,51.025165933195794,27.641961215673657,0.33166385119568176,9.052881522089361,-6.815174925225175,-63.03332250611962,7.384195058189878,-1.603645295203231,-61.35827704108977,0.44279337365554383,0.10901930240111059,-3.6782337827816205,1.674211583360612,0.6700036706505521,underground
16.20990043537701,28.58350004699446,7.645347933454682,0.16617482617563883,11.168857642772192,3.4016904236340793,-55.27409650943939,13.797213061412227,1.756523205743524,-81.47511048874661,0.6905189726225971,0.07088838780143766,-0.23456689916908502,3.368616599860829,0.725618851250961,street_level
34.245441545127505,21.21050304784955,22.026367019448358,0.1640337473787964,16.941179955566554,-0.5140445633220683,-79.0528308082527,5.053190230380934,3.828296831921606,-62.26192541297182,0.16452713714006093,0.004603423308199968,-0.5993954744486396,1.5956111385389105,0.6029495099560505,street_level
52.667359481247104,55.77939512650765,50.28902638068338,0.4721130214887532,8.860239164195342,-15.173084198336477,-76.27849118404983,5.7815943252866955,-0.7120163953916236,-90.46516770635667,0.5488500092991564,0.22248246117104703,-4.530640971439338,5.8456384490999955,0.4500752675319116,underground
16.035415625582093,34.839132142449785,9.671431377098838,0.1215305977317656,26.673729371174275,0.42215918102005734,-71.09702861638203,11.385746892833497,2.163509822915997,-68.74405906420591,-0.044730138912668416,0.016215825686105106,4.09987250552463,3.1085811222298316,0.8869599597764328,street_level
21.406622756613885,35.08966256031189,12.612543438393583,0.4014497273086461,12.628770615195501,-10.530032905437807,-75.97055121025764,8.986142554745406,-1.461716702222283,-72.25900822307759,0.47489232923755076,0.10297815688217214,-3.9292389647890134,2.79265831788716,0.9328046261273824,underground
12.46224547102847,58.72579049582253,23.10346333929092,0.21212145072034555,22.002473890520836,-3.6917401771396396,-56.81896912747342,7.646505120462983,3.963909161900877,-58.83573672086998,0.16008961869462426,0.024938329583439646,0.4847338346456671,0.8229628530306818,0.7203965809849624,street_level
11.376857742114748,9.117432769005054,0.4010350844814419,0.12146565090715768,8.05547643646297,3.3539077355131433,-67.77510652284951,3.7960957116765175,1.5980764825409546,-80.4221250347083,0.012093797844174803,-0.019262793355901503,-0.13155704204134389,0.12003915403677592,0.887803198300735,street_level
23.30809690822472,22.726704021314927,24.171696719063704,0.18691722778998937,17.64783597336824,-3.72555012874753,-59.629377459541374,4.021044378555092,1.449132934290832,-60.57436059832776,0.03705534265524976,0.016843755803506187,-0.018171692882545942,1.8926345835417635,0.6010779142094289,street_level
35.046788197078264,64.40282124841312,31.23499059705884,0.40070570284976226,5.847624385201458,-2.865232372590331,-62.18344706960859,6.069364193839095,-0.5071738527673393,-61.19320330295996,-0.7470840152419507,-0.2183667509561485,1.9601529008481946,4.3899785650814955,0.6920624448099466,above
14.543366439198788,24.335666040522405,4.165445286787133,0.10513251039407362,13.269762547055636,3.9317672972781494,-65.3119951387595,3.9611142179524546,0.4777113563286255,-64.5827115191737,-0.3610835375448435,-0.093622206756385,-1.0894366855381792,4.709812857158126,0.6691268568809613,street_level
24.72259020682592,23.11624311554119,16.12239132222016,0.22205904898194156,24.158808866309666,-0.832687595098144,-60.59308704089113,8.857213504451114,-3.808568349604342,-60.55802494400794,0.11796817667512047,0.009877221569520735,0.10507038870746355,0.9608205281167252,0.717730502939993,street_level
15.2158824927387,28.055699945699967,15.914068311982678,0.46934962194763397,14.364784005181072,-6.771643384300211,-69.61045484676018,6.340382607942066,-2.5354864564950748,-60.842094027728905,-1.4309713085962181,-0.16337150586581478,5.689588383436606,2.682331447394767,0.493358702851486,above
7.1065795741979985,9.912274743180728,1.5154306700478084,0.13578599717104672,18.298127952180316,-0.9509187541787103,-60.666238990885475,4.645165263812884,2.2093025780147615,-77.90007479484252,0.00355932372957779,-0.002568974077642429,0.028175428523078083,0.5651223396420993,0.6238278674258539,street_level
13.667140606034172,37.38877293591762,15.984808952404634,0.056332978459143895,12.542904022668274,1.0755505889715264,-71.51242939135041,11.990391640870772,2.9932723610666336,-61.932241036780844,0.42501030033618203,0.05536154362003104,-1.9972834306834066,2.820852566975412,0.8338137419954172,street_level
15.720899970011455,30.400183140762575,29.854885924765185,0.5549903640611129,10.429917801061904,-4.712790776199033,-63.289746389245764,4.2386015288503796,-7.032358264685524,-87.04283227816269,0.3355718158303119,0.04666233060369889,-2.672955598406449,3.109377311397888,0.45161620274679165,underground
23.279334441531375,28.03213771307324,20.270358991511145,0.41527232110196044,16.261779349479326,5.111862035526006,-87.15520449613734,3.959127969015483,4.784821483837144,-88.37644861908718,-0.642713392728472,-0.06137570718875307,4.447815624094119,3.8543266305431856,0.4990583427212443,above
24.615450884494773,24.092196669912838,13.359881125149986,0.13455712563305053,14.904573638064186,-1.9912777916153264,-59.36248229837051,3.4098258565440736,0.2492192343295443,-59.04107245500242,0.3453565087970838,-0.07510624539665274,3.844530750387186,2.9794529081098937,0.8660435419286159,street_level
20.140281867971314,30.528068473495015,20.47859014533961,0.23195862993926186,14.43562434146666,-4.580283220424704,-66.53950719884314,3.413448793375081,-2.326711567126238,-55.606099229187635,-0.026366097111500827,0.02500196178681159,-0.7296354653653807,1.8897315276829807,0.6929603501767159,street_level
81.58843607855817,58.84066768601989,47.74299272790555,0.9526378971202939,6.457592588437859,-11.550913200427372,-84.4355798021057,2.805437873996506,-1.9093587963584078,-77.52800595929051,0.7053223754089265,0.10846071577124772,-1.6310961742463919,1.953455581502875,0.6411643435237597,underground
87.27532062469571,42.042883188047725,49.083895134182804,0.9589653243160946,8.71967065814726,-11.852761448675079,-75.26110323973876,4.056488063833711,-4.325982128298184,-88.06135450524079,1.197786015270363,0.18046723196805783,-1.5197668837809148,7.783925434006743,0.6140839739024319,underground
9.888475054118016,11.112266622032045,3.245845645626236,0.07115089394765158,23.546659591791638,-1.8185639713265216,-54.89309107141005,7.327800339236325,-0.729407046576501,-71.53353539143491,0.09233879894013586,-0.01519420642401077,0.3691448687263258,0.09416690519206466,0.7559143506147668,street_level
17.178600398410353,51.36070559034259,17.18174953231557,0.24084512013976886,11.71824880730405,2.83341016991762,-79.1410807971883,10.27259385013162,0.12531205710599025,-80.60338531467448,-0.03522124429332804,0.004928349626369524,0.2525705295212841,1.3569588461726327,0.6560268244428018,street_level
9.700727969283337,15.875126415133927,2.436955318235664,0.13966285000493744,22.73424329800508,-1.0299322295963274,-66.51336047198063,8.350621084328807,-1.2243907754255354,-72.37623019243534,0.06631734127027217,0.019412492218892748,0.2542779125769371,0.6706192275959798,0.8075368890467798,street_level
74.6479313648546,81.21872746495876,48.864882307788704,0.6507423870928822,0.9548429384748369,-14.612165100750119,-69.87896198476952,5.841301029037538,2.451336227587838,-89.75972580111416,1.1484491829452828,0.14795569384458776,-3.9044023008757707,1.7692450308150254,0.4277469018231033,underground
55.66916172048037,46.39085283737255,27.22759987720709,0.3616898820324808,2.156511226987684,-1.1672738799886062,-64.15772779948952,7.186064702425142,-4.390129006206703,-73.41822281630076,1.2805911136066574,0.23852201250175506,-3.3028187654662053,2.7376340135495782,0.6338356645541358,underground
33.26377861616799,50.00443995460461,15.416989462750953,0.19804126526933552,12.498453555169375,-7.239152123532856,-85.70007420672323,2.26106800014112,-0.6780589052358321,-87.92492426563629,-0.28869435490837336,-0.046738583204933876,7.5892093024325105,3.7101086159096495,0.5218651731515538,above
11.230157944388196,27.98078365606481,16.93930066211726,0.15633735707662713,18.269375422425334,1.3092266675694164,-53.022800442112704,9.01797054674921,0.7593612773389955,-56.077314324424115,0.767990398200687,-0.051538330255566714,3.631634266462031,4.889929242681361,0.6870714211747021,street_level
30.325597031522427,45.13638629125361,32.65614341924247,0.45935418841698794,13.727730953238256,-5.788049448149443,-77.45050585136721,6.9160006303421016,0.8582193569574699,-94.64180126445243,0.19534330114290593,0.030571191765048036,-1.3936047477677493,3.1105718202801986,0.47628888796127367,underground
40.96933177570331,43.532701494347435,8.709302910859055,0.16417530975425315,10.256733908471936,-1.9207217183034402,-74.59684001794234,9.445082882122811,-2.719537518654146,-61.92445195016964,-0.8008435753154867,-0.20688332065059872,4.900530672681506,3.482732298868441,0.47009416136530263,above
22.182075681039827,20.64248641767287,16.029078984312633,0.18588638233424185,21.712180716507596,2.893224771907885,-75.50914753630063,7.162308255330722,0.6899652008041626,-67.53530999780884,0.06776104687905471,0.02381589401913549,-5.531162119994038,4.556691412357459,0.8508068257334277,street_level
18.229299669336868,38.67457384282595,12.905824336051893,0.16127731471704407,23.34065548124493,1.9106715583481328,-63.65555900959416,12.950801298539778,-2.216405708063291,-64.57552180488082,-0.5481512958633448,0.05283036825600332,0.9915360388898051,5.738441793902599,0.5170703348065826,street_level
10.060372385919461,14.872805235432727,5.841551397464582,0.04417468687015962,12.153290317259685,-1.6476791195002578,-54.11981508150083,9.575088218245774,-2.9266533260119902,-77.84189772846602,-0.14724671952388133,-0.015221628540067296,-0.3680763528397586,0.39743759532682277,0.729901752767631,street_level
24.62532909977238,38.98569738077533,9.876383035904695,0.17501252544848875,13.834557842357848,-2.4722598122299164,-72.95473937195311,6.249923206720668,0.18760851817751778,-80.53873781494457,-0.6550060652926915,-0.034740051239814274,4.316689099095253,2.419682108939861,0.5216806453486207,street_level
27.64597710420101,43.49466791165329,38.0218587209927,0.2796663933887317,12.849572845808428,-4.637931284999207,-68.7684187704245,2.2057130637679494,-1.6414866288398464,-63.936964659349485,0.3492163467666699,0.023541035415019222,-1.4498187173906225,2.1506838867509814,0.4339758572887291,underground
4.5257328114861926,11.841878438318608,2.9459884943866115,0.06640424236816539,21.21388987345213,1.4941774220626138,-45.795346734700885,11.951053822214135,-1.4337257602809557,-51.80776413926405,0.056774401827382526,0.00968876175284688,0.21772847700911668,0.36808488876557627,0.9859313307109203,street_level
7.43381200099823,9.971637984434146,5.027181509064472,0.12504258798496318,12.473246498273152,2.7373174092064874,-58.37738480240253,2.125726596056701,-1.7242785541073802,-50.18586691767464,0.048562607373183714,-0.02788688043352091,-0.08723399715698632,0.15060900365718474,0.5285138945081057,street_level
30.6766994051575,51.88242852971582,13.68076532808298,0.2173499120301235,13.993648672819521,5.830891362854851,-67.88995245669729,10.414089450760061,0.6540789592232175,-72.79292528373075,-1.1378239086320363,-0.16563083470547457,6.043757324676295,4.205058345694644,0.6612183105827573,above
64.9434360585,108.46936642209508,28.20787696096351,0.5286504636066172,7.41062660583415,-11.643796805330387,-65.76481346675305,0.2100926191894663,-3.794710143839172,-78.28086858084095,0.2729913024993865,0.08413646935489927,-6.742419615884126,5.534412633332965,0.6100988019540561,underground
28.53918909362262,23.44044098840813,19.277676515112258,0.3429205529522014,22.807175816316768,-4.719496243541052,-51.32050759494751,9.93981992607059,-1.9213073380296182,-68.82935408647117,0.13095546852454024,0.017960235756204486,-0.18319017682604333,1.1618752050111023,0.6420858574014648,street_level
74.56924858464376,50.96585447074151,36.20311848441264,0.3534782459463758,6.960305327082118,-8.0666925126822,-77.59164289963473,5.878855874973725,-7.3580708797920735,-77.01620719325052,0.5721419220753384,0.12398904958001125,-4.834051252004178,1.7925936167039305,0.7184008824650656,underground
75.53422685007646,78.47376845522388,34.63721504942811,0.9711979366865688,8.26446080925534,-1.2823548495583914,-62.50879269678974,7.532570782560297,-10.510393543209782,-87.56513053766169,1.431592852477617,0.10552757643615762,-3.187133377416247,7.400580022513791,0.5862090649267552,underground
19.591765740335656,37.07211905724621,13.200560504677732,0.19289391680782003,11.29605149596327,-3.274761335376419,-50.617788103277064,9.753694094141908,-1.9048885984499386,-68.53015011004173,0.3325133636532174,0.007636241898496654,1.2667721318091134,3.9149984177605326,0.42942000310273043,street_level
13.22073306811576,38.13979108293095,15.06487307503535,0.4704037169160863,9.891853292615274,2.6966361380469923,-87.17224913814806,8.163630548003416,-1.6233957500424365,-90.67009665017201,-1.4873466392860746,-0.16336748865902592,4.537017292508493,6.113428368374215,0.7885075156788866,above
20.203748395869738,44.324383688665066,16.28767727814339,0.10136317694184159,26.034327120043216,-0.3180248258248488,-66.32433860885813,8.222204171688222,-2.2974735258460885,-78.62105328316704,0.13463578638095264,-0.07220346021058036,-5.269819334194217,3.0239216100263953,0.46114214717340046,street_level
65.45473634794647,111.4881217850209,56.60189532922423,0.9281332014254473,2.718465724430208,-13.689248426953242,-88.78700882275442,7.2630068431329615,-6.903691430054108,-87.60213486673797,1.2013151768877286,0.057599755132785264,-5.951264267634629,5.191775765794205,0.6039532893196541,underground
87.51791903803002,54.35342228874369,58.632958717707645,0.9559539836170877,7.195867000399494,-18.608216697307952,-65.77145572608919,0.13997682638697828,-6.335998044422878,-76.655512096337,0.7037298778529907,0.08381623582732023,-2.090699024694506,5.195325218280881,0.4313658300268646,underground
22.749134348552637,64.73191747748129,20.979699650710547,0.22639630666092608,9.680945416588479,-0.41919592678330986,-66.89146119250088,4.149005592784942,1.657243936364445,-68.28675014240939,0.2501228942107267,0.0766556169741248,-2.4469838172576015,3.972166242919916,0.7961123692006947,underground
32.13367629565588,35.34287549517093,24.909123168450133,0.40730923510185846,4.743215682270254,-6.903071687640066,-70.68473076973777,8.49739380260544,-5.7346338479500885,-59.37042855250626,-0.5535220820957162,-0.22761841531408072,7.088893599541035,5.763100985193332,0.521128102298346,above
24.103028990123434,29.708419133655287,10.36978204493996,0.28775876666539096,18.610396331484203,-1.4301626063613981,-52.56085239808671,3.776841552330974,0.8158347077000876,-71.27178405587925,0.021832234516647925,0.035377793354257156,0.6754405131147436,1.80941184268863,0.8951741179636757,street_level
4.38118668409779,17.909780755860886,5.704174237212436,0.06779051317768987,14.953464837513025,-3.3875470627823816,-54.49739916960908,2.8203050743770657,1.1008359093572304,-60.45788228904125,-0.1438252865360211,-0.028324247773028072,0.4635541853864795,0.1849548556250709,0.6660414882512502,street_level
28.414357649367076,43.76902889522978,17.94068692534396,0.2767602246825488,11.275538851309015,-0.13807148858662366,-62.34811291523087,3.6599271813048695,-0.24511223295244022,-63.74654886790131,0.03437904655054275,0.02938549378728541,0.40363103352807306,0.46279412291301414,0.5005415956820707,street_level
83.44133692542914,68.53289810287696,27.402430545963995,0.8062133171693951,3.4844739947474377,-4.521817526333686,-71.35684756094113,6.248986209884079,-6.711846575546982,-68.55045732268945,1.0059378209892635,0.12597166293491496,-5.147522308137275,6.079397100280024,0.9530508279919031,underground
74.00733321686647,47.29350079541152,33.51914836231051,0.8716810091230406,1.3586695005352722,1.2318104959954468,-86.82865683711164,5.569506900144235,0.4201840095617211,-91.62905191792056,1.0272378485077849,0.1212653121258889,-7.581312661701357,2.950977064553428,0.8888831981278453,underground
43.713409711356725,31.42039685009909,34.17128622504987,0.3268230001882322,10.716877019797915,-3.416434128413732,-65.3944842132972,4.889467442644985,-3.9395711091982166,-74.34932579441227,-1.1002639271110075,-0.13625378714044972,7.841263010141766,7.68582516424768,0.8897320588714437,above
8.0582872271289,11.12667057380564,0.7327850284293087,0.06728399547964885,12.906079584264852,-3.782263743085193,-51.7865718690817,7.349803800676526,-1.2033242800295443,-52.89816478967047,-0.14568425967219586,-0.0225973216593718,-0.4010510116882634,0.058645124860588906,0.7559762936552878,street_level
24.37160228886155,35.83791959943177,19.51934091789547,0.12970447596653104,24.20314269429012,-2.713514085401237,-54.79927748828637,8.2292535226836,0.9615923112180758,-59.8549538435869,-0.060635524926115944,0.002558815943472674,-1.0048657774937642,0.9335102336391974,0.672250770540442,street_level
13.771875324301474,41.84065072429949,10.402345595305794,0.2486754671656919,21.813375560809625,1.9404779886777863,-74.43125045948307,8.185524525827296,0.8323046619123176,-66.55622272036926,-0.03250853486618366,-0.0012901796511240356,-1.0787618156840955,0.901424685043335,0.8999806453317618,street_level
4.083351026140303,12.091642859949914,0.08687029729331286,0.13746175140850822,9.476274136565578,2.940313341123993,-49.01039795522497,3.3888062813261346,2.48387168689894,-65.22260737916842,0.08668733527264119,-0.01895641116764022,-0.1609450307342004,0.6214501603656775,0.7979073763092315,street_level
15.0611077900893,39.555287023492916,14.530389242207496,0.056720072321788884,24.817143086379218,3.0053813757482066,-58.98561046417523,4.707143616714008,-1.5945855753728448,-76.45790806111131,0.7344586732450922,0.09287751429788926,-0.0777645372082496,2.0516711523489892,0.4491024824605677,street_level
47.05739982020418,62.802403448641996,24.177574790314143,0.47041938708797765,3.205713051925949,-1.1487365189151824,-72.67022349542006,0.16122944234551273,-10.727645349662636,-91.82323655587122,1.2683295006342021,0.20773391515449788,-7.659052335779573,3.107864509869846,0.7671062280261591,underground
44.04752177328196,62.711302529869194,23.482450547258587,0.46643736094675015,11.3812100472574,-5.0710377691126505,-89.3893212965103,3.759477115066749,-3.0275953970247294,-84.27648426391205,0.5881239479638949,0.08010135709078806,-2.452116018697008,1.6261173875621973,0.5462335011004841,underground
52.57397253401754,42.233001005213104,57.83908907242636,0.8683018385742024,7.154648539438128,-4.869096346210819,-85.63998907618164,3.4661881970855113,-5.184886221678418,-84.91873042224904,1.1271026673994178,0.21302091608874357,-7.85606211242564,4.327002270637934,0.9895506227270914,underground
22.7355014206263,50.90307007210332,31.394171721125982,0.47800628586036253,7.057590727805148,-6.755517335477374,-64.09388549121451,8.815072100960297,3.0303201220946114,-83.94731778424676,-0.45860776520255975,-0.17443033403750674,4.765150054413578,6.376369844381294,0.8287905231326509,above
5.170244416016249,8.632985507788353,5.866211108876529,0.14716674932171767,8.981950193573338,0.2834587501892196,-45.321215679343794,5.785446403752468,0.33443668747440913,-66.3504628566173,-0.13440728922792003,-0.024459851397498164,0.07719443555133687,0.2418819191895664,0.6065927993836122,street_level
23.8722141558605,110.5259763169123,48.20681073158412,0.35514341892345624,6.532655316907864,-15.302844390837667,-67.2633072363228,2.668651225602793,-10.009983748727189,-89.56724616412278,0.2987625073290615,0.0858280735746278,-7.823087189785398,7.527730322448224,0.9486312485803492,underground
23.586283293602637,110.59766607535315,48.46564289037658,0.7304940096440794,0.7663694194700921,-16.347882554082428,-78.2145679513772,6.220624469245154,2.3974346616559803,-93.71231892302805,0.5352486752052033,0.11602916861108714,-6.994919096866235,6.6332692125954615,0.4770493588257572,underground
86.9987393823404,114.43382973299991,26.525779718420758,0.9874775030528179,2.1028354578918638,-17.98043760840045,-79.0023294632971,3.6160859484660834,-2.232981185006185,-74.58983036252255,1.444417389840928,0.18634176498374527,-3.8839733271515406,6.964227448264303,0.8416619561711873,underground
25.173900784651963,27.890580533384675,13.655875724582836,0.5589104062651671,4.469582436940551,-6.274591747343292,-85.95733390590793,2.0766059549666256,-4.197979873709643,-63.15461244052422,0.6337684543036068,0.08873355762503037,-2.6701745998518254,3.175011609698494,0.6878998814384638,underground
20.996528723723657,102.97382771503933,46.94811019488819,0.7759205952644768,2.029803075488945,-4.327828883078048,-84.44897022260928,2.386591087358924,-11.885990850420113,-94.43229075049913,1.1848900797706508,0.20822257431951,-6.4265029284999144,2.588113727233507,0.6330400131768571,underground
24.530512455629808,37.929964746559136,15.492603246104798,0.13668933429190738,13.55285222221556,0.4275464757027141,-50.930037435937045,8.57965313556066,0.49565158811951493,-78.4089414240023,-0.012252451040859591,0.09208193805065965,1.5555536385159368,2.4143025145730874,0.8275143587272542,street_level
36.554549641706856,61.603060247944875,15.786313710059538,0.44798508323176034,11.939152543869325,-2.37001836056837,-78.78098877354932,8.643226742301984,2.4498938294281185,-74.65284392796259,-0.30816878606860065,-0.14103443792732284,7.5089590680113725,7.774565070463888,0.41167162621679176,above
9.490026906644133,16.793578782655416,16.560982207497517,0.19478041186289938,14.855158282570725,3.740339920658843,-60.09489276508165,11.760398057620552,1.1459733296496335,-56.750952798460695,-0.7338509724378807,0.0025033846270392235,-2.7224513192638837,3.8164534288532392,0.7684779820682376,street_level
11.39340094987719,13.60132051541473,5.458529486030372,0.1343971369559364,20.594837499049206,0.02013382828693011,-49.39244141803049,3.607655534294988,2.3492574775366677,-65.18295464148957,-0.10784825731235526,0.023880053546443396,0.28777483913145674,0.5031268035167019,0.8759498251985772,street_level
77.01690116739455,55.85056840340865,53.44640073729922,0.544218108751201,5.998971885063261,1.9633268616983663,-84.31903608118436,0.31210447717619694,0.9603593009237841,-72.50663766163295,0.3842916283714034,0.24501140283742165,-4.706399261914675,3.1385575235347747,0.661666135988963,underground
34.48350428364393,74.85293990719762,33.504864998804166,0.10322507033965223,16.769791317809066,2.9756798333245555,-62.318196821534826,5.946757435008287,-4.569584598195198,-76.93367023978509,-0.379710246742778,-0.09708764298474554,6.832475725260951,2.8439167282175175,0.7774687200632567,above
39.10122144930517,56.527260396425405,30.040442787217046,0.4737210423317967,3.069752597561981,-0.5923420766750649,-76.4953092060192,11.37347419287044,3.921153722910569,-64.40372814088988,-1.215955420931735,-0.12685125366751238,4.405590022260684,7.951518417139608,0.49274354655324204,above
19.631475221610152,37.71892296218715,16.97128606164911,0.06673728421819687,25.411350730664026,1.2352967298086766,-53.83583712779581,11.170111169302887,-1.3477203544134948,-83.24885957681863,0.06891461201844162,-0.027288528456874336,-5.799344781987163,4.189656346554303,0.6820227503895586,street_level
32.04241803210202,27.851369761263257,20.04491445640099,0.27008392606135734,13.112795245248567,4.587645710933192,-60.86188157672595,10.700450932292975,-2.503704918580577,-77.54304868876714,0.011518074991199417,-0.00019526796409660013,0.028131235306012137,1.9895882573185846,0.9378180495767336,street_level
15.712437903880756,17.853152078928357,16.676624811027974,0.18309326753889368,15.1640678478009,-1.5664472067748179,-67.56502502633538,6.811147645068103,-2.837974710510955,-77.96777438397638,0.611380212099333,0.0459523018409827,-4.289415734780363,4.6909236249377875,0.7187529690079726,street_level
20.89504371786565,89.97405661492988,43.778073962285745,0.847733406023687,5.35475167327485,-5.623530795684699,-83.17148289257257,2.0526112191253736,-10.606234914476477,-75.63111640265228,1.1042187938835955,0.04343766418044357,-4.951389141213197,3.6305000447300393,0.6345049523220968,underground
47.8674248350308,112.79675288819607,23.804786070466236,0.7728545101350981,7.207183602688795,-16.45236930285162,-72.63318435436724,0.322619418558042,-5.08292656711622,-85.90381523444327,1.4464832139139787,0.226469047836375,-1.8450709192828025,7.738092819101369,0.63760587298046,underground
16.482838823116104,64.17877020326648,27.039579157340818,0.4319763876614199,4.768026657392402,5.387859779880577,-78.00657827765308,10.940030137250433,1.3560584867547583,-74.80173156926017,-0.32546681389027565,-0.15135776036137633,1.7075430233694364,5.57877960866945,0.7070852935668267,above
23.674889009036697,86.39207979429382,27.154058100032067,0.49708867704976334,9.22987573095782,-16.88734569311849,-71.84935812606912,0.1807379527251518,-11.402373680670022,-73.41850989993931,0.9384855585509846,0.12298537991785394,-7.812098370648909,5.553709776704727,0.5677093996119629,underground
12.589984424655531,33.930249525586305,21.208737521062616,0.34593658726282317,19.5368973823929,3.055723386829971,-75.24639454650507,8.022685726947017,-0.6802197035204838,-56.48929654562019,0.14903568837396405,0.03730038497474769,-1.1660927276575919,1.5669214322520544,0.8268593126340288,street_level
20.44966436548699,36.25255291989423,8.247417157010752,0.14117010365350874,9.595607527961732,3.1333233371150957,-59.38366578256801,5.034168557164145,-1.026984326676871,-65.70556382113699,0.1664782395937118,0.0292020449656318,-0.7500868132342959,1.9194996803477913,0.9589552351266469,street_level
59.3354616025679,114.38006421997619,55.94553436067565,0.954000432695862,7.140495292321852,-1.5239737151305626,-75.17145454065268,1.6596628084183722,-4.67470176689799,-85.9330994467193,0.8293910434987176,0.12667911301531015,-6.489603106615006,4.266205914045155,0.7248155510154287,underground
50.542757192417696,68.65486443239297,51.08909189331604,0.872904678190165,6.84656747460674,-5.240977482843757,-89.21395814378643,7.76490207702725,-11.83120352597215,-70.6910224106507,0.7814611119819214,0.05417933832882599,-3.604498354282133,3.0963238666535373,0.8463368157356845,underground
21.19252718114509,16.34264695748628,13.920524052362726,0.1152331738365186,18.75038126928729,-2.8998697638182493,-64.35796886217993,11.219058979498504,-1.3455067172470616,-73.76069299892947,-0.6436505240968222,0.0815400686290523,5.107080479177251,4.1283198200332105,0.4734908070417986,street_level
15.088524929501244,41.696554491655846,24.59819728623841,0.18118272425015514,24.341433962211568,-1.5465677053574223,-59.77501342752274,11.729402665503768,2.6967230223857417,-63.68826549573862,0.19715603193062395,0.026393271901281344,1.3807946366706032,1.9739131159245167,0.7076228721862481,street_level
25.649709881965073,20.259528987831228,11.714829163108629,0.28934989604363,17.33173808252419,1.1028058959645923,-70.48662522208383,4.587235224117297,0.15358911864878788,-59.94305176719541,0.08451006949957521,0.03927434219653672,-0.5322375385621597,1.536222759929373,0.9481406960414966,street_level
17.34847473386455,43.93675850115754,24.750234365134826,0.28302842935404315,14.274456504932068,-4.539518870661996,-59.013037216506625,1.6121975756119125,-2.02230031942438,-66.8009979401902,0.42322123215127516,0.1091822879186575,-3.4292599043914,3.892159099599498,0.5893392093534,underground
20.49214048383533,65.84950503668982,11.483890787509495,0.4031524960416022,12.410499154548027,-7.3064118451664255,-75.4959230667442,6.611108075077755,4.8720285814069015,-78.86585730730974,-1.4954345986538757,-0.08264485530819174,5.839674242395583,6.75599208965958,0.6893591794188267,above
41.59776107425496,31.957120692755165,31.94085334139579,0.2936967242589454,10.15813998505706,-8.264101965808987,-85.42143249711259,1.707387218754831,-4.343135936931987,-85.84834168769493,0.1583632244016318,0.0746389913865332,-2.635834436867552,1.7090371319801765,0.594683549064729,underground
33.054640783553424,46.909965946594866,22.250716945039475,0.734870616087504,9.184603508813547,-15.290693246383873,-69.02943232788947,3.1239173874695405,-9.009272405138445,-91.2816463154915,0.35718656266677423,0.20396614486093875,-4.878362474458536,5.119015001242427,0.7150381852323942,underground
15.916665610031577,27.718114835266764,12.609472690222475,0.08501960066565445,20.81287091822892,0.7424308983825894,-52.15515881136268,4.263296250500378,-1.5844157106024777,-55.55631137216635,-0.041911777445164944,0.0902931116100498,1.702990252136157,1.8640631823495322,0.6827834132665509,street_level
4.681684955025584,12.677327121291091,4.731783919852332,0.10598105867296988,11.857092185523243,-1.5164758943127294,-49.5009718395539,5.650037623262643,-0.49306973549940913,-68.45325867995464,-0.033001468800059344,0.008754594921761463,0.4016811107528936,0.019659336236481906,0.7750856107222854,street_level
8.740410466430944,26.023673293031997,7.23116817280777,0.17394138234509934,17.530286041578808,1.6569498277139791,-63.215404094958565,9.694622151446278,-2.4978542346303456,-74.9460799096793,-0.25843010738544536,0.016725196022610397,0.047727422845069256,5.374060183555461,0.6872552010078508,street_level
36.53486100999239,30.258281971026058,23.331247358228172,0.3644967263583708,16.81503536897085,-3.756435855903117,-65.37410038035878,10.093162971530237,-5.667149946256675,-76.71005496716288,-1.4527545545319058,-0.2315224601212272,6.842791768193834,5.158795722524375,0.9302566824159034,above
82.13808490657513,71.36969193307638,36.69471211227604,0.6622901241706335,2.7726936749170203,-12.902505798809917,-86.14513778315634,1.1997192806549801,-3.068488578636037,-90.16324414722553,0.9028528481520894,0.24836283374037477,-1.8530625950900186,3.3244101453231436,0.7461986696857305,underground
10.420419547243396,22.87880132211354,16.106845675269284,0.10803974649534814,11.051606919511194,1.603254106126129,-70.83677087325545,6.998218435675634,0.2830289009959013,-73.92043337199664,0.22966390790689095,0.09095904958417322,-0.8942702029441714,3.6127427551107396,0.577317142615126,street_level
9.976170817681904,10.632106167503306,4.585674828437847,0.12585670937088592,24.007605042929907,-2.2647714144455504,-64.13998590633656,2.9635931045765855,-0.17538669041539423,-58.73257491899999,-0.0008909731965225376,-0.01524989711425355,-0.48348525573523504,0.20151310844602116,0.6193416521975127,street_level
21.006647230722997,23.40747435642502,4.387133643250962,0.20336742391000265,21.597490320808046,2.660464537994825,-74.03711616582358,8.338408832154837,-0.3793689017871005,-72.50282024497376,-0.44668359389817636,0.03809582519072496,2.193006443866622,2.597521060348787,0.7528454453157243,street_level
30.769849138010805,45.92672709478367,17.006216692248014,0.3881221425241286,13.402575472075975,2.548049905935569,-85.63801984225456,1.6173767403693216,3.1234619264333183,-78.1457923828377,-1.0658686003209392,-0.0489544984358147,4.933512165369277,2.7139859142829073,0.48178359837554996,above
23.694866401289325,21.815125508917212,11.945308964763761,0.310763484404242,15.106690634173567,4.847635507325354,-63.40453602345987,8.882356440820903,-0.44811157748385,-70.78462338204255,0.12638142664508495,0.01787822198215548,0.677351072684321,0.07399015477159354,0.5103757257562724,street_level
23.615423807036997,27.868439819052785,23.10416007050261,0.21575454244861353,24.55394523891898,-0.31698871811831,-59.35491397515905,8.774646089467698,1.2594515828738366,-77.31794661715436,0.04295230441899431,-0.01433882132909245,1.0707174379984572,1.4977603126784258,0.6171906445470985,street_level
8.186122852972176,15.965943328462675,3.407697977306894,0.014636183761719518,9.361322270235869,0.684956295728349,-54.230230759734184,7.480155793186308,1.0898143027138394,-59.491089506741076,0.0231866287175419,0.00700079855338296,0.3259864781271665,0.48088894678199107,0.7404831634080458,street_level
14.529204544451414,22.147686595748077,14.936574026420011,0.059632203227549196,27.488609143997877,-1.540388066314498,-70.34072968668255,8.362725346901499,-0.22839713882811097,-57.023710322209915,0.3185096988795082,0.04739194550244341,-0.8474200400938514,5.749876043735917,0.7017468897310848,street_level
21.46209321910303,21.220857611282664,14.460929485269876,0.20018900371248924,15.82735850224348,1.8040817884847389,-55.28659166979229,8.467106119876114,-2.944091314270106,-65.23476040162944,0.6086415630785889,0.014427953284387063,5.87991328918552,5.58518795164497,0.5578247425762277,street_level
15.596147850318662,29.42491187288946,16.8985695089657,0.05138375401037648,26.72872909775772,-3.7694047531279145,-71.73745271447947,10.53832497064806,0.01718907951948534,-66.72213193263676,-0.5218480271961017,-0.07103722532114927,1.24724014239845,5.975206128630904,0.4028211681932524,street_level
24.54647765516861,15.516452355905244,16.43985542953935,0.1710322906903366,26.458561507458917,0.3580039194397058,-64.69622464033218,7.618148152277465,-0.48793046954073294,-83.58335463970364,0.5948702426036905,-0.0971848113713923,-1.1702895309922567,4.272819190783882,0.4166768964330755,street_level
10.327383097029955,13.456051303688747,1.7238736936561347,0.14820253067991668,21.15913737630357,-1.8897466310242415,-65.74299196457098,8.93870376661775,-0.4827995452434575,-56.543729552856696,-0.12548408413230044,-0.026562637686480157,-0.27861047766569536,0.3551245756418475,0.5476765942204079,street_level
31.34539162493698,72.75553872502064,35.3533512017154,0.3102331966157449,10.71426696512558,-0.8032679912175027,-83.2725240871011,7.522955235308893,-3.3385487024056335,-94.40862552213468,0.18609970272735388,0.10820294002891304,-3.1044369506426763,2.0242958105015907,0.8742954498706299,underground
36.46479839266118,59.48765316856318,11.648138321392945,0.22771956520364803,5.857383523640688,1.9217146427163225,-65.29841450352544,1.8868555463792465,0.21953527154177443,-67.47637847632414,-0.9016056490457179,-0.18974842407443007,1.9189561135006585,1.8702609087803328,0.8731956970301595,above
20.00838975116342,18.917528936466603,15.169605012697305,0.08140156160472432,18.56925766961497,-3.313138523687501,-51.371873336020435,10.992310593533816,0.8469518314018067,-68.9563337166613,0.3078929559882724,-0.07475112170967864,-3.3144814609191116,3.2374177483312274,0.7368275219814695,street_level
12.280049020626464,28.196187228897273,9.99570505796985,0.06829609458846962,11.073128215714057,-2.459877035636797,-60.06848495625573,13.624811704019569,2.2674665391674402,-82.20438910873463,-0.6203080080719895,-0.021884390545252402,-5.463172778822872,1.7494234288058033,0.6957989555049091,street_level
22.224153940978795,18.50694950472457,6.432018169328686,0.054736477073784,24.16102111610804,-0.9008480568827331,-75.8340720525705,6.271210655838766,-0.3819008478266168,-57.01827539311879,0.21192210933196298,-0.06775048168980316,0.895155909042586,3.7471428232080934,0.432296508133445,street_level
82.66606869436492,94.88032556378455,21.249557994115847,0.9634209235400109,8.474239953752678,-5.362290355532618,-77.37778403626936,2.1429941427555956,-4.208349058670029,-86.67196108447135,0.7910232480848163,0.22566536525779524,-5.649837427478803,5.678296635587669,0.5482354011252952,underground
42.22830132767565,58.69565534487567,18.910490045514834,0.43587203509098493,15.690424129825743,-2.668880009469264,-80.58564063224084,7.6476019424150445,4.362854612807524,-59.04093948176838,-1.2414117541711551,-0.0466527634138246,2.7774951410594366,4.451447436189728,0.9834123665155963,above
4.424462204088255,10.690269021109707,2.135691455751042,0.10672179454171571,9.43440684932532,-3.9461758132453912,-61.37744962777738,11.398164760272977,1.6550196251280704,-59.54590091763786,-0.02572568104905429,0.006737232169688044,-0.10877862253735049,0.011348192413418357,0.7585907627796463,street_level
20.65414816118417,87.12807998758741,47.37379875105362,0.5793171446952505,3.9136783721956037,-1.8373821661961784,-83.26259352130864,5.034760268412433,0.829082727598422,-83.17161811559743,1.0242688517710892,0.1303550127520067,-3.110190539303833,2.1564556443861225,0.5488825537765399,underground
22.96817137236721,63.97945036722349,8.581682414714068,0.2774051061369738,10.311286852698267,-6.924116327137366,-80.28000407946924,8.256776818857944,-4.394864689448596,-62.72239642116328,-0.6647212610452499,-0.13295218947330914,6.258357779249717,4.449219191754276,0.8996226954235647,above
7.760793530100672,15.55765141542011,1.7979656490727591,0.13228884813398004,18.7817790481867,-3.5588973065756564,-72.93097177411921,2.528150653511595,1.6870399575447355,-70.29127714762859,0.03651389691771392,0.02269697584669532,-0.19323925434272238,0.405242668634032,0.9717967286876088,street_level
38.4995238645968,54.50437790150347,32.55354509385217,0.2476538526809566,10.14628530950771,-3.9466916654899826,-88.30108574588186,6.42407197890556,0.1358876905500228,-90.2116405110789,0.36676863047863906,0.09774983478324378,-1.929809834820865,1.1430399213754123,0.5196238901550579,underground
15.347360758462887,77.8427219112963,16.90984470782464,0.4728483148017687,3.311188919365234,1.0931239531739454,-68.20754042609633,6.47332009024021,0.7521583833802747,-88.64805826369378,-0.2750009463885035,-0.1642358092759844,5.584868471001705,5.939295493191647,0.6977393760627995,above
16.002044633325816,38.828960567327435,19.99118268607558,0.32266644274521417,14.160649964510112,0.1702341555108502,-55.21117058604392,9.508024788318036,3.349023716622468,-72.9763358195276,0.07136448326108658,-0.012036283684232527,-0.8998553087866438,0.288654491972848,0.9165373823613192,street_level
39.989046493344475,78.87411460602124,27.13005983445727,0.6846146887441736,6.801362107686054,-5.379082997464186,-84.14730820405964,3.786287471447258,2.491957197247592,-92.8256850557462,0.6793570898046085,0.12215096209689297,-6.97730360914681,7.0588498175975225,0.7128050394214038,underground
39.49853553505277,90.23999524015616,48.48361804419561,0.40611536147893246,7.173113916497763,-1.0568484323048466,-63.88537852872983,4.0453714020550136,2.9479196535386034,-89.72501154751083,0.6532255887384972,0.09726592393739004,-6.388368847914146,5.016568985962944,0.9762077866272774,underground
21.802986340469715,31.327836361267273,12.146115918938111,0.14713767090396188,14.733608030751363,-3.192859131972801,-68.77469705106232,8.215631348091259,2.3294895354123284,-77.39665287626707,0.7892000544214639,-0.0032500439203549947,-2.3081053647837235,5.344221159657568,0.5792685447917434,street_level
44.8846891531727,77.83745975153028,30.244164348442823,0.1676574121161279,4.642184262829037,5.122753547776538,-61.10230841585146,7.202497670453919,0.047149909831373904,-91.78606747674485,-0.46129675893223143,-0.06982427656249335,4.657383890514478,2.3894450008454076,0.6438449948207406,above
5.106174769251382,13.147673661060509,1.9330896163078561,0.012102909439869058,18.253445061545413,0.5186831753084951,-67.18989388429354,9.525050440020513,-2.5542450555741993,-79.06792018382069,0.05144391001692661,-0.004345265204273058,-0.26809056150742716,0.6754455956505451,0.6983325256564163,street_level
29.595284195969754,70.2015979402916,11.318464768364352,0.4368470952683709,5.692945721369139,-2.2505815903345816,-85.52106763338938,2.21706270576236,-2.524445961820324,-79.49177132631536,0.23961824816334207,0.10844624412506407,-3.2010821894133215,1.2467460120568692,0.5972451712978772,underground
25.036849607906383,63.54359493745737,11.98799377491026,0.5947619405648901,3.5190068318040373,-7.215993214379694,-82.96326834914478,7.786061184848444,-6.415665071516565,-83.04097580669246,0.43643937066150995,0.09646707660857472,-1.0258031206055023,3.819910218097074,0.525559640280682,underground
4.758172030333683,16.151875381118106,3.7382609190522533,0.09901131715414861,11.369186598231636,3.2652197406625794,-47.34432311509964,10.100246698524021,2.35615533560503,-60.616119716275435,0.05583984429385094,0.0018707856728227903,-0.29589638633870674,0.44013732685241563,0.8565043053829732,street_level
8.51444239796177,17.684000129060458,0.8266133134733487,0.09827716501391688,24.585418177208503,-0.9142049223506437,-63.2889973151636,11.824413967289075,-1.0665378323429089,-66.73037145941916,-0.06500378337032772,0.010211037771458417,0.31856480469268,0.6886270278352571,0.5878375529650035,street_level
78.17254508057273,115.33665198554091,73.40113667158363,0.9404093388831446,1.4524211026344003,-5.586759295323592,-61.29356194419528,3.5396234302513614,-7.140682016074694,-66.03371495456241,1.4012195496577224,0.10929484719124472,-2.6938762965482335,3.508037847582108,0.9540684076213873,underground
62.458776021071756,45.12697910389989,54.02024643277519,0.9717529359983139,5.107444808240289,-16.16333401819459,-70.054362606024,6.129050275103359,-0.3896840901916434,-90.3471792741894,0.5912029012410911,0.062487246963566695,-1.7808136171681692,4.031319653722221,0.6418533377459815,underground
12.951857564994613,43.20744798647509,22.872929181666763,0.207370999762358,8.786898569466052,0.9183176830879507,-71.98439878961076,9.913275097826006,-1.7250448399921554,-73.77525978160067,0.049666107401593884,0.008941945763459684,-0.08764417432945448,0.8357689819528944,0.9090109973105805,street_level
9.249946809786124,14.633888859993274,1.2295348424313812,0.13971934937530087,21.091668252038495,3.6762177704650005,-60.25812494076163,7.330984993279647,0.7592842406019544,-76.95482821785573,-0.06896052357828865,-0.014594075279742803,0.0879006093748349,0.7674373515384117,0.5219263675440279,street_level
16.382847862058423,60.20706247561379,28.44710416577756,0.4885764022102661,14.47352180390046,0.8843106775164031,-72.36329839211649,11.658341741683941,-5.048348541346645,-65.60855426645162,-0.26639649647455244,-0.1268045350671112,5.10670060617586,6.202843073956663,0.5048844536717279,above
14.430227762259765,17.87309843754501,12.952756014492106,0.214343550775928,14.079343731225554,-0.16667180264120596,-56.70485304027105,13.686450431101932,0.5972078665477678,-74.90180237930159,-0.11209218460318804,0.03349632709391784,5.204980081574625,3.816915803091213,0.6251673352625562,street_level
18.24853805070118,40.21001436062803,11.367223798674836,0.1856961497031187,27.06474827677471,1.319986154949759,-75.33116580124172,4.768227822794506,2.1728587751638155,-65.15509887412507,-0.6541014973812521,0.06731798607511977,2.2299479866790897,5.328684744790138,0.6282807202584304,street_level
39.93242185965774,41.09240791329624,15.49130596719254,0.3386235743944267,13.348288845908954,-4.840503986466738,-68.22988209594253,4.19602689977185,-5.947885041848869,-72.09343981671586,0.5782566594131864,0.05064192407861502,-2.295361323171644,3.8301345569573586,0.7630206341266434,underground
66.47031232029548,67.14114375087406,42.52934413252555,0.4772857877482609,3.8325756964461686,-2.066298428543778,-64.83996843658855,4.700500887840848,-1.2986181617185295,-66.3769756051872,0.7078819739782101,0.1486536220540101,-2.0510767857417695,1.8721267291065606,0.5453863340297661,underground
82.71387760969634,91.46455691617007,67.25190112256882,0.3736292817260253,3.516079588032428,-3.548912785229753,-67.38624841873896,5.185116769947457,-1.458316872918088,-81.89950101142827,0.7128679254797166,0.24630267990670052,-7.356377491396736,6.904016271340251,0.4363428413002798,underground
29.483401572623688,49.34699809712477,8.925029642251507,0.180013919000041,20.228081643464208,4.511818895570141,-75.61072520303614,4.603507259357358,1.2078088980851263,-79.03401838283432,-0.03531745565470941,0.024136344357976618,0.8459557706007139,1.060170975442037,0.5471892948574355,street_level
21.9324238334315,26.825933045369702,12.154685955099444,0.1942050031958628,20.855058279922254,-3.8381215663294217,-58.80012846186019,7.319005636594097,-2.7762317897197826,-66.91606617313847,0.6141571525114458,0.013630933725524041,1.8110983908828109,4.550769176002696,0.8341329981369645,street_level
17.14511875542628,38.76558423804345,4.253506737537617,0.07456556510926977,14.333418949995181,-2.5178913902618776,-52.15615834976158,10.162148555685482,1.7176582129978764,-65.0369733677986,-0.6719391815381871,0.042819968993984575,3.5875146735685366,3.160764349287672,0.4440980021685111,street_level
14.371205607636513,38.32528365172142,16.628987388050717,0.20750019798273478,17.64130961044922,3.390462647628972,-74.4208371026218,4.672587485747162,-2.043924931325966,-71.87213728781988,-0.04676330753767451,0.016221944808041948,1.1506758295741708,1.0315585514396781,0.7155302816395523,street_level
16.14870733483123,49.94703764995825,9.612982807747553,0.21799673529639257,18.788264055702108,-2.904332093413684,-71.83445192335925,3.4574972859673467,-3.784932314262905,-81.65000682935525,0.09979315167306813,-0.02760272397747238,-1.351310897034561,0.1043634164717464,0.7422154361888639,street_level
5.718737342605469,10.276419581230497,3.8531902647257232,0.06566039073459158,19.846325257876497,3.8446391177794945,-66.6889625642073,11.17066711105399,-2.754558537246309,-64.42450564769152,-0.04076569284446907,0.0009692658980490175,-0.3298130238353836,0.6581577531237021,0.6804131849240966,street_level
10.006352796351909,9.176977414882595,0.4330374352192321,0.12014042947881645,21.84301764960764,-0.37507579474618336,-56.71894555026468,10.852282107541681,0.5138008122455551,-74.28228220791031,-0.03842808149483069,0.021079128355227024,0.3642508565467458,0.13252568592364034,0.5083274501381185,street_level
12.233420894130143,34.990400817069556,14.438236061036186,0.05192694974222806,12.256985292697857,-2.738770281994742,-70.10511279553714,13.58569985595055,-1.5236810508633896,-79.56451668770467,0.14085610713656693,0.07368857663040215,0.9439426145724887,3.6869354280357554,0.5716533328591494,street_level
9.050443210812718,8.096182852296044,1.6277663091220078,0.11255279515535148,20.00001584562829,0.7571574384189574,-46.700120437993846,5.114484532005257,0.8634413349636927,-82.8804820201628,0.04110127943428535,0.024194274438857223,-0.028099237662872478,0.45722513170551055,0.9045358103321056,street_level
10.522102981353926,26.24206056129951,7.36820865370651,0.13241294737763878,12.871469939797361,2.0057053983746815,-72.02307862498392,8.206958558732435,0.8227354493043859,-81.33648456363332,-0.03846338020057549,-0.022932041586601976,-2.939254680143452,2.2649137117133353,0.43463291842145885,street_level
13.572724727878697,43.805047634419935,12.93329215922734,0.028334172502382307,14.806007350653317,-3.8806716344839423,-55.745274495407386,5.749365395809065,-1.73499333423344,-82.99052773950494,-0.40116807751851485,0.00363225711761464,5.360812251224726,2.314892106581831,0.6340552715644902,street_level
13.173814597382103,44.75593283464353,25.67064010267047,0.1486156577553941,13.915971831278467,-3.7923314482178503,-67.84173868362055,4.234422180944252,-0.5928597215063673,-72.41828019305663,-1.3353465877712831,-0.11849238245466101,6.477845256693152,5.735140597482394,0.8172271288988309,above
32.7033489103524,46.555162984348485,20.81686566031391,0.2223634494502481,19.561174197375514,2.7089603113756135,-74.74804762273804,4.513497362628492,3.577647666362404,-55.48327546282645,0.17387107597554227,-0.0015203955115247782,1.1587986102326697,0.9516216086755809,0.8229959700253124,street_level
18.003452626572443,21.160303137131308,5.216599587484047,0.13841351551021708,18.248719708022048,3.951354879912917,-62.290272484914,13.637524429711362,-0.9301037912419554,-74.77851438248624,0.35205005115092725,0.027000327876694985,-3.9941671226941833,1.5690234143501112,0.6462925584934449,street_level
13.891813218418894,24.26633416157273,24.414061768172385,0.2522698315779691,17.308126656892235,2.432338252929461,-73.9734984476453,11.5767714355757,1.2840152634461877,-77.43962303844987,0.13682226302563508,0.01953897860088414,1.4164999009710217,1.0319432264477886,0.5951414389801116,street_level
13.097645259383153,22.58649708878869,10.629396617012368,0.20172063359740788,18.98843125523229,3.228865030152888,-51.476596670869,6.177536050400232,-2.7320049395128514,-73.76843419755343,-0.743857866359912,-0.0952816236197862,4.311503736009,5.45082064672033,0.787288009285822,street_level
17.008001762498278,75.70881319931335,14.019391394420113,0.4416266938500504,4.697076114322253,-2.410232931126517,-84.54584448460398,6.052561614270113,-0.9560497305613502,-89.80275328243356,-1.4258017305742232,-0.15512433331134565,5.715926904279933,5.156880261012092,0.7577029536344093,above
41.360302553056016,118.61753985274174,20.33632904159063,0.9992146671362778,2.619193298942002,-14.204585997159782,-67.628584659142,6.964569991488961,2.4603985597775644,-93.03969884876835,0.4931413218854628,0.19520626946516242,-3.3825411387395423,4.906609637407927,0.746121755956783,underground
52.81583132377315,94.36821571090017,67.75421712624879,0.8228620829679172,3.8205633425799537,2.217738825567224,-75.0555487485878,4.123099794984043,-0.2796746400264727,-72.1205317104706,1.3145942518320175,0.1770124792608495,-7.234229634525246,3.9916837671029795,0.5194679308535577,underground
11.431436390318435,16.317598486814656,0.39770524042595734,0.020648407058987742,13.785255481797375,-1.5273225019095529,-46.09435660626829,7.81355275470399,-1.3173234174374346,-56.58269556252865,0.044728030234384486,0.002874372592006298,-0.26405669852574276,0.6742404029621801,0.8324923132376996,street_level
41.046019832271455,37.91776422748233,30.688034809420337,0.43628278485291333,4.384374620637748,-9.513757664977588,-73.04732841916157,3.559534758071791,-3.215033425521672,-87.72005793300723,0.59298794324288,0.07686692025026978,-1.4521570089101963,3.8485956826322294,0.5590019692928957,underground
76.60273416371673,76.96060420317963,30.399706884838565,0.9392681646913807,6.809770637090007,-19.093245548951085,-62.72181000832424,0.8701858603838417,-8.718027494418772,-79.00645843463258,0.6561533410926603,0.18575771599650487,-2.8793069918208882,2.2830069166937372,0.9711433997907165,underground
21.52047270615997,25.657560784481642,11.977296981862198,0.1234783021045228,20.961861371715248,-1.1024133745154128,-52.03731789730763,8.793754309855064,2.5995854060070798,-65.65561431006839,-0.31591917267695546,-0.05401577424322357,-3.1166919487458484,2.8568967000729075,0.6767744208516089,street_level
31.057905426261744,33.523302994181606,26.18974803549553,0.31816089415211435,10.099331309559322,2.841084136802234,-75.43405005549116,1.378449292552351,3.6395067447988545,-65.31350664349632,-0.9542208521453228,-0.24368022868131897,2.5117626312710817,7.856697994297144,0.8208884853412204,above
18.05721195073233,28.914912386972212,10.864562565662254,0.1731358157354539,16.042250508090916,3.8268481574884614,-50.20006773459701,4.40313354606549,3.6075647274367553,-83.82242160697157,0.004902460161514119,0.02594935693046422,0.574167983635947,1.1668836888853085,0.6625802599348415,street_level
8.028912999410593,16.66075372154263,1.8566644041367004,0.04632416625234741,16.474199568693955,1.1322253915678946,-55.0844616182208,8.798472478634443,1.073379511989855,-77.52791798237956,-0.07176817849972114,0.013981836118851135,-0.23847329643135418,0.5984745467914825,0.9565527235911968,street_level
16.610101445967224,15.817628827520338,12.545888632400423,0.17365278277718407,18.997869919915637,2.9871399701931223,-71.41388589817129,8.21987155815452,1.2178302128350076,-73.1382766521812,0.043878358523525285,0.08878611640254813,-3.893706989000274,3.3935477212828458,0.6932141760665633,street_level
23.509886592008478,44.60350763933283,7.537815360442282,0.028912054869423214,13.336014531703073,3.3865834005176927,-53.12593319315328,8.986975209389414,0.8921595893750185,-74.02107719027819,0.6503609923609541,-0.009250453407008252,2.8108306342303333,2.5854264088729657,0.7704341828981622,street_level
29.12515683058241,103.23005234227125,46.233622746917376,0.6409645467791687,8.06068903759777,-9.112346098717579,-83.01658697109382,3.1954590993985734,1.368268975723419,-68.69769550238786,0.9461026530745057,0.1956487709067805,-7.832211635195228,5.342538255122793,0.7709154513119317,underground
21.75439384959247,51.22019247207565,16.778293916376292,0.12381032218480006,18.79594950751554,-0.9262347017526018,-67.60902621658312,9.048084826689804,-3.46709633866425,-79.79260480050958,0.11030398598943433,-0.02624805991210249,0.6636234996615631,1.8915245483697207,0.8326901244588512,street_level
13.645995934620395,18.15602905521312,9.813947196135006,0.19805344922928206,12.667194750042004,1.2645128608883516,-75.93758593380761,5.124125856489866,1.1271176326951338,-55.12224151385383,-0.1373452394055874,-0.02552388156737527,5.222372690785212,5.810222983111137,0.4416890533703448,street_level
34.68721937322133,58.14663793453026,28.740127895133902,0.2984963233354703,11.445797942817467,-7.897991695595495,-68.75150050473795,8.70105595614984,-0.3143579725840029,-81.98064161494932,-1.36686052528152,-0.12018968024416413,3.9915064884337355,2.183856085424646,0.7361732612810488,above
12.461368236163036,48.38464987684612,18.124038056435978,0.10373376733223946,24.73917545144063,2.756309091640504,-69.58579268687798,6.812135673905655,-0.7566241097699615,-75.05512819507763,-0.05660189766317205,0.009051974223261317,-1.1672830108636112,0.957811602180028,0.618061501806827,street_level
31.10746896293235,36.264504011705796,27.124438814457857,0.18296177472504135,12.34043943569965,-0.4525326030729264,-67.61795584736088,8.73727974937376,-0.24498821858003783,-84.24288392553407,-0.33593622338818085,-0.19285429067065796,4.963063159873762,2.72164607008933,0.8228690423392039,above
11.02915115064669,17.802599652771853,5.2852034974715645,0.06906761757290186,24.065975905081064,0.6853913228494433,-72.27927129044294,4.514852895259679,0.8106786934196935,-59.2714947900357,0.04317447583646278,0.005775690480905933,-0.36591837794645676,0.5823249683810979,0.771806346278169,street_level
6.086209413153218,12.3907768881637,3.276907419524156,0.01086936396386141,11.163167025406604,0.356781662389535,-71.02347361221706,2.849467541108252,-2.988326922674146,-61.18540317351322,-0.1078673048076985,0.02931563028111908,-0.3432311624038279,0.2212963560143548,0.8279467246715693,street_level
25.607048064682285,60.47896340492828,47.54336514217432,0.7176190269803873,1.0983679069259644,-18.977202285317517,-82.70707787872652,1.4826499915222593,2.5936009992014544,-77.1822884881296,0.3158419939685019,0.1831273490261125,-3.001850548517316,1.6105373965394039,0.614105940761082,underground
55.10621798246372,63.1735849162878,31.618432385204155,0.5055258274245551,1.5602116243574127,-5.773644131951503,-64.04512742345831,6.664874809967809,-3.2561042047708675,-89.68405191941672,0.6459339871334802,0.0949481863853936,-3.609435248670244,4.286112207254206,0.8214732689881767,underground
19.931182608303875,28.79749069538864,28.445636402648454,0.18021763200020646,13.116325879451605,-1.043110450441116,-76.95342806225372,3.649465304503736,-1.1125951775673748,-64.90893423984971,-1.294514017537398,-0.053075996206999404,6.475155112403464,3.0311700124288508,0.9647981106687138,above
12.074513599458848,17.78146165881187,7.8321111904791225,0.11061007484345417,17.801929040049636,-2.2467274034736624,-58.2173528743091,3.893546330607205,-0.18238422300121293,-81.6193498649905,0.2705155585685035,0.0415254076178285,0.9283921511589046,4.858934405568987,0.5441022333381655,street_level
21.970988532919172,18.14099673802984,14.706681262058172,0.09528635101005838,13.71264017756597,-3.5521854052053303,-71.32814646591395,4.859671901377668,-2.965115395706235,-63.40503510421848,-0.2556493980900518,-0.0858698276678829,5.67782701828229,4.046485097873321,0.7078978697316878,street_level
38.850267640543606,29.62211984930441,34.12765293724843,0.32323697591245293,10.099761874629984,5.624886597578133,-77.57523469598921,5.032070715567807,-1.6747368218670582,-70.62775373196516,-1.3004047336344005,-0.07732890469720974,7.982588152275559,7.23342592691093,0.8221344775860591,above
6.029313178974245,14.939167104044397,3.384755346141021,0.045724201298179744,13.290395461518308,0.4466232845047218,-61.716695775533196,8.915515407097137,-1.0600458425462649,-59.84480641515681,-0.00827237118041077,0.027624815747895104,0.0812587712967362,0.0013388805709523056,0.595254984335507,street_level
88.91038894548494,92.21688594512983,66.4979631165084,0.6483598827859955,1.1668107289505247,1.2950774265278042,-87.16438173496847,6.795542196123144,-10.572006208655761,-83.046444438062,1.1416476293003117,0.08225394042212619,-4.044756629670912,4.645995821533184,0.7317207570373154,underground
18.040866140455726,30.33183386491001,8.278047448117656,0.2041775615013128,20.492643473831226,-0.5375154516614149,-55.5966202406879,12.151107472914216,0.2126991421832196,-83.85946876610316,-0.5236834530782501,-0.05270990371350431,2.544791826378791,5.528338937410811,0.6335995602126852,street_level
40.90664100654573,45.909659404344765,12.918241433849282,0.24728403999515292,6.004127621639139,-6.1155638533593555,-66.98904889258264,10.191132580951999,1.797093070921461,-65.54185296696737,-0.3839335271596256,-0.0720477611964522,7.851435453615535,2.2953043099466823,0.9023995004595193,above
44.87926231691766,37.39286035998853,8.966569501372625,0.338862314913001,7.117289151139467,2.3788325056254074,-86.27928670145852,5.005811415539814,-2.5259810851407267,-72.8209767575938,-1.4287324454900592,-0.11076241996936703,4.082504308070329,5.947965934855055,0.824701405133972,above
27.130844712635742,55.492627313660414,24.45432502040009,0.16838690385304544,20.505845344040385,4.338578433059965,-57.17229576041095,6.962638053462701,-2.466456238820477,-58.86844368154796,0.020139273361391916,-0.014500686123329875,0.43237861613562445,1.5081622070765552,0.5277950389055197,street_level
9.10560821253113,17.29862570059306,4.4351389817367775,0.040329212584942396,14.559830619684018,-0.216753404576437,-46.35244283511797,4.562563806199965,0.955431160374526,-60.90282315390847,0.12432680609364519,0.022949847540471933,0.05784147314817245,0.14037552459704195,0.8966138757907772,street_level
10.664575463240176,12.562008163449434,0.632045524918438,0.1474803294246346,9.690819507132865,3.098193635733338,-54.382109031509216,4.070945946104446,-1.8832181283202447,-52.3306019224495,-0.0321596643217371,0.00707450778335867,0.48507536345644675,0.3416110705722402,0.871956769565059,street_level
26.99569789750982,31.902307248424265,14.116589257406972,0.24497708845367375,11.126540036853804,-3.681336800412598,-57.083555247919264,8.249580808819111,2.6455677247998377,-57.029366614924825,-0.02223583838024079,-0.023286109449112125,0.813145661118587,1.1275048222430275,0.807193249323386,street_level
43.2869337302492,73.3689051430012,34.08142040288993,0.22965293684439794,12.015707129345733,2.8052535019970257,-73.15779426667812,3.324227959778014,1.193221800742851,-75.05192857016499,-0.7700478720708052,-0.17501233379802067,7.2178854552246445,5.384473546964861,0.43911298614180905,above
44.67684688817556,34.11163432043183,29.038000277252273,0.27628247210116036,15.77315593119232,-7.774057108807208,-61.65545645596181,2.6096032988276825,1.7468072699342851,-61.54237405105462,-1.3137404068289884,-0.10487450693735628,5.132476543957001,3.999877384754929,0.7591360904835638,above
38.375210450341314,28.777752953076885,8.720009976154163,0.38885332756074575,12.346308014604384,-3.058964698677512,-85.20864604264573,9.238309827228372,0.277904729307056,-86.04696693819395,-0.6330080767938908,-0.23109200188485934,4.8671773890812515,2.0699409305180723,0.763903456481469,above
13.099429270769717,37.363741294386536,14.438602378928831,0.256590298867266,12.53968529768469,2.631709230199009,-83.83448321237519,9.598674646604032,4.80145807440984,-84.77967243881096,-1.2467938069002003,-0.10498741771654133,5.019560238073026,2.7811663273058516,0.5367613213561182,above
32.69653833829746,31.572851389171287,11.543585991820569,0.1662846184694734,19.037072918981924,1.5093757609272371,-57.28300575148526,7.664771387568778,2.1964204189489305,-84.00854223648479,0.020756187705453885,-0.007650257260454558,0.04024682601436225,0.11116745712305032,0.6945329267290463,street_level
32.921451151913196,53.35832872570123,25.53306281538614,0.4360301814424211,7.551161542108528,2.6614925387158976,-83.45658922232231,9.653474910454927,-4.41842777018698,-69.58618278652483,-0.6703174111123913,-0.19311553756300637,4.284232254532931,5.64647643492815,0.8630750833134484,above
83.44752081524807,115.37120922925114,21.806269741630487,0.9207261408272152,2.1276210275276455,-7.628471648788086,-83.88160996833062,7.170117138289066,-7.240250955057212,-85.04196308350699,0.6349617442577933,0.09085035187197846,-2.6522907217661285,5.726408597234003,0.5332409552049721,underground
30.27045906878879,25.161410342440234,8.629674844996574,0.22853087831656088,20.783949735073456,3.922695017626612,-72.83989580840685,8.066051762218615,-2.8669300549359704,-57.23926301119836,0.08069775933364251,-0.019961951243415106,-0.3288662563506555,0.9143379681582264,0.8189356096386486,street_level
11.373072032714898,11.532346858732119,0.3610202852771063,0.06984067879367332,18.536774816465776,1.4635777567519357,-46.16334998767584,6.935504319897163,0.032461060938037356,-80.02250773931632,-0.014806045016264119,-0.0010299209905580385,-0.27469724579985366,0.36872712435911287,0.5383983352508521,street_level
22.654323432996314,118.50681113464073,27.104548906194033,0.7350007184275125,9.714976839040853,-1.992491833072279,-87.01394064000152,2.2343742388190337,-4.236283547222304,-94.35074596910925,0.7573601627693279,0.07280630713248723,-3.579395873237255,6.92345898919687,0.4923119077002451,underground
68.33368022327535,90.29726338820441,16.068769546216537,0.9427667484793115,6.469087477285421,-11.07250849267729,-89.45671089811577,3.813389580654614,-9.927971999512176,-76.64804886952862,1.1841319619528097,0.237708860445984,-5.743382419070283,2.9575948507659,0.854947372828689,underground
11.77893667064663,16.718261991802592,4.22162181562115,0.03791578251150936,17.96905139286017,-1.7262223617909873,-74.74559595188411,6.116639525265263,-1.1736404759727574,-63.944044107620954,-0.1151147364589069,0.009431524507221178,-0.437899718373318,0.5158320117360832,0.8170293444291519,street_level
37.86276634740413,31.950013638369406,15.569666159291252,0.3031130558879071,7.777548388932992,-10.20549600378236,-63.65065380043164,7.1136795006788365,-7.567634793589327,-60.5116881940568,0.6017759241735812,0.07169503595427754,-2.525985125864007,2.612185738031685,0.4153330934451559,underground
60.93879622175452,106.04085323440697,42.323442232159515,0.9307172564394369,4.999825456246589,-3.149426782360731,-71.12142333979521,0.8972895524965008,-1.6576144584448222,-79.0847136304528,0.828428588303737,0.07249850232154356,-1.8940276539248515,5.189080864767377,0.7305933967215514,underground
15.463521966956986,62.08348348744928,29.23136485359287,0.32066688368018986,10.337769244829056,-4.046715935881499,-66.89150622684248,11.420062883568427,-2.6562841999815836,-78.39434453817202,-0.254206972397234,-0.13749389084438923,7.412339130373445,4.997285683523563,0.8094198617348561,above
34.67396606388277,49.85236278216115,18.192831182000212,0.12463980117956061,8.847054292046781,-4.013837366358276,-68.25442988309769,11.111837669754182,1.6813029360963192,-64.77499198313309,0.09033054648851568,-0.004790650602374855,0.38814169576628466,1.440250166480809,0.8771073544574027,street_level
26.558575301256667,71.13650936591009,12.487324716604178,0.42086110504230934,11.409794099421703,-4.477478781664117,-86.52704765969106,2.760970914317941,-1.7174837094452275,-82.91572071291544,0.6281710932775177,0.09661188546687,-2.0918006197667536,3.5390838853760256,0.8479951938216641,underground
11.806692231427586,27.844736722852918,6.625265359763204,0.14751828961839325,19.4381632983039,1.7811305360030731,-63.26127700952861,7.440513138607235,2.1902837441257272,-55.62060169002345,-0.18407084489763859,0.00494236375298214,5.705729054859987,1.035963094444098,0.6182953382717733,street_level
18.71620165614489,47.07068067230922,16.716886325696887,0.4742419897837433,7.319195716167219,-2.143927763102184,-75.79513479828067,8.041777443834395,-5.468052516745428,-89.15354218444583,0.512738105927655,0.07702526483801915,-2.365336286367117,2.556642697356601,0.669141386058653,underground
80.96641434195216,76.96982137546811,51.028912764447675,0.631423524295847,7.358524892309381,-5.579967913960257,-88.65227547865821,4.5591432180560245,-4.874623355291275,-88.68224650276228,1.4252436385279101,0.05827574274749622,-7.669794894907586,6.211306167415723,0.8358443508627085,underground
41.59055964512955,75.33456401484085,17.716860659192463,0.11300257084310733,8.75698534843101,-1.9192326206904449,-65.53624922810391,9.614889476294932,0.8571828787210052,-87.6016758357286,-0.49904384075535213,-0.16676997788821402,1.6768454009247389,5.120675918871051,0.46550068900388913,above
37.585480316444546,32.00288817766045,36.06101492885489,0.22669113248243622,6.1191699225832,0.5922344956005183,-77.95717349150821,2.740136296404503,-4.517634040423571,-82.56083141446243,0.6919976639682129,0.056908528981872916,-3.703214598013777,3.9095087730390956,0.808212877510101,underground
17.299782461063806,30.094775580610197,6.9411706993381905,0.1086567541628137,11.15555349748679,2.1828480712051066,-60.37236976353577,10.79818706189879,2.954012437970107,-72.55623626823895,-0.6424966702670276,-0.09646139511236894,5.745974321091225,5.464804342466875,0.7113222634439061,street_level
43.6788000907648,35.761949222679476,22.77639947617465,0.3639404502544552,3.864462140892164,-1.7259271837141332,-56.73098473031041,2.222938270312723,0.6399932313179022,-70.88294154341452,-0.8830746366052885,-0.07834765637770832,2.6499356599310495,4.941988766131843,0.475514984694853,above
4.420943536875563,11.329300291406454,4.077947981462504,0.06564506989303728,16.408540960475605,0.46007932818351716,-74.7593103078326,7.770371413461287,-1.634641207657337,-69.85741703133979,-0.016122808665227473,-0.01530691952958788,0.3395323415178053,0.20624730327978993,0.6625428010389536,street_level
12.489144296004742,23.250645706379792,5.864864392270837,0.08851110473146576,10.110997040331503,0.2948900010949398,-56.969763894228336,9.12907947710684,-0.9022942614368947,-66.82750046322124,0.15479685034680413,-0.09269363925977901,-3.436417262787951,5.668642904198618,0.57264793094349,street_level
32.65008703535649,54.07409751236355,19.053872931739452,0.24646404394305105,11.489307867903287,-9.15203809754222,-62.74471740234327,3.95405244622632,-2.13072739949759,-85.57042828080964,0.1692347445873235,0.0802133871431281,-3.245595394166119,3.761713384745124,0.4063229177495099,underground
8.367330650101426,12.647346931702394,5.455179387900651,0.048463552613045253,9.810767285927621,-1.2554010190363742,-66.87159320328543,9.629624596116287,-1.310689168556949,-68.42670961827558,0.10317291568475093,-0.01529318196323165,0.48546599732550766,0.7983612752005589,0.7511167768715159,street_level
8.714983706325938,14.317374038762285,5.896924374452318,0.06370691065308427,23.701474898124232,2.682042738064256,-59.69781619593836,6.72038083617797,1.6864322203879807,-78.96092943551048,-0.07467577597263711,0.00965259309822207,0.12108953474169348,0.07720116971386029,0.8433202845242058,street_level
15.990566847141132,78.13270505576594,32.26409313480448,0.20772879054535542,17.825356594468403,0.08888858847092074,-76.56312083125746,10.766292548098932,1.8512453602830048,-88.01716164570166,-0.2565227987120371,-0.15228724938764376,2.7365604968357244,7.139348070794845,0.7207187055170621,above
22.10366988034302,27.806989902954523,24.421718055735774,0.17043935259772336,8.85625714953025,-2.2080812511730628,-75.00671947801288,10.208458265223447,3.551055111159192,-68.5924093196828,0.15618584714005904,0.00800463573812802,-1.437809764018304,0.34898822615476766,0.7690050775921623,street_level
27.83774956251171,40.07633363934583,17.08931691490737,0.33327492297939526,9.269087773743447,3.2614958285311797,-80.73369625569812,7.2557755140960065,0.7555903919181706,-73.65444304686302,-1.0808701964772998,-0.22642771183298394,6.5365218339273525,2.7050942469705856,0.8806232086281819,above
41.43073647998497,65.62160668367906,37.23939813677728,0.540524821547085,10.732929727336163,-2.26240974924659,-76.57770771448602,4.106382545576022,-7.110098331638705,-62.92862434910751,0.30170100578241266,0.035619668068687965,-0.9335887732031956,1.720888515225742,0.8137581528359721,underground
9.848045546107294,8.768110398949588,5.282951559500764,0.12109728263048897,8.828859581598199,-1.529847942286663,-48.46953557001291,5.3118415018469065,0.06627624195187787,-67.31927446560644,0.023813265521458127,0.027620631499994656,0.21175237767290278,0.6010839425415937,0.7766885146771656,street_level
7.092781678187755,8.873844593087712,4.232532032468725,0.08415725995178072,8.75214645182989,-0.1418208147962856,-57.79756870237992,8.55625315999711,2.339246139540567,-52.019751351553076,-0.03581878766389045,0.008772271483532185,-0.011391566439944656,0.09010979956836858,0.8328202544948393,street_level
10.120447567017987,17.981257015813817,12.002071699772968,0.029061944409386704,10.416547605797048,-1.1484961739557225,-72.43063931820681,5.166293673846393,-1.4054235549730465,-56.73870958881356,-0.3768999231190138,-0.017986975688730353,0.9646778152761932,4.77784280030251,0.7168266184310729,street_level
75.00815857904078,74.54117619832648,39.19477217700904,0.6073477639541116,6.884455114997774,-5.1962283029972856,-83.45610138595818,0.7058988701076014,-10.34987785318203,-78.50629179220228,0.8565793956693684,0.07148633377580024,-5.477159127664956,6.311883139010292,0.591484108998699,underground
41.713032271697415,37.41836828693977,37.63200698568271,0.5089531118294714,13.194769862800017,1.0148869227814252,-81.1183747715074,5.346314334324267,0.7770273499552545,-84.43971623606038,0.6222792600000053,0.03143229242816027,-1.8991040769113559,3.130592981462944,0.621740798337723,underground
16.75493777692759,58.84164935823961,12.004575477430631,0.2326688191832013,24.26426314627543,-2.7524147490111597,-59.624012645697164,11.853081369724856,0.8405516628168321,-63.087247201225026,0.045991113465636974,-0.020509551298324664,1.1589321939439308,0.5257589864620811,0.6986497337634224,street_level
31.96833696122795,70.43432312624486,14.622281401922056,0.45939896303771577,3.3692075393314265,0.7756935878220883,-59.150322163126496,7.944029419242497,-5.556895690840599,-71.18077803223368,-1.057758699053108,-0.06814652939810903,5.110417799881593,3.0631113623774495,0.7500623274921709,above
25.6246323518099,29.387810096290984,32.784126413541884,0.39521768936835,3.5918195438579703,-2.087713507355917,-64.45889749427158,10.966502289749938,-1.9193793824660998,-58.35710354765817,-0.3834865272645027,-0.10567322723088438,2.5057734473324524,6.209280602626309,0.7231508188213035,above
12.60943712293094,20.46348113114658,15.286033397043939,0.13334802750643718,21.838462118901727,-1.919221035087622,-66.30725443205162,4.740406553350049,-0.12542017144230488,-73.97482151712094,-0.05200250736024026,0.01378991083623586,2.07624812477475,4.5259041930854895,0.8561570500377398,street_level
36.342161123197926,48.143135772579086,22.2192493688757,0.26040145926612135,5.26071078445002,-7.410829102716132,-71.51878871299296,11.142354610287844,1.0838976097786635,-79.52209633234328,-1.3646617628140236,-0.18310861453059352,6.011539845328497,6.634870158378006,0.4536837106291466,above
33.679360067774304,22.32774329395429,19.403245183430414,0.17951749255681532,21.06451781377173,-0.7774485483223037,-59.852468492378534,3.8887439207699614,-3.4860704844438644,-61.681350110693074,0.1542902070273752,0.019827185716527904,-1.366853585465555,0.37927605719236257,0.9031004017204889,street_level
24.945974596376004,38.85702971439275,29.986688718125578,0.3272779161078919,17.900570167681714,-5.688864140297991,-86.39920911109695,1.2275865596526407,-3.2943718787374974,-73.80798229744245,-0.9372946685876791,-0.10309746744199116,5.618015331906136,4.655311275894362,0.7602141741387491,above
41.57880311812261,99.72436716000166,39.75436129813737,0.5836943154857837,9.80427422952007,-13.929313021198725,-71.90323664102672,0.5778308123453852,-4.7602465994320875,-83.15146534268064,1.0447676446039762,0.11715007792099283,-5.645279442323204,3.801984578416281,0.8713114756771208,underground
20.887815394276135,106.30623062472174,26.80523433858327,0.4104501170894827,1.9329218076378474,-8.123589870377742,-81.19469706266024,5.756438534942729,0.9355124594805879,-84.49920132338168,1.4496262429237494,0.23375745603716838,-4.797961167486278,4.783180294162226,0.7217950014610276,underground
38.86070518004936,29.245722690113563,18.081886218277134,0.26106648791378395,5.758345960342385,-0.23426528462409912,-68.16901691591251,5.690675409194188,-7.787682347582543,-83.66026196517046,0.43915379523326725,0.04735590018678701,-2.195692912789665,2.744597894541667,0.9383241514150982,underground
28.96256312294677,42.349223055852065,17.489355367885008,0.5293681088745074,4.688006630164583,-2.012845958002858,-70.70494328323203,9.370154504471142,-6.307952370285304,-88.86212722544099,0.47043139449728255,0.03928775605894091,-1.8278627070121973,3.2406215151469775,0.6847966189568397,underground
40.47972306459679,53.94124749284525,14.164034062597693,0.2581991245447484,9.119833666748946,-4.105638111797131,-85.37408957085367,5.604857742344656,2.9348993556660545,-66.45457102961595,-1.009802164096698,-0.1856280901519283,3.0127648034394383,4.986112009763019,0.6322537734518436,above
47.40590751952155,93.16209262677579,78.37846951305863,0.8674323640396452,3.2786827409144923,-11.542914278007895,-87.98365761697477,7.771331636407692,1.3250322853166558,-79.04665079612306,1.3011500568157213,0.1659948644303073,-5.223970414254733,3.99165864120483,0.9159977974093267,underground
27.907888308378062,31.664813131208906,9.72940072002981,0.2691732980088226,13.398773260136656,2.4390475585289906,-84.34356025924475,5.937591341085163,4.249456048556073,-79.91017674551196,-1.1642841176094874,-0.15206856621515547,3.620464693321411,1.8840321002268128,0.4713687108837533,above
14.45836823940152,25.955013020599743,16.70163763975973,0.052117225425101055,15.650626070601476,-1.0348574228005436,-76.9035166234751,13.824527903375099,-2.2115178625186585,-77.49326680784863,-0.4413184795217854,0.07666990123060557,-1.6137664460864496,4.815507684693744,0.535763001914231,street_level
4.645231554519103,17.468546230934216,1.14344728683701,0.12029052245254271,24.328714874947533,-1.2872755448697646,-65.82195462873597,11.96847284220159,-0.6254056419764504,-75.23838588814037,-0.09642557453685256,-0.003668300023109538,0.06964855189428665,0.30656891514172324,0.5078467612793609,street_level
17.711448402738156,20.544049215670043,8.829313570654893,0.06607040980132667,21.84481027711,-1.4134569809743676,-59.838211936479915,10.936065978741656,2.7141138020000435,-67.17556695638194,-0.6542262900531641,0.015775507386985826,4.163925979837494,3.1277120748123712,0.7270574088326278,street_level
28.683063305869688,85.59601656209799,18.632187042774756,0.9158112068537078,7.060410371670817,-14.277490217483642,-61.62296157492065,5.280209951582831,-5.608317321329038,-73.77877643794301,1.423761185879305,0.19533831448149117,-7.123656275325831,3.741512222483739,0.9330796906730119,underground
9.056615931765219,22.178486935222466,11.062977670305369,0.19800537909917143,14.083707357939085,1.1578029207073213,-50.25596559896212,10.883013635772368,-1.677171823521115,-66.00775225948951,0.11523872301517069,0.04289252871655003,3.377680294532917,5.281477393122398,0.7818996802907623,street_level
30.360262402687617,44.18303379067435,31.94499334774713,0.20459073119513638,8.79188339303926,-0.6897686106200522,-71.42735912584317,1.6129868073434994,3.0125932169877476,-63.635953884207964,-0.9830437164326755,-0.245277927599991,2.5609180415427053,5.103031432531581,0.6768944174198227,above
24.5245751513068,37.206370133827434,4.4458892438697,0.051635981908210116,10.127313057539448,-1.4563544638286627,-56.097386632419,12.693910890509574,2.3986950113523555,-62.33088817474653,0.48587711766017283,-0.07995224952497687,0.2102085489364871,2.408547097156711,0.5637816974552723,street_level
17.23236719065809,35.63979016083272,15.629771247161962,0.13131380624866637,22.137746086430777,-1.8818004291591501,-53.535320311207094,6.498930422964884,-1.7722445884319746,-81.1857601036348,-0.19409211629816614,-0.08892771471254327,2.4727543424917933,5.777705736360827,0.6899249592838954,street_level
7.319267824985175,9.765077211304893,2.9532447329476685,0.04480434544562133,24.292434779954842,-3.660473543695961,-46.28254312707466,2.130007234884957,0.3117589133961438,-54.25857004095132,-0.05407170177246805,0.027019016395567218,0.01323033110623928,0.7794237746184347,0.5917574522569584,street_level
28.54448815482905,45.675581816412716,19.06481868825871,0.18192122674416245,14.933857673503661,-6.392947560785816,-74.33974076362702,6.673982825025745,3.4755496290975607,-79.28254920608269,-1.0539728454987363,-0.24977856793418737,3.8635599235594476,7.383799996555536,0.5257216732253814,above
12.88810068096828,48.41943062515176,24.62172388938161,0.4793454791977311,8.819740237141122,2.6718735868884718,-57.20231269119206,10.734251013010157,-5.257569332684844,-75.61548424906414,-1.2457221461568069,-0.16507018509636012,2.995382566852472,3.4281865733899464,0.9316937869073951,above
28.39878988156479,37.35110966729607,13.161520452877498,0.23220740060732534,9.20024324169798,0.3335782232550262,-55.19701485268412,4.457725061718562,0.9218502295256572,-72.65909624959819,0.1932377091096815,0.006599376629712536,-0.9750677843584967,1.9974722718032376,0.6475997262898024,street_level
50.50087307428255,59.88282848710617,26.61775830452207,0.9001344051824375,1.612583341454139,-14.137920132388755,-85.84667070625632,0.5986154849420675,-0.1480271938569402,-90.4729725419712,1.007991043989119,0.21584177838983376,-4.010351801764703,3.6244746049930074,0.9335613808737678,underground
89.08608069546234,83.73740617486519,20.690655379204713,0.6701750405283103,2.9151385587995584,-1.5181262234031294,-68.26959547188703,6.602566139242008,-0.2679995833660094,-65.19497285199101,0.8784660259436703,0.23512476038786984,-4.663878694801603,6.702365008221047,0.4146083227711596,underground
29.51464408093071,46.41232224831354,34.469823533989896,0.4583322687178569,14.385549969364481,5.9552878126741025,-65.83007785548887,2.2357924816178714,-0.6715901823825305,-60.55758484212582,-1.247020513607243,-0.15672663880856125,7.199785722414112,2.0051631221250528,0.4119401513970628,above
7.057451809475789,14.924446418240382,0.12618400049470213,0.14729480422073216,9.025943157989353,1.974841603369125,-69.1575836845881,8.168121473083037,-0.2265916966457735,-84.06348475909849,0.10673049077587435,0.02289182628990103,0.07793096572080827,0.45069074317777025,0.9323251052086932,street_level
27.773150444235203,29.045916435334135,34.27463399967471,0.4046234831133051,13.7752143609673,-0.674263059550336,-69.19018743521599,7.537922482526524,-2.1874993677861347,-79.2865552776296,0.27981237922512203,0.07848712316283754,-1.5707553247556132,1.6695683937741954,0.42753896170071093,underground
25.827933851645863,62.37354878199073,13.60912389079366,0.24941568033525385,8.39776726232152,-9.291112542680995,-58.03301951467677,7.558786739630872,-6.495306977736755,-67.63965535967554,0.40947790746360757,0.025901609497315986,-1.3020385736052589,1.3215681791466833,0.6336987173815442,underground
13.2083684809573,25.94834816119491,21.883454196067618,0.11018746327400919,20.178490671131456,-3.1823467610928633,-72.1704908946445,11.7163010266754,-0.663024228304737,-83.58425686544886,0.0017053744017368477,-0.017045313500134402,0.19638165595609758,0.7629182305713722,0.7436972715124841,street_level
38.45572847281423,38.05266742584041,23.483628020601017,0.18332509731296553,8.89981425758722,-4.362032111310095,-68.70098917189536,6.723453719554028,0.43134850397051583,-73.17375084974096,-1.3417643659183531,-0.21845667494343166,7.578004017331482,4.013429706226523,0.5148401069368215,above
52.4484811350089,44.03625308245482,68.99328265820395,0.48137015223245117,5.120750289121355,-1.4624448873678944,-88.15344405707764,5.634834989934959,-9.792364975903833,-75.0890612155359,0.9050304933789558,0.2220146216212684,-7.071077755615516,5.602844330436557,0.5136254228260715,underground
5.527869142293285,12.841991371891982,1.5438261312904153,0.0427554349638954,12.49582340091704,-0.0507087086272886,-62.09551306252829,8.252812715567623,-2.515703137776672,-63.52757263783991,-0.08658741105392932,-0.007788902247580377,0.4379356916701107,0.12287462607728933,0.752296893819449,street_level
6.501657698672428,13.084564078091766,4.897052250160854,0.14748794887527794,11.66519362340092,-0.5319022758313308,-55.352148239878076,5.736466347162915,0.4432487822160649,-62.24728957541838,-0.14397818352175867,-0.0005688960868386606,-0.06655766984634826,0.7928052004142945,0.8203399289695492,street_level
14.59493502889087,27.35222914585215,24.64932536440711,0.21226021265973366,19.331658125893654,-1.0062918424496328,-61.920607801686955,7.804385333523108,-1.158491492859044,-68.73822932403434,0.1300731686228189,-0.01772829720835032,-0.2611195187066797,0.10091965804350012,0.7493659588695902,street_level
39.36628676667421,63.031553421478655,31.655948305274585,0.2732427770651865,3.4252502737601342,-1.3887665135446712,-76.52481833246142,5.3649572768294576,2.4608351703738123,-87.32502390617171,-0.8969817062014944,-0.2345983854885252,4.616710499330372,7.3168995074171095,0.9553732305372512,above
10.583682697458606,8.302970705334001,5.477854075325919,0.07139900057272985,21.477144864903252,2.66786289771733,-68.38094320199959,5.7366579942058875,-2.1068445108860576,-65.89140664374402,0.12328372179492805,0.015475305877924138,0.04869734679692783,0.6221039498777923,0.623250753646422,street_level
18.3870543519641,62.14128231788474,20.667205667624145,0.10228796499390072,5.819884585697839,-5.4571583513384745,-67.44789947511329,1.174299399767315,2.9940603475265704,-59.828268907710765,-0.7101601755362132,-0.09835953065365452,3.6651837852004796,2.5810691171536306,0.7595780099174674,above
37.60451602717835,115.9419606392027,35.53315260670906,0.6545942433069618,6.651777473011958,2.238099118312782,-78.03346582657515,7.897299996021859,-3.1547659767933087,-65.52457082047366,1.0255317918608309,0.09427874468534136,-5.752785613590506,6.562730481362064,0.935974252336414,underground
29.961213012233806,34.703322505636336,15.879260909617543,0.18705495237002576,15.623396640233471,-4.466983027553583,-71.78405392599703,7.17738482789282,3.985656263598349,-85.64343747956426,-0.344244031326987,-0.14511046921952792,3.2472318283319215,2.7270701869190157,0.7756804072927106,above
6.21534722640236,12.954974758705955,2.9217365619491353,0.0692336545788159,13.063872914361179,0.032501604959914054,-63.77579839893245,8.38608927601964,-2.414695059456789,-81.84418829076927,-0.03235989344711951,0.02733441938778116,0.1278882845749495,0.01245103605738187,0.9255374168045299,street_level
49.061072316086054,102.1081681644967,38.231081231480815,0.4666824167855713,6.770350886928344,-6.0626487536816445,-78.47141305269611,5.590336200594945,0.3023308205342339,-67.90030904559241,1.0932510153760828,0.10405752879531388,-3.5719456325293892,1.7490031112254787,0.5038821831607677,underground
39.97769094064917,62.13672800662977,22.7259093001156,0.3752812351498165,3.9046439921811538,-3.8800244864598303,-64.2680645302562,11.231057932550824,1.091247207475277,-71.12317494565247,-0.4974071102228548,-0.24385009189398435,4.111001885819867,5.805818864645435,0.5230999577513428,above
64.8690225422134,81.05201571446712,15.573425369997759,0.43801438377353313,8.328855433361644,-17.69188137806151,-74.03566297478302,3.766924954650202,-8.178813597160431,-72.60910743259257,1.1728523304302598,0.0920328090367144,-2.995493677919873,4.857052253295439,0.631998527620966,underground
34.295922721117066,42.24473621565039,8.658880996022521,0.34684439810049217,20.564702222881174,-3.706259290905536,-72.26018590077521,11.004453679022134,-0.6297060166788908,-78.15128235389189,0.053474708434710166,0.013171550367333078,1.2096868653512414,0.027579359958112892,0.8988321709161604,street_level
10.933860423822956,13.795053289429402,3.163539939498537,0.13296234427715584,9.011340210345871,-3.2937982802470964,-52.13470756085242,4.147909010416135,2.616796487771916,-58.46225393531276,0.058043288181194336,0.005752820405627183,-0.49182533940900897,0.5612669707196751,0.5727979455331407,street_level
57.88174897354025,54.85035665258029,24.918820435900926,0.7090445605213593,3.212297379993203,-2.325653082833483,-65.97321225145748,4.1853971622631265,-5.950813395883721,-85.60949901468958,0.5488119503019302,0.19945695640562658,-5.63973745413368,7.746130631194287,0.8501061397787057,underground
16.70436377721981,28.244047257905727,14.852859926009641,0.117915344412191,17.818810545511326,-2.6434278621514897,-54.65637474863256,6.800186889136759,-2.3173551017487624,-64.75728379095695,-0.5416849691632522,0.02170230988959876,-1.2492240594354156,4.931263000295945,0.5832679471122028,street_level
35.78656493408431,74.31081301798498,31.09006670767934,0.415847345751989,12.911944383315124,-3.867987913713309,-58.7646950050021,4.98187490797497,0.9197815572594994,-75.93556716434041,-0.8398830023708559,-0.24923991119110933,7.252265152847268,6.007569863018155,0.9671045560780642,above
10.452502156998806,18.430268228282028,6.4556098337823995,0.11386300491830123,15.24059661195488,0.8038273286258546,-52.57860158850741,6.414297958180883,1.5356644187041528,-56.013145950821006,-0.27582744168593776,-0.057911492807260406,-2.110642917554868,3.8966976731328193,0.42222634630670336,street_level
29.27670797022331,37.4348716951264,10.940630914448098,0.23284124617759985,9.295130712721363,-4.5592312586970625,-65.05446908522032,9.087870906943145,-0.802678193119017,-64.45735561107101,0.3883326366625445,0.030435975162711286,-3.659536358581464,3.5440697443410256,0.4354035759960928,underground
35.11692353218254,30.306399265936143,15.459672282044407,0.42248046361080194,17.411598153036962,-6.565982604736416,-82.71085659329327,9.628702821492462,0.5731171293206323,-60.18404429901476,-0.5199998002811759,-0.218389738464334,5.367918200227233,2.686856068519023,0.4149707201801197,above
16.722125954295258,29.29212838628957,20.927972535155384,0.34736710081068245,11.665387315247147,1.3614403401345214,-65.56187855137071,3.6949356460728318,-3.1541663168201186,-58.13704908283239,-0.05812549395451537,0.02344218840343728,0.6944270027976889,0.5966082244985329,0.5788591802502213,street_level
6.657380110167429,8.991234783817156,1.4452542240384607,0.14053781565158488,21.12505648002712,1.3095332164934943,-57.91296628043976,9.022384855253119,-0.8808621207403977,-56.22219431278131,0.03541195966336977,-0.006547528893079517,-0.30471371183099827,0.588772308673723,0.7510040013846409,street_level
21.022905915085936,67.86878687368986,28.427476675866775,0.47040980191295667,5.751813556734107,-5.99649854594717,-66.92048873464537,1.3120672258540829,-1.597664293820161,-84.23585890628299,-1.3253180575456844,-0.18485261078162615,7.778968004714311,2.184562722641104,0.5114937587437407,above
7.376199482744016,17.546887821815922,4.794617784455045,0.04421738429446238,17.88672601235521,-2.0597139101956525,-51.84745250877207,5.29900554980807,1.8079219637864954,-80.21522784342453,-0.04757211467226326,-0.023966984452352395,0.4243880257704986,0.14840290471178638,0.8710204268225259,street_level
21.351131775470712,31.167768781212466,22.69862907087,0.38478274080262576,15.920661958730722,-2.35820668150234,-78.2684822023983,2.2442039624628007,-0.9636657876967778,-73.49970657126254,-1.0684551893353378,-0.19099507906744842,4.540050245697884,2.366875021923955,0.7182597058246243,above
74.33386613085418,40.60127674598523,63.54198961734482,0.6335194818432053,3.371399190802884,-17.751187364603208,-71.00259002715919,5.087351439685606,0.055368459252111535,-90.53822715111289,0.429620209438735,0.10421347080613344,-5.140091588864253,2.080093555148721,0.660567439081271,underground
19.569994735096532,44.414557543154025,19.97587812798912,0.5785943920104366,12.128524344954597,-6.269566455713484,-84.54705010370742,2.481949586392496,-2.811110027021302,-89.05820682669824,0.5917164088992729,0.030867680608022335,-1.3169803354990193,2.3717223000669176,0.9745637431298221,underground
9.33390047419728,10.398941043190575,3.426821998217033,0.1411349525216122,24.991542172188016,0.976949978357565,-62.096304511968185,3.7797683061236347,-2.5567310426402305,-71.41597438811581,0.14740633404243628,-0.02307951928423961,0.32789473785348633,0.4184242243698151,0.6658149246975713,street_level
13.372101426061008,34.246517737013136,19.836217647087967,0.2748790419970857,22.344853941783423,-2.3192244463527336,-64.89399679328233,11.02209497042535,0.9230680656494199,-79.29274273697604,0.10260246807595702,-0.009260234014203585,-0.7900746958514687,1.6509144519641679,0.7510375730372352,street_level
25.52491338378811,30.418937045044153,23.601340229910388,0.16947403931490262,10.314819625157629,-1.0611700154592016,-50.449716196740624,4.921826465777102,1.6400454562093918,-55.213865764952054,0.01605928085857168,0.004953301584077585,0.2910710389537492,0.27105035594710336,0.9161754790013966,street_level
12.090652071337558,51.15585618366862,8.102857814405107,0.4941336338630685,8.236062295290395,1.288498719127574,-60.75167177176226,2.9352465112527013,0.4156174897624654,-63.17697726683069,-0.43665212655202734,-0.06405544152870202,2.552596940512463,4.13483102751138,0.7176287944600066,above
16.3745441135685,65.78072252577125,10.625558092919677,0.39431145524136124,16.464292569563934,1.380270803730058,-76.042735082777,1.9400333749878935,-0.2886973806859734,-75.6409662128194,-0.4507993215549695,-0.09964506417190885,2.8839222989157713,3.2409048533286704,0.6009033730684277,above
26.482755929076813,26.709755438406294,11.899389127589156,0.15645460037372338,24.311250144298675,-1.1531319331590306,-78.88118267146059,10.872064130917696,2.03274104732312,-64.17658053294244,0.050440030418608006,0.0070671642554805125,-0.11024177458634932,1.5481272650873596,0.5398202446016958,street_level
22.71608997303277,32.29136408920583,7.576703045680752,0.17562507671556746,23.634741788500005,-3.6054901578678864,-61.99015747907454,3.065874863187111,2.627509701932812,-58.71548710360357,-0.035470488333028016,-0.027817623619789775,3.7013053669345126,5.971409126972542,0.7476341858037728,street_level
12.488666184803643,52.41260518455463,24.53128344240676,0.28226356332778724,10.617192571569847,-1.0215938992361542,-75.3507546164581,9.68942959482462,-1.0809617974340426,-69.26988742602586,0.11573262955700828,0.03398649332387321,0.5449563556841444,1.8020400794658977,0.877388915086204,street_level
32.158740938084634,44.62909644284562,34.193745677943454,0.2647116438716828,13.752290068792316,-0.4342878631723117,-67.78118344063338,4.469063661865981,-0.1896305643707743,-76.45422342411592,-0.9817772860517735,-0.06604534909938917,1.734330895934779,4.195657863433622,0.48234454772699853,above
42.47274576888107,85.33232671773249,33.14319053362608,0.6281530507082737,0.9182031451340544,-16.70321663701253,-65.31393599557406,5.231185196895284,-1.0224019913174125,-69.1158811831296,1.040824639527989,0.046763063844633634,-2.526217612195719,3.69311034845339,0.8219261105022062,underground
6.6563387074274445,14.562998034621708,3.8549864378291887,0.01675167128685338,16.519703858725713,0.9704077786271981,-50.61962492813742,9.450572677060151,1.9380801320797607,-66.62066157182073,-0.029011234283155884,-0.028918294308137773,0.4888883931340039,0.7763564115179262,0.6531239987375539,street_level
20.063087889432214,64.1027841768717,25.386774498574866,0.4286324831318481,3.6292203424174576,-3.140030733651761,-60.52889243762881,9.728659037506116,1.3510827610554905,-85.1517647826525,-1.4036105669441488,-0.13628104641410155,1.8543203029440751,7.004034051091512,0.6409119645702854,above
27.50571673302207,70.34958544229116,22.440288638024228,0.3734910001838435,17.433203962267488,-0.9851852976523414,-85.28263382719418,1.8862006914552323,-3.811843998386591,-66.02215132510631,-0.36087011913390477,-0.23994458557610723,7.273292758084357,7.211745718340809,0.41132493135697856,above
32.57998039321671,35.142233218162914,9.319719132100573,0.22919996907849693,11.737819623673868,0.9263388919414712,-77.35290094569656,11.187435444341698,-1.1837649608804464,-69.07722836794852,0.07905642281399694,-0.009348304755491997,-0.2290579620534583,1.739346030406969,0.7922042499063249,street_level
11.767949121188366,32.705087744367276,9.87688892654515,0.062420738907296436,10.477434990340955,-0.0070360638994140245,-71.63015961256019,11.060471461880615,-0.9770253198702861,-76.80214492683677,-0.06730152419968038,-0.0026645678401457096,-1.04104237608626,2.163433431340552,0.4046432140161354,street_level
14.498113841617267,64.83690957147955,33.7049224476021,0.4380643892526378,11.195262039696772,-6.180109047614581,-85.43510944888703,7.565476094793296,-3.2263745253978406,-83.70152292792291,-1.2499264747705296,-0.1298887501339346,4.396108765914762,3.5946248910366245,0.7125660736593449,above
12.148782378708558,35.8563588049409,7.418810025703015,0.05266810245019837,25.88183773628357,0.13657051740504222,-63.21834654674551,11.085772307390037,-1.631388811454618,-75.54270818753395,-0.36517450028456455,0.07885428181971657,3.4667546104500655,4.1647054302107955,0.4083310594822327,street_level
38.281672402237845,71.94328479535434,10.274038368547076,0.3227334593164481,4.123187780980717,-0.016740722573333144,-78.59934122246412,9.68901937986465,-7.800206589821791,-67.27303568840956,0.6780335109339216,0.068176896319746,-0.9417707957522881,2.229508773643704,0.9254544465986215,underground
21.369461179077355,32.41640487844526,20.523433482140046,0.2001030803712905,20.763164585049545,0.4806629917905978,-64.2804770827269,6.6073729570917905,-3.8599129370593444,-58.48095314579906,0.013401299432957717,-0.005461949087659783,-0.8547198958415634,0.13237470522995287,0.9393124886056088,street_level
42.93956179608399,83.19623949361915,18.365367530864464,0.9211559670900321,6.617452059099468,-15.385796750264154,-71.60472075297915,5.922210839654624,-3.440041524738092,-90.67587726611052,0.6525139768140528,0.16124848466323802,-3.2529133321083936,6.600328944150236,0.4104752042647648,underground
11.121621181760855,16.441995599500714,3.2501931088878537,0.08535982891930606,23.604805860413855,1.163572474649465,-60.727522906083564,9.644238056174874,1.5104816666527103,-80.08722038563165,-0.14077487193167892,0.012838705000289788,0.20891316961817719,0.5967310811115589,0.6262591756766009,street_level
62.42057250525367,64.91520158130662,57.648309211442914,0.5399951919486319,7.856694112590912,-14.495442002873716,-67.91130294691891,3.878462271964464,-6.021355947077162,-92.53372472514826,1.0205146992128311,0.14023494806752734,-7.682715700001825,3.99187776773617,0.4651331496708019,underground
21.403312855948478,81.3630117171644,69.38991981991498,0.4198506004878865,8.185905404900852,-8.676239996593488,-67.03334790528305,2.488379580519851,0.7107861275666547,-84.90761126169356,0.2979510661203464,0.09510531803255548,-6.171276776526243,2.282020594671736,0.8557790801810202,underground
13.431987568012318,22.927283172920315,12.434646006786426,0.1807106011262387,15.365586997537775,4.123869674044837,-74.54073985601272,5.34972278633069,1.5547821812969858,-59.96432112881733,0.04929548828778105,-0.019496491959998648,0.8452751602435327,0.7994982232757306,0.6687881903401289,street_level
5.035511664356474,11.22232460472844,4.6626141448086855,0.07617597590040716,10.965286298510247,-0.21010931168069202,-55.12354639404789,4.589029526002154,-0.24065904681013972,-52.676783538092664,-0.014523613041008382,0.0054899367007578,0.48257489036116985,0.4825570412447222,0.9346945128270399,street_level
17.263735996553947,24.782149749587553,11.185287520435084,0.1133605065073589,23.418470525482782,-3.32179685118966,-65.13204508932166,7.438886419958428,0.9139484241540403,-82.95507032706894,-0.44438507382317916,-0.03367672886219471,-0.48026866536176893,3.0033474239604354,0.5678005034333007,street_level
29.98608489354603,63.26402605937409,35.210629130849696,0.3057605466855175,9.532218976610395,-7.225297510373744,-88.1402949219657,1.9125378436108709,-1.55004034816079,-73.4641363428718,0.5944809866748045,0.10275649237729594,-3.4675544273657106,2.9304455008105146,0.9160021234514927,underground
12.904074986458763,39.91676849790221,5.186342839298377,0.08380332811453585,21.55999907039648,3.013809871581815,-58.53861673691905,10.344011294492653,2.210636221252596,-84.45041112153294,-0.13714631602908478,0.06456780088329545,-3.4333194876224593,1.7580524326570375,0.4691392413285898,street_level
11.184539679656682,17.619150341207828,4.026791398798855,0.13171606370570377,15.233582089232868,0.44536755601864275,-68.09241595475483,11.121952558462837,2.0289660729996157,-61.5407617423688,0.05748893440917985,0.011814592270089817,-0.39704140925623854,0.2781962742999071,0.5040451964907674,street_level
37.590107685486316,68.20974139062854,9.367120823697645,0.45280247907106486,14.853253776833604,2.1419449827100205,-83.82215652959313,10.697503597193041,3.338543790985261,-61.160034296777965,-0.776019855217431,-0.248235460373253,3.8756369404002,2.669344177640887,0.8637396851889017,above
22.203634713195825,30.498515563431464,4.016225861385269,0.20049842703644252,17.550907398925197,0.11787887620057269,-63.97516263004927,9.360098612083966,-0.462881231324785,-62.989053529624854,0.41771128586368844,-0.008242187813179688,4.129490037233179,4.6122525268260475,0.8362032940070044,street_level
6.585199247713945,16.41303456647818,0.6757512195248656,0.12040537675192825,11.255792979749526,-3.3865276476474024,-74.32684973388928,8.25753661373837,2.627279927939889,-50.284959385698215,-0.1136301592219468,0.014620927959621631,-0.289253214309365,0.03501989862270412,0.6145544525076405,street_level
6.186721868045302,17.467260245851854,5.38052989769857,0.0175801489870399,14.34741968263754,1.7166346470409444,-72.18602316306294,3.1488941961413044,0.4091436487334521,-66.36376665951286,-0.025571774617171097,0.024429431173891,0.4953181480005098,0.4867771906031683,0.5108340944777343,street_level
21.55077516845454,66.60466436703007,15.978771068351332,0.42963151638824704,6.370529391522035,-1.759270500398756,-66.11359133383012,7.384433925158532,2.461962487387762,-82.66602351188048,-0.849340478641806,-0.17805517753489297,5.64478811786077,2.0986930391856813,0.44028170767109837,above
24.594663549386492,31.18184962146051,17.87896461075439,0.25386356552132994,19.45299075741997,1.1889989470343885,-76.08544611749969,10.950958335148773,-2.8266638116680944,-78.82248730015763,0.0522645931744769,0.015854000360078432,-0.2456318574512948,0.08452644497516659,0.9696277780532685,street_level
11.328968202200457,13.795724779553709,0.4158875773336346,0.12951608169979364,14.98388016970513,-3.334994600389959,-62.04177210718056,6.323096602004406,-0.5855789511654028,-81.52139572660505,-0.03123756947261956,0.017030742249321683,0.44701902605359556,0.7190482483580664,0.5921114053860406,street_level
35.91230528075202,70.99941787801808,51.598041929160836,0.5236224303030463,3.151495795814344,-3.3985712578379292,-80.5662005803558,7.358944457520521,-4.050949105797143,-77.36313732835518,0.6105214400678862,0.1339519354577097,-7.4519758728374255,4.643735849164152,0.8909209452764337,underground
6.937866830744237,15.198451634844519,5.226549754043446,0.10961565776798861,11.334403923052692,0.5833810725560094,-53.51685738127166,4.793318580974312,-2.6880547730422775,-55.18005191823906,-0.041862103943233614,-0.013414945999469526,0.05003339382856342,0.11117773198578657,0.7239023144235057,street_level
35.314743452787525,76.38893950152399,24.037970453562437,0.4095313068991888,5.423928388606718,-7.227686468265004,-79.37078328285347,3.954802699025764,1.3049895662865545,-61.653818279230386,0.5019217513345344,0.02256689247981221,-3.9442331841302116,3.1738048836255803,0.763228750183325,underground
23.174861453004333,44.035590535337576,6.190646277803468,0.047188671791285705,17.471757479431997,-2.0260027665367435,-50.780993312372445,10.378777022818404,-1.3720178345299243,-74.3951309983614,0.051692591208612804,-0.09478988876043842,0.5969592340713845,1.666335773375023,0.6795350441601724,street_level
11.048251670282875,9.941622271654023,5.73016848339096,0.11939444386837322,9.58629935456529,-0.17710618889083474,-69.5550963126131,2.482196834795041,1.7419685917936212,-77.77542834316915,0.021809061393419427,0.02582637162100486,-0.23868098170993846,0.44627754749697646,0.7888232768799252,street_level
44.93757041206652,37.61761098118479,34.813133071789,0.5738572769483344,10.796042159364237,-1.0408606605456558,-68.38480364728689,9.293158238480968,-2.8404467717127844,-76.6978305870758,0.4955070748060806,0.02767387536626093,-2.059750339918468,3.2359302841033646,0.9800488907347766,underground
21.19067479150306,58.522245878219366,19.94650248694023,0.11029573167184635,8.447211435883265,1.2232898051756358,-56.63333887229166,3.082779263046206,3.349807139990805,-90.3829959059345,-0.9553607799694546,-0.15732983986863475,7.451704185192893,1.5242465877134586,0.9453682918633056,above
13.192969475332626,73.61612567259202,23.0682626698625,0.3271999422007925,5.100334332307689,-4.255441994695401,-78.64545748813099,5.589992618845891,-3.494524980357604,-90.55568154229405,-0.3002581889978999,-0.045921647802300736,6.1224357236020674,6.897975988904514,0.408530191604412,above
75.0750740852069,111.90207362572497,27.44887710493223,0.8012394745450035,5.461620551436618,-19.136330533621866,-63.79732924821549,3.956635182232791,-10.643421973984974,-81.98573571110134,1.1091058635975921,0.1950740332834177,-4.359030086269167,6.150252922300481,0.9891201298249077,underground
20.329524250341567,61.418855443613765,17.637370464684132,0.48299401018485644,5.224329987886977,3.107597716883962,-63.3011118052295,3.4728427507566018,-1.6537187218789997,-73.511997642276,-1.3044144398159359,-0.08383753345131431,4.266938031025584,4.87385512704498,0.669444565443261,above
39.815859777366605,54.0132742317311,39.908280325575646,0.5543654605300724,8.694836728177638,-3.2118837980497137,-81.99240651605096,3.469202527304091,-6.912220042443074,-72.59265340345823,0.5398259940025584,0.07985632918186382,-1.7689839523029232,2.0993174047596725,0.7587449512240619,underground
13.0763177280415,33.67476174671297,21.390599526612014,0.10330992331608335,19.822923073397174,-1.3631113130208385,-75.05523814221166,3.450432849196348,0.8889781339772327,-81.81260210412383,-0.03623947876298535,-0.020452179808848538,-0.10795048777045779,0.5835220509856613,0.5400642321152089,street_level
13.648659102259602,45.004777047293075,9.219292769623642,0.4250837553125658,14.191385885549339,-1.1033343937596243,-64.79350430201156,6.043138326220236,-5.489870702586794,-88.02869843286891,-1.1898780548616101,-0.20424673904340407,2.1127768520354193,3.6110175747981237,0.6765669718571792,above
12.42607936563034,36.969978137843256,10.611887908378698,0.10390792953290948,26.039550363174627,-0.8621360377196172,-77.0661377700807,5.674213237746626,1.3509014554529921,-66.94906086960732,-0.022288655243688837,-0.01919965016973184,-2.447251843385455,4.695223368699811,0.5615649932992638,street_level
25.8467113354978,68.7051067724413,19.851313999420967,0.28886716600060514,7.022661216237392,-1.6618332016347317,-75.31276362657141,3.439254425063892,-4.888239920775935,-63.080142354015166,0.1515844200764057,0.04671943822479522,-2.18627765365094,2.1618701630004873,0.9166936918790658,underground
7.3196418111948,17.75868562631888,5.021926011551288,0.10544943841863347,16.76280957138527,3.8852432759835365,-61.41167450267226,4.178701216325018,0.664014083264779,-64.14137650978532,0.12575000544367168,-0.0022830002609599553,0.31789587924922824,0.5416350244849247,0.5891910159783071,street_level
16.93633331088402,40.522157383643375,24.31560159062705,0.19526989538510264,20.795079365775948,2.158515351683371,-64.74265215028187,5.986721466232077,-1.6572431745809748,-60.68427919563396,0.0008350995443018316,0.02427724851023725,0.4923915998290944,0.4546277093282842,0.6904089993116977,street_level
9.383526884080489,14.606263676353057,5.7125275231318895,0.05199148302252122,18.507411116620936,-3.4748516587305147,-66.58930360051981,8.922031685802512,2.851802365872053,-56.0833268622398,-0.11675650740089913,-0.014140628904742065,-0.0964699954657312,0.2487587874439755,0.7446298302986737,street_level
6.981024925070087,9.205553903970566,1.3221274702968588,0.0004678006771942078,22.799709641205386,2.6433797321166566,-56.34847098196789,11.111425455039386,1.4031055977185911,-81.02724874713797,0.041124509991480374,-0.01731320277103489,0.3763057931718514,0.30459592430149485,0.7588789749307681,street_level
9.7760722632108,20.113101710105163,16.69347841454335,0.036526203009153504,17.07711959415473,2.208393157772135,-70.17131234507875,5.660954368817816,0.8122656067627996,-80.63936621268635,-0.16704210534906616,-0.0026522144103478668,2.1657366391852637,4.176987847862003,0.520207906677592,street_level
36.96192703955182,65.4527863899933,12.599290675507824,0.47622040031561985,7.496702489095766,1.419752061353762,-62.23332203447798,3.399673310527673,-4.12259331828838,-60.53620496316552,-0.6052304045894895,-0.2275747122476961,2.581215462476945,5.358547297556573,0.7964913872296925,above
8.673819652091703,22.544091728452344,11.251201690191223,0.14434882096564444,14.429767972434249,-2.9636061103649523,-58.567495883237,7.8158043898205865,0.7494488895095843,-78.54320021938751,-0.34616069812641453,-0.03399206933178525,4.458188373043864,1.0792051075285367,0.8673863820370078,street_level
35.99668398015839,27.198369434650086,9.816225203874817,0.2042747806598437,15.898157564854067,-4.612954836215444,-77.10009470955868,4.554188231769118,-0.7405462447650972,-83.08486146429347,-1.0322563535788225,-0.09686898532276711,7.172777112222135,2.555930775496227,0.6648414119502868,above
19.59791431587835,69.4884241033971,33.340233494251336,0.33368014986138184,13.396356285663513,5.425511629756439,-68.96030101749344,5.766076693255578,3.9523263628732455,-76.86284447608439,-0.9177366322067111,-0.1589458320761422,5.4055854870742674,2.3093203169449446,0.42034598184005023,above
15.1374311550182,31.22074157912685,18.45736029704193,0.1742483583477014,13.101526321339804,1.7793810265523753,-71.15742532823904,3.8084897441114403,-5.6080483827838945,-78.47220539605962,-0.5503856778007521,-0.0645317366723511,7.714238423559027,6.889435473199585,0.8143976048056439,above
37.24060930927858,49.99277829736887,36.108640244037616,0.2936843449537295,12.256103107916617,1.9648923830867702,-77.27375921231804,4.875803223590962,-4.9864257103837115,-64.64716297388946,0.5768352700619874,0.10862460241049475,-2.1015576634810738,3.1997692251643235,0.9192019060855454,underground
30.554594267704648,43.10872610442428,21.314323555166524,0.4072179710282957,12.661261917696349,-6.333533836099821,-72.3436489020963,7.247578978720057,-5.47378741125255,-64.7096708243947,0.29843641596260784,0.07938853149994698,-2.8013016832825883,1.7916640253590275,0.9208019594488673,underground
43.664308245141115,41.159317620852946,10.568846972113917,0.48094616674669793,10.797158070206502,0.9162165610803239,-68.63640771716204,4.934138994649239,-7.522814721221284,-68.88201118497298,0.43583761996405246,0.10313713365607112,-1.2548711510737363,2.955118534563077,0.42740227975248174,underground
80.11871317022889,89.81177008578786,25.309289587619347,0.7843714824675462,7.996894600399637,-4.165809124643022,-86.76337671501638,1.3913579010998687,-1.1571093732058735,-89.15544927944782,1.335109749761032,0.062208393170332416,-5.178081699166279,5.224569499761808,0.49167156586968136,underground
12.571626315260483,26.070142146446116,19.715780500319497,0.10771061674508156,17.987081138609568,-5.849704981023307,-63.13480860119745,6.793765748877839,-2.7829218993748492,-65.92764515044982,-1.2084782122165214,-0.20422800000034202,3.4265683213676295,5.7340406288601695,0.41591748457773114,above
20.731870297743946,21.41531223659007,20.79560848206784,0.129369991270504,16.71711604204694,-0.47455646351301173,-62.179968961862116,10.17265606425401,2.614625233781892,-76.51556013548316,0.19933600894062117,-0.011809825136528066,-0.07875564187562478,0.0028021981231272086,0.5082952462711976,street_level
38.70709492123832,46.899331576866174,38.444687533091255,0.42085963456840336,14.574907657340615,-4.728212479946675,-82.14674415556124,3.66894948621907,-4.40156529893569,-92.50881713403491,0.4736413019410123,0.08827445865307186,-0.8392424347363177,2.268668888110274,0.8489975610596707,underground
56.2373105776305,99.45830001014552,45.160694999006495,0.9583743479104488,3.90084983153229,-14.61963975299408,-66.64655762634351,6.125465353408056,-3.93274648496862,-76.7701259741353,0.5836831111392289,0.22453614122681734,-7.821333211112991,5.510491359588634,0.564992151771615,underground
27.991536834152633,90.04750836415917,32.32385339837745,0.36095275402924903,9.88928498180522,-17.60647641122636,-77.67702786317938,0.048752478022008106,-8.570056393148398,-69.32051457710176,0.856452701907967,0.06524225129383507,-4.714459042572426,3.8841016100405303,0.6972561534030872,underground
43.45640694175147,52.75010418081,25.528162041858405,0.4117036599067323,15.95920420363975,-3.944142185064928,-78.48612124562216,4.098911582779792,-4.7007945684748,-73.44531700366188,-0.4704644156341051,-0.1286218533405557,6.084658601174875,2.805579749490113,0.49957028253962726,above
25.286140488963,61.50952924421925,22.850741944104097,0.3738841570940107,15.051398755277575,2.0291084454373465,-72.85932970340843,3.169099604194708,2.1331781316354235,-68.72425105620069,-1.1861690792253654,-0.14049480744711612,6.004134602296048,1.873642707656431,0.4678478842692837,above
40.457021996053975,77.22500043991917,20.691651147723256,0.388142310718975,12.796370194311939,4.228658518443206,-57.08360260816236,3.169488874324498,-1.3540788863139257,-90.3450305603709,-1.007258966022432,-0.2014132755386725,4.449363047326155,7.2730369028740665,0.9571649338826959,above
22.744754134698333,72.55085398720112,34.7342603940524,0.5730751742063682,11.78992914830168,-4.011111387410796,-71.72555251375815,4.505646017729195,-1.4390332897975595,-68.33330545976372,0.2660628956255836,0.044665972181327035,-1.1920322426002308,3.5361996029026788,0.7110783735737731,underground
20.551616209209502,21.4244987127784,4.587220511675547,0.05376267072578143,11.101016193690425,1.5446921223374952,-63.72699606076583,4.348063383652681,-2.8782323530281846,-79.81666573095006,0.34745870541872614,-0.06552869760063915,2.824973088736808,1.2689849826433082,0.8461741874830229,street_level
23.36489218360458,25.109505626037325,33.80975798293369,0.20605411283203787,6.149921663354619,4.0405124834211055,-74.68584093836648,3.2073497086850895,-0.4220651871154084,-60.3041820969337,-0.8976710361417071,-0.15051823532930833,4.968667322169824,2.1329288326257094,0.7161715582974835,above
68.81313227490313,46.817607790053174,76.26642227820868,0.36528270633102083,0.4713003737819188,-13.297779183012691,-72.79647730573431,1.2486019416537886,-5.6803919708273645,-67.4427804385909,0.4963108985809978,0.22033070065192542,-2.2217182795178942,3.8630464521688737,0.850113483461025,underground
14.454350809134443,63.962955163901555,22.31734678326308,0.4591706809822801,14.557902300323253,-1.2488120699279257,-72.89818840798456,5.120681436308138,-3.4133076895292307,-69.25639402087153,-0.2892681600280316,-0.11429323994221013,3.7433883676876696,6.591666023745594,0.4433997837182736,above
37.00567888454821,53.685819320740976,22.12535371858607,0.27223289130782563,6.369057417652498,-1.7848652663254603,-74.67364088020572,10.08367449924289,-3.936212969790292,-61.39770553872165,-0.5967936852784735,-0.0775588825282979,5.707656192062516,7.35446983697557,0.5432822757885223,above
8.97913839623973,16.24803384066296,0.8136915927280017,0.059291430324568815,8.250999293718381,-2.0300639651642847,-55.05989401935848,2.607812440168458,-1.582522906011575,-66.00317505885378,-0.060802313740165925,0.014514885806000043,-0.16991176064020475,0.3888467279122284,0.7056124683070316,street_level
21.69179142478042,50.18347333473521,17.764533732959507,0.20985471724686594,19.32970079201775,3.525612657108816,-69.36404933220958,5.560088515733977,-2.9449370947650815,-55.305954161051616,0.10803098637573735,-0.017907516434436006,-1.2487794163200903,1.95178494206858,0.5616466107875556,street_level
43.71351411214398,51.98586779627457,27.945195467628217,0.5768310717126321,14.857924802813239,0.29463559138091,-81.17864736978584,5.092565047534324,-3.4309200923645387,-60.08845927018047,0.5306243877564398,0.027663561480879353,-1.8101172994005315,0.8510095818430362,0.992514681642548,underground
36.9577821028206,58.729002592115386,27.655938157943403,0.2755036180012377,9.673259048288857,-3.1533523949641094,-75.45722122433301,7.505082614517621,-6.585438754140218,-78.80042036806293,0.580277933716128,0.023516130866016165,-0.8373323645940465,1.5479379658744568,0.7698053393207176,underground
16.171528771261073,30.19095834730863,10.663517663876803,0.07707989348802408,27.908320190856422,-3.1040652984628583,-64.62706052308266,9.455829279807944,0.13863344836478397,-56.33244371751241,-0.41401664850036435,0.04698337580032477,3.8834868839017673,2.1797443682626745,0.7344133735542216,street_level
31.977528778713197,39.663946348028844,33.72599662770647,0.5957197520338512,11.827239103335558,-1.6521486562914358,-71.59179873500787,8.568997583970189,0.9521748155441134,-81.52548374105223,0.42853467475513873,0.04062428794577207,-1.4697447567905653,2.751327599866703,0.654890338009555,underground
21.9009516815093,115.74503242564207,75.75448639611974,0.9046896690427471,5.8332841442650585,-4.745582391969123,-64.05220389382349,4.3714793573899335,-3.7265589545624724,-87.19023702050542,1.2707889220022301,0.1260563995185262,-2.636337753499623,4.287747293239219,0.6509797074396044,underground
19.165730789503826,35.651904314612175,5.973745499552401,0.08683521929251597,17.57115218385068,2.5554346181335026,-77.246014608573,8.133057801302446,-1.274986138034368,-67.81911400330442,0.47053405916281155,0.04927585988922681,5.696085184897154,3.7634215636411588,0.848741126043622,street_level
24.694033464378855,29.468516213452087,16.482333908053878,0.22447219219655024,20.359976848695137,-2.36808670050781,-79.11006132483529,7.907519065641939,-3.84013353914981,-82.90316505799345,0.06468253887586595,-0.020894045348612767,1.4002457725781445,0.7258644832898049,0.767651055593858,street_level
25.427011997273386,25.8088347903365,12.234885879616591,0.28018419516798554,19.16883048276435,-0.3468494837101037,-53.55325550428215,9.868763658057702,3.504295854505303,-71.61513420200663,-0.08097657700163902,-0.009858531884708317,0.2963902701830565,1.4237605559601014,0.8712019869631042,street_level
57.16853562902142,110.92418709495028,47.607756234814225,0.35002275449560205,2.7506126189892175,-4.578092506533681,-60.91506322479685,7.041841306091391,-3.1133621030936602,-90.18656129454735,0.3273762517643162,0.2227077037236674,-1.9446844627953777,3.9973219526973263,0.7904498875017452,underground
28.430737796371726,27.175565192197574,22.27772703648126,0.3191126414168658,9.293929951147204,-8.22338108205426,-75.55159215414466,8.829581407272615,-5.3952384924820205,-78.30771626069836,0.3895405706902495,0.07421831459527234,-2.646163868663602,3.6268043298685813,0.6913551546098649,underground
19.477821062765308,41.52478325017751,36.239750897723255,0.25206495171580034,11.80932693678302,-10.674051564410458,-70.06566317680549,5.9190882461513965,-2.642207592735298,-60.87050554469662,0.151775223560477,0.042216219749614925,-2.7204730444260665,2.7939169561268242,0.9877595123766841,underground
46.63324888918664,93.75533921800115,17.921173176727955,0.7264094733521654,2.6161780596597826,-12.01831764904946,-88.36469401999574,2.6484077588977106,-7.689555063636233,-89.6170802011311,0.38945265464589157,0.20463387570273214,-2.4692452626238346,4.9380225949398575,0.7681171494655328,underground
35.5119274242646,29.687490138904757,30.232035131606068,0.3248987823499033,3.873541703719015,5.445962069707077,-86.44768501969367,3.914275025097538,-0.19305737189841565,-59.676654412791166,-0.26949820956342685,-0.22259048511492183,1.8674279392674518,7.477840689997245,0.7836161686684961,above
70.4284854985622,47.89557483999667,48.86781763163894,0.40750897632120464,9.227724083124881,-9.65051410484294,-88.2493796999372,6.408345463782858,-6.822270876805903,-85.72019985789224,0.7085271271874163,0.111346614546389,-2.131467652606755,6.157184140111667,0.7325817639288197,underground
25.100920462235432,72.23526991703784,16.31662040404048,0.3534308195846267,4.588489301991078,-8.280188396848187,-65.4895079876045,1.2291107863006179,-1.0784765949688007,-71.43403999036019,0.3910396088307845,0.10039279968728192,-1.0564098735886658,3.538557275223172,0.801181155903118,underground
41.16469274973847,52.810699318633546,35.579043422750985,0.3836856273167181,7.679042480280944,1.3785451507488027,-60.02272335183875,3.5382315683804273,-2.472529618932482,-69.53425477358962,0.5964998435862331,0.034985250437470305,-2.5496320482496357,3.1872564788266793,0.5664759110450048,underground
31.171534528696277,79.61804300348962,39.00358259625196,0.236963238111911,10.12339780021307,-0.5678794884711991,-85.18484263312234,8.337130786119456,-2.8108192226281696,-78.04481062036312,0.41797298780167835,0.04321609321978825,-3.535612245767583,1.8816544849120083,0.8376982086638437,underground
13.0918011961163,60.238282003891314,8.5323485269337,0.4011186041892679,8.465080820496198,-2.39550878035023,-65.94043147013541,8.514949672813383,-4.654856698800518,-78.38072104678727,-0.9354705712931899,-0.17078942766797117,5.64270580166505,7.843114133197897,0.45539457990223503,above
32.01454438829681,40.25164319826757,26.758980851495085,0.432192477558328,8.265179485822717,0.03771108001692269,-58.49568175573054,1.3508532523098977,-5.18407517140717,-84.27924348427584,0.2316878226987547,0.09374369103040278,-3.1096182681221256,1.5555867022357746,0.6226407770729669,underground
25.38632999054778,68.71055391341613,29.826283877304487,0.22472612564907948,3.048964032080154,-0.33490510871911106,-58.88256581770845,10.181355516933838,3.0513080414248197,-88.21257411636499,-0.3987979509523032,-0.19050274706106235,6.632498010804807,7.260433319402367,0.746018666712952,above
37.46062689612214,28.503905046955264,27.163039461748106,0.18012736717867406,3.4748088391197607,4.74286484853687,-61.915500912970124,5.156169908976033,4.494442533577789,-78.33666800753373,-0.8429372201373128,-0.21318312945167622,5.276345572598947,3.3083782705052958,0.8796134448959304,above
22.274416271128956,35.57855258281123,29.26328327860724,0.4249925274793308,13.443727192643236,1.096478158750072,-65.96606800979478,9.691113121680063,3.1922169000821565,-89.80606702446212,-0.5885521409654162,-0.12366236801207175,3.807112175601066,6.58712850375077,0.590882448658044,above
44.7844252467686,49.08597444215319,26.73829201382229,0.1960210952155499,4.413330442719663,1.0992691348444517,-71.40252264279242,4.619131144479206,-4.065190524694896,-78.47463196234662,-0.6733539419485459,-0.23516625525170476,6.56308484509238,5.512113340890909,0.5464312392021483,above
16.545685549402755,43.5584263408397,10.34804457412891,0.18092293175568008,12.740645357527507,-3.327036974870384,-77.51016737110032,6.099583209293906,-2.326180565278479,-58.61983503207852,0.7826854852835374,0.09359126437732643,2.3452388016784074,1.2454820232009902,0.8380833904491176,street_level
16.415692432117126,26.979281297377963,10.278727840933547,0.24921532278016523,22.59354571798668,0.5948291254764291,-51.072677582018244,3.644393670684961,1.5301746527059192,-66.65632915137209,0.08400583138688891,0.008711804109523338,0.8957223804868768,0.4676419760759134,0.9549890479574803,street_level
35.852766487401084,103.27533430023404,26.549221717678183,0.6172781513703327,9.042874174427242,-17.9068638860616,-67.96370332168689,3.2298314089554507,-6.744455703994707,-67.10938860385377,1.3213193365635898,0.23670663090843244,-7.320356316196023,2.8604094717451582,0.9011812946275695,underground
19.19029283227151,30.938556319402863,32.0344677834582,0.16144117086333318,4.704837221404556,0.1671033637971373,-79.65033591299093,8.395369281177677,0.46501277951291,-80.1323847199438,-0.8082077624575146,-0.24594838425286467,5.509380120962432,4.717410996192328,0.6925805896222308,above
26.040127958235757,29.96297040524758,9.527720792873883,0.3424598450266917,20.763965958991385,-0.6979536663908004,-78.51542592003086,7.699087873225531,3.6067125639566138,-74.1624542593617,-0.01818680195908773,-0.02246170371657135,-0.2553190164721535,0.11956861907936145,0.7861801483711516,street_level
9.791574143217623,25.83577690026818,4.6119895678332306,0.1538938864734041,12.446881861147457,-2.075152768349686,-69.61638277815052,4.658492243948535,2.0867573368323304,-67.22842366452433,0.2163544749746522,-0.06095960581534539,-5.330178542928067,2.858746632508005,0.7820560229757229,street_level
23.028657779921875,40.32837927846144,16.086463317928747,0.1114890618614788,19.399898790667734,-4.505324923591592,-67.66763981343182,10.80646195894272,0.7695519049154722,-61.30320269199444,-0.04023566534086409,0.006516292350535774,-0.6261865515828647,0.9606264771634658,0.5858809238510936,street_level
67.8032664611079,107.79926352892437,21.35391585129591,0.8917523159934168,3.5009070298385145,-12.490311289112878,-68.34870840406617,2.8263928196886523,-10.825689814702091,-65.48420526271308,1.035153987780288,0.0554770271332696,-3.091129222142852,3.812057975348212,0.41335042172859515,underground
39.337908400762046,54.54225559589144,16.316556278266756,0.4072177330535509,1.3833724598796249,-7.057556012651327,-89.75144492860595,1.6437747306402777,-10.118242773545926,-67.4693066556867,0.5615742681522709,0.09157314076655831,-5.2339028728470876,4.681158829903792,0.9942235312815599,underground
28.635911877082258,59.60558388985703,28.456744564303758,0.48255665568772554,11.738996205612697,1.9564478131351635,-84.99105481255918,2.6262056690897553,-1.0169682598346563,-58.3350165881221,-1.388272752055851,-0.17933898701416462,6.659165748423901,6.590015293981166,0.6574786352307139,above
65.76844013574836,61.52920419757159,15.29915397953673,0.9559611457065401,8.14917252487008,-0.1014089970814176,-78.62310188965401,1.6438009919672218,-2.6872108952240907,-80.64129189876866,1.3840629756061584,0.22660045479973234,-4.343618255357953,4.187200702082475,0.7007782586752151,underground
21.65741169454018,31.014689812573216,12.524101251933754,0.14435778933833024,22.182833659856044,3.4104520475324946,-62.01385018326272,4.810786645514481,-3.922435601144998,-71.65998629140341,0.0342578716762382,0.013648299283182126,0.32974288416498787,0.6345357377021599,0.7880214051621194,street_level
85.9347555799368,47.63681900360943,39.108961713193345,0.5418122856728336,1.7027530203648866,-8.177254645084178,-68.64315367052674,7.800358115615827,-3.305615080799484,-72.85992603361386,0.31890692999923553,0.21471528509039403,-5.736607341640511,3.0908792453682645,0.7129377965075916,underground
28.37261577939741,47.795359846807926,14.209136953181364,0.30381243948243336,11.564415753663361,0.5363165300772259,-65.53526081645795,10.753622340966682,-3.281058908679923,-61.324048686969434,0.06605335681117966,0.014783178664666989,1.0374328529124544,0.019582671532306195,0.5748870585862829,street_level
32.841170816428985,93.57247849762675,30.569408840910093,0.8476218565253885,7.838640335907467,1.0559519930805727,-78.11700961296233,6.157000624593799,1.1088983231660894,-78.06464543860024,0.6628374338732134,0.17633263383504436,-4.094212650057171,5.7763601280443595,0.9934823069682872,underground
32.89318412515091,79.27214895691557,26.87803537616636,0.11782541434726919,9.409105862192135,-5.714587869183507,-70.79515887651837,2.6592050355778634,1.9246423736950176,-64.36877545001073,-0.9359263869101728,-0.07384092862295943,5.31245315070121,5.705900692684839,0.8149246435368319,above
18.560626659217775,38.142444732703915,10.959549500334923,0.1267363926694093,17.492850527456298,1.6619806511029473,-57.704577461466016,13.12233505619026,0.48695378827525637,-62.301366413858105,0.17407865276847634,-0.07828064843332072,-3.0366342439204392,5.061988070329675,0.6636895300191004,street_level
41.03504206780285,62.02259832645669,9.666237300600132,0.41910475138353154,11.084543605344326,-0.22686630409541308,-66.73599748051063,7.867269571876193,-1.2802659774935492,-72.88768745583651,-0.5651478452729821,-0.10461692007283954,5.6987020079537665,3.340187112127647,0.7552522897721948,above
32.24013061696699,53.019126520187484,35.85691825447764,0.2740158153735596,6.7316948665548875,-3.5740585990372313,-60.1011133586515,5.754514714120295,-2.038190663273001,-62.57935343586411,0.4535293815073993,0.04191151878188412,-1.5665813482499136,1.535943188752501,0.4365047862972663,underground
30.44653020799299,56.12157368314599,9.407596252923359,0.2641462658655437,22.188741095257893,0.7878201021815903,-70.15244762810649,4.655439044088735,1.7804971574402577,-59.940900290723675,-0.08556404682395291,-0.019587332926685193,-1.0441194860582752,0.13053283223092138,0.5836257061817779,street_level
32.53728869181872,47.29782532286449,27.62966897337828,0.44810951732082593,9.330009281058087,-1.1950110886437804,-64.40591016719497,4.870601751040481,-2.874730388956431,-91.58028265172527,-1.176920630762802,-0.15978031212288446,5.684878719540591,4.910639660027826,0.4582622286696333,above
4.541935764613415,16.540826739578073,1.7995659888764934,0.07219260749199945,14.627415046547865,3.635239663526473,-61.971774737752646,6.980781963095758,0.07486667351281318,-69.19659978873702,0.052685704173555614,0.010005778635591177,0.2733306789333023,0.12473404149694485,0.9818217603958572,street_level
53.57946194054464,67.61384637336732,69.40698012774408,0.3784943716248899,3.3437068827287586,-5.596997275164007,-82.33024995615655,7.8602492648753195,-1.9884768367353693,-82.01895730071368,0.7943394823137447,0.12340937441490085,-4.474111717476045,5.558923466720198,0.4295036265352725,underground
19.70769457668622,32.25353498927231,22.9280528333043,0.13812520428420208,19.782625982382633,1.1697046948416094,-70.88475037994566,4.553164370520345,-1.537100685010083,-75.75075586921363,0.07853573479952844,-0.017614861462896918,-1.0035692493032,0.22553841404797348,0.9526679046553412,street_level
78.78838384939012,96.90656161291406,31.69164237407419,0.7636733483500246,5.612722001791884,-6.780948963937183,-84.36935083136969,7.067421727526788,0.3758004161897013,-71.21981927922631,1.4935123085265996,0.0648105938980987,-3.211557767438615,4.786785497259783,0.5576673294051889,underground
22.00742081979384,20.870398183384417,14.07963989378958,0.10916737741386881,12.540118364220973,-0.5463539699362272,-61.80237850815866,8.281153781015096,1.946924068701664,-65.51233174973675,-0.6136698800397217,-0.028339028041759695,-2.489606354090666,3.1330193249841045,0.7449569686481652,street_level
23.365116341240903,40.26554376019649,8.982908558183219,0.12044654884929475,13.205874356678219,-1.9307570390738231,-77.62574761019482,12.92229532858291,-0.7062244565127158,-81.12888974981344,0.49712186389216684,-0.028813131487781793,-1.007659341444608,3.978517410024335,0.5800048653866645,street_level
18.467937456306885,32.10476694582796,36.93431719223622,0.3281577168941492,6.322713992347197,-6.511102825006146,-62.55028973383503,3.0769743288376317,1.7366163742220344,-90.12461801135962,0.39080642640117935,0.041415397854775195,-2.880735346119433,1.8966439642475021,0.45469970161654405,underground
13.60203710126128,52.87535714057699,29.4080672875823,0.11743253669301752,5.022941832382868,-3.739453748408252,-79.85967027136178,5.904436019673216,2.9383386446501056,-67.7082782509176,-0.9483155417061626,-0.05943986501311954,6.793691517656219,6.115377741056502,0.7451580356740602,above
41.66471757481297,58.06128190987512,35.98072128292714,0.5889902873604642,3.3996941540379035,-10.368249281717265,-79.90609745145466,5.128971938801612,-5.148629490749298,-66.84624425325799,0.2562501242954155,0.10873397729690257,-1.1635281515875606,3.101939238965323,0.7676878093511176,underground
21.79392955696642,20.817336016066168,16.650223387515197,0.21582919251065366,22.49348929869459,3.3637942007241675,-62.481558892503074,4.92150562518371,-2.4933552826833445,-61.39487326498266,0.7602090743208678,-0.04958441701973093,-1.9478277762127005,3.6775050669322447,0.5074780351993804,street_level
23.21598529409181,71.7512500277353,31.478488228266492,0.36815660568888975,8.257054740541633,-2.4209582178050404,-81.24995903136258,4.781631263842504,-4.387629663404274,-76.68060228050425,0.6367982087229352,0.09075734348744889,-1.7468950541161452,2.3712056297143898,0.4558444344268728,underground
50.80947074117826,99.23026066503911,72.61622735543358,0.6358805223903118,2.38914180120793,-2.1805381754108204,-87.22662949333169,5.854821374204821,-9.0822302853367,-65.13565864101426,1.4305501948824526,0.1663925580275075,-2.8441500935508115,4.1210933284528215,0.4642080695930142,underground
4.837059404329085,17.189063964558102,1.1699042466826053,0.09744822084028025,15.71671010317657,-0.6356740080541936,-74.35202675447802,2.484352942196926,0.5958920477983831,-80.67577038352327,0.07161017398724961,0.014204554262090802,0.3222546043535257,0.16113610188770233,0.984216334798818,street_level
27.399586097147512,48.44113328910997,13.410287303201837,0.2536308226028034,17.37441275265859,-4.078854376209304,-77.9770799848226,4.176486257553465,0.5056135491524492,-58.50081837229807,0.13450658179592248,0.011007525732552842,-0.735917753069067,1.283669788529405,0.9776507797895218,street_level
15.493005268365666,37.67110895678,12.180813428962061,0.024391103907632244,17.923681182765534,0.487762193750517,-52.12677529137642,4.387289237738318,0.01910787258268032,-65.67737241282111,0.4721440981766931,-0.048884552533035745,-1.3023643867080672,1.4085173403163211,0.6430137818347048,street_level
14.319577917008646,44.70565458713783,6.6600400814454,0.042999628775660756,24.841817704537714,-3.790194864741845,-55.18810051389018,12.170871140274413,-2.402670632692095,-69.07719887488918,0.7745142396137863,-0.09486406725914553,-2.598664257728862,3.185372052792162,0.7317685780222938,street_level
27.737496364455744,32.45078059113993,18.69974385327184,0.2933329302329739,17.235035162479445,3.8783481773275756,-60.43754096983738,10.856460308148868,3.8554195857163505,-77.02723637960614,-0.0545578441414415,0.0077927152238686515,-1.48443487265568,1.432525265584635,0.9596090535479447,street_level
12.196777000212979,34.92725417782253,6.067374375373427,0.08187663358317206,23.656367277281838,-2.796198836765303,-72.67624187224855,3.9595589047968787,0.6934704702325782,-65.0159667136809,-0.19591336167242734,0.06661693470456842,-1.1423297428478598,1.2450403825832255,0.572189991309697,street_level
20.222190173972443,63.075636194957596,16.426015359725604,0.1806426015268554,17.08834574490593,-1.1725555336446654,-78.90966769776172,7.249460238359192,-2.096746888904695,-85.05524080292173,-0.40916818449899695,-0.04418604076488791,2.2777893757162033,2.3103308849493778,0.6750589192826599,above
51.82549627227048,54.404168246086826,18.387184091467194,0.6063372557543345,4.074424354938468,1.7083735727182265,-70.20783327595576,6.487823715934271,-9.018144555196322,-85.18563219201265,1.3993443875987692,0.2289784205906366,-7.469758512811937,6.841504878739967,0.6742377258523896,underground
22.366190311904393,45.63924778992485,48.0421636869809,0.66001680738207,7.979549862828788,-8.97078870170395,-69.10690099913222,5.052180827621958,-11.455668707183694,-86.45219344006141,0.8510356256070415,0.1578167352916416,-3.5847878504047994,3.8768564858609467,0.582139879970135,underground
12.458569570071596,40.2241457035845,10.675786260699848,0.15777150685980373,9.64343971381428,-3.2309815592331836,-63.52848150538343,11.544690316422724,-2.8264395566306204,-63.31675038209205,0.11247082777670017,0.006351613208171049,-0.4649443576756267,1.9018484168128726,0.5288435554682487,street_level
26.199377886752224,30.857347761057955,20.52689532084055,0.42429078246521335,4.508029179069904,5.225250190923667,-58.927567574960385,5.7563924666892525,-2.9209518565937103,-84.76710161444474,-0.9998019287748496,-0.1474540743157194,5.028400710467032,2.768201806135921,0.4940384594119911,above
15.088132893822479,48.18848127267884,23.18769644259242,0.23341930737177025,9.73558213954195,1.4008302859893575,-52.26725221785472,7.218571057866073,-2.348297262961074,-63.2056019376968,0.19529171241047447,0.014926899969934487,-1.3039623133843405,0.7483613374053171,0.636737738279222,street_level
29.59001616136209,57.29209720263667,29.215523928073363,0.2753170072309018,16.990513816958323,1.9994451964380815,-76.72297667898324,9.53789430923114,-5.610171302245283,-68.33576708306443,-0.830750852855922,-0.0892446693363351,7.429522393623708,2.3686350567733836,0.9431342129236073,above
21.89411904407105,40.87661787151288,14.91647696264721,0.16377888535190552,14.868698713473776,-1.5802102825734856,-69.33183052834065,13.14589110240815,-1.7567180465780377,-81.13152411003527,-0.6155797784667835,0.003613620344366561,-4.10512435702079,2.2528971237974798,0.5166311239793563,street_level
18.689873630818006,45.80826830506088,14.937822729603237,0.5310083558967045,9.621160111900467,-11.97489833339615,-79.33056931875457,7.371044912016954,-2.294737324832778,-66.32175467485791,0.6886044324143179,0.03342818331255565,-1.2979330891546685,3.0739076400235668,0.5541470243455838,underground
8.288946505046837,34.12705124971292,14.29116657907427,0.09656084948105842,22.57574205175075,-2.0048470378828025,-64.65955320993547,4.18962131012341,-0.9015896130888743,-64.87461682108167,-0.16098746131380648,-0.06560798157548683,-1.0420221618634615,5.706428383847782,0.4571385461099846,street_level
23.923842300672238,16.852454595499818,7.195452637558032,0.20567542481164452,27.933644641365255,-2.1214740073643847,-56.763825575204564,11.962062091473236,-0.4427325562977966,-72.9001318747899,0.4228412049599357,-0.08801135917211651,5.008695863134491,3.706361372244406,0.7499000638886644,street_level
5.674583200645436,14.132454223883464,0.034600965883427426,0.018215526629355116,8.743438081552235,-0.9748526365986212,-61.11495170519839,10.00866038935579,2.7647203733447823,-74.2590182127358,-0.027963850452026012,0.027490689252687148,-0.44168101541953886,0.22585113411145585,0.7303817687912315,street_level
14.377621650324082,44.212818351990364,14.02292087109175,0.1273054113401042,16.58296316227237,-2.298029779737086,-50.12411445832737,7.695593840210269,-0.6970308381828838,-65.0072189325269,-0.21748895952605563,0.01023913078665653,0.8945067592720779,1.073865038117134,0.891820215979823,street_level
33.68550223682912,60.575401866139224,20.16084069463661,0.1080525779453173,3.7954559974123336,-5.482539028495605,-60.591244835187126,4.543128196876545,-0.6477850992085701,-69.57714328643166,-0.3267380553486101,-0.08130340337697511,6.293437996457815,7.453243520271221,0.48520429621608496,above
38.52871132316624,65.17731460350441,20.08841966517614,0.4224191034413779,7.126725143942407,-9.891905187314602,-63.66112223569439,7.0166717492057975,-5.659854763770902,-72.41000868859095,0.38100499257007603,0.1074911942904505,-3.314661790293758,3.693838252672692,0.9111363358486376,underground
28.889758301332456,23.655269474008,20.520509291939096,0.12109513467595484,24.463935968242467,4.0399354721552285,-56.984007110606385,10.183798956360544,-0.23095320285759868,-77.84195183144121,0.052100535794120634,-0.009501873441700736,0.4713130880645575,1.7173396174226683,0.9303257720225993,street_level
12.780693024259605,20.17922511512369,19.765201016926007,0.11231534678422525,8.591367521000821,1.7444532236631192,-72.50340183510335,5.419641969409927,3.2047380630758386,-75.42022703444023,0.12393597665251008,0.03964003198431733,-1.0689224097820682,0.2835162687725994,0.7046645608106328,street_level
52.71752567926135,104.88877437508515,36.57029562094931,0.529439653021779,4.853272086909301,-14.43378817526997,-83.58490755147783,7.063509529490992,-6.594666964366815,-94.73876435862076,0.330812903473271,0.20858707291434125,-6.479144790008565,4.876872543789962,0.9585122616765746,underground
82.2362032270154,117.30965390325377,26.531324418633602,0.7401701156788347,3.9046603342946895,-9.842819384944551,-66.94637822688179,6.488808894876306,-3.8440150919380507,-74.2244839433833,0.6591305890710345,0.13890585797727037,-4.915880880565497,3.3903091661489406,0.9479455806396763,underground
8.5176491659122,44.310885629025634,11.283714033637892,0.04332158588442479,13.453887507495434,2.934260083576718,-65.83861056619688,4.496280092636191,-2.039180435166415,-81.68565910388834,-0.03447573167203222,0.06365999807043485,0.31881953491908455,1.8474084279317518,0.5286540244796765,street_level
22.713274267279786,15.828662095324075,12.106401133531552,0.21689978246213895,27.111343623110223,-3.912416993875616,-63.9005159712989,8.657980937694235,-2.4891337711686505,-66.5008657692394,0.006204655196430764,-0.06397516262212713,-3.288828460544023,3.8137386737231322,0.6619478475171934,street_level
11.86591137204939,10.89522667713503,0.31017750363979446,0.007536328065626357,18.10002369364181,1.7617531889227918,-47.89744489369826,4.942627318274413,-2.7711236012536853,-77.63644751184617,0.02247122191435688,0.017438159529316523,0.352286892289968,0.6564385370179497,0.6821787803377297,street_level
5.267741499887713,14.003986064499328,1.8630686816259732,0.06729503366199525,16.384404578553234,0.8915730416290844,-54.1630016635325,9.77418788853656,-1.370964533524697,-69.0737280150568,0.07901356464131695,-0.020295372274955918,-0.37999632710440123,0.5964952971935161,0.7680370005502097,street_level
70.36628721525892,101.37724685696335,28.578818616554713,0.9363765337610139,5.491871922328084,-3.0402510010315567,-64.0144753825065,3.346009480568517,-5.594756183814869,-83.33076524385714,0.9817701533654114,0.04907387676447362,-3.772680432783332,4.587599300271213,0.7655524708124637,underground
5.643932379007601,11.286837874518426,2.057716053416337,0.0648385486074592,12.541891841095957,-0.9969748209825315,-67.49448965077615,7.79456632755587,-2.860708616602077,-51.07910377537076,0.12319253193877241,0.025395121942187654,-0.25099718950395933,0.783538379581809,0.8327597389388792,street_level
49.75310285457894,42.62062135513961,46.38316202761014,0.5015108771494684,2.127661037240335,-10.875934234728117,-71.03678753738026,3.533180050824872,-10.433446608336617,-90.06877738482929,0.9719443441274025,0.207316574451945,-2.1413074135070103,6.998628569751197,0.5644659961728549,underground
11.133043955017541,13.222692986383265,0.7130496359561094,0.0185612427476617,11.502465540195857,3.900275349142465,-73.03246917569825,2.775705791745839,2.7872869160934393,-56.32294098082893,0.14303157107894918,0.0003402045230224658,-0.4256954756621827,0.5090334645684099,0.7811720417914348,street_level
38.46306989294244,41.961029238465805,13.946475926996198,0.32442296288684896,7.613967977430542,-1.3152403782970516,-73.47531550458766,1.5064762402507577,0.6716524611343786,-64.74928912745003,0.619060868970166,0.05219271537115759,-2.302642516696948,1.294257291160738,0.7642169711065809,underground
18.08055634194475,57.5094808945431,13.439111116512898,0.1375602058094096,16.98080994229826,4.375165059393215,-75.39863664587162,1.838035817219328,3.3394879802307162,-82.65505164201666,-0.5212021164072232,-0.21345244041107336,2.4195426571320082,5.893614095632948,0.6693498228435002,above
29.913477212884406,44.005800817606456,15.726771875023147,0.13955793675538888,8.767478450024814,-2.3744687123711783,-58.66169349499426,5.357477571969211,3.1950911736739425,-71.27705142915832,0.03079241105608027,0.01634492043950965,0.13198980309558817,0.8817701246435634,0.7258809149958888,street_level
6.3757902895548435,11.557340637561783,0.21271125334292607,0.03649694461211636,22.602920509198256,0.738064768587603,-50.33598987170963,9.270635664498094,1.7915056396135558,-74.54516131265072,-0.04695783158807863,0.013131226325614712,-0.4370521594906409,0.0952068402435362,0.8027027060995937,street_level
21.589387063728424,32.88962823463606,22.24531792657629,0.26692322020916803,24.22938720213432,-4.125530420884767,-55.8512756158167,4.896960668590184,2.849608974380372,-69.92180059857579,-0.06140487546364276,0.018578461938577824,0.8194602570263099,0.24699141068296204,0.719193083763608,street_level
42.56062054306096,26.949611015306065,26.06663132646777,0.16225800153705242,17.90758527743631,-6.518461813678741,-66.15347640607396,9.985947063086133,4.537352864129739,-68.86347467256535,-0.36433646109593787,-0.17261449907862286,3.1722553324615532,5.1059264845526995,0.736321862552684,above
17.822120965498666,35.92256921896511,20.29851638956401,0.12746762399036918,18.21410907916733,-0.585224358263023,-67.5274325979568,3.7447978615445616,-3.5317033769387427,-68.4924506519902,0.06574318440100477,0.023996228650064448,-0.5018724030166741,0.4120271919128886,0.9434935089590468,street_level
25.711247176246076,20.94100660253136,10.485092235283034,0.33846656769023953,9.631062899584752,1.3400830735200557,-62.5693550436209,7.1512161712370474,-3.4397556592134855,-77.59514497907931,0.15638837058138041,0.003900001483620741,-0.13341587662274002,1.220471753821732,0.6716713082786991,street_level
38.14000675203557,31.05324650804846,13.081049030994395,0.5079482637170956,5.365605647124754,1.2526720510115261,-72.61226596412014,3.5832973437746256,1.5985878424850526,-82.52712005050127,0.2848473992253561,0.03948418577781149,-2.219840285520751,1.7292669906965277,0.4671429813284334,underground
81.73751295102036,99.24386907335048,34.59374748026537,0.7301307546049419,5.799409621442235,-7.143793604790456,-85.58446551309397,7.275810330685726,-2.0770667296419862,-66.26452755093264,1.3074570047004124,0.08500472944400489,-7.675255094175155,3.2360979998303963,0.6067348607838847,underground
49.634613759895146,102.54559791999043,68.59221734051424,0.3596978119566589,8.704658124486134,-18.956965923311305,-87.47949515552239,3.9176088781511664,0.9281841411394165,-77.76125787134619,1.448429165682796,0.08849646312339136,-3.9463634276584347,4.5255291160327245,0.7631702421544113,underground
20.507662821857835,25.826299859821276,33.2252193526712,0.5612153179331381,4.354190936741446,0.1250087538374789,-82.88314040441001,2.0649553667812586,-7.938501791496912,-73.24572365075196,0.6645596827094206,0.03234902022022447,-1.5176335706521407,2.2223460494430034,0.4966599908980835,underground
21.48759772291125,44.348277326414305,13.657866358642984,0.23097539862214417,23.58236892217262,3.562676840053115,-51.442212220272935,8.709883095090749,3.0501066354493913,-58.69289349133837,0.023109134823893984,0.010980157108957257,1.4177457437413334,0.2817339161861703,0.5673175884529287,street_level
56.996221561787614,40.65620350903824,75.4237084549954,0.6083483083039611,4.157465831418055,-17.367122694348083,-64.23892136105621,7.652466134830991,-7.133506598634993,-83.69428270390274,0.9373837442226943,0.13480491410618262,-5.485168605293444,3.944110037364951,0.9500190407057508,underground
41.774144422587526,51.150817430607944,12.584133041054681,0.3255100062412248,6.763544165442113,-1.2632756250207322,-64.41565025276216,7.225819715195975,-4.9248132255367425,-90.42920526885523,0.3848902904458999,0.10011558079564337,-2.6699396708770538,1.3511423066022712,0.4621051365223936,underground
12.974891263553337,36.89790260777184,10.991138687655159,0.20327335593130846,20.004303260334773,-4.746209153370957,-54.77711205511452,9.741287070651055,0.25895574118632947,-58.14163250920678,0.15525440565121376,-0.01991273280684261,-0.12616755253478695,0.2202813350744781,0.5152408622207518,street_level
8.50198055677325,13.198393289302231,1.3814359402274106,0.11696943648941266,21.079913030690587,1.7289674757507596,-58.10968349329109,6.676892608919926,1.2274867969796173,-69.88536113561882,-0.10167812863288006,0.022350244253217702,-0.1100866937205891,0.4222199732791637,0.9991283342676702,street_level
7.863576227476695,17.835181083293428,0.9158033795700948,0.04293972404238236,10.133089110935009,2.1727380010763726,-65.95685033439338,11.22115607272438,0.9628177758267062,-79.10303092126597,-0.0653165548049299,0.016001194140103314,-0.38750654078898783,0.3588134829477036,0.7830423773926183,street_level
52.935351812076014,63.99013557603975,34.41815868700935,0.4995916639091419,7.039693730487739,0.13802617020813557,-80.13456582142014,3.291850954095241,-8.404818564439326,-76.53320149683924,0.36685809378773143,0.21955289671144787,-5.118283264329134,2.3585004380938868,0.7371999960422084,underground
81.49147758753702,101.65086114139531,69.18484759119886,0.9564155284931021,9.919887106147948,-13.133249636749042,-80.55530508628472,4.771212750103561,-8.911870650382168,-78.36998639870559,1.4501261937573784,0.20001337750483578,-5.015888153756682,4.790217522547083,0.5329037683697919,underground
22.30839540150245,32.70277913340005,20.251780627640496,0.11422011343573316,22.936107679620466,0.7175341373206123,-68.59540145851697,3.597662783608379,1.7360679549085107,-71.08134665701894,-0.01672841989962573,0.005294748523289858,-0.4827009851136588,1.912867267967319,0.5586066356327178,street_level
13.316648975390185,50.36098627224277,8.89726908141011,0.10089655192140223,19.618623925455775,-1.834682295816136,-58.691989199248965,5.111194519652978,0.4947279895031036,-57.242826170789854,0.05074960854530247,0.002864013161849137,-0.41102600721263194,0.6273393254643853,0.7367936920215784,street_level
7.818714052166395,13.529322068805739,3.325008648931422,0.07424338744743782,16.141460600916993,-1.3352936791252468,-53.05352520791169,8.551055146600566,-0.20938279750584332,-83.13527900544446,-0.03807005637783213,-0.006353200445721761,-0.012921337839021718,0.046136590307681136,0.7614358755233921,street_level
15.365683069285396,21.565066299169025,9.256331455649024,0.07775010459171655,23.70824036637616,-3.130862462165444,-60.0489430994104,10.367852328782249,-2.5310055403990006,-75.65431335819571,-0.6559577491598833,-0.012071945558552094,-2.492782372850052,1.2722733791548049,0.4298926896683945,street_level
6.461612091831946,11.323262094321038,5.2597803839672945,0.007629158911103611,17.569627825828448,-2.173244693385789,-60.0962354742647,4.7442429758157925,1.2389858163791247,-62.40740017371196,-0.06950322253996712,0.019890331696308258,-0.21458956653158845,0.5668243346696233,0.7041206938135447,street_level
15.707537222576558,33.56412877048708,15.803431337313498,0.1322155189715569,23.3449210892884,-2.629745341326256,-57.68508854212626,7.389660306894325,1.587313897985032,-74.69447481207796,0.45239647882684575,0.01907964696547941,2.724065368628562,3.4953147487208,0.7731948859929517,street_level
28.543788263274468,107.90157378039846,21.63997692303682,0.868814439298593,9.18584278006197,-17.975420165792038,-86.11008898520814,4.094955299472082,-6.266376535600723,-67.00353281428704,0.2652812602768529,0.12279609338827363,-3.5137778984043155,5.019936040481985,0.4730574789412928,underground
17.82008464003447,35.898912313174236,14.448391124130824,0.027606610047811425,24.26009654540288,-3.6949741988666087,-76.70506722542646,12.974502520568581,-1.449920817544148,-80.05502619719051,0.2516726849891735,-0.001129794136262935,4.046615267808992,1.2674572855217305,0.8655981675300186,street_level
5.114388081676086,15.675935250467512,3.7048661725150636,0.01858359104132144,17.36835226085317,0.13299992634457602,-54.72779397916936,10.980779043842071,-1.0841532622738252,-73.85508554686793,-0.11858438301147906,-0.02495736275736056,-0.34675291379374085,0.7958329136518161,0.5286425049955602,street_level
37.31698817773342,57.859313886595594,18.89135286227736,0.2553021163873712,6.159476612274266,-7.789581682987734,-71.41732971939959,11.783588492737747,-2.410525768215284,-88.67717865207547,-0.42820790433435274,-0.05828512076825762,5.6238534326629255,5.940099822207566,0.6493782103861975,above
18.67509479263714,32.65197911565612,10.682622077638314,0.08449168017283878,18.414506356898173,3.516005634901127,-62.137696280193424,9.369683522534366,-0.6205136586619697,-71.18147803265981,0.31906415908563024,0.06258061452947603,2.5140905435864074,3.9876412362093103,0.4815438963721206,street_level
19.959452437247542,77.75325804681657,32.393057692699394,0.43684433299966974,9.697425438612296,-0.6674643567312311,-68.64172355560437,6.773190288595444,-5.031196616642621,-87.12134773329896,-1.2409533413738552,-0.18734059578418139,1.9650668138592895,3.853370785615402,0.8254790170654719,above
6.022185583021016,12.73116330051888,1.8847780768316122,0.0986037938937532,14.90408661740874,0.88072114816939,-66.18969714585623,7.789455338330019,-2.4643068886789776,-52.13991825737705,0.12364713425363696,-0.008192593054769024,-0.15122263210952014,0.026617410253787457,0.8964223347671063,street_level
20.79316332659186,64.17682760903114,14.640870320179191,0.1759056152957591,9.559181204401316,4.041469382599182,-62.86834436231678,3.671651326378878,3.9627627048348373,-90.14793897295004,-0.7131321846917074,-0.13312717184535605,6.743350987868856,5.802062222314423,0.9867236742921108,above
26.42735557040737,99.66901175512986,40.63068880660172,0.948462739672515,6.1573166921647795,-12.500169091213731,-70.96282732797462,6.750798068856168,-4.693625193822971,-66.488283094944,1.0744214163942203,0.23366309694796733,-7.956807364512853,2.0400415479782197,0.5882994355127827,underground
57.75105706948112,104.92676243257371,58.16416294366955,0.7045505651475539,0.08531954415003096,-16.79061288090753,-69.61184525059898,0.24200833952308898,-6.955569990143705,-88.48430068648833,0.6582031647713268,0.10693634796810908,-7.909366988881063,6.10960076889625,0.672435799406781,underground
38.47051996158271,77.47647357261441,16.96895075856647,0.16575464155578135,12.093118093573107,-4.269558655253661,-71.55162093580343,1.2973804170961931,4.548829074749669,-59.30154427204167,-0.3356885839300374,-0.1230885747826688,6.4122590848788885,2.0812114407479605,0.4250863968124703,above
18.786750059252938,33.235387092449045,32.987575195795486,0.48773990265649375,4.345320911031548,-11.120565372908931,-63.80410297659543,5.5985312038786414,-4.440589484805825,-79.10365572820152,0.5985685874601561,0.04029101240993592,-3.1996267735297375,3.6867684621262393,0.5585512429396015,underground
26.059094912787206,26.95049787342258,19.447124906336974,0.12287890126051806,21.709398448386892,4.1099794121713344,-53.24458626337672,8.009836885716616,-0.3146744924527498,-64.1320846923578,-0.0018960772960807531,-0.002791913331560928,-1.010114533843772,1.6005294690573983,0.9652062591199502,street_level
25.21998142069911,52.93078895346085,8.831943385032675,0.46022290051943393,11.902461750633185,-4.466404647529307,-85.88257197258815,6.231030463513948,3.852418546706682,-58.48312579898268,-0.3644153798264467,-0.10183529773860492,6.2283191791413195,1.8731842957635825,0.4834748156082625,above
10.1792507360983,43.381838958341184,9.77668224271259,0.1099180367151352,14.007595019578236,1.8307706975515767,-58.85598997267841,4.253562046953114,-0.17878252818154916,-74.33563844861084,0.14658184192020385,-0.0044532864235104636,1.389919738564208,2.7218168229841533,0.5864387177995367,street_level
5.457860520200017,17.37748923819733,1.0487282306838517,0.08140377814845948,21.117089975091623,-0.8526457689683609,-51.238964684214935,9.815772512405912,0.5488037206156844,-66.93436452143717,0.12294253668436642,0.02213103364467949,-0.2714416618825216,0.0556628386540468,0.5120258731784885,street_level
11.757352226733765,31.45534291256646,8.787071677879839,0.19776935528406947,16.27157621173027,3.2697702477186725,-70.4870373036768,13.437409907147488,1.2613118790778044,-84.69359956457302,0.456020846316759,0.08869364249951728,1.9692394671686326,2.4858176291227725,0.8633599057945309,street_level
8.066065985475312,15.881318639680828,2.880886308146972,0.045164682198397484,11.630755037229509,1.566217917029797,-60.98384547535308,7.268783980194368,1.494542535772812,-53.20177164897815,0.02052581663459957,0.003005855046057118,-0.44600944898647255,0.06382567209505528,0.7230766585497037,street_level
10.611419941138212,16.82153112095114,0.17310586004369988,0.020538115248788135,22.304491146749598,-2.9864841898701657,-50.03375826068178,2.3300722493321784,-1.2599575685486626,-52.03830963429527,0.14425525045776058,-0.025144186872183387,-0.22389655011807708,0.5839162655201092,0.8979401115205532,street_level
35.849906669253045,60.45656658152227,27.01090993063107,0.25184526158303605,7.788038020559473,-2.9578733378349185,-86.58049244481784,8.047055588218434,-1.7595710000535494,-92.69112695266138,0.5555644406575067,0.11497628348521934,-3.62113540425558,3.552836346017904,0.9242898825189665,underground
22.72698234955587,17.972270645509614,14.68961870625314,0.0631763332277021,16.94145730637579,2.143875567550361,-50.6623491811646,11.050869531430479,0.3997571126307786,-81.70378705647926,0.0327093854150492,-0.03808188945546936,4.455670028508608,1.7315732234960675,0.8615753937145039,street_level
29.343597676184572,59.608549527526236,10.587912569610072,0.12701990653701362,9.45911082933365,0.7283126616215103,-66.52372193365578,5.415008490767599,1.156646462472052,-77.53601649547348,-0.09244273969608054,0.006758125406905992,0.7115247056300849,1.7156770604130405,0.862302166663425,street_level
9.400342244753572,24.892023997919473,8.602976712262635,0.030943691008588563,10.956028082195825,-2.411021453537021,-71.82371142251758,7.8903660679767365,2.8749023080907508,-81.33886645606883,-0.1065720721185206,0.05812911387347433,-0.6606126774322538,1.6358087374584909,0.880905715801407,street_level
22.422687189837134,41.99922416698942,15.503907209248883,0.36109657261744876,6.943411864725718,-1.2475506428635583,-61.463043727461454,1.0636315424892375,-0.8471697751980987,-92.97529072889643,0.6034367932490113,0.03821451934901757,-1.208445182825772,2.942674880849629,0.9134444575698588,underground
35.94648854696861,60.57414767232646,21.960954606335626,0.46140080881265666,12.811202181079778,-2.645413900604521,-71.73017505980442,9.565858105683732,-5.06646081111104,-76.19949721260676,-0.6057279386044085,-0.1778817799415524,5.830772145009493,1.5700618183624204,0.9600411181752911,above
16.11892291636412,50.85465857549714,30.025642692317366,0.3372678489199022,7.507370540205514,0.40631190508464243,-69.56307406049815,9.925179018733386,4.906259549088606,-77.7952451494071,-0.2797598246623574,-0.2009578983427041,6.920577703731764,5.402857725177242,0.4327168145854814,above
29.48806356756676,90.57780904431011,64.85589294489859,0.8387273169585596,4.6593922243050105,-19.036398378697875,-85.89253937127273,2.0128244948213814,-1.455415208175852,-92.27805298197332,1.1059727903495107,0.06783527057670427,-5.254444213799738,6.212686283137729,0.699349537064099,underground
16.444728844174428,49.231348255845255,24.35766117611706,0.22699835487892478,21.352595659921224,3.738730428283981,-65.96823042994984,3.4638448990151147,2.2655394835709277,-59.22776084337791,-0.09979199815591872,-0.00822992801578314,-1.207652168948521,0.02572913607130456,0.8087102839181338,street_level
36.04782814027079,29.160123038443594,18.21985858883086,0.5717403292111699,4.210940402334002,-7.995692456004525,-73.37593622516621,2.5816544977200415,-4.374252298661055,-83.80837837752036,0.2703684699199876,0.09584477820985268,-2.3729720148882025,3.331493405673519,0.5718904328581866,underground
76.77971505660801,48.156878465781034,40.02236305932726,0.4323524011400914,0.25019896801525165,-12.908300415245456,-81.35594228213421,2.8250211468480426,-7.781427567366601,-69.69244089824772,1.1355259396024557,0.20536152436402347,-5.9454371007881575,7.565046384726246,0.5151213600010558,underground
77.9792406718908,68.40380738689642,46.656298097997436,0.8912078262037809,9.661684785857108,-9.232349268831106,-60.15175980639488,0.29045829049912175,-3.3359934096547175,-83.12396370033983,0.6415283148966613,0.11897149784367608,-3.0860999764293044,5.8419659605049885,0.8303161692176422,underground
43.13162701126474,58.62703883276229,27.840865868107134,0.5273771513541166,10.092530948665903,-11.284123394493912,-70.31869216006582,3.1854935505132036,-1.8946157340487257,-69.71372446317709,0.40814405993783787,0.06585875597220256,-2.359062544540661,3.0285694824732072,0.8424395719480837,underground
40.950594455985424,63.326275616998956,19.62510764861633,0.27615575276256277,4.497851598338382,-3.124961230055577,-78.91324579256357,4.044982432738504,-3.4215217841618166,-86.8955659296483,0.21008652544995068,0.020379469588012816,-3.5697793542096297,1.690714379508825,0.9261271038376625,underground
21.14189575458801,43.067781336532036,31.65174365946474,0.43588726239593134,1.9470616809174313,-9.024522027018609,-89.45226325115668,2.1420326433634322,-2.55091060476577,-93.22955720520645,0.6803716108047091,0.18392585067229664,-4.484742210532,1.7621574253086791,0.6571437147638581,underground
4.965952132646693,15.14834050267235,3.3513632008428402,0.14783147190048784,24.87265768739595,0.5451589353257509,-62.100781960964895,4.444122729254947,-0.19552180350334947,-59.31065375902119,0.10665251690886987,-0.02468493629725639,0.2118205687464244,0.4007567939875732,0.7963905073541179,street_level
6.950155606988335,11.469143666686815,3.4514279406145567,0.07031124490326186,14.36321333886717,-3.4860473778119756,-56.084399958240674,5.208143863873053,1.4666024319810145,-68.45833222730396,-0.013751432291164128,-0.01673754714071477,-0.2699068911069442,0.09789496229726789,0.9390094086935059,street_level
10.682578797561689,28.27885784295949,13.683230712212966,0.0824372958547402,19.23668186553728,1.0493222273750753,-59.25539760720103,13.973869240830226,-1.4544361678031668,-80.40552271934214,0.7303994247794703,-0.057409613715245555,-1.4907953160366691,2.181303031516899,0.569161570307732,street_level
29.580486304295597,56.00586797518234,12.698727958270526,0.2997822158275799,11.111051422530558,-2.6745774583704627,-51.61823109349578,11.315962528489752,-0.7254812199517167,-58.209303881102116,0.15785179300098265,-0.0041600248120604,1.045896188050988,0.20378927940667557,0.5500747487742728,street_level
30.287979209555438,32.33417308885568,27.748414876797444,0.5244101005931044,6.048201046698287,-2.790950019001036,-63.876290358508854,7.482851328756182,-6.600069646021337,-63.291186241378085,0.3502449559092999,0.09200682327409657,-3.040303802007303,3.7244141767901997,0.7849833579589398,underground
38.15704168061816,71.03053077982415,18.44120666875364,0.5760689785273978,9.377301652511862,-6.1740672077478616,-88.86643712399768,3.9239099993046556,-1.249716985762329,-87.2633276043805,0.44577164544977776,0.0621210505806756,-1.812053625260996,1.2347762124880142,0.5475271306787836,underground
26.976673509765885,35.632899812700764,8.624091952645706,0.3734207174247869,7.867648124988476,4.42253462881289,-74.80145769187602,2.495306526781735,-4.244303375250368,-77.59641112844501,-0.38247614769167826,-0.2444457095353459,5.946276956880515,3.585164904558633,0.48427202882357423,above
18.017203853847892,57.6693558571613,18.338572232464042,0.22477498231688975,6.105527025716924,-9.749769191901665,-86.65748563539188,1.628517408734286,-1.876285095390779,-68.95096734485809,0.6586701241927904,0.02366586516472237,-2.869549127944266,3.833654749348544,0.47634988769203135,underground
4.4502407122874255,16.53944783381894,3.7619285880611715,0.03333247107730727,19.247553307171643,-3.7745205178369297,-46.99419576744406,5.7680717807850606,-0.48071838634335284,-56.77645836478661,-0.021529712401184398,-0.011199277836532944,-0.1743630378615546,0.7356202655698068,0.9870030473716318,street_level
39.90007044846564,47.49684705327314,25.604312330205726,0.2582305554128201,8.816510334895469,-7.5349896873689275,-83.88792843813651,2.6330342150515587,-5.460258746005714,-63.515711014290055,0.555464655206997,0.0702689936502662,-2.4639237403067575,2.8319318762539636,0.6455016348492704,underground
15.581372052335334,21.978273488972675,12.050550828637116,0.05542268141037253,11.794935909354733,2.78134652316046,-62.312230887876105,7.791504746776501,-0.7124874439108266,-83.17269089059863,0.5554881462951893,-0.012601991409519037,-1.611365014472156,3.339913231607555,0.602023009791796,street_level
34.642170091504454,58.175303234276626,10.286947874534826,0.33935318025262345,22.58932432699696,3.104313314866202,-62.44840039683157,4.301617773393126,-2.856961655415496,-70.26553459876382,0.16416559936063144,0.026481276813530553,-0.8982549442601147,0.5079244925548851,0.7349437671015289,street_level
27.117968232347952,50.748467113477275,32.169476900233924,0.2434802937400538,6.694173637405116,-0.6993617704945443,-70.61153893945963,4.339463537582584,-1.0951498365604824,-81.25976821009975,0.3431740033574826,0.10473852191956944,-2.403460934590857,1.9230740878904773,0.6777613794016788,underground
19.320231153177133,21.66900461568357,17.311178810655008,0.15029056445696026,18.556496165910442,3.4968205097258656,-53.29394788515997,13.79917240419096,1.6801473969981489,-76.75421650836567,-0.21796714150579088,0.052514381997505494,-2.1492998899249867,3.1641439715139494,0.7378121194571227,street_level
11.122937187059634,13.623461796880122,3.0947983029517347,0.04228643354147157,15.262964995302358,-3.5322029520927227,-54.58788557248627,6.494207516558907,-1.4351029331585619,-68.7284540871684,-0.023314230869845853,-0.026884581216484783,0.06975756401622824,0.7767926758461897,0.6101569562105271,street_level
7.062738437354105,10.341115999144517,3.0249134001186606,0.09772597217504476,8.87445525268741,-0.5508795067407277,-53.38268146720918,3.023640213038124,-2.114909119646902,-82.3222386502471,-0.0185393115059638,0.012852486853369864,0.24886166082451922,0.17794761061101116,0.9496800979420295,street_level
6.276618493466388,9.487296532941661,0.1987822251308622,0.02618985808699981,18.54989488911974,2.4274752285752657,-68.78162703297438,8.74968488644527,-2.6431628541364924,-81.29831693499222,0.0017570063749774434,0.013444139622654928,0.16833794467982555,0.6830608936219744,0.749605146563705,street_level
32.54241665909775,55.68166013672564,10.266206048451544,0.2483675793148736,18.144343474294807,3.2160018789688003,-66.18949804438383,9.737984373730022,2.9570773686849536,-75.56203360917692,0.19067184536349632,0.023575337525630208,1.31718992933755,1.068994769147512,0.8962904151240827,street_level
16.70973862095599,59.244949431176515,14.77428111838274,0.2209945032754118,9.540782292848986,-0.5013395751660985,-52.40257377079857,5.479292850415586,-1.9242595985140731,-72.40072500482388,0.10457190240808831,0.027403156645266637,-0.6517848400617378,0.07705092794312085,0.6535667863910127,street_level
53.37560638594471,70.38487019398494,63.097539194861355,0.4285224312865596,7.698081023358032,-14.402189539496195,-62.02566269062609,6.320962063325799,-0.7538932571031935,-86.63324679321643,0.947379566933669,0.15432070201674855,-4.198179193853253,5.19290230133927,0.7042101943595906,underground
8.298536278616492,17.80064610456033,0.2979943897510291,0.05812370476532519,22.99052677979801,-3.9458694541705297,-67.32393737180615,2.3484945714927146,-1.4493564190629857,-50.81931493412013,-0.09929924204151946,0.020264152587544777,0.017272656750965676,0.16027445335099844,0.7620098420324919,street_level
24.409299469137718,34.409620894520856,6.214218591815223,0.15466979785573387,13.381443221650926,0.9802458145992716,-74.87921961802749,7.775287935685153,2.747247665669697,-64.98650462554276,0.6072714976752271,0.04930956632248845,-4.080368839745363,4.958501765953022,0.8429546885911252,street_level
7.273062977071357,11.586276640768522,2.4238278016818926,0.09344804041075028,19.33391430615373,1.8395722118765736,-66.1618679980614,9.811938181104336,-1.57397520293562,-62.32992507721302,0.12431520978712787,-0.016758529908542052,0.04151837591436547,0.2936641252888489,0.6742506604731988,street_level
28.07304211880315,35.73851802675139,14.141896250421693,0.18497365513439823,15.077020171095011,-1.6775712817328872,-73.72961613945748,8.364314936086142,2.864797810541786,-71.53153647207755,0.008960767432578814,-0.021676184590764657,1.04649757460085,1.6061449968783785,0.5739131938121287,street_level
23.5679803259206,64.02089295354946,14.672395118742973,0.2841838342412687,16.726066163311785,-3.753509171972956,-78.81957632585554,2.914198349374426,-5.791693303428916,-69.71557815480674,-0.37784662380340617,-0.10120780942124935,4.173368065640224,5.846928261216066,0.6543879149333127,above
31.987291847388082,70.95859818238671,24.570854710049765,0.2005059187250765,13.494457726816165,-3.874181413967216,-73.64812379218012,1.5950409193334356,-0.8132009588222182,-88.92547975183395,0.40164315469753953,0.06906908280854888,-1.6876100257818019,1.0756977173528857,0.7120207602008031,underground
51.8738964427255,83.72740569936806,76.15978342935875,0.5509721610183529,4.4424230527760225,-6.64840190009877,-64.87004502123193,4.161698596866348,-6.791441585448365,-74.52976378493709,1.4833020150680742,0.22134924715167983,-7.137036413701958,2.1564588962681093,0.8443173404155929,underground
23.244569505249146,66.36755041863607,14.020113142755315,0.5221545941373009,10.515829107125715,1.4440083100511245,-79.06781953185126,4.1758451989437555,-7.804180523058388,-93.02599192824088,0.4736692500367422,0.1106984813125715,-3.0758290012232132,1.3584071931699997,0.5425248308402668,underground
20.665241898976184,21.2743152794737,9.838757287629635,0.026045533200089694,25.20804424070871,-0.7062029427500223,-60.266270511842514,10.918741385447113,-0.526847592449406,-58.86325667917738,-0.0005875579016763055,0.06400151616580241,4.398268713889864,5.9664657582263905,0.48811073095343327,street_level
47.228864164945165,66.2187752822683,50.011736940200755,0.7774707778273194,2.4223073620823357,-17.595581639535755,-60.242694664653705,1.4197530117645654,-2.0043501487221853,-77.88931959918071,0.5263340727304555,0.06467390759950026,-6.008865963336832,4.685962142909726,0.8997874112059091,underground
22.326028295631225,63.21443796571287,15.381224716794852,0.2906015488255741,12.191785554975016,-4.049891869455877,-83.46282439576757,2.5338976274197615,-5.281976091755463,-93.3318884441498,0.2535933812613167,0.11459834437844184,-3.218289697447819,2.95298904218813,0.7901384892860848,underground
26.320161593396158,48.488748321900985,8.397511351698105,0.21736935368199733,20.41909529921006,-1.6081063899009407,-59.8753154825277,10.39669148752296,1.363297015201594,-62.761846142501156,-0.020185825789178866,0.019173381197383682,1.3888380023993423,1.842065801358971,0.5375341469599373,street_level
38.76753977184186,60.480929947494005,23.439421539582664,0.12745033099886505,6.895235458173051,-4.921157253493977,-61.25873247691542,9.26812581374862,4.718546783490568,-65.26068085608756,-1.0041937360672453,-0.19203935351405965,3.0781141943902335,5.414307664832469,0.7139061148931107,above
13.563472984858596,19.03419117479421,4.89286726666616,0.024181117368334108,21.984803109328745,0.6415652811389156,-66.34018677896164,3.8415702337825985,1.3997331454127648,-82.88860505258675,-0.07747778868301558,-0.0638530820910706,-0.6336490704887847,3.5617456829243257,0.7032422506504007,street_level
10.809849416312678,29.508106931362992,13.947140456697754,0.1925685212783731,24.40554256853749,2.2520173132908567,-63.36379318072417,4.134388200569051,-2.091143856227529,-67.64537752464861,-0.5671302577938351,-0.04886866718083365,-0.9767365375534451,4.294054553106291,0.8184531494079312,street_level
4.480550015081043,8.25111020077493,1.86911726198841,0.09384262122394202,10.685695842722772,2.3620363062148133,-71.65017549055167,10.23161118431315,-2.6170691842024185,-66.28732737313643,-0.06463979948098228,-0.0060143122179274165,-0.43238736353712004,0.7730228740408945,0.7517206003546338,street_level
24.08986201711126,77.37526624824598,15.073162270823717,0.15827039719847372,17.809403937499958,-2.226190945488826,-87.12380205412981,8.929639619680572,1.8922952263103854,-83.39656361334922,-0.961669057900315,-0.07682686475017647,5.493054390882005,6.18473779573619,0.45742173015213616,above
20.5226735295144,40.255648452408444,17.51976883544451,0.10413394894831171,12.319811811063722,-1.9707808571087284,-67.5993948610214,12.305469346212934,-0.544339009572159,-82.81650234508976,0.5028244655334704,-0.03659359311311017,3.489866337264994,3.3160287061150235,0.4746173293513609,street_level
12.918033237345917,20.63280360666793,9.843756619460557,0.12591224699544257,22.857988422689544,-0.6913502452316038,-69.63877597836597,11.350459811100052,-1.0985374541350943,-56.64905237202723,-0.29385171618809114,-0.055996254994976936,4.991893585106263,1.0385998605933724,0.8420123088205649,street_level
32.74597349610971,44.39358553778366,35.011787585066955,0.2964038561803363,9.263714737833123,-9.598003163895768,-85.15288726507225,5.918432625148515,-4.070577873817703,-68.55551343166914,0.4303861915454644,0.09757538921494167,-1.2107804801529696,2.5355925306898577,0.9245375287935995,underground
19.826689312044,77.4922049786451,8.054339966748325,0.37392469696914377,10.79342332386013,-0.7578498736382953,-76.91262810442147,6.4682583504482185,-4.4130957384578355,-90.45046885118697,-1.2715680872370354,-0.17075564795380338,5.960090972846477,5.036451573703753,0.43725468897863884,above
23.353299996808083,44.37915915326495,18.9319240142459,0.2753060710753521,21.872027856637278,4.900122071659924,-50.2764064911866,9.175819171268401,1.8311149419341826,-65.688627219904,-0.04445393861072505,0.023375780688148502,0.7938995727625335,0.7719362465211534,0.6964636151442865,street_level
51.33904277086891,78.82832912670173,58.7311690517689,0.5483380403623415,8.519833015359024,-12.82810552612798,-60.94683514525843,1.973665391824083,-11.679587263717789,-79.77808840579513,1.2847621976379673,0.21714475516637113,-2.2067017133890285,3.0085608094169545,0.44536107880803705,underground
26.551824763012398,51.42009778350842,20.415847658880065,0.2842878525114564,8.721468499483024,0.8363528401627915,-61.54065623795232,5.591029090026961,2.16406603296993,-64.59565756487034,0.14947425241012313,-0.0014257035668164865,0.11848621186243369,1.0159698617944122,0.7482143682643173,street_level
22.443798401835455,25.593168453985026,31.69907634813992,0.40952930927891895,3.0871115020363264,-9.209166726784055,-84.87941475483777,8.118562286086284,-3.250499166986339,-65.04871372419196,0.17612253824331317,0.11744872869418191,-3.871027051065906,1.9063951197367268,0.9504290237191577,underground
15.82698550995932,30.07952291933093,11.12997566602436,0.096860975013749,20.737343087576605,-3.382747194512034,-59.95929552041777,7.839085471385987,-2.294526334686442,-77.66391562499598,0.0688874851985799,0.0675839228557866,5.392145753547386,5.248836684698995,0.5409392097612877,street_level
10.337623195773666,23.285235971337404,16.16778999485626,0.21427296124677736,16.157581438539232,-1.6059504534642581,-58.81342916539634,11.621516896897527,0.8019982071464584,-60.09035468630495,0.11630815588125287,-0.042561754048138424,3.9231300690714015,5.180700577682736,0.4726104257648189,street_level
9.697729736157273,9.018583947931887,3.9769558706757264,0.015314182535161874,13.824412533866637,-1.0512357604876446,-45.474107000306475,2.0963425610286004,-2.238050882550858,-74.30736109315873,-0.09864879290335558,-0.028362357538175627,-0.34938611503634265,0.17657174705612527,0.8116902966190986,street_level
7.668273127915828,8.762568729124624,3.3174199768571393,0.00395705196811727,23.535389629209913,-0.17391268462915832,-67.97630112733114,7.960477529973605,-0.9517858473532037,-54.73568002798362,0.1397558198938292,0.020937416577540884,0.4834579511413194,0.030301792833792442,0.8480022591263259,street_level
46.7199296816772,66.8895353294412,71.43221661645455,0.43521075022851835,4.85057207341484,-5.022369863724213,-65.27073686654761,0.5339073489159931,-1.8883051080411875,-67.10210441607197,1.3007281782531372,0.05653879848761301,-5.150738880546912,2.3963285497122344,0.793415715305128,underground
12.02079368979848,53.02668663387695,20.053894468146066,0.21825951011221456,24.95627927328424,1.0789098567201751,-72.0472788437014,4.789326946320141,1.1221215406515004,-77.85473571427869,-0.005014756020449138,0.02337035755766253,-1.0116958301299022,1.4052998457230952,0.9230651993812871,street_level
52.59444200818422,106.59633865645574,15.356218769634669,0.6512236911857961,9.154273921081074,-9.629957948056667,-83.76501820123669,1.2376124351853752,-0.534137501602423,-90.0815308547913,0.84871561122465,0.0911194021457338,-2.653301405405111,1.9144587863065405,0.982638199139824,underground
6.4747556592129625,15.240713224565809,3.0448957608901073,0.01736989804338815,17.454067338316428,-2.9204738832332113,-61.16988241489473,10.072666724169052,-0.6704752163786765,-69.15711967037083,0.0774655655526878,-0.024945047837234478,-0.21510539953056584,0.7030220723430612,0.7578847195347469,street_level
21.929599379099766,19.521561903534277,12.197368601177544,0.14263994714963077,18.643475800540248,-0.6742897773488297,-51.75995652529298,6.857211704985214,2.815108040809596,-62.27155049851693,-0.2087621961313444,0.005561390158353469,1.477687235776303,4.563627532462382,0.7241892334706403,street_level
77.05656180947649,99.79561671475608,49.83167097823031,0.578133164795034,9.172784476888493,-19.201572366833012,-88.9226418678754,3.896970128997676,-5.342388431029104,-89.88288437570488,0.7751357277249495,0.0859442167725174,-3.6743818286533356,2.488886359090719,0.8206104959527237,underground
34.61089139756507,42.25844213761914,14.185147572695673,0.23758753479515393,20.685525005584765,3.4122622722418168,-59.77032681133477,5.076464496659785,3.270197646706616,-56.517078682618475,0.0712007637069498,0.01193899920426849,-1.334615431900804,0.7791609578463414,0.5510678701457711,street_level
11.871751456952179,28.363075693400127,8.742136946473208,0.07424892317370829,21.838363503351083,-0.503256958243739,-63.732527103742356,8.250427419589291,-0.1684939782142294,-72.11534497336,0.7112684411640025,-0.0664245618145461,-4.23566064518112,5.895642238820697,0.6668879189648315,street_level
26.215794125164336,41.301105746921145,21.568140059074558,0.5275791088694644,8.459488549918166,-10.235759078352636,-69.5626724178235,7.745479284640213,-5.725423240640462,-78.39613775890079,0.4144278506315452,0.07557023206857158,-2.517125607206167,3.894436473195288,0.5712041942441367,underground
23.811380368151063,59.82612779967805,35.12898581861989,0.4010399430177405,9.772069330822648,-8.806768098989334,-77.9202599747489,1.1185774759986236,-6.39301519993818,-82.49788050179323,0.5082835337186017,0.02254723724494219,-1.5448743463529895,0.848297503911358,0.46694019807829057,underground
6.029846515547242,11.549609864312282,5.470435219468529,0.0847734409847369,10.05855358229847,3.095561276553255,-56.938838442833045,9.060143467898389,-0.15757103846812726,-83.14259934071121,-0.005695973416034783,0.02820047507269722,-0.14424383356808246,0.6937663164826139,0.9462640311321556,street_level
15.549092374988732,26.46429135058916,6.173553932209083,0.1195935729874446,23.178851961935116,2.699431341736803,-65.18673565952686,12.376481408653417,2.7933640133079596,-74.58488321915252,-0.0170416234141737,-0.03514703513889095,-3.151820470252314,2.225943475689626,0.4475960481553212,street_level
31.427269086679104,70.62930360766467,23.666587631997267,0.9614803999157898,9.987542854985888,-2.9793722575073893,-71.8569644196232,7.071101027016119,-10.559051322101823,-91.31570779564447,1.0312098578918507,0.07675471013666027,-5.499265965164401,7.261655664385165,0.6000489421109155,underground
13.954036784901463,50.902812233700224,21.05428295970958,0.1164080529023321,12.441460968758985,-4.9842152969214055,-55.990011097523976,9.854516714477072,-2.0359312904340934,-85.19263973650578,-0.3206835229306193,-0.0933432220454288,3.8672006840257658,4.522342165776725,0.89790195641467,above
8.575061549682596,12.713426631804285,3.1951574493452,0.12852261937917758,18.768345613941936,3.0235427854538806,-62.59847087302845,2.89034702533311,0.18048017711683517,-70.39565061620686,-0.03238455822408322,-0.021270753253323366,0.082788977571983,0.44793762460240827,0.668628657527646,street_level
24.380371840534234,39.34768381308046,34.11135375617213,0.23990670525449842,8.767652520942526,-0.9031499002340544,-68.38117118980267,8.483103341708496,3.74194030704672,-87.780355935785,-0.8554048721881664,-0.08344299949502948,5.616147321575765,1.9631208272307963,0.4073764860272262,above
12.704729712137599,28.482230894795755,10.258632784704751,0.1915188884314185,19.172494670987266,0.72610435215773,-71.45369381068328,7.615826687761028,-1.4202937206604338,-60.67733405480187,-0.7511879275603102,-0.036074802632391975,-2.43562891980357,4.493176596133262,0.641897533144036,street_level
21.815748928830942,67.91932279728286,65.44820423174716,0.4016180898764972,6.749758637931331,-1.8344357132578537,-76.21177361331524,1.414126542305632,-4.784464144304721,-86.82292626243319,1.3371295553603162,0.12004807747477952,-2.561409031067858,5.090258300785865,0.6662030204040981,underground
33.359686301517385,31.545573901305165,31.276508766905177,0.37613224484710334,14.120763569988036,-9.072581222495302,-89.16260352075663,9.489769504119927,-4.010545141847152,-60.803002071623716,0.37029019093777205,0.05354590029885849,-2.8040109870696295,1.886221498162842,0.44898096945823607,underground
4.676180499929817,8.543657077659178,4.602834319314404,0.06741470642391519,20.84163609530566,1.9128767882682007,-60.54986647023038,6.907084457730201,-0.9170683166027711,-53.49159865018633,-0.0742870672393235,-0.02464673378760735,0.28478132884534724,0.34860954853424286,0.5258570135941256,street_level
22.197353814991267,42.25825661935825,39.854875411307845,0.3289753930504936,6.605183618059392,1.2208062746168196,-79.28255906540402,6.176385803346152,1.7659274289510911,-75.28752757243073,0.5959499251103694,0.039980363913932046,-1.0973603926040663,2.850242071086927,0.474333003922125,underground
9.430151060237701,14.508714123530417,1.2136085694288987,0.1148968842034475,8.44606242799476,-3.7154127974028874,-72.91541864806736,5.487926954545254,1.202408937423705,-70.19809531793048,-0.07048436618443829,0.008868374982022607,-0.16482300880378253,0.5060917676793477,0.7283940089449116,street_level
47.86315204884446,64.72152128900453,53.89369260949788,0.6863849359925349,0.38619257139949625,-17.583236522734502,-71.09478792816235,5.097607013039975,-7.35310276598635,-80.73180498221271,0.8233894922746952,0.24248987758468246,-1.7354518421196623,3.4177235620842166,0.9890066768486103,underground
22.90193690924616,44.08056690803755,20.722157807376526,0.19564138347648402,15.39572510746544,1.6621854722032756,-59.680778642096975,7.073016228323581,-3.832588207426477,-82.58719970950443,0.022332861690104483,0.03196856912862802,-0.704943613844728,1.2217455704468971,0.5195698989557271,street_level
11.710087998765456,10.306573546188883,2.037600157021469,0.06966762356604138,18.96318979232722,-1.796815474803453,-47.0483929297975,8.010901723352228,-2.576490361175049,-72.69615542653665,0.014301700195803263,0.02071948765251584,0.11151301726083507,0.22276280411599983,0.9383813710408071,street_level
16.468683834637027,29.5230709515976,30.732542127806123,0.40254604861618304,3.767580956864947,-0.7855022271362042,-66.84048708004822,10.378463093821276,-1.1540204519084636,-85.99056482799243,-0.8573028053406895,-0.08556983568977755,6.572855580348477,2.322191978274647,0.7426572479501268,above
89.187040887888,100.02287543940885,75.35353862146933,0.6698528043638914,2.5581943269681306,-3.304413225546753,-66.04785937466733,6.726499867064614,-10.623768244972256,-88.74593515597465,1.2236708473022335,0.22640672631031783,-4.526554393033441,1.5136350632549949,0.8652349344048837,underground
20.665077234843096,57.1181680890186,30.915859587566892,0.3347585826711759,11.155020960699057,5.949569274525645,-77.44191761009718,9.79125485510144,-3.260773117452688,-78.95560822661322,-1.3005356490584072,-0.12025695784036369,4.955115670788289,7.5531002394304165,0.6581975879832154,above
38.69406630915859,62.21742401592088,17.466248057888635,0.7450762668299826,0.7891553012276709,-8.130245802292833,-70.21701522448942,5.954314594672462,-6.270180581918527,-69.87768755727927,1.1888012928949634,0.17802147591093287,-4.815676876477107,5.487737264678308,0.5115108345889239,underground
44.261759972470955,55.0527696617764,56.268748256846465,0.48651986144320103,1.9445206175915064,-11.622162883891688,-68.57820554585982,2.658591102893908,-4.503000169328672,-76.57878643099737,0.3940539769325667,0.1601108803805766,-6.794359711448962,6.934441713923314,0.5567804693531787,underground
49.00357998753182,54.08410791372374,19.392308656411874,0.3683930469063835,8.305710485581823,-10.478757680337441,-73.30116747981859,0.5042410548365677,-2.5826250599476523,-67.42958608880929,1.3428349740178707,0.08552329924110963,-2.3282759169251284,5.954225222348438,0.7832712896625211,underground
11.470404326381228,24.2638123062897,11.39772852370291,0.21185274186870454,22.63066699768457,1.0437429977353654,-69.73619087221692,8.696289041713923,-1.435821992519953,-63.6984501313012,0.4785188500015827,-0.026240138729701573,5.560074165658309,2.0793105406710395,0.6158828737365156,street_level
39.920897289764724,61.482010419146974,20.490806180849965,0.266392696204089,12.999806108333289,-4.866914004245656,-65.05650711209135,8.436564013450765,-0.09359109441955216,-79.76430604663561,0.33489612414482184,0.115768881868904,-3.7528503676102565,2.4823676579381715,0.4160696123513966,underground
77.3058821404799,58.44893665106941,39.460400158890266,0.39210761047125975,3.7580590156215763,-19.79588273869847,-84.82146542883501,0.9940577288682482,2.6970177735142684,-81.95704339615753,0.6854168318879945,0.09451823107539244,-7.4277697219096375,4.191608324654491,0.6160481698500926,underground
