gps_accuracy_mean,gps_accuracy_max,gps_accuracy_delta,gps_lost_ratio,wifi_count_mean,wifi_count_delta,wifi_rssi_mean,ble_count_mean,ble_count_delta,ble_rssi_mean,pressure_delta,pressure_slope,altitude_delta,vertical_change_abs,stationary_ratio,label
20.15990928108778,55.79013015266108,26.83905147599068,0.25622097725088283,13.257030349152574,-0.6126288462282821,-63.44238210524652,4.158605305984796,3.8321244045495195,-65.37567681659054,-1.0278584210120512,-0.24631937123330885,5.391154085936323,6.423004502360121,0.8314171493258007,above
18.574116460644095,36.193710235170656,11.246687404710396,0.3420177706620863,5.023084550348901,-4.597213551890366,-78.51832927416498,9.740181245350204,-1.2213754618110624,-70.60409435121234,0.49282675390545716,0.1100915813736045,-1.966639179190333,2.8862117316616187,0.4938719513051343,underground
8.629503143335675,43.171066843755504,9.81548044969188,0.16908312234786158,23.600290524792417,-3.861014950332219,-60.859893428774804,9.355461141758028,2.550091659303698,-72.65729531268181,0.3077047733681726,-0.0848367626668251,-5.451718778696449,4.711184112107063,0.4851148456900997,street_level
52.8519272341842,70.1991961052371,75.86825690559,0.5086595180814997,8.961547906230829,2.1622930860343423,-81.23428833739135,4.063247822193446,1.1434329577333173,-73.27924152964866,0.981610646780466,0.1972559292247553,-2.12501183008105,7.500680870667003,0.49876008979457587,underground
9.833043128158907,10.984637387074192,4.447840837271529,0.1377446734702188,10.806095334464194,1.5809687459932373,-69.03028550003668,6.789654091535529,-2.769107015705781,-61.279425769715935,-0.07184737702666348,-0.008187914389754396,-0.3815836315803305,0.5698304229370191,0.7326373109187226,street_level
29.263435354393792,27.413557227722354,14.87537259379582,0.15307780043613592,20.961626873404995,-3.065549044566022,-53.81912571885199,7.36330931435667,0.9702483997643165,-78.9343068386842,0.13019797022844373,0.029529950131746925,-0.37891970095826366,1.565457675984116,0.5422894923912287,street_level
16.03927447931628,60.56065886428811,12.372959586616382,0.24212650844790162,9.224341853911266,-2.1195131022826565,-73.06337332572062,2.2733534809529337,-6.618605686179329,-81.6493066226526,0.4433046875697614,0.03758201248088799,-1.2010809901743578,1.0403597994237932,0.4430529781604765,underground
29.22604230056151,30.671105516924943,23.48212435787833,0.27754789815790026,8.89768646846305,3.258554664966173,-77.77667025584935,3.6590000486562557,-3.96901361603142,-70.07816826772452,0.07734782125594947,0.01924188078008434,0.6436786543502824,1.0224372557003845,0.6936808937022055,street_level
81.13937553490999,65.24558260082848,37.53394073756675,0.651504048320841,3.008192033111107,-6.547135922841225,-75.27787059544524,0.9553137234060172,-5.623247976810835,-90.59157465012127,0.4940483978491115,0.05594693643402922,-7.307697342980801,7.362974644697901,0.49093229800906757,underground
11.529223763981506,11.641858588481865,5.258515662199355,0.0030287473147532994,19.2832427294563,3.703838664289714,-69.72773312584437,10.936358224689574,2.2515075878702726,-60.56392053747413,-0.08147654688662877,-7.62036356672588e-05,0.024218613950893086,0.08239581456550545,0.5253658600280176,street_level
12.082382920085402,30.541475125787652,22.878258596629834,0.30321223208901976,24.52581289387713,-2.6666781106657655,-79.5819744309052,3.8637867707068216,-2.919669411158499,-77.85945023999277,0.09481278730696222,0.009765616531579778,1.3872779552521282,0.2767997208811004,0.7275141062222883,street_level
33.274138340039144,25.471221463175123,9.751125132007248,0.3251348190335661,11.434513346574425,-4.26741638434989,-81.9259092893412,6.021461008803806,3.1128661613077497,-63.75404818278423,-0.2564519526596234,-0.05430200390189452,5.473529590870771,4.251634781182833,0.9827349455964453,above
38.92090780379876,45.85486074670143,21.85635125821109,0.3860486355052969,12.01115408433785,-2.7512780052172188,-65.12076643607476,1.3288418455604813,-2.94780439616829,-91.23482381199351,-1.1029157988943106,-0.16517907336545368,6.230086136714744,5.784020055337399,0.7595051655900285,above
20.60476640261613,77.33614167031189,18.138297425818187,0.22485348303098693,15.174929477579674,-6.181530146906456,-60.330218649649595,10.307706214571285,-1.8158349559458724,-74.94903575785933,-1.4768872975594873,-0.1757158696704026,6.5072947909803975,2.305804802334632,0.6717668725081936,above
14.412372664513356,50.2282266491575,11.497901763773577,0.2690289310696711,15.8499299793412,-5.044545723106788,-58.559880711302156,11.149894357132638,2.0782184826933694,-74.76430097424398,-0.975168917320863,-0.10775711683443503,4.0972598559944196,6.286767862924725,0.9959243946178027,above
24.052090122790936,64.73959255091937,25.948481126577292,0.3219772762135996,14.82448297828401,-8.937483408458563,-67.44073801118344,1.2198926090448738,-0.1540217871993681,-76.09181630895539,0.5336429058607857,0.03898907866212952,-1.6200912983845734,3.2661220722578506,0.8260550915614235,underground
10.296622246005093,12.907887424958805,1.573863458235429,0.04784736961558737,17.430528162201163,2.793827548553562,-72.07728658991604,8.741993976921464,0.6108386872804212,-79.47429321089939,0.10176713267141244,-0.007838755202477711,0.04353068413889738,0.42207902985346823,0.6364763127203186,street_level
13.014903895496024,67.76245260359399,34.58292662671555,0.3147747126975218,7.160375791981853,-3.4410512756850373,-62.21735116661796,11.806419359202676,3.088154567440755,-60.21294383931218,-0.6867909856437999,-0.10994777105340423,3.7880024487720467,2.6155954554046934,0.42149440317588993,above
15.130577106610776,41.22411578287948,11.303658653708396,0.10418290351676485,18.404549330603956,1.0735125073389264,-78.11058106299197,5.463707522986745,-2.838005255489132,-58.95132362407709,0.11430433045131938,0.030924373893740406,-0.2601525596007137,0.7104364346240488,0.6207018339899244,street_level
9.72578762977337,15.734921616855804,3.0879365847793783,0.12846429096232206,9.388509317932387,1.4721497247602109,-72.08765345881659,6.163434183140061,2.1837083091394573,-69.16505178535638,0.07388085546257636,-0.011604925421675637,-0.16677678502622195,0.07846256267231118,0.7337810920946657,street_level
23.87599426030266,30.640592944299456,13.42978417751776,0.33663132658107636,23.149406589595095,1.4583717871716466,-70.40331954787801,10.053378060188216,-1.1766557795750305,-73.90157512239236,0.07169935601531341,0.0020663377814568937,-0.8065962157896837,0.13099749244811676,0.8449424002074364,street_level
5.364242553122424,14.381513631208541,3.580137309322665,0.001817325842094386,17.560720803928735,3.483995435572873,-46.319015387275094,11.327855003288157,-0.39822300304124925,-63.8411399486926,-0.13762137239502079,-0.022113423589014306,-0.15497491026666121,0.7430986402158031,0.6982454603968611,street_level
56.67585489808413,92.69972114132804,20.74952801190581,0.6749022799138917,4.253610324865269,-7.959307784822746,-69.50019607589482,0.5958290657414116,-6.176585691061661,-87.46620683637771,0.48693041619165633,0.21245376774891436,-6.636854050455849,1.9629395592760106,0.41173081978194465,underground
44.165835609695165,77.27431924275139,18.93047354643604,0.5329819331494403,4.2557367671478,0.281359754502958,-77.57964694007222,4.653817918263379,-5.805345494883296,-85.18555903117789,0.4915505340192494,0.11520133929324408,-1.5428706198000666,2.5001427212127565,0.6077240881460642,underground
19.9809166768963,35.336891351719714,6.49642139370895,0.15391835483933544,11.44824044416729,3.1724456868542426,-58.349803202953126,12.304926434016448,0.8534881827883609,-66.14967542352407,-0.6322277922366452,0.045652157530200466,4.612312014419711,3.7467125426189245,0.7687027509114719,street_level
10.096830275143853,44.302643349773064,13.166595139737872,0.21880582652564776,10.442048308844928,2.926118333786029,-67.53777469841073,9.810790065644719,-1.7107451982934907,-69.96285610109595,0.5435987916466798,0.08981589437980528,5.390363548469537,5.383229273360745,0.6293574591070087,street_level
9.449142545437155,14.970048404396653,0.23341000899773023,0.02257124783805318,8.54278534830905,0.510523187552419,-69.16587066162714,7.182802896994335,1.0622357911403943,-64.468341644557,-0.04763630719928823,0.02305168328791963,0.38867331569643726,0.4504428384761372,0.8848151767264876,street_level
20.61710665614044,48.076717607029956,23.539377161534105,0.19253503699229563,19.273728920280604,3.8099190538184224,-66.63348936990887,7.125948984444215,1.0803390606592842,-75.70173823622578,-0.08947066626054667,0.01263559330790684,1.3059125370064146,0.8304399162142229,0.5596159957160813,street_level
17.18852086877785,70.63533290614545,25.634688915832744,0.5961223172592323,5.53574217830602,-0.8790193659761272,-72.04849521087776,9.811168288058576,-3.895524291635752,-79.74714226945567,0.4059346862804142,0.04112206788472807,-2.8374927848616016,0.9656057842329808,0.8012742339847023,underground
6.7283140604475005,16.32955104914273,0.9837224511714155,0.029350047127127812,15.236970155051733,0.9438942760795399,-71.09580999601553,4.343916917877306,-0.18591252523415847,-77.60150570290395,-0.03678060142523046,-0.006368019900462863,-0.055155499356128845,0.33013496190314673,0.6149791460028808,street_level
35.75796347900484,26.041465338594133,24.707116918411096,0.412113434118758,3.015473683071432,3.455472395089364,-75.21259799290084,2.4161081526794996,-4.608011388948185,-63.975142346504455,-1.2080452471423055,-0.19514587351890977,4.070479869243728,3.799259256191557,0.5563971581628135,above
17.961127478092223,64.54924652140687,19.609150215095582,0.2064091302059311,17.11007779709972,-6.119857733319382,-75.9408301203216,8.157684075449227,2.8408887420175084,-81.3009797172794,-0.5900017116596081,-0.048160035017133396,4.523690021396057,7.719623802434558,0.4547128008913388,above
48.08913408865496,58.739748726870516,54.33930496352282,0.3659230567656845,6.29881670850692,-19.4184859205634,-60.24864668283923,3.8606832830161455,-11.417511536892928,-73.27717505924655,0.2829453955627018,0.21313635463396455,-7.395138626482986,7.464713764211361,0.895535404467789,underground
34.89143242680272,61.50389345776134,26.010715549117077,0.47831794063681066,9.949073774214458,1.2871760750497199,-61.19332504078283,2.5510154509504765,-2.26480609223408,-79.7083165147701,-1.0346209600561647,-0.19703206077567492,5.611742048765528,5.482191021580942,0.9696128827923046,above
51.73492150857906,41.637733913140245,52.104553472603655,0.7631737150723836,1.6313379527550742,-16.6026199837748,-64.8757622974769,5.350830755412836,-5.306270673976983,-69.08113778262862,0.3247364980573187,0.2046400204955655,-6.827622621139421,4.383605702945242,0.6437030178042535,underground
76.97397129410139,109.55813814904292,30.103067211822026,0.4438090597979961,7.667441534392805,0.44115791555365647,-65.05930819490202,6.677045080885088,2.5686541793530058,-79.51455050649602,0.3457793180949047,0.17702268728665588,-5.541585463595497,2.626256838643451,0.7335751439295057,underground
10.155665755255612,11.339303970087048,0.12266345077423257,0.02250918820434737,10.642319974546012,2.6022771307543904,-72.87504819113849,9.942719916234982,0.5895597502720467,-52.2863249284831,-0.0442124477413494,-0.012848840408811898,0.05390416858795921,0.31104877189105373,0.518281630138262,street_level
37.68562812603392,53.02316578979898,30.358926583192694,0.813773038652414,5.124413589920481,-15.139956514141183,-72.49350328975699,3.189767951136785,0.049616084453912634,-79.34456995781014,1.0333959531652446,0.0866471718387262,-7.008215374899242,3.8162373794107545,0.9629285186719473,underground
12.33478199834509,40.29611388512257,14.623635191236371,0.03805574515969735,14.224050927038967,1.8059077332526599,-60.0025232434861,7.964575264391928,-1.5475622910720719,-82.67697900670078,0.1481726983410162,0.044610331196631325,5.456118572300442,1.4122850989376055,0.5848216239112711,street_level
72.4950667463394,108.11388276416497,53.53160139166921,0.603334441748349,2.9477714592513395,-12.878984343520042,-89.96951216819073,4.068627146191146,2.464009315279865,-74.58665243019826,0.8516085953260275,0.04558525364179382,-2.9753499533918575,3.271694936771679,0.7679554935014783,underground
39.663625036910474,40.76837949935372,36.80347644143169,0.2773817565443041,11.956291667791481,0.2754057448210858,-78.79739819105431,6.857069290168578,1.278551833875957,-79.0572938271992,0.6252589053925571,0.082515084787495,-2.3050383115370128,1.8766517819384685,0.7340998329413296,underground
72.75792903341998,115.08134657244653,47.240330728300506,0.9098788643068784,0.38976420285183555,-1.3271215242267793,-71.1549784820215,1.7388981799857408,2.1638032019429865,-75.01129688522792,1.4027869764987684,0.19483473288122038,-6.439877180379532,3.1014021698952723,0.40401729250927154,underground
8.32518815615984,8.460267182342658,5.935943062014894,0.018634102600414305,9.246319272574667,-2.493585006955274,-53.04524936988718,9.266022420200617,1.5604093262291823,-54.513013147121214,0.038402196586385856,-0.02075894363777948,-0.4543786291504336,0.5961636746854209,0.7967214783600255,street_level
47.890358891287704,52.30479967290786,67.59069500180001,0.41939882522641436,1.4399807769099704,-13.896202298995563,-84.34794592044344,6.998058543579132,-5.786840173142531,-78.31666544239903,1.431311179591468,0.19072289587108954,-4.173315335457699,6.646802264411482,0.523439446322151,underground
12.227076178746483,20.339163366737175,13.040671515065402,0.19453822068707727,24.046112588025736,-2.6302630276713748,-67.43831686366602,4.102241213184212,-2.3351717344182896,-58.94044621131145,0.5232145358065778,0.06382225201453126,-1.1353103925354624,4.607084636762918,0.8563668549040171,street_level
24.03517804046944,39.810279293535864,6.334583856678989,0.08466682503687363,11.441712243139657,-0.8749226108105956,-61.10300681214761,13.80877088025347,1.4313342688273831,-58.15214530665167,-0.0021031446244412777,0.001144536291378076,-4.6542616593634385,4.608551480693864,0.42622457441712835,street_level
41.854173016371796,30.45692444960026,19.90714139298803,0.3038501098470586,3.3775700070065855,-4.901932516311008,-76.29694231048737,2.0130296289849112,-7.040468873454827,-94.47935149353961,0.2553485802509742,0.06065935744275332,-1.3688032825554082,1.9701027824873123,0.795304479445506,underground
66.50092488391603,61.342892836382134,18.09205461993435,0.41310685672916503,7.468647645665298,-6.593605240578087,-74.03787921326837,1.1549091345643294,-8.8810484442208,-84.2283012914834,1.2819572492661087,0.16421860906646116,-5.784152293184665,2.025349489666558,0.7682751353676534,underground
35.8192338124783,55.217168526480265,16.409511925820098,0.5993101013188511,5.550389708185859,-4.538492120267928,-78.264211363892,3.2503826835676097,-2.333305942281541,-79.87540436487723,0.2569544865790439,0.029777154472819627,-3.862007502434687,2.0771509213680703,0.47227785825345286,underground
21.836002208907694,28.21948940124883,11.255239546332941,0.5349412797555048,5.839217457384791,-8.8629002417047,-84.65336921840242,2.068674450030486,0.9208167343253173,-80.28203439110284,0.3954770680427524,0.05712125013046812,-3.8609842358580337,1.2894152985648288,0.6503733692214466,underground
66.23110885304075,118.13831888731036,20.868242047604607,0.6696615153076366,2.925037010078737,-13.125895098073553,-87.28026386275667,3.522730176230411,-3.847260289523705,-65.8961300963992,0.5686625703881267,0.09421723974468962,-3.9271708356474706,3.0677927593754877,0.4832761900155142,underground
10.427435322761475,38.46675218700334,5.044602391945695,0.07478578107049556,12.578810029468274,-0.9181005996565856,-71.40392277538022,13.67881784117754,-1.0921785233597694,-74.94247483563234,-0.3132801643852842,0.06743726182328211,-0.6974029990528505,2.1075153132633813,0.5396441822665429,street_level
56.96145552699917,56.99359065997135,17.583273157026724,0.3552066510517893,5.173137174073236,-3.640974969455833,-69.31699806456199,5.322453534571632,-4.938991105937026,-72.22996781580318,1.2654077720241144,0.14767154773309696,-6.811869439459848,6.039679267516049,0.5995718871512482,underground
67.36211056085425,118.13992346497275,32.84746210421336,0.4287058285155545,5.368266965397708,0.5081799888012526,-85.93656499458048,6.637736907290039,-0.9461370048888451,-90.35436959736639,0.9400462681586088,0.054935769855848526,-1.9298836055898265,2.106260514563468,0.5320870066619059,underground
11.963812373901131,11.71161973209419,4.102666858794924,0.12038462789047275,17.10074317756902,-2.359943439039286,-64.95565481431318,10.95857603052003,-2.7383926984343496,-82.12425703818428,-0.06113197890872521,-0.00302825515511489,-0.16680050643125865,0.4815953985483503,0.6020264243484281,street_level
20.596561861067897,49.17229397805059,13.505889945618097,0.1483417639838395,23.979158338705105,3.361195059939501,-68.27535168278901,6.6275142497272865,-0.35031801764145953,-81.31781523107959,-0.04528295221147298,-0.00048350343883116556,-0.8263343407138082,1.7845390322531036,0.5556657821120379,street_level
27.26606888205326,59.044568512520776,8.227466788234194,0.2574537011924894,21.493900172539536,-2.692204109049748,-67.64176416855187,9.554526779715408,0.8298286120455103,-59.31024455813488,0.006725716389363839,0.00819469539864752,-0.44051799973974237,1.690817561284297,0.5660633785309537,street_level
22.554260069764613,59.315538627151554,19.92899939842427,0.28368637652907974,20.904487500801068,-2.550849630253338,-50.929112331852636,10.431276061253042,-2.7304030800216283,-82.33988035250212,0.05144784950403716,-0.02015137559024028,-0.25275281426159735,1.5016409728987221,0.6325956137459261,street_level
21.203615884442414,54.19143611925322,20.45456641083512,0.2781057647894925,22.87132868713381,4.514644493764687,-65.27999743423868,8.441956584742742,-2.8180063139368414,-84.92641114954283,0.1946465592309962,-0.0007254139763477607,-1.0907112914360353,0.7879290810259929,0.9192061051622373,street_level
18.88560909888682,59.14711501346695,19.38211683715557,0.23341543211264237,6.0461274952123585,-0.5161575457883867,-80.12093426295553,7.262931498058873,-2.924737245247721,-63.31721689878212,0.6112713962436455,0.11187294249713702,-3.6485964841277116,3.757829611393956,0.7492256314594479,underground
21.13845161347726,47.319300978518235,21.710931525067068,0.3962562667841345,10.528875458766786,4.460134063722444,-71.33787597274316,3.029410938764513,4.712417137627291,-84.67763028117146,-1.4968503549046819,-0.07952472686065809,6.106994495328628,6.6384735198066265,0.7375064831050164,above
17.87217948287724,30.175383733752124,30.981938338486685,0.21207461086063906,15.515502336127813,0.2054347862904713,-60.51112143231822,2.5957836062577604,-2.1710626602319154,-78.7878353080345,-1.4992752081994838,-0.14708764883925732,7.637269247569964,2.579338740558132,0.8174127685853187,above
12.245871179158208,41.15026307606395,15.598710785481789,0.22010289110297668,11.563882466656198,-4.8146275540253525,-68.89142611422521,3.4082165317047783,2.75293302154671,-63.2821148921562,-1.4918464177371051,-0.07532012279743927,2.385746325226389,7.1389702158840755,0.41601995335294956,above
40.31098836015479,44.11675581714111,36.52055075217973,0.5132496886488915,10.267020236259585,-3.866779527680345,-82.83415406760012,6.929160517450331,-4.6735915470619265,-94.8203325626337,0.19992093345911766,0.08268028155746197,-1.1266812511518633,1.079365136018353,0.475606006588336,underground
8.361973410927849,37.26226384309315,4.225068336785434,0.12648745151013172,19.429410037066724,-3.6449374690065355,-61.765009652401474,7.17153280118333,-0.41839802379999647,-56.4996957476577,-0.3313360510976704,0.005334475439952316,5.8348364384361595,1.5218462838691618,0.5904670700639668,street_level
15.978237759005175,55.61696571627872,10.082257290489936,0.17962286751343898,9.68380525888578,-2.34504332098279,-61.5143638669484,5.341740710789402,-1.249126338673805,-62.96124298515436,0.06573784931599755,0.02568474844582256,1.076312806093171,1.5236386074335724,0.9004591524061463,street_level
10.919943518874874,15.347350270855593,5.740333988981922,0.12862285527786485,20.45451405109801,-1.6382513531541942,-68.2557333982837,3.3169196367582394,1.7158687239190833,-71.81311994799927,-0.08266049384947144,-0.0024793637717653964,-0.1728000829161298,0.7876731621496458,0.8616090134756246,street_level
64.40233285744664,68.53532826591604,30.35810829226702,0.5325488569672944,3.1296484418290307,-6.742699514878979,-89.4358362652918,4.1114005617204485,-1.8176802359147413,-67.4213238811873,0.895248566118954,0.0926737662713947,-4.864182069957131,2.7942223680552543,0.5307169938946695,underground
23.236012698517293,52.11016059389007,27.579640673246324,0.1855890510099668,14.936540897925063,1.1213543942994768,-73.57394689978265,7.433898219446421,1.0425888069266689,-87.37414955061692,-0.4489860936693344,-0.0988382644264722,5.726597250186515,1.7536893537463338,0.9469890372689707,above
72.08350315750796,90.63461137475421,53.73575928042757,0.9673154057355432,4.3892567326267535,-19.80861840909014,-88.38395227914445,2.8469326059418867,-7.360098610072414,-84.74865049809175,0.7123816900419362,0.21025869201406178,-1.891489784396791,5.95537264476458,0.4544359370088683,underground
17.762775523955607,73.338704575424,18.47761857137978,0.5155570129020577,11.04760360115267,-1.8173272005341463,-82.46650805231248,6.880756438077096,-5.246630389724771,-77.77995630329357,0.34024210636446867,0.02240316972700052,-2.1292599385296738,3.993826291629846,0.7696035111480961,underground
14.963149018311803,15.968518445516514,13.656569951628992,0.06668127315855997,14.203305361461375,0.8948674677228512,-64.1385589530403,13.891151540210409,-1.642726109788756,-77.88243742088126,0.5998708340066159,0.08503789034218198,-4.486198449954184,3.7370507537080933,0.7714283358941614,street_level
26.134973518934174,58.889411958051845,23.06998838977799,0.3804517936908183,16.25981239665665,3.494029055177055,-61.746220147045456,6.832610343863343,-5.831181244942258,-64.14911751443779,-1.4801728200117303,-0.23252699719345105,7.998120275248361,6.999608395132583,0.9576199788514342,above
9.963960256231509,12.62542821771625,0.48723663723368915,0.009025691271387037,18.43908291055648,-3.395003787382832,-63.55339439146688,5.161723294104722,2.8659266260013467,-61.16541107107891,-0.0595006894780436,-0.0208652330081239,0.09051884033319701,0.22684410410881642,0.5321809562852368,street_level
89.59479089427316,62.77836361896249,41.47679692659105,0.8741072322123054,5.171182883943471,-18.494941569010425,-62.21715922575454,2.619682035286792,-10.85790874633614,-67.01811596335753,1.2700409796778105,0.23014074165013218,-5.888058353389257,4.284120805442026,0.9628550306904584,underground
21.62101722844793,42.86917981239778,4.694030936382202,0.07848910194558058,12.58381980972317,0.6644945463923566,-74.73853306639195,7.8888669375406995,0.32949878075679795,-72.82753792124562,0.03854849170828434,-0.018595831065819607,4.014875419403916,3.2268807304738782,0.8310076595763418,street_level
32.337755639803035,64.54284053577456,28.2598945281457,0.387188891092063,9.983156185098458,-6.459993262064198,-78.33830333063149,5.9254549754217765,3.404266318739916,-88.88066794748616,-1.281679390109181,-0.05949824319069724,7.207295254225619,3.1838900145967015,0.5619955235619718,above
18.5917377986946,30.19785867317903,17.37519329810361,0.3135931720639359,14.341619408756486,1.0443449970909402,-84.65601387664788,1.3531519950392221,-7.972924050474744,-62.54141953513061,0.5520679007530458,0.07596731681118832,-3.792375594416905,1.0004739191539418,0.6725122139785267,underground
6.132280511781142,16.35383231763543,0.9057643414514143,0.06872049138830628,19.802942226162386,-2.5503825380962093,-65.79188352278815,2.738554922175049,0.7480668646257831,-83.03604372763859,0.07215780973534927,-0.007667003369506355,0.3434618529250213,0.7278756395002612,0.5985132720381275,street_level
20.64816281464352,22.574119461488493,14.59560116845258,0.20435941201232782,25.307821898838796,-0.18648751475028558,-65.53934175351392,11.636671359981847,-1.0153846749946933,-84.83582161935882,-0.5464934431025443,-0.06411544940319047,3.290989020481142,2.674855432080235,0.5012039508875943,street_level
18.275071049491274,70.62830285037073,15.937894311726698,0.4038561777188471,4.068981480187492,0.27723015671458384,-82.57205403446333,6.220514198843289,3.743560339268985,-84.42933592539174,-0.9045495872617723,-0.16717345006384032,5.744976988756549,6.566063060369279,0.9593101223224774,above
42.76419730027152,51.81420275758977,39.8636152557288,0.5461065145344559,3.175638993292497,-2.8303000707914006,-81.75079920270163,2.3252537355285594,0.2652948613762991,-92.8451230268859,0.6089403338464723,0.04868074558564998,-3.1595524649650573,2.536020304626999,0.6187877572417533,underground
22.418412141728005,28.902802155975312,12.908552028278026,0.31550995563999074,10.024737009393625,0.2972015853854124,-79.05820369088346,8.762629342912255,-3.0398914737808393,-65.91473650791798,-0.06021565203626,-0.019877192804345887,1.460204066999407,1.9818939786363927,0.8807122964454257,street_level
75.17095314483151,113.63776233766522,48.84284382414027,0.6366009865668398,9.86317240864466,-6.448542246340036,-61.58607472187426,5.553774800788732,-9.741169200391301,-87.59779894580669,1.2092005811059852,0.14318132815817358,-6.663116046257439,7.279504727369326,0.6022662454416214,underground
23.628627524308598,38.539665952053056,6.964361021342664,0.13397690044691132,22.481471451784888,3.862340188747792,-59.45292618820424,13.992027109422088,-0.03240727618873862,-82.53616970387623,-0.7789328604558542,-0.07863276516044689,-1.4763903456738063,5.578574475297115,0.6200206086458578,street_level
37.20706005861677,88.32502771522805,67.62030741716478,0.5141965429444424,3.3021969436967225,-7.546990773665158,-79.02496796350398,1.3566988717355075,-3.5603218093040123,-92.81611231045189,0.5853267997966985,0.15920076450082118,-4.553853013500268,5.751142792423462,0.6644026460473332,underground
29.07174481106341,42.617587811389356,12.193074899420523,0.31734847949353984,21.255155336423307,-0.7602734684117971,-70.3544448277378,5.201188334076453,0.45829111973003567,-65.27324491898571,0.02465045287882435,0.029983610913231665,-1.1953342393285804,1.2387639057635678,0.7090939277839032,street_level
20.559974591965737,32.12715067575939,7.647495209484976,0.026971036813650345,25.784897759694815,2.994126130591779,-59.4517793735009,9.92900817332799,-0.9372609737939559,-58.96313292807501,-0.18541233374129162,0.053651527709243,3.8032438026963344,4.965059549941942,0.7894850912361915,street_level
23.93825285103924,24.77262858993072,16.28111682348321,0.13753386911620252,21.708056824885464,2.777159452657096,-50.214535251331455,4.310886588563001,-2.1586899388770835,-79.45622163794876,-0.14955012890469654,0.017413711251086816,-2.2615759914258846,5.444435281987776,0.42504723778575926,street_level
18.602856620217658,16.577602019904333,4.4548213392252265,0.0648554629335947,22.279454205646744,0.08727415770975355,-73.92399766527471,10.785863154041344,0.020646802959187305,-59.0671880367898,0.5807090815437537,-0.08144855368293649,4.907922755166815,5.192791184146679,0.6880988362477052,street_level
32.82103630663359,51.13349396394871,10.78407772170891,0.2216419968665243,21.532190368799167,-1.9999990516874133,-60.32418111689246,4.141299238479812,0.03521671432396278,-83.12500663293375,0.02108277942885327,0.017004161833899037,0.2740972987839707,0.9984349160786765,0.8706402666588429,street_level
39.48091510051803,66.05840472719484,19.729375681358963,0.5603573738207384,4.325801692622981,-10.87085623355684,-82.96927807313202,4.6268387655107395,0.33413340181598095,-75.24292928669773,0.23803105150699672,0.06958890068934137,-3.375924648674578,1.9626992225735247,0.6106422934626379,underground
22.715004338049795,18.339620156240834,17.497966580897224,0.06760554085434824,10.928884368978762,-1.9252493310197032,-67.28564462669438,12.055824688991402,-2.197381170008156,-70.7303762639223,0.20801136788508545,-0.061269862586042306,-3.5093643594033646,3.2598161617135286,0.7130116861230379,street_level
66.96827629963329,61.001623241522424,55.04889622606844,0.5761419292910913,5.472927146943701,-6.243560164299833,-69.46080623564825,4.560527862335481,-9.591895390105769,-80.37426407272577,1.2590286887318238,0.1337641165335099,-2.27903163635418,1.7362401217302699,0.4501106253043731,underground
7.875587926318401,10.174858404483128,5.935317098334736,0.14206372212991725,22.76338616816825,3.8760958312092804,-69.38514003837395,11.813925092931111,2.531123090731377,-52.62511199209755,-0.04401087862453108,-0.019107687127684184,-0.046144298335140777,0.36966902854148326,0.8992394206112797,street_level
39.18564550988536,59.145209895401756,31.657774680978587,0.4130005921813297,8.112184541731535,0.558659649632645,-61.51179940916185,4.803928724377588,-3.5748585885730435,-94.6398112356784,0.5867307447506326,0.037131861772663644,-0.9601394185904311,1.5082013112545345,0.8993267897962951,underground
31.897782330714985,61.018774337444526,28.82086420236047,0.3178721836703068,14.154039280613896,4.766670600432944,-75.76297964690772,5.710928526060692,-2.9493034412998598,-87.70635770751257,-1.3271726145102969,-0.0983943724642474,6.558872481743697,5.879982792913401,0.752463900719631,above
42.00528169641061,47.03240188157394,18.04172002443329,0.3987188007833141,16.795807839494493,2.889541606944686,-72.16591703437209,10.344687314175731,-4.171310658440678,-91.73510103597472,-0.6842529452237487,-0.1337752004949987,6.312775369780681,6.801287730784937,0.5278808706125311,above
41.00180276500832,35.101332143141676,32.6340082275859,0.4634054218853167,10.248685727761433,-10.643119080357998,-71.05090296621019,3.7864661815373952,0.9525466683960833,-62.80546820707623,0.5401529252267196,0.042006712909324354,-3.0385652323300376,3.148759087267755,0.498798510345057,underground
5.4132539845600665,12.31279449023073,4.400516278942903,0.03101556340909226,9.599609686928225,-1.334260802039677,-66.15595839162896,2.2661666959493325,2.6442895201267334,-79.42399882181573,-0.07869960749573207,-0.012877933288640963,0.4180948869209218,0.22788138982494,0.7961278484199759,street_level
31.221072024362172,35.02698997279484,31.804223583357672,0.456452972115313,4.833682005924221,0.8091873020908587,-81.38426975506759,5.234265450646855,-5.486385100075075,-80.11139729748548,0.2858687742640861,0.04093557999127975,-2.1937393365964697,3.4649439441709715,0.8701515829665868,underground
21.285256761700268,44.63747564990494,11.297079929098548,0.1750489033647137,10.592717659492367,-1.8463273083438763,-64.51579397900426,9.051390508335022,1.6606382269892856,-59.423692937750005,0.31948276127218067,0.06597628066748609,-5.85742838317541,1.479229830984473,0.4686430602908138,street_level
26.043073988777202,45.31708604905028,37.878514670772624,0.2979667840561752,9.247462204974205,-2.3167157344594855,-75.34500196845761,8.831188398900863,-6.9149118445923,-77.15088210176752,0.630703652470886,0.08800322609882945,-2.7708034715451646,1.073829695632258,0.7965092931682589,underground
30.300935270859423,56.14879990340003,13.738569873637129,0.13326781573932145,17.712278444120578,-3.6760333156436005,-56.85090855831353,1.8499004813598208,-3.401774554958677,-64.92031509854436,-0.621680985033605,-0.1474473530901318,2.695426933883671,5.794565437944492,0.8570119270026086,above
19.632682338623912,42.405399960682274,15.21138815501893,0.033552356490562145,22.4468200203504,-0.21996855150506,-76.38012639247502,5.082144249249707,0.256614978927189,-79.84097902918302,0.6474500218473,0.05343855919267246,-1.706712995074442,5.632946703096251,0.5068217137324535,street_level
34.008047401965506,45.80790345971222,24.821004717663357,0.4451415971627881,15.772443372477206,5.9880630833625705,-87.19042644419477,11.605360887901515,4.589096011580425,-62.417940562086926,-1.0587218894324402,-0.22565784012003323,5.9154835637184044,7.467502206961726,0.8739264892211689,above
11.999550334654364,15.631468869772467,5.299440262298544,0.08854779239796594,24.90061309591616,3.80691519608823,-73.29979703213635,11.324511470814297,0.3060367837262161,-67.93923170948636,0.0655453783628746,-0.018952967338118902,-0.4447001283225125,0.6277051370567559,0.7966142316146415,street_level
33.10334104940258,106.74897953081182,76.01132549273748,0.9709956860011775,2.402230125409753,-6.562175316252974,-89.70470381938468,7.069895511920489,-5.643789570444474,-84.2529473474894,0.5666817848848795,0.23308233387256924,-2.7600594970394363,3.7280895995923258,0.6808605447792291,underground
11.433882413641498,13.901476373636003,4.204473957376299,0.10382493043159718,23.927969426294034,3.337414479134287,-56.95387109108181,11.765148644564249,-2.043215370816567,-80.23561619597662,0.11591752915130396,0.018419335527322674,0.16317263281681738,0.7000424111116859,0.7811473184486881,street_level
24.55523659614657,30.616894683429123,24.082213270055448,0.15069796873879102,20.064235721472482,-0.012101392441186576,-56.59965674968744,6.293186278742002,-2.6714153198192294,-72.70746375011527,-0.09183785827280118,-0.019452086389090708,0.7724601962449098,0.47567757958433976,0.8940008430028582,street_level
66.16806459346523,49.381683855075394,32.63653512210174,0.44170502209319207,6.546572414864949,-15.48918288577586,-63.83381871729857,0.4969009208090318,-5.867909743988591,-77.8168134899762,0.3090994908838167,0.15008235130863826,-1.6243290434732245,6.284953482393935,0.5659509854245051,underground
29.255601345598983,50.97476702839132,9.211709850719256,0.1585824095357591,12.946867748592851,-4.1614767044967795,-72.9222888553122,9.027969281485818,1.4176323978368632,-71.19531545605493,0.14417981068656868,-0.024122647820514938,-1.157932815757898,0.5952254862001716,0.6146198982829647,street_level
22.602932425675125,77.96669282870003,32.164602936378195,0.2915889595419381,9.245646674513672,2.8350329032983907,-60.15069588506372,2.0420204257940706,4.433332495898746,-65.59667166005363,-0.5916726104222712,-0.056082767662107846,7.945174940890436,3.6610138019691387,0.8546259929737112,above
40.49805447744716,61.2020547848746,44.389714170220316,0.40292746580172173,2.5374338273981847,-10.420256105852198,-62.59490045160719,1.5484592958437293,-5.731918015336118,-84.24380010640301,1.0450816457972363,0.2390844437943722,-5.222822310836941,2.7627626362702045,0.8025140645993696,underground
15.129825705305432,43.512943405796115,24.741613039322992,0.33723276897434734,24.229642904867404,1.3623254815193073,-69.75019037551881,8.433395448633915,1.8511910361734696,-70.03678002164746,-0.006584764227178894,-0.00620261158574395,-0.8888138487965742,1.0287824651654491,0.9971118259264422,street_level
24.771001634637965,32.94816154609086,16.44346310140471,0.15483840149497272,24.8680810549344,-2.0671992533272414,-72.98839392251112,8.412829973788146,2.894286366205547,-75.3682862449677,0.007598963301490458,0.02293137260901805,3.6808491666954204,2.2300087001037237,0.47883533343136775,street_level
15.801473622163154,28.162390877013234,16.687808450284958,0.25179664409222047,5.073079796244813,1.446698586883679,-57.13010117798298,2.8647236946987733,-1.980722632188768,-87.41477255862033,-0.4457648972189503,-0.051131213706618134,6.943196182448914,6.768279324935389,0.48649443700760797,above
42.0103949115294,72.29808291991111,24.665113695383805,0.4472646744449411,5.21712455812793,-6.646055086199096,-65.75380765931473,2.302377424702626,-7.4238959939237645,-60.12980942902664,0.5410365053611316,0.0634817276042702,-3.6065176797919274,1.6292499267540361,0.7525088230850474,underground
34.73356168510911,25.140131521631876,17.791135743552807,0.18919331462185268,20.47152748254728,-4.041157897727245,-58.4843857149404,3.07417472922511,3.5644820338199574,-84.13723163339048,0.19696328053417664,0.01873872831875864,1.1307632687508722,0.11072463465434468,0.9950820274330434,street_level
23.132672981953988,25.378892385850584,9.043262253837401,0.15252504804929165,3.991716962857491,-2.5368165877537123,-87.60675786009655,8.958549236659636,3.3889316238859486,-85.3129390814425,-0.9142514048922782,-0.23293601242763243,4.875344544359713,6.814342621788547,0.9638598285329673,above
55.25831665090351,75.3168003714567,75.9050232377769,0.7161666567107586,2.7985057248745084,-12.866365283129326,-82.53280594421463,3.3225262970783627,-11.862797900670245,-88.71831963245077,0.7645161953043564,0.06248825642301746,-2.8519355914875524,7.9199729315439695,0.6074178214258896,underground
20.899707370780803,27.212686835707142,5.501483126623267,0.1759525715603203,14.979052167318821,-2.485546316704527,-73.0578513791766,12.512329359563303,-0.15526360265884387,-71.9455589174954,-0.7127622810130065,-0.02565129710864289,1.2439277516842662,5.2939014584651,0.7525575279618808,street_level
84.22143603700718,53.936629247603946,60.59646928687233,0.4825055635827319,1.8484541144939115,-15.936102099520602,-69.1782966988807,2.347797832653173,-4.40753549071531,-69.87712820493189,1.2490506321763952,0.07057429914534229,-2.1683427022917714,4.549672787093538,0.8603432713497554,underground
64.88941632290543,60.97147760873112,60.446133877072704,0.9548715006012534,2.8855020629003802,-6.049371042119706,-84.49487026616893,3.280099095113153,-10.55537043895383,-76.78773626199971,0.4699191420220187,0.13493530815171073,-7.670558879564463,1.8991336016689122,0.5748521481260433,underground
89.81468335565327,119.53467165526409,63.94738056860687,0.8083807408285947,7.014901265109518,-18.32122863802246,-81.83706981015588,1.4479135771465579,-4.847665313791003,-73.7412909739652,1.284953290215803,0.04175268002082921,-3.9001783944214905,1.7162885818701503,0.9689038300193422,underground
19.464215048325748,20.924458917086113,18.06315759755737,0.19419132526937294,15.111859839083948,4.434115730711879,-61.31238252201959,9.570710562392732,0.7637736368783816,-65.79071310153502,0.19456057122596263,-0.02285106104355739,0.16863280253311208,0.7763740972108417,0.8793315061019791,street_level
28.618458788757184,32.062745298626055,10.237159070571202,0.47828121550730957,8.967984296435233,0.13353953341977487,-83.9300384796237,2.763301257227763,-4.385966781979736,-73.96497694227517,0.5440977857546179,0.11782828505880394,-1.5692475946188313,0.86863840357274,0.9191727264485279,underground
75.91044678242008,51.65234473423438,59.49039137130695,0.5075831448939545,5.1291351364166795,-0.2409119529506114,-68.09549076347525,5.293600888080887,-7.865091083444807,-65.3445131457627,0.5055716482316356,0.04352179478741386,-3.94434312570964,5.807626076334494,0.7843775781604236,underground
12.833818569152932,72.34732116067893,22.613326998614102,0.4220397315906089,3.0220358196695765,-1.3399533678912707,-74.0306783422364,2.7916130975076885,-2.4133139623104185,-77.58407485128912,-0.5778355311620433,-0.047100955500732594,3.412310081831865,3.4600456003281135,0.8670558498143068,above
10.897701853797903,41.97884141242247,8.828815251221663,0.1921165475271609,14.492535254109725,1.7041585099906484,-71.96432171582617,9.594181102346099,-1.8586788019269616,-66.60445916912167,0.2767657020997487,0.08747192934713396,-2.0188450284901287,3.066344946585803,0.5996783412195469,street_level
51.64228308849671,91.61152879741446,76.95684595374375,0.7482328598379941,3.7022648928380475,-3.19523980988059,-64.59195790742383,2.9364585981146973,0.5760833909048522,-88.48992738970199,0.671068038442437,0.17597061740484563,-5.422114965493928,5.205444602749297,0.6601212766383419,underground
28.24189311312796,32.68921721079244,17.468581303236952,0.13763846252548906,17.00613350210186,-2.843153588542302,-54.56024153400611,3.842144675354753,1.8260950474493987,-60.694420427562136,0.0895610109810942,0.011266093737479742,0.22683933315602545,1.8782072133942906,0.5100856870371869,street_level
25.41601518470368,44.861775287729955,14.844848577845045,0.34065781960036057,6.3278656233858745,-10.557975625284277,-85.67816545655833,9.411848891966791,-1.6233373854386306,-84.81560300344624,0.35401115717670906,0.09478997551205236,-2.362095407322714,3.814659940299874,0.42992863143751253,underground
10.764760882160433,17.784376861623624,1.1469248212878533,0.11342635960329422,14.901034638851195,0.9789249114325393,-72.91838477981912,2.989183054679903,2.4190768040056767,-57.55640870682086,0.09844281784856479,-0.0012171379603366263,0.41038074154024906,0.3738437897710809,0.8741976679863512,street_level
5.92809391158724,15.901393386142328,4.469130930734559,0.11971950744583046,11.66707287792537,0.9017579599779157,-53.999900564288296,5.163815528376021,0.6602011204605072,-75.32657546631118,-0.06068320629216074,0.019150425547775962,0.34825206684361865,0.5542837247782854,0.8768858560473003,street_level
31.00408523051643,48.47450595714963,10.036253858776723,0.20310997573926165,16.49969737358343,-4.954425132656849,-72.46946341061512,9.107532697710063,2.8968114752400407,-62.91015985600821,0.06801681520066555,0.028808048640284287,0.502220175761412,1.0277193073652926,0.8844091962118994,street_level
76.36608001711784,113.77598078263034,36.071575702561525,0.539646485976321,5.107817135911034,-6.788430592613455,-88.57148801842389,1.011274335682959,0.7311639268612158,-93.85915425056966,0.6556802743084023,0.05143506774418575,-1.8072849262428816,2.74671197604794,0.49318337756537234,underground
5.767736250496592,14.79917244066299,4.8246511459271355,0.13039602531269756,14.232692818366322,-2.243330451450376,-72.88097765072904,7.713329160848842,0.4525914937443516,-81.30548106049707,-0.0666393812589929,0.014934971635463513,-0.03046954444068517,0.3004637599401323,0.7053436223265097,street_level
18.11685246478786,62.316268026216164,35.365870890876245,0.2870070883694348,3.3578325348495737,-2.4411223405919653,-78.1382348561946,7.0559884408145415,-1.002351745583967,-80.60417831827303,0.5373642002654736,0.030843043806072015,-2.9476873656518983,2.5372799660511696,0.858187545065769,underground
11.217821270928777,11.917499570993044,0.26068133451834696,0.05360586148397251,18.40206768659271,1.60089561100666,-72.66661815147697,3.6967413638104456,1.7059307841771911,-56.26957032877671,0.03402879480644452,0.029860372444969932,-0.44409184966823567,0.6060469495507761,0.6569471290508182,street_level
7.878045262753581,11.396818429332772,2.522427183540965,0.06311694177054712,10.321651566512564,-3.6124816860043376,-67.08668439706886,6.702719204817844,-0.4031296305737797,-59.32791354743263,0.13808932021558643,-0.01236133415977025,-0.15748429857190815,0.4170640695693642,0.7206815336337138,street_level
6.774927342242895,15.352164718695137,1.4769851379320535,0.12626196535502973,13.92824217611772,3.0472972968834258,-46.255465687519596,3.414022489920063,2.6304248340034153,-65.33700892098886,-0.015045050612977007,-0.007406067769532343,0.03093333530688336,0.3367672907674349,0.5695624076438648,street_level
15.995091658003648,33.41507448217307,5.2113426544203385,0.21611505691973462,19.602003829548217,-1.984688669608242,-67.21730273243936,6.386627256973648,2.6108451383093314,-63.81261857019287,-0.5944651860783629,0.050910645072032024,-4.251817865520419,2.253407847552074,0.5309806254520013,street_level
64.04939939986713,83.75540334033126,35.40980153666594,0.37910367796383915,3.8574629866306456,-3.3880369638528904,-76.2036838080493,4.553111285811117,-5.461030544573288,-76.60863313767909,0.6299568818820289,0.10685730532109666,-1.7200837935468787,4.518148344449896,0.785331909077003,underground
32.42544694342263,35.63636472379413,22.540209611390644,0.2228732220711408,11.504722081579207,2.5921759042105936,-61.20341817264848,8.319757588187514,-3.5567567230059236,-84.31365875024098,0.022619871846316697,0.020843863759315566,-1.4310786942441909,1.6207125428235167,0.9190518463813977,street_level
28.576777303299163,54.628191638224195,11.248870775845417,0.48050784456751017,8.733958241720675,-4.1790071762936964,-67.07457148866655,5.748537113052088,2.313562106566671,-67.51010667413527,-0.37594815270674875,-0.23507514222985493,3.9433540092367596,3.823888603823553,0.6358429473643463,above
16.268432373429278,29.141370645867163,15.852470320773532,0.08989778919638372,21.26632065006394,1.0754845558084112,-76.40664238950258,6.083388485004364,1.5134788713517544,-75.23390669862604,0.7989489865099948,0.048915669903578346,1.4634294434820276,2.2724599127496887,0.7809882410131196,street_level
8.343959608083441,10.181350845876716,4.965465849935542,0.13826562696148048,21.98203209987367,0.4268018121497681,-49.37566023092848,3.357537992658624,-0.42458940078768137,-63.263476398846876,-0.09989404082351475,0.004644697273035812,-0.4782332216637174,0.1740592877500256,0.7921452595029244,street_level
5.131768324631617,12.05250953209195,2.5502922636975978,0.03500089390182437,20.789473234533546,-3.479146117163663,-63.797650817858,10.31534801758604,-1.7912799897450962,-56.95968246782165,-0.05817483450044798,-0.007397718178645558,-0.07061151105218066,0.7450016158289943,0.8114649200892761,street_level
75.528191818575,104.34210575178567,26.765446266518044,0.6225900131496345,7.561262290324786,-10.408083757797883,-82.45779006224899,4.602888694498022,0.8928299810135503,-68.80496700853297,1.192717367481716,0.14135766384787993,-3.6414713243045833,4.258003543384749,0.6901778018886663,underground
4.75819351305809,8.834082845385128,2.4021336391388504,0.07304101002140802,14.273283434837127,-3.45247770281422,-48.24611683589765,5.878505842085418,0.14036162862447688,-51.1372888029337,-0.03657760882819737,-0.004378694661775161,-0.32498487554295497,0.6780183265167696,0.8638686201082131,street_level
35.0484729361079,77.02450304920634,26.149845490398754,0.4002647388175088,12.910615632373009,3.82404135363862,-57.91236668790151,1.8628244629209156,-0.11604624147888476,-88.75386680333605,-1.163045288672595,-0.23237256037363688,6.10404675787691,3.4036208431736017,0.5039499681916375,above
10.352292746956742,14.35784505361757,3.5268706305386486,0.08648096050657864,20.915579053015612,2.8080836426552054,-62.15760595077074,2.9322623285087728,2.628676160187341,-83.1936674048246,-0.09573387760904836,0.019004408386852745,-0.4292392488770038,0.0733370904723909,0.7905559938764815,street_level
20.324950843719648,24.238159218716255,22.29583651626767,0.23091710609092142,13.838677536829607,-2.5406313373145464,-55.802800360813855,9.340967863171686,3.4899197433496463,-60.62832578003679,0.16179307373326238,0.027380432715539527,0.1311881834169275,1.5060268470053173,0.7359278397839353,street_level
29.147875820621703,76.35681801333183,28.012922115616387,0.35644737702147766,9.624963280412466,0.17302276313004405,-87.45028360224785,2.4692021791678176,-0.3561293545749127,-89.92944887334794,-0.8493552152558532,-0.1924711253992101,1.5858770906186148,4.8683495943312085,0.6397370124625423,above
31.607131596297197,32.674937389563425,27.76004497135181,0.23975183064026284,12.497431146983152,4.081131135223071,-82.19005446790086,9.802130144343236,-2.4598164421115603,-71.18817927739332,-0.9411512190865134,-0.11293612052619328,2.4834733773516167,1.913111592937066,0.7437039714087978,above
14.91770798845086,41.85570076510625,15.566285433747208,0.04574951834299633,21.048461068463148,1.813756787165639,-54.26886809629343,13.675006227258015,-0.4058925132404583,-76.18961908808286,0.1864420230757846,-0.024147913300465992,1.3412280370679435,1.8466763987575987,0.4207028712607387,street_level
18.260787608301914,63.36522683579589,31.190982865849286,0.4567195042488175,4.170758694955673,-4.467046012561704,-67.32710952362851,1.0800512238213271,-4.4809827594721785,-84.81809433865061,0.4100934733667406,0.03241999194214569,-1.6371008894429395,3.650111665163105,0.7580225623126304,underground
23.29387885520444,54.861690599222,33.17612503699852,0.37176401798199576,13.183378129054166,-3.335718772386871,-78.98918947075066,7.16119088057037,-4.042941093250855,-76.50781068189876,-0.4076760547932454,-0.11835553611963665,2.374774375991043,4.839738348565053,0.570910083285454,above
7.948138059826599,8.228756179335047,0.8688570087143741,0.11039257113539412,17.43783903464277,3.6626443572891736,-45.281858260238664,7.498050498539783,-0.9909220000757823,-54.29077867586551,-0.05916529834514779,0.029138004032811735,0.36674541039957853,0.4753248821809167,0.9540127808869847,street_level
43.76842471616514,63.35999667813611,11.37239941850715,0.12140285138735996,13.139913474865748,2.5300669926942216,-71.17877267962477,11.245230777670326,-5.948754932600342,-84.83702511781786,-1.2239936653547963,-0.0847992641417788,3.426539739197997,3.0463517924301744,0.7067763691070079,above
19.58510072725547,42.308883210583424,8.272014322920857,0.10141518849277584,16.28431645901989,2.28611121196786,-66.14151925538995,11.078876368763304,-2.749826691329753,-69.68798586786387,0.06330570216090517,7.06279994560563e-05,0.35981489808914624,0.44576238868012186,0.6005673732167607,street_level
60.07314220351495,110.32477214222247,18.599334974341563,0.8183787759998962,1.4358486711868046,2.180058769306857,-67.56427296795424,6.91558600908183,-7.584661166721158,-82.20653036200765,0.9745132859062364,0.07545536504322659,-2.4572891321959407,2.4597419910934426,0.7039851637804997,underground
16.319015352801912,52.25481712905767,24.02651601131687,0.243931410042608,9.536284141788625,-0.6831365280964894,-73.09713367007218,3.951155692393142,-1.9109165137965132,-58.51519474605628,0.0582057826387839,-0.006534000930545958,0.8050369774386006,1.483067920635662,0.875860049368814,street_level
28.077884035969376,64.44032136070338,35.100111604635785,0.8638332910381143,2.0799691329771584,-17.977326347077955,-64.33935605039788,5.370188317178345,-3.589958956601846,-75.93591549330581,1.0247613063801861,0.08403904006206186,-2.5837860942055046,7.736811746610239,0.6953522173419526,underground
9.85296558553353,38.679569727694,16.992386283801004,0.03484189881112183,16.825325764298533,-2.19225233486475,-75.4460545634313,12.022302750493855,-1.4701711001109354,-80.095435123078,-0.4090392833247878,0.04942731119101473,-4.449973760714584,2.302281339695947,0.5121482680461805,street_level
32.29553585937131,78.11222097328951,21.894344683234195,0.5680244897381874,11.654380227874675,-1.5514554971337802,-82.09619980469654,6.578478110361435,-7.472572893249938,-87.04332237880533,0.6870951464314463,0.09911191404802588,-1.3639029907373068,2.3414716364942496,0.9888782763337611,underground
31.725585933444403,34.408687493550744,28.51869423144933,0.4413112782736631,4.517340252136993,2.754528960975703,-73.9141527007369,4.370281373491764,2.6269007494992014,-65.05363347273284,-0.7081232810721623,-0.22224690212876824,4.788159139696862,5.085532418257948,0.8553517079682236,above
24.82340315502657,52.27636197909639,20.318948720282595,0.8935776192026849,5.069033434282875,-8.560673599975328,-73.96140048501977,1.8316626317829474,-9.283556351966112,-94.01303325188059,0.5606443046500023,0.1340769131386476,-4.137558207110777,2.572736907397844,0.5122138095909027,underground
22.58504874746966,29.547410248200123,26.219559531161995,0.42564493782361323,6.740267154466883,-2.848224518115333,-67.05229002961396,1.4778946470222316,-4.5566284045590475,-83.21219079658371,-0.3001508598358489,-0.1366374296493844,2.380752669271483,6.489418010999993,0.7916697561181416,above
24.89100932038787,44.73338589560214,6.672973766387816,0.027701144054111487,12.571921086156184,-3.6150260736281856,-63.77058260291155,5.475660169943682,2.075384214668299,-58.96910163315622,0.22752687022042783,-0.09758371897197911,-3.5579256837917006,3.7365087194651267,0.7226146529610997,street_level
31.306252824850844,51.512668923107555,20.615575942024453,0.36331728336379177,14.209193785067997,-1.0180190928642894,-86.75042621728312,7.550010316519361,-1.256538731626831,-77.82238910598875,0.3117748486745152,0.06646609130230625,-1.5525483615960063,1.8244276476781232,0.7472430624566004,underground
6.514728361589121,15.916544086412202,3.9534926280116385,0.08291115908540354,16.465075611202167,-3.992336955179929,-48.72654229877402,7.49438976112598,0.891133878360983,-78.69801791643901,0.09525474024679595,0.019498758042017124,0.35824745058794927,0.3606874592929861,0.8731131405961142,street_level
5.029460345428041,12.559184409353946,2.5350516409224264,0.11305478780600489,18.145473766608497,-3.139134861076877,-65.2626405416363,8.681638848161153,0.846542863991389,-69.29099348958208,-0.1418109292747802,0.01963793797817242,0.3826788051360781,0.29680042500566517,0.6246622891296795,street_level
11.182022373743482,12.371316546537486,0.6198717495972326,0.0811320334314469,22.541997249193958,1.5994430018937873,-56.24021217960185,4.697899666230864,1.1129645863311506,-62.849237675265606,0.1358532246243598,-0.0030739624495553335,0.10352920375430574,0.37935948254898577,0.6160396455291564,street_level
71.58998416397704,65.01225578490158,62.404387854388254,0.6116368880485306,6.586910405704095,-0.955349365031271,-84.144937222383,2.1566509968856424,-6.1193205443542515,-94.71533122795051,1.286939351355248,0.12180786054760362,-7.07104987501143,6.852225042965476,0.840361684181455,underground
73.38617428538502,103.7538887888656,19.94283756198,0.7089090994142024,3.9156886418740786,0.332027132025825,-89.4985315024115,7.152854162190449,-9.690382929044981,-94.32338179705991,0.7774010682866768,0.21040085613536041,-5.800019265269301,1.6317002330604837,0.548895415367718,underground
79.54928640745375,110.96881684731535,72.29653415154803,0.922922192276751,9.281806154340854,-6.708984778479859,-77.46641537067816,0.5282570629827505,-10.784032922639012,-67.24719538099727,0.4029591059549004,0.0784921382225453,-7.165814378048656,4.821063925087002,0.7955461145147928,underground
75.24730020684865,97.87687186482134,22.805814672627726,0.6213262947768055,8.616880657218761,-7.994358233803942,-68.74737748646298,1.724594710523327,-1.3913853275477894,-83.1286080102691,0.4907142463884897,0.21737516530899506,-6.722430412446814,4.030525514254666,0.4717009962947937,underground
42.417374586692645,65.33227463143656,34.26544295280023,0.47142960628729297,7.391496077365884,-2.535671733762598,-67.0385880521911,1.910125217008896,-5.963585359801194,-72.3822598286812,0.30199662566524454,0.08163259124542094,-2.172934161876248,1.1177351236961544,0.6460611172855227,underground
4.1870352554604136,15.05675347842229,4.480945710470468,0.06724020373044577,14.772407940337201,3.161853734258848,-69.25235147029022,9.21656121135485,1.500040261679814,-71.42632712433948,-0.10820649218596137,0.02304606221491135,0.17077157768037654,0.5443404007455059,0.7848812316689939,street_level
12.641894153815292,15.121894089503341,9.29537242238706,0.2069592670375824,10.326979127254916,-2.5767106742705836,-61.90181356333356,11.79175357893896,-2.302100686812919,-73.12045140600237,0.5058874214639475,0.06387325695321278,3.090090905636231,5.010731157210855,0.6538831143457007,street_level
66.13867971391062,99.94379986978623,43.960327364686705,0.7071540360206694,2.783168632846568,-8.078587445125377,-87.42674861502879,6.432374484823367,-5.9871988888892105,-86.24412316803682,0.5942614981751844,0.05073227904327367,-5.3157598608378835,4.412427766868122,0.46451712461954936,underground
5.758712882253574,12.593800909759983,2.283165820064079,0.07057929000233812,19.125134259376132,-1.4663914771014719,-52.058022491818136,11.794887128494146,-1.1841020244508658,-63.78587594228599,0.052491737400719274,0.014393572816807046,0.29210453089152477,0.31750110946686805,0.5846103444672108,street_level
36.993818654732976,52.95000506328344,21.528609176037662,0.44166700237771084,14.24525191993317,-7.821012123325019,-62.09306191977009,10.43066789971712,-3.765710234109979,-85.34099050635719,-1.214489403173039,-0.06797713338094494,5.443704073315837,5.890408729484325,0.424400532329815,above
35.2997816516825,63.56335384261342,11.986676353438652,0.33003667148265303,16.26280209634203,3.6767988528097533,-55.59511020071271,7.844951438844486,-2.41531572986212,-65.76209999596995,-1.2524911193469654,-0.14587366573835342,1.9495065758930168,3.324205651957707,0.6568005653334691,above
11.391170474113578,15.422120543229187,3.880965505413057,0.14712781749986775,17.40020030642469,-0.47354555045129665,-53.49168979759855,5.790867016003078,-0.45678099775048375,-56.28015821888968,0.04807737825220232,0.008776276626642814,0.10395194550137776,0.773084382600162,0.8984186641359091,street_level
48.627253156782984,97.535225657228,34.39689308718343,0.9960761813016437,2.7586039249750662,-18.74976848531453,-78.27352815801538,5.846680597989413,-7.3856108917904955,-68.65521092509293,0.3957556296216366,0.21701504633686222,-7.419340903668452,1.5252874992630892,0.8711661300503497,underground
18.298176332073318,27.366785041747505,20.89617816887007,0.4471463979114635,15.806666151898963,5.088084982760984,-62.78239176028501,7.447812676846918,1.8525877885847688,-65.01847744334691,-0.7109009006258659,-0.23039589457181164,6.818038752654026,7.0066825985860675,0.511732027427382,above
62.45631894325318,86.33394492785803,69.2352313529622,0.912597819619908,2.8116989627362523,-11.416807164188606,-88.83552773816696,1.3210071513054533,0.21102826589104673,-80.14563100768493,1.3192018326051336,0.04203838354301752,-5.945441908521122,1.875113717481853,0.9577677765749936,underground
70.198545327159,113.71388544259611,64.12319252374127,0.9342569975480494,5.695184831360999,-18.1234962082393,-74.89375496876065,1.3956505034081523,2.9228407246242227,-84.93338882599038,1.0031489664309843,0.09384896364309592,-5.072779363633609,4.349329623890405,0.5391301311573418,underground
32.28430603309117,61.13687985872882,52.14357135727417,0.7816037820345427,9.096157969673914,1.015788478390398,-76.47654100055912,5.9973806764879365,-9.081373119452564,-68.63259079698322,1.3882883448590388,0.12462213392194027,-4.853793751502244,4.419715131723843,0.6515266280049492,underground
26.795689964138198,28.677691145329916,31.81163338649707,0.2626728305580376,12.153533444401987,-0.4423935760393434,-59.54833247539951,4.444654965431107,-6.237124101046609,-87.83592673843228,0.4237100024292456,0.11334282397955278,-1.5469251078866826,0.9536191675119021,0.4325810097518902,underground
32.303500810443396,30.584778340630198,23.688585050373234,0.3082191791706584,12.395121237405517,0.935540017806014,-88.5596121989475,8.716581500979014,0.7706702942123851,-87.75675157193933,0.44459291846918003,0.07847409418515534,-3.205565019980602,3.5665996744246025,0.9120659193040949,underground
5.017184209953361,8.35953439171022,2.946148119763707,0.07736406003716528,20.93840286086406,3.131173980523701,-60.855258309245215,2.3283370834115793,2.337703145290714,-70.69213385537262,0.03949949490740792,0.026535510698955586,-0.37585840521287206,0.6512327495330021,0.8333158888202401,street_level
24.838993026510593,29.177639003991608,14.477038457376329,0.11552526586365407,18.54054712759556,3.9319367983044886,-75.83042106279595,3.6381522079857778,-0.5139935977097716,-65.65244617980073,0.062026536539020904,0.07411052740051868,-4.9510096125199645,1.5885686561956267,0.664599933233279,street_level
12.167915813187278,16.585782942367462,5.0526197417130385,0.18111874108999648,10.995460958254201,-1.6206779294555744,-61.326649418179386,3.593566624273122,0.5884444043118853,-82.15003369274827,-0.21842647994582287,-0.01176803644571156,-4.015927523251123,4.510061824308934,0.4679356575105767,street_level
20.161100443452455,67.31030086774831,32.099627699380896,0.38667913909209733,12.906697773340532,1.3480875314136949,-88.82798925633021,4.6663937747254565,-1.8176016210462418,-73.75216604204194,0.27373589170740414,0.10381465872261383,-3.5564694156815104,1.362716420767903,0.5045931780303492,underground
9.256912353924251,36.22768564326694,8.890949548129884,0.10727505208221509,24.022702365231652,-0.853766251662349,-74.24243622898044,8.450820191915312,1.7342327712977097,-60.38102566887126,-0.7025765181254885,0.047818500172787604,2.918958915904321,4.311705513369092,0.6482770244695506,street_level
7.423409213753957,14.530056115138505,1.9791269495722703,0.11970538200072553,23.038702570388615,-0.7205635343937482,-56.901714771134124,6.735938873461709,0.8544085989917725,-54.87710253271223,-0.06995550222697226,0.0012846621327031044,0.4928784465721747,0.6336287504991838,0.921713944360214,street_level
34.7394420012238,22.13286384673815,24.3247828731763,0.27572258367029423,17.650733280546035,-4.796212110678928,-53.36882537693441,3.5613781809532377,-3.452117687178391,-82.120271688229,0.19988456198458857,0.006313457007863184,0.9248935429196692,1.2014062413219342,0.6377383352879822,street_level
33.369915444786265,53.639607675376745,10.119146869422451,0.2644563206694635,15.247606137394015,1.600944179660253,-83.25042548725042,7.163891470419814,2.423010592190227,-59.053095694981195,-0.6842400247132515,-0.2480905550172115,5.539025396264709,5.704403692325819,0.5502948978201596,above
40.88349259258338,65.8332680606501,19.65414720816534,0.20535793703857982,11.216598264878666,-1.5920528888379195,-86.60229102539229,3.2097128432999043,0.21618279092690962,-74.30485018770503,0.6456302616882506,0.04741338271887107,-1.8363677154059026,2.5952629965133447,0.5679476134819184,underground
15.870526081412148,20.401565661266446,11.849267650547871,0.31168091193734704,19.152950024203257,0.0649166875248035,-52.43947421290382,11.87225777804537,0.604562556621917,-66.70170078339557,0.19354414737528883,-0.016806579908179048,1.4037342506264685,1.0920791176938534,0.6087771598777143,street_level
27.30888771908618,45.05096937178692,11.66638987518563,0.1073215761091571,21.740782124716418,-1.9497317299457553,-67.37225762015781,11.124641636284462,-0.4065013176703678,-80.51256170037996,0.1780011708434611,0.039259593092183145,-1.1348599259136445,1.1750401713426293,0.9856103215171946,street_level
10.372695591608089,20.42844860672723,7.41161118467001,0.06657170153993851,10.64173144346702,1.26344558676466,-55.181180319349714,8.136146777797057,1.808158656139959,-77.34429685775086,-0.6220905978862894,-0.06847998682572098,3.905973138284292,5.517524502798031,0.716015413353819,street_level
19.20391818525271,48.56596596795195,23.035386934929335,0.2705551451488566,15.252128680709529,-4.346843019468548,-67.26155417713073,11.653619314531916,-2.142587769969727,-84.40174169523222,0.018687619345843717,0.009068837993061872,0.37137321866950224,0.8617636891298286,0.9828607217867238,street_level
15.966360363653603,34.67203409477756,11.246423823735846,0.18325513386682002,13.294464545279222,0.4140926264266307,-68.99366569432014,3.406575274600566,-3.354266674670045,-69.43765632642265,0.11503635681802346,0.004124806148717755,-0.9781479691968309,1.761386627116193,0.5411289337585925,street_level
80.63929877031399,113.84713726781585,43.098732038741865,0.9144711329585296,8.38920208999036,-3.2229426664466807,-62.626126205876695,4.153195590469159,-3.647632562205441,-84.15894320556431,1.4964959451658324,0.2205049340498602,-3.505597396148314,2.6265536687026194,0.6324562798047708,underground
7.791392758443733,13.332236593149975,5.487576146500022,0.07273408158383542,9.639671875941414,-3.3796178181273246,-61.57541507508472,8.719925124734056,2.287353015635226,-54.89468587330897,-0.0564419406746816,-0.01756465005681053,-0.2061860779262904,0.2018251958314294,0.584609241530535,street_level
4.574450825277391,12.158402447799247,2.813770803376964,0.058436387595878506,13.61296808173727,3.0504865825138214,-68.3157384805161,7.682175057211846,-1.9279382926870967,-78.44401016083334,-0.12107315307127772,0.0031220382295311447,-0.26526968771457904,0.1639616750006776,0.9391432572250367,street_level
27.71117724320107,43.69775385812668,12.836632272668428,0.5286480927437414,4.069633365050575,-8.599608151605869,-86.50981082313626,3.8460546704202336,0.8882618897272216,-90.26509829935696,0.672060543661575,0.023650710776200106,-3.162870028108876,2.155983822680053,0.8768374668373616,underground
62.58896412133992,65.91729613959959,33.139214747175885,0.6261729713495962,9.680157310033046,0.7690536244194917,-60.62584197789738,5.8211094835323625,-9.957826645705428,-72.04163914521267,1.0759237280967355,0.11049178641196161,-5.186191855734447,5.56504827173004,0.934670772696235,underground
30.814709446307575,66.46664441665658,61.08236555201372,0.8772473346279364,2.949726382261866,-11.155728880570885,-66.63301198902946,3.3082263512504797,-5.382553972993399,-67.54923045159296,0.8936054516760094,0.15550819512797948,-5.11049960784994,2.5344957823316836,0.407423489903279,underground
15.316472963581852,35.51231003493933,7.423432641912088,0.07664268831153526,21.830557326505975,-2.415600220519572,-76.89372094837715,13.229240311547166,-2.1382259887122066,-73.59939907447315,0.17975535336178472,0.008402584294863846,-5.86748608398112,4.50436286763882,0.5688872117462329,street_level
23.47470406942078,91.22501058531816,71.75317841966267,0.523219860819947,0.8756431323902858,-12.854335700633467,-78.304321744805,3.8032568194361147,-2.389768295563469,-67.98125361983018,1.198511119490555,0.11887907727399605,-7.073568451434609,5.633352491496812,0.40685226719878764,underground
6.445953013806801,13.740496407819098,5.927492526801228,0.005468467475061045,21.817337278508283,-3.8530464119690695,-55.784129389189175,7.89762834235416,2.263488653905937,-77.92218790806791,0.018318749945670593,-0.008761686070507285,0.09357987256271572,0.593894990937271,0.631234957880658,street_level
36.08465195504067,72.3240024422245,26.684796180641783,0.5350786537732908,1.5101150270584296,2.590925244728467,-64.50045937571187,1.2321644670380998,1.914860966598047,-89.91907348547515,0.9451595171664466,0.20720392704194737,-1.9152803782064103,3.96557289198881,0.8076925566371074,underground
32.83762292487646,49.31468383901517,20.489086851445478,0.27317915518538816,14.417560251385744,-0.7207294329057241,-78.99246093793843,3.726573859335771,-2.5380211177830083,-86.83710570315125,-0.8321348912321092,-0.24827488717362872,1.8774956342143536,5.2254166429916395,0.5403950323350648,above
5.9962483955659795,15.938402911207323,5.401144542305428,0.12196789506799824,14.32190051954959,-1.9829631896108735,-63.63682228120752,2.2705371527777967,2.4939639595104754,-67.68603057026507,-0.1300809157412467,0.0030761929048016834,0.46881502457315394,0.16949764785006594,0.6630909412531973,street_level
14.509751704351762,15.370963650488697,12.827505527356161,0.13777126288489586,23.43092637631743,-1.449448768300587,-69.60286521105103,11.599619729561473,2.8110985297780555,-65.48688150097253,-0.35552680386870006,-0.062131830462202636,-2.712554962287884,3.9474942713745134,0.6823562988440228,street_level
24.103912801262474,43.314208250427654,17.82192707703328,0.17612243900426777,4.341118270037261,3.498301285812323,-71.64064981620189,9.039665638440674,4.395407572658721,-73.95015185473865,-0.38059549160880657,-0.06606833678335233,4.097683382175704,7.0015135859877455,0.8144973823551426,above
30.6701979346679,66.40557161832632,18.95264300961582,0.111142615380358,13.451249607631421,-2.129860931965875,-71.39839313778748,1.5493215115347851,-0.4833908500800179,-76.83691481506659,-1.1150642672833768,-0.08284976146131831,4.095266856329467,4.210216557345774,0.423553849503709,above
11.040679855241304,19.18489678081885,11.458055881565294,0.15495225333546847,22.007811386293582,0.46304633706147413,-72.3891887393685,7.031547612857685,2.2834305932025645,-73.96852326389784,-0.7412333356576308,0.023351117192576695,-1.9224649708673223,3.316447440946341,0.8908526871508333,street_level
7.902900423907637,14.333043046153582,1.3739727302702236,0.07222025120482953,10.771217881723544,-0.2994320947300304,-50.093381102737936,9.053613905533545,1.0039070471292062,-73.35629937529977,-0.01694080616201521,0.0187268507709663,0.25946940449131783,0.46126460336555636,0.6810618317731528,street_level
41.60210648678033,76.60939169423787,8.93318659218831,0.1740122592536345,10.185772044897993,-6.501910480509458,-83.31811135884088,2.551224442941894,1.5230856904949093,-63.237712481763,-0.5530417819691623,-0.19094313663845439,7.249683085324964,5.141881609234636,0.4693540778067769,above
11.748445590317337,14.219806754457112,5.0585114939534535,0.010382118683904706,17.152873374934615,0.11663732369213253,-53.359882536689454,11.4319912565583,-0.5352485330814174,-81.81717835018645,0.00043794957345844043,-0.020323649960079855,0.46933568569792483,0.5639633101577516,0.7492734082396493,street_level
5.255059826787165,14.343903547063263,2.1004447671076294,0.06358502788260813,11.767650635638908,3.1002694909396977,-59.33533920319029,2.9119054590247098,-2.6480179685785052,-72.52318009241425,-0.03294398130805368,-0.02067184507836671,0.07348768359988156,0.48876058479487344,0.8615108381037146,street_level
8.896490681511928,11.51966109499812,3.48775700577475,0.10839398121395853,17.60695487235208,-0.7285352907118883,-45.72131928189928,5.961140905060489,-0.514103740059463,-77.37427261957426,0.01891273915866551,-0.017375739106621678,-0.007751788874328924,0.11980130876971345,0.5052134117535028,street_level
4.196971707019795,13.990092904397496,1.1529824037353815,0.05766954982432775,12.632319010331848,0.3465342072062594,-66.9381034420378,4.977690903352805,-0.7871094411335093,-71.82120448561886,-0.12359730915494586,-0.029812210974848125,0.4168981473588763,0.20806084444838113,0.6727499591963378,street_level
15.052550205904044,69.65951795475138,22.663842423989088,0.35922953622714227,10.922891014549673,-5.53343024892982,-82.56518868330738,6.555448111857282,-2.637882613179824,-60.175349889222176,-0.45421616035650336,-0.0436061061876126,1.6012060032432345,7.634564450686708,0.5822852648032393,above
41.21241330641845,29.426030702241132,11.37856237715453,0.28502560020210044,13.424064469985339,-5.577574127706822,-67.97585109196051,8.177738885723976,-7.862754840276503,-83.7353676086049,0.5505232253227779,0.03616443455336625,-1.4869716075694766,0.928820439603351,0.5666512093519964,underground
31.928494419004465,40.61600008714137,29.568270212765313,0.1625866227074751,7.290887146882947,-5.788385455196112,-84.67350584318893,1.9240139102121203,4.204461827073079,-86.46287982324826,-1.2582675826489136,-0.20770361955126876,5.319772019122927,6.01144419152885,0.43794602229866414,above
4.584569454864969,14.29772039631775,0.8300062351490582,0.12503533728358235,11.056924903987547,3.0978079143395103,-74.44079656128896,7.968582742656628,-1.8745957570809892,-80.63914320840888,-0.05570977062723924,-0.01777311928039116,-0.24357523136701675,0.6992486909905132,0.9338852550022403,street_level
30.579203526076647,113.09252526734326,37.76939618619556,0.8449259214275839,8.342486213664262,2.7306130653161205,-86.43358869338529,6.050530994806782,-3.6199329531984006,-70.59724872963824,1.4925226943180314,0.1706602057709093,-7.217827439101079,6.457366048006008,0.744727962371079,underground
37.896248339578165,39.74782386001073,11.769882660611517,0.2513540266740899,5.569667397360862,-7.664665718104559,-72.23707972573231,1.5193798877158653,0.16231798123040164,-72.50192982370692,0.2675336277200036,0.071611577795794,-1.080109931793058,1.7308989345278434,0.7792570935130253,underground
27.289122546010187,97.92276936705963,77.519793254651,0.5292059751003602,5.313432604749108,-0.750340482794563,-85.33937622675452,7.544338033307014,-0.5536883710829734,-77.63019277435995,1.4332510940775314,0.1177819976881935,-5.025499714100164,7.0163047519338795,0.9158384768043475,underground
22.949771141023817,30.080556922565382,12.33609509030149,0.0259983810520605,20.961176488172867,-1.846814549514729,-74.85898432585655,7.529916839030107,-0.9369803703150827,-58.013257652711715,0.2161211220449557,0.06655186601223215,-5.016273713314018,5.1316119983401665,0.746414394500238,street_level
35.367985791682145,54.44767232632698,21.98320247592692,0.21828892620173979,10.101287721206731,1.371870816211823,-70.85646467988445,3.0216228939873795,3.996389143092557,-90.94712786883147,-0.5359837469676836,-0.04252981160959088,3.042072917663904,7.84806404541215,0.5950601479205373,above
25.870904926803316,108.43135179883862,61.87436206715731,0.8600329849174478,2.738595647208315,-5.706035500285074,-62.85921067091474,3.173370853101135,-7.539776458696186,-94.33543243747728,0.7637619269286262,0.22556741754562992,-2.8745924238706593,4.179360618827875,0.5427154980996421,underground
33.66494238666564,61.876121322044405,36.61508127877424,0.23549082321324746,3.860604489058827,-5.833216965203705,-74.09490778469976,4.020033856575568,0.44043452525145277,-87.78452249141361,0.25934059275270616,0.034877033664411264,-1.1091671384788722,3.3767508812628693,0.49268225018768586,underground
12.407369339763443,45.841410606716124,30.026975328919587,0.16582873430042844,9.80098835502961,2.416430141924307,-87.36412610557417,3.875843552399893,3.4634062890050714,-69.87796401657822,-1.4527201677858133,-0.19263538955212003,7.124747410969393,2.12463942089677,0.6593815499426101,above
32.995044189516264,51.292861648361146,13.013978260962293,0.3116011598118454,6.257179165564009,-7.982699505322607,-89.48680799039242,8.621625191500698,0.15237573470775523,-66.30033439624245,0.6472374885250523,0.09774252931854918,-2.5715225825855024,2.1625490037266735,0.8940048550672424,underground
32.57249190526552,29.923244665915508,23.71782428486867,0.339952297676534,21.07834087309907,-0.8242948276447795,-50.46049375298895,3.889752055086127,-2.734505623566979,-67.10150153118062,0.060835456981617325,0.032153041618647404,-1.4421510099872168,1.94253039762842,0.5997043319096989,street_level
89.90369699852447,49.499186252632356,18.285272511333954,0.6304135245689851,5.47576521638517,-17.654376320216528,-63.22587868844254,2.8973475213455044,-4.5684949343807215,-84.43300549820789,0.971102579288802,0.235247429214294,-2.613907681640443,6.5156635244269445,0.8524347652082598,underground
32.31424827235492,92.50335801675556,21.77362911986223,0.38342153894388703,0.5933919126567766,-11.515806730312672,-80.97780370254848,2.488241477319118,-0.531601340024956,-85.44651747257039,1.3413806470516907,0.12260324997307617,-7.128198062603224,6.693861935228638,0.9667025826988646,underground
6.242671206102226,11.755444018914396,0.5026874381294149,0.041531120166654285,14.398527981094446,2.537440495817653,-69.99537409474594,11.59983852244081,-0.5287924865058384,-83.1806305479774,-0.04872874562403336,0.018618308742652842,0.12720415877158697,0.35386760481313306,0.6740086693065375,street_level
15.900373248901305,26.08503814755972,17.734235169255196,0.2227112769426574,14.55258364528363,-4.562831092332612,-54.15708803471915,8.843410189288031,0.6505379399492819,-56.96334632119873,0.09935567073787169,0.008551713358372064,-1.0375697198950202,0.3609559180199866,0.6911762438747331,street_level
36.754512042772824,44.01653957457364,14.610668926167385,0.1469204259264436,9.904208146929445,-5.20554272169722,-56.7263169588867,1.4387667983949215,1.581138651977123,-64.87236131129771,-0.9228106755135541,-0.08181784293181116,6.434856246277444,3.296366380069472,0.965234839316742,above
15.822796389302262,32.7982533305915,14.285768236008431,0.15359478639526616,15.114803184170844,0.6302184831445299,-69.53918314253225,11.041589126146176,-0.9534433546136691,-61.73093495369862,-0.7628790394180627,0.08244055778672996,1.3642479692739062,3.5746478259840364,0.6236615905815812,street_level
17.484559797710624,30.672409591332,15.895691978290495,0.17831012998033727,23.123216287380956,-0.13407897587995343,-59.467732690231834,4.063955497184068,0.3836003904745984,-55.20605068907233,0.15695484705498985,0.02621511852262501,1.3578027681769065,1.480582238504399,0.4825731745694974,street_level
33.25247976704773,39.17933992612606,15.054061836999974,0.2109282325384021,10.611671132895959,-1.3840778894834571,-61.527595564323235,10.418463921193602,-3.071902142918611,-59.85594218984444,0.05849164869075793,-0.028578893540934465,0.8867433042192037,1.2554059287816663,0.9403318564086688,street_level
18.13095020098877,41.9115939791283,10.853687445945331,0.08643895616132101,11.426566933664342,3.028803030695779,-75.434415850982,12.686631189542355,2.224333554652194,-70.33880159985323,-0.20502642241209035,0.08666634356913158,-4.998083097375385,4.321612963345748,0.8266972434532309,street_level
43.83389529294908,65.80965299638848,22.23188889670481,0.4069909966998788,10.466402598857137,-6.978994610164403,-70.5287802456353,7.127261524457886,-2.8498861655079013,-84.4286212736512,-0.6033377366140069,-0.16027046866418534,2.9028936378732846,1.642429536455465,0.5156996278981794,above
11.944399098423835,9.902586209263779,2.338929589082941,0.14819889711122244,9.1393328897436,0.6720948156931668,-72.57630526980061,8.340071843747811,-1.9665151436059898,-81.98368698774803,-0.009976104147847886,0.02559403016795052,-0.16551757072683326,0.5980018078050864,0.8846175336292028,street_level
9.07968413851633,11.759518284408504,3.8865234767723704,0.04793718102687109,12.632456272119873,1.9535568312274307,-66.10281982637022,11.661871806006404,2.056142065258303,-65.31662186341714,-0.08239118325634738,0.0009532537061063169,-0.270320450032707,0.7211713273466683,0.8497780700862156,street_level
35.334755304196946,33.20835027442327,11.333808211013324,0.5694337085753193,13.241637778485963,-1.669952756774066,-74.49457130338212,9.99069010122452,-3.874134457545143,-91.48124704924322,0.17985957280069584,0.09019894898497716,-1.3550340688589273,3.157291455220377,0.656396370087393,underground
5.060620512112352,13.871502155817048,3.9937005494946383,0.04507032152319208,24.564072684664225,3.2951716158140893,-69.35110631288836,11.761516490634412,-1.708947466350671,-59.814956464251765,0.028892629445888468,-0.016599825498504632,-0.4556908542103226,0.10014768114602718,0.8987780007698069,street_level
6.444379002251551,15.924796224265853,0.8266912096107117,0.06892957068003709,23.28454160283067,-3.3149379444708442,-68.47164073407336,6.161916855405825,-0.6160864839604283,-77.12505952312429,0.04856044118422581,-0.014504285117364478,-0.03587966760946759,0.38539308872345235,0.752219672355045,street_level
29.38901499663004,40.42857898558,13.216485627535171,0.3305403433191967,19.3891881927906,1.0114964179164154,-51.91685016076521,5.89679582819336,0.4905079576700446,-69.58853309939957,0.02428998295389022,0.026157691940840132,1.1441390575658406,1.9348646863662944,0.8501977699147798,street_level
7.572065229514979,10.724104339847779,2.1209654943805445,0.14952306247084501,13.910673372625887,-1.7793679582836601,-73.37343781547489,5.715547701378684,-2.2789660265009335,-55.9011038498937,0.012512590424013925,-0.029659875618082716,0.3710556003769253,0.7496503239649053,0.8440036193826588,street_level
9.275314026508298,13.911681619906549,4.546822993631916,0.004574178806936097,15.85186030070523,-2.6846457428132187,-72.9483455173264,6.439838118267555,0.9241433811728288,-77.77351194599505,0.11173809268232335,-0.016671715292448288,0.2074502871884032,0.40668412726879866,0.6782892351967102,street_level
21.00287397246276,54.38512648688925,12.173521518785758,0.18293133105795978,15.406374460380686,-2.747409786005858,-75.32178779371566,7.669552508014146,-0.8096667854248976,-67.80520961448829,0.11279145959520223,0.018954110735705187,-0.002658005839511368,1.9679616733802823,0.7198229870364379,street_level
22.8240452639794,43.31882494082405,6.608684116553156,0.13155317449671503,17.47589111820735,2.025005920918428,-63.75041140813835,12.89269610884749,0.5515433157823892,-62.137432601456865,0.05686529197983892,0.014663213839919684,4.624927454359286,4.680693341061375,0.8541338835059975,street_level
42.42301610088232,62.03721602371995,12.56735840678652,0.386572256368799,6.264523091928153,4.878746948957723,-56.442940898773465,9.708005078288789,-2.925918462083728,-85.98930288292652,-0.7722477882129157,-0.15267254061609153,2.507794148904774,5.344938924571856,0.8029817422852032,above
20.551036360443252,33.21658613198145,17.42724844062637,0.4775318024509786,5.7911199344550095,5.496752677604885,-78.00252915869733,6.100230114371336,-2.337785163788972,-89.90293864748577,-0.2682826440858963,-0.21148781426562932,3.8179687558109423,4.536378478617815,0.5181813825418022,above
36.396307233493744,37.455469574432186,23.667363897407075,0.10614118140869598,15.190927512556282,4.855996404101585,-77.12767318287538,11.49086768292856,3.2415963645080375,-66.33786537875268,-1.042535907464408,-0.05634945274941863,4.778092897341033,2.041946779831352,0.7911091459192666,above
24.568909897679433,55.59783979342977,8.785810086147556,0.33812827232325193,24.87005469181166,3.8900579580050394,-56.934901759576256,8.157380872320203,-3.6390594385944066,-58.01629450736299,-0.08513372482007739,-0.008980490800597419,0.7031700094686322,1.2109457938289105,0.864747182938748,street_level
10.782840498345024,15.026944753103777,0.7646742714559025,0.017923727523791736,17.120018841622606,-3.040913704857786,-58.866538413968776,10.084491687711704,-2.7229287243593823,-67.8243081503638,0.1284475344210921,0.023526534918906668,-0.060078351451107403,0.5569634890841355,0.7726763366646086,street_level
9.220233204266703,43.81038860528888,9.670137213177334,0.12857809435628229,25.279566254572252,-3.6622381637756254,-59.1776559671183,8.329539374605694,2.2926678449006808,-63.29331145190896,0.26460362433722007,0.006833915129222268,3.94255545212674,4.586491349170442,0.47021797469506665,street_level
57.02224155485586,58.61260773492978,45.98907869247491,0.7181918537682772,1.8956069210100601,-0.3467339051058005,-72.49331643815162,2.4616296218703253,-10.782611669994568,-78.96631019992205,1.2413728610552996,0.22591066614571362,-3.77557429351305,7.6998192485726085,0.41313404138769133,underground
8.075191567345984,32.219024370736435,15.535579450668138,0.028476765105095676,27.634882217711365,1.7972254643836028,-53.39337830388934,3.189520878498808,-0.5276919116486916,-59.45321356248404,-0.004816606371683796,0.07130569395063277,-3.6938551611519657,3.5110368115798254,0.6061334696710281,street_level
10.268590614094197,14.253500236606182,3.0820056348816554,0.14935853058779794,24.447982369827702,3.2647925790220507,-52.24266810433642,7.932593431480767,-0.7489563232406948,-73.31003980574097,0.1001835172811811,0.019547782696366416,-0.2643393982070068,0.24177420633468413,0.6540283728112426,street_level
35.901240269308204,57.26863372063038,32.29978044382311,0.19313152718448975,5.4823263641709,3.616360071528259,-68.82535656455421,3.1394103929062993,-4.358581899037529,-73.69981009045551,-0.4373386782639357,-0.15685004126748978,7.708427143115302,2.8188924796163084,0.6272065644448463,above
27.880354307375008,52.21065739216553,26.546151515945326,0.39961423492662795,4.194186955842898,-4.31589233014816,-69.81402757201664,5.125479362066831,-0.7675351348235031,-64.95032171433303,0.20737129747131225,0.11920674995280191,-3.7687280292565637,3.6902759986257445,0.8596347602745144,underground
31.45172259461744,25.342802821035942,10.57300184042888,0.4062469896082689,3.762378841639624,-11.618904692370025,-59.089192396361284,3.217434520123387,-7.614348051402146,-60.27103814576542,0.249346232159806,0.1079063718011177,-1.1664118155700636,3.4176538716761184,0.7015268056580863,underground
16.603920857238954,43.206487579998054,13.233481747050387,0.29868923611388043,22.361805427557115,-1.3394761389159129,-64.01617958763427,7.703207957636508,3.5289091741350225,-81.76941092388729,-0.07794256070184663,0.013797165368315982,-0.6557956252178219,0.5449311041708398,0.9099854130761984,street_level
14.16845090815684,28.09847904738046,18.05647397275717,0.29368380683812756,21.850493650657725,0.8069310073607738,-58.25475476590616,7.424550846167647,-2.574135509043507,-66.09992027756219,0.06518269331138293,0.030740988540563223,-0.9233404561713595,1.5487186362216239,0.7389902271769269,street_level
23.59132843884275,49.80926589666381,11.410070283741922,0.5150977620935993,8.261398854464177,-2.055306096461047,-81.92835296984745,8.567781634813347,-6.149149212962356,-73.31588235380585,0.23239561998363095,0.050828175620717744,-3.6233493469967355,3.517789018940997,0.6174855814897752,underground
12.10860597090262,24.06675721501084,5.711545909786871,0.1326684386511233,15.595560966034371,0.02405470591255998,-66.10774538892696,12.968922866561133,-0.5234578342877105,-65.93610539666804,-0.7930154953270038,0.08464414475551293,0.8370854528468268,3.672782871640415,0.8211698865542822,street_level
5.084638667796423,12.76160040435164,5.873776821328024,0.06610312071650036,9.495390119613809,-0.46854028827919514,-52.01254652785439,2.3009766578142137,-2.386962763871327,-58.86047557042893,0.1446361158506799,-0.029536252652129495,-0.4282927045306052,0.2921218702913792,0.7571768166459174,street_level
43.868725734867056,47.01550895921052,8.537487331644359,0.10669619400219044,10.344626274741842,-3.133636010207364,-84.681352297042,7.970345455633361,3.6453846831729315,-82.37116503048219,-0.6930426999315086,-0.05253744968236407,5.991917250750252,3.240111789799625,0.8994476306770103,above
24.70996437071343,53.33940390364239,15.507438567822721,0.23984387309166916,24.149915044669466,-0.3589649166821012,-54.48756648318915,6.713719345271319,1.0038554343184467,-69.43490796122366,0.1372502262647881,0.007073182067774859,-1.1191656402343195,1.236133603583219,0.8901226479045019,street_level
53.69505733369299,55.15405715152475,60.92258297957465,0.42036600257216483,9.760617736200714,-3.0277656018360872,-62.3026653747838,5.010784429729063,-0.3966548008145576,-94.66940559047418,1.0236655033208086,0.07584257148140992,-4.421217786615204,4.6080147651672085,0.7053385318869265,underground
79.92283745537385,89.60044967165453,21.438942719005578,0.37714898991314083,4.378223036136637,-12.506552114341954,-77.42030795791182,7.537676111201828,0.8531743575334474,-90.26691156626909,0.9190647686000551,0.1001956472089289,-3.4995951484339898,4.089914935806542,0.9295376583758205,underground
16.048133429881865,38.252848163940996,10.644030040926506,0.17614054994835515,8.771063407121165,-1.2076900042016847,-65.2385604950736,9.517035331279985,1.8111556683847843,-56.9691926156493,0.1598067078724469,0.00766723425956517,-1.4103776452959065,0.2937204758686718,0.8585152010147814,street_level
24.735273617381218,16.317771824458664,11.572759413403372,0.09590128809152959,22.37138929138427,0.8502701997427966,-77.92683362319355,8.651560064288597,-1.0221693973639687,-83.81810353851031,0.5282773298046537,0.013221161075094787,-5.988989519554689,2.61380257946981,0.4644351984279501,street_level
20.973262837981146,64.01693404917125,27.35190587197324,0.2538919245206826,9.740557670719546,-4.995078006985076,-87.3365049540319,1.9740523006610768,-4.291825415405032,-83.57329380419677,0.3936232306616681,0.08987633346441182,-2.454889656226866,1.5709427617107714,0.8089715639704296,underground
15.27519673337211,30.318082825498543,31.47014730316146,0.38349890449447954,5.415854091791852,-3.55039792835598,-58.082843349822014,6.698431510022656,0.9378225522302062,-72.19944781176424,-0.8140435886308339,-0.17725588963634198,2.919463831807051,4.982023044119204,0.416651106153049,above
13.758122189514467,34.76337088302242,22.82141797838474,0.21239817527299015,21.495381725408357,-4.8709184110735,-51.18975747275799,5.537864543823253,1.4267256800434458,-65.40152723255638,-0.07503139850362825,0.0183509546373955,-0.40584923796650907,0.2538863231596322,0.5986560790678199,street_level
18.658623293912957,57.4588667639127,31.033992983245287,0.2221643266946526,15.50316016573503,-0.9964689057632112,-78.46402145876895,7.188949025783085,3.751707361547048,-61.89798057324872,-0.4030607119373011,-0.17604658650721375,5.287251620744967,4.15715136735633,0.6625419625313294,above
10.854978857529295,10.553084192902737,3.5800084344040286,0.020002235224511077,15.970132312189131,-1.5622425153281876,-46.7584660174579,3.206670095467004,1.7661865709319722,-73.5427474612804,-0.029814138972986223,0.019983264956702725,0.42580170584950316,0.5727875721941958,0.8762026792731438,street_level
12.852906023249606,44.25937323482908,16.23524972690527,0.17621124226534732,13.561946948313054,-3.5032390410315877,-62.6038023590128,13.836559074250466,-1.2153989168100596,-83.80549755802173,-0.005267921073116355,0.02146081046005452,5.468607914441531,1.4092245384683169,0.7982218078039752,street_level
8.00249659402138,15.656602631114994,2.827322528635541,0.14877093462510263,10.674480813844161,1.37096211211957,-62.32286094803126,6.447740204046897,-2.660941154483635,-64.88965301772052,0.06786568231143347,-0.027355562607969834,-0.11727389934987431,0.4856999437761587,0.5209529370522934,street_level
15.778125968014956,26.683612446147194,35.308378363760866,0.3521583833765557,8.047961766752163,-5.943633064388643,-82.0774893983141,2.924111590495142,-2.425208047461787,-61.7524449553601,0.5265027939312173,0.10785648234709981,-3.925442738545912,2.3245084469087876,0.871509210575639,underground
55.35672833418139,117.64248383132416,68.92351882381584,0.7464544301189531,5.134242180675843,-0.1582734265601644,-80.45686835780013,0.2676813978072996,-9.856882153239695,-81.41649724119715,0.31209398153301265,0.18788117403795168,-5.195223293285377,3.2457215324257884,0.5214395611630311,underground
32.14676837514783,58.62870898762252,29.997123454833773,0.28985664673600914,13.799356750249851,-0.9264390345151394,-55.88239987431663,9.264242371305913,2.4357133145113803,-84.39757236196924,-1.4269436005764553,-0.15115449680961895,6.417365376858909,2.157964808611307,0.6603521954147165,above
16.382450627837656,52.583209306350554,15.507423592692557,0.12087832404700766,22.494795298901458,-4.27461608251896,-56.20084795947571,11.47174594787669,2.7343870899796547,-57.988930074240514,0.027938331717150156,0.02156434637145408,-0.9380404005944099,0.06303004295308501,0.7613721008708035,street_level
21.49090944748717,22.41485258736263,8.565291031835677,0.04696190684129132,19.673241884561605,3.1157480720621002,-71.02528401100159,13.349655301806393,-1.3007594667212306,-74.56520819540266,0.16472575248494914,0.016978534173790027,5.512768247261736,5.361701962549286,0.5803476002804224,street_level
15.326030577427169,18.992623180517462,11.347899955025692,0.19631615987942605,15.890548575849044,1.9613590697515768,-56.45387306270316,8.713157125056256,0.8088294550952031,-68.7699628365795,-0.7064816389327003,0.07542122798214262,3.5568685261765935,2.2286225451224375,0.6605351298161081,street_level
27.194899049087642,54.171749476466864,17.516152116600907,0.21546372598489627,16.462602853428212,-0.3821630962185205,-71.95109664124699,4.983626552000024,-1.2541444899254666,-82.94671521231243,0.10225640575951722,0.005751053816598663,-0.5175868704439909,0.013901849464257321,0.9618624943901969,street_level
36.912173223281684,56.97389475123079,14.934714111117756,0.14721019500831628,13.515170979408722,-5.564538033777286,-58.0716907907639,3.4296669191030245,1.5033542128150028,-84.7110258951383,-0.3259901918213117,-0.16739350428049024,7.492355316034213,4.188247090937103,0.945969220698304,above
24.87289996275539,47.93384545659825,9.053853920413417,0.23426592888495534,8.091835133851104,-1.69159022140171,-78.34693688630558,8.273345271949825,2.2974576226407706,-63.39717951684639,0.12132144838990044,0.01761445815642601,0.5958702795790591,1.7149840256343565,0.8872795942023733,street_level
52.971867282786796,68.7764189327168,40.371574021883646,0.6152935399531703,4.773099759836742,-9.70191960187133,-77.8943639762845,3.779337924158769,2.345671720214092,-78.07857893905546,1.472695815301821,0.13366209592483935,-6.7965981880341,7.6683857715399375,0.8016586262767311,underground
34.652664089910964,40.17498837992349,18.407693404989466,0.1828818536165906,11.715511488349724,0.5020732827034502,-61.11932146057075,3.5168145351115156,-3.7041956738356774,-80.2595117332555,0.11282544082879317,-0.011780303038716834,-0.9764280412133477,1.7233388160385452,0.784187289956997,street_level
42.07997013346631,62.917379167642395,20.19796077957985,0.26915626899121536,14.82366061257728,0.4559156063584311,-67.48256635005382,11.657740758256784,-5.7316572403962525,-77.27551040155753,-0.55789360880504,-0.10217818933072317,5.204871756374026,4.311450250250328,0.6566224749091536,above
9.38269161127311,10.078303317536818,3.758985842646279,0.06777932267329803,12.893230910942194,-2.310256883986736,-73.36414414366372,4.95038278221046,-0.33248369098408936,-60.719493613631414,-0.003650170593287261,0.01488907267182931,-0.04069988520228873,0.027315458199844756,0.9426088845655434,street_level
17.550879072903616,60.070561118553535,13.099189934767223,0.29907187666797685,7.681645147209894,-4.76101789345087,-84.16583095751179,3.5651974025638293,-4.56610656305319,-86.97670752747786,0.17858608438030063,0.10059811491498503,-3.4047157853654753,2.449935250438833,0.6027429814813332,underground
26.249847710442694,48.81197088885445,16.06221317803339,0.44307720300639086,4.814353056548345,-7.4084485847667425,-63.112994480225936,10.948558089106058,3.4240006808064702,-74.33139595540119,-0.2874180995442277,-0.14779006274896372,5.7593659969740445,2.797298492335914,0.6610565368130839,above
22.59033313182676,29.12766113530428,15.876689684928207,0.21516962197579975,8.722697379622009,-2.9655171352894536,-52.53465439259366,7.509245524784243,-3.3476721173125545,-68.05183617835797,0.18282993419876534,0.0020309668627034455,-0.2395525644478269,1.0638127809866311,0.7163164582748841,street_level
67.09490809176248,72.52431748489461,37.50607332181146,0.6775796686420881,3.9680075939121906,-2.738698788589378,-88.16415358135217,2.388599488184065,-10.507550412052904,-90.80287934992323,0.4903236117935101,0.04381161498403575,-6.181692250073522,5.996433484625967,0.9007773296787707,underground
38.62276585744502,49.434105453221036,15.121169938141318,0.11976517926632294,3.869178414529881,5.178645786932682,-85.1239818069986,10.624122561466356,-3.1468878727036014,-72.0315349964219,-1.0023006570458413,-0.22253035181799297,6.495953932828796,3.845241128770913,0.5540973672442566,above
12.938637081834031,30.11388906812396,15.578714128377026,0.1927686612268001,18.874986577825602,-3.9786306487414382,-78.15065904148328,7.2590366920815725,-2.748937445494449,-67.00464712755179,0.0910166252487841,0.019769776741819123,-1.2109610860306166,1.6619524265177519,0.7534283379109636,street_level
33.37175849205367,73.74309648943652,16.7766133434575,0.39585787799930605,5.099697595626175,-11.069331754993224,-75.48134089534197,7.73866863807583,-7.350094926112904,-83.77773085225166,0.33377599172171435,0.06460403211295809,-2.7064548740069134,2.1818600904528243,0.537581333784681,underground
13.918677378399558,36.70278522723409,18.434364292758858,0.1457446138982546,13.668629345020605,-6.767319331770752,-83.59263214215589,6.631264213315225,-2.93052220898606,-83.23091895549892,-0.4514804951767839,-0.20149690374655807,3.3764020260958105,3.085300139069699,0.9293385301174785,above
23.698989824228423,70.34165271414761,20.779296633760225,0.13996308034813812,13.199330597807423,-3.6023993922425186,-78.6634341595833,11.086322448109451,-5.194986275148566,-58.168741208095305,-0.2567343228725778,-0.22376139475895676,7.748189844797043,5.099240828538271,0.5206559900078416,above
26.596113654733188,40.364448092141366,21.20436272025517,0.2463049049035041,15.50894306279576,-6.7149380062614865,-87.86094538401262,6.530011746733936,1.4824095562994266,-74.38821708939916,-1.0127687543812494,-0.15303307306012634,6.236218059186836,1.5888705019680511,0.5480842270305817,above
10.876537980652156,35.333387839720125,9.52472498636665,0.17890277435040308,15.935598191880565,3.1718794835871176,-57.407575105249734,4.566455558959522,-1.2018155814969262,-75.46569389583509,0.08402394971994087,-0.08792699448584802,-3.951567022136482,3.0022761787219325,0.7641147523189251,street_level
16.01234598284685,21.696696089496736,9.847544088895418,0.24217421285368054,18.978664519985955,2.91506746527965,-54.059267526536196,7.1407174289346225,-1.192719175352586,-56.8531056077931,-0.08074492759367183,-0.022469388029682943,-1.4712932847631834,1.3425644560865433,0.6919424889812804,street_level
15.29028032849919,26.858139851265282,17.307523270490307,0.1803759403230798,13.42953964836694,2.481874260553816,-66.071823641723,8.046103149004596,0.9768238055633427,-63.296838037991236,0.13925250434066694,-0.07848651158699503,-2.425116985100378,4.3578780272756585,0.6413246043188623,street_level
22.580907390635595,60.009354273270475,35.457169555013664,0.5156616599610895,10.672087714814296,-5.27417267170924,-78.45950518182218,3.7913910402201685,-2.0685144131267057,-69.85312654037365,0.6457534112804442,0.02435392930686308,-1.2746562228465668,3.5410363652344925,0.8343162353417857,underground
11.227687233304309,11.441262124773928,1.0085403990070985,0.0327999655983581,23.106190138083225,-3.487605541586367,-55.22960036501169,4.959882982863029,-0.020276525421306424,-71.98224144463708,0.037471666189014374,-0.02286541840049357,0.2076687308142432,0.657687657801139,0.6337111088932887,street_level
26.177918407833786,57.1803099500422,9.68734366677246,0.20034297884586194,12.625126970168914,-2.17789985850792,-56.644135677184735,8.240001425161672,3.8926298935653634,-71.07706288558425,0.14262311326557467,0.024403718843433918,1.4820275897620934,0.8162530964866521,0.7996908988599396,street_level
29.938677249798154,65.7046404178158,25.8296587156631,0.24806470203733838,7.8076974855832715,-6.720951708998764,-65.77764012666242,9.429389189563073,-2.172852389612962,-82.17386949376163,-1.100274706149868,-0.19509380500206996,2.9535065077188456,3.841407310487237,0.7409495190060784,above
18.094688512396047,36.517861861739256,15.358870500861663,0.32492488718581003,11.461029694711145,-2.1444027798021237,-73.06029995132653,9.827961814540071,2.282841895053471,-60.95026584743833,-0.012988078560189992,-0.008382097972521475,0.5043943847330974,1.9879681191835135,0.7032013680305131,street_level
11.095780360661518,41.846205995798854,6.328711206514717,0.1870214876888524,20.940889952150606,-2.4524210985144315,-77.45557814789224,6.618825836447103,-2.095260208588632,-75.81473855875741,0.7086695569762587,0.08583156225205854,-5.383972221367275,4.534644222195181,0.5943651762607554,street_level
18.24222916559524,24.553641117090237,14.329731525542742,0.2413728886697115,10.314613247018354,4.937597154869438,-54.2633871915757,7.299504981294549,3.419889111433961,-57.90374640513049,-0.0951465463462468,-0.02192693841679485,1.309202392308328,5.933602679641936e-06,0.7055199974701505,street_level
30.974442589941585,45.65834370597595,17.790393705445574,0.11114924280945296,12.288118293819458,-3.9437305423878763,-75.96134677669819,7.2283447258174025,2.1090302930972396,-59.7821341307843,0.10800530436422703,-0.008062084807997461,0.3561834380547828,0.05832014644586181,0.8621361940950332,street_level
30.792250848901368,32.543332715770205,14.142334799049285,0.2865389882783811,11.116552137807808,-1.9065791511064134,-77.34966817660658,11.877689133842372,1.5964379423592074,-76.7185699587835,0.005255703889284036,0.011515143487097541,0.11471589259931858,1.9540293253666383,0.7621843938732156,street_level
11.955945904655245,10.221561341113766,5.094316760518106,0.12179402336950804,20.92111431679215,-2.349812045561814,-62.47794898634617,7.992292071922507,-0.6441141661065553,-60.85936004754954,-0.14764948742393655,0.023075281604797868,0.47787101158378165,0.7474387005400325,0.5026205218837609,street_level
22.031250108541645,26.600271621992533,15.724984038885518,0.2201472689465297,8.518428512036078,3.6906344354236644,-72.40393267920831,3.063097583809187,-2.5914046009775538,-60.0155826744098,0.0570329639868814,-0.0021157110306045113,-0.998230622074659,0.5136851084693319,0.715297680258095,street_level
23.652742979984907,78.80703937453677,24.92776739185618,0.19598612119246595,13.558508434232895,-1.0550973288089631,-58.7692108519437,7.996762250916884,-4.686335286723494,-78.32984561074133,-0.5800776267951865,-0.11506677728124479,7.326483696420776,5.703215759810348,0.9774891409087696,above
12.419029073115627,27.7149046311766,18.432543830945086,0.24425839080862694,11.039798142844843,5.296954863991312,-62.497521694724696,10.478176055447907,-0.7775417445657933,-70.6009798044597,-1.2275242163560993,-0.11689523212920949,6.557902519634769,3.4388957270627487,0.8003235650610562,above
5.838434591983518,13.96783870869428,2.703876853844469,0.048622647516923696,11.802663995747634,3.3176661080823173,-68.10074498168203,9.248927151319513,-0.2025507382264431,-51.32816174241234,0.058705377437510115,-0.017152698524105447,0.24366677622080812,0.7641176841353,0.5127823540197939,street_level
36.67163946095553,68.94229923783172,54.878524036655556,0.5020476525544979,3.2567762810313408,-15.502330838073583,-71.95226616626336,2.005002078988091,-3.237440717948603,-75.19035487450876,0.2977228317163053,0.09870147671077958,-6.534696995349709,5.254530865838779,0.6389500002245144,underground
10.35758817691179,13.014482833331586,1.1554067528146474,0.10414829969086413,16.419959843775324,0.893147762168895,-47.56843679144085,6.5415621208433565,-0.8728634974236753,-50.99626161220048,-0.04183081459361651,-0.01991647238990525,-0.10785390777995008,0.7434373694043307,0.613712970919347,street_level
17.944971025896855,18.56318570813023,10.67518856567362,0.0485644880633484,19.385463305712385,-2.521892293784296,-58.744648699529606,10.392733295194482,-2.176215033839253,-69.42049394387296,-0.07037431502501901,0.04997215396317062,4.772395379818054,3.395126671443718,0.532471946311381,street_level
4.301692323400995,14.334987296422028,4.7290803876776275,0.0655243968433927,19.989841581425495,-2.802883207290847,-60.51634520248452,3.6144283300864326,0.9898918996576596,-71.29294355614451,0.006234216912594681,0.01176593703685077,0.16414948320798928,0.5879878760990133,0.783390642958468,street_level
16.65474077236943,40.73458650691941,12.873916964534999,0.5417785729162503,8.960549651262323,0.5205316469503725,-61.717194303723346,1.9804623573227094,-7.3844446877966625,-61.189536421603876,0.5037550926839063,0.0961706702656876,-2.6327593179957587,3.1914279736798266,0.9171135174220864,underground
19.78146118782327,49.80774953912426,10.996227725180155,0.284484697006053,15.981864463071139,-2.7391137283727995,-66.48162406689892,9.331613964778779,3.735065476895426,-65.50261863337904,-0.08450488089027926,-0.00893040388450644,1.443728595031092,0.7010693757412738,0.9192012435482577,street_level
31.699071098651675,53.540182006566035,9.402683668337856,0.40524028036578696,14.762606460274574,2.5963738328920734,-67.62535405357278,11.169654699432478,1.8714961615954993,-61.73700945247006,-1.0978100498342325,-0.12912029903553135,2.0891293142977627,2.407396221819023,0.953293562323392,above
29.96435245175281,40.28485284177586,11.702914714989243,0.3147890958309667,17.67386140727687,2.000814591988874,-56.605521301563904,11.124831497543017,2.4327593695638594,-76.86597374173171,0.07634597948541438,0.017289207701691824,0.6906966600639208,0.2582700733488321,0.8537889343298255,street_level
27.472148618205708,36.159450206231455,11.66774837116445,0.1653783905430674,22.342553518407655,0.8444968907810875,-62.372250577857784,7.224162704697396,2.5371489410562376,-68.89943943944604,0.015041429656584449,0.025488357174249618,-0.24302249163944145,1.5599629662341141,0.7578226813771354,street_level
37.57213214579502,76.01593692999899,38.77774503676421,0.5247397498911717,5.451797011402819,-10.489745231335252,-64.69455743533359,3.7290825609419227,-3.5111516065089674,-60.629239911208394,0.6504573233825037,0.10708322579725447,-1.0577278116180047,2.2252288449409967,0.6312214914194259,underground
17.483558659114284,42.37739386797095,12.415142879166448,0.2784609888404054,14.1486774951547,0.9159849105642879,-75.9537994852967,11.18269918921365,-3.0471539337698275,-84.02251679517907,-0.009569849181171597,-0.008825333684298779,-0.439645141013975,1.816324084712152,0.8673994378839771,street_level
13.444174206253445,32.06777976351835,21.496087591700928,0.12955787952654446,17.74986772747897,-6.861428446370837,-84.76465832061717,8.395512498864875,-1.207779135584122,-89.52913480252204,-1.0859902867026046,-0.15767634712991974,2.743139148374133,7.270079623988287,0.8131407857486008,above
14.350956181625097,38.171240143197075,6.8079520635292905,0.16433503949201822,24.084378743592048,0.5587489456959638,-54.84123662384236,12.20621118488539,1.3224496235489287,-60.22186189121833,0.2418246705290712,-0.0333094162639154,-4.043276557878679,4.072466469637192,0.6415474848351419,street_level
13.738075588974711,47.9811264713386,21.46926247811276,0.2547404073636876,18.505559402120067,-0.5563511793616192,-52.53406393096175,9.533549807966212,0.7291249946582274,-79.07042028839385,0.024778032891848822,0.013444155147398523,1.4999175233574573,1.8490148438011142,0.9287844605960208,street_level
27.19342849711313,39.07279361036797,14.796203885131415,0.5244940624639838,3.841703424131489,1.9855683200573502,-83.33371536987457,9.456311877968798,0.744217348840067,-64.32937125035312,0.6864405942141389,0.0570549419242191,-2.662968476920275,3.6188603543982687,0.4927684194975133,underground
11.290124128096584,22.74164391637092,10.453138174027757,0.18689421929182098,15.102479465709274,-1.465278184961666,-59.11187184641221,13.221253955503496,-2.807491577697364,-84.05661962069371,0.31947301889444635,0.06026188167217239,-4.80119250050476,4.962026888608011,0.5219568300615491,street_level
12.869636464697273,29.94893773670644,7.961517007508043,0.05483623192093337,27.15301529083512,1.287025264286842,-61.53992905595308,6.436263496898008,-2.0806879772534197,-78.44914780809596,-0.046020506140895145,0.09218419663053765,3.6078917519283937,3.400540795793036,0.6907304428273887,street_level
82.52559355962876,62.01684190309496,21.280223558585806,0.5963630072762833,5.322294425754076,1.4451111518673372,-71.91200819629353,2.531659749129834,-2.0964133063456654,-79.50360275279978,0.6578808286868262,0.18972478155907485,-4.598835526469353,6.320238906876342,0.8430432709338882,underground
30.38065087391439,67.52781587809497,11.02326978777525,0.269592342827286,12.58766522832806,-4.1367802647908976,-59.70556683354859,3.186177044170976,-0.6776262986100825,-61.83865421115366,0.16490742123264962,0.04207611269340818,-3.079617424158301,2.3550449614278746,0.49353896218207494,underground
18.541927237776672,72.1757541262582,36.1429153179744,0.36009707388735035,6.352240124605119,-4.78260331156397,-60.24710380769677,9.562180772777529,-4.793455480833291,-65.14835804454225,0.20319257420904607,0.10939830640272685,-2.126461000724177,2.9617713918229818,0.4613286300999974,underground
40.54573017962033,73.31585935997583,23.353601027058538,0.3695354590869463,15.125943205344218,-3.2021246475489784,-74.0588403735192,6.571835519788255,3.7345963693629933,-91.4311258614512,-1.4776400620671748,-0.17486820351605586,2.2515644897187217,1.953238706932677,0.7424962463508675,above
20.0436817333501,35.24275899056616,4.686409906743345,0.03431688355073233,12.265813550066065,3.273165321296422,-64.29015716934464,5.505660853743807,-1.9653120629135468,-61.9656214452484,-0.7282352797210973,-0.08460690354164524,-5.1006012060151,3.938139645969497,0.84635370216678,street_level
15.372209950297211,40.980706498235364,12.331893855089966,0.19793627263282587,25.096648860532188,-0.27795719316751466,-74.27362864879119,13.60483075921417,-0.6803700491615112,-79.12568383939787,-0.7782828287857889,0.09630488343383323,1.8042919132991608,4.266724406275049,0.48559523172770486,street_level
34.877348802950365,33.71440510761401,8.828233463389942,0.30227972792480384,18.106862290998794,4.457720180859113,-63.32422803000495,3.8013904401637015,-2.528744624576964,-70.156374276755,0.057910769759360436,-0.006100392267210746,-0.497838747404973,0.5199251747273634,0.794205040997841,street_level
17.45278134186722,39.634621511882685,10.63919844490078,0.0982131526982844,11.039030710663566,2.4444019610082313,-63.485545647822505,12.300440742967828,-1.4226801567067513,-80.16511149697234,-0.4670985395511318,0.005650961615787903,-1.2335563769253426,5.128732701363793,0.7930289330722662,street_level
25.383602242169907,114.8125042432527,44.75261643283319,0.6612806756187406,2.8371011499112795,-10.550260317905988,-66.42383957255784,0.42407230279127095,-1.0422160349334941,-78.5987056175002,0.9276563106932887,0.06052574421855478,-5.119910355780468,4.40530785163334,0.6030431188607321,underground
17.231981837917896,43.91240116668227,9.403556213956595,0.18927735876410293,8.29620390645103,-5.373954806246797,-66.9866332745056,5.035126301411415,2.9244813425117826,-86.22543795921754,-0.4197580530356133,-0.18333228996902676,5.8775631479306485,7.548670709300636,0.5451815461265297,above
8.54128523042657,8.276633852072726,4.866878624746516,0.004352381439259229,19.311692423943335,2.4613127120922575,-55.08154522489271,8.16465718766215,-0.49722104576071846,-66.5851941340234,-0.13621137385713336,0.028799567944720737,0.2460339283884989,0.7213928352598887,0.9397293678621903,street_level
48.3920616057636,69.32542098087559,78.82049192600572,0.5363040173784004,4.058375677567483,-9.059233806374126,-84.44536437290024,6.642321025333589,-0.8602810207398228,-66.9616010353305,0.4454894666266209,0.16541099802749532,-5.068527901919151,3.4142457896518468,0.6121842115960354,underground
9.388953758406444,13.210952269366594,0.973336152522623,0.050315329249971126,10.552386046121669,-3.7766019990013326,-74.19081806957209,5.997516582625279,2.474673038980967,-60.60975801732924,-0.016953965625393835,0.018834440766194463,-0.35917707182381897,0.7481204732140789,0.8991216821141593,street_level
14.710366285464312,40.559020012281614,4.481295474468545,0.21256487867027593,22.267873387675074,-3.163787145263889,-69.1432630646466,6.611274795030186,-2.49521669998152,-76.66314222232293,-0.6658152762856555,-0.056899312912076686,-4.091586518547482,3.8640678736745895,0.450458964907553,street_level
35.65444176356665,71.82944733828035,20.268316077063595,0.4697742453990791,9.436166740926351,4.183584943549754,-66.31451954653494,3.2042606806032645,-2.0988899964564447,-85.89221690681337,-0.8030813723269089,-0.21726320987969336,4.902483140745385,6.477814823849366,0.7180997701662784,above
21.58873247210431,26.244445266678746,19.260657530655454,0.232391587569002,21.96841384328605,-2.4123382826262088,-56.22106806783428,4.98139301828156,0.7374727881844523,-84.0379794924065,0.10160469528215674,0.0048436538268790685,-0.37600386372928307,1.80618861567587,0.5709208901093931,street_level
31.158705167487557,114.96333361194155,70.89989470743242,0.8304783099278854,2.5957529777876442,-0.31917886158376163,-87.54738590466508,5.090749037823675,-0.9257819361188186,-83.83700545919329,1.4557121526856238,0.07189200659509362,-7.180200670721954,4.8045264841830075,0.9736690586593512,underground
29.218418377867952,29.08078465880894,14.82648543162589,0.27085566012269785,8.883663188733,-2.828664283268517,-57.07864672315587,3.6011365334636336,3.8119206260885337,-62.395898926770315,0.1418980277319116,0.015209235893615454,-0.9421888728966601,0.41330625212739514,0.9702138360525281,street_level
24.136261671635935,53.29138979659318,22.474194117404107,0.33342677385626207,19.15655538527364,3.629584212727126,-66.46103183328017,8.001488527836571,-2.581011321292066,-76.82946688578642,0.025623395133592436,0.022951283267310336,1.3978140492645155,0.5786401096554956,0.5798339236566254,street_level
9.346179243616131,44.81425079205619,12.227372824358946,0.03573433589762847,27.85649776229486,-1.4188142521943101,-72.53797658476391,10.063088782112496,-2.72830020056382,-70.1149234758866,-0.008331082824310831,0.04833712870061002,-5.172529653783954,4.157385565417878,0.6792275294475336,street_level
25.122979712519648,22.424502636142446,23.28575916635134,0.1445443615646632,13.272590780329331,-0.7266553947794403,-77.60390071446885,9.340195288872305,3.128301019927477,-82.74713744606258,0.025676589665974553,0.039451820796917655,-0.6620482118936747,0.3528786891025275,0.5707520528861638,street_level
61.3857340487243,117.95585182352423,77.38555140307835,0.8963065445282588,7.307002797067276,-19.640838349482003,-71.06001524273724,2.541921599139169,-4.702664455627707,-67.80779859988611,1.4274935186388928,0.10743328710318364,-2.9954781014968876,6.67335496575798,0.7686845787878362,underground
30.45909948094365,31.18652578086108,12.008144829860093,0.2748124482935178,17.78372977528776,-2.7995084504676084,-57.75472457766355,3.404500125569368,3.614385250880205,-76.7325878358501,0.047816260137805655,-0.006669170448011255,-1.3649628014737702,1.0325429240094819,0.9265588061934584,street_level
11.13077328610395,23.02631428098507,12.98911055219104,0.03146564021293162,26.690391626773273,1.9840893596165259,-58.53189553640365,9.347229014000547,-0.04274445689080597,-82.33231201641622,-0.30639237093091937,-0.08337611129903105,3.6552492199000923,1.0518002452350914,0.6534504676310793,street_level
10.98665591118958,9.41190664839091,5.077566038993014,0.013870291830059773,23.34188486399446,-3.9988207737659778,-53.55132495330779,4.846238289402724,0.22120526766141513,-51.2457982120251,-0.07844651952452879,-0.010389700286298712,0.41311122059386784,0.4349725265384563,0.8199202410754162,street_level
22.293962315064064,27.209484085255486,7.696065514150919,0.15452273315946854,25.29399639855518,-3.279751527860001,-69.4648982857339,7.617356060110513,-2.0598401155227224,-69.67609492564615,-0.29640964029017103,-0.09349600540672139,1.3811675473109322,3.764085862557097,0.8831309792521059,street_level
5.381898079413212,15.775183176840612,4.42304373299769,0.07571473761479304,23.9984056976285,3.9225797223804184,-61.73607180261753,7.102402019302062,2.2638785002798993,-61.79179037516711,0.06868027526126264,0.02641156139437898,-0.41283684859766256,0.5385690479429612,0.6687002449670312,street_level
10.78812042883876,10.166416613224964,5.777317177193024,0.09404682494661895,8.662816722544676,1.307823834395501,-72.55000928830697,8.72607089855003,1.819574120572094,-72.94938372259392,-0.11795740121238935,-0.004427252483837428,-0.004560202152224857,0.2674617095928734,0.7060738716044157,street_level
14.6298933515959,37.759007877242354,21.61341605944725,0.2481849153492068,18.88681025579216,-0.472925863794722,-74.1810527238582,4.84153135701543,-2.4614865763160854,-81.88778450244237,0.0855512837197514,-0.005828741838045014,-0.9311080664576775,1.4014825671368945,0.8960924561992432,street_level
26.71172552365738,49.43453937955782,22.221540255418127,0.16323009682997935,16.49588992156547,-4.505730747598146,-79.77892078159621,11.00300452765498,1.0845475494139167,-62.39902481453865,-0.08400073388048251,0.007871477727578714,0.7819278631508202,1.6035351164314897,0.9961504084596223,street_level
23.68737210017478,26.856854040016167,18.349777759034296,0.2736312940474809,20.53757379531428,-3.2027767124000714,-72.82196484975745,11.986714747063901,3.1089001864651946,-57.4291779655118,0.14792819897615317,-0.02624188785602,-1.399790864265259,1.419888607228322,0.6004411181038118,street_level
8.499212238036609,15.275801663318049,4.572734217505977,0.03957245583792364,15.273815603117114,0.994794662641409,-69.68209161927044,6.215922947895705,-0.5976308245091264,-64.34425604841665,0.05276446409959121,0.02178012507400577,0.018856897681570173,0.3056923540109955,0.8388399904947326,street_level
19.864665763397586,70.10097052228616,18.124320718721002,0.414606466485408,12.795658717648248,-3.211750558578003,-56.17378196159825,9.100825596320162,-2.0600299519744185,-66.07515424746141,-1.475440591342665,-0.18131854184830745,7.599144305862509,2.6297088043760546,0.4713298381702907,above
44.50016177359463,31.358315878761044,34.54839822094635,0.5428808613114403,14.776717226612497,-2.0472968181629074,-88.44386240014522,9.964325288933736,-2.50743731537655,-70.88364792552571,0.19462758346594403,0.10483313560070648,-3.640547910774877,1.5068216691407903,0.6290934013621761,underground
14.100812365053562,32.43157674831377,10.02330611344147,0.3336076953199891,8.035469313948182,3.3823538194594747,-70.92500964140599,7.028880760113127,2.1302018195670245,-59.70970023715953,0.07923282672952853,0.006647329722160096,1.3946446110484927,1.6355682714818827,0.667649033993073,street_level
20.85736135499029,33.394028646927424,16.25536502538695,0.26145035895575686,12.247292918987057,-3.9100517339096106,-79.74653894042999,6.901776727289807,1.6049978710748594,-74.66383463128867,0.15503403340576746,0.029435806672373832,1.2973999907130933,1.8481841887182215,0.5065971115944432,street_level
23.954988779970158,23.26725711610553,7.608539299047296,0.03435073159002269,13.30673103463398,1.4976925794648759,-76.77225428866761,5.319354856720562,-1.3311986667361273,-74.5666001336571,0.5702688086333854,-0.0020110401439001196,-2.19201332526995,5.8780411461048505,0.5659789969935385,street_level
19.16874735104615,28.62174224541161,4.1100172113789,0.14771312272450662,23.73064727866239,-0.21136959026733493,-58.4677456019226,7.829772208964128,0.30974842581162587,-57.096565087700995,0.1324628599894344,-0.08319808998813985,-0.6577173839195041,1.8825270633355204,0.8987583982978563,street_level
37.851612693236895,30.42009609635553,30.32677901145636,0.3645094882448334,16.76902738425286,-0.3206007845307033,-61.7696820298181,4.573024396890059,-4.724640979246794,-89.9687671574981,-0.27451220345404215,-0.22757787944944957,6.442491704199323,3.4883553205649243,0.8329810581508992,above
16.763445863074114,22.060918322414828,4.22720054070628,0.17486362362360605,22.88561414939173,3.998990320117259,-62.86440291225495,10.224152457144688,0.7454314144133458,-62.481486652564016,0.3978721126986833,-0.052254815832583984,-2.6877442813481247,4.293714800688374,0.860055945726736,street_level
25.769109200339088,48.44550162654867,12.561724232868361,0.34829533188680895,13.079807515379263,1.0637681562348558,-75.30491948075381,8.365636756008989,1.8759332321815947,-79.46422765554665,0.17784985922020288,-0.00893475202041584,1.034228344942015,0.2147818827393253,0.7099010559234956,street_level
24.62750639234728,30.820705837507607,19.279156098972457,0.11880618779874169,11.32943283683799,-4.534635018362068,-63.775161347169856,11.522346117981673,-5.078534787112014,-64.21944988517117,-0.6936857399600351,-0.10892638943483313,3.8051237232946273,2.012587116027967,0.9054290830546375,above
20.09163994888756,27.9472301930417,9.854809091274557,0.11353902398200942,7.49844347178493,5.8670944156697775,-60.40097974635833,3.9090778969916697,4.214249923827852,-90.40149332744704,-0.9839595715816887,-0.17260749991540286,4.267676462947593,4.002797133199147,0.6953272927918024,above
15.596222746850033,37.7213822864689,6.023997333258745,0.17412771121936652,19.6034841930447,1.0525420384171813,-62.01690012752921,3.514712579792122,0.3406948817126185,-67.79165110198647,0.6160666759644287,-0.07539696448437297,1.1956809228062575,3.5231780472304126,0.668680620699441,street_level
13.660228938318237,26.85372952832673,23.137809727203454,0.28971279569856145,16.974720161329316,2.9194272690053946,-62.905334745070064,1.5177320272604575,-2.958345968475708,-63.7526351724314,-1.3123301289185556,-0.1699317751747994,7.949493164615778,6.197494204898939,0.9799287121119428,above
42.26180734161671,40.296200441342506,20.443713403708557,0.2828604939392845,15.578795095894796,2.886185194067995,-61.668599865664774,10.15691458029412,-4.174716423235925,-65.34103958422642,-0.9834541625252413,-0.06133653518211815,2.9821494710831153,7.829520146897391,0.6744790283886739,above
41.2561663409582,76.8803820369129,26.428656371526948,0.3882101057848193,11.299341799758158,2.7904023738273,-70.99152759309622,6.958613407569141,-4.274494251876485,-77.57888577029887,-1.2239198435365306,-0.222870440649404,4.784576553699282,7.540098910608555,0.9857486470326726,above
23.578357893467164,45.35023863753731,21.3640534736541,0.2733855160376316,18.632480272494696,1.8343023263448455,-54.80276387069173,8.146661320166627,2.9317050856821227,-84.62757508454129,0.045393270488371246,0.03934998459674732,0.1597602010172523,1.3377095275775137,0.7682031918585093,street_level
27.582273768653565,24.64624172981823,14.091409183537642,0.14702726044064965,17.772632472746743,4.481270608343712,-58.61145917254868,6.330731627243247,3.04581270883362,-80.31303459439744,0.1230744351831215,0.031675296819991205,-0.8297298850695249,0.28147967691350706,0.7137389346085804,street_level
5.662911043070091,12.14743347399826,4.022306225390474,0.07010805324231788,23.953205990224454,-1.9018791572742755,-70.70032787961104,4.410319006327555,2.1279476849948757,-84.75710305629349,-0.08713352636547701,-0.008589421479038063,-0.07968386613438427,0.7216037930126551,0.7528239515949726,street_level
14.929730871459665,23.670764670035975,8.848499300657114,0.03786012637293113,22.04402986614983,2.4171731241841607,-61.55502492272784,12.282987450546035,-1.5675228285880725,-60.35767497854513,-0.5952898087497737,0.006836413760156493,-2.04095194413861,3.646902954288941,0.6312665018786976,street_level
22.716027615600503,44.490716647396866,14.994600634535779,0.169619311413358,24.385373557714647,-1.3805944302919473,-69.94977456917135,9.379435657972238,2.876615879018085,-63.6767701767397,0.6054881426244341,0.07640566586904982,-5.654290244273648,1.8183018164569695,0.40949986855205645,street_level
18.18048236919519,21.474124798486876,10.708773679158881,0.11829280195212348,12.579870602383824,-1.7054177679501494,-51.10187863443935,3.0132728483499225,-2.4628818567676944,-70.80881901505883,-0.6862831133696926,-0.0839157425510559,4.057996963268806,5.714339815972062,0.6979730447531125,street_level
25.820187276141354,38.67449957235329,10.555394207889197,0.3882669671721578,5.863024900044319,2.6480455820294697,-85.0743766959842,7.304332320497371,-4.643819780789418,-83.94582175411321,-1.4241229642829218,-0.10663850115609091,1.7365086040983382,3.391054847717876,0.5577206289170922,above
13.447795919070122,27.624840542752608,9.613934882215242,0.21159334049109907,20.501626434531985,3.8595352383015733,-60.34258650545394,9.443591835090839,0.49369024334644607,-58.34093150276126,0.10528885845844682,0.019191985992485006,0.16282524279809518,1.4274853365858922,0.7250365284383296,street_level
33.61666707378167,37.536454066012624,29.813535769199614,0.46645689606688157,10.531629556427298,-9.641461348490756,-75.95632729771201,5.242807400215481,-3.1002982998569646,-90.71781171671512,0.3506503732839916,0.049070968074523685,-0.999929074411332,2.3040186520871284,0.5029069676866389,underground
11.376651884731633,16.235235960804907,0.04033926101646079,0.11778608799324067,17.64430886559671,-3.4851782822767507,-65.60211860865971,11.51051987178759,0.6974010337077408,-58.89067331829354,0.1070803489145796,0.0028648228764855815,-0.49887483985577463,0.6934029506123193,0.5631346378153872,street_level
5.753539428520648,8.701586260633778,3.4500649600000406,0.049041505865945516,14.079224161419237,-3.910479743608131,-74.73353189195882,9.85703713459121,0.4780088205952211,-64.51416868872582,-0.09716933234570571,0.018507313589525606,0.13368194003304235,0.5690863356699134,0.8625783384900381,street_level
10.26710471091426,44.98641683210036,10.264257979536993,0.1258472062199579,20.07768315475911,2.318822677399531,-59.08020504614004,7.720371922680508,-1.3225712833208203,-70.57392964690312,0.2838337477100319,-0.07725717588514543,2.0638809129346605,5.099708378620362,0.7276701576199038,street_level
27.595408312706624,29.464315437070553,34.203761789972205,0.2717094518195356,11.527569998014314,-4.007456087148424,-81.8747259085962,3.9376663306644817,2.196736746580859,-74.71018793506113,-0.9728866588447029,-0.1850178327294537,1.5796468089862237,4.287918835919076,0.6619144034447568,above
21.033209945176203,34.12495251608927,16.335220634419667,0.4341092428619945,7.7897871250039,-6.092081632697642,-85.88603409416687,1.684918078474432,-6.314038373478528,-91.3789982945305,0.26766406415944316,0.1071893152103858,-2.436957030085041,1.6537349215883765,0.6384324674754881,underground
6.177788957960621,8.39099892977865,0.8309632674715282,0.08979487340121581,24.80668259767525,-2.3690055448257636,-60.616084438682876,11.65380890788147,-1.10141774628345,-69.84287427236146,-0.0881529294395959,0.003671214169757582,0.48523042439420294,0.30555694827338775,0.9203991938695553,street_level
16.435133783904508,17.91523922548311,8.44039856513184,0.1403691897389601,23.485874943023113,3.7132283744903996,-74.9651298554264,10.348716780873797,0.4898081391129496,-70.64410336068892,-0.7798180187936877,-0.03876822639593469,1.2753886707874695,2.3574627712961247,0.7837200601573913,street_level
16.111118640074444,42.82143481445269,19.494998875126896,0.20038942490526016,12.864652304054431,0.5472927663019629,-64.28983930454486,5.118418399351369,-4.368231181051332,-64.74294371499094,-0.3536033907095244,-0.16124966240573096,4.310162301185166,5.547982914533395,0.6494963261235154,above
64.42173897305491,71.17995630648159,45.431844761182795,0.7690530724685025,1.9427956467826968,-12.724304400199223,-79.11445887795901,1.2951542301200352,-1.3590094531657897,-90.37573802671315,0.8221064118207652,0.1331976757828236,-6.119966673111946,3.8584699917203933,0.9714564053197581,underground
31.735298583385283,46.56682344957457,20.473910759243523,0.3066627026152876,23.596723777875887,-3.749194795909505,-78.26854846715278,6.995623905591645,-0.2281064235430854,-55.215114721771485,-0.024446890494194448,0.0005115263538818839,1.1842112166844974,0.11350683667570594,0.5908081455316113,street_level
8.509192592823707,37.80837592725135,15.695188471842624,0.11790229998513203,13.241235849028758,1.8254556282577452,-68.48800777086718,11.927103982252563,0.8183928777609326,-80.47272927383736,0.09214659456538021,-0.08894299190323551,-5.589187156820454,4.588216485867887,0.7049503796423577,street_level
30.128078511562713,54.54750373192097,31.382567718759347,0.12004324398091262,11.058879572364102,-3.410463573724594,-74.37646264474066,10.558761932929329,-2.6069710625942526,-72.02342880466205,-1.267276550929803,-0.11757465098889497,5.289972422011541,1.8486228451962703,0.9851426293358594,above
22.987006026350528,47.88060242599211,31.380169744854097,0.2517133070191149,12.657735720415905,4.3217993289063745,-77.51872905120794,6.567296460071524,-2.428579003721379,-88.67054324801303,-1.3135370082536915,-0.16098467636140923,5.347646117856686,4.967189651465906,0.7635828212613935,above
6.897586444596065,10.697450249573976,1.824205595119534,0.1321006102412752,20.210083108016264,3.478370618109701,-54.68875169637412,6.294288514493533,0.5970689744214233,-78.6294975132595,0.0536480909130424,-0.014309335540888177,-0.49528676853545406,0.15185491664499384,0.8420208645438765,street_level
8.308163191388532,17.451054737905537,4.014041993275331,0.009686031404879386,14.231290813577987,0.39258633375131335,-69.50361388975647,5.6351233999450745,1.8905169274436187,-65.28076515040352,0.0684791022062243,-0.014257570984254404,0.03999543316979293,0.7453984024868993,0.9300018380807601,street_level
20.151185905212298,38.22913255018069,8.540377876816653,0.2178661725712661,10.655915989211653,2.352875668780963,-52.83972240903584,9.47105330593776,-0.8432829241737241,-67.0807275386818,0.5417520187487157,-0.005871778437948796,5.1893993836153065,3.993601843931982,0.67941253472435,street_level
5.505893533415932,16.25946531196531,4.2020490381324995,0.11506144824459696,23.630952073819238,1.7159183226825707,-52.65612919742694,9.36222406052946,-1.8210122903223984,-82.91327067084896,-0.04774521416888207,0.027343288837203383,-0.06193792363068862,0.06363440095739428,0.7247824624627511,street_level
14.771935223775715,20.11743569928752,9.818123478926829,0.13393035640035386,15.271807396679321,3.2572503103251353,-75.45608744631414,11.688521297354466,-2.8232600414673654,-62.61829260614822,0.07599735123842954,0.05872386615511052,-5.05351385179074,3.421011016785579,0.6516409867755808,street_level
32.090228702834985,52.00791373578433,18.331464314102178,0.5491170656302937,9.547650274954073,-11.966089971011566,-60.757218388563246,4.947028880264575,-4.243954073609059,-76.84521110612445,0.16592276999804345,0.047172352179507104,-1.0010824677212624,3.3673768922514578,0.4450047371094513,underground
65.12653580483139,85.17895691553394,75.4208937955577,0.8154303506642201,8.53954720475247,-6.271098193579842,-70.47595459628499,5.52603493691958,-11.51290524883779,-78.32252713343712,0.4052610998266146,0.2005392123246819,-7.626481578783721,5.992465321735943,0.4626537836928982,underground
64.6924216335452,111.66921678797533,58.705304887882136,0.8113491386674763,1.1028019931679933,-9.618510486602677,-86.36034093898749,1.980187551019716,-8.66852056205096,-71.82974239676655,0.9133420572552657,0.17156220554178844,-1.9217227310743867,4.139439403300074,0.5393719992117351,underground
21.907673331839234,30.320485088096376,7.281553272083571,0.08401339293869779,11.840911168326754,1.9956618659864143,-77.37069769384202,12.24285117839064,1.0097397410704856,-67.085182915736,0.5280677466967723,0.06243055789294907,4.120807744083807,5.5177269404248985,0.4666179011268958,street_level
32.2411708322865,56.466902052033376,19.80171949937998,0.7289664680935594,9.324703655305235,-9.913777588300956,-73.82640084852048,1.2844705294399166,-0.2523365730961,-90.10108765749301,1.0593791406184896,0.07842069842514912,-2.283041319289449,2.7876090438288186,0.6042060249338023,underground
40.33567375061743,41.993968935152985,79.47862694038682,0.7500507084636576,8.63388538414995,-8.884630966547174,-75.98367057909006,0.5913765414269871,-7.773303175138731,-86.5185490434195,0.27820500098793755,0.14602952137233627,-3.8622568646613074,1.8177066667178376,0.6829082155180092,underground
24.11825982082692,24.930368291532453,8.131796790116013,0.26624398872810884,23.947018803631156,0.019486037436127646,-67.49340663327575,5.538058235243559,2.6072699855283155,-67.11886609136762,0.05818543663570741,-0.00689356468318365,-1.4558815066181223,1.7310597781214583,0.7605957766939858,street_level
8.400161816172293,9.320441855247923,0.7928440079274381,0.021209160213331572,13.071153971924776,2.6442162676734773,-70.85233326033557,9.047459720289904,-1.3900999745447982,-65.97813037366406,0.12963129705833978,-0.004380772717962566,0.2665465079675543,0.023252678028324782,0.796147329540054,street_level
8.505597891788456,22.787009288717897,17.347823431788655,0.11542007269955902,13.456917789085065,3.2616096848749887,-71.28047225855306,12.914779073482325,-1.2713948959158365,-62.66083168189813,-0.5579954753533102,-0.017309703686056624,-1.3225713080334227,2.533586601748408,0.85833745940054,street_level
43.77880889963121,28.925166327108144,21.723118445340518,0.25272002719468867,9.165529437032594,1.2977428538762723,-60.04078948688047,2.103169410149035,-0.3086292834955344,-67.74009341962972,0.47298435220029844,0.04293079577871267,-2.3525223899966665,1.0532687240577356,0.9626323083351848,underground
22.743396470089777,31.254348294989207,18.527535723999097,0.3338681548398369,17.41838975508245,2.8511966142295435,-83.08703146157458,11.51382413252462,3.191756199744926,-62.915386416963365,-1.099864541724163,-0.22400793091693016,3.8960708728788047,4.219732157441591,0.7386263143226375,above
8.931338622109154,8.348624231051037,3.693053775395982,0.03945984349536456,20.657689318158052,-1.527724122187033,-70.69452747477146,4.896516718695034,1.3278339666157661,-72.51993392477064,0.07538775946193052,0.004727476080607605,0.10163449831608984,0.14288341115632106,0.5911663504479789,street_level
33.03380296926343,32.94969170861522,12.261976870471965,0.29327382399594626,24.00004438164944,3.206865984739064,-65.23323592110962,9.733886045914414,0.4276943035544125,-62.29757229626507,-0.022738033786230738,-0.01818548685204019,1.2271007095162427,1.6494232651230059,0.8394639208016696,street_level
25.527317823512803,45.26900549193073,9.616560483069925,0.22662644283655692,12.650381972752644,1.8819932300081117,-68.51266378338971,8.711583281356463,-0.7231370884679151,-68.96404724566494,0.12818556127376382,-0.0063695149469540115,0.417367412809619,0.3650895817441331,0.6103004407482319,street_level
52.54038888217817,100.51861074276773,37.62270158684667,0.7653057200642843,6.385142461410782,-13.7898334260682,-79.68507126869741,3.0367647920308647,-1.2313685855248284,-94.37712167324081,1.2863475075089266,0.2313365629222992,-2.771488687814008,4.299784529015411,0.9556923947622679,underground
30.841305970022216,46.7145930048772,31.205680181551795,0.12724658037359526,3.6742466477173794,-0.6615716717309272,-73.62000324734748,9.467764055293276,-5.27839509277385,-74.94515372637227,-0.6538926204689881,-0.061853580875745995,3.762558366553222,5.743828502622763,0.8587928029890733,above
8.837236285573766,15.562159969038508,0.17543283459562242,0.05907782265369646,12.224140928671108,2.5562364016041474,-49.2419668057326,6.8717491861229165,2.431398561593439,-72.63121065832019,0.04587513572416346,-0.014076897381347545,-0.35746286494864576,0.6361448223155074,0.5749452170830729,street_level
32.94925383875268,55.176192718837335,14.16867220374198,0.15318556500820818,10.01415647537348,1.8402251975159682,-56.346732317453004,8.029715314251156,-2.4295423492553807,-82.08738712078916,0.05391810621529769,0.02989075855160546,-1.167095596626265,1.1832422374109726,0.6140423118899083,street_level
33.0323701813968,52.58864864562576,21.636303621754962,0.31385188568161826,8.792767747477294,1.9585766267386227,-75.14970368123532,8.971122153972292,1.1443805933734357,-61.11730893432487,0.01744614214928701,0.022852704821610642,-1.464472912923692,0.3605330827224562,0.5712074362941351,street_level
29.86930947724629,24.882692493907264,10.829884952113886,0.13862782314642014,20.94508938038185,-4.875969772705588,-65.90415654335601,9.780049930544443,2.7814314373659483,-60.12098440072985,0.10899786832531308,0.023522969578972423,-0.08001918671131802,0.6251762231893376,0.892524717713828,street_level
30.944882130556735,42.48028071648234,16.085654617200902,0.34358352127948444,12.300308768478946,1.638692362393349,-56.9524784307455,11.654610097034269,0.018856002646043812,-77.15545079352066,0.10735827908357365,-0.009369720759645768,0.9907047702691836,1.4857327065591572,0.642055276553895,street_level
87.15211365429457,56.39036515237167,28.564328120210803,0.9229636210090895,2.1366216284721675,-0.9212929296677927,-89.82584020408778,3.591612160771736,-5.227785316459392,-79.51849164077414,0.7998745213329388,0.1263274557931899,-7.298421721410385,6.864879293868277,0.7360079839961287,underground
34.03717000784712,75.0753818149744,30.246948180527077,0.31358774231065767,9.512533319307337,-4.585740177337931,-66.68718322096154,2.641626530329088,-2.143455206565216,-62.310469341788526,0.6868242168553417,0.09784213332748376,-0.9735558455136748,2.073444259716425,0.6113881963516148,underground
26.737235353675715,97.96918919488493,38.41758737564492,0.6324987204782311,2.4122851925276567,-2.897269298500966,-86.4608505249989,1.2286511943786387,-3.240428398217915,-74.14441545872666,0.28349560594381673,0.15180984702109226,-6.432551615275617,5.935766397522293,0.48789420704346176,underground
29.188941782568016,54.323741112182,17.571306579145197,0.1870355391283966,9.021542498520741,-2.6339116124255257,-50.096286424678375,8.826549368421295,-2.9564041129647087,-67.41219399728733,0.06370513516396994,0.02021029817423573,0.5340326893336167,0.5270991247235044,0.7998706996424196,street_level
29.958399904290154,33.82329940098132,14.654481266251967,0.4159895525063765,6.025296568113993,-3.5991559955982577,-70.24208811565825,9.757719759800825,-6.485937302791057,-66.24204670715847,0.4864278044828044,0.10442016384765483,-3.163075939893038,2.1717865396112703,0.657570425765301,underground
17.592022257464944,31.195240290228913,19.589411317315516,0.42764859318553927,17.12506855554141,-6.500404073466173,-76.13064752430415,5.031771545793607,-3.5777805572651427,-58.79743884760264,-1.2998929738871825,-0.052680119202910186,2.4098608464798046,7.190785648007862,0.80238462466633,above
23.4436887977515,46.98939742017696,12.26015116410015,0.21216056837688804,10.682480907840304,-7.248442474854038,-77.63780594732927,1.928214515278556,-5.99134377154421,-75.43164521024886,0.3570850497206278,0.0224867270612128,-1.8675342804273454,2.1059872176811263,0.8027616960092782,underground
10.489737324128047,19.685014699629775,11.136814050127507,0.15469264547325107,19.287314921350237,-3.597753926548844,-72.38938744762098,7.853858688942647,1.2972853332392447,-76.61318757136827,0.6994236857754486,0.07589039357157606,3.998611890542982,2.169864310316458,0.8677498336115106,street_level
30.69741413964387,44.917064112485775,9.304829120514402,0.3241630584827998,21.21934470986114,-1.8367690521818059,-51.82482555682127,11.338099613507957,2.1708890155867584,-55.27530282036018,0.15889395924331765,0.0382873804494781,1.1944211814197256,0.9274539970489415,0.7405195495468878,street_level
14.558977079895463,48.96223954907285,16.212437053608518,0.2634704641526051,12.253815868570898,3.872941303999907,-52.34056588609337,10.065300612794905,-0.28157409619933293,-83.44920004948445,-0.07091388019258864,-0.012336048426645721,0.8523158252648724,1.00329046511418,0.8721903343640736,street_level
4.176037509907307,9.142962554149063,1.4067218300972795,0.055612742031342484,13.466131189813314,-2.266674152572527,-52.330544288661585,7.066066061136933,-0.044005294866054534,-77.03510806124109,-0.08080064033331137,0.02976949493665733,-0.37494211924898335,0.711613662736263,0.7838217439237057,street_level
30.191581975035927,50.194239926396534,12.43748135767796,0.10844696289300232,4.982816968631755,-1.9796306666478571,-87.38564096669677,3.2037244403230263,4.001244255584144,-72.49984482364535,-0.7880734951833925,-0.0995879312648961,5.7062075989092635,2.2235486015295165,0.8230549258555448,above
7.723060092329022,13.401574020744864,4.0982831538915105,0.12930109357872158,24.06530517497126,0.3107694945068209,-74.90850288134887,6.616607616957264,0.8848745159908882,-83.35405151530016,-0.054000948220219586,0.020893938502328957,-0.3794071409784239,0.6295085490356793,0.9374800819990912,street_level
7.130999063813672,16.407339689897476,3.9747349201507367,0.052948460564400585,18.00431336991474,-3.4374977443143484,-73.7764071135501,7.727575014338711,0.9717650254731698,-58.4474906385163,0.022960242405846126,-0.004155959594384962,0.09415897759190928,0.014287649773161349,0.6158203627289273,street_level
24.497175644863972,28.340600325069275,18.56643903090289,0.2896778153025276,15.521331985092377,1.513898991446041,-62.18649718804368,7.218649646332978,0.9110175895963426,-74.15976136360038,-0.04191078347536309,-0.019824999404230582,0.7938264653403215,0.9168099519713355,0.534891810641906,street_level
21.720012418499305,77.55294079525933,10.022678103435544,0.37983655999397337,6.754873308504756,-4.675235619475552,-66.287158336604,4.922788628017421,-2.533871893389604,-82.73991109209643,-0.680760896850647,-0.09377082143746138,2.5285639178350574,2.777300760132694,0.9604913468179131,above
7.995488855473119,8.133128994747608,5.402916579600311,0.14201336117039728,16.198848376683316,-0.8260442202733049,-68.94838926476636,5.706884342649123,-1.9069630200580752,-59.52083840111757,-0.11803700874481737,0.017588174117844482,-0.35119795111784147,0.06716625774510047,0.8744787101953155,street_level
41.44529463027733,39.20549459983771,11.046646480740968,0.36571104588218695,13.156462353465592,-3.421690469099725,-66.8529379839216,8.856344182125078,1.6274991691226788,-63.55178698994762,-0.7453916975415973,-0.23949832692351217,4.258925240804153,2.9274963938126115,0.4729602937851402,above
22.192906931714482,29.176286007949518,22.63153798974993,0.10514395277933092,10.194490188515811,-3.056218899358579,-65.2735928922162,8.503824546611416,0.10251986873360419,-56.23185232887885,0.03232392552287866,0.008133485217518596,0.6021430896928255,1.5651508199655513,0.62672815073586,street_level
19.421707118125354,74.1328017569911,23.31609649879314,0.4543994936152207,14.197087111225267,-1.3724767091659817,-75.905711199221,10.09215065062559,-3.8694326224989255,-78.71947538704477,-0.9721729431605005,-0.18023867872326582,5.891401205176447,3.9612289802851066,0.5742168119344316,above
65.4368912289452,71.09688223990486,18.918404523962327,0.8213277685608078,9.233036082364055,-0.47155534104365415,-87.80925860909868,2.3474824978607716,-8.938383260764258,-81.51911079638204,1.2915246102119444,0.042884608950466266,-4.9230201922630865,7.199178145620032,0.46638214990037263,underground
23.86370533695296,43.844995370501486,13.175289865244505,0.14738118628119135,5.830437234488539,-0.7120686613175673,-74.43109749621749,1.006177134249076,4.240935176205474,-72.95987751739266,-0.5443233610161924,-0.1751051202871423,1.9181745133413153,1.5598427646901714,0.48193519856542744,above
10.637887169028817,12.42550404291287,4.853208195536995,0.10280986684370952,8.964941229060475,-0.2811028311583099,-74.001753202032,8.629959190104406,-1.3860955823320464,-84.97388991059047,-0.05888673289772432,-0.025391229088826437,0.20417221477166902,0.4200411893498379,0.8141902622565633,street_level
79.36321271426579,95.82381943310926,72.76862139650268,0.6001022635252817,3.704979061688695,-15.705083073462944,-70.54123823037244,4.6248559627771115,-11.242057744679903,-74.05782372055593,0.28689920256751955,0.1720732270696171,-6.358831202897367,5.2085373241361435,0.6491735747834492,underground
16.96487728029176,34.449966121938154,19.854600159375828,0.4869418716822831,11.06404695239221,5.3517539233624944,-71.45802234636338,8.028132500125118,3.473734139652045,-79.23642825396722,-0.9818881615410797,-0.15968773681416976,7.353295118353339,2.9627975802984636,0.40296203931815233,above
83.95607487230625,56.30371332877732,23.47563540455681,0.500164323478168,2.823596517219902,0.2875092591034445,-88.23853346434584,5.365751877453432,-4.759112734741212,-92.11762477157544,1.0076017608125047,0.04989665252208824,-5.799879239136327,1.655380300145591,0.696063215476386,underground
13.788022836410729,47.46192335393411,12.356060632135343,0.2333360149710174,16.476976954216706,0.5771376204592027,-54.050973692041254,10.988716278352369,-2.77182987419937,-69.16421203945833,0.14440471926878365,0.010777488461656451,1.1210420554357974,1.0221605204582265,0.8846372079350215,street_level
13.265230404773737,37.62636882670515,16.63332777168603,0.10156705741722943,21.685070990980456,1.0437749085715717,-74.19405974780727,9.883790255894692,3.8866357952874555,-57.73264627817463,0.03053593665084059,-0.0016548435776692384,0.4936901162061478,0.015486038848813832,0.8443122585421368,street_level
21.23333082408274,34.10376134895233,39.8075006012713,0.3282200989081906,5.028558164285203,-8.885864092304166,-76.84864290767426,2.2359821418032055,-6.6774921210770595,-80.3776754632458,0.516385872989789,0.05998903574049988,-2.3289464366747774,3.54484867632227,0.4467403753518771,underground
22.679966384895536,58.65698681220515,21.129608210399624,0.3849962233733826,4.116113959900936,-2.101349369730677,-86.96780195337958,0.02859887499688707,-2.7104115240724163,-86.68305751700538,1.1372392810068719,0.10314635368289843,-1.6169201311037806,6.4957252899677345,0.896811596007953,underground
21.810772550689627,26.067345743913677,5.544845345006066,0.03852496041195535,18.290978552130994,3.5033824400751366,-56.134314801793394,11.786538018500057,-0.3434334248685227,-74.84257498222911,-0.42833676553498584,-0.027527919002824364,0.2875427032536395,4.717150770422945,0.5661045892133916,street_level
24.146969052090057,31.819055077231106,16.256571840137717,0.07445227881950583,25.238844862362335,-2.680599853630463,-52.850575323822454,4.399042169623201,-1.897843111760078,-60.538265216738026,0.08057416533282746,0.008459403627163617,-5.559140771057731,2.781153305681475,0.41041451471613016,street_level
16.987634666938614,40.28322019673639,13.664542091874912,0.08850060136963805,25.758759282317143,-3.929924335238969,-53.99943417674435,13.349203977175291,1.023762487824948,-71.99797055244625,0.20003020427652896,-0.013733370681052695,1.47824983774764,4.230055635490692,0.6435672468168764,street_level
6.312310578948786,17.420996896562734,2.3636215222265227,0.024439542080602953,14.337496848706433,2.425967129098975,-69.6795596529002,6.297558090753048,-2.656507762585397,-50.36308317929071,-0.11682144382819769,0.004675348371934597,-0.007125592949356441,0.163383351634662,0.5593024722250416,street_level
23.83345901135614,38.62603869272837,16.521371930029083,0.05933288252691114,11.68951520830089,-3.7090761569551027,-70.08480635814888,11.13750417922548,-0.8647699336234353,-68.03116740206052,-0.13157090021054307,0.02936961996514803,4.422266133589055,2.66507771359057,0.7627021558373241,street_level
83.19290285042716,52.409345828866236,63.430168351366525,0.7325592313988243,9.897483983389213,-19.819395253685556,-63.98418631470146,7.910726096292115,-6.684829332732735,-67.508579990539,0.5350872483307371,0.17620949645633982,-2.9728161506898108,4.855395649624553,0.7463890385825326,underground
52.207081805142884,117.9966691814426,59.18855924801209,0.5328136828461878,8.859908187076938,-13.656294810248042,-64.54174680815717,3.4972609742447034,-6.726868924020184,-82.20506305595121,1.248806912132251,0.1550100831370236,-4.155737200650542,7.646342660461686,0.4921541494607128,underground
31.885572737698205,75.65097796676417,70.31517114815598,0.8754890514999579,6.67877656144567,-10.619360140499614,-68.46972093355336,5.454856399499399,-8.522882016819377,-68.28346647602355,0.4583323857933869,0.09036798809702404,-2.907919269339911,2.0398294498612737,0.44307841849647966,underground
8.812162021862605,11.036069277705014,0.3086872275893675,0.023562036361598013,21.59951743000665,1.5231579188874766,-55.18587449069851,7.93398432258076,1.4081066876587034,-51.87508792472505,-0.14564999976889131,0.02259687340369442,0.11307961213605167,0.3563527395899366,0.7877102603134464,street_level
10.00592048828789,24.818457104019906,11.884784435166837,0.1760377061559771,14.369042092341129,2.5837211696499294,-56.21120879288079,12.376502308226346,1.0836401205288642,-80.63806824379289,-0.602703846406638,0.06922252342226815,3.9274491444814608,1.2053166791601002,0.5987859029965719,street_level
42.46352413911242,38.693510799344736,26.574586126416687,0.2771080079109388,7.459418256679333,-11.013240630803288,-59.5859119293103,4.569258588646765,1.7641738103436353,-78.60968087507905,0.15162034535461927,0.10616135363642415,-2.945276467871408,2.3280385913226267,0.5798998915266967,underground
18.169131872301765,76.81513873131456,31.99364190098305,0.206956881539467,6.755558914735666,-3.0249078736327855,-80.32144615812595,8.730410325927004,4.270031840100295,-74.4747661654236,-1.338666072573027,-0.19874049318485443,2.9502827515358447,5.147347790313144,0.8123048713846055,above
14.557861745385047,48.48347103446484,26.929980734218443,0.28815963598296124,14.673954146901583,-3.480167960123711,-60.7609957254421,9.786048554605893,-0.643947545697257,-72.52763703767694,-0.3943226123425414,-0.1846092938023935,2.951250658720392,1.5153232783326187,0.6721588844523316,above
77.31745840441005,83.47740753743388,19.199781450088565,0.5305613281647938,8.128038841969254,-19.74730998475336,-62.14242206612249,1.7887403385963685,-6.171676407963348,-84.71731222775082,0.2747054881535559,0.06733416280849643,-6.873692995139362,7.276683251582679,0.4056935078534168,underground
33.95768515389388,56.93674616561045,33.092091550207556,0.31335683829093197,5.930324402221732,3.4918255417242747,-55.29998642230135,4.2331110033139145,-4.2140255764896875,-66.64488051624,-1.0601932194790646,-0.21074337953634678,5.085464218149034,2.090309205404262,0.4024115405376122,above
21.33905086520958,96.75983574585142,57.96509247528779,0.39362163748280427,6.50159736207951,-9.818685965239244,-84.4569808910396,0.920504508127892,-4.373035992153126,-75.21255522077463,0.37136519474614127,0.1223026588589714,-5.780844495004488,5.487162401408832,0.8135824170189048,underground
14.304251591838028,28.845586439102206,10.635991679726672,0.32872527600452517,18.39247088995608,4.316253712500767,-53.468049582558024,6.216826508960603,1.9709370912658457,-63.01610110160338,-0.09904969281112411,0.02222371051877263,-0.7568416288328061,1.333483962049744,0.6231180331407569,street_level
11.726353957111906,8.394582466287037,4.736101975999187,0.14489965878307515,17.462685722607045,-0.5466128106051125,-52.008595237169786,7.303703451920688,0.07755808252261032,-53.304015395606136,0.03952060371639063,-0.018290585293852142,0.3889182270618663,0.31164456872361046,0.5028825903902523,street_level
9.253958841929851,15.83265549136381,5.094844794117448,0.1423598701544137,14.567381331278511,-1.846109121718948,-74.40475743877475,6.513457452096531,-2.8009477302349417,-51.9452476741894,-0.0897537063999154,0.003952185450287984,-0.06087826932658558,0.49623789279859426,0.6741540724866977,street_level
9.975085921159234,17.724002441578026,0.7238388723531832,0.03491173313499757,14.149844589808101,-3.7881617182704312,-71.95956606903466,8.257666524233183,-1.947134355755198,-83.27160162595982,-0.07934840682080314,0.009576887830815693,-0.0948846808099365,0.5307997255147393,0.9137921481858835,street_level
15.282954688981217,27.01500854898965,11.877991770154667,0.2087684967066295,23.142198754991426,2.1512404767512754,-51.319914717485,11.928235697159947,2.821045932678345,-60.16281533966325,0.46768450954542895,0.029209460270060494,4.342509996833982,5.59365715207054,0.4673617108741118,street_level
16.81786973632642,42.91889286311178,26.71747069280093,0.46202361907948797,13.083452887986004,1.391810381272828,-72.71224443618088,3.5725146643818384,1.2208356772904914,-74.90936483617745,0.4540344038312958,0.06773314364922875,-3.3437995224194936,3.2677715189850565,0.41662480869132346,underground
12.21755190574025,18.96454656749009,9.041788070489874,0.20181871426291423,21.257197575225916,-3.6518573388999487,-54.96551043278275,12.335469400613833,-1.8545398303516099,-68.12460567619638,0.18175751579847754,-0.034108135544355794,4.10810346200433,4.465798697764252,0.6847261447903432,street_level
25.798594751393495,33.13423992379179,22.4610314830596,0.19086705496794715,13.721645704235694,-0.4098991312551661,-71.34344187080286,3.1437816717407476,2.172550281878447,-84.65594128381883,-0.0387743294339358,0.005913392918776482,-0.6658428086987025,0.6189689182586076,0.9486982155901664,street_level
22.08066691117551,27.093423588622368,18.214436165427117,0.20563067216370629,7.047184716299377,-7.894182762036754,-57.819410691454536,7.8080499711441735,1.493122567655707,-72.93874151894681,-1.4428294689809165,-0.09118995637110877,4.546104104755274,1.8591849856625924,0.5218044755817175,above
22.25453336748034,15.256774320573282,8.04747300214222,0.05256040701313712,20.310035276326097,0.4727095022621963,-75.41713591115672,5.6827929172619225,2.728626013363149,-67.27931322921572,0.36713362411747963,0.06632837653945914,-1.263039123554579,3.8016164654810316,0.8800773635047101,street_level
20.015186134529564,29.318963880771932,19.950190589428644,0.2801497228275458,3.7978519747920343,-4.385669970476156,-77.62436749309899,4.8431911981667675,-2.508108986818372,-66.07752022831723,-1.086549630216969,-0.052595100879302165,7.505274891849633,5.617112504381332,0.9708102234966889,above
21.489219896444087,75.24362357675494,20.07212937931082,0.34664086371917435,6.052060877065374,-6.257848107771801,-82.35915428411967,4.003366612650836,3.666109705682853,-73.82737743766504,-0.3322966626087769,-0.2025887619789052,5.827446211133645,3.2417905398053795,0.4363064502768965,above
60.4136554614949,111.26589250875294,50.449936950681334,0.3876794803865678,6.464518499732476,-3.4533187143018154,-86.10570670872038,1.1454378856564853,1.3937955839645042,-83.05162703540849,1.496058836606637,0.2331542903287388,-2.1382160443801537,5.7994155096221265,0.6646467069207103,underground
28.948447743983753,48.440245723540826,29.708330265853412,0.210610756004466,14.357880414947173,-2.678043768760965,-68.038238470626,7.541785571511976,-7.06502260436476,-70.93438621232998,0.22935785642418044,0.04326274954372447,-3.8535877006835126,3.2435403796749736,0.8341130681117979,underground
27.999955881044443,50.579897430803356,11.519019452865066,0.13228273895237466,17.074738041774978,1.2659255629866415,-51.92941941120155,5.329389215984362,-3.229145456202292,-57.35742031317787,0.0869507362470161,0.03131043675284909,0.6281942837767955,0.59540364214577,0.9322952359943264,street_level
13.668870804151963,36.113893847807645,22.922044634468442,0.19936514715069747,15.1104883619561,4.909312539573332,-70.40323177185518,6.2286880011257075,2.470149322362743,-76.07195455826766,0.006730653229291242,0.010699556258805594,0.9875447533034722,0.31104210153674994,0.6928210905146086,street_level
6.264405204403949,13.73450821630657,4.06581637934528,0.02294314536604043,14.156413012501616,-0.08672145175669677,-56.92622245366796,6.366930312657806,0.8403340172655582,-81.13055099736185,0.1020930792006827,-0.02781913884706531,0.39421827727452974,0.5530716092212319,0.8931903446742839,street_level
18.932101946885638,27.579076212048676,11.514511718786757,0.08845343516265537,19.631803032672707,-2.0666372185388786,-60.46187780807783,10.401255480454243,-0.712934345593474,-57.64124928006633,-0.49045777610449304,-0.08039175561999619,2.463358995167626,1.9130588627075746,0.8385819279495695,street_level
18.084875932632535,29.546905030847597,10.470487310154814,0.49171851643719866,8.850448415786339,-4.560986409580407,-57.73042443886539,3.9905778569938875,-4.9390177894761145,-76.08570779066373,-0.33483359729269835,-0.21792343489103005,7.720508891273856,5.35509123705871,0.9061459278971408,above
12.662995627904897,51.47864100434631,28.208845111419212,0.3303249753939975,9.60758012181234,-0.908823098026744,-55.44458384266348,10.630656571263742,-2.7523980134921935,-58.818645705488116,-0.7444435223446988,-0.14938392918411855,4.949628275577207,3.100033008727666,0.9970317619489376,above
78.72696161621198,112.73375223799792,34.09774790488212,0.3997807324184128,0.7953309170175793,2.4310848747974987,-88.92014032494752,3.7934891052609654,-3.34525660016509,-94.72658795750381,0.6217436030963095,0.15597744313026782,-2.226413244551412,1.8388794137381854,0.5626380844898164,underground
41.57614599223782,59.67018145643934,27.466906011275,0.2659756956288489,13.233399734696949,0.3702654764656028,-67.76890356774796,9.935021150640631,-5.977152032415299,-61.148157373332594,0.42560036035009774,0.06822587387198523,-2.0490214374475872,0.8890355713440212,0.7876586556152929,underground
20.858971452740363,63.36695551254092,17.759640028167517,0.7479485809819795,7.733369388656955,-13.132896957399776,-87.76355105306557,4.118708394410301,0.7593438678864182,-89.11990810854859,1.4923145927270336,0.043553422174929454,-1.7546280670542318,2.48085552298292,0.6125809673679766,underground
34.31779698086626,51.11811977911239,17.42667697442238,0.3332439812916102,8.407861213250053,-10.971289466258536,-75.62936661654554,8.43771806027374,-4.127575035984778,-78.63106371620052,0.3490929673762603,0.10886857085171801,-1.2471823278643814,3.3875854847554026,0.49576152806375784,underground
13.775725084278069,38.326302246350735,16.48502986886305,0.1109461848692236,19.025782364183776,2.271305961885578,-58.91003427117007,5.624764600629066,-2.567108954265727,-76.3925896255179,-0.5143768308173133,0.02932433970248416,-3.1628888154104375,5.834233354979259,0.8029896527912213,street_level
31.49096481212429,42.29265594714971,19.34628004111456,0.5274632650867848,10.053567403195288,-6.09446786331978,-86.53806320214099,3.502882865180387,0.3085488834157619,-92.89079895390222,0.5612057492424829,0.07435147942796491,-0.9090356550626049,1.682428205774943,0.9755724452640048,underground
29.655015113000683,70.49982785006858,30.373073150490427,0.2032664318597307,10.164060826076206,-5.045349440604425,-68.54239584981956,6.247206922249384,1.4885846307889476,-86.63039668175517,0.6341372349068322,0.08706850465872816,-0.8057330011235471,1.0504796742737554,0.8076219490712471,underground
19.924570828013266,71.05733150974467,33.61835496714139,0.22227034870019083,9.1296155230885,-4.910735459870265,-73.59498580834625,10.603327368587452,4.404560702819634,-90.73153672781167,-0.7029061888525364,-0.07596933486769614,5.458181646521041,2.9220345041703943,0.6004604835943649,above
12.2806086484736,23.45806960173728,10.49635431092134,0.15575043635524768,23.995667887242,-0.23043022069531105,-61.278363167251484,4.253953596322683,-0.01049713140249331,-77.12763756241334,0.20531350645337554,-0.07831283392515101,-4.391744493236484,1.772624093622047,0.5948168247303824,street_level
9.942890181610961,9.83712443039765,1.7359072618973048,0.10159563888346794,10.134090007650649,0.5940317854736241,-47.041469657573515,5.515268491824937,2.459657132081561,-67.18152937821773,0.06400035040391755,0.017552866489510092,0.35406798333356704,0.4578222835525565,0.7870032643473617,street_level
8.666411009838269,13.302054943872177,2.7674175707810145,0.10595904828440272,13.110838789138718,0.44385034353859787,-61.45634972263341,11.216886412144687,-0.6132230795718412,-50.972877049717816,-0.14970508338316238,0.00655739377853598,0.4424015380723265,0.29208520921160347,0.7394889694360429,street_level
10.065614500610746,11.957880519941568,3.1236761423890798,0.005919426667284661,21.630665950304248,1.2824517281848697,-58.62555494967941,4.949665399781614,0.49109381431149934,-71.25032946455752,-0.13967481855029273,-0.02545964687019784,-0.012370528300700956,0.42871363931899753,0.776950018273665,street_level
17.250063440960027,43.94214107254531,7.128342812858451,0.1522350327200646,22.457076275390754,-0.1781910489925842,-62.56017590224235,6.022717713125252,-2.204245319182332,-63.955356368561525,-0.29283512761387964,0.04353053338881191,4.069984436343411,4.6801714994173045,0.707151624939448,street_level
18.551187946833338,67.32528967441,19.017151861478652,0.49793968784875386,3.733487471857719,4.311408403226887,-82.10742660730742,5.821418937197469,-3.2463864092079335,-62.15922568267768,-1.0355311554170585,-0.18182561737392472,1.623153203339598,1.8004348678377569,0.8226860369047362,above
19.556595488768444,35.039618276169776,14.144028434078194,0.18732681007624707,18.464062056806,-0.33980399828346286,-75.7211728960198,7.220193018645019,-1.8284978314571658,-77.49925226580675,0.2733848403872703,0.046147968209258206,-1.024782474559803,5.769009339569504,0.4043326931522627,street_level
5.101730950760555,15.205176093410934,2.6150612915078395,0.004844427929112371,17.377584735827575,0.2892504060463992,-68.54290818807189,5.323254557685814,-0.558224093432742,-61.791318261397926,0.12679669938459212,0.013839840938870536,0.410592819588935,0.19015474173682767,0.8704383479027655,street_level
19.41184169998163,35.56043423675388,6.309239332294093,0.16039214071482763,14.642426276450363,1.7460430142286816,-67.21396988364128,3.116092809933748,-1.7591918221403933,-68.39660174322103,0.09192401834414565,-0.03868988703189529,-3.9296361944762244,3.605983231836947,0.7680316217880034,street_level
18.084045528438303,59.08427849220065,9.297987082813222,0.24225457386658586,23.544529625302587,0.7564546483062982,-54.379181170081274,10.489810003119679,1.4680424317695584,-65.36283561870871,0.06793702674546587,0.021918029634753124,1.0628183796788342,1.6724277506417626,0.6710124452966275,street_level
16.110959286771745,30.22129872613887,19.444744551495447,0.12929369146683778,7.967356373382275,-6.284804835884799,-85.43910855273914,5.829751058297493,-5.889541334421648,-69.07914747184171,-1.2466879037684069,-0.08605321276661368,6.282165297791194,3.2523629575758344,0.8878783916141002,above
22.70218409257854,19.694964881147214,6.397577686073694,0.03890068985762468,23.762016838440907,1.4385590191158295,-74.11342602123695,7.209402519457002,-2.5166219689864393,-71.52332789047902,0.41000479419348723,0.0345153403798073,5.2197638068245755,4.356277065092215,0.6263911443682134,street_level
17.889931571435206,65.68856360221334,33.07901771514525,0.4933043465074587,13.531574436924082,3.439490330611811,-80.14714905927559,10.442349451246352,0.5299607016265977,-70.70511592644772,-0.37759291048459653,-0.15810524529319755,7.824642382044993,2.5939219002523304,0.6180809172826591,above
34.49253005036794,35.51112242792117,20.48465820763372,0.11506630051031008,8.066310264925749,-1.5641662252786226,-73.9831599433113,10.641676532359543,-0.7505493800676417,-76.33746758083038,0.04212145442304971,0.02927299459131031,1.1339883316867674,0.7859674031805655,0.8762590772167451,street_level
23.000407087967808,70.53008767265854,27.466353954634293,0.49607860735879616,10.708427474024976,-0.4436031550163335,-61.675049670260876,4.063539146787809,-3.9965396255018186,-60.89785679714026,-0.7334400155642647,-0.1960221615455704,6.671803017554163,2.020458792427275,0.7202488125134892,above
36.83615281991236,57.158425395512005,16.959845837912113,0.5072259723300876,13.295348201385105,0.37499234444838514,-64.4509164036252,8.686474903337352,-4.912812386777584,-62.57550931946138,0.295401082889316,0.043828244501395365,-1.2156907966792865,3.517555788929342,0.6112346199035202,underground
38.2996341797389,78.77407071650407,16.53952088438876,0.4025758437107234,13.916059916037057,-1.2834461380397624,-78.7213186101308,4.082236259884091,0.6342706214516944,-61.104195559355404,0.6878038118431756,0.05690388885613372,-2.250996917218213,2.0884710207434036,0.42343639034703845,underground
33.080293209069936,62.49893471867542,23.724132801435577,0.3690079913308172,6.30016777717802,4.602003999808593,-67.58559862126275,6.6250135143187965,2.3762932607243137,-88.30738856095647,-0.8926539557691711,-0.12847997057462318,3.7792211151139994,2.109306148343504,0.5913892700224295,above
8.305796642594217,12.595834867308373,4.729352823490297,0.08246652811552845,21.99007858106836,2.8204748506378516,-57.876006628857155,3.371710010408428,-1.8444519856156223,-68.14785517334487,-0.03566479807633191,0.017782573305372425,-0.15172773573974274,0.7264121218791729,0.8332719133412525,street_level
10.193386601473394,18.1223776466053,13.76108956529237,0.17707448773781095,17.825014755643735,-3.5923696979789392,-63.87510883440001,7.8675136840937085,1.8931737339877426,-62.413022389351,-0.016896762924202613,-0.0325257476305698,-5.973881760377414,4.913212717255442,0.46629202184435964,street_level
43.52644528996642,49.16293002241396,34.94609149910099,0.5297301806463718,3.1548714574813874,-10.872962997403588,-65.52377232374742,7.82852817694903,-2.4278487641688127,-75.89103618291095,0.253660187929119,0.19270340828245364,-6.205821511718127,2.0338901439664623,0.4074005304130537,underground
29.19939758497629,31.284753144529965,22.342446597605836,0.25423798909904993,16.461846340664874,-6.1746495631465805,-77.15806093935697,2.932724681614178,0.7773607499487918,-66.81887794670133,-0.3396911057048513,-0.15712312689286423,1.760306248895627,2.7979383325282,0.9067952733990072,above
21.682316349493476,26.097300909284954,18.68929740874428,0.2278083183324039,11.746273723748004,0.09730824948519423,-77.11477229633802,4.8238075483247815,-1.0925801041132583,-61.591338593573525,-0.09778652568244853,0.006909687922981113,-0.5701004934318842,0.6223911607101809,0.8418764860303676,street_level
16.009565697731684,34.802211419204205,13.865794096063476,0.26659847543222037,9.663225617922267,-2.488543695747908,-77.71414498267256,11.255784900613042,-3.0737408813715996,-84.12421364092597,0.02381852643109554,0.03746098669129891,0.009891528746813316,1.3607370825398843,0.5611759786601676,street_level
76.34957759400787,76.12061384642669,23.221171311683108,0.6625620720120164,4.0516272735670995,-13.161931715519398,-78.20038817072785,2.1534827086111124,-3.072699668269305,-72.9302832551263,1.1872459912362865,0.12366862942223233,-3.8960226627805854,7.898588200162656,0.6648657629743358,underground
22.332340223083296,42.60605860147401,12.084689385762397,0.21026622386290356,8.954928323367932,2.1426184452592087,-68.40283694794346,5.646696412248749,3.773911198696526,-80.65055693892296,0.08424485391399394,0.02297567551051996,1.2447522247531304,0.08409271506926497,0.7185991737735513,street_level
17.53185912862132,38.451982621948105,9.586892777210156,0.03178209427004491,20.498030692694606,-2.2708722541664157,-51.22037216248238,12.069167097875006,-0.5976621100371582,-56.90771324352984,-0.6569886812192198,0.022639954516003008,-5.785641325597787,5.785495876996977,0.459824707401539,street_level
21.330975772694117,37.787598334197845,34.89127740708679,0.37669244797219903,7.978596150807154,3.0786076870808614,-87.52177417042552,3.6467271002394352,-1.9002399932644547,-65.56236279974898,-1.0520464594581649,-0.11305268549498679,6.429457413346591,2.568049761139126,0.5751206599349197,above
15.518681574652408,62.52252969832587,30.592647093555765,0.14840606569761639,11.434780384263885,3.650508426478037,-84.73683397616941,6.4913173465766425,3.113535954560888,-76.36646342647049,-1.4379739051067488,-0.16896548453400717,7.813161563952484,3.842058278171896,0.5931093965513099,above
17.495287620739656,38.04937684637879,8.92656664286967,0.029970257968818654,26.65635863101186,2.4816866443591508,-53.87381696052336,3.1093988853577104,1.591427328643002,-80.53986513906567,-0.5319140694492679,0.04606003819878518,5.140455343930729,1.3552826851585555,0.7143936265278286,street_level
8.611501773025935,44.33824970824454,10.862323916739468,0.060269622972648984,22.34029782465941,-3.7196389249762527,-61.595464848757295,13.78960260906357,1.526452437524319,-55.77668337985571,0.4411417163114437,0.030998725682474026,0.587621208056456,1.1364507542391773,0.844589307686655,street_level
52.63955711022589,93.45508930148497,22.253838067108948,0.45671467783453057,4.18427319855388,-9.814537737567916,-60.47111232271794,4.096564142869793,-9.662873094826434,-72.14111385619066,0.9119569537922805,0.19926302260925152,-4.1513732248710316,3.296915334581189,0.5278868867331535,underground
10.105237669582152,9.746818176939101,1.8356399485004673,0.1271657402955166,22.02917033753439,-2.6329389897800732,-70.26565058024549,9.932702116503933,2.0053395938468945,-77.74626549942549,-0.13374201909960812,-0.029069731394687034,-0.348362702013416,0.2231766625763908,0.6623838559311664,street_level
16.71661954748247,77.21824492860036,17.790648498353413,0.5326161636912332,3.2906526587951883,-11.969056104190495,-70.72321064294431,3.177077870518409,-4.803927333010543,-76.4654590872257,0.2416452284447603,0.060257774177857396,-1.305520670760349,3.514869966746538,0.8602246488981433,underground
15.292498287371576,59.38929238650622,18.678152260997898,0.10400670778189716,12.886383598911484,-1.452566360503924,-60.64729791188056,11.079165816779257,-2.2701756575764094,-76.07821048807568,-0.029132647710620893,0.03560080372995411,-0.5106941473644891,0.578702336338262,0.7375242779624722,street_level
56.10809730196438,70.32302354319498,30.330045403239687,0.8850014553986245,0.0911445192008642,-13.50450622391446,-74.02689884904319,4.417899234153077,2.7455332839358757,-85.35916366524343,0.8900273709124196,0.07287098790605098,-4.438593219866714,7.795075451585448,0.8772670581507288,underground
86.02686884886164,81.75975898148727,26.158555092596963,0.7507406640507762,5.181594227582296,-9.627164214157393,-76.98979299743512,7.7491828081237015,-7.247142187794461,-93.73791089383356,0.5113383885462655,0.1303040622361002,-5.030760171543726,7.6356836482584605,0.7209065547823322,underground
11.712594619466957,10.841312361061988,1.720596913448955,0.1050898285524243,9.678863648945182,-2.9071489781837876,-72.16819818481609,7.833475842002533,0.7674309244010722,-67.58373644636416,-0.044864502401112755,0.024578838451052243,-0.12632797530541595,0.08351897453012286,0.7251840253564796,street_level
11.284852028647059,9.941012729177796,5.079215501975405,0.02966840034856468,24.34436556329264,2.753326417799572,-63.12777623723003,2.5569286790314774,1.3579354327080608,-57.49778166841678,0.043980465333075425,0.01611357627022455,0.4848591761048734,0.3329608714178278,0.6827831713705177,street_level
36.080528767509236,31.762795459056917,32.51197532591931,0.4242355915622108,14.175777389964011,-2.668177378369192,-79.84033481883993,7.533922766393846,2.408154934345866,-79.92459451702605,-0.8840550645968391,-0.15469127369129676,5.4752741409871835,6.6044172002304355,0.4744882726885591,above
67.65242705925372,56.55641715547041,15.092514096393879,0.9587715891615874,5.060585365111015,0.450244199089493,-61.39223871811229,3.316718402175934,1.8775730919771867,-82.67761199595957,1.134876002393773,0.22113970284100778,-5.883262126979304,4.602177801229038,0.7787517866737859,underground
37.09888619468852,71.40689693163063,16.397651058329508,0.40635447964841725,13.040529884528016,-1.8381844896742958,-76.01722227588962,5.181324390911555,-1.6526631019147313,-71.92368258315592,0.2086916279555674,0.06602822632308958,-2.4993613571527558,2.990125086830596,0.8927545290961969,underground
23.29077175340872,21.991526974068933,8.945715756067266,0.035257108084821256,27.70970298006572,1.6184582209765068,-76.2064776992371,12.595847366430188,2.3367928607975115,-56.84066129139735,0.6371352794539282,0.08496547594023862,0.09192476185412168,3.3450347260890996,0.5516345714464383,street_level
20.017723661321888,32.2679790712057,8.312988425193389,0.1924281446463999,22.257115444894097,1.2981278513979397,-67.50035051200304,11.362652311284796,-2.3068253811121515,-67.79847886454823,0.5629165725012544,-0.028497833423548266,-0.5238824639386719,3.69825433945784,0.43433000460956195,street_level
5.934698150640283,9.288008238037685,2.882761357260735,0.11740445814310561,9.844495427034158,-1.720038114184982,-50.56687669040257,9.951553317921029,2.1548464880020024,-79.97746886446488,0.0957179330048103,0.028595146117263652,0.44063603867675283,0.7796365431603547,0.5212576160592205,street_level
29.613997036444232,23.9846040321382,15.566091497643797,0.22917291551350064,9.00258738088851,-0.129085719762287,-75.56795637254949,9.301858005520119,-3.4460445370137265,-74.45225308149324,0.08455399304911843,0.009671970033001465,0.3998847923919031,1.606753528265719,0.8628522067863942,street_level
24.306567720631527,17.62521740701859,4.084925559611971,0.12157566133780322,14.88939119302896,-0.2654039055146793,-75.84710404949713,4.41088170339899,-2.8722198111493804,-59.36536277436868,-0.24016704179024362,0.029768551104977586,-5.836093450496082,3.388629644916765,0.7758008731928714,street_level
11.836829029334947,22.779528858326234,6.517064741292119,0.1376573244152803,20.29418089326613,1.0086700946480667,-73.18869133390648,4.044257533600147,2.2309613186618718,-82.8651932966444,0.27955465615009367,0.03924273642344983,3.652859976442887,1.184471779989016,0.671484764411306,street_level
21.910683286551848,15.094907624538955,12.86067172389243,0.049431137607045525,26.673712109999066,0.2609917589914943,-70.21019234605974,5.990840477075727,-1.4513129608472821,-71.74847136615087,-0.19852565425654822,-0.09317374824794263,-0.7743652334514879,5.037926555214954,0.6906337536384441,street_level
38.248439779338526,44.93140926062965,31.97019329823306,0.5040432730018567,13.44910500215768,-1.1820504990343839,-61.52404942750547,8.607707691472184,-1.704298922957027,-92.22624160320325,0.5856258270057395,0.021399239457674708,-2.1130665357962455,2.6778467162972834,0.6345573223895091,underground
16.558260773628405,25.311101708203353,24.56253157098396,0.14207592840455455,12.932363456458479,3.0034432443258243,-58.469831276568435,6.420544431644655,1.3046368193892457,-70.23127016921524,-0.0429934092476168,0.026598662328366558,-1.0393994374218,1.6213535214882706,0.8319623747523098,street_level
16.50237828024087,33.82508462984597,12.19964002981122,0.12760316328280846,13.547129330298617,-0.5152004700133563,-66.79771523486984,13.421425361278223,-2.6148984639999533,-70.26617153965957,0.5586737328816684,-0.09178343130769769,-0.802415377776434,1.4801631344768893,0.46642343590458596,street_level
89.798373078031,102.35098687144938,59.109419403560494,0.6192659542176585,1.771071031771324,0.14522771414475244,-63.073247493435844,7.821542717116978,-9.00366696848825,-67.11510553535942,1.0358771957835855,0.12199514379481102,-3.634042895653094,7.339882066575249,0.9471296423839761,underground
42.54453660930629,109.21565718652991,68.81404195212872,0.4063391006391228,0.03001791758805883,-1.676064636699575,-76.34486052825561,6.691988481479803,0.4086536468878119,-80.71327409215922,0.495492453131803,0.0840688209924966,-2.7326172003037614,1.791648898436954,0.5253595208479508,underground
42.13725098520831,55.59958621655855,25.66433301203677,0.46831906359535314,14.232750453914187,-4.830766990967953,-64.82956182121893,6.136225655053938,0.8413103173624403,-59.03800128826521,-1.1463684343912082,-0.2468018132146357,3.2505227318848964,1.9063454178861354,0.7359256740930089,above
34.023846164539904,54.50228509622677,31.92158993707201,0.2722009093304206,16.555281185254625,-4.374917787072905,-71.29025360381165,6.311729835929025,-0.38735776883089734,-82.9040908972516,-1.2249221802885832,-0.0921363768288655,5.2167310038472,6.430135014580552,0.45825441213566076,above
6.557123393934121,16.18222765148554,3.9605397182295023,0.12446883004604738,21.589827702760722,-1.7435026835755307,-48.036023573708626,11.32452502871881,-0.9885902973571277,-82.11393493438781,0.07146820045070074,-0.023025759176025593,0.3392914356015956,0.014715990847414685,0.8957525518568792,street_level
28.290206389882243,54.041870310918824,27.620971522430168,0.22505824041773168,9.794528145112608,-5.6205375476493735,-75.88869487497843,4.474312791790579,-3.6794678456947647,-88.80181248047182,0.2602122126782853,0.10225503757177841,-1.905282780808955,3.7137161430099708,0.637975240732183,underground
33.170961318572225,25.04054150403071,16.858811067349354,0.3478905878341082,7.965255471246958,-4.51773788594449,-82.76962505330172,3.0304120287744256,1.6426296968663756,-75.26655189686555,0.637259539367847,0.11919343312768543,-3.2756196502496766,1.7582232175612533,0.6202415770581877,underground
58.04816626249661,53.330500318395664,16.495127586873082,0.436485246836748,0.6283421176814652,-4.396327100593487,-62.582968696196204,1.5102680212858957,1.250242579655783,-73.57353441216227,1.191125980262477,0.23308209734058685,-3.8422110052348755,7.998805349049893,0.9058843170191421,underground
32.94152948063034,57.391333908567425,33.355066090425396,0.16705312353625723,3.313493744322428,-3.0957578383458584,-62.74785810207923,3.8765575561087244,1.1340596544493273,-78.24948374861769,-1.0895511398929958,-0.1558666333663053,2.145209440665192,7.18842349183698,0.5670228319521533,above
38.321125111113425,60.8564670846014,17.37302285655788,0.20608575893655035,10.23384433066238,-9.72428048768213,-80.85574416371557,1.1834143054792237,-3.509703244364765,-86.9232808337473,0.20653464835576943,0.08399106131700072,-3.7899252935453296,3.273875201802092,0.9731790566345374,underground
75.93807672090502,75.79851762745419,30.462870540884282,0.6667117695977192,4.978424377945383,-6.233087675358249,-89.10073344071998,7.160863832375459,-6.733063260637577,-76.52643044415004,0.8510186505087749,0.1678066164481876,-7.416723221639003,4.5598730420926845,0.7110642067936197,underground
83.94999492156225,78.6423931998015,51.07696619455262,0.6249652486431381,1.2620770051599606,-2.582086709517654,-76.18644202088137,0.6840410069548692,1.596848041427755,-78.95430926322591,1.2076645894077456,0.12404560503500359,-3.961205601933923,6.961292035634343,0.7888870259941959,underground
8.253298800673337,38.59812892530634,13.96176201917675,0.09983693246118358,10.045707534621318,3.9608010515123864,-59.03071244017836,3.0011679897920054,2.914250479775923,-74.5803405711257,0.32690665190967416,0.048335027078548504,-5.540865281536895,3.5763133432421563,0.8066244624526109,street_level
20.75800312051816,58.678856223346614,10.276689785742422,0.17088155206268202,7.136185668159996,5.695353396802419,-85.55137855956633,3.873566192682061,2.7553429588421317,-79.81758720616682,-0.2800559293197631,-0.0849134132852272,2.7049949346188917,1.7222733196408297,0.9811129245497366,above
17.636479455571102,47.41870898008275,15.887883432859036,0.29049249031628144,6.801740171729815,4.59141482130828,-57.88757519989872,4.476285768490667,-4.996909461067773,-84.54066462101966,-1.358468711346117,-0.2396255826331212,6.374868213003436,3.849891788776701,0.957033801402326,above
29.25645170816184,56.99432331139039,20.698870828877503,0.3086370622788987,8.253647506052443,-11.326524394152532,-69.65273634253424,4.1263347524490435,-1.1377504357413946,-70.0263819696076,0.45751842582136115,0.1027400926768454,-1.2725394098320555,1.286477658069651,0.4377344315541483,underground
73.59414994554731,96.32256791688846,61.7940401689571,0.7849270496623189,3.2300480214080496,-9.437451825869665,-77.23483400030827,6.990225857092807,-4.641165280883672,-81.4679210137035,0.36454985686518415,0.24919266438745488,-7.743635744431571,3.9046847033328973,0.8056074908027171,underground
62.549141624490275,108.98931096240699,39.58086887196196,0.6181487022027428,8.303114490781233,-17.250551866748612,-83.81719528143287,4.193815696886358,-10.92117734915082,-85.60453224896703,1.3839639974511615,0.14637396433706457,-5.671755309358552,5.067701818580737,0.8642744437853371,underground
18.40353942674829,44.90464897584012,14.176863301904955,0.15337668503559654,22.881300362268,0.518410930002422,-55.7660049770704,3.118163618464875,1.4083890822293768,-64.29599229601527,0.4582213957333976,-0.049853184529821994,-5.154593150532948,4.1577163870945455,0.49560169951206384,street_level
27.825788505033145,52.86655805734652,38.09168335844181,0.5030958407348831,9.970883662228296,-4.2073856525270035,-81.60990334419073,9.492817008613418,-4.627211738510331,-61.82687505184915,0.678020476774244,0.02892543373447279,-2.9443160366585945,2.0706635517796883,0.961752501080567,underground
32.332201207787406,69.07958006939583,17.350643945455538,0.2236379332252088,3.0857169857135083,-1.004597926619308,-64.94209031075832,5.87767394435533,-7.74300944026722,-84.8909373344295,0.3302849076918907,0.08446462581666168,-1.5320835470231633,3.611089455283606,0.7140823943045317,underground
31.401839409193922,56.68765840859851,14.146652431770645,0.16032029256556646,8.146279876719282,-0.7483397426011127,-63.11826000429336,10.133739155709046,0.5332479206242278,-81.5099604661448,0.12718278030976343,0.012478576970630664,0.6918729067553828,1.9099282402391509,0.8725450224600806,street_level
25.22937067299131,37.56610050201126,25.404233028615707,0.1448152414917614,9.543499465534538,1.5622908685413144,-55.027272600200575,8.68589017254671,-0.684221944176624,-89.21475799815995,-1.0518731009882636,-0.16309390185755868,4.721749831951302,5.691250040736498,0.7987331254866326,above
5.928417808058086,15.551091579243243,4.798514956106576,0.1218589940721249,16.09401632999313,-0.8414247097356462,-48.91183445022823,6.075385788743494,2.877027147064794,-73.52331376376357,-0.0050093818852272876,0.009368533507811319,-0.40480202162306267,0.7077973804535734,0.9164520783497516,street_level
34.38512450842366,62.228671180576654,27.83024706367977,0.39964398952674707,15.262497339651498,2.0055998103414012,-67.84204402448464,8.332903610631448,3.649079718715514,-84.10045260355568,-0.6577712895453631,-0.18467289978954088,5.5277345482744575,3.869323474572548,0.5196645020348539,above
25.30041328865668,36.48829244539861,20.133118674433405,0.12288659348880843,13.091990820528231,-0.635613579652583,-68.69171269858089,8.982215794282629,0.3797718101251961,-76.06067524801398,0.14638183702350296,-0.027378262587915245,-0.810235445978201,0.1237949041930011,0.9481836535233926,street_level
63.09644496415683,112.70065311684097,79.66122340210367,0.4633075071989935,8.095719122001842,-17.977693607677843,-71.76281286992295,4.443571621931262,2.7104396666935706,-80.69286608676185,0.7989144631283589,0.09010036975038352,-2.405154610837104,5.369096859556974,0.5097991658343296,underground
11.257482607673506,8.90619242512381,4.072200328600761,0.08056528383714029,17.48169241982193,3.994509779816055,-69.84093515549023,5.159870380328355,-0.08051059501839575,-67.73645994177835,-0.001996852854880493,0.001563692871511889,0.33158627859076517,0.27672900038820397,0.9484912119298596,street_level
34.0905713413205,22.05501635916599,9.82875589089867,0.2610144673023618,9.558801088963218,0.9258069978697012,-70.57760988031305,9.595588171410746,2.584517693430369,-71.27478230578527,0.07088254109054126,0.02521052383485474,0.14576130731033698,0.42483349172734575,0.9071461569410426,street_level
13.173214849375746,30.72600029246391,30.82777435897904,0.3987412097952022,11.9971743469186,-2.4857856586775178,-74.10047813423682,11.585385944276299,-2.7881251858037066,-75.05319203254707,-0.6345428491444324,-0.050169016214200196,6.308645550736838,4.124948685577872,0.4655398428417358,above
67.39292820584066,116.99823436316086,49.99819279317772,0.9300655967879832,6.877883483915944,-7.264846711643202,-79.00264537031617,3.8016807133819777,-7.190676688933328,-80.92672685337627,1.2484187178901742,0.05922815692163481,-3.1151249586496377,4.199047596050962,0.5468059702387486,underground
7.682146626593561,8.974731873553976,5.221914743928225,0.0866683424189265,12.688359304489364,1.0837272187028892,-72.0505846059327,7.843359938297476,-1.010436052018252,-72.30543861511701,0.12975282841811972,0.005153316391495494,-0.44208840114578807,0.3102629052718275,0.9701454254322799,street_level
31.935340927257172,78.4103755382919,20.18306107057404,0.2429236879551108,9.286377896927494,-9.918812623693176,-74.95983113483601,7.2887111377651586,-7.3263839914907045,-64.85986487171502,0.3972288427797268,0.09195875713933042,-0.827568584429148,1.0470912720894088,0.636457910860752,underground
32.270853829519666,50.41861899912955,26.320824493848317,0.5020843422818644,8.7735041701035,-6.492232266167886,-66.43579512699412,5.206454302481576,-7.254900770029951,-91.25231996173333,0.4435686832859078,0.0490026587448889,-3.01780084553953,3.2723914016364146,0.9851230232086203,underground
6.320042664549963,12.698377727295629,1.2668080427048571,0.13737921133926273,15.941168793053137,1.1339288850318798,-72.611247215594,2.864196743589589,-1.673817682243503,-75.65738871373111,-0.08667166909073483,0.0182354728806548,0.18884487304017095,0.7485993884202652,0.5658911473655169,street_level
29.34322550219041,30.442164327004264,38.14304655138066,0.5015238253122581,12.480723999955766,-7.133388691501451,-83.03142062283958,2.586835904683746,-4.5399041128569415,-81.47477934787175,0.49274449473254966,0.10558896597273519,-3.28811672828365,2.486385510558904,0.847104047414333,underground
15.354633876543598,31.443180761245713,9.830242193895389,0.22287648846499636,4.662745900633192,-3.8213013808991203,-56.36474631917233,2.994697483830733,4.189616986012583,-72.87287077735324,-0.5271111008541798,-0.16772769378719132,3.6244586027789403,5.589196012086676,0.9941599151492249,above
43.5100027783089,36.69250803754004,36.8656701532705,0.48142963778332837,10.104922769681693,-2.7683512115818303,-76.6993765391896,8.08205855633577,-0.22021818990837794,-88.62019606858563,0.6723588127860699,0.056297956896433535,-3.5312206214546187,1.1909623809942258,0.851875902564319,underground
31.566583814146625,49.26123185498911,20.8297035147135,0.2369312031824767,10.23042523670336,3.4362064821365017,-71.12011194651807,5.65920417175217,-0.03432583054154392,-58.681326209066206,0.0006514410611135196,-0.017740120976789155,0.2027211638088593,1.391092120924338,0.6039767489561099,street_level
27.404335676995736,21.96315179529329,10.818960591802963,0.2169247837692277,12.420138460270884,-4.825892007718659,-73.76968445795356,10.630455097709511,3.7847215955219333,-84.51044083815826,0.028833082802182164,-0.01387733505090952,1.2284570114426092,0.2885272049709271,0.9484061478784709,street_level
17.039023897130562,44.70952904736056,15.119041928585244,0.23851427077858617,23.085705692130052,1.0146116706862696,-65.30588864308217,11.602111026881122,-2.5237708740940006,-79.30177530402322,-0.039741057324010315,-0.028716374752972066,-0.7312795233254904,1.1725782558601021,0.852715600861612,street_level
79.25275432468999,55.46713030130641,78.47351727434656,0.7689697091804271,6.083093082942975,-2.424292346372866,-89.68876741306518,0.8738710709907789,1.3496828455324135,-66.26831981007709,0.6411898621150535,0.21309937054062755,-4.412072402665209,2.2046662299827293,0.7224001634394682,underground
44.21174229984129,32.177752843150515,13.915563651182019,0.5165037725484238,10.69512287046796,-6.17350156020272,-83.2675004391501,9.489412104958209,1.3974609582125694,-63.818470509349446,0.455550261237196,0.030033740932058288,-2.869452830085418,1.2996474863396792,0.901587854283962,underground
36.30457494378611,77.64938388079567,18.351458641648797,0.24797783343824903,12.901357569790136,-5.9683284475263685,-75.71830700566983,5.304762950559677,-5.170416269722861,-90.12248565559933,0.539048814953319,0.04824195730469902,-3.9209771543329763,2.792725655084704,0.8288107308208044,underground
21.987257765991583,61.7631706307705,10.351951276421389,0.497093957350617,5.8634672084926684,-2.701198580036733,-69.09157516566566,4.6660925410968,2.2143423746170026,-68.49234922572553,-0.4095122234837212,-0.042951759256797506,3.7512781279264464,2.6133345959150023,0.9040100421530896,above
19.738001737262294,76.6513227200955,10.806329193771504,0.4172615218376108,7.51681113495942,-3.1993806808196688,-74.50048502891316,5.101601218454127,-5.809763420850952,-85.85787429259345,0.36300477127531905,0.07527656730690527,-3.0531705215547187,3.840924849105831,0.888419378407376,underground
27.296388962599572,46.64509819955228,25.988366027023133,0.3236834675600603,11.432233203897527,-8.309079733607527,-76.01643020572114,2.055574301022797,0.916782576505387,-94.73023735092627,0.31415308684685184,0.0904201640605837,-3.4283705843028796,3.205382512305218,0.9298274096850817,underground
6.675058646083026,17.32492040726319,3.701322137243688,0.10059973345639366,13.848318827177096,-3.230602365565618,-73.16600034432601,10.93848396761541,0.8915888392792004,-66.10001579383648,-0.08381979255938211,-0.00604135916895282,0.26491046921385375,0.49507762892064655,0.9697790249262817,street_level
27.65635920611166,75.08973275454008,55.70794416828461,0.793155122565086,4.630997796996876,-1.8871053306392014,-80.25194338055155,0.872527023680373,-7.287653628032157,-76.3440798956605,1.4091010399257924,0.19217207659187577,-2.9744999423290723,5.795189713469201,0.9169081764670732,underground
8.459171822555422,42.567157065359176,16.049255445545093,0.10956180335341476,24.651539318831638,-1.9311028266261365,-65.88102222507372,11.733227051988859,-0.2885375688700167,-75.0444754085928,-0.5488678425167512,-0.013473633775677493,-5.636960372142399,1.18153823394778,0.811950658441444,street_level
34.429424328756554,33.36406068331061,17.948938273952834,0.3200355597921639,19.173020262599703,1.7473325745720834,-63.93899373937809,10.558394512217511,-3.950880239356642,-81.7882199963256,-0.08281169679445041,0.01604942574702657,-0.2602979284387832,0.6027099907320113,0.8439452893564203,street_level
15.917297649619936,44.11131153689496,21.85469734616262,0.2765312328050923,13.695316599553788,-2.3687320506278,-51.38458744423261,7.342213809405273,-1.8836648188408676,-78.4928575700172,-0.04798189178996151,0.006210666530246822,1.2150190098471865,1.4260344827386005,0.8809465903999876,street_level
10.405437634316185,10.705962032893439,0.22164664546716173,0.1358626414538614,15.501091707788133,-1.0870363879015779,-49.150328196593726,2.8965329115000054,-0.3838437352076687,-82.24159987488034,0.0036723429543407127,0.0009729339070087654,-0.16986968739999697,0.463285573968924,0.5713646790033029,street_level
44.22083066093789,54.51258558326636,26.200383928414958,0.43608765150440676,3.439897398312435,0.5179149090959054,-88.11790905496741,1.5946064942800662,0.5562348090083784,-72.59672611744928,0.19304155155114658,0.03251496559962284,-1.3621231449174944,3.8487759619548054,0.6795751213227768,underground
36.42931540397199,53.378358988121654,21.093192597383144,0.3716229324383452,7.891930860045899,-5.345323829954879,-85.50312443030965,6.467988351909894,-6.895995129642241,-88.44406890486347,0.15556521192692715,0.0458795777696292,-1.6479346778989226,0.8929656111226443,0.8056843210968112,underground
22.831806973658697,37.646689429869824,18.77817392646359,0.25832331602726,23.1281385145775,-0.15984947532506322,-79.15273504923167,9.523482466238754,-2.058709516312244,-78.83423558186273,-0.09970099201069549,-0.01056464391543305,1.2673893294984229,0.6175427660651096,0.7516568429183571,street_level
19.030441115376686,36.914575941704754,11.92819970195087,0.1549878548293781,10.821351959394695,2.896596732594089,-63.012493297177016,3.6004787707346892,0.6935571322377019,-59.498929017209605,-0.4061419297741033,-0.057022191380029466,-3.339909623628256,4.483227557410533,0.4446325390895789,street_level
29.950279583529678,28.442445847509575,11.444359269779557,0.43154508313436324,17.53268489248149,5.879079302835089,-57.33690805802112,7.056260892619832,-4.941786769072372,-68.40443210784417,-0.646797752678695,-0.054434243042763925,4.0766372307734535,7.273876388508858,0.5752893616563493,above
8.474179222017803,17.755542483192688,3.853537610439253,0.07133742915173359,14.497493705733204,-0.6462335188023172,-59.19776864726482,7.4135577262578245,-1.2210566892471046,-80.40548541289351,0.1073953056752682,0.011785110061816234,0.03706161623065951,0.61702036478638,0.8429471142767087,street_level
25.996642805629175,71.89425998905165,22.247903303248535,0.4385160346397682,6.604802162147766,-0.7758726503112188,-79.16845179749032,1.9982997579095134,-1.406174676790167,-69.90665438327261,-0.8891534693945168,-0.06707294450896736,3.1675009393111595,7.099366162695829,0.5303710555931018,above
7.962550332819441,17.64119478115251,4.661605293903272,0.031555120613273126,17.035728714392,-0.6540344638986904,-51.651041954887475,4.35545539812842,-1.4301817657361116,-68.39266672680905,-0.0967736175643481,-0.02225591780909369,-0.07496829649215497,0.0817051568482329,0.9809132741110854,street_level
11.37140353911987,11.376732648088469,0.25475496461748737,0.001198399231317959,9.635217677615925,-0.28764615805305027,-47.828943512875256,7.608341913971398,0.7994225457533508,-52.849950463573755,0.008388289836321727,-0.013826554393832052,0.30576707324614183,0.30943354921548755,0.6798617904762119,street_level
21.151532958115325,42.45578286065155,17.097395321943175,0.21223435222058337,22.173473614164998,3.4903084823790635,-67.85683425209511,11.221162400988014,0.6200789232380006,-83.59602271493881,0.04882389848222424,0.06757465952940253,-0.856725584552013,1.9319441961572523,0.6346442128102638,street_level
16.674990707415652,75.69581103414134,28.63056261672696,0.45073171244264276,10.261278498850368,-3.7514652544437146,-63.156818609427646,7.347354069591336,-1.4344469332344003,-80.40109842625547,-0.9174235300167976,-0.06312846496399183,1.847695479775992,6.7519417383694424,0.6899527284805467,above
18.754544320171867,40.60458824324524,12.007733359944437,0.20748832483633586,12.277362784888991,1.2602576822622193,-59.2324123265509,13.156455816489444,0.16135972873760007,-84.96851390692943,0.46721071556989324,0.06180108846994603,5.401690396707879,3.0995957229103217,0.6973127812610111,street_level
12.223477266163094,36.6589476034363,15.479394064199074,0.15334837288862688,25.969102879961522,-3.4514617267840357,-76.34035642267472,7.789851527217922,1.1925095669120367,-65.13834375274043,0.5486385028008991,0.07877953509357527,1.0522148513998317,5.301450864621236,0.4362669043797528,street_level
25.159333352827126,21.022394309221802,14.609680718137735,0.2809965926472815,13.63054173251938,-3.3450525575198142,-69.25288647268962,11.85253764549763,-2.2129331819787783,-60.148235950624866,0.12380597744211061,-0.0026353138390883303,-1.1079417697758815,0.6864088769600243,0.8643275630446936,street_level
28.3053050094879,53.944492776638654,11.090006139910749,0.2630245192828172,15.254913156185848,-1.7954564874471535,-52.504122147166086,11.989470222936932,-3.7652949741694277,-77.67608549139075,0.14464065971541207,0.028097415928727117,-1.2389284875431974,1.22080316221075,0.589956587606296,street_level
27.604581399145417,48.21688576612685,10.814065738941817,0.2547294376153766,11.95220487292444,-11.173721196108513,-61.13601624701688,8.321407459560753,0.2930785144375143,-77.45518385259582,0.2553588616366802,0.05023689798609213,-0.8318326824715094,2.588818029916917,0.506249429689372,underground
6.198035535268856,11.377754831024191,5.325042288719959,0.13265209140802717,14.829718383407712,-2.651502049341013,-64.33900864822893,8.849875839978417,0.01580786937235512,-57.72640131245665,0.04133052281652594,-0.02300882191491766,0.251318009359191,0.5539692257336264,0.6370671382111934,street_level
23.529348874805624,76.70394800025723,37.1824806943642,0.5308365645198694,5.919419750176413,-3.2717376564498384,-83.52398341033842,5.902695835195089,-6.036369962857151,-60.50411691803089,0.5942114979953211,0.09885887792179744,-1.2624378143343504,1.0139382906732757,0.7232706708994739,underground
31.232739749679535,70.87737205585051,15.4809024376516,0.45911929276715313,4.8332626562636865,4.171693830855727,-61.35447035337015,10.601966877975071,2.3727938539617277,-76.9121066536623,-0.7416505339777212,-0.10280309097892704,6.856231154895853,5.131683785292186,0.4620024360303034,above
39.434235473215615,94.49749579635504,42.232853672318655,0.8109007896780596,8.70980980967267,-5.784519355522102,-80.83637350068375,3.429902421894795,-11.045264756535204,-79.11079787633582,1.0614478599578008,0.13891734325872432,-4.966126163956856,7.481724391866732,0.6872155217201272,underground
14.10619757039781,23.60252325952606,11.320373554604968,0.0365978511617102,24.31428598156537,-1.0896794831069343,-54.773826098265346,11.661252486319569,-0.5737448453929419,-56.96369109589344,0.6159232220607789,0.00042985279136247,-3.927877772193691,1.5424786566566082,0.4121388338948094,street_level
25.06027168990605,47.23497518850401,31.917801610182707,0.4063727654948839,5.107141475100453,-0.002374206223203501,-64.0805799492594,11.534932758421572,2.9095166024488304,-64.4986611928612,-1.2944379204665613,-0.16852389069982518,2.6999705536151684,7.27322051873367,0.8169955915396907,above
20.51617625058166,39.695530954655794,7.2819441224611605,0.2071737430718734,27.997851896579043,-3.0991625609324283,-65.6203690114681,12.17214998870052,2.4820283895469766,-55.83492245776189,0.46722706663127833,-0.021792466764841006,-2.0441583356403097,3.4112145876934434,0.5334249496393089,street_level
13.052530288678966,41.965304168807734,24.143893527392148,0.3023406144405603,11.404495486017938,-5.925072446811435,-72.09467687968886,8.925757733087167,0.2310520600017636,-67.30256964858197,-0.5131141471588052,-0.223247622667738,4.562801343909365,6.871908915412401,0.7990788017083525,above
23.899227374021365,20.66939295431384,17.54924395766792,0.20276565990896522,23.78394911512379,-1.4936512712561028,-50.68792896166553,10.227714539365756,-0.9351898040597018,-63.09414268805613,-0.21767749535585534,-0.06277481158753823,-3.7085174287728315,1.5837200050877307,0.8317226988797267,street_level
12.983389226135362,41.012743065055915,7.075847324324068,0.16435297977985452,13.76943144186349,-1.9366863202567677,-54.26837408714405,6.947130999146602,2.1449288494566776,-66.87593138064167,-0.6253435406018867,-0.03128436198706501,2.9885432568119796,3.1662579139201816,0.4643842299286332,street_level
27.548710803669948,56.668947295724365,31.452736276624783,0.19968192552917727,13.164799141123753,1.7296550085923297,-68.25048669894801,4.881800000052027,-1.9664083180778054,-89.28299925004302,-1.4868771448783917,-0.15006108840708465,5.98553622491923,3.5015756979614934,0.7130295203729334,above
14.325758391089728,58.31218766880661,22.868332996599555,0.22232179827130738,15.729427421255519,4.613455513329441,-67.84296351143743,4.488746712141955,2.013737828043432,-76.33377117860715,-1.2406234980945945,-0.13201904472789572,3.502157113422188,2.836202285008742,0.9208291221767594,above
20.8593689846195,70.18550480731008,20.792549367214463,0.14618123082540935,6.5254188125112815,-3.399661742255235,-67.74437898933708,5.602255936735453,-2.4169669913926004,-65.46072268500157,-1.1140573953404616,-0.08436530336449288,5.977214635212944,5.825979502941321,0.8789663654787798,above
5.020922920414542,9.744541409261055,4.507113433175559,0.019268816017744987,11.114059018378002,-1.9569504413781784,-56.15970298583039,11.822573302084924,-0.230590566905434,-51.70882393839159,-0.08439381037605001,-0.025405928354917905,-0.3920783015919269,0.04657098434343476,0.5106172480372664,street_level
23.964025599942467,72.98807098065912,11.935046840205025,0.2082471286735204,5.811638346833629,-0.24997680180991466,-78.66002493267024,1.3012382251895254,-4.000599283951509,-76.9286743192252,0.36519216852629977,0.046057480232786385,-1.3574299205001732,1.478860925570955,0.882950719823105,underground
82.14878240068205,55.460562649288256,47.935611369249905,0.9430571015205897,9.40343884923174,-14.88991908625272,-78.68075916797524,7.264459160731923,-11.10993349562415,-92.98387706552975,1.3051597566353286,0.1998942019087357,-6.814179594191094,1.8017183857915513,0.9077516600976383,underground
22.95111122623878,46.32726447752936,16.088822471381455,0.34923370334912984,7.113312317830408,2.586837360541727,-84.27731091898241,4.211863520832586,-1.6742463647921886,-71.59742170460734,-1.231072420593999,-0.10221865777927219,5.334023668849712,2.5217889197420233,0.4452449913720972,above
8.934666935796924,40.88856260423963,11.3847056069928,0.0536116414330393,26.692610487305444,0.7504706754280281,-70.66794101288431,11.470664275953983,-2.3968140977155215,-57.06560002190922,0.2874031680692517,-0.055177209378459026,2.37423082757474,3.5146910634445616,0.8079360528730084,street_level
70.95835408240288,40.05625432108531,41.78595437781157,0.9653330341653229,3.4013100797183196,-17.76072061362975,-77.28427959023048,0.16231516823540204,2.5916753046680636,-85.13023536294197,1.1317965690797445,0.10201858458011125,-4.785621919289815,6.463759181622045,0.9819490986489253,underground
4.9597394536132855,14.494755243999535,1.933910969468894,0.004420453949778813,14.572535834694788,2.2761348111949733,-69.10354139291717,7.077861312190532,-0.07523564896013957,-60.3652745934518,0.04501537344100531,0.018268361443614406,-0.021588634911778093,0.11603544273830711,0.667057164931582,street_level
35.48521651018859,55.20810407096134,41.20692215291735,0.6601203503404476,3.0480309976871913,-4.35532061054505,-79.83155498765761,7.054986946817525,-4.536246719963874,-71.84107205488118,1.099952764337431,0.07813042346661803,-4.266021003401333,2.6909956201456184,0.7763630979499614,underground
34.729399514817885,48.2327786795732,24.635555241236545,0.5057084734943602,3.3303302949172857,-4.276137106568157,-68.42772745336201,5.9578850051572,-4.575293333503231,-88.51562165608337,0.18004426586741543,0.11234405548716545,-3.9030174440833525,3.8332239051766868,0.5888691598962325,underground
5.238133757655243,17.788618280482094,3.2957740859800215,0.14630007611076537,15.627766834711583,1.6943636671500588,-73.24069037010405,10.602665981868125,-0.608440079699978,-77.58958250239304,-0.12588581918827743,0.024349540350424144,0.42843487599071206,0.6591354948896693,0.6206571067984623,street_level
17.32770398983092,69.0785058668651,36.25567508150104,0.41831251300116284,4.89699944195924,-7.698525212477102,-69.36958164691607,4.063810544790064,-4.647762193583777,-87.57447048669194,0.38745302686667643,0.035905866654453125,-0.8547058360729531,1.7771155909511696,0.452411448657371,underground
29.093576763141023,64.04944907907773,10.540238496491137,0.1269135895585436,12.731806645444413,5.58933739393559,-68.78178058697304,8.989802667639182,-4.092241472982922,-79.58074228365675,-0.6425728373282121,-0.12743863919802856,4.7714165111865405,1.921933075485932,0.9529085305295155,above
15.007342043749686,48.62166796914385,11.144318023729703,0.21015243690714125,14.397231838354323,0.5434425662721285,-72.00088866662811,10.763925543660786,-2.90207306255804,-71.06021258083018,0.1760391326287337,0.01976139612434296,0.6187664805522699,1.849180092668028,0.8135368528795395,street_level
14.68770279487288,49.504293551359034,29.701621240303535,0.3417959139086383,6.184047450305513,1.837669052950469,-67.7269553039084,6.443951335522699,3.088121885332356,-91.47108519739679,-1.029268642754002,-0.13731879600195313,6.082744325268479,5.011109516201071,0.5484831064518176,above
4.418998208842607,15.41498389791964,0.632243456168093,0.015939649793555083,13.021655901629202,3.0780639923159603,-46.89918817957259,9.668204505123956,2.0274859520794672,-83.05963823157086,0.028024492704557535,0.01991465032806873,-0.2672437149258331,0.2660737867104075,0.7399105347747418,street_level
37.0901833831622,73.36304447508388,15.48566949642444,0.2007189393197272,5.444524445775303,-1.198557766329273,-78.69900039982946,8.456896488881691,-5.751564575613243,-80.3669938602628,0.237252203814052,0.09597726603704172,-2.943853474916077,1.1291126103453142,0.9549109810589085,underground
22.31477632987061,59.69192306024997,19.34145281126095,0.2579599278325603,20.28801817253692,-3.3641469599014595,-54.820620937548185,6.677202343243392,-1.2334379093000027,-67.48707697415705,-0.07479085840134242,0.02003673220111884,-1.0142894359141141,0.27037464905553166,0.7056593345785909,street_level
5.572503390075248,16.927043491948766,4.875339742135223,0.13003404734112972,11.330363109582043,2.0400292794709376,-60.41289920965505,10.42282930981469,-1.9401638531433116,-80.04433144499775,-0.05000188488030745,0.004082051703148952,0.4292151472867619,0.44443522897532806,0.6662784424130044,street_level
8.627036664693543,13.682372880803596,3.7752249059150276,0.13414288902754698,8.537982291306347,0.21778001255066748,-74.32110011055761,3.1891613401649503,1.3960898210660373,-63.2327965551376,-0.08130625768224499,-0.01717663422019066,-0.32585270482588513,0.4271560277973306,0.536742361771313,street_level
20.473021470110815,18.065240622417065,12.231954799065944,0.10193406264152581,27.245832206063586,1.548155350937983,-69.77773506742905,12.983140217334363,2.7932658496001537,-68.79336219795275,0.652047275246372,0.09233593698208828,-2.351852125209091,5.271112934879855,0.5398734053769121,street_level
20.118743095921992,41.9450124351854,17.528598475038834,0.42531919795884354,14.607813934982788,-4.307789131055364,-60.58677108993159,2.2038655156851874,-2.383649040662374,-79.83263767247254,0.23229019593153183,0.02463797999549882,-1.6233476211940485,2.881586189625783,0.47640487620638317,underground
9.95129360980178,38.88094865310589,14.882099449303457,0.06362172552335911,26.726205957265407,3.7747577261274756,-59.69863262076573,11.674110544682886,-0.4925817818790641,-60.583530339480006,0.5497449353040673,0.08229902737429937,-0.7337813988305237,4.626661734764357,0.4177927672260201,street_level
7.117823217249616,15.448745784936184,4.896222221969282,0.0977706664044475,11.631176344906532,-3.8335329427384996,-70.60538398049347,8.845000450205065,1.1508794407698444,-75.57430115711709,-0.030640545598260432,0.0017320825362196687,0.17766420275205164,0.12603479291052785,0.7795229931260125,street_level
13.192712645504274,72.60487780878077,31.599044749176613,0.41497515521006934,12.815117150194416,-2.921215440839159,-66.82132045673382,4.174012005949228,4.284384575116336,-89.8701100010923,-0.661824517986603,-0.17353536371975323,4.27799850152979,6.219972237531079,0.7588609487214297,above
33.43939759563699,38.35579656978002,9.82165148631644,0.1827492409426102,24.980422995185148,4.607118662507435,-71.59149795267693,10.34010935464014,-2.563182804310596,-77.36293996874522,-0.00555813227083557,0.011986838805594265,0.6615840619002138,0.13478323806792458,0.8352967091590839,street_level
35.740225719221655,29.593091602128208,24.652994115014444,0.27892881185056095,7.474030228711922,-0.773800283296735,-78.2206954540931,3.1670091249320493,4.737083602299149,-84.04489526623023,-0.8523444605274888,-0.16319425685021632,7.956397594773417,4.372617728402473,0.5205751550698278,above
6.367798829242846,10.45699451144814,0.9659265677214011,0.022305880613486487,12.559850442270982,-3.819610215624774,-58.8478893795689,9.255083828248168,-1.1626223967107019,-62.06876890708634,0.027166687442845033,-0.020082216819462317,0.47113529735219817,0.18703734758344553,0.5537806655055916,street_level
17.341065161573617,37.25369506159748,23.094580674145064,0.21584108154227438,9.347149193429077,2.3717402637186797,-69.77651007278183,6.014216651000107,0.782233219178246,-80.38798843776364,0.10657781290038329,0.039448791754101015,-1.257974882508177,0.0033392288074229892,0.7747022799716154,street_level
30.002028259110634,87.2266814254488,27.163684421206877,0.9934593153625624,5.872405584317583,-1.8283398245316498,-71.29471336956077,6.4396484243443455,-0.9188517878111018,-71.43078736936994,0.32727179724129996,0.16375217298794623,-1.725511677861685,2.780673981809099,0.40659160036909675,underground
10.565791851411145,10.383827151491735,2.1449614831553,0.05241173930576167,20.89379470264793,0.9837543058039726,-56.57849739124504,4.697349504626252,-0.04104815938913342,-77.981259905311,-0.024954662772619984,0.02940336368521291,-0.349738577437546,0.1881410167591441,0.9348133237225329,street_level
16.886679105073167,30.01038460612301,22.427017258816623,0.4766796917383443,4.982539275284886,-5.098658270581721,-78.16910085299794,8.679405849802457,-2.5040962363199526,-81.42185048562075,0.37675872238397917,0.10606653067714991,-0.9630118096349709,3.767437423261832,0.5188667592047269,underground
20.68117268121064,42.97888245547334,10.080134535268073,0.21853612657839594,13.9410054527068,0.5378340125632821,-51.61235697206337,8.229911354864274,-0.8957513574701332,-65.42640482604679,0.13681888841379816,0.027441831243078176,0.2867655342396527,1.3084093353312767,0.6039900428774394,street_level
31.735722524347022,71.00857020878072,12.980818523063023,0.31032435706842326,12.32814019165054,-5.32694226466853,-59.34955467796877,1.828780676631083,-6.162801596947431,-91.92753474172322,0.37032026601073575,0.05093969309289603,-1.4235824854702437,2.3319980583519566,0.6710566213781982,underground
43.58005220318813,38.10372910780451,14.91328301020789,0.3383268778942121,15.413140717854244,-2.5093811246795283,-70.87317673207689,2.2799996071216153,-5.646768480407938,-87.1961687307419,-1.0958356154356168,-0.17470760603931684,3.6875594417700803,5.420742464211425,0.5047382209078612,above
17.700195463505377,25.31303653786852,13.513730374467935,0.07409000561519617,19.763883707311308,-0.2630537283599006,-54.035799673040884,9.982220018657209,-2.2632742931516425,-60.67931154020244,-0.15524878655771412,0.07371551830851444,-2.7954002604502572,2.991191327965847,0.7296765821413923,street_level
5.337697919012643,9.620416465173786,5.016388798004249,0.13087747673993047,10.209733673010263,-1.7892173105940126,-71.64814746740629,7.427206956184861,-2.417955703337421,-75.21913341447099,0.09266904280798369,0.014075351286878278,-0.1844645091466569,0.29877465988606977,0.8767985090144881,street_level
19.38340965399245,29.900077035156016,16.55269177770404,0.11830758487520293,18.8627123475123,-1.681887545896343,-77.54461800856984,12.23232432575314,-1.918300880079793,-76.08935456671242,0.02382404051601128,-0.03194471349124986,4.33438748947683,1.1302726760110806,0.5815310057510341,street_level
22.603260225049603,32.852711299467224,5.01318710550629,0.11210718085812063,10.898881871869373,3.0801882321222145,-74.15504291428448,5.572223175982648,0.4165644906412611,-60.01348242975249,-0.6107524281606965,-0.04374931361943098,-5.059337808687156,5.22274955538063,0.4659882731880262,street_level
6.825606599443917,12.43964454587959,4.760105307381767,0.09600958053012473,12.787497222916006,2.138074053426574,-55.625875428875574,11.370073146872462,-0.164196460271115,-54.14946637117812,0.11676096185908516,0.017447082364601914,0.10951647739160553,0.6385021331754589,0.9243774429972029,street_level
11.734559082566106,31.801382769137334,14.83511724125259,0.043175174340438674,13.085586017563958,0.6970465290363856,-55.69654248454442,12.076644693132895,0.9286613494550457,-56.19144452664666,-0.4502591843713839,0.09573114915363862,-3.6194547392360636,5.228297450226006,0.7610660288666684,street_level
7.840905204786094,11.626006794276398,5.162077030783159,0.02104710702580063,19.757240667653214,-0.4400885970141184,-63.121701747020275,6.221700292502426,0.6252013620371573,-71.0929989846691,0.07503943794991902,-0.025806567451319335,-0.30897807223783447,0.6797185656567412,0.9400987510453631,street_level
18.48671987301568,30.17125414519045,8.641803343736301,0.13856809281945537,19.10232552729783,-0.6007609525069402,-63.52658571994617,8.275411405528779,-1.1556464103749882,-57.35619366862649,0.007354006133819854,-0.005633113180129705,-0.2203084138334832,0.8940700943065256,0.5766204356623059,street_level
35.67231893966226,54.80292816952375,12.272958658379437,0.434696412254979,14.048600552096207,2.969693318426385,-57.09005348888633,8.71857544374897,-5.108719447765019,-63.375826462345145,-0.5211951975014351,-0.13430195254714233,7.865913137011724,6.131662240973229,0.6884066916333975,above
20.607965565156793,28.061002657426616,15.609289136882312,0.16305418458275553,21.85066426064604,3.2359576324679704,-68.4887574659378,12.70030411223853,1.441641885723305,-74.74100114621808,0.6424038326097095,-0.05429377754017411,2.330064889834061,2.5129457171465965,0.42113729702622216,street_level
36.7241259056845,49.61917038796344,39.41266895295871,0.7801604547166342,7.577569963385874,2.280576882451207,-75.94367573457212,2.4083570783468025,-6.568190416241122,-90.77550247849072,0.6194943890028269,0.18332913171229157,-7.690069345841974,4.166786929353738,0.753238966235058,underground
5.725289725017671,8.793539281271325,2.1661605519118003,0.0893951832941997,24.965756764478233,0.7858983092549812,-48.58010849140432,6.18052543634969,-2.777430603613962,-66.57128073115692,0.023305196990659943,0.004606291642550296,0.41804295061543706,0.5414458036922352,0.9723817425395915,street_level
13.378508900567812,50.20744808920586,18.7938201553513,0.29092995569576663,16.01460708072714,3.4377423427078,-73.76050514052142,4.620675747124984,1.4452452977464407,-58.277354660608864,0.16592465309136503,-0.0013604281068863716,0.19746480417860757,0.709778411706184,0.6862562787072761,street_level
9.578507501341463,13.723021464793607,3.489989042967049,0.124157178500991,10.946579996875258,-1.9127946005923029,-60.69973514054779,11.322271772154727,2.6832162091411753,-63.08414912329084,0.07159410247643222,0.009990560967416393,0.2694825835160889,0.4219783673370252,0.8602261779532951,street_level
32.77626051984406,77.19954563283397,64.91686992089646,0.5967411638034066,8.550185910406661,0.2938191233469283,-75.14109721639274,2.8268247018863555,-4.907062374131355,-88.09637802630108,1.2452970302359188,0.10336088940004265,-2.248003071594331,2.991831347686334,0.7015810256779782,underground
29.50954238175213,29.50952797414827,17.424741417196056,0.23160429702101507,15.414177877220045,3.45170102923389,-65.2808747319597,5.074565417290252,-2.7358737564375852,-80.64552020749461,0.04746192155308063,0.004468232176982841,-1.3855603929411766,0.23094385356526148,0.9716503019341256,street_level
8.213218133516161,15.655131837824506,4.197353492887741,0.14304452362361553,12.440812695722,-3.885991974880711,-45.779647646695125,8.88334196504984,-0.5228351046584012,-57.9403219257177,0.004305345380032105,0.02309066673420585,0.08278106138020513,0.013187999774877125,0.5137555470717814,street_level
5.545756382125283,17.57335510361682,0.904979838620473,0.009948536319401296,14.958578363529984,3.31207197736422,-48.3744728220703,7.3517238325771785,-2.5982441752978733,-82.45534259254418,0.10132119266409603,-0.02666087336926372,0.1654671712306217,0.06755229087421259,0.9167200137257667,street_level
18.442271426921142,23.626122957132644,9.61082501079761,0.1411871515317273,14.028462473582227,-1.32066749564413,-64.43724220787674,7.518466299594846,-3.900831282843689,-57.150041733935055,0.1110474734613657,0.029674312226487094,-1.3302382945971494,0.7632390967863276,0.5203234308023814,street_level
4.244853961209487,11.704622845434251,1.4812969281848138,0.13577878920934852,14.974254997467725,-0.5082042670791882,-73.07454088988865,5.11010055346978,1.8296172503788357,-78.09596375787714,0.04494395031352391,0.009478484896450846,-0.30407540959158563,0.711975107234792,0.7413515467497893,street_level
19.113078091434957,16.943858790242807,4.929314225678968,0.09944536552593812,26.625158066301513,3.3977216910313635,-56.32290147211208,4.120948987585185,-0.6298766253891284,-72.38629090353442,0.32809444014861766,0.03742126827723613,-3.783772368185388,5.219534254205086,0.49054190426730193,street_level
47.589904253670156,104.71219298790537,22.21223309463238,0.6003814972156851,5.835015058538923,-19.667132450374165,-77.37466667365733,0.41856726162240143,-0.2936713671885194,-66.42673381920739,1.3969399850561626,0.09625713149776166,-2.8438361357241524,6.421341688744106,0.942119517614386,underground
63.802613472487565,103.19255453303344,26.428112407891447,0.6820222984641591,2.1315320401296844,1.344897334135073,-74.9067358090784,1.876434340139733,-10.724770542613138,-76.89286468771857,0.5145709008404012,0.04831588976516257,-3.8515365074652026,4.590689746202508,0.507895073475124,underground
23.65386348621999,30.22554024578909,28.167772354781338,0.3630976390355812,13.13790486293001,-2.484830825746368,-81.8016098546788,5.123841880946087,-4.28997342009943,-93.40553765596054,0.48477784039175376,0.04476616244314268,-2.328907165474724,0.9296086559421369,0.7453099513968529,underground
59.72649381299202,101.30048722908504,79.91158313471266,0.9394553735965688,1.541624610882164,-11.68947441894139,-69.08562115938555,3.387974784790199,-5.860767248201898,-71.68504281586978,0.4164149828136875,0.12654173577048786,-3.501609198819027,2.436853298116536,0.47668177145100094,underground
40.43471797979281,26.81404265636152,8.354062513120331,0.4245266081594381,15.564654544460677,-2.159421849051741,-78.15250703339424,9.783920444852129,2.96341111715601,-78.4047967863423,-0.29772563760739335,-0.13558235314722258,5.028830996182482,7.415538350990967,0.8511362442078114,above
19.344188173763964,44.88690588734567,11.599882431066732,0.29957045776616964,16.52331160811422,-4.183676344536348,-54.447159956215906,5.902474004517284,2.837245755895025,-59.23796016396838,0.19447776662656588,0.03522268587220527,-0.6435231267093849,1.0175206315347256,0.5971588486148669,street_level
39.31992449917215,53.41142674638449,21.394898384915923,0.19061899588210507,6.071332827216597,-5.052711357020685,-77.2383492113376,6.561280855335673,-1.280490871561753,-79.73012577963694,-1.2302220307586906,-0.11631255551840305,7.453826936179142,7.75918828698853,0.8684263890447663,above
10.726709933592378,11.102389234758649,3.601433868595154,0.02843320157267004,8.644134904570056,-2.0840075903750535,-58.10587325126782,2.250055978580208,-2.768788390447105,-64.83830889964628,0.036080067204887184,0.029491185768243666,0.4434711544431449,0.7958553949842399,0.924647266028557,street_level
21.176445789225298,100.08667690358877,28.358952803632413,0.5646209300637637,4.331458282962986,-6.246366608667799,-75.98802804767297,5.799016169051355,1.7020576555820064,-65.40471566615153,1.3810221409892462,0.06368279473510023,-5.850346490237516,4.285685115921732,0.5748465811592136,underground
37.92535103814473,45.06266377919235,16.858054580465584,0.3360285747241358,14.942723947736958,-4.021738981607708,-62.501266231148165,6.6062970594256205,-0.21649291846943175,-71.49533147518119,0.5872751000797021,0.026960879776963015,-1.8463262652980101,3.7700820565707334,0.7972200811325953,underground
17.219953747055154,21.026157915547053,10.384891687478872,0.11142453349471092,12.31135973116293,1.273285914650688,-58.22402674709731,12.859104408015613,-0.4923614077179721,-61.02206101218031,-0.3461855401273393,0.08575651876713958,-2.822594156291436,5.371704233747469,0.6765909321534092,street_level
79.53973321720926,68.0458987637958,40.55602668985475,0.6526964470293021,4.771565670513311,2.2102671986046545,-86.61994830494163,0.6968204539191643,1.0040317376825314,-75.67102450818166,1.05988109450104,0.09832410189096273,-2.2848934660729974,4.802932207251262,0.7996153424541139,underground
20.569023751717044,62.27300369603836,23.053366384133913,0.5372811859658249,4.265926719465862,-0.2778543095195971,-82.54570192025506,1.6551700280689299,-3.3134347283891294,-75.60287848631265,0.4267658116267464,0.04514933865920957,-3.9211799224763704,2.7313617105909476,0.601643489624725,underground
13.187990218623238,47.810001189780785,24.83950268385967,0.3081889171089135,10.542058175852135,-0.2740546595310347,-56.9160495733964,3.789186779117289,-0.7912743330341145,-59.67448464611278,0.014918106750980917,0.03441208013814896,0.5866317138920012,1.3398908255757473,0.6803790595390347,street_level
6.707645204365575,9.839310343255065,4.017268008540851,0.03989426066743137,11.0677143313095,2.9183956286182005,-67.87463973446614,9.746966096074562,0.5348328728405285,-80.55647733744486,-0.09377089410924987,-0.018103720992182794,0.41857326222354907,0.5619600536516234,0.5658354274649617,street_level
35.18393744193786,51.40054412228493,31.602366995241848,0.11868954263847398,16.551573142096615,-3.53139755427389,-73.13100989764986,1.3433515932934919,-2.7832061122682754,-68.25958467474196,-1.164233003547107,-0.08187840722333473,6.5581995650297715,4.323311936593151,0.7278078794271539,above
42.07410432073564,47.16601204351905,22.065897432336925,0.4053768866079671,17.332435009780575,-6.406401236863502,-57.37234694097852,1.056870713353067,-4.257604623656862,-79.51762494364856,-0.5694482392996121,-0.10185110705790504,6.83308758685388,2.0972221597757663,0.6864585526199375,above
33.5969859068451,69.96404544295936,11.1337969537648,0.3284187008632982,12.543359215548469,4.199579708379572,-79.36270624942398,2.600982929360359,2.523779101930071,-87.42928473160266,-0.7215991223906211,-0.054586821738260655,6.760006135076818,2.1362763725299665,0.7587717972632717,above
30.844973633879235,67.40252137882888,24.67431451154334,0.10506353064654705,7.504959761291419,0.20205467018239176,-81.07538780574463,1.966644293055089,-2.8477279441043413,-66.35137170796145,-1.0504436881058141,-0.16161261724456824,1.5065670261884165,4.212478042957498,0.7352479966038298,above
43.12584106268176,52.191872562411916,28.950176560418143,0.37473031821587405,9.712154045318893,0.18248119047111544,-81.71070388438608,9.372910769185715,-3.7349264442509353,-66.86967581555554,0.5509029900161089,0.05260765299067585,-1.097180777421757,2.6528267566693633,0.5430120484554227,underground
17.656225584649007,51.152320775412385,19.097124407464307,0.1205473030140072,8.772021563659322,-3.4625381540326416,-60.106996223028254,4.452137302824375,1.9859661675908589,-71.06790274018626,-0.056731889515638456,0.020613791904705824,-0.21244103347827492,1.4489797516638079,0.6001357142525018,street_level
44.955861641220196,77.51580317824504,64.50967481680235,0.8770934692269016,8.720756912351906,-8.339765186542104,-77.0015983593038,3.5783490866646774,-1.6641177958435858,-76.84128769983575,0.3379178791183943,0.237578943667437,-2.0484548037745807,5.972779394860084,0.9921542022819395,underground
5.120014134635765,8.66142342047362,4.7361759959938,0.054067842076200585,9.58403753680317,0.21057555504157133,-62.805027571399066,10.733220665440356,1.6706856380433797,-60.27116322456136,-0.13440647986523332,-0.029898374024118553,0.012150057233227263,0.08270955840955355,0.7597060346224314,street_level
18.090485063116873,20.17399594289536,16.49787984686894,0.17592573555377586,19.31233357137812,-3.288439874858085,-70.26175529274941,5.776039793173547,2.359702968762086,-62.50645708703712,-0.37100508935911236,-0.0029430903733067143,0.9029306738504781,4.676081172831447,0.8061543879436515,street_level
21.59326363177157,69.53122110181845,24.670932895037925,0.2092284125711782,11.828383304618058,-5.0907451337422325,-83.623462076236,3.2513394910017315,-0.9899796471749687,-62.62216248479672,0.16601765068865396,0.05444624249517588,-3.344964808245094,2.5504557858423054,0.705888715441165,underground
22.639200666826024,65.66132184446701,19.17452966951069,0.41214988993845636,11.952500977956785,-4.106275556785617,-57.40421802766609,2.0421085238074506,-3.676584035188176,-88.01657757261468,-0.8091670906398163,-0.12175225676026097,3.4652716883117343,5.628400505367584,0.9079179872147543,above
5.638894412556389,14.67045203710399,1.7393164523137876,0.046072294443001566,24.836503027986343,-0.2799167502326574,-57.360487237978774,4.971491674114631,-1.0274444236966227,-59.8651008771311,-0.005811335620413971,0.01561497856852101,0.3914271476764286,0.6805606610894274,0.537341488082457,street_level
20.04827545401146,31.261182960758337,16.851963655352627,0.13585215034331008,12.116828751889123,2.453608609786537,-61.76365413430594,5.690004426009567,-1.8671646487190454,-60.13718307275076,0.08585306067605952,0.034376787977119766,-1.3096377813245175,0.08383632643739536,0.8892685698190397,street_level
39.63652604974479,50.38065581075742,11.488993788846093,0.31377461726082234,9.31252290280577,-1.1105967026512644,-83.89708701448598,8.887996692740327,2.7641360686234897,-62.13605621528423,-0.9512759132026911,-0.21824849580608494,5.158396485378471,7.6225857819893355,0.43680830084855016,above
14.005287782426628,41.80202327448068,5.393680118114256,0.08549648884549964,26.140434366545232,-1.3699470624959744,-61.788767024330895,3.5225462752844097,1.329588861591093,-73.46595193621353,-0.16034913666271056,0.05000544493264922,-5.854340704156301,4.502702422526747,0.7388174917451024,street_level
6.072062061885687,11.309642216842299,2.057157496039823,0.01386851128325624,9.872807854715434,-3.478873404336376,-60.70886802962919,3.9967718514333956,1.6104699777050762,-58.56092191947207,-0.10080724321047922,0.001783422076622146,-0.39008356000440825,0.4198193052285059,0.8813689052302196,street_level
16.515848193753186,48.222669658576464,10.62148901203877,0.3100697820111562,23.71726220434639,-1.1357702896321689,-59.55770860824968,3.312460821052748,1.2420289882438196,-82.77431411686996,-0.07068835507770026,-0.01999873875872136,-1.1280429755743815,0.2550054411939293,0.9198559354010035,street_level
16.175230186439002,32.18041724400949,12.902871183308573,0.06522851066798,20.189017780268962,1.1225588241997277,-56.18007381586463,10.594215709683713,-0.18861778047952393,-74.80092201501836,0.7089427957354031,-0.022425813314286877,-4.243169594680932,3.3718869655967376,0.7973773657570664,street_level
16.643688739263805,58.18177346070731,23.87007501148993,0.22634964800834648,9.876370229540646,-2.802403161044559,-76.28262324992912,10.84979825959617,2.4989786756974226,-84.40128438421787,0.1263033398329464,0.02653572723326294,0.5497729128026281,1.1908819292597475,0.897530420952521,street_level
31.13847656196366,40.423623891456515,8.024986634823922,0.31755762857628267,17.731453547388057,0.3046921145327506,-78.72961181384535,10.76466362888531,-2.732871753264167,-82.36313153002699,-0.05828019993949749,0.0019320374476405472,1.2769150073394906,1.8249823916138475,0.9376730631761017,street_level
15.963889582393165,20.382413220579554,5.779714259153062,0.08009431704213509,22.391753711735593,2.455627331568669,-67.41777303383853,5.146013195789646,1.839099968052742,-80.58405808420262,-0.20987051707112347,-0.05763850788796976,2.3894965263747583,2.317769659387312,0.69467241468981,street_level
5.3726816605755126,15.066654706341742,1.3892730766331896,0.05785807200768325,10.71946709300554,3.799958944710048,-53.21538935883851,11.154901524195383,1.6653082990366324,-71.33711970361848,-0.027556617110939347,-0.021188012673565133,0.30519451255945895,0.4340002922335862,0.6222512246281433,street_level
14.942052806346878,32.06461754380068,8.617150400802853,0.10294087498068209,27.398351011416157,2.2930837914324362,-70.02166208442793,10.499078998787347,-0.28338460041481195,-78.70199446813413,-0.11317201732186388,0.01360586484677126,0.39536345599195855,4.192034626239007,0.4535099128052747,street_level
28.954909974353818,21.683130033246115,23.115561015167692,0.12243671389582225,18.680274033926594,2.658185273481058,-54.240270842864554,6.319602014622721,1.8530467333742973,-74.3192142494358,-0.03873815089659089,0.02762868867389314,1.3950340003883372,0.15123998612086442,0.8558770522549117,street_level
27.134887040769414,51.62468724317492,24.823268923192487,0.1587278399155454,8.14018957172596,-7.950018355706736,-61.13444176565627,4.348564928715982,3.4092523061741105,-63.3803629218576,-0.37870100590127587,-0.05278265184875544,5.7232303857309335,4.915381979587666,0.4346896921127733,above
25.283655427522177,50.92488989356302,23.787249096986855,0.5086348541667245,9.4134869125251,-10.34529495197363,-78.66252211502993,6.549798973829152,-1.1177188205921347,-83.65394669954475,1.3819726354903328,0.1435889218239057,-4.437470830962768,1.8600461371865313,0.6247920684835678,underground
15.509119281343722,30.17698716292769,9.989297732089064,0.18319348267636829,14.81597389239213,-3.359457446844325,-58.472523909600966,8.879837947305987,2.7611423419953773,-82.48081346053897,-0.7350197785669235,-0.09805758403809384,0.8438570494600413,2.4584845153300146,0.8588428309734055,street_level
16.868584085984242,57.914451994247976,17.71898110773145,0.25921057980937245,5.916644965203847,3.315232480473279,-58.44021546583342,3.1518496962510607,0.7291363315437387,-67.72866768018623,-0.35315337687826776,-0.1017609437551768,2.896292456958945,3.4582164612971114,0.51309319359114,above
31.053436550007408,43.23294656661391,15.540184636710947,0.5585664047208687,6.563063654710823,-7.195022934051086,-72.75434341325798,7.028684059550603,-3.2832620071167815,-92.36274760973565,0.500038741519286,0.08693164905102403,-2.345405081698153,3.782112354056636,0.5732977390536164,underground
11.416951001974375,9.667944142408402,2.6975375972622215,0.08797388415749864,20.783739675038515,0.09423189491082251,-56.66729465149656,4.387450180969455,0.5142581713965364,-60.096358011909736,-0.006159882002242961,0.006548125157254545,0.006745648129520054,0.6986975966215587,0.6574950171674225,street_level
41.703578648770026,27.91602321385395,36.87349369659057,0.4584039757697496,6.93740517906199,-11.61304512499013,-77.09891374187252,5.315019643542549,-0.3215591869803154,-61.695762469763956,0.5768845571082811,0.049810322022012465,-2.4771315414656647,2.0360514508617364,0.41969249238477196,underground
32.921946014255035,42.523842869833175,8.106557888296376,0.32079573106525705,8.036885058831983,-4.4160931134666015,-64.31272163141679,3.182821538733599,3.172061306651032,-76.42943385573369,-0.09949216287631274,0.004447286422373936,-0.7589500482944115,1.537251972797478,0.9799841849484456,street_level
77.23134146479977,55.8810214277953,25.489188231743697,0.7606302967879398,0.6200639993005386,-10.38804472289963,-88.54284950610672,7.420464311047541,-3.796055736978335,-85.82335273805815,1.0234562518649999,0.06310818051387256,-7.697208047468822,3.1399021442582566,0.9358321747399777,underground
26.6267414929528,94.4800056739818,37.811189697654434,0.972573899464095,0.779673016865875,-11.377721862596953,-62.4924808540621,3.274163301074224,-5.2842204841891816,-85.1865099482992,0.6172506910523204,0.14503536494100566,-3.735380178097018,6.993934595609822,0.4616152792866747,underground
17.953825118191254,24.399881831964546,14.603977195414263,0.1816988297826887,20.43226668303209,-4.299460036594454,-65.81976139699967,5.990055816840553,1.834674006510017,-72.99906575736581,-0.020936554427761878,0.019154887698430913,-0.3064107465726944,0.015299751136709006,0.9703705260456434,street_level
19.011354652279294,33.564224371472534,16.655628345650438,0.2371824887872788,10.456885601301071,-6.6723544602381235,-66.37433937222109,7.140589335542426,-1.3902290281731826,-93.5754482812716,0.1670980736477677,0.09316155409128944,-3.765890407666613,1.892488872494332,0.8677031019322933,underground
8.241015191570293,10.629869140308276,3.3939494398185963,0.07046724563021062,13.283284527341511,-3.349530429332721,-55.976031014482885,8.54925917869601,-1.998203391070748,-67.19958576847021,0.14249079258920036,0.009392571124219803,0.36402137244054644,0.7601284295683368,0.5688514415092492,street_level
10.907404707740811,15.305339844888298,4.518445814048531,0.03976773104917831,22.079338367353863,1.6141907696847575,-59.92333432152544,5.801995870121609,1.2196057619072462,-66.76929597357686,-0.12285967869968493,-0.029048295092982672,0.47001164747393565,0.04348149697785813,0.7232477560380152,street_level
24.151343514275986,40.15707618242858,46.56873037045462,0.8822995775355271,7.961090408580932,-9.538473843974392,-69.5463498880696,2.1069460873579287,-0.2594403229055171,-77.05712112460844,0.39021010725246186,0.15532680100186821,-2.511422021036969,6.478596010404453,0.8071857022412774,underground
69.33862055287517,43.507977318464754,48.85318961469324,0.9401406602482436,7.133521684292737,-16.54508047001371,-66.74632438905395,4.251939167749146,-3.747767238138618,-89.30487361602772,0.4109240121434431,0.21275916749635096,-7.01987687501908,3.3487491007979466,0.7134879480659688,underground
28.63126900317027,38.07703759058195,14.736772942273465,0.3143424757513339,20.866983086714576,-2.5329551426840515,-78.72360155351028,7.24004261702434,-2.1586239787942665,-78.29269719794051,0.18826966522562835,0.03645390258299071,-0.9664404316701624,0.40576441346211256,0.8028760047945589,street_level
31.256058369507787,62.90064524263032,22.881426181719753,0.27108141980238265,8.656178229984317,-6.633359875718184,-60.34157770264778,7.133567940507093,-4.590230430932354,-87.98333385280166,-0.42677720664383,-0.0979644036398882,2.5816556240590485,4.548012604287647,0.8538471937177492,above
20.029695738412958,22.098690209570275,14.858635140104877,0.11650016013267736,26.730794583943727,0.9580264051973026,-59.61788269167521,6.95979057749353,-2.6867813632071105,-56.06066633670639,-0.2050967686916335,-0.02445214415312405,0.634115859077875,5.062666746285776,0.43449193416245596,street_level
53.38668763553745,56.48855369363659,75.16638654308635,0.3951440789171249,3.654004421437275,-7.237201640149857,-82.68645724760823,5.477687295653833,-1.1971298125120153,-69.80037682586442,0.9169037367103874,0.04279643606549711,-2.0636140902681204,7.78251310791848,0.47937259280963135,underground
41.21263063285707,62.58950708473937,31.101170639395022,0.42034461903851317,12.423626693589473,-11.631082457198945,-72.71560651806396,2.952971747879057,-7.933899594859717,-78.08290888586238,0.19177922643135123,0.08402705912642233,-2.4666326329598216,2.105980961669059,0.7870052459672052,underground
10.263036988715873,11.27791885107844,0.3775231403639574,0.027196915919731852,23.425997635222224,0.5517767357002219,-64.65527714106616,10.126980876851436,-0.36488161128558394,-62.533070376579275,-0.13504031573440214,0.010486535491087669,-0.1360895242062664,0.7747792938426329,0.747802762530668,street_level
17.542331284652676,17.586386016894835,7.164667848106491,0.15797370660399362,17.401185481702246,-3.478685985258596,-77.23939441329718,7.980268306951474,-2.244162518812863,-59.60007541680693,0.27461306125605933,0.09760793561909747,-5.061770557695177,3.680508094419747,0.575918656142032,street_level
9.827616793539871,15.570447372413158,3.2163384056554087,0.03813735621334838,23.217385942261416,-1.859016980104819,-67.67620262431456,9.738169431025467,-2.410470703666497,-84.29585323371074,0.10303476214216054,-0.025434548304720316,-0.004029822697790064,0.7095337308639988,0.7268775244520308,street_level
28.919336703769076,57.77580504328335,11.894321522140356,0.23091693258596188,9.406148979755475,-10.78032025050897,-81.5225982983189,5.2418963764552045,-6.905504506009942,-86.3870408586409,0.41921872427108353,0.08669229970520231,-1.1893582915333787,2.57292586506145,0.578060641116509,underground
70.79185442353955,48.261750335351195,25.68636703105046,0.8642416035247252,1.7363249825698335,-5.972390940476071,-77.58739758985605,3.926060789214392,-0.8844772644746577,-86.96718864230961,0.37188941717845725,0.22509712740417964,-7.835846983846187,7.2579823113645725,0.9341484708897881,underground
65.0113440365783,52.37192289603711,41.21024007256396,0.512271965737218,9.195177097778085,-2.6400532684429976,-67.08248807593566,2.123594609010011,-2.727442605806729,-78.53443380564156,0.47848011414406244,0.1653723410650167,-3.4802287522685695,7.315368876880891,0.561565834379014,underground
22.119858202695966,71.42813328440404,13.781086242063317,0.5996726349100319,3.8500830811274134,1.5791186338916017,-64.34761085359494,5.7345298512740674,1.8864201626912802,-94.18750844105942,0.5036898570711964,0.10117351928797519,-2.0277022293580957,2.4402836055937707,0.6331660332980802,underground
72.39718054443645,71.17255178386492,46.79138836383952,0.5830849120295309,1.8219574763975188,-13.379184730701951,-75.47598229206065,4.034097748173358,-5.156813896564717,-79.60385966214785,0.8233224764587428,0.1637469224513549,-5.479158222418485,4.940977456348641,0.6178478498892328,underground
17.10281989285016,34.8310001100966,17.71165513015049,0.34402982518051317,5.470403370870753,-4.932410529541288,-62.71428900281944,10.613889455865856,2.3218518091606413,-88.04125166870419,-0.8489283066392586,-0.09996293215231553,4.9517923155712245,5.72274942042047,0.968592575836887,above
9.196874497591933,44.01376195796661,8.702331139310422,0.0745758580961202,18.26869453203676,0.058581564703812816,-62.84356838963703,9.07603116872353,0.10917264934303672,-80.65105503755768,-0.11372724550730651,0.08613954726191919,-3.188395108165391,5.864656656383493,0.4778755013782043,street_level
30.415151173235948,84.05503797234897,60.783254552442,0.8551375539520633,6.143006089562061,0.39460420123069184,-78.91327249696504,1.7428128655240966,-4.784104341070309,-82.65146980044287,0.3304112361723605,0.13982737626757058,-4.333516337870016,7.982736094862249,0.8275256036066057,underground
43.60627129875087,66.06728741427523,17.74466854775762,0.23966343893498912,6.035718076546829,-3.695056294910753,-82.0252052421121,6.486444462786909,-2.853105408551449,-85.09100136736208,0.6231227055337558,0.09977428115834062,-3.78436662831789,3.289535210425889,0.5419519798784938,underground
10.322867066193233,41.99489013154319,12.623857922914555,0.07482842515633843,15.091485813436677,-3.023623750780046,-65.45906176339689,7.150958284876599,1.2925984662916852,-75.99259881236682,-0.528090514154696,-0.0325478387695418,-0.09584351274254654,3.4688647516143543,0.5403817940701772,street_level
6.379090480581662,17.353508464197393,0.02532033836431391,0.1098765640696593,22.672974611655548,-3.4504230410723142,-73.8884443515794,9.623625863176184,-0.4611074677792786,-72.29067661352698,0.0987286674094564,-0.025790202732109344,0.3762535392055204,0.11083829927139713,0.7599403405959373,street_level
19.28937951017779,65.51524869857872,14.981631067196588,0.1150166179653127,7.372331051655562,-0.5768466869574969,-75.92915640389529,10.06564840124086,-5.353378603112792,-82.30278747209616,-1.1105496231023564,-0.2136545641285277,2.3847225951099413,2.355883900246721,0.507940592625949,above
30.545939028442437,86.31679765462175,46.630780032444484,0.7076796140025642,9.06136697430403,-18.26969615853422,-64.53585261930539,5.32471598735928,0.4170093915124795,-78.40736416848699,1.0620350631209985,0.21284445957453516,-3.481736635868021,6.749211249862041,0.9041237606628391,underground
9.054809372850139,17.84908854222924,0.7513358435019504,0.12468881618064545,17.04112152676074,1.080492257398327,-62.288710714479876,2.4099529408426053,-1.5321620660398267,-54.155531435794174,0.13864506902554227,-0.013828685673902327,-0.14906840543923405,0.6536548624589953,0.5147267000571011,street_level
10.273828250648334,9.338640206669742,0.8831612066548351,0.043307337045218476,19.44563691366678,-3.968042847557186,-71.69623663128132,6.416555115431904,-1.0317694573795921,-83.80609806461149,-0.032099435385361724,0.028197818771491814,0.4947074881609409,0.7657840132272649,0.5376686435367288,street_level
23.46555694710056,32.339183793030216,5.31652695074912,0.08036029114430061,16.886679152901245,-0.07607613676270919,-51.27029546247657,13.269275873875873,-0.4817871498854762,-60.0215460299579,-0.5982370994589516,-0.060205782659434486,1.894431649080138,2.008567489257399,0.6724502987188559,street_level
17.668358671400107,34.67802938312749,18.710729773050463,0.26133112100598743,17.15437457204476,-4.764894745349918,-77.77029777902885,6.139916297096916,3.043171336889058,-75.38819349163407,-0.020511543795158002,0.012478460847203866,-0.5909684729131287,0.9020302027988423,0.7965643468481585,street_level
22.295845508805844,87.4859256276463,64.16168370612591,0.3513304239825915,7.169595944415937,-16.73791852167076,-76.99561776166433,6.763084074681225,-10.417527991257792,-75.51440154795266,1.339983363267117,0.07961791033275556,-2.3532260308580657,2.893652443048631,0.9809398043535041,underground
9.746374436747082,35.12063247946856,4.004871489001506,0.02082830376472116,21.261007276347286,0.0030689323498611643,-53.295960437862796,12.822420263177085,-2.273657134426804,-82.22727142207584,0.22423877111245316,-0.05076731661968173,-5.395308018741769,1.4692731693057273,0.705838651429211,street_level
4.834664119932473,10.367521583338418,2.167207604252961,0.09277631773818194,24.45706376784633,0.6374786926806397,-67.36493859906629,10.132592716849732,-2.723731651219511,-68.38860350005912,0.13739823714037744,0.01443581374625641,-0.1877452177266744,0.027988133864624842,0.9122419060190439,street_level
55.0708350154731,97.791636469835,77.94636792969516,0.6112497585811629,6.134577299306154,-18.83040818475422,-63.4571850898394,1.4661946706019293,-6.5111029629191455,-69.89547623363639,0.7664879129491569,0.1092179221578086,-5.113311418549369,7.9522748544273165,0.5452025423859647,underground
8.193887224138326,17.484540355721975,1.8195294889447615,0.002934227002638373,21.88632182130435,-0.39098675248302417,-71.15376038511437,8.833938872724683,-2.8685962803441565,-50.086369093552925,-0.009894614119361267,0.001561898369936865,-0.044310067651209706,0.3649545716954629,0.5071161181693835,street_level
41.32647160870022,96.92689814038488,49.326473184138926,0.8037988804960619,8.299209964438937,-2.9942707120607324,-63.475844182630944,2.169944185606287,-5.136115521799913,-93.87610141426158,0.33990615176225014,0.21122099175832154,-4.233839205823751,2.9798079494566476,0.8926714233367925,underground
16.634838515615662,33.114035542900126,16.161286444736984,0.20520438523312085,22.741199957231405,-1.7191861317931973,-60.89454667662483,9.57095414331292,0.4501667637736668,-78.57437617609345,-0.3963448911053782,-0.06227534213614801,-0.33216600652771433,4.578693569507133,0.7852348453188228,street_level
10.407649815028815,16.030789983150065,4.605296593314934,0.1652932117577157,12.481599730110258,2.37622763355903,-57.23258165652465,4.65114084700417,-0.7311859373855194,-58.82688700687463,0.6823766441574379,0.008271392328371,5.902225406144245,4.022338052011621,0.7901966437858202,street_level
21.65294972067813,77.5916029360903,29.791987893484638,0.47446000994783444,4.413266242136313,-5.259248111014925,-57.46694293372451,3.920204746271124,-4.995628627850959,-87.07100041596824,-1.235244205569097,-0.07839240958378191,1.801491352480841,2.58650328700816,0.9072698138323035,above
13.082803608985987,27.80649755233973,16.043696875714083,0.19976207850536112,27.642531241734012,-1.2934391410965436,-63.406860981789066,10.38835399486955,1.5647029384910498,-77.42219068936569,-0.5961053178480807,-0.004253338480374166,-2.7912646323796566,5.105798793473468,0.8663131386127136,street_level
28.48202457855713,75.8617939975263,21.481323372487424,0.19592232928722342,14.07677687970018,2.3185300132386466,-73.05895955859812,7.611704529696728,-5.210820775726667,-61.411432409673566,-0.6701459108976952,-0.05737525870663232,4.775851085821403,6.195497946390884,0.4487020463641147,above
14.750565526220893,38.47935867639512,17.387830390236743,0.055553315920709875,15.454278963246582,-2.8776812587429106,-75.74613929294468,8.56520648141121,2.281268959950747,-60.683488649824156,0.06586592060882324,-0.020833905942445302,4.5962825337214355,3.0341667394746876,0.8337051180361098,street_level
10.581617911780617,13.363597315568855,2.4912512080178244,0.06026839889813641,20.80379483345586,1.6534340737107858,-50.98500035483618,7.3145360703758815,-2.5040850765336806,-76.0220732180091,-0.12056736866704675,0.008768003886372076,0.3476440492324827,0.749451685969149,0.9860070715749941,street_level
41.909982758935186,63.302021742545435,61.621642537026105,0.732818068408591,5.6180538493652765,-6.844877471460361,-77.24350965780995,1.1165791830438954,-6.433539109256851,-92.02074179946308,1.1728431950315013,0.07037818211673526,-7.110905966098379,3.9217073210100613,0.8131299728087102,underground
8.250496449212704,16.472804638059976,5.3119685991822125,0.0016551685440728658,16.217536788693636,-0.25148408640589714,-74.52982214211931,8.916824338519236,1.7837952462810742,-58.58192686225439,0.012117696946825018,-0.011065812995966168,-0.2112387292101403,0.2655167642035813,0.6504286466089383,street_level
22.357273345172636,31.784725250753066,10.488617237950132,0.12959017266446324,18.961520639173862,-1.063370149794343,-63.27891661802286,13.317677441509344,0.2208839405302525,-64.52362785409782,-0.7262103342145493,-0.03705911742731853,-1.7529652076695994,1.4557465505031915,0.4895081562547056,street_level
14.236587339984482,20.492564034026227,23.97190606068064,0.16474200963389113,15.994351587165879,-1.4749729204156403,-74.11479916577973,11.48911557334929,-0.03452068909411743,-72.23565687133934,0.033089167363188315,0.016398244007407976,-0.503058917755054,1.5695990560487483,0.7718008788541901,street_level
19.768352885632353,33.65166962670596,9.166187605085579,0.11306747063441466,22.679733718550526,-1.716400560088378,-58.074098552996325,8.420992180529456,0.771220762397145,-73.79225725357338,0.1213866589800407,-0.022404716918388898,-1.4069577951525014,0.32393983979967533,0.6972666885869364,street_level
36.915526379111554,67.75300507590148,27.013903423050056,0.4801362164210333,5.5188629593788665,0.4352747528203551,-76.21250066328064,6.278694540424834,-1.9933340272916702,-74.97336231120305,-1.0825781895773412,-0.06707391438530452,3.5195048433877196,2.5386899949721387,0.47644070111114456,above
21.613831294398086,51.04284669110912,21.48194003672141,0.28323977483581175,8.288564578047174,-4.045786904816108,-54.499947136034116,9.393714161717224,2.311763650069423,-84.35844344549547,-0.06928743365497173,-0.02808871033637375,0.39225479544274444,0.524907017624916,0.9543991970165019,street_level
4.183259689780965,11.721075845200325,1.0970615882516677,0.13857021276636738,20.585906956372817,-2.9856174733987473,-68.11670991640823,10.024201690244864,0.5798302634550367,-81.95349494618459,0.1477952753530368,-0.002191905291278745,-0.04666739524915808,0.46960343952335104,0.9956593110703162,street_level
33.65177348878761,74.76861153571095,20.63575648025474,0.4155502724839424,3.668540445013866,-0.7887631802552537,-85.2066115894716,7.384889179605368,-0.36516679504995064,-63.411723188378076,-0.8025305910716795,-0.09454430380931705,4.530137060265573,2.960240327972456,0.4356826590974762,above
21.714346021069595,27.052574387309217,9.917529859838513,0.14558338201992066,21.73196198102393,1.1165711200546982,-59.8367423596918,7.909975381064412,-2.8123289110139535,-78.99922568819726,0.44610069040203104,-0.003025871727388482,1.7543913299148404,5.055194503329108,0.6281531865326567,street_level
16.99422856548127,27.671223980802665,21.178456680898506,0.11926561098570457,8.01775337787612,0.6542141646299182,-64.95703882587696,10.42100363357879,0.7028792233552617,-81.81461396279238,0.18330630392914507,0.029696175238687984,0.8037841329691124,1.6116269814396775,0.8651259082562659,street_level
7.601822191532153,15.21535488611544,3.6643384170100317,0.14306928047055947,13.347438202440177,1.9317864900861874,-71.61138501388172,8.531740188919132,0.8830120018342367,-76.50078675803218,0.08912336701084991,-0.019245363626958147,0.43066646146636833,0.5666925311878729,0.8627423331449812,street_level
19.632754589530315,37.46927614420426,6.192346474327357,0.1965873507344439,17.229662185574206,-0.8898650891059798,-62.45277245422285,13.626517086026647,-1.7346310006942904,-79.38975449263499,0.6242799243897426,0.07304180011854847,-1.4138036717040308,4.615706372130896,0.7484029730289751,street_level
10.087297524137224,36.37372282352338,12.60245186367321,0.03695676057341995,20.189988109891623,-0.06193677583871615,-50.04802546869078,12.351596140571349,-0.8068442488015624,-70.11698905487432,-0.1486034391478842,-0.0915095086717604,-0.300627066048893,4.252209574988514,0.6044259524829371,street_level
8.039455027361882,10.799018107035064,4.598444982197583,0.032655286525130604,18.4007488007679,2.902263980737086,-55.785196193023666,10.130946804554247,1.0095864377300696,-81.58251465809649,-0.12221115858838572,0.0038203567389579127,-0.03936482416560716,0.6953331550735558,0.8319460960009539,street_level
19.15636281715234,44.958756153013525,17.346274179368248,0.34864538192722405,20.841556998724933,3.9387782403242735,-52.5609471129178,9.18667323451902,3.7235045713950585,-64.37972027794649,0.022379808429197734,0.012443734954469522,1.3934592890182875,1.3524959708727076,0.9903637694068621,street_level
12.99366921811447,55.65043373341523,25.529677881712928,0.18199657071581887,11.825497734742951,1.4877148427901332,-85.19058894227852,7.966738646749254,-1.6827460518455384,-67.90137767122697,-0.47340349088319966,-0.19154973807569092,3.672980881952408,2.8697589753137294,0.8599061474301668,above
25.051276836576065,25.079208371544375,23.751187553713294,0.30958384243258386,14.584406768431421,-3.356678629905244,-70.97548050970573,8.308427380355983,-3.527899035769633,-68.04986163808215,0.12949157109893675,0.027068225628036832,1.005847885086487,1.441030092155299,0.9252103526824691,street_level
9.735662444454153,17.12859738917878,10.869171256185238,0.08622943358939558,13.638376410424193,0.9023609074386378,-54.87907636782775,8.963496506950449,-1.3062791570168786,-62.20022964215006,0.4064781760839742,-0.0013012446936094407,-1.7074007413754382,1.4428822057628068,0.7767866874433031,street_level
10.350223448099165,42.64533704901878,15.438472542835715,0.13381806164348747,27.02664037333276,-2.8627448690616433,-61.845073540743215,9.2122850743803,-1.61381999358122,-82.54394043625946,0.7346263685023511,-0.07341617451444232,-4.177514277446306,3.498893705342113,0.4408271851631582,street_level
62.36534973736482,57.63267181493815,55.62192485736697,0.9098149145317869,7.996628729608982,-19.0454624434599,-73.44651457933139,2.0183651363194404,-7.290838179856301,-92.14936747885329,0.8122135854238006,0.20598721901536157,-1.77063010703952,5.780805346916916,0.6244475249517596,underground
30.131562716773544,62.77486635354913,33.97501963744065,0.30961307313045283,6.062016351563189,-6.405446649563536,-73.81790668479765,3.3343698562365156,-1.3102412748258434,-87.94147715527512,-0.8643272075570285,-0.1576843395318308,5.874410029940468,3.269639911003985,0.4965786614150274,above
24.52684609656989,67.51980385937732,60.141411499101565,0.417904906421873,5.735934497202528,-13.165476883290317,-72.7014038617771,5.415861807633184,0.5414008765913856,-73.15723334227528,1.0506348636307412,0.15663211355230583,-6.842362245189219,7.765622405501319,0.5812990042930394,underground
30.232155825880334,59.5298523293783,13.05170286434127,0.25827826537610826,21.83444752010896,-3.7032319296894443,-73.01792052338172,10.059066721275999,0.13171768051676924,-79.01638509235282,0.06512333991174235,0.01524438533219414,1.3799739912398739,0.307515366529187,0.8176015480843875,street_level
71.08758374726955,57.55883625445666,75.6142511871873,0.3856487159037597,9.942112168423796,-17.89796524896907,-84.60964185567194,6.491907457159113,-10.688754199965283,-89.03980352737564,1.255336521811391,0.16712234084859348,-5.73946715534411,1.7404390841278667,0.9435416214726803,underground
9.6845854611664,8.323995067660626,1.3070390208124372,0.03240849220659448,16.131242483644225,-1.1617964564687604,-71.92578031016285,5.69729463767686,0.3824764328421719,-81.44297859161675,0.07038001312093875,-0.011575249967697997,0.1480935544529146,0.49059748009150994,0.8996157160343552,street_level
14.426226969871848,59.12509972971929,24.926373571023543,0.11687660901217195,10.103053248225677,1.582060504010398,-73.3141484747444,7.9963880208239795,-1.3370708418613066,-71.71459009689153,0.19684105853844416,0.0022356025675486432,-0.024003104345055704,0.9770477342652697,0.6243494349170566,street_level
20.809651886117983,46.08668652173152,15.591338394114704,0.23911247637661542,22.90778591974587,4.309192554384927,-67.21272695904271,9.812747891613915,2.835338265361009,-68.5288448506652,0.14670954616317583,-0.02123305867444609,-1.0548433734169227,0.5551314248289605,0.6953408480301894,street_level
17.10398130230899,73.64999754325072,12.015479798338157,0.504305278679842,13.822322813502977,-10.875638581133199,-66.68461957936091,4.652405491710191,-6.741845795718067,-88.70813685595783,0.5392474456363968,0.05386149267216361,-0.8583222400570496,3.035818818693632,0.4465590681943584,underground
27.11349060353497,42.931212209510356,15.339970726638523,0.45891561830195526,7.074431963795189,-0.9818914602154427,-79.47761316256187,3.070712786419601,-1.6361535360189707,-88.50010974466099,-0.5230251064071733,-0.11067704387127589,5.882466434593548,4.944626352484954,0.45376079002924413,above
26.51944574836879,81.75295769783496,75.60976843518594,0.9380415099647955,3.5795296733783575,-11.181738627621923,-85.13604383385942,1.421839484340281,-10.114644715436816,-80.42190340312482,0.697681314375115,0.2163285050057822,-7.696370265128005,6.61808966788138,0.7413438494920659,underground
33.257470347293925,42.358388847248186,25.050397660746995,0.15679262113517597,4.734234582987071,4.167615678177722,-80.573723104802,7.848406699688281,-0.4307347290800241,-88.2040683730338,-0.5916925180389107,-0.2194266568575789,3.0958295303269088,3.555600880751902,0.5552928176479407,above
15.548105331795183,37.04618927903222,19.67503791560073,0.21716611225931437,13.032459095308944,-8.216585199735931,-64.85420261872275,8.0543464457791,-4.215240455822617,-87.64922828347255,0.3139559397080622,0.10353218006630044,-1.3798611947761796,3.1718777052269056,0.7128740843693651,underground
19.8172227392728,38.30125151277457,4.9931313294859745,0.21957921896434496,15.588712346479111,-0.8629330098341343,-57.28808787215657,5.216174014313543,-1.752679209217376,-67.56656169667039,-0.03823880517075029,-0.035573292119720934,3.6020668519027765,2.62968992682343,0.48252889222682693,street_level
23.115915447065518,25.667465531260227,6.475404034646373,0.0320752444615746,12.718683922696655,-1.5578370711891028,-55.430109449738765,13.72246568232408,2.9672182146806705,-70.61729193166678,0.33973430898036083,-0.07056815754629715,-2.2208153139271776,2.856525869945513,0.6240824066808826,street_level
83.74056715211728,48.55985701285451,19.0333607632825,0.44207134877786036,5.450462957017679,-1.5226049969643114,-77.06753720939653,5.572591999357443,-4.949333024554277,-81.51338019792843,1.2483942870269256,0.20708673277448364,-3.3661118915046924,7.881127830714455,0.4866390853125003,underground
35.58049619892654,72.10592565134506,25.251023530464877,0.33718982244561546,4.290604109259926,-6.223567801867194,-76.27755627460967,7.01567326500066,-1.6522136764793443,-89.31193019479795,0.3682899836647982,0.11344881771101391,-0.9783479037321463,1.6416032460021759,0.5884168005082714,underground
21.144295044807826,24.351163856070045,17.30087984333986,0.19363196993097506,22.866268129764485,0.3208189774329684,-70.71729212765955,4.065997273070655,-1.6954838811944615,-70.56383327957657,-0.3461045959711861,0.08989130701324632,0.20361616790706627,1.5364232433551974,0.875846375972668,street_level
10.320139571183837,9.262455579055102,4.060548876506452,0.07470093739323658,11.874350668061032,2.0021658977630272,-48.92471017634233,6.273327625740886,-1.5394463682668131,-80.84957023880105,-0.030600528435491492,0.003383648906923324,-0.25197893209304223,0.4795517913095102,0.7679677663947714,street_level
44.552405366384676,48.471120059845376,25.670179489607417,0.37123961485234713,5.289968368961479,-7.291946736908551,-65.1131692496123,9.450555741203376,4.904636738215981,-72.5212375146987,-0.4374071908021304,-0.20301579058973215,3.3811522501159463,7.317396079716192,0.6534213031581493,above
38.315008598091744,38.21716645343095,21.885966360572276,0.5099997165234567,7.022068983209344,-11.790973499202378,-87.09704602069507,1.3329008697375735,-3.704338030167402,-91.59663647570255,0.44153429943306766,0.08657475647650437,-0.9274235044478076,2.927215880699279,0.5321389307946026,underground
16.603092392294684,21.272593497657994,12.521262378646746,0.24119249620886266,9.733264612981184,-1.514264478947358,-68.466956040471,8.587475807787339,1.1877555368061126,-59.0147576670619,0.10802401807451245,0.008493702913902945,-0.4354087416580794,0.4293039356410435,0.8648347770319031,street_level
14.11571062669705,21.428294998971996,15.76582107846585,0.12548060133659933,9.135938401786092,3.726804933625896,-77.63289619181836,8.460617640624646,-3.359486336747267,-78.65796155594614,0.18778082757326206,-0.0163348886397477,-0.9238140894838741,0.6988940377634874,0.8452426981573093,street_level
34.91575998458134,52.8677325554911,21.45139167591807,0.38735067250002553,7.012551135907671,-7.884993762005886,-81.85114055630686,2.4813107697903116,-1.1430512493567413,-80.62977673852222,0.6944368828272736,0.02910783110472427,-3.9917397201345803,3.356979345887525,0.7211166693696216,underground
13.065278381942857,30.35118784399952,7.306008617903591,0.039468300220301636,27.988104726953186,3.8218004393512572,-60.07655238695155,3.3372307137196136,2.2692474552343604,-70.03553127552345,0.5316758198156861,0.08775427904342101,-3.2786672693467382,4.235145268116769,0.5434022097746398,street_level
33.309349851145086,58.651214150893345,24.881862177464903,0.17416365767037617,9.776774631330209,3.764781542796662,-68.52288200670631,8.203344730633832,-5.6030845903140705,-84.67033082636014,-0.7380978492534781,-0.20598814853864497,3.5663487494354373,4.361993027391172,0.9309738423615815,above
20.236756557635317,41.37939968125878,10.543753849571047,0.21889724080113226,24.521839487738802,-0.4784500811673489,-71.13462406608951,10.360968202769673,-0.14023661231063222,-60.63980206610563,-0.060303222460248586,0.035977899758481896,1.3950276391041694,1.852654255621642,0.5765640421358751,street_level
5.783078827107342,11.78871786460921,1.8177442960594081,0.10801215355509128,19.98362812787505,-3.998747386697489,-72.86656879539706,3.783029651059528,-2.836408032390035,-81.45277576508099,0.011149175572271047,-0.0015367975664199104,-0.381250462740098,0.5614325861905392,0.7564760732266318,street_level
34.43211198999632,98.70209119398632,58.536453910726166,0.5305014244139408,5.6415371082271895,-19.754485497398484,-69.27432711209661,6.020905721208273,-5.263909806847684,-86.12486746780552,1.3795617735533101,0.15735939800637858,-2.22732634335936,2.517421977038799,0.9268573719827393,underground
22.245418498776573,47.142346974417194,13.02537930126603,0.1925517044191575,5.826589064894005,-2.025772809902616,-67.36928730921963,11.555102052530001,-4.0812662186784525,-65.41582508724608,-0.538556324647856,-0.15732545636101192,2.1699944423057826,6.481370665745915,0.49883156927576844,above
33.656871434494995,77.61025429635853,12.764583270022758,0.3397034000922894,4.107748126085768,-5.408439480968542,-56.090484444311755,2.944475169312859,2.3762250844481354,-84.84828389279271,-0.6627439848993852,-0.08621670105066503,6.218996221467391,6.329849168042046,0.7960471854648574,above
10.650599130433932,13.428931485019204,2.7052444773507816,0.02462966394801558,13.27214600728904,-1.8749707965436846,-68.47235299264885,10.188476933304901,1.23167193913714,-82.16588833952349,0.11400516915261918,0.01929065839675801,-0.3879399721347715,0.2711838818249637,0.7936136665227426,street_level
6.783005033908958,10.9540231904871,0.4315963518929473,0.030541666432625757,19.79846261672056,0.6920668712531768,-53.485810150130895,2.043389506897981,1.7327745165734232,-81.48799130742823,0.0979631300456025,0.02718632855418112,0.4551991767445639,0.6503020680501139,0.5751444559709817,street_level
39.28946125800796,70.90335119027603,9.694925999255805,0.3942765208501897,4.514061130578807,2.948630249713439,-86.96922033564559,2.5169787721996526,4.231142248514342,-69.16924953630185,-0.3297504721698985,-0.13620468061872945,7.290082395084087,7.094518291852824,0.7049058568273027,above
12.823553722234047,59.86563616299394,8.060066505209994,0.32114784668374524,13.57457770824232,5.803296858424806,-58.39997311626981,2.711282258816528,-3.784975355204297,-77.2768372176202,-0.28339046971726445,-0.09890524400096201,5.977159185637963,7.874896818359209,0.6576187018562001,above
9.872515072920454,8.430677054997506,1.9817023634314022,0.09757786993579204,21.92877703478826,-0.07522425998509519,-64.97013844062273,9.304570208381442,-0.5819468951356157,-67.27544894676478,-0.07119483217379528,0.02235883746037861,0.010672425247810646,0.3360909197009284,0.5043873964434034,street_level
53.53544318243245,40.55013118865875,25.07603373178474,0.454532859976617,7.302386223098446,-2.843524573052015,-78.41510210689265,2.163615432895063,-0.9282916099542486,-82.07549473300527,0.8450853389191096,0.14992530195497597,-2.4047359044472234,3.564927742548997,0.6768451651327173,underground
30.15680366411665,74.2967325662304,23.645113507337378,0.9046671987560964,1.841948030277255,-1.4120782923477933,-61.970578940250405,3.8773809151213756,2.688083025391137,-89.64270418525133,0.3517799319302233,0.09482336846051975,-3.948576860644625,5.426375413283896,0.939962870822296,underground
32.54130743878242,80.4344351196085,26.3999190043794,0.3646206007091122,2.315651933412145,-14.327655049045314,-75.05818636562287,6.867562934646148,-6.69693092210374,-81.56883151928471,0.7507724990191776,0.07299197845929581,-2.7618812010322964,2.478856385015676,0.7009696736904674,underground
24.220859265966016,57.859212972778295,20.897398285398438,0.2832760377881605,11.307229142606095,-7.507196338559502,-71.90141982190103,11.885129093872575,-2.144194259469807,-71.48119903145948,-1.028146248350469,-0.2017235792187711,1.7623322028844541,2.8668087538097713,0.8730721110944049,above
21.438555087623428,29.65329422402083,21.88844739872981,0.43700339868991,8.240942156882413,-2.3240880970997697,-70.39991622088341,3.3052689167511837,1.4269444051799294,-69.98279464919786,0.4208546486831001,0.06113553718855551,-2.653867310114813,3.626903803007484,0.46792837721790204,underground
29.522320876329978,40.099114136388934,11.494885788663026,0.2596105258150593,14.219680533734927,-8.412430457521683,-70.58600938287276,7.531041324797333,-7.4839073896852755,-61.80453205738177,0.2807631439572062,0.042288738285459565,-1.4571993028934118,2.044258202795115,0.9189007035354884,underground
9.62413070732623,15.880837843450776,1.842839515653279,0.03405383956713679,14.985389751860529,0.3032815486567504,-65.8197380909844,5.54396155549979,0.24543875749423982,-67.67203062252335,0.034197481665247,-0.006063749330218179,-0.014583424275653512,0.0594792721839732,0.7313513618925315,street_level
8.60885461151701,22.71129547530859,10.578946292077008,0.03579400562851316,23.23512977321201,3.733295613471565,-70.34028699781679,10.898082188229639,2.4135185268838075,-71.83107121019023,0.34187829513583656,0.02697216751301107,5.122949822463882,3.1072353042030905,0.4489075180269408,street_level
4.341705231012966,17.09505169096478,3.928061717100183,0.04571837316200473,17.062261739010523,-1.7460922578268772,-71.00052839804776,7.211245447024092,0.22005946252108277,-82.79861271993,-0.07220098143056942,-0.029232013827391736,-0.1433484772711736,0.33721651744963954,0.8481021069602872,street_level
63.96292515137947,58.86140746482312,34.18483454035353,0.3618274204317867,3.2589202749318313,-13.914732088184621,-67.72286486058648,4.636712743116609,-7.226600688470534,-87.01013684333425,0.5086361671368488,0.20640763012453597,-7.745049084566202,1.6131461026680038,0.9209494485795162,underground
15.198433403967202,64.69494054725266,35.654302434072385,0.5604005561011158,13.55008317838264,-7.916396767195416,-78.82303161288712,8.564467273941561,-2.483403460647084,-68.42360798834981,0.4849502088984815,0.04101023299807589,-3.036099133033014,1.6017536917784172,0.4561838026964392,underground
39.29420039519983,76.16221414404254,13.527831064747438,0.15070245686643735,3.652039724738242,4.803939089729713,-68.14430462681236,9.740567170629095,-4.385142648151588,-62.61150201433709,-1.3716498348335415,-0.11131056785943635,2.7111258562589513,5.267815203125714,0.40384242146192306,above
13.036946609242033,41.93503577674052,14.152271848617566,0.03909176582035588,21.818772572771188,2.9144020159850053,-50.58679586940588,3.261735500555034,-1.0257846337862069,-73.2456882176333,0.6072812058392489,-0.08655989562379618,-3.332970401243648,1.7108457795112928,0.567851868221889,street_level
9.682394350547083,28.959857157676872,15.437213989083338,0.16700292026279645,21.6175265658962,-3.9486929442755825,-66.88480962793793,4.256466307251055,-1.9989819856388829,-78.44480975396546,0.3434404510300637,-0.07520607714343591,2.732760164218238,1.0707710432198523,0.817532909958751,street_level
16.870114433366624,43.61981157931545,4.712481861389942,0.09980707989592073,16.904577370067482,0.8690990641373721,-70.97099628940516,6.919249986082013,2.180900694632194,-79.37204593228543,-0.4033524253628814,0.03723554514554314,-1.8144640720869187,5.931708491656799,0.8753151428663687,street_level
9.951874968462683,16.663552206404802,3.7890703208085945,0.031768293805492454,20.029745083765057,-2.349308002969753,-50.81966550341964,7.344156077316838,0.6078783721725287,-65.25718918727033,0.1357869874337936,-0.015341594914115552,-0.05005218879078521,0.06909692825684788,0.5853567514150264,street_level
20.95448795299191,73.74685738445551,17.15065020914542,0.3770606345881192,12.917974534510192,-5.532904106831879,-82.00921601725112,8.053506302125147,4.969591343358648,-80.84608650222162,-1.2116932978671098,-0.11120278187414828,5.4002757146333416,2.5097715036339645,0.9895631201684848,above
17.363507526678212,32.26471130642213,15.959208718431587,0.19476217570469256,8.054393829569467,-1.7199043037795203,-53.42977226532349,9.961182732770393,-1.665494343430927,-66.05938644390204,0.004685152466337356,0.03470017709204508,1.490626287487752,1.07448881031164,0.7191381928227865,street_level
40.928075067666875,26.746954879146305,8.91188678719512,0.4091550310628993,12.376054521813074,4.075260676449412,-87.61805977435138,6.187704811952273,-1.2844297597561276,-88.68736262018486,-0.5937433379729402,-0.0809991898799508,6.834575280490305,7.614654479925703,0.4676784341581963,above
25.148868019170123,79.51543584211333,9.73736844177276,0.384023828578522,16.21004865663054,1.6923853872922745,-71.30323520888193,5.780266108775532,-4.033296587659867,-71.08108954631848,-0.502862654221646,-0.12960435341729953,2.850353459961157,2.289936627176232,0.8807247589132488,above
34.207101213304114,60.401716313523,33.25708620651746,0.21530134220212785,3.5288523521210555,-5.092686136658612,-61.148970507707986,1.8014257567205698,1.9259812419102849,-76.26234499962514,-1.1827498149450169,-0.045027288783695274,3.1030946811223137,7.648215713576887,0.45821573230358176,above
29.452946346753222,32.05874483260076,24.949024688123842,0.34047616092889665,10.481706783804118,-3.9722195184628344,-58.21517426575751,2.9511554156059243,-1.7649586939042639,-85.89372807158384,0.6821673328217537,0.11760309261077159,-2.2296015861350478,3.8114163903175564,0.7388097725575866,underground
27.772839787247456,76.48210101910107,21.153402039070606,0.3281477249199849,3.386791046491307,-4.842064283896077,-74.8049027016573,9.131671352713624,-4.013231849405628,-66.4818219199739,0.2495835364909452,0.08071722516403466,-2.2135508593129103,3.2742285354594616,0.9428744139937981,underground
8.805398940307445,23.2985662077784,8.833425266439702,0.06094982973047701,11.687544396885956,3.159706498750099,-70.39784019423637,10.522690038897569,-0.6201962890904209,-78.94929480389551,0.6691093021899519,0.06449588459188116,-0.8107173805602423,3.2711659645701543,0.7191894801595916,street_level
32.46484696568463,50.16261490358459,10.2990013391592,0.19474295272874104,13.532768582480013,2.908077436884769,-59.08405719520381,8.792441264382163,2.4718291787292745,-74.85879646181291,0.005973549368177261,-0.0033584070830563716,0.8626592469179704,0.43021604959763327,0.7694376338006352,street_level
33.32835556566347,56.881548506909255,8.217910201357375,0.33892891752188126,22.784547365928137,0.018650529158348306,-52.4884823771563,6.345827591695619,-2.6836589348643622,-77.56794252518773,0.06909657073604109,-0.019485648717509334,-1.4393498811040675,1.1022994173832217,0.905240312666846,street_level
66.8767960582356,100.14849114296592,17.38754680607771,0.8964465206265669,9.29015986020683,0.44783029988606415,-88.63194602356033,6.429789653995503,-5.223692946366469,-73.39910104450412,0.950201592805393,0.06283036131838034,-6.843723954725331,2.408674812585936,0.7701438065849641,underground
9.129392880397184,12.880697555203845,2.8074108143698435,0.09135807612274065,24.90982404254745,1.671291656436999,-72.58171340311827,3.7421973321067927,-1.0017764636581894,-57.424529320284,-0.136461697190539,-0.014139456222239354,0.4311795099427854,0.26626971939086863,0.9779573258841503,street_level
20.652579121046603,42.89162290791154,23.52562082604456,0.7422840537812302,1.1781443604670394,-1.389828341464888,-83.28412728943029,1.2856253630525742,-6.3034279434107905,-82.14087629242482,0.5715562044119208,0.17340649301460048,-5.209917877177439,2.353114083053401,0.8370236919165346,underground
28.442546004029868,33.97624016661941,18.483490330987905,0.2086996824334948,13.095256236931661,-0.22469106998460653,-66.15589335281024,10.110646238815054,-3.2082556365480692,-65.2114618055312,-1.3429030655811969,-0.2495326900011392,7.093090152980695,4.9161525949808365,0.8650114688516447,above
27.527566831516083,75.63149369516292,28.763668584047537,0.2851687636140905,6.35054930320082,-9.803841031920635,-77.7448571936368,3.1842940313140238,-0.2673794811044665,-94.99031969542347,0.22027274442745193,0.03077743447626722,-3.0421245190717596,3.5773197334163305,0.4760490940111961,underground
22.942639862925965,26.015630855998193,17.312404765393893,0.19739715699676322,12.567333059894004,1.3931340507376255,-72.44319410449224,13.922514181117318,-2.5288885369671803,-69.64762305725138,0.4480284823232412,-0.09105756715583746,-1.866539641790645,3.8885112432842908,0.6317650074675076,street_level
32.30978375736802,117.01750274106183,39.431700834155464,0.7007068245940236,5.429744555297069,-2.2524627622993982,-82.65971142100028,7.757587693208853,-11.686670482998487,-82.28706394969176,0.3772358217841112,0.18785248844133967,-5.531023822988924,1.682859696846269,0.5835287788206567,underground
10.44489701182853,40.344289241034645,9.157722673114929,0.12252962976517846,22.06213254248782,2.693867871877977,-74.53259811807825,4.687972546626686,-0.40095863185220626,-78.93384067465894,-0.28752637021349836,-0.0030625724392495945,4.604994800302983,1.7209164771585246,0.5055745127912956,street_level
31.711438767433606,67.74715126204747,17.31818224076458,0.45215754482786574,3.4787658113988207,5.913071219512467,-82.3888457749961,4.366975452202386,0.6361272540971967,-63.852498847376914,-0.3925462484655755,-0.19161118479614775,3.4237420048948337,2.077306898259814,0.426178905953446,above
44.490797115596834,74.19676894053151,14.512656600976,0.11355839791983993,10.365818370762412,-5.205838801648048,-75.70724412967873,11.366928457393865,-0.6490444936471267,-81.34120851944361,-0.9259431345073329,-0.1565340665103896,6.600813578739761,5.934443878718523,0.8996981789563301,above
22.59360328176949,68.4616576278697,8.52057850154433,0.3929415356334144,4.617455623918804,3.878770879549476,-68.51663642440523,10.030417005347303,-0.39248698009535143,-73.67882587652709,-1.2847865163303347,-0.17843036139706875,5.412819469368949,7.375464985443358,0.47910002991594997,above
27.546423974351736,71.28746784063557,34.53693053930522,0.6109333675944055,6.8473782608460665,-3.2090982883313863,-88.05410338484731,4.377836999812026,-5.879443912152303,-82.26891195885017,0.8477727476362318,0.08162109379253565,-4.913280010775433,5.752774468496134,0.4184023354617286,underground
7.102232371480792,17.22945712943531,1.5504626504584775,0.044869456356672846,19.91412841695318,0.49952252660090046,-67.66651257571968,10.224983251544641,-1.6541676143965167,-58.02960834166587,-0.015690009438781294,0.015147216828526364,-0.28245327736360926,0.6406602217331396,0.5400023467724002,street_level
12.631448207621137,22.275282082490236,5.99667708907322,0.17041791488132071,10.395368173743151,1.7918210079188697,-56.640956719290685,8.568363578500048,-0.8520394403001177,-70.73430764184826,-0.33328871263507287,0.09970703217872104,-2.805530686274601,3.58693926626007,0.8740756179762619,street_level
5.43966884151334,9.086947619499515,2.2439396873179964,0.1350132711749889,19.331835915181003,-3.673036378665791,-61.42288662290917,11.523725391355946,-0.5916953291076137,-70.00364438823266,-0.10252537443637777,0.010904280444742107,-0.16069742292987998,0.19994621341691854,0.9045417737618047,street_level
18.849695941111143,25.33789363368325,31.82234469693951,0.292629782982544,11.336767792324661,-11.433422489101995,-66.09025423932448,8.570980906095564,-2.9836764742579316,-77.0052768768959,0.4212944774082089,0.10273290288660562,-1.7580001654788115,3.9012252860607015,0.7839909194398988,underground
62.896218773017836,61.99384116003437,33.149053031317266,0.4015539557665843,9.203084976400449,-8.336270450758386,-75.58115490756838,1.6733814774944333,-6.782623014956153,-94.33665476664353,0.5815676065002604,0.07629723880689099,-7.74454277610231,4.658109412996282,0.6049016000266763,underground
26.39496258400026,72.39047433074751,15.218013166008232,0.39792868024229255,7.8467627876882124,3.5750081846511232,-83.35530593617649,11.497719477453602,2.1017255764953067,-58.48028221788418,-0.9731029064835848,-0.21020524468052323,6.681351391756905,4.072884188072145,0.5218159397530392,above
5.274433067012033,9.750263712534036,2.7089491545520588,0.032769033917362,11.825199568667458,3.711028047512384,-66.99429983599397,2.87833277676983,2.7391300056531716,-52.74370546740871,-0.013317017205707382,-0.006984068775457538,-0.4137446087011907,0.20137821213352247,0.8789674611124307,street_level
11.983988093240509,15.615301777552055,4.856931607066957,0.13539438097457374,20.436860750146582,3.4690662769194516,-66.21348691887742,7.99695067847491,-0.927643471862746,-57.013258301933135,0.1105217946223542,-0.020446019975371557,0.0382156421909321,0.02646470793959246,0.833068615937057,street_level
33.06422302721515,73.74136048715665,27.88616248706521,0.1084133494918707,11.299295721742045,-3.288242208874842,-70.26145631405227,8.879091417726183,0.8432701645466283,-69.1463937996618,-1.092549513742897,-0.10576086626767678,7.51599476559188,3.566330720636659,0.6363673888744968,above
6.042029310978423,10.648897428216753,0.9370938008627179,0.005502286038252075,18.150403712717775,0.3047204907033958,-64.82978668130947,11.22128333789523,0.09829675219119949,-53.151712515633974,0.13886508403544248,-0.018850992206512287,0.14915157281809555,0.5738519883176919,0.8559691076716485,street_level
21.814403836818272,56.370744036745386,23.611604423587305,0.2873815910115107,22.059855800098227,-4.444684427689634,-72.80988998932476,9.190708727268516,-1.6718976456613115,-70.00046280205719,0.025414657996002066,0.01275220828999079,0.2804328154680702,0.41818831332047957,0.7450711313076173,street_level
8.6770783321003,12.294920427052435,0.9389685971474981,0.1057931404867906,17.10093013727112,-3.5752312770201033,-46.055093500274324,4.793807753367834,2.2746658853704176,-52.94892591203922,0.11787873843694538,0.018791779882779566,-0.4772471257298141,0.38314912801001433,0.7274359654604973,street_level
88.96675067523063,45.126235120312074,36.26879783333783,0.9544331463205296,5.11445963972127,-1.5713988755428687,-68.3771160730284,6.475769300667117,-2.131346562570391,-81.98189548788159,1.3862763436547678,0.21797699694019557,-5.069156018768046,3.702075987485028,0.9888610896452977,underground
15.299976094060725,63.4029137854095,11.102187932826336,0.16628180303500187,17.38703738673569,-1.3529535295966326,-87.89350519910755,9.860122641779242,-2.7695956783949818,-87.48564082041318,-0.8576917784144038,-0.11934263324005209,4.6940091140481925,4.563601135053645,0.44757219146592897,above
17.214609059751293,32.52523095561897,6.998137038940973,0.21018019028012902,17.443644957500048,1.8345133921473051,-62.28346046134068,4.3092612742137115,2.6848615872785784,-72.29551762052877,-0.3369790251453768,0.007223153416695369,-0.7052096532063796,5.719111716627222,0.887845070671387,street_level
11.883501977065258,18.531323236739453,11.826720897237003,0.04180344061599582,23.0692633328514,1.89234626216376,-64.18168665212711,10.05673343776889,1.0591656616598843,-55.7952003783401,0.30553054072443775,0.030838483668111344,0.4666657093049791,3.6604625049084296,0.8150124866164699,street_level
5.27882610577569,12.953046227654806,2.5554326085965515,0.06390858740851534,20.60311317007033,-3.1775687807127655,-46.1435268302805,7.372722086440605,2.6468041279474592,-78.32490827178951,0.025320102421018176,-0.01635059850201135,0.44751503422765726,0.40988997550590817,0.6883923404538168,street_level
8.417729867911433,17.050845811318627,9.773562298966295,0.12409910509847348,21.76015842660179,-1.1711182996864409,-75.43448291717357,7.886116938118235,2.4230401969501685,-81.79541072410329,-0.4607722602692418,-0.03920463983016853,5.387236238758971,3.0701008081401007,0.7913387454245516,street_level
17.639856406012488,36.865672410419876,8.830774279240813,0.07640426302303452,27.50782477936366,0.7663355545088297,-52.86142172519665,5.794954526044201,-0.9211293190243612,-84.88805327234665,-0.08161234763422165,0.08083635946472587,-5.106875023904651,1.1566828737155668,0.5309178918556158,street_level
13.603318021341337,38.277731038634506,34.21018168752387,0.3386385029004694,14.354807873012106,-3.2456648909811507,-85.17846884352713,3.932376741838023,-3.1091932556526034,-61.12308564828868,-1.438900637222043,-0.18745181890981888,5.512414796590221,5.792596902250654,0.6858286322687075,above
8.452960002943659,14.750025973961542,2.5605521228102948,0.017481172571584686,24.850105005317495,1.783219974902293,-51.45056629695105,10.782988452601677,0.6016221190217705,-79.87382919761703,0.14837704370033653,0.014178588373042547,-0.16926795794099814,0.7350389959370341,0.6685001425174975,street_level
18.20701946147854,24.485235079757416,15.995837106573434,0.10760821226671018,25.81412663209679,-1.461916224356946,-60.33301469459097,5.72806820773442,0.20909702910520478,-61.82984548060262,-0.7433969749555382,0.03303194938443829,-2.142909760238386,5.454241245530743,0.6445665109371199,street_level
41.94689068601455,47.50576310191761,31.515023833238114,0.2388272887541545,7.0090851108081695,-6.3777056201212,-78.66618290403437,11.99418068259784,4.781211291368258,-81.26866193403606,-0.6017310021737938,-0.16164448670160667,5.6631083639288,3.927056951784652,0.6857242667701196,above
22.635081835125987,33.63915222217361,21.003374227694408,0.12114940531781268,17.84466430272697,4.153485870685543,-61.10971017599775,11.075754938746288,0.7475153167060409,-65.55855911744325,0.03206067068208579,-0.0027184796702584176,1.096699108701979,0.07950593660543648,0.7280426616665596,street_level
16.190523271471402,22.24003417580108,9.16249215208128,0.18546819504894338,11.66039391433619,3.2829283880406805,-72.72035909959898,3.7091320104539283,-2.8883843935623434,-75.33471082828615,-0.0386873300945384,-0.03076682397172474,-5.751151205215747,3.1241504519157206,0.4980450447625902,street_level
26.9745963738158,56.97064468968384,33.176793432893746,0.5691786396842681,11.233257899780693,-4.170320700732549,-86.21863010850257,5.506752498555915,-3.8988449289992797,-66.71511298878413,0.4434429721313424,0.09937814831342766,-2.2441625954675692,3.489220113867278,0.5568263630885751,underground
26.82371230950399,63.07192793185817,26.94245451448565,0.43220053641554534,14.706802809988638,-11.750180122484796,-74.91994447650168,6.185171686273839,-7.6737012459523095,-89.89791674778279,0.5098397545096467,0.03654990253699213,-1.3026607888190829,3.928052615995189,0.9967081733037257,underground
88.19069411035088,86.0546865768288,46.481919479867855,0.6664018307407946,0.26452233062577934,-16.335834609623376,-87.98024157838245,4.898573049460432,-7.658123179666201,-71.11894028326095,0.4412176424798335,0.08908801050706991,-2.6765576213235107,3.5214679301818346,0.4113012702880686,underground
29.31735894109039,38.234928855643645,20.79596046004754,0.18076882559725127,15.339505255253979,1.70024577559931,-55.942457572955945,4.8318385996886635,1.9514569564783013,-84.86215366237505,-0.0685517792525921,-0.020490291320987973,0.1071494991111368,1.7808485276242538,0.6271103520637359,street_level
6.859618154217973,12.502362586352412,1.207454960747596,0.09919260213889228,22.974083462801666,2.119955219749162,-50.32938271293024,8.7471114896564,2.0277078861213944,-63.406552701902655,-0.05575090586886834,-0.025292635742375696,-0.10629490584391943,0.1627993131036595,0.9598341392187149,street_level
13.428971019092156,59.74363841521489,13.238874967141893,0.35044327672420306,10.34569024384367,4.09581333288083,-69.24695433812175,1.1571504957280114,-2.609692437620332,-66.09817821945789,-0.2784240135638534,-0.20872019587042828,4.056056453522865,6.782998552979157,0.459789699861203,above
34.531071411866776,32.097423946308396,17.255036693010858,0.15169178782868065,18.931464209006833,4.8843820335480395,-65.88220431548402,10.904534799056085,-1.3721770942204392,-55.0903918721755,0.1551723635976823,-0.014350684972705832,1.1660458429875722,1.960223995683099,0.8717219028369487,street_level
4.17319293398991,16.070100792882567,0.7024236369148127,0.139190292333219,8.571400016608369,0.7726801429429333,-50.44421231648314,5.2931257506681,-0.8151599804802778,-80.22434076420006,-0.00018566073535883354,-0.008129525098897254,-0.35510623130932784,0.7559402239835897,0.559027381642303,street_level
17.363882841095787,40.52995594636352,16.091792130551813,0.19458382482689243,20.07841039079574,3.9322264620322898,-70.57320251874036,4.298580414031879,-0.5000561885137298,-80.82051855463197,-0.4375341536006115,0.05389152319161669,4.956460372317249,5.811896828361133,0.4148585297569676,street_level
22.45258589006211,32.892839101319204,12.127471174673842,0.21870568390374942,20.19800174504222,-0.466447073860194,-61.76318335912282,9.814673601234816,-0.9798754858936585,-61.649622751514485,0.25436404729421946,-0.06330445529659023,-5.160751976587012,5.804997151428983,0.4421953664482325,street_level
23.402716018673527,55.21472510090375,25.486484146654465,0.37369720373636695,7.5902864039863225,-2.9395497994348823,-62.20379139908313,7.6062251515080215,-0.02323059578513398,-67.56466922052222,-1.0214566716005407,-0.12369552009797183,1.602914511730302,6.0760328593568556,0.6719382920763022,above
9.039460064265413,17.751088631704178,14.299093197757287,0.06396666998046284,13.690315123611654,-2.4174424801243557,-50.642293839148586,3.841624397819492,-0.34038869504965197,-80.35329116878688,-0.7402621828631839,0.03015602499710987,-2.566922732338256,1.6437402509336492,0.7456727146061479,street_level
18.383741967767534,36.87253226428595,20.1483122005079,0.2813537025130659,23.97865854380694,-0.9386395021331451,-77.73447288942002,5.207708504315683,2.9127769930814216,-81.4134995604798,0.14054232741561454,-0.005973266128450252,-0.7555506891353821,1.7612568900258971,0.5662381085681143,street_level
7.585425800786982,11.917500804472425,4.253715933650811,0.019736482789804433,19.073859080955167,-2.1880724585353777,-53.24733944343869,11.119262334254664,-2.582389500005957,-58.59058777887577,0.03614267677404642,-0.027465626949193488,0.05070937888624749,0.7810577829425437,0.6303349974906542,street_level
70.04927579090291,58.457163940212126,47.20329872710758,0.6787505346674875,7.751016210794987,-17.787594091980086,-76.79800440016992,0.9278424454916738,1.9316433309569305,-74.34398236195844,1.4574026874857073,0.11630492685440508,-7.257909924873202,7.87926323148037,0.7872254164452857,underground
10.975799456152036,13.859586188157696,0.9868167437676749,0.0692367249532585,13.049193636760409,1.1556314354584822,-54.76572375366979,9.082148212969324,-1.1263447088514116,-55.963034859332936,-0.12544528647421652,0.006704598219145486,0.19575088326392953,0.5933793783565059,0.8141063404492684,street_level
62.10131816820087,78.09926821392786,30.73557496960329,0.49267479909977907,0.7753665067764592,-4.038636153589147,-60.81124690340528,1.3583962712699478,0.5609308404922899,-88.96609858607532,0.9180854671181173,0.14543146262710616,-4.528026546414542,5.907254879393353,0.9262113204113201,underground
20.835155237100928,44.534609375423145,30.470928078001812,0.22547840217314993,7.8409518183947515,-8.20092266401545,-89.96326547685162,4.914864619742953,-0.09322660936870886,-83.4850330122048,0.33624114649052667,0.08338941941667653,-1.7369317890034393,1.6230015967027294,0.9100959065930537,underground
9.329579476443975,8.604159488930632,1.531004065864072,0.04771887401807139,23.10563015555927,-1.7902703904701278,-53.22119765404847,7.2905696912766835,-0.38433401061502437,-52.98940398414648,-0.10442291798451778,-0.020043015310201764,0.000304266226577532,0.47538091006706784,0.9614110684335845,street_level
25.8052834225677,50.675819146860505,18.32793102224234,0.38048766708760184,11.56565132213559,-4.0823227123457215,-75.99622976359628,5.6837052306861455,-1.0198706554511645,-65.95894377202592,-1.3346786793240335,-0.14527273774214622,1.9443281584899486,7.630253585397227,0.43157959010835456,above
14.272944803947558,28.148707899492457,16.198154171361374,0.11223788715434951,10.644171659458005,1.1763121167130324,-61.592372790656455,7.237399994062504,2.1676579806573084,-83.0903553524811,-0.7235235393299096,0.09662806599847779,-1.845725085862977,5.653512835225545,0.7956758428933692,street_level
10.910938332598416,36.47511922052979,5.7740422175817585,0.1645187008123999,11.312964010759213,2.737950667512238,-77.94404921510791,5.202894764254223,0.44563216366413183,-79.47276609853616,0.38457885118069113,-0.09061610904962432,-3.476766469196944,5.158195094921209,0.5924464799907789,street_level
6.038532345335099,10.097883795407176,4.926647666182725,0.08975596412207208,24.022884631906617,3.8570410655561,-63.19871835062195,8.089529665383642,1.0781764424481768,-75.27457021946822,0.11788173413968919,0.01938028650019495,0.457950658138629,0.5080598790424581,0.7369256860856355,street_level
33.43570483620768,37.41763739670168,24.24627715693127,0.1217160066254625,23.66412842959337,1.3397077585567176,-55.03651538182372,3.2506486763475846,-2.646750518853601,-75.5459226521413,0.19816153943643347,0.01288539183772687,1.095051193084196,1.8094021285762103,0.9089965418044044,street_level
17.68023956396797,23.362782529217387,12.367438549076763,0.16503686310145987,24.289553015124028,-1.8437374265217397,-58.295524097214624,7.725386683952244,-1.6906449966213541,-62.873340263689755,0.10083865774975126,0.00021859633167336384,0.8646477469806939,1.338289377211136,0.6111793638301861,street_level
18.90892199914044,34.53120867532,12.830062018536662,0.07348649303277398,20.61881826868366,-1.0452961240602514,-70.50961231511496,6.88310194357313,-1.3353339434608709,-66.52385111402515,0.05671681957253816,-0.09111311556971509,-2.697591426991878,4.777544376440506,0.822288267187841,street_level
21.080328042761607,21.836618677071876,16.46511869491622,0.1232314011602195,8.038863228252158,0.3895184287380662,-57.568216834083714,3.7600939648815195,1.023987764610089,-56.38601361815642,-0.06312564231819383,0.011154666614536478,-0.6354768401256503,0.6153966114777221,0.6442678055342947,street_level
20.00300115573723,21.123496745199,15.81493144832001,0.11458978468635053,17.61817384602257,-0.42542375260821963,-68.10523776853148,10.39496683848336,-1.472249646914026,-71.19532220452064,0.0278780624138652,0.03829424468888899,-0.1394233509106506,0.5414218038199956,0.7681413118047868,street_level
44.00971568493718,44.60806180619511,39.404456819515275,0.22521183265950317,10.94928145246594,-1.5093213231202682,-83.73634158261117,1.568030079278622,-2.9140224862019526,-67.46519523881265,0.6291882772546912,0.07174259415308387,-3.2833481055686806,2.4830908960190805,0.9008780832359102,underground
20.286103926487183,56.100583686157194,73.82078404753979,0.4980735084942911,6.386428837060112,-15.70827052272801,-65.06332046927224,3.1327633154910464,-8.491282134935751,-81.13042505116293,0.5813805497020239,0.22656615069264263,-6.585510166307744,2.9222466090585106,0.5872866920223783,underground
28.490593696109638,53.52324614195105,9.03603571162658,0.3397469432951846,4.665616057378654,3.2810490640216834,-56.297407200311895,4.960959334771948,-4.059527987808396,-68.5728021427984,-1.1624547431941843,-0.16072700826305267,6.128751209599396,5.583161048169652,0.609531849711085,above
14.608617373175646,38.6829106487383,9.333177250121512,0.056586586216781545,12.495204941984195,-1.2210160941987178,-58.179403021321164,8.034004134781487,1.3548433730340435,-73.40861342030041,-0.7142854286526803,0.03479517398906887,-4.224186026547372,2.3091366853938964,0.653177030423719,street_level
8.947890944238459,12.474177442428578,5.55636552036363,0.14409422220274246,16.32143158108056,-2.0175926906405177,-58.10357424137982,7.76195688346833,1.2784445973110783,-79.04289859995689,-0.02444196340218263,0.007326718854662989,0.19114214312034683,0.32891386525311417,0.8986775939830056,street_level
28.920937921590138,72.60083223135537,16.86223175950936,0.877856433231066,5.843219686849838,-13.030323168641539,-85.92936720401407,5.453493765291225,1.8050368294926447,-78.08304117164366,1.0102013120196103,0.12702714510390525,-2.227697932473685,2.6978317327931034,0.9077846866392777,underground
47.548228730644354,67.49181997573724,46.37322041851192,0.3867629342831235,7.08620083133806,-3.929211584922033,-80.24528064231366,1.6078791244406094,-9.250493206721124,-74.02727885811615,1.343617408148373,0.09863545913459539,-6.5926624992783225,3.805560412883969,0.4366989802713188,underground
14.161018618801652,25.16817797195525,8.524983416519019,0.15619383199515632,24.663092142288466,-1.3305564128760539,-66.19809834733874,4.795779381773302,3.875282787192952,-58.55636482795972,0.12739062711928908,0.024636704753601427,0.19383073639494208,1.6092823661616924,0.7675079354622525,street_level
5.4708450030926095,13.961417132821456,1.700400246399917,0.05068862207251063,21.897433949044895,2.9166956083337876,-63.05956432483568,9.506680256563827,0.5736059835158276,-51.22882879166362,-0.02381567584402519,-0.006677683918203867,0.015285520219414317,0.5405190622315306,0.5089450439382389,street_level
5.166782687848749,12.458484640204626,3.5350597479388144,0.14949596813384156,23.506195896279557,0.2727472087633407,-70.85384608372597,4.776508283318697,-1.3494611556185891,-61.45818461569485,-0.07119395172706293,0.02843440348112386,0.13734476181217292,0.42714837526776384,0.831579908094281,street_level
10.780822208699671,8.925516644804825,0.40537456090057833,0.12011291995438231,10.440964666785163,-1.6914351350811039,-48.39366825106196,4.656515639973421,-0.5147197073396161,-78.63905695620097,0.10860046309370722,0.0032043926353469768,-0.024340296985218668,0.21204807581182739,0.5223208649139609,street_level
82.25459727368984,95.67588504280411,45.06093081887049,0.8601045140839858,1.5558829670368546,-3.806498670889038,-83.82749730541089,7.016334524526454,-7.028499190613653,-79.59456507355162,0.7133174234184956,0.07750939458388133,-4.448715422604073,2.2807048500895606,0.4192077929343181,underground
24.194989313239546,24.41664269869022,21.639541012229028,0.2958508543841826,14.299615573433904,2.6028873555387086,-73.94008886840312,7.676284440895801,0.02572533905114227,-73.79889539586853,0.13621299032951892,-0.007059309765579166,-0.4755384094201154,0.7057604781971796,0.6315309581070285,street_level
10.993632054454359,13.913611467894754,5.799506533669985,0.07184542527817515,14.838922938869633,2.055273647085218,-53.58457774581134,6.5390619702674515,-1.6020033364115358,-80.33418458977394,-0.08625225357994434,-0.009730239939440225,0.3190893570033779,0.7351882430700796,0.80429558516476,street_level
9.555922139860137,15.313523092513009,1.315760308596441,0.0861949212099541,8.171639732406799,-1.9034662192878153,-66.9370164576898,2.56801942279849,-2.2137757251419123,-52.045782947685375,0.05938107956386798,-0.0027340716317603674,0.2565445605937364,0.08583851160859429,0.8604117472687045,street_level
27.310095841711355,48.955571486320764,22.694572582357317,0.2133874793282105,24.158088184992593,2.0221043551666007,-65.94964274703013,9.645392610064576,3.7876709955821424,-83.74729131103228,-0.04006411768256346,-0.006008283022525533,0.1671230369294383,0.07821996792677455,0.734973481312522,street_level
11.023025202333407,16.647951430456885,3.0340502826695683,0.035978671983897044,24.44806356063701,-2.4610664824088397,-62.320703980812816,3.9676795819430004,1.465166693964843,-70.42111533716708,-0.053230634654423806,0.0072100527810625425,-0.46023529931161555,0.6838218110339622,0.9533287813143061,street_level
13.592244913076458,32.10089474272624,7.276272749580854,0.12690549239932625,20.58092384813606,3.13026244262329,-63.72300207646925,5.112105822438014,1.5270287579765611,-74.2324408656233,-0.32945876320947254,0.08267257957167731,-3.47549685352357,5.811424976574273,0.7068222154103074,street_level
85.52612417983221,100.62989834029855,35.15265558612903,0.35262540491333916,8.026106022526312,-0.22176527271890123,-73.02312233746389,7.991734182935977,-9.217395491897108,-87.26072107603929,0.8537755673003152,0.13655796461196432,-6.704422252774643,7.570362352422318,0.40442421219265007,underground
9.396728570605896,16.077497458447084,3.5012726279951005,0.13518230683114998,22.36974898978913,0.8531753658086982,-61.36456507094887,8.192976181845326,-2.6883967679181295,-77.34969484500202,-0.04317211926135468,-0.02978267571476747,0.3978998211725884,0.604844598667051,0.6512477242650536,street_level
23.2723434376427,108.81347802898924,79.54953843189813,0.9175198543311036,3.4939225460466106,-6.265413420899209,-75.86932998096393,3.9962239969998157,-3.254142570305355,-81.90720907407223,1.404184841211043,0.152621681182113,-6.973676890443515,3.121267133305593,0.5098484176986458,underground
28.979829951282667,30.439019519650323,12.243180075684384,0.3382514888219766,11.745553953952278,4.060108980913297,-55.39150800877446,2.015151286971544,-4.952136266465521,-59.780463883379866,-0.44948762121153174,-0.059716176687475864,2.1723761726340447,5.53569926816547,0.8231191528072006,above
44.32059838033552,69.89251108233341,17.45895964901332,0.12604267930092738,11.64002994663931,5.920454771005582,-80.81726331169199,1.4584839706205512,0.03948966445235147,-86.1886240578294,-0.8508783285280215,-0.1170657469488626,2.8460148178428075,4.936954607306549,0.7004159969988248,above
17.826074170194005,27.227115395318904,4.6101520242470695,0.0849157274874124,25.74533072275252,2.117391954344309,-69.32021676640426,4.236457689813243,-0.9267269391167288,-83.06919013405799,-0.4296385904855912,0.0900844158591407,4.258548424759052,4.5426330101523975,0.5823091542080707,street_level
17.773574769463636,15.115131425322799,7.887681668599817,0.03462340442831507,27.05722987010257,0.7887941336188238,-74.01301848366296,5.138442091109292,-0.915162413189031,-60.21116886511096,0.5291884441201835,-0.09318130262515734,1.9218172440735977,1.5708024316911415,0.861906426808232,street_level
28.423522719006893,28.88882695520262,15.182505916278746,0.22040528155693812,8.710000143153827,2.375960413179782,-67.2472656830579,7.192591481250586,-3.777356641124765,-63.06923966128532,0.10542753583486211,-0.02924446443464741,-0.7229667872515425,0.0591750830361244,0.8532519691359313,street_level
23.377811321670784,26.749629380376028,8.637156268350934,0.06027580365492194,23.28522906129513,1.1564419415590406,-68.21989594110589,4.791065257370187,-0.514141740946398,-66.24048527272873,0.5888018863048943,-0.07575882977913512,3.4167925862877446,3.855587741377538,0.8391567161069242,street_level
81.72398656072433,77.39804094674186,21.917178007132193,0.43612062689827297,5.844691915452987,-16.648687842809874,-64.07409071079337,0.3569183507929372,1.750838911668696,-70.3471507127478,0.9927422408835948,0.1743426750956447,-4.119519385183262,6.774331164389232,0.7144654949987019,underground
26.103688426914964,48.025220778103346,23.869733387777124,0.5799137868358393,9.681322054270634,-7.813157483396653,-79.94751450688011,8.73555878017109,-0.6135180181055144,-70.86194509158341,0.21975812878355,0.09190192172626103,-2.380720968209048,2.8335744979321493,0.7399803032220269,underground
39.831451186424374,37.25644508578796,33.54731394634931,0.4078256104734106,7.314844851356276,-2.805966858057909,-87.59133665890613,4.234600484092701,1.0061177631081382,-82.6622841787928,0.47239420067045834,0.04837744507385944,-1.9156114803353597,1.1968188282809207,0.5821413012938073,underground
35.3851083483338,49.851083044665685,28.99262100664237,0.24190911467733486,11.550942935166749,2.694452919752141,-85.25693820532128,1.480891349569688,-2.5215495927310396,-75.92805764994351,-1.4394187777441287,-0.1548175419213421,4.679886644642224,4.430629274641118,0.645334263997679,above
18.066664376697286,46.017765230905326,24.69630360953375,0.11105312346686505,13.011202798881174,-4.297109064272182,-50.14512870663053,9.255083855485363,1.2314431621619697,-65.54497316379775,0.1613791972757397,0.02736503919168698,-0.4928025177220072,0.8322175881677725,0.8151912421828715,street_level
28.570482848918285,63.16664572961968,23.238681862917275,0.1605323554585945,16.755167028215613,2.9703033535435424,-76.6425518166205,7.251223363150024,-4.284662332101966,-58.827200210462884,-1.313935188767281,-0.1296776524231497,2.0825418204034114,2.8254972658569586,0.8008617878778387,above
17.486979962955523,62.89172955520679,25.75197889165064,0.46012416336367223,4.193055388189261,0.923694190058292,-60.22407093935034,4.656244658610859,4.447705584465927,-73.92721567948573,-0.9849989265841332,-0.20893954788443656,4.079969512422547,4.703080137372986,0.9980380221525043,above
22.34242039868825,32.74159927868453,9.170651333848573,0.12601877161989133,11.261828157729283,1.676170466607763,-71.38880169133354,11.465535097901235,1.09205543841699,-66.14749910988576,0.04038874692915184,-0.06035258131875543,-5.3780806816087585,5.4705946461004,0.6744636711194291,street_level
25.843219083094468,52.47372022462897,22.105363999071017,0.12493568696207527,16.880792897012988,-4.812450288667787,-60.512553088822806,7.738775280147969,1.6529937682797753,-65.01576179025538,0.08895269728493,0.0169447409135121,-0.7252490533617449,0.943322795078193,0.6168481007394261,street_level
18.0873997848179,64.24329426893857,21.757794119994365,0.22007273517224413,4.838141284663231,-5.190823813127453,-55.21068491892004,1.3379355191305242,-1.7238047695542624,-75.77565478564803,-1.4801301771988422,-0.21631799045607003,4.620779740039855,3.4652398109290465,0.6036764384904523,above
31.169637884042224,28.1872905341036,24.63913929266239,0.2327455009372932,17.779724198554646,2.325758071922058,-58.27993543522969,9.823879181838496,-2.2579449906016205,-79.75041403561576,0.19096184495741217,-0.02408886461236083,-1.1603147749437404,0.49218005950485466,0.6319991903817417,street_level
17.01007407403149,29.26946329591247,14.165534754963435,0.27592921098701695,4.867988556247728,-7.332904640330973,-66.59392096834006,2.765339758868281,2.4413871522624646,-62.37534135491618,-0.7719064212105695,-0.07856378388128984,4.828236478043768,4.308687537556452,0.9751126918076966,above
11.703732643418176,24.71179511119322,11.819702236968755,0.11856795838574113,19.624124404416758,0.42891120019310147,-59.005182009798006,5.331072458927855,-2.0040340323796677,-64.14893264653996,-0.16426795494262658,0.05311781654371839,-1.9777515110764803,5.45755335735923,0.40590649884150576,street_level
55.98458393528589,114.80426166257686,23.266739586008885,0.8611789153623564,9.072060270434525,-7.956351647457954,-61.854168477470964,0.8668417513647206,2.5657223366857416,-70.89728676821558,0.9177723257435443,0.07654708167378338,-6.292972954511923,6.9504393611977795,0.8928243234401915,underground
6.986773898502517,12.09607441230181,5.585986053634413,0.07940050438770113,15.351997656640169,-1.0805963921709685,-65.3625858482991,9.505581094967283,-2.1808254613651767,-83.30432115416475,-0.11304970337080703,0.0265640162512965,-0.021852424567213147,0.11345344830542672,0.8664268465276772,street_level
38.75541456041208,36.88131743117813,23.836008742706998,0.22667763110245348,8.570487491311013,-3.3284136210165594,-79.20982548285468,5.364983648971138,4.326215661965048,-81.00910476327887,-1.293170227647455,-0.23566354850962562,5.802882614380351,6.307045624613729,0.7973372394161067,above
26.62657463325887,59.960458417357145,19.152144567743235,0.27793434825902386,19.821319933151347,2.545172050002286,-64.80808139545067,10.745309149362622,1.8914555822702432,-81.78349369465994,0.14389436576917414,-0.01631615690099259,-0.0600141224693691,1.879897275200308,0.8983897861515227,street_level
31.96555263205348,77.31350024093913,22.97771899026236,0.6047449072988738,8.281179903882302,-2.641483051223627,-60.89204544187955,3.35691110138207,-0.4961459821072065,-91.2041269074668,0.3649734043767178,0.09968761986604213,-5.245068305874693,7.830703290572823,0.8849820087918916,underground
7.329557474698525,11.951884869635403,3.091355362049062,0.04195494136539574,13.171311369432395,3.592382222058771,-66.68850172054879,10.777173652502603,-1.9164855103388578,-79.72414256261195,-0.09403809459765766,-0.011617269901371144,-0.2430434535275151,0.02673229107541335,0.8877669519808742,street_level
6.169610287061441,8.479139613586321,5.699390207849081,0.07147750896772141,13.925180754737344,2.244727727134806,-71.38705998154288,9.699811891781891,1.1537391255333738,-80.32854518589147,-0.09937787847929686,0.013350529544237377,0.13249111714827733,0.34811601596113245,0.6783621156148261,street_level
11.77184700411612,44.540254780149624,5.866502364506087,0.11086749504913479,10.080570696199743,-3.6161703002573073,-54.374574961714075,8.440842354930101,-0.06623714163559846,-55.08312342006309,-0.3042911170320231,0.003059324799450036,5.8420713363695835,3.3931956170761985,0.8234447329885868,street_level
24.440605608580682,71.44280830589761,18.43411521245883,0.35785116755189295,7.662313022398399,-1.9913679362349974,-70.33065209985968,5.385765587226093,-7.474748806753288,-73.2627326996146,0.18680664944876546,0.036553672612108845,-2.739632628159992,3.903352749361999,0.917091398370182,underground
28.54715137523049,65.4988295776053,31.316627568909666,0.5478970979518073,7.741292587540483,-5.134130710336414,-65.25449823148347,9.139546492087359,-3.0581084966021903,-72.39180449522551,0.6309214861667489,0.048950897870107694,-2.8002236744466025,1.4556452039844403,0.5527584910106507,underground
20.75156245731896,24.880706489495804,19.549855314666132,0.21561216744774264,18.58590560400851,2.21534021837617,-76.02142557004731,10.052294656078505,-3.8442664140726954,-74.83259942389891,-0.09792202643785329,-0.011770909016554473,-0.2177414076700528,1.7065465343551356,0.7945470170887956,street_level
20.422750124620666,48.331579942655345,10.199994103782762,0.10975164676042881,11.170843862156058,-2.959501320682847,-70.07388097810122,6.807675026263993,1.8693282346284157,-61.14703216396495,0.11321529122913868,0.032957181614422335,-1.1032639843792933,1.9960139887379669,0.5963566680583124,street_level
34.73946467128319,56.45970408537696,15.354887275971624,0.12360364835962084,23.637953680630346,-3.174847490925752,-71.84740405107623,7.248529157850334,1.1203430073944736,-79.66115437080724,0.1728171283060849,0.010123985135588716,-1.3441046849304414,0.2387291342890583,0.5149141504276087,street_level
25.832278096253678,34.04727648315384,20.671550049385964,0.32365589333871286,13.929460933883625,-3.2699494043810233,-70.99836971128273,3.9646846813205476,-1.0552657822513432,-65.69898539276906,-0.9339518912804,-0.06012941895267107,4.763969002606302,7.446505637968703,0.846355477460446,above
24.2850441267187,30.820565724121423,10.5856211361206,0.21953743167903905,16.497256959249707,-2.0599124077610274,-56.48012352891689,9.341026816745476,2.2643783440681293,-65.23468642255722,0.0262439266850934,-0.024812241289255556,1.1679969879827024,1.5350455250839377,0.623018339408804,street_level
39.69600820079406,69.42344149877061,37.64746853251002,0.47001403684054854,6.793384506819964,-4.1931212702075085,-67.96731677107022,3.896835978813773,-1.5588528686674206,-92.6127445445011,0.3464214461905495,0.1176218682503783,-1.377573266953195,3.065075189859611,0.6238859657989098,underground
39.16902932109505,36.22732148392094,37.41970744233461,0.4158334137391643,7.830525665632693,-2.1523209114974033,-88.41366167738568,8.421590571767979,-1.035691360137868,-89.59923176947385,0.34609161804956745,0.07098088437823755,-1.3996101320539105,2.8588345530940034,0.741645779647097,underground
21.73965510875263,44.99001030079977,18.832640688966457,0.13737186285219738,18.313159599153458,1.4282556675442457,-56.99265655362474,7.676496147594875,2.1907707109714822,-63.15334955371482,0.039026238667517615,0.021080658230567248,0.12162796126240227,1.5521591473342038,0.7430678217621487,street_level
17.827529856673433,73.43626021715379,33.95204215661988,0.45651439400691785,13.234950254555036,0.9940383497117136,-80.83050266898549,8.212573037174636,1.345989675922886,-71.62083624735601,-1.311863170527342,-0.13179755570610485,6.3422659841114895,6.08407603024746,0.6518739912767801,above
16.81958597431081,31.915539712929395,30.998016248914976,0.2962948926331643,6.276668219780943,-8.509394454292744,-64.17841569211852,7.05958207009919,-5.310715512956104,-70.37648513367228,0.43637012714058565,0.09215909077617342,-3.2105259616526047,3.0051604913303445,0.5490164814519337,underground
19.283791531042127,37.522784358496345,36.23314413734609,0.3349686720136707,12.485561806088352,-7.146429627159081,-67.7508083913059,3.401616426375358,-2.1612133182716278,-88.2655230894349,0.5757451499319195,0.049877401199417234,-3.630951030472018,1.1857152837308413,0.8309655866555181,underground
11.613053970322307,16.27158025859405,4.013316253099666,0.06541254708613561,24.164825473136595,1.7214544647396774,-69.61738795553333,2.582752605728405,0.4270455885661937,-77.97329737877179,-0.12674821681221382,0.013748493045702685,-0.22196534321548156,0.09724287167195644,0.6389293218676895,street_level
73.66716836954198,72.24982587471109,24.63196686601226,0.4675949377866508,2.257963785775081,-15.980015802012687,-69.25103986341975,7.950458538259634,1.2560082037078768,-66.64871879949256,0.6615913288709263,0.23063729679781286,-4.070187129348504,7.9324867475696506,0.6033637379634109,underground
13.528480914129972,40.47277390209318,26.966252702151472,0.1180875372672015,11.58714399787555,2.0675239953870825,-63.86817387634666,5.905907182221085,4.050543606044405,-82.6218105974173,-0.25720650226919406,-0.1647637838275394,5.478975831766643,6.7962243639803805,0.5431609524379388,above
42.06789733283705,118.02981311850421,31.380120175644322,0.8980072427388509,0.8418965927275779,-5.277151556939646,-67.88254215804484,1.2853163329338972,-10.77850396221179,-79.42964111859385,0.7353391549188992,0.22896978594838316,-3.6913586968582823,3.8887008996132355,0.9597718930663367,underground
83.77011585130256,108.09856895281507,76.65624598896929,0.9888216510183526,1.875060171468741,-6.565919472052622,-85.76483264678949,6.990342413166829,-8.925583491905163,-79.21004228767671,0.7781351884453973,0.2483164468365703,-7.003874167231927,4.802973219379714,0.6160405775110723,underground
11.308727293287095,8.854577802018508,3.820463964593926,0.0662226004267204,8.8712407799056,2.7464637790410986,-73.48116255606591,3.8711598888171554,0.22678401380775703,-78.89286015144621,-0.07582492510216414,0.011264891962970279,-0.09983002540533548,0.0032171628916352725,0.7160650365509158,street_level
21.2584766430777,41.269186304929775,22.89590915279853,0.12988681140836814,20.375976238525627,2.4769864186580692,-78.20428879783883,10.499744069230303,-3.836282559567662,-56.95044375492017,0.05998147793040365,0.007862962660184047,0.16894711932519502,0.34624986870579577,0.6694157875467575,street_level
22.662040850624265,47.11233172998304,11.974645612968384,0.2243525990903411,24.552991156167383,1.1944305585142718,-57.761508531536876,9.874873689517495,0.47538569728331126,-67.3936412018853,0.1589217532351694,0.02050437228270989,0.05913325941903791,1.8608096599693789,0.5804487923774752,street_level
4.02936051078312,9.841236723204084,5.851368481736926,0.07891961071413459,21.676974338531686,-1.8581478686888655,-63.286489846108566,10.086592139287177,2.259047951579827,-72.97316478803037,0.04231241154191809,-0.0164249330853972,0.35180234821388223,0.6002569560635376,0.7438965177927173,street_level
7.172542974484943,12.346470806485154,2.989927623275567,0.10287970217683623,13.61756998830157,-2.9076546572601263,-56.26438545629562,4.987252284018278,0.7272454290951913,-69.27922241515952,-0.14309129505373555,0.014227561064666654,-0.32722128013233465,0.29615115433630407,0.6029779032394461,street_level
41.36884862995512,64.8614049440535,13.140067448692102,0.31354983795497365,12.984385835581415,-8.353958664385399,-67.86501246417228,9.96367853967611,-2.5356795991298258,-76.84445219239822,0.49798191095715116,0.05352741732313003,-2.6592327572453343,3.812456754385665,0.7446642324375286,underground
11.603066909893744,17.480720390444024,1.3008270248879608,0.08241682074992072,11.90776595929203,1.4220506991266406,-67.90246681960815,7.672970880254092,-1.7990549639881326,-78.51999720046915,0.014448428900872667,0.00271323222382059,0.007663324035896868,0.16337172384174467,0.5256575786030168,street_level
24.94623377734098,50.294826435315734,9.61921880002244,0.20149102187231754,8.338942605895479,0.2796971593624944,-54.5754235334464,3.594969844479004,-0.7242257813362611,-83.894081753034,-0.06525575653957955,0.013935537055060482,-0.736573651374609,1.6148600712785803,0.6533246131053185,street_level
20.613338982779872,32.87747428403571,7.318249683917259,0.05992775406290328,14.640408683096856,0.5371683131945408,-58.63131795580472,3.6669911611383608,-1.3958224415447127,-80.06774291699867,-0.31547173920697685,0.05193369781779719,2.897372280042461,5.611839655218313,0.5894533280298465,street_level
33.12398984045845,87.84343722047439,19.184386407426437,0.8702532056364214,5.8938259093586085,0.5087271469623751,-70.21451989842214,4.551407638253289,-6.894424617433998,-70.60164733559068,1.2845274263915647,0.19124810824848604,-3.9296957017732943,6.20708765483541,0.8563870283008044,underground
6.076985511759123,15.353832583779846,2.868829623113951,0.1478539063960574,19.744243791836986,2.049764051268018,-61.24463383309462,3.272282848501546,-1.7838639637248788,-69.6379397407512,-0.10817112895015388,0.022331159905407967,-0.14724142926304895,0.5500891472734493,0.7906120368571694,street_level
62.88982770305758,92.85445765632302,30.931826652884276,0.5686018466054089,2.3212143328651202,-8.757678976541252,-75.88770918401079,2.38629576566699,-0.041935187952363506,-79.40459822047309,1.203995773619603,0.07637638222878818,-2.496976272041368,3.2749118683514737,0.5057890860554178,underground
35.57075887699051,83.02315590824293,57.773015270409665,0.9993739929399583,9.42564711538937,1.5984661101261857,-61.19975109404035,7.981312316792533,0.692232888175619,-75.57992295704031,0.6621155326963434,0.06777647263558001,-3.800683018025281,2.8679500926631505,0.6303596840089112,underground
20.11122197913336,75.13748958165667,15.022973058989356,0.2063856117357509,3.870318736516576,-7.918609141140119,-84.55356588115507,5.690471468598339,3.384730561980872,-64.84169388211485,-0.2961226976660938,-0.2362856000222225,6.980973535685229,5.6566435746851935,0.46337890866069753,above
39.8483399047815,86.83544610088505,16.654525902343735,0.5163575111989527,7.252794305005285,-6.444261906912839,-84.0397550229633,3.267088262645858,1.8955628351843128,-82.56652459843485,0.47276824626356395,0.23030968000077867,-6.610683561600164,2.361038400617046,0.665965426919469,underground
37.05168500060364,65.00994371524297,44.207300469255834,0.7844423632469728,0.7504590954001078,-1.584568225926212,-69.25907839217719,0.09355937602619768,-3.3491321799431883,-74.66146586591836,0.888527004521028,0.17375230489047133,-7.877544547386147,6.654332097830821,0.421264369386498,underground
16.75645176267995,29.299366966814326,15.184266985846826,0.1841558290518786,24.758276714549332,-1.5815897871856333,-53.78728205036242,4.657650628361392,1.1423842413654093,-65.08244686086246,0.12312915011970357,0.011932847100610974,0.44867425893344715,1.61322361943889,0.5069165136080012,street_level
18.431237584831333,48.63956822963056,25.308158251874453,0.5264199641982159,5.276937515847294,-7.82348178983654,-59.149208695602645,1.585760980935678,-0.6610840139679182,-92.6538455085379,0.30062886405707856,0.052125992024345855,-1.1549728933717853,2.678017325776392,0.9138987823804888,underground
21.047014289863146,79.34674705131607,54.42883219713739,0.9056634830495452,9.898113942068886,-17.581081556330513,-80.32052689905065,4.022158138176551,-1.8825013895214742,-91.64509348352524,1.2246924230448895,0.1337948854490985,-3.2565238230329356,6.046240608946196,0.7757700522017497,underground
41.14934922830616,115.54338222173017,44.89854138202304,0.7100742093693573,9.964737709063723,-15.28032889123293,-81.1533406709631,1.6893057219460959,-7.052039627926217,-80.09458880909501,1.12713394723498,0.13795119665527006,-3.701821481455548,7.662252976407545,0.9468784708203937,underground
40.969582254905376,105.52560422347628,64.3238046249644,0.4706107707621077,9.106539507774036,-0.02337355865691748,-81.29318428716775,7.963843934761368,-4.609223423836601,-75.8835486230143,0.3691874721315066,0.24840882858672564,-2.380200307196789,4.816116671850111,0.6347554401947972,underground
34.43398078169697,67.40033221291165,34.07287447579593,0.614298770247387,2.3031672776308563,-14.763953080865544,-65.584776290592,0.6023849121285956,-3.8765518573710604,-75.99739691969265,0.9110212352677987,0.12339766455532386,-5.061057954062234,2.7773873090741112,0.45872509929521715,underground
42.87402470741383,69.61363828841971,57.48006416046875,0.5437686856744903,6.190824026878767,-8.438862546317191,-70.38486944059113,4.82174793687757,-1.0791109164862451,-82.62990274582094,0.27196458213871144,0.04419200460582111,-5.228115888366121,3.29790410041066,0.5927541521267984,underground
32.453422847454185,31.92120128781667,13.113751318083079,0.1815663235712823,14.467089650254177,-5.38615366544366,-87.6441234083373,7.066517513369336,3.7237342083722744,-86.44171971328609,-0.5633676331520229,-0.18061136433325287,6.464588717627855,4.58409964287091,0.484161766943394,above
23.152931437013574,31.940532592420865,17.490694456860968,0.13359175783214502,23.63964292796718,0.8509164235795845,-63.5569103230401,12.018030007239945,-0.19371746850851057,-79.65658025115452,0.6220480776064716,-0.01935230874335836,2.3144038346123743,3.8685864389056843,0.7916904792619779,street_level
31.873445780988114,29.735912802559564,20.049743665685526,0.2988456326075386,10.427671790313124,3.0289188732580605,-56.12876587086285,7.522416660496589,1.467080393276448,-59.58032614456873,0.06921373699256897,-0.02289122368970155,-1.2475552929253608,1.4474099821140913,0.7753265177880528,street_level
6.471878441716913,9.406229767169426,2.77737321591996,0.06754559892606905,18.455274056122335,-1.6791753066712474,-61.99082232226928,6.15170408527128,-1.6141545336504834,-74.8814176451297,0.0006774682088793726,-0.0047086999214529975,-0.02045684627642108,0.40033006275133753,0.8273615183009919,street_level
5.104130733758599,11.598896365960394,1.57980640066402,0.09691642858183758,18.31218156523053,0.1840609582364401,-63.5344146588803,8.74261282033289,-1.4273976394417351,-61.58761821832433,0.10175141240047927,0.027619749813970404,0.243943816152986,0.46670402554263285,0.7119402001420521,street_level
26.047403840368588,45.41703967912251,20.930005499818648,0.39789215316826654,6.04528733406366,-4.022747101111779,-66.08476959048737,9.367606298854552,-0.6341409791020434,-87.96941792052843,0.41008742417505406,0.08842305582194414,-2.3557381016264016,0.9962079627874587,0.992833744978183,underground
15.839875722197524,54.00258963367839,22.503980706953836,0.2633926703351483,23.783555274995805,2.0557783498623694,-65.19680561201406,3.2821869923755616,2.644770647361348,-63.07295949693896,-0.027618763419482287,-0.02059687901598316,-0.5306660020646352,1.0134909984109821,0.557555243813056,street_level
12.165925772297657,49.32179218184511,13.92227507833587,0.4581095901245261,12.295407907264222,3.7747225209171447,-62.75301905042854,8.947731469038235,-3.5726031514351675,-62.93894408573368,-1.0811289943590197,-0.1891483416545355,3.9627822472707637,7.879594817926893,0.8738029910598126,above
6.857529556755651,15.778313723605583,4.3311156674584845,0.14015620167887627,14.688213636880882,3.9822102424365333,-64.38713135567032,10.153587020921568,-1.2450536949266404,-70.09306921093656,-0.09100729428556487,-0.02095646333443437,-0.4360224545139796,0.6024676518089347,0.7653790454786948,street_level
31.2467456538214,54.74466487073842,8.409832986570358,0.16014703584680465,15.015951498517351,3.4054491347647247,-74.64893207078933,5.919966991394132,0.6411573567727684,-77.8490306317049,0.13650705322211326,-0.024238169081491227,-0.0664722846059802,1.5255829036369757,0.7441122768164028,street_level
7.829926543217875,11.931793313105775,4.195439474949971,0.12881366374929687,11.48398410107711,1.4999519757306237,-58.24908401433386,10.78617729878346,2.8676331616501614,-52.70595783060458,-0.14037391374460415,0.029047239303133673,0.1288300074857751,0.5765479257958767,0.9650083813119825,street_level
24.966464500578972,41.46274845131461,15.128061528476257,0.03316531090354558,12.447130434239307,-3.6735710994898954,-50.60765930477412,4.354431980774441,-1.7735894102126701,-66.27546156210627,0.27330477789933094,-0.07989851088567682,0.8573790536547783,3.6062700434184807,0.8920187774287551,street_level
24.413683374128837,22.651105464384898,24.69463459597123,0.33965982943007184,13.512208815261541,-2.7630923707198187,-59.74301042337856,11.337993608730867,0.9361416809666787,-57.52593982755617,0.1905753323253118,0.03290116367548797,0.9580742960679602,0.9129497320339972,0.9358488859681205,street_level
6.2739929023396614,11.58342281208539,1.07372802698391,0.028469990863327292,8.373675599047775,1.5855522945729073,-67.07362066064661,5.367057334981537,1.828869097449564,-52.5602369707299,0.042145970036720576,-0.010498683866242704,0.34171484102888794,0.771879406539527,0.5362738000840016,street_level
15.790446495521948,24.84417646631867,12.458574987000796,0.09264248877232671,15.528760978748934,-1.5348197050680312,-67.56466316774771,13.750638895374282,-1.4363733048819516,-60.44796868121533,0.46763043492942247,-0.03807151998537737,1.881442676955145,1.9896583792862619,0.5353740288055753,street_level
22.447753674828068,55.69632644506028,54.524557550926104,0.5620650032772704,5.559202863963173,-0.857935685061264,-61.09569832841477,3.954488640583026,-7.432597340319462,-79.26974594723129,1.337471964043518,0.16689000595087505,-6.897488393158004,3.8226396318415636,0.7975978399186021,underground
7.338479856344054,17.5978480277569,1.292512762014506,0.08476528176506265,22.46424669149419,3.3006683271595314,-60.87182917643638,4.386209032690296,2.07868351414759,-77.03956238521073,0.14062310172497874,0.019526647403251274,0.4699379784448231,0.601157752668004,0.9402411666287878,street_level
9.413510346093759,15.043139406863943,1.3436748326057093,0.10082592950626963,21.610827470621935,-2.777744723763334,-46.710403801900455,9.819634160995204,2.3268736687159057,-71.1322383539452,-0.07223536305211567,0.025146934455955623,0.4412105861441986,0.6823656326361718,0.8080910826375785,street_level
40.44471710921254,37.53299013715138,30.35829005604296,0.3118309014615796,11.049873856384012,0.1240652008001426,-78.27764426520243,9.619385571479354,1.4355191343375218,-91.56399674670111,0.5726923787703521,0.04285493890956096,-3.7226250023387544,0.8005858999087843,0.8269553430521084,underground
8.322832248302458,11.29511552359174,4.268635967627089,0.006079267235883129,12.59151497892935,2.722531971535833,-66.77665503030165,11.649988518120875,0.33206682087103534,-54.95289234478281,0.08296362684666578,-0.011549509734606393,0.015031975341987969,0.11688435224607235,0.6800088387878862,street_level
8.315208854189656,15.51739146089384,5.310385535060471,0.060529703419262254,9.534764709160342,0.009141891100011179,-48.397962752120094,5.68477121657917,-2.7869797726775545,-71.85415380521013,0.01504736663771572,0.002192598112001197,0.17092177683808807,0.5428102126898087,0.7027731784786185,street_level
6.994855113320642,10.45151083193918,4.75308511883917,0.013281193045327799,16.75580023619999,0.9694606737368536,-55.571939972585554,3.4368128345944853,1.704388889238884,-70.26305511487911,0.09628826509907848,-0.020688186294980693,0.35260834686942777,0.3254258056073571,0.5908657425469864,street_level
5.261281035613852,9.888387475694385,0.619868523784112,0.03155892076762341,22.231867646987567,2.27494586647006,-63.7090596598363,5.035978272483665,-2.461498378463471,-82.08052923607262,0.02291939767105694,0.011388919651337884,-0.1995416135328938,0.003989579505316066,0.654812425098789,street_level
39.8014207967004,44.42616955543359,23.874314903756368,0.40262651752935197,9.069333040544295,-4.700323634475103,-79.70404425040962,9.538631597885272,-2.25583386099433,-90.41601544843867,0.4179907290115875,0.02310896562144255,-0.8444512295106796,1.3865535259638198,0.7658747167577932,underground
64.0348289718255,82.31405017447298,78.49362882117478,0.447963699271153,0.3679746150387453,2.0224221574223087,-67.28896748619408,0.34673584615241904,-4.574643846065452,-67.43011525429483,1.301439115052647,0.11668342337251972,-7.29266823681283,5.361106126521151,0.5191031776956947,underground
21.64336460347809,36.04358659617134,9.491899170217831,0.11832206145488232,15.91186111752386,-2.190589018758076,-72.9419261124943,11.643995225813445,0.530180599257223,-82.0814779885079,0.4667014278816344,0.08196411491514674,4.818827745331774,1.3622514439472218,0.4596249437186897,street_level
40.85162208992723,76.84664265866985,78.30687021971107,0.6614566955787247,9.58757594231852,-4.983245031996136,-82.00797485400048,1.06565740535952,-7.748125859741524,-70.62206181233245,0.7771083915169401,0.16880026038857768,-2.0533109320222023,7.248131204909043,0.6375447142517043,underground
17.99822595429476,66.87923721487806,15.90977041501445,0.4384056691359104,15.670136993388844,-5.803885337099939,-86.63688242945271,6.415954166532595,-2.9368344238648385,-81.74151120451516,-0.28548707556666386,-0.24284185617050463,7.438780648980685,5.7455607506435,0.7643839351383219,above
22.02263281161649,30.869443249366746,21.475964040171966,0.17292414916383392,21.485355438137262,-0.2838773584077732,-64.11370283530272,4.608043992974894,2.1067751006277264,-80.40951135606704,-0.09550334082964176,0.03456496657310987,0.6528127522841025,1.8146145713145954,0.5286144198839495,street_level
8.478249138283473,8.663018203014836,3.2581863626125998,0.08202730609975654,21.375059848156383,-0.06261416215725024,-62.18427253175564,11.830231074221565,-1.3215574015213079,-69.64204103163817,-0.08025494202027776,-0.00913754948712131,-0.030684044709103908,0.3772317020553545,0.7345002658852722,street_level
27.448518488652923,50.94207962724309,13.135315260742319,0.23954520119696793,19.63114442008012,2.3736909152451666,-60.64208653288267,8.553263145815697,1.6024641479576394,-75.93775852680207,0.10589176801347927,-0.0027425260832570006,1.409935087609631,1.983561955742738,0.5431478217458447,street_level
15.181024785615346,29.247212868641597,36.0934942706436,0.24420168792065342,13.309854003728333,0.3220023013583564,-61.07439917993368,1.0103578502788588,-4.683263251231429,-92.40931624017884,0.34478171953699266,0.05889337838176405,-3.7666424372021132,2.829944820128474,0.9371224355519051,underground
27.865911767335582,46.32665228865918,9.816425861124326,0.15925627131496112,12.222121301474985,-4.997988118518904,-54.46162702615667,7.574537731251464,2.9568436823440702,-68.43510417887632,0.1946192409669897,-0.02999140115906108,0.7535012963235088,1.356454790656333,0.6335672124374843,street_level
39.92015268876123,29.671491046446057,25.77853096062598,0.5426600406596558,13.922421738987772,-10.860416921114432,-85.7605703238838,9.508860938488926,-3.332892036498288,-86.75105811109133,0.4228480139003551,0.0576170196261168,-3.889316649337094,3.755205204278485,0.6553861299261282,underground
16.0415083431682,52.842299061280194,21.96926696859061,0.18487812716022478,18.06513952879526,2.488926337542221,-56.375345158866125,3.580921601371667,3.0960821145553314,-79.25734361898525,0.04181412512390423,0.02862327546955351,-0.6275918584854846,0.14364784487087,0.7360182606701199,street_level
68.22196658708657,74.87570256958061,71.61049427125545,0.5451807896872319,8.390888807778241,-13.097098890657287,-80.86629436062333,6.4021988279998565,-1.7733831374635258,-80.5825451563698,0.9718247696452695,0.12192600535146997,-3.4315453705588173,4.31853420641184,0.589288115987308,underground
41.13380580094051,87.15070916258938,15.927265501365667,0.5759783021513467,1.5887311839585705,-12.119950172189665,-78.47115800649894,1.0045448980040659,-3.197342063337125,-82.35546891501001,1.3794721117032385,0.10851639445899686,-5.493992753929502,3.161497321317242,0.6051174035379657,underground
20.840889357490873,36.32635727269393,23.766546072312252,0.1815351413356086,9.690763571632512,0.750719933927039,-59.579376968690255,11.331141058638806,2.434762833603923,-64.62029641541679,-1.1814192732599054,-0.2455334589169238,3.483577520918044,4.284073816872363,0.853921560308575,above
6.305877745307918,14.508441773367924,2.280290844346607,0.08355503065272536,10.723237537225486,-1.0036356243293332,-56.747988622302586,4.211811838378777,-2.846630524210933,-58.87527282578894,0.02263835317777388,0.015121061421468428,0.36287922284265395,0.04472531567563438,0.9495573698724373,street_level
20.824352313723637,73.72680152638613,37.62094120127574,0.5230792251177108,11.494462929048511,-9.108502098667707,-80.83624817136067,2.547397533371385,-5.022647274724678,-82.60885864472718,0.2293369594716081,0.08950115378354845,-3.6295196770742972,3.721942679238402,0.9044282132893553,underground
8.193445901213654,10.792684761623772,1.5138496005114725,0.09131125959743076,13.43899135528157,1.189747301750125,-57.52048382055991,5.038713506064868,-0.11396311877458665,-58.30363883307053,-0.003690376669590073,-0.016948581229964402,-0.3058582888842759,0.6863259710438885,0.9831252561689406,street_level
24.072061956122873,42.12436693468854,9.762883484690635,0.05322152858579876,12.084407288058493,3.225119736709056,-69.298923101658,7.76106013704077,-1.0821496247518179,-77.81648989108571,-0.7992705580324055,0.053697256211729716,-0.015373014274363328,4.824480602248617,0.8504873632216564,street_level
5.590533857121803,11.47865737605598,0.5030366830710307,0.03822046042350333,23.998683709582764,3.219226465870152,-65.59711280081117,8.931983882068181,1.8454475928171332,-67.0050248053345,-0.11871614497572251,-0.007822939429138445,0.21492214004129662,0.7418615726374506,0.9530744275544976,street_level
23.967507282351967,73.75090101186979,17.031110822588374,0.6290637195309096,3.9578304722388324,-14.417548402507325,-67.85095360445733,4.9625271666517525,2.115544722473018,-90.87835098580116,0.4973694237953647,0.21111234158135972,-3.516804809879278,5.481119330075991,0.8468369727850628,underground
22.24734962903436,27.125924239397744,19.908426433173304,0.3157593253648022,11.176785947912952,-2.8189563271957887,-68.4286418265255,3.0020580457051236,2.7807007912471153,-70.07092129772776,0.08163697102595918,-0.0033947276038998123,-0.6503470405141876,0.12610178464592203,0.7870639656277436,street_level
38.93424863008664,109.58467862055524,31.977573119272733,0.7120026338626678,8.481674332475967,-16.019543180981167,-70.32337554457757,6.754408070522781,-9.59501884061408,-71.78644750649815,1.0933391077907109,0.09139633626537763,-1.8007172562555658,5.2384062833540215,0.6965889148876943,underground
61.487637107554676,71.75150104377552,52.27691167203207,0.6120447879667013,0.14225884279540857,2.391598526339653,-87.96719848858126,1.9582605538577562,-8.070499441530282,-72.76684502406708,1.0598442339501566,0.05501650131435508,-2.4936294259298464,1.7545968904480191,0.5818880257195524,underground
12.876822131468462,26.058391766514934,14.636783168544689,0.046660986210701874,17.74732733224352,0.7914394798720013,-60.61601386594343,7.514662703556238,0.6127388067111701,-72.92438637663186,-0.4804550610255911,-0.08436933766366633,4.075717443979604,5.2595086944836025,0.5820159112202181,street_level
79.06515192743487,68.0624631810152,44.02503560963242,0.4932126352718702,2.733663009706823,-8.994218385443595,-64.58150439024999,6.24659615698537,2.6575239871951695,-82.89587488827758,1.2817166417121637,0.20168182084830488,-2.5505751104607315,2.69838469574244,0.40101884974469704,underground
6.6315336083522425,14.671899919237868,4.137884202547022,0.06899393271463847,13.235070462248336,1.8439974971025803,-51.24413688153078,9.516319527090214,2.1515024357412127,-76.90732784235018,0.10254959659421906,-0.025724121779456103,0.023121852962801226,0.2745514169028567,0.6696511974213706,street_level
4.289694412172454,10.909759261616738,2.5669610135550514,0.07510681018798818,15.274667759774184,-0.7810121425656869,-73.343943142794,7.460257397441659,0.873710367285248,-83.74542926470501,0.13694180108194318,-0.02207623258352475,0.2540922889157686,0.6289672753194708,0.8158044428538013,street_level
8.911016079158497,9.362135353147607,3.9651672560766507,0.03584557892881059,19.356359366056733,0.8440025027696825,-59.71460900620336,7.595887055642256,-2.477637453305322,-67.97601019121885,0.10702082500056789,0.006650982532882745,-0.18886617382464388,0.24828144545985797,0.7888831696320957,street_level
4.903140158820138,10.933443926605168,1.0314536765179307,0.006790935732958186,18.85224358987728,1.2653800102462434,-65.6619610281923,10.36851910569261,-2.459182299388519,-55.713675711212844,0.052066047343490185,-0.018756691587651052,0.4767618997109083,0.18432134917949217,0.7680724370283065,street_level
4.835642664614262,8.93586517595318,3.8552307289559056,0.05826005563405662,24.723475768538464,-2.9815056181823323,-59.38755986968308,5.242035815305392,-2.4741885788842586,-69.9142271511384,-0.0453385148155207,0.01475737907940889,-0.46163543478241553,0.13234515938010843,0.8809300580486867,street_level
21.835991308299814,37.79195562052517,19.524219444322146,0.34315838197146226,12.376331788912815,4.819346161007195,-59.95289459410985,3.522613166992039,-0.9974156083836299,-79.45793661767667,-0.0833434212966393,0.0067576449152530055,0.11938018713707721,1.3605751212272776,0.583893937691838,street_level
8.182109425604128,9.659769619751067,3.0825147422979464,0.11113158159951762,10.992843641165472,-1.4085240070195129,-62.226612797511365,8.570712920764855,2.540268829238407,-67.37964130025237,0.13828891876153218,-0.021939038300084278,0.46099018057233565,0.30186484952082826,0.9442377623988527,street_level
71.58512711492132,89.46810226620289,63.82287493934946,0.38458998141610445,8.268167544519812,-13.726434667700936,-71.70509445273784,7.824165882701708,-10.620299157057254,-66.02819570992958,0.3840565530327852,0.0867268126494482,-4.552501215154119,4.10852510697351,0.8008642469960761,underground
27.959436097175224,35.90549237916862,28.434111825799533,0.29384860201872165,12.691478886658388,-7.461503851398399,-59.03709201255157,5.531975491750885,-0.8680545321037174,-68.33791840967116,-1.052528135803312,-0.1949929235326232,3.8225008488253316,4.867395275323978,0.9860957482558056,above
11.296003402896783,13.197121300926709,4.641526431599187,0.020156418838292584,20.757477382229006,-3.65072398020296,-60.55253044141317,8.0219916522453,-0.2608974238995714,-69.08826650840132,0.006421359403890853,-0.029962487204163876,-0.36506070263118606,0.15882325377240392,0.8498278066298494,street_level
9.754914287713794,11.345647966069185,2.2129601698475767,0.06071765373568987,9.368435551428282,-3.2566812064244184,-68.8757829977074,11.167003395720467,2.473768464144455,-75.36733644321144,-0.04306115892225451,0.024031215362143553,0.1970687396310704,0.003109592466467248,0.6731065098153765,street_level
14.874811329879801,16.283635486543922,8.982031723322079,0.07848193083925724,25.81885932080646,3.346511098359483,-74.9869428513421,3.0293911626912067,2.2739249486057425,-72.14967653069404,-0.3938358712368706,0.03901735642824544,-5.435860936114059,3.5585558520951928,0.46002952943607456,street_level
24.877459650320404,21.686233318606263,13.14941900110501,0.07872585312070796,10.220121632711637,0.6519961870676729,-66.84189952544938,6.9348899988579795,2.952750268324503,-75.95901563584525,0.4528498214142138,0.04682513659762905,0.03974707371037933,3.8562422863038437,0.5607323447500943,street_level
10.16590416680983,9.365936492512137,1.227400947351548,0.035274394672499085,8.968684671111056,3.6220020199757466,-51.65528362183895,4.474547084834297,-1.7912756786319064,-68.26877802143748,-0.0009735434462816439,0.027963463624213536,0.284877794706177,0.6208585522229444,0.628597514798785,street_level
8.414024070054909,11.665975472264327,5.093133323805043,0.12877593523687375,18.86837082430457,3.672153840723098,-71.51720445613597,2.2594268473362904,-0.40181399092237324,-56.206062710403614,-0.017288450787527415,-0.019735573830873918,0.1717136422960227,0.08705111389950321,0.7261857045721396,street_level
44.91597518067623,59.21450364798767,17.95994424793215,0.38996481351212053,5.969620007025147,0.644430201993627,-79.92629608838658,7.554801246482626,-6.720525440070423,-83.61689196711154,0.37860167952968027,0.061297831864833924,-0.8445748631690715,3.281957675894117,0.8114734896694873,underground
29.814273596819504,38.4731671456379,18.246247954520037,0.2249283662924162,19.679981034763784,1.826811786599018,-75.62301739977812,6.732543464061019,-2.4606281756025723,-82.45341702756932,0.04762562022397765,-0.010947456176492669,0.003920805882755118,0.860469240228795,0.5607757858776328,street_level
16.660223502544873,59.93117441246977,34.501773576603384,0.3024602591686036,9.1758831601408,-7.698586244408032,-65.99600461901049,6.888854808489539,1.9390043498514675,-87.82453277320477,0.2516501933848643,0.09734890846949842,-2.8216499931444754,1.1809883748796357,0.5168586981502185,underground
23.797215041434754,27.686066958241707,16.32983949289281,0.025709914566996277,20.73444383269989,0.735869457787893,-55.184621086462215,6.848756263484505,0.5838862318648523,-75.85623841581955,0.4437802145124943,-0.026342881685240044,-3.9532258612785682,2.5875421383496673,0.45521936560761084,street_level
11.428729308669332,8.121381984002157,4.069329183872052,0.009330479413151849,24.41725443703463,3.666086930299832,-52.973219482161994,7.607451670842481,2.6231611469957388,-62.05190619746533,-0.04592974481946817,-0.01792836015586053,-0.12356818042729978,0.38586662963141993,0.7627901745955761,street_level
8.194045038545699,9.232226789085125,3.8204405909344326,0.09612087275678015,20.38623825040993,2.58052430182315,-46.23594245750563,4.046649894394141,0.06843738229919794,-54.03337951344448,-0.11764959484794696,0.011650445687117775,-0.05136644014819303,0.13727455207100378,0.658838919986733,street_level
29.446109716900786,54.60725223148233,21.488022678638856,0.24841040456026012,23.183448989884795,0.274202375743128,-55.928238905309755,6.010933508700117,-3.379853221818487,-63.42267935822421,0.15272180877802408,-0.009168829965453908,-0.4821829205010897,1.137773814254986,0.6641535053247156,street_level
60.25368336369917,75.2483216198365,54.40318726722247,0.5816566954724193,2.3676569549682256,-5.809709647592998,-80.61593680120319,4.834756818543794,-5.483786523664277,-79.651032532079,0.9095305798460314,0.16455064916002007,-6.259093425727759,4.136969385392284,0.9110299463723476,underground
24.87224900312795,32.28013597495081,7.15687443462762,0.19550730950076192,24.68443555180516,0.7955534648483003,-72.18634606130607,9.167764123423385,-0.8491304262153552,-57.49083152172146,-0.7621280415502398,-0.059312290642506205,-4.890117250376365,1.0196606632552205,0.49130184839714447,street_level
56.34632504100622,62.97079050504871,63.117322135620476,0.5599978681505757,6.403460380736446,-2.4114487877127218,-89.17726974597338,6.768726286926637,1.9465938286737234,-78.13656652400633,0.2745260160278705,0.10777842153861728,-7.822732795802919,2.6048653941306323,0.6553260554402166,underground
11.881263544594027,13.831258006101384,0.8272857736550161,0.12678751768308574,21.746088736544284,2.0707151424468995,-58.8164573422161,4.747674606417082,-0.6545374169478002,-70.34946247813774,-0.02020001706192362,-0.007483966907470271,0.1007149147863372,0.24342155495509943,0.895047419583444,street_level
37.21758213919867,56.621774117174795,25.44658851404266,0.36773033686983647,5.023713783298298,0.02972004558025354,-59.035275708700254,11.621165874609824,2.9894483737021034,-82.15377528831321,-1.4040025643361453,-0.2283567511544905,4.605328789933221,2.713315883267036,0.9726526206627617,above
21.812474533625892,29.247750222030113,7.4480855674800255,0.03814477084273003,12.114955148175,3.1741094206583718,-50.77241065077116,5.916931055087354,1.484542982695718,-69.77509944626925,0.39640743423003344,-0.0816174872439587,0.35592689724050963,2.874321751409644,0.5231500890887646,street_level
53.82431124121027,50.00061868250428,49.671335014117275,0.9638687796952402,9.903280892997175,2.700542802152057,-62.72258366667368,3.9024494177458973,-8.501164328040135,-90.79009779564247,0.5850275607329569,0.161081893997142,-7.658150278543127,5.322768586059654,0.41625861667446246,underground
5.557678625056587,17.42203095136305,4.1805366286407875,0.037104554034236376,9.667636601942744,-1.345628321442275,-50.74812419581424,9.505619928699822,0.9997806156443829,-66.3888757472767,0.13850688712866419,0.01807353211215435,0.23495316057900295,0.1107446901520075,0.9824069754892093,street_level
24.611355462574885,24.609755295460957,12.813211138042307,0.15322578329416053,11.176654838456265,-3.1816575283192936,-76.12340958367822,7.054279256579682,-1.3107692133960427,-73.84060052639639,0.1574239065447933,0.02638697607516121,-0.34694980436374356,1.7731202636914118,0.8915989176894381,street_level
11.962765509938912,11.64056992039862,1.3463968722083346,0.046712504490902584,20.829780996591204,-1.8666879293155594,-74.36839255384058,8.76658117104008,1.7367619534191574,-74.1058826058408,-0.07416914790596903,0.02108788698902133,0.33094073925014245,0.11522885632100738,0.6840113758264272,street_level
24.422429558159777,45.29819533922336,9.67968722445867,0.4104059775953004,13.945255633505496,-5.28302851292043,-79.88919313769945,11.585894327083697,4.406510142960158,-63.63924351752533,-0.7257198621517185,-0.19644442262975298,3.5099832806501032,2.956515631051233,0.6995569487034443,above
78.17669805547034,103.30496725571574,34.48458228131194,0.9483397335154584,2.0067427231207837,-0.045264632942060956,-83.2271268916644,6.253548485631815,-10.371519657721533,-77.3554904422032,1.4352179021611968,0.14508586551500824,-6.441181498352012,6.8807791809726515,0.974621396869338,underground
22.833071475268653,30.54616652953037,7.334166725194573,0.07506114625156662,26.7064424291901,-1.0888689087677061,-58.667034267777495,4.674433097487683,1.8000730032836234,-57.42290781948745,-0.28459775723493175,0.06963780553736562,-4.955190388704413,4.7647353001225055,0.4969312236797882,street_level
35.65830759112711,35.3417144264321,34.19286949439823,0.3491384925477251,9.153576831870097,-5.758118649927784,-75.51625861517392,8.379195886702988,2.036780759855983,-86.19225058549841,-0.8939295752045936,-0.18973977608251028,6.24169555492299,5.974292722158016,0.6922531421466857,above
43.19195393960797,67.45451350418584,28.369480327199096,0.1387293117974866,10.909689351729302,-0.14499241111490502,-85.75155511030073,9.949779715115604,-4.184382336333605,-69.79191956102476,-0.7952449169953416,-0.16620597901593698,2.8031228514195927,4.469634948010409,0.8341107132067256,above
31.3664005540673,64.2644476482381,19.72682142890075,0.33193141790187863,9.448113027340316,-10.826125136459877,-72.23298554115016,9.664513194386622,0.11277727017656147,-90.35195559473526,0.43381593384569583,0.09550461328698719,-2.4364526734443785,3.333191740273315,0.7090527748433431,underground
8.223811128937273,32.345252551977026,5.503158076071609,0.060128798561548055,24.60387122233555,-3.2966553773382454,-58.47407779246788,8.729711280687091,2.32064831820652,-55.14250398842337,0.19143987062003875,0.05765769516563843,2.12917350449292,1.4102880709686456,0.41001774726199464,street_level
23.600789674636026,43.462887084315724,13.151034861059669,0.1237836672310763,21.975882182849503,1.2150706749917521,-65.4459590237473,7.584944869207306,-2.701002029067184,-79.30023122186947,0.5844062680603999,-0.05062728238032879,0.5913830192859599,4.250376780680299,0.5582044548839382,street_level
16.616324845014756,31.372038093900095,9.398980749305865,0.19852465948433035,16.98198734346606,-1.5100183180658835,-77.49194727382287,8.390491601442417,-1.153554331071219,-63.935600963686724,0.15250836469243997,0.02299795769184681,0.9191723677422341,1.5481736437422262,0.8100611356429246,street_level
11.764176399606473,9.328267680014072,4.440614281188923,0.11248934022185188,8.334050078790945,-3.2479559960975264,-71.36115026397833,6.347934927177816,-0.9022611988637808,-59.603125809283014,-0.11315632361036485,0.007706350749381127,-0.2088497133110473,0.3156061286073752,0.6713284546641485,street_level
23.684298590761607,54.79907112667651,27.127702806694096,0.4465115971709318,4.785498778369475,-5.300133728039567,-64.07049380807095,9.566863985230105,1.0505432299369772,-87.94816880621708,0.500677390794177,0.095927733653174,-1.8478215413296977,3.864308001742452,0.4998625468831437,underground
5.658313941201425,11.753717823425715,2.92778647126657,0.09206510132537063,22.024524512623536,3.2309493621966032,-70.45087736091261,10.825491574507039,1.475623836177915,-55.10739437812006,0.0015410632054069506,-0.011300283628009448,-0.359925090157834,0.6501226396419645,0.5647118297079625,street_level
45.742262511446455,47.02882930282834,60.9583186507432,0.35111106325819497,3.0673879788473535,-0.5805048272360054,-61.88033553256706,2.918522391129396,-8.220029659201298,-90.4626961919301,1.0052935159064054,0.1771576311487592,-6.958011371250535,6.543012009169902,0.9444319562178262,underground
4.722168666944373,13.826868154022604,5.564964878679928,0.03284674722316729,21.855099963508,-0.7879745411787527,-48.34768543073288,11.806346574706849,0.777564939357644,-58.7949975829693,0.08301854288996943,-0.025798175422385366,-0.12007848147274047,0.7194521159912102,0.5138746022559443,street_level
39.76473708649763,66.18154401441093,12.257442628456356,0.4899596398143827,6.596812189962556,-1.26325841616476,-82.90252542639281,6.282519387130655,0.5864155895259824,-61.912580352802706,0.3141560917209939,0.10575543492906674,-3.8441093854226938,3.3858652983576096,0.9619314202852359,underground
13.119949399123083,31.472840605378003,10.269253211225951,0.19370847601556687,20.251254949478614,2.925789013338335,-54.96260879514804,6.855142591470674,-1.8074056008908765,-62.98933506990354,0.2519041429093478,-0.0328007506952384,-3.6519531660802618,5.23628908279143,0.4870002035349066,street_level
10.621351247174925,10.771996016789938,5.478968630896993,0.08922977556574581,10.339824725317918,-1.9674548634545577,-73.82402813915479,2.8350195399923486,-1.8487272700263033,-63.20997284766227,0.03576889401736333,-0.022480387560503166,-0.3738407255815095,0.7587881215418921,0.6777665712050941,street_level
29.05893367232482,44.283949928432975,27.93261067556287,0.31274103401928915,9.11371030542433,-8.98967571404334,-66.05987958632832,8.711966553507594,-1.6504811364199785,-88.53024456611362,0.3060270470783062,0.03830047525073492,-1.0640342858465868,3.4897630018898225,0.6514624351225289,underground
40.26409249399802,45.339942681158135,17.742726215149837,0.4565705928878415,16.3189547355135,-5.33454028619642,-60.51425609920662,5.762950531460504,0.8602468980007032,-76.0173189892155,-1.2235700381184316,-0.055936715901943046,6.879781172157044,7.742147655105562,0.9453954396060256,above
9.965691422420008,8.292644556410355,4.877507186520622,0.11696604215682081,22.470736062126313,-2.684986587278252,-54.69225530507409,10.347421767294481,1.8302745804401024,-67.83242224781893,-0.09078851029173028,-0.008239489069641757,0.2193511284663492,0.20487049655234416,0.7622689431838314,street_level
11.531993686459703,10.592255677527337,0.20228901261106635,0.040870848175617036,8.283977825954734,0.08843383266851568,-74.07267745196025,2.3055694897378536,-1.126122851500647,-61.3260730460709,0.1278335276850648,-0.010391407955063478,-0.4534272282639724,0.164780198946906,0.8623211719119731,street_level
15.239197779264133,45.38101685281357,28.97385355730012,0.459057511435558,13.869886569652135,-2.1543879740471965,-68.45124351751949,5.691039403890451,0.6128692692634949,-72.10994621163913,0.5874282340988423,0.09625055351842544,-1.0290346465998446,3.181160674843034,0.574862901191045,underground
44.596193074659304,74.9742328934604,24.696314827828008,0.15448104478453742,14.856139497046488,-5.85721482187486,-66.87394868520843,6.8646988875677515,0.8960786117191031,-71.72770164548838,-0.5780054935431422,-0.09334372081708808,6.998435027274423,6.115551186521941,0.8520345088039218,above
16.0901509215624,56.667707170181004,18.264475939967102,0.22569403722729625,11.507628571624629,0.05409957318041858,-63.86831683761352,6.28123890479894,-2.24142636764394,-56.29984312854138,0.03619555969937083,0.0016210192093116943,-0.6887381617126317,0.9204744827396163,0.6185592813588525,street_level
13.336701852293988,23.30336227360108,4.095763251656149,0.09690966706837133,22.172045639309573,2.781383926757762,-73.87359934356424,5.822320038012606,-2.490030516589148,-60.41275668123956,-0.34437201608785506,-0.04992590330614184,1.9559187630687944,3.3646804287194434,0.5979740052375864,street_level
39.75756446545941,77.53495291950577,75.52216637476596,0.7129409839522407,4.332326825724318,-5.958209297706928,-77.09371601466715,7.247221027882441,-0.07138790715717569,-78.63143795755019,0.5410484348263727,0.2374948929693367,-4.683499531922896,2.2686347222387226,0.7206852596674136,underground
44.02912140180038,60.029768120283094,24.53589825850648,0.10613788012486794,17.80143301860226,1.1882265240388747,-63.2433756764847,8.929093175370472,-4.025554994200106,-64.09681649791676,-0.7751969663926115,-0.04701938257622182,7.2738710209158866,7.14840734604098,0.9790930023285338,above
10.582620779417487,10.395274881871414,2.174188546170662,0.09145203029100601,21.83804928953561,-3.1284666852500056,-72.52779925009027,8.73126350508792,-0.8949164718444873,-73.51768014542701,0.11309348622698354,-0.017396148634015438,-0.44003416019592945,0.000170969553762923,0.8547085658778678,street_level
44.07520288933563,65.84966212744098,30.470313645753883,0.39470504672413653,9.6399710854249,3.3715252966663556,-83.42237951333487,6.454046297247704,-2.9383195159060076,-67.91248566028293,-1.281551347656443,-0.09761010330673875,7.783668404714506,3.939804859628181,0.4424210641242161,above
51.20262267294691,50.88082128169815,66.69820989236058,0.6197112742282886,8.371309384955754,1.672798938661483,-76.99923215273594,3.001572433868832,-6.783332582780769,-68.71615789787198,0.27676715312206146,0.1366299439628817,-5.2846957497503615,7.333746097153419,0.8574055218608057,underground
65.85109088020158,52.02272771093178,36.3050394386818,0.76540429485267,8.561304511145435,-6.23760660983824,-68.89466039816703,2.9999602433299346,-8.449852704256083,-89.41400237053936,0.2599482458861014,0.20245106882841155,-2.9498511669915928,2.259408463441928,0.8206692340372312,underground
11.642870370035384,16.654830407767435,2.4195455101420156,0.0647399702364508,23.28313629818641,-2.057891261626903,-58.05629153941135,8.292156048092,-0.7166500775760016,-56.0803125318817,-0.008214994897785682,-0.009816273617987033,-0.07278236697050988,0.41313907306805214,0.694109049854404,street_level
50.22232235555071,81.38131646155585,66.51827749555417,0.48473201376242414,4.351490117787292,-9.264519819305544,-80.01639442501954,4.293219019027225,2.78264069893995,-78.80219220387309,1.126353217221948,0.0851128007233572,-5.942022677391312,2.496956148960331,0.8906828337029435,underground
20.65891173901509,40.47929640101033,14.185519890154206,0.11079599492865708,11.59990698506644,2.786081132630155,-63.92087214943491,6.908356237258649,-2.1433546228656497,-70.90865612741065,0.6850902348149537,0.09334073327912965,3.1169211830525896,4.219413881330631,0.6116608811489908,street_level
29.95109708374412,75.33067937687827,19.70353199138155,0.20631171904299386,9.218829548657538,-2.4878948259459257,-75.07962897329466,7.572841952498306,-1.21666677926122,-66.22106244735491,-0.46669256681860416,-0.2484032434989788,7.405720805056412,7.603300519793841,0.5459233703625521,above
56.65839910687604,82.08693974753817,32.38596285370747,0.9077157270739156,2.1607228536186964,-14.881774996293995,-66.25776127715329,7.418471520609472,-2.2176218372740273,-85.16973723586887,1.144714066173979,0.23670289709283424,-3.6618827311371156,2.436835329005913,0.6727610259729657,underground
14.83775517029985,32.46209489561875,12.98526093713106,0.13528068646602415,13.137009695815854,0.7181312561911817,-71.43625598830847,5.902115295298413,-2.3796180246433227,-59.93870850381289,0.016707437084426346,0.06409204345339789,2.423536917167363,2.078289545461233,0.5354377826135013,street_level
34.098040474229016,66.63511479971612,19.102391859349957,0.47776988725154923,12.6881443446228,-5.406850726428618,-76.2360163092008,10.47160567802688,1.3706007592214515,-61.824760635664134,-0.6101528177851278,-0.21356028548338277,2.51804591258238,1.8684931260864617,0.43616250112289845,above
48.16269203075052,68.72947704097832,20.524835765239562,0.9959999948064601,3.0930411530881017,-2.849821081102778,-78.54400467728509,6.912197839656858,-9.868359536837415,-65.9361639879389,0.89912234152132,0.22846564451203394,-5.347429730664026,7.966032611647992,0.48563655603759126,underground
26.22889505405479,47.27208806318766,13.258086984300594,0.5388672747596335,9.729532965545191,1.826552582285391,-77.6705397544259,1.4359883808566503,-1.988385444108089,-78.5601347978513,0.20428287995640615,0.0520380278307494,-3.672851231039663,3.384330081571888,0.5536650779251793,underground
29.40569974537626,70.09996725907341,24.52499947448929,0.5635938403216205,14.944493610720913,-3.4414787998018195,-77.9677638659045,1.0167817125943435,-3.314040763876344,-91.67021388165477,0.6665294019547277,0.022983948011379523,-3.232986095727505,3.2584692755300795,0.9864324241196613,underground
16.937224348968734,21.055585338451,16.582459030417454,0.19412506261636336,19.866949512154036,-4.43209898424815,-75.52239232847523,8.315266543023274,-2.966253164357827,-71.88688557475258,-0.052126733717335436,0.028320088537313083,-1.178146038387983,0.5952879448426796,0.7162242768103662,street_level
12.033982601093964,79.50587281842576,21.712921570022143,0.3871326255233566,4.51202188995952,3.3607990861848798,-86.14744287421928,9.08418945931452,-4.824886682704868,-63.8765877399939,-0.2947515088087427,-0.19269116415730603,2.3758967273618214,5.642278212574982,0.9376789271819931,above
24.134739327512406,43.3429493081088,51.1611183192273,0.6122150920244498,5.86203615821206,1.8354691410072022,-86.90777102194998,7.797188176969168,0.9905281884580717,-86.14619505066804,0.38708112542861317,0.2238334988742597,-7.787421212000911,2.1359786796275304,0.4862411601093926,underground
79.82469133841062,103.54628909719494,49.15538553602302,0.9004316760700326,8.665826030438508,-13.207283560165429,-76.36250529689234,4.895431907599802,-6.576345666951786,-89.84274581861942,0.7017360449781342,0.2166566277590605,-4.117467351266592,6.074995686850633,0.4444216647945168,underground
4.557457609583545,17.497730276891787,2.4988217760156153,0.016121835276821404,10.33388410370533,-0.20077945579459744,-73.25185129060662,11.075688575576258,2.324440271554594,-72.67022915121237,-0.009677697422137616,-0.028660236395422232,-0.22088574718191778,0.12915969812471637,0.9003964500181838,street_level
23.510621324161647,35.46322856678357,10.595945184400687,0.16034425616403036,11.327053996980577,-1.1208697810419173,-66.04278257874532,9.725181556594945,2.275461668458929,-84.5631522889669,-0.014731822072916012,0.061505620128395194,2.52251858016578,5.045990454455909,0.6820636358840397,street_level
69.7619575004283,67.20757837598836,77.52871416939612,0.9077361449185757,7.4506776878461,-8.669747975151763,-72.9768623951408,0.5608672533909536,-10.509556121682117,-67.51784663827765,0.7810992976416311,0.15258008506330695,-7.233765603796065,3.1755479443508983,0.7009739582357046,underground
24.66823795724423,24.589036654558107,8.217416634854695,0.13945543235076938,14.217868502244311,1.2027736426778066,-61.55797887413159,12.783072526960241,-2.527508414051434,-57.388545160469874,-0.04506400047222703,0.07382155582431221,0.9224603724489473,2.4182090889336707,0.6396622262476456,street_level
6.390797855203105,13.556222119048368,0.9781125716425239,0.05367011138416208,10.930736055554455,3.6475454721128147,-66.76122518677397,11.926304779797995,-0.6904784535768282,-79.73786166101198,0.11214437946981007,0.004054545329780404,0.34264350405425303,0.08235151457834561,0.8149503793769962,street_level
19.64484024907911,26.69550799670519,9.28453191435767,0.17775906367660066,21.96110685905359,-3.2907558381324318,-52.006360241443076,9.981936851006214,-1.9569423578004495,-84.85816946431187,0.19628182539989325,0.04451479522114152,-4.180875368476855,5.3684486445268735,0.7906643088687844,street_level
87.74101608950939,73.4228015943966,59.346511371273266,0.3912697060436679,4.855880976755362,1.6675775891418354,-79.56317484736499,4.391788293936158,-0.04383543557744396,-69.70557495515914,1.3444676804558704,0.04436488848109457,-6.628085723649962,3.8618736324343526,0.9474081664883177,underground
11.55335529358964,12.434814822558288,5.400261800730338,0.10530667361153787,21.93907978915287,2.2467623444689737,-46.629470935716725,4.971062205628858,0.3204236189934444,-56.07350015985955,0.14795028434879923,-0.02408732250391264,-0.12477452850973925,0.4291565061472731,0.9427412275287039,street_level
9.926876718034475,13.036655523004665,3.6786085390342116,0.0408004884778552,8.398531747292608,2.3694122110267593,-47.058423940738116,4.119946513202105,1.2183366670675007,-69.1757207485065,0.022282800722100593,0.010284722226799395,-0.3346625626244577,0.6101255435104999,0.6450662220035726,street_level
30.141076964721368,61.92130762580162,37.1890293861468,0.4233944514292187,1.8374925240274187,-10.285999656336779,-61.84142500790659,4.212870085751875,1.7007036851075306,-83.82947413778959,1.3428608330135576,0.1331860666905098,-6.4097339817545365,5.179410158474997,0.4452916058549696,underground
16.571645351189538,32.311384224016564,22.469548462298178,0.1265189585679097,21.986748082720858,2.203838181234401,-58.31432292316204,3.5428310849446873,1.5690752414649882,-72.11273766866722,0.18605674471904496,0.03839647347316846,-1.3594000301753464,0.875184401691278,0.5284398793783565,street_level
44.166667365283814,56.04059764358793,30.407841661207097,0.12653079155824687,5.748093305534789,-7.220300707041584,-61.98534584184958,11.319198154073772,4.112679434110062,-70.83339826139094,-0.994690528805859,-0.06064001979329098,4.271756444244566,4.239863806585916,0.8609709597808586,above
41.38493799210101,62.81838580126211,34.104644816601954,0.718010854969954,5.974142809556307,-3.225915676586574,-77.17354645407943,7.5498683607378885,2.6459029245888157,-90.92877064688686,1.066216643061239,0.12548764423947648,-4.81179799871898,3.998833839573356,0.9447636182006901,underground
26.006560216421043,78.57912664983013,32.65352527170569,0.1450545216388689,3.837270410597691,5.148575934498812,-66.74675474902114,10.703889016821673,-4.4423608935365895,-60.46423177197508,-0.4763422084268705,-0.05967237430366795,2.3259501016696427,3.6129632275619805,0.5811063444708632,above
23.33145035956717,60.32560635947894,11.50591200953436,0.3372007520246136,8.731594579924614,-9.974976152325976,-71.48385169958365,9.332200777904086,-3.126334195160859,-68.62909175644751,0.349081347147313,0.05251421298702506,-2.4841768633210846,0.9964402653908953,0.6048869218826254,underground
21.029299110025857,55.694014255125154,37.70521489883353,0.38596855061227253,14.479931093385682,-5.6847172041538165,-76.18945058768026,8.425025329263622,-2.889382022579153,-78.8483970654351,0.22964698931670918,0.029299459684909948,-2.114631555535373,3.15482333246176,0.8283643405802269,underground
63.829964110307216,46.36932830263866,37.586176276398575,0.5843411756657585,2.542401427225692,-2.9578289677764147,-70.389521372304,4.061691097091765,-0.2180587049288718,-74.33978223794978,1.0186604527391467,0.24156509333855766,-7.365787910895452,1.5075544702661792,0.8491535928700447,underground
10.70733238664388,17.053593942476414,4.642936850636218,0.024938557320958087,9.523600835575508,-1.989434260519901,-58.2481370331455,2.5033478186445195,0.10232843599863362,-65.98907941657163,-0.043145710326467385,-0.0008421710720434641,-0.15138180201516038,0.2876398079929704,0.97702645384656,street_level
16.574849368902505,31.300720427266853,12.835526972708243,0.2193301773493625,13.912737287111677,1.2187813825219918,-66.18212615912859,10.856872716738934,3.3865597966190837,-55.75465983894211,-0.01055278799070658,-0.012290951556524488,-0.4524319982196874,1.7612998474202852,0.5685462082583241,street_level
21.547078486023825,33.76637512151521,5.67361947478528,0.046828950269759535,12.866407664138311,-1.8151600659459115,-57.83796491345907,9.698055726881737,-2.826830509707533,-80.45280382491296,-0.19099848842404177,-0.009192604427556345,-1.0493497127565083,3.4838341293303774,0.7332305294805093,street_level
7.748718425340965,9.497331847607132,1.183899327536939,0.010201034589988122,19.312840928501714,-1.4470843536638238,-64.16610919481288,2.0980371701887095,0.05585360371615167,-51.044560140399724,-0.06983997376034765,-0.019041503050792927,0.08450516163766297,0.18911789370832857,0.5346350731899573,street_level
21.931629907773242,31.987621755581664,9.819401317855224,0.14136263606799382,11.905367358328288,-1.0496875728799315,-50.71037997765169,13.208694263417994,0.8695185658793472,-79.21583263485518,0.22790935437228632,-0.07782928444808063,-5.260092891983005,5.907946473601637,0.582525911008824,street_level
16.298873381837563,45.10828991309581,14.786759059076457,0.20737529100445773,15.53403825616476,2.591702115499026,-67.3117853609121,9.165149848470161,-1.4685636089329126,-74.25503041209689,0.19560881353206458,0.007318541591379797,-0.29699790653739,0.3019771117429857,0.960314629295582,street_level
24.528031909468297,16.4735021019249,12.567741389503235,0.17146523289166085,26.791198006156105,1.0013309631565734,-72.68160066724442,13.608813667163355,-2.022545792863248,-64.56110584280725,0.7319342923340606,-0.009390546098438063,2.887408281911405,2.0129846633760926,0.8351620720131829,street_level
19.77290662649445,36.98377628167856,8.584417777393007,0.05635455243642609,13.83017915987139,0.3864795417253264,-77.5538890500921,11.15866679782493,-0.6693872192779686,-78.69005217649726,-0.3492206836407178,-0.05197521457243364,-3.1714638037781686,4.268102321552381,0.6950404484232942,street_level
30.488739843013818,73.18590731653916,31.329714187681315,0.2566122980358956,10.584230052386703,-0.3719468502740524,-83.50998700516057,6.091032451848174,-4.64851378547954,-72.45504391396432,-0.46957228718242083,-0.08230486390220096,2.906363312109865,3.0773214994407234,0.6052545900371348,above
34.99593733067279,60.15698909307963,34.759635770688945,0.4302805167531607,5.025139347623421,-3.021199841815534,-83.68809173540123,3.808308498866315,1.211386151402987,-76.29873997916614,0.5324527020978658,0.03491802486365389,-1.0930974082909954,3.9641979868629535,0.9434007243360847,underground
26.21519097748014,39.4563198138502,19.676601798883862,0.29924643163605064,22.004102936555874,3.8306578986826807,-51.87023024917219,10.555947412161633,1.062973674286602,-76.2412193790388,0.005541873323141794,0.025538869729147824,-0.9099952766976115,1.484471297209827,0.7321349132490436,street_level
62.33111984323823,68.21246752448843,44.36453491728119,0.8712352307207016,0.050613447183754934,-18.219136572451657,-89.8152504952805,2.1071701129992944,-1.5322663642256042,-75.14903760155848,1.10616584326955,0.11872037870056285,-1.649276786591754,7.434415327256384,0.8056573088015908,underground
71.12124287997847,88.4251396704568,62.54388123327923,0.6282815079394549,5.219666989539719,-3.2300468613977777,-60.542134539663834,1.2359137413986536,-6.992664087957971,-68.4542453336878,1.4894819173061375,0.08024418441178287,-3.61290242446814,5.988162758727087,0.6911140245836651,underground
17.18933441107207,34.9560944402421,17.133051162614862,0.048970261688240424,11.52200735714676,-1.9423725123909428,-58.222191984365715,8.415258815513013,2.9398771060527995,-55.05679002419383,0.33529930947540376,0.03940749881595118,-5.29503405588639,5.775034651803037,0.6186596161716236,street_level
32.13193333235205,57.458591251596246,22.076644475481615,0.31191626811598666,15.61152934393515,-0.7273699157265678,-67.75326168952925,7.4925979169419685,0.31567030952330555,-79.02236143054864,-0.08322058301550779,0.028021733657723237,-0.4787103237790147,0.48578465623344735,0.5020684522678234,street_level
11.736843442463002,27.15827872277608,15.394727773019218,0.046058588985352714,21.126789069080143,0.9305996590945798,-53.60221127404725,13.671457794964013,1.0016707648191563,-56.85401890904055,0.054663405552532573,0.0066755297691840215,-1.6083834613638732,2.0421903391004754,0.5012919054882647,street_level
23.678164313653305,34.62133208862525,30.684020964769164,0.45022730606915584,17.5363756972799,-2.4247973218419476,-63.08355310820441,8.02950088779276,1.8749239763050998,-78.52943212071153,-0.9637208815158651,-0.17325285615641145,4.0069406862936825,7.840303334395291,0.5643366215339216,above
15.769589286294593,34.82221176906802,14.32061124770992,0.1262748942926743,21.869746695164743,3.132286064474453,-71.16271112203663,6.70154395125056,-2.579476486472373,-80.75918951645731,-0.7126065330364745,0.0553809862798387,-2.6905071251289083,1.7537859981638335,0.597226371583042,street_level
10.013385845297542,23.89936653896778,13.032889759509517,0.20952116097829251,18.837776694942008,3.330141307471858,-62.76909499145445,7.207089283337257,1.972795078725638,-58.32965802314317,0.6918301192610732,-0.045968193964104564,2.2070282620628916,5.72616140381399,0.8679463714619399,street_level
15.785251347413105,43.90425111524198,12.007590552229363,0.24859755605408218,11.403435247006104,4.288236802756112,-51.35636111831606,9.965356974165577,2.109599304855557,-79.35808624428331,0.1945881178771632,0.012227568538249314,-0.4362606506388933,1.4312297180243898,0.506809299493044,street_level
35.425380314404414,47.97427046651565,27.02134299918073,0.5751859738906983,3.585771753833563,-13.529119520064082,-81.41045043288769,4.925215433893495,-3.096935531642762,-80.21347169999964,0.40075258528218866,0.044074951944848235,-7.1218797231274165,6.205273102318284,0.4620778582446404,underground
12.745224558651339,23.81459532822749,14.815023834791276,0.04800802461791976,20.932106458215664,1.838054802963497,-72.40561334416168,6.422588573170078,-1.5421213828243185,-68.81007737721058,0.7945761415913253,-0.07107590407327408,0.9424391600060673,5.283491966424037,0.7384318013978024,street_level
39.477357327284544,67.70261790341078,34.68898952064129,0.484827500234159,13.545097580330607,3.974975407782045,-82.3319022468339,3.76125591995816,4.800939523721313,-74.52829313513293,-0.9962829367660206,-0.08568516632818168,3.820762701767606,6.402907123698685,0.9278134987040744,above
59.0427594962142,86.98489852217207,26.332994656453867,0.6863320097223167,7.986003130335827,-13.209493768829194,-79.67556429867749,1.5000246118821288,-3.3839862366168614,-77.89247513736757,1.1352616841287095,0.13695972044940105,-3.257381040079914,6.9426543140343195,0.4327469554316503,underground
86.64630696283922,73.92639517249548,48.13691421980097,0.5975538318356256,8.175605630946443,-13.326485264683802,-80.22886612788386,6.482149547476357,-5.391976514024227,-72.08187125798477,0.7983730576374601,0.05942618447282404,-5.638400118318451,7.704954357942177,0.5770946706727569,underground
75.69464025106502,72.75261831326594,16.35269293386209,0.918142941634711,3.1856542449807366,-6.9686187460964195,-83.29133434390874,0.730729313891957,-10.339190346570483,-68.04221326617133,1.4924051518231785,0.18300256345878374,-7.153831496068615,4.723623171429017,0.7875018934947823,underground
17.004665196194118,45.4977939296104,22.297665769471532,0.29118891390528556,21.34190620471837,-4.346350027560457,-54.168406328109356,9.043396505476775,-3.660059805762338,-61.156824809627814,0.1181805895394446,0.039636756282487945,-0.7497594449494293,1.453641549106076,0.8433356507312005,street_level
23.972413114321036,36.65783874710294,12.369001107906247,0.19331563158680257,27.601700282287208,1.8222174118912733,-63.114429205564264,13.57638376128556,-2.375622248001795,-84.34421114963546,-0.7990632126070244,-0.08818743168669119,-2.9138923356024096,3.5206803111053393,0.813753018117305,street_level
23.682891174332717,43.65797733873865,10.813957315001131,0.5937341002381251,5.94723365883082,-1.3461049262297564,-65.04288991708461,6.885457815917359,-1.352362710157224,-88.97142913085116,0.2618047346739056,0.06952972780484103,-1.0863000364943676,3.3993459841451834,0.4167220743413516,underground
28.28137304304695,44.9821873315318,14.535257699094132,0.2649328459142034,20.524621622971665,-0.8554416248756258,-55.87296009710866,8.191076377896191,-2.987631042741519,-70.07644195465524,-0.09808705917531961,0.0017291006498844214,1.2125077570157257,0.5200067612407115,0.8275964424959528,street_level
23.12757711043045,16.275145472778426,10.840449011546443,0.021422828349720518,20.838365169828236,-2.845752114143399,-55.85196473027341,6.6354049839845795,1.807740631216448,-65.06518335268501,-0.6242676634332522,0.09448419235782254,0.5547401369052078,2.2225068763181026,0.7236534299852779,street_level
11.445072214290928,30.40839936522474,10.699907265459053,0.09501799171213608,13.59590562472492,-2.413112482158029,-68.77137862240056,5.459256478552195,-1.821708297445861,-82.86206051976457,0.5343419436499026,0.05448912561733629,1.6764080249161761,2.493674110521262,0.6218024220190976,street_level
16.088548882991045,43.55943878518565,15.899119950371102,0.1381065597646162,25.898897381331842,-0.8632173245217984,-77.90499402657106,5.970279737804859,1.4532843193792386,-81.70645119364109,0.7015800740393174,-0.0463715665519203,-3.9746471580318614,5.141179805801569,0.8673959658120581,street_level
37.78096915771466,74.01921679574663,18.663181194609038,0.511545246055126,7.132768105099049,-6.752171459273299,-83.32327337481186,0.2524784563259139,-9.195951462973618,-69.23883903986749,0.8626392573944828,0.18814169986209464,-1.9006962566221475,2.8547401198012965,0.7406751923094553,underground
11.478221638365842,23.283347820448018,7.2468154734238714,0.10631635129542728,16.50648042689678,-3.322167472388644,-62.46151682063416,10.603687854360128,-2.236328797489972,-78.27315597813848,0.1564549266123848,0.08285251499127227,-5.628233124367491,3.801203204567469,0.7726286679643785,street_level
39.00699153577299,26.367641659840466,13.419211748974252,0.5537583677407506,6.94377224081725,-4.190741707063948,-71.9269662883894,7.6255376140034405,1.042033190139433,-68.95336530994932,0.24157441950416714,0.08559995822378258,-2.4477948587703784,2.257099398844833,0.8171241174517838,underground
32.47986258323064,50.6648987814029,19.480124778187147,0.5169585252515452,3.3003254808755784,-9.874935734823959,-63.24094130772394,8.548787336050074,-6.424880865530719,-76.35065325173042,0.5733172314128893,0.03256989759912352,-1.523441289817629,2.8541825750077887,0.9227462408944713,underground
43.18925840704597,30.38001299821993,16.869262669669048,0.15879553710873084,16.274291788282447,-4.480901346161485,-65.26272351315889,11.468107364446924,0.04737547421803434,-91.07373575096355,-0.6077934031672159,-0.06817888130956781,3.1336233428888156,7.432394067360139,0.7427034165156083,above
16.997561291614545,53.00383194786147,36.17909272560975,0.40551470273682866,14.811876862021926,-4.916079914641583,-78.26876183303024,2.602827868414188,-4.311591990405695,-68.10083185195293,0.16324430293242395,0.07835452746610111,-0.8242720918450068,3.9062050535993524,0.8597524413591111,underground
20.17846043388675,75.41140142297579,16.773564691192846,0.10542070648025828,5.381471022205132,-7.697553447609563,-80.50798687708574,6.199411631737697,0.028970003063422567,-70.32902262641191,-0.4184329647678131,-0.09825280891651486,3.167855984140462,5.37573668675064,0.6563083893609658,above
18.13976259112384,64.4049376299721,26.710907124109898,0.18506779195181153,14.584741092540392,4.863106468459032,-68.73811491207687,4.392970787744735,-0.2663011151910162,-86.82650672126827,-1.0255743632529595,-0.18251561295481072,3.0053890272922605,7.172591304962566,0.7434007491799267,above
21.752214936544895,29.553047154592562,17.518586203208894,0.062122450129270146,20.158317337780133,1.0518319082929644,-54.42472513531398,8.119309133261869,-0.500055052335509,-63.20423458876921,-0.3881339522319019,-0.02850202647630222,3.5523778885620185,1.470143949008674,0.5551144974025926,street_level
4.347241566596211,16.005077052971956,3.0066555129205916,0.01637370888375073,14.022716185354602,-1.643398820427696,-53.24166357882186,7.630323768694695,-2.8673780814168235,-77.54448349073559,0.06147422727461535,-0.001298497819464596,-0.38033156348333175,0.6989413162331989,0.7835451700645637,street_level
24.155649824045533,116.37230835819703,59.99903784310452,0.44794597001670927,7.306401891083391,-14.871627901053305,-65.47658422029066,2.3921525002748583,-7.70131785272389,-82.66153741713572,1.0723003777944071,0.10284438777348381,-3.437181690330357,5.753456143294529,0.9236381630330351,underground
19.57244047820885,36.309347793269524,6.264437037346941,0.11189185910346926,19.795018611839428,0.31923807000427296,-56.16332407940949,4.805597719519786,-2.5606562701487183,-62.285277899484655,-0.4656983122165336,0.08455062002785005,1.915798182982451,1.9837911651519793,0.4154428350604213,street_level
80.80589239304703,44.46679155867389,71.0407740356707,0.5046532889221977,4.494521180608578,-3.7588544212421446,-60.47640336897642,0.44156693550543213,0.5418031449351783,-84.01312587202486,0.2513025261600037,0.1600965485484646,-6.062257329998145,7.729276439343112,0.9231797647624688,underground
14.441582103382885,20.934030011814123,16.33184956290102,0.153505592694859,24.897541347268895,0.4370678241039787,-57.81369577302431,7.235444748544028,-0.3794653887104147,-61.63138081812929,0.7622217352799179,-0.02477025479066028,-4.686342483320979,2.092733869492433,0.49954215758384996,street_level
41.670715344423996,73.89256022566857,13.599780064194373,0.3058814265796009,14.778824737913878,-10.07146865992889,-63.372687228153026,1.71545809395381,-3.222485946288291,-65.61671679823672,0.27254764071658405,0.06692397157168459,-1.598113641256512,2.9204313962701693,0.6099860183866092,underground
8.032248576713531,8.809025453279133,5.042257910308701,0.04607961776410847,21.6500020013498,-1.4925786810885207,-66.40904662093041,10.389455261797165,-0.36129207743317693,-65.67615293413404,-0.10543904411534752,0.019369874751355175,0.03733911459672634,0.6512335257366053,0.874808204880383,street_level
10.661800178998615,16.034885481751587,4.433686723913217,0.12621824701247403,11.043816764863225,-1.7055754376409409,-74.20057882614503,7.924643070355399,-0.40088405302333596,-63.90422636018231,0.03581560778613854,-0.008911865189015555,0.47253113320446927,0.6188304237774739,0.938643356089742,street_level
68.66322120146205,49.38793836612259,40.54305779210446,0.5829474037173243,0.8440580368419437,-13.191408025427409,-84.98792616928324,2.7842730314931394,-9.007083396471831,-83.99161474895541,1.151858325538788,0.16862138527678833,-5.5845570596042435,4.4496778827783166,0.5228928484566652,underground
20.173638353815456,21.357002246555044,5.423365980899629,0.03824079369641252,16.614168907065512,1.7098802666155626,-65.3368076257457,7.117635070746035,-0.2637724287822385,-69.4917895268821,0.7599904310198253,0.05905922585551179,-5.708598293944139,2.163362145404041,0.49597316018852333,street_level
14.280296082898506,45.1004598920415,34.37591128079148,0.13443350045748398,6.177829321489117,4.821093986220632,-66.43198709244825,6.872910402594412,3.654401468983041,-83.10531958660384,-1.1980493626267923,-0.08290153075817913,3.1910676115974277,7.007848898877429,0.8223285577962476,above
23.107258891623758,22.841370971673566,10.509465177022827,0.18605557240626844,11.226358021372562,-1.8740372096681943,-65.39971971624506,10.806183957043778,-2.0437151452571447,-83.84452378213325,-0.1463123766681601,-0.088733027080278,-4.892355030715799,3.6103595407770124,0.8385735001750134,street_level
85.98394841496327,48.17749958812537,31.380429962452823,0.3546772666958171,6.402812549795031,1.6802078296348135,-72.64883507460439,5.25039999046295,-3.1363842178572536,-80.82259393806812,0.8689842880349525,0.2031566779183382,-2.9496453769598965,4.4000598835251985,0.5504325610298046,underground
14.014681351072126,44.86040607254823,23.61565656118622,0.28119706804643807,16.893785174660174,2.8240187497183467,-59.194350727607784,10.537714360112178,-3.7783100744634526,-61.84000720891292,0.07494112806416345,-0.02387515307800623,0.28702894921698996,1.522392730893625,0.7169545529620467,street_level
13.000033158424392,36.169490707299715,15.716436186391238,0.393894883991458,15.784842096717313,-6.064740824369146,-69.46808690209693,9.963951104834022,-1.0689158407213126,-89.21353671215394,-1.1785593123421947,-0.21108255985609994,6.340517170319071,3.502277768318965,0.9124371509927026,above
7.118260602863554,15.291010241482685,0.028748971191548067,0.13580170892821256,9.939707980708482,3.3202953127118917,-55.08755972513486,10.380833117836701,0.2768500179521389,-76.176155287096,0.09821265929619949,-0.02025077608349691,0.07839496858570172,0.6182205352083148,0.6271110526139888,street_level
12.485322092424392,46.046127225194,13.09949572518534,0.1644339965654092,19.60731092094438,-0.10997380411784441,-51.8070071921411,6.727822712865665,1.835714695903774,-67.57672414548685,0.1942617575306149,0.00855518532016463,-1.0304733704263562,1.6896409547840572,0.9998780529183089,street_level
59.77419184480708,79.07566533733882,37.78386705259956,0.9485083694705809,8.339969562490968,-10.37327085972214,-81.58326796737741,2.0893464899745204,1.4290941635966181,-80.99865407364,0.7164016936630916,0.06987565092385795,-6.333652382530178,2.2228780414058713,0.5300402316660042,underground
10.296362368174538,15.954030993670646,5.87131697228409,0.11365550434455494,24.5304805109632,-0.7537781644054524,-55.90370132030681,9.99486986498426,-1.7849377301279266,-84.4082051713566,-0.4872105910676876,-0.08669154004314213,5.756165143045598,5.897924635812144,0.4320216639365881,street_level
20.709422701275273,31.9101951144819,13.868158062959036,0.14526989566376391,13.657384053865016,1.4618740753554018,-64.1619960865348,13.042731272069389,1.2100626805529942,-79.16063782068589,-0.3951600724127177,0.05704700207410926,5.083690704808593,3.1737158988267886,0.6324339715754597,street_level
24.13480174832951,45.551308131308176,29.61988974962298,0.4156128533935931,17.446792095747917,-6.080210412011985,-81.99800031905329,9.851945835994199,-2.590119278774195,-85.3362252231524,-0.5946854265069996,-0.1281325533347329,5.690702692596621,2.7974894515703146,0.5709762729929266,above
19.316122424080284,51.724169655200754,24.47634285138428,0.22009276994769844,22.910643365904832,-3.027828951518262,-64.9907390224904,8.665670105163985,-2.8432325595709047,-73.98933897850502,0.16129247530959248,-0.010692824019109204,0.31602222630149446,0.025169586953105894,0.7231883211175405,street_level
24.044636771853554,70.40600085861632,33.331464349609234,0.47353308292688073,8.042427416308135,-11.41550975356242,-74.438620218364,3.9373354762940664,0.8884814482726906,-94.35690783178713,0.5329398311242032,0.03816087425292093,-1.112690308179792,1.6293616570785217,0.4075019557959644,underground
24.780898749263248,27.585043507144707,27.417538373166245,0.5481124091317042,9.781928195685968,-3.0453709089758565,-70.53595819038563,7.922733279910335,-4.709027170198252,-91.7193679299534,0.46337169302154,0.05464204774881094,-1.1845907282617052,2.3791765152941764,0.8254868867031109,underground
17.496324664693276,62.96871360724718,35.645190997423214,0.20395439583361444,14.60106355258474,-2.359721523831146,-76.02526049200412,5.080383534651661,-7.823353939672299,-68.67353931710005,0.328669773659387,0.09244659480027943,-1.438004111909851,3.7585774947906385,0.5221019574856327,underground
17.392424375040978,43.61706845709767,8.907261408932865,0.15902414083765076,16.90857720952726,0.5246546872522702,-66.94767593857354,4.3447905682731305,-1.63359537516525,-77.00744576517359,0.04496149140805217,-0.0026702544815701834,-2.358642550133759,2.900571716076422,0.6544370969674667,street_level
6.269813085448587,15.181378971242523,3.034579562916531,0.012755398758573188,8.60006717624616,1.4565941521752475,-50.10530541351286,4.626932148721361,0.9970768277989781,-73.62046520529134,0.1309402986740211,0.000999572060149126,0.30923221008766233,0.1614748369286451,0.553797861801861,street_level
25.055577947340005,67.34715954825487,54.50629006981388,0.4687405900533818,7.998156386080114,-10.99537248482846,-78.9475811921737,0.07038783196033815,1.864134125867082,-83.0127707994043,0.2974978990501197,0.23532886025071642,-6.946110466629912,1.6810334638698303,0.46642124672779894,underground
11.96460013011906,12.253432309196603,5.778131808475203,0.13265339746255325,8.799053791932296,-3.135379455309936,-58.355421977491304,2.6869126575267694,-1.7282280085745632,-72.70032772895402,0.061080101585297114,0.0022815273539256234,-0.08235115150706795,0.4279197690122888,0.8729990714845897,street_level
9.911767081475885,31.741072845615367,8.031032077287637,0.18986301929941174,25.757512640313642,3.4024332691453862,-77.26732525116364,7.903933267557829,-2.3330753973656035,-81.84153084324558,-0.7962559548075587,0.051583496425530284,1.8904480075143288,4.863310997786453,0.7485260754481958,street_level
4.476970352003376,9.640506498972943,3.8858806470915015,0.09512037155649114,21.260432435817627,-1.8869374335594618,-54.642032013860096,5.2766754745975355,-0.8030659209693694,-65.68316326908258,-0.06691074487340984,0.006148460257510563,-0.08249262103327104,0.7510253540697722,0.5274231905612772,street_level
18.56810071655794,54.333354862956256,32.21136472407696,0.12156595567901629,5.03188286311669,-2.7240507042769497,-61.42538130636805,10.925267734709774,-3.957222637344966,-77.35051415326568,-0.9554788681785851,-0.1239147607833174,7.76139128796678,7.985454264514262,0.6666592212388678,above
56.528693062697606,59.707749759538046,54.659633010158146,0.4864622257388466,0.028218451132924205,-10.374532211953252,-61.66725394517066,5.398161672336426,-4.279948577219383,-67.66534004532744,1.0174018169635441,0.121011987693187,-5.56100157687557,3.819954291771903,0.7540379221325246,underground
19.149575864395338,15.496165844945319,16.387062607216585,0.029419323649975886,25.67183403233556,2.33328020938231,-63.359748269808435,7.0960277380733885,-0.42195500357251525,-71.1411023920917,0.6000556549770546,0.06505122794837476,-5.329711230352125,5.883451087833213,0.6398072278202327,street_level
57.70174031890159,75.96555644297499,65.1359575893947,0.6521016618641419,6.956533643951084,-3.942817487293855,-86.71656847765001,0.2609648113529337,-2.7693473247841425,-68.97550925462943,1.1541838661044619,0.045716866975886256,-4.690291284779788,1.9015955901820163,0.4966784630195729,underground
87.0040602270396,88.91333440867193,67.78678431915205,0.5295938606815419,8.082662076853643,-16.308368543195016,-89.68024867015077,0.6505749435018862,-4.9683053068352265,-71.08762480727647,1.1502922964452502,0.10947595887395734,-5.154825091081621,5.238984177188373,0.900246394488469,underground
32.54226252927895,105.92039774814202,19.82874563815204,0.552639398941706,8.44485664836687,-18.94559835180657,-68.40615491066765,0.7452281635201237,-1.5742730896624924,-71.23601062976877,0.8987337542609352,0.0634151409825588,-3.387025987392221,1.6458242920006119,0.7213131000679721,underground
17.60432562097278,52.17633945548715,15.407001830133519,0.43462559540805945,10.807304549005906,-10.740120965755455,-69.61960222752514,2.074686962490855,0.7810702644032244,-71.75872068167251,0.22848531236388683,0.044278346449975726,-3.6211713524068525,3.4399093797856546,0.8877131350354597,underground
30.044963982612444,55.57277206873752,22.946261854444952,0.43829813270724616,14.74847415131073,4.038858737427741,-64.01821499403724,5.424293031650187,3.7530038928747906,-76.2123258605275,-0.8480795895513596,-0.23126543698796376,6.119376422626649,5.81289028590242,0.5908103434317686,above
13.709643474784777,42.39178891599296,23.335410083623547,0.11458470156841002,10.04401992800613,0.5424440624910973,-79.4754584189212,8.844191867854914,-2.9491707202664053,-82.46603951850473,-0.03563915184192665,0.02686015670596769,-1.0486981455596935,1.9690672445043633,0.7589371892402854,street_level
5.131275473379341,14.790021860697843,3.651926707376061,0.06190683861118354,19.375096283204286,-3.9277700253715135,-56.37723016825929,8.937772249704022,1.1336850039293074,-51.38619874553224,-0.1434942361994976,-0.01086265207732081,0.08272833589874651,0.06118117831725707,0.6736547706054303,street_level
42.599887318914654,119.08018158907987,73.24874222343817,0.6825984413638023,1.8329406102631984,2.3194110767872154,-86.34820829779649,0.8645330088802421,1.028845957801332,-65.53826862800406,0.5148326771380014,0.11532987051378274,-4.848706977714618,6.292250127518724,0.862373124730436,underground
4.009175207793413,15.092161194902324,2.7534884230641206,0.11088204621278426,15.256236706561113,0.6699143633100011,-56.62651942914186,6.263616239701634,1.3695328228474581,-69.14464969961577,-0.148424528544184,0.028203821494918985,0.16897757150162795,0.35515917098822314,0.553515598586553,street_level
76.77876854874981,116.37733771966037,27.90831981425756,0.6842667312270202,3.367423688445906,-10.903173057227862,-66.13001547128846,5.679892907974747,-1.773218044275099,-72.59514728512337,0.3482008533724135,0.12136595496577882,-6.008390459691807,6.299078181880488,0.9083255905190801,underground
63.91044661188027,111.87657217021419,29.86160040144471,0.5289802535569144,2.412634624967777,-12.051524449407864,-82.26561489797507,4.372217949037308,-10.261988385268403,-81.85823450683344,0.7927900600517656,0.046978226175843275,-5.215177164368919,6.410605160586942,0.5343355440962501,underground
24.507192227813825,44.24402026068626,11.223317305084128,0.45447203554825977,8.995733140932577,-1.7868753551395535,-85.32887385975587,9.264823353549904,-0.9673737123312502,-86.5745212763358,-0.8312269761121326,-0.09865560508017038,2.2003774136053353,7.376832817459696,0.8023158074734569,above
10.82286705235261,34.4327899127036,4.04139892468995,0.21195509356139197,14.456947148964357,-0.18171100251995842,-67.07814467677088,4.849671976837184,-2.327982587914102,-76.76958733986079,0.28862815498113004,-0.054743095451649904,1.1151631088784768,1.5570561720525846,0.6612874667185629,street_level
5.333108297883093,14.479317563228287,4.966825088907294,0.09642455680886661,17.45505284462131,-3.245364030351209,-48.28331860012706,5.363591911970239,1.88356291004588,-51.049040081398715,0.10431632819379785,0.027825690164238734,-0.28347949746705636,0.07755453555211132,0.8549864111342287,street_level
26.19337846165628,66.08261132741663,35.81112378336111,0.584060933290715,8.466514104097518,1.1226436129538726,-79.66995524421418,6.388779414364864,-5.543922195599101,-62.52303642408136,0.2406746730946731,0.03633901907753622,-1.6568876042119913,1.123636312436198,0.9659104558167846,underground
48.7130311786093,49.73610981606675,52.904002241628014,0.8563388710852954,3.9184689224663094,1.410476234446982,-83.08773299971709,6.019272510712574,1.6434945583817733,-84.9839158943534,0.6721068783716779,0.04516913166617213,-3.5919600484696224,5.719044732756535,0.8788835336559353,underground
79.3520570911472,61.12612630892584,23.58304708805651,0.40848030129347285,4.511035682808338,-4.617547554140783,-69.03724330413606,3.1215630986794496,1.3280261756948093,-84.45195032607522,1.2587044655941935,0.21904333660432512,-1.9915244352183024,4.7611071712952775,0.6851098345115292,underground
8.276150312237677,24.500344136310417,11.354352849620804,0.18651560854353427,19.075586135061428,-1.5581309417332951,-73.30657934311,9.373507115769888,0.5145978668482294,-67.50142914158529,0.7461150462647315,-0.0548479474760482,-4.4674290775601,5.05888742187433,0.5788153761847332,street_level
23.22173656828334,52.808920657262874,9.508221763990825,0.2896391873043721,15.195810416360764,3.4235804556964187,-62.2312669108959,8.393248642295653,3.395163020257737,-78.04482289954097,0.07203884028379431,0.005723559051040272,1.1676578142929772,0.10762451373418092,0.758360767647553,street_level
9.629940846666633,25.621616042854683,17.29721760952745,0.08542700282726548,18.768639513808925,-2.101998208737414,-74.69268717400234,4.7377686308142675,1.7100386848411882,-66.3583259403344,-0.5988281832030916,-0.05486181610705181,-3.8837532778851696,5.341195040094995,0.4107869542627581,street_level
53.35252146054199,75.75021901863593,26.99719742523179,0.4409740390633625,8.781591141471797,-5.948511376561006,-77.20513652492876,1.8819629902957304,-5.466333013986605,-69.84988327141853,0.89250889989952,0.043252140329097556,-7.807769871281582,4.007403243264234,0.7207041166744441,underground
51.2612053648878,104.08539572589093,51.05234853622695,0.6846363977054117,2.6738776518371887,-18.17623942231569,-66.96155648030981,1.963996577270188,-7.6040175347648615,-74.69508165493872,1.2040527251195428,0.09084054378463917,-4.158577059167494,3.595367258433071,0.49823260983069734,underground
18.262240951689858,52.12664777467006,15.20204674998963,0.25451942093539015,15.126030217728418,3.1708624870510054,-76.13411308573367,5.521587418513392,-3.83225248438891,-72.58973606296307,0.18147431413480383,-0.009423923192096288,-1.0053953537808058,0.20337031660140892,0.7107387818586149,street_level
18.071990963406108,44.64522444131137,4.2603941043339475,0.15229816817646455,25.512901676560915,2.2858146403151665,-50.167241956151116,9.861059255694467,-1.0933166473123488,-69.76470413649443,0.19699242507708736,0.07221843028949396,-5.92059516550078,4.303757771268778,0.8095756517955066,street_level
22.72957600229371,39.149973841106636,6.7734696723158,0.06960339925524746,10.950755928866869,-0.8845060004554979,-59.78044191893302,5.6952694280828835,2.3695869644961904,-82.27232197903392,0.6560759809159178,-0.0026773195786355675,2.3914235113366367,1.672933137548248,0.533871958108076,street_level
10.066986054368876,10.617463357754364,1.798959971158425,0.12816728873212896,13.597092753422526,-2.008872889268594,-57.84081239545968,10.35910550008769,1.842960860401595,-63.155637101930154,-0.04528043621696595,0.021186950053429604,0.18928951978695463,0.5486299298279892,0.9594745796032116,street_level
11.609629199229769,29.857497611544762,7.468803041609864,0.04681508835250126,15.257417733415204,-3.5503439745357435,-74.40068875073588,11.693575167913806,-2.862102104762443,-83.8439542011105,0.778755406224583,-0.09517321609251997,-5.41110587679742,2.103059548931127,0.46366931744659556,street_level
27.11045192939224,25.365747917058602,31.407902980085364,0.37217687474673844,14.383178205093413,-4.837884765302446,-56.232513965212945,5.078998761715313,-4.854995110715781,-90.03056003312749,-0.2536206429614154,-0.24601239626371785,5.735230022842505,5.214545649448983,0.41285747499472286,above
39.67243003600073,66.70796815621748,21.22142659099976,0.2721547820207568,4.631647714122925,-10.43222374340742,-86.1649144284907,2.821699031933804,-6.191411048672055,-89.00714556811161,0.4344091877246786,0.0634405344793811,-3.5421975093283655,0.9084872132909241,0.8886663271503612,underground
66.42409414872344,106.99598922999296,71.54160181008623,0.7838796348656456,9.00476151450728,-9.761236534544764,-81.85727412789237,4.159828354338592,-7.255322233891216,-66.78539201943045,1.134987684985374,0.09952907688377322,-1.708124405720591,1.8585136773216304,0.6945395724279713,underground
36.71978027549265,33.256258515054675,19.55326123583125,0.3862451058335997,9.57569736715562,-5.16615996718864,-61.304459668392276,9.755150220283106,-6.758273464155759,-65.45861397344983,0.5776342424741902,0.07672129061041424,-2.1567129004663608,2.222360362113474,0.6756595226925683,underground
42.15494925268358,63.790154567649346,27.515596021323784,0.5231194163401032,7.193022885941111,-11.776684747535823,-69.04042781941955,9.64306526590036,-3.6576998361823527,-79.17400277446167,0.5800338691434576,0.022293943882052927,-1.4546649791169188,3.3577627681021225,0.5452844065422199,underground
24.448632178046996,72.41460421418047,35.44144583066832,0.5979929762795276,4.02499565496525,-1.8780229580810879,-88.8362382096678,5.172392964723296,-6.210735224263717,-78.51259023683795,0.6410287770571921,0.07613301881313955,-2.1704821784550994,1.5322996452888185,0.8077851511459502,underground
10.619904371871009,20.039757742171947,5.121053267830721,0.21170028850158815,11.121777026451687,-0.3041715291832583,-55.698048013324076,12.101210855363506,-0.7178479465848193,-56.336282381036085,-0.13224211518603535,-0.002681717930002006,-4.193423206240671,3.3073954861078567,0.6790023573480685,street_level
45.410982305338095,80.20924585514571,47.87927566405707,0.5257771527430408,8.356108317671676,2.9928807767780263,-89.84065287090252,7.830285301547521,-5.820139700006797,-87.15416045453908,0.7971841436028734,0.04131097305975631,-2.342430085294221,7.822849723592332,0.6760078673609491,underground
77.80726691508383,109.5237696551147,62.01335858018518,0.5878905681471407,0.8786304070009077,-7.219470310117929,-63.36564986481743,3.8822350422927725,-9.953028599865208,-82.13755092248478,1.0346430982312058,0.06449066889054428,-5.7052064296974905,5.125067399898407,0.7136377043533886,underground
11.659845943541786,16.682155955009065,2.3042011837501857,0.09575999581608606,18.09978935918982,-2.9247011359541917,-73.4639318224869,6.232629692933843,2.616681330687407,-75.91367241484829,-0.04863900241133949,-0.02893706638232197,-0.12270194264521062,0.026117202498674264,0.7565624146978025,street_level
21.531571167197033,63.55137338481553,39.866500337789546,0.4212088720659707,10.668376682322185,1.6893720484656374,-70.16286289394637,9.426155413114572,-7.807747376858202,-86.5281594379818,0.625458793158258,0.11073172367295342,-2.6557350706107865,2.1100758194818363,0.6348087441861655,underground
31.085488119914118,39.87745143499083,12.34344912374081,0.28428252689874367,9.879260594160694,0.4461480099144053,-58.66177247482938,4.1809996340842925,-1.9721247900669256,-80.09429153546384,0.04891700877181526,0.031589239196519035,-0.567610021129928,0.28356184987497257,0.6719977040979962,street_level
82.98348021450451,81.90039061602579,28.246452767563344,0.75673730761827,1.2155554430840265,-2.736800477481726,-84.67474334281702,5.208733225732682,-8.76151612088339,-75.12854589771794,1.0979970276846205,0.077556718832893,-7.048448210836396,6.634149149404416,0.6169500847372482,underground
78.82020571113117,78.69187603932176,67.44246217696943,0.7927140242816468,7.329135674620386,-18.880838669163197,-68.55705866544632,1.6416910042477548,-7.6025880334313625,-78.05014535070114,0.8991714700450079,0.2164197906568144,-4.416837855744921,7.208133450519769,0.9131239817318139,underground
17.43567192356104,23.8425173077907,16.92904228615767,0.21405887993568026,17.33441050605016,-3.6960706278011575,-58.161450849889604,3.380403963925003,-1.9131389886185282,-64.47702758267525,0.2468839751681906,0.04020403528500932,4.90905269661053,4.578014208091397,0.653775889767376,street_level
17.186426352668995,19.487819501744525,8.915023995715492,0.10137744108187872,25.499435955839342,1.9997087640644065,-58.64175733342958,9.029953321551933,0.9157051991958278,-57.958269617721115,-0.17827452878743788,-0.043918413023591056,-2.2958875693079692,3.9015212490049436,0.5915676455127235,street_level
60.71186605317288,119.35312129295943,35.86974497532884,0.6784290207997763,9.211807385387186,-3.853425161047479,-64.42491736110861,5.0199753037187484,-1.8895864348545466,-78.26821764242999,0.695852582778984,0.11983323281937558,-5.020513553434113,2.999620004537341,0.4876368378889311,underground
74.85296355797499,46.09512215169615,49.793696290562686,0.44115452623385004,0.35702528417054347,-16.346930381346354,-72.86044626288444,4.677125686418272,-8.327833647394291,-87.74656674785932,0.5283537314266828,0.16911743177156066,-6.372543836771422,7.007593103433325,0.6361601201164089,underground
81.0681798790668,109.44383857495075,59.98986149291114,0.6914044904787641,6.817281619991624,-6.467785216349647,-87.37414837474282,1.9521878300655562,-0.5910022698362525,-84.54803559066134,0.956274089695154,0.22090250193751076,-7.737271000160483,3.3203400670932615,0.9992453515439891,underground
40.70670097701207,59.09133301475886,12.765070490597807,0.45876505024780345,15.711977414514477,3.005316523257404,-81.31679148421637,11.113965860143189,-3.93556153964109,-88.74949957318489,-1.19870576619936,-0.09488188210340018,5.171483937852793,1.9124489495078323,0.48966345185859117,above
23.025862150898163,26.202752249710848,6.388367960154456,0.15792288819091546,27.50708185095977,-1.3960738749814618,-71.04075230778795,6.223573808502328,0.27172187414003357,-67.14378807544182,-0.011605582927630032,-0.05485922376079282,-4.302358505969302,4.251648174409699,0.45175998093839587,street_level
16.689948439344054,40.1833201962802,30.46705388503226,0.37680757818706445,8.636261719732982,3.248644002157258,-55.63115212727119,5.255644971125418,-1.3038698511781082,-91.02939173209529,-0.4430579752306685,-0.13241846313713732,2.0120864096639797,3.4240290873718586,0.7443318923502682,above
19.93327806441844,44.82043100847282,17.3058557404192,0.11293683006195755,11.028883751380386,2.801276112796284,-60.01337602818162,8.70354172263811,1.8042806413914834,-81.97943365975021,-0.16199953441686932,-0.09543730526305486,4.9825931975832205,5.788389493193468,0.5712933431356084,street_level
15.518476279884169,28.71502214142822,12.439849992067666,0.061735427844615304,11.986307618231253,-0.6134741386623883,-55.19033896014304,11.318340790188692,-2.0956440275201977,-75.78895831916847,0.3716161908833482,-0.06251007278007577,-2.837371144634718,2.473829732547533,0.5139648939641555,street_level
11.365866303974009,33.107507305191895,15.18072670657742,0.14152885763078296,20.028384194560132,-3.0623030401494535,-75.433378970157,3.4085109107689995,2.531754659138435,-58.06583579749679,-0.37620331561367415,-0.014457499479592434,-1.0306303529884184,2.447550803954706,0.7915706633967949,street_level
34.74615366679232,34.35641529889278,21.599870004033235,0.14322360628308248,20.148116727403387,2.6788505846908484,-74.74277015198987,10.481657588971048,-3.299963827875386,-75.86686010172009,0.06220130440633995,0.03640727885278337,-0.30759391426824756,0.7553733935691869,0.712053709644509,street_level
11.907196919086626,14.548547577278983,2.942649268533854,0.12514620222504827,20.39428014691616,-1.5956888117330221,-70.05689771967779,4.934298509665583,-2.2833330861468286,-82.71837477244911,-0.11517459390996793,0.002885962049468442,0.3132740066132206,0.1336664196410606,0.666690437632432,street_level
6.815873126800718,9.769859654380424,3.277531434970273,0.05018167504773868,12.175217819762397,-2.739641801976412,-63.382822135556964,9.076882123382694,-1.6546854943153422,-76.80123239059489,0.09800625988381625,0.02999626300049653,-0.13718666519307832,0.6179141945581493,0.7567637493542376,street_level
23.109670829564642,64.72758396530898,30.401997628810616,0.32302568134739823,5.534185675894152,3.8444441915636975,-64.82253834609442,1.6663607100642819,-3.8111472220100477,-66.63239067239643,-1.1302758776882211,-0.1147551532551396,2.701967561131689,2.3372323007640476,0.9004221547759368,above
23.992266161452,20.63574734438682,18.469407468383338,0.30925171920524774,13.848087100292723,-2.219554205382858,-61.77673554467616,9.360583482105616,2.159884680003217,-58.13045450418215,0.018597752370145576,-0.01684850989882688,-1.12958882211572,1.6036385233379018,0.9058831199322193,street_level
18.225879184600775,22.02989702548286,22.950805652249088,0.19597718743325243,22.896088868257344,-3.007630582091172,-71.51162315410858,7.539236969491675,1.962664144512563,-67.08123576870912,0.14817279426567073,0.016705912495943206,0.2503291821205591,0.2699039915864607,0.5343340809886588,street_level
10.020581423071969,17.895576305643253,4.384696691637278,0.09591159653828372,22.09213930448744,2.0210706088148003,-51.20713589519797,4.953101753919093,-0.7858856211982701,-69.3205548100334,-0.12901006452574734,0.02759510653990261,-0.011111464214314082,0.009633325220246026,0.9564786606201765,street_level
43.80764220896202,106.61052779175188,30.95034479034362,0.7834605074721791,6.825731990501856,-8.143219427130866,-76.31429345980433,7.525792662862981,-0.21611293253154962,-66.42249321078428,0.4658077230904254,0.13458818110785217,-2.146446333783504,3.612284248901607,0.6624581635243851,underground
24.066248778760936,78.72557851746453,14.937253395582417,0.19610911420562016,8.12870941459105,3.4807201078844834,-70.54534863705443,9.353938096850898,3.288285506932949,-69.19525040888905,-1.1656446342993703,-0.24269350953237967,2.312991279083404,7.629838086381569,0.41983954166255455,above
21.361765338318374,77.24578433058537,9.185158867307338,0.17457004785314256,12.050791286446778,-3.66553019752034,-68.94942252588659,3.2002703120999785,0.9938205689374282,-66.60420788402934,-1.0268890990059811,-0.11847622377634229,6.9184284911334615,5.438469327682821,0.8122247819362447,above
77.59626169757138,113.67319267268869,79.69449498639695,0.486190523720288,2.36058222437604,-11.344161227549172,-77.62940096509898,1.47037540041282,-10.309367500117144,-80.49047552022884,0.28321206065323534,0.09668976001213532,-2.652862663823684,4.066803664543939,0.8116366495550404,underground
15.813209636088397,51.728252765761496,22.636723420392247,0.23291907991093053,8.492316019008664,0.35094975686367214,-62.469450000674115,4.160407788538265,0.8402196946585727,-80.5005041413695,0.10495638407692498,0.011236662546323398,1.0004361524203182,0.24464720744251567,0.9924404712075173,street_level
4.285824422216642,8.403047116691047,0.23236022027337433,0.03982887669944645,12.743619117170129,-0.1603113057146679,-47.808804605684756,4.477072550388395,1.661982315593617,-62.03923015671836,0.060509385256998616,-0.002961509879909046,0.33448192836957236,0.1312005935586524,0.982750720516506,street_level
50.07281895961169,107.036087957462,33.514733855772036,0.5955991565915149,0.2971257319318166,-12.793338578000872,-62.35528483625349,3.1299313861170655,-1.4310786064225862,-66.3326015361317,0.8159330346864667,0.15586448092977592,-4.996086568441734,3.6111974450011797,0.9297855955107018,underground
17.5262995056002,39.88384318181925,12.828333488522446,0.1306126163034574,21.565769065282055,1.5112851227380126,-60.16511802941855,8.085388791616976,2.9650958694771106,-80.58487069845623,0.23094878503086202,-0.06149880669232029,-3.5407338494722436,5.68268314886676,0.656578778214292,street_level
28.47360911379994,66.12832429893811,11.39101889558725,0.3282512578918002,8.41281600154465,-2.4839399212946383,-87.14666941619411,2.6118706052954437,1.171154958688323,-89.93479352098247,-0.4448906006226365,-0.18185608182985563,2.9695223366649532,7.559202613131882,0.7742553476140923,above
30.59856483142932,48.66708755305942,16.025013380406858,0.4932485955973609,13.611978435664904,1.402701351479763,-80.94867684812071,9.454932266220899,4.943650418834366,-66.04024110060651,-0.7034812518896825,-0.18631496376708334,4.92138574855635,4.525940465742125,0.6597126379948512,above
6.5255010512644676,15.939179257095251,2.8085184841343662,0.08295824860619211,19.904846717001586,2.0762305542591957,-53.798488377667816,5.214773830099981,2.4718890824103896,-68.72045318472337,-0.016094533334840316,-0.019606228831296264,-0.08463118287218041,0.44595698514186577,0.9128613709679513,street_level
9.116752306898972,12.74893627262632,1.2005306573216497,0.04777637995695852,11.537124043202796,3.3358861319289277,-56.37809777230308,8.436687148862342,-0.04244511536305806,-74.41783203200032,0.14161285318661057,0.009304975118891182,-0.09127675104470068,0.3048689103441129,0.8511286828337374,street_level
20.9353191084431,63.22519687852926,21.278718859959305,0.5899921089399621,7.889121709152824,-6.752871776313158,-73.1224114035041,8.093347725133775,-2.7621919710364837,-85.54811659871919,0.6995173340382006,0.08532816014691627,-3.358518668599626,2.5141603174088965,0.7332091830572689,underground
22.79454364488907,20.958449866956027,6.848327936123099,0.1659823672383786,11.42937454830999,3.5534439268781446,-63.795309454227386,4.649988859956563,-0.7646329007340977,-61.902051111757515,-0.2404986915565035,-0.006012441555413431,-3.9031069711232265,4.177904048496594,0.7449179467935055,street_level
13.383847605367087,26.93787005523516,33.38580883040231,0.20397503746116838,5.582603559954606,-2.7048648618733253,-67.25003626010714,5.997896099854295,4.554562858379441,-77.35365014842,-0.48844888967344735,-0.04424115301893683,3.8414029279442956,7.973228496199686,0.5122232049839929,above
24.992910092306165,52.549513398667926,29.986314057943858,0.38357071851319235,8.703724827882159,-0.1071245978898645,-85.68673960397985,5.487603585555418,-0.10345954059957041,-78.52253773433945,0.35504640033859924,0.117057449240874,-2.644551250501249,3.323106607442578,0.9703844929859905,underground
8.700528614824636,15.093107722822895,12.937973094600585,0.20358692009875054,22.424390610882206,1.0291952230172612,-54.7576527350236,11.774902583310379,-2.3042127497576814,-69.80811714585546,-0.44275446504338734,0.05313480685866859,2.8257551314434632,4.893269428502811,0.4508440476014974,street_level
43.52835675805791,75.39972176382025,21.25944460898622,0.5723109933385659,5.384563828445033,-1.7254241698049437,-60.67769984874632,4.186044242538767,-7.601370552774625,-76.79486881409228,0.356411535128217,0.09348655740130928,-3.575185898918516,2.126839184264834,0.522070656213131,underground
21.81547981788385,43.47767073216344,7.9778702244264315,0.14520720000111456,20.94289838138402,3.5344102885045823,-72.22825033169322,4.618366864473254,2.0224542882337264,-77.56279386044969,-0.790157552180704,-0.0047689227473205476,2.171727085284406,2.1864322707579325,0.5666397513069314,street_level
7.792482611011031,15.414252522468416,0.14982407661073527,0.015564515926772115,18.7520287544149,3.3075407821730005,-72.30245219687791,7.178394865823145,-2.751282763708883,-51.865960012549465,0.05660765700407838,0.028782936362417758,-0.31703297281785436,0.3834621292694944,0.9206437892158941,street_level
23.437365509008874,33.270565080655274,17.30988637544831,0.1325096839395124,16.468394076551,-1.1486034967771044,-58.09850039698655,4.801974846325699,-1.4701526373040021,-61.7860591459446,0.3752367215502024,0.07165596054388637,0.3762007069252622,2.993306082833916,0.7540380704559733,street_level
29.825927127482412,55.85959824342683,20.539670515002864,0.3070704516431961,13.267569859502206,-2.0707754911882423,-57.405899226283836,7.11522687450529,-3.6259571411700984,-64.98475916294306,0.0018179774495128004,-0.027691897157741327,0.24649985160688592,0.9352615035822327,0.8633178834127457,street_level
17.35794286476142,38.171546822681634,6.901699276243026,0.16855989619161482,14.268563158498557,2.628066079665701,-61.42356873333786,10.374892651437879,-1.2269592783515415,-78.40552819974532,0.03364909931024318,-0.07362361695056692,-2.5819943999216477,4.421941488779478,0.7447309006470428,street_level
14.683377180023914,27.626107876068936,5.828523214245321,0.1627399138973747,27.990066142280106,0.23437871465746785,-74.47496528793192,8.573291343223776,1.1590394481733766,-77.71674569771943,0.49833327139699857,-0.0978698504731367,4.412609319970425,1.5123148551668293,0.6822043178832677,street_level
26.97963770787468,39.540461074028514,31.06192999694446,0.471875858737297,9.412904745339368,1.1060460155205636,-78.32438009144019,8.96295165740186,-1.9602351386679615,-67.47675161516327,-0.432587499511218,-0.09602657175995655,6.385204407804774,2.122647529040324,0.8431761138552348,above
21.7574119638219,31.854971123900324,38.89075920375656,0.4388319299573612,5.157776456926717,-5.050933412398892,-82.88014175393971,3.442048554492802,-1.8278049017433808,-94.23286169439761,0.4262033546548687,0.04865030001253082,-1.911636174078886,1.045942556457872,0.4198026585217931,underground
12.926642524750253,16.767270336942158,4.776079221368587,0.05462833179167409,14.470539770670891,2.4240509466199835,-75.02175567930614,7.69606206246695,0.6944416384412699,-60.54876088904108,-0.018664118016690878,-0.004159080159572309,-4.625203365424037,3.785609993225107,0.7217970678321994,street_level
20.388838067804713,28.709287523991954,12.392057899269705,0.2895894587673967,21.790250943203663,2.2119716202489954,-78.39102829217316,3.5553857459095424,-3.2942228418684385,-61.90794653150969,0.06799228722238229,0.02450348688144144,-1.2542709580647529,1.4375220227202046,0.9799942214438738,street_level
25.111565924297174,86.95202100374541,72.28060074636771,0.49546606388440007,7.411646607339435,-9.011586987864963,-76.07215984925857,7.8915331892924785,2.7502906383225696,-84.12268249245741,0.9273853032746578,0.06747535503732448,-5.466275279631537,5.140406008522165,0.6189707575671128,underground
9.357657405168892,24.690361680482773,13.20884911698736,0.1800945538687507,18.00226569459169,2.8641175676602995,-67.78371558281958,6.42860067380639,-1.945972852961477,-61.2646407912699,0.5021162447435124,0.04171565483648548,0.15134918224061078,2.180310450188036,0.7290324780090076,street_level
28.775076084524414,50.347852240974696,14.95462114606539,0.4302148468100271,14.315873795558007,-8.198088483839715,-88.95306752425785,4.9295027378222755,0.5488226001776138,-90.06031654421935,0.4996790994627994,0.0932166438260598,-1.3858746398293516,2.2534523991708246,0.4794100901967483,underground
12.07836033015323,50.73247840874073,21.389220057290597,0.1602431881123896,8.425848861277268,2.2828838707762946,-60.99594623798162,6.630798348112204,-1.2914043249509364,-78.17258462351532,-0.01752342261717163,0.030589703261574272,-0.9451877043190777,1.4318132888019843,0.7187206013373502,street_level
10.258781563061572,8.670306837535442,3.3845070620482707,0.0007471939441042074,18.286662052598224,-3.167478943456312,-66.10134254685926,2.4314778274888544,0.480706844936714,-66.93859251732013,0.0003891222165539332,0.009236054942607624,0.1575344391460861,0.4136753595247516,0.9584862958640994,street_level
28.35948107170159,37.781360118263954,22.42889284723205,0.21773102556134766,8.00907052090145,-1.5222410626254055,-55.61536944491105,3.7135524371856037,0.4028068647867933,-69.4838008897773,0.1907477004921377,0.019588675991148996,-1.4626298801070727,1.0052791833144905,0.6675853434993209,street_level
18.388548061230615,36.03168579766183,26.749483989845658,0.30719724883595917,6.340716668937707,-3.9708874704092665,-69.88860120444605,9.962495646547552,1.1899700933539945,-59.317768444565694,-1.3679128626038604,-0.1371076907451817,5.7655579713269,3.871766033811911,0.7599105692241843,above
18.81546381686347,15.182329953505198,16.308288345878495,0.07367747968396639,16.135799069193826,2.558016879338621,-57.89343916493659,13.100625254490248,1.5446762105231855,-74.04846409256747,-0.44162760800311995,-0.007900367460420915,-4.97432953607873,4.604074857556991,0.8551200457250383,street_level
30.131030878761415,52.75083332316948,18.59990813757563,0.16131446961740767,22.23558453711832,-4.6810725663934125,-69.78309233640908,10.75022858101164,2.8455396472864827,-56.78604312769228,0.16278729670548744,0.0041721373174979925,-1.2465495553760464,0.24567367459878908,0.6973946873939967,street_level
19.237456728492795,70.00844106963649,25.59379256856274,0.21535493055552554,17.466792284517275,2.816896079542195,-77.97057041402189,6.978865925551945,-3.7748646569968214,-75.06699924865325,-0.7642233747907733,-0.06878807518336544,1.8806793352396474,4.5903159092063,0.6771607280046152,above
5.233867957060456,9.492492961950271,4.777894692211884,0.0785373928909219,23.97045081481701,2.197288730077802,-55.81727212280667,10.135475997594954,1.2122377229968553,-76.95964335884382,-0.05265755344038893,-0.018051508167924335,0.2308738533491792,0.7915680689618931,0.637033117339973,street_level
10.970957534757815,24.815953282188378,16.210764820052837,0.06742383300171971,12.824760265637773,3.5127220639192274,-64.27745072680992,3.7231058603945337,-2.26373900818974,-63.11846859903842,0.43256162832833156,-0.0547366059536718,-0.0444061262835449,4.735641888895802,0.8618656798711037,street_level
37.50701954705286,64.98358616831794,16.42468743733092,0.22004633130374573,8.008803014232152,-3.807995475168317,-75.9176098098082,6.51719967527217,-2.981271354173381,-63.02188613826925,0.49590996450451863,0.06360136609084008,-2.548729822609019,1.0260175076515183,0.45538093500126453,underground
42.90140794148655,64.47440303981213,27.86043122664382,0.31421357717699705,11.414207704057048,5.285307323770295,-57.11262662660519,6.9631525402101575,2.2113988604503287,-73.2096520390559,-1.2933191817366576,-0.06552951248317282,1.5716711978771196,4.66082097855567,0.5142159165139301,above
21.302983723375107,15.9822790729557,10.136984802801738,0.19072177862275588,22.442713762917013,-2.3562599894683895,-66.54516226154539,8.487256297602514,2.296091733121451,-84.56093450485538,0.46570134191399304,0.026661415236349656,4.154608937575807,5.122927342260506,0.49900265711355113,street_level
25.89132005188941,42.28489866584876,22.121622408644846,0.24081911253219512,19.247538724875838,3.42462653944175,-58.97011131143077,5.227871022998521,-2.9341245584505034,-76.22627207301356,0.08629179826468031,-0.02320102621658186,0.9979910910474961,0.9280387113573902,0.6993016956015647,street_level
61.00696790360749,40.68574547968261,26.088032708974765,0.7364458306313901,8.253808139324502,-15.326406456914437,-73.9989123329349,5.697539680627062,-11.553507630928987,-89.05409718257077,1.1175619697312873,0.23919354760363648,-4.7856279318058785,4.139330986541284,0.8294792991149875,underground
57.4652095797598,58.85499664952616,63.14513596426073,0.558269227891834,9.490365929227968,-4.064797109741535,-87.70995146137221,3.9738290017476317,2.728907861758728,-72.17594144437334,0.27685419039497344,0.22381379788547542,-6.908276560472198,4.918157561323386,0.47448596076002647,underground
9.098765021249257,13.388725804749692,0.9596087347303652,0.04870965034577144,13.596010910848964,0.9072504298987631,-47.79088191383451,6.153265352991213,1.5817258130517402,-57.87337035094616,0.12150267034791337,0.023029130049096402,-0.014534172134766266,0.7130624854181735,0.6898998537878481,street_level
24.768086109441406,20.570169913867783,21.899004811191844,0.19716908972057523,24.28495119784592,3.3755251210008055,-71.58724441969984,8.115061810178359,-0.5101575614728029,-70.77435435237568,-0.05360193593798777,0.002936774248965039,0.43294148233951324,1.9317616860958562,0.953894314999046,street_level
10.540438994985383,11.201136519300881,4.002132994406773,0.038699086100178644,12.949389462315018,-2.038008460267604,-50.72185857601974,11.724112456636766,1.0098688704374679,-79.67514900103623,0.030756049908069433,0.01939084175579029,-0.3459798016162663,0.5150221720693432,0.5218479497670605,street_level
53.04712457713694,76.45180875623495,52.32230385700114,0.5102133903026005,9.790361680680231,-1.3934371297599313,-64.14143805302777,6.991142457499418,-1.7833297484331538,-69.89897131350178,1.2310610190222997,0.11501806457905603,-5.6327391161866736,7.018146453963747,0.4223239285829273,underground
68.08320461002606,44.88507102088828,21.424895139119002,0.9529327959412421,4.748466763520181,-13.752672062049665,-80.53255098083271,6.214870850467102,1.0088582425658217,-65.09873937849508,0.521713121333203,0.22252731942551926,-4.693608549273025,7.8903614328135365,0.7566962117009064,underground
19.416993714767965,54.11478203455909,29.202641968246073,0.2797204780836421,7.966363293857859,-0.0673339038495584,-82.53131806865298,5.47179830565819,2.1280441095705207,-61.39693261802519,-0.32988155077456893,-0.10479795572790121,2.7188430994811132,6.909966304471337,0.6806167522630429,above
12.227426107210057,20.429790789488496,14.520814731717257,0.09398035290579185,26.647456916723616,0.6863100275520688,-75.0075454990688,5.3134588007426915,-0.9314864428549656,-77.54723558596605,-0.37411117621054796,-0.053252501813265796,-1.501353775309349,1.8292272058749195,0.8681730962782902,street_level
44.54011316509835,36.50830576930156,37.95975515939304,0.26741256543617975,6.4983875012047285,-8.102729472981157,-70.11311651430023,6.373565734066356,1.4193567814928123,-76.85960734289928,0.32490080544003613,0.06323168880831223,-3.3367934304007525,3.963728282408751,0.5288040111306763,underground
12.4916058610825,62.2439050884863,33.88754385988754,0.32147783489349535,3.661257249307841,-6.291780043161789,-78.68171604457636,6.665476186672032,-0.8771642920765332,-84.62596122785911,-0.7598929674136833,-0.19040132440654509,6.704020259815865,7.4283058644664575,0.7260944309488553,above
14.939110219425498,33.35945569352078,12.913723131787519,0.20135641242449642,12.908444042003936,-2.7491294383761975,-67.65083430763212,4.207778531071922,2.0218075020940773,-57.76290104611347,0.4505659336647163,0.06534766464286126,-4.180546249466703,4.347501420458692,0.7451302293895574,street_level
15.111878931859183,42.033424322247804,5.195922572653902,0.049430563954910106,22.06518663085483,-1.5799641529553972,-70.84563995728374,12.574961676705275,-1.5267895582968956,-67.86295126036498,0.07491697652989371,-0.08514023313897148,-0.9236909057931886,4.10526341410728,0.4448061212760432,street_level
6.9533955183694385,8.137949603981117,2.2394549858764234,0.0593862745805103,8.75434356684275,3.1182692712506404,-62.328508010453966,11.702390138479556,0.1565756068871278,-56.652161474808864,-0.09910898768072762,0.01725250405829873,0.3808735448059629,0.5732359462423464,0.8602025644507032,street_level
18.502392454039587,41.33664077820009,7.974111110979818,0.1982889609892544,24.264714768557003,-0.13469104216127548,-67.41625719126205,10.895483385587255,-1.1071632652465695,-80.9837310713415,-0.6934489652461924,-0.06504698821039195,1.4180158367840905,2.2829073378939837,0.8836247080744717,street_level
43.010062620514155,60.942912482266124,23.91235589129201,0.3849468462083676,9.819678200380157,-11.953892357548295,-64.84794248518878,3.0696723175611527,0.0021833000976059225,-78.5309302046963,0.3313003906700896,0.11800598311128574,-3.7184873019946094,2.555394385017366,0.9239688538085278,underground
5.900964262068884,14.183339027301013,2.7449394532109466,0.12545880507748294,14.852150088661181,2.1348187365368183,-49.413139410003154,11.439227616480519,2.5119971727010286,-75.62068222350793,0.04950016678593294,-0.023829529217764305,0.42147693287538224,0.6139735082499231,0.7233444837248033,street_level
5.104719468113545,8.425411774193002,4.914696601617903,0.03627412273089319,13.956779274916276,-0.4324471455066252,-58.84496761223679,9.880165551007694,-0.17381863864779046,-82.7846594699553,0.12390017856036725,-0.021003569808022583,0.32070784734124214,0.3132757407863805,0.7883315757224172,street_level
18.900171877876694,77.81958213926323,8.59355913951664,0.24326281423185178,3.234414225918558,-5.660562034654774,-66.60751749920983,4.010970765783302,-1.131895814641255,-81.99131766826847,-1.1814099086024505,-0.07163306495436772,2.370881299309386,5.694243781765769,0.5411491482325129,above
82.1880227475225,108.03325101195519,68.78336219241439,0.9434788037338959,4.974478556890527,-16.176216422721826,-75.32302403304925,2.342878434777523,1.9835890775995235,-94.84977424142889,0.8123648362365817,0.1789876404045686,-1.6065208381675653,2.445607359183993,0.5071027637473778,underground
32.18005600317642,29.14842488774033,23.657877916769166,0.33165112691996174,10.509327191904973,2.9190008548532775,-51.80572744310072,9.879099778811135,-0.9551209007572687,-69.70343340425963,-0.013550978539540445,0.009748089193511514,1.0648492808795575,1.2430594697870794,0.5141070085588616,street_level
58.45418952697437,76.46341981113021,24.263247090503043,0.8622514493010145,2.2726049834937436,-19.567472297012852,-63.7536904520566,4.146670158622127,-8.393741627834551,-88.76547756113126,0.5929095323225861,0.2447601199739403,-5.987181844683764,6.227428434730183,0.7414619035323824,underground
24.875007485276992,84.05067271640348,19.708149988851037,0.41811661914568504,3.2919426522414397,-8.988428853152678,-64.28030732330441,1.3675705218399852,-1.4669929194494369,-93.62053635972359,0.9816849766576693,0.17324371804783167,-5.0582886166557195,4.945186410268876,0.9346397199750464,underground
20.789267776631227,25.97478731188125,8.296856296289153,0.13909382824531566,22.075724873056146,-2.1352459573042823,-65.18193245754539,12.486406307724232,1.8213490311793308,-82.37000038817268,0.7610705971071259,-0.09861360615883658,-1.3438247867599324,4.78215533885272,0.42678131442571204,street_level
28.30285429144693,45.08832808513648,20.09683851584905,0.4911828375529179,14.266079226553321,-7.13813980742419,-60.23265348925726,3.958616523911499,0.3818614565076821,-82.45747398404066,-1.0882253101803154,-0.1720123072722723,5.847248581380787,5.106061325449584,0.8291397973497439,above
24.091544575419917,16.600704249403343,17.949275138137764,0.05810574059891972,24.853013373471807,-3.7323766033790964,-57.20695817426598,9.046898544690677,-1.566645330794464,-81.06179015315922,0.04139629174340698,0.04763852354470652,1.925979956809055,4.981839476594423,0.7768649552001237,street_level
69.78629644685466,67.6276450075199,49.87930229602235,0.5343933765394389,8.860838129814955,2.920288565986713,-73.54688337953175,5.677325830413394,-9.851912513016064,-81.83919202664082,0.6018594786423239,0.14563257519579262,-4.195557954381828,4.337885505281228,0.6682823366543422,underground
87.4682733194857,80.38552784006305,36.1614530788223,0.45887783048809255,2.064815008317625,1.4159786251119542,-89.65481107351832,6.164904844074231,-1.059230124253606,-81.13995367504353,1.3159576086259244,0.07921407762486338,-5.522175405755037,5.222217168850611,0.45422303828048727,underground
32.7503839589274,44.35723198860674,38.49297411078948,0.5557220250846311,12.101063564194213,-9.102619174990398,-62.93287844475002,7.814117407723885,-4.089029062617627,-76.29595994230579,0.22140587011123303,0.10115123976600877,-1.6066096672156096,1.0382831718538263,0.635843044059967,underground
37.834151014717015,41.76523923896167,26.139738201211713,0.2692631497577623,5.7882940794007105,-2.7686142287234015,-67.01545884173275,2.027422170704983,-1.712638908231515,-58.57520931425552,-0.7604981571628221,-0.0511052943049512,3.605599817822264,4.850881744893596,0.580020308745963,above
25.258875508875654,59.96941884089767,18.568159391977332,0.13051467505245604,21.103573421296662,-1.9239561021648823,-53.75504349378518,7.3045434015270745,3.2268278578774767,-77.55922781112055,-0.07979766618431489,0.026746483730361828,0.13824304089819606,0.7025245639999562,0.7616210800905423,street_level
5.144702941413651,14.771394058909,0.619549656274895,0.022103083615510815,17.857296200901715,1.964258274744112,-55.61881696454833,10.478426078158353,-0.09843711468844951,-67.46033529101486,0.04033476506861183,-0.021157946618922847,0.05010691930187183,0.6487645767067467,0.9471866237469981,street_level
28.010555398630043,56.17215410047174,15.006340437201835,0.20958666734371162,8.796551462304873,-3.498296522089582,-76.01603655640653,5.0866735630730995,0.8248348389089744,-70.61844707745479,0.047379553384883505,0.018962589424250234,-0.4241053845609777,0.21553779172066045,0.5365226787210565,street_level
25.572552376012453,81.0915238317769,24.999631014689335,0.4389786103119726,7.650788467443171,-10.942251068948298,-80.65591935452676,6.197073802904815,-10.334208351183863,-78.3025193798497,0.8847759556906539,0.059226233076683496,-2.624855653909317,6.124416403002146,0.8920923562493385,underground
45.06078455227694,69.73326498913904,42.05096282482348,0.4933258325651155,1.2103667149151243,-2.1456295337676785,-85.13377363016721,1.5063197700732358,-2.905495372136432,-66.05757223689042,1.458456134681344,0.19703096349924223,-3.015289762056682,5.808415470399948,0.7478528472333991,underground
43.70582761359134,40.95593138723588,34.3004793996583,0.2398465452837614,15.005842580286988,-5.789013596937275,-70.60685597190373,2.2751965685365256,0.5384199000607497,-75.32749957416473,-1.4288013665003598,-0.15341565198243146,5.353061313590032,5.757312109894971,0.49784635088762885,above
9.72160459731139,9.274905022316497,1.9211164918136603,0.019908886034602162,16.42274511921492,2.6838931935731933,-52.34319536878857,7.5777249129985496,1.644836780337159,-52.25680975883702,0.0657426322914818,-0.013484620559505289,0.049249377913169856,0.7466393231528436,0.5465258014532316,street_level
12.481313141311118,42.81507555602636,17.485374033098484,0.12622377426237957,20.252999502254468,3.998514272853255,-78.58629396171591,7.392681161313334,3.5299719499603768,-55.77233216207641,0.07441094104344984,0.02712173557688683,1.2720989661330515,0.021797216243530038,0.8788651073054387,street_level
15.184528175761354,37.570134818158195,19.919006167093784,0.30088387904710645,22.092251159797417,0.5873727327043206,-76.61543763074525,6.216449529398233,2.7892267411242724,-67.73176370367075,0.01865005294003509,-0.020710526367262738,0.2401589065597063,0.10490052077474155,0.6365953130956932,street_level
10.5978108834238,12.317321138219565,4.0237692196470185,0.10741239649457322,13.349598292578191,-3.9915278995863606,-50.22483806699685,4.898918992645586,1.1716351501650308,-70.87147286670938,-0.12114284911299211,-0.0077533172799743,0.31357396702037876,0.7453075233607057,0.8466372671298361,street_level
12.936196696674362,23.594434483423463,5.709838083381376,0.17533135091722868,18.80377536522638,3.846858199892605,-74.84469930092935,7.643679030895547,0.9019887947275249,-71.44690015139192,0.3856188487672312,0.07342204498792179,-1.5270914314282562,1.9804208245599344,0.8874754445045816,street_level
83.33775409223078,95.1149233125912,15.099592531055912,0.9271577035056017,9.989825628481471,-0.8562667129997266,-63.336541375896786,7.4691169955257655,1.3393592719276768,-89.39373627802065,0.3866311385266904,0.04913097680685661,-6.287456384569277,7.840586166053196,0.8171387978261773,underground
19.030659820405642,44.065963115923765,39.469994377585564,0.20844940611242074,4.662587524028995,-0.3009336992566105,-79.48467024018413,1.0017566426429492,-6.780373012251972,-94.87083016169409,0.5254152787825249,0.08376757173578922,-2.2850169583619286,2.0216269378509493,0.9282797748532086,underground
27.289456339992995,105.750688409197,75.74389375479241,0.8212209356661089,2.4090222061875357,-8.966708302365324,-80.8987523385436,2.125930863623137,1.4029624218961771,-81.17142668377386,0.840157195541119,0.19776079280593106,-6.46425153322131,3.912705319907216,0.8408950279909257,underground
14.252260931560173,45.14563973439624,10.626177571517175,0.20947481730422512,13.116018250342128,-3.329642701455744,-74.56362935932894,10.640817652171965,3.7867019309343704,-81.68397758402116,-1.1762468761818132,-0.24399652579278583,6.978711395865728,7.712627852557714,0.9459607027833589,above
5.314707354004808,9.177352290293637,1.0522340782344364,0.10863613534971116,11.230163968830299,2.883830511630104,-61.81956278085998,2.123823013198976,0.3233012122894312,-84.1823480971971,-0.04877497571669459,-0.014163492929593628,-0.30933742131862496,0.43792656833064925,0.814135712223366,street_level
51.47157925833993,74.2091339800501,77.93956197977792,0.5814558494606138,5.239753433185317,-7.391688878768623,-89.12454459046819,7.339858559495667,-3.4284840331807835,-73.53247161056967,1.1779963173846562,0.0748075276139063,-3.663943469207201,7.775077832289598,0.67417470784614,underground
89.13026641796152,113.55555345403937,48.08491287109478,0.8799564810872177,9.454841835621572,-4.77301560277208,-84.65079802266675,6.495865435923925,-3.435861634806944,-78.82446012700913,0.34583620051985997,0.24574840554253785,-2.452779444707864,5.885955379296181,0.5993168283707031,underground
80.91855534307244,87.63883208453262,68.18668804739538,0.5483653921053822,4.640518809514608,-4.899950574667461,-65.1757534412351,0.2612246093401751,-0.3125021819058915,-70.17164076521448,0.5032662935417533,0.20315237579414172,-4.530618530086067,6.352440750047632,0.9362394320457613,underground
43.08097499576316,31.738225674459063,33.60364154412795,0.5697481085888962,11.822460738913374,0.38368895592291175,-76.73563851866409,4.674187390550976,-6.154770311778013,-76.2276053330576,0.3831783187944311,0.08004132133153766,-1.1416581696489803,1.7919211073536947,0.6296555461412255,underground
80.60204860024061,47.451733953563284,73.33426731081272,0.5824664584575723,6.005635072531065,-6.213984094682324,-60.50336793935299,4.513713851591587,-10.25744449285238,-68.04592509146919,1.15677884802872,0.21268543174839116,-6.198083288768234,5.8959540123587635,0.7876589295473655,underground
9.645132151332298,33.61601770204467,6.4764548058327955,0.09945811232323899,25.214099296057704,3.8151210053285487,-60.893876232081695,10.402811256155626,-2.793846262212922,-57.8828513714538,-0.6424887924023509,-0.005477336713366587,2.26911094824907,1.2218050251625148,0.7971712217537328,street_level
30.09771163233465,69.40368069178676,28.607012579911274,0.4775826826696393,17.492772015885613,0.11005918887171262,-77.28532584648563,6.6814190766051675,0.2552030252680275,-67.95830195750501,-0.5792126132616148,-0.14458678583613158,4.24986505196794,6.366603110833848,0.5868693010737619,above
22.583015271671112,29.91312444162913,4.109707034820423,0.13783738052094904,10.97283252388086,2.297071815538338,-56.64398654090274,12.211931841202963,0.3264700334566797,-82.40720116822364,-0.5645905543567841,-0.016968717738907818,3.724231111314108,1.4050556141132744,0.7486591475436182,street_level
10.119330380797717,16.99287249466405,2.00346859249468,0.03885890212353171,10.77308368777138,1.843162204614421,-56.19682663586542,7.486661156021386,0.5017348001615658,-75.62942484027056,0.0620220930640944,0.022253309218242846,0.1682553572985842,0.7466619112853624,0.7991921887065294,street_level
32.28906585218553,91.53766464442171,66.61521730496497,0.7371523968667366,7.73599713373049,-11.21112562157481,-78.67775509188728,6.9302195074827875,-1.0819269424458149,-71.29474694601129,0.9330512438756415,0.13877745097852365,-3.5065930793716147,2.0339822876088545,0.7391266018535577,underground
40.48338450705285,64.1374273424824,20.33369720499931,0.11887697603529475,16.86341088379915,-0.14669109493927301,-71.80882544144222,8.33525385427135,4.406619131290038,-81.60154935500896,-1.1721454619221987,-0.047371642674144676,2.7524621530024898,3.3852587399326524,0.6760607764459707,above
12.802779911475916,76.63745817144176,31.127016343608755,0.2502594266452607,3.830127346678962,-4.7418857752879155,-70.35209751293351,3.449014090113654,-5.602633097922249,-79.1196885527901,-0.4699042207875932,-0.14530084891199435,6.742683927605097,2.4144554743291846,0.6835045318100001,above
22.239851107434973,31.114907517155743,8.924830335284751,0.04766475858543427,24.251178329002183,2.5006827343320275,-62.31855319613537,11.071392867626496,-2.7685421325382844,-63.80291407985575,0.7993580294317335,-0.017957109746734964,-3.8126058725018925,4.442610616129626,0.5360917984404532,street_level
23.80104181236086,51.66340976106048,10.281013032750511,0.31131831849558156,8.933959343129919,1.3462487029518382,-74.99800797313561,7.172739368564744,3.096768722377565,-78.77255546581334,-0.007854738136627598,0.030453172428797304,-0.9393195652455725,0.05674130486700757,0.6448187482981593,street_level
16.78075202373394,35.83086149662752,5.334791748275831,0.0363464986222458,22.813779595520977,-0.22759490596203413,-65.35080759739103,13.706604312494687,-0.5127547245492021,-78.89911230114262,0.6274734448975459,-0.06922630859327648,-4.266430011815972,5.074462700795759,0.41792070364974265,street_level
86.43970274211823,106.62020445447904,74.76520329290437,0.6186785147433393,6.322668355728157,-8.667231760437767,-83.6103627172877,7.913358471248203,-9.001440501402891,-73.0138710016869,1.1747513600330153,0.09686653649978166,-7.927165397888483,6.485348586294587,0.9309008606856831,underground
37.33173410806707,56.972900485588085,46.97403920471041,0.5117873092232508,3.6286891619362835,-3.8583205179727216,-75.9033708182089,6.816452453280677,0.7461034705597278,-65.10619270882192,0.8358443887129041,0.07378091320451398,-2.3313359813154566,5.575810619649174,0.7691049224384026,underground
40.83797034650311,41.190073986550736,22.34100886597847,0.4874380793207259,13.748178471502206,3.8180306461146056,-59.16385723892722,9.665275121948476,-0.6342833668479377,-69.80001928724525,-0.31602452649719637,-0.2231558231872059,4.522367234445342,6.000255698019914,0.5223719681322481,above
38.820902227421385,40.24624259184891,63.99702180579764,0.5422281690314495,8.014231238450991,-2.5444617421642874,-67.28894255717472,1.4732168920094448,1.5376151335252022,-66.49192464600158,0.4232479922508128,0.08797307617815749,-6.6687295215758375,3.701304642312709,0.51862826304534,underground
14.240973938522437,38.80931646495469,22.540524035135256,0.3043309374324311,10.658137854822138,1.476864891329174,-54.89857469970608,8.772505813723876,0.26131568332254407,-64.53167374425493,0.1980289224317552,-0.012642189644156164,0.4968407802119543,1.9256901954113073,0.7705064769868478,street_level
22.924949445448593,29.76934347510207,14.743649969370033,0.14169524735263947,22.660376178407585,4.657395982820553,-77.14956059654872,6.897551008694592,-0.6377083605990013,-58.88463113158406,-0.04323744706594213,0.03952738673955075,0.9556421165150333,0.08397655032441365,0.8644621674657773,street_level
36.25931606694947,71.4344809807953,26.0681360048089,0.8086975880525881,7.357593188221906,-3.2074022344530526,-85.38405945847171,1.7751782447433637,-11.510617110264105,-75.79990242719037,1.3191277547038092,0.2177610438911329,-6.80889179021565,4.203515625476826,0.6145789999265963,underground
43.466797315997056,62.24338887745749,74.24420829440015,0.6850819574863622,6.9245499019888745,-8.646271070725218,-89.75110543082812,7.934525496307449,1.5336973331506059,-82.31612250336524,1.4617661033520497,0.18706622141245788,-2.0860706589371434,1.9411732949593534,0.5157959481616233,underground
19.591224760059205,26.797936126264442,14.141932888916578,0.1256546929881073,26.573839237819346,-1.3350439120069266,-58.66910664668204,3.2456030167499703,1.4992326026883322,-68.79568751199372,0.014878685444497664,0.0979887309659015,-0.5744470933317167,5.369452129720878,0.8698904180625339,street_level
24.721499783670698,57.78445956668703,22.11737694367247,0.2555775998728995,23.703206992641235,3.4973835220193887,-59.653033190773655,9.100465820845674,0.5823786628486456,-62.32913322669643,0.11142098298090852,0.03292350496737499,0.5094285977441961,0.9586746866160445,0.8574846518433329,street_level
20.802511341439157,40.07682707730118,15.624843370713055,0.3336265186493846,9.237362826298703,1.3952844949329517,-70.3431799856628,9.640888750989202,1.6391248316192915,-76.20787203678005,-0.0788398190221318,0.011926659918760123,0.09092232665543509,1.0553702852741678,0.6957644777428988,street_level
33.12936948678716,70.91217260666184,23.376701495908833,0.3015145414032107,10.489372166467023,-11.31593758512494,-58.37658147825911,6.874121811604261,-4.245080593219643,-76.52544681293517,0.6022468292996689,0.06295288024309761,-1.0413561931442565,3.209245772196155,0.8555617875436241,underground
30.57630738876925,40.726020973828795,13.599806162659114,0.2921335042626425,6.323333254307132,-7.805654567781996,-67.75121675040064,9.20767757722672,-4.995498408097002,-68.56872476069643,-1.3870242208820676,-0.20931948283389656,1.6581540149487002,5.6413859617344375,0.9482474588999997,above
27.11703771481391,35.969247468525076,20.649931540798466,0.21238838013157468,6.3920945501612465,1.6674322541113895,-63.58918938316015,9.16768885372526,-0.7978552090781781,-82.06554977970892,0.45732962586425807,0.057784442738079686,-2.5118113501199915,2.8914930218800015,0.635424561430585,underground
34.86058866818308,93.4371292034875,60.18215929306692,0.6572290757655337,6.745072043966309,-17.106880476619903,-67.14834988029486,2.675392762171212,-7.100700501221161,-76.6974032251271,0.7078173300404702,0.13935386230611144,-4.888997974097778,5.527618487716613,0.8208599289320353,underground
19.79320609276227,39.51737272507255,16.1000727898506,0.031414900748779936,25.012279624320648,-0.7426197918788082,-74.16879845269241,12.854290976174832,-1.3964697090847413,-77.92757689547321,-0.09448261994865326,-0.01775157382652906,-5.692188737895917,5.414000808673569,0.4485640610159371,street_level
11.045905890443047,11.005405336986406,5.869190730411759,0.03671427022629252,11.489663228842522,-3.74767238419881,-52.725847911744765,5.973633339443232,2.9059945599972066,-56.53730450441941,0.14472900633067512,-0.025259985841751875,0.32088507786731635,0.052437081305565326,0.9890853719615953,street_level
20.50429970724278,32.959195215468384,10.577698785898875,0.1351667890403459,17.163346044385705,-1.8889475269750937,-73.05633243637541,13.080429243137143,-1.0119587531970407,-78.09593282638556,0.6109595774847845,0.055704760372868284,-3.4813262980650572,3.552045342605555,0.7396652678065267,street_level
28.36222478155918,32.79841395646574,22.59766211252019,0.4942027471864674,6.4380402976120665,0.35100997296647485,-78.32525003517291,8.301056958785072,-5.648903831221549,-71.29932710389595,-1.3097127152485974,-0.24420974299514067,6.782009557615615,7.749200146697193,0.482771915125668,above
72.44632442124676,105.12939999102527,18.673658262412165,0.7307521565173889,0.9799696341184572,-6.725896473973497,-88.38071495413678,7.894834929051916,-10.639228864837253,-68.92281675876514,1.2788936104591182,0.041878122747408535,-3.869593437582452,6.102124996855405,0.5675267495607077,underground
18.74452320084698,29.26192024342894,16.60466029475524,0.09450322662091279,15.99803699778437,-3.6218904119335313,-67.52958102302037,8.675750212917496,2.4767155763484014,-79.69312541175036,0.798877204896058,0.025329705572100736,-3.3466649117878973,5.944089761242671,0.5888614328740219,street_level
10.153443530602814,16.165382549145615,2.537783084473568,0.015199749755919683,12.99946502254586,1.8228499711131274,-70.86821565187641,9.128819139929018,0.6713643784475947,-72.79937390680712,-0.020625984980599088,-0.0023854095632704006,-0.17353207171869323,0.12909293471971992,0.540616802023858,street_level
22.415997522114253,40.880502551888895,6.882510817543936,0.05977398268666485,20.091211964581934,-0.4578962992482527,-63.51900318202936,6.2347255999675255,-0.789265403520615,-69.7315964017027,-0.4052847532787306,-0.066193366132864,-0.3370098784121929,1.0844103107197118,0.870916296797385,street_level
28.790999276676974,53.31477474359171,24.98569879054006,0.27674044735036457,11.431657273695016,-2.9522362572193304,-77.38642477422904,3.4779565569653315,-0.6974188864481636,-85.46527628911852,-0.37536888466679397,-0.1005625214356726,6.9627168581308645,7.163035837146356,0.5071749317273014,above
14.44578007420168,54.171724826565026,13.670193623827663,0.1790689846800933,13.027994553487348,3.150077399831069,-51.579977651666454,6.168564458436787,1.5629868834358227,-70.24368466678666,0.11971747307313702,-0.013605345478850277,-1.4817526250866986,0.8039110933288536,0.556501240582409,street_level
25.166250640554615,32.269922159896154,11.389662732761831,0.1969487616530332,24.196249275980705,-1.5000002178342733,-75.75539156526352,11.42107819094294,-3.341143591089761,-77.39375164910494,0.03519763403856138,0.022599180406222434,0.2978719871034521,0.3380104934378916,0.8120357217775944,street_level
4.18924679457398,8.191626182959808,2.8995327120315073,0.011385630237844157,20.90464296164837,-3.3787193318012063,-55.41629011541515,6.845706668844915,0.4056226144673247,-64.88017795823619,0.14546421694855619,-0.01486858762227478,-0.4251953703497049,0.32933227678061616,0.650770567188623,street_level
23.770801460075532,30.91551722904939,16.626760410088494,0.06955866628064505,18.285352134314074,3.464267626695423,-73.93063672580259,13.935408787944851,-0.8199427917349134,-68.55384785978256,0.21478844119449603,-0.09102082490870658,2.6553957793570344,1.050447674116213,0.5504653550066718,street_level
14.889259063354924,36.76625824587717,4.489439830662432,0.07900504177950428,26.405796151096975,2.3221954664102924,-58.410260568807786,6.522450793945672,0.2667558136880812,-76.00693415552908,0.6905886407871524,-0.08501935758921375,-0.11818129295533453,1.4070582480594869,0.4775609810826836,street_level
20.968850878921348,38.16241793161829,14.192385419088204,0.18790055715962747,14.259689338899907,3.770524634378946,-55.30200627560373,12.376374956683899,0.5555035729671172,-69.53230943903361,0.6785368553798459,-0.08203331981041054,-3.1803136734147652,3.70797363811327,0.4539096744317316,street_level
17.532720824857357,27.447903539191948,13.0207178046568,0.1118429449382392,24.0034381304908,-0.03960110415958251,-70.98610771476712,9.094207875096412,-2.231695071515352,-57.54934636290816,0.2775194009656998,-0.013346920874014928,-2.5245249960041796,1.3378313581130832,0.6078614450288731,street_level
6.151134052521965,15.056068386163465,2.5204897397832955,0.061254864960226016,15.159252868029004,-1.9366353672114105,-48.70457980199572,3.4067378044141874,-0.06974053252704149,-66.5746674002089,0.08870466998901524,-0.005894278689455083,0.39500495183091877,0.26943326168189036,0.892387680201948,street_level
28.93384852897873,76.32843545572021,21.46922221696523,0.42110601855666474,9.413973163002227,-10.48891338331799,-73.64029866273813,1.313397948226186,-0.6578544732592544,-90.58804647346889,0.6036408605467556,0.1066794370487603,-2.2723666499891477,2.569908681464183,0.4830138004033297,underground
25.383576641685003,51.19690625265469,26.278157816800228,0.37819184330661315,13.624029290130585,-6.248608524976513,-73.80550991692253,8.132249109036763,1.9149228281022506,-87.8131512425184,-0.6119066759452882,-0.06727604946312746,3.6374547825215635,3.2300872030996417,0.7581768988576298,above
18.604934154790218,40.740800875113884,16.755340929385344,0.10336838726556509,17.189175877456048,-2.9550655142639206,-51.43143616380672,9.887550153323499,0.12998379765249712,-62.32897757305361,0.06281690463798884,-0.07941105563226131,-2.763285926613592,3.5826165159298577,0.5821698207464097,street_level
18.76827653561745,16.963053515859574,8.38449882485472,0.10183108881788488,25.22144317512648,-2.2567935073352503,-53.21960767895119,6.621942519862135,1.5440206327671246,-61.429804719457316,0.44538716679344836,-0.032670712502217425,-3.5104618644137915,3.0135740255974204,0.8294688502244185,street_level
13.210019411949196,24.945941670316454,14.69943792044826,0.03942898107952192,14.335406400886367,2.34889581802138,-50.69876554834565,3.085149376115285,0.9163189315117215,-84.04396338603075,-0.28885859483955745,0.00809089119492204,0.9860280472667577,4.2475808694411405,0.4329122214303708,street_level
46.27756896223741,104.53737027767984,25.61354760408002,0.4761087243352891,1.3282091722875233,-5.274709048390463,-74.64052730016209,5.935752330540199,0.873451559059836,-78.07076836085751,1.393376519580166,0.17688372996631474,-5.724154515005326,1.6113025421036915,0.9458282533841643,underground
35.13474169308646,65.82169739923364,26.638221323650175,0.12110726288179717,17.95647915631885,5.87727935451559,-77.62377363069137,7.352269981897171,4.589288995536238,-91.00473788481987,-1.0858640307746268,-0.05758091602100435,3.566005063659399,5.3718521596137006,0.6001022865465916,above
6.631087167586034,11.334116398002333,2.2928174492634117,0.13001742121518245,21.68996336008017,0.014171536777388916,-60.639690408641044,4.495014172561055,-1.1559996274393836,-75.27455040275505,0.07110329488967976,-0.0016234177852536003,0.28287050225651655,0.008836543231606786,0.7488038221684632,street_level
29.00894915456055,117.41410780950892,51.552730944709275,0.9365821095442034,8.140310471525392,-2.7361798581523082,-86.55813008123398,1.194835692994979,-4.363742040403739,-73.70334430827215,0.6606406877034412,0.21023233667792268,-4.839099433819179,6.316776081102583,0.9206356094209093,underground
27.060151260505975,51.41892580214502,14.294117741081108,0.45080075410819676,12.013294098540744,-0.9030032286192062,-57.71645455306965,8.966270612750046,-2.3230712128453694,-89.79485217423795,-0.2750759211400011,-0.20558914507725184,2.827954028186456,4.843030784056184,0.9114153216617354,above
4.708072421337396,17.1944782085806,4.878282142350846,0.035704806812024266,18.9493915587297,-0.9152532001427112,-71.99692628561975,5.570650277196802,-0.4211280963789905,-56.33493081803245,-0.062013887001541326,0.01953252751220226,0.24138513015176466,0.02056175836885137,0.5816872923959469,street_level
29.53251729869597,55.16172146774923,12.822403710996925,0.42947091015087313,14.327384206275509,-2.928494119348967,-79.30809990625625,2.8690931300287588,-7.4164431087150255,-75.98050857268524,0.28833258402150846,0.09024101771426239,-1.4150979108736341,3.1020903064305205,0.6013445447358965,underground
14.330727204282768,53.55307086891117,15.407148069622707,0.23019625755309037,4.569845862233127,2.768174558110914,-75.2206940953654,3.7219204997717434,-3.9135869569347963,-59.494862306062934,-0.659081487757796,-0.21157644468304085,6.971378904804168,5.4873180695989126,0.9314877246367513,above
34.73250635724021,34.98777584208106,14.4487306236332,0.14987450861000778,12.76628750661636,3.662350521853824,-63.48502033917839,10.50410951923997,-2.3485567297399035,-63.137930100774845,0.16897040260390403,0.014109170555705194,-0.35145564662678574,0.07867643304131056,0.7576149339425549,street_level
63.05097086439731,88.70274840623887,56.25270666699398,0.5418759533158503,4.381972098313054,-12.883600526881239,-88.06845893283747,0.8276269268588319,-6.498840301830201,-90.88788170495931,0.38344424116605513,0.22260438039209196,-7.298874609054949,4.304281990179335,0.4399316000278017,underground
61.80785487988241,53.309900834432554,24.36652373098105,0.9504948688238627,7.573236888648859,-17.21510703487846,-83.7595470789863,3.4846122965092112,-10.983672081076243,-68.03719692573041,0.4327977897707933,0.15017054965268922,-2.5663984491261234,5.655653016678,0.803505479813415,underground
15.102568946352672,36.63468117187443,17.463162968453574,0.16448517982618724,27.79430254046797,-3.244629040376932,-62.16334219323353,7.220500931210161,0.7739351294568482,-70.91586218181865,0.31362843900838233,-0.0501843104333076,3.240654215346618,4.485692911673258,0.7400792960228992,street_level
12.513912654950447,35.06937904360621,24.271846869007558,0.3816033996681836,17.17024761998008,4.365797965244937,-70.26234570319188,3.118717665585992,1.3173643144017637,-69.61864445345046,-0.4472938524003913,-0.14523538499853242,3.69936247467101,3.9477235076600468,0.8594228727112442,above
10.351347910122316,13.094335009574896,5.604669119914502,0.034062995178357626,14.317559251263862,0.6588155966641347,-61.50220159354651,4.0006263661445125,0.3276461383321543,-50.81181510814344,-0.10873217526279491,-0.002533767818323155,-0.29604188692057987,0.5244651199404217,0.856418391067508,street_level
16.040525138620975,50.42160054715126,21.084513356033245,0.46591850182254785,3.4544938650827457,-9.144644663592654,-59.588948391183465,7.9082055581512885,-1.3010145130817135,-76.6482289670289,0.3186329279685357,0.06932710923194046,-1.655281275628108,2.886132959087435,0.6514688249718753,underground
18.387453703590502,64.57889852902855,37.01230316067331,0.5005299384458484,11.359836670521663,-6.924214283811038,-64.2456734656727,2.207459555321072,-6.284915971533073,-85.57763352242748,0.47935880575892564,0.04753356067315981,-3.7527582021986565,3.2653207048394863,0.9321998146717309,underground
5.3581216220556716,9.508675017929196,1.664837827305362,0.1376100312095632,8.059808367256567,1.0789304272397517,-64.86911633229306,9.750548518195611,1.5417010494591166,-75.92805621671103,-0.05166763674816961,-0.018744819706511973,0.2931994365466759,0.5646342605431347,0.8992248177153864,street_level
9.936995474660733,12.340338635041949,4.582805053325963,0.1323701404519871,24.867394044582714,-2.7424184224936425,-51.17599750403511,2.2699725615624358,-2.2407261244195436,-66.5445532130849,0.08409078553105534,0.016033242933416562,0.219490339438568,0.11962175450465296,0.9954902821401223,street_level
35.186239061696156,43.27915086861004,62.70187490439897,0.8334359836524365,4.970989785898034,-19.280152481255357,-84.37787451059913,2.7633239431525753,-10.125924671146516,-86.65860029078388,1.1356708855470434,0.15502443686066825,-3.7464701885607825,7.922783943731671,0.9374759612312032,underground
57.610551027850704,98.81007965543527,78.95609770155767,0.9166137883794554,2.387558086190732,-18.79888386644685,-67.35558178154795,1.6664962399468983,-6.611920713592293,-89.53164537074906,0.5244818840810624,0.18614410128417053,-2.943569462657912,1.9549718572624901,0.46563107254146485,underground
15.267934435432089,28.835756261679787,16.297501870197536,0.16189434048389573,21.940388693266097,-2.908229685809105,-71.05489321449097,7.110438978347513,-0.37137556174803077,-66.17903114356571,0.1785482419689968,-0.015450741568185137,-1.2659098937911615,0.37596637796496823,0.5827417649193094,street_level
4.131754421750687,16.324609525597758,2.459766054439284,0.1481023623293825,14.850402794996306,-2.871213434381014,-54.31631800151783,4.264687587228171,0.8599228838359587,-54.374682964709045,-0.0028001188524263143,-0.010396935264791747,0.43634345564460597,0.6093088338261439,0.5451097666465449,street_level
40.3934717867851,62.701606342002385,16.075557014620024,0.4175243189609875,13.589734186186675,-3.5073545938512627,-79.4349107901971,4.193097347408492,-1.4124946191190615,-60.60832884018413,-0.539950246640716,-0.06089487341773098,5.960925671789456,3.8644032391577015,0.7275004226678499,above
17.066481678019443,33.053156915161814,9.476393371269292,0.06442382369779952,20.368371273864355,3.2407357025784886,-65.17214975119936,7.393678206679163,-2.472991136586254,-59.251052612748865,-0.5982880362602598,0.02985689515715867,0.2745897630298906,1.3887081593482584,0.5454834634340484,street_level
21.077605577087013,37.08875419489699,15.407621598642724,0.04648169366663036,24.87069998716622,2.5142607861368242,-54.92372985794094,3.606653636991216,0.9017665612775843,-75.36023346984203,-0.5362151508844613,-0.034280881098946045,-0.7828520611141254,5.353201402831084,0.49464735843107277,street_level
38.557502471101955,77.39256772530183,23.018464636101353,0.5230700649615219,7.157753885305176,-0.08802968345530182,-72.93550893784834,5.241338520448696,-3.848506986316954,-90.29570904657821,0.5681818115034029,0.11417203389858513,-3.5873596815861313,2.251782911830889,0.8569671044647649,underground
67.18150649623689,118.94976537687182,29.574094240367458,0.6128591820927929,3.243749760723164,-18.374418625641116,-88.99920284317307,3.064997812061656,-0.20785097635614846,-86.01081951172551,1.2718994776927401,0.07160270205923482,-7.8481131319093,4.263943395577732,0.7159045932047877,underground
35.54847491105858,84.7093580750711,32.866293906946396,0.36276062530574665,2.0598748583445046,-9.009904916850667,-73.50793011858374,3.531292204606789,-1.7311874665811047,-77.44528660821851,0.8805908051362632,0.18722254833367943,-2.067314837100084,4.449679936486389,0.6791928211600521,underground
28.952102399377054,25.620792719208293,10.998822651708593,0.12651045759096438,24.24845747382799,-2.4830189527042745,-63.36236196767709,7.430091048681106,2.7282331529763058,-69.4838564005973,-0.021469285770428365,-0.004038556395712135,0.6695372803355091,0.27435100527558154,0.6812339231376094,street_level
22.789784582118173,43.32811210890121,12.604953230049615,0.09998403715005748,25.685041349748804,1.5290080741641248,-68.84359934371562,4.8978990886971605,0.4543749287122547,-70.10844654941954,-0.7359470959691333,-0.048714431242306816,-5.5161795348248175,5.841194769455971,0.747327584594147,street_level
12.9457667088895,20.589046646885876,13.127149386393775,0.16530792634749272,19.388699647556404,3.2824566822651065,-77.77162540951564,5.869570156805438,-2.92748673010772,-60.911889944986655,0.6322100166357234,0.027533292661690162,-2.2218256012918576,5.577246797022138,0.5049783094387981,street_level
30.03019600902163,36.141576489116076,8.265164366871492,0.3091807373767831,14.622577318540003,0.22070889606090205,-68.45764295664009,5.330399438279411,-3.31833705725027,-78.22489647733755,0.17271272065592694,-0.019237201556723725,-0.5584189620251675,1.6971742007849577,0.8902107878427533,street_level
25.2080237627926,39.61421088554118,24.431820824843527,0.23803350063651682,15.72992842640502,3.107809916961372,-62.39546671143768,11.35981645442413,0.4121018050517531,-64.59553192069085,0.006063758138031755,0.006495171242729747,1.425697453651399,1.895730919239694,0.5438287161528605,street_level
8.119651788767476,15.327014190399673,1.2498968825771357,0.13138594948519203,15.344964274443925,0.7058814200159134,-47.71969730105318,4.724653541504103,1.529808639625231,-60.68303880729718,0.03913469140082765,-0.0022949547239898734,-0.399109620407875,0.151139269572508,0.8184913952935372,street_level
11.01945415128224,15.786687479198784,2.842809354077078,0.13693077843352866,11.563350415625877,1.0618490582265538,-54.47207589545625,7.504869238808419,1.8104536789023395,-80.96918339968585,-0.07662357855528902,0.01140872057290726,0.46626362979863667,0.0314655538103839,0.9936136920890979,street_level
24.279873976477294,28.028483482620437,15.756641314124618,0.043426890531593904,14.291007677167347,-2.295063243208655,-56.674812600164444,7.384232744492467,-2.058638993491207,-60.14980800341279,0.6757212621774584,0.05905111086761797,-2.3713812512908787,3.4663762460983807,0.6348936297917218,street_level
5.469777252543582,11.792594365045126,1.0372778684994468,0.07160488981500593,14.167260238491245,1.392348830095722,-74.79685371425838,7.376040561485943,2.7839303748480173,-69.61025773082221,0.02972170549193537,0.017436667179324933,-0.2675671229286224,0.48315993048904216,0.9013904008733591,street_level
16.85229250224731,28.032034523755375,9.396571529838052,0.06931998115653731,10.416975715919312,0.7997474029483254,-55.114885510574325,8.92063544269145,0.45229494158805217,-63.51710312801782,0.7928821148622553,-0.005330806829782486,-4.473949115962872,2.8401980190638936,0.4912247240867531,street_level
20.321394836029892,24.263933658020825,10.611324061983524,0.1541956273505831,23.662132560932086,-1.0710177186359884,-64.38151647214244,7.683316862585603,-1.9979262174995684,-83.1026096232023,0.5919885393378745,-0.07789565908598933,1.42831418494724,3.331707118918947,0.5650001409815533,street_level
36.01423563108952,58.31815168245764,22.39403464014974,0.35537792937092416,13.50166574506408,5.959778907946589,-60.50973169028864,4.867822643528096,-3.475944937536128,-73.63619275114809,-0.9798073847191417,-0.15855807854710596,5.558893027902179,1.918435443012271,0.6008456182672313,above
28.7171538228177,34.37766119940454,14.111590025066604,0.28464917290342506,23.11435565053707,-4.756487011329234,-56.78922535550301,6.589958673601247,-0.12920400641887841,-74.19923668366648,-0.05060341376586417,0.03683327722348849,1.030386599208355,0.6634176547357844,0.8673561501272112,street_level
13.71258724091596,31.32128622182212,5.986990725043892,0.06974022451725029,12.553077382963114,-1.602762631749278,-53.445174464432284,9.539978786062585,1.099218158989549,-58.592907704549376,0.7818244614168144,-0.09565890830523044,4.353994983446254,1.188596850051483,0.8952381414861463,street_level
26.127287499633596,36.926429360929305,19.805303111492904,0.28588408167125867,20.820523314253425,-2.613488588149444,-69.15486866707727,8.324669969371321,3.9878678133291006,-59.77618810157839,0.16377892812744124,-0.011063732933030972,-0.5059811860105229,1.4612758985415997,0.9814417423305417,street_level
22.577944658046615,23.09551196586355,10.591231008445309,0.2073785266288852,25.009937267836932,-2.2522948348917513,-71.93716396207084,3.6860869479521563,-1.5994270567518827,-80.46165121669716,0.24931009879145494,0.037457307667280254,-4.793271162001145,1.7414077777130734,0.6258894599737024,street_level
20.43015988126646,50.81634332364176,18.984358475736293,0.2281957350887633,9.247218606134531,-1.3834618136070223,-76.01258261484296,7.428054897200326,3.1121954702485812,-89.19518115510046,-1.1864054092297431,-0.23598640589156192,4.465205395312989,5.376415222423029,0.6326752973718617,above
84.03717929388078,115.36048154307728,72.26651305433482,0.43757583816268686,5.7698563686435484,-5.4045343113825535,-83.26030776219224,1.1019028603072476,-8.353209592677494,-69.20702068550045,0.7038791550291397,0.12337187268098121,-1.9186996334722348,6.275450966082248,0.7231144581981723,underground
88.33940526851345,65.16092225652656,32.65369483658819,0.9584373364228499,4.749685413349968,-9.874544410471783,-73.10525668905066,3.645359867409703,-1.7239477896705182,-77.3218309364906,1.3012932603225118,0.19365257196224914,-2.621934406718469,3.4734624707084634,0.5147180951053296,underground
11.327280050947596,11.719188778175532,1.80303143167262,0.1398973764020774,16.86813677910026,2.095570218854741,-50.02978037977739,2.820714562738792,-1.9012667964440477,-68.12496049254332,-0.1427064923682348,0.02546869624871998,0.21257147969117307,0.37865811888076567,0.548448553873788,street_level
40.540799413446884,75.36648244971312,14.419348358033645,0.489110496584815,6.417739837406293,0.5679213390353848,-62.10733211836299,3.921318384424413,-6.627306367544559,-92.94714774347152,0.3514938220308061,0.02617204135609739,-2.5904996764441317,2.708335083444997,0.96697235659666,underground
84.49331399370813,44.80882657773595,68.90481862075373,0.9768507658035673,9.63060081689081,-8.162329487780427,-84.96976661117293,3.441176090153407,1.7754002074577144,-71.63578323229689,1.1161101217508982,0.1011637350510655,-4.79543548998078,6.2834235049435305,0.6981165786147954,underground
13.575969398466604,31.947692363221474,17.654269208903585,0.13846170625058682,15.346227424535426,0.6900503080372173,-63.20905869582076,3.5583174059519855,-1.6349427095749605,-68.46223156829292,0.5830649676455584,0.07983924176599927,1.2282433764761613,3.562389642101459,0.6059141168818867,street_level
16.456683743407403,36.69687515170498,24.079309282510234,0.3362379102821687,8.471378706547862,5.6426561228740955,-79.98413483166344,10.727055951673446,0.4305512393516766,-67.09624548572233,-1.4652539733480963,-0.15662416019440556,3.1894172471595743,4.61768663512396,0.5167665991566386,above
31.40111758416039,27.50950719269631,24.37369324800383,0.14388975499827056,13.737154123828361,0.7026118101718248,-60.95561797864741,7.440311798119893,-1.5896330163407972,-79.56492211543197,0.12404922322281339,0.03239672649283635,0.9684835892854808,1.8526328819474451,0.9529290433259996,street_level
6.252775886835182,12.578053953817863,0.4773680014831678,0.002963391895840889,13.098892343945241,2.4615829223687244,-61.11102572054995,8.624453348309078,-1.638493912563334,-70.29044600409128,0.012935569172441985,-0.009079475135673164,-0.24942546959232492,0.034544678156423814,0.857945632922436,street_level
11.671617045730372,16.547869345375688,13.453988910880417,0.17697991232330146,24.58284545328199,2.174492799855545,-77.00987853703388,5.11095814401763,-2.7730345653950232,-61.24691360518642,0.6335508770723615,0.08599392878647732,-5.035557087992597,1.3086286549995876,0.40416850272790783,street_level
21.94298531415359,28.889054189051933,11.891737811663289,0.042773612973439165,10.830235557911374,2.3651559212966724,-67.11375779818711,12.6819880262421,0.3320753224337549,-80.23314508235353,-0.6790292162250657,-0.02024374845189532,-2.136148155427098,4.36206517864646,0.7699308133894898,street_level
83.37253679064793,67.7442940223134,53.52997815309657,0.6117959310692785,7.026185572170686,-17.550544993429682,-65.70831389067769,2.1419844753189716,-1.4892806073180243,-75.45773605732228,1.1966886782920994,0.19139156739427615,-3.030984195668627,3.6905076151398144,0.6990826753727274,underground
12.43928148849296,33.22976169609578,21.195748632006804,0.1936572463967416,11.261489714800106,1.9688608009386162,-73.03949561590655,5.475584614106047,3.235313502893992,-81.11774466081563,0.16282781244054598,0.007176749050690483,0.8388315528645238,1.0936613211144601,0.6864425434305397,street_level
22.912135690149775,21.120305552069752,12.011526410846638,0.1276386446646132,10.540760157182115,-0.6295488011797561,-56.14745987255165,9.05072376550729,-0.5334218721640456,-84.81837867574608,-0.15009787963293897,0.02379972659946046,-5.2457803092402,4.524564060990805,0.7817505751808292,street_level
32.73116106634387,71.49935111633658,15.130124900060084,0.3661965912061371,15.499499163590174,-6.546124626645122,-84.91957191036651,7.96209627445541,1.4762598613077023,-61.72448045566698,-1.361891547207641,-0.22300372695413184,3.092031054109515,6.558052916572392,0.5086125301642759,above
20.171535377926034,50.58007616934447,11.479898394009048,0.1964618093945944,15.423120389827606,-1.6597432221076391,-55.66310097269779,4.342469484816053,-3.1433623841974008,-70.81554907232768,0.022440916048392864,-0.001589272151009815,-0.9680933008680165,1.2300432878459546,0.9183661841591382,street_level
42.421374904819984,38.916862343122126,28.76704223311417,0.2923307103098238,14.759157970066852,-4.785257992562053,-82.3123877788003,6.615271200941429,1.938522740490078,-60.31984055964182,-0.6042480436065827,-0.1030694434891839,6.72717305517688,6.7343532182381,0.4238636313294619,above
6.577540474896763,12.071523198929999,3.5005971684927895,0.042995202670941104,13.298405403573025,-3.867692012737062,-66.17407280698325,11.103352798355951,-1.6642626181294176,-50.68275722574829,-0.13814432622672515,-0.00026161787015581764,0.07604584168081363,0.004657009809077817,0.9107102908122199,street_level
9.759148438598638,15.36005646755686,3.869745253903478,0.1449847254779884,22.977729919450717,-2.0294176858031667,-57.74004357372768,10.70615955145798,0.416719152949629,-56.397025587307205,-0.12161845210348236,-0.029210601136820974,-0.05903580057680491,0.0716314832562218,0.6567936575701303,street_level
27.611734416833418,96.4922390649442,27.883961682419915,0.7286718999760781,4.926671191558257,-10.316810239735124,-60.57152516805575,4.87433134274023,-2.706113584192515,-66.56916366638707,0.582921152309774,0.09614441962781611,-4.232318466329696,7.706829104599775,0.8209085178494944,underground
70.77893777081604,86.23474401323162,54.97967159138106,0.7560169049993191,6.496230666832966,-6.932009562673825,-85.54810239701999,4.263482548866922,-2.8839974838749107,-68.80680895600968,0.7888187499753117,0.13900767633848946,-7.753564722291323,6.550624689642819,0.7623254419344438,underground
12.649703583333556,26.51848098281686,16.58227421812527,0.38690796161178376,16.287272113841745,4.333619954169793,-80.551826063399,1.0295113087823842,2.8683507629538827,-79.63746735218736,-1.4288980419052977,-0.11828350765915621,5.9723770124279225,2.074958322363727,0.6737676035645834,above
16.551447813589704,40.19104200154935,9.839428378486186,0.1864709009415754,14.920009350212421,-0.9363585071139555,-72.53175970832508,3.0102519882054524,-0.8530709603837794,-71.17420990369311,-0.08302246957821402,-0.0709658605817769,2.7232481027429696,1.5567048741354945,0.5053174134525539,street_level
19.988584183342184,17.923052025309293,17.02775918684236,0.19753515783199602,10.090996252179563,3.199081393296991,-70.32273769096804,8.149582640953017,0.4893498006587582,-73.51974875743238,-0.37617714316373957,-0.04013215260566987,-1.8600630421455477,3.422253854518197,0.6704124577952871,street_level
20.30824571731724,54.130532724136444,29.284444427757936,0.18046132649973107,17.667200449811688,1.055427570629071,-69.84213345182935,8.381168539268016,-5.118727326604266,-58.15462204151251,-1.3360387454212581,-0.04646541269802787,4.206463538104445,2.467862494244371,0.6312018718029136,above
8.475331120363352,12.44045438435716,0.20855248836338935,0.06383372324342232,22.67256481634517,-1.9860675622634503,-65.09314392947331,11.155749897723926,2.1355945813720574,-51.06750991471617,0.11419094650541214,-0.028987574469863896,-0.08650187245866803,0.2784039261279583,0.9788943553732478,street_level
48.09127485271493,46.6198102531007,19.651458452539796,0.9782305362320151,1.9304985655106766,2.0000811919071033,-83.49650348008147,3.5691065966645423,0.0743864791838238,-91.75792920931204,1.0789236442758021,0.13236819641892628,-7.855900920722766,6.3796730432023,0.6041878825387623,underground
14.825065704341924,25.077514481786103,4.3424297159471,0.04214385939062462,16.472381646406166,3.925692870253953,-51.860564305474796,7.882173978466938,-0.6853271100599994,-82.51674449971463,0.7181073416954467,0.07553463901208401,-2.633549676368801,1.7035859794911996,0.4592493897537972,street_level
12.63834737956596,31.24480442810645,22.517989378001047,0.1767120578946317,10.592052367529973,-1.3009833978785412,-67.89286336660723,6.751583156488713,-1.895585710608593,-74.6156314131563,-1.229712809467372,-0.15323679942629945,3.384588171477455,6.259411806148306,0.8632889945205692,above
15.363040895016235,43.54964207276481,30.116470122296484,0.2680110092844491,12.205100416979107,-6.570644068864799,-79.82675931236378,3.6108222462885515,-1.9352017213737716,-66.89238222406647,-0.26312138490044745,-0.21424676008804466,1.7340823196545583,6.756020906411228,0.7077290607507012,above
34.65291606296636,36.311147165629876,10.080851647590503,0.3084962167113864,17.835421867542816,2.515501555007212,-65.93641074886976,5.385386333127647,1.9581786551699967,-77.21889350666224,0.10226810389436791,-0.013844823051966618,0.22034514168109087,1.8513645126401688,0.5234142179588475,street_level
6.030276687842472,13.839129304234692,1.648354419348226,0.1434248521125896,8.346035547175825,-2.224945177785883,-70.14365724241644,7.367582221652011,0.587682055668338,-73.79792141032587,-0.07176745015353661,-0.023384116330719212,0.1635054043127131,0.3998879654526457,0.589400355223547,street_level
11.074613159785704,8.40081518577309,1.2542904837791884,0.06842471874445556,14.036947659215453,0.7149686307914838,-73.27559555863655,5.020826213659139,-1.923850637278934,-59.868096516269645,0.07925543618059386,0.020312604934311772,-0.49152428177602836,0.5976768935928786,0.5725419868113006,street_level
16.191891778109685,21.043840950594973,9.937389135838655,0.34316051968044997,12.88154715411549,-1.7001166631920062,-72.05997381225868,9.762837159668175,-0.9484527494591521,-71.58473608697626,-0.042251949226257496,0.004543790402496466,1.0884941970984467,0.24351819120479123,0.8052266476624972,street_level
30.725914436148166,59.06373619102637,29.28658629693454,0.3287860398697942,16.48426564867391,0.20813235168612998,-60.353207542905366,8.478556845605365,-3.689866518936678,-84.18614925738474,-0.6494354482717926,-0.051542332803019925,5.966210606709559,4.7310132536576806,0.6816718894638176,above
38.49376566923038,38.06227854856941,34.101494895290784,0.2914206848684965,11.939407850110591,-4.404945022379392,-85.87698318491226,1.5222723989545521,-3.6404193137568823,-59.24115081687428,-0.4873254683552737,-0.09387376740728542,1.5815917294331774,2.328928373244957,0.7298805546298376,above
37.20025204509176,29.325953129327726,26.818945363413846,0.2638257483753407,4.08685019491539,5.0182410420655295,-76.58507175645376,11.162025180119027,-3.1450365221143546,-70.77728659767978,-1.1569547042893378,-0.1715040814070604,5.3149631174266805,7.11409778372354,0.850761505423461,above
19.436699020831206,44.88603889083443,14.267456593772387,0.14251491317347129,9.719361061129307,-2.2540127150744134,-77.48479239073026,3.7471742210548964,3.989597430826098,-91.17826721718183,-1.448426527575834,-0.04834812622557083,5.3434735925118515,6.814579655043416,0.8373398607856244,above
23.372596627380556,53.52611543635016,18.17291408065781,0.1467600315817718,14.435420005201436,-3.8553354042836596,-65.81024038480253,5.829676794123694,1.2114042926354944,-62.47335787252527,-0.01062026424164128,0.012692457339918854,-1.3457583540648805,0.20833850893211325,0.6252345976931235,street_level
38.71778497566801,29.364147698490964,26.786190851955627,0.21110251132431573,17.378864467638177,-3.3811194416618306,-60.1023468982713,4.885094199478775,-2.4393445108391827,-86.95161519019744,-0.8477600073536021,-0.05313147899310203,2.410169809486715,3.150142698103365,0.6433212268927103,above
72.48655327365564,101.947708876804,57.2853087668397,0.776092727018199,2.523918735437254,-19.488109742955388,-69.94796586705917,4.916834408136623,-9.719795361144932,-93.7880586232018,1.3954744668134718,0.0891171243168917,-7.5356292609924305,1.535827858076947,0.53576833099321,underground
32.03020221494719,50.323949378226644,10.770902758684628,0.10123572472589865,10.606019985363769,-0.41942404103168407,-66.13444451889559,9.07560321825703,-3.7066705580209964,-79.41400309295724,0.058529083301955664,-0.01770531321496554,1.393020293824581,1.7013553519185858,0.8528854435231841,street_level
5.742906661783803,10.899932334475874,1.873656863218897,0.10213435670528184,21.74138431266773,3.902639057254647,-45.97570941802056,9.404640393589993,1.2483541525714603,-84.32407036763266,0.13543562395671652,-0.017353920470868693,0.32567936391265007,0.08446209967738545,0.7144598391756127,street_level
77.52677674147661,41.00168932769896,65.65633904382716,0.442161259385806,0.41399393909922755,2.7307664681023027,-64.4397228833305,0.9886183814084566,-7.596942860974076,-91.60071437985212,1.0245473846161024,0.19869024406017707,-2.409607610672145,3.74333369902248,0.5694948856094778,underground
68.5761525740996,46.97592149561574,77.12459604633167,0.6861451398452493,6.260115434335667,-16.40285540930192,-89.37461935300675,4.448341447854984,-2.418341434317073,-88.47281501621917,1.0540111172093822,0.1811113554405219,-5.4407888759374545,4.655651959025251,0.903868151679562,underground
4.941546540290995,17.049447172869854,5.047839218159886,0.14011103548234297,21.890463706322336,2.7710846462686325,-61.85173415505678,3.695453275700026,0.04493498579509314,-80.43275665190791,0.03864149102298364,-0.0018520755119200462,0.16410362999070038,0.42518572417730394,0.7169554075783816,street_level
28.661357424647242,43.301594951252824,13.149826638759453,0.22750791427146502,7.205637684169111,-5.209634679532463,-89.43316780248658,6.366250778069985,1.6613287068574074,-92.21585771685153,0.387778166468527,0.10014088365934548,-1.16667892790454,2.2116422872024675,0.648486125372126,underground
50.20252217411476,67.12196395363449,16.913897744503128,0.754435302314379,9.27132490458788,-6.989832954045859,-79.8082891607951,0.9562153565983831,-5.835941318523601,-67.60051005609881,1.0509196711916298,0.11186102795495631,-5.009162571247915,7.93314401596712,0.424321541435817,underground
38.135205230983345,55.276593863001295,11.633537299299132,0.43295776693147114,14.326563290845762,-5.995447533067004,-85.77564748395724,3.9407556749058923,-5.286857409953038,-86.89725446616593,-0.9310830778711185,-0.1872267484801216,6.238409290273743,7.60224284639023,0.6732563416828129,above
27.090182322852442,54.78651260390596,19.92449441614154,0.12844697002584687,22.37448537594353,-1.1113468268344229,-56.17761236110046,7.490843754077524,-3.422004499308838,-55.8594236259956,0.19100726533734066,-0.019444893987726503,-1.3980427011151637,1.1584302686808545,0.7744267233300968,street_level
43.31809449294658,72.10378735919019,14.54431271434332,0.5054092516215678,6.317163308368835,-7.482825054587493,-77.99915395821553,7.078224699254037,-7.970198081774115,-87.91043726772341,0.3099101807287269,0.0821720252013732,-2.4994457325120383,0.997785029388481,0.49974996895426005,underground
9.89678335555296,42.17144357510067,17.66007498196096,0.20197063506721458,15.19598040203116,0.39965259726271896,-62.12525448720076,8.90623457062555,1.65796414391279,-58.29021897906597,-0.46662664238678747,0.08495436595938236,-5.710581989794578,5.35077462694615,0.7357114289874633,street_level
19.964716563369898,71.5562550092173,36.960064362355126,0.4222299788914845,9.353712661653905,-10.606375288328248,-58.65428407767483,1.901748604814546,-2.519791343954954,-87.2056093771624,0.5170289575041046,0.09080091675307643,-3.2488970494921783,1.5770088723288187,0.7746519701958234,underground
28.0219212034183,113.79628624856724,52.262860348958576,0.4567076192676781,1.6589275967949757,-15.747137451113979,-65.72253755829622,2.184395339509307,-5.7916845799938965,-69.24541666212865,1.0458663618613762,0.043103187205651476,-3.02855244029646,1.5675711195170383,0.9252465835956464,underground
15.150393878101932,50.009962051496316,8.939766919422514,0.44408864522053426,5.254855801885208,-2.2843316868698826,-84.92338211644751,5.244733941780314,-3.771466452628559,-62.27588197503121,-0.5525617944100872,-0.20406595151768053,7.942333521104501,3.6901343276767467,0.4712953760047286,above
16.074391268972278,54.42903714680141,37.567899930778545,0.5050960370760382,4.13613851743347,-5.958229855385568,-86.42503271065657,2.537187767359658,-6.9854992018987705,-64.43390455428073,0.290317529791854,0.06845179668258927,-2.388859509498963,2.0311270726726005,0.6499810415673641,underground
21.037862554529617,40.58887753445921,12.659251352476428,0.025349803846844515,21.781267885266246,0.9199074476908464,-76.25026118124437,3.625655585564289,-0.5814636329012073,-55.97591007010952,0.15468005849224087,-0.06312078743718591,5.407655421304586,1.1998977318358686,0.8010283342838476,street_level
41.042733231373205,66.80680239858263,26.835611141653008,0.49220671873220834,13.152379622506237,-7.750817542907164,-87.35543613451354,9.402672365335457,1.0127586442108791,-84.73641391173705,-1.3292539782547377,-0.06545169117508723,4.570905314687302,3.2855880111149194,0.9216228719977941,above
4.97576721479941,9.948397719405142,0.2903612037162304,0.10360211177812736,19.010636455711094,-1.2851804804028673,-62.309722538672816,6.918276115849194,-2.5744116502252195,-72.14411434485511,-0.11243613185768847,-0.021220343374323027,-0.3514161379941615,0.4080978263496203,0.7607278736245824,street_level
22.809404406180526,19.458478509981674,15.209595485782685,0.11745238113627236,14.661006600485077,-3.2736093690754133,-74.3256841918667,7.244229481986651,2.7376248838234316,-79.15764270269369,0.5959908841218693,-0.020351404595096836,-5.072391224246213,2.1307245912232182,0.7118081693606895,street_level
15.428323754075464,45.51969607524255,21.388313461837594,0.391837178850595,6.403238515580501,-0.24939920582924557,-69.08192771051935,2.2170240707523146,-7.012681146771433,-77.67561067898149,0.549944539494713,0.05875753470478355,-3.9373694497728176,1.4910267973195896,0.6518387024079617,underground
9.114965801621885,17.385140228674004,2.3437237852687915,0.13791728038695503,24.207720396965644,2.1638603223682855,-62.11492053237211,7.315331732173774,2.839739835290536,-60.814679164243685,0.009602039726562261,-0.018424886444701437,-0.3903140535042454,0.07859907881486664,0.8813052241514558,street_level
7.4740961112941635,9.896904882945666,2.926138980546881,0.10624089684508752,14.132949300590287,3.4854056651915526,-61.93061754130058,3.511863786821098,-2.8896741958891528,-58.27433967194491,0.052825517565477986,0.004833546988890443,0.0518317631534535,0.5212615978779283,0.7355110773133955,street_level
21.838179092403077,74.90293844822261,16.802784858980658,0.4940346816741201,13.431406643118478,5.432033937093868,-77.51074647384488,5.704583060238189,-5.81249914730009,-78.60788215207062,-0.32968316569837786,-0.0838880691718997,6.301276309079332,6.190159085501053,0.9562540568608872,above
22.073383316940685,30.29457800367561,23.035613358786602,0.18986437417083696,11.340368270062967,4.693508115504436,-77.01394114829243,4.752447243730089,-2.1669961764438925,-82.41364516578945,0.13730283077673416,0.015974378368590753,1.4239344142785724,1.6664704149597593,0.7562953405341247,street_level
34.38610928924199,30.06644160791719,25.05929373231678,0.32243297471020155,9.663593359285795,-7.918520155572169,-66.65911185551244,10.875792705663816,-3.3676287394112525,-71.33145753784635,-0.31786266211507264,-0.1678578860558819,5.202522625847569,7.809915374891483,0.8437728974742746,above
22.87585626651827,79.65271339466577,30.668854745685522,0.20676640070030086,6.842370662497302,-2.4771200666343614,-59.19502801480163,2.0527029928703753,-7.049168517464539,-65.59899080466505,0.5758131473216535,0.05822376815261593,-3.3540748019366933,3.617650057328336,0.4640269474321359,underground
11.445317548038958,8.517331013632068,3.0017287258090777,0.1409396137456579,23.94749312756258,3.61730714194349,-49.04750752511326,6.870469760069383,-1.6088044915296789,-75.20991847389516,0.08033614569206507,-0.02817640272690415,0.3636445898907221,0.48015045463437284,0.6809920663813394,street_level
8.538759554694941,10.294772646010141,2.5655193843039363,0.040800626811834224,24.523224240507307,-2.4534070671915993,-57.18308833849921,11.997860293183681,0.7172804307041925,-61.22920332137785,0.09629633288228223,0.014117052523423892,-0.12423035962110285,0.6538545965009204,0.8119468014627735,street_level
14.014093322586222,19.522215232317453,7.918887221853658,0.20987200672170567,14.738015054884453,-2.279097316796138,-76.96219468165192,5.14738890929101,2.6466767873780412,-66.23383395888084,0.12180890815160628,0.09197376040915628,-5.319152334760775,5.870288607758927,0.897774067232074,street_level
33.7958713542479,97.30523716033517,58.116445730535204,0.9645708980116663,2.6927391465549286,-4.874464771042149,-85.25825279016702,7.216144140936045,2.635133544842125,-69.80239575047683,1.298864835005502,0.22399876534372676,-6.510123494411136,3.415441188848555,0.9547055851994329,underground
37.45489572993719,46.79722377687135,15.019784044660675,0.46620380915645626,13.804103997645312,-0.6230716216232715,-65.18398311278912,2.2253654015695785,-0.11575884244240875,-91.67211255612193,0.24561354603305885,0.034362651431668015,-2.5333660045972417,1.9044165859577575,0.777589673607733,underground
32.13696672605889,54.31110278743367,14.398824576850512,0.15395463168591728,12.132812954269443,-1.4789649087249943,-65.19257114574204,9.68466426464942,1.2550342793628886,-76.0689850976182,0.15487636782480044,-0.0031616581173543497,0.5098583073861009,1.658746738196001,0.7730073431736703,street_level
25.067117385805552,31.711585099796793,16.720706022669717,0.3108884156305446,8.294848515295467,3.5546535373155663,-65.12875731153947,8.482075542956997,-2.812624405036628,-86.7040176276173,-0.3448456391672494,-0.17261553792180528,6.04561666494499,2.3093968868686545,0.8833262276547615,above
42.56450540533436,51.9833330877957,17.35759913800083,0.4786351456578243,10.977551762064719,-1.3162333055306732,-81.66773966567278,5.112479129208103,-4.491914696558725,-68.95827098153222,-0.44932127875298367,-0.08398373119607494,7.480930747306222,7.083178770608794,0.5217375861379498,above
20.759061015975,38.887041495646244,13.884132487059627,0.11020630574337859,27.08198033276336,0.230286221730311,-76.45018032517889,6.971882755918522,-1.3484549905217176,-78.82616897275237,0.6637726454882704,-0.04922324678645882,-3.8950243905429733,3.5918203163163893,0.809318381903628,street_level
29.28474741460403,67.99520925800346,13.967611271625051,0.2538697386517268,15.983556143767602,4.1110348685042535,-81.60173546341348,8.162300310405161,2.9925317982744843,-63.58573881147296,-1.0262562298435636,-0.07470581461919507,6.257252094727514,4.246541781790765,0.5007249324094127,above
23.93344542000223,20.957760341095963,18.60113660259571,0.33813422383425285,24.366550462963865,-3.5355505015481157,-54.17716607311548,7.30112216752045,3.1249332076816287,-68.25637498834998,0.17278543130375382,0.03780907190112062,-1.069600064924198,0.8706961568885891,0.8569340089206594,street_level
42.14931394763223,57.60778505993405,24.258679355589074,0.25846121084768536,7.483169282236561,-4.567253505217305,-86.29412809449703,4.701549118370059,-3.1571492872219964,-67.07832063250568,-1.2131851352919907,-0.11645635082765052,1.8036842162606754,6.374421074504261,0.5953001373802019,above
28.035102348479196,71.69769815626051,79.5529448955079,0.6876675519478879,0.07387700569401634,-17.209195033689877,-84.48765711261488,0.6874252354433228,-7.321892782138732,-69.18250794721608,1.447041601071716,0.175088063284422,-5.836145434301594,3.8078542630642525,0.8203488494845523,underground
36.74382797782811,104.06468928950922,45.01750895612744,0.3920169819233321,3.340020507740362,-16.181350080401593,-89.32440728959953,1.3578989741353213,2.370262398723032,-91.09782220725621,0.9667289362243972,0.05050615397654196,-2.493718245079428,5.559232055533217,0.4686810079107544,underground
39.64132940237951,57.43141584302062,30.2234324963313,0.4321806555097232,7.052158394877205,-1.6209977423612028,-59.78187100725681,9.101582725030482,-3.254330773456605,-75.94464878005971,0.3722094790516265,0.040252224703163364,-1.8080637398658976,0.9952316266942959,0.6455841506142691,underground
40.76045998909922,59.1628929697868,25.809059377425385,0.5621449118730845,13.790521178365617,-1.7297414154344288,-70.78807498586254,7.620926114410061,-6.019968387075426,-72.85795304832082,0.5800299500106079,0.02514459976880317,-1.4402676226872844,2.1029647828054743,0.4532497193693198,underground
16.078428707592494,72.06616973074566,22.859863097111223,0.2391322468493946,9.91002382007455,-6.549814206688214,-66.68340623997202,1.4373421970377276,3.2458112456828587,-74.91513600254504,-0.4438528391990437,-0.23089892154555566,5.306592375666668,7.04008606837807,0.7715826968076368,above
52.076100598419224,100.992120011589,53.49363499176051,0.6238624155789573,3.2623126786204306,-1.0206384162418054,-69.35929808204855,6.891488060365003,2.3621291234203756,-87.84942492619778,1.0930305532680662,0.15939584416737776,-7.2773396645716435,1.8932816022652235,0.5998906733144393,underground
44.73461205178552,41.53580327848269,28.14942018851729,0.4920136286725495,12.3557076839517,-0.8255920645428043,-70.16671755437211,10.280996816475023,2.198294483632127,-69.92548750263197,-1.307319103209593,-0.18688622064411203,6.987404741910272,5.678243333593058,0.9176703373479157,above
10.155869823587159,18.701338250408174,16.158774714667985,0.12190146629320235,12.462824071213916,-3.8064524665304695,-55.41928142143759,10.642492661318201,-1.0518631804407146,-56.34686554514312,-0.0529212273418761,-0.016981254985143135,2.155304709657093,2.1936083179397174,0.885960171862674,street_level
9.961674336869347,12.009261402099664,3.784622888419548,0.049314558685165134,24.46938273539842,3.2267108433296894,-74.9084507512577,2.7367152988951675,1.8193378919795178,-53.82716465622681,-0.05257368065603532,-0.01985212235467993,0.41930017585431856,0.709794371436019,0.9806795556675802,street_level
13.704239755071677,31.871344037428894,13.414983285107066,0.12496508630195999,18.323926740225065,3.6488888380479922,-67.93375666041396,5.630987168135345,0.6693222358005428,-78.37025513302183,0.3630323258312316,-0.09949071299472462,-1.9561991206899538,5.937122919071487,0.49693063439508367,street_level
21.21585500920829,102.37946754375149,48.44644045754286,0.6289113185538514,2.968469864710608,-3.743604144421326,-71.52779966970088,2.9516322702398554,1.0330019116379905,-90.52769578296399,0.3969301542899544,0.14988079921253117,-2.315059713274872,3.094109629572654,0.7491912648583274,underground
15.967083270465997,39.001076579661415,14.72812035681549,0.13604582563004572,19.258814737695502,1.709610118578416,-67.87516558073938,12.354233668850783,-2.7031415965713728,-83.15695577072155,0.08602526295406676,-0.009562956136935002,2.236952124158851,3.8493702251886472,0.6929763400386173,street_level
44.10084171937775,38.98895197908918,22.055594323175313,0.2180648769468049,17.230126730599558,-5.772979773454618,-71.47615487755964,8.751546099828566,0.5517874402202976,-64.61526816207794,-1.3694612215202477,-0.18735177673965542,2.8575050402184994,6.028513863184173,0.4269522921251914,above
11.19791105310382,28.499039489524502,15.16831517440844,0.05418581821839362,11.9639277120794,2.8986310235478268,-60.07872793002521,6.015303868030862,2.183201578588771,-79.3125902513509,-0.3597154101835921,-0.061363170287578206,0.7669811910114532,1.3790022029508655,0.6811617817377766,street_level
8.625414097664894,18.884392615747682,17.709064726249935,0.10396305638539477,12.426225215457695,0.626180995845746,-65.71229338897234,11.304649829200024,-0.4989047785299401,-72.26170824000269,0.6388977512001615,0.019258889334497598,5.357761563544777,5.416022583530622,0.8209798890022796,street_level
9.511864223366354,15.390234069418316,5.013637559911121,0.12916985996361446,8.681162743929104,-0.4693300766521702,-54.852737264603405,9.860196822175222,0.1854752653702718,-54.441426611656894,0.05363060414594134,-0.013902367930647558,-0.39714590730864485,0.4476149201293798,0.6534263841035686,street_level
32.399557306170664,30.739016940783863,12.844798848754998,0.1865008885499375,15.030429435410287,3.2295268574416536,-77.34512066553316,2.5831158930244076,3.925752110347341,-85.04168265525146,-0.6281466219498409,-0.16171648671449818,5.961150018528224,5.518804701626149,0.8605516548651444,above
38.77010535785211,79.7148568145419,15.256886402668655,0.1748218563024454,5.3308987393489655,-5.891533146139808,-71.59950230313468,10.207320048823906,2.562881868600652,-82.70492462954428,-0.7533527560279615,-0.23031525228726013,3.3316373466635385,4.603354922032885,0.8888237717832607,above
29.80504996321747,55.8365941760665,8.603507329482618,0.14635945581506027,19.184423780913313,-0.32230350075960956,-76.35390754903915,4.444229659627155,0.011801617984658286,-82.70911165165899,-0.006113172378915607,0.007088919932162652,0.6136133808896429,1.3423454662816845,0.5412838634763258,street_level
47.897972361042214,85.41701799329297,48.627709979992524,0.8519603778640478,9.450537882670988,-17.620016257429008,-83.9386757187249,0.18144259116202743,-7.118990126596495,-68.45340418763034,1.0013139540885467,0.18000078060511157,-6.639789334530635,2.805987107797018,0.9028931679689546,underground
36.5463400605328,86.5401024736849,63.695611410572724,0.5977380306002595,5.90986618641449,-19.208754912938048,-84.90194148163418,1.0102258535659168,-4.5529484973578285,-93.55044790795279,0.703081771466291,0.06840293449450865,-2.373718955783877,3.0416521663661666,0.7543259964017466,underground
18.17045309446474,25.096174706633317,20.580669287650036,0.28034120354827463,13.58259993460873,-0.16580479686738236,-75.34902883959502,10.039233035837979,-3.15878371745682,-91.28044081257151,-0.26112006755136186,-0.08127485688547256,5.519951542678569,6.762507332423834,0.9734293140943245,above
11.301323657530341,11.679780862339506,1.2663459304271554,0.07239104465180661,8.966947050216945,2.6160018809539265,-59.024292723701194,6.771913234632349,1.9686542069001476,-73.8714994867633,0.050982593377500524,-0.017321159294229418,0.46613464674567096,0.03790729794804326,0.8241530780825284,street_level
40.640336030076945,70.47027303621128,30.70633370718331,0.5952139584476044,5.669262980148594,-2.8265895106547045,-82.26067045527297,7.663912064987677,-6.473565815163418,-67.2329795961941,0.693619730717121,0.05186342974540503,-1.5671022549086362,3.2487653234295735,0.8744273697731321,underground
28.42766808787282,54.13451277496654,15.62101833497303,0.541690096652244,6.640043270085069,-10.25080853034029,-58.329606393844784,7.306066468954537,-4.729659119367363,-72.91124169453377,0.6597456762863501,0.08008764271196944,-1.457036082176287,1.960559342712676,0.5343683971889753,underground
16.256968472197016,40.212315921765494,18.20774949286158,0.19638075622515594,20.642684931562272,-2.7746186945043174,-63.038202095220925,5.099433686245387,3.838735136852044,-56.65947003011957,0.04371230636111986,0.0393229435258626,-0.24531271203338711,1.8122078892268887,0.7884735979033098,street_level
35.14515235348665,64.56026684773627,15.434219300973208,0.19140452403266617,8.654543132186808,4.0793945265386675,-85.54818207056707,7.6137080149315715,-0.46914176854028344,-87.55569000802888,-0.6605357264576942,-0.17047643584632804,3.202550660723353,2.645246335353596,0.4666619580935204,above
61.3262706893701,111.52630854724433,22.08113368514524,0.8517265500382655,6.122153207202099,-18.32933319726599,-88.27518982292565,2.4305925197637643,-3.7698164663950084,-76.345568859019,1.2673976273101366,0.07981578077243615,-6.13002229638849,6.9031748024535835,0.554916637019319,underground
7.467841163105315,16.679964565558734,2.2031178983256643,0.04740538483877387,12.932551231446514,-1.5113410792539268,-63.71764617885083,11.47950848128588,0.00327754791724999,-59.03491445682204,0.005309975169063175,0.006506032637089397,0.3055704839180957,0.34701843499585333,0.9653355718260772,street_level
8.22408678383777,12.59102789238528,4.254680247027801,0.0035043083275862696,13.072229919592983,-3.393857901401181,-63.5446904792538,3.8954030487547078,-0.02243579677688423,-59.79839138407289,-0.1357077934907775,0.0035303680783091776,-0.3202738053447036,0.5297099690420521,0.7080687440526571,street_level
28.876113207048082,59.13000704436397,21.151435736630617,0.24453293204899046,9.36754075148983,-4.755796985456421,-79.8533570565131,5.445615603623688,1.065202883312538,-58.164844474377105,0.015085088335739655,0.01689839070786512,-1.017174193052335,0.7554091286984979,0.5539793732018286,street_level
23.909247687128143,49.502283250130226,34.555447230360784,0.21183978598782374,17.22271148433824,5.204627172012188,-87.43240376194497,7.779714231475869,-0.5841450192534694,-75.4665904231655,-0.5202106987608652,-0.14972453297653077,6.218303249717865,3.011584610310307,0.7975983216154416,above
10.2919263306786,10.612396618134316,4.405331461616135,0.12317139367347274,9.33465958008777,-0.27379840222028395,-65.84896596460466,8.071806626348003,-0.5403770494848401,-77.29872837544336,-0.024348696700639882,0.002956328259189095,0.08656394468908957,0.7219961773266365,0.653943342202141,street_level
24.009322241915097,72.59900372822801,21.528344837848287,0.38789796592415005,17.670024716928374,3.9790056150886937,-77.31031507533834,2.7063474476249576,-1.0356176225665337,-68.37784385359197,-1.4515293837255423,-0.24953079035942402,1.7670938931124736,3.7644280586179444,0.5526032544916948,above
65.25729584367178,78.87923660684386,21.98746185561515,0.7912219671740025,8.569711968554731,-17.303960594118262,-72.27849438581914,4.188699207350335,-8.926555727509198,-91.62195468432171,0.5251323299859133,0.12675338025128535,-5.248214608514237,6.949998029559118,0.5003916429973666,underground
18.050758282307555,43.655799234510596,11.18392521597963,0.18308536343728155,7.992991094351301,-5.014442832119724,-61.600564174816384,8.75943752483774,3.8847352536146023,-77.6919012722468,-0.8308709266666089,-0.11203639908035154,2.4158116956654077,1.518533466797066,0.9687353955142044,above
6.764143400849769,10.541079601600977,4.784376413439393,0.003412810027347268,13.850361115856476,-0.577770306610895,-48.27267259162647,7.996396811486284,-0.995973702972055,-62.12073463751393,-0.05744533763031344,0.013325348149418076,-0.2979145276122174,0.6924139404266358,0.6072457717906881,street_level
40.44168851532237,103.53523557557804,24.977092202645167,0.3847857260568561,3.1487437801441356,1.4462233379840654,-62.41705003487081,6.789200420654607,-4.470741396286186,-75.73461726646678,1.3161148836154442,0.17763375021201086,-4.936105285745305,4.137076546053351,0.6135427020218454,underground
18.094105144835165,31.830863247318277,16.458111465722222,0.4419021205728818,5.050370958872017,-3.698906396580397,-58.79613044728556,10.117990065698043,2.3172065632427774,-87.30384069710482,-1.2727915145372681,-0.19745933838525503,3.148088227097923,2.6178540961488723,0.5041930172785853,above
41.99510016086322,119.33111505359302,50.43986131404101,0.423975319435424,1.8653095925724261,-6.154619161565188,-85.12973291193767,4.098745070449329,-9.491053127300267,-70.53843114342786,0.7478365017774382,0.10602496148120291,-1.5886930009213298,7.169720887616045,0.601250496933937,underground
14.010522912758677,37.69646952689717,20.89054164777226,0.21163572354000748,15.343543820345042,-1.5792298102334588,-69.8456714651793,5.794696972207488,-1.832467729720955,-61.17196999863846,-0.04116668860456915,0.029096016921564626,-1.0187038431185202,0.27345740853717593,0.827174470927137,street_level
4.180647097945756,14.749910918650869,0.09634476443391837,0.09638449790475644,23.384937199018992,-0.6896082886508896,-45.26071875234501,8.830392764728412,-2.9871288522258186,-55.82912785998021,0.055828068688277305,0.01326266249804163,0.4742189983412348,0.781109066319158,0.5044125675228088,street_level
30.369796089275937,56.163706101701074,47.21573994811809,0.5081962432755658,4.480991922098916,-16.893088158030835,-76.94114014997825,2.2844938836261397,2.2235518546361774,-74.50157187949893,0.6911649086455058,0.10085014324009489,-3.0455962826411636,5.579943666295218,0.6206057898619008,underground
9.824487364292448,16.82258855295808,4.5252901408043655,0.12247691320556439,11.789109053842452,0.20645970598335506,-53.78886902567962,13.662880573868167,-1.8099298481746844,-77.2475756464611,-0.012776199357358964,0.09933662802096918,3.3735084989508444,1.8502951917532098,0.8295224129117649,street_level
30.96259106816832,31.072534150461024,31.03740869872693,0.18839672873905813,10.189522276421725,4.644339470529189,-66.08962115196422,8.252748999279554,-3.5267007081714414,-86.64611367978272,-1.2207827962935167,-0.2096813974183261,4.031170936616601,7.979472923087735,0.527868622592912,above
15.922480548297878,37.69848623191261,6.247043499108757,0.0739068290420024,10.618487030990247,1.449035175270108,-71.43009133182393,6.557694675432746,0.8200836081450316,-84.86913227313966,-0.756940595453942,0.00327944234010083,1.1110509620730173,1.8436608386075268,0.6864938776533636,street_level
31.692811301366,69.63724089230476,33.78925921617453,0.5274863754356429,13.375675134037799,-10.046389815048821,-85.8284683149629,1.8813095584017923,-2.5658464989825918,-62.560072056750684,0.5427239570137435,0.07853637744126038,-3.462141390206666,3.0504778180949943,0.7030014154985689,underground
25.129406960566868,26.244425532590395,23.0208137147119,0.13765167142131318,3.034166234541437,5.95191461540745,-82.12670468677415,4.0342316557186635,-1.190518067158572,-77.56017211145893,-1.2642938570724787,-0.05305530672777811,3.2238755302128395,4.0659476324763375,0.9234166265603093,above
25.62365531199338,47.41570858399852,12.769065567389479,0.30223269125027985,18.050137155174905,3.087452497634027,-62.126887858448825,10.429620687359321,-3.2233140781371903,-76.55312444268662,0.11349458464702897,0.03883407782341544,-0.35002260031901566,0.19495524244875728,0.7634904489977142,street_level
4.540660636919199,13.947340545090123,3.2364721527121056,0.04255146214564488,24.65438661249619,1.0019737670010196,-63.5342563750366,4.472425957533561,0.1680226773163067,-53.22409162181462,-0.1213941026561457,0.029634074064774335,-0.15019227501869747,0.7999836605562147,0.9353108406930696,street_level
16.579315307178057,33.46555872096079,21.111200836685544,0.1411003853670072,13.670635552008791,0.2191700843777724,-62.30577470238844,6.577905163866429,3.6922278014421117,-70.96420924688368,-0.6124387581209482,-0.22140466212887266,3.5683562256343135,5.023691095930845,0.9817524785775457,above
6.069003618634622,12.270058212790232,1.0891460481053155,0.11941644799799009,21.356331852947513,0.8144985289478814,-45.73435685143915,3.642058805837907,0.06983535072865532,-67.48499360634025,0.024223823645283804,-0.02268615514247266,-0.18741544800668009,0.08530422714464835,0.9849402043963797,street_level
12.212171412987585,48.05112517567794,22.38243401611421,0.20167854452910927,14.661933336977278,-3.227589939509885,-59.39135834074496,6.279030245859418,-5.757755571950669,-87.61382901555963,-0.6498832930218656,-0.05420773451059968,1.934423294314291,6.228701246702682,0.575966691190872,above
24.14758172747048,50.28895334617368,34.20576316084369,0.9561789526022136,9.867915170652283,-8.104593812921262,-63.47935849306211,4.259976451731735,-8.594966500838968,-76.0608384225655,0.7237557685685735,0.2273097361007947,-6.913166670757233,3.819715003196857,0.7814043156228385,underground
19.942208767465782,34.27448764695549,17.01651902973738,0.5078228440212516,6.290303470953189,-4.036265771092191,-71.67901013462183,2.1047230254376013,-3.1108420580077665,-92.55862220502816,0.23887085815068532,0.056210838525458245,-1.1292868105780793,1.715054399594559,0.8076092772088556,underground
9.243305485799944,14.671490647360116,1.9791127277072686,0.02939596238867959,16.76765580576545,-2.6595552936729456,-66.72058268056138,2.487657815137521,0.9665015168631972,-67.06411661550163,0.015020262877685459,-0.021597169578387424,0.35622225142088426,0.08302011990436862,0.8978326588364351,street_level
19.975121666863377,32.58562796278203,9.458997268744417,0.17481131549125867,12.922505742578235,0.7037517808226017,-63.002747142014435,7.134795932287797,0.4719719378429277,-79.39479360362712,0.014152879002850019,0.022521188713027288,-1.080751919017112,1.8927429249031678,0.9451666490681754,street_level
13.059163926081162,34.26305170173482,22.41237788803967,0.30548916701702916,12.996533547690152,4.374025379506884,-74.74878777043101,6.50551043986606,-1.0585239318172306,-60.30664324775755,-0.02914175003731677,-0.0007462940217974785,-0.18559000330219577,1.1086593795719835,0.8076485440141532,street_level
36.402429673046164,25.315742511281666,31.080356382712953,0.40199314664385954,13.373054899214434,3.025257999797134,-82.0815488855587,3.248444020393989,-2.264234646626373,-60.96504469721229,-1.1571541047205924,-0.15856669607131213,5.079960538252486,3.360395796487447,0.6146778804359561,above
30.620825293041865,64.61285755556892,20.204413595969918,0.4490566275640945,10.070253718790926,4.965762697165072,-79.7155102872772,1.6343629150397838,2.9679675809126103,-60.42396146284527,-0.5756602423158196,-0.0951860374581979,7.606433370488597,2.474886303985155,0.5583323989071655,above
24.76765933074469,36.88975384675253,9.893052468051234,0.2697261279462826,22.510183029342695,-4.089378675422282,-60.2599353779632,4.339059875008867,-3.6140522698429622,-81.99329263371749,0.16568815209704732,0.009510807752601325,1.3794375766208664,1.140434002125461,0.6045408790813831,street_level
19.133663076860163,26.715865051359227,13.184768982324098,0.19456250159917296,25.239401380567273,2.049127140144744,-69.76261569397356,13.896585719155677,-0.6025103170553887,-78.27598705708162,0.6115575320990259,-0.07860129937719292,0.6325922631064547,1.256810320879186,0.5867549720882346,street_level
18.22594343468645,58.2448823090569,18.01939766820204,0.25613819184574427,11.618361908969494,-0.9333635306924428,-76.6400390040245,6.261446926289688,2.4309563489851094,-77.84558998969108,0.12728650505633268,-0.01477901375121741,-0.6529066805820876,0.8464980076686692,0.5795750677198663,street_level
34.14435016066126,62.011562274762355,20.25212713391639,0.39527964460670995,9.217085993494987,-3.799618823462464,-72.88715766325198,1.0020657473524763,-5.619751883194459,-59.52705795608863,-0.2813357782169228,-0.15780179677190265,7.671411564931566,6.411542075322281,0.4085331779205969,above
61.4883435475479,93.59544052228078,57.067401397661165,0.5933560757213545,2.8806251487376935,2.5743082416354994,-88.90564674922418,3.751721969866604,-11.393520100112688,-73.9929455004634,0.522068260814645,0.16053521114024993,-6.380870158032893,3.4832286375822186,0.409794916977008,underground
4.845886373602961,16.17712057030136,4.047112917235458,0.10408624870206327,20.268058163317882,1.8344087838640917,-54.418615077772145,9.574977791785074,0.36441867210415424,-74.51144748969395,-0.0984641990169147,0.02337555753646786,0.4137494505446079,0.10923213008037652,0.6962974518136267,street_level
23.847676356766076,26.780516204128816,9.975313338547803,0.45660022702060077,9.961417465496055,-5.55152432840915,-75.05834594249144,4.242786336583634,-1.365707593759324,-70.92216775235947,-1.398483382467447,-0.23128652243913275,7.432024716919457,4.496325077094754,0.42909648285515123,above
44.633483174148914,79.059460776272,27.48922655815492,0.27708088143199294,14.31178624659274,1.6501937727767224,-77.26828095019783,3.9270479730987513,4.639251002473534,-68.24192340079668,-1.184322426468191,-0.2176121942866271,2.4587169452561852,1.6120180388642686,0.4344519756293744,above
30.190850389090784,49.674657868396736,11.293077127598876,0.26315311420152065,9.888201305772883,-0.728860098671273,-71.9151762709447,7.581633747730363,0.375725129711709,-79.7112788089934,0.1391332185856332,0.038816757058822954,-0.8883484891685698,0.20751236285730323,0.8544968887780143,street_level
14.191739870745389,22.24366523495886,9.18302257088829,0.18505429086388048,21.415733112724972,-2.430382160258379,-60.95007254885614,5.04211789281327,-1.675095553749808,-78.32271163632895,0.42281709969418113,0.015693221779185113,1.540689686343991,4.615928543511811,0.7338241422955143,street_level
13.132658489513464,52.53497676806782,27.499871078384793,0.22699032968960822,4.483159124720793,-0.05296130708749125,-82.34403921560188,9.441384070880806,0.713241956830653,-70.12587585176291,-0.31861551733314775,-0.2073312593523798,6.827789364993631,3.3583731510207153,0.7835678260334058,above
24.082442855617757,28.3667559309122,7.8610988011936165,0.04851830329181127,11.998772025344167,-1.869966349335991,-73.09843811983588,7.233644273065211,2.2132449265589367,-74.58696272561716,0.0025358992350529297,0.04305521333209783,-5.481129717825215,1.173096870274273,0.45976930115303943,street_level
16.74492034159489,58.83626343546989,36.18854307234838,0.3430553879675523,4.466124816586216,-1.6554625560376373,-59.33856434943837,2.7490783098156704,-0.09153554008694176,-80.17018968575641,0.6307935556346004,0.05166998875931689,-2.153375038321399,0.8024531302600206,0.46160710149909523,underground
16.124237269983812,36.731925755852316,11.944046470197762,0.1964748452184985,18.392216499324775,3.6484471783017387,-76.38500110157,9.286470582743023,-3.8136632620723816,-72.23884168035576,0.09628752928643178,0.0031159502921558196,-0.9975925168535785,1.8891038715929018,0.9782449254794863,street_level
69.70072335016546,116.30849877082561,48.44939409608332,0.4717836999876322,3.5511018890928057,0.7354436925315788,-82.40170114464395,3.350642008665716,0.33265355848490863,-81.08941297893088,0.43452374926164805,0.05726456272501351,-4.316971315323263,7.496221222406628,0.9577423062764778,underground
11.590401774633229,11.338911210002953,4.369795213474534,0.03010901319267461,18.37853534564745,-2.9336037373347734,-64.55083053617028,4.487648002788152,2.4214092100521993,-70.25654138272745,0.07177912773340464,0.02477834777564008,-0.27185550574264306,0.23068230739989837,0.7899935181280643,street_level
33.66518417864512,72.32984740764157,30.40097159398399,0.921643428879351,2.237696740269225,-3.2003380828499246,-85.35576197595157,4.967394189315507,-3.384028312444732,-91.13169880926537,0.6946240584626329,0.11161331969582719,-6.641700448755178,3.2780174119186,0.705895843038298,underground
23.10425072227332,106.80262515884738,44.48955792416639,0.8217927375792076,5.924367503015847,-18.817803528443903,-67.52072761587118,6.5451534258507875,-7.0603464295563745,-92.29810665522052,1.3474032339278432,0.24128694485540444,-7.5290365163522655,1.5973357503105372,0.9439602079741294,underground
21.532408652587698,59.951826199940065,13.100700659820042,0.20601194406411827,19.36830872121982,1.9887389308836143,-66.00986752295489,6.851154473910574,0.31246590033801347,-84.28104523953355,0.191759264308728,0.011317908203327245,-1.3573911101170986,0.8268059042298925,0.5439976245400338,street_level
9.21219749028208,15.735589932002789,0.42240961661106624,0.13120774560388912,20.5889802103304,-3.3075578946405146,-55.34049702460196,10.230863263795271,2.4768606174191836,-74.61949420030825,-0.09200423189788534,0.023797256796663488,-0.41041022173386477,0.026147624245055658,0.8738339422435062,street_level
16.288505831351266,22.151717185818985,11.930749083026285,0.11002415406419791,20.715658429457598,0.6381748164902126,-71.70781309158482,12.015781580789627,2.3575742668246704,-75.62730742312647,-0.5678802733510229,-0.06693804281815754,-2.393776974663648,5.58936239645444,0.888911748057132,street_level
18.405973540521682,27.83762518234537,39.10562864301439,0.4484270190551011,8.898875815508015,-11.486313221143293,-84.28766187962457,1.7345206724125695,-3.0143049073120514,-83.34748641125883,0.5858020950928637,0.10484115521760741,-0.9803644550979889,3.350152717558313,0.9449505970564985,underground
8.481183513894115,37.835239886683325,16.99417073753191,0.07013177132745532,26.849086544988623,-2.306108516334569,-55.121012940884846,12.361847890996872,2.1726298305970806,-70.25062331005164,0.6690603683002225,0.05510174177016311,3.0757454415717405,5.075613257093677,0.7735616542436086,street_level
5.946491879077678,16.675619625886874,2.6019494014977615,0.11487726364532999,13.974736087154692,1.3497548329993743,-67.75413361355976,6.5134227828831905,2.8365085245691244,-83.99624853718073,-0.12149681461410375,-0.007141408919287103,0.1133154257983594,0.6679166869911437,0.7831201904365648,street_level
43.68688729057018,51.08600288936036,24.933447573334043,0.2880366121975779,10.811096527502709,-1.7699287315192453,-62.629451649340865,4.8116140105229075,-4.913878943586564,-69.98006377099155,-0.4538128071800984,-0.07976592903745058,3.9172616433013303,2.8852929431882686,0.49212130439988655,above
17.81836164320955,36.70937757858226,14.811867701643786,0.20692696420877874,16.24978164052659,-2.1669823868303437,-73.51323703686575,4.737306731541395,1.8248339959904207,-57.990775769017915,-0.7948438782754108,-0.03831632398722054,-4.49442083282396,3.4465516985755684,0.517738710534817,street_level
8.077810857094395,10.413569571552134,2.9819216707173606,0.04344831047031765,9.9982591035134,2.197909694925614,-64.3350265133659,5.332789567460091,-1.0178698827399633,-83.79681201745419,0.1382874776383384,-0.020468117288074288,-0.21833914624276074,0.22266483038865018,0.8624832401292586,street_level
10.068991756931256,9.543519489547903,3.8928553454144343,0.03357402780583055,10.99988324889751,3.772163422183908,-49.94463241804186,2.8523531485937696,0.7967573890819235,-64.37277064707943,-0.03141559405243485,-0.01580264427998756,0.1263846303932047,0.2178749588462804,0.6976755933119367,street_level
24.893118460000217,65.04276502125086,22.20123998376954,0.14001633552282586,6.37062646515495,-0.32608220732065263,-65.63097887145699,2.4075520653730287,0.1252759509925392,-87.28311287734661,-0.46226648400771664,-0.2229267674229217,6.84018964472879,7.953021865351693,0.7468145649683919,above
30.735600721993965,46.93789284718586,8.948670048823312,0.3343021058767308,10.520861641220609,-3.0803761973769896,-68.86143229748043,6.108081115161739,0.33530198159847124,-82.08430786315272,0.0400187818914062,-0.00254314252692614,0.2926000190335778,0.8010347908143105,0.7127055414915491,street_level
8.276498721697358,8.545741624154457,3.2743178743334616,0.09432808808173021,20.11545688939708,2.2205072289791223,-49.0325995171502,11.039900852531087,2.6362167110231782,-53.57798987220853,0.08243602790268278,-0.01413986232395124,-0.46088744840334206,0.3946597757148119,0.6304619894822662,street_level
54.729741506553864,62.73618308928738,73.90470447420307,0.805038189242583,4.903880432529356,-16.77702405854337,-60.07901955691253,5.135212555305266,-8.586906372281604,-94.75478932671402,1.493745514179304,0.20683396778641647,-7.0397840318394564,2.309275044623687,0.7330564073825376,underground
7.509635611224618,8.378399902816135,4.813160224396867,0.07901288949242655,24.42579928887271,-0.24695195430411676,-60.55484532519623,9.87503568384923,-2.3811881459581508,-59.85527604218913,-0.07504427261821073,0.006463976798084678,0.08038194787337793,0.3094684271463295,0.5437295836047666,street_level
19.958533519243687,64.7695530465231,29.73662520951034,0.3198623383299336,5.627712246605606,-8.951668055798358,-64.63211716731959,2.872387390706252,-1.7706738613513284,-86.78571950442463,0.3947410484227427,0.09539025301190115,-2.604193828112904,3.6769930770784516,0.5709075969315766,underground
22.190753704489214,25.9311307445121,5.3484588713100605,0.022021614517648662,15.610430231761415,-3.6075214901861745,-52.51946909744515,3.0542172188430317,-2.5396150108328133,-65.26282971714377,0.49774062856039736,0.09848593080470378,1.2137727949130976,2.1988388919999164,0.5668139222551143,street_level
9.365180693507444,14.543414638909068,0.8788302388678615,0.10207488832777271,10.310620660517536,0.24916747307302778,-63.97110482531886,8.920595699679831,0.3153127321189477,-51.80921849019685,-0.0075302376413773076,-0.021101193229648915,-0.18536127542260417,0.7023728895284461,0.6883717472939377,street_level
19.945887231847976,66.36620342180315,14.481561243940476,0.2229467004090763,12.0472351311399,0.9958071881893655,-62.961924075076894,2.903084717126463,-2.449569085104205,-81.56583798539639,0.46125656061222164,0.05941039118779588,-3.9079445012872984,1.6728329532812591,0.9970604623614577,underground
43.98433261335914,31.27778112078957,28.18930183109419,0.2745723012518967,8.28776803640281,-7.549826586092648,-75.54988500049986,3.0141062201966204,-3.2375419519164303,-82.5529354258718,-1.12531141077272,-0.15110562196436828,1.585485819169407,1.910067523161459,0.4123593028753961,above
16.575267577954136,53.82526230535309,9.886876005424513,0.18101466486576823,11.13687137780016,-1.7068077628854548,-65.58376019172118,2.2118771945704196,4.487784544297353,-70.57740413631402,-0.6150832382553209,-0.15186523957551187,7.201700471483458,4.60582827231943,0.8699407490214321,above
57.07643926044304,105.14636231691411,24.13370509202761,0.9475553365567252,6.272616276744005,-16.881629587814277,-60.10353316994983,7.653451576738169,-2.3583289010829898,-70.61386958634762,0.8267928616067981,0.14190401909354355,-7.530593352103236,3.7853157556879307,0.8997164177437045,underground
24.05323913404025,58.13937316328199,12.883600054639606,0.29107653401427036,7.603148224603883,-0.1728606612980279,-84.26069017136432,7.807231061521823,-2.374053740544728,-91.13490718018643,-0.2952446596319478,-0.19810850858685375,7.625055534674946,2.1736146998180987,0.8841865895448711,above
19.523921302384565,25.438086998780783,33.70152638580143,0.4488332942401436,10.808831158738336,-8.564102383262085,-70.66570186137619,3.3840500682713275,-1.990611449789104,-87.85534464229889,0.5357209929704818,0.02997569132404894,-1.9896646884570353,2.0730630060232516,0.5568365499805893,underground
26.03441949580919,35.6226892815548,12.893792259027126,0.30699692295331804,10.756335194085352,-4.0274654138535295,-66.0856186332303,5.507759417368598,-2.717304527301474,-64.79687957413476,0.13010727839951455,0.012967674198662911,1.0870047808692647,1.2464608933422858,0.7914449546959847,street_level
34.23554937398255,60.028110280564896,18.227307518989388,0.46659617330042524,16.576880072034406,-0.5653791568665714,-69.82500848555858,11.6778523111136,-0.14709212233388058,-71.46399273210218,-0.419182305417372,-0.04081918289622269,4.668453732884377,2.7927449919575364,0.5901968650794284,above
10.04953579291151,16.01163397080935,17.55443983516971,0.06997315747488943,14.30341991550161,-2.9550909589338206,-67.96158127541668,3.916304798775455,2.7300772132404,-73.55161313990409,-0.03573649200794404,-0.036514869572835604,-4.820223687221885,2.827676801902376,0.8883055718341499,street_level
39.48507123516697,52.639337862845636,32.26359473646541,0.23133506681135005,13.408351507922083,-5.512197310375668,-78.40886930224185,7.94853852385321,-4.344190013449617,-71.76566823077766,0.5918650842009034,0.07747987942761213,-1.8274938666263312,1.2218833037628423,0.8795047813672351,underground
7.062109833026543,17.470852662586104,1.5499454608106904,0.07326162591528401,16.580905326507946,-0.17849166866064614,-69.07331684345131,5.394004454245053,2.0454856322509833,-84.31731347923667,0.03480853231813588,-0.00475107159638162,0.3950780339386267,0.4870817821253363,0.6118851203706372,street_level
31.96412896088237,57.52087044666497,21.324734689384105,0.10303059041023852,14.989461629384632,-4.203084288505031,-58.11808924737993,10.697884698919555,-2.1929280821914654,-65.74808542892526,0.11349047268947607,-0.0007190102545359504,1.3924646928618065,1.290802983091396,0.9270489499987267,street_level
9.812571817969562,10.356834456390832,1.6725078899606032,0.018471157596217796,10.375644169841232,0.7065700247636837,-63.622058450789766,10.145974485976883,0.3054807827104886,-80.87523236447413,-0.09342712273048706,-0.0010888283483938832,0.01537205598660929,0.3737687809814132,0.9280751890492224,street_level
4.498707643524482,14.92553183148798,5.27058920389478,0.07179701891019691,12.679441760999046,-0.3595747801133209,-62.41414096000695,7.026509752328499,-2.0596171038059836,-63.74597239129548,-0.13206363759147155,-0.007244949801113489,0.01818757864799614,0.5038636605490161,0.600590329623296,street_level
12.885586279431728,17.698731757688,10.042002220393691,0.09169116964270606,26.252320229938544,1.1780427758882013,-61.262978833965455,6.676366715175202,0.24351631358077075,-60.00494957002226,0.5468606067010133,0.03188071034867332,-5.602555605126991,2.5577049090385438,0.5146754943427225,street_level
19.547003388940535,58.51960835431328,28.04275900661025,0.47400699317738637,12.976692948018737,3.032992195202782,-56.13247345283228,11.33314880043137,-1.5410064108869284,-66.71358873531253,-1.233639936777488,-0.07058551118542147,3.2477638707795613,3.1460206337316805,0.743148577720091,above
13.186201131737553,28.166427878789612,14.286412523322294,0.18291251749097484,16.235648810537494,-3.336893701385045,-64.78158573322015,10.202345886081421,-1.40404002373258,-59.60783848318104,0.796449877071564,0.0356152550307173,-2.424482110013649,2.3211627940737336,0.4768758605058601,street_level
42.81999748903952,33.24786175917021,24.687371589317312,0.473296538868729,16.003368941365963,-4.878871973694475,-69.98685593900416,4.6692458471964375,-4.256474360017268,-71.46884329368316,-1.15042738074634,-0.22911570910828918,3.9612979595570668,6.421633586698672,0.4190374569826499,above
21.727723249757382,39.896391259222526,23.245863311602637,0.2211621976374513,10.262205197370964,-6.588707780717152,-61.55773705598812,11.405507207161076,2.4514946123951358,-76.27789509690956,-1.4648371892580565,-0.16565173546993128,7.963505765502248,3.2536765373636527,0.9627509643049169,above
30.869437954313025,65.16523467695356,20.701642068845032,0.1292645688302582,12.228447543756426,4.931784179380951,-81.66331312653028,4.688653116810834,-2.973215937592772,-71.48736419980705,-0.4439310390578872,-0.14103776550622837,1.6461797290998281,4.5411471322727515,0.8985580140397633,above
28.857122100615438,58.543909174400696,15.684442292386432,0.47456136222760864,7.364816055979723,-8.819329491654498,-80.5765582062975,6.299911823586529,-6.481538915294062,-73.72123896830915,0.3063008857003608,0.04317819066509515,-1.492752428975972,3.6366428296542086,0.6544913869540803,underground
33.68435965238455,44.610546199152225,23.112298435767038,0.20812613813732228,14.41856776875021,-10.745912117831251,-79.09606890885058,9.288026404511983,0.25636279312670496,-78.3440482364447,0.6516768879276126,0.030251816326582442,-2.301550598463213,2.864240873578219,0.733610145876253,underground
33.008280988784016,26.182759931662915,18.924845616355448,0.351310648573423,5.009048527104644,-9.641832073072326,-88.58220136525708,2.3794964233448685,-0.30049646245380934,-91.01428190718703,0.5561689859459208,0.0385687740765199,-3.876181201788754,0.8828012514148263,0.68802944163319,underground
83.50804505873592,109.72692705153284,46.02103314191285,0.9559896332436746,4.258262642635121,-11.35905854719882,-71.62539427637073,6.362247631277657,1.5719443734001768,-94.17159821555504,0.6669952583904704,0.2312214588199407,-6.086787720872286,7.412933218266012,0.42583504180094245,underground
32.73254343134801,64.94130017898337,18.04556903859674,0.3861586695968645,3.9860204294906687,5.953204278350773,-74.70050874431332,8.952792020364914,-4.3475114798916765,-64.7036739676424,-1.1928772373366767,-0.1452791802504843,2.9773581114413563,3.032772174167305,0.6965167776115109,above
30.190097516468878,27.21958062020743,24.94933335589395,0.21098673130879625,13.855985300900604,-4.494810313791026,-72.37775099880349,11.620916667657914,1.6692526832979695,-78.99617703437067,0.04667147564238591,-4.4151164476109034e-05,1.0794229736836574,1.4158818063946035,0.9933682799227747,street_level
26.08113527625344,57.31428898352511,27.931344236885256,0.49242824336967905,6.529105399325335,1.0798271499680787,-62.268690540934585,2.792109699137553,-1.5750290015584767,-76.13116732322777,0.4383378382083498,0.11199648842125601,-1.535924197940818,1.732818782793914,0.4535027950592223,underground
80.23695969436221,44.061087063896125,72.32017341974588,0.8521825627947601,8.357826641854682,-5.5754317193549365,-81.66896890822545,7.878869866276853,2.663428096635508,-70.18770373201863,1.0345317676508468,0.1675713649542596,-5.948016729102698,4.664196399606465,0.4362122262573029,underground
50.79633320995864,46.498137489123756,73.55142729970247,0.468653781012111,2.492742119683352,-3.2759587195083277,-67.60491333457527,5.929333003944465,-10.060899414169967,-90.23167205389676,0.25982514346160673,0.1607071034139411,-6.037291257890557,4.201983938947613,0.8980743839783503,underground
18.46137499163087,31.63265906344958,15.526784310211653,0.12566446433680284,8.412754531692585,0.7844969312502172,-56.0741054765069,4.695162396242292,2.9066173521818772,-67.64334214598344,-0.8462791579183317,-0.1296027457342887,7.275534890882022,7.281310619226297,0.7676088994465572,above
22.80078981975293,69.89820178534674,9.665905815365804,0.27466587305956447,4.833234534771352,-3.879582836682209,-82.55219642196576,1.7406511620663545,2.7451765253490468,-87.82026378708284,-0.4340495973114553,-0.10801761028230522,6.920881600993528,3.358549636322052,0.8155606672606931,above
34.45611153086219,27.621292599490687,29.478376786324404,0.4638379284715137,7.044186328011073,-4.274441582979269,-61.2603968809064,10.702989251188805,0.3850411335428392,-90.11976672003212,-0.8440905285963817,-0.1320765903510696,6.962056554158343,6.253744175414345,0.8916269005291921,above
19.635848385640106,66.92039092063624,14.198772832114354,0.43054084070010856,9.572043796545696,-9.012427087355277,-64.47765964372411,4.29927561732665,-3.8946923283625274,-78.82464997800203,0.2441591348232481,0.06443818417218272,-3.0936970760176687,3.516934799133076,0.5732246854126848,underground
16.615879255732608,27.831406702638507,5.943006254346552,0.20275813098502288,10.18454614008085,3.864275616207909,-54.34868426930135,10.929683779101108,1.2698205617820477,-61.72515720234159,0.738820846007898,0.0720990520586352,-5.679269771876413,1.072579040176739,0.4606686570766127,street_level
21.853963084742226,39.93598992406261,29.34853331407134,0.2512283417130279,11.176182311739513,-3.5550195067512655,-78.8185072620066,11.69107302845263,-3.5146105940944414,-63.45613344552714,-0.7353569686893421,-0.1996416933064846,1.9317640706360355,3.141516024828445,0.5889298921723755,above
57.1374062960708,80.84575098216743,28.104717708982417,0.9684842906312028,6.887307618261107,-6.853329325141019,-86.53724341343226,7.1407357802348095,-10.181382703493059,-65.60167178891959,1.2180883963480347,0.19264414271155048,-6.251193667372358,1.931903704051121,0.5701298409043296,underground
26.550849263344077,78.9733023832409,21.512006170737408,0.4530737232283769,16.07874022948668,-1.9748712381266422,-62.498978432245885,8.35701810840211,-3.90769755009128,-78.59004004076013,-0.7247057001885363,-0.07028179069968532,2.1531660128470866,6.402956823168344,0.5613243905968324,above
27.838802432069496,56.09473092285816,22.26367148646627,0.34680269646254336,16.931216395262677,-1.0763657971411495,-60.4298551154213,11.522801165360773,-2.826350945075249,-60.11063409715024,-0.33324627037145116,-0.10606016864212978,5.264493481445784,2.1171956835070267,0.44971651251493533,above
4.250245226428677,13.316140670264225,1.6863143376216767,0.13139851461420904,20.75259290959344,2.696601499253905,-60.70563779824568,8.954129466586553,-2.1618906637612554,-78.29007477123143,-0.13523707999693377,0.01513210030692573,0.09423360567563754,0.2883058879389792,0.528695578112877,street_level
19.496178090262354,29.276717213491224,15.058323284581974,0.24392109176129612,23.07431803076015,2.550352445970457,-65.91794365730746,6.754053828024752,-1.5005835065770237,-55.63170565016339,-0.044883456218553594,-0.0019356822309299776,-0.37901840423408384,1.0624165895710806,0.8839507292292217,street_level
16.95645109092495,64.01749037229845,29.824724209737727,0.5456679199995067,13.469962352620112,-10.618373395333755,-60.79283358579013,3.2786880998353443,-0.08589070260681986,-90.62217803686615,0.42034091729092427,0.05154234495107711,-0.893711610710731,3.301737998578541,0.502804015487827,underground
32.201046550529036,67.10143926318662,22.992458970300852,0.2825595246860737,5.8120726656144,-11.99432277980897,-62.369079748841585,8.937257141146544,1.6142029584892832,-70.122929783968,0.6578652754921588,0.048695314389241365,-2.692234554064486,3.103683631121495,0.8335344273837484,underground
9.470809721005256,39.720655287494516,15.254849819049143,0.030949101689270793,26.956272601607587,-2.2088189407974648,-67.07932548299632,8.603611773524968,-1.4832382517424014,-67.06838154502769,0.14604358157873576,-0.09375305436946967,-1.4420403314043027,5.234381493273766,0.4824052451754899,street_level
24.614460947391564,61.49475702425851,17.925178246544714,0.44217947450261835,11.00803453823764,-7.782653147880952,-60.30791965111399,1.0463801882610408,-1.220361979449037,-89.8475297096963,0.29249979062682196,0.09934237463188857,-1.8235792956453638,3.31768081090678,0.5105690281049924,underground
35.93578144523814,58.06370692365149,29.660973527168125,0.9027023704389687,8.915278386299232,-6.95980361391185,-61.0611266911547,1.356455637179561,-3.178482360530813,-87.33546817833515,0.6822957822003036,0.1503744302865055,-3.909805708848088,4.535534469446298,0.4234240515580959,underground
9.720129210159007,22.0258686759929,5.9510573420601025,0.02836253366701092,17.921760390159964,2.880126031771007,-52.89362402030736,11.840960649915285,-0.3528377643653835,-68.35199025366347,-0.3243303966914384,0.06950091220049817,-0.42188529595399604,4.88201025312166,0.7633295246309586,street_level
13.131472047226877,28.17608191819542,19.797712657871816,0.14459920746949093,13.408834329593605,4.513106322717428,-59.44252696292302,10.905720641201434,2.3173107362359167,-65.90958564170634,0.11993828298318596,0.01671678533684543,-0.3230416584721716,0.32852524923455984,0.9066161643643889,street_level
24.08130190107371,41.774465825656954,8.436429564450595,0.3095309275018321,17.510433850247104,1.676275981158354,-59.622516200547395,8.124376276284696,3.8754632897184598,-64.93025750003395,0.1418799624196911,-0.023160581183161777,0.3586160427605072,1.9653966805687946,0.9253675977486223,street_level
45.8148753051952,108.20948559318376,47.68560638902153,0.8839048695049492,5.8155115112669815,-0.05687732362638087,-81.0562000180529,3.4996051051050534,2.2524857773060205,-80.37533275380376,1.341948292278723,0.10842660571974494,-2.5568062480980496,4.16403228859131,0.8728085297683323,underground
27.52850789268816,68.99968285329342,30.21545661837235,0.39850829848935765,4.877090992837745,0.8414099392761507,-58.475047902596344,3.8922846430297566,-4.431722394173663,-61.74945184959665,0.2666400056526718,0.11271622425691627,-1.5879265964059521,0.8593377450459596,0.4500523613814371,underground
43.355988843690554,59.11818123902561,39.19345412267454,0.595828100293545,12.720152117247896,-7.044755745014863,-72.82034741535188,2.0433178452377847,-0.09673626286122161,-62.67481011857762,0.3702668960991204,0.10021415606399567,-3.765140715908266,3.0896587716298756,0.6496929879897493,underground
59.071746738846365,62.64451834386761,44.198579774544086,0.8271867785106957,0.33939533797451515,-11.914277004412432,-62.09044165744079,3.3333327683712275,-1.6402716736493979,-94.73247233986238,0.3898821698273703,0.2450405677385602,-6.654568798299326,6.478622917819935,0.7181035815605841,underground
26.480035821111834,61.416670484510476,22.083886485272252,0.10496316966458577,10.865277156569388,-6.86160315376406,-56.0783134582132,11.551708850631286,1.9118586464283567,-80.95330992001858,-0.8545771421743551,-0.0907996546184352,4.250750317423677,5.429706512800605,0.7362564810482128,above
33.86052083548306,81.04676144237473,68.3007925121048,0.35427335133690413,0.4148292883042348,-5.864847570367459,-63.85714307038312,1.908713605177769,-10.846077680266362,-89.48019420599178,1.0476917542033006,0.041319352310822385,-3.831699762416531,2.8257152197470585,0.9619018505639625,underground
42.55412842505329,65.71968859319115,14.758583818323906,0.40677244136520285,9.41100908665633,-7.347340466132512,-71.78287073844992,2.033275242681987,0.21327247955564488,-68.38805626393871,0.5856384371187934,0.0789694587332704,-3.5835584690165008,1.8783713528507917,0.568911758429138,underground
37.68768380388811,79.72908461852339,35.378156387939995,0.5165768749485973,9.386101690414927,-9.79324779490455,-80.49189364098957,4.697525997449368,-6.043675775520263,-87.06810183697114,0.32939343137389365,0.0646708825875152,-1.9665914464410972,0.8986802950534444,0.8767819728893684,underground
41.79388928914998,55.769693494204894,12.953258178791078,0.43639313571975447,5.82199841318103,-4.640000608335133,-70.6092818361495,4.840207784259382,-3.5468097372545078,-72.50406395453805,0.16959457912118817,0.035337884659452895,-1.040623715290995,2.6422912958416074,0.6132728873852811,underground
25.048543498039713,59.83081189009909,31.932438242928566,0.2942755530646646,7.168243824839326,-3.0352277009346142,-63.98984489757473,2.947254984021763,-0.6794897517199558,-79.10627901990506,-0.8540591962567596,-0.19585587893763412,5.009999121542828,7.943537998797349,0.9699496680060062,above
35.64281057645009,43.38054323321312,39.51192643978749,0.35708886006623153,14.74578163469912,-5.4446990580167824,-72.847835474668,3.227055728351191,1.0608339773053288,-91.11658035866866,0.6938769442928581,0.039217101470654686,-1.9000419119117384,3.8455246270480865,0.4464587885858514,underground
42.55180064961309,38.36138125976971,26.007548984678202,0.4745933706900889,12.895182891730318,-0.2800424737752518,-75.22572511887401,3.336699084809716,-1.4932527680748544,-91.0734589731165,-1.1639510562520665,-0.24889278429118702,3.517388692830381,3.8472115473283117,0.694418117043905,above
17.149768840682057,66.31805732506885,10.066360619076592,0.2861574352388784,5.996410202172195,-5.438974445926974,-56.34332897071269,3.1518476213553583,-0.49165614256454226,-79.4457517875099,-1.2665814145690826,-0.09652682090662848,3.151523960757328,7.178587120342513,0.5571975878859822,above
28.072191286818278,50.200873707653635,15.788642832960816,0.17296109971984414,11.031567405684951,-5.626074453514251,-74.94002644451032,8.603610511654228,3.398770840239724,-65.18098442353835,-1.3431036206408216,-0.19124243322350765,7.107065095470549,5.686431183805139,0.8175318350286852,above
35.187757263851665,59.64680433512163,10.660331735123766,0.15570951013601997,12.32613702234629,0.9291324534557077,-64.360220794891,5.768804949066142,-0.5383330096939609,-58.607949830365314,-1.4099917169198828,-0.17135641532701168,6.454760013828754,4.195857908175782,0.6492620838008027,above
8.745952268311985,23.346035128911073,5.5177383486674625,0.13984983430829964,12.470388848455684,3.808815382994635,-66.93710789417696,3.494448190704304,2.2496339485153367,-84.5237867762898,-0.6759290424488367,0.08916467286313312,-4.162942493664378,3.7157463935283177,0.6996347654597719,street_level
33.67512373716838,54.24028269386661,10.07959955170718,0.3181722560620125,23.424034151441962,-4.346536507436939,-73.78758034658898,4.701886274565704,3.5536035272477307,-78.15942365959421,0.050065743436338905,0.017460574133768537,-0.7139033689752398,0.9370060220105214,0.8799263138294193,street_level
53.59001016489664,48.87763958432821,48.88374657324907,0.3571380642774387,6.597899111576102,-12.133077551293315,-86.58143702757413,1.791340229483426,-5.837758362975014,-70.90061917091846,1.23262850622332,0.16746043497889931,-7.419016578967494,5.679932338522398,0.8686748984680592,underground
12.887435018677559,57.97977791466612,34.32655881529156,0.4307164963613419,9.336839103141532,3.168335367140587,-59.0315103595386,7.978113470717944,4.73214039516472,-77.86268464754771,-0.6441001952879747,-0.2244897930065994,5.220344467244361,4.863197179470493,0.8093015338766982,above
19.327083187873882,54.74376581701798,8.881220975102446,0.15121370775762094,18.610585278441754,-0.07359128028133011,-68.87308754059923,3.017489241089972,2.987576630106667,-82.6075523247665,0.12580649785789808,0.01942944449985049,-1.106620989303274,1.3414944358603393,0.7200683418228226,street_level
9.489844745090714,26.099885271638577,8.21726020755416,0.040674254418426606,16.97319186283851,-1.2728266022134314,-70.11305393471338,8.097899522064285,-2.8750928321127174,-62.90807594280227,-0.2036139777283399,0.05812160587002482,5.607042489420294,4.644611066308248,0.4420078089293324,street_level
14.790479453738318,54.16835497044369,16.432347384997303,0.11174436531488136,19.103131448532174,-1.2188424352808935,-60.59852195847232,7.9560497198504185,1.6440434928273682,-65.92230623813369,-0.010198384231879395,0.0015619303382739952,-0.052526068305381646,1.6750660736316083,0.7478008783266448,street_level
23.469994461322425,75.27899103665605,78.4963567305599,0.5452286707729261,9.902213807452023,-2.4352057217953025,-64.55608802712358,0.00369105661312652,-3.993446071607975,-81.98432025382013,1.1097280207624096,0.08531232129853632,-5.521280547220256,3.2642102008795124,0.7453672054770011,underground
23.108771623358418,41.89427947923065,58.23980907415369,0.6417101326173751,6.594152108652127,-4.387435464484387,-81.44105748819416,7.282521283696824,2.202053286494918,-93.05868346340297,0.4437434632435886,0.1685309671474478,-2.2324235340560117,1.7437824053182012,0.43746916653897255,underground
25.882808292247248,50.24469379776497,22.641149701855447,0.22156343843855375,3.38623405107914,2.105497419997219,-66.91235123928732,7.312490351620951,2.729628643667759,-90.24692000573522,-0.8188885770729097,-0.1523470862360588,5.767880408288106,4.048911463712763,0.8854933735730238,above
33.15137364544374,81.61560336032343,58.96269161277786,0.7718241439786323,9.993489065285955,-18.27122406073107,-89.7751247996938,2.084617808629652,-6.094323760367853,-79.30517966431653,0.5775869628343576,0.1806463845162003,-6.268762978257152,6.667349593226337,0.8115578758416686,underground
17.825628682800854,29.846851878337265,14.389254040849258,0.13090334256548797,19.25538349067798,2.2839466650391973,-74.42142310015835,4.851177996964324,3.650409836942946,-74.42100288736096,0.15049114997179888,-0.002999809707376403,-0.47539492772853675,1.8938273578521385,0.8661687886375742,street_level
76.61431049214701,56.320252948068585,42.4091748990371,0.5426852643039889,4.468001671330608,-1.2045980164851393,-67.2541728474823,2.302651641733269,-11.959749340681473,-87.60327779493791,0.3177887760145228,0.11201095863530361,-4.067574781177758,7.379868998198259,0.777115346400187,underground
30.05073374483344,24.82526047398202,12.34292903063433,0.18711197691932674,8.766011530972122,4.17693257551368,-56.50922525023301,4.658178360154766,-1.2397366230981781,-66.53947884782707,0.16977087020158585,-0.027235803996290817,0.05935511795873705,0.4509900773019475,0.9723483892044174,street_level
56.41215751564681,80.12372853170965,67.56842847605932,0.824443267279816,3.9486282938177553,-14.317490907315765,-81.92085481197392,6.013875963497025,-10.767042731362185,-88.94370845187237,1.1212214349532958,0.13966345471974576,-7.275545698490818,3.3892323660775254,0.8036152413509685,underground
21.129995495523602,38.16974759035521,11.186884930956456,0.14461036038199537,3.347901052479828,-7.2814095449122975,-70.73551171730455,1.493344220681634,3.6843213416857594,-61.04208296304367,-0.3448360689601295,-0.11733395182265052,5.778620708708574,2.604096979265275,0.6996674278004837,above
13.460315597923755,28.689259548948954,12.561225974568135,0.025076911479356406,15.816137628977806,-3.447585597069671,-68.61355629875965,9.975369952270906,-0.01906979113994378,-71.33895145416581,0.1966202297605808,0.027025013187826852,-4.418423083011181,4.719071876347783,0.7348306861784961,street_level
39.21520527590122,56.866231417822995,17.217385413353064,0.24913095084468215,8.77667300754849,1.4228446462559372,-86.4375232234007,5.165646235452811,-3.222321126659946,-80.99465110997889,-1.307029443289155,-0.15905299407613882,4.32034732602321,4.4190357272015035,0.5858670108859306,above
29.29544330262481,69.64470128415866,30.744488317542046,0.5253526812467284,5.2455503296902535,-0.8590556749637539,-67.54621497724801,9.69510152147699,-6.071924305839222,-78.94461505608865,0.6172410368483691,0.11699137418383485,-1.0032732585450157,2.7809312586091637,0.6649386161729766,underground
16.010413608139693,22.93776694156202,11.740363684101709,0.28862245360528027,16.53539943738347,-1.1896431358503898,-79.06530270264625,4.23868005384147,3.857209644703059,-56.83547853807062,-0.035206829104285006,0.03757072216848012,1.3757783856074286,1.7186079692150382,0.7904920872596313,street_level
26.515665877551648,47.08685914509911,17.542121331632565,0.23807126182187052,12.275011551247879,-2.036646664009522,-83.20540358606672,5.786198937083766,-5.467023797709473,-71.93897365811175,-1.4020503666182638,-0.182519120282275,1.7606477329783699,3.8321595494715903,0.8312017127498672,above
7.349611381162323,8.718918610756814,0.9615449818006576,0.12727342335087455,20.922396149621683,-0.06569815336809981,-47.50476023056879,2.3127917241036826,-1.9817489516455853,-53.79474696054993,-0.008822730986407235,0.02909774584857692,0.49076567584004416,0.5979734041615646,0.986088877795547,street_level
37.62540358116783,110.97947617185714,62.788106022447444,0.6253439166207229,8.067870603145765,-0.12805330755213262,-83.89630699241539,6.336460351986602,-3.1593236972077765,-68.59099245493562,0.9283664855220822,0.16539646156394186,-6.7907804264970855,2.355581167525644,0.4065750878236084,underground
34.16499735969322,42.29519016121321,18.91041604982474,0.16532046069246065,24.689808579738937,2.047135064113278,-58.97385765726394,10.009347034328428,0.2742027600407235,-74.27264388110007,0.03676587278685753,0.014796741961644606,0.6508434530604923,0.2362387896014324,0.7482877394513776,street_level
64.10785525901719,112.26044979218845,52.5924192676806,0.5677265731007095,8.075624835042332,-5.53604707357562,-70.3328023081948,0.5929596750624286,-8.25543216572393,-84.88256409798605,1.4594152139443346,0.1901838851905093,-6.628528669890178,7.726615413260061,0.752053038829624,underground
14.379255481365924,18.08865502174377,14.348189329843265,0.12283240674424695,12.506838789406615,2.0141456469816124,-76.12196993495535,13.49439901634369,0.7579426715338409,-69.35092296092535,0.0022755467637859406,-0.0775896647653271,4.735441639713727,4.878668145187111,0.7286885917068644,street_level
20.944360427177052,29.934493134446402,16.8366662828829,0.10520962396166121,12.772312010225832,2.51389413166725,-54.85615380467485,3.6699425413717233,1.7423194761123533,-82.35325897630248,0.43206290394376934,0.05169934978237398,2.578894558027649,1.5536962126009815,0.5093195458075228,street_level
16.392773201224315,54.71682035624427,28.003166276861233,0.20183988989646817,8.943145946335138,-11.166183724835022,-74.29293275305221,3.233382111678841,-3.4266041626116133,-93.61173957445244,0.6402921400038929,0.04726052200181509,-1.7063152687694756,3.7568464184565755,0.8067614044376177,underground
40.47702307551798,30.344552171705132,17.0487582253529,0.46709805830478757,8.929446489585796,5.941838283671087,-81.74906368894301,10.352285390161745,1.3171889854848615,-82.27388465149987,-0.6851057624275707,-0.09455675225327301,2.380112117345517,6.164774670961057,0.780780810459508,above
32.448989667874024,59.48598720567843,14.870836988709883,0.20342779473804945,9.882156877887297,-2.223015251365341,-87.57699171124577,1.9661396169928533,0.9773101635935841,-69.48848200216058,0.6595148312748715,0.022976368059100832,-2.0310774724325293,1.4450029144297076,0.49382651673724465,underground
22.35950512644947,41.28865688515728,9.868563577583497,0.03352069148444437,16.686357041341928,1.829099747211111,-76.64234460010316,10.846018542177415,0.716766685654596,-56.20239104181897,0.20837968181102307,-0.04745134199939849,3.1434193752322326,2.697840225298709,0.8554817434988584,street_level
23.923790555716096,62.36264978488784,37.98074141366141,0.3187521332560476,13.232342817571347,-0.4436982598262169,-77.33015314553461,8.758682821571325,-0.6199945860581639,-79.9148261374578,0.6339666296317741,0.04458381720398089,-1.0117702455492545,2.0474492215360316,0.7761655540689976,underground
60.103900386064346,80.76469964282545,35.232763775893474,0.6193642937911938,9.928887885610184,-18.614974046038782,-81.64702753046056,0.21903654083018598,-1.70313761638889,-73.305369474536,1.0958762956225991,0.05177083723206377,-2.9932905995227914,4.070303553933174,0.8384856148183858,underground
10.2531539525342,17.480598713527556,3.561635949328039,0.052443251445622945,22.9727857618204,-0.31433811247710164,-47.567004864547556,11.30205499468446,0.9368203532535411,-63.30463996717161,-0.033117667182425675,-0.029545129373243495,0.345774028476996,0.5625564074229319,0.7056100234566683,street_level
33.703178615530575,36.96057146252963,14.162080920354482,0.1713610426417928,12.289531171406157,-1.4555002435753863,-51.488007214725414,4.145807649385754,-1.8610175287054105,-55.53972370649812,0.05510940839285289,-0.006855428958569883,0.6173688656376379,1.989687982381643,0.7881110118488444,street_level
17.605445822895277,38.782555883458265,15.395341018940744,0.19778508534663522,23.882934700991573,-1.7760330569132279,-76.67334860529532,4.531099702196548,1.0065919506510532,-83.48795636019383,0.3330437675652589,-0.06115826397811195,-4.527457647705262,1.9666300430523145,0.6038680133659069,street_level
22.997615718650508,42.47869637669153,16.129276650129356,0.02803409773090871,16.826540504253966,2.7856951602922706,-66.73916961876215,10.875458990176416,1.7354322063449263,-68.32330950254502,0.31829063874006325,0.07941862852136336,-4.760922472569611,5.456759748234356,0.5982629495754652,street_level
23.35272933458248,24.99297893355247,17.68614845792268,0.23547900649005526,10.846953209266854,-3.171654496630701,-57.82006435713579,4.773800473019362,-3.1689833830314322,-60.78016983695822,-0.03171236463694457,-0.028030334620665866,-0.35021416258247884,0.24864825096477516,0.5997876419241592,street_level
18.92787943631592,42.03318967946632,12.003965369223344,0.09667077781621473,27.2693107668789,-2.803393258711383,-64.22480956860107,10.783922633231759,-0.44264170883278364,-55.680326315460704,0.3369605570888976,0.03927599963678255,-3.8287219325996857,4.571359858803348,0.8154141678195767,street_level
22.496522604882138,49.315099817202906,18.88596334280718,0.2820938116897326,13.14606577128235,-6.44096644091465,-83.97179871980163,6.296085522677619,-3.4194059249610236,-64.43286469604523,-0.8789192834636197,-0.10456281495854466,5.757596550166367,4.5027418337027605,0.9620073365095898,above
56.82784145503622,50.068474398532665,71.2040331304701,0.4087003255059166,1.404654888670095,2.3563016369246697,-75.77204840484822,4.120844724804684,-5.539906440062964,-75.66442060545535,0.7638958391850219,0.23419005238814652,-7.215988778500207,4.646577459022714,0.9115780807333808,underground
49.44889592664699,91.38066578491421,31.26700997758926,0.9991697646715907,5.4630623173000235,2.6061957751977793,-82.64041968665268,1.9633882769042703,2.1217955413339062,-82.92111708716214,0.7336981985328341,0.14852327043289426,-3.116469976086792,6.114068733757507,0.561340698329102,underground
16.905924059348692,27.673597153025344,23.705067891142455,0.3283694279780984,10.60138581141175,-2.6787745899218307,-59.94561847068773,6.154336403229605,-2.043006213374089,-76.56238744265306,-0.04035542257404426,0.017469602815425846,-0.7524732633503038,0.8214654439345777,0.5780846792606005,street_level
38.67037962098706,66.05565901303018,11.903416595429928,0.4651817035930179,13.805406017186584,-3.2822360776923034,-60.82729797420064,3.2925047268662153,3.0500499557020593,-76.25502621318633,-0.6857171741800993,-0.08622473147503543,4.507589784304578,4.763786834578557,0.48503934427460993,above
12.036986879298638,47.836097135362586,8.114418976535827,0.18186719658505024,12.24764526755718,-0.12167354320241053,-59.804796541362286,11.077192064390914,-3.4144715657932476,-69.04398813935488,-0.012041744803902452,-0.012462881855384252,0.7695127957478141,1.638521130687209,0.5186816893835509,street_level
19.126925794587727,59.61043914083343,10.373872858691225,0.2243151892122664,15.027178884241197,3.581712160974238,-62.733693008374544,10.935183409550708,-4.866949289111899,-70.01097610782963,-0.3652091816696492,-0.14552969586933154,6.514201875220252,4.138765996772671,0.49018364180650653,above
19.006639747046457,16.698914056761346,15.60382532702018,0.17300281560970518,15.996267349447603,0.20569330118024975,-60.14558942363988,10.453386003880356,-0.7285892187047844,-62.56840406821236,-0.11654746675670646,-0.023344142529952386,-3.011493210717306,2.4114747847759923,0.4123681091544697,street_level
35.41337035739295,48.58375006766528,33.77570162179195,0.3166921626432365,11.927718274817293,-8.773061248173116,-69.07888694633978,8.763169570035592,-4.672485836230812,-94.93618395287285,0.43533913700862037,0.05760646134264259,-1.312747786734052,3.7510797308890895,0.6045997220950879,underground
11.309574342516484,44.99890166848557,16.516012258530473,0.07197603803738271,19.39637586599961,1.0616976299928131,-56.82249870823435,8.666552486209968,-2.2253672329459286,-69.23958102076521,0.37425287468909296,-0.08697390761900575,0.389118949935777,2.7168376237456218,0.6702854944667518,street_level
13.405037278587876,42.28595966757038,12.67712664647784,0.047975937633450524,23.7530686690419,0.2976486425015974,-70.1203435375044,6.040455950928095,2.161829878381022,-55.41508154086309,0.5414512653622168,-0.08524350548396634,0.8549392817642785,2.416644235769309,0.56795143836297,street_level
6.838616827828976,17.62207287852577,1.636099865439319,0.027957535691770456,13.488083612510248,-3.6554902025676155,-71.05409771831489,11.641296182945709,0.6580401176750401,-59.80115954964825,0.03714354058200897,-0.022227049589595205,-0.10971038397453203,0.71229608239446,0.758235797229041,street_level
19.641187587525994,34.76730275751858,13.068733794634237,0.20846841865877125,17.95852370918781,2.6598269362503713,-54.63495039221623,12.749425934207915,-0.6754638984030716,-60.83388390150792,-0.6646501308591569,-0.045732781257542904,2.252216174942884,4.958658804184667,0.4359142334102937,street_level
43.9842402794153,70.97896431842972,13.151000916361264,0.17943433194606923,11.015284632702063,-3.4039260990425397,-73.20551496622534,5.284458259069311,1.6712529140400276,-83.61188167381461,-1.0665783622205196,-0.14193254274791745,1.790075105147185,4.047749945493663,0.733745744501516,above
41.43608631117559,40.053131098780334,35.7005867772517,0.4757910949682019,7.018803539285665,-3.772536695113292,-68.10755184181409,7.4839658498642,-5.658749720847794,-66.83678778561571,0.4097360361653324,0.04737599773175824,-3.4291441388680504,3.4660111883143,0.8808649915905937,underground
19.609928467668944,54.11332211941428,13.644972588328041,0.14193173502106846,9.105730008554751,3.9170581338965427,-70.58362266380949,7.548056713490852,3.488405680915843,-69.21844061835024,0.15163388235322708,0.01630446281323889,-0.34904344972089807,0.8421597535907124,0.8403023939534846,street_level
32.74606487936906,20.12839235037468,9.012454033033983,0.13794519195063562,10.486070468157067,-2.0285198142321215,-79.71730825023967,4.839316418866654,-3.8709126611668108,-66.40903371576556,0.11985844025912604,-0.006752976010829699,0.526782482629339,1.2134979222317754,0.557480660237076,street_level
63.07634663314726,90.4652076790178,46.50198684176837,0.49926352207925295,5.29326984081549,-11.111659125840015,-72.30413930612423,0.015057082087046147,-6.414004061176321,-83.63660926683046,0.4128784211667573,0.10635170258777252,-4.981128565719563,5.663798538591283,0.4286282491800973,underground
58.65837319835251,68.5764011591129,65.11426204065495,0.4619800509521575,1.8602744503954083,-10.670905857644517,-88.17154565134202,0.9853578735453663,-1.3440417923630985,-93.22353648629318,0.38927086446656717,0.1969242192562581,-7.197817552129889,1.9913534817677832,0.7686470966666454,underground
11.877929636272945,38.40465324247836,16.532694042542353,0.06699692283615484,11.23504151611143,-1.503580079790333,-65.5761235978441,10.440959219277683,0.24615513942871203,-60.53474879818897,-0.6437388227329436,-0.0056692802012056065,5.180667675571529,1.9668003813010633,0.8891820572326838,street_level
15.349304990879176,37.731794146539656,14.077881274741864,0.07746285799098587,14.065419549431265,0.17150287093633754,-58.2110831132939,13.210637993410987,1.1175523845483486,-63.43928258896729,0.20416401823240227,-0.07265485808776005,-1.889961644544698,1.3142261997179814,0.40638503441125146,street_level
9.764686781876403,11.608850893729265,3.1923665056520956,0.02321219003828458,13.177629334167424,0.9021077369418835,-61.497958325450526,2.9921312792026638,-1.5822726041121806,-63.61787097176416,-0.00115662502893496,0.010340337957870559,0.10599417079200601,0.24529806212396885,0.75713237301576,street_level
9.853116646616176,14.501882344807289,4.704634388557145,0.11214181517027993,15.186962876712666,-2.293485391127785,-74.94810444500494,10.018659743021825,-0.5232223251017469,-56.97116553883376,0.03322488780425917,0.012410597253532149,0.10282989265223497,0.13805410835069162,0.5364656823284594,street_level
36.95098800442395,82.52165084355153,15.762861797090363,0.9497048551885587,9.013386968311117,-19.054450188932343,-89.00347453151794,0.8798767641912457,-3.7406934832661243,-70.9883560245589,1.0890381980955977,0.05888221466478484,-4.529967030136665,5.377271073376688,0.6776116292706836,underground
6.53663291313767,10.45937447770072,2.6951978753639545,0.036626024412069386,15.851748448784939,-0.9816784447528191,-62.89273427622169,3.408697067399082,-1.6614513074520765,-66.78858618578761,-0.03776467392437477,-0.018217850411623892,0.4720655285901776,0.3250991822082934,0.8227662929375807,street_level
78.90091978160535,52.2795730349388,73.12925249322397,0.8720061384017024,7.281424204664021,-9.936089065405097,-75.36315320242072,5.081264572329116,-4.0979845653204485,-75.09027550592694,0.9095722993596264,0.10452425162585438,-6.240739505799835,6.3007199579288855,0.5475848908000359,underground
8.987730951690898,17.603253759844016,4.927161375858134,0.03552866693578412,15.689029184957764,3.0835401642265348,-58.23710160212017,9.117287308877255,-2.9755446873121736,-75.43039702829007,-0.03343644747404714,-0.009755297340799933,0.22851948401299504,0.19738864376266366,0.8228148468512362,street_level
37.64036537835737,56.81561548322338,25.279201589226183,0.2737274167577386,6.491553065433046,-1.6104190232742894,-89.08277578058403,8.942306469099055,-1.8006624575892332,-71.40466829243005,0.522366013245416,0.10549740982734396,-2.9439444853512327,1.2679872939408647,0.7343753365197792,underground
42.757555459277654,52.72183450750174,17.048515893999912,0.1392141553192533,5.044073447803541,5.242624108354338,-73.04715330535926,11.943543612953244,4.970813022787304,-79.96192510490056,-1.1581179821443368,-0.09300783803144635,5.68171799256077,5.59834803344978,0.6186950862741284,above
21.34399149554246,38.599678983391875,9.564311450515863,0.20653124237324771,21.36726017874072,3.6293893985648715,-55.26235425066062,9.670116523693702,3.994793327526664,-74.65313405299378,0.1749496307634024,0.021830277006817486,1.0593085670505733,1.504013340847661,0.9574895072676524,street_level
8.427664154590044,13.114993062783242,4.928707514059189,0.0312429449976705,12.518503288507192,-1.2485171063390803,-56.53771612289309,3.8761548472796576,-2.206382760235915,-72.68770787266776,-0.042297593799596106,0.011493534057661244,0.049196580968579484,0.15223517140484494,0.5061528287992473,street_level
17.560303818358356,43.83589378763439,8.522726958458513,0.31903966455433647,10.718674006574965,-4.748820237492897,-63.06245329689886,9.03778169679558,-3.326697506291824,-61.69953540297078,0.15212306445235182,0.02239849887308621,0.2009938081647844,0.020063197403316968,0.6634669706582133,street_level
12.514188554975162,35.39333340491885,25.883825482261408,0.20243486525135773,11.868733445757677,-1.4232118687675364,-56.73714271941191,6.300464356248341,-4.6627115785425115,-83.88139280410469,-1.478181995496722,-0.15102730091584574,1.7440893666507786,5.0455534061472,0.6343801314016868,above
29.544136656718788,44.64622448812528,18.89174289566561,0.2893861779554895,24.211914457930863,3.1638405425818004,-59.85475119171633,10.627559522205559,-2.759689741324337,-56.603395640216235,-0.07092056015287332,-0.014413985990993618,-0.9083675581339783,1.7323856494205316,0.8801702530816187,street_level
27.698132884990837,53.59401000281068,18.25394179067415,0.19117458182993596,13.532394177024406,-3.046815123055089,-51.78902456248629,3.3652135443039946,1.724854585513456,-83.62688323964841,0.16729045197269385,0.01836147312000294,-0.9233342515523899,0.5617125069650735,0.5886757563028544,street_level
17.24548148654704,57.77005654531423,16.732471014639465,0.44225710923058953,11.902723109364949,-5.120758338932086,-72.82933400171724,7.577214694784214,-5.007600420164259,-70.33794983113387,0.5327390751257678,0.09870113164089064,-2.134851922259874,2.8657607315872955,0.5631856513109514,underground
33.382999460556064,118.34191300273801,72.15714343024737,0.5247793424233641,7.5805954774259785,-15.132480411604323,-73.02961133445635,6.186907252564181,-11.640320900209604,-82.42905825206923,0.5471575166685403,0.15138031504765956,-5.693141384700926,5.661596316677874,0.5447779139668714,underground
84.67822976134016,107.95162987551721,44.49052708884305,0.4195838003277125,0.5721271106754966,-5.468876058728599,-76.18700805307765,6.9184835315731545,0.30468433764179537,-88.48942933868112,1.0254443366862773,0.12419369124952495,-3.558897249790988,2.157942492793758,0.9773923486556519,underground
28.4557936061288,70.31863817770291,39.25579948287492,0.5279012928530664,7.685171868156784,-2.7070251499506934,-68.01546784583809,6.708126445716922,-4.112950263562943,-90.47892540927403,0.651901575071447,0.04307874211027816,-2.3850640337196074,1.6587649670298363,0.6635311211545989,underground
33.897895440316034,25.97288076150589,23.527944289441855,0.22897432628890182,22.71406486173893,-1.1107342358537062,-59.01722418253261,8.808553439885726,2.0448694145185353,-76.2394756143411,0.042701399374288435,0.022170813852042545,0.10560374377669834,0.48949968253424414,0.9060596150852879,street_level
78.20549252704899,112.73894679066028,38.6127731455321,0.7473992046820721,1.4298649847342948,1.820750165801016,-73.94738821619103,6.339641039335006,-7.4962533128571796,-76.24153432405954,1.4038777229893051,0.04333696896429391,-5.320272557190558,5.813514548022281,0.8359956530409194,underground
31.250837577258284,52.30056267094557,26.069299019120887,0.44161183480173277,9.360916120320104,0.6354456424079462,-66.25090262237555,7.4142717998538785,-6.327805604442338,-66.43224091519484,0.6290949098791483,0.042275435010168595,-1.1085576208894379,1.3464410484723137,0.8313816677980314,underground
18.570396651448476,23.947470930847608,19.42596919250123,0.13130332671447628,15.768595778377298,1.7939519966077198,-55.88304826499793,6.304016294895728,-1.5455019341415843,-80.77148479552609,0.10269088222450251,0.027364734431845075,-1.4619901720492012,0.40529412437404955,0.8981267728229207,street_level
6.687072601334503,12.0853682581991,3.47162480336096,0.1371608294174657,22.243802735941053,-0.04045458142764424,-61.07593798844323,8.674860841188522,-1.1816110446466224,-61.308108460341785,-0.023227929839492956,0.02165600277838787,-0.41057889075323195,0.46464611428639035,0.5633705483480572,street_level
4.132865573418567,14.00404365377359,1.0690472407879423,0.11406586598368901,24.609544520340553,2.384374858799206,-63.746752799601424,11.857151107577517,1.2483566364668057,-61.67682482084211,0.07150321397522552,0.005766997288136948,0.436753455465115,0.17539744970794446,0.604090581456465,street_level
42.09355892046536,50.92219660616591,74.38471909018654,0.36422278092754357,9.515030922285998,-1.844525824696536,-65.38178953024898,0.3826255186625511,-10.768337367231426,-88.53813953593011,0.5522757289602845,0.13383256685396713,-7.57257896179309,1.6381652885254854,0.7352387687706563,underground
44.00500921029851,75.84474593838324,63.796865004952785,0.4230917462643552,8.440406706723401,-1.7941178648741811,-80.36165846852234,7.380091966870398,-9.773638854969388,-86.1380936152657,1.343913522478669,0.2100052829288402,-7.53069863481257,7.665049054056572,0.7138163025399296,underground
33.73731204293006,59.359717615806005,22.18674581163814,0.17068992989380355,16.291722326327104,-0.46604749747225327,-66.21408351338467,7.850355597837535,-0.8531733721636874,-60.46475367260827,0.02560051436991162,0.007336747717617498,0.029131403311831727,0.30582345652774445,0.6883841938481621,street_level
30.61523734899111,22.797020292994908,10.289748291039059,0.2731134108467348,17.595464791047466,0.9102225289513228,-56.50286193270118,9.537225473930276,1.069377333478661,-73.80488963400123,0.19425113703637178,-0.007841327246385622,-0.4971526176824863,0.19679615836123987,0.9716816150470278,street_level
4.3327080023206435,11.36401720226522,0.9062437826613365,0.11380409866052063,22.689352649426915,0.670281995639086,-58.57627203755483,6.16470292707754,1.3048083812492681,-65.28044835250846,-0.11533450287383855,0.015593615107700888,0.16478375920923372,0.2639002494146867,0.8430167704083771,street_level
8.122463404006124,16.042047375297905,10.807792580440008,0.1655359242399249,13.725354370413966,-1.0337938305127317,-59.71973030445062,10.049318105892223,-1.5413263003220097,-64.00811944170967,-0.25787441717889015,0.046279815411594066,5.239074181211439,4.948654899884163,0.674136033895028,street_level
5.492352941777725,10.782229671982567,4.221493771543725,0.13600878005862238,21.518727266106843,2.9822391790425407,-67.23879421114704,11.352558016579035,1.1123718266925948,-54.47112031338797,-0.0662438195904435,0.027440278244844976,0.16551514392594513,0.20352110935428824,0.5505669780868578,street_level
19.029478043998843,19.7991116926957,9.75892701127528,0.1448043596106647,22.519203763451983,-1.4478047012468371,-53.443589069276484,4.242431793950277,0.8954819510940037,-68.06024354848994,-0.13889827258530596,0.023495743695469112,2.5593759418214255,2.8212988253186797,0.7716274144695163,street_level
35.95392655722986,75.35335563666202,73.6909237380597,0.9644261020875314,8.130895080531225,-18.641013429097132,-75.18913342359265,6.2782537026241725,-10.576173714671413,-66.12154574152721,0.6791355249529736,0.20961843772403155,-3.0844227419176056,7.934464098035756,0.898955625322176,underground
21.418793706249662,41.42653399107098,6.548265689746151,0.09568662351798457,24.22523915895175,-2.544776893205958,-62.74239948850878,7.546884551242963,0.4808801825463189,-75.67806249499458,-0.6745461858683731,-0.044428727946932714,3.4481684739551586,4.567209798573105,0.8344985350150376,street_level
9.696070015640554,11.147549766321623,3.977534546378057,0.08815562994521502,18.874193417214045,-1.231841273834399,-59.055405110214544,2.2541012732321537,-1.6916795515590897,-52.002527048346415,0.14567970047676318,-0.027490544594116227,-0.17009932394768146,0.5194212648852337,0.948212638680715,street_level
14.949699547625048,32.150373074934876,25.46372548440615,0.409029506690211,9.832287467492263,-4.250094467130751,-76.91524353687477,9.400366633960436,0.6765687605795856,-76.85686845379009,-0.5785891004753395,-0.18933545890648001,1.7990172024204047,4.036369804960987,0.9324233964867088,above
18.99288174400761,17.748799139489087,11.226314469049784,0.06277940677827201,26.667560883876984,1.1552882522067076,-64.91905110821514,7.2346763430962895,0.849146984038109,-62.28309153226267,0.18037126277887516,-0.036557419963049426,-2.0175505928367463,4.758334059308774,0.8544576630197473,street_level
12.109110221181327,66.71582382948046,11.166052315151191,0.10793488216045635,9.835525786588924,1.197824150268934,-66.75828915721328,6.348995178848718,-0.8232444245740167,-76.3931666853429,-0.5575420281636394,-0.1653738444556539,1.99044849697978,2.045553750903132,0.8270723278920723,above
10.538051750620019,9.152025780465362,5.672332802393868,0.14240438770744598,12.476031656181721,-0.8345834629796851,-50.4528275781267,7.764000764139997,0.45153388727317356,-76.03524832641052,0.0074125106703148425,-0.022017140186863137,0.13181300919538286,0.492023549467528,0.6110587955177436,street_level
39.405509391811044,34.02402248336569,19.254084512410095,0.46468785947997304,3.8233426044632086,-2.952811493369566,-83.49083867947962,1.9973124470788317,3.476162822294235,-76.42153620209888,-0.7373168629026206,-0.18102411214114675,6.5587431277555,2.1831587946949185,0.7794970763754394,above
28.405930151720717,46.855766512739834,32.007098657936574,0.6308470680343017,0.49318276470085465,-13.208237406121384,-71.86229795883914,4.6970057149691495,-3.161901167231976,-88.96336196872689,0.5951592610399162,0.13930711938391702,-7.431444436874273,4.878427365886605,0.9142206071531401,underground
89.21664183024018,41.570749189145026,68.90107503311589,0.9380623349302032,8.59899895483933,-7.540733964267583,-85.24451342596726,0.5545834526030031,-2.517608571450449,-74.30848508686542,0.702218114541637,0.17102179328191647,-3.767140258619488,3.9282431886032048,0.5203051316448851,underground
20.76382983305178,50.41509030318322,20.044732703775637,0.2359911455987066,12.29460876024979,-5.9062284696096725,-86.948170331321,5.387407798505817,-5.296732943616582,-62.274043224477296,-0.766774154696673,-0.11887762148505002,5.5609223253568,4.559661931762962,0.4276661141805328,above
36.21041600009245,57.7093137743299,14.687318177014232,0.4518068399817601,8.846468049399531,1.4451779983491235,-62.57583030425542,7.0775034991964025,-0.8966863685388606,-88.82896782934418,0.5023025067446877,0.025491295494802262,-3.4554458908623555,1.8324444537534228,0.6819732898683565,underground
29.612216264764832,47.90440145024138,15.054005311799045,0.32230329802134394,13.74119169968824,0.47353732912318947,-54.68388395555114,5.860433564120494,3.1194984038986124,-64.1681512704792,-0.05685697984050573,0.02026555112112255,-0.8863231325878246,1.311711300552128,0.6194392209564485,street_level
39.20586847928107,68.65866801323153,19.313594088928784,0.3863460289011915,15.73708000268083,-7.428703959781112,-86.3873139173205,7.943567176668617,-1.4114578960871471,-73.14077690391302,-0.4243380346710719,-0.08573978411331001,6.57251429122919,5.215756070653397,0.5525259196398018,above
20.974607472239526,40.61891136280492,7.660864629654327,0.07761375650928022,13.08319247202759,-1.8079295984807011,-63.401909914933675,8.457061320666284,-1.7167198080587027,-65.27838832568159,0.46767984358992254,0.07866518445474971,1.1851318351504512,2.7053639198204933,0.8091979804787641,street_level
4.392709987086096,15.825046246770547,0.7160286906919753,0.08968341388735146,17.761591478300723,-1.2601670555736888,-72.20552546261595,8.685540505155478,-2.5980774143514687,-65.90364800654604,0.04547683767739713,0.02853134264490874,0.10590794117843616,0.5217253955869521,0.5608194461312439,street_level
19.584046172276953,35.89844903366857,10.193738216783183,0.2039205655692322,25.490349038426622,2.8826052137601597,-54.32351036987106,9.460156302205258,-0.1434139031126227,-59.50170343305104,-0.35527515290983125,0.06146672749732621,-3.872403292388162,3.467166021144685,0.696156395441375,street_level
6.588384223513366,14.17365087720108,3.7371236605868203,0.05760302246795428,18.222824971900046,-0.6899553665832601,-58.74201801071369,8.325533715447195,-0.9358221425791897,-60.23060440904621,-0.016066131512273346,-0.013621641589117564,-0.2613942547854421,0.7489363029232418,0.6423653068191599,street_level
6.140906220581092,15.572350980813688,4.975748093098602,0.025746306131874067,24.204253984835205,-1.2717565657110281,-61.95995338171232,11.925708159334885,-2.8241577003913134,-67.3512014469749,0.04899587893682489,0.0012731667517414252,0.31949008368999465,0.255840459041603,0.8816024234296266,street_level
32.431210555398664,67.38216055132742,27.3308080585818,0.3869164630422798,3.4023726811171158,-1.8900266003791302,-70.76062061888196,6.3077334629843484,1.897245734861574,-93.19438031526121,0.33976248967193834,0.06664572539916024,-1.2422951500920831,1.4968806882138161,0.8453629731305634,underground
9.139646349213638,15.450422263343539,11.893866709307165,0.06222433344265024,20.349309489661575,-2.5397458809338955,-57.779172194399095,4.552272332555866,2.8487941335599265,-63.180849997137,0.4208792757161335,-0.02275489387849297,-5.404978306297165,1.2176355183636136,0.4595824632589152,street_level
19.703238674522257,24.587549778146744,15.593399090994964,0.24646051313875028,12.94543232066275,-4.3923483575985,-66.68514987127826,4.6834498567487275,-0.24180703264589454,-70.18003772297061,-0.01364339904282355,-0.022082749274924943,-0.6119115330324716,0.9983014220605824,0.7506626827839689,street_level
18.130515645482753,37.125689371703444,16.899282287623826,0.09966675739077692,21.50794330105051,-0.8814750619778353,-54.64780120890368,8.994945972390184,0.412598043871343,-72.97576487441486,-0.7633016726081877,-0.012740419125008048,1.7289678496716974,5.5408777424109275,0.4563624511515993,street_level
19.45854623392849,57.91055295103988,11.023740341282783,0.4158614665756293,8.106452012692403,-10.945137531055288,-86.13781810920725,5.328105499421726,-6.982837273845178,-84.81876845435721,0.18067870046249762,0.11617962183790378,-1.7660718811997689,2.023890820415124,0.5508206208443478,underground
26.58142543757231,55.067381349970525,24.72628070769177,0.41924590818232876,16.282592761583565,-0.8422946712483945,-58.581533598014616,3.9071222435136246,-5.737004021471241,-78.63210188036587,-0.8776258210673684,-0.14126989104413296,2.3355795975863782,6.4784238909151695,0.5397893904799569,above
18.95551045494366,29.782592923872798,34.500105084496475,0.403501633260843,3.432801622485109,4.28507123412178,-64.99367746687685,1.3960608203598932,-2.1073808790811213,-85.6629891752651,-0.7335585110242238,-0.1472077180303178,3.102507352403784,4.874402750090896,0.7238593543427305,above
80.99560740894623,40.22030594007765,25.2114634794302,0.9610350335998031,3.7751947308753966,-4.589607416242231,-67.60638808220097,0.06124014830844171,-8.3248053000801,-83.32831508129715,0.6279218220310372,0.19442136721752334,-6.063898538133634,1.6692209248653938,0.7690293488782889,underground
30.47390896149706,23.731190234964984,13.342056399837311,0.11377067573442648,19.684782454254368,3.4754316255790396,-51.55067385408381,7.433389987579419,2.5589937630748,-58.057613176271474,0.14807302407211065,-0.024957351544678152,0.8385151827573054,0.9123623672142323,0.6342799038392841,street_level
43.38266488176478,36.34095345057595,35.552329311596964,0.25525754416034385,13.231238749908929,-10.840945460642327,-61.33318675297144,3.3566917981826325,1.3444589397374642,-78.33271273879961,0.5373698295035145,0.07585769537103233,-0.8696826778123885,1.9003980338340278,0.954806334606468,underground
22.88402339017275,43.36011921233546,30.82640065660334,0.6423922775929667,5.819037591983777,1.459780676769796,-71.49015539982801,7.179292934059304,-10.766291160191269,-75.49308869484904,0.617156531020771,0.06148019517601483,-7.6868118616549,1.7101307410770787,0.7016318915054574,underground
83.65163229366505,61.890151942268965,42.34341731684181,0.6237952911069145,5.381910515136527,-0.2071166303246308,-82.24547983519636,4.765561849753168,-6.503202237277111,-90.96541616105367,0.33873860975867065,0.18793939511177438,-3.412112125663022,6.777879348332712,0.4609667803173169,underground
18.134388368679822,78.38837678992137,12.073102161887569,0.23347763536770555,4.021792522313387,-7.529189491317204,-79.04470971590862,2.8130643244393307,-5.269315841136116,-64.58444767080867,0.26240969248972973,0.03001200507481329,-1.2797536225380335,3.658017606587923,0.4743053189376541,underground
30.69828816511779,40.04276470457552,24.084021672988158,0.4145970260661558,12.522974735430617,-5.0379016835,-58.408174563520895,8.051997282518826,-4.420725041338395,-60.194976306171256,0.5732172735113639,0.11794773154966307,-2.710971960967699,3.4840674529201587,0.557239090510817,underground
24.572110252097268,62.36036914005078,53.90817639430988,0.654145894523994,3.2279191370722495,-11.824259109529423,-71.0022033189835,2.0899828709886616,-9.908316521548517,-92.76783904331346,0.39337168440936643,0.04465434284216896,-1.6463855878768134,3.576610376372017,0.9167944789926943,underground
6.8475748911964,9.689075804909182,1.3793581478345027,0.026609650877840417,18.62154400114198,2.4174592955611534,-74.66173259519505,6.345179221468973,1.7846238884763928,-70.83357657818816,0.12133399493212962,-0.012155219826595388,0.4605671361632244,0.529387682145174,0.530263362672716,street_level
8.57346506651781,16.284336351572385,4.75553537139209,0.12549831175902815,16.56546938485547,1.628531041495613,-64.98973201219655,8.898987177021496,-0.2936927355224328,-58.57165860333307,-0.09167727823680653,-0.004453239387497067,0.44883833569286413,0.3111801429475143,0.6208829713786174,street_level
12.726721036928488,37.08795830059613,12.090954641496705,0.15291290717550765,27.37512310595697,-0.6574998391357711,-72.95894611834959,13.342495222842887,-1.0253802592937566,-84.54029918200581,0.3604568232727745,0.03818695604679395,0.16580860442012657,3.8665072017394397,0.6173626847762254,street_level
19.83781866836561,53.693817129889474,21.154517027361496,0.3091472607332307,8.498485264941392,3.2152971913094497,-65.28854531412891,8.463664338081154,2.7533277469068898,-70.25325249606647,0.13320169799432827,0.02628257022429481,-0.0065587026361457745,1.3609539475665073,0.6707037599559591,street_level
30.07549806171527,38.47982030505963,13.052853089200545,0.37046303940455416,9.087130669185438,-3.3039577941026383,-75.31556378302822,5.68940628373462,-0.44613343064992517,-85.70091601883763,0.6553158545693414,0.03887160825168064,-3.004799111303234,2.8065016240387424,0.7461627578024541,underground
38.972384256797255,25.239341698289152,27.392595885135037,0.24056879651074015,8.63929358177603,-0.8834508355377935,-58.72717810998431,8.844235175277786,1.8592729939631685,-64.537595215645,0.47079585565259996,0.05197701757225347,-2.779448264852795,2.190854983555033,0.8878353038765161,underground
29.58337539310774,61.47771147288218,21.232239480637922,0.17552212490805996,8.50209959689047,4.716943286925858,-73.51707664379356,7.7143729670044126,-4.7201023311119705,-66.01207789860747,-0.8188637054049717,-0.12270961773835182,3.1137672895619684,7.151297093660404,0.6973279249093338,above
30.963192657554536,46.92652805233634,19.409780379233972,0.5078576590883803,9.558387813350848,-5.821722833560301,-85.82938478057036,3.6122805158616855,-6.665989297387138,-92.40960448965336,0.4206494948712347,0.08806826906520554,-1.8840844304817717,2.85424862081626,0.45559152756312193,underground
7.537610590817258,10.893291606608313,4.481113764342338,0.05783561652157596,8.490914548736285,2.123954378413038,-70.51334112872436,8.599259776437046,0.8837078644872061,-84.33924582973788,0.0008573983430256171,0.014921864342902616,-0.05250963463616454,0.18839554189172045,0.9073542823905161,street_level
38.77300988089102,32.05860277280363,29.312323751106064,0.3645115483216823,13.435028918326541,-11.190346393914302,-63.73713066785361,3.303011444262183,1.569966883818271,-62.98864056728327,0.5174797642829371,0.08835096437164501,-2.466716138459332,1.2660774951918239,0.6785218189157658,underground
17.587308513764096,22.75886184119301,6.087390941640827,0.20666066666269714,24.480396471489446,-2.520705904236122,-72.12702883944523,6.347116319778746,-1.0348987268959764,-59.625620936354146,-0.606931352837378,-0.033938169862038486,-5.264783424130133,3.653494702035207,0.6095119193345733,street_level
15.874479459047604,31.876392482278455,15.70075346590755,0.29842967896225214,11.414559879058817,-0.1442623782638206,-57.345674410285795,6.160634665000328,0.22743338457771411,-55.67297242194772,0.014741403188547789,0.001324496668604104,0.5797742468412825,1.6748030087909993,0.7438384349956677,street_level
34.75162313853066,57.43799969605834,33.38839305368991,0.5514117150753427,5.113769589388238,-5.82664354397699,-79.1467403353299,2.742500555570918,-2.781163233419811,-66.2970569757895,0.6665971669305193,0.0785652763759838,-1.8362332667843635,1.5905458251799054,0.8698158052590144,underground
9.472168233796904,16.813356314342514,9.121785827268118,0.11870092900562416,19.64315555328741,3.052101571937575,-52.25315951570643,3.180666939981508,-0.10209671973949153,-61.01500904454768,-0.2899933862988221,0.051928145853973734,5.340288896424166,1.864443788121746,0.4986557180455968,street_level
8.307890026241175,12.650296267131758,0.6441867628391069,0.08923023658702144,14.650656658393814,1.5968303569838431,-47.44557458703045,4.870214355635042,0.12164888744542424,-76.41862861299674,0.14496923377927287,-0.014460860883747328,-0.28988962689855213,0.4796666015863618,0.9553490924638092,street_level
4.1077634572732755,10.12217756895463,1.5055175022418985,0.02199362090657963,8.60878408689068,-2.4267777767534895,-71.75926482419122,5.523143431951837,2.074228718825383,-62.964988610376565,-0.05359274815957127,-0.011931657218059704,-0.4851968631441399,0.12345326474655663,0.8778881549667301,street_level
6.097968501166681,12.923574124820632,5.55956835267098,0.10066229796543176,15.54358892693441,-1.3524883085687556,-57.02830165440482,9.837457263997724,-0.8390381708580463,-59.018808316689096,0.12028269399327049,0.02756420900064608,-0.06338439580276156,0.1461582662853619,0.7072343553163416,street_level
30.620896820942818,30.705317575835608,21.68520007524753,0.31800229264564184,13.069370700057197,2.1185391124000414,-53.57137476419362,5.689652005207958,-3.2832690060890295,-67.03591375074996,0.038600369432562204,-0.006922555127990698,0.3167022853059016,0.5702851446083259,0.7881789443995024,street_level
12.496570843196542,59.58260004408017,15.275933011987126,0.11640750510170858,14.237752025824152,-0.9147522363493792,-74.56777735336958,7.595403496913089,1.1131195315514226,-83.48363892644035,0.19071977993651937,-0.02563507853827164,0.182568912790394,0.0016895347009051598,0.6494954435339313,street_level
51.61420973050668,113.77650553329099,44.47271220937898,0.4422809531681663,0.9040894317103998,-14.621967615881669,-85.75568238122541,1.3983640412235028,-6.342554097728754,-88.31374725452713,1.0324090471059766,0.047297642564480206,-7.30962913208709,1.6032594741002217,0.9248608143400723,underground
7.029895883624773,13.576661774677758,1.116028336918051,0.08884219217485445,12.477536677956543,0.04568806882314114,-52.44703703112089,8.799659638941424,2.408770425620201,-58.37460712452205,0.14321825896775472,0.020689001087496925,0.22079505796634147,0.3239773673926085,0.7821876791920709,street_level
8.0014143827602,18.267216563499094,7.442472185570762,0.07697941821073101,20.877166224347476,-1.133383087822958,-59.73872166738064,8.90327397190891,1.5808373844310033,-58.31609952416433,0.05417716766289771,0.0005849148799071946,2.2579761277044916,5.084049695870179,0.509790372552777,street_level
10.278508112831425,12.436092891376052,2.5004660035224506,0.05839433935370654,18.359483048467087,3.036624403122845,-52.58004190040407,5.033779067799863,-1.9391758423243537,-82.62375906854153,-0.045490552637807394,0.013121013482230125,-0.3563092449636014,0.42873950861756627,0.5632261095508905,street_level
26.800591974241243,39.47002821493178,18.380406624687204,0.16096486285374492,23.44473574023292,-4.360834503584742,-50.026559514857425,5.42284954967377,1.5122214068550859,-69.10843109191711,0.14650977279252686,0.0156359320985067,0.5324586155866928,0.7098904334461003,0.916967573658982,street_level
26.949391363415785,50.93657901206929,15.26071855738504,0.12558997438039343,9.130917094243722,-2.223913809024614,-61.170827158718566,10.455174519465745,-4.393867466516156,-73.4130763067264,-0.41314034096328967,-0.12284284196408246,6.304016124184338,4.020492251719344,0.9495302725388751,above
17.41851831044436,51.83712316206862,36.652448860288466,0.5403082238514543,11.45920325473682,-1.7286111089028342,-62.900938082238525,5.5753587179323585,-7.867346872998213,-76.62147202914726,0.5838464762336038,0.08319139873562881,-1.8242118555047715,1.4005090563113543,0.8829939364165005,underground
33.47933254440083,98.15748819697467,21.89916383868681,0.7887292384851521,9.673195371731213,1.0350210314507038,-86.49387203724595,5.198356974780782,0.21843233080910274,-66.57324347748664,0.7086446584637245,0.1650610349935559,-3.695721847486701,6.717959808297323,0.827406413794467,underground
17.782443063020185,76.00707410821241,30.995322305324223,0.5880059983739396,4.082639213725521,-9.094687206204393,-85.78317807598212,4.075031071751316,-2.647665067009454,-94.79484456998465,0.6300656451574685,0.06404124965471007,-3.6171108485927776,3.6688499726898076,0.5325418696042477,underground
18.745053945954485,33.21769205690165,7.059908517234539,0.15376171052369156,20.82364936977013,-2.6029447246614454,-62.441372792803875,6.904627222103783,1.1115743770165167,-84.91192317080795,-0.30374115040972216,0.09986372768278443,4.74750633055293,4.185038648670654,0.5491634656791056,street_level
45.50508235200776,112.46926143699196,27.89338313076903,0.9914873017082286,6.575716286457702,-0.6011426401887903,-88.14081672828027,7.526219457499404,-4.2091493248398955,-72.91271207984674,1.141778254733478,0.17037332884320902,-4.3254835877682645,2.891175660097402,0.5474967331564013,underground
15.240966070746078,74.14250363256704,24.88081866448791,0.3629141061479837,8.943672595183688,-4.961584432652331,-81.84323073684051,7.518459765250182,-5.127744782674192,-93.74381782700921,0.5559411491996453,0.09308346218345619,-3.1028284327071427,2.1489084590405785,0.4166712342909374,underground
34.88628919395998,42.3335116854678,24.429141338455644,0.1006129033783617,23.32293710202225,0.306876365570492,-51.98971724857678,6.373682593808315,-0.6046478748161643,-55.08308216392375,0.062163005973038865,0.007559050272623165,0.3163536031172809,0.545120179258987,0.949786488835973,street_level
14.500913160388055,69.9575765224066,19.8882375663007,0.45662724866116944,17.014261560476076,-3.9965599555498343,-73.41321319910675,5.518287795697493,4.193935978772473,-61.595657556720475,-1.4439783062735847,-0.22791168196437941,2.874360234630778,6.986544911417518,0.8806876723956161,above
19.706619743319877,27.184636754987864,4.587216209285716,0.10072936710405397,20.69442157248551,-0.06777524871152618,-73.81854923904784,8.731753438682418,-2.6611716835561827,-64.62152140272168,0.4421186279816196,0.06652745636794821,-4.011319122009785,1.6302593195861599,0.8200170199043942,street_level
13.926506804168525,37.80138950604339,9.073801541622405,0.12232125217052582,20.532107162749043,-1.728952437032782,-67.97438342480366,11.685846545104612,1.3979793940470397,-84.37335121389394,-0.7866981312369181,0.08813689459469903,1.5298494187489915,2.877725055481807,0.7338815394080029,street_level
7.338609220170669,8.423464698049628,5.900424779562042,0.05125199855845345,19.243213718808523,-0.5343951176732267,-73.86054952141185,10.766356809662256,0.843204977578214,-56.91984375758044,-0.017262148525797244,0.002996643881949826,-0.427489295483376,0.41225268274935234,0.7830719210921322,street_level
26.56115150564078,56.723295784951674,14.31628002295791,0.4707816497354239,7.27572809153261,-5.3754758457192615,-59.082355497906846,4.523406527167194,1.1232293907733997,-68.12157602420261,-1.3047931084028148,-0.14963725214477278,6.451372674319786,4.062464446617257,0.4072148796401648,above
15.880236107488102,20.52934235475362,5.884978259413776,0.1884246304009889,11.833654888533221,-1.4303158307231456,-57.80160757005301,13.720005918040572,-2.2854290743433117,-71.00277632000758,-0.37008197356103256,-0.027344832605247296,-2.0318917697564367,5.7094866765524594,0.6474127713693338,street_level
17.435065693861077,43.66974615965225,11.572322854201035,0.20802759464758,10.065657081639632,0.07396815794526734,-70.35599717606085,6.1825207940120634,1.3125241994927137,-55.02852193010384,0.13540452096782918,-0.07671754639633746,-1.2889665873022071,5.572634443182932,0.8360677823512978,street_level
34.56325421594195,26.71006132977841,38.20289961016803,0.3304885663388665,3.3200156593030963,1.9515129104656737,-76.99771068570385,2.0167270104790425,-7.743032579925607,-67.79327037600994,0.4534405019280525,0.027928480624989864,-2.90755849543981,1.48113025934031,0.7444222291967217,underground
35.40311982294614,48.36038883704144,20.928981018918453,0.24610707949326227,15.362766730289776,1.5693582470484255,-72.5981286927535,2.5600353256359574,-5.256528121891869,-83.05435638663741,-0.6154053623406216,-0.11648552224984918,2.9964746121879537,2.970477752677731,0.8495487921984972,above
22.30618513127499,39.603553769331015,16.308921408881883,0.10998928896551935,15.334162656422738,-2.1421890409383026,-51.13413727996027,9.644304678730583,2.0949135337505442,-84.94094860374966,-0.09404617128600941,-0.010606696367164603,-0.03249846858057048,0.7314090264363775,0.7126528608828666,street_level
49.828822051519246,116.50824210769511,72.54147989494749,0.896024480336395,3.8647071609337114,-5.731800140556816,-70.38680110783795,4.348022342732675,-1.4703925521550119,-79.41324659523315,1.1032489219342376,0.04792946789957077,-2.3823796695366415,3.6189546320048285,0.6909139052449182,underground
16.436529354125504,41.52171139528819,14.360490056388457,0.15420096469298078,15.527781667480726,4.83281315973572,-59.89226499404993,10.023657984187121,0.4527404475483623,-58.299806891460406,0.11813827124494361,-0.0065956638338704535,-0.048603393282525165,0.3742701594263833,0.9408302284580232,street_level
34.39207017940626,41.11947313597322,21.969719625453102,0.5024718626246021,8.068142229498333,-10.758811006373408,-73.67788484422236,6.720481861947439,-0.9884888219804999,-65.28789266332188,0.3692983729848933,0.06985829343251551,-1.7888293175135273,3.598627267190073,0.40075829150277026,underground
22.222464180292807,42.39027638299373,15.247773239322536,0.14871728295015432,10.27960847752809,2.184148251543501,-62.25667877812587,11.894139984695665,0.5923002566839668,-82.63190955639524,0.22686140137046218,0.012515316583712077,5.022517675962007,2.205965155905808,0.6319659867970968,street_level
21.069968832809252,34.15371525643951,5.530653574635512,0.2045569463187083,13.156415320653952,-0.09231635002283234,-76.78451267982031,3.629960376418412,0.2798743870398277,-62.08073966315332,0.07988166614713443,-0.018625786227368962,-5.726370053424921,5.544219918672798,0.8035257117248058,street_level
9.114521212072498,15.473249988765247,1.1811426710443877,0.11137018539344275,23.91583610734392,1.1252990797544875,-69.63597547381255,11.038616467550602,-0.22288599567482947,-75.49522200553344,0.14892465211003217,-0.001268976991464936,-0.031398945056958616,0.1668942793014722,0.6750832176902324,street_level
10.892262667147818,10.90153483637516,0.6420147949897979,0.002715123100178435,18.179804810824706,3.997409987415103,-47.44070362679533,8.325567477302092,1.3343673255130897,-54.16374965109068,0.07270861777187915,-0.017799850217554085,0.45158815746398207,0.6468746538689416,0.7121243622237717,street_level
84.61998999701866,80.46222245227509,69.4556258072981,0.583636573770946,2.552903165443323,0.6011255230682941,-72.80666766407018,7.4739623904621935,-7.6418948008625724,-94.16990092433912,1.2425983982760611,0.12900962581589573,-6.663585837814167,7.597380028872317,0.8991544364543463,underground
28.54092553798301,21.340093017062223,20.609565515573074,0.12016690639112099,13.571706774239045,1.8481511539849995,-58.89127893911824,5.223510233646369,-0.272137907171917,-57.78908526589753,0.14872070610801053,0.0005597486822625959,1.1677801931620215,0.5535143318940521,0.9016044699967944,street_level
83.79380466522598,118.95019429625043,75.09296515711992,0.8377815766538438,3.265822886259863,1.142928026420254,-75.64673851288629,7.325070825513148,-0.0073850715231369435,-65.90372681728715,1.414105136679296,0.07683522373748493,-2.979467207305425,3.1224706854272193,0.8357692863814874,underground
8.223721597128073,17.407328355330385,2.1897731620759435,0.1495922750776148,10.118268720145455,2.5308502413862772,-63.606066409751115,10.63247880897716,-2.4126703558114766,-63.9603759565976,-0.09850829653820109,-0.011901998576601208,-0.0677437063909645,0.008485361792582592,0.5524329547711956,street_level
23.17047623527176,43.73888627248855,14.539158202794727,0.19710120994967517,17.207201212255534,3.100574979062662,-60.26373148435302,3.474181597892728,0.9213546996118205,-70.23768048808756,0.02600760303715466,-0.03517795964465163,-4.434503522338552,5.0216311580831725,0.6457120837502464,street_level
23.07480488359494,79.60216733055147,73.35097885168763,0.6605169250796823,2.1141688779011067,-3.292143331787738,-77.97462248426477,0.34438362613710805,0.8871725938572865,-89.19270086884197,1.3661298100639987,0.1919672259808342,-6.0153678661073275,6.807932428518467,0.9404270326513988,underground
16.98128753196679,52.056947206488935,18.222052001666995,0.2293709095905725,12.430068150156295,-1.1360477720094875,-68.15202301776631,5.444924834513812,-0.24231626687839114,-72.18631577018282,0.08792590393779931,-0.01434523730057798,1.0995486278950417,1.2424406427340244,0.6883093380530045,street_level
14.210660401992458,16.92633123935656,10.221556500047672,0.10073104372225536,17.354644618676097,-3.108648741839768,-76.22219809992939,8.135241198850853,-2.8650154924797615,-80.23465429712124,0.4643912952373339,0.09571067914312506,-2.0837446577862626,5.78372418564051,0.6057454742474448,street_level
37.65687447332783,73.01720457625069,25.419668482433373,0.2422937990927203,6.4238920408107525,-10.04514621202056,-76.98275345592792,5.733892936346475,-2.134790540856521,-68.61259523323707,0.27141610672265903,0.02355081063837428,-1.0985998795264602,3.6020922482683657,0.9390832772104054,underground
25.660607258095247,73.05127097903637,14.033413020477557,0.441942842243796,3.3177799272499335,-1.0216338832872705,-89.83197355440281,1.2905866078326282,-3.9689126040848244,-76.12483988192051,0.1623531495763836,0.05937303148894822,-1.886643809495117,2.5997968326925767,0.8276558932578131,underground
6.716981420082561,14.241780650856676,3.3616339091802967,0.0721497282044717,22.098159212254977,0.2928717373260792,-58.0878679840736,5.487606952028851,-2.5522339046975873,-50.85163680494548,0.015346279081715264,-0.01987312812882483,-0.23616361023884747,0.46240393528324825,0.8556534993080793,street_level
8.600081528679121,27.991742661339863,10.91883797960288,0.07120744375565938,27.216630728114634,1.3091437334093623,-60.32856363745222,13.725681749050226,2.181344848755902,-68.95212529135594,-0.6438120962456587,0.0871417051031601,-4.5561948445442955,3.357900216256905,0.45130260442333486,street_level
81.39144128921197,72.94952601446077,48.78695538276007,0.8156046174332952,3.154385256682745,-14.136053397940803,-65.48530390648727,6.945090916360511,-8.77240476624095,-67.09136677447404,1.1518115126275115,0.1894464807017939,-7.590156635553216,7.378010538896776,0.7228533405312405,underground
16.483722028334974,51.07059737665536,29.51487344377399,0.28357634962293554,7.625460016116683,-5.697737309144871,-79.43725864379384,8.200754715084335,4.8178020474653,-77.6241914483393,-1.4998357919127716,-0.20743531078198146,5.954762288604714,7.471872665403112,0.7607821270335866,above
6.303122355231983,11.449067305671875,1.3063364214275992,0.08823583132964624,22.990109982304077,-1.3289167655647134,-57.24927449357882,2.875598027589526,-1.5873607952625586,-79.44371934529829,0.008597639557947956,-0.0167422257413756,-0.10795260739757995,0.3910187427288178,0.5103318000032859,street_level
23.38651600181573,49.65050394467201,10.234850959429531,0.3490367060751235,4.646335238269839,-3.778976732248914,-58.67826644533522,7.601207026810525,2.337606810852952,-82.3035948462107,-1.1747076871599815,-0.2325981380110261,6.004676409244669,2.295608186441593,0.7949748811473747,above
9.65700161509044,37.886000023249984,6.370206788709201,0.075679169847343,10.34758893110373,0.5027621992259625,-54.557608170029056,11.642129070122083,-2.088999704030071,-76.21906884035182,-0.7786559705711484,-0.06822832888914596,-5.185086104094795,1.3911115906188634,0.8009098833027124,street_level
42.31561319468103,59.72764324220344,62.624136036220335,0.7407682306974881,5.541690443141648,-16.560273686394478,-74.15958136967986,4.460960973652955,-7.540276347184985,-86.0594811998765,0.6095387008172839,0.06113725689797385,-6.964846870350575,1.5109677915565256,0.81394486245255,underground
22.806746303810566,64.88267072929152,38.05002277838206,0.32850579330750795,13.022737754938467,-6.1598475393759635,-77.52369118658066,4.618027022575985,-3.5746403483294262,-82.14767803539573,0.17875300954466664,0.07211076676818501,-1.7877478473051411,2.420513150107525,0.7143397462342503,underground
6.66466112885131,11.844208720750336,3.291702085501311,0.008651068489140995,11.143550447350272,1.0424018384101421,-49.47687715989383,10.70293806587717,0.5985448373989111,-50.73715387677998,-0.06424953340430008,0.027101385499692397,0.26563372397185725,0.5243082363491145,0.9269535716781747,street_level
35.257857677693266,78.78553110675907,11.69472320624436,0.2982654958962566,7.316104079095604,-9.365660809636594,-88.85714255962287,3.8008465932224986,-2.2342493382059043,-81.4703237854946,0.5281528686940696,0.09381675576266747,-1.5575186909333807,1.7801399781365594,0.6903437164474086,underground
11.054149430125564,10.432057819110927,0.2983517756004028,0.04210648127469999,17.941095820095818,-1.3992024373831562,-48.48250726711815,11.302871838968388,0.9325385498461207,-71.60361874100093,0.11495549378272565,0.01294989710717706,-0.21545033730597296,0.35585164231879496,0.9516929028009737,street_level
82.88216003590492,101.57775179903769,56.39216253946056,0.6287263267529251,9.824480194415546,-9.120905772686008,-79.83144702770839,4.796989683926838,-2.3424699439423673,-80.09371342259239,0.6615413545357616,0.14611653007026426,-4.9509825002295145,3.8760608784172836,0.7457281945700636,underground
29.16704317622281,31.60244187302323,13.623825721152667,0.24875640753164074,22.272732587401478,1.3719411298335409,-72.19133164193826,6.595401855381857,-0.7881133974052021,-75.79932014542928,0.045540095146986675,0.039959710667587134,1.3244908491725131,1.2191258666740246,0.5795200530402483,street_level
7.144102054916815,16.069950138770785,0.8395177682595572,0.11297251076593344,11.98577591243365,3.941774896472163,-59.173633455438804,3.7396112767954186,-2.0547390569636166,-61.58975258095003,0.011301744246116463,0.018342309060127633,0.4697410374974801,0.587118293091369,0.5671355789998227,street_level
44.68879624328221,63.25979293272754,16.66232785265304,0.259774533946477,17.51854842696704,5.261124014733694,-86.34705578585765,10.667393750386314,4.4501468446037595,-82.6045422911406,-1.0150217422015086,-0.061954816602258045,2.9375229093964834,4.478865103996247,0.4639979527964192,above
41.82307489535427,100.72528889151437,20.345653309126384,0.8465754975207954,5.798154159384129,0.8613700211669375,-82.94011664287363,5.727484048134174,-6.997378466868691,-88.73851910576968,0.2710485243268017,0.1969193859102088,-5.854951239482804,7.239146340428466,0.9320063373460239,underground
17.85292931159535,60.79046997218388,22.4725936193944,0.1626010814845168,7.185032963053019,-4.448250986094875,-78.3653591194196,2.016371827463275,4.344553830435773,-84.43597427112317,-0.48255971300558187,-0.04819590508993399,7.4245452938341785,6.011404228708002,0.4002956843382803,above
62.98372974887985,68.19616068687867,40.51879878193648,0.4251775312781149,3.330734988787325,1.6369988961644744,-89.44865075415109,4.058260413777035,-0.10746751264942489,-92.80908069085386,0.5049056813507375,0.20209510449107268,-3.946715567049419,5.396857594091445,0.5037501413761537,underground
28.828245452129476,117.27221621751295,54.11217775657776,0.6318542658266122,3.6207385393662985,-6.456256494173994,-73.57146805363433,2.1777833310614927,2.7865040778561134,-71.71241441824378,0.31304566765011077,0.07628596822179558,-5.025181611186574,2.445373202802369,0.750707099883507,underground
76.88625591741138,44.12555896120594,66.81952612906566,0.6629241668234203,1.2976570235191753,-15.71835925591046,-76.13104950675505,1.9728734618983639,0.6957757465246655,-89.8830079988332,0.7610962628694339,0.049027762946277746,-5.4359207636650595,5.090386083040958,0.8973693489031616,underground
13.553926628893002,31.951250628930833,12.865577684520686,0.19533054925958962,22.55912089602247,-0.7060192316957501,-53.129986015867956,10.606440568124373,2.255543625381513,-55.81508645142939,-0.3888606172867185,0.018615635083292142,-5.854413257511097,1.5089393345914983,0.5728550854302512,street_level
23.520055151983698,41.67991274746075,26.41627795766745,0.44868837594208544,9.516582360825769,-5.463885628809436,-75.3246700640245,6.344132080938935,-7.308391673946627,-76.86507604597459,0.5534407736277942,0.11319547156519097,-3.207091709712961,2.904824982803138,0.9332524502432193,underground
40.08784571834118,109.99046693146023,56.69012729044529,0.4213433945663877,9.120125023096298,-10.360683374042653,-77.65351600183223,7.725329552671823,-8.851409190639295,-66.44387871011051,0.8272764325887186,0.21267125440405996,-6.694780769886629,5.7054580678735345,0.5274278534241165,underground
