session_id,window_duration_s,pressure_hpa,pressure_delta_hpa,pressure_variance,altitude_change_m,city_baseline_pressure,mag_x,mag_y,mag_z,mag_variance_total,mag_distortion_score,gnss_accuracy_m,hdop,satellite_count,gnss_signal_drop,weather_condition,time_of_day,label_ground_truth
59fdd284-d54f-464a-a776-7c62425b2508,60.0,1000.131,-0.3562,0.533088,2.956,1000.487,13.0141,-6.3706,11.3008,104.48032,0.8419,7.65,2.54,12,False,clear,morning,above
ce6799dd-b356-4ad5-bfce-0ca9992723dc,60.0,1001.364,-0.7304,0.283181,6.062,1002.094,21.6638,-27.2649,45.6355,101.641219,0.5936,10.34,0.58,11,False,rain,afternoon,above
2928432c-aa35-40c7-aa1a-75f0b179f49c,60.0,993.153,1.3311,0.563175,-11.048,991.821,36.3799,31.6747,57.9046,24.797542,0.1827,40.41,9.56,0,True,clear,morning,street_level
9be8df0c-8c20-4a31-b3d0-f5cddb75f72f,60.0,994.894,-0.2819,0.122614,2.34,995.176,6.7911,-26.9583,42.0164,39.772866,0.2542,13.87,1.46,8,False,overcast,morning,above
1c7462bf-4885-4ace-b64c-688161a47654,60.0,1011.275,-1.1867,0.453429,9.849,1012.462,36.4947,-12.666,33.8443,87.358308,0.8387,8.96,1.38,7,False,rain,morning,above
cdf22036-4f72-4d9c-a49c-e1c22713d1fb,60.0,999.498,0.3931,0.07611,-3.263,999.105,32.3285,-8.6943,35.5149,79.188906,0.7387,11.71,4.35,0,False,clear,afternoon,street_level
11507a4c-5f2d-4c42-b091-1a05a6452404,60.0,998.966,0.164,0.357787,-1.361,998.802,24.7177,10.5779,42.6333,12.872596,0.3495,16.01,3.74,13,False,overcast,morning,street_level
5051fc97-258e-47f3-bf90-ebb93d0663ac,60.0,1014.202,-0.889,0.509007,7.379,1015.091,17.5091,-6.7759,9.6653,-1.379401,0.7364,8.02,1.71,15,False,clear,night,above
fdce7179-96b6-4cdd-8697-230d0c3d3204,60.0,1009.708,0.0237,0.04525,-0.197,1009.685,24.5232,-10.5207,22.4698,8.912022,0.2022,46.2,17.85,2,True,rain,evening,street_level
838b5cc3-28f9-4b1e-b0b7-2ffe89300c88,60.0,1017.483,-0.1149,0.043269,0.953,1017.598,33.8474,15.5991,53.1038,46.041915,0.0794,4.95,2.12,9,False,clear,night,street_level
41c3dc4a-9a02-4c6d-8dd1-341def41612c,60.0,990.763,0.298,0.514563,-2.474,990.464,1.537,-6.5881,59.6071,85.513705,0.6678,10.17,3.36,11,False,rain,afternoon,underground
6f59f411-ec99-4a25-b24b-ca8fbbc65d2c,60.0,1004.74,-0.0898,0.136059,0.746,1004.83,32.711,-7.3775,21.7472,6.445739,0.1039,16.94,3.83,13,False,rain,morning,street_level
d89ba6ac-6512-4a9c-8766-33d106901f12,60.0,1009.326,-0.0474,0.043215,0.393,1009.373,8.694,-23.3427,27.7628,73.099321,0.8805,18.58,4.85,10,False,rain,morning,street_level
0d71cf25-4379-4bb3-b954-aa913bc62021,60.0,1018.404,1.1592,0.401582,-9.621,1017.244,17.9409,-11.862,51.1051,63.383579,1.0,8.37,5.95,8,False,rain,evening,underground
f5b0a138-cb80-450a-9398-2a677b567542,60.0,1016.636,-0.43,0.054369,3.569,1017.066,2.8554,-4.6332,48.4118,71.303277,0.5277,4.93,2.23,12,False,overcast,night,street_level
ee4c52ac-7e6b-48fe-8e96-fb06cd9abb26,60.0,1008.449,-1.0672,0.505057,8.858,1009.516,29.7709,-14.729,51.3845,77.876192,1.0,12.85,3.14,17,False,clear,night,above
272b2825-364b-437e-b389-5e6cb806e324,60.0,999.257,-1.2591,0.399199,10.451,1000.516,21.9283,-1.7564,20.9369,35.293903,0.0162,27.14,6.66,6,True,overcast,evening,street_level
afdf72f0-6f23-4c6f-ab97-974669f38a58,60.0,991.283,-1.1066,0.463046,9.185,992.39,-5.037,-21.5773,64.9195,65.378582,0.7605,60.72,7.43,1,True,overcast,evening,above
41c9d8ec-cfda-4487-8168-11d2944a7d8d,60.0,993.57,-1.2823,0.430099,10.643,994.852,0.8012,-13.5609,68.0801,74.432407,1.0,25.1,13.61,0,True,clear,morning,above
4512f740-bb3e-4793-b0ca-b4ad02c0d53f,60.0,990.717,-2.0228,0.375389,16.789,992.739,20.1535,-24.7226,46.9316,96.29203,0.897,73.83,2.26,5,True,overcast,afternoon,street_level
a77a2bfb-2745-4407-87dc-c6cd330df885,60.0,993.164,1.188,0.445285,-9.861,991.976,18.3725,-17.2965,43.114,109.65042,0.4524,73.74,12.21,0,True,clear,afternoon,underground
2b28290a-bfb0-4858-8529-32b4d39edd0b,60.0,1000.117,1.186,0.572553,-9.844,998.931,29.1556,-10.3135,41.7599,30.430209,0.6744,5.37,1.16,15,False,rain,evening,street_level
eed8ef3c-a991-4538-b658-723731f63eca,60.0,1001.681,1.2646,0.357396,-10.496,1000.417,34.2371,-13.5884,52.8096,90.635409,0.8627,18.12,5.86,5,False,overcast,evening,underground
c38d722c-f20d-4913-bb5e-ae2cc1508485,60.0,990.326,0.0226,0.090281,-0.188,990.303,29.4252,-10.1837,26.5412,-1.880677,0.366,68.16,11.17,4,True,rain,evening,street_level
fc7fa571-7d7d-4621-8685-7b86f9a68d05,60.0,991.652,0.0406,0.059128,-0.337,991.612,33.0881,7.3153,32.8393,62.387944,0.3309,8.53,2.31,14,False,overcast,evening,street_level
97cd92b2-9bc0-4ef8-b929-9973045b9114,60.0,1015.489,-1.034,0.312111,8.583,1016.523,31.5629,-2.6097,41.3331,57.441894,0.6489,34.76,8.88,4,True,overcast,morning,above
70df089f-e059-4285-8153-a001e4649e27,60.0,999.126,-1.3704,0.106077,11.374,1000.496,26.0934,-16.4791,67.8995,66.741317,0.8959,12.37,2.05,23,False,overcast,afternoon,above
d486ef7d-83f2-4e43-9b83-32dd3e896db9,60.0,1007.205,-0.3665,0.575206,3.042,1007.572,-0.3259,5.489,12.848,62.226702,0.8941,2.74,2.78,13,False,overcast,afternoon,above
ddf4f041-a987-4f0d-8094-b0631fa72b4f,60.0,995.042,2.8655,0.660346,-23.784,992.177,40.3081,-11.7181,58.5672,36.129445,0.943,21.44,1.3,3,False,rain,night,street_level
3faf1549-ae3a-4a5c-86c7-ab729e8fac51,60.0,1002.679,1.0642,0.699831,-8.833,1001.615,28.0324,5.9067,63.1206,70.131092,0.7094,53.74,7.2,0,True,overcast,afternoon,underground
d80b5709-55a1-48b2-8367-00990b8e17ba,60.0,998.776,-1.253,0.360082,10.4,1000.029,15.9636,12.3357,53.1674,69.249323,0.9383,60.4,9.42,0,True,rain,morning,above
4a2a14d2-cf1b-41ef-8ec2-d7068c9250a4,60.0,993.484,-2.4793,0.378106,20.579,995.963,19.1668,-4.239,39.5096,28.002016,0.0,25.03,-0.07,3,False,clear,evening,street_level
2075142a-5d62-4f94-9d4c-721102e02bbf,60.0,1003.704,-0.0895,0.177328,0.743,1003.793,15.2096,-16.7003,32.8649,79.164956,0.512,25.47,3.42,16,False,rain,morning,underground
c9fdb20a-e459-4d72-8e2a-485d74068e87,60.0,989.875,-1.2688,0.116527,10.531,991.144,23.2097,-11.6849,36.6855,6.977334,0.4425,27.72,2.05,8,False,overcast,evening,street_level
4450a6bc-5ddc-4fd4-acf2-d0b7ef237553,60.0,1013.332,0.7588,0.327854,-6.298,1012.574,34.5293,-24.584,41.1922,2.272134,0.9101,18.81,0.52,12,False,overcast,night,street_level
4830e42e-0bcb-454e-a6f9-14271c62173d,60.0,1002.406,-0.1212,0.112043,1.006,1002.528,42.1992,-8.8395,27.0807,43.468434,0.5691,34.87,5.76,7,False,overcast,night,underground
d9f80663-a1ed-4a30-b1e5-7ed3967c3a0c,60.0,1008.739,2.307,0.262832,-19.148,1006.432,16.4226,-16.8716,30.6101,77.785326,1.0,12.22,2.19,10,False,rain,afternoon,street_level
a6ff7492-39b0-49ff-a506-cca137632818,60.0,993.114,-1.3848,0.722574,11.494,994.499,31.3309,-2.4862,25.3367,-25.082786,0.7054,10.09,0.64,9,False,overcast,evening,street_level
f035d139-12a5-4918-a24f-c6c360944acd,60.0,1015.503,-0.5191,0.193522,4.309,1016.023,6.4353,-0.4211,15.0772,45.918521,0.1988,1.86,2.05,15,False,overcast,night,above
aa40847a-d27d-4721-82af-4a5e7f8cadb9,60.0,993.813,-0.5088,0.167207,4.223,994.322,41.6235,-47.0747,28.0466,90.15732,0.5058,14.18,0.87,16,False,rain,evening,above
0436f837-8957-4dc6-8c18-2c85ce7aad76,60.0,999.928,0.1596,0.099872,-1.324,999.768,15.2141,-1.8478,55.5238,42.516731,0.5763,33.11,10.35,2,True,clear,night,street_level
0e87a6e3-fe0e-472c-9544-7f7e7a200e05,60.0,1004.287,-0.3584,0.66245,2.974,1004.646,16.7135,2.4411,6.833,14.853805,0.0,45.37,14.71,3,True,clear,morning,street_level
47540c71-9090-4ab6-82e7-ca089a2a4383,60.0,1015.306,-0.0753,0.097879,0.625,1015.381,26.0573,-26.3709,27.745,60.154892,0.3754,19.73,2.12,9,False,overcast,afternoon,street_level
c54e638d-c640-437b-af41-a34b54c6e160,60.0,1009.461,-1.3695,0.271041,11.367,1010.83,34.6034,10.7885,55.129,97.174374,0.5388,38.59,7.62,3,True,rain,morning,above
78ea7346-c7ae-4af0-b0ff-56a3b6bc4014,60.0,1004.996,-0.1998,0.450035,1.659,1005.196,21.9383,-8.3591,50.8865,47.728916,0.2351,65.6,8.62,2,True,rain,night,underground
ea904f6a-4ce9-4de2-ab98-16f660df321e,60.0,1008.721,-0.7852,0.403358,6.517,1009.506,36.4129,-35.387,62.9433,104.829666,0.5222,5.05,1.87,14,False,rain,morning,above
cbf6371b-e957-4e3c-ae87-3ff39d339479,60.0,990.977,-0.5561,0.299084,4.616,991.533,45.0353,-13.8939,17.4529,85.579265,0.6683,3.55,0.7,12,False,overcast,morning,above
69f4883b-077f-4413-9f88-bb0c403e81c5,60.0,992.346,-1.5975,0.281197,13.26,993.944,20.8883,-9.7911,39.6381,111.223902,0.9316,8.66,0.89,24,False,overcast,evening,above
09798c3b-5f2b-4b88-ba0f-42bdcf08d4b4,60.0,995.665,-0.2123,0.336033,1.762,995.877,36.3726,8.6913,8.8991,47.178855,0.6766,8.73,3.5,3,False,rain,morning,above
a6a5c791-1b65-469f-ab29-b28b18683a9c,60.0,995.035,0.6885,0.262447,-5.714,994.347,20.4498,-20.5671,29.0753,42.235604,1.0,22.85,2.45,7,False,rain,afternoon,underground
22589f6c-64d0-4bb7-94de-a39ac84d368f,60.0,1009.407,0.5936,0.159665,-4.927,1008.813,29.239,-1.1035,35.3568,90.346598,0.5119,52.78,15.48,0,True,clear,evening,underground
2226c5fe-9142-4dfb-95e2-ea3c298fd257,60.0,989.257,-1.1075,0.270909,9.192,990.364,46.3219,-41.2289,65.4468,47.391408,0.2979,21.65,10.52,0,True,clear,morning,above
1bb723b1-367b-447c-8ae6-fe8453b273fe,60.0,997.669,-0.5762,0.111235,4.782,998.245,17.2402,-9.7235,45.2137,72.695044,0.2225,24.78,10.86,2,True,rain,afternoon,above
5d8229e5-5738-49b2-9e41-d92c69bf16a0,60.0,994.673,-0.1341,0.101199,1.113,994.807,32.0989,-4.2458,4.4542,28.840446,0.7948,3.97,2.77,11,False,rain,afternoon,street_level
213f9365-eac4-4e20-a367-cd49eebde980,60.0,990.308,-1.0075,0.222675,8.362,991.315,-6.3036,21.2197,35.4317,26.899619,0.4504,16.71,1.12,16,False,overcast,morning,above
cc4ea596-295e-45e5-840b-cfca70bf8835,60.0,1015.732,-0.4991,0.397539,4.143,1016.231,23.6378,-7.3023,34.9772,64.866588,0.4853,1.55,2.99,12,False,rain,night,above
d4258ffc-cadf-4053-8d76-31c35e2bb9bd,60.0,1006.498,2.6246,0.664327,-21.784,1003.874,29.3101,-7.3345,19.9698,8.683286,0.7788,6.18,1.63,11,False,clear,evening,street_level
74f12fec-fb6a-4b40-b341-283081388284,60.0,1015.672,1.2293,0.609517,-10.203,1014.442,16.8009,6.936,38.7938,68.245857,0.3678,26.18,4.27,9,False,clear,morning,underground
a7172b95-7112-4f1d-aef7-f4f677da294b,60.0,1013.014,-0.6333,0.497202,5.257,1013.647,22.9483,5.4777,17.7166,18.725454,0.8834,10.51,1.34,19,False,overcast,morning,street_level
fbc16799-8073-4bb7-8f8d-8f68fa13f5a6,60.0,1015.483,0.6758,0.702574,-5.609,1014.807,-17.2692,3.7974,44.7079,52.46852,0.8196,21.79,0.97,9,False,overcast,night,street_level
88ddc4f3-1f16-4213-9d22-8f57e46e86cd,60.0,1017.778,0.2239,0.113262,-1.858,1017.554,23.5132,13.2575,25.0247,40.989185,0.2586,24.92,4.93,2,True,overcast,afternoon,street_level
96799af7-09bd-437e-b52e-71965d6be332,60.0,995.921,-0.19,0.142262,1.577,996.111,21.1094,-17.763,31.0161,8.15917,0.6147,21.34,4.43,4,False,overcast,night,street_level
bd5e763c-f1fe-47bf-b9ef-65e11d893203,60.0,993.961,-1.2589,0.541893,10.449,995.22,14.3517,-20.5782,29.4457,55.665018,0.3566,13.98,3.05,15,False,clear,evening,above
e2f0fbd1-1fc7-4513-b975-baabe83ca35e,60.0,1004.341,-0.6943,0.2328,5.763,1005.035,1.1399,3.2615,25.7397,78.587478,0.9209,5.75,2.1,7,False,overcast,night,above
915b6f27-abaa-427d-b801-54c511f8b301,60.0,1003.852,-0.0329,0.079321,0.273,1003.885,14.6106,-1.1402,56.6306,43.084421,0.6029,58.64,15.39,4,True,overcast,afternoon,street_level
c4040809-2178-4e3c-8674-0af801bf3ad6,60.0,1012.961,-0.855,0.44007,7.096,1013.816,7.746,-4.4699,34.0999,99.553975,0.8122,42.49,9.37,4,True,rain,night,above
774db4e8-9a55-4e3b-b5e8-9355ba3a54f5,60.0,1012.309,-0.9905,0.590593,8.221,1013.3,23.2873,-6.2592,63.6618,31.003596,0.8366,13.23,4.16,12,False,overcast,evening,above
0ea43433-eb5a-4e16-a450-e8f2953bbaae,60.0,1017.309,0.3453,0.662337,-2.866,1016.964,34.4752,-17.202,41.917,58.83916,0.7388,14.37,4.35,0,False,overcast,night,underground
edf778ab-2f7f-410a-be65-6f9e5f93fa06,60.0,1014.395,-0.0084,0.013442,0.07,1014.403,-12.9821,-3.3998,32.4692,46.068848,0.0,7.56,4.82,4,False,clear,afternoon,street_level
95122d98-76c1-462f-8ae2-c0459532d974,60.0,1011.557,2.1341,0.763148,-17.713,1009.423,16.9015,-20.6631,29.9632,69.506035,0.4702,2.18,4.49,16,False,rain,morning,street_level
e580564b-a8a8-4bb7-8f4b-d83e005fcf7a,60.0,990.197,-0.6752,0.584097,5.604,990.872,29.1127,-24.1655,44.8487,71.741734,0.5925,55.62,10.81,2,True,overcast,afternoon,above
4c6967ef-0f38-4059-ac7b-004433443adf,60.0,990.295,-0.6154,0.158654,5.108,990.911,19.7857,-33.8711,48.4705,74.374448,0.4607,24.63,8.21,0,True,clear,morning,above
cdfd7669-361a-4e64-a697-c4432351409f,60.0,1009.43,-2.9012,0.104335,24.08,1012.332,19.2843,-10.054,22.6245,124.168384,0.3512,60.72,9.7,1,True,overcast,morning,street_level
a8771ed2-83d0-453e-a098-4c69fe163398,60.0,1010.06,2.7512,0.294846,-22.835,1007.308,4.0605,4.8332,49.3496,21.292339,0.2954,41.42,5.07,3,True,clear,morning,street_level
cc6080ec-03c1-4ea3-8afa-80ff06b96d1d,60.0,996.169,0.5645,0.131183,-4.685,995.604,11.9715,9.7609,42.964,115.299503,0.7716,77.9,13.91,1,True,clear,afternoon,underground
c5676a1f-8e07-454c-b834-3c83567bef05,60.0,1003.595,0.9302,0.136211,-7.72,1002.665,36.9399,34.4752,38.5506,53.71455,0.6032,39.37,10.41,0,True,overcast,night,underground
7b22f8cf-ab73-4707-b5a9-99c7660ee6b1,60.0,1010.323,0.1857,0.560171,-1.542,1010.138,-1.9656,-6.6332,55.7065,82.731383,0.4668,8.13,4.36,5,False,overcast,afternoon,street_level
90a5ea1b-7fc3-4dce-bad1-f5bd1ea354d9,60.0,1001.307,-0.9745,0.31086,8.089,1002.281,25.9371,-2.5895,43.9101,81.308072,0.2559,67.15,12.45,0,True,overcast,night,above
1717679b-ab0e-4619-8dcb-f93f3d8ff6bd,60.0,995.021,-0.0097,0.044612,0.081,995.031,18.6973,2.1094,21.3135,36.575481,0.0,2.76,2.48,13,False,rain,night,street_level
e048d616-ff91-477c-bf3e-0f5d3199f7e9,60.0,999.104,-0.0009,0.073531,0.007,999.105,32.7533,-15.2298,34.7611,-12.854726,0.5763,1.0,1.36,19,False,clear,morning,street_level
6630c386-9375-45b3-98fc-9f53ddfeafe0,60.0,990.155,-0.8721,0.502835,7.238,991.027,19.4417,0.9144,40.7792,90.757086,0.7097,8.7,1.8,13,False,rain,evening,above
256f6c35-30f7-4f1c-9e53-3aab8515d71e,60.0,991.52,0.4179,0.404341,-3.469,991.102,26.0509,-24.077,49.664,92.908192,0.7693,17.98,20.81,0,True,rain,night,underground
539070a6-17b6-447e-8b7f-e4e7102b9daa,60.0,1008.742,-0.114,0.446313,0.946,1008.856,21.0125,-7.0365,46.7384,64.227809,1.0,59.44,9.77,1,True,clear,morning,above
20e7c01e-288c-4ae5-92f9-7b4251484c0c,60.0,1007.324,-1.6187,0.538425,13.435,1008.942,34.4613,7.8421,21.5859,80.154277,0.4243,24.91,2.68,10,False,rain,evening,street_level
a365a69f-8905-48c2-b5f8-a27d9691bf32,60.0,1012.855,0.2353,0.124497,-1.953,1012.62,43.2884,-33.2909,35.447,44.807845,0.5047,19.44,1.43,1,True,clear,afternoon,street_level
dd024afa-b6cc-45ff-8ecd-5eb6dcaec21b,60.0,1000.899,0.4483,0.074889,-3.721,1000.451,56.5963,10.7641,48.4586,51.774264,0.8378,1.0,-0.47,17,False,overcast,night,street_level
e9cb6f34-b216-4d98-83ad-a9eabc10ff91,60.0,1012.804,0.0405,0.018437,-0.336,1012.764,10.7383,-38.6815,45.9526,13.690531,0.4158,5.04,0.52,16,False,rain,afternoon,street_level
15bef832-715f-4cca-953a-30eda04a53ba,60.0,1007.599,0.5094,0.20869,-4.228,1007.089,26.6071,-10.2946,48.2873,45.77001,0.8102,47.97,12.96,0,True,rain,afternoon,underground
1402769b-4233-43ee-911d-d2842f2e400b,60.0,1012.494,-0.0741,0.143196,0.615,1012.568,15.4864,-14.1298,51.2706,25.732901,0.5122,54.99,2.81,5,True,rain,morning,street_level
57946d2e-8603-4548-847e-742a02981517,60.0,996.704,0.0712,0.069323,-0.591,996.632,26.207,-12.7793,38.0527,28.592162,0.2654,2.5,2.46,15,False,overcast,morning,street_level
88aeea6c-4e08-4f8f-9d63-0f47f54ff3b1,60.0,991.17,0.5084,0.042473,-4.219,990.662,-8.6966,4.6458,56.5607,47.351539,1.0,15.32,0.84,4,False,clear,afternoon,street_level
c0b83423-b36b-4cf4-92ea-a1b54176510c,60.0,1018.197,0.4419,0.151395,-3.668,1017.755,-3.3384,-5.0368,52.5029,42.480518,0.5577,18.34,2.46,8,False,rain,night,underground
7f571936-ff31-45b0-84e8-ffb4d173146e,60.0,1004.5,-0.4226,0.14918,3.507,1004.923,29.4412,-23.7244,41.2192,50.088586,0.6257,12.77,0.98,7,False,rain,morning,street_level
28897cda-527c-4426-a100-4e80e7feec0f,60.0,1002.747,0.1369,0.121363,-1.136,1002.61,25.8998,-7.1193,35.3633,16.991363,0.0779,69.26,8.57,7,True,rain,morning,street_level
0785fe4d-8d4f-4546-9af3-a950ec89175c,60.0,994.161,0.5846,0.281877,-4.852,993.576,-4.0153,22.3361,23.0282,50.350263,0.4338,18.87,5.42,4,False,rain,night,underground
0041b2de-9e71-46e8-867c-485f96d6b6c0,60.0,1005.732,1.2931,0.225106,-10.732,1004.439,34.8806,-12.6244,28.6638,59.03532,0.9333,65.35,12.97,0,True,rain,night,underground
48418260-7eac-4bba-83e2-59a7ccd29ce6,60.0,994.966,0.1071,0.099736,-0.889,994.859,20.9594,-15.5757,25.1153,24.624596,0.7453,6.8,2.79,0,False,clear,evening,street_level
c51a6730-148c-40fb-8ca6-455ee3ac071f,60.0,992.023,0.1144,0.07055,-0.95,991.909,38.2814,-13.2016,62.3609,-36.648136,0.588,20.81,10.4,6,True,clear,morning,street_level
86e368d0-89aa-44f4-9990-c2ea00357de9,60.0,990.9,-0.7289,0.150523,6.05,991.629,37.8597,4.2433,17.7265,55.29558,0.6926,10.8,2.0,15,False,rain,morning,above
13fe544d-ad0e-41c5-a509-11b833b2bc5a,60.0,1004.559,-0.1984,0.07297,1.647,1004.757,17.3853,-15.8735,39.7721,14.896609,0.0,19.03,3.14,11,False,overcast,night,street_level
ebc97bcd-8411-4ad2-a400-9a00588e0f86,60.0,996.82,-0.4547,0.10606,3.774,997.275,19.3987,7.5233,27.0564,40.147344,0.6423,15.6,14.15,0,True,overcast,afternoon,above
22cd1f61-29a9-422e-8e46-00edaa36e936,60.0,1002.8,-0.5285,0.119902,4.387,1003.329,10.9143,1.1314,44.4894,42.134897,0.1638,17.42,1.27,22,False,overcast,morning,street_level
10e06621-2c11-49a3-9176-d85ca70690b7,60.0,1007.764,-0.0624,0.031024,0.518,1007.827,39.4822,-24.7138,20.0812,55.200809,0.541,49.74,6.18,1,True,clear,morning,street_level
b6ce7e4c-b54c-4820-876d-bab0b6c97e7c,60.0,1011.337,-0.3537,0.430151,2.936,1011.69,12.4631,-5.7823,26.1157,45.457187,0.8699,13.04,3.31,8,False,clear,night,above
2871a95a-3c1a-4663-8468-a7846fa72223,60.0,1015.006,3.3159,0.776367,-27.522,1011.69,7.4119,-25.6721,10.5047,46.83428,1.0,16.31,3.61,10,False,overcast,afternoon,street_level
920bd7dd-8646-4e51-aae8-a27cb56dcd8c,60.0,1002.087,-0.2166,0.198735,1.798,1002.303,24.2387,-13.7304,64.1102,72.685167,0.8539,14.3,1.42,13,False,overcast,morning,above
3e3fb6cb-60cb-44fd-b3ca-8cfa0ab8eee4,60.0,1013.453,-0.1234,0.372513,1.024,1013.576,20.3191,-5.3675,65.5332,74.992199,0.4872,37.07,10.47,4,True,clear,night,above
6d921033-f9de-4065-aff5-9eab4c610bcb,60.0,1005.213,-1.3172,0.536661,10.933,1006.53,7.2422,-18.7079,48.8287,97.243819,0.8183,42.92,5.94,1,True,overcast,evening,above
f054966e-ca47-45f4-bf15-c18b7e17fee2,60.0,1006.015,0.4728,0.570275,-3.925,1005.542,7.6948,-22.2578,8.5882,66.649571,0.7029,31.0,8.68,0,True,clear,evening,underground
c03cb61f-1648-4b43-93e8-c49df5995d24,60.0,1011.651,1.4326,0.359466,-11.89,1010.218,22.7683,13.1316,70.0914,42.498229,0.3281,33.96,18.23,1,True,rain,night,street_level
62544496-083f-4503-b103-d30d279c2bb4,60.0,1006.134,0.4359,0.047775,-3.618,1005.698,30.2305,-51.6034,52.014,12.727017,0.499,67.32,5.4,4,True,overcast,evening,street_level
8d0daf7f-e511-4295-899b-d12ef85fce42,60.0,993.702,-0.4271,0.458935,3.545,994.129,5.6084,-15.5831,56.3312,74.746196,0.8154,84.42,13.75,0,True,rain,morning,underground
a90bca49-a1cc-4b20-93da-2c8e522ee12f,60.0,1006.347,0.335,0.300883,-2.78,1006.012,26.0266,-12.8817,60.8575,54.226587,0.0,65.66,7.22,2,True,rain,morning,street_level
dae31b2f-f89f-4284-9ac6-210aa1b9a4eb,60.0,1003.873,0.3503,0.112131,-2.908,1003.523,16.9449,-23.1697,27.5968,30.321677,0.1706,60.32,12.91,2,True,overcast,afternoon,street_level
559f20cd-bec3-4011-8674-ec910b0069c3,60.0,1014.318,-1.0573,0.488355,8.775,1015.375,15.7801,-8.9951,47.7391,64.465818,0.4632,8.64,11.21,3,True,rain,afternoon,above
5fd2d8b2-eb28-4211-861a-39e6b81655e7,60.0,1016.23,-0.0008,0.688778,0.007,1016.231,25.2186,-22.1263,35.271,89.856617,0.4491,4.67,8.83,8,False,clear,afternoon,underground
3daea4d3-6e68-4a42-b537-19a043a62d78,60.0,994.828,0.5929,0.414035,-4.921,994.235,-23.8203,-3.4516,53.559,62.611469,0.7305,43.45,12.26,0,True,rain,afternoon,underground
9fc359e0-c7f7-4efd-8165-35c006352b46,60.0,1003.419,0.4747,0.407502,-3.94,1002.944,12.3435,7.429,28.4745,65.427589,0.975,11.72,5.2,5,False,overcast,evening,underground
fcf43105-e5bd-4d6b-951a-515e418368b3,60.0,1003.264,-1.2789,0.219398,10.615,1004.543,33.2193,-24.6017,39.919,72.936798,0.642,44.08,7.16,2,True,overcast,morning,above
0d404f30-2eb1-464c-a37d-6069b654440e,60.0,1007.16,-1.2295,0.201883,10.205,1008.39,28.0512,1.4809,37.1227,19.230789,0.7002,50.44,12.42,4,True,overcast,evening,above
75e7ea8b-be11-48b7-a647-810bc6027aa3,60.0,1004.249,-0.6757,0.52859,5.608,1004.925,31.4136,-12.9929,22.5522,58.361329,0.7709,36.8,7.71,2,True,clear,afternoon,above
596a780a-4b22-43bc-b165-9f084c138793,60.0,1008.25,1.0221,0.690466,-8.483,1007.228,58.8435,-1.3055,44.8869,98.718337,0.9865,16.13,5.97,12,False,clear,morning,underground
3260ec89-2368-4e07-8e52-19facf1f367f,60.0,991.01,-1.2135,0.370397,10.072,992.223,10.8827,9.4549,39.657,39.836436,0.935,64.76,8.7,0,True,overcast,afternoon,above
8f3b5c19-2013-4ac6-beff-60bda02be3dc,60.0,999.75,0.3645,0.243924,-3.025,999.386,38.6578,-11.5453,58.377,60.206046,0.5155,75.27,15.77,0,True,rain,afternoon,underground
4d96e9b0-574b-4551-a60c-891519832462,60.0,1016.755,-0.6603,0.443164,5.481,1017.415,35.1882,-39.0417,41.8877,54.948331,0.7811,37.36,10.94,4,True,rain,afternoon,above
1b7d2cc9-f8e8-40b4-a03a-d16fe9eb9991,60.0,994.922,-1.0322,0.494224,8.568,995.954,22.252,-35.5732,5.8451,34.697753,0.8586,49.09,10.63,0,True,overcast,evening,above
fe1d617e-e4cd-414e-b17a-e8dc62af180e,60.0,1013.732,-0.4759,0.311274,3.95,1014.208,24.7547,3.3299,32.0987,59.453477,0.7554,38.47,10.88,2,True,rain,evening,above
69e113c6-eb36-4822-b4cf-c85404683bd8,60.0,1000.695,2.8124,0.23142,-23.343,997.883,45.6592,-11.5667,37.4677,-6.556002,0.4111,3.57,0.4,16,False,clear,night,street_level
605fa5d1-9079-4a4e-a88b-b05b9d00c136,60.0,1013.297,1.0492,0.412867,-8.708,1012.248,60.313,-37.1505,29.681,46.816172,0.7477,20.65,5.28,10,False,clear,morning,underground
78316e00-6cc7-46ff-989e-9df5646c2873,60.0,1003.279,1.1105,0.464254,-9.217,1002.169,7.3513,22.5641,37.3617,100.545014,1.0,61.51,7.19,0,True,clear,evening,underground
03b3e653-9726-465e-a7c1-48488884961f,60.0,1016.959,0.3441,0.098775,-2.856,1016.615,1.3991,-23.415,29.9588,27.725882,0.104,10.24,-1.1,14,False,overcast,night,street_level
5a5b77fc-4058-4a72-a3fc-87d0440d2e6b,60.0,1003.366,-1.0976,0.356334,9.11,1004.464,24.0299,-8.4468,7.5667,74.433768,0.6049,33.31,8.51,0,True,overcast,night,above
c2108296-eb25-43ce-814a-9a5df5cc6cd7,60.0,1014.406,-0.0726,0.237366,0.603,1014.478,42.9699,3.8187,31.8644,30.557481,0.1855,57.47,8.55,3,True,clear,morning,above
7d64369a-0a4e-44ea-93f5-db3f327dcbef,60.0,1016.889,0.1477,0.094644,-1.226,1016.742,5.1923,-11.9689,41.1528,14.375673,0.6028,1.0,0.92,10,False,overcast,afternoon,street_level
d8c2fbc4-e9fa-47c0-ba5f-f4dc447920ec,60.0,991.253,-0.992,0.28096,8.234,992.245,24.3069,-19.1866,45.4226,62.535297,0.6547,55.62,9.58,3,True,clear,evening,above
5e190396-e06b-44a9-9a58-d3e53c51f557,60.0,1014.934,-0.335,0.311017,2.78,1015.269,4.5849,8.9856,27.0074,61.786562,0.1795,7.26,2.09,14,False,overcast,afternoon,above
c5fd7cf9-4f3b-419f-a168-da1f0dd502fc,60.0,1009.47,1.2054,0.265229,-10.005,1008.264,9.6022,-37.5349,57.5687,95.014558,0.5659,70.56,13.47,0,True,clear,morning,underground
8aca69a4-27f3-4fe2-9678-6c823a1e9ba7,60.0,1007.255,0.4253,0.358318,-3.53,1006.83,16.8617,-35.2516,27.9119,45.889894,0.614,31.1,6.79,5,False,rain,morning,underground
2cfb20ed-bd30-49a2-bc8b-447a1659237f,60.0,1009.148,0.1882,0.372401,-1.562,1008.959,26.1389,-26.4722,34.5728,49.759912,0.7848,60.11,10.57,0,True,clear,afternoon,underground
3bca4c4f-9bf7-4387-9685-e6e57ba33da8,60.0,989.621,-1.0332,0.158069,8.576,990.654,-2.2942,-2.0656,9.4156,62.664148,0.7072,11.2,2.9,7,False,clear,evening,above
858d3a73-c08b-4499-a2d4-52d2c28cfe5c,60.0,993.792,-0.5243,0.320221,4.351,994.316,27.4093,4.4213,12.6291,38.41495,0.4316,26.08,6.84,2,True,rain,afternoon,above
41fa687a-a8ab-4e91-a91d-6e3548344ec6,60.0,994.025,0.1272,0.066249,-1.056,993.898,18.4108,29.6652,17.4554,29.377926,0.7698,2.16,2.75,9,False,clear,afternoon,street_level
53639b64-780f-4532-a36e-91d261f08a09,60.0,997.248,0.8713,0.574306,-7.232,996.377,25.8578,-6.1709,55.6885,76.728174,0.6314,16.75,1.65,7,False,clear,afternoon,underground
2d8e4ed4-709d-42bc-b2b4-11c2fb4c0cd1,60.0,999.576,-0.9337,0.355638,7.749,1000.509,42.3788,7.4871,36.9332,132.898664,0.5826,62.91,8.16,2,True,rain,night,above
f86dd5c2-9414-44d6-baae-af93eb48b458,60.0,1013.16,-1.8463,0.109558,15.324,1015.007,8.7938,7.1808,32.0266,113.926591,0.5896,59.28,11.75,1,True,overcast,afternoon,above
28d8e668-d979-4c31-b7d9-b1fab90fcd4d,60.0,998.071,0.2659,0.542722,-2.207,997.805,30.6246,-4.7283,56.0523,82.876067,0.8431,26.0,5.51,12,False,clear,morning,underground
f3e67591-904f-432f-982a-31cdac3d7993,60.0,993.079,0.5986,0.139606,-4.968,992.481,16.7083,11.8253,40.0463,50.189502,0.6384,60.6,13.83,0,True,clear,night,underground
1bfb8860-3231-4ef0-938f-f9c0cfbf1345,60.0,1008.413,-1.3852,0.260753,11.497,1009.798,1.4111,-9.101,44.1607,22.676131,0.7102,9.88,-1.01,15,False,clear,night,street_level
aa92e47d-69cd-479e-8467-26095f3098f9,60.0,1000.77,0.7516,0.36961,-6.238,1000.019,28.3917,-6.4513,60.5456,115.01278,0.9478,6.95,5.56,11,False,rain,afternoon,underground
8d3b4b9d-9ea3-464f-8103-0c4686d42fde,60.0,1003.86,-0.7046,0.422522,5.848,1004.565,19.8605,-14.9184,42.3279,60.057161,0.2158,28.55,12.48,3,True,clear,afternoon,street_level
a69d59ff-586a-4a90-9521-0fdce473e6e4,60.0,1013.674,0.1727,0.262236,-1.433,1013.501,31.3408,-10.9832,69.7254,58.094478,0.8749,56.81,14.83,0,True,rain,evening,underground
abeb5145-18a4-450a-ac76-0d169ed8a0ad,60.0,1002.457,1.6027,0.175215,-13.303,1000.854,15.2589,-0.7634,58.0583,27.872604,0.5205,12.71,2.3,8,False,rain,evening,street_level
8092fae1-f478-4015-b19e-e716bba5f327,60.0,990.66,-0.689,0.32885,5.719,991.349,41.787,-5.0988,44.5071,51.236579,0.3448,37.38,8.63,1,True,overcast,night,above
9267a897-d432-4b5d-b94e-4e879f9872c9,60.0,995.849,-0.0867,0.438907,0.719,995.936,36.8815,-27.8412,64.6401,26.156031,0.8545,50.65,6.74,0,True,overcast,evening,above
436feb5b-d8a0-4785-b65e-f7371e6ef579,60.0,1009.776,-0.1935,0.325839,1.606,1009.97,-19.5821,1.6847,3.8517,51.227575,0.1993,14.49,3.46,2,True,clear,evening,street_level
0416bc55-c379-49ca-9a3e-38fe47480dd8,60.0,1006.608,-0.0555,0.082665,0.46,1006.664,28.8772,-15.3106,31.396,40.804186,0.283,15.51,2.03,15,False,overcast,evening,street_level
3df2fa6d-4641-4a3f-81fb-a360cc3aff0b,60.0,990.49,-0.0013,0.058733,0.011,990.491,5.9557,-15.9374,37.3056,54.942825,0.5153,17.36,3.02,0,False,clear,night,street_level
84260916-f7f8-48ed-934c-67b43afbcaf7,60.0,996.833,0.4423,0.134707,-3.671,996.391,15.2343,9.2247,48.3654,83.427271,0.7103,5.4,2.77,6,False,overcast,evening,underground
5da13354-84da-43c0-83a8-22d3417b8b1a,60.0,1006.877,0.6843,0.504478,-5.68,1006.192,29.2989,-26.3362,37.6627,49.728562,0.4485,54.74,6.49,0,True,overcast,morning,underground
1a9ec1ce-47c4-458f-b2c0-13046bf58677,60.0,1017.59,0.7675,0.145744,-6.37,1016.822,16.0002,-16.4387,48.8283,91.038209,0.5765,15.76,16.6,0,True,overcast,afternoon,underground
9f711292-3f09-4f42-9853-34fff2b5fec8,60.0,1017.06,0.1624,0.456137,-1.348,1016.898,28.5814,-11.2733,21.3501,74.742654,0.5676,70.97,10.26,0,True,clear,night,underground
f6ff3515-ce3e-4392-89e1-a210fc1abbd5,60.0,1009.963,-0.1507,0.032778,1.251,1010.113,13.2186,-17.0506,43.9882,24.904727,0.9687,19.99,10.42,4,True,overcast,afternoon,street_level
b3001a8e-b516-403f-bfd2-6ed76af9f9a7,60.0,1002.37,0.3664,0.273331,-3.041,1002.004,22.2561,-8.4922,48.816,88.604799,0.6638,33.12,7.19,0,True,rain,morning,underground
2988f883-cca8-413e-8f6c-11b192ba004e,60.0,999.423,-0.5764,0.428316,4.784,999.999,17.1588,-33.1037,69.7508,47.247972,0.5006,22.11,9.08,2,True,rain,evening,above
d47eb4ab-5d22-4aaa-87e9-8b28a6ea7583,60.0,1005.881,-0.3614,0.547047,3.0,1006.242,0.1174,-18.2608,24.6067,100.276273,0.5486,8.2,-1.47,15,False,clear,evening,above
35182efb-2f43-44ab-9f58-c8d55f5cbfcd,60.0,1012.357,-1.584,0.266096,13.147,1013.941,35.7879,-18.5931,15.0008,90.926182,0.8351,30.72,10.06,2,True,rain,night,above
6659d9f1-ebe3-428a-af81-ce28771670f6,60.0,991.092,0.0402,0.413506,-0.334,991.052,26.9389,-35.8871,29.8365,51.712165,0.4954,24.79,1.7,10,False,rain,evening,underground
a9fac361-7d95-4e3d-b806-e8e7ac629f76,60.0,998.706,-0.4019,0.55097,3.336,999.108,7.876,-22.4567,47.8377,50.062245,1.0,18.69,2.98,14,False,clear,afternoon,above
7faf1cae-cd55-42a4-b484-2aa1d4d84316,60.0,1012.025,0.1673,0.460932,-1.389,1011.858,22.3558,6.2291,54.933,96.29869,0.5004,60.67,9.13,0,True,overcast,night,underground
5faa247c-83b4-4e79-a2e7-251f3c25488f,60.0,1001.796,-1.1317,0.237036,9.393,1002.928,34.0634,-0.4958,41.3195,51.601021,0.785,25.51,5.94,4,True,overcast,afternoon,above
fef1f714-1102-48a1-8e18-6a35ad25408b,60.0,1002.549,-1.3466,0.292178,11.177,1003.895,39.7947,17.2883,40.599,63.492775,0.7637,56.61,6.5,2,True,overcast,evening,above
e99d498c-2552-4e15-9c17-0efebd1cb932,60.0,1014.839,0.6855,0.179029,-5.69,1014.154,-0.4893,8.1792,43.9188,42.071467,0.4976,81.2,13.85,0,True,overcast,morning,underground
52423c66-4c87-4d0b-9594-f6c52e0ca588,60.0,1015.321,-0.0498,0.311775,0.413,1015.37,33.9797,17.2002,30.1385,31.94102,0.9225,46.3,11.55,0,True,rain,afternoon,underground
fde9d060-6c7a-423a-ac51-3d4c3c90e4a6,60.0,1000.113,0.8045,0.502887,-6.678,999.309,5.6427,-4.8432,39.2702,40.363441,0.8042,51.73,12.78,0,True,overcast,evening,underground
5f32c8ba-326d-4031-9198-146130d6810f,60.0,992.168,0.2782,0.342161,-2.309,991.89,10.0582,-36.2118,38.0794,92.25496,0.907,37.83,7.02,0,True,rain,night,underground
59c2722b-38f7-42c5-aeaf-ae14752fe17d,60.0,997.817,-0.232,0.137792,1.926,998.049,38.7164,7.8487,55.2051,62.915393,0.6964,47.96,6.97,4,True,clear,night,above
4d33a4cf-8889-442f-94a6-32a71be9ac04,60.0,1005.457,-1.6232,0.573367,13.472,1007.08,45.4308,-9.3433,36.1624,59.627241,0.7192,69.96,10.81,0,True,clear,morning,above
5641df64-aeab-486c-9527-fb19c372fe8e,60.0,997.314,0.2274,0.213124,-1.888,997.087,-4.0987,16.2438,60.7218,48.390223,0.6718,57.37,14.48,0,True,overcast,evening,underground
9b0f928a-1677-49af-b80a-e9b8c7c08a0c,60.0,1006.517,-1.3387,0.199453,11.111,1007.855,34.9564,-3.8818,46.788,13.243515,0.2928,79.1,6.8,6,True,clear,evening,street_level
c8f54f02-3201-4dd9-bb39-daeff3f09f80,60.0,1014.169,1.1254,0.512588,-9.341,1013.044,55.4581,-21.7898,19.2843,27.31505,1.0,58.67,7.16,5,True,clear,afternoon,street_level
2fa4a673-1dc1-4213-a09c-58673ce3e89d,60.0,1015.364,0.2943,0.098235,-2.443,1015.07,-6.6026,-20.3558,40.0614,31.824175,1.0,16.31,2.28,9,False,clear,afternoon,street_level
250b9764-b295-4fca-a99a-84dcaf0993c4,60.0,1004.56,0.809,0.195695,-6.714,1003.751,10.8164,-26.2773,27.6188,83.56761,0.4922,71.41,14.9,0,True,overcast,morning,underground
23d4d920-47c8-4f15-8253-4968494bdcfb,60.0,1004.357,-0.0629,0.573576,0.522,1004.42,20.1356,5.9732,7.896,83.722096,0.649,37.09,7.91,0,True,rain,afternoon,underground
cc953a64-4f8b-42ed-afc0-b5bac39ac4fe,60.0,1002.844,-1.2433,0.529382,10.32,1004.088,28.0217,-25.5553,51.1572,55.264961,1.0,28.45,9.9,0,True,overcast,night,above
5e8dedac-03db-43f7-8a95-02079a9c56e0,60.0,994.127,0.8353,0.150133,-6.933,993.291,26.4944,-30.6643,31.5284,62.974509,0.785,15.83,3.38,17,False,rain,afternoon,underground
b90a659c-2ea8-4ae1-8a17-a6168960916b,60.0,996.253,0.1059,0.068209,-0.879,996.148,16.3815,-1.7668,73.288,53.064478,0.6169,12.0,0.05,17,False,overcast,morning,street_level
759be866-579a-4be5-ac9f-99e9f636f3a0,60.0,993.475,0.2443,0.157131,-2.027,993.231,19.2469,29.3119,23.3205,17.907229,0.1147,12.31,-0.17,10,False,rain,afternoon,street_level
2bdb9adb-74d0-4b53-9b50-650efdd9702f,60.0,1008.689,1.0929,0.592583,-9.071,1007.596,41.4523,-4.9941,35.5358,30.581582,0.6167,1.0,1.72,10,False,overcast,night,street_level
0049de55-895c-483f-a57f-54bca08da0ab,60.0,1014.496,-0.2153,0.652653,1.787,1014.712,12.6215,-38.1483,49.2957,20.864467,0.7822,7.15,2.32,18,False,overcast,afternoon,street_level
216ee201-1b1d-4175-88bd-9d12279a42b6,60.0,993.769,-2.3945,0.327181,19.874,996.163,42.6951,10.949,46.2197,38.455993,0.8825,10.33,5.17,13,False,rain,afternoon,street_level
2a91dc70-3f94-4bdb-8524-af1aa9742590,60.0,1011.47,0.4214,0.472284,-3.498,1011.049,24.6696,15.4994,56.0731,51.984008,0.8058,20.97,4.93,8,False,overcast,evening,underground
9b12b5fa-d056-425b-a053-757f7904dbd7,60.0,1015.492,0.5965,0.529838,-4.951,1014.896,17.6489,-30.5856,40.4657,48.809152,0.5696,10.42,2.63,11,False,overcast,night,underground
e80ada07-7f18-4b16-baea-a06fe9bb1deb,60.0,991.312,-0.8433,0.498121,6.999,992.155,36.5759,-22.261,30.8565,88.165138,0.3754,46.47,8.87,0,True,rain,afternoon,above
571e793c-adbb-48f8-838e-b125e93a0a43,60.0,1008.232,-1.218,0.50747,10.11,1009.45,19.0042,-14.9896,47.3731,82.815712,0.8399,5.25,3.43,12,False,rain,night,above
0654a24a-2d9c-4ea0-a741-b168d69b6907,60.0,1005.731,0.1251,0.632871,-1.038,1005.605,-3.0336,1.3518,49.187,86.768524,0.6415,66.7,12.95,0,True,clear,evening,underground
e0aeb1c5-7db5-4b07-ae78-4c8d679a6587,60.0,1013.701,-0.3236,0.280213,2.686,1014.025,39.934,-4.1979,56.3647,73.346499,1.0,15.41,0.69,16,False,rain,afternoon,above
6df28cc7-f5ab-448c-bce1-2e98b912a255,60.0,1006.869,1.094,0.694407,-9.08,1005.775,22.3874,-13.0972,48.4072,61.214644,1.0,32.92,10.34,0,True,rain,morning,underground
bfe1bffc-d4e1-4c83-b5ba-295a34e93901,60.0,1004.799,0.0237,0.327382,-0.196,1004.775,0.8484,6.6942,56.1648,94.737876,0.9428,53.37,8.6,2,True,rain,afternoon,above
1acbfd65-f7a6-4183-beec-882c2a9695b1,60.0,1008.853,0.6909,0.207614,-5.735,1008.162,32.8096,-3.777,46.9493,60.057397,1.0,53.3,13.03,1,True,rain,evening,underground
45c97ed7-6f33-4ec2-ac8d-15b57dd5f2aa,60.0,1016.997,0.0917,0.386304,-0.761,1016.906,17.7374,-11.1092,33.2251,74.658083,0.5989,18.78,3.57,12,False,clear,afternoon,above
c71e1ca9-829f-4f2e-b13d-c6bcd9e82a4d,60.0,992.56,0.192,0.102266,-1.594,992.368,18.1983,-12.7363,32.7306,68.885888,0.2587,50.77,8.3,5,True,clear,night,street_level
793e3a02-3be2-40f3-b914-dd5f4ab03bfe,60.0,991.251,-0.6258,0.214683,5.194,991.876,35.7784,-25.224,28.5822,21.752554,0.5923,1.49,1.54,11,False,clear,afternoon,above
b87add7a-26e7-40e9-8f13-b2cdbc6238d4,60.0,993.256,-0.3747,0.018759,3.11,993.631,-6.788,-15.3944,44.5166,38.617865,0.5996,44.37,4.61,4,True,rain,night,street_level
1e1ab061-90bc-4ad6-8d3f-48370637b5c8,60.0,1006.695,0.435,0.392701,-3.611,1006.26,44.6174,6.9421,50.2254,67.985006,0.5334,6.14,-0.64,10,False,overcast,night,underground
142311e4-43a0-40fa-ac01-1b0b432588e0,60.0,1015.066,0.924,0.633712,-7.67,1014.142,19.0699,4.2717,34.5024,40.390996,0.6001,58.95,17.11,1,True,clear,afternoon,underground
7d91588d-220a-416b-8b53-3dacbd9da140,60.0,1001.392,0.0016,0.217852,-0.013,1001.391,32.9569,-23.3849,46.0313,117.603415,1.0,35.33,13.98,0,True,rain,morning,underground
ea22c55e-10f0-433b-9633-a2731d1cee6d,60.0,1005.318,-0.6662,0.512855,5.529,1005.985,5.0593,-17.9847,57.9271,74.509536,0.6023,10.34,2.45,12,False,rain,night,above
3036d297-8518-4ae2-9f97-4e2c1475a48e,60.0,992.652,0.2158,0.034517,-1.791,992.436,38.4347,-19.5596,46.8758,14.764135,0.297,5.29,0.67,14,False,rain,evening,street_level
d6a57e32-c8f1-406d-afb3-048abc2bfa61,60.0,1003.862,1.0291,0.124035,-8.542,1002.833,16.9135,-10.6711,21.7909,46.587341,0.5664,17.3,5.78,14,False,rain,afternoon,underground
bf7e821c-84ba-4a98-a73e-bfed1f9b2426,60.0,1002.752,0.7124,0.118278,-5.913,1002.04,78.8936,-41.2617,65.8704,55.015838,0.478,75.36,12.65,0,True,clear,evening,underground
cd76cddd-9849-458c-afe5-d20b196dd696,60.0,1013.339,-0.1579,0.166956,1.31,1013.497,10.7757,-5.1248,33.3064,32.070658,0.8501,30.21,3.03,13,False,rain,morning,underground
f7371ba8-c1c0-4baa-96e7-51853280e0d1,60.0,997.815,1.1811,0.139699,-9.803,996.634,23.7836,-11.7434,43.2207,108.346374,0.7276,16.05,3.87,8,False,rain,night,underground
d745f2f5-1305-4891-b040-c4ae73df0bd8,60.0,1005.801,-1.3199,0.542428,10.955,1007.121,16.5568,-34.5923,34.1129,42.768979,0.8888,58.14,12.68,0,True,clear,night,above
f305c47b-4c26-46ed-931f-7f417384ba0b,60.0,999.314,-0.3012,0.018653,2.5,999.615,20.1482,21.1346,34.4159,59.721711,0.1557,43.9,9.94,0,True,overcast,morning,street_level
62518355-7350-4ad2-9f15-09a84d322fec,60.0,1012.503,1.4699,0.554229,-12.2,1011.033,3.4056,-22.3677,30.8712,85.886151,0.4765,78.64,11.29,1,True,overcast,morning,underground
f11ed40f-48ba-46a5-9b8e-fca7a11869e5,60.0,994.667,-0.5024,0.026785,4.17,995.17,16.4249,-8.1573,24.87,-2.30905,0.581,18.24,-0.44,5,False,overcast,night,street_level
e8f77f91-8ef0-4c10-b1b1-c769e3ecec43,60.0,1015.288,0.0203,0.140418,-0.168,1015.268,21.4006,-26.9531,76.1752,53.64128,0.743,1.0,0.56,11,False,rain,afternoon,street_level
79ffe005-433f-4c8b-a2bc-f6694adbc713,60.0,993.21,-0.1136,0.014542,0.942,993.324,26.7598,-16.4607,37.8091,10.721223,0.5232,10.11,10.33,2,True,rain,night,street_level
dae9f26f-afa8-44a6-afce-fdd7fdba72d4,60.0,991.91,0.433,0.251715,-3.594,991.477,-0.9568,-18.754,55.5757,23.361372,0.9057,58.13,15.98,0,True,clear,night,underground
cc86d196-a672-4ea0-8859-9a91b4e71c12,60.0,996.79,0.9363,0.232743,-7.771,995.854,17.1979,-4.9589,69.3576,100.006544,0.6074,44.16,5.29,0,True,rain,night,underground
5b440b38-11d1-4530-a74d-6a74ccbd7890,60.0,990.534,-0.3806,0.682691,3.159,990.914,22.3546,-18.798,43.3632,113.086634,0.7998,8.37,3.59,10,False,rain,evening,underground
539caaec-7586-4d34-b2fc-618d8fce7088,60.0,999.832,-0.099,0.124054,0.822,999.931,39.299,-12.4829,29.8092,4.424895,0.2872,23.61,0.85,5,True,rain,morning,street_level
5cdb1a5f-696c-40b0-bbfd-b41a37be5e39,60.0,994.363,-0.7271,0.184102,6.035,995.09,16.161,10.5561,61.4419,68.82755,0.9045,10.07,0.42,15,False,overcast,morning,above
8485b64c-57d7-4bec-b0eb-66189ea6088b,60.0,1002.392,1.1023,0.538898,-9.149,1001.29,3.2422,-12.7877,44.65,62.535082,0.7548,84.01,12.42,0,True,clear,morning,underground
be6d4529-a130-4a66-b96d-26613fae4b3d,60.0,1012.556,-1.0824,0.262606,8.984,1013.638,28.7532,-11.9428,48.6979,62.638532,0.7549,5.68,3.28,18,False,clear,morning,above
b06df4c5-157e-4297-9ef9-75a0ca75d5b4,60.0,1011.876,-0.0563,0.106326,0.467,1011.932,14.9226,12.4415,32.8602,11.205754,0.6717,1.0,13.05,2,True,clear,morning,street_level
7231d4b9-d7de-4856-8199-cc0b79e612d5,60.0,1014.762,-0.3812,0.430859,3.164,1015.143,18.4067,-8.7478,32.2004,36.683274,0.7361,8.13,1.49,11,False,clear,afternoon,above
895f8484-4fc2-44a5-90c8-7924c2d05801,60.0,1000.395,-0.6063,0.640529,5.033,1001.001,4.6826,-2.8979,35.9854,52.904845,0.3488,12.33,2.66,16,False,rain,morning,street_level
2a670ee2-982d-4537-964f-8beab4126600,60.0,999.183,-1.3093,0.502824,10.867,1000.492,14.4619,-53.6048,34.3777,47.309353,0.472,9.45,1.1,17,False,clear,night,above
404f7723-f1f0-4af9-ad4b-bc0a73faa3fd,60.0,998.089,-1.2738,0.502716,10.573,999.363,-6.2774,-15.8489,42.3708,49.837415,0.764,7.7,1.31,9,False,rain,evening,above
8db39f7e-2ed7-4dd0-85ef-6b73dc06fb04,60.0,989.917,-1.0541,0.531128,8.749,990.971,34.5949,-15.6324,57.7353,19.933489,0.2743,18.09,0.28,14,False,overcast,morning,street_level
95977736-91f2-4327-a247-f52cff894415,60.0,994.526,0.1491,0.04789,-1.237,994.377,10.7354,-33.0256,11.7998,68.156711,0.8346,8.72,3.07,23,False,rain,morning,street_level
8cac14a5-5c8a-4c90-8dc3-29857bfbfdcf,60.0,998.104,-1.1438,0.444544,9.493,999.248,32.4529,3.506,46.7684,70.557246,0.9697,5.24,1.32,10,False,clear,evening,above
5b5cfa09-d126-4036-9c28-80143dcfa4b5,60.0,998.514,-0.5671,0.38768,4.707,999.081,31.3624,10.558,50.428,23.58442,0.5189,33.97,10.8,0,True,overcast,night,above
7a4066e5-2550-45f8-ac50-82c95d07ea0b,60.0,996.487,0.363,0.304791,-3.013,996.124,15.1744,-8.8618,35.9096,89.483725,0.6922,14.83,3.95,7,False,overcast,afternoon,underground
a1a914b8-265d-4257-8d0b-201ccb5eacc3,60.0,1002.031,0.0922,0.547868,-0.765,1001.939,31.5788,-3.3804,29.0027,49.332897,1.0,1.0,3.59,11,False,overcast,afternoon,street_level
d886ea8d-1589-4abc-b15a-a2863fc6bc3b,60.0,998.548,0.3342,0.120907,-2.774,998.214,46.0225,7.4755,21.3161,30.514298,0.5444,58.05,3.45,5,True,overcast,evening,street_level
90605714-f043-46b7-97fe-e2104be8f081,60.0,1004.149,-1.4351,0.559199,11.911,1005.584,24.1508,-29.4626,28.6322,45.995264,0.7218,17.68,1.34,12,False,overcast,morning,above
879c553b-eacc-4571-9386-cf59b37dac52,60.0,989.671,-0.6904,0.357231,5.731,990.361,11.0734,-14.2433,30.7139,67.478458,0.4396,66.27,5.03,0,True,clear,evening,above
a6360a9a-7979-4891-99a6-908e9a0de715,60.0,990.987,-1.7192,0.391357,14.269,992.706,37.1278,-21.8845,34.0135,50.951344,0.9037,32.73,4.92,4,True,rain,evening,above
851a84ca-38ab-4658-8587-144215343315,60.0,1007.534,-0.1727,0.108086,1.433,1007.707,4.7786,-15.4219,46.2467,24.998213,0.825,2.55,2.67,22,False,overcast,evening,street_level
2e47734a-d694-4bce-accd-b3c170776803,60.0,993.77,0.2548,0.022045,-2.115,993.515,19.708,-22.5656,23.8091,55.883944,0.2288,17.26,0.09,21,False,rain,night,street_level
a5ea94fb-960b-446c-8c7d-96c7cf1c6dbc,60.0,1008.281,1.0996,0.530724,-9.127,1007.182,38.45,-24.4706,64.427,33.981085,0.2239,17.65,1.64,6,False,rain,evening,street_level
9d91cf18-a557-428f-88f6-53e4ee747a33,60.0,1010.105,-1.0702,0.160224,8.883,1011.175,-11.931,-3.1275,25.3042,75.707917,0.6693,36.09,8.59,2,True,rain,afternoon,above
8d5fec4f-b25e-4e25-b9b3-0254cea33c77,60.0,1017.954,0.0167,0.629964,-0.139,1017.937,27.6629,26.6687,31.8658,25.152688,0.4289,99.86,9.66,0,True,clear,evening,underground
f6ef8358-bb5f-48ce-8e9c-63ff8ec90c63,60.0,1005.158,-1.1308,0.18133,9.386,1006.289,23.825,-37.6907,53.7955,43.990212,0.8191,10.4,1.32,17,False,overcast,night,above
06c76969-b46f-409c-ad44-bc80da39df60,60.0,1013.555,1.0704,0.337788,-8.884,1012.484,42.3367,24.0717,33.934,50.731574,0.6119,37.73,1.23,10,False,rain,evening,underground
a87a70e1-d0cf-416f-bc08-3c617f974bcf,60.0,1013.748,0.5456,0.62508,-4.529,1013.202,18.7493,-18.8486,52.6642,80.899385,0.1936,63.74,13.42,1,True,clear,morning,underground
eba1093b-2944-49e0-bdc6-d58f769156b6,60.0,993.86,0.1592,0.459677,-1.321,993.701,26.2731,-36.6402,55.9591,64.141627,0.8615,11.93,3.85,9,False,rain,afternoon,underground
3c262714-4312-4249-ba27-ae71c2602a13,60.0,1013.693,1.2989,0.459138,-10.781,1012.394,49.0298,11.006,48.3134,83.056266,0.6804,33.12,13.52,1,True,overcast,night,underground
413ed23f-b5a4-400c-b816-70d51c8eda68,60.0,1004.621,-0.0343,0.19802,0.285,1004.655,50.7946,6.3315,34.3555,57.070423,0.5904,16.72,2.88,0,False,clear,night,underground
bbfc0771-c2e3-4ae6-969a-356155a5dff2,60.0,994.073,0.0037,0.439611,-0.031,994.069,32.3145,-34.5641,41.794,73.917343,0.9047,102.07,13.79,0,True,clear,night,underground
23d0f34c-e579-471a-8b8f-cbbb08982c6a,60.0,997.016,-3.0118,0.053141,24.998,1000.028,12.2717,12.9529,49.9739,8.297212,1.0,9.11,1.9,6,False,rain,evening,street_level
380352e5-2ac8-4c1a-b73d-4c1f27dc1299,60.0,998.555,-0.2753,0.578508,2.285,998.83,14.7756,-17.4408,48.9347,82.787489,1.0,42.05,8.06,0,True,rain,evening,underground
0f93bae0-7501-4f82-ba58-96fafc495b21,60.0,1000.031,-1.1507,0.267096,9.551,1001.181,24.23,-7.6042,34.5064,51.148618,1.0,16.01,2.28,15,False,clear,afternoon,above
a1ef701f-3c51-4f06-8b2d-da2270f6e4fd,60.0,993.668,-0.2514,0.082746,2.087,993.92,51.0186,-37.4752,24.2304,30.976737,0.2515,7.35,0.24,11,False,clear,night,street_level
02a2173e-4174-4c34-bf13-c0aa855e546b,60.0,1007.36,0.7338,0.442172,-6.09,1006.626,26.5062,-0.7774,66.6798,86.973675,0.5375,30.05,2.75,1,False,overcast,afternoon,underground
1769547f-d500-4b66-ab9c-e44c167420aa,60.0,1012.343,0.0486,0.230667,-0.403,1012.295,16.5817,4.9089,26.3769,110.237873,0.2814,1.0,2.12,13,False,rain,night,above
8c90140c-a8c8-419d-9d8b-a769b94e53ba,60.0,990.886,0.2151,0.154853,-1.785,990.67,36.1148,-6.6349,53.5603,91.314895,1.0,79.17,12.15,0,True,clear,morning,underground
49e62d32-b344-4fe4-868a-22cafc5044f4,60.0,1013.705,1.021,0.208471,-8.474,1012.685,47.9412,-20.8765,43.0002,49.201127,0.5723,23.23,0.33,1,False,clear,night,underground
0c78817e-057f-475f-a7a4-b5f5f78a2cb3,60.0,991.673,-0.785,0.300156,6.515,992.458,31.3111,-2.8048,42.9842,98.423011,0.9456,9.46,3.0,21,False,clear,evening,above
9c83b133-76a1-44d9-b503-e97cde309cec,60.0,1017.728,-0.1866,0.21554,1.549,1017.915,37.2591,-26.99,51.3877,58.084103,0.7627,37.89,8.09,2,True,overcast,evening,above
4afcaec9-22c3-4ce9-8eca-8de8828b9ce9,60.0,1011.873,0.6481,0.685937,-5.38,1011.225,15.7377,7.9214,53.4197,83.992512,0.7375,24.93,5.47,4,False,overcast,evening,underground
d7b36d79-d197-4f4c-a081-b09865367ecb,60.0,1005.9,-0.2016,0.487131,1.673,1006.102,21.1364,10.1215,29.6087,49.141924,0.8528,43.33,10.09,0,True,overcast,evening,underground
0f919798-e702-447b-b0df-e5ed76667b0f,60.0,1015.838,0.7222,0.303544,-5.994,1015.116,23.1911,1.7431,33.5331,69.424379,0.5543,9.89,1.77,9,False,overcast,night,underground
63e34995-43b4-401a-bdec-8cf54dafad57,60.0,1015.213,1.2104,0.509524,-10.046,1014.002,10.7722,-11.9335,45.1098,70.179462,0.2827,39.07,12.09,0,True,rain,evening,underground
9ebeada5-efcc-4565-87a1-ffac1e745e9f,60.0,1008.773,0.2278,0.053809,-1.891,1008.545,21.0931,-8.902,37.7464,31.028784,0.2834,2.86,3.23,11,False,clear,afternoon,street_level
d80229ee-407b-4d91-a420-5117bb5db963,60.0,1003.624,0.3109,0.429346,-2.58,1003.313,25.6674,-18.8961,44.7206,85.077367,0.5299,42.8,18.88,0,True,clear,afternoon,underground
5a30ad2f-c890-4be2-a197-4f575931c84a,60.0,1015.257,1.7688,0.70946,-14.681,1013.488,7.4462,-12.1056,44.6142,21.685866,0.2216,20.52,4.18,7,False,clear,night,street_level
cfa8fb60-360d-4112-bf13-0a353b4dc99c,60.0,1011.606,-0.1078,0.685467,0.895,1011.714,35.7178,-27.0661,40.3661,34.102262,0.4368,1.0,5.89,8,False,overcast,evening,underground
ccc175de-ba38-4716-bb8c-b7f10bd2c316,60.0,1017.468,-0.0485,0.093351,0.402,1017.517,-14.7422,2.8702,27.5771,45.98925,0.3854,54.94,12.28,0,True,clear,evening,street_level
143bc3c2-d62a-4137-ba77-2937e7528790,60.0,1004.161,-0.2,0.070937,1.66,1004.36,30.1936,-7.7587,35.6741,18.132274,0.4522,16.82,6.37,3,True,rain,afternoon,street_level
e2812abe-378c-41ec-9f7f-278acd7b751a,60.0,1016.495,0.4884,0.324895,-4.054,1016.007,-9.5338,-8.4484,70.6311,106.38952,0.8615,30.53,3.1,5,False,clear,afternoon,underground
0c5ece14-0f9e-439c-a472-1c6dad4a7587,60.0,1015.184,1.0639,0.692138,-8.83,1014.12,12.2429,-17.8808,55.4482,49.674641,0.8647,65.77,10.31,0,True,clear,morning,underground
95d1d10b-de42-49b7-a436-7603a7871357,60.0,1012.486,-0.685,0.377775,5.686,1013.171,33.7402,-20.834,35.3202,48.524831,0.2339,14.6,1.7,13,False,rain,afternoon,above
485fba5e-8f05-4718-933d-8bea5cec3dd8,60.0,1016.024,-0.6716,0.182143,5.574,1016.695,12.9827,-22.0709,41.2762,55.380112,0.7222,5.54,2.32,15,False,rain,morning,above
5783f915-99ab-48e3-b0f7-712b81b414c2,60.0,1016.222,-0.5307,0.690457,4.405,1016.753,4.7618,-30.8281,15.9959,97.095993,0.5206,10.69,2.32,7,False,overcast,evening,street_level
e2a73cf0-1a91-4eb7-9f27-cca5009c24c7,60.0,1005.215,-0.0321,0.402007,0.267,1005.248,8.8663,-17.5526,38.5806,86.37439,0.8622,63.27,8.41,0,True,rain,night,underground
44ae8679-0366-47ba-939a-e332cc84c87c,60.0,997.671,-0.0006,0.668668,0.005,997.672,37.5758,-27.6426,47.3134,80.086723,0.5901,17.55,4.37,5,False,clear,morning,underground
f8dd488c-40a3-4d0a-9bf8-4abb13a5dd58,60.0,994.725,0.6363,0.300873,-5.282,994.089,37.7264,-14.1718,34.9422,95.902191,0.4154,20.98,1.83,6,False,rain,morning,underground
c87779b5-0e4d-4ff7-a58f-afecbeeb6545,60.0,996.522,-0.1275,0.107451,1.058,996.65,3.3926,-15.4826,37.7305,35.378318,0.6601,7.8,2.74,18,False,rain,night,street_level
cdf42347-aa3b-46d5-8d44-bd41f1d63502,60.0,1004.909,-2.1658,0.160372,17.976,1007.075,7.8929,5.0507,41.8272,49.78865,0.4353,54.46,7.15,4,True,overcast,morning,street_level
b34a00c1-2250-4966-a2fd-feee8bdcb83b,60.0,1005.54,0.0281,0.737367,-0.233,1005.512,17.0558,-5.4745,42.633,89.779099,0.3042,64.0,8.97,0,True,clear,evening,street_level
39d5ae62-1f55-4774-b3c9-60ea255c8f2e,60.0,1001.89,0.0243,0.078467,-0.201,1001.866,16.7145,7.9047,31.6704,54.291463,0.7549,7.67,3.6,17,False,clear,morning,street_level
577cefb3-2fd6-4930-839f-9fee57303030,60.0,1015.454,-0.8936,0.297527,7.417,1016.348,39.3745,-27.032,47.3186,61.889317,0.5077,36.68,13.85,0,True,rain,afternoon,above
ce1007eb-dfb1-41f4-91ad-5f47184fca7f,60.0,1009.691,-1.2918,0.341301,10.722,1010.982,32.719,-25.5387,37.8016,42.896038,0.0029,10.3,2.95,9,False,rain,night,above
d07a1950-29e2-4b10-8a05-ca0c1f6da5c3,60.0,996.502,0.7344,0.53687,-6.095,995.767,0.0083,-15.2416,28.4115,107.967959,0.8317,61.2,13.16,1,True,rain,night,underground
a4dbc579-77f6-4761-b06a-dbc393e6ce6a,60.0,1014.024,1.1834,0.304003,-9.822,1012.841,47.5715,-27.513,47.8083,83.440748,0.7856,5.92,3.5,9,False,overcast,morning,underground
f3e91385-a900-4e5a-a543-efe20f2991d6,60.0,994.606,-1.3228,0.433464,10.98,995.929,22.8998,-15.5061,29.4277,79.716317,0.629,50.0,9.42,0,True,overcast,morning,above
02d53b53-3392-4fe2-9533-a9f08e5aac41,60.0,1007.147,2.2383,0.334803,-18.578,1004.909,44.6092,37.2809,23.1476,26.154747,0.5372,16.54,0.43,18,False,overcast,afternoon,street_level
17f18ad3-52b7-49e6-a8d4-4318b83a8456,60.0,999.698,0.3334,0.15098,-2.767,999.364,17.0799,-9.931,52.2983,118.086145,0.5451,68.87,6.89,0,True,overcast,morning,underground
40e03317-d4c5-4fdd-9a65-5a266962e059,60.0,998.805,-0.3757,0.01168,3.119,999.181,28.8885,-50.5659,30.5517,23.408207,1.0,45.36,9.89,0,True,clear,afternoon,street_level
365637f1-5947-4463-b9e0-aa891db8810e,60.0,990.719,-1.3779,0.130973,11.436,992.097,30.4425,-17.7654,38.6786,40.375172,0.6997,43.81,7.55,1,True,clear,afternoon,above
1dcd994f-aecb-4dfa-b935-db1926b47893,60.0,1005.593,3.0185,0.28665,-25.054,1002.574,34.9282,-20.9298,72.2272,26.565309,0.4221,14.24,3.52,6,False,rain,night,street_level
4edb2e83-46da-4888-b17a-342a677603dc,60.0,1002.221,-1.2751,0.128112,10.583,1003.496,1.5479,-7.1116,57.1714,86.840713,0.6424,14.63,4.2,10,False,overcast,night,above
b9bb600e-6583-4aec-bc08-280903294f41,60.0,1004.908,0.4948,0.509869,-4.106,1004.413,16.4448,1.2485,44.189,73.103915,0.842,32.62,4.9,11,False,clear,afternoon,underground
23229014-f2e7-4b43-9669-8aa725afa01f,60.0,1007.41,-0.0477,0.55624,0.396,1007.458,0.1387,-11.3947,36.3118,40.269188,0.9108,16.37,7.24,10,False,overcast,evening,underground
070863ef-67f6-43dd-b328-d581ff28a04c,60.0,1001.851,-1.2684,0.312753,10.528,1003.12,20.9803,-8.8037,27.1115,55.907422,0.6624,9.71,1.49,14,False,rain,morning,above
5129baa6-2fd0-4941-8f78-1d63eb1df8cf,60.0,1014.305,-1.2651,0.475712,10.501,1015.57,1.7193,5.2653,51.5538,69.175925,0.7543,12.79,1.83,10,False,clear,evening,above
e88c449e-701b-4ff3-b5bc-d2994251bd0f,60.0,1015.734,-0.289,0.293612,2.399,1016.023,17.1967,-20.1436,23.5845,40.489815,0.3777,63.18,7.77,4,True,overcast,afternoon,above
2e4f8a6f-8f74-42b5-9ee3-2e6154406eee,60.0,1012.129,0.9559,0.236999,-7.934,1011.173,17.9403,4.3669,43.1141,66.368718,0.6359,50.9,8.88,0,True,clear,afternoon,underground
ec28269d-4d40-49b0-82b0-dfb106ff5dc9,60.0,993.638,-0.6107,0.305366,5.069,994.249,14.1764,-10.8388,45.0694,58.92347,0.6506,15.35,3.27,13,False,clear,evening,above
b4df5c20-04cb-4c82-ae02-2db469d0e9c1,60.0,1004.19,0.1351,0.121693,-1.122,1004.054,39.7945,-13.7471,44.782,2.216338,0.0,5.87,1.95,1,False,clear,morning,street_level
d9a77784-65ee-4459-b652-62832eca48b9,60.0,1013.06,-0.0806,0.081766,0.669,1013.141,9.3204,-33.142,37.5905,84.385348,0.4706,39.05,7.01,4,True,rain,evening,street_level
8cb45c62-c8a0-43c7-a9af-44d0c956bcc0,60.0,994.865,0.2121,0.391138,-1.76,994.653,3.3809,-29.6317,69.0158,115.335192,0.6314,40.56,14.95,0,True,clear,night,underground
a83aad09-abda-4012-8030-f5c2f8269cbc,60.0,990.016,-0.7427,0.338492,6.164,990.759,22.7379,-9.8368,48.416,87.331116,0.5861,8.47,2.73,16,False,rain,night,above
c3acc04e-6ee6-448e-b3cb-a0a3d710de55,60.0,1002.561,-0.1183,0.342981,0.982,1002.679,3.1092,-13.8451,31.9293,50.155337,0.7299,22.94,-1.71,4,False,overcast,night,underground
f0d28d28-7ec4-49d0-b164-efa846cb5e70,60.0,1018.304,1.2407,0.10371,-10.298,1017.064,33.5516,19.825,74.2075,71.137287,0.8117,14.61,0.71,12,False,clear,morning,underground
9ce0ba7f-8e86-44f7-b274-12235e5a9a06,60.0,1002.157,0.7994,0.426272,-6.635,1001.358,27.5672,-33.4455,22.3081,73.757216,1.0,28.58,16.07,0,True,overcast,evening,underground
ce89173d-ffe6-4409-b043-d8b826e83794,60.0,1001.474,-0.6171,0.271035,5.122,1002.091,52.9433,-2.6052,39.1372,50.252692,0.8247,45.38,5.14,2,True,rain,morning,above
e1050154-9245-472d-bda5-c9b1f8833f7e,60.0,1006.192,0.1983,0.110522,-1.646,1005.994,1.306,-38.313,31.0537,47.248819,0.2337,8.95,2.82,8,False,clear,morning,street_level
ce23fb71-1618-4c8c-ad1d-69de2dc942c8,60.0,1004.503,-0.2274,0.124647,1.887,1004.731,11.2046,-29.8139,8.1448,25.663756,0.3447,43.54,4.01,0,True,rain,morning,above
0ae07ec1-4cb6-43a6-8ce8-2aa94c93387d,60.0,1006.512,0.3685,0.022401,-3.059,1006.143,16.873,8.0991,17.0925,27.17621,0.3027,16.07,1.35,4,False,rain,night,street_level
24081ed2-7bc6-47c8-9cf2-2724f970f568,60.0,1005.114,-0.1408,0.346687,1.169,1005.254,6.6076,12.994,40.4906,45.646954,0.8407,20.94,3.87,3,False,clear,night,underground
6960100c-2a8f-4d2e-b7cb-0ef8e42011a2,60.0,1013.599,-0.4344,0.130453,3.605,1014.033,11.1636,-16.9854,13.179,21.970604,0.421,60.7,10.9,3,True,rain,morning,above
097c14a7-2789-47c5-8ae7-4cba4cd6bb13,60.0,1011.412,1.0551,0.193817,-8.757,1010.357,22.8785,19.2251,55.3766,80.552715,1.0,1.0,3.37,11,False,rain,night,underground
f73d4a7a-8462-4c12-8e5d-810abf1cd888,60.0,1004.313,-0.2118,0.293686,1.758,1004.525,28.7267,-16.1519,44.2671,63.773204,0.3654,11.97,4.64,10,False,rain,morning,underground
41dd1908-6c30-4e5c-847b-7059610d2a8b,60.0,1008.31,0.2806,0.074171,-2.329,1008.029,22.0301,4.9167,49.6901,26.450142,0.4028,10.16,5.82,0,True,rain,night,street_level
b1601c02-1c0b-4679-80c0-417bca704615,60.0,994.482,-0.0919,0.424778,0.762,994.574,13.9346,-20.2942,18.5099,68.928198,0.694,6.67,2.2,11,False,rain,evening,above
92216bfa-3f6c-4659-bb3e-53fae8086b2f,60.0,1016.324,-0.0795,0.46796,0.66,1016.404,34.1418,-2.6904,56.0789,85.991597,0.3106,31.49,6.59,4,True,rain,morning,above
4de67c65-b14c-41da-963e-b3e30b24a069,60.0,1009.185,1.0591,0.363478,-8.791,1008.126,10.479,1.6497,39.158,67.119394,0.623,52.54,17.55,0,True,clear,evening,underground
980a3172-7c69-4c3f-b084-99b32f2e8d89,60.0,1007.775,-0.175,0.316036,1.453,1007.95,3.0082,-4.7444,27.3351,15.223148,0.633,85.11,14.84,0,True,rain,morning,underground
37f277ec-3611-48fb-9ff7-a0418d61d6e1,60.0,992.082,0.9673,0.375582,-8.028,991.114,-3.6801,-13.1875,57.6842,75.667106,0.5877,50.67,7.46,0,True,overcast,morning,underground
cfdf8014-9363-4499-8172-16d7097e6a9a,60.0,998.561,-1.0256,0.193295,8.513,999.587,11.1001,-18.0769,54.8939,52.706554,0.5286,46.86,7.44,2,True,overcast,night,above
048e34b5-c4a1-4169-af9e-cc84ba2e5565,60.0,999.826,0.0368,0.47539,-0.305,999.789,26.2652,-8.3883,45.8106,108.93442,0.8041,48.4,8.53,0,True,clear,afternoon,underground
b1a0b012-7d6b-47d3-81aa-8ae397836715,60.0,994.617,-0.5374,0.517229,4.46,995.155,24.287,-22.6773,48.3008,53.470757,0.8391,24.08,11.63,0,True,rain,night,above
3e44e896-a8d6-4f70-80b6-d7911e41f4fd,60.0,996.356,-0.2345,0.479488,1.946,996.591,13.1204,2.8505,65.1607,87.028668,0.6503,11.98,1.04,11,False,rain,morning,above
89ae9959-d737-4b13-997f-c16a333cfda0,60.0,1010.687,-0.448,0.147773,3.719,1011.135,15.5854,-5.6009,28.8584,21.236646,0.0942,14.51,1.72,14,False,rain,afternoon,street_level
586a9af2-6cec-4491-a4ee-ff1ce59b5843,60.0,1016.112,0.7162,0.212982,-5.944,1015.396,25.1608,-4.7749,26.5325,55.666504,0.6447,16.22,2.17,6,False,rain,night,underground
4b5eabf9-12c1-47ed-b4db-f47ecba1199b,60.0,995.471,-0.0502,0.104797,0.417,995.521,23.819,6.3573,57.9981,4.181972,0.7292,64.45,7.56,5,True,clear,afternoon,street_level
6cd50000-1b87-4fe3-80f5-cf71771b5883,60.0,1016.259,-1.1798,0.555098,9.793,1017.439,8.3984,-8.0172,38.2792,103.088133,0.3084,1.39,0.07,18,False,clear,evening,above
19bb77cb-f635-4e73-871f-9b5ca947fed3,60.0,1009.292,-1.3559,0.416589,11.254,1010.648,15.4262,0.4885,21.7501,41.025594,0.8682,17.25,0.57,15,False,clear,night,above
1d204a47-73dd-49f8-8637-317f79233308,60.0,1001.54,0.1945,0.732173,-1.614,1001.346,15.5123,2.1338,31.2332,29.409895,0.247,23.62,2.02,9,False,clear,morning,street_level
88b48de2-16d3-4597-99dc-8616f1c40dd3,60.0,1001.349,0.756,0.349697,-6.275,1000.593,19.8251,16.6413,33.0884,55.840135,0.8663,25.26,4.27,12,False,clear,afternoon,underground
0c5cb126-0f37-4cd0-8ba3-04f4af335505,60.0,1010.631,0.1387,0.316924,-1.151,1010.492,39.6529,-13.2394,54.0622,73.571275,0.702,54.45,15.87,0,True,overcast,evening,underground
2a3d7fcf-82a2-4fba-a827-03a1a27d238e,60.0,1006.814,-0.1061,0.108336,0.881,1006.921,-10.2989,11.6292,32.3144,56.370882,0.7723,13.43,1.16,14,False,overcast,evening,above
90c6e415-4c75-41ae-bb9e-2105e728254d,60.0,994.674,0.6458,0.353612,-5.36,994.029,26.2189,-0.4014,20.2617,58.65909,1.0,73.43,10.28,0,True,rain,night,underground
d183ea62-b824-422c-8614-0368cbd6668f,60.0,1012.899,-0.3396,0.103698,2.819,1013.238,21.9293,-13.3848,60.8354,3.296019,0.4822,1.0,-2.25,16,False,rain,afternoon,street_level
db9fa8c2-f09b-4b79-b910-bf7ab4fd0c88,60.0,1010.709,0.5858,0.247491,-4.862,1010.124,21.8682,-21.9944,36.2843,63.784604,0.8253,104.31,13.67,0,True,clear,afternoon,underground
3f9d2e2b-120b-4fb7-bdfe-34499f5c7913,60.0,1007.24,-0.2025,0.173425,1.681,1007.443,-4.47,-2.7961,24.1734,27.96474,0.6202,5.15,2.05,15,False,rain,night,street_level
67d822af-07e3-41f5-96cb-3ed3c61fd14e,60.0,998.072,1.1991,0.635481,-9.953,996.873,8.8417,-19.7832,15.9236,64.217476,0.5847,26.98,6.26,5,False,overcast,evening,underground
4a967508-f604-472c-bf59-d2a2d6a08965,60.0,996.913,0.3522,0.055319,-2.924,996.561,12.963,-24.893,18.3219,20.588523,0.5813,55.2,13.09,3,True,rain,evening,street_level
d628c83e-cb27-4d13-9f8c-d7ce684d814b,60.0,1011.049,-0.5032,0.485918,4.177,1011.552,25.3546,-8.7808,39.4316,88.881731,0.6403,35.87,10.48,2,True,overcast,night,above
fca14dd9-6ef4-466f-92cc-073f6ce40939,60.0,991.18,-0.2166,0.100321,1.797,991.396,19.9714,-9.477,69.9528,71.684807,0.5335,1.0,5.17,8,False,rain,night,street_level
2a2687dd-1681-4ac8-8eab-d600f43bb8fa,60.0,1011.751,0.3268,0.623437,-2.713,1011.424,30.5224,-2.2169,47.4371,42.898238,0.7715,44.18,12.1,0,True,rain,night,underground
6f3f6e28-6184-453c-9dc1-01239e570817,60.0,1017.451,0.04,0.428149,-0.332,1017.411,10.0871,-6.2396,27.8204,48.293476,0.7196,71.69,10.89,0,True,rain,afternoon,underground
a7847a3a-5de2-4587-bb05-e48418b5b23f,60.0,999.537,-0.4324,0.45683,3.589,999.97,7.3853,-16.0637,43.9819,71.52942,0.9058,42.0,6.43,2,True,clear,night,above
1209fa15-ce72-4fe1-b6ad-4b52f3024f50,60.0,1004.273,0.1007,0.065187,-0.836,1004.172,5.3225,31.3283,35.4158,-24.12516,0.2546,14.23,2.44,3,False,rain,morning,street_level
ed0803ff-7fc8-475e-a517-8b57d4f4c57e,60.0,996.99,0.3162,0.243307,-2.624,996.673,17.955,22.2433,67.5023,67.133979,0.7529,1.0,3.23,7,False,overcast,night,underground
c5219980-987e-4cf4-9426-6ea257264487,60.0,999.543,-0.4408,0.221734,3.659,999.984,14.9549,-20.1306,57.3295,104.563874,0.5856,13.31,1.07,13,False,rain,night,above
ed3a206a-754e-452b-af2e-6fe72f6fe5e9,60.0,1004.469,-1.3161,0.199098,10.923,1005.785,0.0725,0.2032,37.0173,56.460584,0.8668,5.3,3.16,13,False,overcast,afternoon,above
c1928fb2-cc89-4418-999d-c5eae2957738,60.0,1006.434,1.1786,0.259028,-9.782,1005.255,21.3947,-17.0274,28.6185,60.541203,0.7291,23.88,5.24,0,False,clear,afternoon,underground
1af7b0db-543a-426e-ab59-86d90ae42bcc,60.0,1000.682,0.1547,0.151166,-1.284,1000.527,12.058,-18.4276,47.1904,82.139744,0.6146,15.83,2.53,5,False,overcast,evening,above
ab54ca4b-a970-4739-b00e-1902352d0ad2,60.0,1004.647,0.3035,0.091168,-2.519,1004.343,7.5663,-30.4771,29.342,38.0612,0.7846,39.48,9.07,0,True,rain,morning,street_level
7463c83f-1cea-463d-b3ff-d0921d1db285,60.0,1003.353,-0.3378,0.126413,2.804,1003.691,37.0631,-16.7966,32.5991,51.643993,0.6877,10.22,3.26,24,False,rain,morning,above
442fd0ad-ddb3-4ef6-b26b-8e84b44af255,60.0,997.41,-1.5169,0.110991,12.59,998.927,8.0162,8.0918,49.1376,79.603287,0.8035,6.28,1.59,15,False,clear,night,above
e932c007-25d8-4721-ad15-eb5945471f0c,60.0,1014.976,-1.2739,0.204653,10.574,1016.249,23.8151,-25.1954,14.6916,70.025375,0.5443,13.75,1.83,11,False,clear,morning,above
e29702c5-a65f-430a-a3f0-d7d71d0efab2,60.0,991.948,0.514,0.563704,-4.267,991.434,33.9237,-17.448,22.6976,59.200016,0.7756,7.73,3.25,10,False,rain,evening,underground
8e132502-bcb1-4761-b59b-efdfe29c5553,60.0,991.725,-1.2374,0.295119,10.27,992.963,14.3655,10.2667,59.3912,85.677886,0.6895,25.92,9.53,4,True,overcast,night,above
bbaf9826-aa57-4e28-9754-f435ddbc7444,60.0,1012.972,-1.2988,0.403358,10.78,1014.271,17.8511,6.4482,7.1312,76.184848,0.5247,38.27,9.6,0,True,clear,evening,above
d5c6537f-441c-4d14-a1cb-be61fff14a8e,60.0,1007.256,-0.0921,0.525769,0.764,1007.348,16.9156,-8.7575,29.0774,65.078693,0.9575,14.91,0.6,16,False,overcast,night,above
50da92fd-9a1a-42c5-a620-cbd092ac16bb,60.0,1006.667,0.1232,0.216966,-1.023,1006.544,22.972,-2.8084,38.9537,76.005146,0.9506,41.66,14.01,1,True,overcast,night,underground
fbc287cd-d69e-43d1-a83c-9902ab29c441,60.0,1001.825,-0.8366,0.534049,6.944,1002.662,9.669,-20.9042,-2.4417,56.835229,0.8578,48.33,7.97,4,True,clear,morning,above
0759c4d6-4774-4084-8b10-e6b5eaaf9b76,60.0,1008.501,-3.2801,0.325505,27.225,1011.781,17.7919,-1.5274,64.537,17.339521,0.8423,2.42,3.33,13,False,overcast,evening,street_level
bddd2f7f-8939-4946-a75b-af22e5463124,60.0,1008.082,-0.0544,0.086405,0.452,1008.136,20.8289,-20.6036,47.8225,46.555933,0.67,14.5,4.67,3,False,overcast,morning,street_level
dfd94892-3589-4b76-8f12-7c74dfa13beb,60.0,995.105,-0.2128,0.490583,1.767,995.318,16.4348,-8.8509,32.3235,62.216303,0.9456,33.98,5.47,8,False,clear,morning,underground
cfaae4bb-080a-420d-99b5-99272c356ee6,60.0,1017.097,1.3158,0.504166,-10.921,1015.782,35.7103,-9.7903,21.0693,68.552306,0.553,1.0,0.65,0,False,clear,evening,underground
3cc5123f-3253-46b1-8f0b-2b850170247a,60.0,1013.311,0.0654,0.137709,-0.543,1013.246,25.7475,-2.5136,14.6159,56.974599,0.7704,29.48,0.97,20,False,clear,evening,street_level
cf4bd6ec-f2c1-4e51-8c5e-499881c22787,60.0,992.59,0.1221,0.14869,-1.014,992.468,24.2883,-14.886,51.1082,-12.234591,0.4934,15.43,3.25,10,False,rain,evening,street_level
2e9aeb07-d20c-4b4e-9521-3f17edfaaef6,60.0,998.994,0.1854,0.613943,-1.538,998.808,44.1137,-10.3084,44.3378,38.240513,0.6122,74.87,11.39,0,True,rain,afternoon,underground
322638f5-eb3a-4866-a9de-95a7e5cc88ee,60.0,989.126,-2.5043,0.760674,20.785,991.631,50.8173,-36.002,43.3224,34.142891,0.0334,24.35,2.13,20,False,overcast,night,street_level
7a5ceac0-e5e6-4ad8-9427-b53a6063e6c5,60.0,990.407,-0.1817,0.131801,1.508,990.589,1.8618,-17.4958,38.46,95.114864,0.6956,54.4,8.31,2,True,overcast,afternoon,above
af424e0d-299d-4aaa-9d15-fb4dabe39b3e,60.0,999.633,-0.091,0.047527,0.755,999.724,21.1718,-3.9965,43.0248,25.864033,0.2984,65.58,10.01,3,True,clear,morning,street_level
7cbdcaa3-2a52-4d53-9dd0-115e3ffedbb1,60.0,1003.359,-1.1202,0.341247,9.298,1004.48,11.1582,-33.7364,52.2526,64.00264,0.2989,9.33,2.52,20,False,rain,afternoon,above
207ab77c-8ca8-4088-8266-5a0cdb2d0341,60.0,1001.321,-0.1823,0.568283,1.513,1001.503,22.0687,-2.1925,46.3915,63.156769,0.6971,23.89,5.33,6,False,overcast,afternoon,underground
fc865276-3379-448f-bb86-7f40fb7fae5c,60.0,1012.147,-0.2273,0.111803,1.886,1012.374,13.8881,3.6194,41.8522,18.329964,0.3326,33.52,10.15,5,True,rain,evening,street_level
93989ce4-d2c1-4437-ba6d-298ece6b525e,60.0,1016.592,0.6583,0.464184,-5.464,1015.933,7.438,-27.5148,40.1371,82.952543,0.5942,59.22,6.74,0,True,rain,morning,underground
303f7773-fb74-4093-be53-b3828ba0612a,60.0,1002.372,-0.0063,0.556604,0.053,1002.378,0.8962,-16.2194,25.0724,47.964377,0.9808,10.34,1.74,9,False,rain,afternoon,underground
e244c615-bb70-4e10-bf14-81f8a81c4191,60.0,1009.425,-0.0909,0.088696,0.754,1009.516,22.6861,-6.1836,30.6735,56.559779,0.3661,5.7,-0.09,16,False,rain,evening,street_level
49040322-ade5-49ec-9436-86384d2394cd,60.0,1000.209,-1.2796,0.326979,10.621,1001.489,14.7685,-6.0415,37.6668,42.743639,0.2694,12.18,2.62,11,False,rain,night,above
9360da14-ac0c-4f9b-9c6f-d966609256e1,60.0,1005.61,-0.6743,0.361643,5.596,1006.284,32.1629,-22.6649,49.6356,83.108863,0.6653,13.8,1.61,10,False,rain,night,above
9b278f48-48bb-4682-9b69-0186fdd082b1,60.0,1000.75,0.3542,0.391044,-2.94,1000.396,27.5924,-25.8405,36.1458,103.018753,0.7339,24.0,5.92,15,False,clear,night,underground
d63b1aa7-b029-4b4d-b9b4-67e66d26c26e,60.0,1009.217,0.5751,0.452422,-4.773,1008.641,27.6541,3.1603,37.0483,67.450132,0.5315,59.46,16.37,0,True,clear,afternoon,underground
e4ba32bb-9432-41d5-a530-835536fb1b37,60.0,1015.461,0.3658,0.292372,-3.036,1015.095,8.9195,-34.4051,70.3389,56.325348,0.565,43.65,8.6,0,True,overcast,evening,underground
358ffcc0-0dfb-483b-9c26-0867180de73e,60.0,999.237,-0.4714,0.472221,3.912,999.708,58.8186,-27.9959,50.4838,92.30267,0.513,24.96,10.81,4,True,rain,evening,above
36a1207a-025d-4d98-adce-ffb8bef1cae5,60.0,1012.731,-1.4727,0.329493,12.223,1014.203,40.3601,2.3408,58.3657,26.723755,0.5237,17.42,0.38,13,False,overcast,night,street_level
72545fd7-2169-46ea-afaa-f916fe3a889f,60.0,1001.077,1.1222,0.327374,-9.314,999.955,24.182,-13.13,35.31,60.37408,0.3264,61.59,14.28,0,True,clear,morning,underground
ff3819f2-27ab-4607-b04b-5a8797e5e6f3,60.0,1009.651,-0.1984,0.318891,1.647,1009.849,22.8271,-19.8503,36.0954,46.025733,0.4053,8.64,3.23,10,False,overcast,night,above
05c09777-24ab-41b9-8eed-9edea5420731,60.0,1017.34,0.4165,0.306758,-3.457,1016.923,36.9737,-34.1428,29.5404,75.582023,0.4603,63.5,9.1,0,True,clear,evening,underground
9fd8a0c2-732d-4efe-a27a-39524313c451,60.0,1005.157,-0.4632,0.387188,3.845,1005.621,31.562,-25.8075,46.4172,9.9172,0.2071,34.75,4.79,2,True,overcast,afternoon,street_level
3ba5af92-9144-4a72-b9bd-90a2fa8c715a,60.0,1000.579,-1.4562,0.127372,12.086,1002.035,25.6318,-7.4864,57.4339,58.129942,0.0997,1.0,2.03,16,False,rain,afternoon,above
4870cbe9-ca10-46ca-9132-b25e07284227,60.0,1011.911,-1.2142,0.24279,10.078,1013.125,-2.4617,10.4484,35.4456,63.84347,0.6785,10.31,1.07,13,False,clear,morning,above
eacbae39-8f3f-4fbb-98be-ffae3fa54c3d,60.0,1010.41,-0.2954,0.131243,2.452,1010.705,20.2862,-17.8654,48.0823,42.594492,0.6864,16.43,7.71,9,False,rain,morning,underground
30fbefdb-ef0b-4aa0-aa72-6da250e3e106,60.0,995.887,-0.0916,0.355763,0.76,995.979,0.5054,22.6558,23.1302,55.000449,0.3925,28.83,9.94,1,True,rain,afternoon,above
5010fa75-0d6a-4685-b03c-ccf52cd47059,60.0,992.248,0.2394,0.295255,-1.987,992.009,14.0402,-1.9845,41.3664,31.847535,0.4248,1.0,2.47,6,False,rain,evening,street_level
20961590-df9d-4dbf-a3b4-1e630c2d0e70,60.0,1002.714,-1.3719,0.317339,11.387,1004.086,29.6689,-15.7368,10.3606,51.836708,0.5191,6.18,2.88,11,False,rain,afternoon,above
063c6fb3-63e5-4391-ba8d-14d6b3e7fa0d,60.0,1016.183,-0.2262,0.074482,1.878,1016.409,31.9002,-3.7214,45.393,22.33606,0.6968,1.0,1.37,5,False,clear,evening,street_level
5aece884-2ccb-454f-93b6-ad424eea00df,60.0,1003.114,-0.4121,0.245934,3.42,1003.526,17.9313,19.9886,57.0996,54.620618,0.3684,11.08,2.77,16,False,overcast,evening,above
d7e15f38-05cd-4c06-b0ab-13fb103b3735,60.0,991.142,0.0341,0.09934,-0.283,991.108,8.7786,-39.5099,39.6813,45.368794,0.2417,44.27,10.64,5,True,rain,night,street_level
2ef44058-2edd-4652-bc62-26c2529bd2dd,60.0,1013.068,0.3334,0.557977,-2.767,1012.735,-11.9626,7.7627,55.5424,60.665789,0.6,7.62,8.13,0,True,overcast,evening,underground
8523ea3d-4b59-4b5f-ae4f-1e59b35f931a,60.0,1016.559,-0.2086,0.099895,1.732,1016.767,10.2249,-42.9157,63.9921,92.2169,0.1374,15.45,0.09,11,False,rain,morning,street_level
135d92b0-3669-4406-94fc-184a23012d56,60.0,1011.968,1.0049,0.195597,-8.34,1010.963,8.2326,16.9888,52.8834,17.745743,0.7525,2.25,1.84,8,False,clear,night,street_level
acdeb830-40a0-4021-b161-5923b804460c,60.0,1014.984,-0.5398,0.515623,4.48,1015.524,8.2809,-19.3171,52.936,47.868736,0.956,13.07,-0.25,11,False,rain,morning,above
2a475a79-0f38-4180-be38-fa1befb4e5b4,60.0,995.564,0.2011,0.313843,-1.669,995.363,14.6947,-28.4865,54.2869,78.280482,1.0,56.79,19.5,0,True,clear,evening,underground
dbe66493-70b3-454c-bf73-97727c2b1b7c,60.0,1006.115,-0.2871,0.324316,2.383,1006.402,26.0993,-12.5894,49.5802,115.896838,0.7672,37.62,12.32,0,True,clear,night,above
6d5a4d68-481a-4d1e-a32b-ae9d47640ecc,60.0,1011.774,1.3479,0.390278,-11.188,1010.427,23.4581,-16.7042,45.0604,43.861763,0.6947,67.96,11.24,2,True,overcast,evening,underground
9a5006ad-3d2d-4ebf-8073-6c30c8501a42,60.0,1006.309,-0.5175,0.282524,4.295,1006.827,0.8842,2.6054,70.5423,114.393397,0.3791,10.03,1.2,15,False,rain,evening,above
d2f3d146-fc4e-4aa9-8cf0-ad8b0083d967,60.0,1010.703,0.0303,0.077786,-0.252,1010.672,-6.1416,-3.8584,35.8499,2.196009,0.7844,29.92,9.53,5,True,overcast,afternoon,street_level
537a95cd-fd5c-4bd8-a004-aa8b65320213,60.0,990.2,-0.0566,0.246847,0.47,990.257,-0.7663,-7.243,33.7842,64.653121,0.8941,56.62,14.31,0,True,clear,evening,underground
e885db86-9f04-4448-aa16-78fe3af29146,60.0,1005.4,-0.6129,0.13523,5.087,1006.013,13.1681,-10.7525,21.2489,41.588849,0.354,9.58,2.17,21,False,clear,morning,above
e6d56999-19de-4249-bbcc-2d34046b8099,60.0,1010.58,-0.0994,0.572888,0.825,1010.679,32.3935,-14.4462,18.0701,73.785167,0.5325,48.07,8.72,3,True,rain,evening,above
c39c2f99-5fa1-47e2-9fe3-ffaa7682e1fb,60.0,1005.992,-1.3063,0.235174,10.842,1007.299,28.448,16.5891,21.6729,66.871533,0.9797,16.05,8.01,5,True,rain,morning,above
5c0f7a34-e72f-40d8-a419-2ef8ed0f811f,60.0,1009.571,-0.0098,0.074155,0.082,1009.581,6.1638,-9.8896,17.8218,46.804127,0.0141,23.03,0.99,11,False,clear,morning,street_level
a09967f1-9899-4162-bb03-a489986fc9b2,60.0,997.225,0.6836,0.653334,-5.674,996.541,-33.0829,-3.2337,32.9988,26.743432,0.9668,83.6,18.21,1,True,rain,morning,underground
b51884b7-5b42-4a0e-9908-4d804cc2419a,60.0,1005.124,-0.0458,0.142623,0.38,1005.169,12.5349,-29.0221,37.4761,51.697406,0.1638,33.72,2.02,5,True,clear,afternoon,street_level
18025ee2-5746-4f66-8357-2c16b347490b,60.0,998.18,0.6981,0.528821,-5.794,997.482,18.8753,-40.2911,48.2325,60.0025,0.551,56.75,11.92,0,True,rain,evening,underground
4b0e935c-d82d-495f-82f0-2f07dfe92042,60.0,1002.735,-0.5211,0.509714,4.325,1003.256,22.1552,-4.5736,44.7971,19.917069,0.7168,46.93,8.14,1,True,overcast,night,above
c79fca3f-79cd-4e1a-a6ff-43514dd3e308,60.0,1014.741,-0.8607,0.125254,7.144,1015.602,-16.076,-30.5211,23.4029,24.406535,0.5575,12.84,0.97,12,False,overcast,afternoon,above
6ffdf228-fd51-4d6b-8e7b-309efc0e066a,60.0,1018.124,1.1344,0.280874,-9.415,1016.99,5.1113,-9.6937,18.0149,75.320496,0.6332,47.44,12.3,0,True,overcast,morning,underground
1670e653-8d89-4ebe-a706-4a37de56d3ea,60.0,1006.273,1.0163,0.146796,-8.435,1005.257,25.0877,-34.8457,32.3152,69.552626,0.5047,1.0,3.58,4,False,overcast,night,underground
225ca5d2-1a62-4be9-bd50-0bcf8e94d013,60.0,1015.338,0.4809,0.680119,-3.992,1014.857,18.8014,-6.9239,15.6493,22.376606,0.7515,19.07,3.36,10,False,clear,evening,underground
b57ce9c4-6dc2-4bdb-bda2-7d68cb755d4a,60.0,1003.723,0.2166,0.210924,-1.798,1003.506,0.8822,0.1811,40.7708,29.620149,0.1091,1.31,9.09,4,True,rain,night,street_level
6fefb415-dc1e-4f94-9534-b46ef2fbd86e,60.0,1001.468,0.3724,0.047488,-3.091,1001.096,16.1274,-2.3481,30.2595,52.765813,0.4215,9.72,1.84,24,False,rain,morning,street_level
f5e6b7aa-f964-45d6-888e-464a1c6510f6,60.0,1016.913,-0.6653,0.5248,5.522,1017.578,41.6291,-6.7155,27.3727,7.394702,0.5597,23.52,1.77,18,False,rain,evening,above
b7333a61-bcd8-4e97-92ec-9b064ed945be,60.0,993.231,-0.1562,0.092433,1.296,993.387,15.8043,17.9189,25.8059,12.50539,0.4204,26.67,2.9,8,False,rain,evening,street_level
7fa0860c-152c-430e-aad3-7f1a00b6c8aa,60.0,992.759,2.0673,0.096206,-17.158,990.692,41.6662,-28.4152,31.1308,59.409211,0.6998,48.69,6.32,0,True,clear,night,street_level
49a01f49-e675-412c-a402-4a2ad284a397,60.0,1008.904,0.1547,0.045581,-1.284,1008.749,43.5846,-23.5146,3.0703,68.909051,0.2017,27.19,10.51,1,True,overcast,afternoon,street_level
559ebbf3-96aa-4805-8b77-72cbbf85e3e7,60.0,999.106,-1.1903,0.243112,9.88,1000.296,6.0951,-4.9766,26.5601,30.619372,0.6053,42.62,9.54,0,True,overcast,morning,above
72b2e176-164a-49f7-b893-abbe3b266f32,60.0,990.792,-1.3119,0.580961,10.889,992.104,-2.5071,-32.1817,65.084,36.759515,0.1196,1.0,13.57,4,True,rain,afternoon,street_level
b952444f-725b-4276-a58b-e16730b1a86c,60.0,993.751,-2.5551,0.735361,21.207,996.306,11.9985,-47.4677,44.6949,8.027647,0.0439,21.52,4.36,17,False,overcast,afternoon,street_level
9e40d27d-3449-4781-8845-721f3c7e243d,60.0,1005.488,1.5674,0.153684,-13.01,1003.921,26.0908,-13.5239,26.5973,-13.45931,0.4706,16.05,1.87,18,False,overcast,afternoon,street_level
355f9c29-edc3-4ff0-8ca5-c67ad7a633b9,60.0,999.365,-0.0663,0.525159,0.55,999.432,21.2298,-36.2857,27.0891,81.147261,0.3752,16.26,2.16,16,False,clear,afternoon,above
52018d2d-d440-47d0-814d-1ed32bd2e39d,60.0,1007.463,0.4753,0.243527,-3.945,1006.987,46.8751,21.3199,50.6157,72.572935,0.2372,43.21,15.97,1,True,clear,morning,underground
fe3354bf-f2e5-470a-aa3d-b8b35a7f9658,60.0,997.947,0.6824,0.573424,-5.664,997.265,32.1439,-2.0366,52.8721,42.533626,0.3566,19.37,4.05,5,False,clear,afternoon,underground
3db8de4d-2d12-4c85-ab23-9044429edfd1,60.0,1015.569,-0.9094,0.324799,7.548,1016.479,38.3578,-4.9307,31.1164,65.872199,0.3061,16.84,2.13,17,False,rain,afternoon,above
1f3aa776-dda3-4aab-bb8c-f249cad6b7b0,60.0,1003.917,-0.092,0.030734,0.763,1004.009,4.4545,-22.4593,66.4319,49.799645,0.6869,20.11,3.82,12,False,overcast,morning,street_level
d218e3c7-7511-4444-91a6-4cce7463021c,60.0,1010.401,-0.0582,0.679999,0.483,1010.459,1.7389,-2.9807,22.4458,39.080854,0.1331,62.27,8.69,5,True,clear,evening,street_level
786a15f3-949a-409a-83b3-57851defa1fb,60.0,997.78,-1.6403,0.726437,13.615,999.421,23.3939,-7.9316,69.3491,40.365229,0.0243,66.99,7.25,0,True,overcast,evening,street_level
f49ed32e-e62a-476b-b6c8-e2feeddb7c87,60.0,1008.388,0.1707,0.115094,-1.417,1008.217,-2.598,-39.4833,31.1933,0.466315,0.7904,9.46,2.17,17,False,clear,evening,street_level
307fe101-1f71-44b3-870e-20bed1a1d45b,60.0,1002.061,-0.211,0.08204,1.752,1002.272,34.5385,-14.1833,70.7971,75.876305,0.0,56.77,10.91,4,True,clear,night,street_level
fc08297b-a960-4844-9ac1-e0a06c858c65,60.0,1007.106,-0.8773,0.278757,7.282,1007.984,9.621,4.9384,42.3941,86.549119,0.3141,56.26,9.98,4,True,clear,morning,above
f56c1371-be11-4e80-91dc-bd261144755f,60.0,1006.523,1.7441,0.144138,-14.476,1004.779,36.4583,3.0078,32.5397,128.0251,0.8207,63.6,11.18,0,True,rain,evening,underground
e2735025-1ffa-44d8-ac55-6fd7c8b56316,60.0,990.722,-1.3036,0.439061,10.82,992.026,40.0499,13.2296,44.8032,107.683245,0.4573,25.82,6.76,0,True,overcast,morning,above
028d9c46-2013-4a60-a102-e248f7626ab0,60.0,1005.146,0.0992,0.672479,-0.823,1005.047,18.1651,14.6955,78.1243,76.606369,0.6919,67.97,12.74,0,True,overcast,afternoon,underground
180c7d40-76f9-4ef7-a674-230189d1a2a8,60.0,993.4,-0.5516,0.432636,4.578,993.952,-8.0796,-27.5987,45.3231,69.502637,0.4672,52.65,7.18,1,True,clear,evening,above
f373d660-19e3-4acd-8989-c095e56462a4,60.0,1010.798,0.0326,0.176913,-0.27,1010.766,22.2163,-21.4274,43.1555,31.630317,0.6094,71.04,10.97,0,True,overcast,morning,underground
66349b22-d692-44b2-a36a-2429d350ea7e,60.0,1001.36,0.3968,0.049556,-3.294,1000.963,1.3911,-9.573,40.3259,59.058827,0.3358,3.97,3.25,6,False,rain,night,street_level
b24e5fad-ba3b-4863-8c98-e9c507762a41,60.0,1004.8,0.2899,0.66685,-2.406,1004.51,23.864,18.3829,26.7442,16.522147,0.6708,61.27,10.88,0,True,overcast,morning,underground
84482199-e3a6-4e29-b984-945dbdcd6b57,60.0,1010.187,-0.1724,0.173831,1.431,1010.36,21.6262,-39.0911,53.3502,88.114794,0.7897,3.18,3.25,1,False,overcast,night,underground
1540fe5d-3bff-4905-9022-a966053e85a6,60.0,1000.787,0.1146,0.129942,-0.951,1000.672,16.0504,-12.3554,21.8476,35.667887,0.0,37.37,2.72,3,True,clear,evening,street_level
c9fb2e62-3006-4762-928d-42c042437831,60.0,1006.229,-0.7302,0.319754,6.061,1006.96,39.1786,6.245,23.8543,63.472562,0.4628,51.25,11.92,1,True,clear,morning,above
e2c33847-c78b-4dd4-8d26-e36d16ad8336,60.0,1011.743,-0.3844,0.067473,3.19,1012.127,-0.5584,-8.6765,54.6086,41.035397,0.3925,15.49,12.09,0,True,rain,evening,street_level
888c2452-3cb6-4fc1-991c-1040d2767a6f,60.0,1005.763,0.5424,0.132429,-4.502,1005.221,-4.6207,-9.8166,22.05,123.993482,0.3277,50.47,8.09,0,True,overcast,evening,underground
9193de1d-4bfe-4cc7-b0ec-ab3233772ed3,60.0,1012.795,0.3491,0.394273,-2.898,1012.446,39.2666,5.6577,39.6798,83.018903,0.6344,45.5,9.37,0,True,overcast,night,underground
c6745a97-1165-45fd-8e07-685172cb082c,60.0,1001.546,-0.0159,0.2336,0.132,1001.562,29.6345,-35.4138,55.0991,51.505367,0.1807,7.16,2.75,14,False,overcast,morning,street_level
cb2edfdd-f57d-4c8a-b577-270db40ca750,60.0,996.51,-0.8399,0.33768,6.971,997.35,31.5986,-12.3676,44.6244,99.744103,0.3137,29.95,8.17,4,True,overcast,afternoon,above
4b4b36ef-032b-4b1e-bb9c-85c766f26496,60.0,1016.663,0.0574,0.417885,-0.476,1016.606,8.4893,-11.1666,33.1584,94.179453,0.7988,10.26,3.23,17,False,rain,afternoon,underground
d3773e67-3993-45e4-8d5b-4e7e2c4ef1d7,60.0,1015.934,0.8717,0.539023,-7.235,1015.063,15.2738,-13.6215,62.0017,47.044916,0.8282,7.6,5.4,13,False,rain,night,underground
829cc6f5-9e62-4ba1-8b86-9aeed907958c,60.0,1012.509,0.3277,0.288905,-2.72,1012.181,11.7392,-19.2455,44.2833,61.330711,0.5828,26.81,3.81,9,False,rain,morning,underground
889c8ce6-8159-43db-a86c-77efa117d625,60.0,1016.327,0.4952,0.516106,-4.11,1015.832,12.0658,4.3596,38.4086,121.844467,0.5427,29.01,5.43,17,False,rain,evening,underground
2aaea143-409f-4438-8ac3-a1b8c1d7bf35,60.0,1003.622,-0.3181,0.303041,2.64,1003.94,-0.3726,-16.649,35.6714,52.078828,0.8048,16.96,2.11,19,False,rain,evening,above
f637d441-ac0d-4987-a604-593a8bd08efd,60.0,1012.103,-0.1402,0.058506,1.164,1012.243,4.4829,-11.7313,16.2459,11.111651,0.4659,19.79,2.94,3,False,overcast,night,street_level
56148ef9-f6e3-47b6-8389-e0ebc187c58f,60.0,1005.395,-0.0562,0.033766,0.466,1005.451,-2.4877,3.4754,56.8717,24.800007,0.3972,87.92,1.82,0,True,clear,morning,street_level
b8cf507d-32e7-4e33-b0d1-93afe3b00cda,60.0,1013.14,-0.1914,0.061763,1.589,1013.332,22.1173,21.481,19.2189,12.686816,0.372,51.29,5.29,3,True,rain,morning,street_level
52eb8ee3-f8fd-4c45-88d3-89e2424d3a1d,60.0,1017.06,-0.2703,0.320377,2.243,1017.33,19.4553,-10.0332,63.5201,96.42757,0.7342,3.67,2.44,20,False,overcast,evening,above
f483fa6e-a0f9-421a-8d04-54fa8950ead7,60.0,998.175,-0.3715,0.043906,3.083,998.546,27.5641,-2.1783,60.0545,-5.006926,0.5781,14.64,0.78,10,False,overcast,morning,street_level
10b7112b-8a7b-4947-8951-9ef5f433423a,60.0,1016.522,-0.6634,0.581909,5.506,1017.185,42.1382,-2.6283,36.5638,19.906238,0.7329,11.82,1.32,8,False,overcast,evening,above
ec6d1857-4187-4e15-b1d7-a1a2cc7515de,60.0,998.381,-0.6056,0.57151,5.026,998.986,13.0014,-19.4301,0.728,51.235323,0.7774,32.78,12.75,4,True,clear,night,above
9ed4e625-f396-4aca-bcb7-1ab4fad88a35,60.0,1001.186,0.649,0.216876,-5.387,1000.537,8.2723,-16.5955,31.0687,82.633429,0.8056,79.13,7.81,0,True,overcast,night,underground
6cbcc9cc-5a4e-418e-921a-80f58af23532,60.0,1015.263,-0.9484,0.267504,7.872,1016.212,-5.2282,-0.142,37.911,52.00563,0.3387,62.11,6.05,3,True,clear,evening,above
d8c17978-d830-4586-adcd-119fb3a66701,60.0,1000.29,-0.2731,0.252707,2.267,1000.563,24.4741,-27.0363,24.4819,56.833036,0.5642,1.0,2.99,24,False,rain,evening,above
7dae93b7-d3ce-49c4-a375-7e5f779521f4,60.0,1010.941,0.4055,0.723347,-3.365,1010.535,-1.1047,-3.966,59.8149,-11.916551,0.7262,59.06,17.99,2,True,overcast,afternoon,street_level
d3bbbf5b-0e31-40bf-a390-80987958ccb1,60.0,993.073,0.3594,0.098076,-2.983,992.714,29.8896,1.9752,42.6336,79.917967,0.8546,10.11,4.31,0,True,overcast,night,street_level
53dcd658-9f02-46e3-8fba-266b2c5d74fe,60.0,1012.111,-0.2273,0.785772,1.886,1012.338,33.2343,-21.4238,35.4098,33.52276,0.2912,20.54,13.7,6,True,clear,evening,street_level
38bd0423-ee97-40e2-825e-f4b886cffa22,60.0,991.724,-0.2257,0.311223,1.873,991.95,24.2458,-15.0897,39.3799,56.296065,0.6313,39.47,11.02,4,True,rain,morning,above
2832ba14-69e0-44f4-b8ff-0029b45a0ec9,60.0,992.588,0.5012,0.213617,-4.16,992.086,28.27,3.1768,24.7844,84.473216,0.792,55.55,12.2,0,True,overcast,afternoon,underground
43dc60e0-f082-4b9b-b594-a1ec1e5f1ec8,60.0,996.551,0.5355,0.386052,-4.445,996.016,37.3525,-4.039,28.7882,31.152675,1.0,21.91,5.16,7,False,overcast,morning,underground
71b9fd0d-36f7-43c4-a926-095155895905,60.0,995.305,-0.4653,0.551549,3.862,995.77,40.1915,-12.8996,62.0738,62.296525,0.928,55.28,12.51,1,True,overcast,evening,above
dd060a56-1af4-408b-b1cc-664c051c35b6,60.0,1015.681,-0.6664,0.125021,5.531,1016.347,12.3376,5.6381,46.9474,23.004953,0.1037,17.83,2.89,11,False,clear,evening,street_level
fc18fdec-1cad-4766-8309-520f864055f9,60.0,991.055,-0.3247,0.240965,2.695,991.38,12.4513,5.7127,-2.7942,48.702249,0.6612,11.87,1.59,12,False,rain,evening,above
5375c0ee-32bc-4918-be0f-e2e16fd53d2b,60.0,1012.006,0.6245,0.193799,-5.183,1011.381,10.8826,-36.4808,66.1141,19.143779,0.4516,23.19,15.98,0,True,clear,afternoon,underground
2ca87846-86a3-48fd-aac3-d149cc64a17c,60.0,1004.293,-0.1252,0.046112,1.039,1004.418,44.6807,6.8952,37.6387,12.854127,0.5563,19.34,3.03,15,False,overcast,night,street_level
4aaf384f-e638-4237-aa88-698a16895615,60.0,1016.906,0.1148,0.085374,-0.953,1016.791,-10.7427,-4.397,61.8315,25.915429,0.0133,14.92,1.94,8,False,clear,morning,street_level
28378157-a42b-4002-9304-0ed98b5d54d9,60.0,1009.632,-1.6677,0.221046,13.842,1011.3,22.0258,-14.7162,16.0665,38.198531,0.2713,39.48,6.64,1,True,overcast,afternoon,street_level
3d318e32-7927-4319-b461-6112af88be69,60.0,990.866,0.246,0.492414,-2.042,990.62,14.8328,-21.2412,45.0665,38.945523,0.635,82.12,12.6,0,True,rain,night,underground
18633449-1a6e-4eb1-b9ba-cbf5ee0b7e97,60.0,1009.658,0.2028,0.329188,-1.683,1009.455,-3.8303,-38.1096,42.7662,67.217029,0.7598,54.46,13.45,0,True,clear,evening,underground
264a5b92-436d-413b-bbd6-096b41c1a963,60.0,990.649,0.2212,0.623953,-1.836,990.427,31.6541,-9.5429,26.5412,57.50966,0.7494,67.38,12.37,0,True,overcast,evening,underground
1af08f3e-a8a8-457f-ae71-f79f7644fc7a,60.0,995.687,-0.7969,0.569289,6.615,996.484,9.5728,-2.9028,29.4563,65.40312,0.6858,7.42,1.07,6,False,overcast,morning,above
11af0665-7cdf-4790-bdd7-6975e6de2073,60.0,990.396,0.3849,0.189144,-3.194,990.011,37.7874,-27.3943,36.1682,39.95589,0.8382,43.39,11.2,2,True,clear,afternoon,street_level
9b0d78a7-c62c-47d4-a394-a8f02a96aa36,60.0,1000.719,-1.22,0.440023,10.126,1001.939,41.8948,-22.4577,33.9688,83.257095,0.7103,10.2,1.66,14,False,clear,morning,above
4609974b-0ebe-4c69-8501-892222203cf3,60.0,1015.96,1.1078,0.582557,-9.195,1014.852,16.6479,-25.6725,66.7588,43.40016,1.0,50.02,15.59,0,True,rain,night,underground
8a0878c6-6a3a-4e3d-b730-ee03341d68da,60.0,1002.381,1.0233,0.596928,-8.494,1001.357,33.7962,-20.7021,17.4008,90.292639,0.7664,76.49,12.25,0,True,overcast,night,underground
419c672a-f607-4568-815b-5f072331329b,60.0,1000.946,0.0882,0.506567,-0.732,1000.857,25.4864,-39.1235,4.2264,57.816066,0.4949,26.94,2.47,6,False,rain,afternoon,underground
fdff318d-15c9-493d-a433-1fdcebeb5b59,60.0,1013.544,-0.9156,0.104769,7.6,1014.46,26.2042,22.0338,44.2305,85.493493,0.6011,49.46,13.17,0,True,clear,evening,above
cdfbeb51-f97b-4dee-99c1-ceffc1566665,60.0,1001.998,0.2842,0.344812,-2.359,1001.714,14.4733,-9.8405,19.96,42.578123,0.8644,55.69,14.98,0,True,clear,evening,underground
0ede8a18-c164-4918-97a1-1a27f572b487,60.0,1012.445,-1.311,0.241731,10.881,1013.756,28.295,23.7416,26.3858,92.954575,0.9497,1.89,1.3,16,False,overcast,night,above
c702650e-35a9-4077-8a23-f73e8087e6d2,60.0,1006.609,-0.3101,0.368096,2.574,1006.919,11.2157,-31.3618,33.154,13.15235,0.2097,11.3,1.52,11,False,overcast,evening,above
db27f363-1813-4dbb-bda8-9f151878da19,60.0,1005.801,-0.547,0.038495,4.54,1006.348,47.5084,-23.0188,48.3571,44.765465,0.8005,11.98,1.18,21,False,clear,night,street_level
d96847d1-1cae-4d3f-9d4b-ee89e012742f,60.0,996.58,-0.4821,0.262752,4.001,997.062,2.3503,3.9214,13.4428,76.057922,0.4623,4.24,2.11,15,False,clear,morning,above
008559cf-ee2f-45f2-8b8b-bf6c5495d294,60.0,998.645,-0.1931,0.371015,1.603,998.838,21.906,-17.7042,54.2914,61.618326,0.6311,5.66,5.69,15,False,rain,afternoon,street_level
c6eb67f1-df7d-4563-a858-39a18a9c59eb,60.0,996.303,-0.3403,0.080451,2.825,996.643,23.8513,-10.1727,55.4599,75.505597,0.6864,28.48,15.39,6,True,rain,evening,street_level
440c0bac-a54f-4432-8dc9-1f2548c8dec8,60.0,998.954,0.1828,0.534653,-1.517,998.771,32.6809,-42.9687,26.7616,36.251859,0.609,9.67,2.89,4,False,clear,morning,underground
189d7efc-7694-427c-bdcb-d8733afabdd5,60.0,1017.465,-0.0334,0.459618,0.278,1017.498,26.7474,-20.6133,31.9181,29.981571,0.3184,28.11,11.06,3,False,overcast,night,underground
1d339153-ad63-495c-b1d7-1c8be1e988e9,60.0,1017.57,0.7504,0.20742,-6.229,1016.819,5.302,-17.9232,29.345,39.202113,0.5165,56.44,10.38,2,True,clear,night,street_level
be7701b8-db69-4026-90bd-3ad5b5907408,60.0,996.983,-0.3878,0.586846,3.219,997.371,32.0952,1.9521,68.5753,83.333706,0.469,31.48,7.98,1,True,overcast,afternoon,above
c490a7ff-adc3-4e39-87f6-b12a5ec308bd,60.0,1002.444,-0.7656,0.547906,6.354,1003.209,20.2937,13.8351,37.8861,52.593062,1.0,4.83,1.73,9,False,overcast,evening,above
f1cecf32-3c25-4749-b8e2-5c028a31cda9,60.0,997.267,0.0352,0.12779,-0.292,997.231,34.4046,-36.9129,56.2472,21.246458,0.4047,8.57,3.45,18,False,rain,morning,street_level
880a9cbf-57b6-44b3-bc6e-6d8bfe343e8c,60.0,1006.488,0.3303,0.143409,-2.742,1006.157,1.2259,13.9686,30.2893,60.805387,0.8405,39.62,7.18,0,True,clear,night,underground
bc862efe-3188-4eee-ae9e-d6d5aee37fd0,60.0,1004.742,0.4195,0.016882,-3.482,1004.323,18.8376,-10.8765,52.396,18.553361,0.6767,13.56,2.81,9,False,rain,night,street_level
0d2f13c0-8058-46fb-a8fd-8d9f283b7918,60.0,990.725,-0.0871,0.132245,0.723,990.812,35.0335,13.4038,10.726,112.800137,0.941,16.75,2.02,15,False,rain,night,above
8f2db582-894c-43de-bdd3-78892add6621,60.0,1008.352,0.1779,0.102616,-1.477,1008.174,19.0816,4.9294,31.3267,63.077766,0.5657,22.11,1.24,6,False,clear,night,underground
38098f23-6a6b-48a9-81e5-ca8b8e302414,60.0,1011.064,1.7523,0.124748,-14.544,1009.312,16.4941,0.6119,51.654,41.619402,0.4989,60.7,0.89,4,True,rain,afternoon,street_level
50c8a989-4c30-413a-96cb-ef1de89d7468,60.0,1006.597,-0.3908,0.593207,3.243,1006.988,7.191,9.3569,40.828,86.820427,0.833,40.36,10.01,1,True,rain,evening,above
bc0b1691-d262-4b7d-9b3a-a7e5d846b8d1,60.0,1006.421,3.9955,0.511411,-33.163,1002.426,12.3918,5.6939,64.0332,29.657091,0.1618,11.55,2.38,8,False,rain,morning,street_level
59bd23e5-4386-48d2-a323-02ed607123b9,60.0,1007.597,-0.4222,0.064609,3.504,1008.019,11.6734,-9.8175,38.6069,22.008344,0.6307,15.69,-0.28,15,False,rain,night,street_level
28700787-6b1b-4b90-9bda-71a339ed61d0,60.0,998.444,-1.0535,0.526586,8.744,999.498,30.3043,13.0409,48.9631,68.574766,0.2185,40.94,8.93,5,True,clear,night,above
61a74e39-f532-4cef-8eb9-8762fb2f6391,60.0,1005.985,-0.0122,0.432594,0.101,1005.998,40.9452,-13.8998,40.4264,100.145461,0.5126,83.53,9.68,1,True,overcast,evening,underground
ca5f2823-f6ed-42fd-93bf-e6ff99366930,60.0,1009.555,0.0525,0.092277,-0.436,1009.502,32.9793,-17.1531,65.1567,32.095124,0.1676,13.1,-0.83,12,False,rain,afternoon,street_level
6d5ab9a5-3b5b-4555-b9ab-1cc3fe9f8292,60.0,1007.243,-0.3975,0.079738,3.3,1007.641,36.3118,-7.3713,11.0256,11.83774,0.0779,19.84,11.52,2,True,overcast,morning,street_level
204fbd3b-4f13-49f4-8ece-4b7231710f1b,60.0,999.864,-0.8304,0.274115,6.893,1000.695,24.7647,-2.8894,50.441,42.403611,0.999,42.43,12.12,0,True,overcast,afternoon,above
e5481290-2487-44ee-aa99-cb24a719d8dd,60.0,996.286,0.3575,0.373676,-2.967,995.928,39.648,-11.1152,37.2317,67.902453,0.6233,60.46,13.87,0,True,rain,afternoon,underground
a0656486-1be2-489e-a983-e28c4aeddf53,60.0,1004.967,-1.1486,0.741874,9.533,1006.115,20.0806,-17.041,62.9746,17.08009,0.9059,1.0,1.64,9,False,clear,afternoon,street_level
3d9fe40a-a992-4d76-8ed6-1db9cf27a8c7,60.0,1005.585,1.1044,0.533567,-9.166,1004.48,13.954,-5.9164,39.1409,54.900503,0.4797,83.35,9.67,0,True,clear,afternoon,underground
be41d5fa-7962-4f7b-b85a-b0262cd3ba47,60.0,995.749,-0.5752,0.451082,4.774,996.325,29.0547,10.6192,45.3952,92.130557,0.6596,7.58,1.75,13,False,clear,morning,above
b971bdf8-4b25-408b-8fc4-3a7eec4ee409,60.0,999.598,0.517,0.158533,-4.291,999.081,13.3489,26.397,31.3811,35.946594,0.2207,32.06,4.61,2,False,overcast,night,street_level
3a6367d0-180b-4762-a0b3-4979a4b837d2,60.0,1018.959,1.3515,0.33577,-11.218,1017.608,7.3422,-36.1551,42.3523,67.744821,0.7989,62.79,12.2,0,True,overcast,night,underground
d7f25311-de50-4fdb-ae9a-8bb58e914040,60.0,1011.384,-0.3609,0.408677,2.996,1011.745,43.328,-26.718,13.9119,32.726445,0.5483,10.07,2.56,11,False,overcast,evening,above
8bdc8066-7334-45b3-8453-b1686d4405a3,60.0,1001.824,0.3662,0.348038,-3.039,1001.458,45.3132,-6.3233,50.9019,63.565063,0.6373,10.8,2.66,9,False,rain,afternoon,above
b635b875-1997-42d8-814d-c7e6ad044a6c,60.0,1012.703,1.1661,0.203317,-9.678,1011.537,9.5783,-5.6218,60.6641,46.672348,0.5006,16.12,3.29,5,False,clear,night,underground
22279023-4ccb-4d0b-94cc-7e13cb955d17,60.0,989.707,-0.4543,0.521258,3.771,990.162,29.7332,-18.766,76.7855,94.199344,0.8872,25.19,7.64,7,False,overcast,evening,underground
e6fd4d73-3b4c-4f63-9cfe-1ddc4339fbef,60.0,1017.03,0.9105,0.449811,-7.557,1016.12,56.3929,-2.795,35.7861,66.321512,0.5687,22.33,-0.01,11,False,overcast,morning,underground
208fd67d-b170-4445-874b-6a52d29daeb5,60.0,1016.194,0.2279,0.385565,-1.892,1015.966,4.1525,6.1283,55.7091,112.164903,0.634,37.67,3.92,12,False,overcast,morning,underground
d467371a-e317-4928-8b03-e3c0cc752432,60.0,1004.499,0.7086,0.284593,-5.882,1003.791,8.4659,-2.5675,31.0509,73.056075,0.6162,28.29,2.51,3,False,rain,night,underground
0f5462b0-8c5c-4ce2-9938-84a842e038b6,60.0,993.091,-0.5405,0.09866,4.486,993.632,-9.1979,-26.7689,63.088,24.371799,0.4719,35.99,4.98,3,True,clear,evening,street_level
24855109-89d2-48ab-a1f5-6d1622351494,60.0,1010.143,-0.002,0.147873,0.016,1010.145,38.2322,-9.0109,17.0902,85.88323,0.6765,74.05,16.41,0,True,clear,morning,underground
7a57f506-b080-409d-abbf-f89577a699af,60.0,1004.685,-0.6823,0.537859,5.664,1005.368,20.5229,-16.1852,30.9805,58.214873,0.534,63.16,8.96,5,True,overcast,night,above
3a8b7aad-d19b-42ee-aace-0549e7db08b4,60.0,1010.293,-0.1966,0.524994,1.632,1010.49,32.961,-5.408,36.5341,91.567623,0.2874,12.97,6.36,13,False,overcast,morning,underground
eb2e244d-e651-48ca-8615-6f50316231b2,60.0,1008.045,0.7905,0.224815,-6.561,1007.254,42.477,-1.5664,21.6465,96.489139,0.5889,53.26,16.57,0,True,overcast,afternoon,underground
83f0e8c6-7ede-4109-a941-cc23ae29a755,60.0,1017.735,0.4065,0.606057,-3.374,1017.328,24.7119,-14.7412,44.7151,79.361031,0.8802,53.75,9.61,0,True,overcast,night,underground
208e634a-341b-4d42-8df3-f3ac629a6091,60.0,1013.639,-0.283,0.196997,2.349,1013.922,40.4829,-19.4521,48.6106,66.101564,0.1911,65.83,9.36,2,True,clear,morning,above
5d9cf24c-be46-4af2-a610-3df4de8d3883,60.0,992.461,1.0594,0.278788,-8.793,991.402,21.039,-21.5618,61.5161,23.124815,0.936,54.48,6.88,0,True,clear,evening,underground
e3c0cde2-3377-4037-8235-afba55175817,60.0,989.966,-0.261,0.443464,2.166,990.227,12.5941,-31.0792,42.4357,77.840876,0.2084,5.67,1.48,8,False,clear,afternoon,above
2867dd50-9d27-4fd1-884b-4494221d5ed0,60.0,1004.12,-0.1157,0.025455,0.96,1004.235,31.8231,-36.7094,62.541,27.387657,0.2913,80.3,19.17,3,True,clear,night,street_level
cbc667e8-dc63-467c-b184-dec82b556fcb,60.0,1017.402,0.8282,0.5972,-6.874,1016.574,5.8142,-22.3174,48.0628,58.54937,0.7951,39.56,8.83,1,True,overcast,afternoon,underground
ca5ca035-7181-480d-8dc7-1f67068322d0,60.0,992.964,0.038,0.682344,-0.315,992.926,14.4914,-16.3204,49.3202,45.827962,0.9363,39.11,2.28,6,False,rain,evening,underground
1ea88124-480c-4b36-af0f-8da6ba48ff9a,60.0,1000.997,0.3516,0.11181,-2.918,1000.645,-12.457,0.5729,45.2286,67.616473,1.0,60.53,14.68,0,True,rain,evening,underground
d40044c0-c44e-4afe-812d-c9cea377cb94,60.0,995.102,-0.6932,0.407092,5.753,995.796,3.9042,-16.3223,-8.2409,65.562824,0.0806,9.38,1.63,15,False,overcast,morning,above
262cc6a0-7f16-4c54-a491-451ce46c9624,60.0,1000.908,-1.0673,0.288984,8.859,1001.975,1.7107,-22.0279,40.9163,43.234474,0.6308,22.03,10.97,2,True,overcast,evening,above
b70926ba-1837-4ebe-891c-0f15a3a427bd,60.0,1009.467,-0.0829,0.110845,0.688,1009.55,8.1384,5.2391,33.9493,0.658774,0.2136,13.41,2.68,11,False,rain,morning,street_level
cdce370b-1e9a-42fe-9386-900db1c5fdb2,60.0,1001.618,-0.0972,0.396578,0.806,1001.715,15.3359,-0.8518,39.4011,51.77504,0.3811,38.53,3.7,0,True,overcast,night,above
c65b6580-541f-46a8-8176-861305558561,60.0,994.167,0.928,0.402853,-7.702,993.239,29.5594,7.312,17.1157,88.498601,1.0,64.17,10.6,0,True,rain,afternoon,underground
41d97d60-5eb3-473a-b454-144c6db9040c,60.0,1015.594,0.6461,0.136903,-5.363,1014.948,-5.8162,-15.3761,21.625,66.492924,0.595,27.72,5.75,9,False,clear,afternoon,underground
4c509996-a990-4e5c-847a-df9e6c26251e,60.0,1000.397,0.4394,0.338133,-3.647,999.957,19.185,-19.163,47.5881,51.629728,0.4202,35.73,9.79,0,True,rain,night,underground
a6145d4f-bb70-4b46-9ead-fd3502348eba,60.0,991.541,0.3118,0.079091,-2.588,991.229,29.1192,-21.3325,38.4702,76.707816,0.8172,52.93,8.68,1,True,overcast,morning,street_level
3b2e2375-92aa-4a0e-8c51-b0737b4548d0,60.0,1001.211,0.3001,0.623323,-2.491,1000.91,34.378,-10.6601,34.8923,66.778066,0.5982,11.59,4.63,3,False,overcast,night,underground
6d50ed28-d127-4b02-93c1-d461d07e3865,60.0,989.557,-1.0489,0.288194,8.706,990.606,6.4132,-17.4146,30.0006,92.435746,0.8174,22.19,2.83,11,False,rain,afternoon,above
a16e2e61-33b6-4352-8a78-cb2b1f463948,60.0,996.448,0.1508,0.420838,-1.251,996.297,5.4642,-13.4993,62.136,71.167219,0.9748,32.09,6.78,3,True,overcast,morning,above
42fe1189-2e72-4a56-8e27-e6fec648f2d7,60.0,1008.398,-1.1477,0.574027,9.526,1009.546,39.4587,-36.4814,33.8984,65.329507,0.4578,10.5,-0.07,14,False,overcast,night,above
55c8f3ff-e6c4-4d8a-8296-d3e295065c52,60.0,997.701,-0.644,0.296676,5.346,998.345,45.0794,-1.4345,49.429,58.940585,0.9373,22.16,9.74,2,True,rain,morning,above
b1ecd6b4-3da2-4d60-a7d3-34f3f6c98315,60.0,996.328,0.3083,0.101579,-2.559,996.02,8.8627,-13.2181,-14.0163,18.730004,0.5635,66.69,11.13,0,True,rain,afternoon,underground
3078f212-9d93-403b-87ae-eb1748d8cdd3,60.0,995.8,-0.2222,0.117812,1.844,996.022,44.7912,0.5595,52.1323,39.915273,0.7707,33.78,5.89,2,True,rain,night,street_level
915fb8db-553a-4734-b905-a7255a1a5041,60.0,1004.971,-1.9586,0.074733,16.257,1006.929,15.5046,13.6381,39.283,8.028916,0.7662,6.74,3.49,8,False,clear,afternoon,street_level
b5501d3b-e4ba-486e-853e-54dcff9702ae,60.0,995.908,-0.2982,0.037637,2.475,996.206,12.4198,10.431,34.5332,21.289961,0.6,16.4,1.01,6,False,clear,evening,street_level
177c6cd2-0d09-4500-b660-4b0d05696ea6,60.0,1003.059,0.0436,0.511551,-0.362,1003.016,20.0269,-8.2344,14.9236,97.268137,0.241,24.34,2.37,9,False,overcast,morning,street_level
0abd11c2-225e-4a0f-b363-8d3f27ff910f,60.0,988.742,-1.6771,0.422673,13.92,990.419,7.8516,11.2855,44.4003,82.735275,0.6149,35.53,10.5,2,True,rain,afternoon,above
3b683122-6d25-4c05-963e-9d6bb8e4d3dc,60.0,1010.056,-0.6302,0.488651,5.231,1010.687,0.5284,9.7134,50.699,66.351292,0.6814,30.66,14.79,0,True,rain,afternoon,above
f4991d9c-aa5b-4fb4-bd16-fdd32d1aac37,60.0,1008.71,-0.2885,0.076599,2.395,1008.998,24.4512,-19.5519,45.2216,35.407352,0.85,18.57,0.63,13,False,clear,afternoon,street_level
5ed642ac-bc3b-4a77-8aff-35d116354b47,60.0,1000.721,-0.6696,0.422976,5.558,1001.391,30.3258,-7.0935,37.1266,91.825525,0.7047,32.65,8.91,0,True,rain,morning,above
ae4c745e-03ef-439f-8c9c-e9077fe508c9,60.0,1004.857,0.2521,0.271636,-2.092,1004.605,11.6707,-3.5806,65.8461,26.935998,0.7245,10.04,4.38,7,False,rain,afternoon,underground
413a74e4-1797-4b74-be5b-cda2991b5060,60.0,1002.147,0.3063,0.504035,-2.542,1001.841,33.9631,-5.6042,31.9304,72.939716,0.7303,28.48,2.03,11,False,overcast,evening,underground
bbd20a1a-33bf-4920-bc94-afb8b771d88b,60.0,1008.098,-0.9366,0.558674,7.774,1009.035,12.5024,-5.8038,54.7913,92.149572,0.5646,5.0,4.19,7,False,rain,afternoon,above
1ea16745-fe78-4ce4-86f3-3c6f7cbec85b,60.0,1005.635,-1.5592,0.517615,12.941,1007.195,25.5625,-28.9582,54.5204,59.507599,0.57,9.66,1.02,17,False,clear,evening,above
48440034-da08-4991-af9b-f5fa6487f292,60.0,997.496,0.398,0.407457,-3.304,997.098,32.1539,-27.3318,50.8762,44.265933,1.0,13.41,1.96,11,False,clear,evening,underground
a12f5f25-246d-4f92-8048-e74597681d5d,60.0,1006.119,-0.3475,0.382728,2.885,1006.466,16.4187,9.2837,39.1441,50.188364,0.7318,36.27,10.0,0,True,overcast,night,above
7e891b55-9e67-4a57-88da-133c699e0cbb,60.0,1017.306,0.6886,0.645894,-5.716,1016.617,-10.1431,-12.8205,42.3949,74.165947,0.912,15.92,6.64,6,False,rain,night,underground
1e9df4c2-4557-4b2b-8d2d-6011e3df51ac,60.0,1013.117,-0.8976,0.188077,7.45,1014.014,24.4966,-5.425,42.4493,51.891285,1.0,16.28,2.69,15,False,overcast,night,above
81c817ca-10ec-4a2e-9cbe-b24d1490ecf7,60.0,999.267,-0.0473,0.230095,0.393,999.314,37.5665,-28.8485,59.338,27.530807,0.3332,31.22,9.87,5,True,clear,afternoon,street_level
00a0bd84-f400-482b-94a9-1a83170476cd,60.0,1014.919,-0.1031,0.184462,0.856,1015.022,18.655,0.3538,2.5644,77.84308,0.4031,33.31,13.78,0,True,clear,night,underground
8677cdd7-8773-4229-8a9d-b1a93e60817f,60.0,1004.172,0.8124,0.254895,-6.743,1003.36,32.0836,4.6374,40.1329,72.21516,0.6015,22.12,2.12,12,False,overcast,morning,underground
6b371f7e-14a4-4577-b5c2-ba38ec7d6b8b,60.0,1015.106,-1.1114,0.237068,9.224,1016.218,52.3868,-8.6303,34.2932,58.240715,0.3026,16.76,4.1,13,False,overcast,morning,above
2a611635-a5ab-4715-81a8-f92d9ede75f2,60.0,1010.234,0.1811,0.19685,-1.503,1010.053,32.0837,-7.2479,40.672,95.756242,0.624,86.78,6.72,0,True,clear,afternoon,underground
f86e4253-c67c-4a17-b386-8b4eb6ee4865,60.0,999.555,0.0974,0.291771,-0.808,999.457,7.3884,-6.6905,34.7187,56.928685,0.5534,17.27,7.78,8,False,rain,afternoon,underground
a99b9586-d8a5-488d-a1f1-85fa3f0c8198,60.0,991.01,0.4356,0.592676,-3.616,990.574,19.2785,3.0267,68.9172,100.230766,0.6951,72.21,8.04,0,True,clear,afternoon,underground
89e68c15-f799-4e09-8ca9-554b18749fdd,60.0,1006.108,0.6121,0.474953,-5.081,1005.496,26.4653,-11.7034,39.1622,86.950498,0.8336,53.74,15.09,0,True,rain,morning,underground
720773bf-1a3c-4562-81d2-c9f4b1ddb1a5,60.0,1012.136,-0.1405,0.60035,1.166,1012.276,4.8781,-10.3858,7.5761,123.024839,0.8956,75.1,11.41,0,True,clear,night,underground
1b0496c2-7ff2-42bd-90ed-f016995cb573,60.0,1002.169,-0.6448,0.192166,5.351,1002.814,10.7697,12.2669,20.2784,113.140653,0.3742,58.71,11.9,0,True,rain,afternoon,above
59d2a8ec-1091-4133-9d3c-36a679c8b0ae,60.0,1004.418,0.5641,0.111142,-4.682,1003.854,9.3994,-29.3968,41.2581,63.489512,0.7741,79.06,14.37,0,True,clear,evening,underground
0a835332-12d7-4705-8c57-662570509ac5,60.0,997.701,-0.851,0.641414,7.063,998.552,22.2471,-1.7676,59.0874,52.371434,0.4136,5.77,1.48,16,False,clear,evening,street_level
5d54f023-0e86-49c8-b323-9d2c5dd39a93,60.0,998.707,-0.1142,0.111513,0.947,998.822,22.3105,-11.2405,57.0429,52.154539,0.6198,7.05,0.81,1,False,overcast,evening,street_level
1a326340-a23e-4b16-ad30-77566802fee8,60.0,1013.241,0.8532,0.673562,-7.082,1012.388,17.7896,-9.5286,37.3812,6.237248,0.5705,2.86,0.66,15,False,clear,morning,street_level
2a4cfd02-a6d8-4bd8-bcce-48d40bf7465b,60.0,1005.653,1.6136,0.593853,-13.393,1004.039,-9.7125,-10.5749,52.2815,69.077776,0.5831,13.19,0.25,3,False,rain,afternoon,underground
dae4cfeb-3d93-469f-a557-3a2900294b0d,60.0,1006.914,-0.5508,0.287366,4.572,1007.465,20.1582,7.1038,22.2965,42.778508,0.6101,4.93,2.34,13,False,rain,night,above
5d1f0a0b-6868-4276-945f-042d9f34fb83,60.0,1002.135,-1.4182,0.510314,11.771,1003.553,28.7753,-5.7821,67.4884,86.975354,0.4134,42.27,9.7,1,True,clear,morning,above
f08e30d7-7d79-4c5a-a8ac-f79dcb5b01f0,60.0,1002.021,-1.3598,0.464631,11.286,1003.381,30.2333,-22.4047,42.4134,31.098547,0.2798,11.59,-0.37,13,False,rain,afternoon,street_level
931bae35-ca13-42c9-90c9-358db204b4cc,60.0,1008.685,-0.7464,0.362787,6.195,1009.432,19.6695,-36.522,84.8922,16.73551,0.561,10.87,3.32,15,False,overcast,night,street_level
dead4b8b-ad9a-4dbd-94f5-ab03c87aee41,60.0,1006.157,-0.0357,0.070971,0.297,1006.193,13.4515,8.9493,15.0424,33.697387,0.8792,62.52,9.23,5,True,rain,afternoon,street_level
4dd69d10-9dee-442d-8faa-3ab072b5a5b8,60.0,1007.818,0.8413,0.698508,-6.983,1006.977,34.1987,-0.9392,33.8496,36.799479,0.6946,71.15,13.9,0,True,clear,morning,underground
335fda59-832c-440e-81fd-0c82274b6250,60.0,1014.917,-0.099,0.131565,0.822,1015.016,45.2914,-9.4081,73.12,26.615492,0.7995,6.89,2.1,12,False,rain,night,street_level
4df3642c-f635-40c0-99a6-80d8372248ac,60.0,1002.487,-1.2833,0.19675,10.651,1003.771,29.6231,-21.8055,25.326,17.903177,0.2866,3.38,2.51,15,False,clear,night,street_level
bbcbcc1c-97a2-477b-8ace-d26d49f442f5,60.0,1015.816,-0.4476,0.379651,3.715,1016.264,26.7415,3.8154,32.8042,59.481781,0.3168,1.74,2.97,16,False,overcast,morning,above
197bf0e1-a856-450d-8f19-fa8c7505f608,60.0,991.923,-0.9773,0.335969,8.111,992.9,11.3152,5.8415,51.8244,58.835724,0.8338,10.03,0.15,5,False,overcast,afternoon,above
24dc9807-dd88-4554-859a-62495c95088d,60.0,1013.298,-0.5852,0.596887,4.857,1013.884,14.0026,40.6607,50.1476,60.653154,0.9846,34.42,5.63,2,True,clear,evening,above
e30dacb4-8044-4721-b0a8-898f60b5d417,60.0,1016.878,-0.3951,0.414423,3.279,1017.273,11.7397,-10.2753,30.2827,98.042229,0.7458,68.08,9.92,0,True,clear,evening,underground
3f7220ec-f0c1-4289-b81d-d25c514eaa64,60.0,999.864,-0.0881,0.044271,0.731,999.952,25.6707,26.8981,51.7225,55.142294,0.6761,34.36,6.45,0,True,overcast,night,street_level
9e90ff20-9b85-499d-80a1-064bc069092b,60.0,998.373,0.0279,0.07342,-0.232,998.345,8.2586,25.7519,38.2539,9.938806,0.7833,6.73,10.48,7,True,overcast,morning,street_level
e635416e-59d7-463a-80a5-b01425bfac1d,60.0,1004.54,-0.6976,0.53678,5.79,1005.238,11.1304,-37.5876,28.2462,16.466579,0.2732,51.88,12.67,2,True,rain,morning,above
afefad50-164e-48d8-8cdd-9eab15b4087a,60.0,991.981,-0.5475,0.468977,4.544,992.529,31.0729,-13.3809,22.171,72.146795,0.6971,12.76,1.89,12,False,overcast,morning,above
71a88e47-639b-4986-a974-51095cdfebf8,60.0,1002.671,1.4183,0.162894,-11.772,1001.253,18.1262,-13.2279,57.151,59.278415,0.8615,56.8,11.27,0,True,rain,morning,underground
fa2228d2-fc5b-49c9-84f7-a8c0b6fc816f,60.0,1015.954,-0.045,0.277133,0.373,1015.999,0.0466,-39.8492,44.9857,68.719516,0.6072,46.31,8.96,7,True,rain,evening,above
cded1a29-ae7b-4082-a008-bbbe11111404,60.0,992.275,0.1743,0.475508,-1.447,992.101,23.1671,-30.848,38.2249,32.319354,0.5887,68.74,17.5,0,True,overcast,morning,underground
5add6194-425b-4308-993f-35ef099b5f33,60.0,996.531,0.6967,0.489248,-5.782,995.835,6.2637,-6.2559,3.3894,79.344372,0.8117,92.53,12.71,0,True,clear,evening,underground
f84669d7-bb91-4055-99a2-840121087a04,60.0,1014.347,-1.6672,0.511078,13.838,1016.014,37.8413,-22.4204,50.7506,26.526825,0.5919,1.0,2.19,24,False,overcast,morning,street_level
43e43dc7-b654-4de3-bdf7-286b469411b2,60.0,999.217,-1.0955,0.475406,9.092,1000.313,22.7316,-5.0616,44.6878,77.368753,0.2465,9.7,2.97,15,False,overcast,evening,above
e160552e-2d9b-4698-84e7-05910d2a3faa,60.0,1005.996,0.0599,0.085435,-0.498,1005.936,23.9115,-18.6732,44.4271,7.653825,1.0,42.07,12.03,0,True,clear,evening,street_level
b0dc8daa-2f4f-4a71-8f1b-0cb6787534f1,60.0,1015.032,-0.4169,0.485903,3.46,1015.449,19.5124,2.4575,26.413,72.181813,0.8859,7.01,1.13,16,False,rain,afternoon,above
b0bc3877-05b6-4519-af48-56c6eba8b44f,60.0,1000.691,-1.6135,0.221651,13.392,1002.305,27.659,-21.9348,60.9913,57.796243,0.6876,10.79,2.19,13,False,rain,night,above
17590aae-925b-4404-9776-9f4f25a306d9,60.0,994.635,-0.5274,0.394606,4.378,995.162,26.8086,-23.2857,30.6275,81.633363,1.0,33.2,9.83,0,True,clear,afternoon,above
2e9341a2-649a-42b9-80a2-bf6352592e3a,60.0,988.746,-1.5666,0.431753,13.003,990.312,40.6774,-3.4577,48.9856,12.033599,0.9769,1.63,1.73,5,False,overcast,night,street_level
5447c156-49df-4c18-b979-450f33bafabb,60.0,1006.8,-0.2945,0.078097,2.444,1007.094,-0.2156,-14.8263,39.5128,36.007058,0.3725,13.22,-0.33,23,False,rain,afternoon,street_level
bb27e903-57d5-464b-bae9-1ed545ada8c4,60.0,1002.53,0.5895,0.031571,-4.893,1001.94,9.005,0.2726,30.4982,33.567119,0.283,43.0,8.19,6,True,clear,morning,street_level
0ade3d3c-8700-4229-845d-05be8cf04c39,60.0,1008.505,0.8435,0.383477,-7.001,1007.662,28.9031,-9.9541,48.7693,55.197145,1.0,28.48,2.32,5,False,rain,night,underground
1e068c39-f081-4d18-b561-e1ae5b12d957,60.0,1015.566,-0.1097,0.104407,0.911,1015.675,23.03,-17.4245,24.7601,41.815675,0.9721,6.83,3.13,13,False,rain,evening,above
aac35bc1-a20a-47e9-b5fc-558ab49e049c,60.0,1000.568,-0.8698,0.313413,7.219,1001.438,24.7972,-2.2098,52.6241,11.770589,0.0672,25.72,3.71,9,False,overcast,afternoon,street_level
0b90af2b-b7b1-4c60-91bd-d444f273e4b3,60.0,1006.432,0.2667,0.396426,-2.213,1006.166,15.3249,-29.9351,28.8651,79.756962,0.5532,61.63,15.54,0,True,rain,morning,underground
2173f521-6e65-4894-ba98-41eda3a4332d,60.0,1003.293,-0.8946,0.337623,7.426,1004.187,23.1274,-45.3172,40.2738,62.652411,0.9408,38.98,10.77,3,True,rain,evening,above
0c5b5463-3f0e-4593-b018-aec48ff22b2b,60.0,1007.603,0.0785,0.109222,-0.651,1007.524,20.2042,-7.5724,64.5157,62.311498,0.8644,5.96,1.54,7,False,rain,night,street_level
c59a218f-aa99-40f0-8712-aa5247c187c4,60.0,1000.837,0.5153,0.646133,-4.277,1000.321,-4.546,19.0379,42.0378,58.174558,0.3314,46.01,11.37,1,True,overcast,night,underground
77fe53ea-0d99-4276-94bf-03fb88cb3fc4,60.0,991.723,0.1693,0.155138,-1.405,991.554,-9.5722,10.2911,46.2133,59.093424,0.9096,51.85,11.07,0,True,rain,afternoon,underground
8fd44d80-2f95-43a1-b5d7-119c7da372d2,60.0,1009.245,0.8703,0.6053,-7.224,1008.375,30.8977,0.4056,63.7674,41.670788,0.8153,59.76,9.07,0,True,overcast,night,underground
321f0881-6ad5-45f0-80b8-47ffa4d05d40,60.0,999.963,0.8681,0.623769,-7.206,999.095,17.1057,-29.0501,56.2995,61.511746,0.8922,14.44,6.93,8,False,overcast,evening,underground
eb10f430-6cc0-422c-a14b-9439318b05ce,60.0,997.448,-1.5123,0.746837,12.552,998.96,22.7729,-6.2171,10.4454,28.395722,0.7121,77.34,4.92,5,True,overcast,night,street_level
70403678-7bad-4573-af0d-1681d077aa18,60.0,1003.265,-0.3254,0.162131,2.701,1003.59,18.7438,-14.4943,65.2784,8.669599,0.6684,21.57,3.26,15,False,rain,afternoon,street_level
c4739be5-15ef-4063-b5ad-e845e5e4a529,60.0,1005.764,-0.1774,0.249943,1.473,1005.941,19.1279,-0.6791,36.9298,93.654548,0.9684,60.81,9.87,4,True,rain,evening,above
095f331f-58ff-44ef-8914-b8ed11128223,60.0,1009.305,-0.2574,0.029306,2.137,1009.562,40.7021,20.5582,42.2062,20.073389,0.4592,18.97,2.49,6,False,clear,evening,street_level
f2849ddc-562d-4b14-85eb-5376687036df,60.0,1015.873,-1.0145,0.565633,8.42,1016.887,-1.0011,-11.5572,22.2931,78.25923,0.6201,44.48,11.26,6,True,rain,evening,above
5e526753-9e3e-4ffd-944b-df324f101c2e,60.0,1014.436,1.1645,0.252776,-9.666,1013.272,-5.5909,-4.4281,26.7886,113.607778,0.8327,42.45,16.25,0,True,overcast,night,underground
2ceae74d-06bb-4e87-8734-68cca104ac3b,60.0,1012.78,0.3164,0.588234,-2.626,1012.464,18.038,-5.6076,11.7935,26.770239,0.0,15.31,1.65,9,False,overcast,night,street_level
99c72fe6-c36d-47b3-a02e-6f4282a90e3c,60.0,1002.51,1.0795,0.297725,-8.96,1001.43,51.5307,-3.6656,42.0518,106.953031,0.4035,76.24,11.35,0,True,rain,morning,underground
d5058e10-4f78-4366-92da-f40e2ef54fa6,60.0,1011.602,-0.6457,0.450094,5.359,1012.247,8.1138,-7.5325,36.6234,78.664229,0.8427,11.67,2.47,19,False,rain,night,above
3f344fde-0646-4660-a3e9-1f66aaac4804,60.0,1005.34,0.4352,0.118238,-3.612,1004.905,43.5278,-21.8207,49.8539,116.43693,0.3453,61.05,14.34,0,True,overcast,morning,underground
72eb6760-e94d-4431-a2c8-acc22dd4490a,60.0,1001.278,0.8881,0.385957,-7.371,1000.39,6.8054,-5.5171,49.5288,13.979934,0.7868,58.12,15.43,2,True,overcast,night,street_level
777009f9-34e3-4747-970f-4f5b6d079ccc,60.0,1017.694,0.0865,0.381569,-0.718,1017.607,-7.2347,-17.7113,53.4648,92.542128,0.6237,61.26,11.17,0,True,overcast,afternoon,underground
92512c50-2f33-4aea-a2cb-c7b037f46666,60.0,1016.278,-0.1269,0.045307,1.053,1016.405,-2.0036,-7.1183,41.4161,64.899038,0.6905,30.69,8.22,2,True,clear,night,street_level
5972f6ca-8e5e-4c91-b560-20b227d0cc18,60.0,1009.567,0.1499,0.146776,-1.244,1009.417,-0.493,-26.2212,45.0377,51.454288,0.7589,14.12,1.03,16,False,clear,morning,street_level
f81d2270-93c2-409b-aab6-8470e8a92cfa,60.0,996.11,0.3209,0.676434,-2.664,995.789,23.5738,-9.3129,41.032,71.195164,0.4943,75.19,1.74,3,True,overcast,evening,street_level
d5c4fdef-d459-42ff-93f9-1223ad8db307,60.0,996.458,0.0651,0.496678,-0.541,996.393,10.0525,-6.8821,41.989,59.477477,0.3879,26.7,5.99,0,True,rain,morning,underground
7b1c17ac-bdbf-47e8-b453-2801582831ff,60.0,1001.189,-0.3888,0.320072,3.227,1001.578,-0.4917,5.8694,41.2277,76.784782,0.968,49.17,6.88,2,True,clear,night,above
959a2716-fbfc-4434-8ff9-fc222eb51a5c,60.0,1003.171,0.2214,0.355521,-1.838,1002.95,37.2631,-1.7261,44.5402,84.163525,0.5703,34.13,7.84,0,True,rain,night,underground
98c3b747-ee34-4dd6-9bf2-88f552e792a2,60.0,1015.107,-0.1418,0.332627,1.177,1015.249,24.5674,-25.8627,49.3501,10.770632,0.2174,22.54,16.18,4,True,overcast,afternoon,street_level
20a27b67-60cb-4164-a9df-6e6264acf700,60.0,1015.031,-1.0844,0.156881,9.0,1016.115,30.2673,-23.1947,27.6951,54.404162,0.4586,13.67,0.46,16,False,rain,night,above
b41e2155-64a3-4f2a-bc93-cc686ee0493b,60.0,1017.43,0.3882,0.290764,-3.222,1017.042,7.291,-15.0022,18.6988,112.082864,0.7786,17.76,3.45,9,False,overcast,evening,underground
68075626-21c1-4866-85b3-7ccfe0e3481a,60.0,995.574,0.0396,0.088349,-0.329,995.535,19.2685,-24.8279,73.6139,31.561367,0.2748,45.45,4.05,4,True,clear,morning,street_level
9e06e513-ad4f-4324-bf5f-d7bf2c27468f,60.0,999.635,-0.3381,0.123349,2.806,999.973,22.7724,-5.0086,48.3974,61.366264,0.7368,30.18,8.63,1,True,clear,night,above
98b039ac-3b74-4e57-860f-414942e6fba5,60.0,993.204,-1.4072,0.301761,11.679,994.611,17.9069,-6.1483,36.5729,35.926525,0.5606,14.77,1.7,15,False,rain,morning,above
46d18cdd-429f-4948-93d8-548bf095964b,60.0,1001.312,0.3143,0.653256,-2.609,1000.997,9.9641,-18.442,64.0679,83.342381,0.9986,90.45,10.74,0,True,rain,night,underground
a6047b71-09d7-4828-8a03-cf548ac7c789,60.0,1017.528,0.0492,0.043859,-0.408,1017.479,10.7878,12.8678,33.3258,37.126168,0.4611,10.2,4.5,8,False,overcast,evening,street_level
aa57ff7a-dffc-4246-a4b7-f5680d2ba5ab,60.0,1006.732,-0.2098,0.508766,1.741,1006.942,32.0177,1.481,56.1012,64.517042,0.6754,15.84,3.59,11,False,rain,afternoon,above
b683baa7-f0e1-4f5a-bda2-8630556491b0,60.0,998.895,-0.1438,0.133368,1.194,999.039,16.2223,-20.963,37.8627,29.577263,0.8444,48.97,18.75,1,True,clear,morning,street_level
6957ec28-7b29-4ae5-ba47-751359bf3038,60.0,993.062,0.2961,0.554715,-2.458,992.766,36.0752,-5.5716,29.8083,116.534327,0.7552,18.47,5.39,6,False,clear,night,underground
e76715f7-2a68-46b2-846a-c2be62586a91,60.0,989.987,-0.2303,0.147119,1.912,990.217,23.6782,-21.9182,-2.3395,25.49535,0.9041,6.48,3.45,4,False,overcast,evening,street_level
7e41a636-211e-4b92-847d-14b01ca541e0,60.0,1012.17,-1.1155,0.187139,9.258,1013.286,6.5952,-1.0833,35.755,58.262298,0.6673,10.85,1.96,13,False,rain,morning,above
0f627140-d404-4873-be91-a156de9d34bd,60.0,1013.687,-0.6543,0.436042,5.431,1014.342,2.1145,-23.9348,56.983,39.213136,0.8171,71.27,7.56,2,True,overcast,evening,above
cac52de3-9419-4aa1-b350-267859456836,60.0,1014.147,0.9375,0.199321,-7.781,1013.209,24.5348,10.634,33.9386,27.57275,0.4891,57.85,16.82,0,True,clear,afternoon,underground
c84a7b38-7b2f-44a1-bfcc-3a935773caae,60.0,1005.267,-0.0222,0.699601,0.184,1005.289,5.4908,-14.6354,38.3321,87.430951,0.6305,71.12,5.91,0,True,overcast,afternoon,underground
d0cf91b1-e878-4b4d-9c6d-a8a6bccd64ee,60.0,1006.904,0.1532,0.097878,-1.272,1006.751,28.1003,5.9325,35.1473,63.003657,0.277,24.26,2.63,21,False,clear,afternoon,street_level
da15d5b8-252a-43a3-bec9-d2220a94151a,60.0,1015.797,0.4215,0.126586,-3.498,1015.375,29.9185,2.4992,48.9723,47.504847,0.9132,14.63,-2.08,12,False,rain,morning,street_level
d9cd5d01-cbe4-4b0c-9292-d84936e2d0c6,60.0,1010.701,1.6853,0.173373,-13.988,1009.016,31.9451,-10.0243,37.3425,63.112546,0.9235,16.07,6.1,5,False,overcast,evening,underground
85d1eb1f-15fa-4f6a-a7a8-f3a5024f61bc,60.0,993.308,0.502,0.271996,-4.166,992.806,20.5029,-3.3402,35.7924,57.100475,0.7834,64.89,13.7,0,True,overcast,afternoon,underground
dc34a2e3-9da4-49e3-ba63-85c153b3c656,60.0,1010.235,0.2118,0.492221,-1.758,1010.023,14.1903,-8.9106,61.5985,57.412806,1.0,8.55,2.71,16,False,clear,morning,above
d51dae73-4c66-45cd-9234-05254761271e,60.0,993.679,0.0179,0.669973,-0.149,993.661,14.1728,-13.24,45.0095,57.980586,0.94,39.47,10.63,0,True,rain,night,underground
c08fd7b9-d9a6-4860-8a98-ac1cc825c02b,60.0,994.559,-1.2233,0.169821,10.153,995.782,-7.1244,-0.729,45.1979,22.26934,0.7479,9.55,3.61,10,False,rain,night,above
724065a9-e91c-4ea0-ba8b-281c361c82cc,60.0,998.077,-0.8731,0.300329,7.247,998.95,-5.5716,5.7882,12.3559,106.604801,0.531,37.64,8.29,0,True,clear,afternoon,above
a429955a-c9b8-42fd-bc45-5dd4d47b7267,60.0,992.872,0.8012,0.279282,-6.65,992.071,33.519,-16.1719,31.7827,100.32948,0.8066,79.36,6.34,0,True,overcast,morning,underground
00cdf158-bf00-423e-837c-d291be4cd91f,60.0,1015.745,0.3913,0.198545,-3.248,1015.354,18.0109,7.655,20.313,70.384913,0.3796,17.47,5.31,8,False,rain,evening,underground
0011e0ea-bfc4-4de5-9871-07196e9eea97,60.0,998.125,0.2966,0.046558,-2.462,997.829,13.8032,-2.8123,42.1754,73.458276,0.4804,4.17,1.98,7,False,overcast,afternoon,street_level
e6f8edd8-d048-4579-a3bd-646f0939b53e,60.0,1017.773,-0.1356,0.026445,1.126,1017.909,3.5619,31.5256,36.2267,5.033409,0.3761,13.75,1.29,7,False,rain,morning,street_level
c4c8a6cc-8764-4f9a-95f8-d1317d8ce7b4,60.0,1005.677,-0.2669,0.027788,2.215,1005.944,41.9706,10.2179,53.6385,22.006427,0.702,1.0,2.81,4,True,overcast,afternoon,street_level
a29eb973-5384-43e0-a9c8-fdce725f8c33,60.0,997.9,-0.2935,0.588431,2.436,998.193,-17.8241,-3.5747,45.8774,72.177655,0.4984,43.13,14.11,0,True,clear,afternoon,underground
38dc7a30-60e1-4a6e-a908-9f8f6516eef9,60.0,1015.891,0.4192,0.249215,-3.48,1015.472,14.2171,6.996,42.1633,118.826492,0.501,15.17,3.15,5,False,overcast,afternoon,underground
437b8ae2-3727-43df-8152-2ff5772fc8a3,60.0,1009.727,0.7418,0.499923,-6.157,1008.986,-3.048,-14.2718,25.041,28.584877,1.0,81.56,11.74,0,True,overcast,evening,underground
18ca1b9b-7e1a-4463-9b3d-ca8e606a3d95,60.0,994.465,-0.4944,0.149274,4.104,994.96,8.3688,-2.4287,36.5842,36.532748,0.3782,99.46,10.43,4,True,rain,afternoon,street_level
e0c78fac-855d-449a-9af0-e27b5880b81a,60.0,1007.992,-0.3963,0.269857,3.29,1008.388,32.4157,-7.1004,26.9247,63.561213,0.5066,54.19,10.7,2,True,overcast,evening,above
afebf138-1e27-47b6-8f01-95e1653e1385,60.0,1011.767,-0.0277,0.103893,0.23,1011.795,27.1991,-25.1079,42.5235,16.428241,0.7899,16.87,1.5,13,False,overcast,evening,street_level
5829319e-1329-4a25-8508-1d2a14ec07f9,60.0,1003.629,-1.2662,0.107415,10.509,1004.895,22.0898,6.6637,17.488,55.123829,0.7273,66.36,12.53,1,True,overcast,morning,above
6ee32c8a-385b-43cf-8731-dc487328032d,60.0,1012.398,-0.7193,0.208343,5.97,1013.117,38.3271,-15.9966,42.3572,50.252115,0.7328,32.86,6.44,0,True,overcast,afternoon,above
bee7a8d4-3db4-41ce-a696-3167a08f578d,60.0,992.886,-0.5841,0.54786,4.848,993.47,32.1254,-11.7949,62.7142,46.920789,0.7417,6.02,3.75,18,False,overcast,afternoon,above
9fc1fca6-94f3-4f8e-9f60-1db2be17225d,60.0,1001.933,-0.1035,0.13809,0.859,1002.037,13.9833,1.6577,23.955,34.553621,0.3575,9.56,1.69,11,False,overcast,evening,street_level
76edde75-1225-406d-9240-7fe4cdb7edba,60.0,1004.867,-0.9693,0.146716,8.045,1005.836,34.9342,-4.4617,14.3621,42.668763,0.6415,39.6,7.72,0,True,clear,morning,above
870e7319-5f5e-4a23-9008-68a2238b9bef,60.0,1010.178,-0.0338,0.128489,0.281,1010.212,50.4023,2.9413,27.5489,25.225451,0.686,4.18,1.08,2,False,clear,evening,street_level
bba61673-985a-4199-8618-3244fc8c355f,60.0,991.819,-0.8411,0.530302,6.981,992.66,21.1937,11.5127,13.9086,85.670966,0.624,18.63,8.37,0,True,clear,night,above
9d0e63f4-716d-412d-ada1-880b1337d4eb,60.0,997.368,-0.3514,0.177795,2.917,997.719,23.4489,1.667,29.0155,55.459223,0.835,42.4,10.04,0,True,overcast,morning,above
0a4ad802-7d58-4f20-bc86-4fc1d2887b88,60.0,1005.697,0.8941,0.687549,-7.421,1004.803,22.8595,-15.3369,45.5215,67.594693,0.7518,51.89,13.46,0,True,overcast,evening,underground
41385716-43aa-4301-8443-f938cce4640e,60.0,990.418,-1.5644,0.319746,12.985,991.983,8.7292,5.6557,41.8235,23.220317,1.0,45.37,4.09,4,True,rain,night,above
b6bb1231-1070-454e-b693-c61fcaf1b3f0,60.0,1005.22,0.0005,0.038958,-0.004,1005.219,19.3243,-16.4899,45.8868,40.034039,0.3758,8.16,2.4,13,False,overcast,night,street_level
d4f8aec1-689b-401d-9437-4335a24a2fd7,60.0,998.722,0.9447,0.405924,-7.841,997.777,40.4793,-1.2699,42.9766,63.305862,0.9645,23.95,4.17,9,False,rain,morning,underground
91430ce8-4423-4a45-8d18-190923d4106a,60.0,1001.396,-0.5977,0.174548,4.961,1001.994,20.6302,-3.2354,62.0895,62.357049,0.7765,8.97,2.25,12,False,clear,afternoon,above
120e6405-06b0-4fe6-8110-aefe1da6e33b,60.0,1008.275,0.7585,0.46729,-6.296,1007.517,17.7207,2.1389,58.4849,27.212788,0.7743,6.11,4.88,8,False,rain,night,underground
d7df6595-8b5d-4cce-bcdb-04725993eb9a,60.0,1002.532,1.1395,0.278248,-9.458,1001.392,7.8639,-1.2239,49.1743,37.762498,0.6397,8.42,5.84,7,False,clear,evening,underground
9b791fc1-0abb-404b-97a8-d68ab6bd5206,60.0,1009.368,-1.912,0.263774,15.87,1011.28,5.8037,8.3214,29.3825,60.407651,0.7343,79.2,7.17,0,True,clear,evening,above
1631a37b-4b21-47ff-82b2-16e96eb0b0b4,60.0,1006.714,-0.3095,0.336892,2.569,1007.023,19.4093,3.9913,65.2343,60.009883,0.6657,38.34,5.09,0,True,rain,evening,above
76c5c6e7-c66b-460a-aba2-f2b7d392f5fb,60.0,998.135,-0.1103,0.428342,0.915,998.245,31.9775,3.1491,35.3232,52.686628,0.4616,68.15,13.74,0,True,clear,evening,underground
9522c72a-f6af-4be5-8c4f-10a1b3310d41,60.0,990.296,-0.8024,0.152889,6.66,991.099,14.3056,2.8574,62.8696,79.243973,0.569,12.04,12.17,2,True,overcast,morning,above
3bd1f1aa-4d96-40a3-b77a-1a37ca264484,60.0,1004.474,0.1864,0.453277,-1.547,1004.287,37.0451,-15.7194,44.527,57.51881,0.3254,49.96,9.54,0,True,clear,night,underground
9344589a-eb0b-4089-b27c-16d11a93e949,60.0,1012.72,1.3651,0.224446,-11.331,1011.355,18.5403,-14.4723,29.619,28.885432,0.5014,5.09,5.06,22,False,rain,night,street_level
c33bf5ec-df64-4a87-baae-a8a3f71ab529,60.0,992.317,0.209,0.056967,-1.735,992.108,30.6219,-12.4252,36.6992,-1.034214,0.6122,10.9,-0.21,10,False,clear,morning,street_level
b5269e69-a048-4327-a873-1f6a378ecb46,60.0,1017.466,0.3039,0.08491,-2.522,1017.162,24.2202,-15.1747,43.4054,0.089133,0.7574,22.44,2.2,11,False,rain,night,street_level
fe783a1f-9744-4013-ba53-50b8c2c45549,60.0,1010.718,-1.0331,0.159625,8.575,1011.751,42.2696,-25.3953,63.8416,69.677678,0.7471,4.86,0.4,16,False,rain,afternoon,above
df8168b8-9749-449f-a65f-2b0efb2b6e04,60.0,1003.277,-0.3818,0.116962,3.169,1003.659,34.847,-22.4696,43.0586,-6.489503,0.0429,1.0,1.69,11,False,rain,evening,street_level
a855b6c4-4be7-4a0f-a83a-0899ca64b315,60.0,1001.663,0.941,0.51925,-7.811,1000.722,34.8894,-30.1739,23.8735,25.604956,0.0,16.34,0.79,19,False,clear,night,street_level
8b6ccc6c-a03d-4c32-9fd5-a48e460e03bf,60.0,1008.629,-0.5287,0.585029,4.388,1009.158,10.8018,-14.8693,43.566,76.36761,0.6335,11.29,0.93,16,False,rain,night,above
6d1b8d37-763c-408e-88a7-357442f20114,60.0,1016.514,0.9766,0.673938,-8.106,1015.538,6.0196,-27.3234,20.7539,51.234329,0.6401,32.61,4.0,9,False,rain,morning,underground
d2bcf21f-a179-4a8d-9323-4a913f65ea74,60.0,1008.522,-0.0117,0.642461,0.097,1008.534,22.8191,-1.4129,49.7645,66.712939,0.1725,5.49,0.25,4,False,rain,night,street_level
423924ce-8aa4-4f09-a561-c4f4396f5699,60.0,993.996,-0.0722,0.52483,0.599,994.068,0.3965,-2.7951,36.2344,17.730485,0.601,1.27,0.67,3,False,clear,evening,street_level
6d71b6b8-6e31-4ef9-bfb4-4cb20337a107,60.0,1010.988,-0.0381,0.136122,0.316,1011.026,43.811,-4.0001,42.4879,50.844065,1.0,1.0,1.68,10,False,clear,evening,street_level
63fd9004-d095-48f4-8efc-b48ff95d9393,60.0,1008.742,0.1649,0.193757,-1.368,1008.577,25.3494,11.4051,45.571,31.310755,0.7408,10.55,14.34,0,True,overcast,night,underground
2e1079dd-2546-4b75-9058-1be846ccdced,60.0,1000.428,0.1608,0.507422,-1.335,1000.267,34.6476,-41.082,36.926,66.099659,0.9514,76.45,8.07,0,True,overcast,morning,underground
1e2583e3-a065-4882-b3e1-49b07bb49919,60.0,995.08,-0.0024,0.137854,0.02,995.082,33.6538,-16.3319,31.8944,53.429263,0.5005,17.84,1.44,9,False,rain,afternoon,street_level
1a5f68aa-0495-452c-a073-90c5d615fac3,60.0,1002.888,-0.2319,0.694066,1.925,1003.12,35.8193,5.3716,57.5287,51.94652,0.8966,13.45,3.29,16,False,overcast,evening,underground
88d2a9c9-6df0-4911-ab20-25a652df37f2,60.0,998.193,0.0073,0.324602,-0.06,998.185,17.7797,-17.2476,20.3807,59.225095,0.6523,52.0,13.51,0,True,rain,morning,underground
1ac5fd5f-f3b5-40b8-845d-eb261d21beea,60.0,992.317,0.521,0.301548,-4.325,991.796,19.5535,-5.1762,41.7476,108.902611,0.7493,70.62,8.78,0,True,clear,afternoon,underground
63d3bffd-f1c7-4dff-b6c4-5f9c58217a11,60.0,996.246,0.6058,0.409804,-5.028,995.641,22.0353,-3.5448,54.9089,62.002318,0.9782,59.23,12.75,0,True,overcast,evening,underground
88f608a9-43ec-456b-839e-72fd9dcab26b,60.0,1000.956,-0.357,0.050903,2.963,1001.313,3.2112,8.7792,53.7374,17.302234,0.3446,10.88,1.5,13,False,rain,night,street_level
128a2835-41f5-4268-ba71-109987eb2b72,60.0,996.716,-0.4302,0.150444,3.57,997.146,19.3776,4.5573,21.126,105.321709,0.8867,14.67,2.37,9,False,rain,morning,above
f51597b7-6688-4c52-a0a3-3f0ebe2ffe51,60.0,1007.528,0.361,0.133385,-2.996,1007.167,33.4835,-8.1902,30.2197,14.232202,0.7388,10.15,3.22,15,False,clear,night,street_level
910f7e5a-71e4-4805-8e12-31a8fd6fd86e,60.0,993.703,0.0573,0.332707,-0.476,993.645,9.1648,-9.1014,41.8563,74.100399,0.7531,45.89,9.46,0,True,rain,evening,underground
4cdd9621-33b2-46bc-bbf2-e6698d3888bd,60.0,1014.805,0.1238,0.020545,-1.028,1014.681,-10.6524,7.6274,33.8669,32.976582,1.0,1.0,2.66,0,False,clear,night,street_level
c1c9963a-c567-49a6-8e22-841d953a5e3f,60.0,1001.506,-1.1263,0.235002,9.348,1002.633,31.4421,-19.487,25.1234,76.788212,0.5863,35.27,9.58,4,True,clear,morning,above
2e2287cc-a98a-4f85-a3de-81269f4955c4,60.0,996.785,0.0564,0.113347,-0.468,996.729,11.8734,15.1141,26.4862,51.631219,0.5923,61.91,10.42,6,True,clear,evening,street_level
7e164f0c-c199-4486-9152-1224365d8ce5,60.0,1011.284,-0.108,0.650227,0.896,1011.392,6.9064,-9.7319,36.6369,40.175666,0.6215,1.0,3.23,11,False,overcast,night,underground
4825127d-35c4-4c63-bdcc-bafede70092d,60.0,1012.025,-0.2004,0.101703,1.663,1012.225,21.6563,7.9577,28.4344,40.021044,0.3628,6.57,1.54,9,False,overcast,afternoon,street_level
c1a56bed-f65c-4cfe-a144-0591f13402ea,60.0,998.663,0.421,0.548666,-3.495,998.242,5.932,18.3008,17.4911,37.105065,0.6068,64.34,13.96,0,True,overcast,evening,underground
d0f81907-d69c-49e2-bd5e-b03eee723e1c,60.0,1010.771,0.2171,0.09611,-1.802,1010.554,11.8805,-39.6523,32.5718,48.90192,0.161,61.47,11.78,4,True,rain,evening,street_level
156c8da8-0e3b-4e98-b1d9-fa392688ca84,60.0,993.971,-0.4592,0.156349,3.812,994.431,21.803,-3.2378,43.1453,68.08823,0.5958,41.11,9.31,0,True,rain,night,above
d49a8452-8200-4aa1-ac28-aa3baf44c6fe,60.0,1012.552,-0.1683,0.2636,1.397,1012.721,-1.5941,-7.9027,43.5775,37.388704,0.7584,8.89,0.32,15,False,overcast,evening,above
9ea6a89a-03cd-4eaf-acac-60927d7c621c,60.0,1009.294,0.6345,0.249122,-5.266,1008.66,16.5814,-7.6257,33.2466,75.391719,0.6295,15.09,3.84,7,False,clear,evening,underground
76686345-a69d-477d-a1f6-a110a617da75,60.0,1013.583,0.1463,0.190442,-1.214,1013.436,22.6351,-24.5273,19.2735,39.185986,1.0,65.47,16.7,0,True,overcast,morning,underground
3bffde13-48e4-42af-982d-303c685fbd66,60.0,1010.095,-0.0009,0.351634,0.008,1010.096,25.013,-30.6289,25.9901,67.158579,1.0,65.56,7.12,0,True,overcast,evening,underground
387fa05b-b8d4-4f5d-b1e8-3e52d3da4700,60.0,994.159,-0.7232,0.437013,6.002,994.882,29.871,-13.2193,9.6257,109.229952,0.1603,47.23,8.16,0,True,overcast,morning,above
2284d436-513f-4153-9b7d-01b75ac7850e,60.0,1006.24,-0.4666,0.101264,3.872,1006.707,20.6344,-27.0925,42.4547,68.119337,0.6074,9.59,2.51,9,False,rain,evening,above
264001a2-6ff0-4158-8c68-4e99ccb9d951,60.0,1006.532,-0.5817,0.286652,4.828,1007.114,13.9098,0.387,33.2726,22.646133,0.4748,13.13,2.23,8,False,overcast,afternoon,above
44f304c5-446c-45d9-bb7b-e22ff70cf83a,60.0,1005.27,-0.7363,0.571582,6.112,1006.006,25.1288,-0.9565,31.2038,26.463047,0.6733,14.92,1.77,5,False,clear,night,above
b0af1232-9442-44bc-9dc8-6cabc0ff46bb,60.0,1007.009,-0.4772,0.769883,3.96,1007.487,33.6494,-0.3996,45.3462,32.986506,0.0,3.75,1.23,20,False,overcast,night,street_level
6002033d-6a11-48ad-9b6a-762762082386,60.0,1000.482,0.0891,0.086512,-0.739,1000.393,10.5288,-6.3767,38.4892,72.1029,0.6857,3.87,1.95,10,False,overcast,afternoon,street_level
0b1f724c-7aee-4d68-93c8-e8071cfc66d7,60.0,1015.152,3.2102,0.783843,-26.645,1011.941,35.4566,9.372,44.605,49.535875,0.2058,9.32,2.85,13,False,overcast,morning,street_level
9bbae433-ff02-4f6f-b99e-e87cc48fa22a,60.0,1012.23,0.2135,0.149461,-1.772,1012.017,20.2855,-15.4074,18.9509,49.981746,0.859,7.42,2.22,17,False,clear,night,street_level
fffdf705-0ab8-4500-ad23-47a8b344ebb0,60.0,1016.653,0.3475,0.479195,-2.884,1016.305,33.8708,-19.9404,41.3014,64.46066,0.9782,18.77,13.29,1,True,rain,afternoon,underground
2e99bf20-4b3f-4228-bc5a-deacbe95ddac,60.0,994.786,0.0294,0.553409,-0.244,994.757,7.4447,-4.7761,55.7569,47.654589,0.4792,66.82,11.24,0,True,overcast,afternoon,underground
ac2c26d0-9cae-45b9-858a-1ec2d17325f9,60.0,999.473,1.2874,0.30546,-10.686,998.185,20.092,-18.372,54.9157,59.474241,0.4005,33.35,13.89,0,True,overcast,night,underground
b7b93fc8-dfc6-49df-8a61-b5b7b23a90ba,60.0,1017.094,-0.4096,0.463928,3.399,1017.503,19.5069,-9.3954,53.424,66.227368,0.3121,13.43,1.74,12,False,overcast,morning,above
3dc836ab-74c8-4ace-8e7f-0d69686ad721,60.0,990.832,-1.2662,0.533809,10.509,992.098,14.1439,19.5314,54.096,54.335009,0.6188,42.78,10.26,1,True,clear,afternoon,above
b3fa9570-5e55-46f1-9e1b-6bec739022f1,60.0,1010.232,-0.4716,0.588591,3.914,1010.704,20.1384,-18.8004,28.7325,91.054764,0.7083,46.82,9.79,1,True,rain,night,above
9d1d6b9d-d7e3-41bd-9afb-27b86255eb9f,60.0,997.777,-0.7615,0.436972,6.32,998.538,5.3395,18.3144,25.5218,6.107413,1.0,15.43,2.45,21,False,rain,evening,above
cacd0747-b9e6-4e51-887c-4a10b5ae2961,60.0,995.018,0.0604,0.139869,-0.501,994.958,10.7037,-10.9453,43.2383,26.485217,0.3433,62.36,5.37,1,True,rain,evening,street_level
5758ff96-f3ac-4a45-8912-0ec351ff9eea,60.0,1006.391,-0.4478,0.301867,3.717,1006.839,26.8309,4.8296,46.7102,58.808947,0.7203,54.41,9.15,4,True,rain,evening,above
5a4703c9-97b6-4705-b5ba-a094036946c9,60.0,1015.159,-1.2871,0.213596,10.683,1016.446,13.9065,-31.4255,37.217,33.515718,0.5489,4.75,1.54,13,False,rain,afternoon,above
9214a400-1df8-42aa-bc2b-624ef8f747e5,60.0,998.398,-0.0421,0.098893,0.349,998.44,58.5913,-2.5027,10.1329,34.697403,0.3197,10.93,0.71,15,False,rain,evening,street_level
e44e7e4a-7a53-42cf-9034-d0dccb34de87,60.0,1015.239,-1.6075,0.099812,13.342,1016.846,2.2678,16.5164,24.8211,28.679376,0.1272,16.86,0.39,14,False,rain,evening,street_level
808e84ec-3cb9-4cfb-9a7c-c43f8a627e4a,60.0,1016.605,-1.2566,0.572166,10.43,1017.861,9.2247,-8.2231,23.0217,102.831027,0.8441,6.05,2.87,9,False,clear,night,above
5c5f5778-793c-41f1-97c0-57240b8eb6bb,60.0,1006.515,-0.092,0.337402,0.763,1006.607,14.6107,0.759,27.109,76.543261,0.4355,10.18,15.65,1,True,rain,evening,underground
e1799848-4f10-424c-9f8c-43998b7cb849,60.0,1010.523,-0.6861,0.122965,5.694,1011.21,35.6758,-8.1881,28.7497,63.417419,0.6304,15.99,2.01,12,False,overcast,evening,above
3ea2f31c-0555-49b9-8262-6291497df5fd,60.0,1005.36,-0.2826,0.405468,2.346,1005.643,23.0527,-3.6005,52.9834,101.81071,0.7435,64.36,14.13,0,True,clear,night,underground
d1ffdb42-3584-4c50-ba8d-c1de086f91b8,60.0,994.786,0.0193,0.603778,-0.16,994.767,14.7611,14.2478,30.1101,45.081202,0.3192,65.02,12.54,0,True,rain,afternoon,underground
e61e4178-7e7d-402f-8dee-ad18796f484a,60.0,993.326,0.2624,0.659498,-2.178,993.064,38.7606,-5.5733,21.8998,89.33869,0.4898,81.1,14.83,0,True,clear,evening,underground
2d4f409c-f45a-4a40-a1cc-637726e2eeeb,60.0,1003.264,-0.2787,0.205735,2.314,1003.543,8.8035,7.715,21.6222,53.870365,0.5857,8.52,1.9,16,False,clear,evening,above
6d6ed89c-19db-4be7-8800-184881ddfb52,60.0,1010.308,0.2348,0.675272,-1.949,1010.073,37.2937,18.5097,45.8994,65.566086,0.7387,21.63,1.65,4,False,overcast,evening,underground
d1bc599a-ba85-4156-a03b-9125a84c726c,60.0,1001.004,-0.7939,0.217663,6.589,1001.798,8.3933,-25.1216,41.2746,79.232233,0.6679,8.79,2.96,10,False,rain,afternoon,above
95c963eb-e667-46e8-a804-58cbf6c1b425,60.0,1007.2,1.8204,0.4376,-15.109,1005.38,21.9045,-30.1525,37.4017,87.41911,0.5406,17.29,5.24,2,False,overcast,evening,street_level
f1864c27-17e5-4859-b0c5-29bb394b4fd5,60.0,1006.889,-0.9286,0.543794,7.707,1007.818,10.1531,-10.146,30.2094,110.778677,0.8174,14.14,0.13,21,False,overcast,evening,above
0788387c-c1c4-4131-999f-aec6d77b9445,60.0,998.193,-0.095,0.283434,0.788,998.288,1.798,6.4623,22.421,21.357966,0.8173,8.52,3.22,3,False,clear,afternoon,street_level
db1f7a4a-567f-4033-b8cc-3e2a055480bb,60.0,1002.553,-3.279,0.373037,27.216,1005.832,1.0455,-32.1144,24.4645,20.990245,0.6345,3.69,0.7,4,False,clear,afternoon,street_level
d5b3f6b5-4735-4e11-95ca-667721a55cc7,60.0,1006.599,-0.7924,0.526365,6.577,1007.392,24.3448,-13.0315,41.9234,45.479635,1.0,58.58,9.38,2,True,clear,morning,above
09c188b0-4af8-4792-9aa3-db3febfd95d8,60.0,994.754,0.2539,0.053205,-2.108,994.5,15.9707,-26.3295,82.0206,31.98016,0.1537,41.27,6.08,3,True,rain,evening,street_level
440e487e-7156-490c-a11c-dec6c49ec293,60.0,990.872,-0.4117,0.272437,3.417,991.284,14.436,-11.2179,52.53,85.65364,0.7304,11.99,1.63,12,False,rain,morning,above
500ae26e-cc89-48d5-b7c9-55e14f56e4e9,60.0,990.89,-1.2851,0.498456,10.666,992.175,-7.806,-3.0677,38.3621,94.720156,0.4837,32.16,6.04,2,True,clear,morning,above
535f0f45-8774-4b83-82f9-71b229949d99,60.0,998.879,-0.5024,0.473873,4.17,999.381,-8.3456,-16.317,46.719,69.544531,0.7236,11.87,1.74,19,False,clear,night,above
81e82c96-d352-49fc-9539-f920ac47f0c7,60.0,1011.434,-0.5326,0.516422,4.421,1011.966,21.5866,-14.9767,17.0711,97.496781,0.4715,14.65,3.81,18,False,rain,night,above
036e66d7-ffbd-429d-a0c4-924426be8238,60.0,993.471,-0.8817,0.113385,7.318,994.353,23.3944,19.4533,45.0274,71.840365,0.4999,15.35,1.79,10,False,clear,evening,above
b3bd0263-e3b4-4283-aec0-ce0f8aa19f2e,60.0,996.835,0.19,0.36726,-1.577,996.645,31.0988,-24.8938,46.9378,48.735865,0.9909,55.13,9.71,0,True,rain,morning,underground
30b0e585-943f-4969-a816-16da3e41cb7e,60.0,992.146,0.5785,0.494494,-4.802,991.567,12.3456,6.5404,42.6674,0.787355,1.0,5.02,0.62,4,False,overcast,afternoon,street_level
40ffb73d-8de9-444f-8d70-0f0a98a337be,60.0,1011.645,-1.6265,0.302131,13.5,1013.272,12.4183,-17.6603,53.0759,25.569291,0.4375,1.81,1.74,18,False,overcast,morning,above
aa0315ef-9880-4a1e-82c3-186aa4e3113e,60.0,1003.163,0.0302,0.091557,-0.25,1003.132,13.9949,-14.5439,42.8766,32.818237,0.0,17.04,1.11,5,False,rain,afternoon,street_level
de17e7b6-0e1c-40d3-90ee-8c961db45f03,60.0,1004.275,-0.1383,0.087856,1.148,1004.413,23.0209,-12.8973,10.3242,3.045603,0.386,12.37,3.12,19,False,rain,night,street_level
b1ff91b1-eaca-4934-b423-8c19032a715d,60.0,1017.663,0.5409,0.203199,-4.489,1017.123,-11.9177,-11.9316,18.846,18.474211,0.0566,11.06,3.55,18,False,overcast,evening,street_level
946ae6c9-5f6d-4201-94f6-56b26e85c3f8,60.0,1002.491,-1.2742,0.367261,10.576,1003.765,5.8793,-38.4187,37.5994,20.08572,0.7196,78.56,7.71,2,True,clear,evening,street_level
cb10999e-596d-442a-a05e-f894b36ec545,60.0,1013.152,-0.5114,0.120219,4.245,1013.663,26.5018,-14.7975,64.0136,61.374158,0.6196,12.04,1.1,17,False,overcast,morning,above
335b9918-2f01-4067-920a-dc1fb44cb106,60.0,1008.514,1.3545,0.434485,-11.242,1007.16,48.5342,20.9103,60.4457,100.936615,1.0,66.11,18.63,0,True,rain,night,underground
cdb0d8a4-f49b-4cf2-93ec-9d499e238c26,60.0,1016.435,-0.7821,0.486402,6.491,1017.217,35.5044,-1.5025,35.3847,80.517794,0.2933,8.51,3.94,13,False,overcast,night,above
c46cd8a2-0605-4d3f-9506-d38c5b7e6073,60.0,1013.986,-0.1382,0.088192,1.147,1014.124,27.6882,-5.6487,40.6585,46.448598,0.7946,45.87,12.89,1,True,overcast,night,street_level
456a8711-ec22-404e-bffb-e4e6f7b4d33a,60.0,998.572,0.4254,0.201141,-3.531,998.147,33.1481,-61.8138,38.7792,52.170192,0.7453,40.52,9.78,0,True,clear,morning,underground
4f86ca77-906f-4fe9-b062-cbb0afd3d1cb,60.0,993.996,0.9153,0.347795,-7.597,993.081,24.2685,-18.4158,36.2375,80.22108,0.6001,12.47,2.81,13,False,clear,night,underground
27c31e56-9e5a-4f79-835a-792b7f24e8eb,60.0,1001.656,-1.3506,0.577077,11.21,1003.007,28.8736,-15.7186,36.8926,51.271838,0.5014,3.6,0.88,10,False,rain,afternoon,above
434d179d-0ce6-4238-aeb1-820669190d88,60.0,1008.688,0.2969,0.794611,-2.464,1008.391,11.0516,-37.2499,51.8506,12.033545,0.7078,26.14,4.65,1,True,overcast,evening,street_level
69a06f50-ccab-4836-a7da-43721ef9f35a,60.0,1012.776,-0.1938,0.133503,1.609,1012.97,24.2288,0.3307,49.1461,48.218855,0.6958,45.77,13.79,1,True,overcast,afternoon,underground
aa8d615f-3cbe-4ed2-9598-2f1cd00d3d0c,60.0,1014.73,0.1089,0.120692,-0.903,1014.621,14.8169,-26.0835,52.484,4.919144,0.2343,59.52,4.15,3,True,overcast,night,street_level
d51fe132-e612-4440-9bf6-1c9058b83260,60.0,998.533,1.4536,0.67893,-12.065,997.079,24.0321,-32.6582,29.6832,90.93643,0.7334,59.4,13.57,0,True,overcast,evening,underground
c09d67ee-995b-4c25-992f-8b52b63659c8,60.0,997.796,-0.3709,0.284379,3.078,998.166,18.8382,13.2924,15.7999,4.567578,0.6646,88.39,7.34,2,True,rain,morning,street_level
f3f1af10-bfd9-4cfa-a0d3-5a672426c2d7,60.0,996.616,-0.1469,0.40155,1.22,996.763,16.1042,-9.4694,23.6993,62.364915,0.2607,25.0,-0.04,20,False,clear,night,street_level
b719cd81-799d-407a-a3aa-c3df786d3e72,60.0,997.67,-0.1438,0.373744,1.194,997.814,12.0615,-8.9706,55.9329,40.850645,0.7205,20.48,4.09,6,False,clear,morning,underground
5c263c1c-eaff-4b4c-bfce-69522ffbf004,60.0,1001.216,-0.2158,0.534277,1.791,1001.431,35.3913,2.6569,44.7413,96.627572,0.821,10.45,8.47,5,False,rain,afternoon,underground
b17f379d-994f-4fcb-90b7-1688a1b14222,60.0,1001.241,-0.0197,0.67062,0.164,1001.26,28.8189,6.3997,51.3407,-4.332654,0.4469,54.47,10.67,0,True,rain,evening,underground
adaa2586-c71f-4f28-9a03-d34d2308409f,60.0,1014.523,1.0071,0.458043,-8.359,1013.516,24.4951,-16.0904,48.0577,61.135234,0.5909,81.79,13.15,0,True,overcast,morning,underground
5b841bb3-b576-47fd-b49e-58df6ef4b04b,60.0,1014.372,0.6073,0.54794,-5.041,1013.765,3.1339,-36.2763,56.9325,85.620446,0.861,34.66,11.38,0,True,overcast,evening,underground
2bd48501-81c4-4102-b1aa-4e8361f6fc53,60.0,1013.806,-1.232,0.314671,10.226,1015.038,-17.1502,-16.8552,43.3812,52.783615,0.5835,34.96,7.15,4,True,clear,morning,above
46c08343-bd68-42f8-9678-256cb95d8e53,60.0,1000.408,-0.8457,0.566751,7.019,1001.254,23.3711,-3.7825,20.9935,28.934108,0.6749,17.76,2.26,14,False,clear,night,above
79f1476e-1c34-4e5a-b814-4b8ff4ec873f,60.0,999.673,0.3725,0.105751,-3.092,999.301,3.0044,-13.3702,56.1253,54.150163,0.628,19.64,2.51,5,False,clear,night,underground
3d19930e-deb9-435c-8111-52646fb352a3,60.0,1014.978,-0.6616,0.144739,5.491,1015.639,20.0084,2.3968,28.8253,60.335669,1.0,66.67,4.82,2,True,overcast,evening,above
0ff218b6-9934-4066-8d93-a8471462bce6,60.0,996.79,-0.6434,0.208379,5.34,997.433,26.7983,12.1172,46.1292,20.27469,0.9018,16.36,1.67,12,False,clear,evening,above
f838f80e-ef81-4bbc-89e4-87ab4cdd8ff6,60.0,997.708,-0.3789,0.191683,3.145,998.087,4.3595,-31.0584,46.7548,53.616812,0.739,12.08,3.55,14,False,overcast,afternoon,underground
ee4381e1-c0c8-46c7-b7aa-fe183655ef1b,60.0,1013.914,0.1919,0.147856,-1.593,1013.722,22.4514,-18.9592,49.2487,25.244029,0.6587,15.93,2.49,11,False,clear,night,street_level
b2828906-067a-4b34-8452-cc26f8dbee1c,60.0,1004.989,-0.2873,0.030453,2.384,1005.276,11.7693,14.4438,35.554,10.512598,0.571,18.72,9.06,1,True,rain,evening,street_level
0e46fc26-a9bc-4c4c-9167-f799fde70928,60.0,998.525,0.6405,0.352081,-5.316,997.885,33.4934,-25.2738,23.7106,82.188051,1.0,73.15,12.94,1,True,overcast,night,underground
26b99987-ea8e-4315-b3d8-6c371d3f4444,60.0,1010.443,-1.4809,0.155251,12.291,1011.924,2.2701,-18.0692,37.2565,74.063577,0.9407,10.9,0.66,10,False,overcast,afternoon,above
f481756b-d4ef-4093-913e-1653f33cc8b8,60.0,1017.357,-0.2498,0.534508,2.074,1017.607,-9.2766,17.7844,35.5472,85.554891,0.7695,14.57,0.81,4,False,overcast,morning,street_level
bbdd4917-b453-48a1-a38b-e34314d40243,60.0,997.658,-0.9898,0.274713,8.215,998.648,38.1124,-21.0456,33.5114,73.374589,1.0,62.11,1.25,4,True,rain,evening,above
b70b427d-de1b-4d77-bfdc-02045515d007,60.0,994.587,0.201,0.033733,-1.669,994.386,13.2552,1.4585,34.1441,40.341408,0.5909,37.77,8.71,0,True,overcast,morning,street_level
d8492509-34e5-4070-91de-37feff902e97,60.0,993.976,-0.7966,0.554713,6.612,994.772,14.3982,1.8612,10.7135,37.381219,0.0,36.83,7.03,4,True,overcast,afternoon,street_level
641b9d39-5341-4c48-add6-e209308f7947,60.0,1001.228,-0.9063,0.310031,7.522,1002.135,57.473,-5.855,46.0353,64.561602,0.4697,13.91,2.92,9,False,overcast,afternoon,above
5ebd36b6-4da7-45c1-aad5-13b3e7046df2,60.0,1013.033,0.2984,0.131055,-2.477,1012.734,-21.5099,30.7223,62.5282,20.722173,0.7873,43.47,1.35,4,True,rain,night,street_level
35733f2c-0eea-4c37-aca5-67cce0152f84,60.0,1004.486,-0.0105,0.140005,0.087,1004.497,14.0747,-16.7784,62.996,23.585909,0.5544,15.7,1.26,19,False,overcast,afternoon,street_level
7503c415-73f1-43e2-bd29-928893fd51fd,60.0,1016.72,-1.1554,0.248925,9.59,1017.875,31.5266,-9.978,10.9331,61.712705,0.449,43.44,12.22,3,True,overcast,night,above
364555a1-cf31-4752-86fa-f16b038ba910,60.0,1000.162,-1.6638,0.202915,13.81,1001.826,38.5473,18.0521,32.512,93.115096,0.4841,14.25,3.21,17,False,overcast,night,street_level
08c44553-9982-4b0c-a90b-b8bf4224129d,60.0,992.741,0.7891,0.626024,-6.55,991.952,27.2053,-19.907,43.5682,71.247987,0.7327,12.0,1.72,7,False,rain,afternoon,street_level
59874875-5e86-409b-8a3b-a687a2465fc2,60.0,994.917,-0.1604,0.202223,1.331,995.077,15.039,-19.8063,45.7574,45.901315,0.4675,18.21,0.88,19,False,rain,night,above
b48f67c4-33ac-4f32-8ad3-be65fa0bfbd4,60.0,990.613,-0.7541,0.305422,6.259,991.368,27.5813,-39.438,32.8892,28.825582,0.4213,33.18,6.36,2,True,clear,night,above
d0b78096-d595-4daf-ac14-956b7610fb3e,60.0,994.219,-0.9015,0.164548,7.482,995.121,19.329,1.9009,34.5885,22.009312,0.5681,6.4,1.74,15,False,rain,morning,above
c57736af-3543-49ba-a72a-5567493b92c6,60.0,1013.92,0.3102,0.693554,-2.574,1013.61,33.7041,-7.9965,50.135,80.359052,0.7618,62.85,16.81,0,True,rain,morning,underground
a9a232b5-519f-4aeb-a6db-41f12ed1f587,60.0,997.125,-1.2231,0.422541,10.152,998.348,27.7358,-11.175,32.268,29.375721,0.4064,48.44,7.19,8,True,clear,morning,above
d219c97c-a71c-4433-a2c8-71fac769379b,60.0,993.987,2.2206,0.080376,-18.431,991.766,0.0079,10.8416,51.4202,20.902716,0.9033,15.7,3.88,14,False,rain,evening,street_level
260ca1e0-d52d-4f45-8e26-af848db3095e,60.0,1007.213,-0.1717,0.290288,1.425,1007.384,6.6888,19.5417,28.982,83.938228,0.8966,45.85,7.61,4,True,clear,morning,above
85e219bb-f972-423b-b711-7fd10aa9e326,60.0,996.72,-2.8087,0.673354,23.312,999.529,19.5918,-31.4459,18.6866,76.462244,0.4329,16.68,2.09,14,False,rain,morning,street_level
8b7f09a1-0e73-45ec-a01e-0aad0761d86c,60.0,996.637,1.1762,0.564051,-9.762,995.461,35.1566,2.885,40.7477,85.128325,0.6439,66.11,11.33,0,True,rain,afternoon,underground
c272dc4c-5f3f-4b65-9ca2-36f36c922986,60.0,1016.093,-1.1617,0.471348,9.642,1017.255,28.5665,-21.5593,62.8096,28.184077,0.4549,6.89,0.38,13,False,overcast,night,street_level
2f5a9a15-971e-468c-aa29-82a414dc9927,60.0,1012.043,0.5932,0.641332,-4.923,1011.45,17.161,-1.0118,42.7039,70.859845,0.5716,28.11,3.83,10,False,rain,night,underground
4003b727-0eb7-452a-bc74-69c013be0fee,60.0,1011.143,-0.0576,0.396947,0.478,1011.201,19.1474,-35.1925,21.8754,84.935738,0.6925,54.63,13.04,0,True,rain,morning,underground
4cac43b0-ae69-45b4-a4f6-5929ce7eec30,60.0,1012.545,-0.5926,0.343979,4.919,1013.138,32.3834,4.4164,14.9037,51.400415,0.7568,24.22,10.48,1,True,overcast,afternoon,above
d7715017-62a7-470d-8dd7-5169166fd64a,60.0,993.875,-1.2647,0.39982,10.497,995.14,26.5626,-18.6601,17.3501,112.932199,0.8573,6.29,1.62,16,False,rain,morning,above
1515d001-9ae4-44e0-9457-8302c437c46c,60.0,1004.921,0.9607,0.591108,-7.974,1003.96,14.7555,-9.2342,50.4485,88.608419,0.4626,14.09,2.56,5,False,overcast,night,street_level
6577cdf0-2858-40de-b622-5f8b6e8eaee0,60.0,1012.591,-1.2745,0.170348,10.578,1013.866,13.8462,-4.7369,21.5344,62.559628,0.2711,44.28,7.54,4,True,clear,afternoon,above
75a7f9ef-fa5a-41cd-b329-256759156639,60.0,992.805,0.2936,0.126904,-2.437,992.512,38.8893,17.943,41.87,19.698265,0.4364,56.07,9.68,4,True,clear,evening,street_level
b57519a0-da6f-4e2c-b0ac-469de14b8717,60.0,1002.038,1.0951,0.631137,-9.089,1000.943,-1.7738,-11.3623,54.8633,53.291046,0.4211,80.01,11.94,0,True,overcast,night,underground
7b277c17-e4eb-47fb-a659-baa276025c8c,60.0,1003.754,-0.6975,0.539636,5.79,1004.451,7.7663,14.7903,28.6759,49.150834,0.7931,57.73,13.01,0,True,rain,afternoon,above
edf471ff-e37e-45ff-8f18-f380fdaa053a,60.0,1008.155,0.271,0.0965,-2.249,1007.884,-2.2597,11.7789,25.787,36.821056,0.3972,13.49,3.94,13,False,rain,evening,street_level
52094d6d-4735-42a5-800f-d57b629d7ae1,60.0,1003.581,0.2583,0.040402,-2.144,1003.322,21.8871,20.3373,50.819,31.452145,0.6526,22.63,8.44,0,True,rain,afternoon,street_level
f63b828e-c87e-48fb-9ef7-ce7a09f8449b,60.0,999.907,-1.018,0.185377,8.449,1000.925,15.8603,-17.0699,24.8177,52.228558,1.0,10.36,3.08,14,False,clear,morning,above
9da0e321-92ca-47fb-8553-023ea2643e27,60.0,1010.968,-0.3477,0.50359,2.886,1011.316,12.6032,-9.6384,35.6876,37.924277,0.7888,33.8,8.0,0,True,rain,morning,above
1297d4bb-22a2-44b4-83f7-5d10c350d4ff,60.0,1006.238,0.1754,0.076031,-1.456,1006.063,21.5248,-18.1641,23.8338,46.212556,0.3159,7.88,9.95,0,True,clear,morning,street_level
e7416be9-c27c-42e6-a03b-01ae684cf967,60.0,1006.039,-1.1386,0.736638,9.45,1007.178,15.5969,9.168,45.8697,34.949101,1.0,15.68,4.94,16,False,overcast,morning,street_level
2907bd41-e8b3-4a15-8ab2-05625f3929f3,60.0,1002.605,0.6366,0.16335,-5.284,1001.968,25.5253,4.659,42.6954,73.137722,0.4177,89.88,11.01,2,True,overcast,morning,underground
ff00d1b6-e853-47b4-87a7-7f55633fdb6c,60.0,990.355,-0.132,0.394047,1.096,990.487,14.5149,-31.8387,71.5564,47.64286,0.0,4.89,3.35,11,False,overcast,morning,street_level
e1f32040-3a40-49db-bda0-877f622665de,60.0,1012.24,0.5438,0.373362,-4.513,1011.696,11.1318,13.2201,30.5734,103.992961,0.4132,70.45,10.65,0,True,rain,afternoon,underground
dd058bd9-0854-41ae-b321-16585ac6d0a9,60.0,1015.839,-1.1938,0.585364,9.908,1017.033,51.5763,-40.9228,27.9974,62.560153,0.2292,20.8,9.02,0,True,clear,morning,above
1a2f6a4f-69d6-4061-862b-8873c9e69615,60.0,990.58,0.1064,0.280958,-0.883,990.474,40.6591,10.6339,41.2691,20.280378,0.414,19.85,4.18,10,False,overcast,evening,street_level
084c90f3-06af-495a-951a-43a5d975d06e,60.0,1002.242,0.2667,0.116429,-2.214,1001.976,29.4212,-34.9181,63.2473,15.355314,0.2973,15.43,-0.18,15,False,overcast,evening,street_level
26bce419-1b92-44dc-9882-e23ce6556ffc,60.0,1012.931,-0.4637,0.530914,3.848,1013.395,-5.07,-4.4342,28.9754,115.048061,0.661,15.7,2.29,16,False,overcast,evening,above
f30be499-2381-4d93-91b8-f3acbe6a1956,60.0,1010.457,-0.0381,0.027374,0.317,1010.495,20.9715,-7.0166,46.9049,19.613026,0.1099,18.82,3.11,10,False,rain,afternoon,street_level
2d1a0b08-fca3-425a-afd5-1ac5e2db02c1,60.0,990.221,-0.7366,0.309919,6.114,990.957,18.9391,-9.0177,28.6648,61.141741,0.89,48.52,10.34,0,True,overcast,afternoon,above
f18917bb-d924-448d-b7e6-391635987894,60.0,994.501,0.0178,0.146146,-0.147,994.484,-4.8346,-0.3052,62.1175,86.530909,0.519,68.38,2.9,0,True,rain,evening,underground
af3e2620-17a6-4518-809d-420d8aef0a81,60.0,1000.46,-0.5191,0.602041,4.309,1000.98,18.5475,-26.0054,38.1914,31.206313,0.5727,20.04,6.6,12,False,overcast,afternoon,street_level
387997d1-5b95-401b-b472-664c966016d3,60.0,1001.295,-0.821,0.135825,6.815,1002.116,16.2263,-23.4518,34.2493,54.703215,0.9121,43.65,13.02,1,True,overcast,night,above
0bdc5e4a-eb8f-468f-846c-371766078be7,60.0,1017.258,-0.6931,0.385676,5.753,1017.952,24.974,-4.5623,56.8585,75.149137,0.5249,14.7,0.28,16,False,rain,morning,above
be84f73b-0234-4de2-8d09-1ce75b7e348c,60.0,1001.569,0.6935,0.330914,-5.756,1000.875,20.5122,-17.6946,33.3472,60.977017,0.9916,35.29,1.02,7,False,overcast,night,underground
50cf0cc4-4928-4c4d-961c-a12054ab0e2d,60.0,990.821,-0.3645,0.470554,3.025,991.186,30.5595,3.3479,46.3115,44.756613,0.3372,8.58,3.57,16,False,rain,night,above
980ed00a-35e2-4349-b0b4-3979af3c6b7f,60.0,1016.307,0.0089,0.49053,-0.074,1016.298,7.5737,-7.4116,82.6882,42.044202,0.8644,68.09,16.78,0,True,clear,evening,underground
a3ecf2bd-5626-4349-9442-b8c7d1732e54,60.0,996.878,1.1892,0.406912,-9.871,995.688,18.3673,5.4946,20.3504,47.265619,0.8223,75.36,10.42,0,True,clear,night,underground
ade41891-4efa-466c-8f79-6040c92215fe,60.0,1003.602,-0.048,0.015778,0.399,1003.65,-16.1599,10.3638,53.2976,43.483064,0.6312,20.76,1.87,16,False,clear,evening,street_level
3a551d88-ca71-4e49-ab74-26ade2546170,60.0,1005.257,-1.0563,0.535165,8.767,1006.313,26.2902,-27.1693,51.1165,63.294926,0.6613,9.64,2.99,11,False,clear,night,above
ed366bab-13c3-4d27-9dc3-4e119797c9af,60.0,1001.787,-0.4872,0.568933,4.044,1002.275,31.4176,-11.8096,34.7517,19.858213,0.5988,9.35,2.12,12,False,overcast,night,street_level
880b2ddf-7113-458b-8c2a-374a7e04c43e,60.0,992.896,0.7441,0.171494,-6.176,992.152,9.8827,-19.8077,71.8126,60.312783,0.6506,65.38,8.92,0,True,overcast,afternoon,underground
1aba1e72-0409-4afe-98aa-6215dac58424,60.0,1001.792,0.5882,0.501699,-4.882,1001.204,9.2354,-26.5564,43.8939,69.177858,0.6088,20.54,1.37,7,False,clear,evening,underground
d18e33ac-d174-4d4c-a886-847c1b481c3d,60.0,1011.871,0.4384,0.212513,-3.639,1011.432,11.8648,-28.3873,46.5233,35.718246,0.5927,72.8,15.81,3,True,rain,morning,street_level
d3655e36-0573-4709-8ce7-3181b20394ea,60.0,998.683,1.0298,0.259996,-8.548,997.653,31.8601,1.8091,46.8936,46.418931,0.5149,47.18,16.98,0,True,rain,morning,underground
0e57a766-97c1-49f9-886e-1021cc828ac3,60.0,1015.938,-0.7849,0.400236,6.514,1016.723,-24.9056,-22.4693,32.6358,44.375983,0.3498,64.11,2.62,1,True,overcast,afternoon,above
e6e38b56-5c5a-455a-973d-11f62560f70c,60.0,991.116,-0.2095,0.033695,1.739,991.326,-7.6305,-2.1749,30.7673,25.005754,0.8198,4.24,3.8,13,False,rain,night,street_level
322b6cd3-26c4-495f-b442-5c068315a2fc,60.0,1003.029,-1.359,0.589577,11.28,1004.388,13.3738,21.9828,50.0341,60.225355,0.5557,5.98,1.18,18,False,overcast,morning,above
f2b81524-80d7-4c1c-bc45-f6dd8575ad71,60.0,1004.355,-0.2563,0.06617,2.127,1004.611,45.6846,-17.8378,18.2334,17.186015,0.6126,46.55,11.56,8,True,clear,afternoon,street_level
7d7a4e44-568c-407b-8f44-eb4f394516f8,60.0,1014.832,0.5882,0.471798,-4.882,1014.244,49.9625,-33.4905,78.7869,68.179439,0.8676,1.0,2.51,1,False,clear,evening,underground
9834e2f9-9d5c-4883-8149-fb392132a5a4,60.0,1017.187,0.458,0.579536,-3.802,1016.729,27.9295,-1.8012,57.3628,34.761278,0.7158,72.76,12.64,0,True,clear,afternoon,underground
ea8b89e7-8859-447f-a833-f97ce3041847,60.0,1009.013,0.2825,0.09913,-2.345,1008.731,40.3806,-48.3556,34.2222,62.938515,0.1478,12.8,13.06,1,True,overcast,morning,street_level
37a48e36-2933-45c1-80fb-0b3eb5752374,60.0,1006.996,-1.2198,0.56015,10.124,1008.216,28.8224,-2.2592,53.0426,106.97562,0.064,57.99,11.67,2,True,rain,afternoon,above
25cf6a40-debb-47f4-b82c-3cd2a6b5cc2d,60.0,1008.934,-0.425,0.412748,3.528,1009.359,9.2497,-22.7647,47.5112,26.163945,0.6197,68.15,6.04,2,True,overcast,afternoon,above
6797fd1f-a924-4516-ab78-c955ea976ace,60.0,990.388,0.0404,0.554383,-0.335,990.348,26.8231,-10.1641,46.5976,104.681256,0.7845,65.88,7.49,0,True,clear,evening,underground
aa1e88a5-3eec-4551-b892-891057bb45c8,60.0,992.599,0.9854,0.600843,-8.179,991.614,37.0971,-32.2487,45.2468,49.819608,0.6884,29.92,9.89,0,True,rain,night,underground
0395f5fb-55df-4330-8417-82f60e534e98,60.0,1006.021,-1.4004,0.290668,11.623,1007.422,14.9667,-11.7097,39.832,78.05454,1.0,42.49,10.76,3,True,overcast,evening,above
ce857134-a811-4a8e-9175-4f19a130e727,60.0,1001.881,0.6348,0.124312,-5.269,1001.246,30.7899,-7.4546,47.2295,94.284747,0.7887,50.88,13.51,0,True,rain,evening,underground
a57b3c15-06d2-46fe-8fc4-b996622c3fb2,60.0,995.749,-0.7313,0.512987,6.07,996.48,12.1436,19.3953,44.6986,87.468169,0.498,42.97,10.96,4,True,rain,night,above
dc60e9ce-d947-461c-9888-68aa6d39fb78,60.0,1007.157,-0.2826,0.749212,2.346,1007.439,22.2268,6.5261,23.4193,22.652199,0.797,66.78,4.66,5,True,overcast,night,street_level
c1ba49e3-7954-4934-8708-8b4a93bbb51c,60.0,1011.498,0.4152,0.293268,-3.446,1011.083,22.5573,-16.2264,50.5772,44.021347,0.8364,62.12,14.12,0,True,clear,evening,underground
9c87fd1a-b6e9-4cbf-baeb-6b81d075aa72,60.0,1008.051,0.8295,0.13622,-6.885,1007.221,-11.1779,-18.9902,12.6007,68.10253,0.7161,40.05,18.85,0,True,rain,morning,underground
3c51733f-8dba-47d7-af4b-57bf57ba5d55,60.0,999.087,-0.9624,0.197081,7.988,1000.05,36.9905,2.8218,31.9426,92.734504,0.6326,26.14,9.46,1,True,clear,afternoon,above
8e9b6751-06c0-4bdf-bd5f-4f694805f360,60.0,1008.078,0.1991,0.127102,-1.653,1007.879,45.1818,-29.646,47.2226,66.409872,0.8984,28.03,8.07,3,True,rain,night,street_level
7b940a48-7df9-4f60-a330-ceb166cdd597,60.0,1008.659,1.4651,0.146363,-12.16,1007.194,-1.5711,-15.6639,58.987,102.458362,0.4825,64.59,7.96,0,True,clear,afternoon,underground
2813809e-2db1-431d-bf1f-d53d4722fe6a,60.0,990.944,0.2033,0.497682,-1.687,990.741,9.1539,-5.3567,48.1501,81.40099,0.8181,4.42,3.82,11,False,clear,night,underground
5e3be2a3-e947-41f4-815e-f1fe413cfc8e,60.0,1002.295,-0.7294,0.594861,6.054,1003.025,33.8076,13.434,84.1787,90.123257,0.5518,28.7,9.26,3,True,clear,night,above
824b4c3f-632b-4599-a3d2-09faf5497933,60.0,992.089,-0.3608,0.551154,2.994,992.449,9.3646,2.2412,57.6452,88.149153,0.3257,21.84,2.86,7,False,overcast,evening,above
696b6aad-e366-46be-8ebd-2d02926adc0c,60.0,1008.328,0.3061,0.137633,-2.54,1008.022,10.8022,-20.4328,27.1698,97.801171,0.5897,61.2,14.69,0,True,rain,night,underground
e4595958-42bc-4198-a6b3-a905054f0614,60.0,996.353,-0.1777,0.624344,1.475,996.531,12.9373,-0.1583,51.5382,95.146475,0.7375,20.73,1.59,16,False,clear,evening,underground
b46c4eb5-2c6f-4043-85b9-536091edaf35,60.0,1016.097,-0.2858,0.025504,2.372,1016.383,32.1666,-21.7455,44.8841,36.147649,0.1088,46.43,7.15,6,True,clear,night,street_level
fd288c57-834e-4a9f-8bdb-437394cf501f,60.0,999.0,0.8493,0.774961,-7.049,998.15,48.4533,14.5251,46.6155,15.425668,0.745,58.64,12.17,4,True,overcast,morning,street_level
9c2d1c0f-8761-42d8-bff9-e1a61e990bf1,60.0,996.754,-0.8061,0.45132,6.691,997.56,13.7984,4.2455,44.117,94.21807,0.5887,13.11,2.82,6,False,clear,morning,above
7cd2a963-4866-496a-99ca-e17b50da809c,60.0,1013.12,-1.6255,0.438999,13.492,1014.746,30.0603,-45.3388,20.2857,55.855481,0.6321,5.58,2.14,16,False,clear,morning,above
c090abd8-8976-448e-b197-402f76069920,60.0,1015.898,0.7723,0.592375,-6.41,1015.125,6.3708,-19.1766,18.2571,60.414551,0.6345,25.57,2.55,11,False,clear,afternoon,underground
b203ccee-f4b8-4e99-954d-f88a5739604b,60.0,1015.397,-2.1318,0.132219,17.694,1017.529,22.2314,13.1016,54.5275,47.471265,0.2203,8.03,2.07,9,False,overcast,afternoon,street_level
467a2b23-3fe6-4597-8b3c-5720f4a5e912,60.0,995.637,0.0999,0.138074,-0.829,995.537,49.5237,-13.4835,33.2384,72.212636,0.701,9.59,1.36,13,False,clear,night,street_level
66ff4f07-1ec1-4b4e-b5f6-d47bc9ac9157,60.0,1005.6,1.0292,0.27921,-8.543,1004.57,18.5357,8.4286,73.0336,64.254907,0.5075,14.71,1.19,5,False,clear,night,underground
da04b4b9-6ee0-43b7-a073-b0b339a8234e,60.0,991.655,-0.532,0.135454,4.415,992.187,30.3491,-13.0032,50.2512,109.613972,0.6086,25.09,7.75,3,True,rain,morning,above
412a4b55-c25f-4503-bf89-8641037d0b22,60.0,1003.825,-0.3498,0.057551,2.903,1004.175,38.3424,-10.762,31.8463,48.848434,0.284,9.2,5.08,15,False,overcast,night,street_level
c4ad49b1-6414-44b7-b6e8-3d70a9c2733f,60.0,1012.673,-0.4514,0.127166,3.746,1013.124,21.2757,-13.5918,35.903,16.541058,0.397,38.59,5.57,1,True,clear,evening,street_level
4ed6571e-74ba-4a67-827a-13c3ab736f3e,60.0,1007.619,-0.0768,0.148345,0.637,1007.695,10.2975,-19.438,18.4044,72.73196,0.5968,11.15,2.67,15,False,rain,morning,above
c9851f82-8e03-4bd0-a352-c59206210053,60.0,1007.159,-0.9277,0.579662,7.7,1008.086,12.4612,3.1211,35.3778,60.110169,1.0,12.75,1.47,12,False,overcast,night,above
7b2adcee-b57b-4b81-840e-b565129b5c80,60.0,992.1,-1.5904,0.476546,13.2,993.69,11.5295,-22.6976,61.4991,10.514981,0.4514,36.63,6.85,3,True,clear,morning,street_level
49632889-fb31-46eb-b7ce-2303a739624d,60.0,1008.687,-0.3436,0.134263,2.852,1009.031,4.2009,-34.2623,46.0911,72.722407,0.7471,5.97,2.14,10,False,clear,afternoon,above
dd9dd9e0-0c1c-4fef-a5cf-ebc2229fad50,60.0,992.116,0.0734,0.027873,-0.609,992.043,-1.5187,-8.4024,31.8595,38.439958,0.5439,17.6,2.19,6,False,overcast,evening,street_level
97bf8f78-0a1c-4d25-90b6-bb8b37acf127,60.0,1010.736,0.5225,0.497276,-4.337,1010.214,19.8318,-9.3766,43.4341,51.038402,0.5041,51.51,11.89,0,True,rain,night,underground
1fc546ca-c5b8-4351-a7b6-8eafaa6a1e44,60.0,997.089,-0.0936,0.139546,0.777,997.183,18.6709,-9.952,32.1271,5.723178,0.1498,54.71,16.43,4,True,rain,night,street_level
20f61135-8f37-44cb-b087-1e5e961453c7,60.0,998.864,0.0699,0.309559,-0.581,998.795,29.4313,14.4823,26.1038,88.80116,0.7041,29.73,4.0,1,False,overcast,afternoon,underground
05d7ca1b-38c5-4cd5-8264-4c7c76a30137,60.0,1014.169,-0.7735,0.197913,6.42,1014.943,11.0961,8.7584,44.4104,56.088415,0.5427,13.81,2.67,7,False,clear,evening,above
5d26faf3-07f7-4a3c-8e46-a1b109524e21,60.0,1010.15,-1.6522,0.177286,13.713,1011.802,15.0831,-11.0608,34.627,54.902527,0.8639,8.03,1.89,16,False,clear,morning,above
b2886fc0-fe33-414b-b17c-238290f2672b,60.0,990.062,-0.8176,0.708199,6.786,990.879,3.3172,13.3877,39.2684,34.355456,0.0262,51.38,1.36,4,True,rain,night,street_level
8060a80c-a8ad-47f0-a27d-c8b317daf990,60.0,1016.388,-0.1628,0.586182,1.352,1016.551,40.7474,2.9317,21.8859,67.583652,1.0,61.72,9.95,0,True,overcast,night,underground
26401c21-8d79-4e7d-b599-475d2298b06a,60.0,1004.453,4.3308,0.589158,-35.946,1000.122,14.797,2.8756,45.4777,53.586824,0.5328,22.02,1.82,10,False,overcast,morning,street_level
29fb0d75-5926-4892-98df-e9fe7869fb03,60.0,1014.068,-0.9197,0.259848,7.633,1014.988,27.3348,15.1388,48.4114,70.464222,1.0,2.36,3.56,14,False,clear,morning,above
ef945e78-603f-4aaa-9dca-aab67b77dc21,60.0,1010.639,-0.2236,0.327974,1.856,1010.862,27.6615,-19.8931,44.9871,66.956569,0.6328,20.92,4.05,7,False,rain,evening,underground
f9a63630-3649-4d0d-88cc-aff2fd2fd116,60.0,1001.514,-0.8387,0.226735,6.961,1002.352,12.5094,-42.4843,53.2087,62.185987,0.9131,51.2,8.18,5,True,clear,morning,above
289dcffb-53eb-4e9b-b43e-2fc848ac670d,60.0,1014.486,1.8091,0.721584,-15.015,1012.677,44.2217,10.1703,49.77,39.198747,0.7801,24.07,2.57,12,False,clear,night,street_level
55a42758-e39f-44de-957f-13865eea4499,60.0,1014.445,0.8964,0.114679,-7.44,1013.549,23.2286,-11.4491,37.2744,47.442071,0.6334,16.65,3.87,6,False,clear,morning,underground
2308d8f1-4f19-453a-8c34-31a1453a17d1,60.0,1005.746,-0.2669,0.489234,2.216,1006.013,37.9031,-4.7836,53.3023,67.460042,0.4633,5.91,1.2,15,False,rain,morning,above
1845443a-cea5-407a-b1c0-155ee3946697,60.0,1016.281,-0.2123,0.065011,1.762,1016.493,21.9413,-15.2968,40.4627,24.920983,0.6217,21.38,1.86,9,False,rain,morning,street_level
4a60bf7b-cd42-4237-a2db-f66ace9b7a91,60.0,1011.344,-0.4553,0.016503,3.779,1011.799,12.3532,-26.6189,51.3102,8.405317,0.3428,19.38,3.98,4,True,overcast,afternoon,street_level
b062799c-735b-497c-bfd5-d0fa95483fe9,60.0,1000.546,-0.0102,0.554262,0.085,1000.556,22.3863,-11.8377,25.2042,105.117266,0.5545,5.46,6.78,3,True,rain,morning,above
07ad8da0-cda2-4747-8f49-5461ff055525,60.0,996.22,0.8329,0.312802,-6.913,995.388,17.2269,-21.5456,30.5504,119.540035,1.0,3.43,8.08,6,False,clear,afternoon,underground
0e847228-3c37-404f-a2e0-70cc957258ed,60.0,1005.009,-0.1686,0.517119,1.399,1005.177,13.5778,-31.4956,72.8746,72.667424,0.6463,19.86,1.2,14,False,rain,evening,above
114bbeb1-468f-46bc-a940-72ff5ed5ae68,60.0,1006.545,0.7581,0.268258,-6.292,1005.787,49.8712,17.2542,44.8456,80.549221,0.5351,20.66,5.27,11,False,overcast,afternoon,underground
5fcb2bfd-4ea4-4550-81fc-a3a358ca02b4,60.0,990.747,-0.8264,0.213141,6.859,991.574,5.7102,-37.3983,28.6688,90.208862,0.3696,47.85,8.84,1,True,overcast,morning,above
68344b76-163a-43b4-ae12-33f0aa448af1,60.0,1006.805,-1.2699,0.530008,10.54,1008.075,24.6596,4.6321,25.0106,30.081733,0.3701,35.75,9.06,1,True,overcast,evening,above
4389d8a7-0e9e-4275-a748-909c8c122504,60.0,1005.726,0.1839,0.094611,-1.527,1005.542,21.4341,-24.4053,13.6735,55.979786,0.0791,24.76,0.48,10,False,clear,night,street_level
2bd64b72-e03b-40b9-b906-83eeb2002c08,60.0,992.984,0.2709,0.139287,-2.248,992.713,-3.135,-5.884,42.2578,33.312144,0.3157,26.06,3.16,6,False,clear,evening,street_level
2d7d8dc2-f4b0-4358-9625-4118ce91e016,60.0,1006.776,-0.8359,0.188277,6.938,1007.612,17.7505,-15.8396,41.5421,29.888794,0.8775,12.95,2.56,8,False,overcast,night,above
56972530-9e45-48f6-89af-f7ffdd4685bb,60.0,991.332,0.8482,0.255171,-7.04,990.484,2.4442,-33.5982,23.1987,41.762501,0.5507,103.14,12.11,1,True,clear,evening,underground
2be079f1-df95-4c21-8f83-a28806c3424e,60.0,1007.742,-0.0231,0.349119,0.192,1007.765,21.3705,-23.6734,52.158,87.960292,0.7446,10.73,2.78,0,False,rain,afternoon,underground
431105e2-4ca5-4f62-b0f7-1962d69aa8de,60.0,1006.695,0.0487,0.524107,-0.405,1006.646,0.233,-43.214,52.263,103.080674,0.847,64.63,12.22,0,True,overcast,night,underground
b9db1f03-595f-4d8d-8f40-9091a2c8b9d8,60.0,991.013,0.9733,0.413374,-8.078,990.04,35.0145,-16.1541,55.2318,44.332238,0.7341,18.19,5.17,0,False,clear,night,underground
b044e724-b34a-406d-87ea-688d464be0c4,60.0,998.732,1.4387,0.342717,-11.941,997.294,-6.5427,-10.9647,21.8089,18.428907,0.0253,74.6,10.04,0,True,overcast,evening,street_level
82d8dbb7-2c48-4003-89b8-7222c7b69692,60.0,1005.401,0.5821,0.132242,-4.831,1004.819,1.9086,-52.8928,21.5596,52.92252,0.4221,63.75,1.88,2,True,overcast,morning,street_level
8f32a3f0-8ad4-4bca-84ea-f1d9f845064b,60.0,1017.547,0.2766,0.073537,-2.296,1017.27,0.1275,4.479,50.8148,21.21096,0.6148,63.86,7.96,5,True,rain,afternoon,street_level
fe331626-6505-4ad6-a9cc-e8c4ab44b23b,60.0,1006.851,1.0616,0.30699,-8.811,1005.79,33.5805,-28.0385,71.7628,40.353692,0.8664,19.82,7.65,3,False,overcast,afternoon,underground
710a851f-cf9d-4cd2-95e2-585fddcdf974,60.0,1006.162,-0.5527,0.25031,4.588,1006.715,-3.4896,-20.0699,32.8054,96.810016,0.9121,60.52,11.89,0,True,rain,evening,above
51e88666-7f36-4365-8da7-aab813d6d0a1,60.0,1010.208,0.8155,0.60802,-6.769,1009.392,18.9244,-23.5644,51.8593,49.617069,0.8626,70.5,9.36,0,True,clear,morning,underground
5801dcfe-dff5-4e69-af51-a5713e38af58,60.0,1000.135,0.5459,0.661716,-4.531,999.589,2.841,-5.7485,41.3456,42.731357,0.3231,1.0,3.09,2,False,rain,night,street_level
5c9aa28f-0f07-40f0-8128-0187f6a64276,60.0,1003.953,-0.3375,0.302869,2.802,1004.291,48.8952,-19.8694,20.3363,60.694537,0.5622,81.57,9.01,0,True,rain,morning,underground
06d7a616-e47c-43a7-93b2-e411eed7fcd8,60.0,1005.479,-1.1,0.709825,9.13,1006.579,25.643,-1.9824,46.8543,22.307052,1.0,2.83,6.2,12,False,clear,afternoon,street_level
532cb421-b924-4b8f-86d8-da62542c0e7b,60.0,1006.719,1.4535,0.165089,-12.064,1005.265,42.9197,7.9514,46.4818,33.712047,0.9073,35.38,2.05,2,False,rain,night,underground
5ebda72d-13e1-45ee-8daf-ea20bce86ba1,60.0,990.912,0.1759,0.101207,-1.46,990.736,-0.9494,10.11,42.1508,11.53087,0.4941,23.64,6.55,5,True,clear,morning,street_level
bd328402-373b-408d-b202-0ce1a5f3f98f,60.0,1009.092,1.5231,0.414347,-12.642,1007.568,26.903,-9.8952,30.457,43.967631,0.4611,20.82,4.91,10,False,overcast,morning,underground
2dbafb18-5dcc-4eee-933d-ca5ef7701841,60.0,1009.312,-0.2486,0.524334,2.063,1009.561,12.8701,-22.0408,69.1387,52.293371,0.4631,43.12,7.94,4,True,overcast,evening,above
07c7c62b-d6c1-4c98-91b6-f4e821d1cbd7,60.0,1009.464,1.2052,0.533532,-10.003,1008.259,24.8384,-33.502,42.2718,72.478145,0.7079,39.67,6.2,0,False,clear,evening,underground
390a276f-e136-4390-85f8-959384dfcd51,60.0,991.29,-0.0436,0.129568,0.361,991.333,10.9323,16.1674,39.0795,72.635848,0.8171,77.44,11.5,2,True,rain,morning,underground
86aeafc6-d452-4531-a1d9-5f8b2f119edb,60.0,1004.876,-0.9899,0.147988,8.216,1005.866,34.116,-10.3543,58.2425,73.743695,0.0323,60.8,7.76,0,True,overcast,afternoon,above
8f3e4d3a-63f9-4703-9ae7-0b970c710218,60.0,1003.519,-0.4347,0.110384,3.608,1003.954,20.2255,-18.9947,46.4611,80.247728,0.6139,10.17,3.09,13,False,overcast,afternoon,above
e899da3a-3deb-402b-83b0-6e8e992d7e65,60.0,1013.308,-1.0253,0.550418,8.51,1014.333,48.2868,-33.169,57.2838,42.344547,0.9766,1.51,2.78,8,False,rain,afternoon,above
463c4a2d-ea2d-45b6-b60a-8ca3b2fe3264,60.0,990.877,0.0684,0.021754,-0.568,990.808,18.9211,5.8269,29.7058,11.433992,0.2553,71.31,17.09,6,True,rain,evening,street_level
e10e8f38-d0e6-4538-9738-4c32e22173f6,60.0,996.026,1.1173,0.500201,-9.274,994.909,37.6914,2.8469,39.7921,109.475843,0.8013,13.68,8.88,4,False,rain,afternoon,underground
9bf1e48d-1fd2-4d19-98b3-ddff010073c9,60.0,1017.133,0.3745,0.273248,-3.108,1016.758,35.5753,4.3187,45.5155,9.948019,0.0553,18.31,3.32,24,False,clear,night,street_level
76449185-bd0c-445e-8d8d-c91fe2d167f9,60.0,1016.99,1.3141,0.410115,-10.907,1015.676,27.7582,-3.3416,58.3175,71.771473,0.7198,62.6,7.49,0,True,rain,evening,underground
fdd9e0e4-d573-44c5-b7d8-e83956d2d91d,60.0,996.394,0.9834,0.63962,-8.163,995.411,-2.3289,1.8055,28.2118,96.109651,1.0,32.01,4.26,8,False,clear,evening,underground
27d0a86b-a533-490d-b87e-e9f8952d4561,60.0,1006.877,1.0754,0.488871,-8.926,1005.802,8.0327,29.3796,37.4684,65.7322,0.8673,6.33,-0.03,7,False,clear,night,underground
1816c1b9-f2fb-4b88-bee9-f26ee33be9bf,60.0,999.439,-0.7199,0.121295,5.975,1000.159,25.6734,-2.8073,48.0948,42.296151,0.5444,41.73,8.42,5,True,overcast,afternoon,above
2769d8e6-7b65-4d56-bbc8-bb492e4038a1,60.0,1015.811,1.0981,0.142401,-9.114,1014.713,9.1265,-17.7643,48.3962,98.920099,0.9252,84.2,6.57,0,True,clear,afternoon,underground
55d8d1bb-f0ea-4472-88e2-05f24243787a,60.0,1005.105,0.3366,0.452413,-2.794,1004.768,25.9851,15.6132,53.7506,124.937093,0.9404,29.84,4.51,5,False,clear,night,underground
0fa1634c-2d2f-44a6-b311-535532cf000e,60.0,992.079,1.0363,0.507176,-8.601,991.042,20.9837,-16.5673,13.7795,84.16901,0.9137,26.19,3.49,8,False,overcast,night,underground
0623416e-4d31-4e75-af24-e60a340aa0f2,60.0,998.459,-0.2794,0.587891,2.319,998.739,26.0591,-12.1186,27.1525,45.725378,0.5624,73.65,12.87,2,True,rain,evening,underground
e0683e6c-e013-4484-8057-9f3b0f14a84a,60.0,997.061,0.6966,0.4546,-5.782,996.364,-0.3402,-13.6013,40.167,11.038396,0.9558,27.96,13.18,0,True,overcast,afternoon,underground
dfa616d3-98b0-415f-83ca-306b15a66643,60.0,1013.722,0.4803,0.661229,-3.986,1013.242,17.3696,-8.0237,45.4368,59.463443,0.8425,1.0,2.55,5,False,rain,afternoon,underground
70e5622d-8c89-4500-94f0-bdf6d023deae,60.0,1015.959,-0.4087,0.59355,3.392,1016.367,18.5689,-2.3519,58.5583,45.688734,0.7932,49.23,16.89,0,True,rain,afternoon,underground
1ef430e0-7a4a-4028-99c8-b0e03b4ce89e,60.0,998.603,-0.2155,0.625346,1.789,998.818,17.6571,-13.3738,30.5881,113.995323,0.7232,14.52,-0.51,7,False,rain,evening,underground
2e067c0b-a9ca-49fd-b2ac-1fd5a72215e3,60.0,1015.32,-1.512,0.335612,12.55,1016.832,38.3916,-2.1108,53.9258,54.254179,0.5284,65.7,10.4,3,True,overcast,night,above
267f5045-bda7-46c5-9ed6-c319403a04ad,60.0,1004.349,-0.6029,0.500973,5.004,1004.952,16.5777,-5.7633,29.1342,74.319854,0.6919,12.27,0.98,15,False,clear,evening,above
99f4fd7d-bbfa-4e98-9d77-30df8bc2bd60,60.0,1012.811,0.661,0.104525,-5.486,1012.15,8.429,-4.2374,10.7655,43.711311,0.5044,110.84,7.47,0,True,rain,night,underground
607c35d1-95fa-4830-b750-a6b882d2d4a6,60.0,1009.456,0.9423,0.633445,-7.821,1008.513,24.9445,-23.6767,43.8913,93.800414,0.6755,19.23,8.83,0,True,clear,afternoon,underground
07f9bc12-a14f-4297-b21d-6a18ee65bc23,60.0,997.556,-0.6059,0.248836,5.029,998.161,26.0913,-28.9981,57.5094,54.720665,0.6433,35.13,11.6,2,True,overcast,afternoon,above
8a228ce4-7bc5-4f7f-931e-88facb290e0a,60.0,1003.239,-1.2183,0.516362,10.111,1004.457,6.3079,-7.8462,27.8031,66.560793,0.7349,92.8,12.36,3,True,overcast,morning,above
66faad0d-a2d7-41e0-84e3-fd6a43cb5f7b,60.0,1005.26,-0.7212,0.145664,5.986,1005.982,23.0491,0.4577,23.3923,43.523067,0.6569,13.75,1.95,12,False,rain,afternoon,above
05fa8d06-2012-4613-bbc9-2a97a9589b00,60.0,1016.768,1.7165,0.610071,-14.247,1015.052,13.8184,10.8079,29.0409,88.840028,0.2952,74.35,6.53,0,True,rain,morning,underground
9552c029-8818-4245-b32a-fcf3bb47765e,60.0,1016.009,0.3561,0.441163,-2.956,1015.653,11.0452,-22.3868,51.3916,86.471229,0.8255,23.66,4.07,9,False,overcast,night,underground
7e4c6c08-59b7-437c-a2a7-da99feb57e4f,60.0,1000.921,1.569,0.107608,-13.023,999.352,48.7582,-5.8899,50.9475,31.46269,0.571,16.26,3.07,6,False,overcast,evening,street_level
e7a47efc-84e5-4006-a6ea-3f1951ff8ffb,60.0,1001.024,-0.1303,0.048589,1.081,1001.154,6.8784,9.1681,34.4084,11.640899,0.5318,33.52,1.15,9,False,rain,afternoon,street_level
e3b3c6a5-2f4b-49e8-82e2-8fcfcde5add0,60.0,1009.959,-1.6057,0.576062,13.327,1011.564,38.1484,-3.405,53.5584,109.534993,0.7917,13.19,2.87,20,False,rain,night,above
82a12a5d-bf4c-4638-9c67-05a576f5bcd9,60.0,1008.468,-2.0539,0.429324,17.047,1010.522,-7.0984,7.6811,66.6,15.34192,0.8333,24.24,3.34,14,False,rain,night,street_level
cd1b9d44-d779-49d6-9c24-6c0bb4fdb959,60.0,1015.219,-0.4068,0.102099,3.377,1015.625,52.0262,-25.3023,29.2686,50.947655,1.0,15.4,1.23,11,False,rain,night,above
2c52942c-d55a-44af-8328-a58bb5f6516b,60.0,995.124,-0.8383,0.174312,6.958,995.962,41.0327,-18.8289,64.2674,43.074971,0.5975,5.38,2.08,15,False,clear,evening,above
7e2aa5e6-63bb-4cfe-8c1c-da3def1943fa,60.0,999.734,-0.9475,0.470259,7.864,1000.682,12.4123,-24.5262,35.3295,77.871881,0.8207,50.18,6.48,2,True,overcast,morning,above
8ebd3bf1-0b4b-4b1f-bcea-da199161782b,60.0,1015.75,1.6129,0.452983,-13.387,1014.137,20.8345,17.2519,60.2152,30.723274,0.5234,72.33,9.25,1,True,clear,evening,street_level
0a86f36a-4c19-465e-b4ef-d8a5034da1ce,60.0,1010.667,0.2632,0.040214,-2.185,1010.404,27.9544,-31.9921,68.3396,26.035053,0.2547,45.65,1.81,4,True,overcast,morning,street_level
ad2b4099-ee85-4891-970b-1d50d29d9396,60.0,998.256,-1.1189,0.504941,9.287,999.375,16.4502,-18.3473,27.0249,85.471602,0.8475,17.08,1.38,17,False,overcast,night,above
2b8b42cf-2e18-45cd-a95c-e521401a2ffe,60.0,1006.099,0.6615,0.413915,-5.491,1005.437,14.0086,-32.6992,20.4318,37.325364,0.5575,93.56,12.32,0,True,rain,morning,underground
787fb906-d2e3-4f12-9d06-32db092dac21,60.0,1001.085,0.1164,0.097347,-0.966,1000.969,34.9189,4.3115,44.1659,61.331353,1.0,7.24,3.08,12,False,clear,evening,street_level
7422d130-74ac-4385-91e5-a84873a65197,60.0,1013.225,0.3326,0.086633,-2.761,1012.892,21.1161,27.079,39.5299,68.875396,0.0113,12.26,4.3,20,False,overcast,afternoon,street_level
bb3730ab-a949-4a08-b216-cf1cab4c5ff1,60.0,1014.721,-0.4162,0.117863,3.455,1015.138,6.2893,-27.1336,45.7246,105.235861,0.7038,77.3,9.91,0,True,rain,night,underground
eb8bc93f-dfdb-4e55-8897-434a13a0bb7a,60.0,1016.289,0.9452,0.366601,-7.845,1015.344,33.6763,-24.4264,46.5181,51.620942,1.0,42.96,12.89,0,True,overcast,afternoon,underground
bf37b311-0398-411b-b1b3-53b9b54e7189,60.0,997.276,-0.2274,0.482939,1.887,997.504,10.7374,-27.1837,53.4968,33.169834,0.7704,70.97,10.28,0,True,clear,night,underground
6ca301aa-b0ea-4b22-b54f-ead2b7e52613,60.0,1012.334,-0.4914,0.043904,4.079,1012.825,54.6807,-20.5545,51.1331,13.293936,0.7141,21.67,1.0,9,False,rain,night,street_level
28b69d4e-9b62-4285-abc4-cdfd3137337d,60.0,1011.308,0.207,0.063143,-1.718,1011.101,34.9992,-24.9715,39.6038,40.321872,0.7467,60.08,10.89,0,True,clear,afternoon,street_level
1cc834b2-9cf8-4a7e-8629-e8d557806d95,60.0,1002.901,-0.303,0.145941,2.515,1003.204,19.1788,-16.3148,41.3506,71.497761,0.8654,40.2,5.21,7,False,rain,evening,underground
32a3c5bc-0616-4982-8e39-30569caf6c0b,60.0,992.562,0.2773,0.660446,-2.301,992.285,22.1329,-5.4943,39.2826,117.520795,0.7682,51.68,10.37,0,True,clear,night,underground
57e8278e-9fb0-4057-acd1-7f5486766951,60.0,994.372,-0.0162,0.667979,0.135,994.388,22.6074,24.6153,28.8445,54.004684,0.668,13.88,2.92,5,False,rain,morning,underground
18500973-5e19-4d70-9b4e-a6e764569131,60.0,1001.975,0.1634,0.333078,-1.356,1001.812,29.5303,-16.4091,12.3037,90.457843,0.6412,65.56,8.76,0,True,overcast,night,underground
28ce1509-9eb1-4b77-b744-c7f763147c10,60.0,1005.306,0.5738,0.387668,-4.762,1004.732,20.8318,-5.6812,35.9921,79.434109,0.6595,33.86,5.91,15,False,clear,evening,underground
fda0d17d-8bbb-4023-9504-42158598642c,60.0,993.779,-0.1416,0.103764,1.175,993.921,45.2902,-15.7238,46.1539,29.315231,1.0,33.56,0.58,4,False,overcast,morning,street_level
89bbbe05-2b49-42df-a53f-78335946969b,60.0,1005.665,0.1297,0.081224,-1.077,1005.536,21.5241,-7.8395,40.2718,14.378097,0.0,10.81,2.72,19,False,rain,morning,street_level
a64e273d-60ca-40ab-8c50-a93e73344d70,60.0,1001.771,-0.9885,0.373077,8.205,1002.76,23.8503,-24.8373,33.7928,42.217999,0.5987,17.42,1.32,13,False,clear,afternoon,above
e2adaad3-b55b-4de2-b7de-d2e3144d55a9,60.0,1008.555,-0.7856,0.144228,6.52,1009.34,30.1065,-23.9157,42.892,81.856208,1.0,55.78,9.73,3,True,clear,afternoon,above
67d4e87e-3975-4b9e-bcc7-a10f8b6c9782,60.0,1003.244,0.3879,0.539344,-3.22,1002.856,32.424,-19.5711,50.425,41.134076,0.5239,19.63,14.6,0,True,overcast,night,underground
b116eade-f4bb-413e-86f1-c0b625d8f4eb,60.0,994.782,0.3346,0.603039,-2.777,994.447,16.6074,-10.7012,28.0039,52.685357,0.9218,60.4,8.8,0,True,clear,night,underground
29b373d8-85c1-4789-8001-765b09441f74,60.0,1000.571,-1.2357,0.284457,10.256,1001.807,14.0046,-53.6771,18.3304,43.514045,1.0,18.12,0.05,14,False,clear,afternoon,above
75146977-a03b-4105-8927-4febf6d646e5,60.0,1007.417,-0.6417,0.348439,5.326,1008.059,19.2941,-7.2514,13.1402,118.70598,0.5033,15.0,3.75,4,True,overcast,night,above
93b71dd4-125f-4df9-8267-17b76e767568,60.0,1000.416,0.7569,0.243243,-6.282,999.659,33.0023,-3.4065,39.2769,100.208082,0.749,14.96,4.29,7,False,clear,afternoon,underground
158fecdc-f8d5-47fe-b776-a26d04759593,60.0,1018.507,0.7761,0.408668,-6.441,1017.731,47.4434,-18.6301,43.7978,61.741269,0.7095,47.4,13.04,1,True,overcast,night,underground
d3f5405d-1c64-4503-a780-25a6934db56e,60.0,1008.183,0.6409,0.171342,-5.319,1007.542,34.0099,-2.1322,35.8898,80.436476,0.7162,22.52,5.57,5,False,clear,afternoon,underground
1492125a-c366-4218-aa01-caffe1ef5bc8,60.0,999.133,-0.9425,0.647447,7.823,1000.075,18.9431,-3.5952,30.1815,29.461729,0.6174,71.3,5.72,3,True,rain,morning,street_level
50fb699f-d374-48a3-9f5c-c53b0e5e6c86,60.0,1013.397,-0.8218,0.263339,6.821,1014.219,14.2166,-7.1361,41.6072,79.883082,0.2985,8.51,2.62,15,False,clear,afternoon,above
1fec2e74-0581-4c54-be13-b9506c2f8dd3,60.0,995.217,0.5827,0.45938,-4.836,994.635,11.3108,-21.3656,14.9473,67.875835,0.4336,96.68,9.94,0,True,rain,afternoon,underground
65024370-1c44-472c-bcc5-23bab2d62ada,60.0,990.901,0.2541,0.692065,-2.109,990.647,44.2604,-15.1449,28.4124,55.146995,0.6248,9.12,6.06,0,False,clear,evening,underground
642b27e8-973b-4121-9320-22a4c7c57794,60.0,1009.225,-1.0715,0.506708,8.894,1010.296,14.2478,2.6811,48.0379,92.171587,0.2209,7.39,1.09,18,False,rain,evening,above
7abceb7b-e35c-45d7-9ca8-b49c24a51c24,60.0,997.595,-0.403,0.471408,3.345,997.998,5.5933,-5.7059,27.3289,68.12169,0.4544,8.43,1.95,10,False,rain,night,above
9d71e5a0-e0c7-46c5-a6e7-298aa92224c8,60.0,996.133,-0.6538,0.461936,5.427,996.787,8.8287,-10.7867,48.6996,118.75777,0.3988,15.42,1.28,10,False,clear,evening,above
510bf1f6-4d7d-49eb-8a0f-26808e780672,60.0,996.036,0.2039,0.197487,-1.693,995.832,25.6143,-0.2509,31.7014,67.21614,0.658,58.41,8.84,1,True,rain,afternoon,underground
5e8f9356-5b49-4df9-90a2-5d3b32700978,60.0,995.756,-0.8213,0.208881,6.817,996.577,4.8344,11.0436,34.8346,53.163594,0.3798,3.95,2.7,3,False,overcast,evening,above
77840192-0d09-4478-8b98-4292e82d558c,60.0,1009.564,-0.464,0.335768,3.851,1010.028,18.8184,-9.8783,41.1729,31.853248,0.3143,52.23,10.67,0,True,overcast,morning,above
90df769e-f59b-49be-a221-eb427b86cd63,60.0,1008.949,-0.664,0.246186,5.512,1009.613,18.3637,4.5172,26.1651,74.947377,0.5316,47.01,4.25,0,True,clear,evening,above
cb7655cc-33ff-415e-ac48-2efc8694e5fe,60.0,1005.908,-0.2923,0.068693,2.426,1006.2,-9.6898,0.4055,50.8664,47.487578,0.9168,13.18,-0.04,13,False,clear,evening,street_level
6a60e77f-a909-44f9-8000-b0006ede3e3f,60.0,1000.001,0.0831,0.030777,-0.689,999.918,13.899,-12.4547,50.0644,-10.879728,0.6041,60.97,7.06,2,True,clear,evening,street_level
540fd42b-83a5-47ce-b94c-017647020c6b,60.0,1002.095,0.1059,0.404906,-0.879,1001.989,30.1334,-28.0512,61.6621,51.168036,0.3419,6.95,2.82,14,False,clear,night,above
9a0885cc-e5ff-4721-8906-6872aa0953fb,60.0,1012.817,0.9216,0.443283,-7.65,1011.896,48.5133,-33.8234,26.9675,85.606729,0.929,34.1,16.38,1,True,overcast,afternoon,underground
dc3c163d-bafc-4179-99d2-d442afad9691,60.0,1000.355,-1.0412,0.365734,8.642,1001.396,17.3302,-39.3263,26.2358,60.368352,0.4979,11.56,2.47,15,False,rain,night,above
1d52eed3-3b34-4c7b-82b9-2fad4ee40d32,60.0,1005.248,0.1533,0.070178,-1.272,1005.094,-0.9824,-13.7646,20.5203,54.132752,0.3676,50.7,14.82,3,True,rain,afternoon,street_level
8b72009c-1b74-40f0-89aa-5f2a9c9af602,60.0,1011.771,-0.6164,0.469275,5.117,1012.388,25.1177,10.2074,49.4514,-4.086104,0.3416,51.88,10.93,5,True,clear,night,above
69548f1f-33a4-4438-944f-97483357e96d,60.0,1011.29,0.9709,0.383145,-8.058,1010.319,24.5855,-1.7285,50.8873,86.268493,0.775,23.51,3.6,2,False,clear,afternoon,underground
619adbdf-0d0c-41bc-9d1e-1fc0b909888a,60.0,996.705,0.8798,0.137231,-7.302,995.825,34.862,-1.4108,46.8014,26.350774,0.6636,61.48,12.53,0,True,rain,morning,underground
0b7704df-4640-4a29-98c1-f2a5334fc1ce,60.0,1010.873,0.9682,0.585748,-8.036,1009.905,21.8834,-20.4771,38.7808,68.77302,0.8272,76.82,15.69,1,True,clear,night,underground
ff57fc01-6e24-45fd-a935-a2633b243429,60.0,1014.447,0.7998,0.073065,-6.638,1013.648,24.829,-37.6312,16.2075,30.009176,0.386,6.33,2.6,15,False,clear,night,street_level
d116d38e-2532-422b-b592-17e72338921c,60.0,1001.707,-0.6926,0.424866,5.749,1002.4,38.1035,19.4892,34.771,73.420282,0.921,7.19,1.85,9,False,overcast,night,above
9f8f1ca3-9e4f-4064-9faa-55990ef5e6a1,60.0,1015.813,0.2834,0.323456,-2.352,1015.53,8.6483,12.1318,18.2986,44.242309,0.7409,34.86,8.82,8,False,overcast,night,underground
5489809a-641b-4806-8aea-c856b03a37fc,60.0,992.77,-0.3611,0.151128,2.997,993.132,26.359,-6.4026,43.0529,70.679429,0.5757,16.37,2.27,8,False,overcast,night,underground
8615e29d-a87e-44c7-90dd-80b847a4785f,60.0,1017.644,0.4107,0.511996,-3.409,1017.234,-19.2567,10.009,29.2943,69.706049,0.7357,3.7,11.39,0,True,clear,morning,underground
3826112b-cf47-4ddd-8777-3a888410ca9d,60.0,1013.907,-0.5724,0.254654,4.751,1014.48,37.9423,11.963,57.7712,41.622929,0.9214,42.79,7.7,0,True,clear,afternoon,above
6527421e-52ab-417d-95e9-6d109f87d26c,60.0,1010.774,0.2297,0.3593,-1.906,1010.545,35.8618,-5.2342,39.4054,96.426085,0.5608,76.13,13.8,0,True,clear,evening,underground
49ed2488-d9e7-4087-944c-8afdcb03b4cb,60.0,1005.65,-0.2836,0.139464,2.354,1005.934,14.9164,11.7551,23.1677,43.128298,0.6276,1.84,3.79,8,False,overcast,evening,street_level
5625cda4-b1aa-41c2-b053-d3329354e122,60.0,996.075,-0.2365,0.117622,1.963,996.311,45.9873,-20.4307,53.7318,16.294675,1.0,17.8,-0.72,13,False,rain,night,street_level
9a0ee8a5-70f8-4266-90d8-ec6854ceee39,60.0,994.449,-0.7008,0.406792,5.817,995.15,24.2693,16.0722,38.4715,41.626898,1.0,59.41,10.24,1,True,overcast,morning,above
7258ba1d-c624-4c0d-a6a1-5ba39891d82b,60.0,1010.788,-0.8833,0.470543,7.331,1011.671,16.4233,2.6138,14.8086,47.991435,0.5722,5.07,3.07,12,False,clear,evening,above
c78deca2-4bf8-4aef-98da-c88659c925bc,60.0,999.04,-0.9955,0.159943,8.263,1000.035,17.899,5.6997,28.5711,51.177377,0.5284,10.98,1.5,19,False,rain,morning,above
84ee9a1f-ac22-4cde-9193-1a3ca47dadca,60.0,996.797,-1.764,0.374269,14.641,998.561,26.2135,17.0638,22.0536,80.619885,0.9339,5.56,2.03,9,False,rain,afternoon,above
39d54de6-f9a8-4832-9667-707e86bc2c25,60.0,1012.388,0.4853,0.125747,-4.028,1011.902,22.2499,-11.4077,52.0409,60.173703,0.655,63.3,15.4,0,True,clear,afternoon,underground
7a30f8f1-64a1-47a6-9666-90765a41bea0,60.0,1000.985,0.5715,0.674563,-4.744,1000.413,35.4374,-9.1444,72.4882,81.159356,0.572,50.98,10.72,0,True,clear,night,underground
8983901e-ef32-4f92-a93f-eeba1ca14573,60.0,1010.212,-0.154,0.380821,1.278,1010.366,3.7676,-27.6804,45.2806,58.075515,0.5767,45.88,14.27,0,True,rain,morning,underground
61586a71-08f9-4a0d-97e3-2b7e10e31e1a,60.0,993.907,0.9877,0.359226,-8.198,992.919,32.9609,10.5116,37.8957,81.376889,0.6779,49.94,8.2,2,True,clear,afternoon,underground
d84aefc9-7709-4c63-9a8b-3d98d37bdc2b,60.0,1011.672,0.1793,0.119001,-1.489,1011.493,2.4726,-21.8594,35.7653,11.332306,0.2253,13.38,1.12,12,False,overcast,evening,street_level
77feefdb-48e7-4693-9cc8-67fd66aa5d19,60.0,997.623,-1.4164,0.455086,11.756,999.039,40.0242,-9.3801,48.3245,77.602346,0.6884,49.79,11.97,4,True,overcast,night,above
c4fdb4ec-6eb5-4e71-a9bc-f02388ab3e61,60.0,1003.009,2.4152,0.602178,-20.046,1000.594,12.9097,-6.0725,40.5773,21.537038,0.0474,12.29,13.42,5,True,overcast,afternoon,street_level
2fdebe03-e5b3-49ed-8c77-65902077e6ec,60.0,1006.373,-0.1315,0.145403,1.091,1006.504,32.9137,-17.6154,19.8854,23.832283,0.5338,5.46,2.21,20,False,clear,morning,street_level
ed91736a-3432-4e07-82ee-8cff1f89ff26,60.0,1004.889,-1.8694,0.475247,15.516,1006.758,16.2897,-20.839,46.6123,98.030278,0.2465,17.46,1.75,9,False,rain,evening,above
061fbcf9-20ce-4a46-9a5e-7154bcad9cf5,60.0,998.582,-0.6303,0.379503,5.232,999.212,2.631,-10.966,-9.9426,52.79968,0.6956,8.94,2.25,16,False,overcast,afternoon,above
524323f9-f622-4804-af16-e2a57ba4dd9b,60.0,993.98,0.3915,0.586246,-3.249,993.588,37.6704,3.1227,37.842,46.379638,0.733,19.1,0.75,7,False,overcast,evening,underground
bc654139-3fd8-4953-9b41-7996ac588468,60.0,1006.859,0.7256,0.338111,-6.023,1006.133,42.6751,23.1207,41.8811,76.118198,1.0,48.49,9.2,0,True,overcast,evening,underground
9e20ee0a-0203-4718-ac93-c0739405e139,60.0,1003.268,-1.2041,0.302736,9.994,1004.472,7.8681,-37.964,73.6702,97.463533,0.8035,19.14,4.23,13,False,overcast,morning,above
3f6e1346-39d6-4374-857a-ec3093678d6f,60.0,1014.197,-1.025,0.224445,8.507,1015.222,24.3024,-8.7258,19.2701,43.744807,0.3405,11.24,2.35,11,False,rain,morning,street_level
10241b44-05a9-441e-8148-8f8631cf65ca,60.0,1009.249,0.4184,0.196215,-3.473,1008.83,2.6749,-45.9724,18.8735,62.106079,0.8203,108.37,11.91,1,True,overcast,afternoon,underground
2838cb12-d78b-4de9-a1e6-ccdf710aa26e,60.0,1013.557,-0.3959,0.597087,3.286,1013.953,38.143,-14.3488,26.8024,70.363323,0.4188,12.26,2.19,16,False,clear,afternoon,above
c9127d9d-a7b4-4c28-a496-335a17f558c9,60.0,994.04,0.152,0.101316,-1.262,993.888,36.6052,-26.5776,38.1505,18.432668,0.23,29.91,10.0,5,True,overcast,evening,street_level
d1706c62-4f50-43a3-a49c-37f3402d4b3e,60.0,997.413,-1.401,0.671801,11.628,998.814,10.9152,8.0482,31.7567,33.885376,0.2456,6.02,2.89,9,False,overcast,night,street_level
ab754c20-c732-4f55-8aa1-53de1103fff3,60.0,1010.729,0.0669,0.485617,-0.555,1010.662,0.4973,10.8572,32.6897,97.426883,0.4109,76.19,12.18,0,True,clear,evening,underground
abbd409b-a260-4584-82db-d7f5254a7cde,60.0,1006.637,-0.3284,0.404051,2.725,1006.965,24.8012,-3.7728,43.3978,40.006424,1.0,12.9,1.98,11,False,rain,night,above
d64bee5b-df33-4bb8-9d1a-8e692a1c442d,60.0,998.945,0.4367,0.476449,-3.625,998.508,16.4071,-10.5684,59.2224,102.443843,0.685,67.19,13.25,0,True,clear,morning,underground
03f9a9cb-c515-4d50-ae8b-5c744f21fbfd,60.0,997.392,0.4939,0.256395,-4.099,996.898,29.0767,-25.7971,41.1892,83.562606,0.9518,70.94,16.3,0,True,overcast,evening,underground
ceca2a93-5167-4aa1-83ef-87e9c102ac5d,60.0,1004.451,-0.6723,0.583006,5.58,1005.123,41.973,-5.2244,31.6655,68.501483,0.7352,7.36,2.49,17,False,rain,night,above
13b32ccf-f140-498c-af83-16717842511a,60.0,994.542,0.5742,0.510834,-4.766,993.968,7.0099,4.9693,33.9503,-3.265632,0.9551,13.99,5.72,11,False,rain,morning,underground
a20d1624-01ed-41dc-ad79-b5ca02fc5bdd,60.0,998.561,-0.6201,0.508339,5.147,999.181,13.7263,-15.2455,40.3851,63.938787,0.7767,12.73,2.89,14,False,clear,night,above
e91dc2e9-b79d-4e36-be7a-fa8726252e51,60.0,995.733,-1.3039,0.530983,10.822,997.037,14.6233,-12.9989,51.1435,81.683882,0.6953,60.03,9.0,0,True,overcast,evening,above
ec7a1468-1f7f-4d71-b6f0-df6e66bfb938,60.0,1004.023,-0.0719,0.013572,0.596,1004.095,12.7019,-20.1706,29.5991,32.705128,0.3016,9.14,9.87,3,True,overcast,night,street_level
067f16ca-23b0-4855-b7bb-6612fe19d6db,60.0,999.408,1.7063,0.231402,-14.162,997.702,27.2285,10.3509,46.7843,36.531167,0.3991,1.0,3.74,16,False,rain,afternoon,street_level
471939d8-f83b-4da4-8a08-9d39d6e071be,60.0,1011.39,0.4148,0.567693,-3.443,1010.975,25.9414,19.6807,19.1473,82.603864,0.7953,70.21,12.96,0,True,rain,evening,underground
ebee3def-3d07-4a3a-8573-c9d3dd454649,60.0,1012.762,0.9996,0.624466,-8.297,1011.762,11.4471,-3.4485,41.7135,70.266972,0.7845,23.67,6.9,0,True,rain,afternoon,underground
99293da0-ddf4-407f-a59d-f66144bbec6e,60.0,996.394,-0.6684,0.162989,5.548,997.063,43.0678,2.8242,48.017,56.908774,0.5933,14.61,1.87,18,False,rain,evening,above
cc52fd2e-80ab-4ecc-ad13-098671333ad4,60.0,1014.226,-0.3488,0.540038,2.895,1014.575,34.9469,3.3341,45.3009,87.396272,0.6729,43.41,7.81,2,True,clear,morning,above
f4975e88-e821-4c75-8c82-865d48aa1526,60.0,1011.738,0.0125,0.146567,-0.104,1011.725,12.1825,-19.7398,41.7513,45.501011,0.1654,7.67,2.68,3,False,overcast,night,street_level
a738f54f-dbaf-4310-9f16-0de5676e59ca,60.0,994.961,0.7698,0.644737,-6.389,994.191,16.3368,-31.9706,56.9943,38.296154,0.4847,34.03,9.06,1,True,clear,afternoon,street_level
ecfc085d-2a0d-481f-a136-25c92bdee3af,60.0,1014.761,1.3332,0.155858,-11.065,1013.428,40.4533,-24.355,42.8923,61.040138,0.321,22.93,13.18,1,True,rain,morning,underground
f0285120-8bcb-4a20-abf7-28b1d3d93583,60.0,1003.681,0.3263,0.108388,-2.708,1003.355,-0.0252,-11.2813,69.1262,102.071189,0.6511,26.8,12.27,2,True,clear,afternoon,underground
8f527091-7a78-4e0f-93c8-edd024be3da6,60.0,999.44,-0.4856,0.134,4.03,999.926,45.7268,-8.767,35.0261,58.000847,0.6782,33.77,5.81,1,True,rain,afternoon,above
b2130653-dab1-420b-b462-a3e1a956bcca,60.0,1002.242,0.7218,0.556584,-5.991,1001.52,7.3213,-11.4434,49.9618,82.577231,0.755,37.05,2.88,7,False,clear,evening,underground
f6306857-bf19-4662-bed4-9726971e8098,60.0,1018.377,0.7852,0.682508,-6.517,1017.591,14.9869,-24.3996,45.4809,42.706264,0.8733,85.88,11.13,1,True,clear,evening,underground
1f063936-8d44-44a6-8d03-9305e0303d02,60.0,1007.672,-0.5186,0.205943,4.305,1008.191,35.5458,2.7701,35.2416,29.206758,1.0,1.73,2.01,18,False,overcast,afternoon,above
562c8087-2f8c-479b-bf41-9d518f3a7ea1,60.0,1009.325,1.292,0.699032,-10.724,1008.033,3.588,-13.3648,27.7247,20.44116,0.2271,19.3,2.58,10,False,rain,evening,street_level
de414f4e-beac-42ec-ad08-0a32b59360e1,60.0,990.367,-0.0565,0.213729,0.469,990.423,17.2971,15.4803,33.7818,48.075743,0.2906,38.05,12.09,2,True,overcast,afternoon,above
bb69f0cb-ce20-4833-9c0f-095d90f0205e,60.0,1009.447,0.3428,0.107259,-2.845,1009.104,2.8788,-2.4964,21.2755,59.175352,0.4096,24.84,4.27,13,False,overcast,morning,underground
f16bf999-2e6c-41d7-bf3f-4b3053ac1167,60.0,993.17,-0.4581,0.300328,3.802,993.628,-0.0354,-26.9726,40.2368,78.925741,1.0,5.02,3.22,14,False,clear,morning,above
c69685fb-4990-4bf0-b2bb-873a91042f29,60.0,992.932,-2.7206,0.161409,22.581,995.653,18.9381,-15.4615,20.9992,55.81427,0.4981,13.77,3.06,8,False,rain,morning,street_level
1947032e-13ea-48b1-bee8-0dc6fbd41247,60.0,991.424,-1.8856,0.400744,15.65,993.31,12.668,-6.8811,49.7573,33.177542,0.554,76.72,8.15,4,True,overcast,afternoon,street_level
a01b5a8f-5768-4189-841e-f2a66f376720,60.0,992.803,-0.1617,0.499481,1.342,992.965,44.2397,-5.4224,28.5028,55.791682,0.5299,21.09,10.31,4,True,overcast,night,above
2093cb3b-2868-4dab-97bc-2f1edb7d796a,60.0,1014.215,-1.6562,0.394709,13.746,1015.871,-13.6729,-32.7646,20.5176,43.270795,0.4792,12.11,5.53,15,False,clear,evening,street_level
05788b80-ede0-4052-848c-0fe6d12aabec,60.0,1002.754,-0.2361,0.127987,1.96,1002.991,-1.3045,3.7605,17.2439,70.969275,0.5468,17.47,0.07,19,False,rain,afternoon,street_level
cb3c91bd-1526-4016-b417-71391950db29,60.0,998.57,0.8496,0.213541,-7.051,997.721,24.9376,-23.6162,24.3513,85.261,0.6341,18.44,5.63,5,False,clear,afternoon,underground
15a28249-8915-4392-b1f5-407da274b49d,60.0,996.152,0.6197,0.432254,-5.144,995.533,23.9978,-13.8844,16.5718,75.701672,0.643,58.83,11.28,0,True,clear,morning,underground
0fc8f17f-22aa-47bd-9dfb-5c2e345bf1dc,60.0,991.8,-3.3654,0.586153,27.932,995.166,24.6646,7.7336,54.7569,16.938904,0.7324,17.06,2.84,5,False,rain,evening,street_level
dd3c94b8-c34e-4644-841e-beadd338a3f2,60.0,1018.636,1.0452,0.206328,-8.675,1017.591,18.466,-29.3407,51.0222,81.859576,0.3058,33.08,3.18,10,False,clear,night,underground
3634c1cf-7ded-41c9-86b6-46bbcc3b6ec0,60.0,1002.193,-2.0121,0.204624,16.701,1004.205,40.1914,-18.2632,24.5752,12.403039,0.3467,1.5,1.97,8,False,overcast,afternoon,street_level
6b1a34bf-e133-4851-aea9-1c352acaad4c,60.0,1006.115,0.3329,0.029452,-2.763,1005.782,27.5995,-16.013,59.4945,28.116488,0.6457,89.07,10.53,3,True,overcast,morning,street_level
037333d8-448b-44c5-b4d7-d6a2654862eb,60.0,997.491,-1.4594,0.118975,12.113,998.951,19.9558,-25.8829,7.2824,57.97015,0.5852,15.99,2.7,15,False,overcast,afternoon,above
3814a998-6fa7-4f34-af04-e128df6621b7,60.0,1016.461,0.663,0.679295,-5.503,1015.798,14.837,3.6858,53.1341,112.143605,0.9465,72.71,15.81,0,True,rain,afternoon,underground
af0b2a22-ea26-4bb2-99bc-3d8e99d1b74b,60.0,1017.698,-0.206,0.348864,1.71,1017.904,6.5147,-38.1504,47.7378,20.373264,0.8606,52.18,10.55,3,True,overcast,afternoon,above
e5ed07ad-4d64-492d-8b3a-51afa9bea040,60.0,995.555,1.0588,0.231986,-8.788,994.496,18.8759,-9.5673,35.4253,41.881337,0.3915,70.86,11.92,0,True,overcast,night,underground
1a33526e-1737-4ed9-8fb3-2708b54001b8,60.0,991.994,-0.1231,0.09275,1.022,992.117,28.2356,-19.1082,48.4422,58.851287,0.5482,21.69,1.92,17,False,clear,morning,street_level
79bbf538-3d83-435f-be7c-c7c7543669f9,60.0,1007.995,-0.2098,0.149613,1.742,1008.205,16.0849,3.8059,56.0179,85.898532,0.3865,15.85,2.43,8,False,clear,night,street_level
7cdc5ae2-182f-426b-9edd-f89f8d2e5e61,60.0,999.698,0.1873,0.28578,-1.555,999.511,29.4331,-1.1256,63.3075,100.372101,0.5151,90.26,12.57,0,True,rain,evening,underground
3e667c8d-d3fb-482d-9357-e30cf2888ccc,60.0,990.555,0.1989,0.133583,-1.651,990.356,5.6161,0.1122,50.7439,-14.824212,0.5724,13.4,2.36,13,False,clear,evening,street_level
952caf26-da83-4190-aefe-c6da487fc462,60.0,998.96,-0.8486,0.456453,7.044,999.809,21.5357,-19.448,41.4465,46.750083,0.8717,7.74,1.23,5,False,clear,afternoon,above
86324b1f-710b-4252-9720-6d01b5d9d5c4,60.0,1003.381,-0.8921,0.552054,7.405,1004.273,13.2916,-10.3397,37.0556,79.067997,0.4055,10.36,2.79,1,False,overcast,evening,above
4e28c341-4f17-42c1-8d0d-1290373099fa,60.0,999.846,-0.4872,0.322032,4.044,1000.333,25.2105,29.7183,46.809,102.757166,0.5884,7.81,1.95,16,False,clear,evening,above
383f40ce-6f69-4f6c-b07e-e0114aab46e9,60.0,994.308,-0.254,0.13994,2.108,994.562,-10.2181,-12.8255,38.2678,15.799546,0.2578,4.04,5.07,18,False,overcast,afternoon,street_level
b6a544a9-4e76-4416-af8e-634856ccf583,60.0,989.432,-1.2519,0.458147,10.391,990.684,-4.0413,-22.7754,36.9914,91.225018,0.7325,13.04,1.66,7,False,rain,evening,above
7d09c841-8e33-4680-90fd-cd70bc5fd2af,60.0,1016.803,-0.5106,0.17613,4.238,1017.314,0.0703,-22.9528,15.1424,55.540183,0.866,11.67,1.14,14,False,clear,afternoon,above
fe098882-de7e-4ccf-b7c2-838db53b7eff,60.0,996.957,0.1725,0.478899,-1.432,996.785,25.3811,7.3613,57.2422,30.924527,0.4484,19.71,4.27,1,False,rain,morning,underground
9b64a465-8d5e-4a60-8b46-31e398b34576,60.0,1013.837,0.1695,0.067889,-1.407,1013.667,23.8301,-19.4182,22.7475,76.64472,0.7628,15.35,1.69,19,False,rain,morning,street_level
6163ee89-8491-4654-b20c-225a20f11586,60.0,1013.235,-1.2536,0.240947,10.405,1014.488,17.0264,-1.7103,61.8178,41.990239,0.6917,12.25,0.76,17,False,clear,evening,above
8b7b41db-ef61-4c05-aba2-06e878dd5a2a,60.0,991.288,0.9873,0.516535,-8.195,990.301,14.6907,0.8374,35.2501,72.328324,0.6673,9.66,3.35,6,False,clear,night,underground
b0247a9c-f54a-4cac-a04c-d0263595d27b,60.0,999.507,-0.8046,0.588979,6.678,1000.311,21.6903,-27.9336,30.0622,61.123449,0.9471,35.18,10.47,0,True,rain,evening,above
d7171141-acc0-4076-95c6-d687a97a3f9f,60.0,1010.076,-0.0534,0.467684,0.443,1010.129,-9.8355,4.0396,56.424,103.483913,0.7593,35.36,10.18,1,True,overcast,afternoon,above
987e052f-ae11-41dd-9ff4-9d231e6fddc9,60.0,996.857,1.1319,0.315167,-9.395,995.725,9.2975,-4.3524,22.5405,63.781914,0.867,48.38,12.38,1,True,clear,morning,underground
c93bfbaf-1d23-4cff-99c4-5248f5215dc5,60.0,997.451,-0.6361,0.242283,5.28,998.087,36.8161,-24.9116,66.9456,52.35779,0.7746,31.89,7.55,4,True,clear,morning,above
b1ef785c-bb47-44f4-b689-9d4981d72d25,60.0,993.874,1.0692,0.215674,-8.875,992.805,63.1112,-6.0073,41.6754,63.458911,0.4965,22.28,3.44,1,False,clear,morning,underground
b3e80f75-842e-49bc-baa1-7be5faca8f4d,60.0,994.966,1.8241,0.272862,-15.14,993.142,19.5698,10.9057,15.3235,8.946168,0.7385,7.81,4.83,14,False,rain,evening,street_level
d784a4d7-3234-4442-bf4f-68499ca303eb,60.0,1006.191,-1.4271,0.533956,11.845,1007.618,10.3537,-15.5865,40.4323,94.478643,0.9622,3.49,2.43,21,False,overcast,night,above
c77dc30b-3fbc-4741-9d8e-55da6fb97dba,60.0,1017.956,1.2567,0.157607,-10.431,1016.7,12.2146,-23.3648,49.8521,-7.813186,0.7431,52.19,15.29,0,True,overcast,night,underground
d4230556-a6cd-4175-899b-73179eb88a8f,60.0,1008.104,0.0032,0.105882,-0.026,1008.101,18.9859,-39.0107,49.0034,41.829257,0.0387,1.0,0.05,7,False,overcast,afternoon,street_level
0431a09f-fca5-478a-989e-803c41409b62,60.0,993.833,0.4333,0.114576,-3.596,993.4,4.1099,0.7465,57.336,74.839675,0.412,1.0,3.42,11,False,clear,evening,underground
d6127ac1-14cd-48d3-be03-e6ddf5009049,60.0,1003.259,-0.6997,0.065005,5.807,1003.959,-13.3068,4.6649,38.2442,53.872575,0.5858,1.86,-0.69,15,False,overcast,afternoon,street_level
ac9139f2-f0bf-415f-b999-2b9bd64a1e86,60.0,1009.658,0.1599,0.099003,-1.327,1009.498,36.2426,-14.6049,48.7709,29.224026,0.5138,12.88,-0.22,5,False,overcast,evening,street_level
0b45ebbb-b5b2-4d42-84c4-eec029a5fffa,60.0,998.765,-0.3828,0.319204,3.177,999.148,23.4877,-31.6543,51.6749,74.488083,1.0,1.0,4.43,4,False,overcast,morning,underground
18d76d7e-33fb-4f36-9b2d-37b529774406,60.0,991.528,1.0344,0.636006,-8.585,990.494,26.4176,-21.6012,49.7256,47.330182,0.7526,45.65,11.99,1,True,overcast,night,underground
1fa3fd83-c4b5-4246-95fd-a5d26fd15d5c,60.0,1013.387,-0.7576,0.398562,6.288,1014.144,56.9452,-14.5989,48.8028,85.040129,0.4637,9.44,2.03,13,False,clear,morning,above
597a0fad-9595-45ab-820d-264425b60bd4,60.0,1005.168,0.0179,0.060236,-0.149,1005.15,32.778,-2.6472,37.0182,-12.653332,0.4884,1.0,3.49,6,False,clear,night,street_level
bc687169-602e-4cb8-9b9d-075d7bde3144,60.0,1009.073,0.0739,0.145995,-0.613,1008.999,25.7873,-11.6557,40.73,51.195447,0.1272,12.21,2.28,14,False,rain,morning,street_level
aa5444fa-cd8b-46e9-9e31-37b2c2f32e2c,60.0,993.996,-0.418,0.417918,3.47,994.414,40.3324,20.6456,49.1145,91.50377,0.5683,27.87,5.83,4,False,overcast,afternoon,underground
6a0f3f78-710c-4699-8867-3dbef88ec4de,60.0,1007.652,0.2827,0.3755,-2.346,1007.37,28.1529,0.2249,75.7058,42.895056,0.4356,6.13,1.98,8,False,clear,afternoon,street_level
34c55a27-e3e5-4800-8a42-9231ee296467,60.0,1017.515,0.006,0.107608,-0.05,1017.509,-0.9715,-13.666,48.3379,49.493393,0.7234,49.9,7.72,3,True,clear,afternoon,above
5c96ed08-6f00-454c-9eb8-3deed759873d,60.0,996.81,0.7295,0.570864,-6.055,996.08,34.2947,-3.6783,35.2049,46.284452,0.7146,46.0,11.3,0,True,rain,evening,underground
0170a9ce-4f97-4dae-8392-bb4e24dc3e2b,60.0,1014.805,-0.4552,0.112682,3.778,1015.26,6.9123,-19.6676,51.3742,66.444151,0.5339,63.15,4.7,4,True,rain,afternoon,street_level
16cafc32-4297-4c1c-81f3-f64a72f6cb8c,60.0,1009.896,-0.148,0.387691,1.229,1010.044,-0.9434,-0.6207,40.4543,99.274069,0.0495,6.11,1.49,2,False,rain,morning,above
cfb5d7e2-c764-4df5-8976-5abcfb2e21a8,60.0,1006.818,-0.0908,0.118198,0.754,1006.909,14.4048,1.6822,18.6094,25.988967,0.0,16.83,0.54,13,False,rain,night,street_level
0c4f971a-a3ad-4851-8eef-6dbb4e036c47,60.0,1010.66,1.1787,0.557976,-9.783,1009.481,33.4002,1.0561,35.5159,62.262415,0.6613,58.36,14.96,0,True,overcast,morning,underground
0ed8e4a6-2b6a-48c7-b905-36cb30044999,60.0,1002.847,0.9237,0.555594,-7.667,1001.923,8.4252,-17.8082,23.9371,69.603352,0.5224,49.5,6.55,0,True,overcast,morning,underground
4adef7ad-a55a-4e2d-94c9-3004d36afac6,60.0,1009.268,0.696,0.525741,-5.777,1008.572,15.7055,-31.5498,48.2659,58.592415,0.4123,13.96,2.37,10,False,rain,evening,underground
c966b887-b3f1-48f8-857e-fb1d7088d67d,60.0,998.761,-0.413,0.084313,3.428,999.174,17.2649,-5.1016,59.2374,40.884097,0.4347,14.66,1.14,8,False,rain,afternoon,street_level
1219596d-c634-4bb8-b607-905272bb0863,60.0,997.166,0.5647,0.137215,-4.687,996.601,46.2059,-17.9502,33.9586,59.322425,0.8642,26.87,4.07,0,False,clear,evening,underground
d7739d3a-e660-406d-b79e-b199822d6732,60.0,1015.836,0.2751,0.114386,-2.283,1015.561,47.0547,-11.5829,22.0345,22.942526,0.7362,23.13,15.25,0,True,overcast,morning,street_level
64d1fd26-fa04-408b-b8d7-66d762bb1e27,60.0,1011.489,2.1433,0.361016,-17.79,1009.346,7.2017,-20.0265,107.1863,50.195927,0.2766,17.9,1.03,12,False,overcast,morning,street_level
76b6de0d-68a2-4a56-a5c2-1ab5ee1899ce,60.0,1010.109,0.3154,0.098437,-2.618,1009.793,-1.6566,-2.84,55.4697,52.496712,0.0563,10.93,1.53,16,False,clear,afternoon,street_level
c9577a6c-cd3f-4499-b2ca-0baa3c9d8db3,60.0,1003.12,0.2844,0.092312,-2.361,1002.836,27.8553,-28.1878,46.1704,25.661938,0.4781,13.65,2.13,12,False,rain,evening,street_level
b1b30875-6b3c-4ed7-a85f-52ff0839f21c,60.0,1010.009,0.5406,0.129908,-4.487,1009.469,10.6599,5.2748,31.0608,57.143276,0.88,16.75,3.57,10,False,clear,afternoon,underground
76e4ea08-e099-4335-ba33-88ee4772afa7,60.0,995.149,0.2814,0.094158,-2.336,994.868,10.9299,23.6092,27.8112,24.457846,0.0313,17.14,0.07,8,False,overcast,night,street_level
a4e7d25a-5ece-43ca-b5da-588273dad33f,60.0,996.784,-0.1757,0.104464,1.458,996.96,4.2968,-0.5769,43.876,4.294152,0.2578,10.44,4.05,10,False,rain,afternoon,street_level
397fc5a8-2263-4884-a3c0-3a28ceb986c7,60.0,1017.037,-0.1879,0.525156,1.559,1017.225,21.2304,-12.2552,30.8677,110.372648,0.9459,83.64,10.52,0,True,overcast,evening,underground
c4c3cf16-68bb-4892-beb8-e3fab53ac92b,60.0,1004.546,0.8959,0.215286,-7.436,1003.65,15.4139,-5.0463,54.7339,51.813357,0.4559,86.34,9.93,1,True,clear,evening,underground
be0e5644-feae-460a-b4e0-21c6acc40dc7,60.0,1015.533,2.6483,0.102526,-21.981,1012.884,9.9683,-31.2549,48.7206,39.561768,0.3463,7.94,3.25,16,False,overcast,morning,street_level
1dbfce29-2db3-49db-afb9-f520a174c1cf,60.0,1003.935,-0.7862,0.675273,6.525,1004.721,29.1745,8.6622,40.43,34.573717,0.8,6.72,2.27,12,False,clear,morning,street_level
695f5ea3-4dad-453d-b53a-57aa629b7f6e,60.0,1014.404,0.1628,0.458073,-1.352,1014.241,33.189,-22.7667,21.6666,56.946715,0.274,30.07,3.29,5,False,clear,night,underground
688a44b1-a373-4f79-9c9a-60fe2d1977fc,60.0,1013.852,0.2406,0.617571,-1.997,1013.611,40.3952,-13.9178,49.2638,62.7167,0.7941,69.73,13.8,0,True,rain,evening,underground
73a5f90d-f5db-435e-ad68-e1433893e391,60.0,994.802,0.4151,0.021362,-3.446,994.387,11.4129,8.8433,42.1282,39.619137,0.1097,75.31,11.06,0,True,overcast,night,street_level
12e3d147-30ce-451d-8923-74b6446718a0,60.0,998.74,-0.3189,0.060299,2.647,999.059,20.2387,-13.7604,45.8552,71.104806,0.7983,45.7,8.63,0,True,rain,afternoon,street_level
f39aa76f-d381-4dc5-b7e0-8a67684ea20b,60.0,998.862,0.8607,0.231082,-7.144,998.002,20.7758,-20.5425,38.5863,100.498324,0.8389,12.37,6.24,9,False,overcast,evening,underground
2e60dc0f-0043-4c13-b806-b9400bf8980a,60.0,1013.02,-1.4333,0.36511,11.897,1014.454,17.6611,-33.213,32.7937,42.288392,0.3209,13.37,0.48,19,False,overcast,afternoon,above
e8e2ec8c-7a5e-4c5d-8e9b-d0b4c5f87715,60.0,1017.618,0.0822,0.55632,-0.682,1017.536,14.0841,-39.0455,13.85,70.500744,0.848,9.42,3.45,13,False,rain,night,underground
eb46d4ae-9abd-47fe-b217-f45fae876fec,60.0,1006.129,0.5389,0.666253,-4.473,1005.59,31.737,0.0361,33.686,8.931666,0.1871,1.45,2.9,12,False,overcast,afternoon,street_level
6337cb81-94f5-4115-87ed-2e3208e37942,60.0,990.843,-0.1824,0.127439,1.514,991.025,17.9093,15.4867,49.4356,12.750805,0.8844,6.97,4.52,15,False,clear,night,street_level
00d34eb6-3b3b-4aac-8b7e-761a5b4233d1,60.0,1001.606,-0.0714,0.080188,0.593,1001.677,14.2064,6.7837,73.3181,34.243657,0.3165,9.42,3.06,18,False,clear,evening,street_level
5466a8d4-9f21-4fa4-aced-38273a4a46df,60.0,1016.452,0.5062,0.10371,-4.202,1015.946,42.9507,2.7028,32.2596,60.583123,0.8492,16.02,1.89,20,False,overcast,morning,above
089d425c-384c-454f-84d9-c94e102510b7,60.0,994.865,0.2221,0.505995,-1.843,994.643,42.415,-25.2922,45.3224,90.588653,0.7034,61.52,12.71,1,True,clear,night,underground
78180b4a-ca28-449f-a1da-d9d4ad1545af,60.0,1004.308,-0.917,0.279744,7.611,1005.225,5.1883,-12.9646,36.2013,56.455491,0.515,44.35,11.47,1,True,overcast,evening,above
b86d038a-4aa1-4bbb-951e-d1e9f5cee269,60.0,991.604,0.1473,0.094888,-1.223,991.457,33.6214,8.1266,28.3896,78.79189,0.3698,43.95,12.61,2,True,clear,afternoon,street_level
f2439c90-2f4b-4b86-9496-04f66069c559,60.0,1013.073,1.0932,0.115175,-9.074,1011.98,12.277,3.8086,60.1484,30.878639,0.8531,45.16,11.94,0,True,rain,morning,underground
b7cc6e7c-114f-4718-8098-fd4abcdc3aa9,60.0,993.918,-1.2683,0.54291,10.526,995.186,27.588,4.6001,28.6604,42.139735,0.9888,16.64,1.6,11,False,overcast,evening,street_level
b85b9818-7ca4-4ce9-9fa7-729be4e7637b,60.0,994.637,0.9279,0.782646,-7.701,993.709,-0.4969,-18.164,43.1182,24.899821,0.7207,11.09,14.95,2,True,clear,afternoon,street_level
6e3e69f5-f602-4301-ab28-c408849a37f3,60.0,999.08,-0.256,0.39498,2.124,999.336,19.6397,-40.4946,60.848,82.126734,0.8144,46.78,11.02,0,True,rain,evening,above
43ac5aee-8a35-4dba-91c1-305996cea4d4,60.0,1011.753,0.1148,0.183826,-0.953,1011.639,39.1366,-31.1336,24.2922,71.368599,0.5796,85.82,17.71,0,True,overcast,morning,underground
7818ae04-3105-4963-821d-36a5ef8c7270,60.0,1008.892,-1.0473,0.436395,8.693,1009.939,9.8194,4.9907,38.1381,110.50087,0.6447,37.18,10.53,0,True,clear,afternoon,above
d64d079c-a0f5-4293-bfd7-0d1fa514feb5,60.0,998.89,-0.7758,0.530401,6.439,999.666,32.7802,13.4594,27.5465,115.222735,0.6238,42.92,2.58,1,True,rain,morning,above
48f15115-8b77-4d6a-9001-76cbc3f2c2f0,60.0,989.808,-0.655,0.350333,5.436,990.463,-18.5522,5.4051,39.9438,71.18225,0.8404,30.79,8.36,0,True,overcast,morning,above
b12e8840-f27a-498b-9057-41fac528e906,60.0,1007.257,0.3473,0.669477,-2.882,1006.91,18.7712,3.3701,34.589,84.154435,0.8934,39.72,12.84,0,True,overcast,afternoon,underground
e1b08535-9579-44c4-8c2e-d68232ed3c4b,60.0,990.425,-2.1853,0.139321,18.138,992.61,29.029,-10.6219,22.936,77.722938,0.9508,2.1,1.2,16,False,rain,evening,street_level
ea4388c5-fe95-4ccd-abf1-fcb2da039c86,60.0,997.449,0.4845,0.286,-4.022,996.964,-4.7861,1.5474,32.936,67.285338,0.9063,46.26,11.4,1,True,rain,evening,underground
44fff540-e933-4904-8234-c4017e12bfc8,60.0,994.428,0.1968,0.26353,-1.633,994.231,21.4674,-7.3845,58.9225,56.442023,0.2069,63.63,6.68,0,True,rain,evening,underground
814ce0c5-6aa6-41fa-b9ba-0597419cc264,60.0,998.924,-0.3793,0.147314,3.148,999.304,-17.3818,-8.2267,53.7515,19.815195,0.7316,13.7,2.5,19,False,clear,afternoon,street_level
da0fc720-fa4c-4717-8120-4cdd319f4a13,60.0,993.124,-4.0271,0.607822,33.425,997.151,31.3813,-9.9752,45.2804,88.38058,0.3802,8.43,3.45,7,False,overcast,morning,street_level
f8a69a98-0acd-4c3f-bfef-ca0e9166b93c,60.0,1016.249,-0.3805,0.056883,3.158,1016.63,27.9804,-8.1311,45.9272,17.041295,0.4837,53.35,6.7,5,True,clear,afternoon,street_level
583fa2ee-0fe7-4c91-a873-2e9f1aefc006,60.0,1018.038,0.5249,0.637217,-4.357,1017.513,22.3228,-5.6604,57.1275,26.021945,0.8015,34.97,12.06,0,True,rain,evening,underground
6643a343-ccd5-426c-b3e4-36fc4378da0d,60.0,1001.06,0.5015,0.241268,-4.163,1000.558,14.1343,2.0662,56.2632,46.545504,0.7714,20.45,2.33,15,False,clear,evening,underground
d9e73e59-4638-4450-aeec-d28cb7f97ff0,60.0,993.975,0.2446,0.703466,-2.03,993.73,28.9558,3.4064,64.3024,66.014602,0.8902,63.17,10.84,2,True,rain,evening,street_level
ae65aa48-445c-4757-9276-1240b166f55a,60.0,1004.562,-0.1438,0.488557,1.194,1004.706,49.2637,-14.5891,11.7184,103.847296,0.681,40.87,10.93,0,True,rain,morning,underground
ae475f0f-21ea-4169-95ed-766bf4ef6d01,60.0,996.099,0.2289,0.052365,-1.9,995.87,0.0163,-28.2625,20.6229,34.819959,0.0179,12.78,3.54,9,False,clear,evening,street_level
19a740b9-ba21-4edd-8cb1-38e87bf08211,60.0,1010.683,-0.61,0.598537,5.063,1011.293,-1.7219,-13.0583,50.7388,50.876212,0.8073,22.15,9.45,3,True,overcast,morning,above
22ecbe1b-9bf2-4086-b329-21d94e8409c4,60.0,1004.567,0.1356,0.048936,-1.125,1004.432,21.6275,-12.7235,40.5366,33.010944,0.4752,87.58,8.59,1,True,rain,afternoon,street_level
2ea2c4eb-07f8-42dd-8b00-82864dd0a0fc,60.0,999.155,0.0549,0.045019,-0.455,999.1,34.3379,-22.1464,27.919,89.572286,0.6942,10.08,3.4,14,False,overcast,afternoon,street_level
ddb9d611-b926-4e7c-bde0-53e4d5e7f958,60.0,1013.81,1.0125,0.18849,-8.404,1012.797,10.6458,-10.0428,34.4714,114.61589,0.7805,43.3,17.77,0,True,rain,morning,underground
39953e47-3a87-4edb-a03f-3bc87d924e45,60.0,1007.109,-0.1012,0.5711,0.84,1007.21,33.8477,2.7483,18.6661,39.044232,0.844,53.21,8.42,1,True,rain,evening,above
c6fbe3bd-5b64-442f-bbb3-5b1ac1577a89,60.0,1007.857,1.4998,0.128814,-12.448,1006.357,33.9924,-20.4347,25.886,83.313378,0.6489,16.29,3.54,7,False,clear,night,street_level
90a0eedb-f726-4de9-b391-e912f75a09f0,60.0,1018.807,1.4974,0.666838,-12.428,1017.309,5.8312,24.7083,35.3126,41.851228,0.4515,75.95,12.04,1,True,overcast,afternoon,underground
ee2e29ea-eb71-481f-a0fe-5efbd924f0e3,60.0,1003.855,-0.2677,0.328704,2.222,1004.122,39.2297,-11.3171,71.1874,41.166517,0.6652,52.9,5.9,3,True,rain,morning,street_level
0a90c39f-eb8b-40d2-945b-c3c5f51533ca,60.0,1008.773,-0.7654,0.667681,6.353,1009.538,21.1145,-3.7795,24.8645,-17.193749,0.0671,23.8,1.86,15,False,clear,morning,street_level
240cd138-6881-4ce7-b704-5b1210d24f41,60.0,1000.89,-0.2818,0.105924,2.339,1001.172,25.469,12.1728,13.9935,45.09101,0.6371,1.0,2.2,13,False,clear,afternoon,street_level
ba627608-0144-4b9e-b701-906b36fba4f0,60.0,997.274,0.0545,0.040434,-0.452,997.219,4.97,-6.369,40.586,25.580846,0.317,17.12,0.92,16,False,rain,evening,street_level
4927f893-523d-4efb-9ab1-7f644770f0ae,60.0,1017.027,-0.97,0.578338,8.051,1017.997,3.7146,-1.7231,40.9168,65.838552,0.5446,11.49,0.54,23,False,overcast,morning,above
4e913dd6-a1bb-4d88-a768-36df02593636,60.0,1004.796,-0.6651,0.239364,5.52,1005.461,3.7223,-24.7664,44.4893,99.25857,0.232,19.25,3.09,8,False,overcast,evening,above
7053b09d-bcb9-43a6-98ab-4a256060263c,60.0,995.354,-1.731,0.377553,14.367,997.085,13.7465,-25.6151,48.7515,15.059889,0.7976,7.72,1.68,22,False,clear,morning,street_level
bb0a2a49-0fc5-4cad-afad-1c8bc2667e5e,60.0,995.636,0.0342,0.636879,-0.284,995.601,21.9986,-4.1985,27.0637,116.94489,0.3943,11.05,1.03,8,False,overcast,night,street_level
f263f444-1333-4355-9e52-21bfd004cd8c,60.0,1004.378,-0.2278,0.012182,1.89,1004.606,12.758,11.5704,41.0331,21.259482,0.161,18.61,-0.15,4,False,clear,evening,street_level
28e2f50c-5ebd-4a46-9fdc-6d34df469ead,60.0,1013.432,0.1222,0.039705,-1.014,1013.31,40.5333,-23.6405,63.9397,54.74909,0.2599,3.14,2.57,21,False,clear,night,street_level
c4642a10-5abd-4026-a505-ad14cf3f77b0,60.0,1011.771,0.102,0.105355,-0.846,1011.669,35.8303,-32.0682,36.6875,122.892681,0.9096,7.13,2.61,4,False,clear,night,street_level
1045ca4f-e49b-42f5-9f64-54bffc3e133c,60.0,1014.032,-0.2195,0.185435,1.822,1014.251,16.2632,-12.3371,35.1497,67.136931,0.6027,19.7,7.08,2,True,rain,night,above
6e977e89-55c1-4664-aa46-5bfdb31c16d5,60.0,996.715,-1.8637,0.275732,15.469,998.579,16.5191,2.1634,54.0699,9.555171,0.0806,22.67,2.4,13,False,rain,night,street_level
13520c70-22eb-4f6d-ac9a-304dbfa8d3b3,60.0,992.377,-0.0532,0.091822,0.442,992.431,29.0237,-23.2848,43.7738,58.022991,0.3354,24.67,-0.63,16,False,rain,afternoon,street_level
034cf038-69bd-4e89-8151-41eda8f431f6,60.0,1009.2,0.0879,0.129154,-0.73,1009.112,13.7368,-0.3072,52.8709,8.934707,0.4573,28.4,15.86,3,True,rain,evening,street_level
8804a47c-c407-4a5e-a8af-974903929b9f,60.0,995.927,0.2639,0.106762,-2.191,995.663,3.9734,-15.2216,36.7665,69.597639,0.2582,51.67,10.83,0,True,clear,morning,underground
99b85308-3bf0-40a1-9da9-57c202f853df,60.0,999.397,-0.6794,0.286363,5.639,1000.077,26.8641,-30.5538,39.9008,104.421246,0.4405,48.77,7.78,2,True,overcast,afternoon,above
88a9e91a-e6ee-4d1a-9d5d-50696462ff0a,60.0,1007.346,-0.4,0.397467,3.32,1007.746,25.0145,-2.2342,36.149,49.567886,0.4953,14.78,0.99,18,False,rain,night,above
816b0bbd-7b0d-41c6-bcd3-048239157589,60.0,1010.832,0.0077,0.286218,-0.064,1010.824,-9.3461,-8.3358,0.5886,44.229372,0.587,41.7,8.37,0,True,overcast,night,underground
46277341-c93f-4938-836d-2f21dfaf78ba,60.0,1013.686,0.8799,0.649759,-7.303,1012.806,12.543,-20.912,58.2632,56.407008,0.8905,23.19,2.93,8,False,clear,evening,street_level
5a154846-6acb-464e-9441-09baee9ebfc5,60.0,994.333,0.5512,0.418514,-4.575,993.782,51.8197,9.281,56.4704,92.82677,0.7054,45.22,9.76,0,True,clear,night,underground
21822d1f-aa7d-46d5-8bab-11b209cfd840,60.0,989.632,-0.9926,0.5244,8.239,990.625,4.9684,-19.7514,33.221,-0.255915,0.7193,13.64,3.81,14,False,overcast,afternoon,street_level
ea551fc0-027b-4055-b6cc-56c11807516a,60.0,1009.62,-1.0086,0.265547,8.372,1010.628,23.9724,-27.9754,55.2572,32.692416,0.4097,14.85,7.63,5,True,overcast,morning,above
e44cff58-89c5-4da3-a04a-5992f1b79341,60.0,1005.212,0.4068,0.547132,-3.377,1004.805,51.4293,6.2056,34.7506,85.684962,0.7434,15.15,4.34,14,False,overcast,evening,underground
c31c1aac-8976-47e7-ad89-88ce28fea013,60.0,990.317,0.1948,0.598933,-1.617,990.122,23.5129,-9.0393,26.3991,78.03333,0.7653,22.71,5.47,14,False,overcast,night,underground
07a71a18-174e-4448-8f66-9b7f432d3756,60.0,998.375,0.2197,0.295143,-1.824,998.156,-1.477,-26.6455,45.2626,92.815058,0.8797,32.43,4.43,7,False,overcast,evening,underground
dd454339-cda0-4e2f-8d61-1e7b854c9b45,60.0,1012.247,0.4479,0.652172,-3.718,1011.8,23.016,-24.4809,31.1572,68.856001,0.9089,6.22,2.23,13,False,rain,afternoon,underground
667208da-4e62-4054-b4bc-c41cf3a17f65,60.0,1003.261,-0.0526,0.079492,0.437,1003.314,33.8862,11.355,57.8126,40.532969,0.784,7.85,2.45,14,False,rain,afternoon,street_level
5f31b4a9-0caf-4dc9-bda8-5280cbafe896,60.0,1011.296,0.3901,0.090512,-3.238,1010.906,64.6978,-26.9759,27.3244,91.309314,0.2592,14.37,2.14,13,False,rain,morning,street_level
c9095473-6f1f-484e-bd4d-cf37979b5611,60.0,990.221,-0.3666,0.530637,3.043,990.588,33.4136,-26.2871,53.2077,56.50683,0.7285,66.42,9.79,0,True,overcast,evening,underground
719f58f6-f510-49c9-b21f-1bf1908a3002,60.0,1015.516,-0.3772,0.516044,3.131,1015.894,17.4916,-15.6122,45.6288,78.480253,0.5667,61.2,12.11,0,True,clear,afternoon,above
51774e97-a9c4-4ef2-b2d3-229c41e8125f,60.0,1004.083,3.6598,0.155462,-30.376,1000.423,14.8348,-18.2729,40.7941,55.577909,0.2176,66.51,9.26,0,True,clear,afternoon,street_level
ee1e01de-e235-4454-a5a2-50226a0bd704,60.0,1004.389,1.3835,0.172219,-11.483,1003.005,-8.9006,-15.9756,15.7323,91.90515,0.8148,73.03,17.65,0,True,overcast,morning,underground
a9a21a25-245d-4425-a3e3-b4c51a2f8505,60.0,997.653,-0.2086,0.063351,1.731,997.862,27.3782,6.8462,38.814,20.672827,0.1281,51.48,4.01,0,True,overcast,night,street_level
62de5038-11e9-479f-91b1-2c78886278d3,60.0,996.128,1.2507,0.154375,-10.381,994.878,19.4065,5.282,67.1113,74.646947,0.8272,7.28,4.37,8,False,clear,afternoon,underground
2bd687d8-d5fb-46ed-bec1-700755a46c14,60.0,995.076,-0.0615,0.087562,0.511,995.138,-4.2953,-2.3043,43.7093,31.037792,0.6949,72.2,7.82,1,True,overcast,evening,street_level
b44e2b82-790e-450b-acb9-6647ca68c734,60.0,991.964,-0.4936,0.123231,4.097,992.457,27.3278,-7.4176,42.3065,64.583397,0.5623,11.18,3.15,9,False,overcast,evening,above
40480986-24be-4155-8669-fe214445f2d7,60.0,1004.452,-0.2014,0.133424,1.672,1004.653,-4.0618,-9.5295,40.9531,56.948465,0.7678,10.41,2.39,13,False,clear,evening,above
a1051627-c8fe-4472-8dfd-f8f1975d578a,60.0,991.617,-0.6901,0.143532,5.728,992.307,10.9532,-7.5407,46.1569,57.963498,0.6485,7.75,1.03,15,False,overcast,afternoon,above
93c1a8d1-0747-42fe-bb09-ddb6d648bda0,60.0,994.443,-1.5199,0.377107,12.615,995.963,28.4941,-17.7164,24.3674,84.747694,0.5749,43.99,6.92,3,True,clear,night,above
7946ebe4-5adf-4540-aaa7-3e1cbaff9936,60.0,995.269,-1.2741,0.470297,10.575,996.543,14.211,-13.5523,50.6995,44.426284,0.2841,14.81,2.04,17,False,rain,afternoon,above
4a7489c4-6c37-481c-8841-dcfece628438,60.0,1011.894,0.2014,0.619,-1.671,1011.692,13.9292,31.4975,59.0641,57.162791,0.9685,46.66,9.26,0,True,clear,morning,underground
fb441ff5-f620-4539-b14f-6b70a6bf19bf,60.0,998.405,-0.8773,0.429381,7.282,999.283,52.945,8.012,20.7258,28.95504,0.6561,54.87,7.88,0,True,clear,afternoon,street_level
fc869295-767c-44b0-82b8-8d989ba3bcf4,60.0,996.004,-0.4308,0.050985,3.576,996.435,2.3726,-3.4754,38.0635,17.514876,0.0,76.66,9.5,1,True,overcast,night,street_level
44c43d0a-51db-4696-9fc8-62ee8c7bc95a,60.0,1000.729,-0.2477,0.146942,2.056,1000.977,15.3907,-9.7464,45.3216,17.737592,0.917,8.48,4.68,12,False,rain,afternoon,street_level
98e34ebf-2960-4b9f-bd69-2449e3d65530,60.0,995.093,-0.0148,0.149518,0.123,995.108,7.16,-15.3885,31.2978,31.373794,1.0,26.62,2.52,20,False,rain,afternoon,street_level
8c349866-0ac3-45e2-a2db-83fcae24df96,60.0,1013.772,0.3635,0.521239,-3.017,1013.408,12.3946,-12.0369,39.2726,113.616377,0.3951,80.03,11.73,0,True,clear,morning,underground
63985b19-ea9b-4fda-880a-43516029b8a9,60.0,1006.919,-0.1025,0.149812,0.851,1007.021,31.7735,-21.896,23.0402,16.814109,0.4451,50.23,-0.02,5,True,overcast,afternoon,street_level
f2f449fa-1651-477a-bbae-68dc9129e5d7,60.0,1000.996,2.3613,0.416436,-19.599,998.635,7.2085,-9.2992,29.5065,22.951652,0.8843,55.42,9.62,6,True,overcast,evening,street_level
41ddbd93-0953-44f9-9813-32257a4f573d,60.0,990.749,-0.5108,0.606903,4.24,991.259,56.4804,-9.4116,51.9043,31.401853,0.2944,14.49,0.81,13,False,rain,night,street_level
39aed51c-5894-4dc2-af2e-c4ee31f080f2,60.0,1017.176,-0.5587,0.398567,4.637,1017.734,11.6963,-8.3708,22.3518,57.188996,1.0,9.64,1.08,14,False,clear,evening,above
329cf05d-d35c-4c40-b7be-31a06126f25c,60.0,1006.146,0.2547,0.492858,-2.114,1005.891,23.6543,-12.5145,56.695,88.940714,0.7836,30.41,5.69,2,False,rain,afternoon,underground
157076e1-c613-4c07-b1cb-f98ec5420429,60.0,1010.957,1.4826,0.306842,-12.305,1009.474,13.4404,-8.515,42.5387,2.178505,0.6598,13.03,1.57,20,False,overcast,night,street_level
4434bc50-b62c-4ff4-91d3-d60c65503a30,60.0,1002.072,-0.3028,0.459528,2.513,1002.375,5.1395,6.0194,51.2702,61.372036,0.6333,9.81,2.93,17,False,rain,evening,above
42ba1c64-61b1-447b-ac76-d79b0466096d,60.0,995.741,-0.1374,0.128644,1.14,995.878,36.7628,6.8019,42.8902,66.646469,0.694,46.73,10.97,6,True,overcast,evening,street_level
4ba214c5-7374-4de4-b2b7-ee924e08a258,60.0,1008.358,1.2867,0.735172,-10.68,1007.072,27.6148,-26.5554,51.7972,23.080045,0.2716,68.44,9.99,2,True,overcast,afternoon,street_level
49248f2a-938c-407e-a027-1d14c66045d1,60.0,1007.262,0.2421,0.671733,-2.01,1007.02,16.649,-12.9566,51.371,63.143171,0.6352,94.45,16.46,0,True,rain,evening,underground
147b9fa7-f559-42b9-93be-8007ee049f05,60.0,1004.202,2.0422,0.360683,-16.951,1002.16,10.6103,-10.1529,36.712,42.594263,0.0319,18.65,3.08,18,False,clear,morning,street_level
900521d6-b875-4c4c-a2c7-b9bc958b08c0,60.0,1011.291,-0.9384,0.383191,7.789,1012.229,24.5458,-1.8964,38.9098,80.294213,1.0,43.38,8.01,4,True,overcast,night,above
fed2d875-6bcb-43be-9699-99f24b79f6e9,60.0,996.652,-0.9587,0.248108,7.957,997.61,32.8503,-7.177,67.5251,66.160408,0.419,17.15,2.14,20,False,clear,afternoon,above
5195bc38-291e-419b-a69a-e67371ec3ab6,60.0,993.381,-1.1421,0.457061,9.48,994.523,-3.5057,-7.5484,51.8661,106.086907,0.5221,42.17,8.5,1,True,rain,afternoon,above
90276652-ab3b-42a7-977e-2a8767536a44,60.0,994.984,-0.8996,0.329966,7.467,995.883,9.7185,-17.4349,27.1537,32.521351,0.5073,15.67,2.97,17,False,overcast,morning,above
71dce83b-7e4f-4a9b-85b6-3f2e8e194573,60.0,1014.957,0.8668,0.608965,-7.195,1014.09,-0.262,2.9309,38.3272,88.702174,0.6382,19.67,12.95,0,True,clear,evening,underground
ad9ca553-0582-45b1-90bd-54ffafc82ed1,60.0,1002.729,-1.037,0.234671,8.607,1003.766,36.9525,-4.1307,30.181,71.936981,0.9094,70.83,12.55,0,True,clear,afternoon,above
29c459e6-e6a6-4df0-a6ab-54b418c0c62d,60.0,993.13,0.8247,0.20286,-6.845,992.305,25.9143,0.5793,50.9789,85.718264,0.6625,62.73,11.84,0,True,rain,afternoon,underground
740b4122-0c18-4203-9984-f78bdd10193b,60.0,991.618,-0.6648,0.308471,5.518,992.283,3.9299,-9.7348,52.5676,27.618637,0.3405,29.94,7.34,2,True,clear,evening,above
ffa7cc0c-00a6-4216-85de-9a864677c1b7,60.0,999.0,0.6563,0.27457,-5.447,998.343,44.8195,18.7677,38.0638,104.248418,0.801,88.33,14.55,0,True,clear,evening,underground
1dd11e01-d199-4bb4-b900-2e8e2f3033c7,60.0,1000.861,-0.2202,0.038266,1.828,1001.081,19.0987,-30.7569,58.3882,17.941913,0.0762,6.91,9.42,0,True,clear,morning,street_level
f599a335-2024-49c9-a3f5-6a6858848c61,60.0,992.132,0.8024,0.304232,-6.66,991.33,27.4452,-20.8345,31.3202,83.985206,0.7718,3.78,0.06,8,False,rain,morning,underground
9750fab4-b311-4322-a5da-8acd5016a72b,60.0,995.842,-0.608,0.293679,5.046,996.45,8.8709,1.3413,78.8091,28.617776,0.8675,37.2,9.47,0,True,clear,morning,above
5304de60-b417-4b5b-9070-41d49b949133,60.0,1004.419,0.9479,0.666491,-7.868,1003.471,25.6702,-3.6622,6.5157,91.23805,0.5267,3.58,6.54,10,False,rain,night,underground
d7083d94-c6ed-4a8c-9de1-260593235f46,60.0,991.382,-1.9053,0.720859,15.814,993.287,32.3426,-6.7651,46.5352,74.763565,0.5862,7.64,2.74,9,False,rain,night,street_level
82e347df-6ea1-43fd-9735-64fbaf66f9e7,60.0,1012.987,0.9991,0.117179,-8.293,1011.987,26.6223,-27.359,44.4779,108.471182,0.8823,9.42,3.5,10,False,rain,night,underground
148e0e52-5f9b-4d73-8998-e2a3a0a7311d,60.0,990.859,0.4327,0.123846,-3.592,990.426,45.4327,-40.7075,61.8311,57.987821,0.759,12.96,3.08,7,False,rain,afternoon,street_level
6fe92396-3ef5-4345-98ec-6462d639e897,60.0,1015.056,0.1831,0.125407,-1.52,1014.873,10.1361,-23.7954,49.8212,20.067538,0.8104,44.87,12.92,3,True,rain,morning,street_level
5fc1bb2e-72f0-4fa3-b1a1-3137927f88ed,60.0,1013.714,0.0006,0.112417,-0.005,1013.714,4.4225,-9.4081,24.1087,79.504293,0.3679,45.87,8.56,6,True,rain,morning,street_level
89a20001-2ebd-4a5c-b404-40ff81f1d9b5,60.0,1018.461,0.8783,0.222932,-7.29,1017.583,37.0208,-15.5671,40.0258,79.822684,0.6952,28.46,7.78,16,False,rain,morning,underground
04e6e53c-c2ca-4349-a359-5da659f927ea,60.0,1015.223,0.0202,0.117877,-0.168,1015.203,3.3085,4.2251,28.2766,20.567789,0.7726,28.49,1.21,11,False,rain,afternoon,street_level
47571ddc-5483-4442-843f-0a30e2d55692,60.0,993.192,0.2042,0.178843,-1.695,992.987,8.6871,-18.4029,40.7999,105.05524,0.7857,75.63,15.43,2,True,clear,morning,underground
9e57725b-9be6-4660-ba8c-1c499cefb3a4,60.0,1014.708,-1.0488,0.130702,8.705,1015.757,16.4945,-1.6792,24.0,78.061603,0.562,43.53,11.33,0,True,clear,evening,above
130d676e-b588-4e15-acdb-658fe2b29fd0,60.0,996.371,-0.4285,0.34726,3.556,996.8,10.8022,-21.5442,24.6079,88.010483,0.5979,4.83,2.37,14,False,overcast,night,above
f1c6639a-815a-4fa5-99ee-078b1d931a06,60.0,996.531,-0.3329,0.495595,2.763,996.864,20.2106,-7.3971,47.9472,79.704331,0.6756,14.53,3.94,12,False,clear,night,above
cdbe2b90-3599-4c20-8b1f-f2ee366eb5ca,60.0,992.529,-0.037,0.365871,0.307,992.566,27.6292,-6.1175,54.2594,55.127651,0.6533,9.3,1.93,15,False,clear,night,above
3a46827a-2f06-483e-bd1f-f7efb2b56696,60.0,1002.627,-0.0603,0.042943,0.501,1002.688,41.3339,-6.7019,38.3054,24.748332,0.793,20.32,1.49,14,False,clear,morning,street_level
044fdb76-f44b-4a7b-a884-48f0041b2441,60.0,1009.481,1.1878,0.302397,-9.858,1008.293,25.9469,-25.9046,29.0,100.762109,0.4323,70.57,13.13,1,True,clear,afternoon,underground
0b7b8233-c214-4ed1-9a26-f6497876e0b0,60.0,1002.737,0.6784,0.577345,-5.631,1002.059,34.9368,-4.3025,48.5096,72.069488,0.6544,62.5,12.77,0,True,overcast,evening,underground
7ba453d7-7377-4db9-9928-48d7e4ad34f2,60.0,1000.691,-1.1931,0.262664,9.903,1001.884,-2.6639,6.8416,49.9178,41.614115,0.6031,52.39,8.19,4,True,rain,evening,above
b5b3dbfb-ed4d-40dc-b2a7-155f88bf31fb,60.0,992.284,-2.8348,0.787179,23.529,995.118,42.8505,-14.6998,31.8642,40.70765,0.4832,31.69,10.75,2,True,clear,morning,street_level
5753fcfa-008c-4b27-85b6-afa9c0550c51,60.0,1002.262,0.9984,0.492353,-8.286,1001.264,30.2943,8.6058,24.52,53.136798,0.8093,63.0,13.79,1,True,overcast,night,underground
f2de29a7-d7f1-411e-bbbf-4461ee0e2e52,60.0,1015.323,-0.3313,0.125348,2.75,1015.655,13.2832,10.4574,40.0938,23.763311,0.7061,1.0,0.23,19,False,clear,evening,street_level
950f747e-1147-4262-87fa-8838bb325585,60.0,1010.842,-0.0243,0.073928,0.201,1010.866,7.7221,20.3332,47.8982,39.951966,0.5369,24.67,2.49,11,False,rain,morning,street_level
56f5018b-b82a-494b-96d7-5deb71ff4e64,60.0,998.17,0.3633,0.41061,-3.015,997.807,37.917,-31.4011,32.7866,105.56488,0.7974,21.35,6.93,3,False,overcast,night,underground
1f0d37c6-2ee2-4701-8d9a-f355d1f8529d,60.0,1017.447,0.0264,0.040765,-0.219,1017.42,20.9466,-29.9819,45.9735,33.627027,0.7434,19.27,0.92,13,False,clear,morning,street_level
7e82b013-fd06-4833-ab49-51e0f5c9ab87,60.0,1005.357,1.2534,0.42877,-10.404,1004.103,3.5483,-12.7253,48.2725,13.588634,0.7591,29.95,2.11,18,False,clear,evening,street_level
a24f10ea-754c-41af-9068-611eae66eee1,60.0,1001.685,0.5053,0.138906,-4.194,1001.18,9.4102,7.5315,40.8285,3.448866,0.5776,29.9,15.59,2,True,rain,morning,street_level
e1d46461-3740-4073-800d-6aef6e29f2f6,60.0,1011.575,1.0692,0.408768,-8.874,1010.506,19.0165,-20.7434,53.8753,91.326511,0.9256,73.88,9.67,0,True,rain,night,underground
81928e99-c1ff-4d57-b4bd-3a7812c61b7d,60.0,1005.303,-0.4877,0.504858,4.047,1005.79,17.59,-30.7657,36.8813,80.593492,0.7631,12.46,5.46,11,False,overcast,evening,underground
becc9bfd-35d2-41a0-849e-dd213af56f7c,60.0,994.682,0.2057,0.120237,-1.708,994.476,33.5536,5.2307,8.7593,31.67564,0.5837,41.72,10.73,4,True,overcast,night,street_level
8d2d69c9-fd50-4d7d-944a-d9d7d854005d,60.0,999.045,-1.2181,0.461611,10.111,1000.263,46.9552,-40.3299,48.1648,22.947221,0.4323,40.57,4.78,6,True,rain,night,street_level
97e1fc35-e4ef-4864-977d-3d3c104aef9d,60.0,1009.98,0.1997,0.182421,-1.657,1009.781,13.3334,-4.2692,52.335,39.750874,0.677,74.45,9.47,0,True,clear,night,underground
bf92b286-9936-4706-8558-6e005a0b22a9,60.0,993.251,0.4801,0.068696,-3.985,992.77,26.6551,-4.9211,42.9048,16.387588,0.0683,47.61,8.34,3,True,rain,night,street_level
e18b1f7c-6f6e-48b0-b3f7-748f50054a5d,60.0,1014.826,0.0779,0.361163,-0.647,1014.748,33.9429,13.3301,35.2573,14.887949,0.4842,79.2,10.86,0,True,rain,afternoon,underground
26886ae2-788c-47a5-9819-bcaf463f7314,60.0,1009.698,-0.1255,0.276839,1.042,1009.823,33.1732,-36.1257,27.1854,89.343635,0.4324,69.83,12.64,0,True,overcast,morning,underground
234cfc57-3c4f-49cf-b10e-d67317b725ed,60.0,1015.021,1.3255,0.644398,-11.002,1013.696,3.5835,-13.6216,61.0703,109.398451,0.5558,13.95,6.72,6,False,overcast,morning,street_level
c7313f03-b755-4a56-acb7-21dc02b4908f,60.0,994.388,-0.1908,0.101484,1.584,994.579,28.4257,5.7155,45.4774,25.38161,0.1513,15.88,0.69,19,False,overcast,evening,street_level
996a1d2e-a0cd-4ecb-a9e1-02f9b6be783f,60.0,996.51,-0.3952,0.428898,3.28,996.905,26.7749,-14.7927,47.7229,71.243402,0.5423,6.51,2.28,18,False,rain,afternoon,above
ece3119d-9f4b-4a79-a02d-f6a24017f8b9,60.0,1012.389,-1.3943,0.115071,11.573,1013.784,30.429,-4.5374,25.0122,84.931307,0.2652,63.42,7.41,0,True,clear,night,above
b2be9746-b65e-46be-897f-84b2d900bd1e,60.0,1002.031,-0.5824,0.373455,4.834,1002.613,2.186,7.8685,56.0629,75.663482,1.0,9.26,2.13,22,False,rain,night,above
883a76b8-fd44-477f-a1f9-d595fff6c8b4,60.0,1009.264,-1.1467,0.59674,9.518,1010.411,22.8704,4.1335,55.3653,92.364332,0.9332,61.58,9.11,0,True,clear,night,above
bbb8f3e8-df68-480c-b78f-ce88a5aa8f4f,60.0,1011.74,0.0239,0.244224,-0.198,1011.716,23.2503,-17.9074,56.6982,41.267386,0.9063,9.53,4.58,10,False,clear,night,underground
ce7a982c-d417-4cfd-92cb-60f9747b4c8b,60.0,1014.061,-1.1516,0.442294,9.558,1015.213,28.0395,-25.9583,22.4304,73.073305,0.6674,43.31,10.7,3,True,clear,afternoon,above
c80b3170-8d9f-4797-8377-6f432e0a4029,60.0,1001.905,-0.2593,0.079631,2.152,1002.164,5.5998,2.6907,13.8776,27.399825,0.6787,14.34,1.46,10,False,rain,afternoon,street_level
ac0665e7-463b-45e5-9edb-0c2ce2f0f708,60.0,998.52,0.0778,0.098744,-0.646,998.442,5.4215,-32.3249,38.0625,77.863026,0.3686,28.92,2.76,5,False,clear,afternoon,street_level
c1004d1c-9389-4ae8-9c46-36a2298bf7ef,60.0,997.377,-0.581,0.771375,4.822,997.958,10.5001,-19.2528,52.7008,7.227399,0.6421,21.66,2.2,12,False,clear,night,street_level
ef57ad4e-7658-477a-b880-6e211327a494,60.0,1010.167,0.2985,0.136522,-2.477,1009.868,22.5241,-14.539,28.1232,53.945682,0.4474,42.24,5.53,2,True,overcast,night,street_level
24b5006e-b1d5-4e3a-bc4c-43605dfb8c16,60.0,992.38,0.039,0.035786,-0.324,992.341,18.3603,-9.7952,43.7748,101.932951,0.5354,53.57,7.18,4,True,overcast,afternoon,street_level
c72959e4-11ff-40e0-b42c-5e0b274f2793,60.0,996.907,-1.1585,0.316823,9.616,998.065,9.1199,10.1744,30.7994,79.318133,0.3672,7.0,2.37,10,False,rain,evening,above
c59d9633-97e0-4e10-b242-18fb5c76d34f,60.0,1009.461,-0.5227,0.305158,4.338,1009.984,27.3386,-39.4907,46.6506,68.025847,0.5986,11.8,3.4,17,False,clear,morning,above
9b33f00f-09f5-4318-912a-696c0b8f8bda,60.0,1004.114,0.7141,0.244781,-5.927,1003.4,25.0995,-9.233,24.1263,112.742648,0.855,25.36,3.49,2,False,overcast,night,underground
31236014-79d2-49c9-8f76-49802cdc5748,60.0,1004.853,-0.4824,0.373137,4.004,1005.335,43.9115,-9.3847,66.7474,75.446601,0.4351,2.52,0.38,13,False,rain,evening,above
87856317-7e2a-4c65-89f4-c4bc432307e1,60.0,1005.793,-0.808,0.574543,6.706,1006.601,15.3912,16.2846,41.5234,94.4674,0.1789,41.45,7.27,4,True,rain,morning,above
845d857d-5b4f-4021-bdac-d749ed66abad,60.0,990.435,-0.0972,0.316704,0.807,990.532,7.5829,-14.9024,23.6873,54.859351,1.0,19.99,1.53,17,False,overcast,night,above
3f4f1ae0-e3c0-4094-9744-7126fd71f227,60.0,1008.548,0.1796,0.060273,-1.49,1008.368,40.3234,-19.7571,58.7473,63.356971,0.3963,28.89,2.78,16,False,rain,afternoon,street_level
be6ae4cc-f62e-4d28-ac7f-a301816055f8,60.0,994.533,-0.4912,0.521158,4.077,995.024,36.6773,-14.1269,46.8841,17.631634,0.7024,18.72,8.82,2,True,overcast,morning,street_level
be8c6bb8-865f-411a-97d4-30e46e713be7,60.0,1001.16,0.15,0.09041,-1.245,1001.01,36.8008,1.8673,46.8516,60.138854,0.4794,9.9,4.21,0,False,overcast,morning,street_level
ba9aefee-16e4-4b5d-92ff-3e1b2abc4a34,60.0,1004.008,-0.1977,0.289648,1.641,1004.206,29.0375,3.9369,26.7806,85.985701,0.8786,63.38,13.8,1,True,overcast,evening,underground
32e4bbda-6566-44fc-90ec-d0feae30e87d,60.0,1012.536,0.7388,0.543424,-6.132,1011.797,9.5438,-11.0849,28.9356,128.516082,0.5223,52.77,10.86,0,True,rain,night,underground
ff570e36-e321-4548-a1b6-04970c876513,60.0,1009.753,-0.9032,0.212499,7.496,1010.656,53.4223,-12.4379,45.0283,97.790051,0.4385,6.34,2.19,12,False,rain,night,above
382d261e-e4dc-42ef-b75d-8b33deb494a5,60.0,1010.346,0.0138,0.078766,-0.115,1010.333,0.236,-12.8334,39.9265,18.374648,0.3062,11.97,-1.02,19,False,clear,evening,street_level
c1fdeb95-4ce2-454a-bc7f-5563cf3334fa,60.0,1007.79,-0.4013,0.234263,3.331,1008.191,19.6135,-19.0054,55.2443,67.275469,0.8406,5.4,4.71,0,False,clear,night,underground
d63380db-cb1e-44be-bc17-460915fd2d1e,60.0,1003.092,0.2605,0.102636,-2.162,1002.831,18.512,-15.1339,47.8547,32.811647,0.5013,19.17,1.94,8,False,rain,evening,street_level
995ddb6b-4f6b-41be-bf58-4fab855e3ac4,60.0,990.184,-0.4385,0.330974,3.64,990.623,-0.5692,-9.5184,56.2066,79.172495,0.4653,40.26,7.84,2,True,clear,morning,above
7f795e51-41e8-4b5d-8414-1ee5071f6b4d,60.0,991.625,-0.006,0.193904,0.05,991.631,18.9986,-4.6684,36.557,79.007438,1.0,1.87,2.26,14,False,rain,evening,above
c4d8e59a-ab8b-4fb6-956b-f4ea0cf7c679,60.0,1006.767,0.5124,0.618032,-4.253,1006.255,5.6794,-13.9986,32.6218,81.514147,0.3837,59.44,14.49,0,True,clear,evening,underground
1f8b43b8-c079-4b6e-8852-837d7aa61832,60.0,1000.27,1.2782,0.191939,-10.609,998.991,17.8562,-6.891,47.2771,124.29983,0.6293,12.61,4.58,7,False,rain,evening,underground
371c1344-ba92-4424-b3cc-1f1fe889a46d,60.0,1008.91,0.5577,0.18725,-4.629,1008.352,47.5813,14.0854,26.8701,50.927074,0.7781,23.25,6.08,3,False,overcast,morning,underground
ce99ee1b-61ec-459b-a0e3-0134e7803c70,60.0,1010.798,0.0776,0.06774,-0.644,1010.72,29.8793,-16.3726,24.69,37.215097,1.0,62.81,8.66,4,True,clear,evening,street_level
fbdabf89-57ed-4fa1-bb25-b597aa824f30,60.0,995.406,-1.1237,0.319251,9.327,996.53,20.9165,-21.8069,47.2122,51.805317,0.5804,2.43,2.38,12,False,rain,evening,above
45c87792-dd95-463d-bf73-748b6d528885,60.0,1005.547,0.424,0.609152,-3.519,1005.123,33.0464,1.3087,47.6182,90.147524,0.718,27.89,11.77,0,True,overcast,night,underground
fe034207-b3af-44e1-a1f1-d5c783674d1c,60.0,1010.751,-1.2082,0.183686,10.028,1011.959,21.5142,6.3879,48.9916,81.87911,0.0,16.61,2.13,7,False,overcast,morning,above
993d0a88-9d79-4968-91c8-61b20d86c30b,60.0,999.391,0.4489,0.731918,-3.726,998.942,42.1337,-11.9884,28.9755,50.763703,0.6918,11.9,2.88,1,False,rain,afternoon,street_level
bc4aaccc-7aaf-4762-9036-b60274ab1f6f,60.0,1012.279,0.1414,0.164455,-1.174,1012.138,7.6248,-7.1935,31.9248,70.933377,0.6944,95.21,9.48,0,True,overcast,night,underground
a602d574-c5d8-438f-9e34-2a46db10e296,60.0,1016.398,-0.7865,0.303127,6.528,1017.185,28.5253,1.8984,28.8157,53.495324,0.7651,31.55,11.99,3,True,rain,morning,above
177a27b9-b7a9-4699-aba3-aa06edc884f8,60.0,1011.222,-1.3,0.289987,10.79,1012.522,35.8127,4.2692,35.0828,56.910223,0.7755,20.5,1.29,14,False,clear,morning,above
15418a47-83de-4a81-a132-e863f38b0a3c,60.0,998.898,0.2111,0.451529,-1.752,998.687,8.0339,9.1031,50.4584,87.638714,0.7311,13.41,0.59,13,False,overcast,night,underground
8d8e9cf0-723c-4e70-b99d-3e88f9b7a6ab,60.0,1013.097,0.136,0.040193,-1.129,1012.961,33.9378,-11.9126,33.3411,45.016253,0.543,18.99,3.1,1,False,overcast,morning,street_level
60cab6e5-e470-4349-8463-0394fed5debb,60.0,1003.788,-0.1812,0.092027,1.504,1003.97,8.3695,-21.5699,28.5703,76.151154,0.5571,32.13,0.97,2,False,clear,afternoon,street_level
25d1cf1c-6780-42e1-89d7-16959304d614,60.0,1019.177,1.2845,0.768732,-10.661,1017.892,32.3231,-26.1379,33.8282,53.395542,0.0,11.71,2.52,9,False,clear,morning,street_level
1d2af4f4-fb39-413e-bb57-a226ae5c8b55,60.0,996.392,0.5346,0.32391,-4.437,995.857,5.478,-25.6099,26.3681,88.914853,0.659,19.7,4.12,14,False,clear,evening,underground
88c69e20-4b2b-4c20-8543-417f516ce3f3,60.0,1004.816,-1.2606,0.226881,10.463,1006.076,3.9253,-10.1499,26.839,107.411456,0.3594,31.2,9.1,6,True,clear,evening,above
5750456e-a236-4f40-b66a-3fd93c45251c,60.0,1017.152,1.0882,0.304006,-9.032,1016.063,25.4538,-0.1804,34.0496,70.233033,0.5509,48.11,8.56,0,True,rain,night,underground
17fc235a-af05-416c-9af8-b0150d3780a2,60.0,993.071,-0.9905,0.315618,8.221,994.061,-1.433,10.3601,37.4516,44.072342,0.7209,57.72,8.81,1,True,clear,morning,above
42e8bbce-7121-4d3f-bea3-4ee9185ee385,60.0,1014.939,1.8509,0.312112,-15.363,1013.088,20.9332,-8.3152,39.5317,56.918771,0.2765,10.95,0.23,15,False,rain,night,street_level
b924d794-853d-42e2-935b-ec46985039da,60.0,1004.206,-0.9783,0.110963,8.12,1005.184,4.4694,-1.2921,35.2764,71.511248,0.6427,15.77,2.76,13,False,rain,afternoon,above
453b4c52-bb3a-4744-b86f-6cfe792665b7,60.0,996.314,1.2376,0.238872,-10.272,995.076,25.1131,-33.5841,41.4833,101.146477,0.5954,52.22,11.76,1,True,overcast,evening,underground
a0445442-f32a-4777-9044-d0bdad8ccdc9,60.0,991.809,1.4048,0.692771,-11.66,990.404,9.7369,-20.3842,39.4162,1.462764,0.7776,28.78,3.87,3,False,clear,evening,underground
bddb87fb-1222-4665-9088-e1a44429070d,60.0,1008.428,-1.6892,0.447566,14.02,1010.117,14.8474,-5.0386,37.7615,103.403518,0.6386,52.59,9.77,2,True,overcast,morning,above
add504e8-6284-4498-9911-9d545d6da5a7,60.0,998.746,0.8758,0.516655,-7.269,997.87,15.2721,0.7223,12.1281,51.882944,0.4971,7.14,4.98,10,False,clear,night,underground
05b5091f-01ad-4eeb-863c-f19c559e49df,60.0,1000.974,-0.1574,0.135398,1.307,1001.132,39.9201,-24.3605,23.8031,88.463252,0.3358,8.7,3.98,12,False,clear,afternoon,street_level
b8bebd16-5f5c-4d2a-982d-7971174b9d51,60.0,995.714,-0.5536,0.716338,4.595,996.268,18.8161,-15.616,37.5663,42.266303,0.588,45.3,11.74,2,True,overcast,afternoon,street_level
67ca8056-6f58-4d37-aca8-b6fd7174719f,60.0,995.076,-1.5329,0.293528,12.723,996.609,39.6909,-27.0531,51.2078,56.18248,0.8572,36.13,6.37,0,True,clear,evening,above
8bba08ed-d026-45ce-8399-fa99fedf002a,60.0,1008.082,-1.5454,0.219357,12.827,1009.628,1.7456,-13.7972,21.9465,77.826073,0.8442,36.39,13.97,2,True,rain,morning,above
38cdd969-4bce-4ff8-a7e8-f3f1b82a7c36,60.0,1000.847,-0.5969,0.321994,4.955,1001.444,-4.6936,8.293,26.4341,79.954365,0.9748,31.26,5.14,3,True,clear,night,above
46fcba9a-25c2-480b-b728-8a9a24daa252,60.0,1004.932,-1.3022,0.342735,10.808,1006.234,2.8536,-17.1789,58.0473,49.636289,0.5131,41.89,9.77,5,True,overcast,afternoon,street_level
95c32ee6-afe3-4827-b333-1ab69ba20534,60.0,1009.819,-1.0927,0.48724,9.069,1010.912,8.8078,-10.7744,38.2928,93.944085,0.8384,9.75,2.35,13,False,clear,afternoon,above
c9933403-23fe-414b-b31f-6554c96205f8,60.0,1007.11,0.677,0.640083,-5.619,1006.433,34.4593,-25.7487,44.0385,57.148147,0.8898,27.41,2.82,6,False,overcast,evening,underground
5af8fea1-7ab3-4f0d-b9c2-fd0b7295a822,60.0,1002.344,-0.7818,0.249598,6.489,1003.126,14.465,-14.1432,61.1732,59.386124,0.3854,8.81,1.59,18,False,overcast,evening,above
0343fcfd-b5f7-4964-ab55-22c4e0eb2de9,60.0,1011.143,0.8547,0.471457,-7.094,1010.288,5.4088,7.4054,33.1585,108.320328,0.8976,14.72,5.6,9,False,rain,evening,underground
e28fcc3f-c3e6-4a7f-b827-c8ec0f1c2eb3,60.0,1002.175,0.1127,0.464085,-0.935,1002.062,13.8192,19.4108,80.0824,92.826662,1.0,68.79,12.58,0,True,rain,afternoon,underground
98c82e89-b866-4b86-8faa-a902d679a558,60.0,1005.863,-0.2383,0.431959,1.978,1006.101,34.8819,-28.8515,28.3387,88.65696,0.5079,58.81,11.18,0,True,rain,night,underground
8287f2f1-9619-4f32-8bc6-e37d04591e64,60.0,995.512,-1.3018,0.119642,10.805,996.814,10.2208,-10.6162,41.9221,81.850618,0.2093,1.99,1.33,17,False,clear,morning,above
a67d4689-6760-4fb7-b889-98409bd197a3,60.0,990.045,-1.0507,0.542912,8.721,991.096,20.6927,-2.0534,23.9709,61.830091,1.0,46.07,4.11,6,True,overcast,evening,above
5047bee0-9248-44b9-b411-4f0e7d4714c7,60.0,1002.262,-0.5229,0.537653,4.34,1002.785,24.3619,-29.0146,53.3383,26.410145,0.6331,10.47,1.75,6,False,overcast,evening,above
d7574b7c-a639-4d90-b282-b5e4f56195a0,60.0,1013.273,0.3057,0.542492,-2.537,1012.968,4.0595,-16.2318,19.955,42.605652,0.8111,24.94,1.1,2,False,overcast,morning,underground
3f5a377e-08b0-440f-ad5a-740ee55730ff,60.0,995.673,0.1992,0.481454,-1.654,995.474,11.9586,-11.2507,27.9671,61.493258,1.0,37.68,1.61,0,False,clear,evening,underground
5e3dec19-11e4-4456-bbee-bacc05ab5185,60.0,1013.421,0.5066,0.209954,-4.205,1012.915,34.0789,3.0657,4.2701,51.341303,0.8659,3.99,0.82,9,False,overcast,evening,underground
4c33f35c-8a2a-4744-b3b5-ea4b1a031413,60.0,1017.845,1.1337,0.206299,-9.41,1016.711,9.4929,-11.3023,48.1441,63.873373,0.4796,11.91,4.45,7,False,rain,evening,underground
c78783d5-e6a4-413e-94d8-113ebaa46f1b,60.0,1000.118,0.136,0.339396,-1.129,999.981,20.2075,-20.8024,41.0605,-34.890469,0.6697,35.23,4.49,1,True,clear,afternoon,street_level
588c4a1b-7dce-4cb7-827f-fd2b657d84f0,60.0,1009.398,-0.0089,0.101151,0.074,1009.406,20.0479,-10.721,26.7945,28.578363,0.37,54.2,7.33,4,True,overcast,night,street_level
8f03ac45-fcfc-4e4c-a6f9-895416e3fdb2,60.0,991.181,-0.5659,0.474372,4.697,991.747,36.4068,-23.3075,49.6386,71.720993,0.5848,11.33,1.94,10,False,rain,afternoon,above
44bd660d-730f-46bb-894c-6afb332899ce,60.0,1001.354,-1.5281,0.357886,12.683,1002.882,21.9481,-33.9379,60.5471,61.429424,0.7148,54.07,5.55,1,True,clear,night,above
136582bb-53f1-4ab9-8e24-587985bfb4a5,60.0,1011.354,0.4258,0.549329,-3.534,1010.928,-1.3501,-8.0388,48.1158,64.25274,0.3736,40.13,9.83,0,True,rain,night,underground
d9d1d437-a1ba-4fa9-827b-5fac2104147b,60.0,999.491,0.998,0.48074,-8.283,998.493,-4.7209,10.953,47.0637,61.797268,0.6905,48.92,13.0,0,True,rain,morning,underground
8df92867-fd62-4bcb-8eb5-fe196289ce17,60.0,1006.921,-0.3078,0.180894,2.555,1007.229,12.4232,11.7072,47.7065,104.309466,0.4652,10.98,1.09,11,False,overcast,afternoon,above
b0d38fdc-2112-43a2-b5b5-3921cf745ccf,60.0,999.866,0.5657,0.698503,-4.695,999.3,25.1691,22.8766,78.4195,70.866211,0.6235,19.69,4.46,8,False,overcast,afternoon,underground
dccfe3f5-083c-41ce-92b2-599ea4f3e4e1,60.0,1000.119,-0.7021,0.528558,5.827,1000.821,18.4161,-8.5234,36.6103,66.465098,0.9322,64.03,5.53,0,True,overcast,night,above
6ee04e80-66c2-4847-a391-3e50f4bc9f66,60.0,1013.349,-0.2045,0.145681,1.697,1013.553,25.7713,25.3207,31.2219,63.116194,0.7787,50.82,14.13,1,True,rain,evening,above
a26dc5fc-1abb-4b56-bbe1-e1d9a35606e9,60.0,992.895,-0.0931,0.087377,0.773,992.989,16.7473,-12.2794,45.0816,10.969041,0.7522,27.33,3.98,13,False,overcast,afternoon,street_level
b307cae4-2b92-4b06-ac47-78745db24a00,60.0,1014.89,0.7785,0.272155,-6.462,1014.111,36.5639,-7.8936,46.5312,41.091578,0.6303,22.46,3.79,4,False,clear,night,underground
2e6bc406-6b54-4797-a0bb-628a55e9ff8a,60.0,1001.093,-1.6597,0.339974,13.775,1002.753,26.4741,11.0382,58.7439,48.892781,0.5512,16.77,4.48,11,False,overcast,evening,street_level
72d2350b-1f3e-4ed4-b3ec-f24f7a6c4bee,60.0,991.279,-1.0915,0.554426,9.06,992.37,6.9774,-10.4252,30.2748,72.231594,0.6437,4.28,2.31,16,False,overcast,afternoon,above
19ee87eb-b6c2-4fd1-8be1-6f9e971cc10e,60.0,993.916,-0.2345,0.225963,1.946,994.15,10.3577,-36.4147,26.3302,49.547062,0.6024,18.96,3.41,13,False,rain,morning,above
2e7ac093-3240-4a07-af32-37a0a174a0f5,60.0,1005.11,-0.5065,0.032695,4.204,1005.617,28.8405,-8.8772,44.1028,-4.09829,0.5167,2.42,6.06,17,False,rain,afternoon,street_level
ba9defa7-46f7-472f-b1a5-7b5b39fbb780,60.0,1014.178,-0.3058,0.365986,2.538,1014.484,12.168,-33.2092,21.8587,51.536839,1.0,9.37,4.07,7,False,rain,night,above
0a5b215d-8698-49ae-8e72-ed1bac4f76d8,60.0,1009.081,0.9875,0.346616,-8.196,1008.093,3.5783,-1.0523,30.1317,76.87327,0.7409,63.47,10.66,0,True,rain,evening,underground
ffe1c7c4-6557-4b22-9f57-89f015d7f9f5,60.0,1007.87,-0.2912,0.416627,2.417,1008.161,9.9549,-0.3903,39.0515,95.016049,0.7905,14.8,1.24,21,False,rain,night,above
a401009f-ddef-44df-99d9-2963ce5828cc,60.0,997.835,2.8142,0.099505,-23.358,995.02,55.9554,-2.7694,50.8614,19.491212,0.3796,4.25,3.27,16,False,rain,morning,street_level
efd95fe2-2c29-4c9a-a6b2-66240103057e,60.0,1012.869,-0.4192,0.456764,3.479,1013.288,25.206,-31.8596,46.3519,66.573627,0.5562,8.1,3.08,14,False,overcast,morning,above
da121757-0bb5-416c-a9f5-4377a3ca2b03,60.0,991.205,0.7743,0.418381,-6.427,990.431,12.2468,-27.0426,37.0699,89.609178,0.8426,79.96,15.77,0,True,clear,morning,underground
f2f0ba9e-ae09-4d9a-8392-a1d56a034a92,60.0,1013.87,-1.3766,0.598774,11.425,1015.247,10.8295,11.5862,42.4937,63.364293,0.7367,57.4,7.0,3,True,rain,evening,above
8db42d7a-b62d-4054-8223-8404e0d961a9,60.0,998.822,1.0971,0.662013,-9.106,997.725,16.1038,-23.2605,50.4097,85.629892,0.8651,31.56,13.76,0,True,clear,afternoon,underground
afdff542-5674-4b60-a7f1-e44d0e9c0ad7,60.0,1007.005,-0.2173,0.049413,1.804,1007.223,15.503,-14.0659,60.3858,122.3713,0.2346,15.13,5.59,2,True,clear,evening,street_level
cb4f703e-4447-40de-88bd-ee38b289ecf2,60.0,994.643,0.5247,0.195938,-4.355,994.118,41.4526,-4.1181,8.5945,100.679004,0.2745,4.64,7.25,11,False,overcast,night,underground
7d4100ca-e545-4052-a875-ce632bf925f7,60.0,1003.473,2.6331,0.53232,-21.854,1000.84,40.4496,1.536,37.1983,38.594217,0.4065,25.58,1.33,12,False,rain,afternoon,street_level
9ccea108-922d-4faf-8d86-e1d5ff9cc6db,60.0,996.086,-0.3781,0.14143,3.138,996.464,35.016,-5.5476,36.8007,37.801432,0.6836,16.6,0.99,19,False,rain,evening,street_level
bac2b42d-a5da-4c20-8f61-010a2d4f2c7c,60.0,1008.167,-0.5322,0.426315,4.417,1008.699,19.6787,-18.0118,56.8969,38.740397,0.4549,22.46,8.84,3,True,clear,evening,above
3bbffdb6-9df2-44a2-a8f9-769c7c361fa2,60.0,1012.348,-0.3895,0.582773,3.233,1012.737,5.379,-2.2377,30.362,93.85587,0.6192,20.3,1.55,21,False,clear,morning,above
be284804-4e22-4c57-b37c-36221ae59627,60.0,1000.953,0.75,0.49921,-6.225,1000.203,10.9596,-15.7119,51.1667,36.359302,0.8903,84.0,11.19,2,True,rain,afternoon,underground
71d46d13-905b-4b4f-be5b-325f97b89417,60.0,1010.164,0.5449,0.784858,-4.523,1009.62,13.4415,-20.6917,40.0982,14.843719,0.045,18.54,2.36,16,False,overcast,afternoon,street_level
a081b0e5-f8d4-4c55-a3bd-ad3cdc522b05,60.0,1001.662,0.6721,0.126952,-5.578,1000.99,28.5237,-9.7876,66.185,100.659749,0.7415,76.37,12.72,0,True,clear,afternoon,underground
35f4c1fa-1684-4c4e-915d-11387e475efc,60.0,1009.921,-0.9664,0.358961,8.021,1010.887,26.5121,-6.2362,13.4402,15.581898,0.1313,86.1,14.31,2,True,rain,night,above
8862250f-7918-4208-9402-d8d8913e1a91,60.0,1008.112,0.5493,0.302706,-4.559,1007.562,18.8275,0.9132,37.7654,53.022566,0.6775,73.14,11.26,0,True,rain,night,underground
f9525fe8-58a2-4ffb-9f06-5f2ecab5dc85,60.0,1001.135,0.3709,0.379937,-3.079,1000.764,7.9196,-14.7526,32.4919,86.475649,0.3878,22.85,5.54,9,False,clear,morning,underground
daa2df21-9a47-4be2-8101-7f4a20fcfa9b,60.0,994.412,-0.5687,0.595086,4.72,994.98,25.2746,-11.1702,49.4054,43.193148,0.6077,48.25,6.55,2,True,clear,evening,above
b1a2b71e-3b95-4c09-880d-4631b1ad5a5c,60.0,1002.493,0.2893,0.697915,-2.401,1002.204,17.5508,1.1634,52.84,65.608462,0.0,7.72,-0.48,21,False,rain,afternoon,street_level
103708da-3266-492a-9dd9-96a119a2d23e,60.0,998.511,-1.0531,0.389259,8.74,999.564,9.6397,-3.7883,26.7762,32.777693,0.6233,13.18,10.74,3,True,overcast,morning,street_level
e19a1b7c-434d-42de-bf6d-6657b5b9967d,60.0,1006.711,-1.4316,0.525521,11.882,1008.143,40.9316,-13.6457,61.0814,84.379546,0.9509,69.1,7.64,3,True,overcast,afternoon,above
c542af9e-6e2d-4d3f-8357-2325cf911bc4,60.0,993.77,0.375,0.063061,-3.112,993.395,11.2172,2.8278,46.709,55.651709,0.9085,8.2,6.94,0,True,overcast,evening,street_level
a438df86-58ef-47c9-9206-afd16307a999,60.0,1016.714,-0.1444,0.175275,1.198,1016.859,14.6207,1.9733,56.1007,143.258007,1.0,34.09,14.84,0,True,clear,morning,underground
63ab27fd-22bf-4eb0-b9fc-a1fede5b0ea6,60.0,1007.78,0.7038,0.328912,-5.842,1007.077,2.0322,-19.5219,15.803,83.872448,0.5386,50.67,10.77,0,True,overcast,evening,underground
b2cf1db4-c3ea-4c1d-b15a-ebcf1b5ca503,60.0,1010.01,0.017,0.059359,-0.141,1009.993,13.4445,22.8992,49.6921,7.073942,0.5161,66.36,11.65,6,True,clear,morning,street_level
1bcbaba1-bf20-4e02-85c0-9284a1a7ca1a,60.0,1006.754,0.0467,0.367677,-0.388,1006.708,45.9622,-19.9948,64.8891,54.693356,0.9534,10.04,2.61,7,False,rain,night,underground
efbef677-bb24-4996-b1a3-2ca19db31f1e,60.0,1013.914,-0.9987,0.595889,8.289,1014.913,15.665,-8.1062,30.8071,97.151253,0.7917,20.03,9.74,3,True,overcast,evening,above
32a66245-bddf-4ed4-a7d0-28256250f633,60.0,1001.411,0.9811,0.263751,-8.143,1000.43,0.896,-20.4019,12.6797,7.742957,0.5667,19.02,2.12,12,False,overcast,afternoon,underground
549a61dd-7e46-456a-a71b-3f8c28aad94b,60.0,991.621,0.1551,0.622212,-1.287,991.466,22.5788,-24.0423,27.8553,88.522508,0.901,29.92,5.41,11,False,rain,evening,underground
cee074af-cbb8-4307-8f0b-a21e486ef76c,60.0,1013.912,-0.4364,0.052436,3.622,1014.348,5.3569,-21.9852,44.0643,133.577357,0.7945,59.14,5.7,2,True,clear,night,street_level
1fcd243b-e3c2-4c8a-aca8-3ebc4d901cea,60.0,1005.534,0.9853,0.269996,-8.178,1004.549,29.4602,-15.5564,27.3717,20.261785,0.4572,10.96,2.02,7,False,clear,afternoon,street_level
ba5ba36e-a551-40ac-800a-e8ad6348b1a2,60.0,1010.081,-1.5081,0.396073,12.517,1011.589,4.9352,15.4528,69.811,87.458653,0.9762,11.43,0.93,12,False,clear,afternoon,above
01b7cc2a-3ff6-4c0f-8ab0-379549be95ce,60.0,992.013,-1.3213,0.484564,10.967,993.334,49.2023,3.7494,44.2677,25.063645,0.6315,5.59,2.28,13,False,clear,afternoon,above
0da4accc-0173-4423-b43d-70cd0f6fc3c8,60.0,1010.775,0.0453,0.025743,-0.376,1010.729,-3.2786,-22.2394,53.4226,25.633744,0.3788,103.41,8.71,3,True,rain,morning,street_level
b3852ee9-29e6-4d05-81b4-ce33b76a5c90,60.0,1001.884,1.1483,0.20203,-9.531,1000.736,5.5475,-45.7751,37.2834,73.009244,0.4533,67.67,11.64,0,True,overcast,evening,underground
b62a161f-f2a4-4165-8ce8-859b747c3881,60.0,1008.475,-0.2157,0.413906,1.79,1008.691,7.291,-32.2318,25.9443,89.933481,0.6202,68.62,6.55,0,True,overcast,morning,above
21d9cc4a-29e0-43dc-9b0c-f663379dc6a1,60.0,996.797,-0.312,0.243528,2.59,997.109,42.5409,-32.1381,42.8632,65.780365,1.0,14.98,1.5,11,False,clear,morning,above
dbf22530-6c2e-4143-ae74-6e0c7f0cd9e7,60.0,1014.657,-0.9854,0.575919,8.179,1015.642,8.2944,-15.0423,38.2087,75.442035,0.6733,35.11,9.01,0,True,clear,morning,above
c256a737-b3bf-4ef2-abad-e0acfeec1974,60.0,1015.435,0.0983,0.393234,-0.815,1015.337,49.5329,-19.7253,14.9832,66.84352,0.9007,10.93,2.23,11,False,clear,night,above
3748d6dc-c373-47da-a103-b7bc104f9282,60.0,1003.085,0.619,0.664986,-5.137,1002.466,55.8936,-35.1572,24.7107,76.75124,0.9797,36.58,3.06,10,False,rain,morning,underground
e799967d-8242-4694-b4fa-dcc360fa9c09,60.0,1007.846,-0.0003,0.576413,0.003,1007.846,-4.8875,-21.2988,17.5469,68.298904,0.1582,17.95,1.54,15,False,rain,night,above
be2888d1-3d06-4482-abc3-2a4fa9bc4132,60.0,1015.198,-0.1829,0.577044,1.518,1015.38,21.6604,-4.1789,63.3761,79.169437,0.5133,2.81,0.72,15,False,clear,afternoon,above
95b46652-c2be-4fb8-b47e-da2ef09ce9ca,60.0,1010.527,-0.6346,0.381235,5.267,1011.162,-2.0069,-6.5055,52.0072,57.551865,0.8512,41.77,5.41,1,True,overcast,morning,above
00107625-485e-498a-a99b-8b6234e9feca,60.0,1015.125,1.1733,0.1475,-9.739,1013.952,-2.1076,-45.5045,41.1429,89.97351,0.7317,13.67,8.52,12,False,rain,morning,underground
1df42969-6279-4fd1-909c-8e121b716a43,60.0,997.493,-1.1158,0.304619,9.262,998.609,30.4074,-0.5678,39.2574,51.703105,0.5783,55.05,8.92,5,True,overcast,evening,above
4c896aa6-8971-4e9d-b8df-c6524f6991aa,60.0,1000.459,0.3567,0.194966,-2.961,1000.102,33.5712,-6.8457,48.0705,114.562827,1.0,56.45,9.17,0,True,overcast,afternoon,above
279fd504-46bc-4171-bda7-1c6ca6e14cab,60.0,1001.924,0.3295,0.594453,-2.735,1001.595,40.6581,1.1983,47.2903,47.607787,0.8513,94.36,8.05,0,True,clear,morning,underground
9d9eecc1-1476-4af4-9ef7-1274deeaf494,60.0,1003.417,0.3884,0.505513,-3.224,1003.029,46.1288,-10.1765,39.4516,48.939237,0.9668,46.74,10.23,0,True,clear,morning,underground
f9487ae7-5db2-4f30-b97c-00305114e025,60.0,1013.755,1.1659,0.231638,-9.677,1012.589,42.814,-19.497,42.9615,62.77769,0.7031,85.02,8.48,0,True,clear,afternoon,underground
2b4e98da-d4ba-47cf-8e69-088c44612531,60.0,993.445,0.431,0.667427,-3.578,993.014,18.1195,-10.2267,63.6792,66.580204,0.7633,66.92,12.21,1,True,overcast,afternoon,underground
876dadf2-2bc4-4ecf-9396-55573dd0cb46,60.0,1013.33,1.0528,0.400447,-8.738,1012.278,17.1978,-19.6887,19.7467,103.842746,0.9949,33.39,2.37,4,False,overcast,night,underground
250904fc-437d-4714-b140-ecad4b94ba75,60.0,1006.109,0.9712,0.294168,-8.061,1005.138,11.68,-37.7851,43.7063,42.369148,0.8718,80.86,13.79,0,True,clear,morning,underground
f60419aa-0fb1-41ca-85eb-5a7cea796da8,60.0,996.836,-0.512,0.18523,4.25,997.348,0.5019,-1.8661,39.4756,73.478542,0.4023,7.13,0.16,19,False,rain,afternoon,above
66199c50-6ef2-47b7-b8e0-e14eca6c378b,60.0,999.033,-0.8341,0.264555,6.923,999.867,-3.8275,-2.3576,60.1339,20.374354,0.5929,60.17,10.87,0,True,rain,evening,above
b150a099-6215-41f0-842a-31820b6b2400,60.0,995.008,-0.7532,0.300618,6.252,995.762,3.721,-11.8328,56.1354,2.525773,1.0,17.73,0.75,13,False,clear,morning,street_level
394ae596-12c6-44dd-af96-46f63a667b25,60.0,1008.948,-1.3322,0.388185,11.057,1010.28,20.3611,-14.8041,17.8863,58.921139,0.5989,37.95,8.29,0,True,clear,morning,above
6e6d13ef-03cb-4995-9517-46cffd71438d,60.0,1003.361,0.0916,0.13043,-0.761,1003.27,30.7759,12.0484,35.7816,51.62831,0.6276,5.91,2.73,13,False,overcast,night,above
073e92b4-3c8f-45ae-9bd3-5a044fda4e52,60.0,1010.096,0.128,0.123194,-1.063,1009.968,4.5046,0.706,44.9196,35.006052,0.7109,23.71,10.64,1,True,clear,morning,street_level
6e256aa7-da1f-4b7d-a6bd-6d6310be3b34,60.0,1008.862,-0.0262,0.377196,0.218,1008.888,12.9701,3.3326,53.5374,37.384376,0.4798,20.18,1.59,18,False,overcast,morning,above
3fce5ba6-4586-46a3-9529-27bc9089ade3,60.0,1018.339,0.7541,0.573701,-6.259,1017.585,35.1817,-3.5798,15.4181,112.838243,0.376,21.98,5.51,6,False,overcast,afternoon,underground
4b66c6d5-fbf6-42ee-941e-4d887b7d926d,60.0,1003.312,1.5267,0.217334,-12.672,1001.785,47.3145,23.1992,43.0748,52.534669,0.3228,33.21,7.45,0,True,rain,evening,underground
33b2ac34-437d-4a8f-b553-cf1e37643be8,60.0,992.048,0.423,0.649047,-3.511,991.625,-4.0815,-15.8913,19.5228,116.83941,0.5213,30.5,3.32,13,False,clear,morning,underground
34a41e6f-e03e-4a76-a9cb-86b3ad46380f,60.0,1016.137,0.1635,0.142181,-1.357,1015.974,3.7107,-22.204,54.2231,22.581751,0.3577,9.21,1.89,0,False,clear,evening,street_level
8f2853a5-974b-4482-a328-a13e4f6fb6e0,60.0,996.533,0.4426,0.302137,-3.673,996.091,45.1058,-34.1753,45.409,33.807331,0.4181,73.2,10.34,0,True,overcast,evening,underground
127a64f9-9a8a-4a78-bd61-ef035822a999,60.0,991.476,0.4822,0.353097,-4.002,990.994,30.2045,-8.7204,22.3402,107.487851,0.6109,62.73,9.36,0,True,overcast,morning,underground
6cd2359a-f914-42f0-9bf9-d7931b2515df,60.0,1013.543,-0.4681,0.022505,3.886,1014.012,31.1824,-45.0885,18.695,21.254905,0.4515,24.79,10.72,3,True,clear,morning,street_level
6ae5d017-2343-4906-a5b4-eaadf555d71d,60.0,1009.205,-0.1874,0.069975,1.556,1009.392,47.5766,-36.1554,50.644,114.521921,0.6286,56.99,12.24,1,True,overcast,afternoon,street_level
40cf85d7-8f7f-40c2-9665-ba35407b6f07,60.0,1011.193,0.3381,0.52114,-2.807,1010.855,41.1938,-21.1733,30.1574,56.34449,0.5962,25.21,16.26,0,True,rain,night,underground
c1dac190-ef58-4493-baf3-d60a6d5bb2b6,60.0,1000.141,-0.9713,0.206756,8.062,1001.112,37.4418,-9.944,74.1311,25.190681,1.0,10.92,1.11,18,False,rain,morning,above
f90ae95c-8fa7-4c21-9615-bbd4d497b708,60.0,1005.849,1.3038,0.193503,-10.822,1004.545,15.4298,-7.3853,36.5752,52.954103,0.5354,66.37,16.69,0,True,rain,afternoon,underground
aaa07e42-8ad0-4eaf-923a-a539657065cb,60.0,1002.509,0.0032,0.119204,-0.027,1002.506,7.0023,-0.1473,62.399,15.361443,0.1522,8.46,8.08,0,True,rain,night,street_level
1a44a562-a42c-4712-8551-26d6c42a093e,60.0,1008.026,-0.2758,0.259033,2.289,1008.302,23.9799,-15.1059,29.3194,73.866677,0.569,66.92,9.67,0,True,rain,night,underground
f256182d-1264-4930-a218-5418700bcfe9,60.0,991.535,-1.0064,0.366514,8.353,992.542,19.1176,-5.8035,25.6102,61.688882,0.9011,48.44,8.4,1,True,rain,night,above
374ea81d-023b-4efe-8e0b-002950e8c62c,60.0,1005.604,-1.394,0.392469,11.57,1006.998,19.7392,-13.6288,11.8496,82.835726,0.8469,32.11,6.26,1,True,clear,morning,above
47d90784-ee82-4b06-94bb-f4208ff6e11b,60.0,992.797,-0.2287,0.126725,1.898,993.026,17.3707,-23.8258,49.2178,-10.174584,0.3465,52.51,6.18,5,True,overcast,morning,street_level
5d93aac7-a1e2-4e2b-ad08-a0ac2b38f81a,60.0,1003.671,-0.6178,0.147491,5.128,1004.289,37.6496,11.938,36.4068,18.93996,0.0061,19.42,2.0,11,False,clear,night,street_level
80053f17-3115-4b8e-9b84-18c200968ddb,60.0,991.38,-1.228,0.359002,10.192,992.608,0.5343,-20.8516,-7.989,47.79978,0.5735,36.29,11.25,1,True,rain,night,above
b5c5a0ea-a754-44d5-85be-66217ff7c157,60.0,1005.207,0.2074,0.042275,-1.721,1004.999,6.4062,4.9789,34.6626,0.701929,0.3906,25.45,3.17,6,True,overcast,night,street_level
71e17425-3c0c-441e-a25b-53d5f1dc8641,60.0,1004.112,0.158,0.516715,-1.312,1003.954,-14.4049,-25.809,45.0721,128.042869,0.8624,63.03,16.2,0,True,overcast,morning,underground
fe070a70-7398-4327-85e9-7d78254c1488,60.0,1000.858,-0.8296,0.180916,6.885,1001.688,9.9275,-26.3055,43.1964,85.632688,0.5837,8.08,0.65,18,False,overcast,afternoon,above
a73fd564-7ed0-4414-bbc1-618744685308,60.0,998.565,0.9435,0.432217,-7.831,997.622,-4.0012,-23.3871,41.9707,48.483772,0.4826,67.02,8.86,1,True,rain,morning,underground
7138a012-ef13-4890-92ce-67009291d423,60.0,1013.096,0.7266,0.575213,-6.031,1012.37,-10.4995,-17.474,55.152,42.722336,0.9929,21.95,6.42,4,False,rain,morning,underground
e811b742-a2f8-4d9c-9c54-cb4535df6f12,60.0,993.632,1.1227,0.2033,-9.318,992.51,5.6919,-15.9296,45.8083,33.916997,0.1314,26.02,0.51,19,False,rain,evening,street_level
09efbe07-b158-4a32-a73d-9645dadc2c42,60.0,1001.017,0.0345,0.079686,-0.286,1000.982,11.8246,-10.1665,61.0646,12.754119,0.8814,27.02,12.42,4,True,overcast,afternoon,street_level
b95d99e6-f4b0-4e26-bb9b-937581e3f6cc,60.0,1003.713,-1.0335,0.17382,8.578,1004.746,6.7064,-14.8173,55.9812,88.368703,0.7062,13.63,2.36,9,False,rain,morning,above
28f49d5e-5446-4c1a-8748-26da02d25d0e,60.0,1010.418,0.5469,0.396702,-4.539,1009.871,-6.5884,-2.3721,43.1332,86.171762,1.0,9.81,6.11,7,False,overcast,afternoon,underground
8f1138df-ff96-4148-8e51-9663de1fb54c,60.0,994.59,0.6319,0.524157,-5.245,993.958,20.9927,-11.4216,15.1455,92.427454,0.6073,91.65,12.25,0,True,rain,night,underground
5ce8cd5d-8ae9-46c5-b0f0-a7a7dc1d7ab8,60.0,1005.374,0.1936,0.084894,-1.606,1005.18,19.807,-1.8042,51.7029,31.430673,0.3635,51.95,13.29,3,True,overcast,morning,street_level
d0546623-5ba5-4440-b47e-6286fa62666f,60.0,995.43,0.1388,0.095283,-1.152,995.291,2.9871,-13.2629,24.9479,38.341015,0.8738,85.27,5.91,0,True,overcast,afternoon,street_level
d24660b9-ef44-40f3-a948-34aad642e1ca,60.0,1017.112,-0.5189,0.55022,4.307,1017.631,25.2129,-2.2018,49.0479,89.293158,0.5753,27.9,5.73,0,True,rain,night,above
d6035812-916f-4ee4-ac5c-b3c2745a0560,60.0,1002.251,-1.7469,0.192518,14.499,1003.998,23.8796,-6.1558,28.4616,39.520444,1.0,1.0,3.99,11,False,clear,night,street_level
8f425629-aa2a-4079-9b98-aabed6a3d206,60.0,993.388,0.7038,0.232589,-5.841,992.684,-0.537,-29.1228,42.2773,46.166914,0.6356,57.22,17.29,0,True,clear,evening,underground
038a62d0-1613-4147-abfc-bc9b88fd917e,60.0,1002.42,1.0606,0.633266,-8.803,1001.359,24.7096,-29.22,23.1761,81.264958,0.7526,34.36,3.42,3,False,clear,afternoon,underground
a4111639-c243-4973-b427-5b6538d6d31a,60.0,995.805,-1.5125,0.517625,12.554,997.318,41.0046,-11.607,48.9704,59.751237,0.8901,37.76,8.58,0,True,overcast,night,above
f2226ea2-20ae-4341-b437-6c0830a0090d,60.0,1013.763,0.898,0.410543,-7.454,1012.865,34.9872,7.9772,35.6066,62.506965,0.9769,7.79,2.37,6,False,clear,morning,underground
9b0bd5f7-7f2a-4b51-b570-62f7442697cd,60.0,993.613,1.0763,0.554503,-8.933,992.537,22.6035,18.4745,48.713,12.447049,0.6695,57.23,10.02,0,True,rain,night,underground
954b99cf-aa5c-46c9-940c-212921c0fcfa,60.0,996.564,0.1376,0.032025,-1.142,996.427,15.8606,4.1456,44.2161,19.353257,0.522,38.67,1.36,4,True,rain,night,street_level
7a27427c-64eb-472b-a561-3ceeebd95090,60.0,1005.104,0.3474,0.154729,-2.883,1004.757,43.3607,-0.994,72.882,44.129871,0.3823,14.03,2.84,4,False,clear,night,underground
19324d0d-ee71-4b4b-9180-10bad8c9541c,60.0,1004.341,-1.0324,0.386311,8.569,1005.373,39.8764,-1.2718,19.9244,50.682146,0.463,7.15,-0.11,19,False,overcast,morning,above
2474ca67-e502-4d73-8e3b-2442763eb53e,60.0,1014.963,0.1214,0.379498,-1.008,1014.842,19.1438,-18.3047,44.6984,46.158706,0.2873,53.04,8.72,2,True,rain,night,street_level
28a8be5f-4669-4250-a6fc-1deeff0326ed,60.0,992.396,0.8673,0.27614,-7.199,991.529,29.0426,-20.7833,23.1934,33.950431,0.51,12.9,5.05,11,False,overcast,morning,street_level
6d0e739c-8f1f-4396-ba4a-9d6a0e47982e,60.0,1013.538,-0.3393,0.028652,2.816,1013.878,4.3335,-20.2607,26.0967,71.985778,0.0406,24.29,1.16,11,False,overcast,evening,street_level
97135d31-ab7a-49b3-8a58-ba199a91053b,60.0,1007.467,-0.6739,0.13701,5.593,1008.141,29.3768,-9.954,24.3475,96.151473,0.7749,4.43,0.42,11,False,overcast,afternoon,above
aa2e0dfe-1be4-4b60-aef6-7d3ad5152310,60.0,1007.756,-0.3375,0.219285,2.801,1008.093,15.823,-3.6515,10.4869,77.760999,0.7387,7.46,1.73,12,False,overcast,night,above
dcdd990e-af45-445b-9067-df59bd4ed78d,60.0,1017.008,-0.2549,0.215559,2.116,1017.263,14.914,-5.5971,37.5706,70.147094,0.7258,87.61,8.9,0,True,rain,morning,underground
25296acb-026b-4a5a-8c11-0b58330f927c,60.0,996.611,-1.5363,0.189451,12.751,998.148,26.2459,8.9064,65.1495,26.051385,0.9965,4.81,2.92,20,False,rain,evening,street_level
960279b0-bff3-4171-82a2-29c890224e93,60.0,1009.808,-0.9008,0.221152,7.477,1010.709,27.6255,-9.0734,39.0821,63.217053,0.9607,15.86,2.57,15,False,overcast,night,above
794cc9f3-1af2-444b-9804-2fb90e2e0301,60.0,1006.984,-0.3364,0.356597,2.792,1007.32,26.0225,-1.5874,26.2419,56.589111,1.0,6.25,4.11,18,False,overcast,evening,above
9802b914-5da9-4011-a1c6-dca66b3c121b,60.0,1010.462,-1.5858,0.263969,13.162,1012.048,40.4411,8.6873,53.8113,30.573995,0.3505,19.51,1.99,11,False,rain,morning,above
b2c39f3a-24be-42aa-becd-c01bac42d7a9,60.0,1000.506,2.1922,0.663405,-18.195,998.314,14.7583,-17.5208,38.408,36.316987,0.048,37.36,9.07,5,True,overcast,afternoon,street_level
e4c81b72-a5c0-4c09-a213-b645ed7c291a,60.0,1009.182,0.3238,0.316425,-2.687,1008.858,1.168,-36.0345,45.7635,29.929789,0.0578,15.97,2.54,18,False,rain,evening,street_level
19a880fd-1bbb-46b8-a2a4-4167230f9c0f,60.0,997.195,-0.4196,0.147287,3.483,997.614,28.3565,-12.3735,49.583,44.822799,0.5666,8.38,7.52,0,True,rain,evening,above
917a2da4-e301-4d18-828a-81b989884866,60.0,1002.314,-0.9631,0.389298,7.993,1003.277,35.5205,20.5796,59.0021,83.277771,0.4902,33.96,11.48,4,True,clear,morning,above
ec8693ba-6fa5-4418-a18e-d1b63e286811,60.0,1006.003,-0.0822,0.071384,0.682,1006.085,12.9555,6.4398,21.9432,38.168647,0.1303,48.9,8.16,4,True,rain,afternoon,street_level
ecbe6f8a-5018-4f24-a3aa-1e4e75d7b91e,60.0,1012.838,-0.8177,0.530411,6.787,1013.656,-3.4219,-34.5695,29.1271,19.434682,0.4282,3.27,2.5,14,False,overcast,night,above
77652a56-ebf4-44a0-b5c6-70c8c2b1f697,60.0,991.73,0.2195,0.042962,-1.822,991.511,11.4791,10.6682,70.1193,20.862703,0.8226,11.35,2.17,8,False,rain,afternoon,street_level
f89701e1-aeb4-40b5-a420-f5c8031b4f88,60.0,1001.235,0.2996,0.140308,-2.487,1000.935,4.6077,-5.4328,44.268,7.404274,0.1428,25.02,2.03,3,False,clear,night,street_level
2192df7e-27b2-4a7e-b2ad-23acf1c5ecb7,60.0,995.858,-0.6594,0.294385,5.473,996.517,8.4789,-39.7536,47.01,17.865099,0.3605,17.17,2.72,15,False,rain,afternoon,street_level
5bee71d5-4119-4f7c-b2f2-c5cc555b4eb2,60.0,993.946,-1.8108,0.153794,15.029,995.757,-11.7895,-0.0648,71.927,104.433182,0.5236,4.55,2.65,14,False,rain,morning,above
52bebb0a-bcbb-46c9-bd0c-bc293809d399,60.0,1003.488,0.2442,0.632791,-2.027,1003.244,13.7958,-15.1998,60.6047,104.799892,0.8661,80.34,17.57,0,True,clear,morning,underground
1348d340-48b4-4aa1-a58f-c52201c4e887,60.0,1012.236,-0.1959,0.589,1.626,1012.432,17.0723,-5.9309,54.2223,16.008956,0.5292,59.28,8.91,0,True,rain,afternoon,underground
9c496f2e-bf20-49ff-93dc-c02d0365dd9a,60.0,1014.474,1.6539,0.155051,-13.727,1012.821,29.5398,-5.4989,32.2461,100.624535,0.5019,55.3,11.43,0,True,clear,morning,underground
b0c76573-6dd4-4c2a-8fba-1f72c34d420a,60.0,1006.398,-1.1098,0.338557,9.211,1007.507,16.1842,-29.863,61.4637,33.145525,0.4518,7.22,1.55,17,False,rain,night,above
facea50c-97c6-4aa2-adf3-e35a35472907,60.0,1013.838,-1.315,0.34823,10.915,1015.153,-14.2716,-6.599,68.2745,48.993257,0.7267,53.15,5.35,0,True,clear,afternoon,above
5a94f6b9-2aec-40a0-80d8-3f3bcaaabee0,60.0,999.535,-1.1655,0.290748,9.674,1000.7,43.5743,8.8795,40.1272,69.933106,0.5919,42.76,10.48,0,True,clear,morning,above
53409f51-38c3-4dd5-8425-1ee85f6c4c75,60.0,992.268,-0.0684,0.116337,0.568,992.336,21.034,-13.7767,47.1672,30.248056,0.8378,68.6,10.04,0,True,overcast,evening,underground
dcb7c069-12bc-402d-9d61-a7af8e70e293,60.0,990.926,0.1613,0.392351,-1.339,990.765,30.0909,-23.8412,39.9654,56.263219,0.3862,9.8,1.41,17,False,rain,night,above
de94d03b-c4b0-408e-b246-da3643058046,60.0,999.353,-1.3249,0.294059,10.997,1000.678,40.9356,-25.911,62.1169,-9.130263,0.9819,42.65,9.35,1,True,overcast,afternoon,above
40a2cf3b-38be-410b-bc68-1baa54962a0b,60.0,1015.202,0.8943,0.623631,-7.423,1014.307,25.6022,6.8876,28.7355,104.040586,0.6612,60.61,4.03,0,True,rain,evening,underground
ca8b646d-7b64-4629-9bfb-a19564cf5962,60.0,1002.804,0.0254,0.619086,-0.21,1002.779,33.9397,-50.3541,35.9167,96.158215,0.4808,57.84,12.42,0,True,rain,afternoon,underground
3ffefdcb-4b99-45a9-90e0-f20bd134ebb4,60.0,1015.768,0.0478,0.145009,-0.397,1015.72,11.5678,-21.8466,41.8371,8.820088,0.578,73.57,11.12,3,True,rain,evening,street_level
d3d3664f-259c-4895-ad24-5fc500fa15b4,60.0,1003.103,-0.9158,0.516614,7.601,1004.019,16.3487,-4.6017,25.2219,79.064354,0.531,42.04,6.92,2,True,overcast,evening,above
bf4c71e2-56fe-4d62-9d28-78a233555bd6,60.0,1007.23,-1.3563,0.580276,11.257,1008.586,37.8763,-31.3775,38.1042,83.549355,0.5197,7.23,2.8,17,False,overcast,afternoon,above
60653f72-6345-4621-966b-281853088096,60.0,1014.842,-0.0401,0.113801,0.332,1014.882,31.9785,-26.3384,39.8682,29.777729,0.1711,5.73,-1.82,13,False,clear,evening,street_level
79f4f92e-fa78-432e-9d28-e2df08047062,60.0,989.024,-1.1819,0.290475,9.81,990.205,34.8659,10.8466,37.6263,68.699222,0.4302,14.59,0.74,19,False,rain,afternoon,above
22b4cba7-1a23-47e1-a146-d5d105f7f36a,60.0,1004.869,-1.3253,0.213056,11.0,1006.194,10.5911,-0.8421,42.4395,63.692572,0.5729,4.45,0.84,21,False,overcast,afternoon,above
85bfb68c-7f67-4de8-ac2a-7b8cfcf5869d,60.0,1003.888,-0.6076,0.345566,5.043,1004.496,40.5547,16.8406,34.0151,110.655512,0.4231,37.15,7.18,2,True,overcast,evening,above
6fe09380-f93e-42ee-abae-10e6c361c99b,60.0,1006.084,-0.7696,0.50427,6.387,1006.854,5.8077,15.1054,36.6233,104.546902,0.953,10.41,2.33,20,False,clear,evening,above
58c792d9-f416-446b-895f-90eb4ab38971,60.0,1003.681,-0.2917,0.146061,2.421,1003.973,42.6497,8.8652,48.8805,99.477785,0.0715,26.42,7.19,0,True,rain,night,above
8ad2c08c-bdfa-4d6f-96de-030c122b7119,60.0,1009.798,-1.5104,0.539379,12.536,1011.308,31.8334,8.2321,21.645,47.884255,0.5845,7.85,0.93,21,False,overcast,evening,above
373943cd-f4a7-470d-81fd-5d95d20f0de7,60.0,1017.044,0.7876,0.62242,-6.537,1016.257,11.8741,-15.4584,28.8248,46.125899,0.3289,95.98,12.6,0,True,clear,morning,underground
f2a5ca20-d951-4e7d-a7f3-5f6f4366b5b6,60.0,1008.282,-0.244,0.101113,2.025,1008.526,27.3539,-10.1235,40.8558,16.564982,0.5732,25.45,7.59,4,True,rain,afternoon,street_level
c901c2ef-ad7c-40bd-a5e3-b2925decc0db,60.0,1014.361,-0.1133,0.091397,0.941,1014.475,20.3474,8.8812,48.8658,31.648099,0.5683,25.69,11.9,4,True,overcast,morning,street_level
0139ff59-9994-44ce-925b-c76884dbd9ba,60.0,1000.719,-0.2747,0.119307,2.28,1000.994,6.5605,-18.7524,22.2457,41.593478,0.6682,7.14,7.27,6,True,rain,afternoon,street_level
2b4b974d-6a88-46ad-84d9-b942866ecc3c,60.0,1012.982,1.0701,0.455491,-8.882,1011.912,37.6558,-4.3069,20.3791,82.741578,0.7957,63.02,9.75,0,True,overcast,evening,underground
aa110998-02e9-482b-937f-607df7c70500,60.0,1013.044,-0.0929,0.094331,0.771,1013.137,37.4883,-1.923,18.5322,11.074033,0.599,41.87,8.15,5,True,clear,evening,street_level
c69b98b9-4d69-4576-9946-614212828d20,60.0,1004.579,-0.3756,0.069724,3.118,1004.955,8.5703,-36.5929,54.0037,6.874721,0.3007,7.82,0.98,2,False,overcast,morning,street_level
4926c4e5-d16f-4c8e-8af4-d76877c20668,60.0,1002.013,1.0099,0.434304,-8.382,1001.003,27.3318,-23.9954,24.3508,76.485312,0.9905,23.92,5.41,6,False,rain,morning,underground
18414f46-9aa0-4a9f-824e-fd9389ea7d8a,60.0,1003.47,-0.7562,0.453194,6.276,1004.226,28.8568,7.0978,38.776,52.392199,0.6679,11.23,1.5,17,False,overcast,afternoon,above
3ea580e0-e6d2-4a1b-a90e-877a9762110a,60.0,994.039,-0.6329,0.177756,5.253,994.671,11.2868,18.8306,40.2643,47.907738,0.6998,23.81,9.76,3,True,overcast,night,above
b5613d28-4c0b-48bf-81ca-def148cc45a2,60.0,1002.556,-0.1209,0.056107,1.004,1002.677,39.6557,5.5629,55.541,33.266739,0.1595,15.37,-0.01,17,False,overcast,evening,street_level
0676e0a5-a0b9-42fa-aa70-aafe2140c8d0,60.0,1016.529,-0.4857,0.124328,4.032,1017.015,33.2162,-21.1641,61.3516,46.408423,0.7204,12.09,2.99,15,False,overcast,morning,above
81fcdd3b-4b22-413a-b1de-04b7b5684efb,60.0,999.39,0.1883,0.618782,-1.563,999.202,27.7386,-18.5904,25.873,72.055108,0.3116,20.46,4.79,8,False,rain,night,underground
96413aa7-3ff5-4408-adfc-4f950b98c4f4,60.0,1002.705,-0.9266,0.580504,7.691,1003.632,4.4284,-10.4133,25.3407,104.902232,0.5139,5.01,0.76,20,False,rain,morning,above
a82c2cbf-c32a-406a-b2f7-1e562e8ee558,60.0,1002.093,-0.3019,0.050411,2.505,1002.395,32.3476,-11.9621,31.5009,110.183153,0.6275,22.88,1.21,13,False,overcast,evening,street_level
3dbfd877-90b6-4cc0-86d7-4f0bb67a920b,60.0,991.774,-0.3041,0.066907,2.524,992.078,56.3293,-3.0964,65.4342,11.950165,0.9257,3.93,-0.03,10,False,overcast,night,street_level
e45847a7-6c41-4c54-b5b6-ad1d13383a53,60.0,1011.849,-0.6506,0.040974,5.4,1012.5,29.5866,-20.373,40.1686,40.728192,0.5246,15.34,2.13,10,False,overcast,evening,street_level
36628c45-22d5-4e78-b100-355ad9e59000,60.0,995.37,-1.3712,0.511928,11.381,996.741,32.5291,3.4355,32.4043,76.304234,0.7374,7.41,2.34,2,False,overcast,afternoon,above
666b3e82-8cfe-4305-b3fc-b387a2ef4aae,60.0,1001.643,-1.3526,0.423719,11.227,1002.996,21.3014,-2.4302,42.9639,72.946789,1.0,16.24,2.74,16,False,clear,evening,above
6b446426-1778-4571-9a75-812c06b0b5f6,60.0,1001.235,-0.0901,0.239731,0.748,1001.325,40.7647,-17.782,50.984,136.797147,0.5225,63.76,13.52,0,True,clear,morning,underground
982268f4-81d1-419c-bcb7-7c02c3850e24,60.0,996.002,0.1252,0.075421,-1.039,995.877,21.8499,2.2086,44.8414,19.424881,0.5449,27.25,-1.33,14,False,clear,morning,street_level
e79adcb9-ffe2-408e-a007-01c03d1d0d69,60.0,1005.631,0.0544,0.337428,-0.451,1005.577,6.4146,-8.0006,63.122,75.078833,0.9812,92.67,8.88,0,True,clear,night,underground
271acf2b-8ba3-4bcc-85ea-f18ae8d1fa3e,60.0,1003.063,0.6723,0.642245,-5.58,1002.39,21.7382,-36.3083,44.7319,89.875795,0.9236,51.32,11.33,0,True,overcast,evening,underground
4adc94cd-d5f1-4349-8280-3d37b73627ba,60.0,1015.59,-0.0309,0.340522,0.256,1015.621,11.5579,-19.4122,38.0176,30.293235,0.0972,8.34,2.51,20,False,clear,evening,street_level
69857b16-f39f-4c99-85c4-534b35e0ccf6,60.0,1009.698,-0.045,0.138783,0.373,1009.743,26.5335,-3.097,54.8412,96.974618,0.6863,44.38,6.34,1,True,rain,night,street_level
55af6159-7a64-4ae8-bf98-0bc5858073e1,60.0,998.575,-0.726,0.412243,6.026,999.301,17.7718,-11.3416,2.4579,54.749434,0.6355,8.02,1.18,16,False,clear,morning,above
059fd8b0-849d-442a-8315-553529200e53,60.0,996.721,-0.1557,0.029385,1.293,996.876,16.4522,-1.0351,61.9136,17.163453,0.5709,9.58,12.04,1,True,rain,morning,street_level
ac2f37f2-d474-4a25-96ac-c9f407b17df2,60.0,999.438,-0.7605,0.11293,6.312,1000.198,-5.1185,-17.6575,60.3143,81.779284,0.3872,39.31,8.58,0,True,overcast,evening,above
6e93e4aa-0a36-48de-9e3f-9fba3055dc2b,60.0,1013.068,0.3522,0.45861,-2.923,1012.715,35.5789,1.8658,46.6978,101.940475,0.7425,40.91,14.9,1,True,overcast,evening,underground
78505b85-cb2c-4e6d-9955-6798177cc5d2,60.0,992.329,-0.1179,0.075217,0.979,992.447,10.2733,-27.3261,39.4369,33.389065,0.7753,49.69,10.4,5,True,overcast,evening,street_level
ac62e799-b626-481a-8ca1-4adc5dde60ec,60.0,1013.94,-0.8257,0.508126,6.853,1014.766,18.9219,-29.8326,43.8303,66.518403,0.4581,7.29,1.59,19,False,clear,afternoon,above
3acd22c6-0c3b-4dc0-a182-ea5a60db2bb2,60.0,1003.204,-0.4332,0.194242,3.595,1003.637,33.6091,-2.4283,29.8618,70.655657,0.2335,50.05,4.6,4,True,clear,afternoon,above
46c73d47-6fed-40f5-bc87-7cab418d4267,60.0,1008.986,0.1506,0.195639,-1.25,1008.835,24.0317,-16.4581,38.6784,87.456638,0.7088,41.03,14.95,0,True,overcast,night,underground
41220893-6018-4e1b-9bf2-2f3ebbff6ad4,60.0,995.899,-0.1661,0.062911,1.379,996.066,14.7277,5.5134,37.1158,26.96359,1.0,64.33,14.03,0,True,rain,afternoon,street_level
df0ce4c2-79dd-405f-a96f-7bd5920ba602,60.0,1013.941,0.512,0.064045,-4.25,1013.429,0.2235,-8.2859,52.2083,10.769477,0.0,32.72,3.56,11,False,overcast,evening,street_level
58c18209-60d6-47b9-a0d4-cda030c64038,60.0,997.502,0.3589,0.465876,-2.978,997.143,18.5071,-7.7718,21.674,107.429904,0.7247,19.12,7.02,9,False,rain,evening,underground
0eac7927-9006-45cd-bea9-67170e8d61c1,60.0,1001.416,2.4286,0.545851,-20.157,998.987,22.5177,3.9165,33.3744,21.451801,0.5467,26.87,9.5,2,True,overcast,night,street_level
c854e538-efd8-4b73-bb0a-3714b6b100e6,60.0,1011.049,-0.6311,0.589859,5.238,1011.68,18.0492,4.2114,32.1064,85.928458,1.0,57.82,8.52,1,True,overcast,morning,above
e34275aa-3d4a-4584-b550-bb0a6319931f,60.0,1008.205,-0.0375,0.08178,0.311,1008.243,28.0932,-5.2121,28.4453,37.88818,0.7431,66.63,4.04,0,True,overcast,evening,street_level
0c0c867a-0044-42a1-8fbf-4ea69447cfbd,60.0,1009.558,0.6192,0.446241,-5.14,1008.939,15.6161,8.459,47.9261,37.659362,0.6277,57.87,12.25,0,True,clear,afternoon,underground
d5337166-a42c-4d61-aa5e-803d14dc9378,60.0,1005.561,0.2717,0.095562,-2.255,1005.29,4.6131,-14.7761,50.9092,20.275847,0.6359,48.63,7.15,0,True,overcast,evening,street_level
a3aa5516-e8f8-4b0e-8ed7-ecbcce102768,60.0,989.999,-0.3555,0.591678,2.951,990.354,-4.0858,-13.447,44.7057,32.31716,0.4497,1.4,3.23,1,False,clear,night,underground
b3b013c8-5feb-47df-88e8-4c99df0ae565,60.0,1009.241,1.1836,0.227606,-9.824,1008.057,-13.6627,4.7317,54.6372,82.874362,0.7236,16.15,5.08,5,False,overcast,evening,underground
d44db3d5-127e-4108-a247-bd72e1ca2aae,60.0,1003.391,-0.0375,0.309513,0.311,1003.428,12.4433,-48.8463,56.789,51.347399,0.6464,18.03,0.89,13,False,overcast,evening,street_level
54cba809-ba81-45d8-88c9-d7a3e7fe4ffa,60.0,1009.062,-0.2764,0.359368,2.294,1009.339,13.1172,-4.7192,10.5004,34.670304,1.0,10.33,3.06,21,False,overcast,night,above
51dad83a-bc23-4b7d-8887-11821de8b61e,60.0,990.798,0.267,0.289504,-2.216,990.531,45.7411,-11.4868,47.2524,93.246927,0.8121,79.72,7.76,0,True,clear,evening,underground
351638ed-1698-46c3-a6a9-9421e3550644,60.0,995.55,-0.7447,0.447766,6.181,996.295,15.331,-24.8149,29.7664,77.98757,0.2345,13.97,2.51,20,False,clear,evening,above
19fad75f-347a-4aac-b632-6f3198fe16b3,60.0,994.173,-1.072,0.42396,8.897,995.245,10.4421,-11.7518,46.5144,60.105207,0.5518,1.0,2.7,20,False,clear,morning,above
efe66930-880a-4c0b-9472-4503e23fa67f,60.0,1004.755,-0.0039,0.062213,0.032,1004.758,10.1003,-8.5322,65.6304,25.760145,0.8039,31.66,2.26,2,True,overcast,morning,street_level
4a3f54b9-bf04-4591-bddb-832ff4ea87bd,60.0,991.92,-0.0927,0.285301,0.769,992.013,12.2522,-17.0724,42.2529,23.581539,0.8084,5.53,3.46,12,False,clear,afternoon,above
1b76d09f-ce77-4ad0-86a4-7b95df5012e3,60.0,996.205,-1.4302,0.457933,11.87,997.635,14.3243,-9.5314,22.1338,81.690997,0.7084,17.94,5.97,0,True,overcast,afternoon,above
c04e3d5a-118e-4e1a-9777-eb8713d705b9,60.0,1015.342,-0.6435,0.222548,5.341,1015.985,3.3998,-13.4722,41.014,94.523987,0.4182,50.13,12.1,0,True,rain,morning,above
ab0121e2-c90a-4773-85db-659d973a6b01,60.0,1008.603,0.0569,0.033984,-0.472,1008.546,41.1666,-15.942,25.9955,4.509881,0.4811,8.18,2.07,18,False,overcast,night,street_level
f969ecb5-3132-4c38-b508-2d19d574ec20,60.0,1005.524,-0.8815,0.244333,7.317,1006.405,36.3765,-2.137,10.6877,49.402145,0.4445,39.18,9.92,3,True,clear,afternoon,above
968fdd98-ec3c-4540-aaf1-a624689e0f8b,60.0,1002.63,0.1862,0.021169,-1.546,1002.444,15.4902,23.5878,37.9904,57.133921,0.4235,4.33,2.1,13,False,rain,evening,street_level
88be7293-6e26-40b5-8f4a-6b69aebe52c2,60.0,1001.214,-0.3073,0.107377,2.551,1001.522,21.2246,-4.5655,34.2596,55.093633,0.3196,21.97,1.63,0,False,clear,morning,street_level
4299c848-fbbf-4856-9da8-0889b6e8986c,60.0,1006.032,-0.1027,0.123594,0.853,1006.135,18.6568,-5.5965,30.7203,47.751172,0.6974,76.26,9.48,8,True,clear,evening,street_level
4d6ced94-9315-402f-b830-2dac5c59e155,60.0,1012.232,-0.8073,0.143688,6.7,1013.04,2.375,-17.921,27.2906,48.190778,0.7874,36.61,5.5,0,True,clear,afternoon,above
c1e99754-4159-4cf5-99b3-06f3e8225e7c,60.0,991.852,1.3012,0.349875,-10.8,990.551,38.4936,-7.3351,37.411,46.839028,0.9013,29.37,6.69,9,False,rain,night,underground
c8a2fae0-911a-4460-a7a0-bb98daa43648,60.0,1007.812,0.2493,0.205903,-2.069,1007.563,15.0336,-13.5766,50.1631,64.787684,0.6338,85.73,8.64,0,True,overcast,night,underground
c8f517af-efef-4b17-9559-616338acecc7,60.0,1009.708,-0.056,0.525929,0.465,1009.764,34.7589,-24.9346,42.9191,92.779072,0.9735,82.13,14.12,0,True,rain,morning,underground
bdfeba64-de6c-45ac-a4e3-627e8c1e5f95,60.0,995.566,0.9308,0.11562,-7.726,994.636,20.8068,-32.4212,44.5756,49.485368,0.3426,14.49,12.98,0,True,overcast,morning,underground
1b4df46c-2ce9-4edc-bb73-c4da776255dc,60.0,1006.926,-0.891,0.146312,7.395,1007.817,8.0804,4.2449,18.7459,111.781223,0.6488,3.65,1.04,12,False,clear,morning,above
1e3f6ad0-9c33-4711-9833-f6a664f29868,60.0,1013.61,-1.1224,0.176297,9.316,1014.732,-8.4548,7.0387,46.5102,63.991711,0.6421,12.56,0.14,18,False,overcast,morning,above
25005ee7-73cf-4f36-93ce-aca63abea135,60.0,1010.703,0.0828,0.200228,-0.687,1010.621,-0.85,-0.3466,37.2748,86.036913,0.7632,49.52,8.86,1,True,clear,evening,above
3cdcf4e5-838d-4683-b61a-6aaeb514aeed,60.0,996.501,-1.4893,0.25202,12.361,997.991,31.696,-16.9315,38.4171,66.581925,0.6237,34.1,7.63,5,True,clear,evening,above
0cc69fd3-9816-4172-81c3-316a7eb6999f,60.0,1015.277,-0.1668,0.269641,1.385,1015.444,-5.4774,-17.9902,15.6042,116.432481,1.0,13.21,1.32,16,False,rain,morning,above
b1e3eef2-b255-4f3e-9898-02e47ac3cb19,60.0,996.054,0.2434,0.382681,-2.02,995.81,22.2113,-6.7064,41.9759,78.417901,0.4492,68.03,12.41,1,True,rain,night,underground
2445389f-daa1-4153-ad35-dbb1d26ad1f7,60.0,996.495,0.5025,0.328406,-4.171,995.993,39.2721,-18.5873,54.3178,53.463647,0.8974,40.59,7.0,7,False,overcast,morning,underground
a8f15188-a263-41d1-a07d-a67b3a6ab293,60.0,1006.335,0.2248,0.586144,-1.865,1006.11,-11.8818,-1.2675,38.1215,77.588591,0.6037,31.1,6.03,6,False,clear,afternoon,underground
4235225d-1f3b-4672-965b-f45013efeb17,60.0,998.662,-0.2968,0.107631,2.464,998.959,-9.3259,-14.0733,51.4983,19.639185,0.6934,14.45,2.27,8,False,overcast,night,street_level
f78a5695-c8a4-4166-919e-77f8bf14aaa5,60.0,1001.78,-1.6746,0.599467,13.899,1003.454,56.5084,-20.3263,64.2961,62.788489,1.0,17.92,0.68,12,False,rain,afternoon,above
04e5f131-8442-41fc-b471-43b08d911513,60.0,1009.871,-0.115,0.243731,0.954,1009.986,25.6147,-5.865,32.0356,29.087283,0.6673,41.36,15.65,1,True,overcast,evening,underground
b1114a0a-163d-463d-97f0-a2acac6855db,60.0,997.507,-1.5406,0.666021,12.787,999.048,19.9107,-21.519,40.6648,51.464934,0.22,4.62,3.32,20,False,overcast,afternoon,street_level
2cec7083-8df2-415a-b0b5-29ea6ba679f5,60.0,997.329,-1.8018,0.539935,14.955,999.131,2.0057,-23.4516,29.0701,40.876997,0.5669,15.81,3.36,12,False,clear,morning,street_level
60545f3b-9870-473f-9e29-0b058bf2076b,60.0,1005.238,-0.8844,0.467258,7.34,1006.123,33.4745,-4.802,42.1031,71.264312,0.4437,14.73,5.59,1,True,overcast,night,above
7e4c2dea-2851-46e8-ac80-2a80fa1c6f50,60.0,1004.421,-1.3991,0.432641,11.613,1005.82,49.2089,-9.58,24.0867,93.864756,0.5882,29.95,11.47,0,True,overcast,morning,above
8b860841-0303-47ea-9544-493208373b84,60.0,999.673,0.2588,0.209398,-2.148,999.414,10.9427,-15.8936,41.0926,35.801615,0.8179,1.0,0.53,10,False,clear,evening,underground
3cb865c4-1668-4ec1-adda-3e112bd1fdde,60.0,1014.1,-2.8633,0.596316,23.765,1016.963,5.6332,-13.7633,43.5679,11.195625,0.7367,73.33,7.99,1,True,rain,afternoon,street_level
6363d50a-0283-4251-ad7c-4461950f566f,60.0,1006.597,-0.6709,0.76193,5.568,1007.268,17.5807,-14.1929,34.7207,36.008618,0.1562,6.59,1.14,11,False,clear,afternoon,street_level
6d4cc7bb-fb71-4617-b4bf-8823486da2d2,60.0,1000.842,-0.5832,0.1481,4.841,1001.425,-7.5585,16.9676,65.6956,71.111619,0.6472,45.62,6.8,2,True,rain,afternoon,above
15456cdc-2fa0-49b3-96fb-1be27d550fae,60.0,1010.28,-3.5817,0.642163,29.728,1013.862,9.2355,-9.7919,31.6258,32.561331,0.7355,30.97,6.71,2,True,clear,morning,street_level
4254830d-3ca7-494e-8e81-262404d125df,60.0,994.892,-1.0929,0.131,9.071,995.985,38.0661,-17.4179,28.1919,24.90006,0.4444,12.84,0.59,21,False,rain,morning,above
7b111e68-c2c7-4566-af5c-72de5090525a,60.0,996.135,0.2643,0.156384,-2.194,995.871,53.1399,-14.2639,35.5641,54.631485,0.9548,56.1,10.01,0,True,overcast,morning,underground
6aab326a-d397-494d-9718-93eb7be1a6b4,60.0,1017.576,-0.1232,0.40655,1.022,1017.699,22.9044,-20.9164,58.6404,56.314976,0.2998,12.88,3.59,7,False,clear,afternoon,underground
392325df-f778-4c84-8df4-6c50a0a33696,60.0,1002.679,-0.6046,0.221109,5.018,1003.283,55.5259,-5.3012,27.8328,39.830186,0.7998,33.9,9.64,2,True,overcast,night,above
202064ed-32c1-412b-b015-e853077f2897,60.0,1002.615,0.1113,0.674566,-0.924,1002.504,6.2914,-3.9752,65.8166,52.153646,0.7595,78.23,6.99,0,True,rain,afternoon,underground
3c02ba38-a684-40f7-8bee-ffc15d2f6026,60.0,995.759,-0.987,0.442177,8.192,996.746,33.7378,13.7265,65.5152,52.656165,0.8939,13.12,1.5,13,False,overcast,afternoon,above
6a8389f1-5eb4-4568-bfec-b38a15d264e6,60.0,1000.848,0.2439,0.082396,-2.024,1000.604,14.3441,-30.5041,40.0858,94.286496,0.6991,7.08,1.75,7,False,rain,morning,street_level
ebc40258-aa4f-4547-ae33-6c12cd4b7fd5,60.0,994.113,0.5537,0.052729,-4.595,993.559,10.366,-3.8129,37.5853,25.899143,0.4219,13.78,2.99,4,False,rain,night,street_level
d673bd15-5437-4af4-85fe-e29bbe8dbf73,60.0,1008.674,0.361,0.248952,-2.996,1008.313,37.3514,-11.1048,29.3773,59.308995,0.6229,93.26,15.69,0,True,rain,evening,underground
db2a7f6c-4712-497b-afd3-7f5e768d8c2d,60.0,997.146,-0.9057,0.254388,7.518,998.052,27.4166,-25.0703,49.6992,73.084846,0.6625,12.78,1.93,8,False,overcast,afternoon,above
8ca8ef88-1735-4db4-aede-a07a529ff502,60.0,997.943,-1.5585,0.247995,12.936,999.502,3.7822,-36.5598,29.2072,69.399931,0.655,19.43,0.16,9,False,overcast,evening,above
163c1b9a-1607-4fdb-99d8-8ef9c2cd3146,60.0,1015.957,0.3273,0.516013,-2.717,1015.629,24.5187,-31.1219,21.0483,61.674926,0.3555,13.37,2.45,12,False,rain,afternoon,underground
17f23ab1-274d-48e7-a7ff-49d9f5458d19,60.0,1004.398,1.2942,0.489764,-10.742,1003.104,21.1385,-11.4256,25.7982,26.064183,0.6545,63.94,7.28,3,True,rain,afternoon,street_level
ff33ebae-c0cc-4f18-afc7-2bc2a2f7c23e,60.0,1001.999,0.2652,0.103827,-2.201,1001.734,41.3734,-5.6298,22.7666,22.939171,0.6591,11.87,3.24,8,False,overcast,night,street_level
8c54f990-9a70-4424-ace9-2964adef743b,60.0,995.66,0.1584,0.463887,-1.315,995.501,19.0079,16.4007,40.9775,48.382377,0.344,56.43,12.76,0,True,rain,afternoon,underground
8fe336cd-95ee-421c-a6d4-f95dd3ca3f72,60.0,1009.066,-0.4891,0.423944,4.059,1009.555,41.4801,-12.0493,20.0789,48.134487,0.6926,7.66,1.21,12,False,overcast,evening,above
3a15f8f7-ee58-4529-9101-872c990bacd2,60.0,1006.16,0.2297,0.167377,-1.907,1005.931,5.6929,-21.0658,45.009,106.483241,0.5695,6.81,4.58,8,False,rain,night,underground
89784967-c4bf-4818-87f3-fcb21cff3b85,60.0,1015.622,-0.076,0.154405,0.631,1015.698,8.4345,-10.1166,15.8145,69.460947,0.9878,16.6,4.98,5,False,rain,night,underground
a8b408fc-3593-484d-9e59-a1a91fc2369a,60.0,997.437,-0.7254,0.202795,6.021,998.162,36.4245,-9.7895,29.5063,67.787856,0.3977,14.66,9.79,0,True,clear,afternoon,above
3ea5a754-c0f1-447b-ba2a-a9d2769b0a2d,60.0,1005.494,-0.2591,0.235731,2.15,1005.753,28.6212,-6.9776,59.302,61.38169,0.7385,11.31,3.08,16,False,overcast,morning,above
714cc385-1995-4548-bc54-d0af11da52a7,60.0,994.878,-0.081,0.399087,0.672,994.959,50.6917,16.7326,20.0525,59.861683,0.7177,9.45,5.24,10,False,clear,afternoon,underground
871cbe64-a70e-44a3-9d93-c80ede0e7d9f,60.0,994.157,0.8729,0.205917,-7.245,993.284,56.7757,-17.34,71.999,54.203385,0.8689,28.7,16.12,0,True,overcast,morning,underground
9cf952b4-ee7d-4e6a-a0a9-be2e281c7385,60.0,1007.476,-0.5643,0.515333,4.684,1008.041,24.9444,-23.6504,45.9246,32.278904,0.6373,48.35,7.82,2,True,clear,morning,above
6edaec32-5563-464c-b30c-aa67f64364fc,60.0,992.207,-0.4261,0.481048,3.536,992.633,15.5354,-11.1773,39.2668,53.58331,0.668,65.61,9.48,3,True,overcast,morning,above
188b5f90-8399-4c1f-88fe-a260722e5532,60.0,993.821,-0.6578,0.34028,5.46,994.478,24.3003,-29.1177,69.8522,56.815783,0.9783,66.07,11.36,1,True,overcast,night,above
6e42f44d-3d64-46e1-9794-9a9418261491,60.0,999.703,-1.0143,0.140383,8.419,1000.718,43.5559,-8.3317,58.4467,88.756982,0.7305,8.0,3.06,12,False,clear,morning,above
a6dc158d-5547-40d0-8a13-8ad97b46998b,60.0,1010.341,-1.0752,0.447821,8.924,1011.416,26.6008,-39.4127,40.5811,79.732086,0.5233,49.43,6.72,2,True,rain,night,above
4e79d0f9-9355-4ae1-9272-c4221d384636,60.0,1000.122,-1.2308,0.2513,10.215,1001.352,32.6902,17.119,24.0247,65.014292,0.735,7.27,2.02,4,False,clear,evening,above
4bdbccd7-0b36-4f41-b24c-74e53dbe78aa,60.0,1009.054,0.5158,0.199483,-4.281,1008.538,9.5478,-18.0331,51.3169,44.251698,0.5662,25.38,-0.41,8,False,clear,evening,underground
178302ec-2d95-4fcc-b228-aafb99fce69e,60.0,988.524,-2.1037,0.675341,17.461,990.627,25.2912,-12.8141,24.7466,35.603002,0.6716,28.26,13.3,1,True,rain,morning,street_level
880cae27-58a8-421e-b1a4-ae6eeb6269cb,60.0,999.407,1.2649,0.317181,-10.499,998.142,1.5802,-16.6647,47.1024,101.443462,0.5563,47.85,8.48,0,True,rain,morning,underground
b262dcdb-4e87-4730-b286-4db2a412edaf,60.0,1004.012,-1.7516,0.196146,14.538,1005.763,5.0238,-30.1991,33.3937,70.621235,0.4675,28.14,8.12,2,True,clear,afternoon,above
8e0dd9c8-a8ac-4aaf-a0a7-018b5975da0e,60.0,1006.523,-1.0845,0.498043,9.002,1007.608,7.5728,-0.1486,11.0402,69.598233,0.6178,6.86,3.1,11,False,clear,night,above
e0a3e304-a8bb-4c5a-b284-ab0017b64674,60.0,990.727,-0.5711,0.678255,4.741,991.298,55.8718,-29.2745,31.2037,31.890054,0.3989,17.01,2.68,12,False,clear,afternoon,street_level
0c0e5975-76ac-41d8-bcec-97fe096230a3,60.0,1005.194,-0.4136,0.447569,3.433,1005.608,10.9013,-38.3293,24.8378,98.561497,0.9427,26.85,10.58,1,True,overcast,night,above
f6153798-4a4d-4152-b7fa-99bd41d6cbd2,60.0,1012.113,0.2172,0.635384,-1.803,1011.896,34.4037,-30.9855,55.968,51.941659,0.7882,21.53,4.67,4,False,clear,afternoon,underground
71d9a486-4c90-4f4f-bd38-5580618e8f88,60.0,1002.799,0.1812,0.316589,-1.504,1002.618,39.4279,-9.8108,20.9617,88.839001,1.0,56.21,11.19,0,True,clear,morning,underground
a37ebc15-89b5-4c89-8a3d-b4b2e45d2ee7,60.0,1008.613,0.3531,0.483484,-2.931,1008.26,11.5268,2.6314,67.8156,82.633866,0.6072,77.05,11.82,0,True,rain,afternoon,underground
91fa72cb-c1d2-4f46-bf6d-6cb00142d065,60.0,996.728,-2.6588,0.582681,22.068,999.387,2.6202,12.6499,43.9448,-6.179854,0.1384,8.32,1.64,7,False,overcast,afternoon,street_level
d9fface5-e265-43bf-87dc-d303ad2e9fa4,60.0,1000.533,-0.5466,0.400103,4.537,1001.08,9.1117,-13.6165,46.6166,113.697274,0.6675,15.69,-0.67,20,False,rain,night,above
60d6d026-ee67-431c-86e1-128a34f5b3ce,60.0,1015.487,0.6234,0.349553,-5.174,1014.863,36.3081,-7.7008,11.1799,83.169105,1.0,6.44,5.14,0,False,rain,morning,underground
d4729228-745e-469c-b78b-a654bb4bfa65,60.0,1010.762,2.693,0.074397,-22.352,1008.069,10.8431,22.3703,24.1356,39.469145,0.8163,4.51,0.58,12,False,overcast,evening,street_level
c53f4a60-6956-4c0c-9aa9-f2ff44eb4143,60.0,1005.561,0.2485,0.079893,-2.063,1005.313,-19.4971,5.284,24.6534,42.133156,0.1601,6.14,6.22,15,False,overcast,evening,street_level
76683691-cf63-405c-9d03-bac3a052543f,60.0,1006.156,-0.3156,0.148728,2.619,1006.472,42.364,-21.6998,33.7168,70.466641,0.8671,39.87,13.7,2,True,rain,afternoon,above
adbdbb32-f773-4a52-8ea1-eaa92dd57f9c,60.0,994.004,1.5393,0.309366,-12.776,992.465,11.381,6.9429,47.1047,121.046352,0.9089,64.26,11.74,0,True,overcast,night,underground
d5fcdf42-efa1-4bdc-9b32-c650ef8322b9,60.0,992.14,1.3365,0.140829,-11.093,990.803,-1.7267,-4.4704,29.6284,85.727065,0.8103,54.04,11.84,0,True,overcast,morning,underground
97b3e8de-0015-407e-8a56-285e3e8d0636,60.0,1007.328,-1.3533,0.200516,11.233,1008.682,49.711,-27.9921,61.3924,59.090629,0.4958,10.59,0.64,13,False,rain,night,above
b3abbcd0-98f3-462e-94fa-2f2ce5fe6994,60.0,990.613,-0.1686,0.036683,1.399,990.782,6.846,-23.533,54.2877,3.259444,0.5502,29.58,12.5,4,True,overcast,night,street_level
09068568-28c1-4bff-b0fe-1b614e805252,60.0,1015.547,1.1153,0.22695,-9.257,1014.432,0.3858,12.5646,42.5771,122.776449,0.6141,78.87,18.64,0,True,rain,night,underground
11afcd05-afe1-4527-af3c-84d2b879c07b,60.0,1008.408,0.099,0.304788,-0.822,1008.309,25.5592,-18.0884,47.5942,85.040262,0.4397,12.43,2.26,11,False,overcast,morning,underground
bd19ac99-c5e0-4029-a853-bc479a6af430,60.0,1005.344,-0.487,0.199016,4.042,1005.831,23.233,1.0341,57.8506,57.984063,0.0341,12.65,1.82,18,False,clear,night,above
2a18a46e-d839-4bec-80dc-d4912671bd59,60.0,1003.723,-0.1896,0.112977,1.574,1003.913,15.5733,-17.0095,26.02,36.095837,0.0,4.93,1.38,14,False,clear,morning,street_level
71807347-843d-4f69-9549-4f8ccdc78015,60.0,1002.715,-0.2949,0.574625,2.448,1003.01,22.9576,5.9202,43.0184,30.940999,0.6605,17.53,1.94,14,False,overcast,evening,above
fe4ace90-2e71-4fe5-a56f-2d7d6996ea87,60.0,1004.608,0.3275,0.020301,-2.719,1004.281,9.3341,-0.9173,37.6238,14.347184,0.6436,27.7,11.49,3,True,clear,afternoon,street_level
421eff44-5f75-43e3-8d0b-7b8dbdd008a0,60.0,996.591,-1.0866,0.722324,9.019,997.678,24.9751,4.5383,46.8814,31.540766,0.7817,8.06,0.08,16,False,rain,morning,street_level
69258cb6-8188-4ab1-9c76-7a36e4410be3,60.0,1002.973,-0.2977,0.309346,2.471,1003.271,19.112,-5.5731,48.8173,55.351266,0.6555,16.98,8.93,3,True,clear,night,above
cdcac929-4934-4e0d-927c-abcf7e34785a,60.0,1006.241,-0.2612,0.294322,2.168,1006.502,0.1659,-28.4571,46.214,40.689511,0.9763,87.5,12.75,0,True,overcast,morning,underground
bc363bb4-6b0e-44c6-a308-969c172667eb,60.0,991.903,0.2287,0.171916,-1.898,991.674,-15.5265,-18.8819,55.9837,121.073622,0.6305,67.37,9.05,0,True,overcast,night,underground
a68badab-09e2-4edd-aadd-933e1b5051d5,60.0,994.281,0.1648,0.51013,-1.368,994.116,3.1418,-1.7844,38.7908,56.596721,0.8019,19.16,1.88,12,False,clear,afternoon,underground
5baab058-d973-4064-9ded-422b157df1c7,60.0,1014.537,-0.4071,0.249986,3.379,1014.944,23.7009,-6.8146,35.7608,64.034572,0.4788,18.48,6.36,5,True,rain,morning,above
ba086811-cb52-4fce-8e5a-bd55fcf94fde,60.0,990.778,0.0416,0.090349,-0.346,990.736,10.1987,-21.2127,42.4983,-23.762258,0.6242,12.03,-0.12,14,False,clear,afternoon,street_level
89a63ab7-7254-4343-9f07-02b88e6c32ba,60.0,1013.896,-1.0127,0.28672,8.406,1014.909,14.559,-10.9611,11.4417,41.638989,0.8312,13.66,2.4,13,False,overcast,afternoon,above
2461cb8f-004f-4f51-af0e-d2ffc2454143,60.0,1011.343,-0.7167,0.47603,5.948,1012.06,6.296,-3.8396,22.1917,26.660925,0.755,21.89,4.33,7,False,overcast,morning,street_level
14202031-bfa8-4ea8-8bea-d507331bae8b,60.0,1012.568,-0.3089,0.410875,2.564,1012.877,24.2333,-31.1299,29.2476,66.281088,0.6124,42.95,8.94,0,True,clear,morning,above
a9c8ba80-e1ef-4717-8a0c-13ca75a8ad2d,60.0,999.752,-0.3604,0.043411,2.991,1000.113,0.042,-11.1695,35.759,18.92622,0.6557,18.77,4.92,19,False,rain,afternoon,street_level
ee47db08-0f45-40e2-9650-e450d7e6eb2d,60.0,1003.696,-1.2176,0.156687,10.106,1004.913,24.0152,-28.6874,16.2241,32.167323,0.471,59.79,9.47,6,True,rain,morning,above
a3060625-9eb6-4858-bd54-4ca46dbfe970,60.0,997.501,-0.5115,0.526914,4.245,998.013,35.8837,-21.2686,49.8854,43.959711,0.9532,15.21,3.67,19,False,overcast,evening,above
96353694-bb08-4622-9183-a372385bdcb8,60.0,1007.691,0.2664,0.094042,-2.211,1007.424,13.7668,-14.1392,46.8855,11.738025,0.7938,11.29,1.16,13,False,clear,night,street_level
c8a2c728-3c37-4ff1-aea3-28c24b45caad,60.0,1007.026,-0.5796,0.422362,4.811,1007.606,5.7608,1.1926,40.9879,96.143127,0.8936,8.66,5.0,18,False,rain,night,above
0b93f67d-64bf-4001-b42b-7d2977efaf56,60.0,996.285,-0.3961,0.023866,3.288,996.682,20.1876,-9.5995,46.0541,13.777631,0.4619,6.04,2.03,14,False,clear,night,street_level
fab2f773-5df8-456c-9caa-95cc40a944e4,60.0,1003.404,-1.0184,0.13572,8.452,1004.423,0.9416,-12.6912,44.1366,75.06616,1.0,1.54,2.57,18,False,clear,afternoon,above
916d1974-47af-4246-9159-168e5d331333,60.0,1004.617,-0.534,0.191233,4.432,1005.151,-3.1188,-40.3089,16.5392,69.987275,0.7891,11.0,1.05,10,False,overcast,evening,above
5b6eb255-c23a-45d8-a6db-d68b4bd3c386,60.0,1008.714,0.1186,0.141385,-0.984,1008.595,44.587,-26.2038,61.2212,48.754802,0.4194,4.35,0.68,16,False,overcast,evening,street_level
fe6f8e26-f079-49d0-9b7a-a25919a8194a,60.0,1008.954,-0.1877,0.302996,1.558,1009.141,25.5451,-24.0039,52.4604,79.624275,0.4986,58.5,5.53,0,True,overcast,morning,underground
a7ef6261-8ada-49ed-b3ff-a91ee1086e25,60.0,1009.911,-0.2546,0.10504,2.113,1010.165,31.6947,-15.3432,20.1583,59.004739,0.81,15.83,3.08,3,False,rain,night,street_level
f23d7780-f319-4f4d-a89a-9306e0161d49,60.0,994.888,-3.1434,0.654633,26.09,998.031,28.1367,-8.5894,48.5208,100.279276,0.4611,8.8,-1.32,18,False,clear,morning,street_level
7e4d135c-7a6c-4698-b175-6512b5d5a4ec,60.0,1010.853,-0.2538,0.093557,2.107,1011.107,25.4794,-28.0549,59.8993,38.655459,0.6221,10.66,-0.19,12,False,overcast,night,street_level
79cb56a7-9320-4883-bdda-a966a2cd2bf7,60.0,998.772,0.2512,0.116464,-2.085,998.521,6.4216,-27.6889,30.8145,48.468368,1.0,62.95,7.21,0,True,overcast,morning,street_level
8f42c60d-310e-41be-86e6-81e9baa63a5b,60.0,1004.785,-0.4649,0.498541,3.859,1005.25,33.2339,-31.376,19.4479,48.872025,0.6188,18.11,3.44,6,False,rain,morning,street_level
39c878e2-7b14-4a72-a5dc-dd80ba447023,60.0,992.33,-1.0945,0.410891,9.085,993.424,8.808,-23.4413,43.2079,116.841604,0.5574,46.54,10.32,1,True,overcast,morning,above
88509484-1e0f-48aa-9281-8ca3306791d3,60.0,994.967,1.0137,0.34041,-8.414,993.953,11.3105,-16.5993,30.2192,39.058094,0.3725,5.02,1.47,14,False,rain,afternoon,street_level
23d375f7-579b-435a-a839-7c9214530e4e,60.0,994.325,-1.3985,0.306466,11.607,995.723,22.7192,-24.8585,59.679,104.570232,0.9625,47.07,13.15,6,True,overcast,morning,above
3c1693a4-71d1-44de-acab-3c1fc84666cc,60.0,998.104,-1.1464,0.302992,9.515,999.25,33.1879,8.0568,49.9675,110.236058,1.0,3.67,0.14,11,False,overcast,night,above
c28ce301-fe3d-4afc-9894-dc5e4cdb880f,60.0,1006.872,-0.2908,0.243743,2.413,1007.163,29.4317,-15.7578,37.5594,35.27173,0.7582,9.1,2.82,12,False,rain,evening,above
9cb1a3bb-5715-4225-a2e9-7a0adba827f5,60.0,997.297,0.0792,0.529808,-0.657,997.217,0.4479,-4.9336,30.2959,25.073286,0.312,51.39,9.94,6,True,overcast,night,street_level
4f277fd4-273e-497f-a3a0-d6e77b319a2e,60.0,1014.211,1.1744,0.441048,-9.748,1013.037,31.3536,-26.5576,31.3843,21.705672,0.6974,10.6,2.46,9,False,rain,night,street_level
9f4af3cc-ca80-4b27-a3b4-59258f54f729,60.0,1004.515,0.3171,0.437717,-2.632,1004.198,21.3084,-6.4415,50.3299,111.357106,1.0,21.29,4.41,15,False,overcast,morning,underground
b32fe80e-3124-42e0-8a10-37d73772bc11,60.0,1010.033,1.1514,0.277698,-9.557,1008.881,38.7116,-9.6563,54.0612,76.259967,0.8652,33.21,17.04,0,True,clear,evening,underground
17821435-fe6f-474c-a784-e60d62283fff,60.0,1009.375,0.8847,0.662896,-7.343,1008.49,21.285,-6.5341,44.2182,77.153922,0.4948,57.77,11.7,0,True,clear,morning,underground
5a756feb-9a90-4bf4-be2a-2ee18f2389b5,60.0,1012.091,0.1004,0.180567,-0.833,1011.99,18.8562,-1.5422,54.3957,98.538442,0.9714,38.38,3.21,16,False,overcast,night,underground
d67421bf-7481-4da6-82db-edced76374f0,60.0,1007.552,0.301,0.65737,-2.499,1007.251,36.7269,-4.5876,52.2902,105.227196,0.7915,17.31,5.39,12,False,clear,morning,underground
eab7e332-5cd1-4dc4-af1f-7adb34aa751a,60.0,1005.735,-0.0014,0.137424,0.012,1005.737,8.7486,-32.5856,42.5302,64.06797,0.063,12.31,2.12,18,False,overcast,morning,above
a5663093-d731-4920-adaa-5469134c51fa,60.0,1006.17,-1.0588,0.520528,8.788,1007.229,44.4673,-8.6971,41.7462,58.050072,1.0,8.66,2.56,13,False,overcast,morning,above
4ba1c66e-20da-498c-99bf-7d8b6f296285,60.0,1014.002,-1.2389,0.352,10.283,1015.241,28.958,10.3871,23.5818,86.824641,0.5405,24.29,7.96,2,True,clear,night,above
1aa0b880-e3ed-4e58-b2d3-3f7286c19930,60.0,993.366,-1.7963,0.439423,14.91,995.162,44.9455,-3.8529,37.4283,41.291147,0.4477,1.1,2.21,11,False,clear,evening,above
b50f6b07-0cc1-4280-96d2-a5397507e382,60.0,996.884,-0.4746,0.281428,3.939,997.358,17.5054,-10.8164,8.7673,79.427368,0.8029,71.11,2.78,0,True,rain,morning,underground
eb565a03-5d33-46f6-ad71-70588b5fdef9,60.0,990.983,-0.6216,0.344988,5.16,991.605,42.8592,-21.9961,34.4353,27.753422,0.2441,34.55,7.15,1,True,rain,evening,street_level
fc1d23ac-6919-4b61-b78a-2564c7e19c55,60.0,996.398,0.0556,0.178963,-0.461,996.342,12.0206,11.5054,38.2024,121.379819,0.525,47.11,15.67,0,True,overcast,night,underground
df4b360b-461a-4790-8df8-299739847ee3,60.0,998.56,-0.9784,0.150722,8.12,999.539,33.1565,8.0066,49.6967,46.686807,0.845,13.53,0.44,14,False,rain,evening,above
4da3529a-33ad-48c5-b6a2-812419903fef,60.0,996.838,-0.4235,0.223066,3.515,997.261,34.8373,7.8424,29.6627,46.150568,0.4148,12.66,0.99,21,False,rain,afternoon,above
6d1d1743-cabf-4eb8-a10b-0d112ea88398,60.0,994.137,0.508,0.574307,-4.216,993.629,18.5659,-2.0683,38.1118,77.571121,0.7977,21.91,3.58,10,False,overcast,night,underground
c8038fc3-d884-478e-9978-b38f41612d71,60.0,1016.001,0.0806,0.036234,-0.669,1015.921,-0.1901,-0.8973,51.9665,58.28237,0.8568,6.11,1.94,6,False,rain,night,street_level
2dc5c3a4-1cc2-45d1-8c23-b6ee9e263ca5,60.0,1009.169,-0.1336,0.105746,1.109,1009.303,16.3841,7.4581,36.1435,119.536969,0.9019,25.69,3.08,7,False,rain,evening,underground
cafdb41c-0697-4494-9f34-3b3e815b3a34,60.0,996.453,-0.6826,0.414434,5.665,997.136,3.711,-21.1865,43.5147,51.527196,0.3174,51.52,10.62,2,True,rain,afternoon,above
28c79960-fb86-46e8-9bfd-6b8098bb74ae,60.0,1002.29,-0.7522,0.161652,6.243,1003.043,30.964,-15.1461,58.0094,27.786384,0.4981,35.54,14.35,5,True,clear,afternoon,above
d686019e-b5e3-420a-b3e7-ffe161133786,60.0,1010.004,0.7703,0.53129,-6.394,1009.234,19.0767,-38.637,14.0776,98.479658,0.6106,20.95,2.55,8,False,overcast,afternoon,underground
ff4bb69a-fbf2-4727-8b8c-7e7a09410e2f,60.0,1011.319,2.3329,0.629981,-19.363,1008.986,18.9375,-40.8355,42.1751,63.427075,0.1686,46.57,9.12,1,True,clear,night,street_level
7037490d-feee-4060-bff4-fc6365951fe1,60.0,1000.209,0.8109,0.648967,-6.731,999.398,10.7964,-5.863,60.4645,80.117603,0.713,26.08,5.16,8,False,overcast,morning,underground
c6e21bff-8dc6-4d44-9bcd-9626922bdba6,60.0,991.764,-0.0229,0.016025,0.19,991.787,14.5419,-34.3965,46.2351,74.642009,0.0845,20.51,1.38,2,False,rain,morning,street_level
97f02600-31e8-4bc6-8e1a-768a26871d68,60.0,1001.275,0.0422,0.11634,-0.351,1001.232,9.0775,-26.9338,53.3552,8.906648,0.5037,18.77,2.3,15,False,clear,night,street_level
a0f41c11-2774-4e0d-8559-2f78151d805a,60.0,1008.494,-0.1922,0.158102,1.596,1008.687,7.6968,-15.1529,34.0127,54.547108,0.0326,12.88,1.0,14,False,rain,morning,above
4c2efc96-93cd-4e56-9eef-cce51e6d9c6a,60.0,1000.572,-0.4345,0.02047,3.606,1001.006,25.6343,-13.2149,45.9045,33.43111,0.7005,36.16,9.8,2,True,rain,afternoon,street_level
673a566a-9750-4494-bba2-a3e7213c07c3,60.0,1016.229,0.8174,0.351325,-6.784,1015.412,9.8218,0.4733,32.5413,45.666065,0.9138,60.88,9.62,0,True,clear,morning,underground
f0351a60-387b-41c6-8b14-2166bf8145c7,60.0,995.142,-0.2761,0.213448,2.291,995.418,2.6851,-5.4765,44.9245,58.844788,0.6456,13.1,2.04,14,False,rain,night,above
04e7add3-5290-43ae-9b60-20e53bd98477,60.0,997.706,-0.9471,0.206209,7.861,998.653,27.2179,-5.8016,26.8512,91.810152,1.0,5.45,1.92,11,False,overcast,evening,above
e5b17f9f-e8f3-4b02-9412-e4a77ce1e0a8,60.0,1000.076,-1.086,0.281393,9.014,1001.162,40.4387,-1.6701,44.5824,77.43233,0.3593,49.6,11.03,2,True,overcast,morning,above
3ed0b7ea-293b-45d5-b682-d1f72e6cb4ff,60.0,1011.797,0.1482,0.097019,-1.23,1011.649,32.6508,11.3545,10.8935,26.583436,0.4076,16.01,0.48,9,False,overcast,night,street_level
94e71376-4a73-4239-bc7f-eb08c808747b,60.0,1004.541,0.0041,0.443647,-0.034,1004.537,22.3847,36.7452,48.3246,19.204411,0.6659,74.18,13.2,1,True,clear,afternoon,underground
b69c5dfa-cd18-46af-b5c9-38a1fd321f54,60.0,991.184,-0.2654,0.578643,2.203,991.449,53.7468,-5.6129,30.0849,86.916763,0.5583,6.13,1.53,13,False,overcast,evening,above
a6376fda-b62c-4d2c-8d15-aebb6f98c2fe,60.0,1006.007,0.247,0.071705,-2.05,1005.76,2.0273,-9.7704,56.3337,54.872034,0.2938,4.09,0.49,8,False,clear,afternoon,street_level
6356b235-7eb1-4c3d-b562-d204f29de0f6,60.0,995.855,-0.8719,0.590196,7.237,996.727,14.1116,-18.3197,12.2443,90.068114,0.5364,41.1,8.63,2,True,clear,morning,above
a8f91e9c-f580-4618-8754-7901caa689bc,60.0,1013.387,0.4652,0.596599,-3.861,1012.922,38.6996,8.9352,37.3777,36.553841,0.3695,17.56,4.43,6,False,clear,morning,underground
85ae9cf5-022c-41a2-90f9-840c6601e813,60.0,994.651,-0.3153,0.062171,2.617,994.966,11.9326,-22.8908,23.7991,70.009272,0.0904,13.43,1.03,12,False,clear,evening,street_level
546d1bad-ab81-4b83-9ffd-e1030bf44998,60.0,1004.141,1.0624,0.104265,-8.818,1003.079,7.8176,20.3293,27.9503,81.022971,0.6491,41.08,7.81,0,True,rain,night,underground
80d1394a-92d3-42b9-b9e6-6c9a9ca4c4b1,60.0,999.519,0.8041,0.37324,-6.674,998.715,-12.8798,19.1607,44.6681,73.617355,0.8923,22.56,12.29,0,True,overcast,afternoon,underground
7dd3298d-b7a6-4d96-87c7-1d0550613f50,60.0,995.804,-0.4814,0.59584,3.995,996.286,28.4698,-22.5848,36.0647,42.660297,0.5959,37.32,10.43,0,True,clear,morning,above
d4091ffd-e663-4a08-96c2-c27bbcd2bf7a,60.0,995.796,0.2614,0.127762,-2.17,995.535,40.9705,-24.4254,29.3382,26.166765,0.8307,4.71,3.04,10,False,overcast,evening,street_level
56e74b55-8495-4deb-accd-13cc4a739cea,60.0,1012.183,-0.8838,0.409729,7.336,1013.067,-0.9171,-35.2552,49.1906,73.594914,0.7348,71.51,11.99,3,True,overcast,evening,above
350c6dc1-df93-4395-94be-15aaf5c6e9a1,60.0,997.099,1.2858,0.632457,-10.672,995.813,22.2885,-6.8994,35.73,62.646943,0.6577,66.3,15.71,0,True,rain,afternoon,underground
7b136cb1-808f-45b0-97b2-9488b30c0bc5,60.0,995.339,-0.2116,0.242529,1.756,995.551,9.1558,6.5683,47.4201,98.316138,0.8066,30.95,13.25,2,True,clear,night,above
5268f052-9996-474a-8dcd-207977bdd0b0,60.0,998.217,0.1367,0.411752,-1.135,998.08,20.2548,-22.0496,51.0352,72.126752,0.7316,55.22,11.31,1,True,overcast,morning,underground
d91aa0cd-0d30-4027-bfe1-ea41022ea434,60.0,993.52,0.7169,0.294183,-5.95,992.803,6.212,-10.9045,40.5423,67.998524,0.48,60.03,13.53,0,True,clear,night,underground
735b760d-afdf-4bd3-b2af-bcdae15f63fd,60.0,1012.965,-0.8384,0.438374,6.959,1013.804,37.5752,-15.5517,63.947,77.319599,0.4874,69.97,3.52,0,True,clear,morning,above
4dfbbfa0-1cc7-4517-8235-c084d648eb1b,60.0,1000.372,-0.1893,0.578708,1.571,1000.561,42.7017,-16.2157,14.3535,51.709046,0.7543,41.67,7.77,4,True,rain,evening,above
7b961b19-5703-4a6d-9ea4-0b793e304ac8,60.0,994.961,-0.972,0.457162,8.068,995.933,4.3235,11.0675,16.653,23.936378,0.2586,10.64,6.04,5,False,overcast,evening,street_level
f689ab9b-61b6-4c7f-8855-4c81e5b55b9c,60.0,994.238,-0.4587,0.581389,3.807,994.697,12.4387,-30.77,29.7698,116.727224,0.4571,14.33,2.33,17,False,overcast,evening,above
086d50f1-0c5d-454a-8de9-d5f0efa42ee8,60.0,1014.42,-1.1062,0.103536,9.181,1015.526,-5.7694,-12.0108,26.0065,108.139055,0.6439,37.01,10.1,0,True,rain,night,above
c78fd1fb-b26a-42c5-850b-b0fa28453cf4,60.0,1011.937,-0.6612,0.395761,5.488,1012.599,9.5268,-12.5096,41.7494,86.233523,0.8481,59.86,11.36,2,True,rain,afternoon,above
8053555f-5116-4e0b-a32e-e9b34f1ae5c2,60.0,991.806,1.4686,0.559959,-12.189,990.337,11.2828,1.7095,31.3872,110.871529,0.676,71.02,13.79,0,True,rain,night,underground
da3bda68-97d4-4821-8843-359083fa9982,60.0,1012.5,-0.2008,0.125089,1.667,1012.701,11.3412,-2.8159,54.5683,86.691504,0.6409,36.63,12.04,2,True,clear,night,above
3fd65503-a5a1-4c73-b0f5-c08dcfcf36bf,60.0,1001.619,-0.2836,0.147371,2.354,1001.902,-0.506,27.2712,44.3075,2.608732,0.8095,52.07,2.84,3,True,rain,morning,street_level
0e3b3938-84d0-46ad-bbdd-9029f9d108cc,60.0,1000.287,1.1185,0.170294,-9.283,999.168,44.0505,-27.9303,49.3293,92.00161,1.0,55.32,10.57,1,True,overcast,afternoon,underground
ea74db45-92a0-48f4-b734-448d3224ecc3,60.0,995.895,-0.4531,0.38649,3.761,996.348,14.0729,-20.6987,45.6342,25.556169,0.4546,4.86,1.35,8,False,overcast,afternoon,above
61af9a9b-5cb4-404c-b8b0-356ee9329fc8,60.0,1017.296,0.7455,0.205789,-6.188,1016.551,10.3701,-7.6334,40.5201,49.073125,0.5374,13.8,4.13,2,False,rain,evening,underground
a524630a-de59-4d6b-bda4-d11efd844082,60.0,1003.723,-0.7713,0.579885,6.402,1004.494,14.6295,15.1735,42.4147,21.627313,0.4589,33.09,12.0,0,True,overcast,morning,above
117c4025-6843-4551-8902-af92d4ee1e5e,60.0,996.178,-1.4662,0.483586,12.17,997.644,11.5035,-7.9938,18.3686,111.338575,1.0,49.71,8.91,2,True,rain,afternoon,above
933f3d6e-77fa-4f64-9a5a-0feff9b46866,60.0,1012.503,0.6701,0.443634,-5.561,1011.833,24.1172,-9.373,33.858,60.359643,0.413,48.89,14.09,0,True,clear,night,underground
6a662905-0303-4be7-88f1-22260046556f,60.0,995.057,-1.2255,0.431972,10.172,996.283,12.3009,-33.1871,41.9466,42.032641,0.924,13.2,0.5,16,False,overcast,evening,above
fecde5be-a251-493a-8a46-874f7af01264,60.0,1007.013,-0.4914,0.081022,4.079,1007.505,9.0354,-29.3872,39.5121,12.183002,0.4855,10.75,2.93,8,False,overcast,afternoon,street_level
b2641e5a-01b9-4e0e-bbbb-a54767295817,60.0,1009.256,0.4145,0.185158,-3.44,1008.842,29.3321,-1.7143,35.7255,86.308873,0.7708,23.55,2.64,2,False,rain,evening,underground
ea1b6afa-748c-4141-beff-4c65b5f25a6e,60.0,997.003,2.0125,0.600204,-16.704,994.99,19.2509,7.9668,17.9828,32.63744,0.2718,18.6,3.47,15,False,overcast,evening,street_level
06eeab8c-32b9-49cd-805e-a5f9dbdc003f,60.0,990.765,0.4268,0.136652,-3.542,990.338,3.2929,-1.8931,24.2568,64.577,0.2729,3.38,3.08,15,False,overcast,afternoon,street_level
082d28b9-e494-4adb-a6cf-3693ee068c3c,60.0,1004.204,0.413,0.436751,-3.428,1003.791,30.3415,13.5851,30.4863,73.678545,0.7859,80.99,10.33,0,True,overcast,afternoon,underground
53d8c53f-0a56-472b-83ea-05d4e80e0c00,60.0,992.765,-0.0084,0.048688,0.069,992.774,21.7909,1.9637,74.5005,19.814145,0.3277,10.68,4.3,4,False,overcast,afternoon,street_level
dcd0de1e-32eb-4772-80e8-92237ac5fa8b,60.0,994.561,-0.0379,0.179143,0.314,994.599,-6.8554,-3.999,36.3052,23.776553,0.8768,70.84,16.63,0,True,clear,afternoon,underground
0b3f5d0a-38ec-44ce-8b45-2c62026bfaed,60.0,1011.537,0.0786,0.055995,-0.652,1011.459,30.5894,-20.1445,2.2451,83.6957,0.5409,1.0,4.31,18,False,clear,evening,street_level
f8f7d609-d487-4230-89b2-9d0b39aa5d0f,60.0,1009.625,0.5675,0.143279,-4.71,1009.057,24.2971,6.2986,64.0019,19.380065,0.8374,6.76,2.96,9,False,clear,morning,street_level
6a84d372-20cd-4dbb-9842-24e35cda1320,60.0,1011.666,-0.0871,0.063642,0.723,1011.753,38.3709,-10.0862,41.0666,50.141479,0.5077,24.45,2.23,15,False,overcast,night,street_level
ef0343b4-4df1-4e54-8bd0-b5ef926dcd83,60.0,1008.54,-1.233,0.116146,10.234,1009.773,32.3066,5.5652,47.6311,60.611798,0.1258,5.04,1.13,11,False,clear,morning,above
49ef2112-18c3-4cd4-8e12-b10289bce2fe,60.0,1012.256,0.0666,0.121569,-0.553,1012.189,11.3479,10.0938,57.3052,7.57925,0.702,57.31,6.3,0,True,rain,evening,underground
93ee897d-d733-4421-beba-cedc5f9342ea,60.0,1013.826,0.6077,0.165868,-5.044,1013.218,32.7808,-27.5831,37.4274,55.630068,0.8346,14.63,3.22,5,False,overcast,evening,underground
fb17e7fd-7d02-4bc0-843c-3a1e8070ce6b,60.0,1009.706,0.7238,0.515142,-6.007,1008.982,30.1579,-2.8454,-2.5719,63.103151,0.6636,8.87,0.48,11,False,clear,evening,underground
f7bfa4c5-9240-474e-a045-b05d2bca28a1,60.0,1016.895,0.785,0.588926,-6.516,1016.11,4.0322,-3.5421,34.6247,74.847313,0.5642,29.27,1.03,7,False,clear,afternoon,underground
bb2fe331-6e35-40c6-8d14-70fef14194db,60.0,991.168,-0.0907,0.131519,0.752,991.259,48.3357,11.5588,6.5543,28.463901,0.5482,41.24,11.18,0,True,overcast,night,street_level
f8becf3f-3ccc-473c-bee4-ebd18c75e15d,60.0,1000.858,0.8922,0.681745,-7.405,999.966,3.6389,-11.3186,42.7339,42.820818,0.815,111.74,16.0,0,True,overcast,morning,underground
c7a6afc7-0ad9-4f0d-b056-082187241818,60.0,993.672,-0.6839,0.58079,5.677,994.356,-5.1564,-6.2447,22.3945,113.416994,0.2635,65.56,4.74,0,True,rain,night,above
bb8c06c7-7f52-4edc-a9dc-8258f0c9597c,60.0,1003.984,-1.3238,0.340491,10.987,1005.308,10.163,-11.3648,44.581,68.645907,0.8514,47.14,6.26,3,True,clear,night,above
d9374100-be2d-4c88-9ad6-8c12595704a3,60.0,1001.807,-0.3708,0.096482,3.077,1002.178,10.8465,-11.5948,61.1569,38.429822,0.6253,23.42,-0.27,10,False,overcast,night,street_level
d8a1b2fb-95af-42d9-9f9d-ebb4c2eb4440,60.0,1016.233,0.9044,0.439094,-7.507,1015.329,18.1602,4.6686,30.9069,58.126469,0.8142,91.42,13.92,0,True,overcast,morning,underground
3af53f9f-94f9-4afe-8213-7e45164cfae5,60.0,1004.212,-0.0447,0.106258,0.371,1004.256,33.3193,-19.4628,44.2256,65.585913,0.4207,7.94,4.04,12,False,overcast,afternoon,street_level
a564453e-b12d-476e-9702-1643702cb72e,60.0,1008.078,0.3912,0.655722,-3.247,1007.687,19.6867,5.5291,70.7859,77.613435,0.5491,1.0,3.73,6,False,overcast,morning,underground
e61a3f85-1dd3-4fd7-b02b-47f8381d7829,60.0,996.868,0.3397,0.497505,-2.82,996.528,16.2962,-10.7819,19.8947,67.566225,0.6273,41.58,15.01,0,True,rain,evening,underground
e702f817-3993-45cc-b25f-ee1f37a8394e,60.0,1005.333,1.4815,0.496217,-12.296,1003.851,25.7216,8.6168,48.4557,92.265659,0.3376,3.63,2.47,17,False,overcast,evening,street_level
436d4dc6-9f01-4c32-b9f3-af0511e92461,60.0,1012.466,0.069,0.101573,-0.573,1012.397,72.5881,-0.218,23.7429,84.852269,0.5756,19.81,6.66,1,True,rain,night,street_level
002fc8c9-192c-40e6-bd37-be311977a41a,60.0,992.57,-0.7281,0.228973,6.043,993.298,4.0237,-15.7382,25.9301,40.616168,0.5332,14.17,1.8,16,False,rain,evening,above
619380ac-0563-4188-aff5-fb7dbfb4ef54,60.0,999.113,0.1204,0.094345,-1.0,998.993,8.3619,8.4857,18.0642,44.713628,0.6508,24.35,2.98,3,True,rain,night,street_level
134b00ae-7dc9-4165-8cee-7d4e5af453a9,60.0,991.785,1.5967,0.133784,-13.253,990.189,4.0311,8.7037,56.1021,29.723587,0.3453,21.09,-1.57,9,False,rain,evening,street_level
5ec54106-62db-40f4-96cc-5062f444292c,60.0,1009.824,0.8694,0.248527,-7.216,1008.955,12.9601,8.2408,28.7951,72.751101,0.5167,3.51,4.24,11,False,rain,evening,underground
171aacc2-60a2-43f0-a510-25ea31d394a4,60.0,997.351,0.9444,0.609235,-7.838,996.407,15.126,-5.8868,53.6207,34.949984,0.6219,55.16,9.52,0,True,clear,afternoon,underground
1e5abc7e-92eb-4463-a50b-c6658d5923c6,60.0,1011.03,-1.2707,0.405189,10.547,1012.301,40.0063,-13.7058,42.1449,96.281926,0.6435,9.65,2.94,17,False,overcast,afternoon,above
e65e5a43-c01f-4b24-b3ec-8cb10c435a5e,60.0,991.842,-0.0516,0.032037,0.428,991.894,29.4447,-27.5528,42.2029,-3.07077,0.8328,26.02,8.9,4,True,overcast,evening,street_level
b4e25607-2f6d-452f-af40-5d37e059fad7,60.0,1011.735,-0.2975,0.13917,2.469,1012.032,5.972,3.4358,55.718,57.320182,0.3465,28.82,6.37,0,True,overcast,night,street_level
f18bfbe4-5ee8-4208-91cc-90de81889553,60.0,1018.252,1.5144,0.277742,-12.569,1016.738,9.1107,-9.5189,39.8051,96.322188,0.5255,18.73,5.74,12,False,clear,afternoon,underground
231d696e-e748-42ea-b084-4d8cae55d2a1,60.0,1016.646,-0.878,0.525724,7.287,1017.524,27.2334,-16.1877,44.7648,65.32862,0.4493,13.38,0.99,15,False,clear,night,above
171c841d-3b35-4107-8e4d-95aafdd3f82a,60.0,1001.512,0.3891,0.07299,-3.23,1001.123,25.6285,8.8943,39.8753,57.948458,0.5292,9.3,3.99,11,False,clear,night,street_level
2629d3d1-492a-422f-8c23-aab5c56c3b62,60.0,1005.618,0.2613,0.605077,-2.169,1005.357,16.7434,5.9124,41.084,56.04135,0.4217,18.11,5.9,13,False,clear,evening,underground
15ef6fa6-dd85-41b6-a10f-8d92869afe78,60.0,1004.108,0.1487,0.250254,-1.234,1003.959,-8.1395,-25.1268,35.6133,69.358118,0.4444,17.95,2.9,7,False,rain,evening,underground
bfec06d5-83e3-4351-a000-f1b770372061,60.0,1006.265,0.0339,0.349743,-0.282,1006.231,24.4464,-17.0749,38.4068,63.027136,0.8963,4.33,0.96,21,False,overcast,morning,above
d0973464-4eb3-4ba2-9f81-07cd3afd4f43,60.0,997.431,1.0542,0.666161,-8.75,996.377,19.8985,-18.0566,24.5925,69.066307,0.8786,34.45,5.91,13,False,clear,afternoon,underground
e7f97933-dc79-45e6-8a39-f87f65fd374e,60.0,1008.848,-0.3704,0.097623,3.074,1009.219,8.5658,-6.8846,75.2496,39.433266,0.7858,12.51,0.27,7,False,clear,evening,street_level
6016d50a-f74a-446f-b813-a20ada2bd9c3,60.0,991.069,0.4708,0.379146,-3.907,990.598,-2.6152,-15.4951,53.9623,49.590411,0.5542,51.17,11.6,0,True,overcast,morning,underground
11463b83-c8d9-432d-9c1c-771923334d93,60.0,1006.486,0.5988,0.112738,-4.97,1005.887,11.2021,-4.5332,26.8662,67.861004,0.7139,93.73,13.97,1,True,overcast,evening,underground
9ed3b3d6-12b8-4585-9ad6-17ca4eab30a0,60.0,1013.398,0.261,0.307335,-2.166,1013.137,-4.4577,-29.2991,34.0212,35.296629,0.7365,88.33,12.91,0,True,rain,evening,underground
38b551e5-53d2-4025-9e0b-90939e7682c6,60.0,1005.771,-1.4418,0.189387,11.967,1007.213,22.3052,-15.1742,12.5963,71.732931,0.4719,54.37,3.2,1,True,overcast,evening,above
5f492d52-b12e-440c-91ff-1fe5f1c1ad7b,60.0,998.487,1.0228,0.279754,-8.489,997.464,-16.6249,-0.6157,52.8469,70.495679,0.9338,71.93,11.77,1,True,clear,night,underground
9c6edaa9-faeb-4972-ab49-5c20d8ebbbde,60.0,1007.475,0.1265,0.011374,-1.05,1007.349,24.415,-12.3825,36.2241,30.56947,0.7663,14.21,2.65,13,False,rain,afternoon,street_level
f6dfb5a7-c920-49dc-b5bf-f8375730ee68,60.0,1005.081,-0.5078,0.485515,4.215,1005.589,40.7786,-10.6927,34.551,27.949308,0.2979,1.36,0.7,9,False,overcast,afternoon,above
be4ef041-6cd5-4162-bea9-8006af96f45b,60.0,996.267,-0.0088,0.26665,0.073,996.276,-3.5954,-3.4664,28.6501,121.61236,0.8328,38.23,10.77,0,True,rain,evening,underground
497b761e-bf1e-427a-a7ba-13eda8be992f,60.0,994.444,-1.2495,0.106616,10.37,995.693,25.2361,-9.0808,24.282,56.623293,0.3216,14.94,3.34,17,False,overcast,night,above
5cab2108-3069-4eb4-93ff-8d63de23673d,60.0,1010.354,0.0409,0.159471,-0.339,1010.313,24.8774,-6.2397,3.3807,44.803922,0.5672,3.71,1.71,15,False,rain,morning,above
053b3f86-b720-4ce3-b175-c5524c16de30,60.0,1016.884,0.1858,0.398322,-1.542,1016.698,8.9852,-18.477,59.3077,67.507773,0.7794,68.4,9.49,0,True,overcast,evening,underground
fd1e44ba-a0a1-493f-99a6-854e130c05bc,60.0,990.43,0.2304,0.605352,-1.912,990.2,15.8796,-15.4666,45.4234,52.940385,0.4029,10.36,4.55,0,False,overcast,afternoon,underground
6d24b100-2d89-43b7-a41a-b59f3a22fab8,60.0,992.44,-0.0403,0.14835,0.335,992.48,-1.0859,-35.7947,29.4519,-17.762484,0.2688,59.37,6.78,1,True,overcast,evening,street_level
6b87c250-8f13-44f9-90c5-b8e1d5081b78,60.0,992.917,0.2975,0.545584,-2.469,992.62,35.9748,-23.6866,38.5427,85.971667,0.6296,65.27,8.22,0,True,overcast,night,underground
4e017c8d-9e40-4f8a-ae9c-418e3b069411,60.0,1011.161,-0.2713,0.139601,2.252,1011.433,13.6987,-21.1223,64.2694,42.085542,0.8374,24.55,3.65,5,True,clear,afternoon,street_level
e7c2a5bf-4e44-441f-992b-7a4d58a239a5,60.0,999.476,0.2276,0.115801,-1.889,999.248,24.2236,-1.8081,24.3154,95.534081,0.8822,68.65,8.69,0,True,clear,evening,underground
3ed398b3-c6e8-4672-a22f-fd82ce48a9e4,60.0,1003.925,0.5784,0.426226,-4.801,1003.347,11.6613,-5.729,36.1592,73.027897,0.7865,20.67,7.58,4,False,overcast,evening,underground
b3596019-7ff8-43ae-8686-7c8cc971f2d3,60.0,1013.488,-0.9532,0.319381,7.912,1014.442,18.7921,1.3807,13.5015,21.440769,0.351,81.07,10.5,3,True,rain,night,above
b6743434-3a78-4bb3-8732-16a3bff2c59d,60.0,998.537,0.1386,0.209919,-1.15,998.399,35.9028,3.6026,50.9621,77.911169,0.7169,48.61,9.02,0,True,rain,evening,underground
3538c38c-21c0-47be-8425-63578275aa54,60.0,1003.097,-0.9365,0.184037,7.773,1004.033,41.6725,-4.7907,48.4205,86.70554,0.3268,43.6,14.4,1,True,overcast,night,above
ee1bbcbb-29af-456e-a684-0d6ef60f8ce5,60.0,999.373,0.5618,0.408798,-4.663,998.811,8.0317,1.577,37.6268,61.080927,0.5767,64.54,10.23,0,True,clear,afternoon,underground
bbe0cc14-6ea9-408c-b6a2-cde87d268c7f,60.0,996.806,1.1279,0.387408,-9.362,995.678,41.1997,-3.5594,46.3674,60.122032,0.0,4.98,1.94,11,False,clear,afternoon,street_level
cd43a024-85b1-4127-9107-5dfded9f1e51,60.0,998.668,-0.2122,0.11388,1.761,998.88,-2.1064,-29.1899,38.8918,42.066012,0.6647,36.95,9.46,0,True,rain,morning,above
dde0c5bc-2def-4933-bd16-3cf5ddaa0654,60.0,1006.247,0.0764,0.089166,-0.634,1006.17,21.704,-26.0545,32.0883,19.458863,0.3549,4.57,2.89,15,False,clear,night,street_level
56d68566-b709-4cc9-99e2-3ef701da8cad,60.0,1014.365,-2.0122,0.718689,16.701,1016.377,16.662,-27.0985,35.0002,18.959912,0.475,9.53,1.59,7,False,clear,morning,street_level
9749a3ee-b160-4fb6-9892-1b13cce87890,60.0,1010.354,1.0669,0.519117,-8.855,1009.287,-3.9255,-18.9323,34.9818,48.429619,0.8404,88.06,14.06,0,True,overcast,morning,underground
f86b4847-e4bc-45ea-b4e4-e7753fef0e5c,60.0,1005.684,-0.2083,0.085916,1.729,1005.892,33.4076,-2.2853,50.0998,89.684548,0.4239,38.55,-3.74,3,True,rain,morning,street_level
39373059-c86a-4103-9b12-2717e872ba6d,60.0,1003.353,0.3038,0.133215,-2.522,1003.05,26.3373,-23.6107,39.0665,41.899773,0.4573,47.26,4.27,1,True,rain,afternoon,street_level
5372837b-c6c0-4819-9a30-d072a51fe64d,60.0,1007.913,1.0546,0.795345,-8.753,1006.859,4.2094,16.4312,58.4357,33.218129,0.8053,12.64,3.99,19,False,overcast,night,street_level
be0574c1-86f4-4b66-9d0e-7fcd03c91626,60.0,1000.494,0.8898,0.171194,-7.385,999.604,36.6437,-12.3017,57.2605,99.656957,0.2937,62.67,10.45,0,True,clear,afternoon,underground
e58387ce-0b14-4075-9a63-c9227eac7ed2,60.0,1017.256,-0.6989,0.584969,5.801,1017.955,1.1081,-25.0358,35.4774,34.861785,1.0,35.6,11.32,3,True,rain,night,above
98f1872f-6021-4b59-994f-633699db6402,60.0,990.878,-0.997,0.305428,8.275,991.875,45.895,-29.3083,51.7227,77.840935,0.716,10.2,3.24,10,False,clear,afternoon,above
0d41d01a-c451-42f2-8b4f-ebb923d64c5b,60.0,1001.953,-0.22,0.330093,1.826,1002.173,1.701,-15.4239,32.4152,40.313738,0.7746,10.15,1.31,19,False,clear,morning,above
9ef02ad9-2501-48b6-b6d7-cff33a66c59f,60.0,1004.555,-0.4393,0.020065,3.646,1004.994,28.5356,14.5199,30.5628,11.412569,0.9498,21.24,-0.48,15,False,overcast,evening,street_level
ee47ef6a-e5c9-469c-93f0-bbf4e62f9e8c,60.0,1016.619,0.9653,0.209919,-8.012,1015.654,20.4506,-29.4466,25.4632,68.990334,0.4872,36.63,5.97,5,False,rain,night,underground
1eab93d1-9532-4e7c-88d1-84b3197e64df,60.0,990.59,-0.8739,0.500247,7.253,991.463,-8.0337,6.9345,38.5343,62.943748,0.2581,1.0,1.43,7,False,rain,night,above
fc812049-6957-4729-8aaf-92561cd37727,60.0,994.898,-1.211,0.106199,10.051,996.109,4.3128,-19.0717,52.746,15.88557,0.1318,47.58,4.51,5,True,overcast,afternoon,street_level
eb9f354e-db8f-47dc-be7d-5b3e5b8da738,60.0,1010.813,-0.1516,0.2085,1.259,1010.965,28.6564,-11.1366,46.0589,49.048796,0.796,56.88,10.1,1,True,overcast,night,above
2d838a19-5a47-4465-8326-f2a9f8060bd8,60.0,995.581,-0.5265,0.308205,4.37,996.108,37.8347,-20.0005,35.8626,80.638231,0.6586,1.6,2.0,11,False,overcast,night,above
3934db6f-800c-4036-9259-b68d4118b705,60.0,991.702,-0.6872,0.247672,5.704,992.389,5.6087,-21.7185,5.5185,85.184354,1.0,53.29,11.88,2,True,overcast,evening,above
151f72e3-54bd-44f6-a3a7-c068033a2157,60.0,1015.71,-0.0933,0.372115,0.775,1015.804,31.4425,-12.3713,43.0622,30.426632,1.0,27.06,2.81,7,False,rain,afternoon,underground
093cb85b-c996-4474-bb92-745821eea410,60.0,996.085,-0.1145,0.081399,0.951,996.2,13.2473,-1.8384,19.3048,38.915739,0.56,54.19,8.84,4,True,rain,evening,street_level
5400f54c-9f62-483e-a274-eb798a638eeb,60.0,1004.465,0.3978,0.333661,-3.302,1004.067,16.3664,12.3117,50.2887,106.407132,0.4781,12.05,2.83,7,False,rain,evening,underground
eac2f65e-a957-4cbd-8d32-11151185b4de,60.0,1008.382,-0.1063,0.033531,0.883,1008.488,31.4896,-15.8378,26.2414,28.847706,0.6607,75.25,14.04,4,True,rain,morning,street_level
31246d78-60bd-46e9-b5d7-a736b830d965,60.0,1007.709,-0.1702,0.636092,1.412,1007.879,39.9388,-0.6627,70.1198,61.332877,0.3877,8.15,5.66,21,False,overcast,afternoon,street_level
7032c93e-6f0e-4f4d-aff1-da7eaa134683,60.0,993.028,-0.0871,0.509991,0.723,993.115,32.1614,27.8927,60.4749,75.020996,0.6975,88.05,12.25,0,True,rain,night,underground
051b96a9-7a54-4a26-935a-51909071c16a,60.0,1002.238,-0.396,0.558472,3.287,1002.634,22.8184,-23.5837,60.5515,93.376109,0.9285,18.88,2.68,13,False,clear,night,above
6d8a80e8-fcc0-4e3f-8480-77839a7013d8,60.0,1014.271,0.3509,0.534068,-2.912,1013.92,22.7133,-5.3121,56.5525,87.237255,0.6103,31.68,1.03,5,False,rain,morning,underground
416c726d-70b5-4e15-8a71-d8c48121d4ad,60.0,1015.717,1.3612,0.674874,-11.298,1014.356,3.5283,-22.5854,39.3329,77.585117,0.7662,40.75,14.94,1,True,rain,afternoon,underground
8a54e9da-adf0-4f6c-8a9a-f16d7692bc02,60.0,994.072,0.1119,0.117327,-0.929,993.961,30.0296,-12.5873,35.5101,47.814995,0.6721,63.67,6.71,2,True,overcast,evening,street_level
769886a2-6440-40a4-9111-6c88ec3e52ed,60.0,996.195,-0.328,0.027151,2.722,996.523,8.0067,15.1486,88.2548,45.475875,1.0,17.1,2.29,7,False,rain,night,street_level
dd70f516-ad79-4417-955d-22c30d805a8b,60.0,997.445,1.104,0.6864,-9.163,996.342,28.6538,15.3907,37.8276,74.649528,0.6119,70.13,13.69,0,True,clear,afternoon,underground
687a148c-6998-4145-a9b1-7543bfd35d57,60.0,995.068,-1.054,0.445529,8.748,996.122,16.2932,10.5302,45.4875,101.192,0.7284,45.59,10.06,4,True,overcast,night,above
906ea4a7-e159-467b-83bf-fed946debe44,60.0,1005.066,0.1322,0.695366,-1.097,1004.934,-0.8042,16.2915,59.4585,92.53795,0.766,79.75,13.32,0,True,clear,evening,underground
85770696-e8e9-4506-86ec-98de4dad37e3,60.0,994.377,-0.345,0.146157,2.864,994.722,23.1726,-22.9274,29.154,13.971887,0.1917,67.9,6.62,2,True,rain,afternoon,street_level
34a6e8b1-19d9-4a11-bf5a-e95020babef9,60.0,999.195,-0.608,0.228867,5.046,999.803,18.4763,-23.2511,46.862,78.061996,0.7557,42.87,6.65,4,True,overcast,evening,above
8ddb00f2-0629-437c-bf14-2249ac6be050,60.0,996.294,-0.0378,0.244841,0.314,996.332,20.1213,-7.0396,63.1352,67.154305,0.9505,34.39,2.63,7,False,overcast,evening,underground
132b44ca-249c-4670-b5e8-e9e6fff24aed,60.0,1004.935,0.7749,0.135966,-6.432,1004.16,22.5397,-16.0585,51.7515,41.210521,0.8894,16.2,8.18,6,False,clear,morning,underground
9158d848-82f3-44c7-aea5-5990953c784b,60.0,994.914,2.4316,0.354574,-20.182,992.483,38.2324,-37.4736,19.7143,14.526262,0.93,23.74,3.87,14,False,clear,evening,street_level
99bb58ee-a6f3-40fd-b9b8-6f41acf1f3d7,60.0,994.589,1.2408,0.697011,-10.299,993.348,19.7566,-4.2741,66.4531,19.421499,0.4951,6.29,2.37,12,False,overcast,night,street_level
d7f11378-7c4c-42a7-9fe0-f2334b3d7ec2,60.0,1004.613,-0.3119,0.191955,2.588,1004.925,13.2547,-30.3952,21.6807,28.511916,0.6744,12.15,3.86,15,False,rain,evening,above
402ae97a-2c6c-4d39-9471-84370d25129b,60.0,989.631,-0.7003,0.59414,5.812,990.331,-1.712,24.6569,22.8976,41.00351,0.436,35.86,12.29,1,True,overcast,night,above
750a4d2a-e492-42aa-88d0-1d0abe19fa27,60.0,1011.376,-0.2385,0.056577,1.979,1011.615,25.4931,10.2372,39.0959,22.805116,0.5021,6.99,1.12,8,False,rain,morning,street_level
f80202f1-327e-4ca1-942d-35556a79d70e,60.0,1005.968,-0.0609,0.083784,0.505,1006.029,26.4546,-24.0318,46.9096,33.607328,0.0,21.71,0.23,14,False,clear,morning,street_level
aa701420-cfeb-4f5e-aaec-578c90b133f3,60.0,996.798,0.0612,0.050031,-0.508,996.736,-7.0966,-0.1273,80.3769,15.779548,0.6509,91.93,3.06,4,True,clear,evening,street_level
981f5ae0-4e96-4170-98eb-e00551b38624,60.0,1009.848,0.5378,0.478392,-4.464,1009.31,31.5057,-18.7887,-5.8298,76.216448,1.0,42.46,10.68,0,True,clear,night,underground
12fd36b1-811f-4879-a08a-3e475cc47aa8,60.0,1002.237,-1.1245,0.312694,9.334,1003.362,33.8465,3.8,45.5148,34.793714,0.9342,36.19,5.69,5,True,clear,afternoon,above
f4fe5f34-9c47-4c55-b5ac-33593d691ac6,60.0,996.062,-0.0636,0.091754,0.528,996.125,20.489,-17.1306,47.8681,84.744487,0.385,59.43,7.56,6,True,clear,morning,street_level
7cb183b2-1c37-4e58-a0e1-a36f0653186f,60.0,996.462,0.352,0.339119,-2.921,996.11,9.3388,-30.8621,20.65,62.776362,0.9434,39.05,16.84,0,True,clear,evening,underground
a64148b7-d686-4465-ac0d-7372290d8ccf,60.0,1009.495,0.2394,0.376809,-1.987,1009.256,-4.0635,-21.4395,37.5694,58.16972,0.4438,52.86,10.36,0,True,rain,night,underground
23767de7-def7-4634-aa85-ea89213a0eba,60.0,1008.288,0.6705,0.140498,-5.565,1007.617,3.2738,12.6496,46.7467,46.076586,1.0,93.09,16.51,0,True,rain,morning,underground
19fd94ae-81db-48a8-9b8a-e54b5e034332,60.0,1011.04,0.3029,0.242561,-2.514,1010.737,32.0662,-12.3846,47.9886,35.489198,0.6649,32.95,10.7,0,True,clear,afternoon,underground
d3842e82-cb2f-4fab-ae86-d04cb016878a,60.0,1008.664,0.0538,0.120309,-0.447,1008.61,11.542,-26.6389,35.6524,39.202912,0.5956,15.72,0.1,13,False,rain,night,street_level
1a0111ac-22eb-4de2-97f9-a61d74726879,60.0,1017.72,0.3019,0.024853,-2.506,1017.418,27.5271,-29.7212,61.9563,30.044212,0.6551,1.0,4.95,11,False,overcast,night,street_level
d3ad5d13-e518-48da-a9e4-18a6fed07891,60.0,1008.226,0.4094,0.052016,-3.398,1007.817,26.5124,-19.7026,5.8621,28.367301,0.6751,3.25,5.55,9,False,clear,evening,street_level
fdb8d6c8-a6ac-4061-a67d-21978918f6ee,60.0,998.286,-0.0706,0.577534,0.586,998.357,23.9148,-20.6547,33.7013,57.147717,0.4871,38.95,6.15,8,False,clear,morning,underground
b2d92e9d-bc69-494f-a523-a8bb8b7ec765,60.0,994.023,-0.3469,0.3429,2.879,994.37,16.2019,14.1242,49.9405,79.901054,0.5066,19.61,3.25,7,False,clear,night,above
37218ebc-26b1-4346-a97b-a6e912d51c79,60.0,1000.683,0.2964,0.309048,-2.46,1000.387,34.5142,17.7146,44.0195,52.453887,0.7603,26.45,6.7,8,False,clear,morning,underground
22aa470a-e855-453d-8523-1b473e85c904,60.0,998.71,-0.3454,0.122678,2.866,999.055,4.2127,-33.6997,21.9421,29.913538,0.053,16.07,-2.84,10,False,rain,morning,street_level
a95ef052-4266-48e9-bd7b-2badded389f5,60.0,1014.2,-0.6445,0.540979,5.349,1014.844,3.3801,-4.2857,53.6041,43.543547,0.5257,11.64,1.28,16,False,overcast,afternoon,above
53e74ce3-7f69-449e-9fa7-7a37b2582e63,60.0,993.39,0.0473,0.657659,-0.393,993.342,18.3953,-28.9635,58.3394,54.986932,0.7795,82.67,6.94,0,True,rain,evening,underground
9f10b1c8-95e6-46c6-bfad-9326196c6168,60.0,1009.173,0.8692,0.522844,-7.215,1008.304,48.5774,-19.4166,33.1705,44.675635,0.6794,9.14,6.82,6,False,clear,morning,underground
be40916c-150c-4e4d-8b7f-40a1a37b7a66,60.0,1001.454,-1.3801,0.418558,11.455,1002.834,36.2926,27.4741,40.4438,108.107386,0.5304,50.06,12.03,2,True,overcast,morning,above
299b368a-b37d-4af4-812b-a7f316cbfe38,60.0,1007.394,0.3291,0.570289,-2.731,1007.065,25.1449,-0.236,60.7292,96.662483,0.9001,30.99,3.53,13,False,rain,evening,underground
bf5d585e-c0c8-4d19-ab3b-ee6c57e2569c,60.0,990.81,0.2862,0.117213,-2.376,990.523,24.8242,-8.7603,15.0129,35.435301,0.5378,14.11,3.96,1,False,rain,morning,street_level
d69af984-9f8a-4564-a250-6e00f08964f7,60.0,1005.34,-0.8378,0.317819,6.954,1006.178,21.6147,-7.0272,13.0354,91.919862,0.3042,66.12,13.48,0,True,clear,morning,above
6ea860b8-4a9d-41d0-bd55-e390da78795d,60.0,1011.421,-0.6805,0.547258,5.648,1012.102,18.6419,6.3983,19.4416,30.528222,0.2626,6.12,8.36,4,True,overcast,night,street_level
fefd7232-0805-4ef2-af46-608baa007bc2,60.0,999.508,0.6393,0.475706,-5.306,998.868,17.4068,8.9409,18.7422,35.125278,1.0,45.8,7.8,1,True,clear,afternoon,underground
c1b19249-02ae-4470-919b-ecf037824237,60.0,996.611,0.636,0.30106,-5.279,995.975,-0.2805,-15.6491,38.689,93.985798,0.9227,62.42,12.69,0,True,overcast,morning,underground
8573cdb9-eb1c-4856-9048-53bf5a9aa6d3,60.0,1016.64,1.0618,0.432017,-8.813,1015.578,6.4622,13.1356,39.8968,46.412846,0.9155,74.23,11.17,0,True,clear,morning,underground
651eea8d-6a7b-473f-ad49-8e03691c8e3c,60.0,1010.341,-0.6254,0.412816,5.191,1010.966,-4.126,-26.3032,33.3032,52.976607,0.2569,22.96,4.35,8,False,overcast,night,street_level
24e746a1-3bb4-4989-ada8-c2d3ecb51eec,60.0,1002.396,-0.9687,0.165683,8.041,1003.364,10.2198,-30.0007,65.4468,73.907164,0.4273,11.46,2.14,14,False,overcast,afternoon,above
e191bf18-ba88-4380-adf4-8034ad177ef4,60.0,1013.042,0.7008,0.247485,-5.816,1012.341,20.5599,-8.7185,53.4615,58.635839,0.5241,61.1,13.34,0,True,clear,afternoon,underground
eee94772-db80-42c1-8127-ff80ca59f7ca,60.0,994.718,0.0005,0.252095,-0.004,994.717,6.7857,-7.5896,60.0909,25.970885,0.5568,13.13,0.57,12,False,rain,morning,street_level
b0359027-6d7c-4da5-b63a-38cdd4b7b51a,60.0,1014.305,-0.1129,0.298021,0.937,1014.418,35.1333,-2.5328,68.3497,107.973039,0.3861,58.19,10.87,0,True,overcast,evening,above
bc7c2dc9-5323-4733-bde9-d48d22f76afb,60.0,1006.358,-0.3681,0.169301,3.055,1006.726,-7.8972,0.5961,36.3014,71.551455,0.2942,8.8,2.58,16,False,clear,morning,above
19ded160-ba98-48f0-b441-5de0dadf2485,60.0,1001.739,1.1588,0.243493,-9.618,1000.58,12.6739,-37.2937,37.61,78.611961,0.9445,72.73,9.47,0,True,overcast,afternoon,underground
4cd9fa5d-518d-455a-bdd5-2055752e36be,60.0,1017.743,-0.0692,0.161989,0.574,1017.812,26.2978,-8.7508,27.216,46.435119,0.9387,6.57,3.35,14,False,overcast,morning,above
5709eb43-f4dc-43f9-a754-40c8452c5ee6,60.0,1015.306,-0.16,0.10837,1.328,1015.466,11.6208,16.6712,40.9517,21.62521,0.7037,73.28,3.47,4,True,rain,afternoon,street_level
9a62dda7-9d5f-48a5-87c9-1bfd54df28c7,60.0,1000.081,0.2911,0.526352,-2.416,999.79,4.7919,9.9348,45.4601,88.957686,0.658,33.99,8.08,0,True,overcast,evening,underground
df91f7e4-3e7c-4a1f-985b-7f95fcc76113,60.0,995.581,-0.0529,0.678417,0.439,995.634,-3.1402,3.6002,33.9675,99.209406,0.8264,13.64,2.73,10,False,overcast,afternoon,underground
2de536c3-3adc-442f-b7e7-cabaeedd5cc6,60.0,1017.676,-0.0037,0.037225,0.03,1017.679,11.1153,-7.7907,34.7663,34.602302,0.2564,30.67,-0.55,2,True,overcast,night,street_level
5855b8fb-f202-45d7-a9f0-8a31c8dbdeec,60.0,1012.516,1.2268,0.661645,-10.183,1011.289,27.9331,-6.2913,49.1712,69.984421,0.4205,75.07,13.08,0,True,overcast,afternoon,underground
497738e6-2319-4977-ae7b-be56612f97f9,60.0,1016.378,0.6328,0.190836,-5.252,1015.745,20.7106,-6.9642,34.3129,85.051313,0.6336,73.32,12.63,1,True,clear,night,underground
e1b6a351-383f-4828-87e5-82aaee6d8fc2,60.0,1007.886,-0.6097,0.392394,5.061,1008.496,2.8912,-1.8016,9.5371,65.444719,0.6868,7.2,2.06,14,False,rain,evening,above
fecff7ea-b893-4e04-8baa-7a3850f47e26,60.0,1005.66,0.1839,0.57184,-1.526,1005.476,22.3554,-37.1529,27.8743,63.929901,0.457,44.63,11.09,0,True,overcast,night,above
44b11071-40d7-4683-937a-6b49395febb5,60.0,1012.735,-0.0908,0.092285,0.753,1012.826,10.3723,-12.4608,40.4745,97.834178,0.8016,50.11,8.92,3,True,overcast,afternoon,street_level
61b84f6c-13e0-4804-8ff5-8025ea08190b,60.0,998.658,-0.9279,0.114195,7.701,999.586,26.6579,-22.2624,52.2211,70.033149,0.5543,29.21,9.39,4,True,rain,evening,above
7338ba3f-acf0-468c-be65-c2ae8155176d,60.0,996.837,-0.392,0.190598,3.254,997.229,8.5662,4.4885,54.8917,25.843366,0.778,11.85,2.43,15,False,rain,evening,above
403ac0d7-8d80-4de3-a24f-5f8cf0de7391,60.0,1008.675,-1.5731,0.239594,13.057,1010.248,-9.822,-4.8533,52.1753,27.241756,0.3779,30.15,4.51,4,True,overcast,afternoon,above
775e41c8-6667-49cf-a2e0-1f60279e54c2,60.0,995.789,-0.4018,0.070962,3.335,996.191,29.0737,29.5542,31.9514,11.219388,0.6685,1.0,2.34,12,False,overcast,afternoon,street_level
578f7d79-1dcc-4a7e-aa78-e206f5435bcb,60.0,1012.206,1.2532,0.324886,-10.402,1010.952,24.5178,-7.9987,21.9945,114.846447,0.5462,63.74,11.26,1,True,rain,evening,underground
d5e863ae-9b17-45f6-99ad-f4baa76e298b,60.0,1011.127,-0.3385,0.199054,2.81,1011.465,22.5932,-19.471,33.9446,75.975846,0.2662,41.84,11.45,0,True,rain,night,above
4f10713f-671d-44fc-a326-9ca53b5d6314,60.0,1001.371,-0.1066,0.147373,0.885,1001.478,4.7439,8.7391,39.1416,34.17008,0.1665,13.93,2.95,8,False,overcast,night,street_level
85c9c6ab-9cee-4cab-99e4-511ec9e2374f,60.0,996.987,-1.8275,0.169498,15.169,998.815,6.2696,10.7118,54.6473,47.789543,0.5514,13.81,1.98,13,False,clear,morning,above
c9d5b26c-6ef5-4af2-b01d-a5775dee1341,60.0,1002.308,-0.9179,0.36028,7.618,1003.225,23.9751,2.3675,44.1108,50.491091,0.4036,42.86,6.85,0,True,rain,afternoon,above
a40d6e5e-9a83-414d-a958-6dc1af6c1ee2,60.0,999.914,0.4576,0.344867,-3.798,999.456,4.8675,-20.0207,51.4872,89.360535,1.0,87.39,12.93,1,True,overcast,morning,underground
9b4c454e-7dd9-4722-bd8e-33491f792c21,60.0,996.606,-1.2875,0.196361,10.687,997.893,53.0332,2.0329,28.4357,60.220787,0.4929,23.21,3.04,18,False,overcast,night,above
2e20de73-27f0-4ec5-8ce7-9bb4cab7b7ac,60.0,991.352,-1.1056,0.420105,9.176,992.458,32.4294,17.9623,66.6002,-15.133731,0.5297,22.45,-0.2,13,False,overcast,night,street_level
e139efb6-9b1c-4159-80af-b725eaa9616c,60.0,1003.93,0.0286,0.534638,-0.238,1003.901,26.1147,-36.8809,41.7634,74.029799,0.4949,71.12,6.99,0,True,clear,evening,above
0a75709b-6592-4f8e-8e4f-9cfccc454aaf,60.0,1006.596,0.9037,0.27722,-7.5,1005.692,12.7764,-9.026,33.1367,70.699757,0.8249,19.03,2.06,3,False,rain,evening,underground
e6d31758-fe7f-4298-854e-5e930c53fcd8,60.0,1006.596,-0.1644,0.146961,1.364,1006.761,28.4166,22.7136,35.4843,16.555259,0.6785,86.97,4.14,2,True,clear,morning,street_level
a1f906c0-3c59-4909-935f-0016a29bc676,60.0,1002.2,-0.2765,0.076527,2.295,1002.477,16.4659,-2.8943,47.6024,26.139658,0.0462,31.95,4.54,4,True,clear,afternoon,street_level
8c4eb170-6771-41ba-b4a1-b1a022b10cf0,60.0,999.954,0.4306,0.017899,-3.574,999.524,26.6759,8.5364,49.3583,19.328131,0.1552,65.75,12.72,6,True,clear,morning,street_level
9193fcad-90e7-4c87-9340-e7383953f7c3,60.0,997.477,0.7732,0.514835,-6.418,996.703,-4.825,-4.4832,43.3956,44.611862,0.9224,70.5,11.53,1,True,clear,morning,underground
64d680c4-497b-4f3e-8759-5cab0a801c9c,60.0,999.223,-3.0386,0.540443,25.22,1002.262,20.2041,-7.0214,26.4543,27.541001,0.1881,11.88,0.58,9,False,overcast,night,street_level
48e1652b-c63a-4652-8dbe-e3b503913119,60.0,992.181,-1.2875,0.152868,10.686,993.468,23.1698,18.9973,54.5789,77.097157,0.5403,57.89,10.55,0,True,rain,evening,above
0ba7a3da-467a-4fcc-ba1f-f8fa3eaefe2f,60.0,999.385,-0.0042,0.01448,0.035,999.389,6.1697,29.3943,38.6064,6.470655,0.5193,14.96,2.88,9,False,rain,afternoon,street_level
c8ea7095-c8be-4354-bcdc-813d19a4ab15,60.0,1011.386,-0.5149,0.446868,4.273,1011.901,22.7894,21.8316,57.038,104.41145,0.7736,8.62,2.11,17,False,overcast,morning,above
b1a4162f-0b8a-4b23-987a-ca4598b8b226,60.0,999.952,0.2638,0.600825,-2.19,999.688,19.5869,-31.2819,19.2187,20.77528,0.3088,5.01,0.53,12,False,clear,night,street_level
1e2324a4-a9a5-4a75-9d41-e58913cbc2b8,60.0,1012.865,-0.3112,0.10809,2.583,1013.176,57.2402,-20.6337,27.1171,5.44833,0.1347,18.98,11.82,3,True,rain,morning,street_level
9fe2d532-97ae-4e40-9a12-4c2b4e58415f,60.0,995.196,0.4193,0.469235,-3.48,994.777,19.8129,-15.8746,40.2701,113.624907,0.6856,7.9,3.31,4,False,overcast,night,underground
c42641c7-b3e9-4099-a5a9-022444f38750,60.0,1009.85,-0.5512,0.209122,4.575,1010.401,38.5589,-22.8384,66.3539,49.57485,0.8278,78.18,8.17,0,True,overcast,morning,underground
17ec8e74-4e1e-482e-9c90-d59726ad6eed,60.0,1012.164,-0.8347,0.36592,6.928,1012.998,40.1066,7.9725,57.3966,67.783962,0.468,53.79,3.72,4,True,rain,morning,above
77e3e2a8-7de3-4dd9-ab6f-467a47c0a8ab,60.0,991.759,-1.3004,0.162455,10.793,993.06,18.6584,5.9812,43.3742,71.351132,0.3149,1.28,2.01,12,False,clear,evening,above
0840f203-65e6-4536-b3a5-71f764cc6660,60.0,996.577,-0.7093,0.536126,5.887,997.286,4.4665,-27.9725,58.4868,38.727345,0.4547,52.14,5.31,0,True,clear,morning,street_level
1fccdb99-8e67-4553-b74f-ede59f607676,60.0,1005.135,-0.8967,0.451246,7.443,1006.032,53.1644,4.0552,23.6218,65.521276,0.8763,30.98,4.64,5,True,overcast,afternoon,street_level
0348861b-1861-4c30-80e9-9911e4b404b1,60.0,1013.852,-1.0412,0.109768,8.642,1014.893,11.9996,-6.7489,19.4534,113.100946,0.8782,38.04,6.64,4,True,rain,afternoon,above
76dcaa07-3df4-4ef8-bcc7-b288e6e06474,60.0,1013.471,1.5485,0.667285,-12.852,1011.922,27.4251,-37.9451,46.4327,19.31982,0.5537,51.21,8.55,4,True,overcast,afternoon,street_level
30fa52e8-b2ff-4973-99fd-4d714ed292d1,60.0,1008.72,-0.2566,0.119829,2.13,1008.977,10.7233,-6.9583,31.5715,83.183803,0.7461,58.56,7.7,4,True,overcast,afternoon,above
e3fd82da-4301-43ba-9e57-737725068eed,60.0,1008.134,-0.8258,0.580648,6.854,1008.96,-2.9297,-13.2863,50.4026,100.29905,0.0088,42.62,7.75,0,True,overcast,night,above
4aa63206-ae66-43c2-9e80-301fec53da44,60.0,1015.221,-0.4542,0.324675,3.77,1015.675,-2.5165,12.622,27.9133,25.491214,0.5256,31.8,7.52,4,True,clear,evening,above
43912dae-524f-43ef-b04f-4ad57ba00e13,60.0,1016.413,-1.2221,0.463416,10.143,1017.635,21.8088,-11.65,32.52,49.975734,0.5165,15.75,1.55,15,False,rain,night,above
e8fc6336-a12c-4a02-92d8-b2a0c50fc9b3,60.0,1004.522,-0.0961,0.085146,0.797,1004.618,20.0938,-9.3048,39.0684,11.748075,0.1786,28.06,2.04,15,False,clear,afternoon,street_level
a7a117ab-ab5a-4fc2-bbcc-c6dc13122888,60.0,998.331,-1.0343,0.48793,8.585,999.366,50.6594,0.3487,48.478,44.787195,0.9331,56.48,10.73,6,True,rain,evening,above
2541ed6d-3a4c-45ab-a753-dcf6b4d1ca4b,60.0,998.541,-0.9,0.193267,7.47,999.441,21.2982,-5.0652,46.8878,68.920804,0.436,10.13,3.31,14,False,clear,night,above
c87b1e74-a658-4590-b421-7972143b7db8,60.0,1013.48,-0.124,0.192186,1.029,1013.604,16.5795,-39.8835,57.007,74.005821,0.6731,28.87,9.82,0,True,rain,evening,underground
55a71b14-06f1-4006-b146-6a63c43918c6,60.0,992.44,1.1393,0.681195,-9.457,991.301,13.429,-0.8597,49.4812,72.617749,0.8689,73.85,12.31,0,True,rain,night,underground
3325600c-d228-46a8-9e06-e5f04305b837,60.0,995.47,-0.4506,0.565569,3.74,995.921,-0.2388,-26.7702,35.3011,102.037106,0.6583,10.0,2.67,18,False,rain,afternoon,above
dbf0a14f-12e5-45a8-b097-b056f28645d2,60.0,1003.125,-0.7812,0.542631,6.484,1003.906,1.0632,-29.8381,27.8359,94.108687,0.3515,6.17,3.16,14,False,overcast,afternoon,above
b9c1aaf9-1e9c-46d0-b2dd-6318a407b28a,60.0,1017.602,0.3461,0.576659,-2.873,1017.256,25.5632,-6.9991,59.6663,59.073338,0.9448,86.82,13.3,0,True,overcast,evening,underground
d1229322-ba29-4f53-842f-976a03aada61,60.0,1013.939,1.0579,0.2236,-8.781,1012.882,-9.3994,-28.4712,66.1009,41.596075,0.9119,34.04,17.48,0,True,rain,night,underground
9d897723-87f7-447d-ba32-376b297e7bd0,60.0,992.911,0.1938,0.229957,-1.609,992.717,2.2167,-3.9429,33.6573,59.099478,0.6038,89.24,16.22,1,True,clear,morning,underground
f3fed045-a9e5-4658-ae6a-872be39bf22f,60.0,994.956,0.4374,0.161258,-3.63,994.518,16.7198,-11.1987,14.8818,89.078396,0.6717,90.12,17.67,0,True,overcast,morning,underground
fc54bc26-d773-4343-84c7-2ed1296d3918,60.0,1009.911,-0.5665,0.475574,4.702,1010.478,8.3591,-8.207,30.8928,63.338697,0.3328,4.82,2.74,14,False,clear,evening,above
ec08d6ec-4d03-4c41-8647-55e0c9cdd1c9,60.0,1010.664,-0.4344,0.075955,3.606,1011.098,30.6444,-13.947,47.8725,32.305139,0.2601,6.6,1.4,11,False,rain,afternoon,street_level
01c05923-e73d-4f2f-bf38-207033685164,60.0,993.332,-0.2067,0.063955,1.716,993.538,34.092,-11.3208,39.1968,37.061905,0.1812,8.48,1.8,16,False,rain,morning,street_level
2c84bd91-e32c-4bb0-811f-839e4e518909,60.0,1012.164,-0.2946,0.172273,2.445,1012.459,12.6367,-2.7782,63.5222,59.442833,1.0,41.42,12.13,0,True,rain,afternoon,above
069c5510-e498-415b-9231-3152b0cdd188,60.0,1001.065,-0.2641,0.333624,2.192,1001.329,10.738,-4.6499,34.8699,50.370259,0.0,13.42,2.13,3,True,clear,night,street_level
5cdb2880-1364-4cb6-acd7-f02eb3b0a5be,60.0,1015.745,0.1473,0.289527,-1.222,1015.598,11.1941,-33.8562,40.8923,43.14953,0.3687,34.32,2.62,0,False,clear,afternoon,underground
7eaa12b8-be3c-4436-85c8-fd83a544061c,60.0,1015.289,0.7167,0.110121,-5.949,1014.573,24.2962,2.0868,21.0075,33.602597,0.6851,28.51,13.67,1,True,rain,afternoon,underground
dd394a7f-b489-4ff8-a7ed-83976f5f54e5,60.0,993.21,-0.1126,0.05493,0.934,993.323,15.7648,-17.0376,51.9287,8.027819,0.8987,29.59,2.21,0,False,rain,evening,street_level
d563cf5f-ed0c-4922-b5fc-9fcd1ad00fbb,60.0,991.065,0.0391,0.189088,-0.324,991.026,36.4315,-29.6575,39.2224,22.8944,0.2673,37.68,8.3,5,True,overcast,night,street_level
f2d74d65-1c4f-449c-bdee-2f0cf2cdda47,60.0,992.216,-0.6225,0.455532,5.167,992.839,16.4085,-12.5922,27.9193,53.564078,1.0,59.54,7.89,3,True,clear,morning,above
fe7268c7-363c-4db8-8e54-b8d6025a2a95,60.0,1001.872,-1.158,0.375882,9.612,1003.03,10.4825,-7.028,68.2389,34.916579,1.0,18.47,2.04,11,False,rain,night,above
f91b7ca4-15c9-4b49-9ef7-08dd55ebdeb7,60.0,995.876,-0.6658,0.010373,5.526,996.542,9.2088,-15.2537,59.4884,46.806941,0.6877,1.0,0.89,10,False,rain,morning,street_level
b58db883-9661-4a5a-97d0-9d6832562cb5,60.0,996.827,-0.4431,0.212563,3.678,997.27,29.1371,-15.0671,49.2853,66.389804,0.5638,40.3,7.34,0,True,overcast,evening,above
168b9961-7488-4f72-9c6a-1b1193f7e04d,60.0,997.952,-1.3219,0.271078,10.972,999.274,3.7225,-33.532,15.3597,36.201134,0.6125,14.42,7.0,1,True,overcast,night,street_level
19be4b50-d04f-4b6b-bbca-d11822019e36,60.0,1011.553,-0.0461,0.090044,0.382,1011.599,36.1824,-3.6536,36.2254,37.04772,0.7669,1.0,0.81,1,False,clear,evening,street_level
6e692d02-33b7-45a8-b6c4-e6e33b47e3ac,60.0,999.318,0.6838,0.551398,-5.675,998.634,52.0273,9.3402,71.6126,70.39239,0.9005,53.56,12.84,0,True,rain,night,underground
9ebf36cc-f5a1-4a08-8594-f448e77c7786,60.0,1013.729,0.1849,0.067143,-1.535,1013.544,44.5913,-36.6582,40.3849,77.388639,0.5955,25.22,8.6,4,True,clear,morning,street_level
0e869f10-1422-4b15-9715-5966dfcdcd5b,60.0,1010.312,-0.3569,0.244388,2.962,1010.668,30.3727,-15.2297,41.7694,72.811371,0.8976,47.15,5.06,0,True,overcast,night,above
58adc496-3b36-4587-93d1-abd99e76c71e,60.0,999.03,0.5267,0.70932,-4.372,998.503,12.3451,-24.53,39.1412,2.795988,0.4983,21.89,9.0,0,True,rain,morning,street_level
3a036f2c-d28e-42b5-8359-e59d999475a4,60.0,993.585,0.603,0.278007,-5.005,992.982,-1.2075,-23.922,63.2665,91.315806,0.3682,48.16,15.2,0,True,overcast,afternoon,underground
3b33f636-61fa-4c38-99b1-5913aff6f03f,60.0,1014.989,1.2358,0.114562,-10.257,1013.753,27.2099,-3.1856,36.4758,55.715946,1.0,85.63,7.73,0,True,overcast,afternoon,underground
4ef86a7c-ceb2-4f57-8722-d5b02f59d4e3,60.0,993.173,-1.9629,0.72097,16.292,995.136,20.437,6.4159,53.0736,3.318561,0.8396,1.0,4.1,12,False,clear,night,street_level
17a5ab48-c99e-444f-92b8-4a3cc0c9f28a,60.0,990.586,-0.3121,0.32209,2.59,990.899,45.5896,-28.6602,25.8989,84.464813,0.7784,84.75,14.04,0,True,overcast,morning,underground
56890281-aac1-4474-82f9-89b974c5c7ff,60.0,1009.14,0.1176,0.011992,-0.976,1009.022,-1.7462,10.696,48.0076,30.535521,0.7988,1.0,2.76,13,False,rain,evening,street_level
1e03d1bd-60c5-4077-9b71-dffc67037233,60.0,993.064,-0.1674,0.219217,1.39,993.231,27.1323,-5.0678,47.0882,77.326255,0.5047,65.94,17.59,0,True,clear,afternoon,underground
3399d98d-7b5e-4d72-9be4-e96caebe93b5,60.0,999.496,-0.0236,0.400219,0.196,999.519,47.4502,-14.6899,55.5646,82.838805,0.7433,35.69,15.29,0,True,clear,night,underground
b833e4eb-c569-46d2-8803-e6ec8e50358a,60.0,1002.659,-0.4523,0.337514,3.754,1003.112,-11.5457,-29.1023,34.9737,80.022111,0.7282,30.14,8.96,3,True,overcast,morning,above
71456249-1fb1-48ae-a77f-a649a7fe71ee,60.0,990.679,-0.3572,0.411217,2.965,991.036,32.7875,-1.5505,27.676,68.620596,0.5732,66.93,9.44,0,True,rain,evening,above
396aa209-63f5-4af5-8749-6f4843171af0,60.0,994.684,-0.2101,0.047585,1.744,994.894,13.1033,-33.9871,21.7586,30.022004,0.891,11.07,1.39,8,False,rain,night,street_level
8fdbf3e9-16f7-4499-a646-4d5a497bc34b,60.0,1010.309,-0.0999,0.367304,0.829,1010.409,19.3651,-9.8446,27.1759,-20.112162,1.0,3.31,0.53,12,False,clear,afternoon,above
ee0e0452-4926-4bf4-bb00-2bd4e1de2a3b,60.0,994.33,0.1266,0.314259,-1.051,994.203,6.5984,1.3247,48.0651,40.274783,0.479,52.33,13.29,0,True,overcast,afternoon,underground
b61ed0d4-9db4-456c-b748-6cf14b59ac35,60.0,991.866,0.1219,0.194892,-1.012,991.744,42.7753,16.1822,78.8988,92.302551,0.8753,55.48,6.94,0,True,rain,afternoon,underground
80974988-b536-41f2-9c6d-33046ac549d9,60.0,993.826,-0.7933,0.155735,6.585,994.62,29.9822,-11.3147,39.7976,112.423226,0.6237,45.26,5.17,2,True,overcast,afternoon,above
3f797b5b-415a-41e1-b3de-87dc71f9f78b,60.0,997.768,4.032,0.742412,-33.466,993.736,33.1284,21.5896,45.7432,121.913108,0.8888,1.0,1.57,11,False,clear,evening,street_level
d51e78ef-7c0a-4b57-aea4-ba59183f4b30,60.0,993.262,1.3677,0.62446,-11.352,991.894,35.5328,-16.6686,19.4644,100.507495,0.6155,10.71,4.59,2,False,rain,morning,underground
5bd921ee-f4af-4aa0-b726-c21a29249d1f,60.0,999.409,-1.3052,0.708388,10.833,1000.714,13.218,36.9849,23.8172,41.512884,0.7151,100.29,15.59,2,True,overcast,night,street_level
ff2aaace-ec16-45a5-829e-301c74bbf432,60.0,1009.261,-0.0227,0.399811,0.188,1009.284,6.7761,-32.1403,26.7857,82.41506,0.5059,27.2,4.02,7,False,rain,evening,underground
2805ed6f-864d-4fa9-ae7f-067e6c88ef7c,60.0,1018.026,0.1884,0.078553,-1.564,1017.838,31.6597,-6.7762,70.3929,11.973798,0.2798,8.58,9.34,3,True,rain,evening,street_level
118f79cf-e97b-45a7-bf87-f635f63c2a35,60.0,1013.837,-0.8594,0.567685,7.133,1014.696,29.3799,9.2242,34.2311,85.801076,0.7382,6.03,3.07,10,False,overcast,morning,above
1983ad13-f375-4e88-9960-51d55d732e96,60.0,1007.739,0.6049,0.427183,-5.021,1007.134,51.5463,0.3348,40.2522,112.782513,0.2972,32.05,1.66,15,False,clear,evening,underground
f848c1e8-78a5-43fb-90a8-88fe800b6f28,60.0,1015.401,-0.7674,0.251503,6.369,1016.168,17.8274,-14.6876,31.7687,46.764222,0.4726,25.59,12.87,0,True,rain,afternoon,above
065759c9-7764-4f92-917e-59937307effd,60.0,997.46,1.3004,0.66822,-10.794,996.159,31.6556,-52.2372,39.2935,42.495677,0.7646,1.0,5.79,8,False,clear,afternoon,underground
5f423871-6941-4453-8936-b2c29ab034ec,60.0,1009.791,0.0266,0.102389,-0.221,1009.764,11.7852,5.3868,62.9273,18.521005,0.6192,13.99,0.79,23,False,overcast,evening,street_level
c57dba90-f42a-4b2f-9a93-42e42a459615,60.0,998.506,0.2728,0.148189,-2.265,998.233,-4.0149,11.8897,56.7061,109.218377,0.591,67.79,5.8,2,True,overcast,morning,street_level
4a454af4-3957-4337-b0c6-24582b07e018,60.0,1010.549,0.1559,0.112504,-1.294,1010.393,39.351,-16.8537,19.239,79.829401,0.142,20.62,1.7,17,False,overcast,morning,street_level
814b4d39-3384-42ca-bbc9-6678fb968983,60.0,1004.411,2.2607,0.280773,-18.764,1002.15,9.3222,-12.169,20.2126,38.377273,0.76,9.17,1.02,16,False,overcast,afternoon,street_level
54034988-becd-4958-a86a-ba4122e08d1a,60.0,1010.282,1.502,0.367424,-12.466,1008.78,9.7693,0.8999,25.9331,42.191696,0.2302,69.06,13.01,0,True,clear,evening,underground
ac079e86-4993-4470-a186-0074e17ede27,60.0,993.729,-1.3013,0.286756,10.801,995.03,8.2691,-30.057,3.8785,30.285219,0.6069,6.28,3.08,9,False,clear,evening,above
8ab7f227-85f0-4636-b872-362789c4464d,60.0,1005.225,0.3945,0.526207,-3.274,1004.831,25.7974,-11.7689,51.282,97.808777,0.6276,37.62,4.95,0,True,rain,morning,underground
cda02971-847c-43b7-8499-a23dccea7ba9,60.0,994.808,0.1369,0.502897,-1.137,994.671,17.8796,-8.3112,28.3293,117.292172,0.8682,1.0,3.26,9,False,clear,afternoon,underground
d98192b2-b02b-4c24-bf24-87b8bd4d455a,60.0,999.074,-2.1289,0.569536,17.67,1001.203,19.7415,-13.1401,27.6204,17.234017,1.0,8.69,1.06,8,False,overcast,evening,street_level
8083f928-b1b7-428c-86ac-29a0ab0c8c25,60.0,1016.191,-0.2378,0.288773,1.973,1016.429,43.1064,-27.6055,51.7389,85.764275,1.0,14.81,1.28,13,False,rain,afternoon,above
56bfb4b9-16ca-4507-9b26-1e5a48b0f61e,60.0,1006.318,-0.7751,0.467941,6.433,1007.093,12.2817,-26.6572,48.2747,47.014866,0.6987,9.1,1.6,7,False,overcast,morning,above
e67ff265-c795-4d5d-ab19-d3762280b4d8,60.0,1010.939,1.2233,0.215694,-10.153,1009.716,40.6742,-19.7757,33.5537,75.135019,0.8586,95.85,11.47,0,True,overcast,morning,underground
136f8339-0d77-421a-9937-4c25ef1d19c6,60.0,994.832,0.3379,0.697868,-2.804,994.494,15.5477,-11.9318,38.2713,86.885069,0.7912,12.09,3.2,15,False,clear,morning,underground
e85bc579-e7ef-478a-bd39-576a52f49339,60.0,1007.007,-0.2023,0.42479,1.679,1007.209,37.3454,-2.8428,61.3475,37.055749,0.873,24.38,5.76,15,False,clear,evening,underground
1ae8fdbf-7288-4410-b366-2ed45d93c107,60.0,1015.615,-0.1053,0.053401,0.874,1015.721,5.9348,0.8698,47.6222,13.620193,0.9525,50.39,9.74,0,True,rain,morning,street_level
3aa7ca48-4789-4c59-88c0-2ef5c5bdc94a,60.0,1009.985,-0.0587,0.114953,0.487,1010.044,22.0611,-16.2139,48.231,66.466735,0.6389,17.11,2.65,23,False,rain,evening,street_level
d12add6f-866a-4a52-93b2-4297b49f21dd,60.0,1002.137,-0.2954,0.217225,2.452,1002.433,30.2852,-4.8182,54.2746,35.073058,0.4122,14.7,2.22,8,False,overcast,evening,above
88b0453f-10d3-457e-b76c-1ab30c23f256,60.0,996.196,0.0655,0.090722,-0.544,996.131,15.2522,-19.4041,32.9077,31.512116,0.7913,1.61,3.22,9,False,clear,evening,street_level
f892043d-9263-4418-bbbe-fe51e608019b,60.0,1006.648,-0.6297,0.556776,5.226,1007.277,42.7122,-9.1745,-0.1721,76.656781,0.2919,42.19,14.39,1,True,rain,afternoon,above
ed727084-f27a-4041-be49-d829f2e85154,60.0,1013.023,1.4717,0.578087,-12.215,1011.552,43.2712,-17.1577,26.5055,28.304312,0.4229,79.89,16.53,0,True,overcast,morning,underground
1801e8ae-44f2-4b70-8190-d88928b6f80d,60.0,1006.057,0.4341,0.138735,-3.603,1005.622,-2.5785,-5.8164,35.7059,79.60593,0.9202,23.59,6.17,3,False,rain,morning,underground
4dba2556-63fa-4e5e-82cb-0dde70f9f72f,60.0,1004.624,0.3722,0.100192,-3.089,1004.252,45.455,-20.4225,12.3682,51.744851,0.4482,8.19,1.41,15,False,clear,night,street_level
4242ef69-78f3-45c0-a015-7f7713a5ad7e,60.0,992.548,0.0444,0.213195,-0.369,992.503,24.0171,-25.5223,49.206,46.105795,0.6718,46.65,7.08,4,True,overcast,morning,above
008475a1-0fdc-4d3d-8267-9575451d1658,60.0,991.282,-0.7518,0.60443,6.24,992.033,12.8371,1.7552,40.1131,38.748478,0.5149,8.16,0.17,13,False,clear,evening,street_level
26f2e66d-669a-4e05-9fcf-3bcf62174499,60.0,996.313,0.4833,0.118302,-4.011,995.83,-3.9424,-5.4123,49.1545,39.490659,0.5278,88.02,9.72,1,True,rain,night,underground
72359fe4-b011-4c76-8f64-80f6fdc62359,60.0,1011.111,-1.015,0.197718,8.425,1012.126,30.7157,-15.597,39.6741,54.47985,0.6811,42.96,8.13,0,True,clear,morning,above
d8e4badc-56e2-42b6-bb61-15d442f116a4,60.0,993.177,0.9683,0.610201,-8.037,992.209,20.0729,8.1538,36.774,66.674524,0.481,51.87,12.87,0,True,overcast,evening,underground
f4055c65-38fb-48ad-9095-e9a14f609a0d,60.0,1005.002,1.1184,0.331924,-9.283,1003.884,27.8122,25.9103,39.7044,1.464573,1.0,80.61,10.99,0,True,overcast,evening,underground
81706999-6b65-4f79-a6f4-02c4c8193230,60.0,1012.698,0.9672,0.650239,-8.028,1011.73,19.6638,-29.2778,54.4695,19.509239,0.5914,1.0,5.89,4,True,overcast,evening,street_level
1775e672-fde0-44f7-b951-80cf24488019,60.0,994.197,-0.6443,0.04724,5.348,994.841,38.5288,3.3969,39.9262,27.037403,0.2293,16.31,1.27,19,False,overcast,evening,street_level
6ad39f3c-71b5-4d02-a732-40dc0eb59b9c,60.0,1009.148,-0.2818,0.69561,2.339,1009.43,7.7526,-8.1708,41.7782,91.762879,0.6593,23.2,3.83,8,False,clear,evening,underground
14227da4-b8a4-4b17-84be-907207eb8a62,60.0,1008.194,-0.0667,0.083631,0.554,1008.261,33.4642,-4.355,24.2364,102.967781,0.7042,57.84,14.44,0,True,clear,evening,street_level
e887b6cb-97e1-4301-bb6c-52ec800c7775,60.0,1006.121,-0.2931,0.684892,2.433,1006.415,44.5992,-18.5469,62.7849,84.365807,0.7861,31.23,12.38,0,True,overcast,afternoon,underground
a6709f82-4919-481c-9adc-c03504014af9,60.0,992.412,-0.6267,0.248266,5.202,993.038,33.9682,-16.3632,43.0397,13.142071,0.5969,57.85,1.78,1,True,overcast,night,street_level
2465ae89-3f19-4b3e-b7fe-32cc3fde4063,60.0,1002.922,-0.6222,0.156242,5.164,1003.544,28.3416,4.6006,66.3626,34.993767,0.7944,6.64,1.57,17,False,overcast,afternoon,above
50c792f3-70fc-4e17-a407-530985fd4df4,60.0,1009.952,1.3938,0.391389,-11.568,1008.559,42.3447,-34.776,34.621,59.327283,0.9679,93.37,13.44,0,True,clear,afternoon,underground
78366cfd-3ce7-4370-bd4a-6f5fa537f9d0,60.0,1015.595,0.131,0.307351,-1.087,1015.464,12.015,-17.0362,61.513,39.741284,0.9299,12.56,2.53,6,False,rain,evening,underground
5d5f86e2-9316-4b57-b407-2ab7f94734f3,60.0,1002.065,0.7201,0.340376,-5.977,1001.345,19.9748,9.7152,46.0417,94.720619,0.2549,75.38,10.02,0,True,overcast,afternoon,underground
86a0c9e0-6c2d-4c14-a056-b5db3468fdfb,60.0,997.096,0.0834,0.100838,-0.692,997.013,-8.2442,13.0114,19.4854,25.660341,0.2771,57.05,7.79,2,True,overcast,afternoon,street_level
62015b61-80c0-4a1a-8fda-0d40a6fac7f0,60.0,994.264,-1.1641,0.48546,9.662,995.428,14.8213,-33.266,27.4642,108.086597,0.5736,32.53,8.41,0,True,overcast,afternoon,above
ddb9bd21-c01d-4c6d-9d8a-bf82319de0ce,60.0,1006.798,0.0213,0.138729,-0.177,1006.776,8.6751,8.7922,40.1052,83.316868,0.8628,1.0,0.56,9,False,rain,afternoon,street_level
199fd385-8b9c-4a8c-bb86-e30825bd932b,60.0,997.907,-0.0527,0.623574,0.437,997.96,12.8784,-11.2367,58.6726,43.116765,0.5372,60.35,14.57,1,True,clear,afternoon,underground
f6f050d6-5ed3-4123-83e0-18c5e4a4f706,60.0,996.56,0.0501,0.19256,-0.416,996.51,33.3207,12.1896,17.5813,117.130598,0.6834,83.0,16.46,0,True,clear,morning,underground
ee0e3de1-3aca-4c74-8804-941060887d8d,60.0,991.4,-0.4365,0.078107,3.623,991.836,13.9634,-27.9123,27.922,38.741416,0.4819,10.85,2.01,15,False,rain,afternoon,street_level
fee27a67-807f-4d3c-98a4-0767f626298d,60.0,1004.402,-0.8172,0.495683,6.783,1005.219,28.7579,-25.1277,20.1557,48.634199,1.0,17.36,2.43,11,False,clear,evening,above
b8802b0b-ae5f-43ca-b682-421887a17984,60.0,995.67,0.419,0.5439,-3.477,995.251,-4.6422,5.7623,68.8009,57.529864,0.2719,1.0,6.31,0,False,rain,evening,underground
8d7914ec-8ec4-4b73-91f6-7f753c7936fa,60.0,1002.851,1.0324,0.688969,-8.569,1001.819,14.5995,-6.5715,35.8065,60.669546,0.6029,28.31,9.81,0,True,overcast,evening,underground
55848c13-5433-49e3-92c9-f489221b5711,60.0,1009.88,-0.1356,0.048446,1.125,1010.016,9.1147,-16.1554,22.9841,4.480883,0.5541,2.68,0.51,17,False,clear,morning,street_level
aaa08af9-63e5-4e49-b9a9-f2fd7ac1c8c9,60.0,992.312,1.449,0.48492,-12.026,990.863,37.7802,-0.4521,42.2363,17.098167,0.8249,4.49,1.88,12,False,clear,morning,street_level
786df252-d584-4a4f-ad74-7f50d308382d,60.0,1004.737,-0.9191,0.443324,7.629,1005.656,25.3622,-5.033,66.8181,113.616678,0.3807,7.48,3.03,19,False,overcast,evening,above
29892866-8062-403a-8d4a-19e14ee7855f,60.0,999.066,-1.6684,0.162708,13.848,1000.735,8.9931,-0.9866,40.64,90.193786,0.8772,14.4,1.04,15,False,overcast,afternoon,above
daf42a36-261b-4fc4-a8ae-6bd4bae99d6f,60.0,990.011,-1.0223,0.367485,8.485,991.034,27.2675,-6.5454,45.7217,64.179119,0.3742,20.53,6.76,4,True,clear,afternoon,above
61042595-c490-4b82-9fa9-306f9291e9e6,60.0,996.826,-1.0829,0.525554,8.988,997.909,4.8622,-3.7974,52.1355,28.981665,0.7339,3.49,2.51,14,False,clear,evening,above
8fe7254a-3f40-4ee9-aa8d-990e1a8d6b8d,60.0,1012.509,-0.4157,0.689336,3.45,1012.924,45.0929,-13.1455,47.973,11.295907,0.2346,4.92,0.15,15,False,overcast,night,street_level
cff4a9cc-fc6d-4134-ab30-a91136d580b5,60.0,1015.515,-0.0507,0.060147,0.421,1015.566,0.7496,-6.2419,42.0155,39.776941,0.5226,23.99,3.01,6,False,overcast,night,street_level
4a51d924-f22d-4ddc-b617-620c33ffefd6,60.0,1016.782,-0.4991,0.470961,4.142,1017.281,11.6164,-11.8928,43.2971,71.411293,0.5785,30.82,4.53,6,True,overcast,evening,above
aef2cccf-0e3a-40fe-b4af-42e42f77390b,60.0,1000.86,-0.2951,0.111596,2.45,1001.156,20.4216,-5.0134,24.1549,21.822466,0.9905,88.58,11.01,1,True,rain,night,street_level
ed2a0f08-3484-4215-a53b-bb4918666d38,60.0,996.929,0.4451,0.100529,-3.694,996.484,17.4146,-6.5923,22.6916,50.883885,0.575,50.64,15.28,0,True,clear,afternoon,underground
5d0762eb-b084-4975-bec4-a990f540bd92,60.0,992.638,-0.2367,0.016386,1.965,992.874,12.5238,-23.5698,54.2942,40.986665,0.6247,59.85,16.18,4,True,clear,morning,street_level
cfc29863-08f6-4bec-b9d7-60a54e1cd7f0,60.0,1011.114,0.0195,0.243265,-0.162,1011.094,20.714,-27.5074,62.355,39.158209,0.7546,69.66,13.12,0,True,clear,evening,underground
81440cf8-6c26-41e5-baf2-2ae4dbeb4d51,60.0,994.22,0.1279,0.611307,-1.062,994.092,56.406,-21.706,58.3913,68.812921,0.734,55.47,8.02,2,True,clear,afternoon,underground
14aa7223-3686-46fe-b828-e8f371c3767e,60.0,1011.621,0.2888,0.075984,-2.397,1011.332,22.8887,3.5646,32.6453,25.30781,0.5596,26.8,11.1,4,True,clear,afternoon,street_level
48c3f97c-1f97-4e99-bc33-d27e52c87f75,60.0,1005.828,0.808,0.37326,-6.706,1005.02,25.7227,-22.2759,22.9559,38.808402,0.987,54.44,13.55,0,True,overcast,night,underground
44279ea2-7384-413e-b7b6-e43da14ca52e,60.0,997.081,-1.3985,0.391736,11.607,998.479,3.9712,-40.6062,42.644,68.540025,0.3711,10.09,2.13,17,False,rain,night,above
1699375d-5e46-453a-89dd-86b214cb9af8,60.0,997.797,-0.1164,0.167432,0.966,997.914,29.1957,-10.947,5.7804,22.721542,0.4809,15.78,2.44,20,False,rain,night,street_level
8d88c1d5-2399-4f8d-a4cd-71781011c292,60.0,1010.674,0.2445,0.13934,-2.029,1010.43,5.9261,-30.3739,47.3939,43.023439,0.6806,56.54,8.11,0,True,overcast,night,street_level
2d1a036e-60d3-4893-a4b7-9deb51db26cb,60.0,1004.67,-0.8968,0.291373,7.443,1005.566,34.3105,-17.1171,35.9214,45.587089,0.3577,20.19,8.97,3,True,rain,night,above
7e03c8bf-7602-4e22-89d7-f03558717797,60.0,989.262,-0.7433,0.580999,6.169,990.005,9.7088,-4.6366,11.2511,85.265169,0.7576,8.12,0.14,19,False,overcast,morning,above
688b6f6a-4776-43e0-bedf-030e841cdeb7,60.0,1016.558,-1.3186,0.23342,10.944,1017.876,49.4144,-7.738,35.7831,78.080811,0.4803,57.09,8.59,3,True,clear,night,above
7d81803f-cf13-4542-b757-b751d5e03802,60.0,1009.819,0.6102,0.191339,-5.065,1009.209,32.8911,0.8229,41.2086,86.885582,0.6736,20.6,2.82,6,False,clear,afternoon,underground
78111afa-d36a-4321-ba4f-050537417903,60.0,1012.859,-1.092,0.398386,9.063,1013.951,10.266,-14.9507,20.2684,62.944509,0.5389,8.95,3.25,17,False,overcast,night,above
ee8b2228-7a1a-4e21-b311-4e9ef5bdcdac,60.0,1003.484,-0.2478,0.340856,2.057,1003.732,11.4834,-29.7711,32.8658,42.83338,0.7709,16.34,2.27,13,False,clear,night,above
067bfd8b-cf5e-4062-9660-865367d0a65b,60.0,999.45,-1.1406,0.548083,9.467,1000.591,28.7852,-1.9772,49.2578,106.597201,0.7514,16.89,-0.67,17,False,overcast,morning,above
d0fa77cf-16d7-47b1-a81a-c1910bab6f53,60.0,1013.247,-0.4161,0.074734,3.453,1013.663,14.9539,-24.4704,27.6569,15.106457,0.1368,16.66,2.12,14,False,rain,night,street_level
1f7cd36e-ea55-42f6-b618-fb7239b432dd,60.0,1003.839,-0.1159,0.616477,0.962,1003.955,25.7766,-5.7863,53.1029,74.755788,0.691,60.47,7.79,1,True,rain,evening,underground
78df9be0-7cb9-4365-8412-08fe18392d7a,60.0,992.27,1.2862,0.504448,-10.675,990.984,22.061,9.6809,19.8789,72.511308,0.5009,40.28,11.04,0,True,clear,night,underground
daffd9c1-29c1-461b-8a5d-710ff864cc4e,60.0,1016.045,1.248,0.286455,-10.358,1014.797,42.7478,-23.6212,53.4606,32.36087,0.5003,65.95,15.67,0,True,overcast,morning,underground
1f9b8af2-f242-4019-8497-c56e9a772185,60.0,1009.121,-0.3338,0.191928,2.771,1009.455,28.5936,8.817,43.177,75.132131,1.0,68.74,9.9,1,True,overcast,afternoon,above
b80bb0fb-c6ef-4946-ad01-8b224e394f0a,60.0,1014.461,0.0229,0.377488,-0.19,1014.438,22.7427,6.4757,32.1968,64.436678,0.6926,27.22,7.46,4,False,overcast,night,underground
4464d23f-62e9-4d6d-a39a-10fc9a76d618,60.0,994.629,-0.2687,0.056137,2.23,994.898,9.5857,-5.0965,27.5072,8.431351,0.5839,39.99,4.22,1,True,overcast,morning,street_level
230abcb2-e0a5-40fe-9966-e0ab21d1278d,60.0,1011.311,0.413,0.289884,-3.428,1010.898,37.423,-46.9093,34.2441,33.921243,0.3796,13.36,1.71,10,False,overcast,afternoon,street_level
bee3f038-352e-4051-a2e0-752da94c25f3,60.0,996.895,-0.0259,0.480765,0.215,996.921,6.2569,-23.406,32.5661,39.42356,0.3603,8.21,4.46,10,False,rain,evening,underground
a47fe392-18da-4190-bdd2-6608eb767049,60.0,1006.914,0.7464,0.543796,-6.195,1006.168,46.0096,-25.0962,53.0246,-1.021063,0.4793,51.79,10.91,0,True,clear,afternoon,underground
650dbb61-6d2f-4ea8-94d6-06beb1050b8d,60.0,999.706,0.6101,0.207298,-5.064,999.096,35.7016,-26.5009,33.3668,68.007717,0.6022,66.44,14.72,0,True,overcast,afternoon,underground
35bba690-abe4-41df-a225-ad98c794cf98,60.0,1008.449,0.1639,0.177413,-1.36,1008.285,20.7576,-10.0918,46.0502,77.038575,0.4011,1.0,4.06,0,False,clear,evening,underground
bb4fd67d-e522-4c0c-8a5f-f12a082ae8da,60.0,1011.291,0.4689,0.508583,-3.892,1010.822,8.4349,-11.4313,60.2568,49.216296,0.6841,9.05,3.12,14,False,overcast,afternoon,underground
9e79f4ab-9b8f-4201-9f75-a7f52e4e9c76,60.0,994.047,-1.0246,0.165927,8.504,995.072,47.0548,-7.7309,55.6805,73.93214,0.6388,3.84,3.36,9,False,overcast,morning,above
cc62387b-12d3-4b0c-a5da-c4202fe07aac,60.0,1011.05,0.0661,0.109073,-0.549,1010.984,61.0084,-12.5831,14.8241,48.699017,0.42,53.6,10.45,2,True,clear,night,street_level
abc1878e-40e1-4ca7-9d02-b188c4c71435,60.0,1007.831,-0.1239,0.369592,1.028,1007.954,6.7864,-21.4791,29.8769,-21.333852,0.7461,30.21,8.75,0,True,rain,morning,above
3862b468-928b-45b4-93a2-6a39ee13a757,60.0,1009.467,-1.1252,0.411962,9.34,1010.592,27.3054,-41.1821,71.3929,90.928534,0.3993,14.95,0.22,13,False,overcast,night,above
7b506bfc-7ac5-46ff-9cc8-f621e560bbe9,60.0,1011.063,-0.8651,0.152646,7.181,1011.928,24.9864,-36.3215,25.8423,84.760504,0.3693,42.29,11.28,0,True,overcast,afternoon,above
ccffd8f2-0838-4014-9e14-7cd55eaf2ec4,60.0,1008.201,-0.1539,0.203331,1.277,1008.355,17.7075,-29.0893,32.9343,101.266538,0.47,31.49,8.59,0,True,overcast,night,underground
80400cbf-5011-4a8d-a496-cfb4f6b6762d,60.0,994.04,0.7026,0.513085,-5.831,993.338,20.5525,12.6672,40.0844,69.294018,0.0,41.58,5.73,6,True,clear,evening,street_level
1d0ce8b0-bbfe-47fd-bf98-7ac88c31224e,60.0,993.278,0.0463,0.442641,-0.384,993.232,32.7491,-39.377,44.3891,75.692436,0.7995,11.88,0.66,10,False,overcast,afternoon,above
521b4452-cbc8-41fe-b317-6fcc036f1408,60.0,996.118,-0.1977,0.045798,1.641,996.316,45.7699,2.849,27.0988,67.401891,0.0,39.36,8.17,2,True,clear,afternoon,street_level
b3d3ede0-9049-410f-a035-d183fa17f248,60.0,1015.198,-0.892,0.302879,7.404,1016.09,0.8816,-19.3899,13.0847,80.961054,0.6474,15.61,1.93,13,False,clear,night,above
ddbe694e-f0ec-4945-a66e-d668198ab47d,60.0,997.804,0.7893,0.687668,-6.551,997.015,21.9684,-24.6114,57.1244,36.930867,0.6335,26.35,6.49,10,False,rain,night,underground
32380e6a-9464-4915-9bcd-a5c8ba29fdd1,60.0,1009.462,1.0222,0.257005,-8.484,1008.44,9.3261,-3.1862,31.8077,83.727663,0.6316,55.02,16.31,0,True,overcast,afternoon,underground
53da8759-ed17-4152-82f2-7e6537f8099c,60.0,1009.498,-0.1168,0.107631,0.97,1009.614,20.0248,4.1553,39.0268,35.446816,0.3985,15.09,2.73,9,False,clear,afternoon,street_level
2cdcfc06-c3fc-47eb-8f05-9091e80a5454,60.0,1010.732,-0.2281,0.087991,1.893,1010.96,17.0373,-31.8894,46.6342,73.010924,0.2003,1.0,2.75,7,False,overcast,evening,street_level
657a1872-257b-4886-9388-0a58b383fd12,60.0,1017.425,1.2622,0.649586,-10.476,1016.163,14.1837,14.2427,48.6501,4.606162,0.7726,34.04,15.73,1,True,rain,night,street_level
ebe7ab76-addd-475a-95a9-ed33ad5f24ad,60.0,998.086,0.1374,0.496086,-1.141,997.949,15.9823,-5.8352,15.8278,55.005641,0.6272,15.01,3.12,13,False,overcast,morning,underground
43b17af4-64ef-4706-b806-1cea5d148efe,60.0,991.663,-0.8672,0.480674,7.198,992.53,20.2392,-8.6838,44.4833,51.630802,1.0,8.22,1.38,18,False,rain,afternoon,above
1bbda942-9803-4b76-b98d-2f3094cfffb7,60.0,999.911,0.0919,0.044127,-0.763,999.819,3.843,-19.3898,52.2388,45.768669,0.2749,16.76,2.83,24,False,overcast,night,street_level
5b122305-2654-4010-b452-6c9956313f36,60.0,992.468,0.5254,0.288522,-4.361,991.942,4.3044,-15.154,48.0064,47.703523,0.8452,21.2,6.0,2,False,rain,night,underground
673c7bf8-9d4f-45c8-87b8-80666423d33f,60.0,999.193,-0.7041,0.10124,5.844,999.897,6.8818,7.7567,55.5434,7.354933,0.3812,40.13,6.47,0,True,overcast,morning,street_level
c2ce214a-0018-4cde-9518-b6dde7e85443,60.0,1011.911,0.0719,0.028887,-0.597,1011.839,34.9686,-20.6404,48.1142,8.456283,0.6104,38.16,2.74,3,True,overcast,evening,street_level
c236874a-645f-4b3c-8fbb-b2006209d31f,60.0,991.343,-1.6242,0.313046,13.481,992.967,0.8591,-22.9893,41.4092,60.379892,0.6518,43.01,13.78,2,True,overcast,afternoon,above
e7f0ad9d-1fd0-4408-8b03-78899f30133a,60.0,1008.009,0.0772,0.037961,-0.641,1007.932,38.4659,-6.7908,31.4449,23.1998,0.755,15.84,5.65,4,True,clear,afternoon,street_level
d9596cf4-e086-4925-9aa5-176a12b8c790,60.0,1015.886,-0.1699,0.103481,1.41,1016.056,24.0652,-4.3042,33.8919,63.732021,0.3372,17.47,2.25,14,False,overcast,evening,street_level
8a390245-efd1-41fc-89c7-24e9729da227,60.0,994.804,-0.7051,0.082649,5.852,995.509,-0.2649,-19.2989,75.7697,35.348868,0.5857,1.0,1.05,12,False,clear,morning,street_level
3c271a1b-b0c9-43a4-9f26-d3e3bf80b896,60.0,999.293,-1.5502,0.123451,12.867,1000.843,4.9554,2.6119,25.626,44.627041,0.5892,6.41,3.06,14,False,overcast,evening,above
114c8ed8-8cce-4942-988c-0c4e80df82fe,60.0,990.774,-0.0742,0.658643,0.616,990.848,9.4355,-9.8182,38.7122,117.681611,0.3345,65.7,14.44,0,True,clear,morning,underground
5e7a5919-e0a0-4538-9e56-c82106b6a580,60.0,992.498,0.0228,0.11998,-0.189,992.475,23.6218,1.1909,17.0926,32.116528,0.4091,14.69,1.47,12,False,rain,afternoon,street_level
c78d8536-91c5-4059-b471-879f522b1da3,60.0,1000.056,0.4647,0.096507,-3.857,999.591,27.4123,-21.1425,52.5848,21.637801,0.8206,44.35,7.97,3,True,overcast,evening,street_level
7ecd59a0-d04c-4d88-a52b-0c791f9fc9a4,60.0,1010.154,-0.751,0.428729,6.233,1010.905,11.4005,12.3437,18.0645,72.237635,0.7586,58.97,9.21,7,True,overcast,afternoon,above
5e0adef1-b2d7-4b0c-b1d5-a282674e2894,60.0,999.007,0.0745,0.12599,-0.618,998.932,24.0153,-8.5603,37.8656,46.869442,0.3728,40.08,6.6,4,False,overcast,evening,underground
6ae73d8b-4bca-4366-83af-7a89e09ce282,60.0,1007.998,-0.2109,0.089262,1.751,1008.209,31.9244,-33.2668,38.7316,33.222483,0.1305,14.66,2.81,21,False,clear,evening,street_level
80661d71-eed7-4b37-b049-1acb93fcaa6a,60.0,1016.474,1.7724,0.451787,-14.711,1014.702,21.5963,-7.8996,47.9068,67.665022,0.6162,62.68,9.55,0,True,rain,night,underground
8070cd72-abd5-4b6c-9aca-2d4b3e9b340e,60.0,995.508,-0.9389,0.709705,7.793,996.446,-1.6622,2.7503,52.4169,30.001661,0.3674,43.19,7.49,4,True,rain,morning,street_level
1d61e173-b5b7-4c67-b855-d4bbfd361ea0,60.0,991.42,1.1783,0.578467,-9.78,990.242,23.8425,-28.0397,72.2899,40.262499,0.5624,3.66,3.39,11,False,rain,afternoon,underground
c1e6b925-7d82-438e-a131-c038e2f51622,60.0,1012.472,0.1598,0.112178,-1.327,1012.312,10.0217,6.6305,61.1124,25.67785,0.4175,20.93,1.91,18,False,overcast,evening,street_level
58ca9a7d-2fa4-48f6-9fe5-f4686aa98960,60.0,1013.83,0.1694,0.289133,-1.406,1013.66,37.935,-10.1286,55.1255,77.932347,0.592,20.02,4.62,9,False,overcast,night,underground
3710f7b9-f325-4ee0-8d05-bd58506b6a46,60.0,1016.96,-0.7132,0.531442,5.92,1017.673,17.7242,32.9312,29.6033,53.245848,0.5241,58.53,6.59,5,True,clear,afternoon,above
62bf1bae-d2e3-4f7f-b846-4d02d4b56d3b,60.0,992.778,-0.3315,0.209841,2.751,993.11,6.2341,-21.8332,9.4982,79.657993,0.8362,3.04,2.58,14,False,clear,morning,above
5ff944be-c90a-4e3f-848d-f574ec6323c5,60.0,1005.887,-0.7464,0.558855,6.195,1006.634,10.1397,10.9891,53.4779,50.649441,0.8787,7.52,1.64,12,False,overcast,morning,above
8a12bca2-f56d-48c6-a93b-f31db2516bab,60.0,1014.664,-0.011,0.534289,0.091,1014.675,51.0802,-18.9635,46.4467,76.985189,0.3235,62.12,15.28,1,True,overcast,evening,underground
0fc6d918-012e-490d-bbec-c2829b4bf542,60.0,1008.53,1.3368,0.311952,-11.095,1007.193,1.6338,-16.0431,17.8118,24.853828,0.908,22.26,6.88,14,False,overcast,evening,underground
cab2c364-020a-4bf9-9df7-f5681177c3ef,60.0,1012.698,0.1963,0.160807,-1.629,1012.502,3.2177,5.2641,44.543,83.627144,0.541,70.49,13.15,0,True,overcast,evening,underground
31fc178e-70df-4317-965d-787ef6a1eb66,60.0,1001.936,-0.1071,0.012048,0.889,1002.043,3.3156,-21.651,35.451,82.58494,0.2745,59.13,3.04,0,True,overcast,night,street_level
9e86b4ac-d582-43ae-bbce-8f73c520c895,60.0,999.925,-0.1782,0.134856,1.479,1000.104,32.1829,-20.2317,44.7239,56.284187,0.8464,57.71,8.16,4,True,overcast,night,above
a2b55fbf-d6f2-40a9-8f27-f9c7e595250a,60.0,1017.581,0.7569,0.51026,-6.282,1016.824,11.6202,-13.6351,53.0005,73.602322,0.45,1.94,4.45,15,False,clear,afternoon,underground
09e96597-0ebe-4288-aa02-558602f510f5,60.0,1012.983,-0.643,0.256269,5.337,1013.626,38.8124,5.1083,19.4215,37.304281,0.5513,51.48,8.43,0,True,rain,afternoon,above
1e87d88a-55d7-449d-87df-8cbc63eb4120,60.0,1006.661,0.0425,0.139859,-0.353,1006.618,-27.3863,8.5118,37.8009,28.210569,0.5659,13.08,0.95,7,False,clear,morning,street_level
50e13ead-88e2-4eb6-8e6c-0dfac10cb55e,60.0,998.794,-0.1218,0.170162,1.011,998.916,17.2348,-9.0117,34.164,73.056214,0.4277,13.74,5.94,10,False,overcast,morning,underground
fa68ef7b-5ad3-4b1d-bab2-defb82a08c51,60.0,1004.805,-1.9219,0.545396,15.952,1006.727,24.3618,11.657,57.5195,87.113875,0.7536,41.76,7.18,3,True,clear,night,above
6126b5c8-2fbb-47b2-a2db-2ecdfefd24b3,60.0,993.877,0.9699,0.448892,-8.05,992.907,35.4224,-6.4096,51.1162,109.266539,0.2932,1.71,1.3,11,False,clear,evening,underground
0e322bcc-ba01-457d-a290-ff05ebf3c291,60.0,999.246,0.4382,0.179519,-3.637,998.807,30.0409,-2.2326,52.4353,83.700715,0.5637,46.54,14.84,0,True,overcast,afternoon,underground
2638697e-d5a5-4770-a404-5838fe8e3204,60.0,1006.156,-0.0722,0.053749,0.599,1006.229,33.4936,-0.797,22.8643,56.17371,1.0,9.91,1.47,8,False,overcast,afternoon,street_level
3e0bcbb7-162b-40f7-8180-9f12e0c51326,60.0,1014.969,-0.9848,0.378952,8.174,1015.954,36.6047,-39.2869,36.4228,57.749036,0.0864,47.8,9.45,2,True,rain,evening,above
bf1cbd12-1a66-4635-b38a-9c722fb0a087,60.0,991.369,1.2746,0.682611,-10.579,990.094,11.1853,-18.4507,53.2252,47.83103,0.7105,58.95,9.23,6,True,rain,evening,street_level
10a4c8bb-6a44-4eb0-9105-a993ce5e78a3,60.0,1000.964,-0.9739,0.322647,8.083,1001.937,28.392,-5.791,18.1411,100.36715,0.9905,1.68,2.67,13,False,overcast,evening,above
66a566e9-a5c8-45c4-8a54-e7a3628b7a89,60.0,1011.237,0.2667,0.140326,-2.213,1010.97,14.1521,-23.5139,34.2326,3.10432,0.8434,56.15,3.01,3,True,clear,evening,street_level
ca051b00-80a3-48dc-99d4-4a0cc30e9aaf,60.0,1003.788,0.7666,0.18927,-6.363,1003.022,25.468,-31.0995,52.6564,13.005254,0.7382,60.01,14.5,0,True,rain,morning,underground
7f109ded-c4cd-4d24-913d-d7e3a090c90d,60.0,992.937,0.4724,0.074125,-3.921,992.465,35.559,-19.1977,55.7518,8.460787,0.5237,53.62,4.81,0,True,clear,evening,street_level
619d345e-f798-4279-b686-543f0376fb2a,60.0,1006.962,1.0552,0.630686,-8.758,1005.907,32.6613,4.0804,34.8664,85.492655,0.7928,22.6,3.68,8,False,overcast,night,underground
fefbb835-5aae-4ed1-b673-5046c6e41b31,60.0,998.995,-0.0605,0.584598,0.502,999.056,38.8926,15.6935,19.1144,79.700481,0.6632,110.21,15.35,0,True,clear,afternoon,underground
aefde144-452c-4104-b8d1-9337d428a7a5,60.0,1009.736,1.3216,0.388267,-10.969,1008.414,22.1948,-35.5035,46.7975,78.489965,0.6131,19.48,4.11,5,False,clear,night,underground
97a6f22f-970c-406b-bfba-449a0808e5b2,60.0,999.75,-0.5951,0.250986,4.939,1000.345,17.7698,8.5911,19.0274,24.44723,0.7143,58.07,6.98,1,True,rain,night,above
6000e619-ae05-4adb-ac03-234eff496df3,60.0,1012.527,-0.2648,0.40593,2.198,1012.792,2.7272,-8.947,30.4617,42.065667,0.8511,27.28,2.7,9,False,overcast,morning,underground
80570cca-8c72-4678-be87-1e9a327a4af3,60.0,990.876,-0.9136,0.143193,7.583,991.79,37.8293,-27.564,41.2602,105.306753,0.8726,56.86,5.06,0,True,rain,evening,above
6b839110-a070-4d47-8c52-581d8dd69423,60.0,989.994,-0.6678,0.481668,5.543,990.662,-0.0453,-18.3049,26.3055,61.517791,0.4771,38.97,8.52,5,True,overcast,morning,above
660b8506-b5fd-4dc1-a0bb-14c3ec547a42,60.0,1008.097,0.2003,0.145186,-1.663,1007.897,14.4802,-1.4608,46.9913,36.597327,0.6277,12.02,4.73,15,False,overcast,evening,street_level
03b339f2-0d75-477c-bec0-895930911a9c,60.0,994.643,0.7006,0.270936,-5.815,993.942,31.218,22.3471,46.0853,57.055591,0.7457,91.74,11.76,0,True,clear,afternoon,underground
9af4eddb-d613-41ea-be62-96f4bcaa5cd9,60.0,998.937,-0.2663,0.509999,2.21,999.203,7.244,-9.2662,55.3014,72.694441,0.7041,22.65,5.06,6,False,clear,evening,underground
a27899c4-88ec-4c42-8538-823a52afb2c2,60.0,1002.078,0.8426,0.437988,-6.993,1001.236,19.5579,-10.956,36.192,86.834978,1.0,74.14,10.45,0,True,overcast,afternoon,underground
03d96ef1-92be-49f7-8546-cc32d0909c64,60.0,993.595,-1.4584,0.205442,12.105,995.053,2.6974,12.2773,39.9131,41.818165,0.1584,39.25,5.42,3,True,overcast,night,above
6d26b656-e2cb-4022-bb2f-fc6aac9ea82c,60.0,998.508,-0.2486,0.083071,2.063,998.756,35.3815,-2.3234,57.7824,38.06231,0.435,3.4,9.32,1,True,overcast,morning,street_level
4fdd3cd3-711b-4057-9d49-48b1973f7680,60.0,1010.416,0.8965,0.666941,-7.441,1009.519,21.4051,-8.1401,43.3885,120.768487,0.8389,18.72,5.06,10,False,overcast,evening,underground
2d2413bf-9283-4a73-85bc-fa08b6c700e9,60.0,989.098,-1.4313,0.205105,11.88,990.529,29.4321,-9.6867,33.2863,71.74461,0.7157,55.01,9.53,0,True,clear,evening,above
33188246-d3cc-4212-a30d-63c89b772bcf,60.0,1012.885,1.2159,0.519959,-10.092,1011.669,-1.0365,-50.0452,31.0607,134.159139,0.6707,64.86,6.12,0,True,clear,night,underground
2500bcbe-c927-4b12-8665-d3ef9a16d076,60.0,1001.9,-0.0041,0.148439,0.034,1001.904,22.3698,14.761,31.7768,23.182785,0.1803,10.06,1.18,17,False,rain,night,street_level
ad641338-9ef9-4db7-9b38-3db73c70b0a2,60.0,998.773,0.7487,0.516163,-6.214,998.024,-0.0558,-21.0451,10.6872,59.619684,0.6832,36.53,12.51,0,True,clear,evening,underground
5e61fd2b-ca86-4ff9-a080-acb8328089b5,60.0,1002.805,-0.0986,0.032781,0.818,1002.903,7.4821,0.2947,36.6015,31.656405,0.4768,44.33,13.15,0,True,clear,evening,street_level
7359a359-e7ae-4100-b00e-6163419758ac,60.0,1000.236,0.1303,0.021773,-1.082,1000.106,-1.1164,13.8894,48.2607,8.30365,0.4841,42.39,6.3,1,True,clear,morning,street_level
f23c881e-849a-43c0-90bd-d067394acd87,60.0,1008.287,1.3367,0.191901,-11.095,1006.95,20.9355,-19.5334,64.1962,70.390023,0.366,13.98,2.6,7,False,overcast,morning,underground
036cae22-2a1f-4622-8fcf-77f560203058,60.0,993.123,0.2348,0.108447,-1.949,992.888,23.7037,-3.7297,22.3438,64.889935,0.4956,34.0,-1.34,4,False,overcast,afternoon,underground
65d0f215-f099-472f-8222-976a1d6c7178,60.0,1008.346,-0.0831,0.019674,0.69,1008.429,-10.4541,-3.1973,56.4472,34.114371,0.4235,58.26,6.79,3,True,rain,night,street_level
38c24204-062d-4fa5-afb4-bd40d737e2bb,60.0,990.591,-1.1097,0.399096,9.21,991.701,19.4621,-4.0853,30.6759,52.412523,0.845,17.15,2.4,19,False,overcast,evening,above
52cfc1fd-cf7d-45aa-a914-f4aa2963c8df,60.0,1016.066,-0.3375,0.43147,2.801,1016.403,40.7509,-20.501,-0.0872,18.764038,1.0,93.37,8.74,0,True,clear,morning,underground
52520f98-b2f5-4a48-8848-b7cbb646f2a9,60.0,1012.186,-0.8493,0.14568,7.049,1013.035,22.4212,-7.6323,30.7559,56.598026,0.4702,6.64,2.73,11,False,overcast,afternoon,above
324086e9-56bb-4382-a420-78554a39e06c,60.0,1005.289,0.1657,0.045022,-1.375,1005.124,59.0275,-2.3159,70.0153,72.097288,0.4491,34.28,7.57,1,True,overcast,morning,street_level
f1b9112b-507c-488c-a5bc-4073d650a26d,60.0,1002.092,0.9433,0.185476,-7.829,1001.149,-6.0785,-23.5398,32.8366,78.328051,0.7507,32.26,3.73,16,False,rain,morning,underground
dbed1e87-c1e2-43b9-bd4a-28a9df30c3fe,60.0,1011.547,0.6439,0.490614,-5.344,1010.903,18.9622,-22.28,43.9767,38.31783,0.8043,31.56,0.67,19,False,rain,morning,street_level
3d26d21e-8c34-47d9-968e-6e6681d2d736,60.0,1014.131,-0.7206,0.571012,5.981,1014.851,30.0091,-0.0659,46.4139,79.426102,0.6527,36.42,6.22,3,True,overcast,morning,above
77b4142e-3caf-4ef0-a357-1f5511b8eaff,60.0,1010.729,1.0578,0.472127,-8.78,1009.671,-2.8734,-0.5888,50.9203,42.843918,0.6425,16.69,2.11,5,False,rain,morning,underground
1d653524-cc2f-4531-ab52-fefa2267a78a,60.0,993.396,0.4772,0.076423,-3.961,992.919,16.5667,-39.7086,24.1752,15.294925,0.9416,73.89,5.99,0,True,overcast,evening,street_level
e3c72b02-e772-496b-9cad-7220ebd40076,60.0,1007.108,-0.0479,0.065642,0.398,1007.156,0.332,23.0569,29.2409,52.291268,0.4213,1.0,5.1,3,True,overcast,evening,street_level
ed547694-5f14-47b8-9df7-daf53317771a,60.0,995.881,-1.1719,0.161645,9.727,997.053,23.1986,5.2225,40.6581,74.862146,0.2897,43.21,7.42,0,True,clear,evening,above
a02ee38c-07be-43e4-b069-e4bbddb1f3cb,60.0,1014.413,0.1389,0.10321,-1.153,1014.274,21.6197,4.9541,22.3753,19.9128,0.0158,5.46,1.91,7,False,clear,evening,street_level
eb969280-e0a9-42aa-88be-0c9a5fe37a97,60.0,1004.033,-0.2166,0.413702,1.798,1004.25,17.1259,-3.7683,41.7967,87.246236,0.4661,36.3,3.74,12,False,overcast,evening,underground
ab94f9b7-173b-45ab-9a11-2de446989fdf,60.0,999.274,1.3186,0.430718,-10.944,997.955,20.6675,0.3031,51.9553,73.21404,0.9233,37.21,11.47,0,True,overcast,morning,underground
fe82a51c-e7ed-4688-8afd-6f70e0a2dd4f,60.0,1007.784,-0.2291,0.504088,1.901,1008.013,14.7745,0.1641,36.003,55.02194,0.8617,5.5,2.02,1,False,clear,afternoon,underground
cb6e84ce-451b-48e3-9a0f-01b45d5baf87,60.0,999.86,0.4849,0.457046,-4.025,999.375,26.9546,-36.5604,47.779,61.584234,1.0,56.65,11.48,0,True,clear,morning,underground
6d1373c6-12ee-49f1-bdcf-32a72bfeffad,60.0,1015.655,-0.461,0.535475,3.826,1016.116,23.9245,19.8947,45.9024,96.139706,0.4276,5.27,2.43,12,False,overcast,morning,above
c0f9fd3d-6144-4e42-9c94-5ff1aed83daa,60.0,1011.728,1.3405,0.345366,-11.126,1010.387,25.09,-5.2921,25.1049,31.021937,0.9279,6.49,3.04,2,False,overcast,evening,street_level
aae40084-36a9-49f8-86e5-664d43d5328b,60.0,992.584,-0.3789,0.592794,3.145,992.963,24.0643,-3.6226,30.2628,102.318884,0.2673,31.98,7.79,2,True,rain,evening,above
014e2a2d-fafe-434c-a51f-401325390293,60.0,1015.132,-1.7327,0.341358,14.381,1016.864,24.3478,-32.0862,59.8124,27.657921,0.5183,1.76,15.35,2,True,overcast,evening,street_level
7e53ea87-51dc-44c9-9cdb-1de7bf7f2945,60.0,1013.666,-0.2046,0.137995,1.698,1013.871,-5.9089,10.2616,54.2629,49.707448,0.8738,49.99,11.67,4,True,clear,afternoon,above
048b45ea-7273-4492-a2f6-9652706b6fa0,60.0,1012.791,-0.2341,0.071772,1.943,1013.025,8.8228,0.3088,50.418,27.852044,1.0,10.76,1.64,14,False,rain,evening,street_level
bc3adf8e-294d-4ebe-bf3a-15cb8c6a12a2,60.0,1016.004,-1.1295,0.405613,9.375,1017.133,2.0206,-10.0386,53.0699,78.724613,0.2123,10.48,1.74,18,False,rain,morning,above
ac0cc9a1-447d-4d6c-9b8d-057a421bb8ce,60.0,1001.444,-0.1599,0.118785,1.327,1001.604,12.167,9.4756,26.0326,4.477481,0.8909,46.5,5.51,4,True,clear,night,street_level
7ab18842-9b71-4531-9267-bf99bc52b585,60.0,1004.058,-1.0486,0.281713,8.703,1005.107,39.9547,-9.4506,55.0437,60.600542,0.3286,1.0,1.73,15,False,clear,morning,above
f4adfa0b-31e4-48aa-ad75-b58087cf371e,60.0,996.515,0.2228,0.409352,-1.849,996.292,13.7321,-28.583,19.5261,104.01528,0.5944,54.37,17.89,0,True,clear,morning,underground
62b900b5-245e-4e12-b8df-c7b22f7309be,60.0,1016.848,1.1995,0.244448,-9.956,1015.648,47.8947,-24.0561,39.9946,50.600316,0.6961,29.35,13.31,0,True,rain,afternoon,underground
0b618027-c023-483d-8309-988114eace8e,60.0,991.771,-0.3297,0.136338,2.737,992.101,-4.987,-12.9278,46.148,61.941724,0.7158,17.81,1.45,12,False,overcast,night,above
86f94bec-659a-45e2-a2cf-44d1bb633da4,60.0,1011.653,-0.5993,0.551514,4.974,1012.252,45.8642,1.981,48.1751,68.068946,0.5083,6.72,2.16,13,False,rain,evening,above
a81e337a-ea50-4243-8431-2ef3d16981ef,60.0,998.78,-0.2608,0.678179,2.164,999.041,16.1831,-12.7822,52.4916,63.12539,0.6933,12.08,3.66,8,False,clear,morning,underground
b1870a73-9ff6-4be9-8613-093df57c2897,60.0,1014.402,0.9727,0.258931,-8.073,1013.43,26.5749,-2.5452,38.8934,48.984605,1.0,39.52,3.34,4,False,overcast,afternoon,underground
4c90b9b4-8be7-443b-ae45-84a33ff8df94,60.0,1012.922,-1.8357,0.076392,15.236,1014.757,9.6529,2.1044,50.5487,34.335504,0.8282,79.34,12.48,6,True,overcast,night,street_level
73178d8e-6d35-419e-9c6a-f9cb37fe84a2,60.0,1005.028,0.9639,0.118476,-8.001,1004.064,31.4481,-25.0995,67.8761,49.60088,0.5232,8.52,1.26,2,False,rain,evening,street_level
d5b7195a-9ca9-45cf-a149-95f28304e6b3,60.0,1011.585,-1.1394,0.427367,9.457,1012.725,14.5957,13.262,79.127,26.799031,0.4743,12.88,2.15,15,False,overcast,night,above
4ca6803e-6e0e-4a34-93f6-d6d95d48414f,60.0,1017.758,0.8312,0.516694,-6.899,1016.927,8.3316,1.0558,47.5067,54.68245,0.4981,33.47,12.93,0,True,clear,afternoon,underground
f75cc273-9c63-412d-8976-2ae605160fec,60.0,1016.157,0.0346,0.144088,-0.287,1016.122,8.3614,-0.5465,51.238,77.724496,0.1874,16.43,3.19,19,False,overcast,evening,street_level
9e7a538b-2962-40ce-a5a9-10086222e66d,60.0,1010.12,1.1697,0.464314,-9.708,1008.951,33.8451,-14.6172,30.3052,63.400393,0.6041,38.1,8.05,0,True,rain,afternoon,underground
d53052cd-cfeb-4f92-9a0d-f141b92fef05,60.0,991.076,-1.0535,0.129688,8.744,992.13,30.4281,5.3347,32.1289,87.188212,0.2702,47.52,3.75,1,True,overcast,evening,above
3e0592d5-2a1e-484d-b8ca-909c40e5e501,60.0,998.797,-0.1278,0.211183,1.061,998.925,33.2454,-18.792,36.1365,52.08182,0.6361,75.31,15.28,0,True,rain,night,underground
db9738a2-0e75-4b3c-9434-286cdc3b4277,60.0,1004.539,-0.4548,0.326201,3.775,1004.994,38.4447,-29.2276,61.1653,5.060181,0.1254,12.92,4.72,21,False,clear,night,street_level
2eb12d95-ba8b-4d95-bfa4-548cafc2953f,60.0,991.364,-0.1881,0.03841,1.561,991.552,30.2654,-2.643,38.3373,61.982193,1.0,1.84,-1.72,8,False,rain,night,street_level
e732ff72-0d32-4977-a75a-68c99e6d42cc,60.0,995.124,-0.1959,0.12788,1.626,995.32,19.3456,7.147,52.5931,59.935423,0.4975,25.61,5.3,8,False,clear,evening,underground
b581b580-490b-462e-8e56-b68c5f7504f3,60.0,995.918,0.5332,0.385005,-4.426,995.384,35.2735,-40.694,37.911,72.375144,0.5615,61.7,14.52,0,True,overcast,afternoon,underground
b3ec6984-9195-4d32-85ee-f7068a620a9b,60.0,989.973,-0.8765,0.323462,7.275,990.849,19.5144,9.7505,27.563,82.795684,0.5185,7.97,2.38,11,False,clear,night,above
5f348b51-0b9d-44ef-9b90-6c0345adc0c9,60.0,995.403,-1.2352,0.479569,10.252,996.638,18.3748,-1.8181,38.9371,85.884847,0.7684,50.48,5.37,2,True,clear,evening,above
17bdf446-67f4-423e-b4b6-aa48e7b53ce1,60.0,1011.043,-0.4904,0.246817,4.071,1011.534,15.227,-17.47,45.9044,57.482291,0.989,11.04,1.51,17,False,overcast,morning,above
69f7ce71-5bf6-42fd-9ad2-051e7389b3ba,60.0,1007.865,1.017,0.241544,-8.441,1006.848,18.9002,9.7133,45.0825,73.639237,1.0,45.75,4.47,0,True,overcast,night,underground
d6c0aac0-73c6-4840-acdd-73fc77018edb,60.0,997.608,0.2781,0.24213,-2.308,997.329,10.8584,-48.7848,45.3073,101.086127,0.9783,29.59,3.79,6,False,overcast,night,underground
cefb6a6d-ff56-48c7-bcd3-b67ac49e50be,60.0,1004.437,-1.6453,0.745843,13.656,1006.082,32.5897,-22.6679,44.8351,91.365751,0.4313,10.68,0.49,19,False,overcast,afternoon,street_level
088f3f5e-c526-426d-ab71-38181bbba3a7,60.0,998.445,-0.0763,0.421702,0.633,998.522,51.5117,-17.344,48.376,35.187454,0.6916,12.16,2.04,10,False,clear,night,above
4f7d575a-0b80-4f3c-bd55-a26ce5fd0b33,60.0,1002.976,1.3752,0.133902,-11.414,1001.601,21.1084,-16.3297,46.0794,84.571993,0.2435,12.29,16.83,0,True,clear,evening,underground
2822bf77-f602-4b29-a467-f999d82cb68a,60.0,1012.737,0.246,0.071723,-2.042,1012.491,48.7282,-1.7868,52.3533,16.398677,0.6084,53.79,6.42,1,True,overcast,night,street_level
a28afe60-6b8c-496e-afdf-25ec80f2e70b,60.0,1015.967,0.3862,0.296276,-3.205,1015.581,-7.3524,-13.2,22.9081,103.861497,0.6254,4.1,11.14,0,True,overcast,evening,underground
f6cda46c-bfa6-4f80-a185-c6648eeef0c0,60.0,1014.071,-1.2351,0.348078,10.252,1015.306,36.4654,2.4251,42.9183,83.943583,0.9026,13.99,1.3,15,False,overcast,afternoon,above
d4273277-73c6-4ec2-a98b-adb3ef8e35f4,60.0,1006.545,-0.2651,0.027182,2.2,1006.81,33.6696,-16.5298,50.4435,60.205539,0.9812,1.0,2.06,14,False,overcast,morning,street_level
10d396a3-6638-4368-b915-2f2816bd3d87,60.0,1007.831,-0.007,0.39746,0.058,1007.838,38.8206,-39.6527,31.481,82.133188,1.0,28.8,10.06,0,True,overcast,night,above
908e5e1c-63e6-4382-9ae6-86aee032b014,60.0,1003.51,0.2398,0.055251,-1.991,1003.27,14.7351,-16.4462,37.8964,8.946324,0.8954,1.0,2.8,9,False,overcast,night,street_level
f4fad0d0-12bb-436e-a4ed-281b28deacd2,60.0,1006.167,-0.1707,0.610207,1.417,1006.338,22.1443,-5.3597,45.9314,87.142046,1.0,64.52,6.93,1,True,overcast,morning,underground
887e9ecf-82bb-41c3-a095-7cac3e3785d5,60.0,992.201,1.0735,0.286015,-8.91,991.128,44.5777,-14.9222,79.5008,32.492855,0.3957,41.49,10.75,0,True,clear,evening,underground
8fdcf8e0-7659-4375-8418-2d4a744f51b4,60.0,1010.112,1.2584,0.49576,-10.445,1008.854,-2.2929,-11.8252,70.3244,85.866977,1.0,30.55,1.86,0,False,clear,morning,underground
e5fd26f4-ee7d-40ae-94d9-855f42a64cae,60.0,999.625,-0.924,0.318724,7.669,1000.549,7.3619,-2.1787,41.2584,51.795044,1.0,12.77,3.18,11,False,overcast,night,above
9049320f-8283-4e1d-a18e-0a5750f6038d,60.0,1010.804,-0.1162,0.568345,0.964,1010.92,9.7648,-24.9003,25.1611,43.898368,0.7158,58.2,12.26,0,True,rain,morning,underground
3bd380dc-2d6e-4cfe-b9c6-7010464781cc,60.0,992.51,0.068,0.093723,-0.564,992.442,28.6571,-15.7666,54.9181,26.061133,0.0,68.9,0.08,3,True,clear,afternoon,street_level
ef54dad8-c537-40f3-aa8a-a819c8080533,60.0,997.684,-1.1353,0.553463,9.423,998.819,17.0281,-25.4665,29.1246,65.058356,0.6752,5.71,0.57,15,False,overcast,morning,above
06d09d78-73e6-423b-9cfd-64e0882bd81d,60.0,1010.748,0.3055,0.038379,-2.535,1010.442,-15.4771,-21.05,25.0245,14.769443,0.8967,11.73,3.23,18,False,overcast,afternoon,street_level
908fe903-6a2d-4619-a7ee-ec284c08f609,60.0,993.968,1.1404,0.533838,-9.466,992.827,9.4575,-40.4028,37.2745,86.97715,0.6328,92.93,15.6,0,True,overcast,evening,underground
28a766f1-869c-4ded-b2d5-79d6c14c1d5f,60.0,1015.722,-0.1507,0.55404,1.251,1015.873,28.4988,-15.9855,39.1413,66.215436,1.0,94.44,14.1,0,True,overcast,night,underground
a5b2f59d-cb6e-4906-a61e-3f184a5bf419,60.0,1011.184,0.7916,0.439445,-6.57,1010.392,20.2536,-35.6123,52.5386,26.601097,0.7996,28.01,9.61,1,True,clear,evening,street_level
bde90863-f401-4f24-ac76-742d61a4472b,60.0,1013.236,-0.0315,0.455279,0.262,1013.268,9.7831,-15.4584,49.3123,68.214175,0.5857,72.3,10.85,0,True,overcast,evening,underground
49e861b8-7868-42af-8374-7f195bbec53e,60.0,1011.435,1.2046,0.141392,-9.998,1010.231,15.8441,-17.5167,21.4068,65.848597,0.938,21.57,4.27,8,False,overcast,evening,underground
007db9f1-311a-4a84-b65e-09455ebd764e,60.0,1014.371,-0.0956,0.12055,0.794,1014.467,20.6472,-37.6264,58.1534,21.939644,0.129,22.07,3.3,11,False,overcast,morning,street_level
d4e505dd-520e-4171-a7ee-0d92d6738ccc,60.0,993.285,-0.6115,0.242437,5.075,993.896,30.4019,0.2133,30.9256,63.686872,0.4934,11.68,1.41,20,False,overcast,night,above
d2583973-3e03-44ba-bd17-ed5a39aa7bf4,60.0,1003.639,0.2026,0.630018,-1.681,1003.436,21.9903,-9.0406,52.0105,55.856844,0.2545,24.62,4.16,0,False,rain,morning,street_level
44a047a7-900b-48ee-9fb9-7d432ea5be4f,60.0,1007.408,0.1233,0.33031,-1.023,1007.284,30.3468,-10.0778,29.9845,28.790709,0.945,58.84,11.11,0,True,overcast,morning,underground
206b3f22-f497-41df-9dac-b2dff90d4d78,60.0,1017.234,-0.1093,0.126271,0.907,1017.343,27.8978,-26.2338,29.2278,51.113748,1.0,11.88,2.7,19,False,overcast,evening,street_level
33f622e3-51bd-4684-8f30-6282818a2404,60.0,1018.765,1.7541,0.072605,-14.559,1017.011,22.1765,-14.9656,17.2547,76.674378,0.3499,1.58,3.82,2,False,rain,morning,street_level
8a3be12e-946c-4541-a07a-01d540f72b9b,60.0,1002.216,-0.0981,0.020194,0.815,1002.314,10.5098,-5.3942,18.7754,9.385766,0.9057,5.83,0.68,17,False,rain,night,street_level
ae67d575-2953-41a2-b117-cdec4179959a,60.0,994.469,-1.1439,0.46065,9.495,995.613,40.5339,-4.2852,21.567,46.794383,0.7353,32.79,6.34,3,True,rain,night,above
d02bea94-8ab9-471c-b06b-3102a404fa69,60.0,1010.404,0.5757,0.146747,-4.778,1009.828,62.5037,11.3144,30.1556,66.402358,1.0,47.88,9.68,0,True,rain,night,underground
c30344fa-f60b-4a23-81e1-e616b0eec834,60.0,1005.029,-0.784,0.116884,6.507,1005.813,32.1821,-40.9074,57.5055,15.861275,0.5283,45.07,12.27,0,True,clear,afternoon,above
bd71b83b-18c1-4427-b4b2-4ccaa087468c,60.0,994.795,-0.0025,0.652881,0.02,994.798,28.1953,-7.9302,32.1745,67.330506,0.4517,68.62,11.35,0,True,clear,afternoon,underground
aa959491-17c1-41c2-bb92-5cbf74a7a3a7,60.0,997.656,-0.5591,0.118815,4.64,998.215,-10.7505,-40.0446,34.9407,-10.718003,1.0,52.87,9.94,0,True,rain,evening,above
fa6928d7-1637-4dbe-8e39-4386be7b35b1,60.0,1011.504,0.6896,0.198885,-5.724,1010.815,17.2742,-24.1234,17.1565,33.167094,0.4543,68.06,9.19,0,True,clear,evening,underground
d7ea5a7d-1044-4b0c-ae3b-832967b19223,60.0,1003.281,-0.6655,0.543359,5.524,1003.946,7.8909,-4.7257,52.0647,56.970867,0.6952,47.28,13.61,3,True,clear,afternoon,above
a1201a24-d297-4bc7-8eaf-adfdc72f9b99,60.0,1007.308,-0.3056,0.012366,2.537,1007.614,6.5662,-5.6104,43.8397,14.210221,0.8481,38.92,9.08,5,True,clear,morning,street_level
b86df982-1437-4fee-ae5e-d9675866815f,60.0,1005.014,0.1628,0.091011,-1.351,1004.852,-6.3224,-8.054,41.8551,19.713928,0.0,2.31,0.78,17,False,overcast,night,street_level
a84dfbb6-4603-49e7-9409-0d9f44451db9,60.0,1014.765,-1.0098,0.426142,8.381,1015.775,11.8082,-4.8189,41.1046,106.66527,0.2983,2.36,1.05,18,False,rain,afternoon,above
3caeea6f-97ea-4138-b58a-02d6e92156e6,60.0,1013.053,-0.2616,0.11173,2.171,1013.314,9.5146,4.8274,55.4647,29.793427,0.0476,48.31,10.26,1,True,clear,night,street_level
180e27e8-bb45-4a3f-85dd-8fa54b187da0,60.0,1007.429,0.7094,0.387567,-5.888,1006.72,-8.8846,-10.92,36.9382,61.547536,0.517,29.19,14.49,0,True,overcast,night,underground
851973cb-a9c9-4018-8b52-0d185b1c1152,60.0,992.887,-0.5917,0.472433,4.911,993.478,28.1174,17.6959,52.0892,59.725688,0.6595,1.34,1.48,14,False,clear,night,above
0f924471-d29b-4b94-be8f-b671f1f57e2a,60.0,1012.006,-0.3242,0.511567,2.691,1012.331,8.487,-15.3362,31.4306,113.098879,0.7617,20.96,2.3,11,False,rain,night,above
7e29160a-09ec-4ae6-b81f-171fc07844ed,60.0,1004.083,0.2958,0.473182,-2.455,1003.787,52.3874,-25.9031,43.1065,76.689801,0.6912,47.05,13.77,0,True,rain,afternoon,underground
965b0be7-02d1-48a4-8727-49743c5f5e5e,60.0,1002.88,0.0871,0.075682,-0.723,1002.793,17.9567,-33.8545,44.8697,47.930847,0.5972,18.43,4.35,17,False,rain,morning,street_level
85934b00-494e-49ad-8cb8-9ff070c01043,60.0,995.594,-0.2554,0.526215,2.119,995.85,29.0586,2.5934,35.6875,93.692906,0.8122,43.88,14.23,0,True,rain,afternoon,above
9d323728-bfa3-4c32-ae65-86edc4318f45,60.0,1014.954,-1.2464,0.112394,10.345,1016.2,37.755,-36.2104,26.3595,67.635778,0.8494,41.57,8.22,2,True,overcast,evening,above
b4fb6559-ac38-4d8e-952e-d4853aea6384,60.0,1004.937,0.4856,0.121038,-4.03,1004.452,20.3583,-29.7107,51.7819,59.824099,0.859,29.69,3.67,8,False,overcast,evening,underground
d14c398a-1c98-4887-a8f2-27b29f74a574,60.0,1005.227,0.6708,0.337569,-5.568,1004.556,16.1375,-32.2094,28.053,39.478782,0.8387,5.03,11.32,3,True,clear,night,street_level
92198733-5575-4e79-9d20-e72e9d00daf3,60.0,1014.688,-1.4005,0.516024,11.624,1016.088,11.2791,17.3438,42.6766,39.21593,0.9355,55.29,8.98,0,True,rain,morning,above
d095e9fb-e15d-4592-8c95-2e836d8673bc,60.0,1004.958,-0.6265,0.417424,5.2,1005.585,25.2123,3.1756,16.4363,87.846723,0.6976,2.75,0.53,12,False,rain,morning,above
d5ef62f6-e5bd-4781-803f-a650ab97ae8b,60.0,1002.282,0.5199,0.074017,-4.315,1001.762,1.6907,-21.6044,26.8325,75.564021,0.7655,52.66,12.49,4,True,overcast,evening,street_level
af8fb767-66c9-489f-97b1-b813e71a7b78,60.0,1014.342,0.5978,0.17036,-4.962,1013.744,2.794,-30.169,35.4871,86.850669,0.6638,31.61,2.44,12,False,overcast,morning,underground
198edfd6-9755-4f9a-8c5e-29f68618a43b,60.0,1009.281,-1.2725,0.397162,10.562,1010.554,19.4283,-30.5744,38.8914,22.286336,0.9728,34.1,9.35,0,True,overcast,morning,above
2571f43c-05a7-4d30-a2fe-15162cf995f7,60.0,1009.577,-0.1306,0.044704,1.084,1009.708,10.0825,-22.0735,71.4567,31.765698,0.4673,15.58,1.37,9,False,rain,morning,street_level
e25a8fd6-9595-41b0-8cdc-e3e90f81058f,60.0,1011.897,-0.2496,0.450687,2.071,1012.146,15.0639,-41.8435,35.0189,69.853832,0.7137,1.21,1.92,14,False,overcast,evening,above
26ede5ca-3ff0-4229-94b4-3c14a5878b95,60.0,1005.62,-0.5664,0.174387,4.701,1006.186,15.6489,-22.8508,31.398,71.932238,0.5582,15.21,2.75,10,False,clear,evening,above
6e35c586-9b0a-40dc-8969-cfe608d575f1,60.0,1002.487,-1.2519,0.415037,10.391,1003.739,8.307,-15.0823,36.2013,67.535011,0.3093,29.25,11.27,0,True,clear,night,above
78e9384f-3ac0-4bf8-9e80-fd3045747955,60.0,1001.437,1.2409,0.459404,-10.3,1000.196,18.9172,-11.2082,55.9895,93.63316,1.0,55.67,11.75,0,True,overcast,night,underground
37ef8b32-ab42-46c6-adf4-994ef599110f,60.0,999.023,-1.1907,0.386821,9.883,1000.214,16.8017,-10.4053,29.8169,54.14071,0.4907,51.85,11.38,0,True,overcast,evening,above
03d24fdb-467f-4389-b6e9-d6f395e6553c,60.0,1013.503,0.4931,0.486737,-4.092,1013.01,-9.3957,-14.3999,45.0437,80.577576,0.5096,30.35,0.01,6,False,rain,evening,underground
953f0cbe-dbd2-47cb-8a55-562c0c714bb1,60.0,999.995,0.2657,0.56341,-2.206,999.729,13.8778,15.1113,49.1648,48.241563,0.7022,22.4,14.42,0,True,clear,morning,underground
edf3f4c7-25fe-4c78-baea-fa5a3d2ff1af,60.0,1012.961,-1.0078,0.2305,8.365,1013.968,-6.3243,-19.8085,61.5867,49.945516,0.5558,31.16,8.92,1,True,overcast,evening,above
744dc806-9c8b-41bc-b603-5c5928ccc7da,60.0,1012.826,-1.3982,0.127773,11.605,1014.225,31.2056,-35.5275,40.3029,61.986383,0.1782,9.36,3.04,9,False,overcast,evening,above
93f280d1-cd48-4c20-9ce6-8eee07f2191e,60.0,1016.574,-0.0564,0.077205,0.468,1016.63,4.9831,1.7734,26.6796,16.323756,0.5613,42.95,8.79,6,True,overcast,night,street_level
78121846-2f28-41b6-8c4a-0fc2944847c2,60.0,1001.679,-1.152,0.263163,9.562,1002.831,8.3701,-4.6075,33.8161,98.486219,0.5495,5.64,4.03,17,False,clear,morning,above
5b0ee1d5-0f93-4a50-83d7-d9e792648c66,60.0,1001.223,-0.6563,0.219578,5.447,1001.879,7.551,-29.7112,23.7318,87.77385,0.7511,6.8,2.32,19,False,rain,morning,above
ce2449e5-26de-4671-a883-906dcd9480b4,60.0,994.574,1.3244,0.491362,-10.992,993.25,-0.6378,14.4008,39.6725,15.016543,0.5333,61.15,12.54,0,True,rain,morning,underground
e3b61799-3bb1-487a-93ba-f62ffc4cb61a,60.0,1009.247,0.549,0.632476,-4.557,1008.698,38.7302,-13.8361,75.551,26.231039,0.5963,12.17,12.97,4,True,overcast,morning,street_level
b3553b18-0a01-4605-8b1b-b256320decd5,60.0,990.67,0.4485,0.3701,-3.723,990.222,26.4178,-11.2148,54.1768,46.441502,0.6226,59.08,15.9,0,True,rain,afternoon,underground
0b9b58b9-9149-4595-bc00-33d1a2cf28d8,60.0,1013.968,-0.3962,0.486974,3.289,1014.364,2.8247,15.6107,16.2601,65.758097,0.7293,16.21,2.79,11,False,rain,evening,above
21954e32-4d9a-46b5-8fa7-e4eb7e7a5986,60.0,1013.89,0.076,0.407736,-0.631,1013.814,11.5769,5.824,38.5409,73.165403,0.47,71.69,10.68,0,True,clear,morning,underground
114565d8-784b-435f-a9a3-753808d2274c,60.0,991.573,-0.357,0.265999,2.964,991.93,19.2115,17.8321,68.657,66.993048,0.5176,11.56,1.32,14,False,clear,afternoon,above
5b97c7e3-7164-4bc7-8ee9-b9084204f4bf,60.0,1002.197,-0.4692,0.31716,3.894,1002.667,7.2787,-0.1774,-5.4374,17.424468,0.6202,37.43,7.64,0,True,rain,evening,above
69078ea8-a483-44f8-a9b9-ebcbde3ff012,60.0,998.842,0.1931,0.139393,-1.603,998.649,1.7962,-23.1988,27.2694,-1.992816,0.0,15.38,4.16,12,False,rain,afternoon,street_level
00316696-9fc3-4d65-a64e-7fbd04011ba3,60.0,1013.102,-0.1244,0.456771,1.032,1013.227,-26.7392,3.7719,58.2841,27.252289,1.0,58.93,14.06,0,True,clear,morning,underground
9e32d003-fd84-49c7-b88b-c1b65e19b357,60.0,996.719,0.4797,0.48126,-3.981,996.239,12.0558,5.6675,29.4353,67.660959,0.5663,53.18,12.78,0,True,clear,afternoon,underground
8af5dae7-6ed5-4cb4-a149-df933cbe105d,60.0,989.414,-0.7385,0.266728,6.13,990.153,29.6842,-20.3885,11.2397,76.112542,0.6328,43.52,11.57,2,True,clear,night,above
189e1b7e-cb77-437f-bd60-ee855f3d1e03,60.0,1013.042,0.8683,0.119013,-7.207,1012.173,42.2417,27.7628,35.3316,113.81072,0.6417,3.05,3.6,4,False,rain,afternoon,underground
a64fd540-7a6b-4e5a-955a-46fade7bd2a5,60.0,1009.936,-0.5608,0.282819,4.654,1010.497,14.6763,-24.6653,47.6525,73.981873,0.5927,43.83,9.64,1,True,rain,afternoon,above
2e3d8f90-1e5d-429d-890a-92ca0b0690c5,60.0,1011.831,-0.012,0.108006,0.099,1011.843,26.3796,0.3057,28.6953,32.587296,0.491,6.22,0.37,13,False,overcast,evening,street_level
7134c62e-4529-4452-9468-2d574bd67b66,60.0,991.66,0.3004,0.144405,-2.493,991.36,23.2554,1.598,34.4713,48.267425,0.1276,1.0,3.03,14,False,overcast,evening,street_level
d9286532-08d6-4037-8543-b9a8fed73428,60.0,1000.68,-0.3775,0.137932,3.133,1001.057,6.1438,2.1627,46.8779,36.303402,0.3531,1.85,3.13,11,False,clear,afternoon,street_level
a546bef6-3f7f-4b45-9c4e-04f0f6a24385,60.0,994.545,-0.2502,0.45227,2.077,994.796,24.9505,-15.2838,59.2221,68.81913,0.6499,18.8,4.9,6,False,rain,night,underground
5b1f4857-78d3-4f28-a74b-ae6855aefa07,60.0,996.31,1.3344,0.18716,-11.075,994.975,29.2065,-21.707,40.6255,56.874186,0.314,19.37,6.95,8,False,rain,afternoon,underground
dcf78dd6-5f59-490e-81fa-0616ccbb3d46,60.0,995.527,1.3453,0.242882,-11.166,994.182,23.1447,3.0294,55.3299,13.361305,0.9227,59.66,6.73,0,True,overcast,night,underground
fb51c996-8779-44d7-a902-da3d449e0ca3,60.0,1015.012,0.3596,0.488468,-2.984,1014.653,17.3875,-21.8004,41.2311,66.670204,0.6043,18.09,4.16,9,False,rain,afternoon,underground
9d56502f-0ea3-4065-8cf6-4223010b7b64,60.0,990.857,-1.6197,0.465842,13.444,992.476,22.7948,-1.4431,25.1734,31.354218,0.7949,58.44,6.63,1,True,rain,morning,above
fe3d42c1-a304-4f44-bcdd-39e0ce000cb6,60.0,1002.504,1.6125,0.268058,-13.384,1000.892,22.3314,7.3543,57.5948,43.805024,0.723,50.48,14.46,0,True,rain,night,underground
bd024389-e733-4961-aa8b-35d930d7a12f,60.0,1007.105,-0.0871,0.156378,0.723,1007.192,14.9076,26.2719,53.7358,107.577119,0.2523,46.02,7.82,3,True,rain,morning,above
c6fc91ac-ac2e-45b0-8bc7-7973bc72893b,60.0,1016.729,0.2512,0.100709,-2.085,1016.477,3.8763,13.2495,54.0681,42.101812,0.3279,7.3,1.42,15,False,overcast,evening,street_level
03104ebc-d79e-4cc0-b345-dac6f21f016d,60.0,1000.396,1.381,0.687566,-11.462,999.015,37.5154,4.8867,37.6577,81.022534,0.732,38.07,8.57,2,True,overcast,evening,underground
533e7409-0281-455f-a446-3d382643907c,60.0,1003.394,1.4465,0.331641,-12.006,1001.947,11.8098,-19.9808,40.6212,47.272887,0.7248,55.39,2.76,0,True,rain,evening,underground
4a522c03-fb91-4c63-ae35-698f1235e639,60.0,1017.858,0.0848,0.050592,-0.703,1017.773,37.2956,0.4235,39.5623,48.893658,0.4936,3.93,0.93,16,False,rain,night,street_level
e81c1925-e250-487c-8432-f8872084ac7c,60.0,1009.051,0.0215,0.677714,-0.178,1009.03,20.5971,-22.4512,30.1697,73.245922,1.0,58.58,12.02,2,True,overcast,afternoon,underground
40e6c762-0381-4175-9215-3bf43fd0ffec,60.0,996.873,-0.7938,0.276674,6.588,997.667,14.6483,-31.9977,40.3163,65.688345,0.9988,58.7,8.27,3,True,overcast,afternoon,above
a4b50d07-b368-4b99-afab-38526962dc9c,60.0,1006.471,-0.6875,0.468277,5.706,1007.159,0.2485,1.6578,55.9405,68.639938,0.684,14.36,0.75,16,False,rain,afternoon,above
c397d7a0-7611-47ca-b3e1-3fa81b18bf60,60.0,1011.609,0.0417,0.640084,-0.346,1011.568,18.4287,12.1552,27.1808,105.961406,0.7692,69.34,7.48,1,True,overcast,morning,underground
7da1f580-1210-4f0f-b950-693208176de1,60.0,1000.712,-0.5719,0.39887,4.747,1001.284,25.7853,-17.0055,53.6796,57.665918,0.3802,8.69,3.71,18,False,clear,morning,above
ab534349-30a2-4453-a78e-c444bee30726,60.0,1003.703,-0.0529,0.070584,0.439,1003.756,31.1969,9.7553,37.3946,51.875364,0.4533,1.16,1.11,7,False,rain,morning,street_level
f53fa1cc-0bb0-43cf-8efd-2b064e928381,60.0,1014.835,-0.7958,0.537466,6.605,1015.631,21.9122,-9.5964,37.2805,55.729012,0.7316,56.11,10.46,6,True,clear,night,above
66c821a8-a940-46c9-9667-e1712d71ed1f,60.0,1003.387,0.1375,0.632504,-1.141,1003.25,6.1858,9.8973,36.717,85.341988,0.7222,72.72,11.73,0,True,clear,evening,underground
8801ae90-0298-440a-b4b8-5e72c7e3c92c,60.0,1015.585,-0.1102,0.570321,0.915,1015.695,31.8242,-2.1524,51.2577,15.850086,0.5394,90.01,10.57,0,True,clear,morning,underground
450ddc19-2ab7-4e8e-8af1-661aac79d05a,60.0,1000.897,1.6375,0.346967,-13.592,999.259,15.7759,9.1159,15.7144,3.784784,0.8514,36.03,2.7,2,True,overcast,morning,street_level
2dd52f63-1814-4e4a-9eb6-e357ad51ff2f,60.0,993.857,-0.2424,0.073801,2.012,994.099,12.1089,-33.4506,42.5707,50.566075,0.8817,44.67,2.9,0,True,overcast,afternoon,street_level
557b6848-c742-45a3-b68d-0ff2a29d8ed3,60.0,992.281,-0.9373,0.318948,7.779,993.218,18.3423,-32.9651,66.8546,84.378213,0.5369,21.46,0.8,10,False,overcast,morning,above
53732ff9-55c5-4621-aced-3916f66b4997,60.0,991.258,-1.1717,0.118964,9.725,992.429,52.802,-30.291,65.4695,76.194674,0.6865,8.48,0.79,8,False,clear,morning,above
fb4cb109-46fe-4e22-8108-582f93f9e36e,60.0,992.87,-1.288,0.471514,10.691,994.158,0.1498,-39.7157,36.4378,83.300357,0.2471,6.62,0.63,14,False,clear,night,above
2ef32090-3685-4ea6-aa94-de419ca0c538,60.0,1003.158,-1.315,0.322058,10.915,1004.473,24.4622,-20.8545,39.4874,28.427128,0.559,1.04,1.16,21,False,overcast,afternoon,above
26311d12-9d57-4722-9d36-6e64b67c7f09,60.0,988.337,-2.1535,0.2958,17.874,990.49,7.8427,-19.8501,44.2983,28.299872,0.5709,19.7,1.25,7,False,overcast,afternoon,street_level
327758ef-e96b-4acf-bcd2-3de45f9830cc,60.0,1001.055,0.9676,0.177421,-8.031,1000.088,20.3051,5.7779,35.0882,64.788582,0.8007,60.23,13.85,0,True,rain,night,underground
273103b3-3964-4c1b-ac4d-bef73744ca95,60.0,993.072,-0.7115,0.175248,5.905,993.783,-13.8272,-2.4532,29.1911,47.293092,0.4158,13.71,1.79,15,False,clear,night,above
1c3393a7-fc36-4b48-8358-ef02c8b7ceab,60.0,1006.72,1.0318,0.653087,-8.564,1005.688,5.4435,1.3171,16.4126,101.235471,0.7495,49.81,9.94,0,True,rain,evening,underground
fddeaf78-5e37-4167-a60b-87e3a9c7b45e,60.0,1018.175,0.2739,0.20125,-2.274,1017.901,3.4511,3.557,29.3918,63.562424,0.7912,62.53,14.84,2,True,clear,morning,underground
0e360f41-c4b0-4899-9f58-5dfcd7b961cf,60.0,999.183,0.4196,0.189037,-3.482,998.763,22.7509,-4.0593,40.9293,51.500804,0.5375,46.14,11.44,1,True,clear,night,underground
443648ee-b4f2-4aa0-bf1b-901fd5446e9f,60.0,993.873,1.0968,0.295191,-9.103,992.776,10.8251,-10.63,17.6626,97.257328,0.4098,33.87,5.25,3,False,rain,morning,underground
51dd6cb3-fa00-4dbd-9e7a-0148f795765f,60.0,993.958,-0.2079,0.596871,1.726,994.166,16.7521,-2.6979,55.1935,72.416348,0.8983,42.67,15.87,2,True,rain,afternoon,underground
9b821c18-310c-4fd8-b02a-0b73e037f9a8,60.0,1000.562,0.3293,0.447958,-2.733,1000.233,-13.9766,-26.5029,44.4695,64.54458,0.905,93.82,9.67,1,True,clear,night,underground
873aa467-d951-404d-a1e8-ecb03bbeedae,60.0,1002.623,1.0879,0.616714,-9.029,1001.535,1.4179,-16.3987,25.9603,44.241585,0.7156,53.06,14.13,0,True,overcast,night,street_level
43332b9e-91cd-4fb7-a095-e3031df3af96,60.0,990.967,0.1455,0.013993,-1.207,990.822,1.3092,-8.6387,38.062,4.691538,0.4374,2.82,0.76,11,False,overcast,night,street_level
a36c42b0-0672-491f-bc78-db98cd183fcb,60.0,1003.443,0.2645,0.116594,-2.196,1003.179,10.6193,-14.5542,58.6397,82.220409,0.0,7.45,0.65,6,False,clear,night,street_level
02370945-3711-40cf-8d23-51574f38119c,60.0,1002.985,0.5569,0.01483,-4.622,1002.428,38.5087,-14.6863,30.6548,15.701211,0.2267,54.11,13.82,4,True,overcast,morning,street_level
23a696bd-d04a-420c-9fbf-8cd35f55d360,60.0,1004.957,0.7534,0.307132,-6.253,1004.203,7.9731,-10.324,50.4733,85.795107,0.9626,3.18,2.31,5,False,overcast,evening,underground
c6f559ca-8e9e-4150-8a76-8588a38aecdc,60.0,1013.551,-0.1853,0.079399,1.538,1013.736,12.2879,12.7015,39.5291,7.938436,0.4163,4.97,1.32,5,False,clear,morning,street_level
69804758-8e00-4abc-bdc0-beaecba20a56,60.0,1008.3,-0.1839,0.047852,1.526,1008.484,20.7321,-11.5761,20.053,86.88457,0.6984,2.23,1.64,10,False,overcast,evening,street_level
89fced92-3e44-4b74-b13f-cc711981e180,60.0,1002.293,1.2798,0.367205,-10.623,1001.013,35.7036,-4.2449,25.6623,54.795532,0.6266,52.75,13.18,0,True,clear,night,underground
1a4a5dcf-a9ee-4d60-9ad6-c4eedddc9292,60.0,1004.476,-0.0858,0.087759,0.712,1004.561,11.6876,-22.3359,51.4572,27.332053,0.1144,28.06,2.13,14,False,overcast,morning,street_level
a53ea956-6c4b-43ba-920b-50418d04d386,60.0,1000.149,1.0387,0.577605,-8.622,999.11,8.4541,-21.2182,36.0686,23.511012,0.266,20.0,4.28,12,False,overcast,night,street_level
9654f428-95dd-4a3c-8f54-7b53d78cae79,60.0,998.871,0.2906,0.277669,-2.412,998.581,-0.6343,8.5196,33.955,84.540319,1.0,59.29,10.35,0,True,clear,evening,underground
9ca17553-d625-4fef-a299-2a7cc705a7c5,60.0,997.512,-0.342,0.343356,2.839,997.854,26.5461,-6.937,35.605,26.665916,0.6852,65.65,12.56,0,True,overcast,morning,underground
7e975add-8631-461e-9a7e-a60521af8334,60.0,1012.686,-0.9462,0.444319,7.853,1013.632,16.1559,-20.9684,50.1582,81.703734,1.0,47.49,8.98,0,True,overcast,night,above
05af9475-56cb-4762-85d8-1bede5808d86,60.0,1005.802,0.8869,0.228721,-7.361,1004.915,16.7736,-7.9127,50.1051,67.866507,0.1255,63.85,10.74,0,True,rain,night,underground
3565dfe6-92ea-42f8-8e11-45990cc556f8,60.0,1010.338,-0.7609,0.385978,6.315,1011.099,27.9351,2.9564,46.3331,113.765157,0.4866,48.62,9.11,0,True,clear,afternoon,above
9cf64027-3cc0-4b24-96b8-b733a9301cb8,60.0,990.834,-2.3108,0.619252,19.18,993.145,16.9861,-20.0877,42.9342,52.883605,0.0,1.0,3.76,10,False,rain,night,street_level
d64eb6a8-563e-4816-8849-86df948afe8b,60.0,994.774,2.8126,0.395358,-23.345,991.961,-16.6687,6.421,41.2962,50.049881,0.5983,72.83,6.72,7,True,overcast,evening,street_level
e50266dd-6691-466a-a22d-f767f9a3dede,60.0,1013.351,-0.1675,0.670468,1.39,1013.518,0.2696,-10.6764,9.0481,50.486037,0.5854,55.74,10.9,2,True,overcast,evening,underground
67385fe2-5f9f-4e65-a16e-9dc0172ad803,60.0,996.322,0.755,0.366289,-6.266,995.567,24.3555,-8.4613,4.8566,45.534063,0.7479,11.19,5.74,5,False,clear,morning,underground
c1f6b0d7-c560-40dc-a396-2c1754bdd304,60.0,1002.903,0.5069,0.24381,-4.207,1002.396,27.8063,14.097,52.271,24.978779,0.819,27.56,4.03,13,False,overcast,evening,underground
94adb6b9-63ad-44d7-a2c7-66c936d66dda,60.0,1002.268,0.1606,0.083495,-1.333,1002.107,-4.4482,-34.0917,40.9181,20.531233,0.8051,13.01,3.19,13,False,rain,evening,street_level
7ee8e111-b782-4f88-8878-ca0170fc698c,60.0,991.76,-1.482,0.301046,12.301,993.242,-6.7465,-19.8347,40.1516,68.720625,0.9253,5.33,2.45,14,False,clear,afternoon,above
a6eabcc5-d24a-42ef-a17c-9fc17b2f71f7,60.0,1002.749,-0.0422,0.335032,0.35,1002.791,12.078,1.5721,22.5738,21.624591,0.1847,14.25,0.97,23,False,clear,night,above
c2d8b4f0-2a7a-4e5b-b450-94e9d89ab4c8,60.0,1011.609,-0.7355,0.574331,6.104,1012.345,44.7943,-9.7187,59.2036,56.254497,0.3786,39.42,8.46,0,True,clear,evening,above
56988f2a-c09f-4091-8285-0c13939afd04,60.0,1008.147,-0.155,0.125315,1.287,1008.302,16.1831,5.9089,45.2101,37.97734,1.0,6.32,2.65,8,False,rain,morning,above
918d302e-91c5-4482-b2d0-2c3ed67e1ccd,60.0,1010.767,-0.665,0.596942,5.52,1011.432,30.0671,-4.9069,45.4398,32.174823,0.5547,9.27,2.57,18,False,overcast,evening,above
f42c685e-450c-4331-8f2b-e5dca10e34c6,60.0,1014.721,1.3058,0.310385,-10.838,1013.415,-1.166,-6.3084,56.7454,45.123716,0.4409,66.77,8.01,0,True,clear,night,underground
f0893735-3fcd-4c87-b750-443f3d8c496f,60.0,1013.217,-1.044,0.564555,8.665,1014.261,24.8999,-16.6073,42.8005,87.657668,0.8503,39.57,4.06,2,True,clear,afternoon,above
5f1f4fef-f5e5-4bd0-a8c2-07f14b345bbd,60.0,990.934,-0.1721,0.141977,1.429,991.106,22.3471,-12.3267,31.6201,12.643167,0.3496,28.58,1.18,7,False,clear,morning,street_level
36e16614-8c94-4002-9f14-e257c30f5e54,60.0,999.317,-0.8061,0.348291,6.691,1000.123,26.7704,-7.4722,26.3297,116.35198,0.6501,58.32,9.1,2,True,overcast,afternoon,above
1e675eed-0176-4a0f-9105-69e7c32065eb,60.0,1007.375,0.6407,0.622359,-5.318,1006.734,9.282,1.2779,23.484,74.554234,0.6622,18.25,4.12,1,False,rain,morning,underground
6d82014d-6912-4302-8ddf-6e4b58fde462,60.0,1013.868,-1.214,0.478902,10.076,1015.082,1.9873,-25.6092,24.3078,80.693151,0.4941,22.99,6.82,3,True,overcast,evening,above
e61b4a9b-0ed0-40d7-ae2d-ed10e55b34aa,60.0,990.978,-0.3123,0.124446,2.592,991.29,27.5186,-13.2019,20.5881,95.009923,0.5566,39.61,8.72,0,True,overcast,night,underground
a33719c1-65ff-4ff2-be27-b05a72c62d3d,60.0,991.215,0.0556,0.323704,-0.461,991.16,6.6917,5.0192,35.5359,50.471832,0.5517,53.94,11.08,4,True,clear,evening,street_level
226c6b7c-b748-48b5-8124-c8cac6e24485,60.0,1002.489,-0.0112,0.052761,0.093,1002.5,11.887,-5.2894,81.1547,1.354034,0.7015,59.12,9.25,2,True,rain,morning,street_level
df4dc1ff-148e-482a-b66d-66da0d5b2a98,60.0,1004.838,0.2497,0.239504,-2.072,1004.589,14.3451,-1.9739,46.8565,51.396702,0.6542,43.97,7.75,0,True,clear,afternoon,underground
e3c9289b-894a-4b42-bad0-ee89524f2f7c,60.0,1005.361,-0.9883,0.585388,8.203,1006.349,34.5525,-5.7263,57.9379,31.461736,0.2946,51.8,10.74,0,True,overcast,night,above
a5daedee-e42b-4131-b95c-fce6ab0ec738,60.0,1001.902,-0.6098,0.396369,5.061,1002.512,32.7666,-13.531,54.0483,63.799932,0.5082,39.35,16.31,1,True,overcast,afternoon,above
1e733f21-12c1-4774-bb44-86b1521826d9,60.0,1009.353,-0.0933,0.282609,0.775,1009.447,35.6897,-20.8227,22.6606,67.293076,0.346,71.73,10.08,1,True,overcast,afternoon,above
8c85f33e-c708-4621-b959-e8dff975801b,60.0,1012.268,-1.451,0.234252,12.043,1013.719,49.0205,-20.4821,42.9873,18.155248,0.0,5.77,0.59,14,False,clear,afternoon,street_level
71b0eb9a-aaad-4443-89e3-12f580f340eb,60.0,1011.632,0.701,0.652071,-5.818,1010.931,34.4312,-2.1915,25.0128,48.321415,0.912,19.48,4.3,12,False,overcast,morning,underground
2d95934f-dc4c-4f87-b019-13774314be52,60.0,998.533,0.723,0.399186,-6.001,997.81,10.5189,-7.5525,55.5778,86.670651,0.6299,24.11,5.28,4,False,overcast,morning,underground
058fca75-ee64-43ea-b752-ba2e4d407367,60.0,992.419,1.1311,0.532466,-9.388,991.288,16.4705,6.6306,18.2675,10.864779,0.3838,19.87,2.51,23,False,overcast,afternoon,street_level
885a06a1-d2a3-45a0-9d50-8208722b40d6,60.0,1015.952,0.303,0.138927,-2.515,1015.649,8.1442,-34.4719,25.8142,49.065212,0.8332,7.26,6.87,6,True,clear,morning,street_level
430022ed-6368-4341-a7ed-0b166bd332f7,60.0,1001.922,0.1502,0.471087,-1.247,1001.772,36.3911,4.806,54.0296,64.458713,1.0,32.55,3.57,6,False,clear,night,underground
d8dd0a6a-5e5f-4ce8-90fe-33b801300d7b,60.0,1014.327,-1.14,0.298758,9.462,1015.467,21.7708,-26.1118,32.1005,116.135995,1.0,39.38,8.31,0,True,clear,morning,above
62e56757-91ee-4d67-b108-ce0c4b87c7da,60.0,1010.031,0.2372,0.14953,-1.969,1009.794,-5.5203,14.0913,21.1558,17.390117,0.2117,5.91,0.69,12,False,clear,night,street_level
8046f032-8b4c-44e7-a969-352804039943,60.0,1004.004,-0.3994,0.18344,3.315,1004.403,10.6496,-7.747,55.2957,81.191216,0.8869,1.0,2.07,22,False,overcast,afternoon,above
638777ae-dded-4ba6-a0e5-03f16ee7771b,60.0,997.687,-0.0614,0.107854,0.51,997.749,12.0828,2.3767,50.1032,75.685885,1.0,14.46,2.96,17,False,clear,night,street_level
c1a7a85a-90e3-47a4-ac79-5696509c0af0,60.0,1007.953,0.0065,0.591949,-0.054,1007.947,30.3355,-26.6994,25.3825,105.457687,0.4179,94.27,12.42,0,True,overcast,night,underground
83c05497-d037-4bd1-bf25-e5e7c8aa9efa,60.0,1016.218,-0.0304,0.632812,0.252,1016.249,8.6693,-18.3779,29.5726,44.769637,0.6409,59.52,13.31,0,True,clear,afternoon,underground
7b75a6c8-2bc9-451e-ae22-f9988cc1f18f,60.0,997.845,0.6859,0.38817,-5.693,997.159,16.1189,-17.5757,50.3841,86.736754,0.7318,5.72,4.11,2,False,clear,morning,underground
b19c24bf-395e-4b77-99f1-e935285f4396,60.0,1001.529,-0.1502,0.133544,1.247,1001.679,-9.563,0.5632,27.306,11.322148,1.0,58.13,7.32,2,True,clear,evening,above
e8b7ab9c-6c57-46e0-b6c5-c3beea31e9fe,60.0,1000.146,0.1349,0.026956,-1.12,1000.011,27.1884,13.0647,30.4893,56.763309,0.4743,1.0,1.25,21,False,clear,evening,street_level
e0691824-1d93-4275-9cdd-88eb27b061b9,60.0,994.076,-0.4977,0.069376,4.131,994.573,29.1073,-6.5251,22.7442,12.124526,0.8471,1.0,3.73,11,False,rain,afternoon,street_level
e6775a06-8dc2-4344-b5a0-513f93785c07,60.0,997.394,0.0233,0.20707,-0.193,997.371,39.0143,-33.4936,40.3102,83.51599,0.9727,39.65,7.15,1,True,rain,afternoon,above
b4718e51-8723-4d73-a143-f27bcf2a8cd0,60.0,1008.914,0.7587,0.575631,-6.297,1008.155,2.9677,-34.3695,35.3151,17.621559,0.6346,59.42,13.76,0,True,clear,morning,underground
fa620223-e51c-438f-8784-82c85d31549b,60.0,991.148,0.0717,0.071578,-0.595,991.076,26.0211,-30.1527,39.5619,-2.673447,0.859,17.84,3.22,16,False,clear,night,street_level
4546ce0c-9af2-49ab-8af8-f807d90a671e,60.0,1011.594,0.0884,0.048321,-0.733,1011.505,24.6845,10.4498,30.8234,35.252838,1.0,12.57,1.88,11,False,clear,night,street_level
79d4300e-9e11-4d3d-9be0-e42a8dd6f49f,60.0,991.091,-0.2414,0.619436,2.004,991.332,21.2105,-21.8346,39.6659,33.015592,0.5648,66.95,7.08,1,True,clear,morning,street_level
0a21be92-92c0-4372-a07b-c69b7d955637,60.0,1005.214,-0.5143,0.709202,4.268,1005.728,39.0104,-15.5067,50.2249,40.647468,1.0,19.47,0.07,20,False,clear,evening,street_level
f7833d66-fb7f-4004-bb58-04252bac6589,60.0,1012.01,1.039,0.289208,-8.624,1010.971,16.5502,-23.6528,53.4673,22.00324,0.1006,5.18,12.5,0,True,overcast,night,underground
dc2af2b1-cdc5-4c6a-8703-afde59bc45a4,60.0,1009.949,-0.3003,0.200044,2.493,1010.249,8.1975,-20.6434,38.1644,80.634356,0.5513,5.25,2.42,23,False,clear,afternoon,above
5ed0900e-3456-4425-8d0d-33d4b6174199,60.0,1010.439,-0.2704,0.090941,2.245,1010.709,-1.1213,5.2454,66.9336,23.598121,0.6196,18.11,4.47,19,False,overcast,evening,street_level
096a1677-bf19-40c3-a151-54b80b2271b2,60.0,994.774,-0.969,0.448598,8.043,995.743,43.3725,-34.882,53.6165,61.519796,0.3523,59.73,7.08,2,True,rain,night,above
8601bc26-64d8-491a-a11a-529e2349fc6f,60.0,994.876,-0.0798,0.033021,0.662,994.956,35.1127,-20.5112,50.2852,7.374713,0.0,7.67,2.91,14,False,clear,morning,street_level
6321cfc3-5088-4f5f-9a25-8727fd0791ae,60.0,1013.738,-1.1555,0.258015,9.591,1014.894,21.4068,-13.6489,45.4687,73.157393,0.7635,82.43,9.62,3,True,clear,night,above
b2c90f99-6655-4015-b34c-a1d8dfe11545,60.0,996.856,-0.5015,0.338077,4.162,997.357,7.918,-20.4673,40.1002,52.706549,0.8889,12.6,1.77,14,False,clear,evening,above
0a4fe9e7-31ca-4c0e-90e6-d8b3de5ff983,60.0,993.156,0.6986,0.514838,-5.799,992.457,11.2189,-23.1437,33.3335,15.709486,0.8677,13.16,0.96,14,False,rain,morning,underground
cb694be3-23e4-4bc0-a4f3-654b243e2726,60.0,1005.204,-0.1527,0.555725,1.267,1005.357,44.1229,-21.3645,28.2863,85.314867,0.6441,8.83,3.02,13,False,clear,afternoon,above
6128c403-d92e-456b-9099-e091c8497987,60.0,1001.218,0.0934,0.06719,-0.776,1001.125,22.008,9.5231,27.3301,67.024572,0.1732,20.73,-1.27,10,False,overcast,morning,street_level
c5b496ad-e718-4f8d-b192-1e1793a4f498,60.0,1008.961,-0.2086,0.195174,1.731,1009.169,16.4654,-14.5355,56.0258,74.383745,0.6017,49.12,9.53,4,True,rain,afternoon,above
52280057-b58d-420d-85d4-013225d37ae4,60.0,1018.729,0.8842,0.57,-7.339,1017.845,-14.0742,2.8062,69.6319,87.30859,0.5292,75.02,13.39,1,True,overcast,afternoon,underground
31c5eaaa-28cc-433b-8e1e-bf0029d4b185,60.0,996.079,0.5533,0.141743,-4.592,995.525,21.2769,-11.013,36.5098,50.02622,0.875,63.57,11.07,0,True,clear,afternoon,underground
5cecf222-606a-4e03-9e2a-e3658978e245,60.0,1013.53,1.0673,0.736491,-8.858,1012.462,22.7534,-0.0754,36.3577,59.943094,0.2871,32.07,7.86,2,True,clear,night,street_level
fe383381-87d6-441a-9080-d7fddb4c4dc3,60.0,999.519,0.294,0.562711,-2.441,999.225,47.5504,1.4686,23.3332,52.238179,0.7125,18.56,4.2,5,False,clear,afternoon,underground
fe2833c2-3f3c-48cc-8a97-780f4040ba81,60.0,1006.921,-0.1114,0.139851,0.924,1007.032,19.4236,-28.6001,50.9407,70.849014,0.8151,62.04,7.12,1,True,clear,morning,above
b569b8c6-0dd4-41d0-9af0-3d1fa49e09d2,60.0,991.609,-1.6202,0.379959,13.448,993.229,17.4508,-15.9515,48.0733,90.603662,0.3666,12.3,3.23,13,False,rain,evening,above
9c299682-6c41-41a3-804b-f68e657cd3dc,60.0,990.495,-0.067,0.131762,0.556,990.562,13.9557,-14.727,35.74,23.33204,0.878,10.27,2.1,5,False,rain,evening,street_level
508013c1-caa9-49da-b3fa-6ea986e8b30e,60.0,996.672,0.4953,0.304752,-4.111,996.177,9.2159,-7.9063,63.55,60.661008,0.732,64.79,16.6,0,True,overcast,night,underground
b5dbd3b4-2471-42e4-a3c1-77fad9ecac93,60.0,993.538,-0.3359,0.061001,2.788,993.874,15.7554,-1.6559,53.3571,-9.038743,0.4909,27.4,1.49,7,False,clear,morning,street_level
04a67cc3-db7c-4b98-8da8-3c7bbf5ea118,60.0,994.895,-1.0607,0.444941,8.804,995.956,7.9016,4.4393,46.9185,69.202314,0.8918,19.56,3.19,17,False,clear,afternoon,above
cb892780-83d3-4cd3-9286-b1683c570e7c,60.0,1011.45,-0.0705,0.06141,0.585,1011.52,56.2815,-6.1918,49.4762,8.952013,0.411,16.93,2.95,8,False,rain,morning,street_level
fffef3c5-8fa3-48dc-990b-352c02d3fc45,60.0,994.126,0.4012,0.049185,-3.33,993.725,23.4535,12.6875,58.101,20.015467,0.5804,72.46,9.54,5,True,clear,night,street_level
8fe83e17-0f51-45d0-adbe-047855967cfd,60.0,989.873,-0.9156,0.395083,7.599,990.788,50.4793,-21.3999,56.5251,43.767075,0.7115,41.03,14.16,4,True,overcast,evening,above
4fecbc9d-5d05-48f1-ad0f-24d16a2e8236,60.0,1001.072,0.6131,0.689825,-5.089,1000.459,27.0642,-25.8094,33.8254,45.184624,0.6966,60.03,17.15,0,True,clear,evening,underground
d3ee8d7f-4456-4ac2-b318-a57e9ef7a866,60.0,1000.966,0.1232,0.080246,-1.023,1000.843,40.1341,6.6103,24.8727,37.129894,0.3144,62.47,10.27,4,True,clear,evening,street_level
7e092138-488e-4eb8-a11b-15d802057225,60.0,1006.776,-0.1661,0.127181,1.379,1006.942,34.0594,-32.6222,33.9243,26.600332,0.702,11.79,0.68,11,False,clear,afternoon,street_level
206fc71b-9c66-47d3-b3aa-dc3aba970e93,60.0,999.278,-1.7059,0.446353,14.159,1000.984,11.5658,-6.2403,37.5898,99.586191,1.0,15.93,1.62,14,False,rain,afternoon,above
4e9f726b-da17-4e08-b2c8-8e48f357d806,60.0,1008.637,-0.0505,0.630047,0.419,1008.688,8.7638,-10.2584,11.0382,83.018877,0.557,37.57,1.94,7,False,clear,morning,underground
3827fbfe-b0eb-4d7e-87e9-194f0da7092c,60.0,1004.212,0.0837,0.632512,-0.695,1004.128,6.8766,-1.183,20.3942,74.765702,0.9258,47.53,14.57,0,True,overcast,night,underground
79b21157-1b3b-4d45-9197-7cb0aba96672,60.0,1006.269,-0.1081,0.070708,0.897,1006.377,31.8661,4.7317,22.3229,49.239575,0.2092,15.02,1.1,11,False,rain,afternoon,street_level
475b0283-316f-4528-88f7-88d1590d2d77,60.0,996.967,0.0768,0.023297,-0.637,996.89,18.4232,-23.7018,31.3436,39.940944,1.0,11.05,4.4,11,False,overcast,night,street_level
c8f0fc91-87d4-42c1-b2a3-1394e47f288c,60.0,998.492,-0.244,0.122184,2.025,998.736,11.9773,14.1283,36.6251,-12.407674,0.4305,13.72,0.88,15,False,rain,evening,street_level
b290f10b-aae2-4ccd-9552-0aec7cd6871b,60.0,1016.775,0.1434,0.089964,-1.19,1016.631,22.3452,-15.5472,31.9781,23.995203,0.3411,20.59,1.89,12,False,rain,afternoon,street_level
70ffd032-3f10-4abd-a1b6-b690fecca566,60.0,989.948,-0.881,0.149098,7.313,990.829,16.9649,-17.6651,19.4878,75.188235,0.6269,15.39,3.03,19,False,rain,evening,above
bca3e6d4-d707-4aef-af1a-14d1973dcfe5,60.0,1002.315,2.6419,0.637117,-21.928,999.673,-12.8845,-19.4256,39.3854,13.486839,0.5087,49.58,3.82,4,True,rain,afternoon,street_level
b0171019-72c1-46b3-bcc2-370a7a531e75,60.0,998.612,-0.2196,0.149375,1.822,998.832,17.0636,-11.641,42.0709,11.041288,0.7821,9.5,3.93,3,False,overcast,morning,street_level
18c1231a-bf20-476b-a833-24bdcf9b5a51,60.0,998.941,1.2262,0.222287,-10.178,997.715,5.0584,-5.5935,46.1918,71.141194,0.8484,33.65,0.83,13,False,clear,morning,underground
d2b986c8-1a0c-46be-8446-7b05b53f67c3,60.0,1008.382,0.3879,0.660414,-3.219,1007.994,20.4798,-25.5387,26.853,83.87003,0.8764,95.25,11.13,0,True,rain,night,underground
1e375fac-f823-4004-8448-c99077e81667,60.0,1010.418,0.0249,0.079343,-0.207,1010.393,21.4213,-15.9617,44.1019,11.996758,0.6607,14.09,2.87,12,False,rain,afternoon,street_level
2ac86fb2-f470-4133-b0d9-dcff52bf5dc0,60.0,1013.664,0.4148,0.28615,-3.443,1013.249,20.8422,-19.8374,35.0875,80.221355,0.808,81.67,5.48,0,True,overcast,afternoon,underground
b780da52-6516-4ba4-8f53-68253ce36fa6,60.0,994.801,-0.5574,0.381017,4.626,995.358,21.5739,-17.1593,49.0381,72.283331,0.7228,30.08,5.97,3,True,overcast,afternoon,above
483c6006-35ab-4097-aa46-4bee28430820,60.0,1003.027,-1.5161,0.265363,12.583,1004.543,31.1713,-29.1052,20.017,55.194468,0.8548,42.11,10.25,5,True,overcast,afternoon,above
22d05fa3-e6d9-4a6c-b01d-ef5602822770,60.0,1003.593,0.4333,0.141017,-3.596,1003.16,27.5307,-1.2196,34.7533,43.681917,1.0,12.98,1.4,5,False,rain,night,street_level
fafbe5b0-4360-4d85-92d9-96d5322a922d,60.0,1013.873,-0.0874,0.043132,0.725,1013.961,38.8588,-29.4012,46.8605,38.011415,0.2354,8.76,1.1,6,False,overcast,night,street_level
6d136dde-06d2-43ab-baac-b3d070a9e3bb,60.0,1002.335,-0.2254,0.51574,1.871,1002.56,10.6295,-21.2971,24.7406,57.413411,0.55,14.02,2.84,5,False,rain,morning,underground
35ed86db-3052-416f-88d9-e2af7f2f9406,60.0,993.038,-0.4781,0.133848,3.968,993.516,46.0727,-12.4569,32.1783,95.815899,0.65,10.33,1.31,18,False,rain,afternoon,above
b2fe4e08-fce3-485f-a847-eea042cb55dd,60.0,1008.536,-0.2469,0.076006,2.05,1008.783,37.6477,-12.0045,38.3946,12.224639,0.5702,11.22,3.68,19,False,rain,night,street_level
17f493db-023b-45fb-b083-fcec383809bc,60.0,989.908,-0.6711,0.137813,5.571,990.579,38.0092,19.1449,26.3948,64.421436,0.4341,23.43,2.3,19,False,clear,afternoon,above
e9b61c6c-60f9-4cc6-ac36-ae81ef232c0e,60.0,997.511,-1.0222,0.13923,8.484,998.533,24.4507,-34.2129,37.293,144.375763,0.7758,14.85,2.14,8,False,clear,night,above
568ef12f-6d08-4019-a720-79bcf0a98e1b,60.0,998.475,2.2399,0.578684,-18.591,996.235,15.8655,-9.9179,41.296,21.382182,0.0,30.74,2.69,6,False,clear,night,street_level
b1e8fb26-9b9a-4b66-b1b9-d076290b0aaf,60.0,998.554,-0.8668,0.135451,7.195,999.421,30.9562,-0.4945,38.1663,52.325387,1.0,14.72,1.47,18,False,overcast,morning,above
d554ab4d-e7b8-4f5d-a88f-8aadc280c619,60.0,999.81,0.1582,0.696513,-1.313,999.652,12.1116,21.1842,36.1993,102.927235,0.0128,1.0,0.4,7,False,overcast,night,underground
a25157e9-3a92-4423-b041-17bcf5f4b67d,60.0,1005.474,1.0135,0.221634,-8.412,1004.461,1.8417,0.1717,58.7886,109.928024,0.5173,64.47,14.37,0,True,overcast,morning,underground
8ced8d4d-4f25-4f18-a801-5a53ae07f5b3,60.0,1014.787,-0.0008,0.575331,0.007,1014.787,48.8324,3.1663,30.2132,25.080419,1.0,68.83,9.88,0,True,rain,afternoon,underground
4ddcf149-dd61-4e8e-a551-090b62d72de9,60.0,1004.654,0.3584,0.144386,-2.975,1004.295,6.7537,-4.3439,32.6659,56.46829,0.6438,32.45,4.63,5,True,overcast,morning,street_level
7f4014d1-5a20-47cf-af4d-7d2a5eb0836d,60.0,1003.67,-0.9847,0.314726,8.173,1004.655,28.2039,-10.136,42.7797,83.292247,0.997,57.74,11.47,0,True,overcast,night,above
16a8dfe8-0535-43c5-98c5-eb34537b6aee,60.0,1010.583,0.4721,0.040424,-3.919,1010.111,14.5036,-6.7612,46.4306,22.188932,0.4342,4.79,5.04,7,False,clear,evening,street_level
993cbab7-0134-4808-bff0-19041c65ae02,60.0,999.431,0.0115,0.531759,-0.096,999.419,10.7146,-38.888,55.5428,95.454136,0.699,35.86,3.19,7,False,clear,morning,underground
e80f0ad2-fc45-4f9f-bbf2-dbc347e84e16,60.0,1005.181,1.7356,0.154583,-14.406,1003.446,34.8914,-13.7256,31.6449,18.122823,0.8045,2.21,2.18,19,False,rain,evening,street_level
1c9add3e-3102-43e5-aeee-1deb1fb2d74f,60.0,989.732,-0.4189,0.037866,3.476,990.151,44.7133,-9.4815,19.4186,78.109275,0.3408,4.83,-1.69,11,False,overcast,night,street_level
66ad318c-d1f8-4926-9156-fe06d1d2f831,60.0,989.574,-1.2639,0.295611,10.49,990.838,6.9988,1.531,57.0695,81.352336,0.4576,15.84,1.08,8,False,overcast,morning,above
b66e1092-36f7-48f3-b9cf-308f31d3df22,60.0,999.531,1.0335,0.539478,-8.578,998.497,25.5249,-21.2445,57.3595,31.080838,0.4865,65.19,8.11,0,True,rain,afternoon,underground
3db12480-d9d3-41eb-9a00-59781a0b5b18,60.0,995.196,-1.1155,0.386916,9.259,996.312,-7.125,-1.5872,34.6047,35.121888,0.6971,11.62,0.75,9,False,rain,afternoon,above
fb4cf6ea-d44b-4f92-8e9a-474440c7f157,60.0,1008.155,0.1649,0.314579,-1.369,1007.99,21.7111,-25.4998,14.7059,27.536414,0.536,22.69,3.4,9,False,overcast,night,underground
417e975d-2d40-4c59-b277-04dda90a5c29,60.0,1009.878,-0.2753,0.48287,2.285,1010.153,17.7884,-27.6695,47.1239,72.550235,0.6778,43.41,10.52,0,True,overcast,morning,above
5f6d49a5-d7cd-4adf-a5a9-489d81e2e598,60.0,1004.16,-0.2309,0.506968,1.916,1004.391,-4.0475,-11.3745,53.2987,15.728157,0.7826,49.48,11.53,1,True,clear,night,above
8154a200-7656-4f9c-9d99-0b840835f64c,60.0,999.693,-0.4306,0.382531,3.574,1000.124,24.5278,-22.6812,30.7951,57.043877,0.6596,15.75,2.61,17,False,rain,morning,above
dbd353da-2a72-4286-b0ca-8741e4d0702d,60.0,1009.559,0.0353,0.177512,-0.293,1009.524,22.7365,0.3285,42.0555,70.562281,1.0,26.31,5.66,0,False,rain,evening,underground
1d49cc9a-1815-4d62-b925-b1095be59ba4,60.0,990.11,-1.3361,0.203158,11.09,991.446,-8.1514,0.3122,38.249,56.293114,0.9432,49.6,6.76,0,True,overcast,afternoon,above
75283931-8fce-4207-8d37-091c43e77c69,60.0,990.409,-1.5187,0.379346,12.605,991.928,33.8708,-9.0496,34.2389,62.552126,0.5669,45.0,11.1,0,True,clear,evening,above
9000b995-1eef-49f1-ad51-4e17478597fb,60.0,1013.706,0.3264,0.575822,-2.709,1013.379,4.6023,-16.335,15.3688,80.649576,0.6608,36.23,10.11,1,True,clear,evening,above
6af62287-9996-4adc-aca7-d2ab643f2ccb,60.0,1006.792,-0.1171,0.069517,0.972,1006.909,9.1743,-27.606,39.3138,32.8321,0.2148,9.86,2.92,6,False,clear,night,street_level
5e743084-33f8-407d-9bae-27812c7a3f34,60.0,998.647,0.3323,0.564755,-2.758,998.315,20.6388,-1.8009,27.47,94.632902,0.6016,83.75,8.93,0,True,rain,morning,underground
20784219-534c-43d2-8873-606652f39f98,60.0,1010.712,0.7776,0.622839,-6.454,1009.934,17.2048,13.4908,46.5164,80.321626,0.882,39.95,11.18,1,True,rain,afternoon,underground
1c4616b6-2ebd-4e30-9452-dcd7f901fe6c,60.0,989.862,-1.4022,0.444185,11.638,991.264,-10.4378,-13.9562,55.4627,50.832288,0.5111,50.24,13.85,0,True,overcast,morning,above
5e4172e7-9240-41ea-bd8a-38a8bb0af78a,60.0,992.195,-0.8008,0.548443,6.646,992.995,31.954,-36.6143,36.5464,62.949188,0.7568,48.09,7.65,4,True,overcast,afternoon,above
f9cf40c6-e713-4868-a0e0-330407b2fbe3,60.0,998.365,-0.3095,0.019111,2.569,998.675,24.9092,-13.4469,54.3973,30.552632,0.7035,44.38,11.88,4,True,rain,afternoon,street_level
e45e4d99-9b17-4b43-a4e1-e34113c24891,60.0,996.357,-0.2985,0.10751,2.477,996.655,19.1503,-15.6916,47.0056,54.801406,0.9404,32.45,7.5,2,True,clear,night,above
73c49f94-138e-4e3c-bd96-8cf1ccb138d0,60.0,1012.414,-0.7279,0.595918,6.042,1013.142,40.0566,24.4083,35.6781,70.93541,0.9041,33.14,8.63,0,True,overcast,afternoon,above
dff20e04-bcc1-47be-be5e-f0caae7de50c,60.0,1007.403,-0.5153,0.33858,4.277,1007.918,47.4471,18.6717,24.6197,47.10308,0.3014,10.61,2.12,18,False,clear,evening,above
f6a6f08f-097c-4936-a281-671cf28f32b0,60.0,1012.945,0.3752,0.572745,-3.114,1012.569,30.8691,-35.6266,44.2273,102.048649,0.747,31.22,-1.38,9,False,rain,night,underground
fda707e5-d865-4edf-b5e9-11767d71c7c2,60.0,1009.783,0.6408,0.170457,-5.319,1009.142,16.8891,-8.9602,26.3277,76.749095,0.9628,65.0,10.73,0,True,clear,morning,underground
9a81b28f-da84-4c24-976f-7abc5119f594,60.0,1009.263,1.1967,0.278844,-9.933,1008.066,15.4177,29.0774,49.0673,22.433352,1.0,94.65,13.85,0,True,rain,night,underground
be369e34-4e2b-4ef8-81a6-52cc9afdd898,60.0,991.811,0.8348,0.226174,-6.929,990.976,26.7708,-8.133,32.0231,53.858941,0.901,61.82,12.35,0,True,overcast,morning,underground
a0ad5683-db5a-470e-b7a1-f117f63ea3f2,60.0,1002.434,0.9342,0.57784,-7.753,1001.499,41.3613,-24.7004,38.0854,72.087901,0.6912,61.85,15.69,0,True,overcast,evening,underground
bb46e24c-492f-433e-ba87-92d07ee5ee26,60.0,1010.683,-0.081,0.497148,0.672,1010.764,-14.5076,8.8145,35.7633,52.380841,0.6079,60.99,1.69,7,False,overcast,evening,underground
f9284076-fefb-4d31-b032-269411b85bfb,60.0,990.191,-0.6385,0.247166,5.3,990.829,36.3856,-21.3778,56.1447,98.636968,0.7943,20.75,2.95,1,True,overcast,morning,above
0e34b7e2-c920-4d99-af89-0a8bb49fb4e8,60.0,1011.861,1.4097,0.774066,-11.7,1010.452,23.3139,12.6276,50.8553,15.172097,0.7956,68.01,8.97,2,True,rain,morning,street_level
6fd6c054-7cc3-47e3-9164-837b0a4481f4,60.0,996.077,-0.2625,0.13093,2.178,996.339,17.6101,-13.2565,52.365,7.264346,0.8947,14.67,3.45,15,False,rain,afternoon,street_level
447e1dbf-82d3-42d4-84e3-228218d526ac,60.0,1014.792,0.722,0.265093,-5.992,1014.07,5.405,-10.7227,22.4521,39.226145,0.3341,75.73,14.03,0,True,clear,morning,underground
89f6c249-2b2b-47f8-9420-5eef90ad1cfa,60.0,1015.599,-0.4523,0.141164,3.754,1016.051,17.9991,-15.2548,23.7779,42.486242,0.3426,6.03,10.2,4,True,rain,morning,street_level
87643122-3821-4b65-9884-c8791746ed71,60.0,996.689,-0.5091,0.527458,4.226,997.198,23.9805,-2.7805,34.7155,52.000195,0.758,56.71,6.11,1,True,clear,night,above
822d552e-e60c-4f78-8e27-e167736b25c9,60.0,995.511,-0.0785,0.029941,0.652,995.589,33.7298,-29.0944,38.6619,26.469801,0.1762,59.94,10.48,2,True,clear,morning,street_level
772130cb-98c4-4d60-974c-268032f45d75,60.0,1018.798,0.9409,0.327608,-7.81,1017.857,21.7536,-6.3081,35.0524,113.68127,0.2139,24.46,5.25,11,False,rain,afternoon,underground
8891228b-3906-4bd4-953a-26d053625553,60.0,1005.651,0.0108,0.572572,-0.09,1005.64,24.2275,-13.6584,41.1905,52.357176,0.75,77.37,7.26,0,True,rain,night,underground
57d5ff3d-4257-4997-85d2-bb125f1f4cfc,60.0,993.418,0.5682,0.352738,-4.716,992.85,16.4432,-18.8637,28.1835,72.912417,0.6614,22.65,5.93,12,False,overcast,morning,underground
808e945a-5946-4027-a75f-a7785d1a6d37,60.0,994.196,0.3564,0.666934,-2.958,993.839,29.837,-16.5408,20.0038,31.884469,0.7019,2.74,6.88,11,False,clear,morning,underground
5da6cc00-5994-4493-a4a6-066a3e0841b1,60.0,1014.836,-1.9804,0.299275,16.437,1016.817,17.3658,-22.3516,28.833,-1.909378,0.6972,50.02,12.28,3,True,clear,evening,street_level
a40ef514-5ee7-4c27-98fb-501458fc30d9,60.0,1015.686,0.6363,0.120638,-5.281,1015.05,12.8473,-22.5934,38.1401,64.443765,0.881,3.85,4.55,5,False,overcast,evening,underground
3f9fab71-517b-44eb-ac58-47aea9a1d522,60.0,1004.532,-0.9349,0.223827,7.76,1005.466,36.1673,-3.0584,33.2353,49.141811,0.9765,12.43,3.53,14,False,overcast,evening,above
936e3cb8-519d-402a-8af8-d52ea90e00a3,60.0,1013.651,1.7255,0.419363,-14.322,1011.925,11.844,-39.8328,7.5805,42.826367,0.9643,15.31,3.81,4,False,overcast,night,underground
37d5c474-e31b-4e9c-995f-0c3ac6d4f352,60.0,1011.139,-0.2871,0.154601,2.383,1011.426,22.3435,3.5453,46.9232,69.537729,0.7746,13.18,2.05,3,False,rain,afternoon,underground
9548809d-3c5e-4a70-9208-194a96b873f7,60.0,1005.985,-0.04,0.477088,0.332,1006.026,31.9,-21.385,27.5743,46.252806,0.6887,17.14,6.71,5,False,clear,evening,underground
58e686de-3978-49cc-859f-7ccfd00dc49e,60.0,1017.618,-0.0119,0.124743,0.099,1017.63,57.8746,-14.5387,26.7812,19.25007,0.3829,7.84,0.77,8,False,rain,evening,street_level
3ca5e636-cd07-4dab-88a4-a640f84288d8,60.0,1017.425,0.693,0.545172,-5.752,1016.732,19.9123,-22.5062,50.7415,99.787084,0.8633,35.2,4.3,4,False,clear,afternoon,underground
9f5ca0a5-cefd-4b09-80f5-009150b33d60,60.0,993.544,0.8082,0.254021,-6.708,992.736,6.0444,-16.0837,52.4938,77.46578,0.6062,25.61,5.27,9,False,rain,night,underground
f57e7686-a8c6-48ab-ae4e-4f75df867cba,60.0,992.086,-0.1633,0.148867,1.355,992.249,7.1914,-4.1709,38.198,37.358415,0.2737,6.48,3.43,11,False,overcast,afternoon,street_level
faf9ea9c-7f69-46c3-a7e9-1ab6a52e320c,60.0,1010.43,-1.217,0.514968,10.101,1011.647,11.1363,-9.2925,76.003,83.860611,0.5092,11.1,0.61,6,False,overcast,evening,above
6895df79-3596-402a-bf46-8e9567a38145,60.0,999.398,0.0243,0.144014,-0.201,999.373,16.0309,-4.9791,37.6531,47.995541,0.3484,21.6,0.47,18,False,clear,afternoon,street_level
57f18e7d-ec54-4da4-9932-863b6beccd94,60.0,1003.193,-2.9013,0.159685,24.081,1006.094,13.0987,-9.1537,24.2918,36.415261,0.0,12.32,1.63,10,False,clear,morning,street_level
534a016c-f20f-4745-9954-3c94739c775a,60.0,990.154,-2.5102,0.384681,20.835,992.664,28.6922,-41.347,54.4357,60.105922,0.6236,32.17,3.45,11,False,rain,afternoon,street_level
6867fef7-128a-41d7-a299-745b8386eaee,60.0,1005.467,0.1824,0.126479,-1.514,1005.284,25.7264,-1.3137,37.0724,69.327103,0.6996,76.95,11.77,0,True,rain,evening,underground
75040383-1669-49d5-83c8-4660991c361b,60.0,1013.621,3.3117,0.488901,-27.487,1010.309,-3.5873,-25.2201,38.537,20.312299,0.0324,2.1,11.66,0,True,clear,morning,street_level
1c4c9251-2de6-41a1-bfd9-a52359e449b5,60.0,1000.109,-0.8977,0.40387,7.451,1001.007,26.5791,-15.9924,36.1417,63.654099,0.616,33.07,8.87,0,True,rain,evening,above
16ac5699-768f-4651-a1f5-2e6b4269d496,60.0,991.058,-0.082,0.031943,0.681,991.14,4.5915,1.1093,34.5627,44.929921,0.098,76.31,10.36,3,True,rain,night,street_level
3ef32c04-370e-479e-b0d0-ef63b0b99d92,60.0,1008.623,-0.9074,0.400144,7.531,1009.531,11.7891,8.9115,45.7934,53.278275,0.4298,31.7,12.49,0,True,clear,evening,above
d77836f6-8300-4d77-b666-786c802a99fe,60.0,1001.97,-1.1744,0.752239,9.748,1003.144,18.1277,-25.8234,74.8559,53.161903,0.723,15.64,0.85,23,False,clear,night,street_level
5cccd4a6-3827-4a33-a6a3-070e5b80e9fd,60.0,996.278,-0.0742,0.413862,0.616,996.352,18.5124,-3.9932,42.8183,93.162512,0.5891,22.09,5.34,11,False,clear,night,underground
7f9626e6-6b33-4acf-8d91-ad98e9f23d06,60.0,1003.145,-0.0871,0.50063,0.723,1003.233,55.4277,-23.5748,62.7646,86.866707,0.7372,70.02,9.97,0,True,clear,morning,underground
26e7bbce-6d47-4553-9831-84bcb84a6a1c,60.0,1007.997,-0.6518,0.35021,5.41,1008.649,18.0195,-8.3445,69.1583,131.926513,0.8074,13.89,2.78,11,False,overcast,evening,above
69ed29d5-1d0a-43d7-a158-34bd0372984a,60.0,998.437,-0.8884,0.338805,7.373,999.326,18.525,14.1974,63.2908,19.328888,0.9248,9.96,2.84,11,False,overcast,evening,above
bfc600f1-f20a-451c-8f84-9b2d7c159f6b,60.0,1006.873,0.5412,0.290876,-4.492,1006.332,5.5665,-17.5055,32.1113,98.059199,0.4409,49.03,15.95,0,True,rain,afternoon,underground
1df3ac12-a5d1-496a-9dc4-286e07054725,60.0,994.692,-1.3799,0.355622,11.453,996.071,21.6268,-20.6166,36.5186,65.627061,0.7264,15.09,0.93,10,False,overcast,night,above
38689925-40e4-430f-b27e-6dde0085bd8a,60.0,998.822,0.1066,0.283638,-0.885,998.716,17.9369,-20.552,26.0653,47.865409,0.4925,8.44,3.6,2,False,overcast,morning,underground
6717a323-fa11-4516-b804-29f626ebdb7c,60.0,992.713,-0.7799,0.294477,6.473,993.493,31.9824,-9.0414,58.8993,56.305222,0.366,7.23,2.07,19,False,rain,morning,above
26a4ab21-4ca6-467d-8b7d-84b428ef6762,60.0,1004.775,0.0268,0.064904,-0.222,1004.748,24.8578,16.7351,70.2114,45.005767,0.8344,21.38,4.04,12,False,overcast,morning,street_level
356b6bab-42c7-42c2-8c1f-3574063ef315,60.0,1003.72,0.1184,0.574673,-0.982,1003.602,20.5551,-9.4196,56.7172,66.715642,0.5361,47.58,14.18,0,True,clear,night,underground
2392dcdc-9931-47fb-9d0a-84e125c4ea53,60.0,1003.54,-0.8922,0.339511,7.405,1004.432,32.328,9.6477,55.5129,45.039547,0.9726,14.16,1.81,8,False,clear,night,above
6a369575-41cf-4989-999d-20c25b8a1ab6,60.0,998.121,0.2378,0.4334,-1.974,997.884,13.3934,0.2586,32.7998,62.492116,0.817,41.14,11.81,0,True,clear,evening,underground
b3d9c593-4f59-489d-a9b7-cf8354064d48,60.0,1010.876,0.2224,0.04788,-1.846,1010.654,34.9364,-22.9907,51.3953,3.446705,0.9752,20.28,2.64,4,False,overcast,afternoon,street_level
d9d43412-444c-4d85-9218-92e0369c2260,60.0,1005.91,-0.7948,0.156111,6.597,1006.705,61.363,-7.9692,54.2619,64.855757,0.9795,10.35,-0.17,9,False,overcast,afternoon,above
99548bb9-37ec-4b3c-bd51-c92c5b11a1bd,60.0,993.954,0.1087,0.140669,-0.902,993.845,12.0541,-9.2134,41.3008,58.494092,1.0,14.5,4.84,4,False,clear,morning,underground
66823a62-45d1-472a-b31e-98e67e00cbfe,60.0,1010.155,-0.1159,0.063553,0.962,1010.271,20.8419,-6.999,26.7909,9.152131,0.9842,7.04,0.92,13,False,overcast,night,street_level
a1abb45c-4bd3-4126-bc06-9f858bbc0851,60.0,1001.109,-0.6504,0.163209,5.398,1001.76,18.494,1.3321,41.4009,61.709909,1.0,40.79,9.62,2,True,overcast,morning,above
4010b9c4-c989-4e2c-a2b3-09084bb057af,60.0,1008.171,-1.1222,0.502234,9.314,1009.293,3.3904,-1.5317,51.6676,96.125226,1.0,7.39,2.13,13,False,rain,afternoon,above
c4efa6c3-54fa-40d2-b509-e423624cf7db,60.0,1017.183,-0.0904,0.258639,0.75,1017.274,27.218,-16.7271,58.5726,58.197762,0.3983,26.33,3.95,10,False,rain,morning,underground
6ae12a78-50e3-45da-b222-bb82d9f43a9b,60.0,1009.111,-0.7395,0.10818,6.138,1009.851,13.3799,-20.1572,48.341,99.448086,0.9294,23.36,9.65,0,True,rain,night,above
1561960b-58d5-49af-b30c-7475455e6870,60.0,995.675,-3.5937,0.494757,29.828,999.269,34.7101,-4.904,15.077,43.960307,0.5076,45.13,14.3,4,True,overcast,night,street_level
bfc1c86d-efc3-473e-b861-d6d9e24b47be,60.0,1016.764,0.4154,0.364652,-3.448,1016.349,26.8843,-10.0712,31.3385,59.090601,0.9804,1.0,2.44,15,False,rain,evening,underground
0ec22ad9-96bc-488b-8515-a96a142e13e0,60.0,1013.781,-0.3542,0.064571,2.94,1014.135,21.549,-8.566,30.7781,45.206223,0.4442,16.67,3.47,15,False,rain,evening,street_level
e41bdfc9-60aa-42ca-8303-514d5f3cad88,60.0,993.63,0.3763,0.136123,-3.124,993.254,26.4877,5.7667,42.4438,58.427972,0.5525,51.74,13.55,0,True,rain,night,underground
566447f6-4bf6-4ca8-9161-1defaafac83c,60.0,991.427,-0.5189,0.508184,4.307,991.946,1.5345,-17.1291,52.8991,74.632899,1.0,1.0,7.45,0,True,clear,afternoon,above
9724bc89-0ce6-42eb-bd23-ca86364a9396,60.0,1010.624,-0.4686,0.494943,3.889,1011.093,7.4099,-0.0764,20.3031,76.197712,0.4205,42.29,8.83,2,True,rain,night,above
97e3c892-2df1-43fc-b59e-49eb684ac95b,60.0,1002.036,0.4211,0.304659,-3.495,1001.615,-2.7047,4.5165,21.0635,103.643094,0.851,7.81,5.04,8,False,rain,afternoon,underground
664d7914-1188-4619-bc2e-23a6c910c261,60.0,1016.167,-0.5949,0.283425,4.937,1016.762,24.2135,-16.0646,35.5465,73.231733,0.4319,63.12,12.11,5,True,rain,night,above
57be8f16-6914-4c9d-89d5-99d9c3ab354f,60.0,1017.382,1.0304,0.655647,-8.552,1016.352,6.4285,-20.6855,33.6566,25.301851,0.079,6.88,1.86,13,False,overcast,morning,street_level
a4b37f00-873d-4f26-ac60-0fd0afa596b0,60.0,1001.918,2.4008,0.708544,-19.926,999.517,1.4222,-12.7894,48.0075,20.961718,0.1281,43.74,-1.44,5,True,clear,evening,street_level
8c9e2a07-8c8a-4f44-b837-8aa06a4388c2,60.0,1001.425,1.4648,0.634622,-12.158,999.961,-5.5887,-31.4053,36.0614,38.762628,0.7719,3.6,12.55,0,True,overcast,evening,underground
72579402-6709-4cd4-a4c4-6643cf38a13e,60.0,1015.431,0.1352,0.061848,-1.123,1015.296,10.3903,19.779,41.4431,47.567644,0.9851,61.14,8.95,2,True,overcast,night,street_level
990ec6be-a300-41a2-8fd7-3081d3dd420d,60.0,992.479,-0.0311,0.147517,0.258,992.51,15.9845,-22.3538,52.6871,25.627448,0.5152,73.15,13.79,4,True,clear,night,street_level
ee9d4be8-dd5a-4b36-bb59-97ae8b35ad51,60.0,992.163,-1.2154,0.238234,10.088,993.378,2.4105,-17.4611,76.2422,45.285172,0.6814,64.25,11.96,2,True,rain,night,above
44df6601-b3fa-414a-a13f-a13f3a3bd829,60.0,1016.478,-0.2132,0.064084,1.77,1016.691,51.0842,9.6506,59.2793,43.227429,0.8705,5.1,5.88,4,True,overcast,night,street_level
143a28e9-5941-4021-99cc-c71517d585b3,60.0,995.726,-1.41,0.401433,11.703,997.136,-1.9461,3.8221,33.6413,73.637932,0.5862,4.67,1.89,14,False,overcast,afternoon,above
0721fb59-8db9-439b-ac29-90812732e1b7,60.0,1004.465,0.6121,0.151766,-5.081,1003.853,18.4669,4.2483,31.8417,26.673611,0.6157,10.0,2.14,8,False,clear,night,street_level
827c4488-6dae-48e8-9978-3d087d2bf838,60.0,1008.522,0.1464,0.356568,-1.215,1008.376,15.9574,-15.7169,50.3203,75.302526,0.6897,69.82,9.66,0,True,overcast,night,underground
456af882-d052-4a20-b76f-f986af37b9d8,60.0,999.392,-0.2782,0.069961,2.309,999.67,21.6907,-24.3653,49.1351,21.359281,0.6892,56.28,4.72,4,True,rain,evening,street_level
538e29d8-79ac-4767-ab71-05b319a638af,60.0,993.858,0.4798,0.619017,-3.983,993.378,21.6078,9.0148,56.0896,92.234302,0.9465,57.47,11.49,0,True,overcast,night,underground
938a56e8-f57e-4758-847d-2a9245fc3b06,60.0,1008.532,0.4632,0.138366,-3.845,1008.069,10.0791,0.2027,48.8896,49.661821,0.2983,53.44,9.23,0,True,clear,morning,street_level
f7e47ec2-25ef-4d81-ab6c-6768ce541195,60.0,1005.137,-0.2598,0.148535,2.156,1005.397,31.1288,-17.0393,47.6476,95.613174,0.7765,10.96,11.25,3,True,rain,evening,street_level
3200f188-6f27-4666-8b8d-b134ef30adfa,60.0,990.832,-0.1364,0.35825,1.132,990.968,19.6616,-34.2694,27.5057,70.452672,0.3639,11.34,3.74,8,False,overcast,night,above
bbf7b39a-09fd-4f9a-bb4a-16cd046e1e15,60.0,998.049,0.2282,0.026452,-1.894,997.821,10.5761,-27.3409,37.973,35.282323,0.5912,16.56,1.61,11,False,overcast,evening,street_level
25cbe03f-c228-41a1-b404-8e14cd219903,60.0,1001.357,0.298,0.693229,-2.474,1001.059,24.4839,6.4748,51.5428,83.290384,0.7858,75.87,15.64,0,True,clear,night,underground
23fbf186-4183-4656-bce4-56f2244b04e0,60.0,995.014,-1.0339,0.278197,8.581,996.048,7.0664,-17.7825,56.8295,50.489449,0.462,15.13,2.26,22,False,overcast,afternoon,above
8f97790e-0a39-4cf2-91b3-5c1dd7d97fbd,60.0,1006.476,-1.8451,0.78338,15.314,1008.321,11.4359,-20.1245,50.3096,-5.291531,0.5135,1.0,1.02,8,False,clear,evening,street_level
21ce2916-f0d5-46bc-8cdd-8fe1a9e101c0,60.0,1011.698,0.0389,0.461689,-0.323,1011.659,16.594,11.8168,31.2804,84.495663,0.5203,72.87,6.23,0,True,clear,evening,underground
046727ed-c7ce-4cd5-a280-5c7ec8c0140c,60.0,1001.76,-1.0833,0.406092,8.991,1002.843,27.9238,-25.1095,48.6332,76.150539,0.3769,17.53,1.72,12,False,rain,night,above
97096093-9191-4429-a735-b291f295e0de,60.0,994.519,1.0474,0.258433,-8.694,993.472,14.0848,-3.6024,58.9327,12.281465,0.9183,34.39,8.02,11,False,overcast,night,underground
a8f69ab9-6939-4b36-8d54-7a67202fdac6,60.0,1000.829,-0.9267,0.578366,7.692,1001.756,45.3057,-5.1901,38.6619,39.991917,0.7487,34.55,8.91,2,True,clear,evening,above
79a3b87b-4e4e-4a6a-a93c-45af1529070c,60.0,1014.906,-1.4305,0.451618,11.873,1016.337,24.8769,-15.296,25.937,42.372025,0.499,40.16,14.82,0,True,overcast,morning,above
cc02836d-0865-4643-8203-e3d798debbb9,60.0,998.343,1.0975,0.212301,-9.109,997.245,-26.2171,-19.2957,42.4748,88.812965,0.7467,9.88,3.69,9,False,clear,morning,underground
31ea076a-305e-4761-a77d-dcc2d1dc0ca9,60.0,990.649,-0.2598,0.103623,2.157,990.909,23.4164,-23.1404,65.8884,81.279456,0.3203,16.27,1.94,4,False,rain,night,street_level
ecdb01f4-3d20-4973-8400-09fde9c56844,60.0,1015.501,-1.7153,0.251932,14.237,1017.217,11.9125,-34.032,43.1595,43.624214,0.073,56.03,7.57,2,True,clear,evening,above
49200ae7-f267-40d5-bb2a-c96f6d661095,60.0,1005.645,1.846,0.080601,-15.322,1003.799,18.5795,-24.2377,38.4905,32.69942,0.4395,26.87,-0.76,16,False,clear,evening,street_level
65d93a07-c66a-4902-afc2-56ead613b83c,60.0,1007.8,1.0813,0.311246,-8.975,1006.718,18.6568,-15.1021,23.1754,93.572356,0.6957,25.79,11.93,0,True,rain,evening,underground
6d1826a7-fca0-42fc-ac20-633f285816c1,60.0,999.92,-0.2914,0.051237,2.419,1000.212,12.4558,-4.4134,38.0673,42.776769,0.3453,54.42,4.41,2,True,rain,evening,street_level
9fd30b62-ca04-4e22-83c9-44ed23631fcf,60.0,1004.95,-0.9558,0.597052,7.933,1005.905,38.5033,-38.1908,49.9912,75.709965,0.4126,19.12,8.22,4,True,overcast,morning,above
3844fe67-3ad3-49f5-9212-6215ac8d3cf1,60.0,1003.445,-1.3831,0.395286,11.48,1004.828,7.4092,-9.4438,40.5162,63.437992,0.6852,67.19,6.18,0,True,clear,afternoon,above
71e0ae9d-84e3-436a-9c19-03256500b4d4,60.0,997.696,-0.2535,0.228077,2.104,997.949,28.3705,-14.3187,28.9237,-10.028315,0.4329,20.52,1.21,11,False,overcast,afternoon,street_level
9681b5df-27ce-422c-9ee9-b2dada9e33d8,60.0,1007.498,-0.5653,0.214098,4.692,1008.063,30.3504,-18.8801,24.9211,39.20917,0.8,40.11,9.79,0,True,rain,evening,above
7756d9ba-3117-453a-a915-aa0d6b259ee4,60.0,998.708,-1.1871,0.597188,9.853,999.895,26.2059,8.7322,49.4552,53.907227,0.8957,11.46,3.82,11,False,rain,evening,above
262dfebc-8bff-4fee-9c71-433fa46dce88,60.0,1010.269,-1.0458,0.188064,8.68,1011.314,19.3219,-31.0252,47.8949,66.291706,0.2597,5.04,2.39,8,False,overcast,evening,above
cd23b69d-3f28-4d3f-afea-10e7bdc4c464,60.0,1012.101,0.5237,0.080038,-4.347,1011.578,20.0763,-8.0024,21.6448,63.737537,0.5363,16.78,2.27,12,False,overcast,evening,street_level
6b860e24-7f1f-41de-b12d-5c4d2751a608,60.0,995.503,-0.4582,0.2081,3.803,995.961,24.3179,-26.033,36.0352,58.078318,0.4046,39.71,7.82,3,True,clear,afternoon,street_level
c8e3d916-cd8b-40a7-8594-598822c7a4f9,60.0,992.726,-0.295,0.260513,2.448,993.021,21.8088,-6.0485,61.6322,70.05062,0.5765,42.73,4.55,2,True,rain,evening,above
70d0947d-917c-423f-be3a-f6c5c4c7624e,60.0,1010.335,0.1659,0.191039,-1.377,1010.169,20.2462,-31.0576,6.0817,65.369833,0.6541,61.41,12.27,0,True,rain,evening,underground
39142f65-a9f5-4033-a548-2170de795a58,60.0,991.6,-1.9725,0.153446,16.372,993.573,10.9275,-2.6461,52.7659,41.351605,0.7178,1.78,3.79,9,False,clear,afternoon,street_level
c009e92a-5c31-493f-ab08-2ada5675d4d8,60.0,1003.129,0.367,0.053915,-3.046,1002.762,10.3409,-6.3507,39.8151,24.696941,0.3506,94.46,8.99,4,True,overcast,afternoon,street_level
1841afdb-db99-48a4-bcd0-efd762274536,60.0,990.599,-0.1043,0.091506,0.866,990.704,41.9474,-26.5036,24.1891,-0.186613,0.0,1.0,2.83,15,False,overcast,morning,street_level
bd96f04e-04b7-4e12-a4a9-41bd819a848f,60.0,1001.913,0.8356,0.542101,-6.935,1001.077,13.8986,3.9515,41.3541,93.184322,0.6379,86.54,11.21,0,True,rain,morning,underground
7f4058db-9cab-44e9-9d9a-ed3146c15902,60.0,995.756,0.1105,0.069089,-0.917,995.645,25.0002,-3.4313,56.9479,23.847582,0.0,4.03,0.46,9,False,clear,morning,street_level
f895075e-f72b-40e7-8c9f-3a0d40f901fb,60.0,1005.861,0.7669,0.333501,-6.365,1005.094,26.2144,-4.7377,38.5439,90.343087,0.5375,72.18,10.18,0,True,rain,evening,underground
64004954-b841-4bf0-9e0d-9f1d8c586f0d,60.0,992.846,0.2131,0.562959,-1.769,992.632,38.1248,-22.1267,47.7413,86.132758,0.3254,18.82,8.92,6,True,rain,afternoon,above
968cc4c1-8062-427b-b3f9-506be5fc43da,60.0,1011.427,0.694,0.315301,-5.76,1010.733,14.3746,-12.3504,36.4722,68.110736,0.4935,22.34,2.19,0,False,overcast,evening,underground
3ddc8e43-722f-47a5-ae17-47b8d54a6ec7,60.0,1005.646,0.1446,0.027565,-1.2,1005.501,29.7412,-8.3038,45.5093,10.96639,1.0,1.62,2.15,1,False,overcast,evening,street_level
c07aa9c7-a0c8-4b3b-8084-e2da7251cace,60.0,1012.558,-0.0997,0.085607,0.827,1012.658,11.0064,-29.8755,23.879,105.618941,0.5723,1.0,2.19,16,False,overcast,morning,street_level
4905c7cc-d7fe-4e49-b651-e2d24bd06746,60.0,1015.593,1.4268,0.189924,-11.843,1014.166,-10.6173,-22.8172,50.1918,23.36671,0.7792,57.41,6.77,3,True,clear,afternoon,street_level
ab8d2c6c-e770-43af-8a72-b9a6270b6b8e,60.0,996.192,-0.9156,0.166464,7.599,997.107,33.4603,-6.0465,46.2097,38.601305,0.6119,47.64,6.98,3,True,clear,evening,above
dafb12a3-8ca1-42f8-9255-ee2511eb91d3,60.0,1007.382,-0.1706,0.13947,1.416,1007.553,24.6578,-15.1358,27.4288,32.685244,0.1746,19.95,3.74,12,False,clear,afternoon,street_level
bdea3dce-80f4-493e-9828-d04ede166c74,60.0,1007.083,-0.2582,0.089338,2.143,1007.341,14.9207,-28.0807,44.9882,1.965193,0.6801,12.52,-1.01,16,False,rain,morning,street_level
8f0354f9-0d65-4ebb-a196-9667bc22705d,60.0,1012.695,-0.0263,0.136466,0.218,1012.722,27.8294,-11.7596,27.4991,75.636666,0.8863,9.99,1.93,16,False,clear,night,street_level
4b551924-5974-468c-8f52-2e2dde268ac9,60.0,995.496,0.9433,0.18384,-7.829,994.553,22.3446,-33.778,33.7201,54.234472,0.9108,2.58,4.87,7,False,clear,afternoon,underground
c06b1b87-b169-4e8d-be20-7b1a05dd4e6a,60.0,1009.572,0.2627,0.010673,-2.181,1009.309,8.912,-16.6461,56.8821,73.620453,0.5701,19.56,11.84,1,True,clear,morning,street_level
ed011b4a-0d29-466f-a22e-01067fb58f70,60.0,993.131,1.2513,0.60273,-10.386,991.879,26.9462,-10.1596,13.4816,44.936869,0.5131,65.89,4.0,0,True,clear,evening,underground
89147a10-7f5b-4acc-861a-71d06215b901,60.0,1001.841,-0.4436,0.151028,3.682,1002.284,24.4832,-3.2306,25.378,16.638506,0.551,5.32,2.69,11,False,clear,evening,street_level
ed2f1882-bf38-402e-a399-7292f8f15317,60.0,989.885,-0.7352,0.258257,6.102,990.62,29.9554,-1.4779,35.7771,32.758579,0.9303,9.25,1.66,10,False,clear,morning,above
57b23694-9898-4352-8522-a0f3efb5f08c,60.0,1008.632,0.7356,0.13309,-6.106,1007.896,28.577,10.1371,48.3538,10.712995,0.4451,15.1,1.05,0,False,overcast,afternoon,street_level
18d98d40-1d02-42e8-a65b-cf224c0de09a,60.0,1015.643,-0.7094,0.473602,5.888,1016.352,12.7921,-22.2034,51.5008,67.628675,0.8148,13.3,2.95,10,False,clear,afternoon,above
ecab95ef-e9fc-4b0e-81c4-e0490ecde71e,60.0,995.852,-0.9996,0.205722,8.297,996.851,32.487,-9.5926,29.8824,83.262143,0.3199,47.28,12.18,0,True,rain,morning,above
4d3d6124-1de8-45d4-bbee-587ad003b854,60.0,991.062,-0.1184,0.341617,0.983,991.18,35.9882,8.8092,38.6802,52.052789,0.4502,9.88,1.52,5,False,clear,evening,street_level
b7672df5-4828-44f3-9197-2543a4fac224,60.0,993.724,-0.1393,0.377371,1.156,993.864,-11.6795,-17.999,49.4764,47.886596,0.5779,7.88,1.87,18,False,rain,evening,above
8464c840-6dce-48b4-8dd2-9e121066f603,60.0,993.007,0.5644,0.025261,-4.685,992.443,41.383,2.5892,38.0416,21.233238,0.1618,48.11,6.04,0,True,overcast,afternoon,street_level
08757956-d724-4da8-b75c-7f670b05480f,60.0,1004.662,-0.42,0.23721,3.486,1005.082,29.9239,-16.7126,44.2245,89.827521,0.4191,63.29,13.53,4,True,overcast,morning,above
576539a3-ac6b-4364-9a7d-7c62d797574e,60.0,997.663,-2.5023,0.621848,20.769,1000.165,32.3343,-19.5867,50.0877,76.334805,0.2871,56.67,8.88,5,True,overcast,morning,street_level
e914a65a-597c-48f1-9a98-f2ec72b7bee1,60.0,1005.022,-1.2447,0.497266,10.331,1006.267,32.1679,-5.4011,12.0831,60.172473,0.9041,17.37,1.0,11,False,clear,afternoon,above
89f5e245-3615-40cd-9676-312b4fd2083d,60.0,1002.871,0.4278,0.641145,-3.551,1002.443,4.3125,-15.7282,40.7683,92.552041,0.9269,70.02,12.01,0,True,clear,morning,underground
a105a112-25bd-483f-b75a-6bc0075a88b9,60.0,1000.819,-0.7163,0.483043,5.946,1001.536,44.2534,-3.0036,33.3738,80.229884,0.8947,57.5,11.66,6,True,clear,afternoon,above
f87315c6-51f3-4a14-aa5c-85f6236813ee,60.0,997.133,-1.6072,0.50097,13.34,998.74,-5.9246,-11.5948,49.5275,93.062032,1.0,23.24,8.87,0,True,overcast,night,above
22bd5e2a-16d8-4d5f-9def-49e2d0d98ca9,60.0,1006.662,0.2487,0.325324,-2.064,1006.413,6.028,-2.0412,7.4153,45.079503,0.91,53.62,14.27,0,True,overcast,afternoon,underground
4ff8ac02-a176-47ca-bd5b-d1664b690555,60.0,1007.902,0.1458,0.631405,-1.21,1007.757,33.3096,-13.9278,46.942,72.932733,0.4655,9.5,8.34,2,False,overcast,morning,underground
79585e47-402e-47cf-b2d2-136dd2a9aa3e,60.0,1008.721,0.8688,0.101287,-7.211,1007.852,31.6983,10.9531,12.1249,27.536429,0.5319,5.37,1.48,11,False,rain,night,street_level
d6c6dc79-7822-44b8-ab15-eaaa1c4cf223,60.0,992.895,-0.089,0.406353,0.738,992.984,34.5751,-6.8512,42.1029,40.726256,0.7924,21.82,1.12,7,False,clear,afternoon,underground
58d67fe4-3e60-4151-a42c-67340b85153f,60.0,995.739,0.436,0.523189,-3.619,995.303,36.8657,-28.1392,59.6125,49.429499,0.6685,11.05,3.57,5,False,clear,evening,underground
143796b2-048c-4692-bcb6-53d69e66c8db,60.0,1012.11,-0.1762,0.368342,1.462,1012.286,27.0293,8.4515,6.8047,54.41216,0.7735,27.72,4.04,15,False,rain,morning,street_level
fd3a8471-25fb-4299-a792-ad812fc7e899,60.0,997.541,-1.0633,0.373578,8.825,998.604,-12.6924,-1.8181,33.6303,67.659079,0.5494,37.67,5.88,0,True,clear,night,above
4debcaa3-644f-4d28-abd9-fc78b1406ec5,60.0,1003.371,1.3913,0.593575,-11.548,1001.98,37.7268,-12.4651,21.9283,61.544857,0.9552,78.8,11.86,1,True,overcast,evening,underground
7bd0252e-af10-405b-bb30-20b99b58887b,60.0,999.897,-1.3254,0.54623,11.001,1001.222,30.3229,-16.2288,42.6231,55.984921,0.9041,50.78,7.12,0,True,overcast,morning,above
543336ed-145b-4f56-9d77-6c49a7784790,60.0,991.046,-0.276,0.142723,2.29,991.322,3.3409,-7.0977,49.3468,45.212908,0.5157,16.42,1.35,8,False,rain,night,street_level
7bad2914-9837-49cd-80d5-4d9cb4f5f8ad,60.0,1011.539,0.1375,0.127085,-1.141,1011.401,5.5185,-35.204,37.2638,23.890804,0.2515,12.07,4.48,18,False,rain,evening,street_level
1e66bd58-250e-48c0-977f-a50d05990a3a,60.0,1015.783,0.8512,0.369167,-7.065,1014.932,38.7316,-9.8771,32.886,60.64944,0.6398,24.34,13.79,0,True,overcast,evening,underground
8d8ec52b-86fc-45a0-b860-4388d9d54c24,60.0,1003.784,-1.2257,0.297365,10.174,1005.01,8.9777,-11.6011,53.5671,38.394507,0.5578,53.55,12.63,1,True,rain,afternoon,above
b70b0589-adeb-45df-9b7d-99009c462ccb,60.0,998.013,-1.0853,0.527439,9.008,999.098,19.8794,-15.7222,28.8819,41.970359,1.0,50.03,9.56,1,True,rain,evening,above
539448b9-a009-4a2b-9c13-4d0625bbadf7,60.0,1000.942,0.3025,0.502733,-2.511,1000.64,-16.8704,-25.3026,65.1789,60.128791,0.9454,7.76,4.29,10,False,clear,morning,underground
ea0819a5-7151-4f61-80e0-c247ee478b39,60.0,992.22,0.7878,0.37093,-6.539,991.432,28.9444,-21.2257,45.2492,38.123509,0.5936,16.23,7.09,6,False,overcast,evening,underground
705af9bb-b79a-4209-8f3d-7ff2f4c90307,60.0,992.49,-0.0231,0.033235,0.192,992.513,38.6282,-21.2437,19.8357,26.48044,0.7894,12.86,3.26,19,False,clear,night,street_level
cd856169-9e67-4c2a-b851-06c3f0734963,60.0,993.033,-0.7731,0.271537,6.416,993.806,27.5695,-4.1305,23.5071,51.842641,0.9156,4.83,2.45,6,False,clear,night,above
21db5a93-a9d1-47c2-8d17-5845d77d35dd,60.0,1008.874,0.9917,0.406809,-8.231,1007.882,14.9574,-3.1451,52.5367,73.830358,0.8156,64.85,10.62,0,True,overcast,morning,underground
120dff08-163c-4510-ba92-9a3b2cbe303e,60.0,1000.753,-0.6591,0.312019,5.471,1001.412,7.8171,-3.6849,38.7101,85.878416,0.4159,49.69,5.87,5,True,clear,night,street_level
3fbb7d88-caa1-4d0f-8fee-3759e8907d9c,60.0,1009.845,0.4013,0.101512,-3.33,1009.444,22.3643,-10.9425,47.4219,71.190681,0.5348,65.41,10.0,0,True,overcast,morning,underground
2f9482cd-1535-47d2-be56-fde71d07b3e0,60.0,1002.282,-1.3791,0.112466,11.447,1003.661,10.6364,12.9592,48.5194,46.895016,0.486,3.33,3.12,11,False,clear,morning,above
8a7a4c7a-c2e0-491a-9e0b-a63c1f8cc3fe,60.0,1018.843,1.3329,0.460501,-11.063,1017.51,-3.28,-11.7537,38.0447,86.704731,0.4797,1.0,3.86,11,False,clear,evening,underground
8fc9ef86-cad2-4b11-b825-365889ffecda,60.0,995.797,0.2563,0.100207,-2.127,995.54,-16.7924,1.0225,34.4856,24.634223,0.4847,6.31,5.0,5,False,overcast,night,street_level
49644f80-1bf5-4f25-a5e9-31547d17d054,60.0,1005.196,-0.7042,0.111313,5.845,1005.9,7.2017,-30.713,47.5301,-1.985579,0.3452,6.4,1.79,3,False,clear,night,street_level
e08609d6-b0fc-49d4-9ca8-a8e7ff68e219,60.0,989.631,-1.3767,0.235035,11.426,991.007,36.4661,-17.2419,43.6023,64.425366,0.9255,14.74,1.25,14,False,rain,evening,above
0d37aa7b-50fc-4aae-bed9-6e3cda7b99ef,60.0,1000.928,-0.3362,0.439744,2.79,1001.264,38.2116,-8.5662,26.4528,54.937869,0.7658,19.19,0.74,16,False,overcast,evening,above
9ae3d161-1684-4a00-beb9-5bd955912bd9,60.0,1014.699,-0.0703,0.339298,0.583,1014.769,10.8357,-0.8046,14.877,52.429782,0.7463,44.09,9.49,0,True,rain,evening,above
54622b47-ff03-429a-8448-f6906f15b832,60.0,1002.15,0.1277,0.264963,-1.06,1002.022,38.6403,-34.5093,37.7694,10.1307,0.6835,70.2,6.48,0,True,overcast,night,underground
96dc4ac4-43cd-4154-8d7f-70f3a2347b9f,60.0,1012.48,1.3332,0.309249,-11.066,1011.147,30.4034,-5.5651,36.8031,74.737363,0.8234,50.7,15.27,0,True,overcast,evening,underground
10e6bc16-79fd-4a4e-9756-f91cd9beaa44,60.0,1007.262,-2.5739,0.224041,21.364,1009.836,25.062,8.3556,38.7024,74.913891,0.3107,4.38,0.31,9,False,rain,morning,street_level
78dbabc8-a041-41c3-a87c-74bc4e23a010,60.0,1000.374,0.0575,0.133219,-0.478,1000.317,14.2743,-14.3673,6.7223,52.236129,0.1453,11.73,9.44,1,True,rain,night,street_level
4a3f4c4a-12ff-4822-a314-0fe3111bdf74,60.0,1007.76,0.9505,0.266886,-7.889,1006.81,15.1528,3.0354,36.5163,81.517242,0.9329,52.42,8.76,0,True,clear,afternoon,underground
badee07d-b5b9-4670-bdf6-6eebfdc36aa1,60.0,1004.558,-1.0389,0.327569,8.623,1005.597,30.5814,8.2437,31.7953,52.070959,0.919,55.62,7.2,0,True,clear,morning,street_level
5716831d-c4be-4cda-8b52-50e88c677917,60.0,1004.293,0.2599,0.014743,-2.157,1004.033,15.2834,21.6134,66.5132,24.646653,0.6252,30.08,7.36,2,True,rain,morning,street_level
3a8716ab-67f7-483e-a0b7-3cd4bf12776b,60.0,1007.486,0.5107,0.140746,-4.239,1006.975,21.9188,-18.138,40.9401,43.679452,0.188,38.8,9.83,1,True,rain,evening,street_level
4312bfef-4cd9-4f48-8913-add17ad353bd,60.0,1011.801,0.2746,0.385996,-2.28,1011.527,9.8765,-3.9941,33.7074,32.852008,0.339,45.19,7.21,3,True,rain,morning,street_level
83ef3df2-7626-41e3-bbb4-82a555f05ba3,60.0,1003.389,0.2183,0.523469,-1.812,1003.17,0.5251,-41.5242,45.1308,37.138278,0.0,61.14,7.47,2,True,overcast,night,street_level
4e547dc7-dee6-44fb-82a0-229722d972e0,60.0,999.034,0.2725,0.655744,-2.262,998.762,39.3087,-3.396,28.974,52.611715,0.8189,24.03,3.97,9,False,clear,evening,underground
564ee322-ab27-415c-99f8-fbabf2003b5b,60.0,1011.955,-0.809,0.571626,6.715,1012.764,62.4881,2.8314,58.6004,30.736176,0.8311,58.08,9.78,2,True,rain,night,above
ebc1aa09-d0db-4cf9-a12c-9ed3d3955970,60.0,990.401,-1.1859,0.324369,9.843,991.587,-9.999,-14.6595,45.9593,52.179754,0.7051,46.2,11.42,0,True,rain,evening,above
7c888839-4b51-4702-a6f7-73500e603648,60.0,997.107,-1.1493,0.171015,9.539,998.256,9.2714,-9.592,17.3076,105.633508,0.6535,42.52,5.58,1,True,overcast,morning,above
bccf92d1-c079-4e22-b2fb-0e563dd4189e,60.0,993.582,-0.3715,0.107954,3.084,993.954,32.0197,15.4041,41.9545,36.388533,1.0,46.51,15.81,2,True,rain,morning,street_level
4a397fd6-d573-4d03-ad8a-106d002b06dc,60.0,992.376,1.0439,0.267832,-8.665,991.332,2.554,-1.1997,46.8124,34.466016,0.8564,65.93,16.15,0,True,rain,evening,underground
851b7c37-6b77-4439-a292-3211f03f4059,60.0,998.357,0.457,0.352675,-3.793,997.9,31.7117,1.5363,11.1763,52.63514,0.9416,19.72,4.97,12,False,rain,night,underground
d8c1e909-5c67-49e7-b637-bffc0060b459,60.0,999.342,1.7759,0.724819,-14.74,997.566,7.5896,-2.2185,15.7822,16.98353,0.4983,12.66,2.9,1,False,clear,afternoon,street_level
a829262f-3def-4d6d-8074-f1e050172211,60.0,992.792,-0.7945,0.482562,6.594,993.587,35.1012,2.77,29.8937,42.239091,0.8438,14.15,1.62,17,False,overcast,evening,above
3b3dfb28-fea8-4bdf-9bab-6f456971d5ea,60.0,998.942,-1.0933,0.10847,9.075,1000.036,0.2614,-20.6028,50.4358,108.324714,0.5651,9.76,0.18,22,False,clear,night,above
42999ebe-9041-4de6-81d9-08bd3e4e25ca,60.0,1011.938,0.9943,0.509016,-8.253,1010.943,-2.9317,-19.6376,35.916,53.496031,0.8926,7.74,5.1,3,False,clear,evening,underground
97fe87f2-20eb-48a1-8336-d0bb7fdeeade,60.0,989.766,-1.1138,0.414297,9.244,990.88,6.5413,-12.8638,35.817,66.228829,0.9405,53.25,6.61,0,True,rain,night,above
ac929d29-9573-4a6f-ab39-527949c8b02f,60.0,1001.117,0.3656,0.113466,-3.035,1000.751,29.688,-7.4679,18.922,16.730671,0.3061,8.74,5.14,11,False,overcast,night,street_level
13fb01c4-4878-41ff-bfd6-65255d4ce9b8,60.0,1001.461,-1.1644,0.29297,9.664,1002.625,18.1445,-4.4915,23.2063,47.98092,1.0,5.31,2.61,6,False,overcast,night,above
1ac53c3b-dc85-417a-82bb-07690bc0cdd1,60.0,1006.409,0.2897,0.320431,-2.404,1006.12,34.753,-21.3839,54.4747,95.382465,0.7747,13.19,8.94,10,False,overcast,afternoon,underground
8cfc3009-8fec-4dc5-9777-148e31422fba,60.0,1009.436,-0.2862,0.104837,2.376,1009.722,24.6276,-10.045,39.4473,73.409014,0.7416,9.77,0.47,14,False,clear,night,above
0a9aa723-1df3-4f7e-b79f-9e58d1031d54,60.0,990.833,0.5347,0.317491,-4.438,990.299,19.7184,-20.2885,22.9663,103.676841,0.6921,3.62,5.39,6,False,rain,night,underground
ad2fb5b2-acac-4e1a-81a9-c2572ed96ef7,60.0,1006.299,-1.2053,0.456083,10.004,1007.505,25.7072,-14.3199,21.6471,77.567872,0.886,6.68,3.38,19,False,overcast,evening,above
73f61148-fd69-4b45-93d0-d159ec096e32,60.0,1011.122,0.3886,0.117487,-3.226,1010.734,10.398,-14.0831,42.4308,58.214028,0.6228,10.88,1.69,10,False,rain,morning,underground
fac43dbc-f06d-4c7a-bcf8-bcaf9f4b1422,60.0,1009.372,-0.1532,0.022046,1.271,1009.525,37.4638,-19.3094,29.1947,27.60734,1.0,16.36,4.71,14,False,overcast,morning,street_level
0837369a-1198-4025-a7fb-6e52927b59b9,60.0,989.98,-1.8431,0.286222,15.297,991.823,33.3172,3.1154,36.2364,23.670581,0.8224,11.42,0.37,2,False,rain,evening,street_level
3db40a15-7d39-4fb1-a1e5-d9e8b67525d6,60.0,1005.627,-0.834,0.585366,6.922,1006.461,19.3331,-26.1009,41.0202,33.625929,0.6382,32.22,8.08,1,True,overcast,morning,above
e84990e4-5af7-455e-bc19-100b9c22c4b7,60.0,1010.454,-0.3431,0.5945,2.847,1010.798,30.7867,-2.0547,44.818,53.102715,0.6887,55.6,8.15,0,True,rain,night,above
ffe07e47-aac4-46ec-935c-6b727250af96,60.0,1011.322,-0.2318,0.035319,1.924,1011.554,8.1166,-31.2671,52.0658,38.138204,0.3677,52.5,9.59,3,True,rain,evening,street_level
51a54801-d8b2-46a8-b9b2-ceab05b86090,60.0,996.373,0.0071,0.113489,-0.059,996.366,36.1141,3.0728,32.9678,75.30067,0.7685,57.44,12.82,0,True,rain,evening,underground
e5c94a3d-7ceb-4110-968e-caccf3bf350a,60.0,1011.617,-0.4195,0.620043,3.482,1012.037,16.088,-41.1851,53.5068,71.955575,0.5969,66.92,10.51,0,True,overcast,afternoon,street_level
641bf0b5-f2aa-4b27-bbb3-678d8e8117ae,60.0,1006.516,3.6065,0.559777,-29.934,1002.91,23.4812,-4.6146,41.7849,49.446236,0.3767,15.15,-0.57,1,False,clear,evening,street_level
6c125631-d719-4abd-9783-ba85f5d875ee,60.0,1002.798,-0.9449,0.419849,7.842,1003.742,27.2726,-35.9369,22.941,58.63608,0.7438,34.52,8.45,3,True,clear,morning,above
abe209a2-bca9-4e46-93b8-98bfad9d91d9,60.0,1008.426,-0.0162,0.385942,0.134,1008.442,42.2883,-21.4069,53.2547,75.049526,0.4115,73.43,12.59,1,True,clear,evening,underground
9ff43e6a-12da-4c0e-9486-f5091427dd78,60.0,1007.563,0.8828,0.269472,-7.327,1006.681,13.9305,-15.6771,45.1039,61.566921,0.5617,58.8,9.37,3,True,clear,evening,street_level
c67c4791-6fce-4995-8020-1fde08d6a63d,60.0,994.233,-0.2859,0.060812,2.373,994.519,12.4629,7.3254,61.7918,18.120735,0.868,10.14,0.67,18,False,rain,night,street_level
4ea4b4b6-abd2-4787-9e06-897f52286c46,60.0,1013.042,-0.8489,0.422015,7.045,1013.891,39.8756,6.9672,38.5236,70.115231,0.8278,8.58,2.42,7,False,overcast,night,above
777cb224-99b2-427c-af1b-52aed51bf4dc,60.0,1010.41,-0.1896,0.394053,1.574,1010.6,27.1448,-12.8148,66.9759,86.014546,0.5706,45.3,8.03,0,True,clear,night,underground
569cb7a2-c1f2-46c2-8ee0-a8923a8913a4,60.0,1000.018,-0.3859,0.353936,3.203,1000.404,32.5034,-25.8794,32.2108,91.289972,0.4799,10.99,1.74,8,False,clear,evening,above
a440ab00-b617-484b-bbbb-c9f0b5ff0ec5,60.0,998.06,0.9879,0.187179,-8.199,997.072,6.0526,10.7978,31.1715,110.852836,0.6988,6.66,5.12,6,False,overcast,night,underground
8b023111-635d-4e63-8f1e-6b7c7d450d4c,60.0,1003.437,0.5547,0.581331,-4.604,1002.882,30.8057,15.4591,40.8894,58.116572,0.2961,58.88,12.1,0,True,overcast,morning,underground
8ed1330d-6171-499f-9278-fae26d6762eb,60.0,1003.82,-0.0724,0.386818,0.601,1003.893,49.3329,-18.935,29.7018,72.385726,1.0,19.96,5.12,11,False,clear,afternoon,underground
cc788ea6-622d-4fcd-9992-9759cd8e1b2b,60.0,1005.992,0.2061,0.604332,-1.711,1005.786,12.5116,-9.2202,38.1287,47.817141,0.8784,100.23,9.24,0,True,rain,evening,underground
b5d28ff3-7219-4d2b-aba4-d8cd77051e1c,60.0,1013.831,0.6291,0.436179,-5.222,1013.202,18.9851,4.7349,27.1071,44.928074,0.5326,24.47,1.48,19,False,overcast,evening,street_level
e2e4f045-24ce-4b86-88ca-0f26559f0511,60.0,1011.791,0.1174,0.473188,-0.974,1011.674,23.3168,-21.3428,51.4178,40.296659,0.413,35.35,6.06,9,False,rain,afternoon,underground
c3b33d43-5fed-46c1-806a-67366f5f50aa,60.0,997.043,0.4446,0.185731,-3.69,996.598,40.3571,1.8021,22.0211,37.109111,0.4429,15.92,5.99,0,True,overcast,morning,underground
96b75874-5bfc-4d87-8441-320afda5d0e3,60.0,1012.148,0.0099,0.311542,-0.082,1012.138,38.8478,-2.0666,38.2985,37.972271,0.6559,59.04,9.25,1,True,clear,evening,above
b6038bf4-2ba1-48c3-be53-001993421d0b,60.0,1000.578,0.324,0.393204,-2.689,1000.253,33.1222,0.007,33.2034,40.999066,0.7453,18.42,1.85,10,False,clear,evening,underground
b431fe6f-1085-406b-9861-7b592d242561,60.0,992.583,-0.3759,0.404644,3.12,992.959,32.5596,17.7651,34.7322,14.397318,0.5513,12.61,2.49,7,False,rain,afternoon,above
9a76ed02-1f10-421a-b922-2781e4f22f95,60.0,991.02,-0.9209,0.148167,7.643,991.941,25.6107,-13.2318,51.8014,58.123988,0.6977,8.57,2.82,18,False,overcast,morning,above
1b3a8eb8-ee26-4870-8e2f-a5af3e53979e,60.0,1008.589,-1.1892,0.261902,9.87,1009.779,2.1355,-5.1359,35.5625,33.579374,0.6178,2.61,3.16,20,False,overcast,morning,above
1f3fad86-db6b-4c5e-aec9-a747ae5863cf,60.0,1010.386,-0.3139,0.502198,2.605,1010.7,38.8944,-16.3714,57.3138,47.738692,0.5615,34.08,10.9,3,True,rain,evening,above
1ff58e47-99d3-4282-83ce-3e54709d1391,60.0,1003.523,2.2716,0.597281,-18.854,1001.251,30.1417,-22.0243,52.495,-0.95838,0.2991,62.6,11.7,4,True,overcast,night,street_level
c96b2bd5-5b68-41ee-8708-577330212700,60.0,993.986,1.1408,0.420077,-9.469,992.845,37.1504,-11.018,37.4968,79.796265,0.2684,57.55,12.22,0,True,clear,evening,underground
e7352663-6df8-419d-a84c-ad0b1adb4b40,60.0,1003.693,-0.6047,0.733663,5.019,1004.298,46.007,16.1068,22.2157,13.943357,0.3358,19.28,2.92,18,False,overcast,evening,street_level
6f353dbf-f401-4772-9a84-12384bee9f0e,60.0,992.371,-0.855,0.365178,7.096,993.226,14.148,-4.6065,47.52,100.4078,0.7588,5.47,7.04,0,True,rain,night,above
f88430cd-9e66-48e4-a720-0483a73eba76,60.0,994.938,-1.1854,0.301448,9.839,996.123,14.0669,-22.1107,59.7135,79.806115,0.6042,11.12,0.31,16,False,overcast,evening,above
5ae369e2-a079-4b7c-8779-ce03ce0454e3,60.0,994.141,1.5177,0.462302,-12.597,992.623,6.7004,15.7411,38.6549,6.949654,0.1834,7.84,4.0,19,False,rain,night,street_level
0967de31-fd0c-40c4-8d90-edb5ce079736,60.0,1010.043,1.2673,0.245296,-10.518,1008.776,11.975,-12.3879,17.3935,88.086288,1.0,23.86,12.26,0,True,overcast,night,underground
583a7e10-2a1e-424e-a783-0d3d0b39a446,60.0,1014.115,-0.8766,0.581207,7.275,1014.992,16.7332,-11.0573,56.5366,54.543232,0.2324,43.33,10.86,0,True,overcast,afternoon,above
7db0dab4-318d-4730-a6ee-78982f0df3b3,60.0,1017.575,-0.0598,0.110529,0.497,1017.635,43.9682,13.4186,73.7152,15.965782,0.4145,12.97,2.67,7,False,overcast,afternoon,street_level
1939dab7-9d5e-4852-8878-1836ba4f5374,60.0,1010.286,-0.9831,0.162323,8.16,1011.269,43.7049,-9.8738,51.4713,88.175432,0.6543,42.74,10.4,0,True,rain,afternoon,above
a9ed2f8e-66cf-4d76-84b3-bb9d7268d819,60.0,990.349,-0.1639,0.17606,1.361,990.513,16.7371,-4.0165,37.823,36.563219,0.9141,12.42,0.58,13,False,overcast,night,above
b1c40ae8-0418-4033-b63e-8b0cecfad68c,60.0,1017.973,1.025,0.418093,-8.508,1016.948,10.573,-28.4878,49.3609,104.184226,0.859,5.76,2.26,1,False,overcast,night,underground
5c7ac5e7-be50-418f-a000-d2042c7b4443,60.0,1008.086,-0.0489,0.219677,0.406,1008.135,39.5502,-34.9698,30.0359,56.164386,0.7277,50.14,12.18,3,True,overcast,morning,above
687bdfdb-b96b-4d10-94fe-3e6fe598debb,60.0,1008.038,-0.7981,0.56671,6.624,1008.836,20.4353,-10.6937,51.1679,84.80478,0.6727,37.67,10.26,1,True,clear,evening,above
9537da81-9a98-4edb-b13d-6d0c092ca4ec,60.0,998.714,0.2875,0.29132,-2.386,998.426,20.3682,-5.7189,40.3117,81.413617,0.8114,39.06,16.89,0,True,clear,afternoon,underground
cd72e146-ec88-4b9f-bcf0-6925874e2d38,60.0,1010.493,-0.4282,0.449246,3.554,1010.922,-0.9045,-31.6611,43.9931,22.169829,0.5767,9.38,2.79,19,False,overcast,evening,street_level
66a10e24-586f-4e13-bc81-f3a8ce23f7a7,60.0,1009.692,0.9438,0.142164,-7.833,1008.748,27.1505,-36.6434,43.9996,50.253651,0.6679,17.73,6.07,1,False,rain,evening,underground
33e90381-722b-4e63-b4b4-fd8d0238cf47,60.0,1002.436,3.5912,0.130676,-29.807,998.845,1.6426,-5.9273,13.0892,31.741193,0.1704,32.83,9.13,4,True,overcast,afternoon,street_level
caf6528a-9251-42b3-817f-999a09439032,60.0,993.454,-0.0321,0.228974,0.266,993.486,53.1562,-4.7184,34.9606,57.626822,0.6468,94.49,14.74,0,True,rain,evening,underground
77c45e03-21ff-4ea3-bc35-f2bbbe691677,60.0,997.874,-1.298,0.383707,10.773,999.172,21.9676,-2.8491,41.9277,48.652714,1.0,2.3,1.62,15,False,clear,evening,above
f4ef59e7-3931-46b1-b8d7-72225b328878,60.0,998.613,-1.0132,0.56212,8.409,999.627,23.2549,16.9529,30.9888,104.797164,0.6472,49.91,6.82,5,True,overcast,afternoon,above
649548df-0dec-4b2a-8af4-acabdbdd3fd2,60.0,994.648,0.1792,0.127723,-1.487,994.469,31.3379,10.763,54.5765,18.792365,0.6903,78.08,9.47,0,True,clear,morning,underground
a11cf938-335a-434e-8a7e-7b640cc58713,60.0,995.889,0.5604,0.424709,-4.652,995.329,9.3113,-18.6499,50.2795,28.177499,0.8598,27.19,1.11,14,False,clear,morning,street_level
d5b2f2a8-82db-437f-aceb-d8c9b54daf75,60.0,996.807,0.3764,0.121737,-3.124,996.43,33.3373,3.5414,17.8483,41.943312,0.6514,8.64,2.36,10,False,rain,night,street_level
5e9a94c6-ce58-48e0-ba47-49afe7e117ff,60.0,1006.939,1.0186,0.102497,-8.454,1005.921,32.4365,-44.2125,39.893,61.116683,0.6746,60.96,15.03,0,True,overcast,night,underground
5ce23bfd-de31-4672-ba67-7ef836559577,60.0,997.239,-0.2149,0.106236,1.784,997.454,16.7514,-26.4632,46.7747,78.335836,0.8262,26.34,9.92,0,True,overcast,morning,underground
7611722a-31f2-43dd-ba3d-be32bc9260cb,60.0,1011.142,-0.2189,0.024755,1.817,1011.361,7.598,2.3486,53.4407,45.82416,0.9253,52.76,10.86,0,True,clear,evening,street_level
a753fa83-5c3c-46f9-90ab-34d40a7b2915,60.0,993.052,-1.1148,0.265673,9.253,994.167,34.5252,-6.1443,34.3174,36.968836,0.7139,9.91,9.73,3,True,clear,evening,street_level
6cab7d32-c83b-4c53-ac91-3f40018b66bb,60.0,1011.568,0.4044,0.608457,-3.357,1011.163,15.1531,-21.3001,51.2146,69.976453,0.5791,9.25,3.62,10,False,overcast,afternoon,underground
14aa9415-b82e-4bc3-9a71-32e83eab700b,60.0,1015.868,-0.8329,0.509849,6.913,1016.701,21.5808,-15.0928,18.8749,86.06125,0.5625,53.49,11.53,3,True,clear,night,above
f169e3b2-e6e8-4346-92a8-a88a5e101180,60.0,992.53,-0.2041,0.103407,1.694,992.734,25.0726,-33.741,60.7388,25.286767,0.7413,21.46,0.19,10,False,clear,morning,street_level
07250e23-02c4-42bc-80de-9e11ea88aeea,60.0,998.181,1.3414,0.314371,-11.133,996.84,15.9827,0.8386,41.4867,75.297173,0.4826,75.43,7.23,1,True,overcast,evening,underground
c03b35bd-4932-4ade-8398-17e8f9819082,60.0,1004.713,0.2091,0.061353,-1.736,1004.504,37.8327,4.0054,47.3842,0.011357,0.6785,31.88,3.01,10,False,rain,evening,street_level
69b45287-a1bf-4024-9d1f-411901907b9d,60.0,1011.96,-1.6659,0.495223,13.827,1013.626,24.735,-12.671,19.21,71.651917,0.6615,62.79,8.47,1,True,overcast,morning,above
f5c52deb-e417-4dbf-82a4-12716706ec7a,60.0,1014.132,0.2234,0.384461,-1.854,1013.909,-0.2886,-0.8815,49.3447,92.525754,0.4324,22.2,5.27,14,False,overcast,afternoon,underground
619428e1-5146-44ae-82c9-60bb14ba49c4,60.0,993.877,-0.4173,0.635325,3.464,994.295,17.4085,-4.6909,47.8113,16.472498,0.4354,3.62,-0.41,13,False,clear,morning,street_level
56b882eb-ccbe-4c9b-a6fd-d62f28bdf239,60.0,1008.738,-0.7772,0.357501,6.451,1009.515,13.4806,-7.3397,49.3264,65.197958,0.7457,9.53,2.05,13,False,overcast,evening,above
832692fa-5c2b-42af-bca8-053796c961e5,60.0,1014.488,0.4321,0.297443,-3.587,1014.055,0.1329,-12.2163,53.3549,112.922436,0.5067,15.32,2.15,11,False,clear,afternoon,underground
fd958e6e-d0c1-46f8-859e-5c04a4a7355d,60.0,1008.496,-0.096,0.49464,0.797,1008.592,32.9034,-29.188,62.0182,74.414865,0.2806,1.23,1.36,16,False,clear,evening,above
37985918-f717-4e4d-ae5e-5de823cbaed0,60.0,997.79,1.4485,0.109262,-12.023,996.341,2.426,-2.236,42.9149,57.881129,0.8954,72.8,14.19,0,True,overcast,night,underground
90b0f89d-60c3-4c29-ab39-83ef18271afa,60.0,1001.675,-0.6106,0.128638,5.068,1002.286,0.9967,17.1733,37.3973,43.016197,0.981,47.62,7.33,0,True,overcast,afternoon,above
1759000d-326a-42d9-a74c-d351c82ab805,60.0,997.689,-0.0481,0.675546,0.4,997.737,15.6447,-19.1174,42.3983,38.435055,0.8785,10.66,2.59,5,False,clear,afternoon,underground
975a556a-c23e-45a9-95a3-f7f83c5ebbe2,60.0,1009.639,-2.8731,0.173922,23.847,1012.512,28.7017,14.9141,61.4368,39.064166,0.7873,33.97,7.94,0,True,clear,afternoon,street_level
07497ec3-9d93-40eb-b906-e9afec8b45c7,60.0,1013.333,0.6743,0.685206,-5.597,1012.658,31.2373,-3.8876,75.8269,74.425141,0.8366,26.03,6.08,14,False,rain,night,underground
8af52efd-288e-4ad2-85f5-ea1e25daaa4d,60.0,1001.914,0.2676,0.100857,-2.221,1001.647,19.7459,-12.939,48.5905,64.913698,0.576,27.01,1.88,8,False,overcast,morning,underground
50150c5e-bbcd-494e-bd1a-04dbb93d9160,60.0,999.432,0.4812,0.546903,-3.994,998.951,27.7918,-24.4681,27.6174,89.65824,0.5249,35.42,6.33,4,False,overcast,evening,underground
2bcb21bf-3ba4-40b7-8dd7-5089d9457bae,60.0,1005.371,-0.761,0.443353,6.316,1006.132,4.3182,-5.1451,41.4641,24.795807,0.49,17.14,2.69,10,False,clear,evening,above
793da9b0-90af-41bc-8a67-c25ad98e8391,60.0,995.567,-0.4214,0.433436,3.498,995.988,8.5105,-11.8486,47.3009,62.866359,0.5785,5.82,1.26,16,False,rain,night,above
c68651f7-2504-424d-a7c2-a946ae905fc7,60.0,990.78,-0.5951,0.552718,4.939,991.375,26.5743,-21.0545,61.7921,59.860147,0.5941,43.26,3.65,1,True,clear,evening,above
9da20a45-158d-4932-9d8b-8d8020492907,60.0,1015.931,-0.1425,0.110367,1.183,1016.073,3.578,-19.7573,46.9894,41.9923,0.8983,8.28,4.19,12,False,rain,night,street_level
cd1da8c3-3d0e-4817-b70c-8d785cdc5cd8,60.0,994.994,-1.2784,0.180448,10.611,996.273,29.8338,-30.435,19.8199,43.415799,0.18,1.0,1.62,15,False,rain,evening,above
aabfa647-43c8-4e04-a3e1-eb93db6009bb,60.0,1003.989,-0.0939,0.125834,0.779,1004.083,38.2899,-11.522,24.927,24.693823,0.5223,2.14,1.93,7,False,overcast,morning,street_level
3cfaeeae-4bc7-4a59-982f-40f4299ad1ef,60.0,995.284,-1.3032,0.296861,10.816,996.587,32.7654,20.0562,51.4293,39.275615,0.5419,34.88,6.19,2,True,overcast,morning,above
b9f0e2f2-b4f3-473d-a340-29aa7d180ffe,60.0,1010.859,-0.4812,0.197202,3.994,1011.341,18.9615,-2.93,42.4856,88.815728,0.4855,10.29,1.3,13,False,overcast,afternoon,above
de8f5dd8-936c-4b74-a05f-75a1eef3866b,60.0,990.763,0.4617,0.14243,-3.832,990.301,19.726,-19.8892,20.316,65.003494,0.5781,36.94,11.81,0,True,overcast,night,underground
26cd2f0f-3828-41a6-bef1-614a7347656b,60.0,994.132,0.8179,0.387846,-6.788,993.314,9.141,-18.1043,29.5053,59.96327,0.7256,9.53,0.47,15,False,overcast,evening,underground
43e0be77-29a9-4941-8f18-a29ec74bc445,60.0,1014.683,-0.6748,0.136837,5.601,1015.358,9.233,-37.1831,46.098,60.309243,0.8295,34.64,10.47,2,True,clear,afternoon,above
1eed6772-8c32-4809-9dca-5788a43f5040,60.0,993.974,0.9081,0.615327,-7.537,993.066,54.9176,2.3008,53.7152,106.999928,0.7726,14.02,4.01,10,False,rain,morning,underground
b519bd07-868d-4b17-bf76-187a38049454,60.0,1008.699,1.1258,0.317959,-9.344,1007.573,5.5054,-2.5303,47.4173,48.464979,0.8708,72.37,9.44,0,True,rain,evening,underground
361e3054-5ad2-4ebb-9d34-108f8676a9d2,60.0,1007.67,-1.6895,0.296024,14.023,1009.359,13.2553,-33.1664,42.5525,11.017898,0.2005,7.92,0.26,16,False,clear,evening,street_level
ab1d62f8-2ee8-4884-acc5-0d68c8291074,60.0,995.293,-0.1233,0.345358,1.023,995.416,22.4378,-5.4412,25.3959,14.172427,0.4846,23.88,0.32,9,False,clear,night,street_level
9d00d550-d0eb-43fc-8549-71726d65fda1,60.0,1006.11,-1.0249,0.103462,8.507,1007.135,-0.1839,29.9047,44.6046,56.891207,0.8392,59.77,10.7,0,True,rain,night,above
e4f06b3a-47b7-4327-8861-9c1d2a476815,60.0,998.033,-0.144,0.130446,1.195,998.177,7.9302,0.032,5.2839,48.653311,0.0428,56.74,2.61,3,True,rain,morning,street_level
866d21af-a8c3-4777-b0ea-bab88acf7ceb,60.0,998.936,-0.0367,0.362854,0.304,998.972,21.2071,-18.6386,16.6436,111.503441,0.4427,35.12,10.98,0,True,rain,night,underground
9d2571c4-9328-4176-bc35-66611f0ceddd,60.0,998.995,0.4213,0.175038,-3.496,998.573,31.84,-8.3224,16.0214,61.410669,0.5983,9.85,6.19,11,False,overcast,night,underground
c38c2d46-68f2-4f0c-a273-7e30d1cf74e1,60.0,1004.133,-0.416,0.15266,3.453,1004.549,9.9445,-22.873,51.611,20.188032,0.0,28.74,6.09,16,False,clear,evening,street_level
ff219d87-76b5-4e95-9537-e13a6e5361b2,60.0,998.471,-0.489,0.180816,4.059,998.96,14.6739,-48.7519,34.8828,92.261829,0.5068,1.0,1.34,12,False,clear,evening,above
c1947b5c-a1cc-47f9-b0f8-022ae405bfdc,60.0,997.852,0.1416,0.102417,-1.175,997.711,25.4355,-2.7262,43.0072,73.830528,0.3953,38.45,9.67,0,True,overcast,evening,underground
0fa602fe-e73b-467c-beda-ffde6ba7aa24,60.0,996.74,0.2376,0.695723,-1.972,996.502,-7.8579,-2.3325,27.8063,68.467709,0.5845,93.72,3.85,0,True,overcast,morning,underground
83ab6fea-9391-4b2f-b085-757cbef98129,60.0,996.287,0.0963,0.072358,-0.799,996.191,20.6469,-18.1888,18.9319,28.101594,0.5167,4.52,3.36,2,False,overcast,afternoon,street_level
4bfb824a-0904-484d-bf3e-d792e7fbaa2e,60.0,997.625,-0.3445,0.57001,2.859,997.97,23.5623,-3.5462,44.678,53.078557,0.5777,47.73,11.12,3,True,rain,afternoon,above
b83792fc-9e88-4db6-8832-c3ae9044a49b,60.0,1014.551,0.0242,0.061829,-0.201,1014.527,28.4559,-17.2599,52.2365,9.377659,0.9209,5.45,1.3,9,False,rain,afternoon,street_level
97be0810-3c95-4350-a879-b6ae98c35e1d,60.0,1015.373,-0.7754,0.275752,6.436,1016.148,24.7752,-20.9407,63.9289,73.183298,0.6671,7.5,1.03,9,False,rain,evening,above
e8ad36fd-4b68-4d5d-80de-55769f8cf014,60.0,1015.408,-1.18,0.50024,9.794,1016.588,7.8109,3.9622,28.1209,51.303772,0.2586,12.19,6.66,4,True,clear,morning,above
3b69ba8b-196b-43e1-b4fa-8073a5a64870,60.0,1016.865,-0.279,0.019394,2.316,1017.144,19.6608,1.8882,38.6301,29.896728,0.0,12.47,3.19,4,False,clear,afternoon,street_level
1905d4c5-4f4e-44c4-977a-ebf3fe185904,60.0,999.75,-1.2515,0.316215,10.387,1001.001,25.7182,11.7495,52.3831,77.114756,1.0,57.99,9.98,1,True,overcast,night,above
baca6120-b3c3-40f3-b913-7ff4b61f2962,60.0,994.612,0.5277,0.545067,-4.38,994.084,24.2009,0.6176,43.7608,61.151978,0.4945,15.85,2.2,5,False,rain,night,underground
bb881cd7-cf8b-4903-ac5f-754a877b29da,60.0,1012.629,-0.4992,0.310752,4.143,1013.128,18.6272,-1.7939,70.3369,51.7613,0.6196,35.58,12.88,2,True,clear,evening,above
8ad269cd-0626-4e98-b292-084475857bc6,60.0,993.474,-0.0835,0.032789,0.693,993.557,29.7566,-25.3934,33.4801,10.69962,0.9272,6.59,2.85,19,False,overcast,evening,street_level
c2d4422a-d4ea-40d8-9e23-341bf9dd288e,60.0,998.13,0.1183,0.208297,-0.982,998.011,9.1653,-17.3428,29.9421,69.6391,0.483,27.97,3.86,16,False,clear,morning,underground
149769ff-e003-4abf-ab56-6abbb5dafadf,60.0,1011.949,0.9216,0.383983,-7.65,1011.027,35.4472,-9.4387,43.3062,76.17947,0.5256,75.88,11.42,2,True,rain,afternoon,underground
0e79fc3e-dd61-4bc1-a77d-b2a52ec54ab7,60.0,1013.521,1.2045,0.661426,-9.997,1012.317,8.1446,7.0614,50.1809,65.482903,0.4053,48.9,18.46,0,True,rain,afternoon,underground
e3222ecd-6a77-45d1-9d6a-8a911d4214c2,60.0,1002.439,-0.0815,0.079498,0.677,1002.521,27.1159,-11.9861,33.2783,37.271195,0.4073,17.29,1.56,7,False,clear,afternoon,street_level
63530ebc-214f-4e15-a6f5-e9f84d8ea735,60.0,1015.592,3.5598,0.376626,-29.547,1012.032,20.0932,-10.4313,42.8233,56.638713,0.4939,18.58,-0.5,6,False,rain,afternoon,street_level
3a292b55-594c-452e-ac2f-a8514e59791f,60.0,1004.147,-0.0112,0.330679,0.093,1004.158,26.5693,-4.9443,25.9846,84.001388,0.7603,39.6,14.42,0,True,overcast,afternoon,underground
0348bcb8-fcd1-4258-8d15-4e3b5e683d1e,60.0,1005.939,-1.5508,0.5868,12.872,1007.49,-1.5405,-1.5639,44.2328,35.310037,0.6437,14.15,1.28,8,False,rain,night,street_level
8adb1b0c-1fe3-4860-a3a1-d68796bc1560,60.0,1002.898,-0.7173,0.530314,5.954,1003.615,10.2994,-16.8558,14.3808,106.067185,0.7131,19.84,4.05,10,False,rain,afternoon,above
2f5abd4e-5be0-444b-9fb6-4b8e556aa375,60.0,1012.685,0.016,0.068244,-0.133,1012.669,26.7517,-4.9956,44.5089,5.155356,0.7659,3.4,3.79,16,False,rain,afternoon,street_level
af35c25a-1ecf-4ad7-b9cd-eaa2c9cd08fc,60.0,1005.718,-0.958,0.53254,7.952,1006.676,26.0081,-25.0841,33.1751,64.525137,1.0,13.39,2.73,8,False,clear,morning,above
8477d9fa-e20d-459c-915b-2b2399d6a65c,60.0,989.495,-0.7049,0.59289,5.851,990.2,19.6313,8.194,2.2853,81.355458,0.8427,14.23,0.66,23,False,overcast,night,above
9d703a50-7f25-4006-a011-9fa8725b8780,60.0,1018.209,0.5343,0.151377,-4.434,1017.675,12.9257,-8.0525,55.2951,61.631264,0.9628,83.42,14.04,0,True,overcast,night,underground
05cef844-28ac-4693-804c-053fd7c1d6b1,60.0,1014.342,0.4735,0.320951,-3.93,1013.868,9.6613,-7.7304,53.5763,23.105346,0.5629,51.94,1.47,3,True,clear,afternoon,street_level
0aa91cee-d4d3-4131-8090-21c7b0467f53,60.0,1012.024,-0.1905,0.057186,1.581,1012.214,15.9891,-12.7407,53.308,11.826619,0.0515,11.02,2.21,16,False,rain,evening,street_level
72cbb405-1424-4a17-941e-147e771f6157,60.0,1007.076,-1.2088,0.167076,10.033,1008.285,15.279,-16.5853,18.0873,79.248999,0.5574,14.3,1.14,20,False,rain,night,above
df6712f0-7fa6-42a4-a4b7-c030bccc4a8f,60.0,997.13,-1.7783,0.766534,14.76,998.909,-9.2877,-1.5342,25.5573,29.19358,0.0,22.48,3.48,10,False,rain,afternoon,street_level
4cdb197b-f314-4288-8b90-9fa8d446bfd7,60.0,998.891,-0.7553,0.183263,6.269,999.646,-21.3599,2.3865,84.918,59.943512,0.531,20.27,2.6,14,False,clear,evening,above
913e8ecd-3030-4ab4-8878-435eebf68acc,60.0,991.112,-1.4167,0.389743,11.759,992.529,14.2214,-18.8051,60.4983,48.226722,0.4903,43.8,7.75,0,True,overcast,afternoon,above
405ebdf6-5227-4063-a270-97e719c5f42d,60.0,1009.63,0.8867,0.140822,-7.36,1008.743,29.6107,-0.9156,36.5583,48.139799,0.9652,47.99,10.39,0,True,clear,night,underground
e7318561-bbbe-4af9-b2c1-5705d42b1a43,60.0,991.01,0.275,0.235857,-2.282,990.735,42.7839,-32.8998,17.7495,84.664951,0.7005,45.78,7.25,1,True,clear,evening,street_level
38e8a8b5-28d6-480c-a77f-c43a7c6c7615,60.0,994.426,0.1487,0.100063,-1.234,994.277,11.97,13.7236,58.6779,78.45503,0.7451,1.57,7.29,8,False,clear,night,underground
8b98c8ee-1ef6-44a5-9811-3f5d8a2c784b,60.0,1012.689,-0.0891,0.033634,0.739,1012.778,8.3402,-35.663,42.004,44.021889,0.2151,3.27,2.02,7,False,rain,night,street_level
d6bdabc0-3b06-46b5-943c-e434d2f913cd,60.0,1005.175,-0.1342,0.013971,1.114,1005.31,30.3653,-40.1664,42.0284,51.556651,0.9603,50.99,8.37,3,True,clear,night,street_level
45d6fea8-d37a-4829-9351-6117a38ac799,60.0,999.751,-0.2438,0.333522,2.024,999.995,38.4385,-16.338,35.9678,24.834324,0.0,1.0,3.78,18,False,rain,night,street_level
0f3c99c8-1488-4eeb-9cf4-1ceb79e86f0c,60.0,1011.171,-1.3178,0.426636,10.938,1012.489,2.6921,-19.2215,25.3591,63.680233,0.8176,10.56,1.75,10,False,clear,night,above
b09a05e4-f1df-4dbd-b2bf-a47ebdde6be2,60.0,1012.144,-1.0819,0.542412,8.98,1013.225,30.7768,6.5223,33.0194,77.370651,0.5202,62.0,11.82,1,True,rain,evening,above
24688c80-69f0-44da-83e7-f45dbaf77070,60.0,1012.353,-1.4256,0.384973,11.833,1013.778,9.7837,-7.7009,54.3048,30.097751,0.9196,9.04,1.37,15,False,clear,morning,street_level
50bc3361-5245-4f0b-9d3e-95c547cc289a,60.0,1017.226,0.4029,0.128935,-3.344,1016.823,31.8953,9.0061,38.4735,34.237834,0.2761,10.73,2.74,12,False,rain,afternoon,street_level
fcfbe153-c9ff-414b-90ad-d0ee9b4e5307,60.0,1005.354,0.0634,0.14405,-0.526,1005.29,-1.5815,-22.6848,41.6021,88.187307,0.9818,67.1,7.27,0,True,rain,morning,underground
73db793d-819c-4b24-a48b-68238431e39c,60.0,1001.149,-0.2591,0.117991,2.15,1001.408,23.1069,-14.1199,57.8138,50.672317,0.3141,11.56,3.64,6,False,rain,night,street_level
647c1652-de95-489e-aa77-17e9384412d1,60.0,1009.982,-0.1517,0.221528,1.259,1010.134,12.0513,-22.5325,31.124,79.264183,0.578,59.29,6.79,0,True,rain,evening,underground
496a8097-0905-4001-bdb3-8a8bebaec26e,60.0,1014.635,0.1936,0.079766,-1.607,1014.441,16.0086,-5.9165,46.4817,34.403307,0.6791,27.47,2.42,21,False,overcast,morning,street_level
a08ab963-8247-4e00-8e90-65c1c169f4d8,60.0,1011.984,-1.2131,0.466751,10.069,1013.197,33.1254,-19.0457,43.95,0.179789,0.7793,52.79,10.7,2,True,clear,evening,above
f5803e8b-e132-432c-92a5-83936a7fa20d,60.0,1011.259,0.2896,0.162847,-2.404,1010.969,2.2759,-10.9164,24.001,36.544364,0.0628,9.63,3.5,4,False,overcast,night,street_level
1caee7ca-fe11-4e48-b4db-9ecb0808317b,60.0,1013.529,1.4827,0.543708,-12.306,1012.047,22.6743,-15.5249,47.4791,82.138756,0.5198,77.36,12.63,0,True,rain,afternoon,underground
fa05c405-04c2-4415-bb6f-b1aa3a5ef602,60.0,1009.365,0.0061,0.229318,-0.051,1009.359,28.3082,-0.0667,32.2493,-3.582696,0.6234,22.44,0.14,12,False,rain,night,street_level
96884066-4701-4903-bf76-e34d8bed5fad,60.0,988.103,-2.2486,0.503014,18.663,990.351,-4.9445,-30.0836,54.706,0.656726,0.2786,4.3,0.92,17,False,rain,morning,street_level
a2d4e25e-835a-4603-a102-7b8f6f385a35,60.0,1016.586,0.0593,0.375969,-0.492,1016.527,1.3665,-15.7871,29.5316,37.757621,0.7564,75.04,14.25,0,True,clear,afternoon,underground
d8a9478f-bf1c-47cd-abf1-aa2253b17351,60.0,1012.37,1.118,0.399916,-9.279,1011.252,28.3596,21.9203,40.7136,72.913335,0.8451,44.22,12.95,0,True,rain,evening,underground
bcaddde3-5cf7-4b0a-8755-e03552de9c36,60.0,1012.925,1.2919,0.449646,-10.723,1011.633,-7.6252,1.3304,36.562,88.136207,0.6194,52.75,3.93,0,True,rain,evening,underground
6f4e0bd6-35c7-47e0-b77d-d44d8de91fdd,60.0,1004.774,-1.0172,0.143635,8.443,1005.791,21.8919,-24.0379,60.2861,26.010047,0.5732,1.0,2.35,14,False,rain,evening,above
69993dbe-acff-4667-9136-919fcfbcf36c,60.0,1006.902,0.1003,0.396912,-0.833,1006.802,27.8169,-26.2499,20.4243,91.328013,0.9519,76.05,16.12,0,True,clear,evening,underground
e505a973-8883-4c5b-a8d5-2a7d8a400c5b,60.0,1011.535,-1.0942,0.304933,9.082,1012.629,4.3744,-21.3151,22.1289,55.774505,0.5825,9.82,1.76,19,False,rain,afternoon,above
0ccb6937-6b5d-4006-952d-0a9d6890ba69,60.0,1002.064,-0.9822,0.497321,8.153,1003.046,11.2733,-0.4628,31.2683,50.620526,0.5501,2.72,2.14,19,False,overcast,night,above
b1dcd3a3-a389-4d93-ae95-64deeed277f3,60.0,1008.592,-0.2805,0.038039,2.328,1008.873,45.0559,-17.8029,63.5831,107.275562,0.5921,19.45,4.25,6,False,clear,afternoon,street_level
17bde2fd-e31b-40e7-bef1-b080a407477a,60.0,1015.087,0.4163,0.137742,-3.455,1014.671,27.998,-42.0154,54.5261,67.503455,0.1944,7.86,1.88,6,False,clear,afternoon,street_level
73081f34-04ad-4e94-91ab-4984ad54abea,60.0,1006.761,1.1366,0.485688,-9.433,1005.625,21.4398,-1.4306,21.6194,45.085264,0.9546,10.04,3.09,10,False,rain,evening,street_level
7fadc63f-ee0d-47d6-b9ec-e55be7558f18,60.0,991.133,-0.1607,0.012238,1.334,991.293,20.9146,-0.3761,24.2496,5.331775,1.0,75.03,14.29,6,True,overcast,night,street_level
6f2c95d9-4a34-4812-b15d-e0f15af50640,60.0,995.234,0.7128,0.68263,-5.916,994.521,18.03,-9.4559,47.8274,75.654741,0.5308,21.64,12.98,0,True,clear,night,underground
574f8fb0-06f1-4aa5-8d06-821d9def0a0d,60.0,999.314,0.0862,0.129797,-0.716,999.228,25.6157,-16.0039,59.254,42.799978,0.8143,15.94,0.7,3,False,rain,evening,street_level
cca07b32-4256-43f6-aff9-e4c44b297298,60.0,1002.988,-0.6134,0.22607,5.091,1003.602,18.3366,-8.4137,33.5561,63.679644,0.4983,23.15,2.84,18,False,overcast,night,above
1ba9a46f-ee0e-480d-a56d-ba8ae73c9474,60.0,1014.666,0.4141,0.2515,-3.437,1014.252,-12.3779,-28.3772,59.288,78.383751,0.9842,25.75,5.66,7,False,rain,morning,underground
761d39df-8cbf-4ce8-b908-5dac9cabad19,60.0,1005.924,-1.6879,0.516836,14.009,1007.612,-3.694,8.1739,70.3075,110.646971,1.0,10.82,1.52,18,False,clear,morning,above
85f4f49b-2eaa-4db7-b12f-456dfe3630f1,60.0,996.766,0.9769,0.366164,-8.108,995.789,20.9407,-11.1137,43.7156,41.504796,0.9307,12.75,2.2,13,False,clear,afternoon,underground
7810f6e2-c8ad-4c69-9edd-1dbb8a37ff59,60.0,991.009,0.4375,0.283609,-3.631,990.572,6.1725,13.0522,48.8766,67.986109,1.0,70.72,10.67,0,True,clear,afternoon,underground
254717b4-bb47-4da6-9c0b-3d8958d2d619,60.0,996.416,-1.0375,0.448167,8.611,997.453,34.8336,-38.243,54.3486,72.035672,0.6927,5.34,3.33,16,False,overcast,evening,above
86ad773c-3868-4faa-8566-e91aa8dc1843,60.0,1015.019,-0.7699,0.27052,6.39,1015.789,3.3072,-5.5582,38.0016,59.882459,1.0,11.49,3.88,13,False,overcast,afternoon,above
278b1634-f032-44de-88de-3823fac1c30a,60.0,1011.368,-0.4425,0.503015,3.673,1011.81,10.552,9.7112,48.0908,60.374597,0.3095,11.95,2.18,13,False,clear,afternoon,above
42bd6fee-8e56-420d-ae93-9530f5e383bd,60.0,1015.844,0.0577,0.465061,-0.479,1015.786,8.6109,-30.1181,38.789,53.486028,0.5076,36.36,4.28,11,False,clear,afternoon,underground
d852cf7b-46bc-43ee-a9f0-cce7fdee1706,60.0,1002.222,1.2399,0.529766,-10.291,1000.982,10.6517,8.464,46.6849,40.106882,0.5116,74.97,11.19,0,True,overcast,morning,underground
ac9032f8-c913-4325-bc49-8161b5dc974f,60.0,1005.304,0.1141,0.336165,-0.947,1005.19,5.7555,26.4323,36.2682,34.568928,0.6742,30.23,3.89,13,False,clear,evening,underground
5daa4fe8-d02b-4513-a5c3-ad5540ae559a,60.0,999.91,-0.4552,0.321495,3.778,1000.366,18.6703,-21.3883,35.8024,44.891811,0.9186,31.8,4.71,0,True,overcast,morning,above
288e98c1-ab36-4453-899f-adf4233f9fed,60.0,1012.198,0.9413,0.163448,-7.813,1011.257,34.0018,-18.5512,27.0011,82.271238,1.0,20.65,2.11,10,False,rain,morning,underground
76c727d3-8d13-4985-a66d-60ff3a823fc5,60.0,1006.263,0.9631,0.208815,-7.993,1005.3,41.1396,-5.5477,28.6201,49.43687,0.5268,75.95,4.72,0,True,clear,morning,underground
88afef20-fedb-4180-84ad-62a47b7b6fca,60.0,1010.391,1.7076,0.569887,-14.173,1008.684,24.0893,1.8298,30.6245,26.318587,0.1027,18.01,0.79,13,False,rain,night,street_level
d5252e4f-afcd-4da5-b653-b7df54582563,60.0,1002.101,0.5271,0.619439,-4.375,1001.574,22.2621,25.247,30.8346,81.735177,0.5803,17.29,2.43,8,False,overcast,evening,underground
73aac064-c795-488e-926d-d7df64b21184,60.0,1006.807,-0.8246,0.236959,6.844,1007.632,11.6481,-16.1468,48.8031,46.252806,0.3292,8.75,-0.37,15,False,overcast,morning,above
f3c74b4c-87c7-4948-b19c-eb77fa12ee5e,60.0,993.566,0.1139,0.210055,-0.946,993.452,9.5399,1.0546,22.6431,81.294769,1.0,74.86,8.82,0,True,clear,night,underground
072943db-81c7-40ce-9ad9-708fb448fc6b,60.0,1011.459,-0.0232,0.271881,0.193,1011.482,22.1597,6.1987,36.1592,51.72285,0.6672,41.08,15.91,0,True,overcast,afternoon,underground
bffe824f-8d77-4db7-8fa0-51bed6939a60,60.0,1008.807,0.3094,0.034195,-2.568,1008.497,11.7188,6.9197,29.1377,34.995655,0.5551,56.89,7.32,4,True,clear,evening,street_level
dea184c9-4da5-4774-8975-ab761d8cf725,60.0,992.809,-0.1069,0.291483,0.887,992.916,-1.6151,0.0545,20.1168,57.897216,0.4381,58.88,8.88,0,True,clear,morning,underground
77b08a3b-40be-4928-aa24-7fe39a08d884,60.0,1008.179,-0.7684,0.371016,6.378,1008.947,39.2292,-10.0024,79.8509,36.998484,1.0,47.79,14.28,0,True,overcast,night,above
6872d635-fd16-4fe6-bc3b-5b0cb5e15727,60.0,1005.61,0.1735,0.067769,-1.44,1005.437,38.497,-9.151,30.2775,39.536453,0.4122,14.68,2.62,13,False,rain,evening,street_level
cf4c541b-90e6-4d60-8d7d-6464746bacee,60.0,1001.709,0.2922,0.050959,-2.425,1001.417,31.0519,-11.0709,29.6815,46.636502,0.3343,20.65,2.22,12,False,clear,night,street_level
bf3706e5-a8ec-46e3-9271-0c2930ef98f0,60.0,994.941,-0.0784,0.038788,0.65,995.02,-7.093,-12.6769,51.3501,20.473518,0.8302,7.66,2.29,15,False,clear,afternoon,street_level
cf1d2eef-1fc9-4479-93bb-e5f9c5c990f2,60.0,1004.372,0.2383,0.079607,-1.978,1004.134,29.2831,-5.8211,29.7107,35.551519,0.602,23.7,3.47,7,False,rain,night,street_level
6824fa8b-ea3a-4077-8066-1b3c8b271877,60.0,1016.448,0.9677,0.508787,-8.032,1015.48,11.628,-22.6363,33.3527,84.053507,0.6634,18.47,0.15,0,False,overcast,afternoon,underground
0f4de861-481d-4260-b3f9-6b3cc6d61ae6,60.0,1013.006,0.0205,0.090568,-0.171,1012.986,18.8288,-23.6659,54.1907,3.974845,0.7406,16.12,-0.22,9,False,rain,night,street_level
3648746c-888e-4593-9a97-cc55c3b6ff8f,60.0,1015.722,-0.0434,0.133729,0.361,1015.765,27.8148,-9.4979,52.9991,47.828318,0.4652,1.0,2.16,3,False,overcast,evening,underground
d5c4e16c-e43e-4185-9f9b-8ddaf5e553b4,60.0,1006.022,-1.4421,0.542822,11.97,1007.465,-9.4043,8.6178,23.9886,96.665321,0.8127,5.6,2.55,14,False,overcast,afternoon,above
3930f076-3940-49bb-a828-2d7aaa719b2e,60.0,1005.806,1.1698,0.252171,-9.709,1004.636,24.8332,-13.976,24.7685,55.06355,0.9846,1.0,3.92,5,False,overcast,morning,underground
78c06adf-6082-46c3-85fe-bb72b48f722c,60.0,1005.42,0.8489,0.457732,-7.046,1004.571,24.6854,-10.9571,32.1451,101.952588,0.8757,15.48,10.37,0,True,overcast,afternoon,underground
20dfe2b7-8a0b-4ace-bac9-f2eb91ac8bc6,60.0,997.071,0.1491,0.250241,-1.237,996.922,46.5534,8.4887,41.7882,43.794313,0.5395,74.88,9.2,0,True,rain,night,underground
2ac30014-77ca-4577-8a56-328e5a77ba51,60.0,1006.961,0.192,0.439186,-1.594,1006.768,23.1301,-26.6377,49.6839,53.999067,0.6864,42.46,7.17,8,False,rain,night,underground
a6d8e5ef-3356-4bd2-890e-3db719cefdb2,60.0,993.201,0.2089,0.07199,-1.734,992.992,25.3594,19.0045,22.9348,7.83259,0.4701,1.0,3.17,4,False,rain,evening,street_level
f8333e02-676f-4cb6-a268-2ec7d25ae3a3,60.0,995.439,-0.8946,0.347259,7.425,996.333,7.657,-32.3084,22.9873,80.632311,0.4488,71.81,5.16,2,True,clear,night,above
10af72e5-d8bf-467e-aa22-141c5d6d0c02,60.0,1017.262,-0.1753,0.473964,1.455,1017.438,7.6728,19.4123,48.7458,90.975433,0.4963,21.07,11.35,4,True,rain,morning,above
3f337cf7-8863-4bac-8748-84e4d66322cc,60.0,994.545,0.1123,0.026055,-0.932,994.433,18.5936,-37.5615,53.05,10.732017,0.7589,18.78,2.55,9,False,overcast,evening,street_level
6453ca69-28c0-4a7b-bfbb-498644aa963f,60.0,1003.077,0.5275,0.396111,-4.378,1002.549,6.2504,0.7455,32.1694,25.139685,0.8007,79.2,14.19,1,True,overcast,afternoon,underground
b58754e8-9e8b-4b14-a69e-b9c8beec15f2,60.0,1006.642,-0.4328,0.290743,3.592,1007.075,19.6421,-5.0142,21.2531,37.430063,0.4898,8.69,2.16,14,False,overcast,afternoon,above
c24d98e2-4745-4937-abf8-66faee41f1a6,60.0,992.58,0.319,0.310932,-2.648,992.261,27.3179,-24.3442,46.0584,80.040618,0.8725,81.48,13.27,0,True,overcast,morning,underground
0b6e08b4-ebc1-4237-b285-7cf6b5313cd7,60.0,1014.499,0.1546,0.382063,-1.283,1014.345,24.3633,-34.7647,29.1198,51.680165,0.9161,63.87,12.26,0,True,rain,night,underground
0a5776c6-3aa1-4ab2-99d3-25bbad377208,60.0,1004.152,-1.5472,0.555323,12.842,1005.699,14.504,-18.7994,41.6459,15.57309,0.0,89.48,13.22,3,True,rain,evening,street_level
4928af68-a654-49a8-9893-0566ebfc06ef,60.0,995.387,-0.1692,0.139982,1.405,995.556,-0.5612,-11.8455,39.5849,-12.207196,0.3245,1.0,3.8,14,False,clear,evening,street_level
10c6e429-36d9-43c6-8e7a-ebcef7d65580,60.0,987.969,-2.6531,0.068041,22.021,990.622,45.5898,-11.2473,47.5595,14.673618,0.712,12.48,2.27,8,False,overcast,night,street_level
036d5e0e-0dde-46f3-a5fd-063f4147b1a2,60.0,997.192,0.4871,0.49255,-4.043,996.705,14.1491,-15.5618,62.4415,92.031857,0.6463,79.17,18.23,0,True,overcast,morning,underground
a2d6ca95-9592-41b2-bd70-325819bece0d,60.0,999.018,-0.847,0.424039,7.03,999.865,17.9889,-22.3706,34.452,63.32635,0.6032,28.92,11.2,1,True,clear,morning,above
c7ae36a5-d18e-461f-b1c8-c08be12dfae4,60.0,1008.343,-1.435,0.143967,11.911,1009.778,17.3869,-13.9312,57.5679,75.851334,0.5652,37.97,10.23,2,True,clear,night,above
d72b29a9-168c-48ad-a973-50828be21bfb,60.0,1012.446,0.36,0.656215,-2.988,1012.086,23.9678,5.6914,38.6816,50.368269,0.6691,13.92,5.65,7,False,clear,night,underground
a91d715a-eccf-4bc8-a616-86e68e9cbe61,60.0,990.303,-1.052,0.521064,8.731,991.355,31.8112,-37.848,58.033,95.247592,0.6707,66.07,11.62,0,True,overcast,evening,above
88319e11-8960-485f-b0dd-6568bdbac665,60.0,1007.836,-0.6548,0.600378,5.435,1008.491,30.5125,16.8017,30.1981,60.097348,0.662,28.19,11.68,0,True,rain,morning,underground
c7a4d54b-0267-4904-b7c3-38bc52b0948f,60.0,1005.182,-0.8478,0.597155,7.037,1006.029,34.479,-4.8223,51.0403,46.34005,0.0,29.9,10.39,2,True,clear,morning,above
a337ebc9-c898-4bdc-8142-ff3c8c4c9de6,60.0,1004.061,-0.2623,0.57383,2.177,1004.324,6.7774,6.5365,25.5827,48.585398,0.4966,43.37,6.67,3,True,overcast,night,above
72b73017-0986-4f34-af38-19fd9f87d44b,60.0,994.695,-0.7922,0.13383,6.575,995.487,17.0715,-17.8759,41.4003,20.093731,0.4095,9.63,2.47,6,False,clear,night,street_level
93c70809-ac03-47d0-bcf4-c8094d9ec5c0,60.0,1002.199,0.2326,0.623788,-1.93,1001.967,31.822,-6.628,20.8483,6.21814,0.395,14.57,1.92,12,False,clear,night,street_level
97a104da-47f5-435f-8303-e6d65c50f7aa,60.0,1011.576,-0.6026,0.146057,5.001,1012.178,62.7794,10.1848,33.3971,105.536313,0.6751,11.91,-0.01,16,False,rain,evening,above
3d04dc11-4203-415e-b1f4-8cf918b6ddb2,60.0,1003.337,-0.7088,0.341052,5.883,1004.046,23.9574,8.0459,46.0722,84.687351,0.5758,42.18,9.68,1,True,overcast,night,above
099a7dd9-214c-424f-b88d-a0ba6a7079f7,60.0,995.234,-0.0751,0.398207,0.624,995.309,20.51,2.9283,59.9722,57.822412,0.813,28.5,6.96,0,True,rain,evening,above
d033960c-b78c-482c-b0ce-30ba63bc2c17,60.0,1002.104,0.8826,0.47805,-7.326,1001.222,18.3362,-31.6706,12.1845,74.201786,0.5761,19.55,11.52,0,True,clear,afternoon,underground
3dce4942-17a2-4ba1-b8b6-b61d335d4b10,60.0,1006.793,-0.3432,0.092924,2.849,1007.136,18.1743,16.4019,34.8018,29.51786,0.6281,5.31,14.13,3,True,clear,evening,street_level
865f77f4-80fa-44d2-a068-e4823ea7a836,60.0,1015.595,-1.4833,0.580089,12.312,1017.078,4.2187,7.4055,16.3791,91.907282,0.8535,11.39,0.95,12,False,clear,night,above
5ed00aa7-b62c-47b9-aa6d-646b99a35523,60.0,991.488,-0.743,0.173436,6.167,992.231,38.8221,7.5773,37.1675,47.18924,0.7576,66.19,11.96,1,True,clear,morning,above
da836bc4-acd7-4b30-9903-c49fde90856e,60.0,1012.725,0.9972,0.501882,-8.277,1011.728,21.2586,5.4772,36.9097,134.634603,0.8095,29.8,18.51,0,True,clear,morning,underground
054c9c09-8b5b-4ce9-8bb4-2d0023fe482e,60.0,1009.571,1.5584,0.669445,-12.934,1008.012,37.9709,2.4949,13.7755,30.978057,0.1591,1.0,3.12,11,False,overcast,night,street_level
882e0e17-3eaa-448d-9080-4eee10d8c49e,60.0,1007.847,0.8176,0.271313,-6.786,1007.029,10.3755,-4.181,49.4656,75.311117,0.884,13.51,5.25,1,False,overcast,night,underground
65b1b9f2-f109-41e0-8575-3d67892f4266,60.0,1002.069,-0.8172,0.310392,6.783,1002.886,12.6907,-38.6216,32.9808,60.394583,0.6263,40.63,9.58,0,True,overcast,night,above
f6d873a4-fddd-49ae-9c3a-0b16327a094a,60.0,1014.102,0.8706,0.25411,-7.226,1013.231,28.6436,-1.4553,45.3481,101.426565,0.7928,63.8,9.85,0,True,overcast,evening,underground
b6a8a1d4-62cc-40e8-be90-8bb093ee2e13,60.0,1016.541,-1.08,0.545683,8.964,1017.621,18.8362,-4.8601,16.259,97.263542,0.9292,11.39,2.6,10,False,overcast,night,above
f556166f-2539-497b-8ffb-89279313f10e,60.0,1015.178,0.0477,0.395568,-0.396,1015.13,39.8978,-0.1086,23.4254,91.416087,0.7355,41.36,13.67,0,True,clear,afternoon,underground
5caf8049-9545-49e3-9b53-81e944d23de4,60.0,996.367,0.4451,0.137297,-3.695,995.922,0.2689,-9.4686,56.6183,28.370781,0.5552,37.32,7.54,1,True,clear,afternoon,street_level
36d2180e-cebf-4974-a441-c87aa8d26eef,60.0,1008.023,-0.1448,0.052174,1.201,1008.168,35.0134,-16.6352,52.8224,25.630249,0.3609,20.48,5.18,6,False,clear,afternoon,street_level
184e3db2-db70-4cfc-943e-4275bda0913b,60.0,1013.199,-0.2111,0.05577,1.752,1013.41,33.7879,18.7155,31.9689,1.2419,0.6361,22.71,3.48,13,False,clear,night,street_level
cc5f7e68-932c-4bf4-8ada-804f36a6efa6,60.0,1007.055,-1.6093,0.261624,13.357,1008.664,28.2268,-25.2197,39.6383,52.94313,0.9499,6.27,2.71,11,False,clear,afternoon,above
79dedca2-03d2-4e45-8543-ea3d233d3e19,60.0,1005.101,0.3203,0.611335,-2.658,1004.781,41.4498,-6.4403,18.9832,57.373768,0.7344,5.4,4.44,12,False,overcast,afternoon,underground
b4067671-2ee6-47e7-ac95-d6cc81735abb,60.0,1012.391,-0.3374,0.019913,2.801,1012.728,28.2977,0.2607,66.3652,54.649872,0.1753,19.18,1.6,24,False,rain,night,street_level
ef611456-cfcb-424e-99a7-2b10ca2f38bb,60.0,991.984,0.4586,0.111968,-3.806,991.525,25.1711,-1.0801,14.0253,23.750713,0.7797,16.55,2.72,7,False,rain,night,street_level
765d8563-ed0a-4d0f-afdb-380490f2159c,60.0,1012.612,0.0653,0.483546,-0.542,1012.546,24.2143,21.3988,21.4076,23.777545,0.7932,23.02,1.93,12,False,clear,afternoon,street_level
ded8be73-805e-4c8c-8527-7c8f40a8b521,60.0,1013.25,0.388,0.144207,-3.221,1012.862,25.2185,-25.967,21.8944,41.590016,0.6595,1.0,-1.8,8,False,overcast,night,street_level
806ca579-4297-4298-a8a0-ff6e47039085,60.0,1012.914,1.1619,0.415186,-9.644,1011.752,25.0092,-6.2966,14.7656,65.323894,0.7945,10.57,5.99,0,False,rain,morning,underground
5d3de5a8-a4cf-4fe8-a319-550d043fcb6d,60.0,1017.548,-0.1091,0.406289,0.906,1017.657,-12.0796,-18.2143,29.1982,96.874048,0.6279,11.05,3.65,9,False,overcast,afternoon,underground
b35cbfb3-c2de-45b8-874b-9fea304a2211,60.0,994.969,0.3189,0.103475,-2.647,994.65,18.3342,-30.3982,8.6045,46.526202,0.8813,7.27,0.76,16,False,rain,night,street_level
09eb83c8-08c4-4530-9de3-760acbeaf324,60.0,1003.624,1.0697,0.522624,-8.878,1002.554,19.4822,-30.3493,61.6078,104.659305,1.0,11.75,3.45,11,False,rain,morning,street_level
9540cacc-6228-4dd7-b2a4-f0e4df7480b0,60.0,1018.131,2.1784,0.078908,-18.081,1015.953,39.1813,-6.6761,52.2135,28.767891,1.0,25.17,2.38,16,False,overcast,night,street_level
cc69804c-d14f-4c02-a790-26ee4ec58e83,60.0,991.019,0.6128,0.490658,-5.086,990.406,32.0362,-17.6531,31.9546,85.421823,0.7642,65.2,9.25,0,True,rain,evening,underground
8fbc6286-51b2-4cba-86ff-9ec1e2b7ca48,60.0,995.432,0.4608,0.213341,-3.825,994.971,31.5919,17.4388,54.9023,2.909175,0.2149,25.05,1.57,24,False,rain,night,street_level
eeceeff3-f428-43aa-90ae-1e2969947781,60.0,992.26,0.5582,0.186667,-4.633,991.701,10.3791,-11.6764,43.2487,76.625851,0.8233,86.07,9.06,0,True,overcast,night,underground
a452e7ce-e353-4e93-8026-3544fab63124,60.0,992.687,1.2882,0.486843,-10.692,991.399,34.6163,-10.2352,49.1543,30.160639,0.0,8.59,0.45,11,False,overcast,morning,street_level
329f0997-50dc-4ec1-bafd-9326ed750687,60.0,1012.751,-1.3785,0.404816,11.441,1014.13,17.8829,16.9938,15.318,41.677409,0.6945,73.08,8.15,4,True,clear,night,above
6e342fff-3d09-441f-8c1e-3c8e51c6c3d4,60.0,995.164,-0.7486,0.1221,6.214,995.913,10.476,28.1149,44.9386,58.326092,0.3529,9.64,2.46,7,False,rain,morning,above
e08f622c-1875-4ca3-bd56-4c551f3cb44c,60.0,1002.928,1.2192,0.171172,-10.12,1001.709,27.9852,-12.9871,32.7145,55.31393,1.0,90.57,13.66,0,True,overcast,night,underground
7afc350c-1b7a-489f-b223-2f63968fca9f,60.0,1013.695,1.5176,0.661716,-12.596,1012.178,26.5069,-9.7978,62.2236,50.576732,0.402,55.73,9.36,0,True,clear,night,underground
df9b722e-c108-4a14-998b-d17479d109da,60.0,994.527,-1.2456,0.408342,10.338,995.772,21.9892,-2.1886,11.5346,17.893633,0.6265,12.88,4.65,18,False,overcast,evening,above
0ade3742-c462-4e4e-908b-d13fcaa2a1ea,60.0,1009.734,0.695,0.421964,-5.768,1009.039,17.1728,-16.0438,38.2692,64.276826,0.4512,72.51,13.96,0,True,overcast,night,underground
57806558-052a-46e2-a08a-1b5aa66401fc,60.0,1007.627,-0.2313,0.099214,1.92,1007.858,34.7526,-2.4639,11.9472,14.838845,0.5387,14.6,11.47,0,True,clear,evening,street_level
c359cf65-e120-4bf4-bf1b-ff230e866f41,60.0,1010.438,-1.23,0.404987,10.209,1011.668,17.6858,-21.7533,29.0814,83.408172,0.7524,38.6,11.47,3,True,clear,night,above
1f1b33a9-8ae6-483f-adb4-b7eae6eb8644,60.0,1007.425,-0.5819,0.192747,4.829,1008.007,24.5552,-60.6334,74.628,99.631181,0.5039,45.33,12.46,0,True,rain,afternoon,underground
78c32b7a-aaaf-4aa9-8e49-1c81f2b9bcd5,60.0,1017.578,-0.1819,0.242039,1.51,1017.76,14.5862,-9.7648,20.1146,51.743952,1.0,40.23,8.84,5,True,clear,evening,above
590d222b-afba-4e45-9acd-66ee84da7309,60.0,1002.094,-0.1939,0.124212,1.609,1002.288,16.0987,8.1735,39.2814,54.586489,0.2153,12.73,0.1,7,False,overcast,night,above
542e7db5-1550-4ec0-a906-bef8a9d08f89,60.0,993.936,1.1186,0.55118,-9.284,992.818,12.7773,-8.7187,55.3169,34.248406,0.5983,14.18,-0.39,11,False,rain,night,street_level
c5a2382e-930b-4d28-b3c5-4ce6e1d36f95,60.0,1002.076,-0.1507,0.691012,1.251,1002.227,34.4063,-2.7926,65.3721,49.422274,0.7136,62.48,18.97,1,True,overcast,evening,underground
c6c679a9-6512-4942-9c00-bfbd6b38759f,60.0,1010.456,0.8548,0.536677,-7.095,1009.601,30.0799,19.3798,9.7393,85.560786,0.6533,66.19,12.37,0,True,clear,afternoon,underground
29143443-45f9-4996-99a5-46f78ee38a85,60.0,992.716,0.1377,0.647466,-1.143,992.578,14.1896,-0.8343,39.2327,65.572336,0.2273,60.63,13.98,0,True,overcast,morning,underground
cd22a237-bddf-481e-ac16-66ab767f76c5,60.0,1005.041,-0.8892,0.560614,7.38,1005.931,17.9251,19.6643,28.1349,112.005179,0.51,27.76,8.77,1,True,rain,afternoon,above
501c14a0-0bf0-4094-b423-4b52b467a94b,60.0,996.221,-0.6029,0.035842,5.004,996.824,-2.0339,-34.1439,62.5397,4.119376,0.235,13.52,2.77,16,False,clear,afternoon,street_level
1dab0542-bf4d-462b-98ef-a0a5d83feeec,60.0,996.561,-1.4814,0.292478,12.296,998.043,41.076,-6.1325,47.9831,29.472445,0.525,28.1,7.07,4,True,rain,morning,above
54a91c57-ad00-48e6-9043-fe49943c235e,60.0,995.053,0.435,0.128395,-3.611,994.618,-11.3619,-20.3087,49.5222,46.035763,0.6826,29.71,2.6,7,False,rain,evening,underground
5a8e0439-1774-4522-bad6-e65290f9099d,60.0,1012.049,-0.4886,0.018141,4.055,1012.537,51.0065,-14.7297,32.7974,86.790061,0.2355,17.72,11.21,1,True,clear,morning,street_level
50b4707b-cce8-4bf6-9d20-bbb389049024,60.0,995.884,-0.2679,0.102132,2.224,996.152,25.2755,-4.7742,43.6808,25.472387,0.6119,49.06,9.75,3,True,rain,evening,street_level
291b23b3-2be8-4acd-acb2-a07df3968716,60.0,1012.655,1.3962,0.319858,-11.589,1011.259,31.5729,8.8363,42.5644,127.208513,0.6943,9.77,2.34,6,False,overcast,afternoon,underground
5790c24b-aeb3-427b-9031-77f219c178fc,60.0,997.251,-0.0203,0.120198,0.169,997.271,4.5479,-16.816,61.8362,19.073609,0.0,6.64,1.74,13,False,overcast,morning,street_level
f51c69b6-17ab-40db-b338-64c60afa67a9,60.0,999.086,0.3003,0.011848,-2.492,998.786,16.5649,-15.3753,50.7979,60.063784,0.5125,26.29,10.09,1,True,rain,night,street_level
c1aa28ef-3be6-446a-abe5-3778d7b5f0be,60.0,997.29,0.8366,0.127712,-6.944,996.453,43.0598,-30.7513,37.3129,27.750281,0.772,1.0,2.14,18,False,overcast,afternoon,street_level
f2f611f5-7307-4efb-ae59-de2907d13a37,60.0,998.755,0.1487,0.142677,-1.234,998.607,9.7617,-12.5757,30.6137,7.811868,0.7402,18.27,1.7,10,False,overcast,afternoon,street_level
1294fc9d-4620-4bb7-acd8-16b6b1f71fb8,60.0,994.283,0.1286,0.181781,-1.067,994.154,24.4586,-44.5461,46.3858,19.839934,0.8541,39.34,15.62,0,True,rain,evening,underground
b5b884df-0e29-4895-aeeb-f9eb4f3b4642,60.0,1005.75,0.7208,0.500236,-5.983,1005.029,27.4167,-1.4734,35.0194,59.02712,0.5784,34.07,15.29,1,True,clear,evening,underground
bb472e3e-6a47-4230-a91b-9bb2257bb56b,60.0,1016.228,0.2477,0.138737,-2.056,1015.98,28.1617,18.7419,21.3519,22.570554,0.4819,13.03,2.18,9,False,overcast,morning,street_level
8b39532f-5002-43ae-a140-f14fc41a4d78,60.0,1007.77,-0.9213,0.431512,7.647,1008.692,28.2767,1.0255,44.4852,36.342683,0.7389,39.78,10.25,0,True,clear,night,above
74015042-d382-4242-8bc8-f1740c35a643,60.0,991.21,0.9384,0.166626,-7.789,990.272,23.7689,-15.6884,47.5221,68.491188,0.9279,23.49,5.5,11,False,clear,morning,underground
46b615f0-5d49-4bc4-909f-a4c3454d70b2,60.0,1012.913,-1.6904,0.260743,14.031,1014.603,24.6573,-14.7479,52.3965,78.976236,1.0,52.89,10.52,0,True,overcast,morning,above
ac494e91-a769-4a81-a60f-9e831d70aa29,60.0,989.148,-1.4156,0.494136,11.749,990.563,41.8156,-22.2907,34.1149,114.48237,0.8263,54.02,11.13,3,True,clear,morning,above
e872edb6-36b1-4f94-866b-83ab1ccd58d2,60.0,993.717,0.1837,0.140457,-1.525,993.533,6.4805,9.5648,34.6331,44.692644,0.9743,53.76,11.44,3,True,overcast,morning,street_level
404823b9-7328-49a7-9b3e-1391b145a729,60.0,1014.131,0.0967,0.113779,-0.802,1014.034,25.7416,-23.7651,52.8332,97.207117,0.7035,9.39,0.88,21,False,rain,afternoon,street_level
59849de2-b705-4944-a4d0-67d61390ba9d,60.0,989.564,-0.8249,0.588785,6.846,990.389,13.5984,-30.0664,42.9077,89.463932,0.0,17.89,12.45,1,True,rain,night,above
f96a3e9f-2f55-4f84-b9a0-3e7f74ffc5bd,60.0,1010.618,-1.317,0.575651,10.931,1011.935,11.2801,-25.492,22.1349,75.141919,0.9274,58.37,10.55,2,True,rain,morning,above
7ac0f7ca-87af-4f20-897e-eef412ece552,60.0,1014.258,0.3298,0.07348,-2.737,1013.928,20.5511,-23.2732,41.3806,36.562637,0.1996,69.5,7.9,0,True,overcast,evening,street_level
1eaad085-7f7a-4c5f-9934-6ebd30d8034c,60.0,1009.828,0.356,0.427047,-2.955,1009.472,20.8199,-22.494,35.8392,66.307407,0.7996,3.46,6.08,7,False,clear,morning,underground
a7cef305-20a8-4903-9591-019f6ae8302e,60.0,991.822,0.2725,0.083385,-2.262,991.55,18.428,-11.4277,15.21,26.436018,0.9009,44.63,7.93,1,True,rain,night,street_level
74d7a4c9-5b9a-42c8-a394-61c1222d8be2,60.0,1004.615,0.0812,0.040385,-0.674,1004.534,16.4589,-6.123,52.0754,48.498219,0.491,66.14,13.31,3,True,clear,night,street_level
ac51b477-503f-41cd-8d93-a0c7b91c7882,60.0,1008.782,1.1337,0.562909,-9.41,1007.648,-7.0524,-9.3292,56.088,54.749991,0.7465,1.0,3.15,6,False,rain,afternoon,underground
361ea558-c080-4682-8224-885a3d7876a3,60.0,1008.368,0.1144,0.022688,-0.95,1008.253,19.8337,-0.2006,44.4357,33.138256,0.728,11.22,1.93,7,False,rain,evening,street_level
e6cffc18-62d6-4402-a606-f7b18fb915a4,60.0,1015.466,-0.3318,0.563729,2.754,1015.798,22.5064,-26.5544,44.9985,59.085118,0.7671,44.47,8.3,2,True,rain,evening,above
3d202eb4-b431-4a2d-b103-56cfeba499cb,60.0,991.788,-1.2242,0.534947,10.161,993.012,20.9021,-11.9675,46.3855,52.435607,1.0,32.67,12.22,1,True,overcast,afternoon,above
159ec277-b178-492c-a4d2-52841bec012f,60.0,1004.548,-0.3232,0.114591,2.683,1004.871,40.228,-28.8652,29.6985,83.626671,0.0,46.52,4.75,5,True,overcast,night,street_level
d88f6de9-3c51-416f-90ef-75e6ce7e1631,60.0,994.605,-1.5661,0.133212,12.999,996.171,-7.6038,-5.8848,72.4312,26.963628,0.5594,68.34,3.04,3,True,clear,night,street_level
6011c0ad-6e9e-4fc6-8477-62c6a7dd73f4,60.0,1002.607,1.0346,0.324806,-8.587,1001.572,31.3729,-19.8343,44.0361,49.610539,1.0,78.84,12.82,0,True,rain,night,underground
cbdde0e1-f0fa-4336-be0e-06ec92b15ed1,60.0,1002.727,-0.8561,0.100815,7.106,1003.583,8.0454,-13.7258,61.1141,49.724684,0.6038,55.13,10.67,2,True,overcast,evening,above
dcea6a4c-a437-4d57-ab61-37ded251d4f3,60.0,1005.011,-0.2898,0.036672,2.405,1005.301,-7.4047,-7.8662,41.3318,7.280718,0.5152,63.08,5.97,3,True,rain,afternoon,street_level
938aa8c3-2f8f-4255-8f68-93abce5ceb56,60.0,1001.121,-0.4179,0.639573,3.469,1001.538,-9.0562,-15.9561,49.443,32.649933,0.3686,9.2,2.89,5,False,overcast,morning,street_level
d6c62f34-b6fb-4dc2-beea-94c26e7c0f8a,60.0,1008.739,1.1858,0.551866,-9.842,1007.553,20.4425,-8.7787,37.3738,33.2458,0.7762,13.39,4.29,4,True,rain,evening,street_level
3e1ac2a3-2b53-49d5-ac9e-393a6885a574,60.0,1013.623,0.8118,0.24709,-6.738,1012.811,13.9574,-14.4585,34.4705,43.578834,0.6194,93.33,9.92,0,True,clear,night,underground
89d6e52e-e610-4575-8b83-3760b83644ed,60.0,991.158,-2.0676,0.30721,17.161,993.226,44.454,-13.4424,32.2465,13.577194,0.0427,1.0,1.5,16,False,rain,morning,street_level
624a54a1-0dc3-462a-a591-1e20f9a6896d,60.0,1015.647,-1.7544,0.166654,14.561,1017.401,3.7621,-0.3972,25.781,61.386425,0.4161,11.69,1.96,13,False,overcast,afternoon,above
cccef4ce-4f4d-41df-afd3-1ae35ed3816a,60.0,1000.241,-0.726,0.287182,6.026,1000.967,23.6473,-14.0229,26.891,8.507486,0.8324,44.67,12.5,1,True,clear,evening,above
e3c259f4-193b-4018-8b98-2904504f1dcd,60.0,995.725,0.5829,0.398554,-4.838,995.142,39.7658,3.1316,43.4897,59.923755,0.7628,37.48,11.84,0,True,rain,evening,underground
ab69520f-2d21-4a5a-a181-03034cf6a3e3,60.0,1014.62,-0.3197,0.515588,2.654,1014.939,26.8109,4.993,39.7364,53.211373,0.133,46.51,9.32,1,True,overcast,evening,above
ba279a5a-95e4-4039-a7a5-e52faf35960f,60.0,1011.188,0.6899,0.680977,-5.727,1010.498,36.3855,12.5434,17.3705,115.563901,0.753,84.12,9.71,0,True,clear,evening,underground
3c255cf2-083c-4585-bdda-9e63c3c97fb4,60.0,1012.606,-1.5361,0.282892,12.75,1014.142,-3.4038,-31.638,43.0021,53.257002,0.3246,67.68,5.42,4,True,overcast,afternoon,above
e32e5ef1-6743-4596-b07c-0378b98248a0,60.0,1006.432,-1.0773,0.473136,8.942,1007.509,48.433,-17.3981,15.8669,88.896811,0.0617,54.54,10.21,1,True,rain,night,above
ed0eb3c7-87a7-4ba9-800f-7602c07da6e1,60.0,997.68,0.0245,0.569874,-0.204,997.655,31.6258,22.9041,48.1516,77.461958,0.5882,39.73,12.16,0,True,clear,night,above
6278490b-bc2e-4b9a-8e38-9ac4c184abed,60.0,995.951,-0.3952,0.178293,3.28,996.346,-9.3481,-46.5857,64.4512,52.990491,0.4872,10.59,2.68,20,False,rain,night,above
c8ac0970-0f1f-47d6-bd91-a6c10a7fd32b,60.0,1016.481,0.1164,0.12928,-0.966,1016.365,46.0596,-0.1246,61.5611,54.627349,0.6475,16.5,6.41,3,True,rain,morning,street_level
8fe749d3-c7b8-4764-99be-18b3b173f4c7,60.0,996.792,1.8071,0.290108,-14.999,994.985,29.2554,1.9327,60.394,20.720315,0.5805,22.51,0.42,8,False,overcast,evening,street_level
76a4e8e7-0119-44e0-a993-fa6b50a956de,60.0,1012.334,0.7029,0.307771,-5.834,1011.631,23.4893,3.2935,56.7415,2.857795,0.8684,71.48,16.24,0,True,overcast,afternoon,underground
dcf76aa1-722a-4ff6-9805-8a40815aa992,60.0,1008.009,-0.7167,0.401651,5.949,1008.725,15.7107,3.8674,33.8542,48.328288,0.9163,16.78,1.12,13,False,overcast,evening,above
86e5b52c-f524-447b-9916-ed2f660b46e7,60.0,1012.206,0.0493,0.087344,-0.409,1012.156,5.3416,-8.2498,33.5675,28.129704,0.8273,12.0,1.07,19,False,clear,evening,street_level
275a8f52-e446-47f3-adde-961214bde34b,60.0,1010.651,-0.9639,0.268674,8.0,1011.615,35.0199,-9.304,24.4884,62.880131,0.6374,11.51,3.0,15,False,rain,afternoon,above
bf41b0ec-40a6-467c-8752-8610bb050598,60.0,1013.647,-0.3448,0.791291,2.861,1013.992,6.4307,-14.9621,46.3341,34.291817,0.601,28.65,2.41,3,True,clear,evening,street_level
86ff44a3-5d7f-4323-9ef3-d35437aecf76,60.0,991.814,-0.002,0.09205,0.016,991.816,10.1787,-11.9868,34.8275,-1.620809,0.4387,64.56,9.03,4,True,rain,night,street_level
eae1e730-44be-4d82-84dd-c7bbdb48a447,60.0,995.306,-0.8235,0.120679,6.835,996.13,10.328,-18.5769,44.0312,77.685843,0.7976,13.8,0.52,19,False,clear,morning,above
9a7dfaf6-938d-410f-a947-ef31ac8e602e,60.0,1014.014,0.3769,0.173438,-3.128,1013.637,6.3977,11.7124,32.0926,93.956815,0.607,5.37,2.1,13,False,rain,evening,underground
7db55475-9dc5-4f4d-af2d-3772df5be737,60.0,1007.399,-0.5321,0.084866,4.416,1007.931,20.4231,-11.8748,8.6043,27.36592,0.5942,8.12,2.15,4,False,clear,morning,street_level
9593268f-3458-4f46-ba05-af94099f6b07,60.0,997.853,-0.4085,0.559336,3.391,998.261,27.2326,-25.0087,65.7336,98.712232,0.6274,48.1,16.34,0,True,rain,morning,underground
5adb43a7-8048-4bc8-a9da-320538d55589,60.0,1009.28,0.9216,0.45562,-7.649,1008.358,46.9952,7.3269,43.5085,11.095121,0.4411,37.57,8.73,0,True,rain,afternoon,underground
2b3e07b6-a8f4-40ed-bea3-75422e24bc3b,60.0,990.887,-0.3444,0.55996,2.858,991.231,11.061,-21.4977,48.3761,69.735273,0.4648,3.99,2.03,14,False,overcast,afternoon,above
93851e89-f572-484f-8625-cdbb80f1af3e,60.0,1009.713,0.3558,0.374159,-2.953,1009.357,24.3178,-9.7473,41.8555,24.019103,1.0,26.1,6.5,11,False,rain,evening,underground
1c71f41a-faac-4968-8510-18747a9837c6,60.0,998.913,-0.838,0.591734,6.955,999.752,31.2327,-14.3408,24.5269,129.660457,0.2805,59.06,7.72,3,True,overcast,afternoon,above
7f13dd7f-ec0f-4af7-81f6-0f659f1d5002,60.0,1003.43,-1.6162,0.475632,13.415,1005.046,22.2243,1.3333,25.671,33.964535,0.777,5.54,1.58,19,False,rain,afternoon,above
a66788ce-9b1d-462e-bdc0-91afbc3de00f,60.0,1017.511,2.4795,0.616186,-20.58,1015.031,15.502,-10.4384,57.307,10.307643,0.1851,21.07,0.92,13,False,rain,afternoon,street_level
6ea089e5-040c-40f3-b24a-dbd13cd53454,60.0,993.373,0.4012,0.506151,-3.33,992.972,10.2465,-30.6674,44.1605,64.037464,0.4208,19.87,3.22,4,False,rain,morning,underground
34f83c8a-40b1-4810-b3ed-f9fbe52f2dc4,60.0,998.432,0.1467,0.077514,-1.217,998.285,30.456,15.7921,49.8022,13.874786,0.7309,6.2,3.51,7,False,overcast,night,street_level
44d7b737-1241-41bc-a4a3-b5e25fce0315,60.0,1011.306,1.2947,0.360435,-10.746,1010.012,16.4506,-10.7639,19.9514,79.125601,0.7583,53.54,13.28,0,True,clear,morning,underground
1580c7b1-76f0-41bd-8115-53dfb76f43ef,60.0,1017.101,0.2187,0.022121,-1.816,1016.882,22.2847,-5.8792,27.6606,75.090372,0.0506,37.54,3.69,5,True,rain,afternoon,street_level
3874bb60-0cf5-4c95-a910-2e27250a80ee,60.0,1002.256,-0.1119,0.156667,0.929,1002.368,-9.8957,-0.4146,39.0391,80.672982,0.6551,70.96,15.2,0,True,clear,night,underground
e3de30e1-ff30-49d0-a584-3319f58906c7,60.0,1011.123,-0.1607,0.123698,1.334,1011.284,27.5952,5.0781,26.7822,19.066204,0.8688,27.46,12.83,1,True,rain,night,street_level
43ed93de-9ca8-4374-a1d0-ef89c7c60821,60.0,992.349,-1.4529,0.16046,12.059,993.802,0.9937,-13.7844,34.4125,47.613987,0.6894,3.93,2.93,9,False,overcast,night,above
b5114aef-38fb-4a01-85ba-349d3e862ce6,60.0,1007.38,0.2379,0.181258,-1.975,1007.142,3.0818,-0.7611,50.8116,125.05388,0.9573,38.69,5.32,3,False,overcast,night,underground
6037218a-0204-476a-9f2c-8d59496f9f89,60.0,989.565,-1.0453,0.525963,8.676,990.61,32.5152,-7.1153,33.9705,44.838841,0.6289,97.06,8.27,3,True,rain,night,above
f209da9d-3b2c-461d-92c1-d65bea4576e2,60.0,992.387,-1.4133,0.331565,11.73,993.801,3.8207,-32.2611,35.1593,105.003104,1.0,8.25,3.05,15,False,rain,night,above
f66a37f0-5b63-49b4-95d4-e6c06857bc15,60.0,992.862,0.127,0.118349,-1.054,992.735,15.3739,19.4196,26.3849,31.386097,0.0,12.31,1.09,8,False,clear,afternoon,street_level
bec6d2c3-dc27-471d-a7a8-4d5d6bad260a,60.0,1004.788,-0.0008,0.287323,0.007,1004.789,29.0918,-12.5466,52.2133,41.618645,0.3719,73.71,14.61,0,True,overcast,night,underground
67f11a60-ed6e-49af-ac54-1cec2ca6c418,60.0,992.921,2.6097,0.769901,-21.661,990.311,35.1786,-3.8075,55.5324,-10.726385,0.2844,46.48,8.66,6,True,overcast,morning,street_level
82014f31-7d55-4123-b8d5-74134de8cb63,60.0,992.548,-0.6605,0.272001,5.482,993.209,27.2248,-2.7065,27.8451,63.638611,0.3699,30.56,10.34,4,True,clear,night,above
e6877581-afea-4811-94ae-609ffa9f7686,60.0,992.553,0.6415,0.143013,-5.324,991.911,5.1647,-39.8367,73.0563,53.501606,0.8503,30.05,2.57,4,False,clear,afternoon,underground
5fc24177-e7d4-47db-ab3e-783d36e15ada,60.0,1016.232,-0.5235,0.306813,4.345,1016.756,20.2783,-22.853,45.3949,69.610428,0.6121,61.7,7.25,2,True,rain,morning,above
9bbc3aab-d6e1-42e0-884f-31a8ce09bf3c,60.0,1013.707,-1.1677,0.54106,9.692,1014.875,21.8604,-15.3052,35.1556,51.993673,0.8867,58.01,6.74,0,True,rain,morning,above
e969c208-5dfa-4f98-ba10-2d4575067b93,60.0,1006.553,0.0387,0.730093,-0.321,1006.514,40.1703,-0.8089,18.5689,35.851586,0.3889,9.54,12.8,1,True,rain,evening,street_level
2a662bc5-8f62-448d-bec6-5413c37e38dc,60.0,1011.198,0.3288,0.121362,-2.729,1010.87,26.0343,-11.4242,39.2642,27.392286,0.4628,12.6,2.75,16,False,overcast,afternoon,street_level
3b101adc-8b65-4395-bd58-0e7225857a6d,60.0,996.73,0.0771,0.529522,-0.64,996.653,2.0212,7.6265,37.8644,17.843621,0.7033,46.47,4.77,0,True,rain,evening,street_level
1f13c055-001c-4cae-b332-e206f69b4d48,60.0,992.816,-0.1292,0.375641,1.073,992.945,28.3991,-0.8818,46.5627,97.241874,0.6967,27.7,13.92,0,True,rain,evening,underground
e40ab428-91ae-4c68-bce3-8e861475e6be,60.0,1008.299,1.3577,0.575375,-11.269,1006.941,-14.1925,-1.0319,16.7698,57.47014,0.7064,16.22,4.96,5,False,clear,afternoon,underground
333e0186-16a6-4852-9bf7-5a4d08316352,60.0,1011.926,-0.0431,0.083582,0.358,1011.969,20.9704,-32.2687,36.5854,42.269443,0.7965,17.25,2.33,20,False,overcast,night,street_level
3f82ec3a-b725-4b96-be3c-b86b5c1b2bd2,60.0,993.34,-0.1302,0.147606,1.081,993.471,-0.3353,15.9912,46.4868,-5.395074,0.2986,1.0,3.67,18,False,rain,evening,street_level
cc395956-8ac7-49fb-a902-f79ea08067c6,60.0,1016.455,0.0962,0.073003,-0.799,1016.359,32.3282,-17.0478,8.6193,20.319476,0.6447,32.64,7.63,5,True,clear,night,street_level
fb34c6be-7120-4a53-a6ea-9d5a3317b18f,60.0,1006.48,-0.0501,0.097397,0.416,1006.53,9.1368,-15.8448,57.3883,15.25813,0.5845,24.15,3.17,7,False,clear,evening,street_level
a9d6e7ab-f1b2-44ad-8637-295561ea271d,60.0,1008.41,2.3006,0.276855,-19.095,1006.11,36.3983,10.4422,25.0128,77.896366,0.4862,6.33,3.41,10,False,clear,night,street_level
16b15b40-b156-4733-b578-7739dcd05a9a,60.0,1004.398,0.0403,0.652439,-0.335,1004.357,29.2238,-0.31,60.0435,76.412184,0.4554,13.63,0.43,5,False,overcast,evening,underground
64958288-48c7-41c8-bf5d-5047c967b5c3,60.0,999.269,-0.2395,0.296539,1.988,999.508,27.8034,0.8345,36.6232,60.636824,0.432,13.92,1.05,10,False,rain,evening,above
e12d85f2-2300-41e3-a179-4a9522c37934,60.0,1011.865,1.181,0.544536,-9.802,1010.684,4.5336,-2.3195,23.9738,104.990654,0.9842,26.76,3.61,6,False,rain,afternoon,underground
45bc1cc9-4fa1-4e24-bb44-8a107c9257a0,60.0,1011.029,-0.6194,0.093529,5.141,1011.648,15.5634,-22.8557,42.0543,100.795904,0.0915,84.54,15.65,0,True,overcast,night,street_level
ea2b0a4c-8e01-4f84-bdcb-2b2f6b9ab9ed,60.0,1001.697,0.8632,0.201297,-7.165,1000.834,13.3369,5.7846,47.408,57.128528,0.6258,46.83,12.32,0,True,overcast,night,underground
e6617c3f-64d7-41a6-a957-ad250d7bb1d7,60.0,1003.743,0.3514,0.05931,-2.917,1003.392,8.6459,-16.8579,17.809,86.787672,0.702,1.0,7.5,1,True,overcast,evening,street_level
2db3dc66-8096-4539-8654-6aa83c5120dd,60.0,1000.824,-0.1087,0.013058,0.902,1000.933,4.7631,4.6867,26.9706,109.50736,0.5068,12.34,1.21,18,False,overcast,night,street_level
f3114464-c2fe-4405-837b-c94d42f9cecb,60.0,1007.552,0.6897,0.125821,-5.724,1006.863,11.4715,2.6314,25.7998,81.174071,0.7062,81.32,8.31,0,True,clear,night,underground
3990ecda-b45e-4fa8-b29d-5c1f2a690122,60.0,1006.574,1.1409,0.624615,-9.47,1005.433,54.7412,6.0932,43.6748,59.977698,0.4304,51.71,16.27,1,True,overcast,morning,underground
74873d6f-28bc-48e3-9287-3abc8df5f5fe,60.0,994.584,-1.0197,0.106251,8.464,995.603,22.5494,-10.4464,22.2783,100.749312,0.2828,8.77,0.95,18,False,rain,evening,above
1c4e4e2f-b38e-4bff-a9d1-60a28651de0e,60.0,1000.13,-0.1661,0.550746,1.379,1000.296,8.9157,-12.3419,20.0151,100.922521,0.6639,18.33,1.08,16,False,clear,afternoon,above
75e57291-ff8e-4b86-9a6c-5d2f2b5c00fb,60.0,1007.474,-0.3741,0.387428,3.105,1007.848,18.3094,-13.3275,39.6251,107.157169,0.6475,54.15,11.06,0,True,clear,evening,above
b377b34d-85dc-4969-b9ce-5569c400847d,60.0,1006.965,0.2218,0.101466,-1.841,1006.743,23.0333,4.1706,36.3908,45.767391,0.8945,44.23,9.16,0,True,overcast,morning,above
c1f3cd0a-b1da-483e-9c9c-e6cb79c90222,60.0,1006.056,-0.9777,0.152943,8.115,1007.034,17.1525,-6.592,26.5529,30.583842,0.4084,18.9,4.98,1,True,overcast,morning,above
9c28e8c5-090e-44ea-bc1f-99c14d974357,60.0,1001.283,0.1714,0.139954,-1.423,1001.111,-18.3418,-14.7843,58.1369,-9.145231,0.5099,23.46,-0.62,18,False,overcast,morning,street_level
96f3b3e8-162f-4299-bdc4-ec49fd641247,60.0,995.999,-0.4435,0.581497,3.681,996.442,42.7948,-12.3439,32.6528,70.119636,0.5482,57.83,11.86,1,True,overcast,afternoon,above
cb5201d8-4ee8-4a6a-8af0-b06c2a4eaa4d,60.0,1008.021,0.0359,0.537166,-0.298,1007.985,20.4588,-10.9635,38.6642,70.082143,0.6496,102.4,14.95,0,True,overcast,morning,underground
841d282f-fe1c-40f4-93b9-fa6503f1eb9f,60.0,1010.722,-0.0047,0.068027,0.039,1010.727,17.4854,-23.8937,43.6036,15.90123,0.3325,1.11,2.27,12,False,overcast,afternoon,street_level
1556e045-06e6-45ca-be03-b3c7d9cbece7,60.0,1014.828,-0.0053,0.446613,0.044,1014.833,19.153,8.066,51.4098,11.844708,0.4289,26.43,4.06,7,True,rain,afternoon,street_level
f9dcabf1-1603-4a18-9471-1a6107a9b764,60.0,1011.588,0.2805,0.076937,-2.328,1011.307,20.5121,-30.7794,32.9548,18.611438,0.08,12.41,8.86,4,True,overcast,night,street_level
9acb02dc-7ef2-477b-b1ae-c53f0149ca81,60.0,1000.59,0.8779,0.7812,-7.286,999.712,14.5975,-26.9522,70.0387,37.317688,0.2892,17.52,1.8,13,False,overcast,evening,street_level
8a0c3eb9-0a6c-41c7-9c32-9cb8f7d65484,60.0,1009.595,0.9282,0.379349,-7.704,1008.667,-6.7015,-2.7675,-0.0934,50.087603,0.834,30.99,4.58,15,False,overcast,morning,underground
299c7675-8c0d-467f-97a9-83a58c4315eb,60.0,1015.64,0.8783,0.538236,-7.29,1014.762,32.4109,2.1353,49.1961,62.735945,0.809,26.8,15.3,0,True,clear,evening,underground
54ccaac1-c896-425f-947f-2ead265107f8,60.0,998.298,1.0714,0.402514,-8.893,997.226,0.8236,8.9609,46.4175,129.747564,0.8695,13.08,4.22,9,False,clear,night,underground
aa73a65c-836a-4948-ac06-1ede81de57c7,60.0,1011.02,-0.1734,0.050011,1.439,1011.194,30.144,-26.537,34.9204,68.743759,0.7234,38.98,4.84,3,True,overcast,evening,street_level
a1e579fd-4b85-4fc3-aea0-dcae4582e138,60.0,1010.455,0.4775,0.536929,-3.963,1009.977,18.3828,0.6222,40.1274,49.255486,0.6996,1.0,3.69,12,False,rain,morning,underground
94374222-d89f-4d29-9b27-032f8b037b43,60.0,992.354,-1.7826,0.310457,14.796,994.136,10.4854,-18.3948,20.1671,-5.363981,0.6416,12.88,0.88,12,False,clear,afternoon,street_level
cfb40cbc-6554-476c-bbb8-6b56ffca6640,60.0,1004.63,0.8078,0.114724,-6.705,1003.822,-2.5898,-15.2612,8.141,32.581514,0.2487,1.0,3.52,13,False,clear,afternoon,underground
103d11ab-1d20-44ea-b355-1b6394ad4de7,60.0,1017.432,0.1742,0.666707,-1.446,1017.258,22.1554,2.9428,24.1146,79.586894,0.5796,94.46,8.97,0,True,clear,afternoon,underground
ed6cf122-3ee1-4043-9f90-7ba6cda5208c,60.0,1000.089,0.5048,0.301868,-4.19,999.584,15.5272,-0.7214,57.162,46.125435,0.8545,41.96,11.97,0,True,rain,afternoon,underground
93a500c7-04bc-4dff-9504-39a6eff736da,60.0,998.078,0.0977,0.115808,-0.811,997.98,16.2891,-17.9261,40.4664,42.124984,1.0,3.2,5.3,3,False,overcast,evening,street_level
93d7cc7c-3c1e-4aab-9f57-d0d1edbb067b,60.0,994.646,-0.0696,0.052474,0.577,994.716,17.4577,-1.604,35.7347,14.88349,0.59,61.5,18.41,2,True,clear,morning,street_level
e26730c8-2883-4ceb-b43c-41bf3b1033a8,60.0,1002.024,0.5035,0.347739,-4.179,1001.521,24.8653,-6.5732,25.04,78.6516,0.3672,57.33,12.81,0,True,rain,morning,underground
9456991f-e078-433d-b22c-dbfd5675cab5,60.0,1006.969,-0.1627,0.524753,1.35,1007.132,-4.4064,-8.5273,46.3532,53.591718,0.6693,10.52,2.94,10,False,clear,night,underground
c26fd170-98cd-4bbb-9c54-683d8e58003e,60.0,1001.564,0.0885,0.394096,-0.735,1001.476,7.7527,-17.7279,47.7063,100.068203,0.5783,71.26,15.65,0,True,rain,night,underground
4cffc834-8d75-4cf9-8aba-453868737c21,60.0,1002.683,1.4527,0.533037,-12.057,1001.23,11.3692,3.2159,21.9567,46.431597,0.0,12.08,2.81,13,False,clear,afternoon,street_level
378c4e91-3552-4440-a843-27628ef0aed7,60.0,1000.002,0.1526,0.029134,-1.267,999.849,43.7761,10.5289,37.3486,35.708666,0.9073,13.13,3.02,6,False,overcast,afternoon,street_level
ec8f5b80-7937-41a5-b4f3-b8af76ad183f,60.0,1005.48,0.814,0.111098,-6.756,1004.666,14.8667,-6.6115,49.8285,99.677331,0.4908,96.85,17.0,0,True,overcast,night,underground
e1602e53-e696-45c1-a1b8-25f400c10dbb,60.0,1014.665,0.4748,0.461042,-3.941,1014.191,17.9189,-37.273,28.6614,47.647359,0.2323,22.42,5.34,3,True,rain,morning,street_level
3088e87f-efea-406b-a361-2a9b4d592e21,60.0,1008.287,0.3453,0.357901,-2.866,1007.942,25.5204,-41.2603,59.7781,27.452654,0.3517,70.74,11.67,0,True,rain,night,underground
031f6edc-12ad-49b6-b8c7-8c1672fafca7,60.0,999.733,-0.2237,0.037222,1.857,999.957,34.3015,-21.3051,39.1764,35.665152,0.4358,16.76,3.97,8,False,rain,morning,street_level
456b2bb5-45bb-4e57-a23a-56f50b12e48f,60.0,1008.985,0.533,0.669198,-4.424,1008.452,1.8724,-5.508,55.0333,69.55284,1.0,68.76,14.43,0,True,overcast,afternoon,underground
e8336942-6b7e-481d-b25f-1b0fbd5cb48c,60.0,1005.21,-0.0648,0.106761,0.538,1005.274,35.6471,2.3715,37.2232,5.557262,0.8348,1.0,3.45,8,False,rain,morning,street_level
413c3ad1-e42e-44c4-849e-3719f7d28f5c,60.0,1001.715,0.0739,0.586121,-0.614,1001.641,15.1735,-13.127,57.6748,27.806384,0.5572,16.48,4.36,11,False,overcast,afternoon,street_level
6ef8934d-fcca-470e-ba10-2d0f9009bf4d,60.0,997.854,0.9096,0.130937,-7.55,996.944,18.9256,-21.2498,65.0727,78.920503,0.6877,2.6,2.64,8,False,overcast,night,underground
79cc21cb-0efa-455a-b88e-763d6db83bc6,60.0,1001.166,0.8318,0.660872,-6.904,1000.334,14.147,15.3933,14.5029,24.668307,0.6866,14.91,3.47,6,False,clear,afternoon,underground
a2755a66-58d8-4e88-8059-79383efa49e4,60.0,999.299,0.2757,0.049886,-2.288,999.023,11.6955,-7.1642,48.0709,0.034482,0.8442,7.49,3.81,5,False,rain,afternoon,street_level
b470da54-fc2a-4aea-99dc-deb01d55612a,60.0,1006.385,1.8708,0.669169,-15.528,1004.514,42.0634,-14.1761,60.1452,59.168191,0.478,64.75,7.12,5,True,overcast,night,street_level
8141bd32-e561-4b88-b982-19d3e0831a17,60.0,995.639,-1.6037,0.349789,13.311,997.243,23.4561,-4.3337,24.2841,97.919763,0.5418,60.14,6.19,0,True,rain,morning,above
9a3b86d9-f24e-4457-bdc5-0dbf872db9f1,60.0,1002.339,0.0688,0.092719,-0.571,1002.27,-7.6213,14.3245,39.8143,27.785708,0.5295,82.91,10.85,0,True,rain,evening,street_level
994c9073-2d25-4dc6-912f-e0e87372a789,60.0,989.607,-0.8869,0.13996,7.361,990.494,22.7472,-12.4545,22.7385,85.169195,0.643,15.24,2.69,17,False,clear,morning,above
6ff36647-3c48-4700-a80a-8729a3c1fccf,60.0,1007.774,1.0573,0.780811,-8.776,1006.717,23.3076,-38.6104,53.0504,42.356929,0.1592,10.46,3.85,5,False,rain,evening,street_level
be562f54-a1a2-4532-a295-3eb834708129,60.0,992.434,-0.3307,0.313353,2.745,992.765,43.395,21.1062,72.8579,90.190802,0.4502,12.5,1.04,22,False,rain,night,above
766a3c03-c716-45a7-ae52-220b8567e2ac,60.0,995.765,0.2245,0.583681,-1.863,995.541,21.9758,3.5628,69.3381,54.894173,0.866,38.04,10.39,0,True,overcast,afternoon,underground
358ed216-fccc-45a6-83f5-83f57cae1f2e,60.0,1002.5,-0.9442,0.354725,7.837,1003.444,24.0937,-4.0126,66.6618,41.29836,0.8005,4.77,0.19,11,False,overcast,evening,above
103663d8-bcb4-49fb-8132-060f2264bee8,60.0,1004.823,0.1523,0.120249,-1.264,1004.67,47.5738,-20.4064,26.635,37.634738,0.7887,53.13,3.56,4,True,clear,morning,street_level
5004b166-6738-49ed-815f-fab6c4f912c6,60.0,1010.157,0.3194,0.38569,-2.651,1009.838,7.8798,10.1543,42.2091,76.517682,0.9023,6.76,2.85,0,False,clear,night,underground
84a69c2c-dc77-4e13-908b-40ccf6698f85,60.0,1017.018,-0.486,0.51712,4.034,1017.504,26.9402,-23.8345,48.8997,124.734003,0.6556,12.27,1.37,13,False,clear,afternoon,above
056c22ee-1925-4a9b-b519-c2fec18b94ff,60.0,1000.204,0.0152,0.428287,-0.126,1000.188,-1.6414,-13.7932,38.9925,126.631178,0.503,1.0,10.29,1,True,overcast,evening,above
ee276492-e3db-4322-a1b3-1292ea9bd4d9,60.0,1005.952,0.2012,0.320113,-1.67,1005.751,22.6313,-26.6009,33.7974,46.935206,0.7937,43.3,9.82,0,True,clear,evening,underground
89b314d9-ca70-4215-b33f-5cba18892ef7,60.0,996.441,-1.5078,0.355335,12.515,997.949,41.3394,-12.0058,55.0165,95.153961,0.7563,44.76,10.84,2,True,rain,evening,above
f8855b59-e5bc-4005-b6ed-88058ebd96ca,60.0,1009.147,-0.336,0.337169,2.789,1009.483,27.4507,-3.0134,18.8339,66.942628,0.8412,69.43,6.51,0,True,rain,evening,above
f2dfdd2d-1549-4783-8848-0104a882dd8a,60.0,995.044,-0.2273,0.015155,1.887,995.271,27.6943,-20.2857,55.3676,18.467337,0.5344,21.37,1.62,10,False,overcast,evening,street_level
c4689825-8efb-42e8-a5f7-ffcffdabc92b,60.0,998.257,-0.0208,0.587277,0.172,998.278,2.4804,-4.3196,42.9018,81.164963,0.7734,25.96,4.33,11,False,clear,night,underground
76214ad7-2086-47b2-b2b5-fd3ed91f06b3,60.0,1002.825,-1.4211,0.583981,11.795,1004.246,22.0254,-4.7386,25.6937,60.409694,0.5677,44.16,10.2,0,True,rain,morning,above
84923a2f-7301-4de6-9b9f-fca6bf5cf74c,60.0,1010.54,-0.8416,0.141843,6.985,1011.381,5.2996,-21.8625,28.3338,63.101711,0.9985,8.16,1.11,16,False,clear,morning,above
61d605fb-24ed-4c3f-a6ec-bcf189c97290,60.0,1003.537,-0.7169,0.395511,5.951,1004.254,15.9856,-5.0654,63.7171,56.650833,0.9273,43.54,7.94,0,True,rain,morning,above
1f051b76-f1a9-435e-af7b-a4816e51bd68,60.0,998.181,1.8611,0.787166,-15.447,996.32,24.7052,-6.1351,40.9509,77.071231,0.8682,4.6,0.56,16,False,overcast,afternoon,street_level
64eba5d0-4616-4475-b92d-fc9d9d5f5e0e,60.0,996.474,0.2328,0.641685,-1.932,996.241,19.1371,9.0731,20.9912,70.921003,0.5501,60.19,11.43,0,True,overcast,night,underground
bfd446dc-2ad2-42ec-be13-e0d2b91e9b4a,60.0,990.427,0.2149,0.475618,-1.783,990.212,31.3896,-10.8819,42.3352,46.148427,0.3647,31.07,1.74,8,False,overcast,morning,underground
a46e65e6-9778-4f32-9a49-470f40ca3f28,60.0,1008.838,-0.7897,0.563898,6.555,1009.628,16.9211,-29.7336,42.6608,50.977804,0.9078,1.0,3.13,20,False,overcast,morning,above
82d284ed-e3f1-4c19-9d8b-7113647dc3d0,60.0,996.965,-0.5683,0.494688,4.717,997.533,-4.4746,-42.4737,28.7358,75.223524,0.6597,47.26,8.76,2,True,clear,night,above
10524a75-d2a3-4929-a3ed-01bf48f647c6,60.0,1016.428,-0.5284,0.586576,4.386,1016.957,9.7733,-9.175,33.0501,86.154197,0.6738,63.22,12.33,4,True,clear,evening,above
ea16e435-a8f2-43fd-89c5-609968f2adf7,60.0,991.678,0.7778,0.501106,-6.456,990.9,0.8636,-40.4038,57.85,81.432449,0.8378,20.4,4.12,10,False,overcast,evening,underground
d020f724-0ed5-4d3c-8241-dec99e9b9d97,60.0,1017.586,0.8559,0.30547,-7.104,1016.73,26.5311,-2.5701,46.088,78.75198,0.6641,3.24,4.38,14,False,clear,morning,underground
09e3b623-f892-4609-a3cc-e4b978c054ae,60.0,1001.236,0.0983,0.136137,-0.816,1001.138,50.8909,7.2069,27.7737,81.344249,0.9051,21.62,0.33,6,False,rain,evening,street_level
f3b681ca-b49b-491b-8f98-2e3e92f6a5f8,60.0,999.009,0.202,0.118063,-1.677,998.807,11.0952,-35.7351,47.7947,47.820821,0.878,11.2,2.18,11,False,rain,morning,street_level
670fa9bb-f267-4068-abd5-b6b76b1f5e4b,60.0,1010.205,0.9069,0.655252,-7.527,1009.298,15.7765,-13.7064,42.2501,16.546659,0.7984,9.51,2.23,22,False,overcast,morning,street_level
dedc8caf-cd3c-466a-a091-4927c52231bc,60.0,1015.898,0.3286,0.362517,-2.728,1015.57,55.1177,-36.0701,47.6334,72.995237,0.3591,86.15,16.89,0,True,overcast,evening,underground
e327997a-707f-48fb-be3a-cb6e464005a8,60.0,994.541,0.1063,0.235487,-0.882,994.434,0.1808,-57.9835,38.0024,6.648321,0.076,67.89,5.7,4,True,clear,evening,street_level
dce476f2-c680-4370-8c7e-d08c1381885d,60.0,994.265,-1.0978,0.119637,9.112,995.363,56.9163,-10.9487,62.8681,40.316252,0.4258,3.21,-0.13,5,False,clear,afternoon,above
422555ac-8718-4865-8dda-b94f11596b63,60.0,995.562,0.2748,0.417924,-2.281,995.287,21.4812,-12.4327,29.3252,102.433458,0.9126,86.18,10.16,0,True,rain,morning,underground
60a3a00f-dba6-4c1e-a114-2a5a53088bcf,60.0,1011.257,0.7373,0.65429,-6.119,1010.52,23.7106,-24.7641,27.4037,61.480393,0.6746,66.22,12.76,1,True,rain,afternoon,underground
fa57a348-0386-46f5-83c6-372cb6911838,60.0,1007.251,0.2011,0.143593,-1.669,1007.05,39.6386,-20.3635,54.97,14.829285,0.0,21.32,1.44,5,False,clear,night,street_level
22943891-58fe-49fc-b786-9b02a1ed3a4a,60.0,992.038,0.2804,0.102687,-2.327,991.758,-0.9135,-4.8275,45.2363,42.694899,0.5677,16.63,2.92,10,False,rain,night,street_level
ff55c89f-685f-4dd9-8ec6-273e3d703c37,60.0,988.459,-2.213,0.245468,18.368,990.672,23.5328,-30.2777,32.2243,35.571098,0.1015,15.85,-0.25,18,False,overcast,afternoon,street_level
e85d4d6b-e233-46e7-bba0-35e004523556,60.0,1015.043,0.0804,0.191312,-0.668,1014.963,34.9497,-19.9886,47.483,56.065349,0.5755,5.81,0.77,17,False,overcast,afternoon,above
8d250517-ec1b-47f8-968b-c8765f0d0e72,60.0,992.906,-0.5802,0.104726,4.816,993.486,-9.3379,-23.3876,38.8741,9.669771,0.8274,9.56,0.02,7,False,overcast,afternoon,street_level
5fe6faa9-3a5a-4d5f-a533-e1bcd9448a9b,60.0,992.256,-0.3579,0.27537,2.97,992.614,19.5136,7.9266,41.2397,71.874513,0.5998,7.83,2.78,16,False,clear,afternoon,above
c106c7dc-2c55-485e-a0f1-e6be1585ba41,60.0,1013.22,0.0816,0.442779,-0.677,1013.138,31.4193,-29.9293,35.4801,23.159302,0.7563,8.29,6.55,14,False,overcast,afternoon,underground
43c14e29-7d70-4ce7-8c54-5bad4fff138b,60.0,1013.748,-0.354,0.520792,2.938,1014.102,15.5147,12.0287,39.4302,75.394081,0.2391,46.25,9.44,0,True,overcast,evening,above
98314902-46eb-4c37-94c6-bcda8725b14c,60.0,1007.266,0.3185,0.694973,-2.643,1006.948,21.3406,8.115,45.3118,24.34436,0.8168,13.66,2.25,11,False,overcast,morning,street_level
7c552f1e-e3e5-47d3-8ca7-730eaece1f55,60.0,1004.574,-0.3174,0.133316,2.635,1004.892,30.9434,-3.7555,49.2598,25.892029,1.0,8.61,2.38,6,False,overcast,evening,above
e51f280b-5f7e-4327-8052-f951d76442db,60.0,1004.801,-1.2468,0.176261,10.348,1006.048,29.0674,-40.0069,-4.7381,44.055259,0.1892,5.06,2.61,12,False,overcast,night,above
b1841380-c611-481c-92de-a06203b3d389,60.0,1014.587,0.2488,0.089233,-2.065,1014.338,24.9321,-27.6662,38.2646,85.707907,0.4987,5.1,-1.16,8,False,rain,morning,street_level
d4346f89-8e93-4fce-95ba-ddb7c6ca58f9,60.0,1015.187,1.4439,0.230277,-11.985,1013.743,-8.8247,-0.7063,49.0458,49.351212,0.597,68.74,12.06,1,True,rain,night,underground
2022dcfd-d380-46f1-8d87-f8352058cf9e,60.0,997.407,0.9349,0.148755,-7.76,996.472,24.3235,-24.6258,20.461,61.518454,0.3717,67.3,12.05,0,True,clear,night,underground
989e1a0f-bb23-40c4-a220-9478a4b5afc0,60.0,999.818,0.9934,0.262254,-8.246,998.824,31.4639,0.813,45.5536,97.089449,0.5628,62.02,10.67,1,True,rain,morning,underground
79192ab7-abb3-49a7-b9f1-28cbf7541401,60.0,991.777,-0.4205,0.392642,3.49,992.197,55.3119,-2.7328,35.5417,73.481954,0.5728,31.82,10.82,2,True,clear,morning,above
4d693d0c-bd30-4ee0-9643-90b5abc42365,60.0,994.809,0.6698,0.465505,-5.559,994.14,19.3954,-15.6555,33.7946,89.47503,0.5129,71.0,11.01,0,True,rain,night,underground
f046eb0d-ea3d-44d7-9557-c14e0acb5b1c,60.0,1013.711,0.7958,0.139249,-6.605,1012.916,25.807,1.4048,53.1383,51.624233,0.6815,70.29,14.84,0,True,clear,night,underground
14eea078-6e26-4ccb-86fe-f90f485c81f3,60.0,997.802,-0.2545,0.133107,2.113,998.057,34.9648,-19.2831,42.9219,1.286523,0.5206,11.86,1.65,13,False,rain,morning,street_level
dea7c5ca-bf17-44a9-b914-fd249602cf4d,60.0,997.376,-0.6514,0.349359,5.407,998.028,14.0883,-41.6879,31.1986,47.409185,0.1224,4.67,2.13,15,False,clear,afternoon,above
f7930997-79b5-427c-a6d3-0616711859c4,60.0,1001.303,-0.846,0.337728,7.021,1002.149,25.1149,-20.484,35.032,60.185587,0.6009,22.36,5.39,5,True,rain,morning,above
bfda51d0-2160-4607-b46b-529dedab7cf4,60.0,1005.713,-0.0751,0.570527,0.624,1005.788,-3.4693,24.1297,43.0381,37.897246,0.435,1.0,1.58,18,False,clear,afternoon,street_level
8f3436de-bee1-4f38-b2b9-c8986a896593,60.0,1009.272,0.7397,0.153009,-6.139,1008.532,20.2189,8.637,52.9877,81.57552,0.6603,49.27,12.64,0,True,rain,morning,underground
f2a7dbeb-7c7c-4c14-ba47-cc1f774874a1,60.0,1003.927,0.0042,0.457661,-0.035,1003.923,25.7399,-20.0642,38.472,25.769486,0.9151,61.07,12.41,0,True,overcast,morning,above
a279d4df-058c-45ba-a0cf-39e9c446da50,60.0,1013.34,-1.8326,0.772907,15.211,1015.172,32.3845,-7.1799,9.1091,72.496762,0.9773,15.55,1.8,2,True,rain,night,street_level
028cc719-5965-4abb-a313-d538f918c166,60.0,1007.901,0.2328,0.013448,-1.933,1007.668,1.9446,-0.2039,26.4157,35.101243,1.0,12.97,3.53,10,False,overcast,evening,street_level
e06e68f3-3ab2-4979-8b91-92f1e173c96f,60.0,997.071,-0.1035,0.564406,0.859,997.174,19.2364,36.9865,67.8466,72.680715,0.9401,12.66,3.28,4,False,clear,morning,underground
4e7b652a-b6ce-4e3f-8541-74ee8ccd4083,60.0,1004.742,0.0244,0.639807,-0.202,1004.718,8.4853,-14.8657,61.3214,52.194223,0.9313,42.5,16.36,0,True,clear,evening,underground
35978646-e8a1-4d75-980e-8c29c052449c,60.0,997.228,-2.018,0.489052,16.75,999.246,22.5038,6.7568,48.9971,19.853682,0.3517,32.26,10.63,2,True,rain,afternoon,street_level
2c128e60-9ece-4f2a-9e61-0cf809c005a8,60.0,1006.631,-0.304,0.070476,2.523,1006.935,-0.7391,-26.3592,59.7028,55.641671,0.6777,30.57,0.36,11,False,overcast,night,street_level
8f1f303f-7007-4d3d-bd2f-7ecd244714f7,60.0,1005.753,-3.6076,0.538456,29.943,1009.36,29.7033,-30.1562,61.6185,56.132453,0.8773,1.0,2.89,8,False,overcast,night,street_level
6ee58032-8821-4abe-8976-507b01a59ed6,60.0,997.651,-1.0865,0.117136,9.018,998.737,-0.518,-10.3899,57.2518,82.982957,0.647,13.93,1.93,16,False,clear,morning,above
a584cdb7-0c7a-468c-91c1-a96074d0bd57,60.0,1005.217,0.1885,0.130129,-1.564,1005.028,1.2893,-21.5551,42.5593,23.40035,0.512,36.03,11.37,5,True,clear,night,street_level
79b9f504-0e69-4fcd-926b-1af0da71dfa5,60.0,1012.395,0.9538,0.322804,-7.916,1011.441,33.4044,-9.5302,61.1484,69.807692,0.9089,13.59,2.72,8,False,overcast,morning,underground
e981dd88-0557-45d1-8401-4aed21857e24,60.0,1007.025,-0.039,0.130967,0.324,1007.065,18.7221,-7.4523,32.583,40.980452,0.0,3.03,2.07,4,False,clear,night,street_level
2f82ca18-0dd9-4ef4-9aff-d916eca3beb3,60.0,1017.629,0.0443,0.016969,-0.368,1017.585,20.8473,-9.2902,34.7439,26.328324,0.4639,64.19,4.49,4,True,rain,night,street_level
fd32ccf6-cda7-4130-a594-04c5d7b890a5,60.0,1011.001,-0.0583,0.127079,0.484,1011.059,29.3754,-41.2067,17.4175,37.962067,1.0,19.73,0.28,7,False,clear,morning,street_level
d86ebdc9-6fa0-4b70-99c8-651d87325b83,60.0,1010.828,-0.1422,0.216174,1.18,1010.971,31.1715,0.5931,35.5478,76.298294,0.5998,24.68,10.31,0,True,clear,evening,above
de75d91f-88dc-46f8-b487-0a4af131bdca,60.0,995.23,0.8272,0.383254,-6.865,994.403,23.9428,-2.9689,24.8758,45.141128,0.529,74.66,7.51,0,True,rain,morning,underground
21395ffa-2664-4d58-a227-e933846e19d9,60.0,1005.59,-1.2738,0.501814,10.573,1006.864,60.2609,-14.3895,44.9657,74.21885,0.8062,12.95,1.98,10,False,rain,afternoon,above
2908dafc-ed89-4e0e-9f34-d45eedee7248,60.0,993.406,-1.0151,0.312231,8.425,994.421,34.3536,-12.0602,8.8419,46.525562,0.7531,14.48,1.79,13,False,overcast,morning,above
99e2493b-d6b8-44d0-85cd-8872479c917e,60.0,993.457,0.8618,0.512718,-7.153,992.595,4.1178,-10.6578,69.735,75.386919,0.4364,23.92,4.21,8,False,rain,night,underground
71a04f1a-5fd7-496e-bc5b-665cc7223194,60.0,1015.304,-0.2253,0.582903,1.87,1015.53,-13.3781,1.5517,48.392,63.883087,0.4341,59.01,19.32,0,True,overcast,morning,underground
443ed383-1087-4842-87a3-be22f9cb0e92,60.0,1009.0,0.8042,0.563691,-6.675,1008.196,30.9814,-7.823,41.696,91.894924,0.9067,75.91,12.09,0,True,overcast,morning,underground
bdb2ea9b-432e-443f-8015-be455726f39c,60.0,1007.755,0.4443,0.59209,-3.688,1007.311,23.7945,0.648,30.5751,44.851507,0.7391,74.08,10.87,2,True,overcast,evening,underground
585e61e9-5a93-486d-86f7-9f1f9bccbdb5,60.0,1015.913,-0.1295,0.156707,1.075,1016.043,15.9749,-6.3291,6.4898,32.714893,0.5874,53.19,5.14,4,True,clear,morning,above
9f416f07-eca0-43bf-8363-75d379322264,60.0,993.799,0.0934,0.044168,-0.775,993.705,12.9295,12.8139,30.0989,11.771777,0.4509,11.07,-1.59,8,False,clear,morning,street_level
ffe0481e-f406-4b4a-87bb-3e564384ce95,60.0,997.477,-1.1711,0.583558,9.72,998.648,3.9173,13.0162,42.089,37.682603,0.8785,57.73,7.6,0,True,clear,afternoon,above
d346ee7c-757b-4921-9a29-ace5741e1ed6,60.0,1009.408,-1.2045,0.395201,9.997,1010.613,44.4443,11.3649,26.066,57.862192,0.7425,12.75,2.82,9,False,overcast,evening,above
f6c6a12e-ec45-4261-9b64-e44d558ce333,60.0,1018.947,1.2212,0.230314,-10.136,1017.726,23.1156,-29.4112,24.6655,85.826909,0.7991,46.22,15.01,0,True,rain,night,underground
ed9a871e-135a-48a2-bc29-18d556ece589,60.0,997.329,-0.629,0.245534,5.221,997.958,1.3065,-17.8495,33.1194,81.11513,0.4556,14.9,0.06,15,False,overcast,night,above
89c6bfc7-2a8e-45bb-9b98-0681cccf022d,60.0,1001.49,0.667,0.073736,-5.536,1000.823,41.7919,-29.8413,31.9657,10.260398,0.1909,10.5,-0.06,7,False,clear,afternoon,street_level
d6cc0f1e-462d-46b4-a914-20c4d2449554,60.0,1001.096,-0.8886,0.461048,7.375,1001.984,43.8238,20.912,35.9003,21.511771,0.0,22.39,3.55,7,False,clear,afternoon,street_level
66a19447-0156-4a26-b21c-4cf43764cbcc,60.0,1009.444,1.2394,0.342447,-10.287,1008.204,26.7662,-8.1265,25.0097,90.338347,0.6914,41.12,12.51,0,True,overcast,night,underground
8fa7be1d-aa7e-4252-abca-6e7016511e5f,60.0,1002.771,-0.8672,0.358623,7.198,1003.638,51.1326,-9.3343,20.4547,59.114678,0.5282,9.94,1.92,12,False,overcast,evening,above
8207a08b-95ef-4d52-9608-e00d40c92148,60.0,1009.912,0.9368,0.265893,-7.776,1008.975,22.0223,-15.4107,65.9954,50.269723,0.6701,11.54,6.56,10,False,overcast,afternoon,underground
515c07fc-eb5d-4e8a-9aa1-95f8e82e216e,60.0,999.281,-0.9917,0.096045,8.231,1000.273,22.1639,5.1117,49.2649,69.826545,0.099,8.4,0.92,16,False,rain,evening,street_level
1cc86988-9544-427a-8ac4-28fa6ffd4367,60.0,1003.569,-0.6581,0.266291,5.463,1004.227,47.2068,-4.4528,60.5851,66.456627,0.3292,64.91,10.87,1,True,rain,evening,above
50965e8c-9966-4747-829f-affa32ea0b95,60.0,1010.801,1.142,0.424406,-9.479,1009.659,-12.6155,-11.3276,21.7609,59.343987,0.3515,78.71,9.93,1,True,clear,afternoon,underground
f1040787-4387-4420-b094-7b001b1712d2,60.0,1011.238,-0.0823,0.064457,0.683,1011.321,12.6003,-11.4006,31.323,54.801649,0.2582,1.0,2.93,8,False,clear,morning,street_level
fb24962a-070a-429b-8c67-1f4383841c05,60.0,994.669,0.1748,0.49463,-1.451,994.495,19.1329,-20.1567,21.9539,68.342666,0.7138,58.83,12.12,0,True,rain,afternoon,underground
905feb95-ce6e-4fe0-a22e-9c629e181df7,60.0,991.963,0.5501,0.134928,-4.566,991.413,18.1394,-25.1639,64.9947,3.930825,1.0,47.92,12.33,1,True,overcast,afternoon,street_level
68202ebd-9a3a-4e33-a5b0-3e605dedb1be,60.0,997.118,0.0144,0.121406,-0.12,997.103,11.8148,-2.4207,60.6073,-1.570071,0.2812,52.13,3.69,3,True,rain,afternoon,street_level
b059b633-a6b6-4a23-80e3-2c489559292d,60.0,1011.837,-1.3068,0.350838,10.846,1013.144,-2.3546,-14.7657,34.6582,60.704504,0.9773,43.2,5.47,1,True,rain,night,above
d0b51706-0192-4565-86b0-75810f649409,60.0,1013.698,-1.0239,0.39291,8.498,1014.722,25.4207,-24.0629,26.6005,67.134945,0.9528,39.03,5.43,3,True,overcast,evening,above
20670eee-d7ae-4e7d-a271-0314b284dae4,60.0,997.662,-1.5111,0.43956,12.542,999.173,19.1422,-5.0838,53.6616,78.98909,0.8971,31.89,6.15,4,True,overcast,evening,above
b4699a45-6340-4032-b6b0-d27e5522610c,60.0,1009.702,-0.502,0.575093,4.167,1010.204,3.0671,-13.3674,13.0785,101.314574,0.6659,56.3,9.11,2,True,rain,night,above
432db622-7e49-4043-afee-861c08f0948f,60.0,1014.107,1.142,0.130122,-9.478,1012.965,-5.8252,-8.1841,77.4643,64.948879,0.5919,48.08,7.76,1,True,clear,morning,underground
78e3fa9d-3bd8-4092-b24d-14a40795eee2,60.0,1010.35,1.2577,0.697875,-10.439,1009.093,11.1377,4.6738,73.5584,68.072102,0.5775,11.32,5.17,15,False,clear,night,underground
d655cdd9-8421-46e5-bbad-3cb0ae72ce20,60.0,1002.544,0.3648,0.11262,-3.028,1002.179,3.6807,17.6435,43.9162,35.785703,0.5373,20.69,1.6,14,False,clear,afternoon,street_level
216f41d2-6835-4ad3-bf37-c924f47bfa76,60.0,1007.312,-0.7916,0.36418,6.57,1008.103,13.5637,7.0284,45.7302,92.349951,0.5612,46.61,8.11,0,True,clear,night,above
93911c63-ec66-481b-8a3f-7f477ab56b9b,60.0,1002.536,-0.5499,0.180358,4.564,1003.086,44.9694,-10.7841,38.3011,45.360527,0.7666,34.74,7.61,0,True,clear,afternoon,above
a6c810a6-a3b4-4a79-9ca7-44c632d943a8,60.0,1014.577,0.4787,0.420711,-3.973,1014.098,11.6702,14.9191,43.1575,88.796073,0.6981,32.2,4.54,7,False,overcast,evening,underground
6f3334c8-971d-49db-8f91-c2498562a55c,60.0,999.514,-1.4163,0.509159,11.755,1000.93,30.3766,-11.955,55.9598,42.075731,0.2714,1.0,1.24,12,False,rain,afternoon,above
19ab397b-5276-47f8-84cc-c3af5197ea95,60.0,1012.74,1.003,0.385608,-8.325,1011.737,28.3072,-20.4639,38.6495,22.344323,0.6404,13.07,4.1,8,False,clear,morning,underground
dc5328a5-f199-4fd1-890d-4d51016f449c,60.0,1008.513,0.8727,0.183098,-7.243,1007.64,4.749,-2.7456,41.3009,61.888078,0.6017,54.09,11.48,1,True,clear,morning,underground
a5a35752-8eda-45d2-803a-3b073d5363d5,60.0,1003.094,0.8884,0.667772,-7.374,1002.206,4.9041,-28.3708,23.7287,-37.384775,0.3183,62.07,16.89,0,True,clear,morning,underground
5459b0fd-2d5b-4a34-ae1d-c5840b5622e4,60.0,1009.848,-0.3384,0.089199,2.809,1010.187,24.8038,-12.5978,37.5012,39.706557,0.7452,25.19,2.01,14,False,rain,night,street_level
70485458-6192-4efb-9e62-c1dd26f62b01,60.0,992.073,-0.3774,0.026563,3.132,992.451,1.0271,-11.956,21.3222,62.676063,0.3464,1.0,0.96,15,False,overcast,evening,street_level
ceea0e1b-7f0c-4d63-97a9-a4963b5d90cf,60.0,1007.931,-0.1746,0.12136,1.449,1008.106,1.6613,-5.4462,43.7198,66.948689,0.4431,49.47,7.94,4,True,clear,afternoon,street_level
4f93afa2-52bb-4892-b5a5-3e076f448a6f,60.0,998.357,-0.2203,0.083126,1.828,998.577,4.2961,-7.9354,33.1958,24.139948,0.4244,52.27,9.92,6,True,rain,afternoon,street_level
32f0c30e-1c3f-4e6e-9d7a-9784652837dc,60.0,995.333,2.6114,0.32813,-21.675,992.722,16.4304,-4.7421,25.4555,52.029704,0.4923,30.12,1.32,0,False,rain,afternoon,street_level
13546e70-3181-4749-bf49-18cc60955d28,60.0,1011.793,0.8228,0.306559,-6.829,1010.97,15.7895,10.6174,41.9136,61.461642,0.499,30.07,4.06,5,False,overcast,afternoon,underground
7ada877c-0d26-44bb-b837-5ca4290ba7d5,60.0,998.89,1.8239,0.699267,-15.138,997.066,5.8787,3.5176,22.4791,26.261402,1.0,34.0,6.96,1,True,clear,morning,street_level
010fb276-8959-43a5-adb4-1379fc835551,60.0,995.996,0.8377,0.095283,-6.953,995.159,7.435,-2.4989,36.0701,21.201338,0.5205,10.1,4.84,20,False,rain,morning,street_level
3fb446b2-ac62-44d5-aace-44594cf48d76,60.0,1001.575,0.0065,0.084427,-0.054,1001.568,5.8841,-20.8449,35.8563,-2.828406,1.0,11.41,1.43,18,False,overcast,afternoon,street_level
10f7f782-9641-4c92-8bca-b3e1dc894c66,60.0,1017.25,-0.1988,0.56951,1.65,1017.449,31.3983,-12.5785,65.9044,59.481495,0.8606,83.26,16.4,0,True,overcast,morning,underground
47b29991-d199-4190-878f-aac1eded4ccd,60.0,1002.134,0.177,0.482089,-1.469,1001.957,32.064,17.4481,51.915,86.027243,0.552,22.63,15.37,0,True,clear,evening,underground
7cb47210-5db3-4fb9-998f-272f1ec7eb9b,60.0,1008.073,-0.2159,0.118469,1.792,1008.289,28.0661,14.5882,31.2463,32.261446,0.4211,30.78,3.35,6,False,clear,evening,underground
9072e5ce-6c36-480e-ab69-df0a73523103,60.0,1005.311,1.3246,0.173333,-10.994,1003.986,26.0602,-20.5317,26.2659,49.968546,0.7326,21.3,1.17,5,False,overcast,afternoon,underground
f983ba2e-07bd-4217-adc5-f244d722b258,60.0,999.006,-1.1692,0.533759,9.704,1000.176,36.6628,4.3209,31.2194,75.500964,0.1931,7.93,1.88,15,False,overcast,night,above
c4dac3e3-8e2b-478f-999d-b6ccd4d32f85,60.0,1009.866,-1.4337,0.326196,11.9,1011.3,33.8882,13.4753,17.3185,42.378221,0.5428,5.68,2.96,15,False,clear,morning,above
1561588e-9464-4db7-9464-996298972576,60.0,998.272,0.0068,0.169651,-0.057,998.265,6.945,-3.6461,38.8998,78.699783,0.6638,33.28,8.11,3,True,clear,afternoon,street_level
662bc97c-72a4-483b-9624-9f297f3b3caa,60.0,1010.413,-0.2731,0.040938,2.267,1010.686,37.9212,2.5492,24.0065,22.701075,0.0,21.98,10.92,0,True,overcast,night,street_level
91517ee2-a782-4fbf-af0c-6a5e03db03d7,60.0,1016.124,-0.9029,0.58756,7.494,1017.027,35.1517,-0.2316,41.1439,94.5266,0.4781,46.72,12.81,3,True,rain,evening,above
a705b226-0d5c-4430-8fd6-3d7355937112,60.0,992.413,-1.2346,0.117355,10.247,993.647,37.0725,-3.7728,31.8321,62.301647,0.704,13.32,1.58,16,False,rain,afternoon,above
1b1ba762-41f6-4ccd-9478-417ac6f82720,60.0,1000.325,0.2236,0.110285,-1.856,1000.101,25.1253,-32.5521,42.0258,22.772542,0.3706,56.92,14.69,5,True,overcast,afternoon,street_level
50bcee92-4563-4d11-816d-d093950d2fa6,60.0,989.906,-0.4419,0.585427,3.668,990.348,-3.478,5.3582,35.5511,31.887811,0.6908,7.41,2.09,11,False,rain,afternoon,above
a1ca3c9a-8a5a-48c7-ab18-f625394894c2,60.0,1000.091,0.1614,0.578344,-1.34,999.93,-11.7524,-0.0059,51.0042,59.066025,0.3679,29.46,2.47,1,False,clear,morning,underground
abc6a61a-fe3b-4ab2-af88-5df771f565d9,60.0,994.34,-0.9004,0.252981,7.473,995.24,34.8763,13.284,42.7309,22.619275,0.3658,10.55,2.95,19,False,rain,afternoon,above
aa0a6aa1-63f5-47fb-80fe-d0f65dffa479,60.0,1010.789,-1.1375,0.454458,9.442,1011.927,27.1637,3.2794,38.021,80.314017,0.998,50.13,8.95,3,True,overcast,night,above
8a8d3a7f-af71-420c-9dec-56d031d6f3b5,60.0,1010.49,-0.0105,0.05693,0.087,1010.5,27.5232,4.0538,58.2972,10.634413,0.5504,23.97,1.6,0,False,overcast,morning,street_level
62cff65a-4644-42d4-9712-44d8ffe293a0,60.0,1017.911,0.1386,0.571693,-1.151,1017.772,22.8173,28.0856,37.9429,55.01551,0.7711,56.8,13.63,0,True,overcast,morning,underground
0ce31154-b2ee-4469-94bd-ba058bd4129a,60.0,1007.406,0.5152,0.085527,-4.276,1006.891,48.2471,-16.489,12.4619,30.533102,0.6478,7.92,3.95,15,False,overcast,night,street_level
d5f58660-29d6-425e-9c50-ef038b89a2b1,60.0,1011.202,-2.0484,0.359371,17.001,1013.25,30.6941,-10.9836,38.3819,77.283904,0.8973,11.61,1.35,19,False,overcast,evening,above
66a959d6-2c89-482d-8a5a-e513407bf572,60.0,1011.965,0.425,0.519302,-3.528,1011.54,26.6704,1.5133,24.5462,20.061779,0.7294,13.31,3.17,13,False,overcast,night,underground
0bc3b3b5-b3ed-44e2-87cf-dc12cbc9cf78,60.0,1016.252,1.0571,0.106204,-8.774,1015.195,25.8675,-17.3204,57.0915,80.395743,0.8414,2.3,4.66,9,False,rain,evening,street_level
83f8f2df-4d50-4f3a-a319-2b5453cc07b6,60.0,993.58,-0.7325,0.12795,6.079,994.312,24.9686,3.1508,23.4425,71.790421,0.5484,4.31,0.79,10,False,overcast,night,above
b775ce7e-a51f-4104-a8d6-e0af0f8cd5bc,60.0,1011.713,-0.7836,0.488861,6.504,1012.496,8.724,1.9091,23.1345,78.312809,0.4672,27.84,5.1,2,True,rain,night,above
8e16da5d-0e72-4fb3-906a-a05f8dba5ec5,60.0,1017.55,0.5461,0.263835,-4.533,1017.004,19.9609,-9.0197,50.1526,53.818892,0.6958,16.79,0.2,6,False,overcast,night,underground
41da08e4-527c-4366-a812-6c1f9ce75d41,60.0,989.465,-1.0875,0.592462,9.026,990.552,35.1049,-1.464,26.6937,42.125257,0.5484,54.07,11.15,0,True,overcast,morning,above
e7157811-bd64-4c28-97cd-63bbc8ae59aa,60.0,1016.586,1.5012,0.191978,-12.46,1015.085,12.8082,-24.7753,38.638,47.681526,1.0,2.1,3.59,6,False,clear,afternoon,street_level
efd7392a-a20c-437e-ac8e-193f055fcc52,60.0,1009.441,1.1563,0.152219,-9.597,1008.285,-6.1371,8.6916,47.934,77.128182,0.7447,13.96,1.26,8,False,clear,night,underground
f920eeef-0e32-403d-96df-41d0f14bbbf2,60.0,996.983,-0.0227,0.138701,0.188,997.006,18.1548,22.4752,2.4618,54.472091,0.2005,34.94,5.97,0,True,rain,night,street_level
b4441f3c-2654-41b7-81d2-757626ac5f71,60.0,1010.654,0.196,0.480794,-1.627,1010.458,-7.8558,-17.6625,36.3199,75.40336,0.6677,67.79,9.96,0,True,overcast,afternoon,underground
6ddb5573-7134-43d1-8ea6-2fb197859fa3,60.0,1011.657,0.1365,0.586882,-1.133,1011.52,11.046,-11.4264,37.0681,72.856248,0.857,12.52,3.35,11,False,rain,morning,underground
3150d9da-eae7-454c-9c05-11ffa7f2473e,60.0,1004.529,0.0539,0.0917,-0.447,1004.475,37.3401,-8.3469,40.426,49.869808,0.5598,9.01,0.7,11,False,clear,evening,street_level
04c5e406-d638-428a-83a1-eaab84a0b2b7,60.0,1014.803,1.3148,0.301392,-10.912,1013.488,3.0831,-2.6416,38.9287,59.325958,1.0,68.14,15.99,0,True,overcast,evening,underground
7341ddbc-2e2a-46b4-8c15-dd3c35ecac25,60.0,991.722,-0.1705,0.018498,1.415,991.893,33.9366,0.3993,17.7705,44.757556,0.5755,17.54,2.41,12,False,overcast,morning,street_level
1716a3b2-8058-4ad9-b4f0-a30378b74c2c,60.0,998.097,0.2318,0.67395,-1.924,997.865,1.1895,7.2698,26.9164,24.426025,0.5982,74.15,11.29,0,True,overcast,evening,underground
748b44f0-a60d-4d1c-967e-df6fb6b0d20d,60.0,994.387,-0.0441,0.648878,0.366,994.431,32.2173,-34.0055,49.765,83.056164,0.9956,8.62,1.78,5,False,rain,night,underground
496045aa-1e0d-45ca-80e0-2faa87526a06,60.0,1007.036,0.1309,0.587416,-1.086,1006.905,38.3554,-22.8154,48.6125,87.057184,0.6147,76.14,9.03,0,True,rain,evening,underground
84713a86-d612-4a47-ac82-361bccdb9da0,60.0,1016.225,-0.028,0.344008,0.233,1016.253,35.4593,-29.9676,37.5509,101.070751,0.1349,24.31,2.85,5,False,rain,evening,underground
75035f40-1301-4020-b4a6-0cf06e3f47c7,60.0,1013.28,0.2598,0.346239,-2.156,1013.02,8.2335,6.1312,46.7784,89.982383,0.8661,44.51,3.74,0,True,clear,afternoon,underground
ede02bf4-2108-4310-aed9-4581a56ba7a1,60.0,995.446,1.0275,0.197438,-8.528,994.419,21.7174,-4.8978,53.1545,83.448323,0.6554,21.96,4.68,9,False,clear,evening,underground
0a253540-8a96-429b-977a-5d7d9f1f4fc2,60.0,1006.944,-1.1566,0.322702,9.6,1008.1,33.222,-26.519,66.4801,73.845322,0.5992,10.16,1.82,17,False,clear,evening,above
7728187d-0050-4a63-ac78-1c80fdc6b684,60.0,1015.733,0.0155,0.027974,-0.128,1015.717,28.3766,-26.4445,36.3968,33.352533,0.8955,24.3,1.39,9,False,rain,morning,street_level
c5d2f814-fb21-4409-8ba9-861b84d1c316,60.0,993.31,0.9142,0.621056,-7.588,992.396,38.9776,5.5215,38.7408,66.59339,0.8965,16.03,9.21,8,False,clear,morning,underground
9d3d61ae-b7e7-4643-98ba-ef12a921b938,60.0,1017.122,0.1298,0.126353,-1.077,1016.992,-8.8054,-2.8101,50.7234,15.59394,0.5758,8.74,2.65,9,False,clear,evening,street_level
76e17981-f445-4739-9579-092f8312caf0,60.0,998.782,-0.0902,0.093098,0.749,998.872,-1.2228,13.1694,40.9173,56.135777,0.8232,1.0,5.06,16,False,overcast,afternoon,street_level
1bc2e878-2ad6-4e45-bf82-584d95ac3a67,60.0,993.624,1.0082,0.127855,-8.368,992.616,43.3313,0.3525,20.4045,154.515362,0.7951,10.89,5.81,5,False,clear,evening,underground
a7108b30-49d0-41ec-a828-bcec24e5164a,60.0,1001.384,0.8962,0.601717,-7.439,1000.488,17.3032,-11.1955,36.121,126.049002,0.1926,80.66,9.94,1,True,rain,evening,underground
44358270-3226-45d5-bfee-7f4bfbdf4cb8,60.0,1002.783,0.7483,0.59291,-6.211,1002.035,5.9316,-8.8632,37.5629,69.15767,0.274,13.66,4.62,10,False,overcast,afternoon,street_level
a82bd892-b3d1-465a-b40a-86f60aaccc68,60.0,1003.381,-0.7165,0.495209,5.947,1004.098,-25.1728,-25.4374,34.5478,27.131412,0.5654,8.75,2.55,14,False,overcast,evening,above
78658221-c19d-48df-9f26-17a902c3eb43,60.0,999.632,-0.6569,0.614318,5.452,1000.289,23.7915,-14.2197,31.9308,22.603311,0.6756,26.24,3.6,19,False,rain,evening,street_level
453593a3-0fd4-42b1-8f2c-5787889cfcf7,60.0,1007.06,0.5089,0.170614,-4.224,1006.552,-8.566,-11.0305,51.6416,90.648315,0.9916,20.93,4.02,7,False,rain,night,underground
214eb3a0-f832-4a69-9867-f429a9a6a57c,60.0,1002.709,-0.4795,0.354986,3.98,1003.188,5.8907,-26.7286,6.5185,94.934487,0.8642,9.67,3.25,20,False,overcast,morning,above
f7b9c4aa-b59b-4ecd-8540-f255df60a58c,60.0,998.233,-0.0627,0.666124,0.521,998.296,4.3145,-19.636,41.8163,88.488946,0.7527,82.24,7.05,0,True,overcast,afternoon,underground
405d1a7c-5d55-49a4-95e5-7643b4e76f40,60.0,1014.775,0.3652,0.273265,-3.031,1014.409,2.842,-21.0579,67.9783,38.201603,0.4259,48.32,10.35,0,True,clear,afternoon,underground
89b26e05-0835-482a-ac15-ddab2724bb66,60.0,992.364,-0.7795,0.446206,6.47,993.143,20.7111,-6.2247,41.9106,77.174263,0.35,34.22,7.45,0,True,overcast,afternoon,above
2b7befeb-9eee-4189-8627-afc165608836,60.0,1000.879,-0.1417,0.323782,1.176,1001.021,13.4593,13.4194,51.5943,107.754392,0.9289,24.03,4.6,8,False,clear,night,underground
56692a32-7e39-4205-865d-2154e8c3fe82,60.0,1000.004,-0.7974,0.563688,6.619,1000.802,31.4392,20.5494,31.0352,50.815629,0.563,7.0,2.05,9,False,rain,evening,above
4d36e2b0-d558-4e18-9eff-efb0298d9738,60.0,1003.532,0.0051,0.09415,-0.042,1003.527,35.953,-12.7671,42.0748,-2.173729,0.1292,35.46,12.87,0,True,rain,afternoon,street_level
3a1d411f-56ef-4ddb-af8d-336975d94f23,60.0,1008.632,1.1318,0.435419,-9.394,1007.5,24.3239,-29.7237,29.1344,73.073623,0.7123,78.58,15.43,0,True,overcast,night,underground
e9b99143-8a7c-44f8-b09f-507dd344a2b1,60.0,1013.66,-0.2434,0.127136,2.02,1013.903,0.6338,-0.2271,61.8448,30.53535,0.3275,14.72,1.18,13,False,rain,night,street_level
8677ec04-18b6-43f5-b951-b69b919114c1,60.0,1016.609,-1.2129,0.52624,10.067,1017.822,16.036,-5.5985,46.503,123.989647,0.8258,4.93,4.43,8,False,clear,evening,above
156b38c1-3e4c-496b-86e6-112cc67b1d81,60.0,1007.237,-0.0782,0.07149,0.649,1007.315,1.5829,-5.9686,60.162,31.204611,0.6722,10.72,-0.57,13,False,overcast,afternoon,street_level
ba1fab43-c6ad-4bc9-9fc8-84c26556fac5,60.0,1002.018,0.7103,0.594026,-5.896,1001.308,16.6736,-8.2889,32.9462,92.239248,0.5707,18.72,1.09,4,False,overcast,morning,underground
2a2ee704-be92-4bb1-8acc-67ac1b6ac085,60.0,998.823,0.0459,0.657888,-0.381,998.777,31.3262,-2.6742,47.8989,94.713229,0.8693,78.25,10.01,1,True,overcast,evening,underground
47244746-870f-40d1-bea9-52cae8a8ca66,60.0,1018.224,0.4091,0.628216,-3.396,1017.815,38.0174,-16.2797,53.628,76.090164,0.6817,76.81,17.4,1,True,clear,night,underground
d835207a-a951-47ec-bcb2-0821cc14088d,60.0,1005.856,0.225,0.445091,-1.868,1005.631,18.7207,-10.0707,37.0343,77.170098,0.7597,10.55,2.86,11,False,overcast,night,underground
17c5a854-3dad-4418-81c4-1420cc7cd6d8,60.0,1014.334,-0.44,0.24298,3.652,1014.774,14.0,0.8114,6.4819,65.114189,0.4892,12.59,7.14,1,True,overcast,evening,above
da69e1a7-8953-4852-b82e-6c351674ca18,60.0,1012.526,1.1387,0.495267,-9.452,1011.387,17.398,-5.5302,46.0284,53.308459,0.4577,18.84,3.68,5,False,overcast,morning,underground
b38d76b9-9949-4054-b097-1d5416c2f95e,60.0,1013.304,-0.7626,0.123235,6.329,1014.066,15.8438,9.0072,39.1621,61.492967,0.4563,37.02,11.3,0,True,clear,afternoon,above
ef189370-ff3e-4cc7-aa99-e8a558e00b8e,60.0,1007.528,2.5798,0.070548,-21.412,1004.949,26.2629,-1.5727,57.1907,35.772957,0.698,10.68,3.38,5,False,rain,night,street_level
0f05d91d-9e48-4c7a-8cfc-9bb3e7d257e6,60.0,1008.383,0.9906,0.628884,-8.222,1007.392,31.3146,-30.5912,52.308,113.585748,0.8997,33.8,13.81,0,True,clear,night,underground
3af4c0ba-a084-457f-825b-c85ff439321a,60.0,1001.004,-0.1936,0.032568,1.607,1001.198,7.2162,-10.0863,38.7722,21.832771,0.0129,57.05,4.17,3,True,overcast,night,street_level
690f4938-cfd6-4873-a582-e7ff23b9c6dc,60.0,1010.355,0.1576,0.122363,-1.308,1010.198,37.0304,-20.1946,21.5469,59.92952,0.7652,1.0,-0.21,5,True,rain,morning,street_level
59d503ed-791e-4a33-b62b-21b45cc510d7,60.0,994.797,0.7484,0.157546,-6.212,994.049,20.5967,-10.4351,42.2503,24.94671,0.6122,57.82,9.29,0,True,overcast,night,underground
900f29ee-6f3d-47a1-a85a-677ec1e31175,60.0,1010.403,-0.4215,0.482197,3.498,1010.824,17.7954,-16.0626,52.4667,77.297432,0.8599,1.79,1.59,17,False,rain,morning,above
b0ddbf12-0614-464d-baf7-b78f3a75415a,60.0,999.412,0.2298,0.069124,-1.907,999.182,17.7216,-5.9943,8.201,39.964117,0.4134,28.86,5.84,2,True,clear,afternoon,street_level
d83a2816-5ab6-4535-90b3-a094c3a92f44,60.0,1016.307,-0.1414,0.662918,1.173,1016.448,6.7558,-13.0484,7.5451,63.839386,0.4312,62.6,14.59,4,True,overcast,night,street_level
09178de6-43ea-4a63-96fc-3151193d75ad,60.0,992.581,-0.333,0.058092,2.764,992.914,20.5889,-29.1966,28.6306,20.887894,0.9952,18.64,2.73,15,False,clear,afternoon,street_level
1c06663e-283c-49f0-9c18-9a6ac2b876c7,60.0,1009.461,0.0546,0.017615,-0.453,1009.407,7.8314,-33.5177,35.4372,26.399975,0.0,5.5,1.1,16,False,rain,evening,street_level
5acf1fff-71a1-466f-81ff-0654fb3cad07,60.0,1013.949,-1.6242,0.293114,13.481,1015.573,28.195,-17.1372,39.9268,26.224656,0.0,54.18,10.71,1,True,clear,evening,street_level
c622abba-6dc9-43f9-aa78-29a1294832e3,60.0,997.915,-0.9073,0.358384,7.531,998.822,28.0043,-12.6304,50.1925,56.462923,0.6394,54.05,11.63,4,True,overcast,morning,above
442dd882-4c94-4623-84c4-52c8500b58e9,60.0,1002.063,0.1235,0.29016,-1.025,1001.939,13.1219,-26.5192,47.2502,70.767576,0.905,56.68,11.81,0,True,clear,evening,underground
f84c2a92-0222-4412-968d-59ea4d2f29aa,60.0,999.824,-0.8579,0.449035,7.12,1000.682,35.6995,-15.6907,40.0711,71.454364,0.8138,14.88,1.55,16,False,clear,afternoon,above
985851fe-92a2-4904-b411-7b703a2e4f8a,60.0,998.029,0.1762,0.345492,-1.463,997.852,3.5791,-12.9393,24.7209,80.698756,0.5383,77.05,10.17,0,True,rain,night,underground
1873ca9d-3d40-4666-86ca-b31ec3665442,60.0,1004.965,0.3911,0.035801,-3.246,1004.574,-0.7363,-19.5729,31.2952,24.044915,0.1756,7.99,3.2,18,False,clear,afternoon,street_level
926335f0-c8b8-42d6-8531-21baf26870f5,60.0,1001.156,-0.6471,0.149967,5.371,1001.803,20.2074,-12.1873,40.1085,47.371751,0.6077,4.82,2.95,12,False,rain,night,above
4615e165-13cc-4ed3-b292-b4ea2b18522e,60.0,1015.526,-0.3793,0.365448,3.148,1015.905,19.0831,2.8423,28.4903,63.127161,0.387,15.25,1.22,18,False,clear,night,above
e91dacce-7121-4eeb-8e9a-1f2e108f26ba,60.0,1002.109,-0.1581,0.408358,1.312,1002.267,8.3973,17.1752,49.3199,41.442371,0.1107,16.78,2.51,11,False,clear,afternoon,street_level
e3c5493a-f13e-48ce-b2fd-1e42eef2762d,60.0,993.309,0.0372,0.460225,-0.309,993.272,27.8155,-19.6713,45.1829,70.731918,0.7135,49.97,10.77,0,True,rain,night,underground
e6762280-d511-488e-8b97-541f8ca60d1b,60.0,1000.347,0.8368,0.20504,-6.945,999.51,15.0722,15.8097,29.8377,35.611343,0.6804,30.71,7.5,2,True,overcast,evening,street_level
a8a5dd7a-c910-48a0-acf3-0a45ef1c749f,60.0,1013.857,-1.4672,0.432843,12.178,1015.325,24.8762,-22.2895,29.8095,97.565255,0.6005,6.15,1.22,19,False,clear,night,above
52db39db-cb57-4d4c-9e50-c96d54283ab9,60.0,1004.035,0.764,0.623358,-6.341,1003.271,46.9021,-15.0656,58.2299,52.698465,0.7918,80.48,10.18,0,True,clear,morning,underground
a1ae1c17-7a82-4fbd-84f3-72404699a248,60.0,1012.491,-0.008,0.1113,0.066,1012.499,20.3003,2.0483,24.1669,25.735107,0.9027,14.53,6.18,16,False,rain,morning,street_level
64639ccf-fa2d-4b9a-b891-e538fba8b871,60.0,997.81,1.017,0.563921,-8.441,996.793,11.2475,-24.5979,38.7768,67.396242,0.4694,35.46,2.77,10,False,overcast,afternoon,underground
d8a3fa80-475c-41f9-aebb-1fee1741e2e5,60.0,1016.565,-1.3438,0.484896,11.154,1017.909,24.0337,-7.2708,43.0577,76.551316,0.5189,39.23,5.29,5,True,rain,night,above
9dcda4ef-b8e7-463f-803b-41d69c2a7a3c,60.0,1005.616,0.9644,0.388835,-8.004,1004.651,13.0018,3.9699,15.9479,31.824839,0.6617,36.29,17.16,0,True,rain,morning,underground
a7c777f7-e6c0-475e-a655-c7b1bd8d6d50,60.0,1006.092,0.143,0.432639,-1.187,1005.949,35.4433,-13.3609,27.9675,54.043733,0.3398,74.66,9.33,3,True,clear,evening,above
1ccdc619-2432-49e8-b9f3-aab0e111699a,60.0,997.065,-0.7932,0.542436,6.583,997.859,13.5683,-8.7071,18.858,88.089171,0.8868,8.43,3.09,13,False,rain,evening,above
6d07b24e-b6b3-4813-bd42-1b820d397911,60.0,994.722,-0.4076,0.417903,3.383,995.13,16.1666,3.9761,38.3016,64.838058,1.0,10.36,0.11,14,False,overcast,evening,above
5f099d18-96c1-48f5-ab37-678be2c63d2c,60.0,1016.304,0.4528,0.682231,-3.758,1015.851,17.7116,2.6314,47.3955,91.872007,0.6813,14.08,6.75,9,False,overcast,afternoon,underground
ebd94c90-80c4-495c-b7a6-d61d04624089,60.0,1005.451,0.2365,0.111226,-1.963,1005.214,24.725,2.0426,7.8079,57.490585,0.8959,74.46,15.95,0,True,clear,afternoon,underground
29b05676-f7bb-4cee-a063-0884de541d18,60.0,994.11,-0.7878,0.529507,6.539,994.898,10.3253,-31.8836,39.7932,32.823137,0.4139,25.3,8.91,3,True,overcast,night,above
8be788b5-1199-4f18-a03b-ca9ed7fffa1c,60.0,991.146,0.263,0.337828,-2.183,990.883,14.1681,-16.8994,48.1594,67.793741,0.8055,31.12,4.58,8,False,rain,afternoon,underground
173ee663-fbef-4687-a35b-3345ae1455e2,60.0,1016.08,0.2726,0.470071,-2.262,1015.807,2.5164,-6.6873,65.4407,63.795784,0.9852,45.16,8.46,2,True,overcast,morning,above
7fff0095-1191-4911-969d-383cfc812161,60.0,1008.644,0.9815,0.233014,-8.146,1007.662,8.5449,-22.1767,27.316,71.728362,0.3475,61.68,13.56,0,True,overcast,morning,underground
d6560b87-165a-496c-8a6f-44b4eeaaca10,60.0,1003.778,-0.3731,0.091754,3.097,1004.151,17.4475,-15.7914,55.1325,75.087135,0.3192,6.4,4.74,12,False,clear,evening,street_level
bce06a46-6bc8-493e-a32b-b12e03ae1a82,60.0,996.635,-1.5348,0.345683,12.739,998.17,-0.0132,-17.3035,23.8188,38.2462,0.6301,18.5,2.03,11,False,overcast,evening,above
d3ae8872-692e-44cb-8bce-89356fc747d6,60.0,1013.707,-0.4087,0.118951,3.392,1014.116,19.7794,-5.5214,29.741,42.206608,0.5478,7.1,0.67,10,False,clear,afternoon,above
ba1a48c5-1a48-462e-bd28-f3286db35e5f,60.0,1001.511,0.1955,0.405246,-1.622,1001.316,40.0957,1.8172,34.7814,98.212762,0.5987,41.23,16.62,1,True,rain,morning,underground
3fc9e71a-06bc-4023-9748-b3d5be62f7f6,60.0,1018.38,0.8041,0.331938,-6.674,1017.576,33.7594,-4.3439,34.553,81.477698,0.6545,91.63,10.88,0,True,clear,morning,underground
5f6334bb-b90b-4a63-9941-556d019b405f,60.0,1011.996,-0.7235,0.168631,6.005,1012.719,20.1314,3.1837,18.2961,26.756087,0.3819,53.44,8.82,0,True,rain,night,above
5cf448be-907c-429b-b6ba-e9c065e75c4b,60.0,991.248,0.9126,0.674755,-7.575,990.336,0.2043,-5.902,58.6047,113.678206,0.8925,40.66,9.52,0,True,clear,evening,underground
08865d71-6ed5-4b36-9cbf-0a22b4915c03,60.0,1013.468,1.8537,0.590236,-15.385,1011.614,35.9812,-9.4844,10.0284,30.05764,1.0,20.89,4.87,10,False,overcast,morning,street_level
646c01a0-9382-4354-a060-d07528f50d91,60.0,1007.136,0.7707,0.413778,-6.397,1006.365,17.3818,25.516,42.3788,83.209587,0.647,102.34,11.21,0,True,clear,morning,underground
2c3c8aa7-5219-42ef-a1a1-25a6d1fb3f16,60.0,1000.315,-0.3374,0.417213,2.801,1000.652,2.3841,-5.7872,24.0738,32.676038,0.5819,67.63,9.31,0,True,overcast,night,above
13554dc4-6a81-4e83-bb72-457112d5dfac,60.0,1013.433,0.2489,0.602832,-2.066,1013.184,9.1948,-42.5186,36.6206,74.271186,0.8484,58.14,11.57,1,True,rain,night,underground
e28368b6-d396-47bd-b1a6-2596bb5b5b43,60.0,993.117,-1.3086,0.179031,10.861,994.426,21.6035,-3.2258,66.0816,34.920746,0.0,10.04,1.15,7,False,rain,morning,street_level
69d1a6a1-a3ca-48ff-abbc-42c66e9bfc61,60.0,1010.442,-0.5146,0.047381,4.271,1010.957,38.2359,-15.1993,49.882,50.980797,0.4137,12.64,1.5,11,False,rain,morning,street_level
030402ab-c0ce-44ad-b8f0-7e1887ae6a01,60.0,1012.23,-0.7257,0.361473,6.023,1012.956,25.0455,3.5899,52.3944,83.844262,0.7673,51.71,9.6,2,True,clear,evening,above
53dd39f5-212b-4c65-9999-ac42e8d9aa77,60.0,993.547,-0.7647,0.411531,6.347,994.311,15.0496,9.679,56.7735,83.744747,0.836,37.04,9.74,4,True,overcast,night,above
074b20f8-8a8f-4006-829a-57ed36e6d772,60.0,996.883,0.5295,0.426816,-4.395,996.354,-22.8442,-37.5019,33.3218,-2.617544,0.6021,65.83,12.27,0,True,rain,morning,underground
3506e79c-bb76-41f5-8839-e45df4820762,60.0,999.316,-0.1301,0.068611,1.08,999.446,37.8022,-16.8035,50.7904,24.732065,0.4933,9.16,3.35,10,False,overcast,afternoon,street_level
ed11fd84-e19b-4e03-9bdc-105a2c397c2d,60.0,1002.336,-0.8774,0.493573,7.283,1003.213,8.0219,21.2958,52.8107,46.418042,0.9753,10.81,2.78,7,False,rain,afternoon,above
ca77d797-622d-4a15-852e-b8903c5fea42,60.0,1006.136,0.0092,0.319392,-0.076,1006.127,16.6403,-20.5538,0.6665,76.507037,0.4775,51.17,7.81,0,True,rain,afternoon,underground
522ced6d-bc3c-4ac1-88fc-adb0beb5a38a,60.0,990.603,-0.1419,0.101022,1.178,990.745,20.4215,-48.8026,32.5848,36.322184,0.8232,56.77,2.07,3,True,clear,morning,street_level
e5b58e93-9bfd-40bf-bbba-f8217eecf618,60.0,1016.246,-0.2757,0.10057,2.288,1016.522,37.5416,-6.9972,32.7093,79.66686,0.6613,20.45,6.1,5,True,rain,morning,street_level
31208535-399d-425c-8048-99e2b74a9652,60.0,1007.622,-0.8148,0.550659,6.763,1008.437,-14.4513,-13.7611,55.9151,52.592425,0.6008,59.93,13.07,0,True,overcast,night,above
c3e4fc44-a3ad-4e96-8ab0-8b122bc12c1c,60.0,1009.876,-1.7446,0.762259,14.48,1011.62,-1.8663,8.24,25.3233,26.340405,0.4542,15.22,2.16,19,False,clear,morning,street_level
78154f55-f457-4684-b1f3-014f646d4d8c,60.0,993.801,-0.8225,0.129948,6.827,994.624,3.1276,-17.0667,47.0062,108.886165,0.118,44.97,7.7,0,True,rain,afternoon,above
fb1ef793-faac-4917-a179-322f66446c30,60.0,995.383,0.4463,0.279219,-3.704,994.937,28.0957,-10.8961,60.5322,65.118316,1.0,83.43,10.89,0,True,rain,afternoon,underground
b8bcda3d-cc1b-4f06-a91e-238d817dc250,60.0,1002.113,1.8064,0.694133,-14.993,1000.307,11.826,-29.444,47.3005,60.75821,0.2302,13.34,3.66,13,False,overcast,morning,street_level
a90bb16f-318f-49ec-a8d0-67d75c1a25ff,60.0,1013.707,-1.5084,0.117692,12.519,1015.215,5.132,15.1604,31.7602,91.95893,0.5947,7.78,1.72,12,False,overcast,afternoon,above
e2157cc3-b7b9-4512-aa7f-af9a49684f1f,60.0,998.155,1.4927,0.442164,-12.389,996.662,3.057,29.6319,47.9614,80.398984,0.6546,31.24,8.76,0,True,overcast,morning,underground
e095d4ca-470c-4105-bdec-986fca444704,60.0,1000.663,-1.2548,0.457217,10.415,1001.918,56.0486,26.6897,50.4104,49.100199,1.0,5.55,2.93,17,False,overcast,morning,above
fdf995c1-c52d-4326-bbab-774a6fe58008,60.0,1018.561,0.7362,0.286863,-6.111,1017.825,17.8616,-15.6878,37.6384,104.164215,0.9975,75.6,8.89,0,True,overcast,evening,underground
2da1f8f2-5a92-474e-8c5b-7f89e886a9d3,60.0,999.226,0.2842,0.240861,-2.359,998.941,-2.5975,-7.7211,42.766,76.513589,0.4476,24.17,7.12,9,False,clear,morning,underground
0a7a107b-0b4e-427b-93a0-e71a863473d6,60.0,1010.925,1.898,0.496395,-15.754,1009.027,29.9419,-19.3134,53.4279,38.2295,0.4211,6.28,0.98,11,False,rain,afternoon,street_level
5917d6a0-10f1-4fe2-bc04-d7e9552db19a,60.0,1014.715,0.2659,0.144964,-2.207,1014.449,12.988,4.4921,36.7125,51.957172,0.486,24.68,0.93,4,False,rain,afternoon,street_level
671c0f47-6573-4e7f-b42e-5a1ddfea694a,60.0,1005.264,-0.0525,0.088463,0.436,1005.316,9.7398,-24.8367,39.2164,55.589363,0.3019,1.0,1.4,15,False,clear,morning,street_level
c62dcf35-1282-4df7-bcac-48a97edd83df,60.0,991.454,0.1703,0.360315,-1.414,991.284,9.4933,25.8702,64.2891,79.627387,0.8767,49.02,9.06,1,True,clear,morning,underground
612e785e-b83a-4289-b8cd-f9d239907df4,60.0,995.11,0.7158,0.348038,-5.941,994.394,13.5275,-3.3551,50.0425,56.024551,0.778,58.01,13.16,0,True,clear,morning,underground
8a0ca839-083b-432f-8b20-2192372391d6,60.0,999.76,0.188,0.019567,-1.56,999.572,-1.1479,-13.5651,33.7429,2.843769,0.2203,46.36,3.33,5,True,clear,afternoon,street_level
fc3da8be-4248-4f4c-9161-934640a16429,60.0,992.679,-0.4096,0.571677,3.399,993.089,40.4678,-5.4743,43.6628,39.766374,0.5935,43.43,8.3,1,True,clear,morning,above
c678adfc-08d3-4bad-b343-4dec30c4f436,60.0,1018.577,0.6385,0.439154,-5.3,1017.939,24.3282,-2.0776,35.7264,100.785407,0.3641,40.03,2.09,10,False,overcast,morning,underground
64ac57d1-2c84-4f91-b2e0-a704e15796e3,60.0,1009.031,0.5089,0.169564,-4.224,1008.523,8.9215,3.8479,43.2884,43.053771,0.7302,58.49,15.34,0,True,rain,afternoon,underground
fc6a62b7-7be9-41a8-8743-d58e7fa8c0df,60.0,992.008,0.1172,0.446975,-0.973,991.89,34.3981,6.1582,40.9247,68.897883,0.8837,4.92,2.42,13,False,clear,night,above
4fe6bb61-ce8b-4606-bfa5-c7dd4edfdef9,60.0,990.534,0.3592,0.42096,-2.981,990.175,-18.3251,-14.4803,63.1486,20.838144,0.8101,63.16,6.27,0,True,clear,afternoon,underground
56f52166-1e25-4a21-b181-fc1819d32ecb,60.0,999.686,1.881,0.732761,-15.612,997.805,21.6221,-1.172,65.7046,34.062072,0.1824,16.42,4.15,19,False,clear,evening,street_level
4e10e0e1-d806-46ca-b825-e9e4aa398d89,60.0,1008.658,0.2418,0.53574,-2.007,1008.416,28.8662,-19.0373,20.6455,97.261113,0.5785,72.5,12.57,0,True,clear,morning,underground
b0b73729-c8ea-4bd6-bd31-82eb63ef665c,60.0,1013.918,0.7679,0.67483,-6.373,1013.15,3.3506,-28.7316,65.4749,54.841567,0.8831,18.82,4.9,9,False,overcast,evening,underground
d37ef37b-3b1e-4f9f-b00a-ec6bc0d57204,60.0,999.309,0.2065,0.074882,-1.714,999.103,4.4235,-20.7023,22.8374,40.32377,0.718,51.81,5.11,2,True,rain,afternoon,street_level
813d7239-bf07-4ce5-978f-5b8a3912b80c,60.0,1003.52,0.3422,0.400326,-2.84,1003.177,51.7057,-21.1743,25.9668,73.333418,0.4126,29.69,2.98,6,False,clear,morning,underground
d845102d-2b9a-484b-a59f-e789462e758c,60.0,1017.043,-0.348,0.572337,2.889,1017.391,31.7404,4.04,38.0716,71.334593,0.4855,12.98,2.75,16,False,rain,evening,above
119baef2-50c2-450c-84df-1c9b6ed48996,60.0,1014.892,-0.6563,0.049046,5.447,1015.548,12.2083,0.5053,41.6202,70.828318,0.3559,15.63,2.97,6,False,clear,afternoon,street_level
ba88ab3f-393b-4e5b-8487-000dce624e14,60.0,1014.284,0.78,0.271327,-6.474,1013.504,34.9571,14.9766,26.601,25.87578,0.8497,42.7,11.15,0,True,rain,night,underground
f05892ca-dd42-4428-aedd-cb631c3f9ce9,60.0,1015.469,-0.0232,0.132441,0.193,1015.493,30.2424,-24.0653,31.0168,15.577711,0.645,89.54,13.3,2,True,overcast,afternoon,street_level
65e1127f-ca66-4b6f-8a77-a3d13cbaefd4,60.0,991.547,0.0307,0.457883,-0.255,991.517,39.6289,-31.4913,49.119,64.699152,0.9133,66.4,12.05,0,True,clear,evening,underground
c01b7aa4-3828-4ea2-9d9f-27e774ac67b6,60.0,1010.886,0.3134,0.168292,-2.601,1010.573,8.0871,-22.2056,51.923,46.430151,0.7572,59.34,9.79,1,True,overcast,night,above
2cd4fc88-d544-48ac-9925-3b57e8c6a2ba,60.0,1000.533,-0.6242,0.305335,5.181,1001.157,-3.9538,-19.3606,35.1951,62.068001,0.6404,53.71,8.51,3,True,overcast,afternoon,above
41555a73-fae8-4a6d-9ae7-edbab53396e6,60.0,998.993,0.8809,0.141563,-7.312,998.112,31.3208,-33.625,47.8643,54.208121,0.6944,59.9,10.53,0,True,clear,evening,underground
0d37ad29-57f9-4b24-99bc-123792a8a129,60.0,995.665,-0.33,0.277933,2.739,995.995,38.839,3.9655,48.2649,64.788914,0.4103,33.13,8.84,1,True,rain,morning,above
73b90a51-4e87-48b2-8a26-0713b1ca9463,60.0,990.841,-0.5918,0.246695,4.912,991.433,-18.5093,-16.2329,31.7288,93.871852,0.4241,82.5,10.12,0,True,clear,night,underground
5be04a02-60c4-41d1-969a-779ffc6c347b,60.0,1010.684,0.3127,0.433501,-2.596,1010.372,15.2498,-9.6066,42.2158,77.809777,0.9976,76.74,9.13,0,True,overcast,afternoon,underground
1380340c-ffae-4266-affc-3f5aa47497e8,60.0,994.135,-0.6609,0.150136,5.486,994.796,27.3083,-35.7044,27.5004,62.590279,0.3974,14.0,2.22,17,False,overcast,morning,above
72498447-09a9-402f-9f4a-bcb8305c389f,60.0,1009.352,2.7522,0.327293,-22.843,1006.6,2.6491,-33.0396,17.9514,49.858135,0.5226,60.41,8.41,1,True,clear,morning,street_level
f2cdcdb4-5a3f-41f1-8edf-fcbd5b31c488,60.0,1007.364,0.547,0.669141,-4.54,1006.817,32.9184,-2.3107,43.7158,79.211849,0.3927,9.23,3.37,4,False,clear,night,underground
46ae7fa1-4ec2-4cd7-8801-56a3ad0c1985,60.0,1006.569,0.0422,0.04173,-0.35,1006.527,5.7123,0.8139,43.7896,54.413625,0.8054,16.4,3.7,14,False,overcast,morning,street_level
405e5ef5-2aef-4977-851a-a74fa1462fd2,60.0,1011.654,0.0464,0.056473,-0.385,1011.607,20.4739,-14.6129,39.637,37.388763,0.1173,79.94,7.63,3,True,clear,evening,street_level
a9573633-7c50-4843-a5ac-af3370c9df25,60.0,1003.227,0.0638,0.351595,-0.529,1003.163,37.6576,-18.8154,59.127,76.11765,0.9812,2.27,1.85,9,False,rain,afternoon,underground
855ae0e8-7ef3-4313-af45-74f92b602d8a,60.0,1009.364,-0.0051,0.067235,0.042,1009.369,18.6744,-7.6354,-2.6698,61.529962,0.483,23.98,2.18,9,False,rain,afternoon,street_level
2b9da6ed-bc61-40e9-bf93-c947a2d85b2b,60.0,1001.471,-0.4048,0.536524,3.36,1001.876,3.9576,-9.6489,40.6237,74.694188,1.0,12.35,2.21,12,False,clear,afternoon,above
df5ad0f7-3f90-4bb4-9099-e0a1b55ad9fe,60.0,1001.366,-0.9354,0.521549,7.764,1002.301,8.8689,-39.5494,43.2635,3.604357,1.0,5.54,1.53,18,False,overcast,night,above
d346bb26-6867-4d1f-910a-9877659db0b7,60.0,1017.377,-0.4195,0.331787,3.482,1017.797,44.8042,3.2986,16.1505,40.11341,0.5696,54.73,9.24,4,True,rain,afternoon,above
6722003e-1881-49a6-9dbb-7f74301f7c7a,60.0,1015.138,0.3671,0.381956,-3.047,1014.771,41.1376,2.4119,23.3719,63.062609,0.563,68.22,11.74,0,True,rain,morning,underground
920ab2b1-e01b-40bc-8d32-1052c6c4c84c,60.0,997.793,-0.6751,0.172077,5.603,998.469,17.1772,18.9678,57.0033,56.627981,0.661,15.1,4.71,14,False,rain,evening,above
44e6444e-b50c-4460-b54d-89dc5d052e65,60.0,1005.221,0.3869,0.142091,-3.211,1004.834,28.9843,11.3187,27.0685,31.246078,0.5223,59.0,2.06,4,True,clear,evening,street_level
6ea122cc-e9fa-416a-af4c-0fcd4df6501f,60.0,1009.808,-0.2206,0.645706,1.831,1010.029,0.1047,-18.825,48.3262,75.215448,0.6907,50.76,12.39,0,True,clear,afternoon,underground
24b46c94-a430-497d-a5bd-2d72843b165d,60.0,1003.338,-0.8819,0.252871,7.319,1004.22,35.3469,14.0416,39.0779,93.107711,0.529,45.27,7.59,0,True,clear,afternoon,above
f2773bfa-1653-46fc-b29c-6dc8ec06d43d,60.0,1011.293,-1.4722,0.356599,12.219,1012.765,30.79,-1.822,44.2544,110.533382,0.419,24.13,9.88,3,True,overcast,afternoon,above
00fd524f-3696-4a74-9fe3-82cf628cf8e0,60.0,992.806,-1.1373,0.226338,9.439,993.943,19.2604,-12.3975,22.55,72.140157,1.0,45.5,5.68,4,True,rain,evening,above
7347ae7d-c879-4cbf-baa3-2242567cbdac,60.0,1008.321,0.4977,0.114214,-4.131,1007.823,28.6205,-9.4202,49.0958,50.07953,0.228,26.29,1.38,2,True,rain,morning,street_level
84e3be0b-6754-4e64-b51f-8d369a4a0f60,60.0,1008.059,-0.0394,0.111756,0.327,1008.098,-8.7504,-20.0972,37.6849,57.864895,0.6959,12.7,1.36,4,False,rain,morning,street_level
9545c5a2-a51a-4073-bc67-545d681efac9,60.0,992.667,-0.7584,0.24612,6.294,993.425,-7.4836,-48.7261,16.1827,33.237601,0.492,46.6,6.33,4,True,clear,afternoon,street_level
2784425f-a84e-43ae-a293-80b23c75df2a,60.0,1013.554,-0.2785,0.104328,2.312,1013.833,20.7326,-42.8622,45.6344,-7.22746,1.0,6.99,2.7,19,False,clear,morning,street_level
e83a80d3-4f08-4344-837d-efaf4e478634,60.0,1000.522,-0.0242,0.095524,0.201,1000.546,28.3717,-19.4121,37.048,6.430546,0.7962,60.55,10.43,5,True,overcast,afternoon,street_level
c7bf7c13-2d74-417d-ac90-264820e9800d,60.0,1005.971,-0.9656,0.553005,8.014,1006.937,-17.9465,-6.7223,20.3002,31.296939,0.6203,59.25,6.43,3,True,overcast,morning,street_level
1fbb5b62-5f0c-40b0-bd89-957c1b338535,60.0,997.475,0.0653,0.452789,-0.542,997.409,13.8017,-4.2535,37.5422,68.680655,0.6346,48.64,15.71,0,True,overcast,night,underground
f356e14e-94a4-4f8f-abb2-ab6ca68ec719,60.0,993.633,0.6857,0.586429,-5.692,992.947,-19.928,5.0709,50.6636,55.94629,0.6406,42.42,12.44,0,True,clear,afternoon,underground
78863688-d4e8-4bb7-b9e8-5588f5ab464d,60.0,992.265,-0.1959,0.102074,1.626,992.46,6.258,5.8898,-0.1195,25.293435,0.2584,17.76,2.64,8,False,rain,afternoon,street_level
b621775b-7e0b-4658-96dd-74e2710f81c4,60.0,996.776,-0.2841,0.592851,2.358,997.061,10.3741,-14.1489,46.9482,46.891685,1.0,65.66,9.49,4,True,clear,evening,above
f01e8add-b412-4c34-8da1-0bc6fd2b6c31,60.0,996.288,-0.4727,0.623937,3.924,996.761,41.3294,-27.0893,57.5934,29.003939,0.7941,47.47,15.75,0,True,overcast,night,underground
bbc6e65b-f931-4c26-9662-0beaca048cd0,60.0,995.09,-0.7759,0.10127,6.44,995.866,26.4257,-12.1777,38.0856,75.730935,0.8603,12.47,1.94,18,False,clear,evening,above
a1c452c8-8461-4023-a6c2-329f2e9d0391,60.0,997.356,0.0826,0.263429,-0.685,997.274,9.9503,-41.2164,42.1578,96.868948,0.5383,28.36,4.54,8,False,clear,evening,underground
01944242-ee83-4872-b160-b1f51a51c4ec,60.0,992.995,0.176,0.667212,-1.461,992.819,1.5235,5.3667,49.9522,99.863908,0.5389,61.34,9.22,0,True,rain,afternoon,underground
6006fcc5-8a7f-406f-9750-2d56b11aec9a,60.0,1002.263,1.0631,0.665838,-8.824,1001.2,20.0186,13.2799,44.8859,79.283881,0.8219,60.19,16.04,0,True,rain,night,underground
6e33ab89-df1f-4a13-aad9-8dc8463a99c4,60.0,1016.136,-0.4548,0.410651,3.775,1016.591,3.6331,30.807,18.1712,110.669309,0.7097,30.93,8.02,3,True,overcast,night,above
d76048eb-78a0-4ba7-b387-77e7c4be2c15,60.0,997.762,-1.2818,0.606824,10.639,999.044,22.9239,-31.0886,45.7218,3.980622,0.6687,10.88,1.57,17,False,rain,morning,street_level
73c133b2-7332-4591-9edc-94648e490700,60.0,1014.91,0.8573,0.508316,-7.115,1014.053,-3.6958,-0.2239,58.8838,83.403527,0.7607,52.14,12.27,0,True,rain,morning,underground
ac2f5308-8e72-4c21-9e75-fd75b55bac15,60.0,1015.953,0.1217,0.25737,-1.01,1015.831,20.7544,-11.25,43.358,67.38686,0.3648,20.32,9.62,0,True,overcast,afternoon,underground
9ab67d70-ab1e-4cbb-8ed1-8ab9f1507323,60.0,1008.577,-0.4673,0.481626,3.878,1009.044,23.4621,-20.1199,59.3845,50.710283,0.3683,11.27,1.8,13,False,overcast,afternoon,above
7c882b1a-06a2-4724-b4f2-4ea988d8b6b9,60.0,1009.497,0.2844,0.241461,-2.361,1009.213,20.1681,-41.1298,19.1976,81.823492,0.5599,67.58,10.52,2,True,rain,night,underground
f2dff88d-c82c-4b69-a558-77e168a73e03,60.0,999.11,0.7196,0.608513,-5.973,998.39,6.8584,26.4615,52.4321,29.07444,0.8828,31.08,5.88,8,False,rain,evening,underground
03941b0f-f8cd-4d90-bc05-847ac68cd2f2,60.0,1005.073,0.1273,0.134229,-1.056,1004.945,8.5483,-5.0057,64.8799,58.387859,1.0,81.53,12.22,0,True,overcast,night,underground
20389dba-31ae-4eda-9c00-0f26aaedea9f,60.0,1011.325,-0.1441,0.104063,1.196,1011.47,-0.5224,-5.4309,54.0119,40.88864,0.0557,20.97,1.46,17,False,rain,afternoon,street_level
8a9d3800-f91f-42a8-af03-711bc65d74d8,60.0,1002.587,-1.2109,0.417233,10.051,1003.798,32.2199,-30.1458,32.8909,26.859855,0.6073,31.21,10.37,1,True,rain,afternoon,above
62580d76-dbd2-45be-b535-b65475dc9ded,60.0,1003.525,0.0385,0.096882,-0.32,1003.487,47.3304,-0.5883,38.3137,74.176445,0.3747,32.43,14.56,3,True,clear,morning,street_level
f4a7e294-1316-47ce-8e26-e30a6a3cf2d7,60.0,1002.318,4.112,0.572249,-34.13,998.206,19.6255,0.21,53.6192,4.315754,0.6117,14.66,0.98,11,False,overcast,evening,street_level
af359108-390a-4f74-a7e5-f6c2802e7829,60.0,1013.146,0.126,0.302001,-1.046,1013.02,12.5717,-11.8185,45.9004,62.559455,0.6507,18.08,1.64,7,False,rain,night,underground
b7a00a2e-f51a-4f9d-9ceb-2fdaf3e8d570,60.0,993.95,0.0962,0.573272,-0.799,993.854,17.7647,-28.8189,17.0905,66.136672,0.3591,13.1,2.9,13,False,overcast,evening,underground
9e42cc10-5de6-46ec-833c-7db2dd1f40eb,60.0,998.342,-0.0864,0.474751,0.717,998.428,13.0006,12.1704,42.5464,64.956,0.8884,24.56,14.82,0,True,rain,evening,underground
d8ffb2ca-b6e9-40f4-8ef0-7305b1f84757,60.0,997.376,-0.7493,0.572648,6.219,998.126,-0.9649,15.3448,39.6792,76.699024,0.0,1.0,-0.15,12,False,overcast,morning,above
7f50dbec-9345-4a2e-8a4f-e4a2e5df4129,60.0,994.466,0.5509,0.526445,-4.573,993.915,18.1039,-13.6716,46.6269,19.206304,0.6149,62.29,14.94,0,True,clear,morning,underground
52987146-1955-4ff2-bf16-626079e49133,60.0,1000.441,0.4061,0.230223,-3.371,1000.034,9.7173,4.6056,49.8203,38.422775,1.0,54.17,10.58,0,True,overcast,afternoon,underground
cb6328c8-768f-4624-95ca-60f5de525782,60.0,1009.281,-0.2981,0.029663,2.475,1009.579,28.953,4.9788,76.7942,39.268549,0.7406,9.16,1.59,8,False,rain,evening,street_level
5067abee-f96a-41d9-ad93-58be7484a28a,60.0,1005.023,-0.6545,0.268343,5.432,1005.678,35.8284,-0.9859,46.4418,74.141458,0.6692,6.09,2.79,10,False,rain,night,above
d7ca30d8-c7cc-44de-a2f4-aa18a5563265,60.0,998.961,-0.4,0.365667,3.32,999.361,4.2173,-13.7627,56.2637,61.59158,0.9124,4.3,1.56,7,False,overcast,evening,above
0ad6de11-d75f-4fb9-8d78-707f7405b4e7,60.0,1011.965,-0.3309,0.451016,2.747,1012.296,12.6646,-43.5201,42.4936,107.368653,0.8355,18.98,3.67,13,False,clear,night,above
a9cb879c-9c7e-40d9-b2cb-973e2c688047,60.0,991.599,0.2109,0.217392,-1.751,991.388,21.5773,-33.8743,26.9148,22.897655,0.9562,33.71,1.46,4,False,overcast,afternoon,underground
b68363fe-2901-4df8-b751-58bd24ccb713,60.0,1017.483,-0.1128,0.0681,0.936,1017.596,13.4894,-5.8098,39.2164,19.815952,0.3687,72.01,7.96,1,True,rain,morning,street_level
c4ea4ff4-3b2a-4294-8f29-045e3fa30258,60.0,991.663,1.3534,0.144657,-11.233,990.31,2.8775,0.7778,49.2067,49.632056,0.6853,67.43,11.51,1,True,overcast,morning,underground
9f1c99eb-7a0b-4297-9dc5-18b2adf33d47,60.0,1014.694,-0.7853,0.577315,6.518,1015.48,35.0897,6.5942,36.7451,50.094893,0.4981,41.78,11.11,3,True,overcast,afternoon,above
060f3558-aafa-4ab5-9e9e-c233036407ae,60.0,1004.083,0.3648,0.534732,-3.027,1003.718,-1.2161,-19.1075,35.0056,66.0337,0.6106,76.75,12.46,1,True,overcast,night,underground
990740e4-1fd1-47c6-9319-9d4ac7c871e4,60.0,1016.386,-1.3531,0.588915,11.231,1017.739,15.2665,-10.2877,52.2559,119.504644,0.3453,60.29,12.08,2,True,clear,evening,above
6de7f28b-78a2-4ee5-8598-76a927b80b89,60.0,1000.739,-0.7958,0.516593,6.605,1001.535,26.9997,-14.6815,57.1378,-2.964227,0.1917,6.94,0.89,7,False,overcast,afternoon,street_level
98085132-2e1c-48e3-a1a3-b1d0a289ff8b,60.0,1004.387,0.0046,0.336282,-0.038,1004.382,21.8622,-18.7993,52.3806,5.628801,0.002,9.82,2.81,11,False,clear,morning,street_level
bac934a4-ddf3-44bb-9f4c-31e78a265ff7,60.0,991.557,-0.4864,0.405788,4.037,992.044,27.1613,-13.5415,66.2369,43.199001,0.4531,7.29,1.98,18,False,overcast,night,above
7161ead9-2c3d-467e-bf5e-66ab6493e576,60.0,1005.794,-0.0367,0.450597,0.305,1005.831,18.2953,12.0131,29.3998,60.897695,0.4477,61.74,6.3,0,True,overcast,morning,underground
c2725b66-436a-4fdd-88a1-c827a7792cb8,60.0,994.934,-1.054,0.541707,8.748,995.988,26.9907,-4.1603,29.3292,109.827536,1.0,50.96,8.47,2,True,clear,night,above
a517696f-aa79-4cc6-902a-6026e70786e8,60.0,997.034,-0.0529,0.025247,0.439,997.087,12.0357,-35.1036,36.9847,82.109463,0.8537,1.0,2.49,14,False,rain,evening,street_level
b274e65f-0faa-4da7-bea2-1ca0e371af17,60.0,1006.278,-1.44,0.260401,11.952,1007.718,24.7123,-11.8194,36.9158,104.245299,0.5602,4.74,3.67,13,False,rain,night,above
f4d67fe2-4239-467d-b8c6-29880c362951,60.0,997.138,-1.6378,0.332397,13.594,998.776,24.1233,-14.8908,50.9639,51.012564,0.7424,33.46,8.14,3,True,rain,night,above
1d1162cf-d136-4c46-8770-b0031dace8de,60.0,995.867,-0.6912,0.207242,5.737,996.558,18.5799,-3.0483,27.3833,87.591456,1.0,9.35,2.59,11,False,clear,morning,above
ed9381f8-872b-4881-834b-542fbbf199b6,60.0,995.839,-0.742,0.453831,6.159,996.581,-0.4718,9.1816,35.4067,113.316187,0.7769,23.3,9.32,1,True,overcast,evening,above
9156324f-73f2-45bc-a1e8-1fecdc906aa2,60.0,1000.838,-0.2877,0.116287,2.388,1001.126,25.6798,14.472,33.3474,11.448928,0.2064,3.44,5.59,8,False,rain,afternoon,street_level
47b9c399-f7c8-4261-86bc-37c85c5dfccb,60.0,1014.604,-1.2454,0.144462,10.337,1015.85,26.4309,-24.532,70.6042,62.989336,0.5184,40.01,11.98,1,True,rain,evening,above
4e210f78-33e3-4c66-80d0-e11bc60411f5,60.0,1013.783,0.1154,0.058322,-0.958,1013.667,-24.9346,-14.9942,34.7665,15.783693,0.2596,5.81,1.42,21,False,clear,night,street_level
223cb08e-ce6f-471e-aee0-cccb5baf5ab8,60.0,990.411,-0.4106,0.739319,3.408,990.822,19.4187,-29.6623,19.0473,45.562529,0.299,31.67,8.34,1,True,clear,morning,street_level
6942351f-60ad-43d3-9780-c0143ff220c5,60.0,1012.322,-0.7216,0.110095,5.99,1013.044,8.3888,-7.6508,24.273,53.75717,0.9243,8.98,1.5,17,False,rain,night,above
eff7b8d4-4b2d-446b-8016-3c1579f5a29c,60.0,1011.637,-0.5928,0.284792,4.92,1012.23,1.7582,0.7561,53.8416,72.213543,1.0,14.42,1.79,10,False,rain,night,above
26baa7a0-31dd-408e-bf8e-5bc5f6993c85,60.0,1015.083,-0.1697,0.088382,1.408,1015.253,-1.731,-14.1527,61.2918,25.704345,1.0,5.18,9.15,4,True,clear,evening,street_level
446cb467-625f-471a-8ec2-40077a9bafd6,60.0,1003.753,-0.0591,0.127171,0.491,1003.812,17.8515,10.7057,34.4126,25.050274,0.0886,29.64,12.28,3,True,overcast,afternoon,street_level
84a119fd-253e-4577-828c-aabe3718a915,60.0,1007.653,-0.1875,0.116751,1.556,1007.841,26.8916,-9.9574,30.2262,74.409051,0.27,15.77,3.32,10,False,rain,afternoon,street_level
873b9e80-ca3c-4e10-92d2-02e045f85d2f,60.0,992.13,-0.0825,0.466998,0.685,992.212,0.2075,-18.8472,43.3751,27.110845,0.4855,11.26,15.76,4,True,clear,night,above
58f036e0-8a74-41f8-938d-e77cf10b2deb,60.0,1005.457,-1.2141,0.515972,10.077,1006.672,24.6279,-9.748,10.4725,65.85804,0.6301,38.29,12.22,0,True,clear,afternoon,above
099d9e28-6c3d-4cfc-9b85-a03e33fe0cc2,60.0,992.599,-1.6327,0.412917,13.552,994.232,26.8004,-14.5537,46.993,36.176334,0.1393,28.88,9.09,0,True,clear,afternoon,street_level
4f4a7acc-c519-4b60-a0db-166f050cb26f,60.0,1012.355,-0.2349,0.05144,1.949,1012.59,31.8392,-13.5549,49.6825,12.072057,0.5609,1.0,3.55,6,False,rain,night,street_level
b0b968a2-3c3c-494f-9434-131ce44759ac,60.0,1011.363,0.0002,0.155734,-0.001,1011.363,10.9141,-31.6052,57.3292,16.111922,0.3759,15.42,6.85,3,False,overcast,morning,underground
82316b7a-cde5-49e1-94e5-d6f1ccd61eea,60.0,1011.99,-0.772,0.585233,6.407,1012.762,25.1465,-37.2233,35.2454,28.334859,0.4121,13.08,-0.5,16,False,clear,morning,above
3893c76a-51c9-4924-b722-5561178d86a9,60.0,999.915,0.9877,0.625273,-8.198,998.928,9.1709,-10.6469,29.9199,58.073534,0.7746,1.0,7.92,14,False,clear,night,underground
a98210e3-abe8-4033-9f1f-3fa8f10c76f9,60.0,996.056,-1.2855,0.243668,10.67,997.341,2.2802,3.3962,65.7211,13.234566,0.059,10.04,1.62,12,False,rain,morning,street_level
49eeb55d-e3bf-42d5-b3b6-72423fe6f932,60.0,1017.899,0.5218,0.308408,-4.331,1017.377,1.2803,1.6398,24.4442,52.600088,0.5284,37.23,9.84,0,True,clear,afternoon,underground
9a0db162-92c1-4d88-b252-aa2db810cbbe,60.0,996.97,0.256,0.614528,-2.124,996.714,13.0235,-21.6954,37.1447,25.89573,0.9379,46.19,14.87,0,True,rain,morning,underground
94fb7f60-adc5-498c-a5a3-70cc8fecbc81,60.0,997.718,-1.2708,0.44125,10.547,998.989,9.43,-20.6212,32.1818,7.424274,0.2805,46.73,12.51,3,True,clear,evening,street_level
18089b11-b12b-4aa9-9948-be7dbbac170e,60.0,1007.183,0.2432,0.068661,-2.018,1006.94,18.5766,-9.4994,-4.4893,17.302536,0.4782,11.32,2.75,9,False,overcast,morning,street_level
25402088-6da3-4856-8426-b47b2f4e2bbf,60.0,1013.596,0.2443,0.07665,-2.028,1013.352,0.6461,-25.719,37.9331,23.58053,0.2789,46.33,4.61,0,True,clear,morning,street_level
00e6a149-a17a-4c26-a175-f09b178f1723,60.0,995.671,0.6099,0.599324,-5.062,995.062,22.6232,-27.8415,32.1646,109.615147,0.8523,1.0,2.16,2,False,overcast,evening,underground
0ec4331f-821d-4bc0-b8e1-e3c4b0ab23f0,60.0,992.107,1.0478,0.333302,-8.696,991.059,20.0075,-15.2702,59.893,70.759868,1.0,22.99,2.92,10,False,rain,evening,underground
47da7363-9c1c-4918-8214-e3c7ec3e8c0a,60.0,1009.333,-1.4111,0.527721,11.712,1010.744,46.955,-42.0915,13.4522,17.355652,0.9477,59.32,10.99,4,True,rain,evening,above
bd3d6501-ce82-4fd4-8e63-baa69671c1c7,60.0,1015.535,1.1508,0.122585,-9.551,1014.384,19.7318,-37.3594,28.9486,58.864592,0.5308,77.67,10.67,0,True,overcast,evening,underground
78c25e60-ab33-4808-8eeb-ca3c04155502,60.0,1001.033,0.8852,0.665003,-7.347,1000.147,-15.312,-14.7354,1.4041,63.830369,0.4643,1.0,6.96,7,False,clear,evening,underground
12a89d85-0a73-49d1-9131-db8a4b40828c,60.0,990.318,-0.1386,0.361913,1.151,990.457,0.9042,-9.2164,29.2211,60.000878,0.8508,38.92,10.39,0,True,rain,night,above
5e939b00-9b27-45af-818e-4b79f5afee5f,60.0,1008.068,-0.7659,0.196987,6.357,1008.834,30.8113,-23.7892,54.3722,38.632602,0.5774,51.12,7.24,6,True,clear,evening,above
b93404a3-7460-4392-b38f-11e21e009faa,60.0,1001.827,0.5893,0.495252,-4.891,1001.238,7.5349,2.8131,15.6585,69.782488,0.735,10.33,5.98,10,False,clear,morning,underground
cd12b93d-dfc1-45d6-b7bb-75f9d3b41ccf,60.0,1001.419,-0.28,0.143824,2.324,1001.699,0.1338,-20.6329,25.1123,67.980299,0.6189,10.26,6.57,4,False,overcast,night,underground
c13f0c7b-021a-4a08-a492-e52ee9b02b9d,60.0,1004.879,-1.0245,0.111213,8.503,1005.904,-7.5656,30.8994,45.6235,53.86825,0.1894,4.46,2.32,21,False,clear,morning,above
aa5a1c6d-9b69-49ab-bc35-aba24416ab0f,60.0,1007.16,-1.3867,0.43871,11.51,1008.547,28.7134,-20.1308,30.2968,85.633809,0.9188,3.75,2.81,14,False,clear,evening,above
c17798c2-31be-42d8-ace0-75c2098d5b80,60.0,1011.769,-1.0583,0.513605,8.784,1012.827,6.0061,-10.2884,35.8807,71.659273,0.9179,4.71,2.89,14,False,clear,evening,above
8279c866-c13d-490d-9a30-ca48c476432b,60.0,994.06,1.2019,0.281865,-9.976,992.859,13.6706,-17.7742,55.2483,119.274584,0.403,17.62,0.56,12,False,overcast,night,underground
a4e4030a-5591-46b6-a7ed-e07b4c64d3c3,60.0,1001.301,-1.3214,0.258448,10.967,1002.622,13.3435,7.2672,33.6331,103.814894,0.703,7.57,2.94,16,False,rain,afternoon,above
2d2b0f2c-dee1-44be-baa2-6a264fdceef9,60.0,995.505,1.3113,0.451301,-10.884,994.193,40.8872,5.6031,26.5223,7.41048,0.3791,26.01,1.05,16,False,overcast,evening,street_level
63fae341-d895-48a9-8e03-e17b156a8f2e,60.0,1007.834,1.6925,0.52599,-14.048,1006.142,3.5768,-18.5546,52.1585,73.551663,0.8367,87.16,6.07,4,True,overcast,evening,street_level
4b10fea3-d02a-4599-a342-f6cf3d2b59c0,60.0,995.202,-0.3871,0.149589,3.213,995.589,31.8318,-9.1654,25.4939,45.620623,0.6475,10.82,0.13,10,False,overcast,evening,street_level
7c4bfedb-e584-4593-86ef-f81df441b076,60.0,1001.694,-0.613,0.598066,5.088,1002.307,1.0156,-5.1726,51.0742,46.333634,0.457,76.85,8.94,3,True,rain,afternoon,above
924b19eb-d2f9-4c70-ad45-669f50c74d25,60.0,996.932,-0.5126,0.335833,4.255,997.445,-17.4541,-7.4538,21.9683,93.493277,0.2732,11.31,2.08,18,False,rain,night,above
8f041923-8a45-44ba-bc77-6ab515d40c8f,60.0,990.016,-0.9945,0.499018,8.254,991.01,10.1034,8.0527,55.1385,19.943784,0.0121,52.47,7.26,3,True,overcast,morning,above
cf92a459-4a18-43b1-af7d-e582d36b3e10,60.0,994.632,0.4715,0.152373,-3.913,994.16,23.4251,-7.2547,12.3929,43.756349,0.8323,17.68,2.35,10,False,rain,night,underground
d0d82a24-ac73-4709-96ac-0308d678fd99,60.0,989.303,-1.4428,0.23731,11.975,990.745,52.2022,10.9291,34.4598,40.68218,1.0,74.23,6.85,0,True,overcast,morning,above
6d0c871e-e4ec-41c2-b568-78a790bde346,60.0,996.243,0.1329,0.447879,-1.103,996.11,24.577,14.5579,30.4212,36.59773,0.7628,73.74,7.65,0,True,rain,evening,above
11d69d0e-a9af-4f7f-8d7a-4ed9490fc567,60.0,1013.836,-1.2487,0.50546,10.364,1015.085,25.181,10.6342,40.7769,65.404778,0.8756,56.47,6.38,4,True,clear,afternoon,above
09c103e9-1f2a-4b99-a643-015a8d956e32,60.0,1014.78,-0.4767,0.586294,3.957,1015.256,33.2312,-40.7485,28.9482,90.238327,0.7576,89.33,9.73,4,True,overcast,morning,above
58f7049a-6ae5-4bcd-aac4-f4a4d63a0e69,60.0,996.422,-0.2816,0.132452,2.337,996.704,9.7181,-32.4142,37.9393,8.362526,0.5725,1.0,3.96,8,False,rain,morning,street_level
e8765de6-e880-4c27-9c2b-6a9d39d3dc82,60.0,997.189,0.2027,0.41916,-1.683,996.987,14.0204,0.0796,65.7579,74.263109,0.6182,3.02,2.69,11,False,overcast,night,underground
ec50e83e-bb91-4389-85ac-9755b95f0ef7,60.0,997.77,0.5109,0.382303,-4.24,997.259,17.6933,-11.1676,20.6213,63.291434,0.8618,10.65,1.49,11,False,rain,morning,street_level
26a3ac91-4620-4ba3-a312-558add4e9661,60.0,1012.198,0.2361,0.396478,-1.959,1011.962,36.8162,-9.8126,49.7494,85.158102,0.9678,57.79,10.31,2,True,overcast,afternoon,underground
5262468a-1ddc-43cd-b82a-21778d98085b,60.0,1007.263,-2.4395,0.272719,20.247,1009.702,8.965,-1.2954,45.0349,-5.020622,0.3572,16.33,13.95,4,True,clear,afternoon,street_level
45b94bd4-aea5-4d02-b943-ddcd16916a2c,60.0,1004.554,-0.9863,0.195197,8.186,1005.541,16.4124,-0.6495,71.6832,91.284789,0.7496,1.04,4.46,16,False,overcast,morning,above
6da2482b-0bd0-4ca4-98cb-4fcd4f9cdf76,60.0,1007.467,-0.3884,0.302372,3.223,1007.855,14.7599,-36.2858,50.5924,32.207683,0.0,34.81,3.66,0,True,rain,morning,street_level
3527bd04-d50f-4e22-878c-f10a9ca723fe,60.0,994.99,0.029,0.148237,-0.241,994.961,12.8111,37.5611,63.1414,46.761209,0.5029,7.39,2.45,9,False,rain,night,street_level
f728fce3-8e97-4505-9882-db678a35eb12,60.0,1011.334,1.0896,0.550477,-9.044,1010.245,11.6227,-17.6884,39.7778,97.496274,0.9672,14.57,5.99,9,False,clear,evening,underground
25a0dc15-0ed0-4159-ab2b-9f951e79b22e,60.0,1011.74,-0.1521,0.406613,1.263,1011.892,13.05,-11.2591,39.6488,82.402689,0.1255,47.61,6.97,0,True,rain,morning,above
d68f64ac-8267-48c3-9c25-d9c7e8401ff4,60.0,1001.082,-0.3633,0.555679,3.015,1001.446,8.5263,-11.2115,46.5835,88.323949,0.298,11.99,1.15,10,False,clear,night,above
6160093c-d1ed-44c8-b110-f0a9a5acd700,60.0,1011.974,0.2008,0.123271,-1.667,1011.773,23.0159,-27.503,21.5718,31.648101,0.3824,14.52,0.86,14,False,overcast,evening,street_level
620454ff-76d0-4e6a-a104-df897238865e,60.0,1013.638,-0.058,0.118181,0.482,1013.696,15.6808,19.9034,46.0598,7.268,0.4332,1.0,1.55,13,False,overcast,morning,street_level
a442533c-952d-4445-9ee1-02f504b6dc2f,60.0,993.297,-1.162,0.203825,9.645,994.459,-0.3839,-15.1586,24.784,70.875351,0.8972,19.32,1.8,20,False,rain,night,above
fa5ec71a-1aba-47a2-b00b-3aaed72a7d20,60.0,997.03,-0.2753,0.400264,2.285,997.305,8.3991,2.7578,49.8864,108.944539,0.5564,11.89,0.21,8,False,overcast,night,above
293f3ec3-6e51-465e-bfce-deabe08ec121,60.0,998.592,-0.6183,0.185477,5.132,999.211,47.3457,0.4561,36.7925,62.088305,0.8153,61.84,10.3,3,True,overcast,night,above
164fe8dc-fa6d-425c-8f75-0c8e8c3189ae,60.0,993.92,0.1808,0.055465,-1.501,993.739,-0.6289,-12.1643,57.9977,93.503832,0.4129,11.39,2.54,11,False,clear,evening,street_level
d95ff174-4b8d-4237-a0b0-c20a24a7b51f,60.0,999.782,0.3745,0.086896,-3.108,999.407,26.5117,4.2873,40.4155,35.832865,0.3758,23.4,3.15,11,False,rain,morning,street_level
dab429ec-a33c-445a-90cd-960005c68dbf,60.0,1009.072,0.233,0.011829,-1.934,1008.839,-0.7444,-5.5469,40.1701,35.043278,0.9213,12.57,2.92,11,False,clear,evening,street_level
c636d827-a7b1-440d-a963-a39eccbde882,60.0,1008.866,-1.2439,0.278043,10.324,1010.11,0.2685,-46.7374,25.5068,20.837773,0.5796,27.0,7.98,1,True,overcast,afternoon,above
abf3e6ac-68a8-4a33-8b3a-6d9c98d162c3,60.0,1013.394,-0.4562,0.19047,3.786,1013.851,36.6159,-17.82,54.4467,62.385351,0.8155,12.81,0.08,9,False,clear,evening,above
7ccf96ae-e572-4c68-b7f4-d1cac0964f88,60.0,1003.014,2.3468,0.797953,-19.478,1000.667,14.7386,-33.7791,27.1851,31.00762,0.4198,11.48,0.01,6,False,rain,night,street_level
018635a4-cdc7-4937-b83f-13e5e224ac66,60.0,1000.643,-0.8414,0.547443,6.983,1001.484,24.9431,11.6477,13.7874,27.439754,0.1379,10.81,1.33,13,False,overcast,morning,above
78ce4ea8-eda7-4bd0-864f-570e5c5b933e,60.0,992.803,0.1929,0.324299,-1.601,992.61,35.482,-2.9236,36.1633,102.739434,0.4904,6.18,1.66,5,False,clear,afternoon,underground
a289b261-7c8f-4def-88c3-1207b5bec22a,60.0,1004.123,0.7416,0.343501,-6.155,1003.381,16.5319,-8.9536,29.0263,68.194718,0.9158,4.73,2.27,4,False,rain,evening,underground
545435d9-7c96-4fb1-b0c2-b6ecebd1cc02,60.0,1003.023,0.3033,0.553375,-2.518,1002.719,25.3218,-15.4574,45.9082,63.263694,0.656,34.92,11.4,0,True,overcast,afternoon,underground
b437da71-e547-4150-a922-19e42adf58cf,60.0,1015.468,-0.8053,0.466407,6.684,1016.273,21.6751,-8.4718,37.2206,98.810899,0.8763,52.52,8.55,0,True,overcast,afternoon,above
3c08df76-cdd6-46b7-a4f4-224f295be29d,60.0,1015.069,1.2694,0.474077,-10.536,1013.799,13.2817,-0.1351,56.8725,94.614093,0.0809,15.41,2.72,6,True,rain,morning,street_level
591c2f34-5ccd-4824-8948-1c675fbd4623,60.0,989.546,-1.1871,0.333923,9.853,990.733,12.7941,-9.7114,46.4584,59.383436,0.8237,41.12,8.64,5,True,rain,evening,above
3f61b155-6925-4722-a5f8-5de2cad3e2d1,60.0,1012.001,1.4361,0.686156,-11.92,1010.565,12.4806,-21.5094,42.7139,36.088623,0.8618,34.4,4.72,4,True,rain,afternoon,street_level
7bd8bb89-458e-43f8-846c-f2772da0cea4,60.0,1000.754,-0.088,0.376713,0.73,1000.842,3.6422,-15.5983,35.7208,-14.614456,0.7096,42.48,9.03,0,True,overcast,night,underground
9401edaa-3b13-4bbb-af26-7a34b068d962,60.0,1007.216,-0.0408,0.094862,0.339,1007.257,19.4775,-0.3715,43.5495,13.515463,0.5481,52.72,4.63,3,True,overcast,evening,street_level
178b8dec-54f9-4f04-980c-7009c3368815,60.0,996.299,-0.4439,0.039635,3.684,996.743,28.3282,3.6645,50.7469,45.960312,0.0,16.28,2.15,16,False,overcast,morning,street_level
b30ae283-9254-44fa-ad32-e2c790626013,60.0,1007.598,-0.2655,0.41747,2.204,1007.863,13.8088,-26.3196,48.0402,88.676826,0.6641,59.05,13.2,3,True,rain,evening,above
66bd22ef-646d-4d42-9c48-cee6ddbccba5,60.0,1013.65,-1.6336,0.476379,13.559,1015.284,17.9189,-43.9274,53.9845,58.956505,0.7752,10.61,1.19,21,False,overcast,morning,above
ff77f899-cd53-4bb5-b25d-45c328f71bad,60.0,991.147,1.0158,0.582189,-8.431,990.131,37.2851,4.2163,64.3775,65.240142,0.663,69.52,12.8,0,True,overcast,night,underground
9f3bdc96-b9de-4761-a831-a6c5ce791241,60.0,1013.308,-1.0434,0.596477,8.66,1014.351,38.945,-28.2007,57.3659,79.525138,0.5264,10.31,0.72,18,False,clear,night,above
c413043f-e695-4a43-a435-affd3e133000,60.0,1018.445,1.1803,0.355059,-9.797,1017.264,29.2384,-9.128,62.3595,96.536333,0.8835,63.99,17.07,0,True,overcast,night,underground
2bc70156-f946-4c0d-b8cc-70c47f406227,60.0,993.33,-0.1431,0.037473,1.188,993.473,39.5136,-25.7995,38.2089,30.585499,0.2934,4.75,2.51,7,False,rain,afternoon,street_level
7f72953e-1d5d-4a29-a632-9c8dd4d5f6ae,60.0,1009.545,-0.2965,0.451745,2.461,1009.842,-4.8141,-21.6684,38.2844,12.842708,1.0,12.54,0.78,11,False,clear,afternoon,above
18e6b6f1-b052-45cb-ad95-427f2081ca32,60.0,1004.895,-0.3735,0.391156,3.1,1005.268,8.6678,5.5219,61.7682,123.234367,0.2069,57.88,9.16,4,True,overcast,morning,above
a945b57a-2ca6-4131-b166-3388ac6ce736,60.0,1017.435,-0.3912,0.107377,3.247,1017.827,13.6097,-5.344,48.2143,18.013825,0.3096,9.94,-2.87,8,False,rain,night,street_level
adb5b394-2084-4383-960b-dcefb439471c,60.0,991.21,0.6078,0.379892,-5.044,990.603,10.6416,-2.0919,34.9625,71.104863,0.5249,62.17,10.68,0,True,overcast,afternoon,underground
58248256-c76f-499c-afd5-f81eb4d952f0,60.0,993.162,-0.2519,0.059202,2.091,993.414,38.5947,-7.3208,38.6386,74.432753,0.674,23.94,-0.05,18,False,overcast,night,street_level
3b7068a0-a2b1-47e7-a1de-ff82b9b09d4e,60.0,996.699,0.7225,0.586763,-5.996,995.976,33.0613,17.1038,36.5517,132.947545,0.9393,34.36,4.48,15,False,rain,night,underground
ce812364-5950-4019-9527-89e0eaac160c,60.0,1015.387,0.1991,0.443582,-1.652,1015.188,8.2274,-35.7291,37.3349,72.83959,0.2649,74.8,13.94,0,True,rain,night,underground
a1970a03-2d5f-4a27-953b-0fad0447db90,60.0,1004.736,-0.3831,0.076437,3.18,1005.119,-6.8147,-11.8312,44.7325,27.801703,0.5365,8.36,0.91,10,False,overcast,evening,street_level
9f643fca-e328-41a1-8cf9-b531f7394dfd,60.0,997.633,-0.2442,0.614415,2.027,997.877,10.1051,-1.9095,40.5167,72.231514,0.6621,7.8,6.49,7,False,overcast,afternoon,underground
56874013-b8a8-439f-9f43-817fd31ca7ef,60.0,999.453,-0.3837,0.447808,3.185,999.837,-1.5029,-35.081,31.5858,98.665402,0.1849,69.21,10.77,2,True,overcast,night,above
bb684255-c4f9-4e8e-b4a7-713f373bfcab,60.0,1003.901,0.021,0.044942,-0.174,1003.88,15.0987,-12.2426,12.1624,25.665995,0.8286,3.69,2.72,13,False,clear,evening,street_level
3a13847d-f94b-440c-9aa9-3b1689ed5919,60.0,1004.44,-0.7783,0.274007,6.46,1005.218,15.7615,-11.5789,31.0536,52.738735,0.6569,34.65,5.71,0,True,clear,evening,above
33d16828-b283-441c-a81a-09f1a766e75d,60.0,991.728,-0.366,0.35928,3.038,992.094,5.7094,-38.7636,24.8076,90.889126,0.6793,2.46,5.98,6,False,overcast,afternoon,underground
859f3f33-fc34-4dab-ad6d-b2ac24d62ec2,60.0,1010.739,-0.7012,0.260094,5.82,1011.441,16.0195,23.3461,52.7079,78.889496,0.4813,18.12,3.21,12,False,clear,night,above
56bde1be-ea9b-414c-bad2-c918bfd1a89c,60.0,1016.604,-0.3613,0.181279,2.999,1016.965,41.3312,9.4657,16.3836,29.099012,0.8312,43.01,10.94,0,True,rain,evening,above
dd1d2ce3-fef1-4ab8-b3ba-7e67a1431f32,60.0,994.882,-1.3206,0.730524,10.961,996.202,7.5705,-5.9043,18.4011,6.863151,0.422,50.98,12.71,0,True,clear,afternoon,street_level
a21811a0-ff03-4d7d-9881-91b2af69e0dc,60.0,1008.994,-1.4681,0.203662,12.186,1010.462,18.8523,16.9418,43.1171,88.961037,0.5737,34.4,10.26,2,True,clear,morning,above
38a50001-3733-4d67-b3e8-3a23c3c74c6c,60.0,992.94,0.3628,0.149817,-3.012,992.577,14.3109,-13.1255,36.3164,88.193679,0.8646,24.74,5.06,0,True,overcast,morning,underground
c68a1034-6c70-42d0-a47b-dc90d8db03fa,60.0,1015.878,-1.0618,0.364309,8.813,1016.939,12.9943,-11.8896,41.5509,51.774044,0.4462,10.73,9.26,1,True,clear,night,above
6e26124c-ec73-4d65-8cc0-491c89e4a7d2,60.0,990.837,0.312,0.632531,-2.59,990.524,31.1232,-30.6854,45.6392,78.213868,1.0,23.18,3.7,8,False,overcast,afternoon,underground
3cd7a94a-f8e5-4236-86ac-d0183c2d681f,60.0,1016.872,0.1803,0.039662,-1.496,1016.692,-8.2388,-9.6065,15.2023,58.650375,0.9244,3.83,2.3,16,False,clear,evening,street_level
0f081409-4579-440c-9870-360d5fc4c678,60.0,1005.784,0.1871,0.206293,-1.553,1005.597,34.5855,-14.4824,31.5407,68.975747,0.9385,70.39,9.26,1,True,clear,morning,underground
cd00737b-ecfd-4158-97d7-1adb220648ce,60.0,997.862,-1.6025,0.597559,13.301,999.464,21.3004,5.1401,28.2132,17.321763,0.3167,91.11,4.02,3,True,overcast,evening,street_level
6a73b476-0243-46d2-ad0d-92d137c8245a,60.0,1009.144,-1.1024,0.347515,9.15,1010.246,59.997,-18.656,37.3442,56.194907,0.5962,15.75,1.85,17,False,rain,afternoon,above
30bd13d9-da22-40e2-b92a-80bd3ffb173b,60.0,1010.906,-0.5532,0.587173,4.591,1011.459,23.6711,-6.951,46.3953,54.48946,0.4977,25.33,0.46,8,False,overcast,night,above
2b3be453-c474-4113-92f7-6bef06a914a6,60.0,996.793,-0.4433,0.467273,3.68,997.236,13.5259,-28.2162,39.5508,34.632214,0.0427,17.48,0.97,17,False,clear,morning,street_level
7a10da51-d4c9-4cc7-89f9-33afc5f703cd,60.0,1011.406,1.6426,0.20288,-13.633,1009.763,-2.0227,-0.3779,28.6363,22.938512,0.3616,39.52,10.56,1,True,rain,night,street_level
14856fed-eefc-44bf-b34e-6b42f12aa1fa,60.0,1012.496,1.0409,0.151093,-8.64,1011.455,43.17,-27.7859,43.4987,66.60062,0.2392,17.02,9.82,0,True,overcast,afternoon,underground
05e2844d-ede4-460f-a8d9-2f8af75f53d9,60.0,1015.359,-1.2168,0.596091,10.099,1016.576,7.9364,-12.2258,21.9719,69.694615,0.575,8.22,2.8,16,False,overcast,night,above
7e8f4c31-4e66-4843-bbb1-c1697462191b,60.0,1016.75,-0.768,0.353248,6.374,1017.518,24.298,1.7588,56.6389,73.683627,0.7889,17.84,11.03,6,True,overcast,morning,above
ad0b85ea-b182-40fa-81b5-6d7580891322,60.0,1006.391,0.5769,0.569967,-4.788,1005.815,24.03,-3.5397,59.015,66.189769,0.6265,13.72,4.2,6,False,overcast,night,underground
aa02d146-1488-482d-91d3-4a706947a355,60.0,996.38,1.4206,0.256179,-11.791,994.959,8.1572,-28.302,45.8124,142.382492,0.7803,18.49,-1.34,4,False,overcast,night,underground
6f2af95f-3f3c-4fb6-8274-ab601d550952,60.0,1006.168,0.6714,0.695503,-5.573,1005.497,20.2023,-19.4885,35.5594,82.741962,0.6633,105.3,9.76,2,True,clear,morning,underground
3b2cb76b-6a7a-4aff-9038-0e7aad3184ec,60.0,1011.978,0.0746,0.086557,-0.619,1011.904,13.9251,-23.8001,58.702,3.509171,0.8033,7.08,0.65,20,False,clear,morning,street_level
620af897-699c-4d5d-bd5d-510df83a6616,60.0,1004.417,0.1158,0.662118,-0.961,1004.301,32.5923,-27.5771,65.4195,59.415092,0.4177,23.1,8.33,7,False,overcast,afternoon,underground
1aa90aee-4b97-482f-953c-89c7ee2be48f,60.0,1014.341,1.1162,0.172652,-9.264,1013.225,39.7454,-9.9152,37.3196,41.213626,0.3015,19.49,2.87,15,False,overcast,night,street_level
fd2bf501-43e0-45b3-abe6-fdd85ec8d860,60.0,1007.598,0.9308,0.161976,-7.726,1006.667,24.5694,-11.6101,39.2719,43.417446,0.6579,29.63,1.27,9,False,overcast,morning,underground
cafcd330-7c98-4cf8-9427-f10f24475e42,60.0,1000.611,-0.6641,0.285403,5.512,1001.275,7.3271,-13.5397,34.6547,15.189034,1.0,29.55,10.37,1,True,clear,night,above
471c3fb5-1c7e-4f00-bd4e-e2020f77be9d,60.0,992.543,0.1094,0.43424,-0.908,992.433,32.2115,-25.2595,58.2251,47.713048,1.0,8.5,3.96,13,False,overcast,night,underground
9e4c3344-8503-4650-8103-45e935947154,60.0,1013.761,0.1649,0.524969,-1.368,1013.596,16.3815,-33.0819,39.1393,90.376237,0.704,12.65,3.95,18,False,overcast,afternoon,underground
49e0933e-1874-4226-bf2e-9ac3669619d1,60.0,990.25,-0.1732,0.100589,1.438,990.423,21.8619,-30.5554,64.8056,44.724654,0.7436,11.11,0.11,19,False,rain,morning,street_level
535e9879-3ce8-4df8-b690-aa8c24c6813b,60.0,997.364,-0.5463,0.454073,4.535,997.91,20.6007,-6.8264,42.0932,26.875103,0.8977,12.52,3.79,12,False,overcast,afternoon,above
701201f4-1b20-4689-967a-ba592e562c01,60.0,993.902,0.4783,0.110423,-3.97,993.423,12.6578,-37.7993,45.414,84.377356,0.6327,89.31,13.74,0,True,overcast,morning,underground
83dcd1c2-d760-4ccd-82c8-7e609541c6a8,60.0,1014.862,1.0221,0.235226,-8.484,1013.84,17.861,1.3986,44.6712,105.226143,0.5734,32.74,12.73,1,True,overcast,night,underground
f825d360-ef55-4c85-97a8-5eb66861c0eb,60.0,997.553,0.1023,0.019991,-0.849,997.451,-3.2684,-12.6332,6.096,63.655034,0.3981,49.4,7.25,3,True,overcast,morning,street_level
1fd38a0e-5ccd-4f66-aa45-702ad281a866,60.0,992.173,-0.7679,0.522739,6.374,992.941,9.1696,-22.4884,17.0649,26.354153,0.387,16.36,1.89,10,False,overcast,morning,street_level
80bfec43-fedc-4f54-a3e8-b95dba78e365,60.0,1015.06,1.3269,0.505369,-11.013,1013.733,22.2583,-14.407,26.5931,24.634408,0.8237,13.78,0.34,3,False,overcast,afternoon,street_level
d451dbc5-8286-4fde-9c1e-5c0f594d82a9,60.0,1002.699,-0.3249,0.137189,2.696,1003.024,19.4055,-22.6884,52.4813,31.884051,0.5638,14.91,3.34,14,False,overcast,night,street_level
0549007b-7889-4204-b355-15e8b6c14bab,60.0,1000.95,0.1157,0.608408,-0.96,1000.834,-1.5604,7.4406,56.5604,112.978707,0.3413,54.5,11.55,0,True,clear,morning,underground
ba22379e-5d67-43d4-9bde-6eabe007ed9f,60.0,992.439,0.3481,0.089952,-2.889,992.091,24.8692,-5.8749,37.4557,37.300721,0.8691,40.36,9.9,4,True,overcast,afternoon,street_level
5916dadd-3d9d-44da-95d3-e96645b30686,60.0,1006.545,-0.5893,0.416616,4.891,1007.134,18.7747,6.3935,29.9836,47.549153,0.6715,49.7,7.66,3,True,clear,morning,above
743c935e-d44b-4ba8-bb43-dfece2430da5,60.0,1000.524,-0.9212,0.451268,7.646,1001.445,-3.1046,-10.4763,55.4927,74.208749,0.3385,53.25,6.99,3,True,rain,morning,above
ae3e8963-08db-4465-ac20-8cc9e87a9789,60.0,995.505,0.1205,0.054813,-1.0,995.384,9.6977,-6.8859,56.4859,19.828971,0.6247,10.24,1.92,17,False,clear,evening,street_level
66eb797b-7a5e-4d47-aaef-c242bd7a5ac8,60.0,998.524,0.2886,0.423816,-2.395,998.235,25.5916,7.7944,46.9221,75.018445,0.8892,17.78,7.18,4,False,overcast,afternoon,underground
72ab51a4-6906-4bda-ae0c-6e2378e9f8f4,60.0,991.721,-0.0184,0.299229,0.153,991.74,13.0081,-24.4503,40.1352,96.219205,0.8456,65.15,14.95,0,True,overcast,morning,underground
418ca121-50c3-4910-b9e7-8fce8739032a,60.0,1015.625,0.1249,0.13001,-1.037,1015.5,31.3444,-27.2014,25.7226,22.043064,0.6217,17.94,2.3,12,False,rain,morning,street_level
34ba14ff-8ebf-49ea-a0df-436ff26f7cb9,60.0,998.928,-1.2754,0.147056,10.585,1000.203,12.2364,-12.1555,66.5273,29.327642,0.5127,14.15,14.7,0,True,rain,night,above
f355c07e-d694-40e0-8112-adfec47b9449,60.0,997.634,1.9715,0.202834,-16.364,995.663,-0.044,24.5155,51.0812,25.549723,0.2641,55.88,6.66,0,True,overcast,night,street_level
c22de007-40ae-477b-b53f-c149c112f363,60.0,1009.848,-0.7461,0.17272,6.193,1010.594,14.349,10.0285,55.3803,58.835895,0.6956,5.29,2.13,7,False,rain,evening,above
f9a17bba-1efb-4265-83c3-d5fe33f344b7,60.0,1013.718,-1.1739,0.283571,9.744,1014.891,-0.9607,14.3591,37.5406,71.959738,0.7464,18.45,2.15,14,False,overcast,afternoon,above
90e3f0dc-0ab0-41f3-a55d-823e2bd2f537,60.0,1005.644,-1.247,0.260954,10.35,1006.89,-6.2375,-4.5944,22.4573,73.393286,0.8969,49.15,10.54,4,True,clear,morning,above
82b44606-de61-4b2a-bf87-7d53980dd9f6,60.0,1002.123,-1.9043,0.675687,15.806,1004.028,54.5801,-15.6958,37.0534,13.459319,0.8983,59.13,4.89,4,True,clear,afternoon,street_level
3f01f543-2aad-4cef-bf9a-8b0a7d8c64ad,60.0,1011.724,-0.252,0.02269,2.092,1011.976,3.3558,-8.2578,53.7352,42.854893,0.6125,12.81,4.08,21,False,rain,afternoon,street_level
81a9a51e-44ea-4907-bbff-c5729340db7a,60.0,1006.768,-0.1887,0.11548,1.566,1006.957,8.6434,-8.1976,56.6081,30.361769,0.1041,48.63,5.61,4,True,overcast,afternoon,street_level
81d80430-5f7b-439a-aa54-1b6373b83bd4,60.0,1010.574,-1.2083,0.432603,10.029,1011.783,3.2392,-22.8821,49.9245,84.074955,0.7409,53.35,10.52,3,True,rain,evening,above
6d1a8467-f11f-4547-aa5c-afd90f1ebd74,60.0,992.319,0.3069,0.140424,-2.548,992.012,5.6836,-4.5433,33.6666,31.811682,0.3169,1.0,6.4,2,True,overcast,night,street_level
a8947f5a-80a2-4603-8f2b-cda3779e565c,60.0,1018.774,1.9409,0.077483,-16.11,1016.833,27.7473,9.1508,23.2327,39.578665,0.6638,11.96,2.63,5,False,overcast,evening,street_level
aa998e29-1862-468f-bfc6-60f51ab9209f,60.0,1006.687,-0.159,0.44846,1.32,1006.846,-12.5998,-11.9939,59.7406,44.122804,0.3951,95.16,16.85,0,True,rain,afternoon,underground
808bfd33-03a4-46c3-9dbd-8ce2b46fa7b9,60.0,1006.053,1.0444,0.281794,-8.668,1005.009,55.4507,-4.744,56.5872,79.225216,0.6421,64.17,10.76,0,True,rain,morning,underground
c91ef087-2c13-4970-b9f3-739f874da91e,60.0,1018.283,1.2638,0.681835,-10.489,1017.019,32.3505,-9.1877,35.7036,71.256631,0.5462,56.59,14.26,1,True,overcast,night,underground
1e64d546-0e51-4ab4-a7a2-fa0126b5caea,60.0,1004.023,-0.481,0.53475,3.992,1004.504,18.4091,11.4966,28.5056,42.586081,0.1623,17.61,1.22,13,False,clear,afternoon,above
583d034e-303d-4bdd-addb-a7ce3871638d,60.0,1014.845,-0.7741,0.733656,6.425,1015.619,31.1514,-6.7211,52.5062,4.233213,0.0565,8.89,2.68,7,False,overcast,evening,street_level
71d90e65-52e1-48c6-a0d0-264580045422,60.0,1001.73,-1.2067,0.50949,10.015,1002.937,25.9568,-17.8608,38.3987,100.375823,0.6769,33.38,9.73,5,True,overcast,afternoon,above
2d3f86d7-f3b3-4792-bf92-d3832df44366,60.0,1014.067,-0.7727,0.51908,6.413,1014.84,12.0572,-9.4342,45.1353,81.81037,0.9207,55.44,9.49,0,True,rain,afternoon,above
ca0e5b3a-d456-46d4-9471-83877eb29fce,60.0,1003.629,0.0946,0.577159,-0.785,1003.534,25.0382,-16.2954,29.6065,53.293008,0.8389,5.98,6.61,0,True,clear,evening,underground
3a19c2f6-fdec-476b-8b5f-77522c7a8540,60.0,999.622,0.2788,0.224511,-2.314,999.343,40.4003,9.6569,29.111,104.660102,0.5418,34.55,7.91,0,True,rain,morning,underground
96d4de83-0ecf-45d9-b0aa-cb7fa1e91b75,60.0,1012.817,-1.3671,0.211085,11.347,1014.184,24.4418,-12.3434,41.9775,69.102086,0.7003,58.4,11.78,2,True,clear,morning,above
2a40b3fd-4254-4f33-be30-5432472b20d0,60.0,1010.391,0.1702,0.306358,-1.413,1010.22,-7.1881,-8.1015,41.9045,28.497461,0.4289,13.53,3.43,3,False,clear,morning,underground
5214f3d5-393b-4f9f-8dd5-1df9f71e029a,60.0,1011.876,-0.6861,0.415123,5.695,1012.562,15.895,-24.2812,33.1118,48.083094,0.8426,35.64,9.55,4,True,overcast,night,above
ec884d63-b985-4ae5-92be-abfc3542241c,60.0,997.6,-0.1457,0.03873,1.209,997.746,37.0453,5.7219,47.9998,28.413389,0.2047,41.35,1.99,2,True,rain,morning,street_level
de3a6dfa-904d-41a6-afc2-71f454323800,60.0,999.072,0.5511,0.648707,-4.575,998.521,29.3189,-25.872,52.4448,115.10978,0.5935,8.02,11.54,0,True,rain,evening,underground
f5b20b63-6137-47cc-8c99-4409c919a45d,60.0,1014.573,0.3302,0.200551,-2.741,1014.243,19.4876,-10.1776,28.084,37.363096,0.0936,11.24,3.25,1,False,clear,evening,street_level
1c8abf57-a132-4d96-a451-72afef3b4e69,60.0,1011.751,0.0688,0.057882,-0.571,1011.682,17.2683,-0.983,68.8073,75.78463,0.5733,63.76,10.4,4,True,clear,night,street_level
5ac84146-8601-4ab3-bcc7-9a3f1978b139,60.0,992.186,0.4565,0.11034,-3.789,991.73,30.9598,-26.1594,54.1736,6.948745,0.6587,9.76,2.1,13,False,rain,morning,street_level
b651cdbd-5e01-494b-9270-a267acb223dc,60.0,1000.522,1.0915,0.295555,-9.06,999.43,31.5681,-2.8908,55.4422,27.475636,0.3329,33.57,7.34,4,True,clear,evening,street_level
d02ca43c-962a-4ac3-86cd-93e7c64c05e8,60.0,1011.903,0.2513,0.245911,-2.086,1011.652,14.1354,-5.6987,36.9064,77.43572,0.7035,14.12,0.82,23,False,rain,morning,above
98003aa3-ebdc-4919-94fe-d40bad557c92,60.0,990.48,-0.6551,0.292996,5.437,991.135,21.2354,-4.5376,56.8446,55.835512,1.0,57.9,12.75,3,True,rain,evening,above
122554c6-d25d-45a9-b9a1-9d2bf99a9396,60.0,1004.316,-0.7665,0.167577,6.362,1005.082,4.1961,-15.7914,18.2205,82.032843,0.623,5.48,1.55,12,False,rain,morning,above
d611392f-44fb-491b-8640-3be254bd752c,60.0,1010.427,0.2982,0.797411,-2.475,1010.129,26.0341,27.9472,39.9443,65.155122,0.0926,83.41,15.34,1,True,clear,evening,street_level
2dea5cd1-309a-4516-b413-ea1d07a897d7,60.0,997.475,1.2484,0.616714,-10.362,996.227,1.4987,-13.8278,50.9349,47.702437,0.8387,19.09,6.99,11,False,clear,evening,underground
07ab727f-dc74-45a8-8caa-a21aa2347e61,60.0,1005.286,-1.4085,0.566768,11.691,1006.695,21.1194,7.6275,18.933,59.732094,0.8561,11.25,1.88,14,False,overcast,night,above
f0a29bd0-c22a-48b3-9c0f-503b29a7371d,60.0,1012.623,1.6112,0.243969,-13.373,1011.012,27.8872,-22.83,29.0704,103.123503,0.597,14.87,5.22,0,False,overcast,afternoon,underground
79e6d96a-e047-4678-b4f7-92967deb27d2,60.0,1005.849,0.1104,0.356762,-0.916,1005.739,19.6753,-10.1211,35.5687,58.243761,0.5389,31.21,10.1,0,True,clear,afternoon,underground
bbbd14eb-edc6-4a64-a06e-166c6dd49afb,60.0,1010.748,-0.4648,0.441038,3.857,1011.213,17.038,-18.448,70.4501,71.674859,0.0975,39.33,8.15,2,True,clear,afternoon,above
93225f9c-6180-46a3-9394-c026eb97a4a5,60.0,1017.225,1.3142,0.291639,-10.907,1015.911,50.1641,-15.9314,38.6867,103.272668,0.616,55.94,13.12,1,True,overcast,evening,underground
b9cb02ca-4240-4107-9553-09fcf05e4df0,60.0,995.665,0.276,0.023678,-2.291,995.389,2.5045,-4.5737,44.3628,25.534344,0.5153,102.29,6.42,1,True,overcast,evening,street_level
2fdaf916-81b1-4e4f-8a4e-18f2128baec2,60.0,998.588,-0.5183,0.494363,4.302,999.106,15.3766,-6.7082,31.437,21.974593,0.613,38.97,13.88,0,True,clear,night,above
58483a4c-1145-4177-95cf-818a652d99e8,60.0,994.092,-0.4601,0.497565,3.819,994.552,21.0119,-13.7163,37.4026,50.046831,1.0,7.24,1.94,20,False,rain,afternoon,above
336ea5b4-914d-4732-aa73-4c0328dfce26,60.0,998.09,0.1038,0.419077,-0.861,997.986,5.0811,-19.4803,25.6289,113.242536,0.4102,88.09,12.24,1,True,rain,night,underground
a58c35d1-743c-455e-9188-395cdc6072df,60.0,1015.21,-1.6196,0.44571,13.443,1016.83,53.5416,20.2881,52.2523,72.940374,0.5265,46.96,8.95,3,True,rain,evening,above
0107f763-edaa-47b7-b228-1602ef724a76,60.0,1010.133,-0.3586,0.655018,2.977,1010.491,-7.6778,24.7722,47.9997,76.898876,0.8223,30.08,4.51,5,False,overcast,afternoon,underground
ee6db805-13c5-456c-9819-bd945cfab17a,60.0,999.392,0.7765,0.191446,-6.445,998.616,9.6856,-34.4973,59.9788,79.021863,0.6766,11.71,4.26,7,False,overcast,morning,underground
5c5dc1c3-d19f-4202-bb29-fc2045f89798,60.0,996.221,1.2088,0.382322,-10.033,995.012,2.5984,-15.8216,22.9623,81.599521,0.6187,63.99,13.15,1,True,rain,evening,underground
3336fcc7-3715-43be-9c2a-fa4496832ffe,60.0,1007.212,0.5834,0.024791,-4.843,1006.628,45.4148,-13.4848,19.2127,61.415051,0.3626,30.27,4.7,0,True,overcast,morning,street_level
cb21ee6f-c12a-4977-9c51-c69ee3ff7f84,60.0,1009.193,0.0008,0.010633,-0.007,1009.193,32.3013,-9.6176,57.2857,18.949678,1.0,49.49,9.3,4,True,overcast,afternoon,street_level
3116bbcf-7c6f-44c5-ac30-daa8a8e487b8,60.0,1011.05,0.907,0.32904,-7.528,1010.143,41.8165,5.45,19.1624,26.973384,0.9694,11.37,2.65,9,False,clear,morning,street_level
5e6aa3ef-e798-43e4-b679-a2324f072c05,60.0,1014.215,1.6019,0.645784,-13.296,1012.613,17.6984,-11.0833,16.7342,19.630457,0.8218,44.48,5.41,1,True,overcast,evening,street_level
7796daa2-00e0-4638-87b3-1089ed1cbf4f,60.0,1011.408,-1.2232,0.581431,10.153,1012.632,49.3905,9.0382,34.0139,68.480529,0.3074,12.18,2.43,12,False,rain,morning,above
0b35241b-6125-4024-abec-59b276be2ef4,60.0,996.905,0.5848,0.429193,-4.854,996.32,36.6094,-25.9637,40.5625,89.438217,0.5981,37.52,11.88,0,True,overcast,afternoon,underground
3180edcc-d1fa-4f97-8716-55f3d2338405,60.0,1005.982,0.3608,0.497268,-2.994,1005.621,43.933,-8.195,52.0256,79.707821,0.8231,58.22,14.27,0,True,rain,morning,underground
4097d617-6486-4b50-9034-2262cd8d1b9e,60.0,1011.614,0.5451,0.108624,-4.524,1011.069,7.9239,-38.3616,27.5897,49.737793,0.9439,40.79,12.46,0,True,clear,afternoon,underground
ceb2dc47-52f7-4b73-8539-1555da186789,60.0,1001.1,-0.7887,0.528662,6.546,1001.888,2.3889,14.247,22.302,41.136209,0.7067,18.66,0.79,13,False,clear,night,above
0eadae5a-ec9e-4783-8ef8-e1b6298ef4b2,60.0,1015.916,-0.7992,0.195636,6.633,1016.716,6.309,-7.8415,45.0061,56.249702,0.7377,13.11,0.32,15,False,overcast,evening,above
b8cf18ad-abcb-4b93-98bd-37cb206577c4,60.0,1011.082,-1.6758,0.545349,13.909,1012.758,24.908,-12.8312,20.7913,10.879335,0.4804,5.21,2.94,14,False,overcast,morning,street_level
73997019-e468-4378-8548-557c705d2401,60.0,1014.465,-0.0681,0.129733,0.565,1014.533,9.8682,-4.5608,39.5567,54.884219,0.8503,5.1,2.01,15,False,rain,afternoon,above
6ed94931-740f-49e9-9944-141a9cb0840c,60.0,990.91,-0.641,0.414054,5.32,991.551,-12.37,-8.9813,39.9248,63.345724,0.8107,40.67,1.31,0,True,overcast,afternoon,above
38af77b3-d8d6-4c4e-bf50-0eeaeaba4d45,60.0,992.986,-0.2745,0.010393,2.278,993.26,19.4544,-0.103,49.5962,39.340842,0.5225,38.0,6.41,1,True,clear,evening,street_level
75484bff-2b73-4129-b20c-8b809ceced5b,60.0,1009.86,0.2057,0.084085,-1.707,1009.655,26.7843,-1.3162,62.3212,139.930898,0.7647,6.42,1.61,18,False,overcast,evening,street_level
b69af710-9f48-4f2e-823f-c0c0c856f1df,60.0,990.715,0.2853,0.026799,-2.368,990.429,43.2009,2.5642,48.6226,23.104963,0.0,8.42,10.82,6,True,rain,night,street_level
1c39a169-4fb9-4fd3-89b1-a998df38671a,60.0,991.092,1.0038,0.36836,-8.332,990.088,-8.1614,-11.6521,26.5861,66.516876,0.515,25.12,7.86,0,True,clear,evening,underground
6f33afb5-de31-4230-b1e2-23b0de02e96f,60.0,989.25,-2.7391,0.334154,22.734,991.989,10.735,3.3239,38.3246,18.086794,0.6139,22.6,10.07,6,True,rain,afternoon,street_level
1a275721-86f5-45f5-920f-c34b0eeea199,60.0,1010.681,-0.8554,0.291256,7.1,1011.537,30.2025,-4.4808,28.7873,109.190821,0.5492,62.87,8.71,0,True,clear,evening,above
9e874f81-78c2-4696-8a90-981628f0eecb,60.0,1009.879,0.4719,0.143772,-3.916,1009.407,36.5713,-17.3814,49.5996,75.499558,0.7138,23.64,0.71,5,False,rain,evening,underground
5978e8a4-2c64-4ef5-b18b-304da0fe3db5,60.0,1014.372,-0.1104,0.312397,0.916,1014.482,13.4124,-25.1156,34.3683,100.451527,0.6994,25.05,10.78,1,True,clear,morning,underground
76e8f695-93e8-4c4f-be6d-86fe3924f4b1,60.0,999.109,0.1076,0.343203,-0.893,999.002,31.3571,-16.2556,36.5011,88.183286,0.3651,51.05,5.12,3,True,overcast,night,above
49bda054-592b-4ee6-809f-1269f1cacc69,60.0,996.208,0.0842,0.796606,-0.699,996.124,20.4291,-2.573,15.5631,41.053378,0.4994,14.77,-1.01,14,False,rain,morning,street_level
9a21a6cb-f444-473d-9170-c91a51446d0b,60.0,1001.102,0.4189,0.381093,-3.477,1000.683,26.4994,2.9875,61.0942,39.7542,0.2008,14.87,0.85,10,False,overcast,night,underground
ac032614-095f-4eae-a160-a736e733151f,60.0,1011.106,-1.6091,0.6334,13.355,1012.715,23.9935,6.8771,62.5569,33.041266,0.6667,8.14,2.0,22,False,rain,morning,street_level
34087994-110c-4af1-bb49-a57d8ac48bb6,60.0,1012.03,-0.9906,0.336167,8.222,1013.02,6.4343,-3.8945,29.2906,101.090543,0.8358,60.67,7.26,5,True,rain,evening,above
d47405d6-fec8-4e0b-8280-e9d09a05e6e3,60.0,1010.292,1.4187,0.176544,-11.775,1008.874,20.0977,6.8663,42.5115,61.606544,1.0,19.59,6.03,14,False,rain,morning,underground
cd5dbe3e-6691-45e0-8758-3ad407431dca,60.0,993.505,0.6239,0.184589,-5.178,992.881,0.9605,-6.6898,36.4963,75.504753,0.8807,35.24,6.88,0,True,rain,afternoon,street_level
5b7e6e10-50c1-4a7c-bd37-95bca8b218ff,60.0,1014.864,0.9911,0.143004,-8.226,1013.873,5.1999,-9.974,29.9904,65.848455,0.7093,86.66,8.07,0,True,rain,morning,underground
fd94d586-422c-4d24-bc18-fef6eda8d75f,60.0,1017.473,0.6348,0.140053,-5.269,1016.838,-17.5778,-9.3891,46.5008,-9.27451,0.5172,50.31,7.23,6,True,rain,night,street_level
849bb384-5e40-4a4a-b436-4089ba85b52b,60.0,1005.951,0.1558,0.077079,-1.293,1005.795,-23.521,-4.2451,38.6912,56.742678,0.6734,72.24,10.27,3,True,clear,afternoon,street_level
6fc6bc93-c9c9-4e06-a941-18cc3af3f193,60.0,1003.768,0.4229,0.64843,-3.51,1003.345,35.1732,-13.2611,41.8811,63.868108,0.6294,79.04,16.6,0,True,clear,night,underground
0be39f28-95d4-48ca-828b-d74588c91b72,60.0,1008.911,2.398,0.20834,-19.903,1006.513,27.1186,-15.6194,37.0036,40.557269,0.8379,1.0,-0.95,9,False,clear,evening,street_level
984c07d0-c26c-4b51-a51e-56bb68437bfd,60.0,999.732,-1.4647,0.223639,12.157,1001.197,18.6808,-37.3553,49.8864,-21.893808,0.9235,67.97,7.02,2,True,rain,night,street_level
85b0544d-ec53-47d9-963b-03c34e5afea2,60.0,1013.81,1.2177,0.262423,-10.107,1012.593,21.6405,-11.4427,33.2766,61.562772,0.5029,23.34,0.24,3,False,rain,evening,underground
38aecba0-fbcd-4121-890c-e69a74b36451,60.0,1000.693,-0.2198,0.228585,1.824,1000.913,13.8705,-32.8066,33.0517,49.115308,0.6611,39.46,16.64,0,True,clear,evening,underground
39dc3d1f-3c9e-4cff-ba74-37a6c2269249,60.0,1014.789,0.0208,0.045717,-0.173,1014.768,27.3253,-27.4691,60.9677,6.705735,0.84,11.91,1.94,10,False,rain,night,street_level
6249aad8-bb43-4fb7-84c8-87b5a8d118a0,60.0,1001.365,0.3793,0.257669,-3.148,1000.986,19.6384,7.0057,77.8046,15.191077,1.0,7.99,4.12,15,False,clear,evening,street_level
92d1e577-dbce-420a-9500-049ccaf8d94b,60.0,1008.791,-1.4803,0.537971,12.286,1010.271,46.5874,-14.0961,34.5399,40.94333,1.0,1.0,2.51,10,False,rain,morning,above
d66123d0-2f77-44a8-b845-926951734acd,60.0,1008.113,1.07,0.533849,-8.881,1007.043,40.8347,-11.0247,51.1624,42.91816,0.8483,44.13,10.26,0,True,overcast,afternoon,underground
1250b190-a95f-44b3-9168-7e5a5e597d92,60.0,994.706,0.1217,0.064012,-1.01,994.584,42.0402,-15.4167,45.5087,37.015263,0.4985,63.16,4.44,2,True,clear,evening,street_level
72d19039-0dc4-4fd9-9ac4-0375a2cfe6b1,60.0,998.757,-1.5198,0.303612,12.614,1000.277,29.6101,-23.2908,51.3683,81.197335,0.8449,6.49,-0.77,12,False,clear,night,street_level
4fa83802-46c8-43b2-a05d-19f9e2e8c039,60.0,993.532,0.879,0.532246,-7.296,992.653,9.1506,-33.7997,36.7297,80.269754,0.8817,19.29,8.0,2,False,overcast,evening,underground
280ee91a-a936-4fe7-979c-584d58420268,60.0,994.037,1.7172,0.38501,-14.252,992.32,-22.7419,-14.9126,44.7976,9.794173,0.0428,16.68,0.35,12,False,clear,afternoon,street_level
0f43518a-e7e2-48ab-ae84-af46c538636c,60.0,997.567,1.28,0.129205,-10.624,996.287,38.7384,-21.4646,31.3445,49.228171,0.5571,53.34,11.93,0,True,overcast,evening,underground
bdd94693-c8ca-4519-8a72-cbf208f7c673,60.0,1016.343,-0.1458,0.068474,1.21,1016.488,8.5556,12.7685,42.2007,28.010841,0.5271,14.63,1.12,12,False,rain,night,street_level
f1a0caaa-8eff-44c4-b890-b4be7c651188,60.0,990.16,-0.1635,0.119759,1.357,990.324,32.5304,17.685,-1.8455,49.109436,0.7784,8.9,4.91,12,False,rain,afternoon,above
b36d4a77-3cfe-45f9-8cb0-7b5dd29048a4,60.0,1011.989,0.8161,0.43356,-6.773,1011.173,9.5481,-32.4386,46.88,62.522206,0.753,14.39,1.06,6,False,rain,night,underground
e0b022c2-1dd1-43af-8c99-9dcf0fdb6ed3,60.0,1017.497,-0.2859,0.096904,2.373,1017.783,-21.4747,-23.9127,37.25,-37.665898,0.4676,4.24,4.18,20,False,clear,morning,street_level
274589a4-ea18-4516-a5a9-84cbd7a4ad9f,60.0,1015.703,0.3504,0.039843,-2.908,1015.352,32.4449,-0.3734,19.2738,28.403447,0.9973,24.64,1.66,16,False,clear,afternoon,street_level
0be24733-3706-42bd-b6b8-275279fe6789,60.0,1012.61,0.8004,0.283804,-6.643,1011.809,12.2454,-18.9338,54.1314,30.687065,0.8515,49.38,8.59,0,True,overcast,morning,underground
755adc8e-1496-4369-abd8-33664a632757,60.0,994.037,-0.4835,0.189291,4.013,994.52,12.9434,14.289,46.5175,92.97873,0.4821,74.45,9.31,2,True,clear,morning,above
3cc7d2fb-84be-4b51-836f-af5cffab5905,60.0,995.596,-0.3634,0.496697,3.016,995.959,2.1841,-13.7887,29.2035,60.559557,0.4159,31.17,7.47,1,True,rain,night,above
e81372cc-01d7-4128-8c59-8507b6eb122f,60.0,990.217,-0.2596,0.423418,2.155,990.476,6.7466,-2.0939,38.9856,63.801174,0.7993,13.51,2.21,21,False,overcast,morning,above
9ffff987-98cd-46ec-a61b-e064195d1994,60.0,1005.021,0.9141,0.650533,-7.587,1004.106,-3.4394,-24.0304,46.7439,78.569549,0.5777,5.1,4.31,6,False,rain,evening,underground
b0ea5bb5-a950-47b3-9716-e52947a96c5c,60.0,998.653,0.7769,0.668166,-6.448,997.876,3.1857,-28.4263,40.5172,75.440977,0.7237,68.14,9.48,0,True,rain,morning,underground
b22e7c93-f363-4093-ac8e-67226de01d1e,60.0,990.66,0.0782,0.584113,-0.649,990.582,26.0737,-12.6779,64.4465,79.400903,0.6667,11.47,5.61,8,False,clear,afternoon,underground
ac01460d-3149-476f-a132-f986b9480e3c,60.0,1001.927,-0.7508,0.379303,6.231,1002.678,9.3889,-15.9702,37.691,75.080956,0.4409,38.12,7.92,0,True,overcast,afternoon,above
8f38c0b7-7c25-41bf-bb0c-399eb399b55d,60.0,1016.104,-0.082,0.08739,0.68,1016.186,15.6639,-22.3436,56.7759,73.179573,0.2873,28.83,-0.95,18,False,rain,morning,street_level
0658285c-9179-4f9f-889e-5127f882cbde,60.0,1013.939,1.2009,0.553756,-9.968,1012.738,32.552,4.3555,10.2664,42.577737,1.0,63.74,9.27,0,True,overcast,afternoon,underground
0e7825cf-3adc-4de0-8b1c-7fbdee577926,60.0,1004.235,-0.7239,0.133008,6.008,1004.959,17.3646,0.2372,45.3619,81.246434,0.5624,37.43,7.53,2,True,rain,afternoon,above
ce75290f-2ed5-44ea-8cae-61ccde2465d7,60.0,1016.844,1.2595,0.299156,-10.454,1015.585,19.2773,-3.4878,28.2075,53.708039,0.7749,69.83,5.53,1,True,overcast,morning,underground
4769fa35-ada3-4d07-9fac-923ef5b59182,60.0,1005.277,-0.0913,0.158053,0.758,1005.369,7.1305,-19.4938,38.6042,56.304776,0.0702,10.64,2.59,16,False,overcast,afternoon,above
0f5975b5-615d-470a-a666-78ad18bfaa3c,60.0,997.303,-0.5024,0.265251,4.17,997.805,8.9454,-14.9254,40.133,34.392326,1.0,18.71,3.09,9,False,overcast,afternoon,street_level
d7fe7b10-7b59-4c18-a4d6-ef12d060fbe5,60.0,1014.423,0.0598,0.628615,-0.496,1014.364,6.0015,-6.4958,21.3923,67.788816,0.9602,42.86,3.89,6,True,clear,afternoon,street_level
22fcb517-e751-4d4b-a6a1-9b3622e9fc63,60.0,1009.927,0.5127,0.216862,-4.256,1009.414,21.4968,-17.0007,58.9832,50.969795,0.6015,76.53,10.8,0,True,clear,evening,underground
0b80c0a9-962c-48c2-9ec0-4c55d1049968,60.0,1007.075,0.0363,0.136278,-0.301,1007.039,34.9416,-15.2992,31.1086,23.223821,0.5715,13.81,3.56,8,False,clear,night,street_level
25533575-3b61-4a15-8efe-8c5f36cbaf06,60.0,1008.128,-0.4297,0.087452,3.567,1008.558,25.8642,5.1863,48.1253,16.788511,0.2947,32.49,8.46,2,True,overcast,afternoon,street_level
bf757535-001a-4e5d-b36b-c969558dcdec,60.0,1005.48,-0.1449,0.031076,1.203,1005.625,27.7471,16.1242,20.8324,20.663016,0.5355,6.0,2.38,6,False,clear,night,street_level
1ae8ed53-67b1-4627-b2e7-35bc6506b4e4,60.0,1000.432,0.2102,0.609492,-1.744,1000.222,38.9654,-34.2476,57.0411,75.009669,0.9552,70.9,10.59,0,True,overcast,evening,underground
8a1d868f-b22a-41d4-b896-6babd12fd6b7,60.0,994.625,-1.0198,0.317154,8.464,995.645,35.1921,-10.7625,56.4954,52.941625,0.7248,20.8,4.44,0,True,overcast,afternoon,above
8853eba2-39de-4374-95a1-4d0eed334df3,60.0,999.477,0.2265,0.109973,-1.88,999.25,-8.2993,-22.7403,28.9605,25.975518,0.52,16.64,1.21,4,False,rain,night,street_level
ab480c66-19f2-463d-becd-e1f4791485fa,60.0,993.775,0.7998,0.322074,-6.639,992.975,25.4068,-16.5086,44.2949,64.251264,0.8133,18.61,5.33,7,False,clear,night,underground
ce27369b-c334-4def-8261-b935a64b4748,60.0,1012.362,-1.5519,0.526338,12.881,1013.914,24.9497,-0.1266,29.5516,78.500078,0.7822,5.06,1.29,10,False,clear,evening,above
f30364b8-7015-4e89-b055-e95bd4d3b7aa,60.0,1008.274,0.0928,0.070313,-0.77,1008.181,41.4821,-14.0109,46.8392,12.429215,0.227,59.39,5.95,4,True,rain,evening,street_level
21317bd8-3f68-42e4-a400-c4862ae23580,60.0,1006.095,-0.0799,0.165284,0.663,1006.175,38.4931,-39.6349,11.1692,65.067625,0.8326,8.67,0.55,16,False,rain,night,underground
2d29b9e6-4924-4cd3-a944-4109f4e30a65,60.0,997.432,-0.5561,0.028298,4.616,997.988,34.7367,-30.4464,37.0818,7.492234,0.8142,12.41,4.06,19,False,rain,morning,street_level
9b3ea4b2-6cf4-4d59-a05b-0278780c2264,60.0,1015.855,0.3862,0.079906,-3.205,1015.469,22.6923,-22.891,39.8337,26.916668,0.3501,33.22,9.01,5,True,clear,morning,street_level
87ebda93-1be1-473e-a355-ef47ffb8317d,60.0,991.222,0.1751,0.36908,-1.454,991.047,16.6148,2.1229,65.8775,47.215579,0.067,46.56,1.94,2,True,overcast,evening,street_level
5e4c1bfa-3f1f-417e-873a-41f78bb595f7,60.0,996.041,0.1016,0.084472,-0.844,995.939,22.6621,-28.7888,26.2273,36.425468,0.488,11.44,3.33,5,False,rain,night,street_level
c9c2f3d3-eb03-4672-bee8-ad886e78e682,60.0,1006.696,0.6998,0.388579,-5.808,1005.996,29.2336,-11.0106,19.86,70.931318,0.4506,21.98,6.12,8,False,overcast,morning,underground
e928c310-3ad8-44b1-a995-bd06a58b3626,60.0,1008.467,-0.1447,0.645718,1.201,1008.611,-1.753,-22.593,41.9218,95.569364,0.5709,15.57,0.77,14,False,clear,evening,underground
642d9579-4381-4711-9ec8-7b4cbec510f4,60.0,994.442,0.7547,0.475961,-6.264,993.687,14.525,-1.4046,72.6672,5.04776,0.7302,30.12,7.09,9,False,rain,evening,underground
1a3b04eb-a953-434d-9667-c8b02d22be2b,60.0,1011.312,0.3424,0.598425,-2.842,1010.97,31.963,-16.5237,39.6104,84.313926,0.3114,10.49,5.04,6,False,clear,morning,underground
3e0fcb2c-c796-4ce7-a655-589397c10923,60.0,1016.201,-1.1212,0.366526,9.306,1017.322,27.0697,-8.131,60.9199,63.081181,0.2538,36.43,4.19,1,True,clear,afternoon,above
051bbe82-4b98-4f13-84d7-86b728a4f5c8,60.0,1006.307,0.516,0.259748,-4.283,1005.791,31.4061,-3.5869,56.1268,77.816258,0.8312,30.4,12.36,1,True,rain,evening,underground
b99612d2-eeb6-4cc2-9005-2a20030dffa3,60.0,1006.379,-0.8485,0.191046,7.042,1007.228,-8.2801,-17.2451,29.1645,65.275933,0.4452,31.48,10.23,5,True,overcast,evening,above
42ea500a-1175-4803-9bf6-ae8ebe056b1f,60.0,1007.434,0.3989,0.091411,-3.311,1007.036,26.5017,-13.185,55.3387,32.137683,0.6574,16.3,1.21,14,False,overcast,evening,street_level
a98c3ea7-2e10-415d-892c-944994436309,60.0,1015.949,-0.1419,0.051423,1.178,1016.091,8.5517,-27.7798,32.1044,47.565257,0.9775,21.46,1.69,10,False,overcast,night,street_level
13d69786-75a9-4ee2-8ef1-b7d74041c6ac,60.0,1012.42,-0.0448,0.143975,0.372,1012.465,24.6458,-7.8583,27.3404,75.532292,0.3289,16.26,0.52,8,False,clear,afternoon,street_level
9800ead9-071e-47f6-8375-cf4f52d375b7,60.0,1000.439,-0.8439,0.543769,7.004,1001.283,10.8823,-4.3735,46.2563,83.693165,0.5523,64.89,4.34,3,True,overcast,morning,above
842c3950-7e43-4c89-9583-0e2b034e4cf6,60.0,1007.781,-0.1343,0.100774,1.114,1007.915,16.891,-12.0127,50.5465,37.520184,0.3586,16.56,3.3,21,False,overcast,afternoon,street_level
b0ba97e1-c193-4ce6-8c52-d91bfa37a6e1,60.0,1016.797,0.1481,0.570068,-1.229,1016.649,40.0186,-30.8887,41.4797,9.631327,0.1998,1.0,14.8,3,True,overcast,night,street_level
2d67d841-1233-4c8b-bc33-f0a5df1ecb19,60.0,1008.077,-0.0987,0.026501,0.819,1008.176,34.1993,-9.1641,38.0457,15.734283,0.505,44.02,9.85,2,True,clear,evening,street_level
7c32171c-d5e6-49f1-8cca-b372410ffef0,60.0,992.114,1.0292,0.673458,-8.543,991.085,29.4935,-21.3652,50.3191,129.718458,1.0,31.98,3.41,10,False,overcast,night,underground
710bb8a5-6f16-4b84-82cc-edfc19147f65,60.0,1009.99,-1.0502,0.739119,8.716,1011.04,47.7377,-3.8407,26.2207,15.655593,0.5843,15.0,3.12,13,False,overcast,afternoon,street_level
844dc120-b613-430e-a9a9-0c26f81cff1a,60.0,1011.688,-0.6992,0.49355,5.804,1012.387,7.2683,-15.964,33.4087,28.387438,0.1646,1.33,4.83,7,False,clear,afternoon,street_level
080d8182-ae7b-4e41-99d5-5b27987632c6,60.0,998.746,1.1932,0.364338,-9.904,997.552,40.1875,17.7261,51.05,89.313495,0.7515,62.17,9.97,0,True,overcast,evening,underground
fbcf59b5-bc41-4cc5-9ff8-425d7e57dd48,60.0,990.963,-0.0807,0.487535,0.67,991.043,28.874,-6.8813,43.0638,78.787871,0.1059,69.05,10.7,0,True,rain,evening,above
19fa10ec-b2da-4d66-9137-8d754a0d94ab,60.0,1001.307,-0.015,0.289394,0.125,1001.322,31.5668,-11.3906,45.1151,85.36135,0.6208,65.09,10.33,0,True,overcast,morning,underground
4badb47c-a2a3-4513-baec-465229fff2dc,60.0,1017.403,1.0668,0.345013,-8.855,1016.336,13.312,-35.1935,62.5168,80.062196,0.6225,34.92,5.14,11,False,clear,night,underground
1d687974-4802-4005-b1e3-728a7adcba9d,60.0,999.06,-0.0502,0.669969,0.417,999.11,4.2111,-25.0135,18.2359,85.334087,0.626,53.58,13.24,1,True,overcast,morning,underground
724dc895-6517-42fe-a684-5b739fb48103,60.0,1006.884,0.1506,0.069706,-1.25,1006.734,15.8505,-15.0101,57.1916,46.282139,0.4798,12.26,0.38,9,False,overcast,evening,street_level
16a789e1-3e81-4864-bf3a-7f48edbde209,60.0,1011.684,-1.279,0.300826,10.616,1012.963,32.6874,-12.2998,39.8653,115.618904,0.641,18.61,1.2,17,False,clear,evening,above
852fda13-56c8-40d6-b730-24a04e53604f,60.0,1011.275,0.1766,0.088343,-1.466,1011.098,5.9779,0.5312,46.8938,56.019966,0.1713,18.26,3.93,24,False,overcast,morning,street_level
e4ab30f4-93ba-4606-904a-7ae29fd32c16,60.0,992.472,-1.092,0.219443,9.064,993.565,11.1611,2.9765,51.2689,20.452453,0.4385,29.21,9.22,4,True,clear,night,above
f87053a8-7a49-48eb-83c9-66f1903d8e3b,60.0,1003.3,0.2122,0.632768,-1.761,1003.088,3.5765,-12.8985,43.8245,47.625174,0.5733,68.33,11.04,0,True,overcast,morning,underground
89d79033-a460-410e-853b-b29ab9eacdc0,60.0,1014.447,-0.3271,0.061691,2.715,1014.774,19.8189,2.4531,50.0091,87.806437,0.2134,16.43,3.04,11,False,rain,night,street_level
6183c688-abb3-47ea-ad54-6171e2afce8c,60.0,1012.235,-0.5742,0.541749,4.766,1012.809,20.7716,-15.8804,55.0101,40.340508,0.7093,36.33,10.63,2,True,rain,night,above
7f69032c-69c3-4fb9-a872-f6fabb8dad9f,60.0,998.275,-0.3016,0.430906,2.503,998.577,17.7156,1.8425,50.2528,76.759055,0.4448,4.92,2.93,16,False,rain,afternoon,above
cb9ced1c-defe-4c0c-81bf-805af7adcbba,60.0,1004.249,-0.2067,0.010544,1.716,1004.455,37.9099,14.2732,46.2005,-28.47335,0.1788,9.82,1.05,14,False,clear,afternoon,street_level
5b56f5c7-f2a5-4b5e-93bc-a11fca112ae2,60.0,990.489,-0.6309,0.124931,5.237,991.12,14.4083,-12.1211,16.8118,56.619204,0.4104,37.67,6.44,5,True,clear,morning,above
143ee434-01a7-411e-bb71-c1e6b6c16d73,60.0,1011.916,-0.9135,0.343148,7.582,1012.83,18.9573,-32.704,16.9779,61.238252,0.339,10.11,2.07,14,False,rain,evening,above
b113fe58-85ab-418e-a71b-5e444f1ec4c2,60.0,1007.779,0.5146,0.542668,-4.271,1007.265,21.5792,-5.5719,62.1936,78.688606,0.5951,7.33,1.52,8,False,clear,evening,underground
775307e1-dac7-409d-940e-479db41ebe1d,60.0,1016.377,-1.1511,0.548468,9.554,1017.528,17.2537,18.752,23.4334,94.487559,0.741,36.72,7.12,4,True,rain,morning,above
6e332852-47f0-4983-8de9-4d5cc5876309,60.0,1001.113,0.0298,0.090905,-0.247,1001.083,12.951,-21.6811,64.0208,18.419735,0.7956,4.49,1.12,18,False,clear,morning,street_level
346c6701-3200-48ab-9828-d2b7c7f4153a,60.0,1015.516,-0.7447,0.274951,6.181,1016.26,18.0237,-17.2127,31.3319,62.964945,0.4278,9.62,3.14,7,False,clear,evening,above
9a9cf5f7-e7f9-47d9-a345-91a1cafded35,60.0,1006.377,0.473,0.476512,-3.926,1005.904,9.4395,-5.6138,22.5129,7.673694,0.2268,21.28,2.07,15,False,overcast,afternoon,street_level
c1a28dd9-155d-47f8-b259-850014a68f92,60.0,998.61,0.6686,0.455512,-5.549,997.942,19.4093,-24.46,24.3369,106.98998,0.4782,24.15,7.31,3,False,clear,evening,underground
35447784-6b06-4f2b-bcf7-a97462376044,60.0,996.378,-0.1687,0.114917,1.4,996.547,43.0917,19.5526,36.6965,124.582902,0.434,43.97,5.46,2,True,overcast,afternoon,street_level
24a4a53a-b881-41ae-b932-e363267edff9,60.0,1003.095,-0.1882,0.41457,1.562,1003.283,19.0684,7.0342,68.4146,30.326357,0.3027,45.8,8.45,3,True,overcast,morning,street_level
4a8d4b14-2670-4bc1-80e4-87b40a6e2308,60.0,999.342,-2.673,0.690518,22.186,1002.015,32.9864,-8.307,46.6928,87.40887,0.5334,43.04,7.81,0,True,overcast,evening,street_level
dd1afaae-901c-40ef-a1a2-d04f0bdb2402,60.0,1005.063,-0.6676,0.450117,5.541,1005.73,16.8375,-21.7643,38.2448,100.151155,0.6264,11.81,2.06,13,False,overcast,evening,above
3f52d888-3ac7-4084-bd88-5b26f1ac7c1e,60.0,996.071,-0.0949,0.153333,0.788,996.166,13.9026,-11.2523,44.9876,42.630759,0.71,25.45,3.24,0,False,clear,evening,underground
7bef308f-28bb-4921-a33b-9112f9e51a1c,60.0,990.074,-0.1811,0.155495,1.503,990.255,-5.1411,4.5531,52.2811,45.959666,0.6428,49.56,10.18,3,True,clear,night,above
0671ed47-fb2f-4952-bd08-bb0cdbfaa24a,60.0,1000.225,-0.8541,0.21769,7.089,1001.079,24.5512,-5.0265,45.9302,77.365117,1.0,19.69,1.81,20,False,rain,evening,above
3210e9fb-583c-4093-8505-2dc25c3f2179,60.0,998.735,0.1245,0.081936,-1.033,998.61,-3.8183,-17.1018,59.1789,4.182984,0.6513,16.34,1.82,0,False,overcast,morning,street_level
bec5b312-5bdf-4e53-a584-297efc8864c4,60.0,995.726,0.2237,0.362718,-1.857,995.503,31.0807,-41.3749,33.7316,54.591682,0.4828,24.0,2.42,12,False,clear,evening,underground
5ee1fac4-4637-473a-86e8-ebca53b0804e,60.0,1011.964,0.2155,0.322757,-1.789,1011.749,9.9009,1.1147,52.7435,28.352007,0.1979,21.05,7.39,3,True,rain,morning,street_level
37092a1a-9dfd-4cf4-8474-4a6b846536af,60.0,1000.907,-0.4048,0.360443,3.36,1001.312,19.8665,-25.0264,41.6523,48.698869,0.7271,10.56,3.21,9,False,overcast,morning,above
314d66ac-a5ea-46bc-b9f8-e4db267cc4a9,60.0,1014.886,-0.4585,0.252118,3.805,1015.345,36.9084,-5.4035,30.88,70.630625,1.0,2.39,0.86,14,False,overcast,night,above
4184feb1-1df8-4f48-9f94-0cc59a11823e,60.0,1012.52,-1.1992,0.143204,9.953,1013.719,0.0657,-17.2469,43.8581,64.137081,0.2126,9.33,1.43,19,False,rain,afternoon,above
beaeac1c-9d9f-4b3d-b285-98db475140ff,60.0,992.637,1.5714,0.362645,-13.043,991.066,25.7728,-46.7329,32.8174,85.049621,0.4975,99.15,12.07,0,True,clear,evening,underground
e1996cf8-f054-45e3-912a-5d993629ad32,60.0,1014.449,0.848,0.194153,-7.039,1013.601,36.3047,-12.2702,54.4306,109.391428,0.7193,41.45,11.57,0,True,clear,night,underground
65bc9d1b-4787-4e70-9c78-4cd4b44cdd86,60.0,996.183,-0.4531,0.117648,3.761,996.636,9.2606,-14.8322,29.6827,34.080403,0.3328,8.33,0.5,24,False,rain,afternoon,street_level
0c9847d4-9c11-4980-a943-12ac41ae1dd0,60.0,999.812,-1.7579,0.502751,14.59,1001.57,23.7665,-30.6618,52.4416,76.486164,0.4766,70.34,11.3,2,True,overcast,night,above
e15c34a4-d696-4c1c-873d-cfcb555f55e4,60.0,992.509,0.1842,0.699245,-1.529,992.324,52.8212,-15.5251,39.0166,35.087017,0.6201,20.42,4.55,11,False,clear,night,underground
b9a9cca7-1216-404c-8fa9-5ed966f2ab14,60.0,1001.596,-0.1248,0.676092,1.036,1001.721,12.3625,-19.0912,44.7936,43.861999,1.0,39.07,8.53,5,True,rain,afternoon,street_level
1811418b-9c7b-4d3e-9e9c-b6dd361d2e95,60.0,1012.418,0.0611,0.53998,-0.507,1012.357,20.0062,-19.6399,66.0086,93.632464,0.5687,43.04,12.45,0,True,clear,afternoon,underground
32e33ed2-996a-42b9-af85-c0d7a3728a76,60.0,1015.169,0.1618,0.118745,-1.343,1015.008,-2.9645,6.0312,48.4675,7.783691,0.2447,23.78,-1.97,14,False,overcast,night,street_level
b011b111-2f75-48bd-99a8-0ffad9ac1733,60.0,1006.117,-0.4031,0.523133,3.345,1006.52,3.9053,-9.107,46.2422,21.620043,1.0,7.58,2.34,10,False,clear,evening,above
650768b2-f215-46a6-95c8-37b0e57b466d,60.0,1006.664,0.1685,0.146257,-1.399,1006.495,4.2529,-16.8479,79.4032,30.17016,0.4216,30.75,16.65,1,True,rain,afternoon,street_level
04262e2a-621a-4fc3-a4a5-6a955e39f7d2,60.0,994.172,-0.081,0.03959,0.672,994.253,29.4941,-4.6505,33.0346,41.58488,0.737,32.58,0.42,13,False,rain,afternoon,street_level
35a7e257-eac8-41c8-9b0d-730f6c87162b,60.0,990.795,0.1594,0.013303,-1.323,990.636,8.6002,-6.8369,23.3027,43.664988,0.642,1.81,0.5,12,False,clear,morning,street_level
2969eb89-2f56-424a-8ff3-2f3e264a854b,60.0,1008.431,0.9331,0.374829,-7.745,1007.498,18.5594,-18.5642,11.5963,100.138263,0.4078,56.47,11.18,0,True,clear,night,underground
c9afb1a6-5f81-4000-b7b7-3c32d073bf63,60.0,996.895,-1.2338,0.57428,10.24,998.129,37.1655,-5.3094,15.6006,61.186498,0.7154,81.94,4.24,2,True,rain,morning,above
39f4b4e9-0547-49eb-b5db-f4f7ee4fbefa,60.0,991.086,-0.154,0.379067,1.278,991.24,21.7123,-11.7696,6.3669,122.279224,0.7967,51.69,10.46,3,True,overcast,afternoon,above
a91cf204-6292-42dd-ab6d-c2e569c92251,60.0,1006.729,-1.4555,0.196303,12.081,1008.184,-5.3871,-14.5524,37.5671,58.599925,0.5772,6.0,2.42,19,False,clear,morning,above
8b47c854-80c3-4236-b78a-cea6a2b80a27,60.0,1012.024,0.7966,0.302102,-6.612,1011.227,47.6867,-15.1367,53.1105,62.625056,0.8957,46.6,12.53,1,True,rain,morning,underground
b7d566aa-879e-4992-9530-f055815f4dff,60.0,997.026,0.2447,0.029349,-2.031,996.781,48.8109,17.9108,40.3627,52.021066,0.4632,12.27,1.08,3,False,clear,morning,street_level
c7a558c0-c32e-4b9e-a895-73ecac872cda,60.0,1004.789,1.2448,0.764993,-10.332,1003.544,-2.1918,-5.946,41.1045,54.226341,0.9468,6.35,2.03,19,False,clear,morning,street_level
1f5bf9b8-b6d1-41b3-9f53-2c6f40d6f923,60.0,1007.856,0.8792,0.616592,-7.297,1006.977,4.4171,17.0426,23.3057,56.109907,0.4151,62.36,11.16,0,True,clear,morning,underground
f41a7509-7bd4-44be-b88b-bb7a2fcb13f2,60.0,990.312,-1.5213,0.56874,12.627,991.834,4.4159,-7.949,47.7659,63.344468,0.3506,50.96,10.55,2,True,clear,evening,street_level
656eb4eb-40d5-4f32-b641-d0ba32a403b8,60.0,1007.015,-0.0287,0.443655,0.238,1007.044,-1.684,-14.6865,38.6316,56.232402,0.8185,11.25,2.0,11,False,clear,afternoon,above
4e859837-520f-4560-90b3-e4d6f060595d,60.0,1004.151,-0.1159,0.117206,0.962,1004.266,33.7849,-4.2526,23.9076,20.432024,0.3752,27.74,6.65,5,True,rain,night,street_level
a44c5987-4b36-424a-bacb-67fb71acaa08,60.0,990.282,-0.3614,0.13919,3.0,990.644,16.9337,8.4577,5.8376,45.38684,0.7371,26.0,2.39,9,False,rain,evening,street_level
9072cb61-ac3f-4c5d-be03-054f11260a6c,60.0,1006.047,0.5093,0.392575,-4.228,1005.538,24.0483,-14.3214,30.3817,99.939581,0.5035,36.45,0.59,8,False,clear,afternoon,underground
2afb2290-b4ba-40c5-a50d-c5f0f8ab0d9d,60.0,1002.026,0.2744,0.127529,-2.277,1001.752,12.7955,-27.8966,21.8173,73.158291,0.7506,11.34,2.3,3,False,overcast,evening,street_level
79a47c22-f30f-4448-b40b-962e9592ff9e,60.0,1014.436,0.082,0.326897,-0.68,1014.354,16.7215,-6.8586,49.3733,90.775578,0.7881,62.93,6.3,1,True,overcast,morning,above
270851bd-dc23-4bdb-a098-2658c9977573,60.0,1012.865,-0.0095,0.711243,0.079,1012.875,-11.4817,17.0493,35.2856,30.029945,0.263,51.44,6.67,1,True,clear,morning,street_level
79ffb649-5a4e-4c80-bcf3-b87e3a57e840,60.0,1009.974,-0.5029,0.362013,4.174,1010.476,5.0298,-17.2839,61.5605,73.378959,0.2626,1.0,-0.39,13,False,rain,morning,above
a5813a1a-785d-48b1-b5b7-f25a76c23978,60.0,1002.529,-1.1206,0.389457,9.301,1003.65,25.2807,-29.7739,32.7984,99.039236,0.6562,14.78,2.54,14,False,rain,afternoon,above
069c7fbb-38a9-4337-b9df-faf81fab465e,60.0,996.852,-0.7335,0.660711,6.088,997.586,40.1015,14.6344,42.3376,-13.018896,0.4956,32.8,6.69,3,True,clear,morning,street_level
07a77558-c7ca-4751-92ee-ca612d06e0e1,60.0,1012.327,0.8647,0.143328,-7.177,1011.462,21.8422,-26.7819,32.2679,17.04599,0.9448,19.49,1.92,10,False,rain,night,street_level
07dcaae3-6996-4c70-836c-7b40a731e742,60.0,1014.132,-0.0965,0.012727,0.801,1014.229,26.3361,3.4129,1.931,52.114839,0.2226,12.54,1.65,9,False,rain,evening,street_level
424afb6d-3768-4a6a-a69f-c55b7c40308f,60.0,999.062,0.2738,0.13912,-2.273,998.788,9.2243,-29.5505,54.5182,25.614607,0.5625,5.7,0.8,14,False,overcast,night,street_level
848547b8-8df1-46c4-b8ca-3a6c233c8b08,60.0,1014.526,-0.4542,0.205632,3.77,1014.98,25.008,-5.8785,10.3746,71.315699,0.7379,6.79,1.24,17,False,overcast,morning,above
e48d6c48-cd78-4b3c-8c7d-7d68a98aac69,60.0,1015.166,0.2352,0.168408,-1.952,1014.931,26.5893,-6.4051,69.414,31.871782,0.8809,68.17,9.35,0,True,clear,morning,underground
248c10c9-d848-4dc8-8b8b-b04e104a2676,60.0,1011.866,-0.0902,0.064956,0.748,1011.956,4.2656,-18.523,41.1791,14.839768,0.4296,39.29,5.15,2,True,clear,evening,street_level
56fab1c6-43d5-48ff-be44-a41d19776ba8,60.0,1015.826,1.0567,0.304398,-8.771,1014.769,21.6439,3.3548,63.7533,90.144787,0.5412,65.98,7.75,1,True,clear,evening,underground
937a48e3-6e49-48a8-846f-a715e090a990,60.0,1008.917,-0.0956,0.071847,0.794,1009.013,-0.8916,-3.9079,53.8997,27.319949,0.1422,8.34,6.56,2,True,rain,morning,street_level
c914871e-596b-4141-a70a-0b2b8eb68b2b,60.0,994.593,0.1146,0.075876,-0.951,994.478,30.467,-12.0768,54.0448,31.147979,0.3095,64.26,4.82,2,True,overcast,afternoon,street_level
bd309d84-1c53-4e5c-b525-50b3bb59b2e4,60.0,1016.443,-0.4768,0.798816,3.958,1016.919,23.9201,-14.8319,40.4854,42.485463,0.0494,5.69,2.92,21,False,rain,evening,street_level
1507f941-bca4-4884-94fb-e763e3bcf999,60.0,998.908,-1.266,0.193725,10.508,1000.174,46.5262,0.2527,53.8578,48.506273,0.7727,68.99,8.36,0,True,clear,night,above
395a6d09-d111-42fd-901f-f97cd3685fd3,60.0,1000.777,0.0095,0.055161,-0.079,1000.767,15.2878,-23.1631,40.421,38.961807,0.3622,43.17,5.2,0,True,overcast,evening,street_level
128831e1-797a-45f0-aa0e-a7f5d6a4f038,60.0,990.052,-1.3411,0.283943,11.131,991.393,7.6162,5.8039,31.8481,83.338084,0.8495,7.19,7.88,0,True,rain,evening,above
dc5cf373-f2cb-4d7d-96f3-237d819e82ff,60.0,1005.789,0.3062,0.121624,-2.542,1005.483,-4.2769,8.9522,59.1578,41.343918,0.4534,9.15,0.27,6,False,rain,night,street_level
0e42c40e-7bc8-4c92-bde0-62e1a5332971,60.0,995.046,-1.2515,0.189446,10.387,996.297,23.1141,-12.7285,59.1106,57.397291,0.9209,13.37,0.88,8,False,rain,evening,above
3ac81e2c-283e-4c40-86f4-ff8fbf56076e,60.0,993.531,-0.7323,0.464111,6.078,994.263,32.7358,-13.9075,16.2279,31.535917,0.5986,32.91,11.47,0,True,clear,morning,above
d259d3d8-b830-4043-b97f-004281d3bb69,60.0,1012.793,-0.0615,0.091168,0.51,1012.855,4.0235,1.2062,23.9874,36.568699,0.0,21.31,3.82,14,False,overcast,afternoon,street_level
54dbb06c-04d7-4abb-9323-41908fb5ebd9,60.0,999.429,0.0903,0.166231,-0.749,999.339,51.1683,-13.063,56.4816,35.692032,0.7078,55.87,11.87,0,True,clear,night,underground
9d4b9cf9-90ef-4e69-b3d1-2053d2e4b259,60.0,1002.614,1.1023,0.532247,-9.149,1001.512,35.4386,-12.6948,33.5268,64.720028,0.8152,22.16,3.31,9,False,overcast,night,underground
055e0198-8d92-452e-bf99-1566a0c308a4,60.0,1010.386,-0.1719,0.046774,1.427,1010.558,33.5466,-7.3071,55.8348,32.009886,0.4136,16.26,2.7,18,False,clear,night,street_level
f0e829e2-85da-4fa1-b911-cdd1f3e67081,60.0,993.485,-1.4445,0.525627,11.989,994.93,19.2897,-13.596,51.6223,68.876739,1.0,43.15,13.43,0,True,rain,afternoon,above
3b864266-71a7-4db6-95f8-671509cc4eb4,60.0,1005.982,-0.3248,0.039344,2.696,1006.306,46.1621,5.9501,16.8443,64.82939,0.0243,16.32,0.63,16,False,rain,afternoon,street_level
49860f45-2abe-4fc5-8b44-f3ffaa15acd8,60.0,995.738,-0.139,0.079911,1.153,995.877,-29.1518,-14.2113,27.0914,21.647825,0.6715,7.62,2.47,9,False,rain,evening,street_level
61734479-e414-4998-90bd-31824e96fb7b,60.0,1015.436,0.3692,0.449111,-3.065,1015.066,7.1858,-16.7702,36.9464,82.240637,0.581,2.91,6.63,8,False,rain,night,underground
fb273f0c-a281-41ee-8f03-c155cf11f8c4,60.0,995.655,0.0966,0.164514,-0.802,995.558,30.4093,-5.5974,48.5887,46.022677,0.6351,40.02,11.85,0,True,overcast,night,underground
a14a682b-0a5e-432a-8379-2913353560e9,60.0,990.471,-1.0606,0.4626,8.803,991.532,4.4229,5.8541,62.123,58.674944,0.3288,50.05,8.88,4,True,overcast,evening,above
66452c7d-d11d-49fb-a788-c7f5c8cc690c,60.0,1011.527,-0.1602,0.101607,1.33,1011.687,21.3889,-7.2105,39.1997,26.001035,0.4865,7.63,4.77,7,False,overcast,afternoon,street_level
b85eeb29-f3a3-4a1a-8ac2-95c5e4bef9e4,60.0,1006.312,0.9756,0.261395,-8.097,1005.336,5.2712,8.5291,36.0095,69.71625,0.8669,1.78,6.6,11,False,rain,night,underground
368f845a-93cb-4093-acd8-9f8531e50e55,60.0,1008.316,-1.3074,0.372344,10.852,1009.623,42.8445,5.4076,33.3805,33.184441,0.3518,8.8,1.68,17,False,overcast,night,above
ed12dec9-57f0-489f-9888-5fac7109326a,60.0,1002.538,-1.0257,0.439531,8.513,1003.564,25.0218,3.1793,33.0625,85.14012,0.8314,37.13,6.83,3,True,overcast,afternoon,above
99dfee0e-f8b7-4841-a0df-56501dadfafa,60.0,1000.645,1.1587,0.338926,-9.617,999.486,43.1625,10.4551,44.2856,97.49348,0.7437,10.44,4.67,5,False,clear,night,underground
5f52e7c3-6b1c-4885-b215-c91807b193d3,60.0,996.657,-0.4289,0.411361,3.56,997.086,7.6197,-17.9591,36.0085,68.537982,0.7572,31.47,9.29,0,True,overcast,afternoon,above
00a3da66-4d94-4a4c-b578-660b4f6f2057,60.0,993.403,-1.3438,0.552445,11.153,994.747,22.8839,-7.6659,29.4419,43.853717,0.8532,60.42,11.05,4,True,clear,afternoon,above
5bf6fc17-0a32-4b7b-8de0-98b63c1a35d6,60.0,1003.55,0.1128,0.668323,-0.936,1003.437,24.6314,-12.12,74.2672,74.737544,0.6351,15.68,2.26,12,False,clear,afternoon,underground
59d99e7c-14b5-4d73-bc8f-44e2403cc0c1,60.0,997.017,-0.9821,0.159855,8.152,997.999,23.8286,-29.1845,35.3429,4.119095,0.6752,45.66,13.11,6,True,rain,night,street_level
3a94f937-f659-45ca-8586-251335afa45f,60.0,1002.674,-0.3618,0.023171,3.003,1003.036,-0.1576,3.385,41.3998,103.810676,0.6196,28.41,2.63,3,False,clear,morning,street_level
bf7f1db8-a192-4737-8661-5baa97fea74b,60.0,997.49,0.1836,0.49964,-1.524,997.306,30.7517,-3.4468,54.7813,102.996496,0.5245,2.05,3.02,10,False,rain,afternoon,underground
f78211a8-048e-4790-9bce-894e907a8f32,60.0,1012.582,0.3125,0.510864,-2.594,1012.269,18.434,-20.2855,42.4439,79.089805,0.7983,26.51,2.71,1,False,rain,afternoon,underground
18cec890-7bfc-43d6-886f-427afacb8885,60.0,1009.172,-1.1594,0.194058,9.623,1010.331,19.5807,2.3692,24.6062,31.205952,0.4052,7.79,1.15,15,False,rain,afternoon,above
ff970e62-2778-4630-b730-a3d586614e37,60.0,992.2,-0.0411,0.070605,0.341,992.241,16.6141,-30.9531,53.0917,16.356001,0.543,14.32,4.43,15,False,clear,morning,street_level
5cca2c74-3726-4f17-9361-c0ad712285c6,60.0,1011.156,-1.4322,0.243956,11.887,1012.588,12.4422,-0.9002,53.0884,58.843407,0.6717,2.43,2.32,15,False,clear,morning,above
4cf18df6-5e86-45d4-b6ae-f1fcf5f26aec,60.0,988.773,-1.5399,0.413927,12.782,990.313,-8.0089,-33.3006,61.281,56.230121,0.9987,34.11,9.17,0,True,overcast,afternoon,above
bda69d45-8007-47d1-94c4-7249ddd2dd6d,60.0,997.443,0.7663,0.44755,-6.36,996.677,15.3241,-0.2398,68.6812,14.458427,0.8041,57.75,14.37,0,True,overcast,morning,underground
c3cfdd0c-a60d-428e-b955-ab4716ae52d6,60.0,1016.128,-1.5364,0.461668,12.752,1017.664,26.5393,-12.39,31.566,55.976545,0.4363,56.66,7.9,4,True,rain,evening,above
dbea40ac-487b-4c18-957c-ff8453c71e40,60.0,990.51,0.1136,0.019627,-0.943,990.396,29.6325,1.5783,53.485,-5.53464,0.4749,36.0,2.46,14,False,overcast,morning,street_level
75dce2af-ad6e-4766-a858-b9c7e34c0330,60.0,1010.581,-0.6368,0.450648,5.285,1011.218,21.3872,-4.8801,62.8093,77.019638,0.505,42.53,9.88,1,True,overcast,morning,above
efd515e8-f35e-4c62-9e65-f08a75d5c19c,60.0,1008.966,0.1038,0.455885,-0.861,1008.862,4.889,-9.062,41.5735,59.357798,0.7291,57.54,16.32,0,True,overcast,afternoon,underground
b6f030a7-2c52-45d0-9f90-ceb45b22ee9d,60.0,1009.649,0.0881,0.106048,-0.732,1009.561,10.3257,-11.5214,56.0776,-3.656181,0.0819,45.55,4.26,5,True,clear,evening,street_level
975369ab-ad5e-43d1-bf96-a0c1ef56e78e,60.0,996.441,0.1772,0.085417,-1.47,996.264,-0.569,19.2464,52.0541,39.27294,0.2577,15.27,1.14,17,False,clear,afternoon,street_level
d9647cad-8378-45a3-b321-e37d951bc238,60.0,991.473,-0.0304,0.120906,0.252,991.504,13.0418,-3.8849,9.2963,35.556847,0.0,75.33,16.16,5,True,clear,night,street_level
6ea28548-3c9d-45cf-a3e1-b41cf7455072,60.0,991.201,-0.3523,0.023865,2.924,991.553,38.8212,-9.4333,33.283,20.637061,0.6595,12.78,0.0,9,False,clear,night,street_level
85554a18-f428-40ae-bed0-7a47cdcf3821,60.0,1013.432,-0.2193,0.148309,1.82,1013.652,6.6622,-4.1728,47.9591,89.361987,1.0,7.95,0.2,20,False,clear,evening,above
e973dd47-4114-4d3b-978d-1b76f1b44624,60.0,990.494,0.3705,0.627371,-3.075,990.123,40.2058,-21.1435,46.6157,20.221377,0.6171,21.67,4.21,3,False,rain,evening,underground
06edd2f1-9799-4e8b-b3fb-8016c7b46adc,60.0,1006.284,0.0437,0.419674,-0.363,1006.24,-0.4907,-23.2734,54.8338,61.100344,0.7846,29.65,5.37,4,False,overcast,morning,underground
a491bb6d-8057-4eaa-b3f9-acde9a19b4d8,60.0,1009.155,0.5004,0.111542,-4.153,1008.655,13.1389,-18.179,42.7425,29.86786,0.558,9.91,4.27,7,False,clear,afternoon,underground
dad783b7-c155-41f5-976f-06767963cf51,60.0,1000.041,-0.1809,0.057254,1.502,1000.222,26.0345,-16.2271,53.1753,-1.524246,0.7686,1.0,0.54,9,False,overcast,morning,street_level
0cf42aa2-ddac-4a0d-9bff-8beff14417df,60.0,1009.548,-0.7226,0.495298,5.998,1010.271,10.2462,21.9535,-5.5225,87.975826,0.8142,70.79,4.01,2,True,clear,afternoon,above
e2d100b8-5052-41fe-adc5-55d813330b1b,60.0,1016.049,2.3331,0.384827,-19.365,1013.716,51.3279,8.1963,40.8033,62.268198,0.2068,11.65,2.7,8,False,rain,night,street_level
10e9bfbb-1ba6-4c86-9c93-611d292f5128,60.0,1015.936,-0.359,0.34658,2.98,1016.295,-19.6582,-26.6109,66.5065,103.331585,0.9422,50.58,7.95,2,True,rain,evening,above
476f9708-27c9-4d2f-be9e-a3220a5a86b9,60.0,998.603,-0.4992,0.522372,4.143,999.102,16.2047,-22.008,56.3548,45.488533,0.6087,18.01,2.79,12,False,overcast,evening,above
ddb355ab-ca6a-4f29-8525-7ff3cde7d688,60.0,999.471,0.0759,0.491927,-0.63,999.396,8.318,2.8679,68.028,60.102197,0.7147,1.63,1.28,13,False,clear,night,above
8f50c853-0f61-4217-84dc-4c355f938cd4,60.0,1012.405,-0.7346,0.63403,6.097,1013.139,9.0957,12.7711,47.6583,30.751283,0.3662,12.59,2.33,15,False,rain,morning,street_level
e1da66f8-3f5a-4ef3-b0a7-3d675dc2ce64,60.0,1013.258,-0.8331,0.442286,6.915,1014.091,0.0979,8.6392,33.4479,108.981481,0.3977,16.07,10.33,4,True,rain,afternoon,above
e415ee84-85db-4106-a969-d2abb342f9a4,60.0,992.129,-1.3155,0.153537,10.919,993.444,-3.7647,8.6917,12.807,50.063907,0.6013,37.03,12.9,2,True,clear,night,above
ce905f10-d751-4c66-a8bf-89ac60ede9ed,60.0,1003.792,-0.29,0.196698,2.407,1004.082,24.5522,-27.3426,25.1459,25.188904,0.6241,7.77,1.94,17,False,clear,afternoon,above
1750246f-1176-44be-a24d-f5b321c772a5,60.0,992.399,1.268,0.123492,-10.524,991.131,36.3914,-21.3645,65.6547,90.993612,1.0,88.96,12.06,0,True,clear,morning,underground
60143b9b-6120-4b11-bf1b-4e2a109d677a,60.0,999.595,-0.4931,0.510508,4.093,1000.088,5.6007,16.5608,33.1569,53.108733,0.6236,4.22,0.33,12,False,rain,night,above
98e5314d-3ffe-4b78-88b9-be5dd09e3256,60.0,995.496,1.244,0.239659,-10.325,994.252,13.5981,-17.9283,44.4788,76.486072,0.9406,64.5,9.62,0,True,overcast,night,underground
a3e2d79b-d7a2-4f03-8c66-b1df7a609c88,60.0,1014.055,0.0451,0.275521,-0.374,1014.01,25.1626,-9.229,55.6451,105.796549,1.0,39.54,12.32,0,True,clear,morning,underground
25955559-408c-4029-aa7f-8833bedc6e9e,60.0,1007.521,0.3308,0.353883,-2.745,1007.19,18.3251,-4.1293,57.2971,28.169295,0.6127,18.72,4.78,8,False,overcast,night,underground
2f6bbbdd-900d-4fa0-bc52-debb3d6205e2,60.0,1007.199,-0.1283,0.020076,1.065,1007.327,-23.0943,-10.5371,30.5656,10.164422,0.8557,37.09,22.98,5,True,rain,morning,street_level
a43e97e4-880e-4fda-aa41-b50c48faaf47,60.0,1017.853,0.0772,0.056186,-0.641,1017.776,1.0044,-4.9301,44.4784,29.248809,0.6955,22.93,1.05,16,False,clear,evening,street_level
28878a7c-af46-42c5-8089-c6580ea07cfb,60.0,1014.065,-0.5906,0.320051,4.902,1014.656,23.7322,-7.3969,33.7093,58.290993,0.9332,6.3,1.6,11,False,rain,morning,above
49905e06-a749-4768-a117-1c1ac1648953,60.0,1009.746,0.3063,0.067664,-2.542,1009.44,27.1562,-29.4964,76.515,21.420098,0.913,19.92,-0.42,7,False,rain,afternoon,street_level
8864e2ed-5212-4dad-8b29-5cfefe915a5e,60.0,1011.047,-0.8462,0.567589,7.024,1011.893,21.1595,11.0289,36.8888,63.438282,0.6437,60.82,13.11,0,True,clear,morning,above
823ffe2f-dcb8-4297-9c31-31f602b7991e,60.0,1014.282,0.275,0.087219,-2.283,1014.007,24.646,-7.9682,38.6269,21.594375,0.5902,23.0,2.86,9,False,overcast,morning,street_level
f05db2df-2fdb-458d-ba51-6bbb49858205,60.0,1001.079,1.0686,0.358249,-8.869,1000.011,-8.1907,6.4831,33.2301,81.629283,0.8932,11.46,2.18,12,False,clear,afternoon,underground
fbb5ca68-d767-489e-b6e9-7f64d2eb8b2a,60.0,1001.774,-1.4931,0.214781,12.392,1003.267,13.054,-17.8073,40.0318,72.580035,1.0,12.57,1.35,18,False,clear,afternoon,above
860b361f-c9f2-40ac-b466-fbf849e57654,60.0,1014.758,1.0674,0.159369,-8.86,1013.691,33.3983,-11.5458,81.1733,110.479804,0.9102,25.43,13.7,1,True,clear,morning,underground
554b7040-1b52-4b57-a6b7-61d7d6fc2b39,60.0,994.838,-1.2946,0.438136,10.745,996.133,-16.0962,12.938,41.0596,79.782283,0.7015,3.05,0.35,10,False,rain,morning,above
bf07bdd5-5d42-4f7e-85ab-50cdf285bcb5,60.0,991.874,-4.2213,0.576457,35.036,996.096,38.5428,-16.3395,34.3421,10.140885,0.615,31.16,0.8,2,True,rain,morning,street_level
16e1259d-0f93-4bb4-aee7-444cf94e8742,60.0,996.73,-0.0972,0.448464,0.807,996.828,46.567,0.5523,27.6378,85.500958,1.0,72.63,12.63,0,True,clear,evening,underground
fc7f49a4-103b-480b-a7e5-75dd53d19ae9,60.0,1001.637,0.8274,0.626714,-6.868,1000.81,23.7433,-2.9993,25.7618,63.766305,0.7003,11.31,3.15,6,False,rain,afternoon,underground
47d8b585-0c5e-4909-a4df-6a37081d76dc,60.0,996.911,0.2012,0.326038,-1.67,996.71,25.7577,14.0439,57.2975,41.321959,0.8441,78.3,12.33,0,True,rain,evening,underground
40aa6f5f-d533-49d7-9ace-3a05f99c9e3e,60.0,1014.553,0.4154,0.528199,-3.448,1014.138,3.1468,-35.0652,59.9179,20.648127,0.742,1.0,3.46,18,False,overcast,morning,street_level
929f4995-042b-437e-97eb-129375c03090,60.0,1011.224,-0.1354,0.196717,1.124,1011.359,55.8151,-3.7119,27.1337,96.833807,0.8081,36.5,8.24,0,True,rain,morning,underground
01a7b702-8fbd-4835-bf80-2ecebe967173,60.0,998.692,-0.946,0.119154,7.852,999.638,1.9925,16.0206,11.7773,92.802683,0.2899,16.42,3.03,19,False,clear,morning,above
dd7a5a5c-1957-4c04-ab8b-abd8b1f70701,60.0,1004.873,-0.4488,0.308267,3.725,1005.322,-1.9365,22.6958,41.551,124.089045,0.2258,18.96,9.81,1,True,rain,night,above
f163d9db-798d-466a-8493-7e81cb131fd8,60.0,1012.38,-0.0663,0.234244,0.55,1012.446,6.6831,7.0356,30.1988,25.677223,0.922,11.3,1.75,13,False,clear,evening,above
7faf59ba-f660-4a52-8e25-35be2a22ed9f,60.0,1007.208,-1.1127,0.773834,9.235,1008.32,15.003,0.9056,20.9391,21.37867,0.2474,22.32,2.27,9,False,clear,night,street_level
fde14bea-a039-4e3a-902d-bdd032ad1ab6,60.0,1014.154,-0.2457,0.037571,2.039,1014.4,20.838,-2.8298,27.3473,27.798125,0.914,31.05,6.3,1,True,overcast,morning,street_level
677e5312-d21d-439f-aff5-c911111209c6,60.0,1008.162,-1.3399,0.210089,11.122,1009.502,36.0631,-16.7,52.489,90.177817,0.7212,11.82,2.07,8,False,clear,afternoon,above
5f27ed78-6a12-4ef3-864f-ce0fb19c4600,60.0,1017.097,-0.1072,0.198066,0.89,1017.204,36.5348,-13.9789,43.7701,71.799358,0.5333,13.96,0.66,18,False,overcast,afternoon,above
66185445-d369-4900-bdfe-1e066a9cc9c6,60.0,990.698,-0.715,0.507198,5.935,991.413,32.5501,26.8624,42.7812,65.251603,0.9764,12.54,0.6,13,False,clear,evening,above
5909f59d-8576-4ec8-8f8b-b30f17e0997e,60.0,1003.294,0.6541,0.275067,-5.429,1002.639,26.6815,-2.2338,34.6435,90.697778,1.0,78.76,15.07,0,True,clear,evening,underground
92e9c7b9-0a61-4239-b173-6ccc1df9bab3,60.0,999.88,0.4853,0.275882,-4.028,999.395,32.8721,-42.4254,25.3043,118.217801,0.4071,1.0,8.75,5,False,rain,night,underground
e018db58-fcba-4b70-8a3f-80ca3badb84f,60.0,1007.962,0.2594,0.099296,-2.153,1007.702,29.4119,10.7914,22.5915,37.117609,0.2457,25.08,1.37,11,False,overcast,night,street_level
c3371853-7bb3-4112-a7ba-daa216ae09f7,60.0,995.272,0.2619,0.108899,-2.173,995.01,4.2201,-6.4804,37.1033,57.553621,0.4755,5.2,5.79,1,True,clear,morning,street_level
1f5c91af-16b6-4b6b-b6a9-6ea4420843d4,60.0,995.0,0.1156,0.094059,-0.96,994.884,28.6398,-24.9748,67.1741,74.772976,0.2476,9.01,0.95,3,False,overcast,night,street_level
15d651cf-bf26-4411-94d9-696e020bbc11,60.0,996.076,-0.0593,0.08312,0.493,996.135,-8.953,-3.2853,58.293,29.364719,0.3507,15.45,3.05,1,True,clear,afternoon,street_level
73730a8c-2b07-4fe0-97b1-d802e11f6d54,60.0,999.872,1.2945,0.563725,-10.744,998.578,6.5561,-33.8851,72.0807,66.782175,0.6248,36.19,12.95,0,True,overcast,morning,underground
d1de128d-ed3b-484f-bc66-29631f56e566,60.0,1002.006,0.9723,0.566107,-8.07,1001.034,30.0004,4.6113,17.3826,62.277853,0.4807,36.06,2.93,4,False,clear,night,underground
1086ba64-0bd9-4c65-b9d5-560690cc6bd9,60.0,1015.507,1.1146,0.588037,-9.251,1014.392,-0.2941,14.8966,55.9996,62.515108,0.5515,32.57,6.32,6,False,clear,evening,underground
8db671ea-1191-45df-8542-52743f2a9318,60.0,992.415,-0.4589,0.032344,3.809,992.874,-0.8978,-18.5788,17.7638,60.664099,0.0799,3.1,11.13,5,True,clear,evening,street_level
1f4bc067-45c1-4775-8eac-b582ee2b9358,60.0,1015.079,-0.8287,0.503845,6.878,1015.907,15.7575,-7.4426,29.4225,69.889366,0.9244,19.03,2.14,15,False,rain,evening,above
4a12ebcb-66d9-45fd-ba13-0c134260c6cd,60.0,1006.277,-0.2344,0.019231,1.946,1006.511,25.7998,-18.9037,55.5922,43.04286,0.1355,14.26,3.47,14,False,clear,afternoon,street_level
5ce33ef4-d5ad-44b8-a2ee-39da7f8e26bc,60.0,1011.89,-0.863,0.446462,7.163,1012.753,36.0307,-1.4668,47.4688,100.408745,0.5571,10.48,1.65,7,False,rain,evening,above
c8763d63-ec3c-4491-adb2-45b3fcb099f3,60.0,999.91,0.6142,0.307841,-5.098,999.296,39.8774,-0.7173,41.8535,33.322457,0.9944,16.31,3.48,7,False,rain,night,underground
4c4bd25a-3a87-48c9-9e79-1e1514a2b348,60.0,993.296,-0.8202,0.549319,6.808,994.117,50.9206,-18.4384,9.4574,95.706899,0.4721,10.21,1.83,17,False,clear,morning,above
6ce9c080-c477-470b-9b17-a019ae86793c,60.0,1011.161,-1.0259,0.288435,8.515,1012.187,52.6006,-22.7553,54.2424,39.236441,0.583,1.0,2.49,9,False,rain,morning,above
955e1d58-cdaa-4ded-b511-70084cf3654d,60.0,996.196,1.3802,0.390456,-11.456,994.816,17.8252,5.6149,52.9293,63.968963,0.4712,46.13,13.82,0,True,rain,night,underground
4a7b4b6f-3568-42f4-9334-bb8f700ea20c,60.0,1003.213,0.4113,0.678352,-3.414,1002.801,39.6651,-10.0003,55.992,54.880215,0.7453,10.11,4.07,12,False,overcast,afternoon,underground
1a8acadd-27c5-4b58-850e-655a9d23b966,60.0,1009.205,-0.1747,0.22883,1.45,1009.38,8.8605,20.3719,66.7484,78.64778,0.9697,21.8,6.04,5,False,rain,evening,underground
20726bfa-3ca6-4273-9f5f-9c72d7e22697,60.0,1013.102,0.5565,0.143744,-4.619,1012.545,19.5117,-32.7574,62.88,26.204705,0.507,11.02,8.11,0,True,clear,night,underground
4f281a61-d682-45ec-a1e6-7c45dec44256,60.0,1014.183,-1.3687,0.370524,11.36,1015.552,15.2448,-1.9528,24.285,31.511161,0.575,17.69,0.65,15,False,rain,evening,above
9b971690-6b39-41d9-b31c-faa54ff9a451,60.0,992.249,-1.0651,0.18386,8.841,993.314,5.2778,-5.2836,34.3995,95.26791,0.7395,17.79,1.8,16,False,clear,morning,above
c2de80e6-e621-42a5-b2b5-bfe89c51c035,60.0,1005.191,-0.7264,0.488017,6.029,1005.917,42.3896,-6.1961,54.2049,69.57244,0.9625,13.77,1.87,15,False,clear,morning,above
71407db3-604a-4794-85e6-91aa7e8051bb,60.0,1017.507,0.2491,0.057941,-2.067,1017.258,24.6814,-2.8899,34.6864,31.417872,0.3341,14.07,2.74,9,False,clear,evening,street_level
25aee69c-ec1f-4670-8aa9-a34a94c11553,60.0,994.428,0.4366,0.368859,-3.623,993.991,62.4584,-22.5212,49.2352,77.306422,0.5419,22.55,-1.95,17,False,clear,night,underground
69c36274-e820-43b1-84c7-5ac32c267c71,60.0,1017.893,1.5493,0.216078,-12.859,1016.344,38.4196,10.8188,48.2764,33.011972,0.7638,45.19,5.23,4,True,clear,night,street_level
f395bf1a-f8bc-49b3-8357-f6c8d62dba64,60.0,1016.256,-0.0038,0.345167,0.032,1016.26,-6.8566,-30.8597,31.6938,74.864225,0.6162,17.77,4.32,13,False,overcast,morning,underground
b12517ed-3636-474e-8be7-d2e31d9c22f3,60.0,1008.825,1.2091,0.120562,-10.035,1007.616,25.853,-15.0907,26.9651,97.103666,0.7351,49.52,15.3,0,True,rain,night,underground
e079ab96-a39b-48da-8a9a-70419b881ea6,60.0,991.425,-1.2223,0.596811,10.145,992.647,25.9214,15.8396,47.3319,81.468273,0.6264,16.85,1.05,5,False,overcast,night,above
418537fe-77d5-4d7e-8ff8-0ad23901268f,60.0,997.243,-0.4089,0.108892,3.394,997.652,6.3293,5.4726,19.5603,45.583006,0.0,21.73,4.32,4,False,clear,afternoon,street_level
2f7630d3-49e1-407a-87a8-a0ff55c29345,60.0,1001.986,-0.1419,0.323808,1.178,1002.128,21.5598,-9.9384,37.8785,95.406391,0.6848,54.83,9.55,2,True,clear,night,above
333920d2-98d8-4493-a485-745243462c26,60.0,1011.969,0.0527,0.610797,-0.437,1011.916,18.698,-7.381,27.4002,110.119622,0.608,64.96,18.57,1,True,clear,night,underground
2373ba7c-113a-443f-bb98-2c504efd78c6,60.0,993.392,0.1769,0.581183,-1.468,993.215,35.7219,-4.7055,56.8832,78.891205,0.2437,25.1,1.89,9,False,clear,evening,underground
741a64e2-397f-4da9-9eab-e442227b14c9,60.0,1013.271,0.5851,0.473153,-4.857,1012.686,13.0288,-26.6334,59.4607,22.952867,0.5697,1.0,1.31,9,False,overcast,night,underground
7e552d6e-f7a6-48ef-a7b9-d42fd800b3b4,60.0,1014.582,2.2664,0.267527,-18.811,1012.315,19.7511,-19.3253,30.5406,33.378495,0.7598,2.1,0.37,10,False,overcast,night,street_level
824dbf9f-a2bf-4b09-974c-2790d530cae9,60.0,991.696,-0.0143,0.521311,0.119,991.711,38.953,-3.4278,57.6481,17.087579,0.6766,10.55,2.21,12,False,rain,night,street_level
f5f8f36c-b5d6-431f-8fde-2e33b25935e0,60.0,1001.47,0.4984,0.126295,-4.136,1000.972,19.914,-43.5154,25.7175,21.028016,0.6808,27.41,-0.03,0,True,overcast,afternoon,street_level
0105108f-741f-4057-9c7f-84d973a1f7d2,60.0,992.842,0.2606,0.135073,-2.163,992.581,28.5084,-7.9913,57.7343,94.025643,0.5525,4.38,3.83,4,False,clear,afternoon,underground
0ebd57d8-565f-4634-8777-f151ac8bab91,60.0,1005.664,0.3153,0.239925,-2.617,1005.348,17.5504,22.2465,33.9656,77.431565,0.7979,15.61,-0.09,18,False,overcast,morning,underground
f4ac8b93-e4d0-4a00-b54a-572ad0cf34b7,60.0,1014.508,-0.2408,0.219701,1.999,1014.748,-2.067,-0.7772,39.467,103.409935,0.3484,7.45,3.83,12,False,rain,morning,above
ff9b9a4a-4f60-49e5-9d8f-53a1b2911a8c,60.0,1006.1,0.1783,0.575388,-1.48,1005.921,39.1067,1.4201,59.3022,47.855902,0.6653,21.75,0.96,8,False,rain,night,underground
859a206c-8e5a-43dd-a927-ac6ff3e8a4ad,60.0,1004.343,-0.3316,0.239615,2.752,1004.675,22.7703,-7.8154,60.1345,49.907945,0.2235,1.0,13.11,0,True,clear,afternoon,street_level
c6413155-68ef-44d6-875a-b10da7869507,60.0,997.707,1.8706,0.726131,-15.526,995.836,-7.5353,-18.9078,68.6097,23.560328,0.7856,12.63,2.51,10,False,overcast,night,street_level
32bdb301-3a66-4e24-a830-836c4afe31f0,60.0,1015.22,-0.2813,0.676548,2.334,1015.501,45.8569,-11.5233,51.0265,31.269566,0.4006,18.33,1.48,9,False,rain,afternoon,underground
f99e5eac-09d5-4302-9687-d041cc8d96b2,60.0,999.945,-0.3164,0.11782,2.626,1000.261,17.3245,-10.8382,57.9541,31.701298,0.0,49.0,9.66,0,True,clear,morning,street_level
35653bfd-cf80-4d4d-b74c-e27a0d1caa7b,60.0,1012.8,0.4874,0.281088,-4.045,1012.313,7.3536,-27.2473,34.7593,51.089963,0.8159,89.8,10.7,0,True,rain,morning,underground
12615540-3545-4da5-b5e8-235d29e031fb,60.0,1003.353,0.4395,0.375965,-3.648,1002.913,15.5069,12.3191,30.1791,107.840773,0.8738,22.42,3.43,13,False,overcast,night,underground
ac6cfed7-64f4-43d6-a1cc-f39a38b74ba6,60.0,1002.032,0.9211,0.489323,-7.645,1001.111,2.3207,-22.4113,48.7482,95.419155,0.4245,22.89,5.72,2,False,overcast,afternoon,underground
c0043e0f-3d2a-4191-8a59-ef782623adee,60.0,1014.521,-0.8301,0.176115,6.89,1015.351,-1.4984,-16.1683,51.1269,48.527739,0.4961,43.08,5.21,3,True,rain,afternoon,above
34198b9e-4868-446b-9c6e-e8018c70a548,60.0,1000.315,-0.396,0.101814,3.287,1000.711,20.7684,-15.6305,36.7639,4.901648,0.5514,60.42,8.67,4,True,clear,night,street_level
c8818bfe-2ee3-4558-9562-022843d8ba05,60.0,1012.505,0.2085,0.137535,-1.731,1012.296,35.2825,-34.6462,24.2635,31.986054,0.6302,1.0,9.52,1,True,rain,afternoon,underground
5cd02ed0-bacd-4f22-93b5-549fff2efa88,60.0,999.542,-0.7733,0.26813,6.418,1000.315,32.609,13.0054,30.607,33.428655,0.7286,10.49,4.45,3,False,rain,night,street_level
db15e822-558c-4b32-a581-6e8cef043c1f,60.0,1015.187,1.1285,0.118507,-9.367,1014.058,25.9572,-10.1053,67.0876,27.017793,0.9438,42.51,5.82,3,False,rain,afternoon,underground
6259fe78-4e71-4815-ac70-92d8488ac993,60.0,1002.093,-1.1576,0.430194,9.608,1003.251,3.2221,3.9363,18.8417,68.043739,0.7161,8.37,2.88,8,False,rain,evening,above
6a5e9cd8-fc8c-479a-8517-4f60fc772e52,60.0,1014.48,-0.9053,0.573484,7.514,1015.385,43.6362,-27.6333,33.0605,-11.943159,0.7952,8.9,3.07,10,False,overcast,night,above
6c527221-e401-4bb8-97d8-4d6c629d9bf9,60.0,992.493,0.0165,0.486731,-0.137,992.477,-5.7119,-28.2837,62.5616,7.394483,1.0,45.99,10.74,0,True,overcast,afternoon,street_level
3cd12b17-85d8-46bc-9cec-04b47abb8e97,60.0,1011.917,-0.3837,0.04644,3.185,1012.301,32.2337,-16.6214,45.6082,17.92848,0.0,49.63,19.98,5,True,overcast,afternoon,street_level
8f1f7d41-2e6e-4642-b690-dfd9d5795798,60.0,992.086,1.0263,0.406016,-8.518,991.059,-3.7299,-43.9533,25.4692,42.248583,0.7828,17.17,4.23,8,False,overcast,evening,underground
02b5d0c4-8274-4ec4-af43-0d8a5c7f3e22,60.0,1014.406,0.1683,0.034473,-1.397,1014.237,37.9178,-16.0825,61.8784,65.631878,0.5678,18.39,3.44,15,False,clear,night,street_level
b98f2b83-36b8-4baf-a301-a74183b85455,60.0,1017.059,1.6479,0.093143,-13.678,1015.411,32.1978,-7.7284,35.9528,27.313555,0.4098,7.95,2.83,23,False,rain,evening,street_level
f019859b-77b5-4666-928f-b19c4edba9a0,60.0,999.403,-1.4901,0.715997,12.368,1000.893,4.1439,-8.1811,63.346,18.870768,0.321,3.64,1.14,11,False,overcast,night,street_level
2f699585-0a09-4c47-b759-f19b9753adb3,60.0,991.082,0.5028,0.679202,-4.173,990.579,5.8261,-19.8045,20.5039,112.313073,0.9508,80.05,7.65,1,True,overcast,morning,underground
919b1664-a015-40e7-bf6e-3db1d9ac51da,60.0,1007.434,1.0921,0.635546,-9.064,1006.342,42.1052,-7.1134,40.3371,75.151212,0.5967,17.09,1.16,13,False,clear,night,underground
b53d4a8a-9e07-41ef-bf9f-d0829b066f7f,60.0,1013.777,-0.3094,0.124791,2.568,1014.086,25.3847,17.2771,56.6068,70.255058,1.0,17.09,11.03,2,True,overcast,morning,above
91a8b1cd-aedc-492a-96f9-cb6db1ef3fe2,60.0,993.229,-0.299,0.086078,2.481,993.528,28.1834,-9.2691,40.8477,86.897791,0.8804,78.53,3.82,1,True,clear,afternoon,street_level
8726ee63-73c8-45d3-8bc1-2c01a9394dbf,60.0,1011.048,-0.1105,0.664174,0.917,1011.159,31.1666,5.1058,39.4112,41.719034,0.8583,12.92,0.48,3,False,overcast,afternoon,underground
05e8710e-d1eb-4035-8e43-3df21b053a34,60.0,990.503,-0.2918,0.389474,2.422,990.795,9.9372,-36.8771,33.7922,44.001441,0.8123,57.29,4.24,0,True,rain,afternoon,above
a7fe781e-3bf3-49f5-ba4e-917e3a730846,60.0,999.97,1.5171,0.665779,-12.592,998.452,7.059,-25.474,44.4092,79.304778,0.4943,70.56,16.32,0,True,clear,afternoon,underground
94475f6e-85f1-4806-a10f-609c1d028209,60.0,993.964,-1.187,0.103767,9.852,995.151,21.5437,-2.0833,24.6065,52.658305,0.8566,3.04,3.11,19,False,overcast,morning,above
5acb3738-1637-44d0-bcae-7c77c52c6b4a,60.0,1016.185,1.032,0.270313,-8.565,1015.153,34.2112,-19.731,41.2432,21.970504,0.7632,14.62,2.33,8,False,rain,morning,underground
083113c3-36a0-4343-8195-7f7add65a368,60.0,1005.69,1.1344,0.695861,-9.416,1004.556,17.7197,-5.8428,71.0427,97.259554,0.6055,17.18,3.84,8,False,rain,morning,underground
13ba41f5-b17a-480b-8396-4d849eddd694,60.0,1010.591,-1.0783,0.343828,8.95,1011.67,19.4861,-45.4264,51.2574,13.729299,0.837,50.53,8.63,6,True,rain,night,above
3d7953f0-9dc1-4baf-8bef-e70fa1f2ba64,60.0,1009.22,0.5926,0.428559,-4.918,1008.628,12.0495,10.1418,2.1192,83.077452,1.0,58.58,6.48,0,True,rain,evening,underground
cbffe45b-378c-4cad-8f94-7343301b23ff,60.0,994.636,1.0411,0.561033,-8.641,993.595,17.6952,-11.3942,32.5467,86.733059,0.3552,54.06,7.66,0,True,overcast,night,underground
579cac76-b55a-4d2a-b26f-fe64ac1454fb,60.0,1003.656,-0.9822,0.136848,8.152,1004.638,17.1131,14.0339,34.8717,56.892858,0.8125,12.98,2.51,9,False,rain,morning,above
05237b9c-3f1f-48c5-9c63-273b195209dc,60.0,1004.723,0.8261,0.61411,-6.857,1003.897,-2.8828,2.6821,30.301,24.382331,0.6661,15.58,3.57,5,False,rain,night,street_level
949132f7-547c-4277-8196-3ad9f682f613,60.0,1010.282,0.9127,0.334734,-7.576,1009.369,23.346,5.5446,49.928,90.06103,0.9625,30.85,5.82,8,False,clear,afternoon,underground
88dd3e66-54cd-4f9b-bd05-466c12f067da,60.0,992.05,-0.6369,0.217252,5.286,992.687,-23.234,-16.6285,26.9846,20.642186,0.7267,8.62,1.56,12,False,rain,night,above
802125a8-a26b-41bb-82cc-60ae1dd272fd,60.0,1015.133,1.07,0.228742,-8.881,1014.063,32.9506,-4.6433,42.5281,50.110294,0.5176,37.62,7.89,0,True,overcast,night,underground
2840c49e-b60c-4a98-9d5e-ab6f06324b6d,60.0,993.085,-0.3903,0.558833,3.239,993.476,22.901,-8.887,39.45,77.236695,0.9969,4.31,1.85,14,False,rain,morning,above
e161af4a-6b3f-4e94-b304-1201aca0e483,60.0,1015.067,-1.1187,0.568768,9.285,1016.185,14.5004,-37.4699,51.7134,48.644449,0.5649,33.48,8.7,3,True,clear,morning,street_level
8e577c6c-db33-4a5e-a756-3e9dbc3b1d4f,60.0,1003.763,-0.5993,0.429767,4.974,1004.362,14.3217,-14.8438,44.3883,87.792153,0.7613,13.38,2.12,10,False,clear,night,above
f969da9b-8679-4611-8ff8-1a01d0b402db,60.0,995.322,1.2293,0.772238,-10.203,994.093,5.746,6.7879,43.9058,-5.194431,0.6234,19.39,3.51,15,False,rain,morning,street_level
94f3341c-2926-4633-8f58-c454d44503ac,60.0,1006.145,-1.3483,0.211357,11.191,1007.494,30.037,-16.8357,18.9955,74.176682,0.8553,46.07,15.27,1,True,rain,morning,above
c1517be5-cf59-462e-a32a-08db60293cf0,60.0,990.489,-1.0008,0.454083,8.307,991.49,27.2052,-34.6642,28.1969,45.799916,0.6664,5.52,1.76,18,False,rain,night,above
a0ccc19c-0492-47cd-9e31-0ac20ce45003,60.0,996.992,-0.3075,0.130074,2.552,997.299,8.7093,-29.2946,42.8594,19.968886,0.3116,9.65,2.63,20,False,clear,night,street_level
6106032a-2412-41ed-8454-f118001bd0a9,60.0,1009.054,-0.5621,0.302435,4.665,1009.616,29.4913,-23.4644,50.238,57.93055,0.6183,17.63,9.1,1,True,rain,morning,above
63465e0b-ac67-4770-b9a9-6b5c909caabf,60.0,990.543,-0.6486,0.308372,5.383,991.191,12.4948,4.9466,22.0615,66.289376,0.5479,1.0,5.33,23,False,rain,morning,street_level
61dda5fa-14f6-4a75-9adf-4195ad683e86,60.0,1006.706,0.5637,0.574727,-4.679,1006.143,-5.0964,-26.1477,46.5667,72.676143,0.7487,39.42,10.38,1,True,rain,night,underground
1c8be122-687b-4e84-b1ca-17cb2fdded86,60.0,1001.658,-0.8158,0.482594,6.771,1002.474,27.4025,-5.3926,2.583,18.958633,0.3285,65.58,10.1,0,True,overcast,night,above
deffc65a-3453-4045-baad-462a8621826a,60.0,1004.288,-0.3765,0.075516,3.125,1004.665,29.6644,-25.6981,50.0984,34.386419,0.7204,10.47,1.89,14,False,rain,afternoon,street_level
a5948279-c689-4fba-ae52-7393a8b42a1f,60.0,1009.426,-0.3902,0.580293,3.239,1009.816,-0.2177,-9.1251,24.1004,-5.440822,0.8736,15.17,1.54,8,False,rain,evening,above
7a97b88e-fc4b-4799-88f5-8e3ef35c3673,60.0,1015.195,-0.6705,0.50312,5.565,1015.865,54.0958,-2.628,33.8804,83.192683,0.7643,67.93,9.52,3,True,rain,evening,above
fb73f0f8-2493-42c8-ad36-a9c39387ac7f,60.0,1015.709,0.9602,0.373355,-7.97,1014.748,9.3615,-12.7409,32.2162,61.997059,0.7338,57.18,16.86,0,True,overcast,afternoon,underground
4b3de557-0c51-4ba1-967c-884511e37aad,60.0,993.427,-0.9792,0.130931,8.127,994.406,-4.8066,-5.3636,69.1656,42.120964,0.4064,11.02,3.96,8,False,rain,morning,street_level
815f2661-e82a-4f1d-9342-ceb9e3755ff6,60.0,1007.606,0.1254,0.127666,-1.041,1007.481,18.9744,-24.7217,40.7287,119.094217,0.3875,46.31,4.62,1,True,clear,afternoon,street_level
4e60e73b-bedc-4477-bdfb-7de6672446de,60.0,1001.867,-0.0207,0.210341,0.172,1001.887,21.0591,-12.3554,57.6495,126.494695,0.873,33.84,13.84,0,True,overcast,evening,underground
db2072dd-4a19-4569-95e8-1e43eaa2fdf1,60.0,1003.221,-0.1462,0.384526,1.214,1003.367,11.4753,-13.7916,39.7021,74.617097,0.9729,39.76,4.55,17,False,clear,night,underground
472b874c-70a2-4623-823d-6848fe7b389d,60.0,1009.765,-4.0323,0.374492,33.468,1013.797,19.6586,-2.9462,62.432,38.928774,0.6812,1.0,0.37,5,False,overcast,night,street_level
ab3f2eb6-4968-4463-b4c5-2dd4eb2167a7,60.0,997.438,1.5202,0.197388,-12.618,995.918,21.5586,-14.0673,41.715,26.460513,0.4928,15.42,0.0,13,False,overcast,night,street_level
fdaa10a0-6e5f-4be3-83b9-0a76490881bf,60.0,1003.479,0.1393,0.093092,-1.157,1003.34,4.1324,-9.92,36.9017,59.069716,0.0233,1.0,-0.69,16,False,overcast,night,street_level
962dc333-d739-4f5f-afb8-f2e1ca246e2d,60.0,990.054,-0.0455,0.076914,0.378,990.1,0.2423,12.3789,17.5319,18.667352,0.6693,12.93,3.67,3,False,overcast,night,street_level
4d60e199-b040-4f03-82e7-5ff7bb71a12f,60.0,990.242,-1.0364,0.563086,8.602,991.279,15.9803,-40.3763,34.2383,114.880638,0.464,50.15,12.14,4,True,clear,night,above
eee122f6-51a2-4227-b309-3fba8f3531e3,60.0,991.991,0.6728,0.597377,-5.584,991.319,2.9106,5.4096,28.8342,68.193646,0.9624,114.64,15.36,0,True,overcast,afternoon,underground
6858fa8b-18dd-4307-b8b4-05580a6a6a84,60.0,1010.3,0.0585,0.62649,-0.485,1010.241,13.1413,20.3186,34.2995,105.673828,0.505,67.57,8.58,0,True,clear,morning,underground
32c7b572-8b49-49b9-850f-572685e98526,60.0,1002.673,-1.0363,0.27539,8.601,1003.709,22.1736,-29.2431,12.5676,67.427406,0.8068,18.08,1.87,13,False,clear,morning,above
9d688c0d-7f2c-4908-8bee-0b0ebe776f1b,60.0,1012.242,-1.4414,0.269895,11.963,1013.683,33.8526,-10.6646,47.1113,58.536763,0.2556,14.33,1.11,16,False,overcast,night,above
05c6b559-a515-416d-a367-3cd14c10f84e,60.0,1016.069,-1.3643,0.450366,11.324,1017.434,25.867,-2.9833,28.9823,88.356281,0.6152,10.39,3.08,12,False,rain,afternoon,above
7b17d61b-2aa1-4318-b569-379d3a050c3f,60.0,999.09,1.3795,0.472214,-11.45,997.71,-6.3222,-19.334,44.1137,50.945023,0.655,55.51,12.66,0,True,clear,morning,underground
9b1e5018-30f4-4bcb-8ffb-1d1b3d38cc58,60.0,1013.494,0.3475,0.102539,-2.884,1013.146,2.7366,-30.7638,26.3897,54.543484,0.5804,13.49,3.41,8,False,clear,night,street_level
c61b5751-cd53-4f1a-adc4-ad4e913ebd92,60.0,1011.019,0.1097,0.112821,-0.911,1010.909,1.5214,-6.5477,35.6844,40.296737,0.7257,4.62,1.8,16,False,overcast,afternoon,street_level
e00e999d-30c8-4230-8ea1-c9086aba4391,60.0,1010.302,-0.0365,0.050799,0.303,1010.339,14.6063,-14.3564,43.6952,25.803184,0.2536,29.28,10.2,1,True,overcast,morning,street_level
88b89784-a402-4666-9eb4-47f2fa9c754e,60.0,1009.416,-0.8318,0.397252,6.904,1010.248,47.3225,-40.1379,40.4847,71.84278,0.7106,50.31,6.88,2,True,rain,morning,above
34a11dbe-3552-49cb-8f17-ba61130c61b6,60.0,1008.593,-0.701,0.364185,5.818,1009.294,-5.8804,-32.2462,41.2465,6.055848,0.5825,41.79,9.11,0,True,overcast,afternoon,above
86bd0b93-a4eb-4882-9c06-50bdafe30770,60.0,995.91,0.0972,0.162258,-0.807,995.813,15.1595,-15.78,36.04,120.800121,0.623,23.78,0.31,5,False,overcast,evening,underground
86149d32-f9d8-43c7-b104-f08b40155c80,60.0,1017.251,-0.2882,0.089732,2.392,1017.54,30.6914,5.6016,37.3854,34.423753,0.6148,38.07,11.73,3,True,clear,afternoon,street_level
a557f058-aaa4-44bb-811e-9501732e9818,60.0,1009.796,0.8881,0.541047,-7.371,1008.908,3.2095,0.5819,46.0265,19.824098,0.427,105.5,12.44,1,True,clear,afternoon,underground
473e0b22-c796-41ec-b63b-5582877e9530,60.0,1012.658,-1.2645,0.545466,10.495,1013.923,35.1837,-1.3274,45.8504,78.172772,0.8507,56.29,10.52,1,True,rain,evening,above
ea347aea-6f2c-4032-857f-4fd02756d3b2,60.0,1013.648,-0.9229,0.206086,7.66,1014.571,34.1305,5.7705,48.2301,58.470274,0.3921,8.28,0.82,15,False,clear,evening,above
12802f58-258c-4569-ba3d-4d9bd34eefdc,60.0,991.919,0.766,0.281032,-6.358,991.153,40.1346,-4.2299,51.9081,31.086403,1.0,13.4,2.15,20,False,clear,morning,street_level
0e3efc5a-88ce-4be9-b2c7-05164a0ce602,60.0,1017.245,-0.6224,0.54153,5.166,1017.867,12.3642,-18.7782,38.2189,67.486095,0.6905,47.28,7.73,2,True,overcast,morning,above
d46f815b-7f93-4c67-b819-13ba196d6c45,60.0,1013.52,0.2968,0.070815,-2.463,1013.223,64.0804,-1.0369,30.2671,35.668448,0.7254,16.71,2.22,12,False,rain,morning,street_level
f3f0e13b-01bb-4543-bb0f-1a850cdc7d99,60.0,1009.126,-0.2518,0.135846,2.09,1009.378,23.3414,-19.7635,37.9099,53.659551,0.4654,14.53,3.55,16,False,clear,evening,street_level
1424f6f9-222d-4474-88d7-58cf017ec5bf,60.0,1004.006,0.8349,0.53918,-6.93,1003.171,25.6685,-38.2945,34.6039,77.203745,0.3961,84.18,11.71,0,True,clear,morning,underground
63d938ca-39a0-429d-a906-522d5b76a948,60.0,1005.985,4.7446,0.141266,-39.381,1001.24,25.0036,-12.3901,51.233,18.185931,0.3972,3.07,1.07,16,False,rain,evening,street_level
5da91865-a4a4-41c6-a7ca-399e54ce8e76,60.0,1017.744,0.4112,0.060419,-3.413,1017.332,12.298,-22.407,53.2574,-1.165601,0.7607,18.19,1.03,9,False,rain,morning,street_level
aea46ea4-68cd-44a1-8515-8334af72469b,60.0,1012.375,0.1039,0.551516,-0.862,1012.271,12.9811,-19.8867,65.949,61.087469,0.9116,24.89,8.57,15,False,clear,night,underground
84756d31-c02b-4ffa-b6e7-4ce90772ec46,60.0,996.574,0.0157,0.106974,-0.131,996.558,44.9352,-5.8779,50.7327,48.101185,0.8377,22.96,-0.17,15,False,rain,morning,street_level
aab341ed-6e9d-4c99-b5f2-044b208596e3,60.0,1002.121,0.2373,0.091519,-1.97,1001.884,-0.1205,-34.9118,36.7503,34.72037,0.5846,6.18,3.9,9,False,overcast,night,street_level
131e0487-e187-481f-bafb-e2990de903d5,60.0,1014.676,0.1772,0.295524,-1.471,1014.499,52.8203,-11.2353,-5.5115,73.461421,0.7106,4.83,5.62,15,False,rain,night,underground
a583bc71-4a16-4f10-8c7e-c9114e15069d,60.0,1013.656,-0.9905,0.661105,8.221,1014.646,45.2802,-3.135,41.4073,11.234395,0.8398,19.0,3.26,15,False,clear,evening,street_level
7ea1335a-f410-45cb-9113-05afc956c61b,60.0,1010.971,-0.054,0.082841,0.448,1011.026,13.1486,-5.8956,46.5455,39.524139,0.5288,51.08,11.93,2,True,clear,morning,street_level
368941ca-ff19-4055-be78-cefa715f7885,60.0,999.203,1.0979,0.561096,-9.112,998.105,59.0101,-1.0526,32.7166,20.996483,0.9313,9.11,2.32,13,False,rain,evening,street_level
7e14a510-b9c3-4689-9d3a-2e44bfa13398,60.0,1002.147,0.0542,0.3964,-0.45,1002.093,27.1513,7.7189,45.9284,80.891752,0.7834,59.38,13.05,0,True,overcast,morning,underground
009dbb0d-705c-43a3-b6eb-91666ebf1fba,60.0,1015.351,-0.2347,0.07383,1.948,1015.586,23.8872,-13.7634,55.0103,31.708064,0.6196,37.07,8.24,2,True,overcast,evening,street_level
c86ebe80-eba8-43f0-84a1-f55a10006716,60.0,995.468,0.7848,0.475157,-6.514,994.684,7.9009,9.552,80.2661,39.315315,0.1348,28.84,10.16,8,True,clear,morning,street_level
47d8406c-9137-4d8a-9bdf-44d7a4a87972,60.0,1007.42,-0.1993,0.11689,1.655,1007.62,-4.2496,10.2844,56.8233,46.053647,0.196,15.4,2.56,13,False,clear,afternoon,above
0cc72033-bcc9-4b8e-a20d-4cdb0efaf14f,60.0,1004.613,-0.2616,0.139039,2.171,1004.874,33.937,-29.7339,55.0908,80.986556,1.0,1.0,2.92,6,False,rain,morning,street_level
f800f53e-6557-49c5-9c1f-c3712637ea8e,60.0,991.072,-1.2361,0.093395,10.26,992.308,35.1495,-18.9008,41.6239,16.683589,0.0411,19.74,-0.89,5,False,clear,evening,street_level
9b638e87-db8f-48d0-87c8-cc9450dc7cc9,60.0,1001.31,-2.1348,0.663301,17.719,1003.445,6.1969,3.2669,8.8322,21.372549,0.771,50.79,5.3,0,True,clear,morning,street_level
6e4abb42-186c-4596-b3a9-93014f10f911,60.0,994.006,-0.5281,0.243295,4.383,994.534,26.0658,-11.678,46.4703,89.585727,0.895,10.53,1.46,14,False,overcast,afternoon,above
060d1697-e841-4dd7-ab2a-1ef53b08b492,60.0,1003.171,0.2974,0.425876,-2.469,1002.874,21.8291,-11.868,37.7207,63.216726,0.6614,18.3,3.86,14,False,rain,night,underground
31c17279-4dc1-4257-94e1-c096d6dfe769,60.0,1005.717,0.3653,0.138205,-3.032,1005.352,1.9824,-7.8847,35.4739,19.227353,0.7394,17.82,0.74,2,False,clear,evening,street_level
c5ea897f-f66b-41b6-a4ef-26c8435fb4fc,60.0,994.245,-0.6652,0.397198,5.521,994.91,37.1064,16.7002,43.4674,44.031601,0.4067,53.61,7.85,2,True,overcast,evening,above
bc85eddb-222d-4b7d-aa7b-802c03706341,60.0,991.044,0.0428,0.569196,-0.355,991.001,-1.9637,11.8703,47.7274,102.965941,0.7667,40.61,9.67,0,True,overcast,night,underground
825995d5-28a6-48e1-a507-be526dd9e07a,60.0,996.149,0.613,0.602401,-5.088,995.536,2.9495,-26.8705,62.0805,58.458665,0.9145,51.98,6.64,0,True,overcast,night,underground
5179c219-36a2-474f-b9e1-aa61ca0e9cf6,60.0,996.502,0.0009,0.445693,-0.008,996.501,26.9871,-17.5715,3.5853,78.584664,0.3731,20.16,0.48,13,False,rain,afternoon,street_level
f1f37d13-d103-476d-b329-12d610c41a67,60.0,1008.976,0.1582,0.017752,-1.313,1008.818,24.2061,-9.9433,34.0613,51.928775,0.2855,19.67,9.98,4,True,overcast,evening,street_level
c6bfc6ba-bae9-489d-9399-3e60fdd3fbf2,60.0,1018.517,1.0102,0.437656,-8.384,1017.506,-5.4634,18.5832,33.7134,48.190258,0.7037,34.98,9.69,0,True,clear,evening,underground
4cbd15c2-9f49-4f3a-94ba-3b904e494871,60.0,1014.161,-0.1416,0.011523,1.175,1014.303,-15.844,-3.0192,30.1196,17.590225,0.1852,19.94,-0.42,20,False,clear,night,street_level
f00ccbf7-5f35-4d9a-94c9-f3b32d86ccc1,60.0,996.337,1.0452,0.351229,-8.675,995.292,23.4865,8.0498,64.7435,53.467433,0.6778,71.43,9.77,0,True,rain,night,underground
38033784-63c0-4a95-9282-62806661aab7,60.0,1001.692,-1.0096,0.287008,8.379,1002.702,21.8147,-13.9646,32.7177,79.065652,0.5127,14.36,1.63,7,False,overcast,evening,above
9629b895-5d3f-41be-b8c8-37594aa65881,60.0,994.095,0.247,0.391122,-2.05,993.848,29.0853,-5.3483,70.008,54.832887,0.608,21.24,3.22,6,False,overcast,morning,underground
82d96ff9-e47d-464c-ac67-2866be9126bd,60.0,996.7,-1.0484,0.269114,8.702,997.749,20.0558,-15.9481,50.4772,58.055944,0.3035,1.0,0.53,10,False,rain,night,above
e3ef232e-bd50-4b72-ada7-be92a58831b9,60.0,990.481,0.4298,0.110695,-3.567,990.051,39.3734,8.9088,25.8864,45.90966,0.6375,8.98,1.79,7,False,overcast,evening,street_level
5d1995d3-e11c-4b1b-baaa-8e9732aa7698,60.0,999.269,0.2519,0.432688,-2.091,999.017,25.7138,3.9939,46.1985,108.048515,0.4662,13.31,-1.87,9,False,overcast,morning,underground
31443c68-b3d7-4d08-9f7c-2c0dd1cb5c0c,60.0,991.656,0.2873,0.38071,-2.385,991.369,20.03,0.9993,61.5283,61.395157,0.6892,38.37,10.44,0,True,clear,morning,underground
6bc64103-dfc2-4bfa-9b8c-4d30751bd443,60.0,1013.008,-0.5353,0.541773,4.443,1013.543,-6.4149,-50.7343,28.9415,13.924262,0.6227,1.0,1.74,12,False,rain,night,above
9ce55f2f-ae6e-4e27-8858-4bcd3373d106,60.0,1005.503,0.1607,0.685403,-1.334,1005.342,12.6992,-0.3168,44.9727,86.305981,1.0,8.86,4.5,8,False,overcast,evening,underground
2dd5d4d6-28fa-444f-a1b7-2e8b3feedb6c,60.0,990.298,0.2032,0.535181,-1.686,990.095,21.8883,-21.1457,38.0527,83.186179,0.1801,49.5,9.14,1,True,clear,morning,underground
f268d32e-df6c-4b9e-b3dd-aa76b8dd3754,60.0,1018.034,0.3464,0.086586,-2.875,1017.687,21.873,9.5147,41.6549,4.472967,0.6389,8.84,2.05,8,False,rain,night,street_level
1c75077a-dc7b-4f45-812f-3e2ead2e922f,60.0,1005.162,0.0739,0.058649,-0.614,1005.088,4.0116,-20.2702,36.1862,15.767466,0.0,51.74,1.13,4,True,rain,afternoon,street_level
bd562792-f266-4d2e-bd9c-135a9ae891d5,60.0,1011.985,0.5785,0.064535,-4.801,1011.407,-31.2939,18.0242,24.8792,37.936427,0.8989,9.49,2.61,19,False,clear,evening,street_level
930b2047-7390-4e3c-aaf8-6617f621c1ff,60.0,997.9,0.4965,0.61098,-4.121,997.404,34.8123,-7.8251,25.4228,65.932214,0.4482,51.48,15.05,2,True,clear,evening,underground
297e1e9b-605a-4a8c-8a24-05e4351c6faf,60.0,995.646,-1.2658,0.102298,10.506,996.912,25.5987,-11.6675,-9.8518,27.414357,0.6133,55.11,-0.06,2,True,clear,evening,street_level
f324f62f-7a14-47db-b7b2-c53e3e55a5e5,60.0,1015.745,-0.3291,0.405712,2.731,1016.074,25.0074,-1.6829,24.0192,83.410434,0.7349,1.88,2.7,21,False,clear,evening,above
517dc25d-4302-4175-b06a-eeda37c638b6,60.0,995.398,-0.2109,0.13796,1.751,995.609,17.3161,0.3612,42.2484,32.609194,0.7111,12.37,4.51,13,False,rain,evening,street_level
b81742a9-9def-49a9-84e6-0379f62e7696,60.0,1013.834,0.1277,0.129335,-1.06,1013.706,16.2882,-11.6192,58.6181,57.868981,0.6222,3.27,3.44,11,False,overcast,morning,street_level
285ae513-84bf-496b-9ed5-b182f46d163f,60.0,1007.422,0.1862,0.674007,-1.545,1007.236,-3.0629,-20.7024,32.8793,137.461598,0.563,66.7,10.35,0,True,rain,afternoon,underground
0d668ebd-1087-4a78-bb3d-f3a6e0865ea6,60.0,999.569,-0.5523,0.456829,4.584,1000.121,13.9759,-58.156,48.191,33.138901,0.7902,12.79,1.21,8,False,clear,morning,above
40268779-1c05-418e-b653-147fdd5c31c2,60.0,1006.988,-0.7621,0.555059,6.326,1007.75,26.2824,-0.6051,47.7528,53.936753,1.0,36.67,10.37,2,True,rain,morning,above
9f344ec5-e4e8-4fe1-81e7-d1214f4eed92,60.0,994.661,-0.5637,0.469311,4.679,995.225,39.7977,-9.7708,43.7857,91.107885,0.1597,51.96,9.68,2,True,overcast,night,above
befb23e7-b884-4f16-b659-0fd4146543ab,60.0,1004.011,-0.9962,0.307586,8.268,1005.007,43.2383,-34.0992,31.3928,41.113006,0.5768,2.57,0.55,8,False,rain,evening,above
20709df0-ba29-4d44-ae6c-4a04499247cf,60.0,993.734,0.0517,0.187388,-0.43,993.682,-0.4159,8.1118,64.2031,39.049637,0.8863,45.04,18.13,2,True,clear,afternoon,underground
491e6382-30f9-48d0-88cf-f7ad688db932,60.0,1004.945,1.6059,0.585149,-13.329,1003.339,17.5983,0.4575,47.1495,31.172502,0.5715,28.21,14.18,0,True,rain,night,street_level
7a174251-8ec4-4c77-b834-e71dd91e1ad3,60.0,992.793,-1.6929,0.448652,14.051,994.486,15.223,11.73,13.7642,15.78391,0.6854,25.24,6.47,2,True,rain,night,street_level
b3bc9c19-c461-4ae7-86be-37d9fa122e18,60.0,1009.536,-0.7159,0.383034,5.942,1010.252,5.3987,-22.546,25.5102,40.181954,0.155,12.22,0.67,13,False,clear,night,street_level
245c7b20-59a6-44e5-b380-abc2e070508a,60.0,995.495,-0.263,0.143813,2.183,995.758,22.9098,4.6216,60.1802,43.201258,0.6149,13.8,1.85,11,False,overcast,evening,street_level
d1997be1-df8c-4ebd-aac1-b933378bba9e,60.0,1007.21,-0.9796,0.23242,8.13,1008.19,35.8997,-25.0965,54.6966,94.35533,0.9111,33.56,16.04,5,True,rain,afternoon,above
861f910b-4768-4e1e-9d70-5e9c242762bc,60.0,1002.272,-1.3645,0.560736,11.326,1003.637,-6.2983,10.0693,41.5193,104.582571,0.6759,30.58,10.88,2,True,clear,evening,above
396fe4e3-f0a8-4f1a-b191-1c600e11679e,60.0,1008.246,0.1955,0.130942,-1.623,1008.05,-3.0282,-16.9556,44.7423,46.977295,0.5872,14.35,2.49,8,False,overcast,morning,street_level
b534ce20-94b2-4827-aa54-6bdede3198b7,60.0,1014.688,-0.1865,0.4513,1.548,1014.874,5.2069,-1.3463,37.7712,35.785192,0.8601,30.09,4.35,10,False,rain,afternoon,underground
75506447-3666-452e-8d3b-cae84bd5a5ac,60.0,992.615,0.3026,0.661227,-2.512,992.312,17.4207,-21.7677,33.7692,55.371664,1.0,52.25,18.32,1,True,clear,morning,underground
4717e8db-9d22-48e9-b63e-9bc3c4aec474,60.0,996.234,1.0348,0.550489,-8.588,995.199,1.2099,-10.1112,41.5438,96.347898,0.7481,55.4,12.33,0,True,overcast,morning,underground
3b129c1a-1b44-48b7-8b19-caa6174d9d66,60.0,1013.027,1.6938,0.064512,-14.058,1011.333,23.8964,-1.1663,50.9293,28.815319,1.0,70.75,17.03,5,True,rain,morning,street_level
22794def-9fe1-4110-aec2-14f2e4491e2a,60.0,1003.0,0.7545,0.206269,-6.263,1002.245,17.5921,-14.365,25.5987,82.599838,0.3932,72.85,10.11,0,True,overcast,evening,underground
6fef740a-d7d8-4caf-9f4f-95d0a3c6cad1,60.0,1016.449,0.4262,0.321835,-3.538,1016.023,38.4382,-18.3268,18.6628,52.1337,0.3994,56.58,12.71,0,True,rain,evening,underground
ccac576d-27ff-4bfb-bb3a-ae25b4190c18,60.0,1003.251,1.1165,0.546154,-9.267,1002.135,15.7671,-20.1266,20.0105,91.778515,0.6439,34.79,11.03,0,True,clear,evening,underground
0888e04b-e305-49c4-b221-f5ed97c3451e,60.0,995.054,0.1001,0.21958,-0.831,994.954,13.2715,24.2788,38.8252,25.156743,0.6868,17.69,4.72,2,False,overcast,morning,underground
c71407c4-4107-4898-8ef4-1bfd9bfdc6c8,60.0,999.336,0.8054,0.136128,-6.685,998.53,-6.2168,5.3904,50.1887,7.96665,0.788,1.0,6.03,8,False,rain,night,underground
ccf5a36a-d280-4042-a351-1f5340080df7,60.0,1009.244,1.4942,0.416044,-12.402,1007.75,17.6263,-21.2123,20.1633,56.166434,0.3229,44.42,10.52,0,True,overcast,morning,underground
29caefba-c1f1-4d75-99d1-d5505bfc2b44,60.0,1011.656,0.4398,0.239031,-3.65,1011.216,0.1909,-0.8676,37.7009,74.946971,1.0,69.67,15.06,0,True,overcast,morning,underground
60b8a4e5-afb2-430b-9fb5-bc084dc47801,60.0,1013.313,2.5406,0.139684,-21.087,1010.772,46.7477,16.5986,41.6182,17.905529,0.1164,37.94,7.52,5,True,clear,morning,street_level
54c01496-31bc-4236-8fba-f5689c6f3b90,60.0,1010.539,-0.0737,0.125057,0.612,1010.613,15.4437,-7.2676,44.9705,76.747624,0.5672,55.8,11.57,5,True,clear,morning,street_level
0f5c31e7-bd5b-40af-9f5a-e092d18d792a,60.0,1001.197,0.0504,0.117589,-0.418,1001.147,22.7985,-44.5053,35.6097,70.286136,0.5714,10.23,0.83,0,False,overcast,night,underground
54d8fb38-25d6-4321-8e01-3b313c465e57,60.0,992.344,0.0754,0.089772,-0.626,992.269,44.0819,-8.5103,37.1442,-29.690761,0.4785,21.86,-1.26,13,False,clear,morning,street_level
69c2fcf1-0c4d-426d-9953-465f4ed47495,60.0,1009.448,-2.5695,0.533122,21.327,1012.018,-9.1985,-8.3201,31.4334,42.803049,0.7047,8.04,-0.08,20,False,overcast,evening,street_level
6893f980-113e-491e-b780-1a7bdb26b379,60.0,991.539,-0.9397,0.178889,7.8,992.479,8.9538,-3.1822,55.1228,87.027081,0.9155,54.63,9.25,0,True,clear,morning,above
b26127e0-3a22-4cdf-9199-ff3f829d5ed7,60.0,1001.37,0.2786,0.479929,-2.312,1001.092,14.1534,-16.1078,50.2459,56.403481,0.9454,51.83,16.72,2,True,clear,morning,underground
97ea0ec3-faad-4cd8-81b0-2af9daf74756,60.0,1017.14,2.505,0.349534,-20.792,1014.635,4.7972,-4.9055,23.9728,0.738926,0.0,61.22,14.15,3,True,rain,morning,street_level
c0462b55-e121-470c-b739-de0b63301490,60.0,996.428,0.9363,0.56939,-7.772,995.491,0.3475,-6.9991,26.9314,58.802549,0.8431,54.4,4.64,0,True,rain,night,underground
f324f1b9-2b8d-44fc-a27c-4fbfb057263c,60.0,1018.318,0.6057,0.273077,-5.027,1017.712,16.184,13.109,7.1233,70.064501,0.5715,92.72,6.14,0,True,overcast,afternoon,underground
9ce41568-33fe-40a8-a0b2-5a635a2469f7,60.0,1017.485,-0.0288,0.056955,0.239,1017.514,14.7351,8.3493,42.3282,27.31601,0.4841,69.3,10.25,1,True,overcast,night,street_level
50a024d3-7117-4c4f-9e44-6ffe703e001a,60.0,991.512,-0.2558,0.380611,2.123,991.768,-3.032,-28.6946,31.8987,47.643929,0.4715,51.07,6.46,8,True,clear,evening,street_level
f50e0c59-9d6f-40bc-b81d-54374f81cbb8,60.0,993.321,0.6918,0.479564,-5.742,992.629,26.2364,-16.9179,69.5615,9.110358,0.6724,7.43,4.04,12,False,overcast,night,street_level
31d79ea3-1d1f-4fca-9acf-62d3b04d3f9b,60.0,1012.836,-1.184,0.419677,9.827,1014.02,15.6287,-4.099,24.6661,83.469276,0.5315,15.8,1.01,9,False,rain,morning,above
dcfc75db-90be-4f79-98c6-74246d82aa01,60.0,994.138,-1.2206,0.298183,10.131,995.359,22.8798,5.3694,20.2799,43.910149,0.3446,11.89,1.21,23,False,overcast,afternoon,above
33e5a694-c1b9-42f6-8197-7ed162eabb59,60.0,993.611,-0.9975,0.527659,8.279,994.609,22.1022,-6.107,54.3182,67.935256,0.9903,10.08,3.03,21,False,rain,night,above
17eca7ea-0ff5-4f98-9b50-b57672b537b0,60.0,1017.237,0.7994,0.266896,-6.635,1016.437,42.0066,-24.7493,34.113,84.291849,0.8714,61.75,12.99,1,True,rain,night,underground
c63b9deb-1a18-4223-ba59-e5d86c68061d,60.0,1011.231,2.0057,0.158688,-16.647,1009.225,35.6366,-28.2446,64.1256,73.626066,1.0,1.0,2.51,9,False,clear,evening,street_level
0154d05f-bff7-414c-9e90-81f256bec2ea,60.0,992.133,0.1121,0.286046,-0.93,992.021,8.9484,-11.76,42.9063,107.378484,0.6819,32.88,1.91,4,False,overcast,morning,underground
5ce7ffbe-40be-464b-be64-e7fd641744bc,60.0,992.158,0.4979,0.141109,-4.133,991.66,23.195,-7.6978,42.9047,19.208049,0.6013,58.23,13.34,0,True,overcast,afternoon,underground
2482013a-1cf2-4958-b741-d376904fc8bf,60.0,1002.894,-1.7334,0.345419,14.387,1004.627,27.9435,-24.1331,30.4136,34.767414,0.579,13.97,1.02,5,False,overcast,afternoon,above
36ba8b06-ff70-4c09-a072-13054929a1cb,60.0,990.568,-0.3808,0.354917,3.161,990.949,29.5656,-11.3301,46.5514,80.705365,0.4772,93.47,8.47,2,True,clear,morning,above
a808403b-990e-47c9-a0b8-8a3583759912,60.0,1003.892,0.971,0.599131,-8.06,1002.921,19.3221,-29.0369,56.7324,128.297792,0.8454,10.13,1.56,5,False,clear,afternoon,underground
d5944add-9dec-453c-a8c9-e425b4cf6995,60.0,1000.852,0.0629,0.136878,-0.522,1000.789,39.7924,1.4175,22.6838,35.757896,0.5437,60.8,11.22,4,True,overcast,afternoon,street_level
ba467c1f-ec4d-4523-9bd7-1e7cf6db6b20,60.0,998.624,0.8836,0.209605,-7.334,997.74,19.2483,-5.572,48.5783,26.114372,0.6758,30.05,1.98,0,False,rain,afternoon,underground
0656c622-e28e-44c7-a69d-33e54ae01d11,60.0,1004.103,0.2523,0.112609,-2.094,1003.85,48.6392,-15.4051,23.3805,20.341511,0.7301,80.04,12.45,0,True,clear,evening,underground
287526c6-6cff-45f3-943e-916e284cc947,60.0,1010.702,-1.3377,0.397651,11.103,1012.04,8.4222,-11.356,62.5818,116.30441,0.2352,1.0,0.13,16,False,overcast,evening,street_level
f484f186-1827-4bab-89d9-5cf6d20d5a57,60.0,1001.881,1.1689,0.57301,-9.702,1000.712,13.5615,-17.534,66.6847,50.620654,0.3504,21.87,5.91,10,False,overcast,night,underground
8991e281-8d0e-49a6-9be1-93fadfd164ba,60.0,1016.418,-1.2974,0.129483,10.768,1017.716,10.3272,-24.7942,38.0624,78.451351,0.8057,24.7,10.22,0,True,clear,morning,above
bc2dd24b-ac25-45ac-96fd-f9891b974f6c,60.0,997.324,-1.1746,0.492731,9.749,998.498,13.5899,-7.1559,54.7483,19.005402,0.4227,9.38,2.14,14,False,clear,evening,street_level
a97a8c8c-9ba9-4c40-9dbe-570ea2b892c0,60.0,1014.743,-0.0533,0.657573,0.443,1014.796,29.183,-19.6557,32.0851,99.718403,0.5327,31.28,4.74,0,False,rain,afternoon,underground
17c1da6a-d853-4d0b-b0a3-288fe12e1e63,60.0,1014.093,0.6058,0.472038,-5.028,1013.487,14.4813,-28.4038,43.8061,64.989793,0.5768,29.84,7.26,6,False,clear,morning,underground
d6b9b292-9c6e-4cfb-af30-fb899128bd13,60.0,1003.747,0.2421,0.203952,-2.01,1003.505,17.5907,-2.6613,57.7179,104.542997,0.4415,51.97,11.06,0,True,rain,afternoon,underground
7e5b28a5-e100-4f7e-919b-7d4bf63d305c,60.0,997.794,-1.2321,0.341444,10.227,999.026,8.0632,-7.9361,42.0159,66.039712,1.0,2.07,-0.49,19,False,rain,morning,above
e8c1c8d0-618c-498a-b75b-ed5a1f91f721,60.0,994.226,0.8335,0.256594,-6.918,993.392,54.4641,-0.8862,43.97,68.109913,0.7314,21.85,4.76,4,True,rain,morning,street_level
dd5e6962-3a55-4f06-85de-a791830e4529,60.0,1001.363,-0.4268,0.30145,3.543,1001.79,22.138,-6.5528,56.6223,85.572133,0.8881,57.65,11.15,2,True,clear,afternoon,above
f6abef45-2403-44cf-a57d-36f41f516bf6,60.0,1009.729,1.6919,0.461094,-14.042,1008.037,44.7511,-31.7011,44.8431,21.841065,0.4392,16.73,1.37,20,False,rain,afternoon,street_level
fa849ae8-deb5-4fb3-b681-54f278755524,60.0,997.375,0.5625,0.25104,-4.669,996.812,31.204,4.7293,38.7291,56.214551,0.5955,54.93,14.22,0,True,clear,night,underground
314c7fda-9b8b-402f-bdcc-1f467774e49d,60.0,1003.638,-0.5608,0.390831,4.655,1004.199,27.1805,-28.7673,53.5195,64.899308,1.0,8.97,2.98,9,False,overcast,night,above
7d03580e-5ae6-47e4-9d04-7e7a1e7ae426,60.0,1011.791,0.182,0.528413,-1.511,1011.609,10.1485,-24.2712,40.0912,86.98278,0.6936,41.34,10.34,0,True,rain,morning,underground
8ee0f79a-adec-4d9f-9564-4c3cfb149766,60.0,1010.227,-1.1273,0.497003,9.356,1011.354,32.4945,-25.6181,30.5823,77.139529,0.2619,21.45,1.72,17,False,clear,evening,above
00373b94-582c-4327-a34a-8ee215705eba,60.0,997.843,1.0124,0.401378,-8.403,996.831,27.0151,12.8841,30.9148,69.939869,0.4073,74.28,9.37,0,True,clear,afternoon,underground
e45d47e5-a21c-4ad9-94f1-d5e2eed20f4f,60.0,1016.331,0.0838,0.117257,-0.695,1016.247,5.6385,9.5575,60.6693,46.208875,0.7871,40.74,2.49,6,False,overcast,night,underground
92c465aa-796a-4f56-91f8-d8f702c27fcf,60.0,1012.802,-0.7751,0.158568,6.433,1013.578,31.7865,-19.9252,58.1952,111.809268,1.0,57.08,11.38,6,True,rain,morning,above
7c5727c8-0538-4368-8e1f-d79edc1c5e71,60.0,993.831,0.0519,0.443476,-0.431,993.779,19.4552,-26.6362,38.199,77.712518,0.8934,13.3,5.32,10,False,rain,evening,underground
f50c443b-aae2-4620-8729-3dabc4a457d1,60.0,1015.102,-0.4243,0.393701,3.522,1015.526,30.1922,-19.8405,37.5674,24.569664,1.0,22.33,0.77,10,False,clear,night,street_level
a9db3d7e-dc23-4e3e-89a5-6f66803d8241,60.0,1002.345,-1.57,0.499185,13.031,1003.915,9.5904,-0.1709,26.1572,38.361449,0.3667,16.76,1.76,17,False,rain,afternoon,above
1c743464-d64e-465f-b754-7c25159871c7,60.0,1012.755,0.3833,0.29255,-3.181,1012.372,3.64,6.494,42.6783,75.879894,0.6505,75.97,12.41,0,True,clear,night,underground
5cd4d8e1-af31-4de0-886c-4aa78280e2a1,60.0,995.9,-3.655,0.402996,30.336,999.555,17.2445,-17.6971,52.8528,32.209096,0.369,5.98,1.41,18,False,overcast,evening,street_level
6dd46caf-235d-4d8e-aa48-efabfaa269b6,60.0,1006.047,-0.3617,0.328191,3.002,1006.409,6.1582,-31.769,40.7189,35.414077,0.6678,13.02,3.11,12,False,overcast,night,above
4c05672b-d8f2-4b15-ac1c-eaad2dc7d782,60.0,1001.49,-1.4072,0.234124,11.68,1002.897,9.7215,-27.2185,29.8399,54.428824,1.0,63.14,11.05,3,True,rain,morning,above
8e11eb51-c37e-4f52-83ac-317942aaa17c,60.0,993.193,-0.6894,0.270296,5.722,993.882,-1.4777,-31.118,45.7093,52.216934,0.8466,32.29,6.8,0,True,clear,afternoon,above
2ac80129-6233-48ba-9c71-86ccf499143c,60.0,1008.702,0.8725,0.180349,-7.241,1007.829,51.9202,6.5395,25.6581,11.412221,0.0,6.34,1.57,18,False,clear,morning,street_level
babd7bc8-cca2-4c55-82a4-9a1a1f729a6b,60.0,1002.177,0.0104,0.020806,-0.087,1002.166,18.7216,-6.961,35.7089,45.633571,1.0,28.32,1.97,12,False,clear,evening,street_level
a26dff0f-a963-4838-a7f6-7205edad1a59,60.0,1014.591,0.0391,0.090021,-0.325,1014.552,8.7186,-31.5804,40.9605,38.428739,0.4846,18.07,-2.29,10,False,clear,morning,street_level
6588f071-cfe7-4db1-9ba8-21f2333a3215,60.0,1007.625,1.4824,0.291713,-12.304,1006.143,5.5738,-9.2936,53.2221,26.55865,0.6535,31.02,11.09,0,True,clear,night,underground
4b458a02-cfa9-451a-9cf3-13730fa1f032,60.0,1008.939,0.6651,0.263762,-5.52,1008.274,5.4954,-6.4218,42.0782,83.8087,0.4798,11.35,5.56,4,False,rain,morning,underground
23a31ff0-597d-464c-89a0-a99b2507943d,60.0,1015.275,-0.1356,0.096597,1.126,1015.41,19.8152,2.5258,28.5476,9.371368,0.7489,13.88,1.92,14,False,overcast,evening,street_level
a7a84306-6fb2-4dd8-a835-86b687bb98a4,60.0,1011.269,1.1914,0.691031,-9.888,1010.078,2.8053,3.8783,44.5043,46.202273,0.8034,54.97,11.7,0,True,clear,afternoon,underground
3c148889-8d0e-40fe-be57-b6c332d0b612,60.0,1009.465,0.368,0.170644,-3.055,1009.097,-13.598,-4.9075,29.5132,13.025476,0.4058,83.74,-2.84,3,True,rain,evening,street_level
1d0ad8dc-5378-4724-a28e-99864d2f2931,60.0,1004.015,-0.4055,0.181349,3.365,1004.421,-4.7202,0.3665,31.5475,7.910173,0.7562,7.13,1.63,13,False,overcast,evening,above
eda6b614-3ad1-47f1-bb6e-28084c55725e,60.0,1002.255,-1.0205,0.255523,8.47,1003.276,27.2722,-8.691,30.2123,91.5286,0.5087,10.61,3.24,15,False,clear,morning,above
c7d3a1ad-f148-40b8-af68-9075ac14ddd4,60.0,1009.96,0.4213,0.099109,-3.497,1009.538,62.2343,-13.3643,41.6343,38.429205,0.7337,59.67,11.97,3,True,overcast,night,street_level
970b19eb-6e07-4f0f-9fe7-4bcfcceda947,60.0,1011.841,-1.4606,0.196496,12.123,1013.301,23.2606,-8.1208,62.0032,90.664672,0.3349,1.67,1.28,11,False,rain,afternoon,above
6532c3b5-a0fd-4ba8-814c-8e0c60045eae,60.0,995.566,-0.2029,0.103702,1.684,995.769,46.281,-0.6638,37.1011,38.958475,0.3721,5.43,2.55,9,False,rain,morning,street_level
1ee0dcd7-327b-4603-a678-38ff0a3bf826,60.0,989.641,-1.8689,0.433013,15.512,991.51,25.6323,-7.9501,57.4854,34.990526,0.7149,2.13,-0.61,8,False,clear,evening,street_level
f3ccd9c1-16d2-4774-b6e1-5644af0ef447,60.0,1014.094,0.3344,0.306763,-2.776,1013.759,27.36,-21.7077,20.3598,88.825913,0.6535,52.08,11.31,0,True,clear,morning,underground
9a3ff852-8a8e-4c4f-9198-c94a582b1bbc,60.0,996.348,-1.0185,0.317505,8.454,997.366,55.3728,-8.9854,41.3147,75.509247,0.6451,52.68,10.36,0,True,rain,night,above
7313ee50-1d06-4831-a4c7-302aa86192a2,60.0,1004.902,0.4314,0.258529,-3.581,1004.47,28.2431,-15.4117,52.5891,62.62261,0.7427,73.64,9.74,0,True,clear,afternoon,underground
19b43214-577a-45e4-8d64-70fadb8df549,60.0,1018.03,0.4253,0.57095,-3.53,1017.605,33.4092,-37.6089,70.3301,54.593755,0.817,55.67,11.36,0,True,clear,afternoon,underground
44bb37a4-3916-4d07-80ad-a2b344772ba0,60.0,1003.212,-0.9028,0.190077,7.494,1004.115,14.2007,-14.9075,23.0954,97.976483,0.1993,23.39,10.88,1,True,clear,evening,above
126875b0-a2b8-448d-8444-0289c76ce1e8,60.0,995.75,0.0399,0.692139,-0.331,995.71,45.8661,-14.8435,13.0525,72.663819,0.8333,52.88,12.11,0,True,overcast,morning,underground
e2bf4403-95db-464b-8a51-4f025ebfc8a0,60.0,998.698,0.5057,0.626822,-4.197,998.192,21.0471,-5.8792,32.5867,98.868807,0.895,74.57,11.64,1,True,clear,night,underground
599f3795-d705-47e8-a7ac-367b4d5af559,60.0,996.635,-0.2347,0.066124,1.948,996.869,-5.9336,-0.65,16.211,12.662473,0.2125,22.24,8.69,3,True,clear,morning,street_level
237e0cd2-9874-48a5-a9af-53241c8d225c,60.0,989.881,-0.5158,0.158065,4.281,990.397,37.891,-20.8831,56.6266,45.280271,0.4823,49.66,13.03,1,True,overcast,evening,above
8cbe101d-dfc7-4c21-b76a-4d82544554c6,60.0,1007.19,0.3302,0.04871,-2.74,1006.86,5.3469,-8.6189,40.4392,69.947169,0.2643,69.97,6.2,0,True,overcast,afternoon,street_level
41a05325-0f1b-492c-a530-d2ad95d0e440,60.0,991.248,-0.5051,0.139719,4.192,991.753,26.4936,-0.1003,35.1277,25.01449,0.8442,19.66,0.36,16,False,clear,morning,street_level
486fdaa0-83c3-446e-8f14-b41310c6d6ee,60.0,991.983,1.0734,0.476267,-8.909,990.91,29.8689,-16.592,52.6927,98.643342,0.991,94.09,13.63,0,True,overcast,evening,underground
575c09f1-1f7d-4140-a054-8aa948e55d5f,60.0,1011.583,0.7015,0.205342,-5.823,1010.882,0.2466,-1.4985,9.1073,103.918471,0.6526,7.58,2.08,10,False,rain,evening,underground
9e375817-a81f-45d6-8774-3a9731940d2f,60.0,1000.403,-1.0542,0.185648,8.75,1001.457,8.9404,-8.8659,45.2737,63.796196,0.5252,18.47,10.05,6,True,rain,night,above
9f49b2c5-3128-4620-961d-98da714fef41,60.0,1003.131,0.5631,0.607172,-4.674,1002.568,12.7638,-10.6182,9.3042,46.146981,0.439,21.94,5.85,7,False,rain,night,underground
d2768c05-849b-4c37-a540-239e5671081d,60.0,998.907,0.0055,0.261967,-0.046,998.901,15.235,-22.6212,40.9915,65.847702,0.2807,26.44,3.36,12,False,rain,evening,street_level
956f2f15-15dc-41a7-9b1a-94352080ccef,60.0,992.058,-1.4273,0.177212,11.846,993.486,26.6203,-3.8973,30.2421,90.824157,0.7819,7.48,0.34,9,False,rain,night,above
f43bb873-75da-4c1e-b6c4-8f6eec971574,60.0,1004.433,-4.7684,0.296884,39.578,1009.201,-4.2992,-7.195,54.3111,62.514143,1.0,21.08,5.38,7,False,rain,morning,street_level
b9d0a99e-c7ff-4b4b-8b99-9f4c6ae822c8,60.0,1004.629,-0.056,0.106692,0.464,1004.685,20.3073,-22.3826,48.4432,21.928507,0.065,11.57,2.46,11,False,rain,afternoon,street_level
fa461d18-6ab0-4680-8a02-3ed81af68d8c,60.0,1010.058,-1.1618,0.371751,9.643,1011.22,5.4212,-22.2712,22.3788,80.725547,0.9302,38.28,6.04,0,True,clear,evening,above
072888b1-fed1-4db2-8527-2aaf4cd3ee71,60.0,1015.668,-0.3245,0.674426,2.694,1015.993,20.4595,6.0154,23.9131,95.574096,0.3905,1.0,11.83,0,True,clear,afternoon,underground
caf13917-e838-4f02-b66d-d73fd6d171de,60.0,1016.132,-0.9365,0.176112,7.773,1017.068,-2.2641,11.306,72.3958,49.491064,0.168,6.01,0.7,16,False,overcast,night,above
7e9ba0ff-2810-42d4-83a8-a65e8b702e82,60.0,993.174,0.4655,0.199338,-3.863,992.709,34.1104,-7.7747,30.2495,59.210091,0.5297,18.63,3.13,8,False,clear,morning,underground
ce67252d-3503-4ace-9c93-ef658a4f201b,60.0,1003.689,0.1107,0.015382,-0.919,1003.579,18.5436,-49.102,72.8356,23.267545,0.3977,15.52,2.32,24,False,rain,morning,street_level
ae27f207-b000-43e7-aee4-a0992401a675,60.0,1006.88,0.6894,0.199324,-5.722,1006.19,5.7655,-1.6869,42.9593,28.839568,0.8011,83.88,17.5,0,True,overcast,night,underground
9818c8a1-5a8d-467a-97bb-dc09ad0d2dd2,60.0,1006.947,-0.8094,0.25929,6.718,1007.756,21.433,-20.1794,47.515,62.982105,0.979,2.17,2.53,12,False,clear,evening,above
ca984c75-3317-4f5d-b2e0-58b0657732c8,60.0,994.747,-1.6251,0.263226,13.489,996.372,43.3863,-14.4662,53.4553,41.666822,0.8475,12.9,3.01,12,False,rain,evening,above
79c289f4-de26-4ea8-a31c-2357d33e0a58,60.0,1006.96,0.1346,0.377231,-1.117,1006.825,34.3076,-9.2826,40.385,46.067418,0.5021,17.88,3.48,11,False,overcast,night,underground
ea81b824-91f8-4ba5-b37d-78ba6efaec0f,60.0,1002.06,0.389,0.270484,-3.229,1001.671,12.4748,-34.0689,50.1799,91.964167,0.682,27.49,4.98,4,False,rain,afternoon,underground
757583e4-9d03-431a-8efd-b2c7b4446b9a,60.0,1008.197,-0.0717,0.128138,0.595,1008.269,8.9579,2.9099,48.4626,57.989879,0.5917,17.65,1.91,19,False,overcast,evening,street_level
3bb6ef63-ed10-47ec-85d8-b7e65aca6a53,60.0,1009.369,-1.3057,0.520656,10.838,1010.675,-7.0078,-9.2172,56.2499,34.601959,0.7485,94.05,13.02,0,True,clear,night,above
5d041a7d-aa79-471d-b794-5e31a18e074f,60.0,1010.245,0.5125,0.36156,-4.254,1009.733,17.6206,-8.0922,81.2386,89.997996,0.9377,67.18,13.06,1,True,overcast,evening,underground
d88bda7b-79e9-4a67-8a75-4284fd9b0afc,60.0,1012.036,0.0584,0.642281,-0.485,1011.978,15.4565,-29.9665,66.5465,65.478978,0.3662,47.74,11.75,0,True,clear,morning,underground
6713ae16-7772-4c52-8992-5739b6f91da3,60.0,999.186,0.1036,0.133681,-0.86,999.083,-11.0447,24.248,45.3015,39.697625,0.8356,50.47,9.64,0,True,overcast,afternoon,underground
55abd7a6-98cf-424d-bd7c-cb8fb7e18b06,60.0,999.372,0.0862,0.605538,-0.715,999.286,52.1709,-9.7753,39.9817,97.948134,0.6422,58.93,11.38,0,True,overcast,afternoon,underground
dfc2abb1-b193-452d-bc1a-030c8f534d51,60.0,1004.714,-0.5212,0.581528,4.326,1005.236,23.7689,-10.2376,12.0596,45.647545,0.9542,2.92,1.02,10,False,rain,afternoon,above
693fe4bb-b02c-46d5-87dd-21f3428e8931,60.0,1005.324,0.3376,0.623388,-2.802,1004.986,27.629,-25.8771,24.1078,79.846548,0.7811,18.37,2.6,6,False,rain,evening,underground
268fbd2a-033b-4beb-a298-ae67233708e8,60.0,995.704,1.4735,0.160433,-12.23,994.231,5.6283,-2.145,11.1154,24.988473,0.5022,16.49,2.52,12,False,rain,morning,street_level
2f8161b1-d0a9-4370-8fc8-402da44becdc,60.0,999.344,0.0445,0.187759,-0.37,999.299,27.5174,-28.4588,8.3703,104.780703,0.826,15.35,5.48,4,False,clear,afternoon,underground
bcec2264-3b76-4227-812f-6e6a8a4961b4,60.0,1002.068,0.6953,0.389587,-5.771,1001.372,28.3099,-6.2659,76.5008,115.554566,0.3951,23.57,5.15,14,False,overcast,morning,underground
dc5d664e-6bc3-459f-9ce4-68a2f642b5cf,60.0,1004.172,-0.7947,0.148897,6.596,1004.967,18.4747,21.3433,39.9477,28.788727,0.3025,18.38,-1.82,17,False,rain,evening,street_level
5dd19ebc-370d-4d60-80b8-388228923b41,60.0,990.506,-0.0397,0.115218,0.33,990.546,24.2347,-50.1904,60.3507,40.73417,0.3225,20.3,11.06,5,True,rain,evening,street_level
3c1c3d51-d8c2-4028-8c0a-2f2601fe0753,60.0,1000.917,-0.6887,0.349923,5.716,1001.606,34.145,-17.1835,69.4383,42.75127,0.8785,15.94,2.95,7,False,clear,morning,above
c1367c39-adf7-49cd-9bef-9104a8db6a37,60.0,1014.695,1.3968,0.341264,-11.594,1013.298,13.0618,-17.588,58.5965,93.274876,0.6338,11.74,3.27,8,False,clear,evening,underground
dac2b97c-2a2f-466a-af34-1b11f1512972,60.0,1007.658,0.3504,0.654516,-2.908,1007.308,30.3996,-2.492,44.8278,102.011784,0.6508,95.44,13.97,0,True,overcast,afternoon,underground
cd7c03dd-0fad-49e6-b99a-58ce7c7fae1b,60.0,1009.716,-0.182,0.124795,1.511,1009.898,5.7009,-10.862,40.4908,26.31255,1.0,9.99,2.31,9,False,overcast,evening,street_level
507fa441-6c7a-40cb-b13e-8fece3f4204c,60.0,999.217,-0.4245,0.110017,3.523,999.641,26.9174,3.1533,22.5029,-4.568559,0.098,35.51,4.1,1,True,overcast,afternoon,street_level
031796fc-96ca-44a3-a4cc-a067dcab93be,60.0,1007.352,0.6455,0.281285,-5.358,1006.706,19.5993,-11.4099,30.8159,28.472912,0.6642,29.46,-0.53,9,False,overcast,morning,underground
613e4314-18ad-4dfa-8e27-7043d5f3e6a4,60.0,996.901,1.2497,0.532777,-10.373,995.652,10.6139,-13.012,20.1127,71.827942,0.7323,20.09,4.1,10,False,clear,morning,underground
715e465c-1fb3-4659-9ec2-f6dc7b98f45e,60.0,992.481,0.11,0.477851,-0.913,992.371,27.2545,-8.7314,34.3361,58.119332,0.5952,1.0,4.36,5,False,rain,afternoon,underground
274c424b-6c17-4915-bf2b-3175b9bb1470,60.0,994.969,-0.9196,0.324537,7.633,995.888,10.5692,-13.9842,24.8822,59.855298,0.6171,61.53,9.09,4,True,overcast,night,above
ef7494a0-cf41-404f-9803-5001ce567597,60.0,1015.598,0.5569,0.319453,-4.622,1015.041,20.6002,-25.3737,50.9656,63.784762,0.5643,69.65,14.24,0,True,rain,morning,underground
1a31971e-4884-4cc5-b240-86a00b4a8deb,60.0,992.893,-0.1186,0.185355,0.984,993.012,33.1395,4.4236,8.1414,64.968256,0.7999,60.55,13.94,0,True,rain,evening,underground
b3c29f59-bb46-4406-a4ff-e1d46b79af86,60.0,1013.866,0.053,0.698729,-0.44,1013.813,36.8678,-4.2735,69.6056,10.265604,0.0246,66.49,5.97,3,True,overcast,night,street_level
034f45a3-94ea-4cba-93ae-f98d62bc042b,60.0,990.764,-0.4761,0.414901,3.951,991.24,22.9534,-14.6305,34.5948,117.752209,0.7745,10.65,2.52,10,False,rain,afternoon,above
ed7d4a64-dac0-4f55-864e-a7de62ddf708,60.0,1000.278,-0.8151,0.429921,6.765,1001.093,17.8392,-1.4424,40.6125,65.370579,0.5554,73.56,2.55,3,True,clear,evening,above
ed363411-99da-4873-9df8-58660dc82025,60.0,1008.488,1.7258,0.294265,-14.324,1006.763,15.4129,10.836,55.457,43.548633,0.6823,13.33,4.41,16,False,rain,afternoon,street_level
1d8b2264-4640-4545-8668-34d028167b08,60.0,1000.019,0.9326,0.235724,-7.741,999.086,14.4494,-2.2302,46.757,94.250157,0.496,66.7,15.38,0,True,rain,morning,underground
85002676-8764-4624-9a26-5300213b397b,60.0,994.588,0.1734,0.25535,-1.439,994.415,-12.9846,-20.0303,41.0902,66.289981,0.3114,47.16,15.74,0,True,overcast,night,underground
81880a54-1932-4e45-b2e9-7c6f4234c3e8,60.0,992.843,-0.3938,0.204319,3.268,993.237,17.167,-14.9154,24.9337,80.148238,0.9771,6.18,3.38,14,False,clear,night,above
8b0373de-80c1-4f80-8a0e-157c90145188,60.0,997.236,-0.108,0.483213,0.896,997.344,7.6404,9.2726,31.35,61.817898,0.8875,18.14,-0.61,3,False,clear,afternoon,underground
8a1968af-ede5-48c7-aaac-1a53231fcf7d,60.0,995.758,-1.321,0.575896,10.965,997.079,27.5893,-10.174,42.6107,46.91817,0.6227,47.67,9.81,2,True,rain,evening,above
a4aa5526-699b-48a2-b6db-f685728a87d3,60.0,997.457,-1.7719,0.396031,14.707,999.229,36.7322,-44.856,56.6713,41.303381,0.9021,12.26,1.45,12,False,overcast,evening,above
76f823ad-025c-481d-99b5-ba2d05338990,60.0,999.229,0.9989,0.208098,-8.291,998.23,26.6781,-14.2874,11.7903,86.180834,0.7419,48.66,12.02,0,True,rain,night,underground
3fa9b1f1-02c5-479a-a28c-87e6bf475028,60.0,1002.116,0.0992,0.582426,-0.823,1002.017,6.0517,-27.0001,64.3155,106.574639,0.6686,56.25,13.56,1,True,rain,night,underground
924acc05-cd6a-4f2f-9630-505c1fd8273a,60.0,996.743,0.3402,0.518605,-2.824,996.403,13.3668,-31.3878,28.8131,96.676612,0.6127,24.04,3.99,6,False,clear,morning,underground
e2d2a5ee-4608-4fda-adc6-e0951fef8191,60.0,996.429,0.2261,0.368948,-1.877,996.203,29.9427,-1.2764,48.9992,50.804002,0.9731,79.26,8.23,0,True,clear,afternoon,underground
289be35f-f851-4071-8a41-942998c5e43e,60.0,1015.766,-1.2322,0.102188,10.227,1016.998,6.2619,-4.4619,38.9367,33.638873,0.7903,57.2,10.64,7,True,rain,afternoon,above
09b18705-0343-403b-a94d-b6776d9290d2,60.0,1014.853,-0.9839,0.169792,8.166,1015.837,39.3326,-0.3629,28.8749,67.086724,0.682,62.01,15.2,0,True,overcast,evening,above
bff7ec98-d9f5-4032-9f8b-4d2f7f9fa80f,60.0,1014.087,-0.2287,0.04005,1.898,1014.315,6.4182,-0.2318,21.0055,21.029132,0.347,21.61,0.8,15,False,overcast,evening,street_level
79a48014-56d0-4827-85b9-a3ea40e79f8f,60.0,1002.61,0.2655,0.062727,-2.203,1002.344,-13.5481,-24.791,38.6981,24.18285,0.5468,38.85,14.07,5,True,rain,afternoon,street_level
bbefcb4b-7fb8-4b62-a662-9746e008c495,60.0,1015.636,0.8955,0.361385,-7.433,1014.74,16.5281,-7.3146,17.687,88.001723,0.7408,73.81,12.21,0,True,overcast,morning,underground
b58b5f93-1e44-4376-946b-7d0fd3c10483,60.0,1010.854,-0.1275,0.545333,1.058,1010.982,13.4206,-14.0343,27.6183,83.375256,0.5977,62.88,14.65,0,True,overcast,night,underground
4bd9ded9-40c2-4437-9c53-96c447be3b17,60.0,1001.787,0.206,0.054,-1.71,1001.581,32.1871,-6.484,43.9896,11.499704,0.8273,31.47,6.5,3,True,clear,morning,street_level
337a8d7c-5751-4da4-ad9f-b2c0da54ba33,60.0,994.373,0.0822,0.307606,-0.682,994.291,15.5429,-7.509,28.9971,52.814819,0.7034,44.01,9.95,0,True,overcast,morning,underground
b736cdb7-28cf-4208-8e11-590dc8b2921f,60.0,1017.916,1.3763,0.67033,-11.424,1016.539,0.9044,-25.7437,54.2304,88.140178,0.887,13.23,6.26,6,False,overcast,morning,underground
644f86b4-e646-4f52-8dcd-4777abc5db97,60.0,995.846,0.9846,0.552925,-8.172,994.861,15.457,5.852,21.2232,78.056698,0.6675,117.19,13.47,0,True,overcast,night,underground
5411e6dd-1624-48a1-b2f2-3f1676e82119,60.0,1000.964,-1.2533,0.322376,10.402,1002.217,15.9042,2.2012,30.1942,80.207393,0.736,44.74,11.24,3,True,rain,morning,above
8fa3a7f0-70ed-4896-83e8-c63b73a6995a,60.0,1017.288,1.8456,0.202605,-15.319,1015.442,14.6824,-3.4654,-10.3316,27.759972,1.0,54.1,5.49,1,True,overcast,morning,street_level
960407c4-bf97-4e18-98d4-bf3518273186,60.0,990.697,-1.0202,0.491674,8.467,991.718,14.4603,-32.7896,80.8696,69.236073,1.0,15.89,0.61,12,False,clear,afternoon,above
e417058a-5056-4b19-9b07-8037f09780d4,60.0,993.768,-0.4398,0.208783,3.65,994.208,1.9605,-17.1363,13.9873,87.914705,0.823,53.22,7.23,0,True,overcast,night,above
f13b414a-9aed-4716-81df-56bee7b30432,60.0,1012.255,0.1107,0.120351,-0.919,1012.144,27.58,-22.8977,55.5812,83.054225,0.6465,53.18,12.34,8,True,clear,afternoon,street_level
ba6600ae-6e99-48a6-acd6-0b3cbae5fb70,60.0,1016.619,0.2013,0.610947,-1.671,1016.417,18.9933,-6.9724,40.0923,79.166664,0.5837,10.35,3.93,6,False,overcast,evening,underground
806db58e-b988-4b82-91af-ec7141da1cf1,60.0,997.925,-1.3945,0.428494,11.574,999.319,-5.0856,-3.3251,31.5589,78.486814,0.5002,49.88,9.75,0,True,clear,night,above
679c6a58-8079-445c-a0ed-3ca8c8fe9bf6,60.0,1010.664,0.0221,0.441187,-0.184,1010.642,19.4016,13.5916,45.5282,90.880557,0.7341,71.42,9.36,2,True,overcast,afternoon,above
a7c50b2a-aecb-4f03-867e-29c1d03ccbdf,60.0,992.399,-0.2032,0.429602,1.687,992.602,37.4254,2.4984,52.2812,40.906789,0.0,64.19,6.57,2,True,clear,morning,street_level
7dd43fdc-e827-4973-8793-37c809f9b7f4,60.0,991.511,0.2757,0.085817,-2.289,991.235,33.2571,-17.2903,34.9019,47.945471,0.5131,9.33,-0.14,0,False,overcast,morning,street_level
61d97bc1-3eaf-4080-a771-e5e335b9b144,60.0,991.427,-1.8581,0.548678,15.423,993.285,18.6461,-15.753,40.8012,77.224874,0.7722,22.74,10.44,0,True,clear,afternoon,above
bb8b2f5d-2e70-40c7-a19a-e9216e40ea3e,60.0,995.346,0.0407,0.126489,-0.337,995.305,-2.209,-14.2251,56.026,17.371296,0.7281,1.4,0.64,14,False,clear,night,street_level
b0ea1de2-07a7-4d92-9a42-b363365cf44b,60.0,996.947,-0.1234,0.541811,1.024,997.07,27.12,-14.6837,36.5825,72.899966,0.605,13.04,2.86,17,False,overcast,night,street_level
02d98a9e-7905-4535-9a4a-27f2227bde70,60.0,1016.197,-0.0613,0.560479,0.508,1016.258,7.6007,-26.526,33.0432,106.173562,0.8217,83.15,10.95,0,True,clear,morning,underground
94075c3c-11ba-4cf6-b24b-e58c8901bed2,60.0,1002.32,1.0262,0.550943,-8.518,1001.294,38.7293,-7.8625,38.7311,52.392513,0.2366,27.63,10.25,0,True,rain,night,underground
3263d96e-2621-4a81-8890-51b28a43ce51,60.0,1011.464,-1.9352,0.531919,16.062,1013.399,37.346,19.4391,56.412,47.2781,0.3044,24.71,3.79,15,False,clear,evening,street_level
71ef61d1-c6d0-414c-8c3e-28f20863d671,60.0,1014.821,-0.8931,0.125282,7.412,1015.714,22.2166,-29.3399,9.8843,69.769859,0.6155,40.28,12.22,0,True,overcast,night,above
6632b198-5002-4e3a-880a-3be4b7509251,60.0,1008.858,0.1124,0.180135,-0.933,1008.746,25.8434,-8.128,31.4278,52.799242,0.765,8.09,2.42,20,False,overcast,morning,above
1256a7e9-76e5-4ea8-9c6b-987b349eb93c,60.0,997.461,0.4289,0.280978,-3.56,997.032,21.5258,-3.001,56.2581,78.855515,0.9649,38.5,12.93,0,True,clear,morning,underground
749d62fd-274b-4beb-b5ab-a902ad25b20f,60.0,998.112,2.7838,0.649347,-23.106,995.328,17.2637,-25.4205,40.9106,90.239579,0.9736,25.38,7.28,3,True,clear,afternoon,street_level
d5e92ce9-8e27-42ea-8e21-300c7f849edb,60.0,1015.302,-0.0518,0.076281,0.43,1015.354,33.2888,-3.8932,47.6924,13.022183,0.5669,17.54,-0.09,9,False,overcast,afternoon,street_level
f4b8de2d-3fd2-4517-9d79-ffd172f42ce7,60.0,1002.081,-0.2189,0.616617,1.817,1002.3,-15.8204,10.4861,38.4473,28.309917,0.6755,5.87,2.24,8,False,rain,evening,underground
7256868c-17a1-4850-a00e-893fed6bc913,60.0,998.306,-0.3225,0.581853,2.677,998.628,12.8423,-42.7728,21.7489,51.114649,0.6978,31.16,10.27,0,True,overcast,morning,underground
68e525ad-d160-4ec8-82c5-9b16699b86d1,60.0,1005.822,-1.1876,0.233965,9.857,1007.01,25.8344,-25.2949,48.861,35.367686,0.7834,8.8,7.46,2,True,rain,evening,above
36e8fa59-f7b2-43ad-b1cb-7b0581f70cdb,60.0,995.875,0.0154,0.441514,-0.128,995.859,9.7628,-38.5727,38.5684,27.009322,0.5067,10.98,2.39,14,False,rain,night,above
3d9a4b67-9662-45bd-971c-e99d2c2cf410,60.0,992.872,0.4079,0.491842,-3.386,992.464,12.3369,-28.505,54.6098,8.698671,0.792,10.22,3.33,7,False,overcast,morning,underground
347bc4fe-88a6-4847-a735-1e65c4b5f192,60.0,1013.503,0.7592,0.250096,-6.301,1012.743,4.8913,-60.0394,51.3898,45.040679,0.7071,36.04,3.09,14,False,rain,night,underground
b9e5a3be-0f76-4fcd-a450-c081d01778d4,60.0,1008.907,0.1539,0.508346,-1.277,1008.753,6.3709,12.791,43.3618,40.964901,0.5574,10.18,2.23,14,False,clear,evening,street_level
ad96dade-0822-4e51-9b42-76addbb679e9,60.0,993.601,0.9946,0.309228,-8.256,992.606,6.6856,-5.5197,44.4961,65.961779,0.4661,83.62,14.47,0,True,clear,night,underground
0c263711-c115-4822-8f9b-2dad5c37bac5,60.0,1017.65,-0.0147,0.143868,0.122,1017.665,28.9824,5.3264,24.24,14.472761,0.6987,29.62,9.72,2,True,overcast,evening,street_level
9b95e308-096c-424b-b42f-1df4064b76a8,60.0,1008.975,-1.6691,0.12714,13.853,1010.644,36.3815,-4.2647,12.0765,32.590707,0.5747,11.07,-2.32,13,False,overcast,night,street_level
3ca8e774-b563-44b6-b5aa-c358c4b81fe3,60.0,1007.535,0.0393,0.13887,-0.326,1007.496,11.793,-16.7905,30.0013,33.374527,0.1696,8.77,2.69,15,False,rain,afternoon,street_level
fa038f26-4ab0-40b2-a157-70129c76119d,60.0,1011.259,0.7435,0.181153,-6.171,1010.515,20.4956,-33.572,36.3791,88.395794,0.7689,83.08,8.81,1,True,overcast,night,underground
c58f9f6f-3683-488b-a37b-090c58232628,60.0,992.593,-0.2419,0.369306,2.008,992.835,22.0878,-2.4322,44.2435,46.111918,0.3338,74.85,9.63,0,True,clear,afternoon,underground
70d3e502-e404-4514-994d-a05f23937871,60.0,1016.38,0.3341,0.257488,-2.773,1016.046,32.7902,-4.5789,45.334,12.074984,0.8277,89.85,11.12,0,True,overcast,afternoon,underground
f5ed7eb7-68d9-4123-aba7-6b24cce1cd0d,60.0,1011.869,0.0414,0.136635,-0.344,1011.827,0.2367,-16.8097,21.5672,70.9631,0.7326,30.92,3.75,8,False,overcast,night,underground
7e87e092-38f8-4fa5-85df-2ecadcf854a0,60.0,1003.27,-1.5769,0.556335,13.088,1004.847,19.3015,1.1022,78.434,16.610288,0.4129,34.34,10.38,3,True,clear,afternoon,above
9508e7f7-6003-4b00-8620-88f3cbc196de,60.0,991.317,-0.4132,0.505708,3.43,991.73,19.3798,17.5856,46.0025,55.221907,0.5196,4.25,2.13,14,False,clear,evening,above
b57ab775-7ad6-4d23-9fcb-bbe19182ca3d,60.0,1007.222,-1.3494,0.208036,11.2,1008.572,51.7312,-15.5253,41.3358,56.513494,0.5678,9.13,1.71,15,False,overcast,evening,above
4b5bb3db-de69-4ed2-ab0f-509df7c263de,60.0,992.503,0.2635,0.285013,-2.187,992.239,9.2577,12.351,37.2436,114.573169,0.459,55.68,14.61,0,True,overcast,afternoon,underground
dd6bfff8-bc74-4024-9b96-6dba9eb6251d,60.0,1015.241,0.8981,0.342469,-7.454,1014.343,44.5973,-16.476,49.7341,80.748218,0.5234,13.97,6.99,0,True,overcast,evening,underground
2129398e-2e2c-4852-ac61-a796d3affae2,60.0,995.743,1.0057,0.583875,-8.347,994.737,-7.1704,-20.1082,13.6233,66.219335,0.8037,69.34,16.25,0,True,clear,night,underground
54c0f9a3-c652-4abd-bf46-4b290dae7256,60.0,1017.782,0.0722,0.150264,-0.6,1017.71,18.6135,0.7062,52.9465,88.126004,0.9371,28.8,4.14,12,False,rain,afternoon,underground
6685240d-6539-4609-b591-85e25273f3a1,60.0,991.009,-0.2004,0.380986,1.664,991.209,34.0225,-27.5659,39.9768,33.063383,0.7745,8.59,0.54,16,False,overcast,evening,above
66d48c15-bdea-449c-b401-e48ebe2c1452,60.0,992.986,0.1238,0.073868,-1.027,992.863,68.0268,-26.031,44.0856,23.94735,0.0816,16.45,-0.18,10,False,overcast,evening,street_level
e8f8f006-758f-45a4-a014-91d28c6521a3,60.0,999.862,-0.5132,0.559147,4.26,1000.375,-6.2005,-18.1743,33.6,44.659968,0.5333,15.54,1.77,16,False,overcast,evening,above
3daa520e-7dca-4c86-88b2-871306b0d488,60.0,1000.884,-1.0432,0.480453,8.659,1001.927,16.1489,-40.0055,39.0286,68.0244,0.3174,40.72,12.82,2,True,overcast,night,above
23f78cce-cbc8-4864-b10c-1f7b9985d65e,60.0,1019.212,1.4136,0.058473,-11.733,1017.798,47.0793,32.226,70.1717,42.560421,0.1893,17.39,2.86,7,False,clear,morning,street_level
38c01b82-11f5-4785-9e1d-ec50d82e29eb,60.0,1000.46,-1.5337,0.427688,12.73,1001.993,26.4225,-2.6701,36.428,78.32703,0.2198,9.82,2.52,17,False,clear,afternoon,above
21f932f4-9537-485a-a945-c76de9cb7b5c,60.0,1006.769,0.1965,0.108175,-1.631,1006.573,12.1706,3.0022,21.9357,86.20786,0.6094,1.0,3.12,12,False,overcast,morning,street_level
2dbd11ff-86de-45f3-8220-8ee3367c1825,60.0,1013.175,0.8101,0.288875,-6.724,1012.365,30.6078,-9.4869,38.5188,105.963492,0.9207,4.62,5.84,6,False,overcast,night,underground
42f906c1-c305-49a8-9ba7-4dd5193f9471,60.0,999.68,0.0283,0.577495,-0.235,999.652,15.6575,-4.7048,63.4096,69.259771,1.0,51.53,15.32,0,True,clear,afternoon,underground
7dbc92ba-b6b8-4c42-a3f1-44c03aef52cd,60.0,999.308,-0.1654,0.118777,1.373,999.473,39.8865,-19.6534,31.9935,62.397651,0.4836,9.09,0.82,18,False,clear,night,street_level
5aed9caa-bef2-416f-9c5e-ef50da2f7e24,60.0,998.942,1.1922,0.334973,-9.895,997.75,20.5677,-12.5294,65.5204,45.773436,0.5824,14.07,4.07,10,False,clear,morning,underground
2d0d5d70-e589-48c4-8daf-f9177bcadf83,60.0,1014.686,-0.9006,0.501853,7.475,1015.586,29.4491,-7.3292,25.8627,88.23321,0.3533,14.77,2.38,12,False,rain,morning,above
76d87522-5bd3-4d80-b1cc-77574094b6ee,60.0,1001.311,-0.9101,0.664959,7.554,1002.221,24.628,-18.2168,64.2303,6.817937,0.6231,8.85,3.31,2,False,overcast,morning,street_level
3711a0ea-c441-413d-9b1c-3710d871cfb0,60.0,993.36,0.1275,0.577053,-1.058,993.232,23.5188,-13.9065,35.2389,73.281431,0.8775,2.75,2.57,6,False,rain,morning,underground
72a70a1e-3a13-42e0-bcd3-826bfe2aba2f,60.0,1001.08,0.0106,0.115672,-0.088,1001.07,10.9729,-2.9449,32.0039,25.997172,0.2318,7.81,0.53,14,False,rain,morning,street_level
fe2e3fe3-8554-480b-bbe7-b9eadb7abc53,60.0,1003.97,-0.2587,0.483403,2.147,1004.229,-0.6144,1.04,30.6723,63.950609,0.5337,73.03,6.03,6,True,rain,night,above
76327e0b-7e7b-497b-a469-3a2ae5ba2a9c,60.0,997.748,1.362,0.065495,-11.305,996.386,1.3318,-6.6492,51.3496,18.74342,0.6714,47.61,9.52,2,True,overcast,afternoon,street_level
b0648623-2696-49d3-8e3f-a80273b9db00,60.0,1000.398,-1.0116,0.474433,8.396,1001.409,14.1286,7.4748,31.1443,1.265766,0.6038,1.0,4.05,11,False,rain,night,street_level
f923c1bd-f05e-4484-9dff-1fd819ae8bb2,60.0,1004.903,0.5262,0.23262,-4.367,1004.377,8.3274,-36.8576,31.743,64.944107,0.4594,53.19,12.66,0,True,overcast,evening,underground
68dcd001-da9d-4838-8427-e2ae7984d4a6,60.0,1004.32,0.9975,0.758825,-8.279,1003.323,18.7696,-17.5868,41.9044,52.911293,0.5382,20.78,1.98,22,False,clear,afternoon,street_level
8b79a097-f9ca-416d-884b-c9c56543529b,60.0,996.166,1.4664,0.575734,-12.171,994.699,16.4904,-19.0243,31.9463,82.010063,0.5004,54.14,10.76,1,True,overcast,afternoon,underground
3e893cb3-36e6-41e0-aaba-837dc9c25894,60.0,1010.802,0.6153,0.240455,-5.107,1010.187,41.3699,-4.875,21.6397,62.65721,0.4984,9.38,5.74,4,False,overcast,morning,street_level
d985cdce-87ab-4c9a-becf-4872c2ff636f,60.0,1004.61,-0.1769,0.480469,1.468,1004.787,32.0445,-15.4483,28.4199,94.222939,0.552,24.0,4.26,0,True,overcast,morning,above
d1a5e3ba-c9a6-41de-af86-5116edd96c2a,60.0,1013.794,-0.1729,0.046395,1.435,1013.967,41.2898,-23.6582,43.8882,46.030099,0.2316,67.2,7.43,3,True,clear,afternoon,street_level
8645eddb-a3e0-4bd8-a0d8-d65de6106d9f,60.0,1003.191,-0.3087,0.041952,2.562,1003.5,5.3109,-37.5022,48.6088,-15.626227,0.2891,33.66,11.11,2,True,rain,night,street_level
26c9d57b-ebc9-4f5a-9ccd-9065d30ea8d3,60.0,992.817,-0.5928,0.531092,4.92,993.41,14.394,-28.1248,50.3812,61.616828,0.7427,65.88,11.94,1,True,overcast,morning,above
f7d79fcc-c872-4d8e-9c90-fb0e16487de6,60.0,1006.7,0.5893,0.574063,-4.891,1006.111,21.412,3.0067,33.9496,81.692276,0.6466,11.99,4.28,4,False,clear,night,underground
8368e499-83f9-4752-9856-c7cecfe6e15b,60.0,1015.181,0.162,0.041357,-1.345,1015.019,0.0736,8.4644,10.0389,7.293992,0.3063,14.68,0.96,13,False,clear,night,street_level
068ab8f6-2938-44c6-9572-5d405960acff,60.0,996.413,-0.4738,0.288217,3.933,996.887,1.414,11.8567,61.265,30.788899,0.5929,25.46,4.42,3,True,rain,evening,above
ad8032f2-538b-4621-9b92-f02cbfdcfb4e,60.0,997.173,-0.2548,0.592136,2.115,997.427,16.7691,-11.3047,32.9584,42.92499,0.8583,56.32,7.19,0,True,overcast,afternoon,above
5d35c144-cadc-4157-9504-f10b37d1e2fd,60.0,1002.045,0.4333,0.054485,-3.596,1001.612,4.0297,-10.8352,47.1997,40.419868,0.7978,7.41,-0.38,8,False,rain,night,street_level
468cdfd0-6f17-4d33-b072-091f4ab9448f,60.0,1012.761,-0.9981,0.341348,8.284,1013.759,37.9455,-30.045,38.0873,52.778967,0.5952,12.57,7.64,1,True,rain,morning,above
468181a6-d2e5-4e62-a044-6d5f904556b2,60.0,1016.048,-0.201,0.41788,1.669,1016.249,9.9308,-27.5148,39.378,37.223376,1.0,7.29,0.31,12,False,clear,afternoon,above
9970a9fc-2c21-4f55-9c8d-23d620a79fe3,60.0,1011.734,-0.4284,0.276095,3.556,1012.163,16.2384,-8.3564,17.5169,39.164959,0.52,44.05,6.09,1,True,rain,morning,above
c7434d90-a8df-401d-9981-07ad17c05126,60.0,997.017,-0.1764,0.043774,1.464,997.193,12.3459,-31.2505,52.7918,36.45446,0.8192,72.13,4.6,2,True,rain,afternoon,street_level
7408664f-2c41-4abb-8305-c9941e6a4a66,60.0,999.343,0.2776,0.13508,-2.304,999.065,25.7704,7.0391,33.4419,58.262298,0.9812,10.45,-0.98,13,False,overcast,evening,street_level
875dadaa-d013-45cd-93ff-54f6d06fd6e8,60.0,1009.05,-0.0575,0.336997,0.477,1009.107,7.6839,-3.44,46.8657,92.802473,0.753,52.77,6.28,5,True,clear,evening,street_level
62aec8fb-3ccf-4740-8a29-10f67ba44695,60.0,992.679,0.9242,0.490734,-7.671,991.755,28.313,-18.8618,45.8126,13.122567,0.6022,19.05,1.56,18,False,rain,evening,underground
ce5d9b03-fd55-4ec1-a742-99e521e1c7a4,60.0,993.87,1.6481,0.679993,-13.679,992.222,10.1376,8.0657,51.8214,68.421973,1.0,53.62,7.34,5,True,clear,evening,street_level
9bfe5027-e065-4da1-a761-82e7b90c7b4b,60.0,1002.34,0.1878,0.58075,-1.559,1002.153,50.7961,-11.9753,64.1025,19.419477,0.6798,6.87,3.74,2,False,overcast,afternoon,street_level
5d3e3dde-82a6-450a-831b-cb453b700704,60.0,1005.349,-0.5249,0.163383,4.357,1005.874,25.4246,1.7083,37.1648,50.160259,0.4415,62.23,9.97,2,True,overcast,evening,above
b58e1725-d83e-48d4-9767-c279cb2cb2f6,60.0,1003.379,0.2934,0.105086,-2.436,1003.085,13.8675,1.7821,58.3468,68.866089,0.5352,10.65,2.01,0,False,overcast,morning,underground
5e9275b3-c5c4-4f46-810a-9d4fd37ef018,60.0,994.862,-0.86,0.444855,7.138,995.722,21.3353,-2.3908,0.7316,52.64287,0.8807,9.8,3.07,9,False,overcast,morning,above
2a324858-c72a-4c42-8225-1248784a2530,60.0,995.354,-1.0637,0.378207,8.828,996.418,14.3026,-25.0514,24.7485,27.486012,0.6562,61.3,7.24,2,True,rain,evening,above
4d7516c9-b6c7-412a-8ae4-5a1ecb46c8b3,60.0,1003.562,-0.6402,0.32224,5.313,1004.203,11.9612,12.6215,71.4411,78.313305,0.5499,56.56,8.19,0,True,clear,morning,above
f3678430-b692-4254-b055-022bffe6e2d1,60.0,1007.104,-0.2253,0.509773,1.87,1007.33,7.3726,9.3412,68.4277,51.794954,0.822,45.6,15.6,0,True,rain,evening,underground
d98905dc-db4e-4782-9332-069732eedba6,60.0,994.943,-0.1692,0.087661,1.404,995.112,24.6379,-22.8639,34.789,16.160729,0.7489,32.06,4.46,2,True,rain,morning,street_level
01e976ed-a9d1-4cea-ba8e-4ea820fd40f7,60.0,992.713,-0.1807,0.038113,1.5,992.894,21.5864,-6.346,47.6551,39.239097,0.5639,47.04,7.58,4,True,clear,evening,street_level
abcbb402-1348-4a03-93a1-0323e3c763b0,60.0,1012.37,-0.2308,0.193892,1.915,1012.601,69.352,5.04,4.1089,87.685747,0.5204,38.39,10.14,2,True,clear,afternoon,above
7fec2da7-bd79-4e0b-8646-156ac67e410d,60.0,998.731,0.5332,0.199182,-4.426,998.198,30.096,12.1407,44.7031,58.482011,0.2617,28.73,4.28,6,False,clear,morning,underground
ae4315c5-1240-42c5-b13d-8d2c196cd0d1,60.0,996.874,-0.206,0.344134,1.709,997.08,21.0002,9.3037,45.7282,57.59884,0.5307,26.09,3.73,8,False,clear,night,underground
c9bc73e6-339d-4059-9ecc-4466d1461084,60.0,1012.827,-0.5296,0.196858,4.396,1013.356,13.2987,-8.3659,42.8031,72.188241,1.0,12.01,1.23,11,False,overcast,morning,above
0737997f-58cb-4c87-8089-8c923f1c5e49,60.0,1004.605,-0.2847,0.217693,2.363,1004.89,16.2181,-7.1011,52.829,44.6693,1.0,19.43,2.01,12,False,rain,afternoon,above
1f089d83-98fb-438e-adbc-6f3002b08dc3,60.0,1004.154,0.3398,0.194804,-2.82,1003.814,8.0183,-32.2438,48.8265,67.228484,0.7393,48.52,15.97,0,True,overcast,morning,underground
2907f5d3-4e5b-47ce-a72a-01da9cca0f69,60.0,1015.067,0.1221,0.027948,-1.013,1014.945,31.6006,2.3315,29.0678,49.005574,0.9591,1.0,1.72,19,False,clear,night,street_level
9a7d4296-65e3-4130-b97d-744a6f01e7c0,60.0,1011.25,-0.4544,0.46518,3.772,1011.704,28.4856,-2.0756,43.8489,86.718599,0.7528,19.67,1.01,14,False,clear,evening,above
0067bd9a-e117-48cb-8c77-085b2bc95ef2,60.0,1002.843,0.7144,0.208162,-5.93,1002.128,24.6936,-5.7141,37.4026,22.519915,0.8322,20.42,1.41,13,False,rain,evening,underground
cdeb40a6-7810-4197-89f2-899cdf86bfbd,60.0,1004.196,-0.3256,0.076942,2.703,1004.521,0.2162,-39.6089,48.8362,35.440392,0.4668,22.19,3.77,14,False,clear,morning,street_level
267e341e-625a-452c-b4ee-420e5eecbafc,60.0,1003.713,-0.4446,0.146345,3.69,1004.157,29.7705,-7.9838,36.2495,38.562151,0.5336,36.87,8.21,0,True,clear,night,street_level
68ba804a-75b7-4124-9a4f-0c62cd9269e6,60.0,999.423,-0.881,0.2387,7.313,1000.304,19.2154,-26.3793,24.2089,33.234384,0.3958,27.67,10.44,0,True,overcast,morning,above
4567ba0f-160d-4dc4-88ad-11c1b4d7a439,60.0,1009.197,-0.26,0.298824,2.158,1009.457,9.3827,-21.6884,58.5734,39.897096,0.3139,34.22,5.41,1,True,rain,morning,above
d01dca9f-109a-485b-8553-76231c2fb689,60.0,996.206,0.387,0.353467,-3.212,995.819,8.2431,-15.3698,15.9725,71.756846,0.8214,86.55,5.69,0,True,rain,afternoon,underground
313fca33-b9d5-4694-a524-467c4fcbbf28,60.0,1010.416,-0.0146,0.655669,0.121,1010.43,4.2998,16.1647,60.6535,68.373299,0.9032,65.8,18.1,1,True,overcast,night,underground
efb9b8ab-cc2b-448e-85b4-26b97782b9ae,60.0,1000.083,-1.1125,0.357972,9.234,1001.195,7.8033,-16.1078,34.4112,68.501455,0.22,39.4,7.36,5,True,clear,morning,above
b212f91e-8405-4874-9b11-0825eaf7d35d,60.0,1007.024,0.0052,0.640616,-0.043,1007.018,43.5754,-9.4492,22.4453,84.199431,0.7466,58.69,13.5,1,True,clear,evening,underground
bef517e4-9ff6-4b55-9790-cfdb646c52a5,60.0,1003.542,1.4868,0.434529,-12.341,1002.055,10.2824,-29.9574,75.6982,36.990439,0.4898,8.22,0.78,8,False,clear,evening,underground
cd6eeddd-c9ae-49f2-9a11-cb74d5b959ce,60.0,992.243,-0.0277,0.696267,0.23,992.271,32.7248,-4.5477,63.9759,108.850749,0.8355,83.94,15.96,0,True,clear,afternoon,underground
7fb9dfe6-f384-4a5c-b004-4e89bb941fc7,60.0,1001.931,-1.6355,0.074983,13.574,1003.566,41.0144,-14.5693,47.0171,12.198222,0.5508,5.26,3.26,11,False,clear,morning,street_level
4602e179-28c3-4c60-8a49-f03094ec6364,60.0,1013.439,1.014,0.448924,-8.416,1012.425,19.7968,-15.3737,44.6629,61.498836,1.0,1.56,2.32,21,False,rain,morning,street_level
a6114d60-73c2-4dbf-a384-76d8b5f23f78,60.0,1009.358,-1.4144,0.436381,11.739,1010.773,14.3078,-22.5145,44.0888,44.36476,0.4434,15.78,0.62,9,False,overcast,afternoon,street_level
f5202c09-8c57-4711-be86-5bbcebc532de,60.0,1003.48,0.4555,0.122198,-3.781,1003.025,20.3847,7.8034,45.8439,-0.445289,0.6364,1.29,1.18,9,False,clear,morning,street_level
c4a701d4-9857-43d8-b454-cffe1688852a,60.0,1017.932,-0.0518,0.016431,0.43,1017.984,17.1079,-35.5341,26.5497,22.690577,0.3139,11.6,2.97,23,False,rain,afternoon,street_level
03add3a6-df43-4a05-a454-e791585ecc22,60.0,1011.163,0.4595,0.406489,-3.814,1010.704,35.79,-5.0735,44.7066,108.380834,0.9328,53.72,12.83,0,True,clear,evening,underground
07adba68-ab07-4c2f-96e2-1fa1629a5d8f,60.0,999.473,-0.2021,0.141496,1.677,999.675,15.4048,-25.4164,22.8328,72.151571,0.7603,75.88,10.74,0,True,overcast,afternoon,underground
15a70e43-877f-419c-896c-7d6804cd0fe2,60.0,1010.011,-0.1067,0.534865,0.886,1010.118,11.9931,-11.6021,36.1477,21.767237,0.3553,25.87,3.55,9,False,clear,night,underground
fb1c2ec2-2246-4819-9e6d-b9ac1485de18,60.0,1014.015,0.3008,0.591412,-2.496,1013.714,10.4599,0.9323,58.9639,63.24153,0.97,85.41,12.9,0,True,overcast,morning,underground
3f4b8f97-781a-4853-b9e0-1df54400ff3b,60.0,1008.307,-0.6297,0.201971,5.226,1008.937,29.832,-29.8055,40.0555,77.243343,0.4381,17.33,2.61,9,False,clear,morning,above
f0ab3bd6-3f3e-40cf-aeae-79c3d2c7eccc,60.0,996.982,-0.117,0.18376,0.971,997.099,28.0157,-21.3999,49.0815,90.112203,1.0,37.49,9.06,0,True,overcast,afternoon,underground
bf0ddff8-ba44-4539-9128-eb6227fdace7,60.0,1015.081,0.5616,0.179479,-4.661,1014.519,7.9426,-13.8739,40.8254,55.331679,0.6888,14.3,2.84,3,False,overcast,evening,underground
85cf7a8e-04d8-44b8-a0ff-35896de83c79,60.0,991.616,-1.0044,0.378121,8.336,992.62,14.8288,-1.2505,37.2272,6.716135,0.4362,79.58,4.34,4,True,rain,evening,street_level
0ba3c31e-3b6a-447a-96eb-639d85f4ab5f,60.0,1005.113,1.3264,0.326789,-11.009,1003.787,22.466,-44.3669,22.1963,99.84351,0.5891,14.0,4.41,10,False,overcast,evening,underground
c49fcfc8-89ad-41c0-8620-8b93c3c75d76,60.0,1004.463,-0.6722,0.309639,5.579,1005.135,-4.6483,-28.3368,18.2324,110.065891,0.7184,10.22,0.17,12,False,clear,evening,above
e047c1ba-9d4d-40dc-814a-928f5d27ce63,60.0,1006.822,0.5997,0.442874,-4.977,1006.222,17.9953,-25.8289,52.7443,47.47201,0.7939,64.23,16.81,0,True,overcast,morning,underground
9676d960-182e-4f7d-9441-0282b6907d93,60.0,1005.55,2.6891,0.603106,-22.32,1002.861,32.5283,-6.9194,57.5753,68.549832,0.6211,3.18,1.26,5,False,rain,night,street_level
b8ec4bce-ec98-4bb1-9dab-3289d84c6ed7,60.0,1000.189,-0.3971,0.3113,3.296,1000.586,7.4855,-11.6064,29.5941,38.719374,0.7682,51.21,7.58,1,True,overcast,night,above
f5142b66-7636-4fda-b133-9cc91526891e,60.0,1008.256,1.3482,0.615543,-11.19,1006.908,13.7914,-17.3844,27.4695,74.029403,0.3544,36.32,5.27,8,False,clear,afternoon,underground
5b158d30-0a31-4f2e-b503-97c49eb435fb,60.0,1010.455,-0.2317,0.03301,1.923,1010.687,42.7752,12.5821,15.2434,24.967924,1.0,13.66,1.2,10,False,overcast,afternoon,street_level
589807d1-90fe-4ef0-963f-515364a1baff,60.0,1005.762,0.3212,0.544804,-2.666,1005.441,24.7047,-3.6279,36.8485,-0.438894,0.7668,48.0,9.98,0,True,overcast,afternoon,underground
813c16df-5a96-4024-bf84-bd87226e1fe0,60.0,1000.878,0.3755,0.02086,-3.117,1000.502,15.8826,-10.4161,35.5924,5.489958,1.0,53.91,7.65,3,True,rain,afternoon,street_level
941398df-d4af-4375-ac20-c931fbc5261f,60.0,1012.87,-1.1873,0.321691,9.855,1014.057,18.422,-11.7191,27.6424,21.391815,0.857,24.09,0.61,9,False,clear,night,street_level
1fc37ed3-233d-44a7-b28c-8933596f5263,60.0,1017.037,-0.6853,0.485203,5.688,1017.723,12.7105,-14.7128,51.4602,55.965863,0.4516,10.46,1.84,20,False,rain,morning,above
61a8d047-018f-45a5-9d18-2cfc9a427979,60.0,996.616,0.2596,0.061546,-2.154,996.356,41.3769,-12.9181,35.5854,24.508264,0.1733,13.34,1.16,12,False,rain,morning,street_level
67f2ed9d-1cd3-4e71-a6b7-3bd5017b292c,60.0,999.202,0.4196,0.337072,-3.482,998.782,22.433,3.3684,44.2123,34.279691,0.2583,55.95,10.9,0,True,rain,night,underground
78c6c70f-4550-43f8-b5cf-5bbbc0e1a6b9,60.0,1017.892,0.7765,0.699826,-6.445,1017.115,21.958,-9.6733,46.487,60.685051,0.6892,87.75,11.22,0,True,clear,morning,underground
535d2383-51b5-479d-a386-42f8dcbcc559,60.0,1000.266,0.3574,0.655106,-2.966,999.909,10.6501,0.4835,45.4385,33.738772,0.4688,82.44,11.51,0,True,overcast,night,underground
f9606aca-966b-49d0-a0a2-5141d24de8c5,60.0,1002.0,0.3577,0.194898,-2.969,1001.642,38.7441,-7.202,33.7625,47.833969,0.5337,109.63,16.78,0,True,clear,night,underground
865eba7c-b722-48bd-91e1-bf09879ae71f,60.0,1005.463,0.482,0.110656,-4.001,1004.981,22.2297,-22.2132,58.1626,111.936346,0.7005,24.41,6.41,10,False,rain,morning,underground
68a668f7-9149-4622-8224-2c95c5bb5de2,60.0,993.587,0.2476,0.069727,-2.055,993.339,-22.0216,-34.3892,48.592,21.973963,0.0239,14.81,1.12,14,False,clear,night,street_level
3ac9c3e5-5b97-4ff0-9e31-f86f2d8bd748,60.0,992.196,-0.5026,0.524698,4.172,992.698,8.5573,-17.7099,36.8644,60.92359,0.5226,10.96,1.04,13,False,overcast,night,street_level
fed3745c-bc10-4d07-b0b1-dc748ad5374e,60.0,990.807,-0.4632,0.169556,3.844,991.27,22.6223,-24.0949,32.2306,77.867236,0.6762,71.5,10.1,0,True,clear,evening,above
c9fdca83-386c-4e29-9259-adf00cac3cbd,60.0,1005.944,0.0916,0.116568,-0.76,1005.853,46.7293,-7.4468,35.4707,27.757217,0.2937,9.62,-0.24,14,False,overcast,evening,street_level
b7401d19-848a-49d3-b13a-b2607759d700,60.0,1013.808,0.3242,0.089324,-2.691,1013.484,4.7136,15.5173,47.2641,37.498974,0.446,17.28,1.52,9,False,overcast,evening,street_level
fbfd3bb2-b5dd-4a78-a30e-e5afb9199145,60.0,1015.859,0.5801,0.51675,-4.814,1015.279,27.1399,6.3916,57.105,142.70964,0.8548,64.64,15.24,1,True,overcast,afternoon,underground
000974b0-bce2-4f63-bc52-7cf1ff43e5e9,60.0,993.333,0.2502,0.294011,-2.076,993.083,19.6239,-16.0676,55.171,64.913754,0.2755,15.48,1.35,14,False,rain,night,street_level
f70ae16f-f255-4335-83f4-2f90099b0be1,60.0,1003.114,0.3133,0.358341,-2.6,1002.801,19.1106,25.1288,45.5016,38.816543,0.4376,53.35,6.9,1,True,overcast,morning,underground
f0c2554e-1b44-4ac6-8387-623d794ebfa2,60.0,1003.802,2.6345,0.662698,-21.866,1001.167,50.73,-37.0921,35.2836,30.917869,1.0,65.7,6.63,0,True,overcast,night,street_level
db4caed7-c6a9-472c-88d5-30d7da0a2aaf,60.0,1007.284,-1.3853,0.206727,11.498,1008.669,19.6234,-14.0165,32.0048,104.107859,0.4069,3.72,0.82,14,False,overcast,evening,above
cd319a9b-71cc-4073-909a-ef61cb1553c3,60.0,997.808,-0.3683,0.106354,3.057,998.176,18.6401,-16.4351,42.8426,95.256478,0.3002,61.11,11.03,3,True,rain,night,above
1688dbad-3dd5-4ddd-901a-7b049b2fe7fd,60.0,1001.035,-0.2606,0.143185,2.163,1001.295,9.2981,-10.756,39.1031,106.391989,0.4569,16.31,2.92,8,False,overcast,evening,above
7e021597-28ae-49c0-9413-fc47e0d33d7e,60.0,990.017,-0.6835,0.549487,5.673,990.7,3.3339,-18.8441,30.0304,44.441303,0.282,4.19,3.28,11,False,rain,night,street_level
05940013-126f-4250-8e08-5c01bfb7cce9,60.0,1007.41,-0.3536,0.20983,2.935,1007.764,13.6325,-15.403,35.0546,70.143456,0.718,17.71,1.46,19,False,clear,afternoon,above
23b6eb48-0da7-4c6e-90b7-f004947d4982,60.0,992.008,-0.1741,0.043596,1.445,992.182,10.8487,-22.2166,40.8861,36.736246,0.8396,74.52,11.49,0,True,rain,evening,street_level
d36fc492-8890-4de7-9938-f4fb6f6e91a8,60.0,1012.725,0.3259,0.090907,-2.705,1012.399,24.6536,-10.5917,52.8002,14.887383,0.7093,9.78,6.48,3,False,clear,evening,street_level
2baa8072-ae60-4d9b-b302-a88e740a9bf4,60.0,1014.137,0.6757,0.622069,-5.608,1013.461,24.2914,-7.5773,18.5954,59.149155,0.9556,40.64,16.54,0,True,overcast,night,underground
5a8e2b55-7d6e-4a6a-ba2d-395d5527ba63,60.0,1014.485,-0.1835,0.114069,1.523,1014.669,17.9967,-5.126,29.5505,24.570784,0.7119,23.36,3.07,5,False,overcast,evening,street_level
947de6d7-2c36-4983-8038-a451bc33387a,60.0,1001.684,1.1428,0.288701,-9.485,1000.541,0.6186,-16.9717,60.4732,59.125663,0.9835,70.93,14.16,0,True,rain,evening,underground
1adb29b9-5b75-4609-95b5-f061f55ecbf6,60.0,1011.907,-0.4752,0.446727,3.944,1012.382,33.0439,-16.1355,49.9098,17.036485,0.5181,46.09,12.03,0,True,overcast,morning,above
c05082be-554d-4eef-baf5-3362db05f2f0,60.0,998.004,0.7126,0.314441,-5.914,997.291,11.4916,9.3031,37.6991,5.838303,0.1778,11.94,1.38,13,False,rain,evening,street_level
d98ab3e9-5be1-4253-8198-baafda816a2d,60.0,993.571,0.8124,0.111818,-6.743,992.759,11.8109,23.7775,26.752,63.674655,0.8699,14.78,6.5,10,False,clear,night,underground
df0818ca-0368-4e0c-8e3c-1de56e45c8eb,60.0,1013.528,0.4802,0.69655,-3.985,1013.047,7.8654,-22.15,35.5259,69.82348,0.657,62.57,12.56,0,True,clear,night,underground
4194feed-adff-4e52-b136-c86eb285ec2a,60.0,1008.878,0.13,0.080469,-1.079,1008.748,15.4088,22.9002,27.4052,38.847835,0.6977,13.29,2.11,12,False,rain,morning,street_level
e8d75eb6-354a-479a-b98f-f56cb953cf9a,60.0,1010.305,1.0887,0.636499,-9.036,1009.216,23.1599,-14.2702,44.3627,52.160114,0.827,18.24,3.73,15,False,rain,afternoon,underground
b84198c2-beec-4a63-899f-1acceedaaa8c,60.0,1014.245,0.2646,0.566852,-2.196,1013.98,28.6919,-25.0508,55.9939,62.395992,0.4094,57.31,17.95,0,True,clear,morning,underground
efdd69af-f108-4d9f-ad7e-1c0bcaadffd3,60.0,1016.068,1.0275,0.553066,-8.528,1015.04,24.1215,-11.271,33.8993,105.71279,0.6181,50.1,11.18,0,True,overcast,evening,underground
95a88cb3-1bd8-4c85-82f4-d972908f8b39,60.0,996.928,-0.1883,0.119679,1.563,997.116,24.048,0.8518,42.1087,17.028671,0.5423,2.97,1.14,5,False,rain,afternoon,street_level
7e29fe73-299f-40fe-bd57-bbc1afa6c879,60.0,1000.845,0.2676,0.612163,-2.221,1000.577,24.73,-16.8594,32.6267,42.979693,0.8142,8.24,0.08,15,False,rain,evening,underground
2a0cb6e2-3349-4587-a381-0929b715219d,60.0,991.47,0.1184,0.514306,-0.983,991.352,4.8611,-5.9557,29.0704,88.482693,0.7815,24.91,5.09,11,False,clear,afternoon,underground
a320aff0-aca1-4587-93e7-70a33b409bdd,60.0,1003.142,-1.1469,0.567133,9.52,1004.289,25.5911,1.2662,43.9547,64.578417,0.5144,7.49,1.25,10,False,clear,afternoon,above
666313dc-4550-4471-9a74-298ddbbc2b11,60.0,1004.373,-0.8113,0.47459,6.734,1005.185,20.3132,-8.1118,34.1755,34.192741,0.2815,6.32,4.15,15,False,overcast,morning,above
c60eb23a-a1f5-4719-91d0-95e75382dfb9,60.0,1014.724,-1.1173,0.105559,9.273,1015.841,3.9261,-14.1767,31.7125,41.217783,0.6475,73.69,6.71,3,True,clear,morning,street_level
3cc60db0-5c7a-4a75-93d3-ee144722e6fb,60.0,996.327,1.9016,0.094498,-15.783,994.425,0.0522,-15.0225,36.8325,12.300338,0.2897,8.82,2.82,9,False,overcast,night,street_level
4b0068da-a254-4b54-ba46-74b2b6df2b4a,60.0,1005.458,-0.1347,0.279786,1.118,1005.593,-8.7457,-2.7977,59.284,94.043446,0.2821,54.91,14.97,0,True,rain,morning,above
113089cb-50a3-45c2-b6d4-85401de504dc,60.0,1009.145,-0.9119,0.506175,7.569,1010.057,24.2151,-7.3565,39.6127,55.055356,0.8519,7.39,1.95,12,False,overcast,afternoon,above
ea548a8c-b416-4e25-95b4-277312e6bc45,60.0,1014.494,-1.2031,0.563589,9.986,1015.697,16.642,-3.6504,50.2821,14.617223,0.2736,61.18,7.48,3,True,overcast,evening,street_level
3657d0b3-277c-476b-b5cf-3a86ef4b747b,60.0,996.369,0.3006,0.186174,-2.495,996.069,23.1029,-16.6105,31.7283,77.437034,0.632,59.71,12.09,0,True,clear,evening,underground
6b38da76-1c94-4714-8b6f-58a78e5bf2d3,60.0,1002.462,0.0989,0.22648,-0.821,1002.363,33.788,-16.8129,80.2437,63.588043,0.9639,5.13,3.1,15,False,overcast,morning,above
a36c5219-86f7-4296-afa8-b5a15f79b9f9,60.0,995.751,-1.4783,0.514665,12.27,997.229,25.502,10.3443,42.0363,43.511302,1.0,1.01,-0.32,11,False,clear,evening,above
f0281e42-e041-4915-98d8-66831d6dbc8c,60.0,1004.397,0.113,0.125179,-0.938,1004.284,7.2822,-1.5884,58.2533,39.777616,0.0,45.19,5.57,4,True,clear,night,street_level
0e0d3fad-2659-42b0-a15f-d2664a8f8598,60.0,992.873,1.3771,0.511817,-11.43,991.496,21.2637,-21.0008,53.7239,3.773256,0.4611,1.76,1.02,11,False,overcast,morning,street_level
9e0abc53-ed32-40f5-9c90-4b32cfa8dffe,60.0,993.555,-0.1469,0.141795,1.219,993.702,11.7615,-33.1053,37.0652,55.192969,0.8731,16.16,0.96,13,False,clear,evening,street_level
47e9696a-e3f5-4547-b914-764b54f9d9ec,60.0,1002.605,-0.8456,0.412627,7.018,1003.451,11.3916,-17.6913,42.3028,25.249851,0.5142,8.0,1.28,14,False,rain,night,above
96db8354-7814-4087-91ae-0586a163c1f9,60.0,1010.43,0.042,0.102309,-0.349,1010.388,19.9598,0.7847,15.4177,30.533384,0.5914,46.21,5.82,3,True,overcast,night,street_level
25834cfc-7569-4a52-bf8b-064f14f891f5,60.0,1004.955,0.768,0.606226,-6.374,1004.187,18.773,-27.2266,39.1986,54.379051,0.5611,112.29,9.66,0,True,clear,morning,underground
90fc98e0-9249-4b35-ab43-84362a774dcf,60.0,1018.158,1.0177,0.277881,-8.447,1017.141,22.7193,30.2664,40.7903,53.564669,0.3245,21.49,6.57,11,False,overcast,evening,underground
20e4d544-a27c-49c0-9efb-24d0f8685b98,60.0,1002.959,0.2339,0.415843,-1.942,1002.725,-12.7651,-8.0945,44.9049,102.951975,0.7467,63.13,16.17,0,True,rain,evening,underground
c0aa4cdb-6da1-46b6-896f-e79a8b77bac1,60.0,1015.576,-0.1645,0.57041,1.366,1015.741,-3.4354,17.2084,52.3101,61.750889,0.7396,30.16,5.46,5,False,rain,morning,underground
49ccb2cd-f243-443f-bdb1-342d69abeb15,60.0,997.736,-0.0043,0.074006,0.036,997.74,33.3186,27.6591,41.7378,5.05336,0.5566,11.9,2.01,9,False,rain,morning,street_level
d493b06b-501f-4065-99ed-8e4d675d6897,60.0,1011.62,0.8029,0.464512,-6.664,1010.817,17.8773,6.8586,62.1868,25.287269,0.7854,74.65,16.15,0,True,clear,morning,underground
886f0577-de17-4ebd-bbe9-c78e5042ca25,60.0,1001.931,-0.8993,0.731536,7.464,1002.831,48.839,-16.3263,41.6372,51.952597,0.0,33.4,14.57,2,True,overcast,afternoon,street_level
c4017d08-802a-4818-9c99-46169c710777,60.0,999.336,0.8047,0.569714,-6.679,998.531,20.1454,-12.4816,61.3906,80.289021,0.8092,1.0,3.15,10,False,overcast,evening,underground
251ceed3-3a86-478e-a192-73da84715bb1,60.0,997.492,2.5077,0.512617,-20.814,994.984,4.6576,12.5965,62.8268,73.938734,0.5809,17.26,3.92,4,False,rain,morning,street_level
a34eac35-de6f-4990-9367-57e13a528780,60.0,991.914,-0.5786,0.450966,4.802,992.493,42.1702,-20.4495,45.7703,93.734026,0.6001,24.11,7.05,0,True,overcast,afternoon,above
9e42c74e-97c3-4b3b-a765-eacdb6e2af7d,60.0,1006.101,0.6026,0.130843,-5.002,1005.498,27.8044,20.5867,42.2531,79.760795,0.8266,63.74,10.73,2,True,overcast,morning,underground
fb23aea8-cc23-4e3b-9be7-c6a4b7b79b81,60.0,1015.571,0.1731,0.131089,-1.436,1015.398,38.0142,6.3913,48.1758,13.436325,0.51,30.18,2.49,18,False,clear,night,street_level
ea10074e-01af-4bbe-a7c2-823c4ed2a359,60.0,1010.8,-0.7421,0.205107,6.16,1011.542,53.4944,2.0907,31.0334,75.779311,0.8248,6.13,2.96,15,False,overcast,morning,above
6e558971-a116-4cf8-a12b-6a8b914facc3,60.0,1004.546,-0.8527,0.194085,7.077,1005.399,15.8087,-6.8877,22.7447,101.405107,0.4082,7.88,0.57,7,False,clear,night,above
5cea413f-95d9-4dd1-bed4-b0912e676c56,60.0,1000.892,-0.5657,0.226895,4.696,1001.457,8.3344,-5.3899,19.2812,92.056846,0.5966,43.49,9.95,1,True,overcast,night,above
899da61e-5f3b-4fe8-bbf2-deaa8f9608ad,60.0,1002.689,1.2474,0.287193,-10.353,1001.442,32.1334,-6.6587,32.0781,58.127333,0.8661,18.29,1.6,10,False,rain,afternoon,underground
5445ed3d-3118-4470-9715-fbe864fe73a6,60.0,1004.515,-1.1936,0.146706,9.907,1005.709,25.2512,-47.1934,30.3731,34.465693,0.7563,8.73,1.29,10,False,rain,afternoon,above
6457ea1d-4180-41dd-9080-6c3b80ff5570,60.0,1002.885,0.9166,0.605489,-7.608,1001.969,13.0133,19.1814,52.1231,53.483264,0.6519,25.28,4.25,8,False,clear,evening,underground
2fde5dc5-168b-4866-96ac-788b03cfb549,60.0,994.889,-1.1461,0.248512,9.513,996.035,21.4635,21.6906,26.2927,21.26339,0.4607,15.32,1.97,17,False,rain,evening,street_level
d0e1fb39-d422-4c8e-8fe2-7e09729fd2ec,60.0,1004.32,-0.6804,0.534951,5.647,1005.001,12.238,4.3597,59.0907,44.461254,0.6513,8.74,1.81,10,False,clear,afternoon,above
755a80e0-965d-4292-8fd7-472947981098,60.0,993.528,-0.254,0.639213,2.108,993.782,9.9432,-29.3523,73.0182,65.14177,0.8775,1.0,7.79,8,False,overcast,night,underground
6669d743-8011-45e2-a656-e50905f02ae0,60.0,1002.957,1.3662,0.586061,-11.34,1001.591,36.9508,-2.7866,44.0588,57.450511,0.5787,6.85,1.26,5,False,clear,evening,underground
1840bbba-a9e0-40f0-b76d-bd61f3fdf59a,60.0,992.613,-0.5947,0.496826,4.936,993.207,0.697,-28.2801,59.5744,38.303396,0.7579,3.21,2.39,15,False,overcast,morning,above
91d2e585-3acb-4e2a-913d-473facde04b6,60.0,1011.756,0.3807,0.208729,-3.16,1011.375,22.0222,8.8614,57.8764,65.248025,0.6123,62.19,14.04,1,True,overcast,night,underground
8c3bee8d-5382-4fda-82e3-8531d1d093a6,60.0,1004.219,-0.2587,0.211249,2.147,1004.478,39.8232,-16.0476,33.2944,42.086211,1.0,47.53,5.7,3,True,clear,night,above
b3bea18b-d2a8-4aa1-9aaa-7bd5b9949fd4,60.0,994.582,0.4143,0.682516,-3.439,994.168,28.6709,-1.3632,41.6918,87.742989,1.0,36.22,4.41,0,True,clear,afternoon,underground
c7a7d882-6808-43f9-9840-f0e7d1b64299,60.0,1007.104,-1.4496,0.122325,12.031,1008.554,39.6355,-37.0642,46.3605,77.349363,0.5238,4.34,1.51,14,False,clear,night,above
bb925163-18c3-414c-9896-9b44290bfba2,60.0,1008.461,-0.4429,0.527402,3.676,1008.904,29.0505,-11.9037,47.9885,88.91373,0.6906,56.76,5.88,1,True,overcast,afternoon,above
9d1154fb-8fe2-4a90-8417-8ac48070a327,60.0,1001.765,-0.4904,0.396885,4.07,1002.255,27.8739,-25.1866,40.9086,69.923394,0.6912,70.81,7.79,0,True,rain,evening,above
768771c8-9fcd-4b73-8c04-f1f185c7090f,60.0,1000.78,0.4845,0.668987,-4.021,1000.295,24.0849,-33.1568,13.6774,41.380186,0.5895,6.08,6.29,7,False,rain,morning,underground
72a367c6-98b9-4e2e-af52-23bc5894044e,60.0,1009.26,0.0922,0.056553,-0.765,1009.168,17.3541,-21.6357,23.8856,50.387377,0.3125,15.97,4.73,20,False,rain,night,street_level
ef1185bf-edeb-4e0c-8211-3fb82c0c8127,60.0,999.907,-0.8626,0.156581,7.159,1000.769,38.1015,2.8596,35.9158,62.506811,0.5701,4.74,2.36,18,False,clear,night,above
99604fb5-f38e-4cba-87d8-b22e30836b90,60.0,1011.827,-0.5078,0.122412,4.215,1012.335,11.4256,1.2018,50.5134,111.172417,0.6445,33.65,7.68,2,True,clear,afternoon,above
3a63b895-a093-41a0-b6c1-0709b20eb77f,60.0,1009.16,0.8562,0.421212,-7.106,1008.304,34.9771,-8.1559,24.0055,68.56597,0.5453,68.43,3.28,0,True,clear,afternoon,underground
3b721118-625b-4a7c-8f2b-48407bc644c6,60.0,998.559,-1.6488,0.62548,13.685,1000.208,-3.0352,-8.2793,55.2844,20.663483,0.2706,52.41,6.27,5,True,rain,evening,street_level
5e051214-6a2f-471e-b255-588a19f40cf2,60.0,996.144,-1.082,0.344638,8.981,997.226,2.1825,-35.7056,30.225,95.688426,0.4269,47.3,11.01,1,True,overcast,night,above
1e7218bf-9253-4eab-af5a-3a2514bf28cd,60.0,993.216,-1.687,0.207879,14.002,994.903,5.6616,-10.3835,-1.3674,57.868647,0.5949,42.59,10.49,0,True,clear,afternoon,above
92a4827d-43f0-4556-a6fb-3491d94e3400,60.0,1010.882,-0.3479,0.035098,2.888,1011.23,15.8347,-8.2717,30.9381,13.547741,0.3111,3.91,3.26,6,False,rain,morning,street_level
52b11a63-a148-4886-b01e-eee13af4b153,60.0,999.571,-0.6088,0.553694,5.053,1000.18,5.5287,6.3976,26.7215,49.873535,0.4686,48.48,11.82,2,True,clear,morning,above
947d62ec-0f35-4730-b76d-e4399229d648,60.0,992.34,0.162,0.108653,-1.344,992.178,16.4651,-31.5919,42.1966,40.656966,0.6329,51.98,8.06,5,True,overcast,night,street_level
f3430326-11b2-4438-bd74-0817a374f0be,60.0,1015.682,1.0419,0.493179,-8.648,1014.64,15.623,0.2892,29.2258,75.236414,0.3706,19.4,10.72,0,True,rain,afternoon,underground
734356d2-b132-4198-afb1-86ff5b8164ee,60.0,1003.616,0.2216,0.28517,-1.839,1003.395,38.7066,-5.9877,29.5365,88.907197,1.0,56.03,18.22,0,True,overcast,afternoon,underground
c3b639ea-1334-495a-a264-5b84e3946f77,60.0,1000.872,-0.0401,0.319445,0.333,1000.912,-21.8129,-19.2924,32.6795,62.038881,0.8873,3.07,2.34,7,False,rain,morning,above
e7a949f2-3620-44aa-9885-23368a06354b,60.0,1000.3,0.4926,0.597631,-4.089,999.807,32.5151,9.4014,37.8802,81.232385,0.8974,12.93,2.36,3,False,rain,morning,underground
d965e7e6-9975-41c6-9381-93db9fefca75,60.0,1014.636,-0.3338,0.564114,2.771,1014.97,0.5751,-24.7795,47.6897,76.740738,0.4406,53.2,9.38,0,True,clear,morning,above
bf14e8dc-46ca-4ba4-8574-23c23edfab2b,60.0,1002.517,-0.4761,0.253585,3.951,1002.993,5.6756,-0.7094,56.9267,72.627644,0.4072,63.8,9.61,2,True,rain,night,above
c17f9faa-95b8-489b-bcec-0bf32b51af55,60.0,1014.509,-0.6066,0.515588,5.035,1015.116,1.052,-8.259,49.8242,122.150828,0.6257,5.52,5.82,10,False,overcast,night,underground
d8f3518a-e371-4265-ad7d-90a23a2c9440,60.0,1013.014,-0.4866,0.469625,4.039,1013.501,42.9576,-15.7203,44.6007,85.618332,0.597,51.25,10.68,0,True,rain,evening,above
5f24aadb-1797-462e-a6b0-795835e298c9,60.0,1012.905,0.8793,0.309117,-7.298,1012.025,27.2441,7.4725,43.107,55.146427,0.6245,26.9,4.06,6,False,overcast,afternoon,underground
c6ff6b7a-e132-4d2e-b0cf-b0f3a32f1b86,60.0,1004.38,-0.7256,0.487133,6.022,1005.106,23.8313,-2.172,30.8832,81.172555,0.917,51.15,10.28,2,True,clear,morning,above
17587f57-7b22-4535-b06c-f8f33aea6296,60.0,1003.616,-0.0336,0.135984,0.279,1003.65,33.3737,-22.1469,56.6893,18.826604,0.3212,70.86,3.15,3,True,clear,evening,street_level
da3f9417-beb5-4e76-82b4-b71baf407164,60.0,1004.322,-0.3071,0.221954,2.549,1004.629,28.6254,-5.2036,46.2668,93.360049,0.5182,38.41,13.78,3,True,overcast,night,above
b3f7a5e9-639c-49c3-80f2-32981563e3fb,60.0,1004.799,0.0461,0.203001,-0.382,1004.753,12.8781,-36.3816,27.4772,36.621219,0.8319,27.32,5.33,11,False,rain,night,underground
2821ea73-8c52-4322-94d2-40c4c2e9689a,60.0,1014.446,-1.4174,0.368271,11.764,1015.863,-0.8346,-20.2847,25.1652,29.340181,0.831,15.73,3.33,13,False,overcast,evening,street_level
e53037e5-2130-42d4-aa75-06b4099b0a12,60.0,1009.666,0.4616,0.337077,-3.831,1009.204,43.836,-19.7733,18.772,13.902656,0.6241,18.1,3.78,16,False,clear,evening,street_level
88878dc8-3281-40a5-8bec-f0a33bd01bdf,60.0,995.521,0.5479,0.16304,-4.547,994.973,71.4439,-40.7171,57.798,74.374838,0.835,18.95,-3.89,6,False,rain,morning,underground
e363cae0-b111-47ba-87fb-efde8c7712ee,60.0,994.174,0.0813,0.302313,-0.675,994.093,25.3861,-29.3492,13.9872,55.194139,0.7249,52.8,11.45,1,True,overcast,night,above
8bbbb5d7-4df7-40f2-b1fd-006d80e1bcdd,60.0,996.296,1.2395,0.142875,-10.288,995.056,27.4871,-20.7047,22.6565,72.113779,0.5966,60.36,7.47,0,True,rain,night,underground
d6ca4b17-c924-4a6d-9dab-bd4cb6a44b8e,60.0,998.84,0.2777,0.495449,-2.305,998.562,25.2924,-3.6539,23.4659,66.986672,0.5065,35.54,5.19,3,False,clear,afternoon,underground
21dbc957-9a7c-4169-a0e4-3656b4f277c2,60.0,1012.411,0.5761,0.044105,-4.781,1011.835,10.34,-32.0253,36.1152,50.905061,0.2357,33.93,10.22,5,True,overcast,afternoon,street_level
db60ff7c-f22b-4ca4-bfcd-9604d1fa91f7,60.0,995.431,-0.0223,0.1023,0.185,995.453,25.4084,-26.8715,52.19,107.290409,0.5796,87.77,8.6,0,True,overcast,evening,underground
4fbb61fe-06e4-4f36-9d11-14b34c777c89,60.0,1011.053,-0.8964,0.333608,7.44,1011.949,-3.8713,16.8627,40.1316,58.080817,0.4839,15.1,1.06,21,False,overcast,evening,above
ac47bd62-1057-4bf5-9f50-c6905f0a8e3f,60.0,1009.911,-0.1948,0.032419,1.617,1010.105,-1.9886,-3.276,33.4642,24.089381,0.6893,61.51,6.95,4,True,rain,evening,street_level
eb1cbf62-19c2-46e5-a6a7-9cc7c736eb5c,60.0,1017.33,2.3566,0.580319,-19.56,1014.973,28.5386,-3.9948,27.7692,26.065184,0.8963,6.86,2.24,15,False,clear,evening,street_level
b53bc069-b61c-4d24-afbb-1b357a5c82d4,60.0,1015.703,-0.0823,0.448396,0.683,1015.786,15.0316,-17.0411,31.0851,59.148573,0.6867,88.2,11.97,1,True,rain,night,underground
d8ac4aa7-9374-4d20-b81d-6d6e6806e779,60.0,999.147,-0.1883,0.026072,1.563,999.335,1.2668,2.9467,29.4456,29.459052,0.4281,10.9,2.59,5,False,clear,evening,street_level
5ee0f57e-75c5-4042-85e1-60d8ad000955,60.0,998.011,0.0947,0.418718,-0.786,997.917,33.3943,-26.2181,77.6685,65.860941,0.5057,12.31,4.22,13,False,overcast,morning,underground
ffda562d-2aeb-4a79-b3b8-f2aae9fd3788,60.0,993.633,1.9305,0.565954,-16.023,991.702,17.6372,-6.3149,44.1516,32.626818,0.3009,17.18,0.09,9,False,overcast,evening,street_level
d93665bd-b832-44d4-a2ac-cf0b63ad728f,60.0,1003.665,4.7623,0.159255,-39.527,998.902,16.1451,-20.6602,33.4572,31.047316,0.6973,32.11,12.85,5,True,clear,afternoon,street_level
389c2f84-9461-4d44-8c8f-642cafd1d43d,60.0,1013.448,0.4092,0.456769,-3.396,1013.039,-4.9874,-1.818,31.7574,79.826428,1.0,53.56,7.78,1,True,overcast,afternoon,above
5f864f53-ee12-4856-9030-74fd11d09d90,60.0,996.98,-0.3864,0.106258,3.207,997.366,37.2362,-4.6934,44.1622,28.005257,0.385,47.07,8.39,0,True,overcast,morning,street_level
43750d54-b15a-4756-b083-a76085690b44,60.0,1009.959,-0.7122,0.344081,5.911,1010.671,-6.605,-9.7158,34.9011,84.258201,1.0,48.37,9.3,0,True,overcast,afternoon,above
aba2ae84-69f0-4ee1-96fe-92048625f59b,60.0,993.963,0.284,0.08653,-2.357,993.679,-15.3947,-13.8811,17.4155,36.308353,1.0,12.7,3.44,11,False,rain,morning,street_level
719b4990-841f-4fb3-a09e-4dbebd5d8d62,60.0,994.271,0.4701,0.303458,-3.902,993.801,-2.8789,-25.8764,52.6773,40.02855,0.5706,4.73,5.89,10,False,clear,evening,underground
e433497f-a918-4571-a62c-c0919c5519ac,60.0,998.743,-0.9778,0.427683,8.115,999.721,-4.6217,-19.5135,34.9443,71.828584,0.6382,14.33,2.28,12,False,rain,night,above
e9ae301b-852f-42a6-9b7b-a790f3f66230,60.0,1012.436,-1.0447,0.254936,8.671,1013.48,33.0115,7.8611,26.1914,73.149115,0.8145,6.63,3.07,19,False,clear,night,above
b176b2f9-e859-47c5-b8a1-43e450985b32,60.0,1007.691,0.0605,0.459418,-0.502,1007.63,36.3135,-1.6283,32.6722,28.228883,0.7103,68.22,9.3,0,True,clear,morning,underground
5b56b1aa-9bbb-4bd1-a024-c8abe2de53bf,60.0,999.464,0.6975,0.354009,-5.789,998.766,30.3365,-1.3448,49.9766,69.634643,0.8493,39.9,5.18,9,False,rain,night,underground
7db4e6c9-8cd2-45e5-a64d-427441e03f81,60.0,996.442,0.463,0.550984,-3.843,995.979,26.296,-35.9021,27.5247,52.867029,0.8026,13.67,4.16,4,False,clear,afternoon,underground
ed98275a-ee0b-47c2-9c1d-ed4eda25a61c,60.0,993.003,0.0222,0.454155,-0.184,992.981,11.0089,-14.6512,38.087,75.892049,0.495,26.09,2.68,0,False,overcast,morning,underground
4bdc8425-216a-42e5-996c-e2dee9ac7ebd,60.0,1006.506,1.3655,0.673597,-11.333,1005.14,23.6464,-20.8242,49.8175,20.788921,0.2875,55.93,13.52,0,True,clear,afternoon,underground
cfdd41b4-e098-461e-909b-0de48546448a,60.0,997.399,-1.7155,0.183306,14.238,999.114,11.2953,-12.5177,51.026,45.868202,0.4056,47.54,10.47,3,True,clear,evening,above
fe868ac5-1dfd-4bac-b9d2-7deabced0f51,60.0,993.649,-1.19,0.178092,9.877,994.839,3.7408,6.1913,49.5577,22.488767,0.26,65.73,3.86,0,True,overcast,evening,street_level
072b3ef5-b9d3-4fae-aebd-3e02086c2bcc,60.0,999.031,-0.0956,0.237663,0.794,999.127,18.9576,-20.0097,49.3569,65.459868,0.4803,47.95,10.97,0,True,rain,morning,underground
1b562b4b-a7bf-49ec-b144-748d198eb31e,60.0,1000.071,-0.4197,0.181377,3.483,1000.49,14.9415,4.473,32.8625,96.768319,0.8057,12.61,2.75,15,False,overcast,evening,above
90ba789b-c67a-4e5f-968f-f8f8a6965941,60.0,996.185,-0.8402,0.727771,6.974,997.025,23.5155,-10.4108,23.611,18.431899,0.3807,11.07,0.78,4,False,rain,morning,street_level
f5b7257a-2d81-4c4c-9a59-56f3e43a0d43,60.0,999.041,-0.4884,0.56806,4.054,999.529,16.749,-15.8998,43.507,47.507733,0.9262,12.85,1.63,18,False,overcast,evening,above
c2e65142-36ec-4aec-9162-32e183ec503a,60.0,1013.736,0.955,0.050203,-7.926,1012.781,34.9332,-7.3087,24.9708,41.672138,0.1023,36.77,4.23,4,True,overcast,morning,street_level
49b39d91-3154-4352-b4ec-6e838dccc388,60.0,990.309,-1.2318,0.4957,10.224,991.541,30.7716,-9.7235,45.1434,87.411166,0.6991,40.05,14.98,0,True,overcast,morning,above
521efa30-6580-4d77-8488-b19a1fd88dd7,60.0,995.859,1.5508,0.595856,-12.872,994.309,22.879,-12.573,48.809,29.37924,0.0691,23.62,9.42,3,True,clear,night,street_level
1cad0e01-143e-480f-8616-bd0f63f64ba8,60.0,1012.009,-0.272,0.044178,2.258,1012.281,34.2054,-32.2131,11.1853,18.605527,0.8024,33.28,13.45,2,True,overcast,afternoon,street_level
154e6db8-9d10-4615-9f15-b2bfe0c0e976,60.0,1013.527,0.0716,0.527575,-0.595,1013.455,28.8793,1.7242,33.6461,90.858245,0.9776,12.34,4.28,7,False,rain,afternoon,underground
e25134b1-c017-407d-a2fc-ac3b64fd88af,60.0,999.514,0.4376,0.570162,-3.632,999.077,32.1429,-19.2004,19.7514,60.851247,0.5125,70.18,15.51,0,True,clear,night,underground
f17f363c-8f8f-480e-b270-267bad733a16,60.0,990.836,0.3127,0.680696,-2.595,990.523,18.6938,-8.1124,32.5346,36.98951,0.9699,77.34,9.0,0,True,clear,afternoon,underground
deeaa880-2c1e-4dd4-98f2-a73a3ac9fdd0,60.0,997.638,-0.4924,0.196791,4.087,998.131,35.4345,-11.0251,37.8947,77.939769,0.7522,10.5,3.07,18,False,clear,afternoon,above
46861684-b5af-4c81-9959-8d3fed17688a,60.0,1017.002,0.4287,0.110301,-3.558,1016.573,51.2797,-0.2043,35.7325,28.963326,0.7012,26.54,1.91,16,False,rain,morning,street_level
29715dd3-7675-47c6-9597-dd224d7bccbd,60.0,998.073,0.5117,0.622185,-4.247,997.561,-1.2676,-9.8621,39.9967,62.37687,0.6701,16.3,5.47,9,False,overcast,afternoon,underground
bea47cdc-67d7-42cb-af39-042d0900453e,60.0,1014.163,-0.7148,0.283554,5.933,1014.878,16.6332,-17.8517,59.3164,79.665902,1.0,6.89,2.46,18,False,clear,morning,above
883e7b49-f4ae-47cb-973d-5effb5b15a3d,60.0,1015.264,0.5229,0.60026,-4.34,1014.741,32.4408,-8.2005,69.9545,83.194621,1.0,82.03,13.85,0,True,overcast,evening,underground
c391f93d-2e63-4bf3-832c-ff9d29642ebf,60.0,999.877,-0.3804,0.170548,3.157,1000.257,0.1511,15.778,8.1945,70.178715,0.529,59.81,7.79,3,True,rain,afternoon,above
777de6ad-a128-4e97-a4ee-374e068ac2c6,60.0,1005.884,-0.7973,0.19994,6.617,1006.682,25.0847,-4.7705,40.442,72.244106,0.7717,49.83,4.53,2,True,rain,night,above
cbb71c22-af9b-4cf4-840b-d8f678e9b78d,60.0,998.351,-0.9927,0.151381,8.239,999.344,15.8063,-4.8433,51.8585,34.584203,0.8085,25.97,11.71,0,True,overcast,afternoon,above
fee47fe7-e07a-4f6f-829c-c3ad5e420e14,60.0,993.21,0.846,0.179604,-7.022,992.364,16.3087,15.5636,46.4991,65.733692,0.3363,27.73,14.13,0,True,clear,evening,underground
88e7975c-9960-4078-b26b-714ca5dce03a,60.0,1002.994,-0.2978,0.221647,2.472,1003.292,51.2085,-41.5654,41.4778,74.782608,0.0966,6.51,1.56,16,False,rain,night,above
8ef39098-7625-4cc6-adf4-ae557913e3cc,60.0,1010.455,-1.367,0.285122,11.346,1011.822,25.3172,19.674,44.078,76.082096,0.849,38.53,11.42,3,True,rain,evening,above
2d35ca1f-650d-45aa-8f1d-9cc983e2008e,60.0,993.974,-0.8489,0.53845,7.046,994.823,8.2469,2.5571,52.4776,74.702176,0.5455,55.19,9.46,1,True,rain,evening,above
88f7a84d-f913-42d7-84d5-44c30618d2d9,60.0,994.94,0.1805,0.097159,-1.498,994.76,-0.2828,0.8041,14.602,60.86701,0.0,47.12,-0.75,1,True,clear,morning,street_level
967809f5-ecab-4ba0-a43d-5eb639e1c463,60.0,998.967,1.1556,0.495186,-9.591,997.811,-14.9208,9.5093,42.7763,84.327769,0.4558,60.54,16.23,0,True,rain,night,underground
4c72d8db-39ef-478c-82b2-80d5af92207f,60.0,996.548,0.8061,0.525331,-6.691,995.742,26.9629,-20.159,30.047,76.702912,0.9763,80.43,15.38,0,True,clear,night,underground
5e3ad7a6-20a0-43f3-8109-d85c4947acd4,60.0,1018.864,1.6848,0.691069,-13.984,1017.179,37.1445,-7.8476,31.8243,25.267368,0.3555,11.25,3.58,11,False,clear,night,street_level
fb462dbf-311c-4836-9e4e-f7f1d801db7a,60.0,1003.372,1.1727,0.135348,-9.733,1002.199,16.9466,1.5732,33.5285,133.808377,0.5766,28.64,2.24,7,False,overcast,morning,underground
8e353988-ef38-476f-aeac-8e0b919f7cd4,60.0,1011.499,0.1363,0.451719,-1.131,1011.362,34.6902,-3.3409,36.2262,47.62873,0.9965,43.04,7.86,0,True,overcast,night,underground
f5346ca5-9f3a-4263-8f34-c5519a0c2f8f,60.0,1003.424,-0.9087,0.405823,7.542,1004.333,6.7322,-15.1318,23.477,79.31113,0.5872,52.58,6.63,5,True,clear,night,above
958abdd7-c6ca-4794-be5b-03c55d0d7608,60.0,993.029,0.0254,0.459374,-0.211,993.003,45.25,-35.3139,48.6446,82.713956,1.0,6.36,1.22,5,False,overcast,night,underground
f1993770-aa41-4452-87ae-a7a03019a773,60.0,1009.089,-1.239,0.494298,10.283,1010.327,12.4233,-7.5771,30.8491,64.063221,0.6124,41.32,6.89,2,True,clear,morning,above
7a93a99d-aaa6-4962-b9c2-089dd64b2ae5,60.0,997.148,0.5941,0.508283,-4.931,996.554,39.3002,-4.5308,56.6078,30.924247,0.5843,69.27,6.81,0,True,rain,afternoon,underground
e20e68f9-0326-4878-a941-14398c011361,60.0,1015.307,0.9388,0.523116,-7.792,1014.368,14.6876,-11.1665,35.3495,45.499284,0.5023,67.16,6.59,2,True,clear,evening,underground
4c0318f8-666e-4db1-a07b-350a7736dce0,60.0,1017.576,1.071,0.384621,-8.889,1016.505,33.6593,-8.0627,22.3313,42.480567,0.6029,58.35,11.44,0,True,overcast,evening,underground
425bdaa5-ed18-4261-9710-d40d77b6a5e0,60.0,1005.492,0.8902,0.487442,-7.389,1004.602,9.7295,-15.3496,37.234,52.44399,0.2846,54.6,10.22,0,True,rain,night,underground
21b45da7-f3f7-4b3c-9b69-d89cd733a5ae,60.0,1012.31,0.6937,0.59027,-5.758,1011.616,35.2575,11.4838,49.0384,101.526062,0.6315,58.79,9.38,2,True,rain,evening,underground
a0ae337d-576f-4308-a709-4db2b21cc1ef,60.0,1014.722,-0.1963,0.136707,1.629,1014.919,19.3354,-19.2437,21.4047,64.120758,0.3973,15.67,0.43,14,False,rain,night,street_level
9b37d541-3ce9-407d-9893-deeb1465f806,60.0,993.881,-0.7717,0.359855,6.405,994.652,22.271,-30.5804,41.1593,78.557206,0.9741,38.2,7.62,4,True,clear,evening,above
a21d5736-de10-44cd-9beb-488259ea8f81,60.0,1016.775,-1.0634,0.415067,8.826,1017.839,7.862,-16.9134,28.7884,71.906882,0.9845,7.7,3.7,11,False,clear,evening,above
883a43fe-ff98-45c4-a1bf-1f6937c55180,60.0,1013.114,0.9373,0.465021,-7.78,1012.177,34.4424,1.4257,26.6588,42.630601,0.6124,107.66,13.73,1,True,rain,afternoon,underground
009e271b-bab2-4540-8b52-6125bcf5e86a,60.0,1003.981,-0.7144,0.111624,5.929,1004.695,21.1304,13.3498,23.9297,56.622647,0.9837,8.74,9.99,0,True,clear,afternoon,above
84f54124-0ac2-439f-a24e-71f1d6ce42ee,60.0,1016.279,0.0021,0.225401,-0.017,1016.276,14.8791,-33.5002,52.1207,52.121126,0.2414,17.8,3.44,7,False,clear,evening,above
4b57ea64-1185-4817-aaa6-e8fd1ad2983d,60.0,995.735,0.2906,0.018269,-2.412,995.444,47.1605,-17.8459,48.8634,39.55324,0.5238,4.65,2.98,12,False,overcast,morning,street_level
6c84c9f4-cc96-4086-a839-b93824ace5b8,60.0,1003.084,-1.3321,0.464244,11.057,1004.416,15.899,-3.2218,33.04,68.595562,0.5822,1.0,7.38,4,True,clear,night,above
289b57e2-8cf6-4d48-a61c-532f53f7ba8c,60.0,1013.473,-2.5199,0.140152,20.915,1015.993,14.3793,-23.2336,59.6356,48.555452,1.0,67.65,9.83,5,True,overcast,evening,street_level
eff72a18-40f8-4e4f-b843-03504c963f73,60.0,1011.099,1.0039,0.141859,-8.333,1010.095,-5.649,-33.2487,35.2602,113.21996,0.4852,59.16,7.9,1,True,overcast,morning,underground
99191ca1-77b0-4c02-909e-4567fa8727b1,60.0,1008.703,-1.5799,0.251781,13.113,1010.282,3.868,-28.0119,37.7334,96.960209,0.4045,8.11,1.2,15,False,clear,afternoon,above
bebc7499-550a-44ee-b5fb-b2132a3dc189,60.0,993.275,1.0901,0.259512,-9.048,992.185,16.3541,16.8043,16.9961,75.759131,0.4662,60.95,15.45,0,True,overcast,afternoon,underground
cb64d83c-094a-4d8f-9288-8c1ee347eedc,60.0,1006.91,0.2363,0.076199,-1.961,1006.673,3.4141,-34.3389,56.1996,82.369486,0.0673,24.33,2.26,15,False,overcast,night,street_level
6e9118bb-ee80-4a8a-b904-bec05ab7f127,60.0,994.854,-1.2657,0.332379,10.505,996.119,32.0321,3.5787,63.7049,87.669622,0.807,8.18,1.15,14,False,clear,evening,above
7a731c67-83f6-42d5-a389-7fa5c00ccf78,60.0,995.406,0.7173,0.013101,-5.954,994.689,30.5775,7.1133,35.2211,11.519013,0.6871,8.44,4.06,15,False,rain,evening,street_level
497d7049-3155-4f0a-90c9-c9512a7e835c,60.0,1005.922,0.5913,0.15263,-4.908,1005.33,39.0863,-21.0083,51.6101,99.760355,0.8806,45.85,6.2,0,True,clear,afternoon,underground
4ff70a74-864b-4816-b550-9e8b584974c1,60.0,989.744,-0.3814,0.040483,3.166,990.126,7.7181,15.6976,51.6402,8.479888,0.6218,1.0,2.21,8,False,clear,morning,street_level
c4ce185d-8a46-48c4-8bfb-cc5b6a53a05e,60.0,1002.388,-0.7435,0.107441,6.171,1003.131,23.31,-9.6419,61.3046,95.812802,0.7391,81.12,12.24,1,True,clear,night,above
4d1e4f0f-694e-4af4-bb4d-d9ea00659cf8,60.0,1003.673,0.6888,0.558118,-5.717,1002.984,16.5456,-18.5796,31.9847,31.165824,0.8039,74.16,13.1,0,True,clear,afternoon,underground
3a1c7529-0118-4455-ad91-a1db00cfb9a6,60.0,992.664,1.0428,0.25706,-8.655,991.621,45.2842,-0.3168,23.2336,54.917676,0.7296,86.99,12.18,0,True,rain,morning,underground
7424d0ef-1c1d-449f-b61f-55e4cf33e98f,60.0,995.14,-0.5045,0.707014,4.187,995.645,-3.8058,-18.0687,46.2668,42.632579,0.6804,47.25,6.42,3,True,overcast,afternoon,street_level
4ca5c96c-3932-4b41-ab11-05661f83cbc7,60.0,1012.37,-1.5133,0.217202,12.56,1013.883,-15.9502,25.5706,49.4903,30.8857,0.5951,23.16,1.82,9,False,rain,morning,street_level
121c2276-9482-4fc3-a307-a641cc47c876,60.0,1008.655,0.4562,0.596033,-3.786,1008.199,6.7086,-17.66,79.843,70.10536,0.6676,18.41,8.48,4,False,overcast,night,underground
316b9501-7599-4610-a7e4-344f8d0fb12f,60.0,1006.205,-2.7181,0.097216,22.56,1008.923,13.2274,10.0687,36.9303,35.767705,0.2599,16.97,-0.15,13,False,overcast,evening,street_level
8fa545c0-9786-4efd-9116-7ac06fd2f144,60.0,993.052,-0.8143,0.766511,6.758,993.867,49.3661,-23.4616,52.6845,7.787334,0.2635,50.98,5.15,5,True,clear,morning,street_level
114ccc82-7b5f-4573-aa9a-f52dd33bd873,60.0,998.157,-1.4328,0.377499,11.892,999.589,31.7907,-12.8237,23.4167,92.284072,0.6628,35.48,9.0,0,True,overcast,night,above
c9f03fca-973e-42e7-9ab2-308804fe14c0,60.0,1005.003,1.0962,0.338712,-9.099,1003.907,31.3217,-5.2192,61.149,41.610583,0.5473,10.76,2.31,9,False,clear,afternoon,street_level
45626611-a33d-416c-acd7-8df0760733c9,60.0,1014.427,-0.0883,0.118737,0.733,1014.516,7.1128,-8.0034,43.2888,9.520295,0.6789,60.22,5.84,1,True,overcast,night,street_level
ea25cd20-aef5-47e3-9deb-1b3ee1f5a1ae,60.0,1010.721,0.1936,0.020005,-1.607,1010.528,26.9013,-24.4431,45.3068,10.0813,0.4631,46.51,8.39,3,True,overcast,evening,street_level
8817e664-c3d3-4438-9d0a-eb832cf579b8,60.0,993.811,0.8087,0.634438,-6.712,993.002,21.2099,-17.2545,55.6557,88.137995,1.0,19.8,4.92,4,False,rain,morning,underground
7cb0e786-75ae-426f-a40c-15ad5d8e91c8,60.0,1015.208,-0.0088,0.254425,0.073,1015.216,15.322,-14.2999,30.5153,94.529918,1.0,11.64,3.67,2,False,rain,night,underground
21d9e0a7-8f89-43a0-8684-e754d16b2c47,60.0,990.096,0.0005,0.126562,-0.004,990.096,38.162,-2.0927,59.296,46.439729,0.5856,35.99,1.06,18,False,clear,evening,street_level
95af1edc-ca74-4cf4-8f58-53ffe4faec2d,60.0,1013.699,-1.0148,0.530199,8.423,1014.714,5.9919,-14.0667,24.0091,38.825516,0.7773,41.32,7.61,3,True,overcast,night,above
dc7b307e-2eec-4139-a0c1-f283ed0c1e09,60.0,992.867,-0.3936,0.568001,3.267,993.261,5.8697,6.2543,66.022,66.53586,0.5614,14.94,5.01,7,False,rain,night,underground
2a7c5195-01a3-452c-9bbb-3997c14726d8,60.0,1008.911,-0.107,0.120576,0.888,1009.018,28.0438,-13.4379,32.459,44.658315,0.8753,1.0,0.07,11,False,clear,night,street_level
3f3c6360-0592-4437-b13f-6b3e6eb173c3,60.0,1013.278,-1.1811,0.357277,9.804,1014.459,12.3944,-12.7097,42.4962,32.507317,0.8228,12.74,2.85,17,False,rain,night,above
db30fc71-e409-41b3-bd2a-74f4fda3cfe1,60.0,1010.472,0.4889,0.308279,-4.058,1009.983,3.8112,13.2194,61.7204,75.390234,0.5934,69.48,18.02,0,True,overcast,afternoon,underground
af49da33-fe11-42d8-a3c7-26fdf2577893,60.0,1015.326,0.3416,0.224069,-2.835,1014.985,13.2696,-15.1514,26.4232,87.899045,0.9007,18.63,3.87,3,False,clear,night,underground
ba4b8e0c-410d-4e77-bca5-31454cd0094b,60.0,1005.669,-2.0324,0.333609,16.869,1007.701,-10.3212,-11.414,42.9462,31.809847,0.2187,38.23,3.37,1,True,rain,evening,above
410d6ff5-a1ec-4a5b-9b46-809ab32d7417,60.0,1008.112,-0.14,0.536209,1.162,1008.252,44.0472,-13.5858,29.7973,72.406324,1.0,1.22,0.92,12,False,overcast,morning,above
22f4c01c-6699-408e-a8d8-1e9505e8046a,60.0,1012.894,0.2522,0.228841,-2.093,1012.642,12.4477,-15.7485,37.0332,112.373358,0.9498,56.73,17.84,0,True,clear,morning,underground
b384b524-c7f0-404a-91bb-55cacdf85c25,60.0,995.173,0.419,0.38318,-3.478,994.754,42.1835,-9.2301,29.125,86.304735,0.3257,10.95,3.68,11,False,clear,night,underground
04d21897-5897-4f12-a4b6-7c70dc163dee,60.0,991.44,0.1122,0.174909,-0.931,991.328,0.9891,-20.4786,29.9758,70.185963,0.8519,4.62,4.32,9,False,rain,morning,underground
1e958e92-97fd-4d29-adde-0fa1fd46a9bd,60.0,1004.785,-0.3615,0.552662,3.0,1005.147,-6.0059,0.2287,28.1656,57.686053,0.6427,1.0,1.94,10,False,rain,evening,above
7ee0c217-f5ab-4c1f-9fd9-3d87f796d2ad,60.0,1005.382,1.1495,0.774672,-9.541,1004.233,10.834,-10.0509,41.8106,51.797891,0.3207,7.73,3.5,15,False,overcast,morning,street_level
34b68774-6ce7-438f-a5c4-4e6ef5674af3,60.0,997.474,1.572,0.417812,-13.047,995.902,35.2978,-25.3053,43.8587,18.688098,0.0575,15.99,3.41,15,False,overcast,afternoon,street_level
03142e91-9b58-4c23-afe7-463aaf0820c3,60.0,1013.724,0.4014,0.053638,-3.331,1013.323,33.1459,-26.623,21.9093,-5.760052,0.6616,59.46,11.16,4,True,rain,afternoon,street_level
d6711ada-31a5-4341-b402-011e56858f68,60.0,1004.91,0.1315,0.052797,-1.092,1004.778,41.413,3.4633,33.4042,74.030287,0.8396,54.92,10.28,2,True,clear,night,street_level
d413186f-bc67-403c-aff2-1ae13db2c555,60.0,1005.829,-0.6408,0.292236,5.318,1006.47,24.5076,-10.2242,15.487,64.17725,0.5079,29.44,7.98,3,True,rain,afternoon,above
5fb077be-5225-4fe0-a622-6522dd6743a1,60.0,1006.261,0.0705,0.147589,-0.585,1006.19,33.9114,-21.391,52.9274,53.928519,0.2764,2.42,1.36,7,False,rain,evening,street_level
5c06be4a-4ab8-4a0a-8f2c-b8ff050484fa,60.0,1006.225,0.6207,0.496399,-5.152,1005.604,11.8082,-15.883,25.2936,58.4329,0.6385,27.2,16.74,0,True,rain,evening,underground
bec8e8c2-2b21-4b05-92bf-040aaf1beffe,60.0,1007.493,1.0798,0.75967,-8.962,1006.414,23.3173,-18.602,26.5952,10.50729,0.7374,5.76,-0.77,13,False,clear,evening,street_level
dd8b4994-3dfe-40ef-af52-0bfeef940c02,60.0,989.013,-1.1084,0.296438,9.2,990.121,26.012,-5.051,41.3367,34.86042,0.629,10.42,1.83,15,False,overcast,night,above
e2e9323f-13c3-41c9-9176-2836dcb292e1,60.0,988.208,-1.8356,0.649992,15.236,990.043,48.9903,-40.9363,45.3301,120.326351,0.6672,1.0,4.2,12,False,rain,afternoon,street_level
6a0f38e9-ff2a-4f2a-b32f-2cb7a24a7961,60.0,989.21,-0.835,0.590445,6.93,990.045,0.2346,-14.3195,43.4936,68.713901,0.1997,20.54,3.73,14,False,rain,night,above
050fe9bc-31b2-4808-bf26-b28d8aad36be,60.0,1012.416,0.3081,0.450542,-2.557,1012.108,-15.5492,-4.5742,25.1464,50.198874,0.6775,46.09,9.43,0,True,overcast,afternoon,underground
beedc093-5789-49bf-951d-6edce5d351c2,60.0,1005.469,1.0578,0.613243,-8.78,1004.412,35.4435,-13.6683,55.0115,71.032612,0.1843,5.1,3.41,12,False,rain,night,underground
0f856a88-e7fe-4e9a-9ac9-931bbbf69810,60.0,1011.182,-0.5209,0.17528,4.323,1011.703,2.6234,-23.0063,54.4882,52.907763,0.7511,11.72,1.99,22,False,overcast,morning,above
ac78a500-56d1-4e6c-9bc1-0bdac6f1594d,60.0,994.165,0.4454,0.01631,-3.697,993.72,12.9019,-24.2948,43.7638,31.629439,0.1449,10.94,-0.58,19,False,rain,morning,street_level
9d137bff-d88d-4642-948b-43d66f5f7b9a,60.0,1017.915,0.5658,0.220895,-4.696,1017.349,25.7628,-11.9798,19.9317,60.884733,0.7496,14.07,4.2,15,False,clear,morning,underground
14b81fc2-09c0-46b0-bde6-6dfae4dd2722,60.0,989.599,-0.9662,0.218765,8.02,990.565,10.5114,-36.6851,29.9028,26.28929,0.5563,72.8,11.04,2,True,overcast,morning,street_level
15946a7f-5aa2-4c84-88eb-619e36de1f6a,60.0,1004.275,-0.238,0.074531,1.975,1004.513,26.0376,-11.5978,63.5056,36.775436,0.8783,1.09,0.62,5,False,clear,night,street_level
34ed4db9-21e2-4bd8-bab8-d1825ec2ad66,60.0,1015.615,0.8743,0.428945,-7.256,1014.74,7.4714,-2.1152,51.6068,-7.591602,0.1547,30.71,1.96,14,False,clear,night,street_level
189cd40b-03a6-494b-8489-070317d461b5,60.0,1017.766,0.4755,0.58139,-3.946,1017.291,18.1913,15.9429,20.0355,79.353755,0.7097,6.23,3.42,8,False,clear,night,underground
7c182eb0-a3c0-4540-951b-73407a80c223,60.0,1011.135,0.0721,0.105217,-0.598,1011.063,16.4599,11.7847,33.5892,35.382318,0.5509,45.92,6.02,3,True,overcast,night,street_level
91d0b801-8472-4493-9131-f0665d1f123c,60.0,1004.99,0.5302,0.340246,-4.401,1004.46,7.9433,23.4818,34.4295,109.41709,0.545,48.94,11.1,0,True,clear,evening,underground
7c6d2f9e-ff79-4b6e-9744-eaf98dc88c2e,60.0,1014.038,0.0215,0.094105,-0.179,1014.016,29.595,-23.6066,63.3201,29.92143,0.7179,1.0,1.25,6,False,rain,evening,street_level
a80bd49d-2ff7-4112-a3d1-1252f843d7b4,60.0,1001.189,-1.1143,0.4427,9.249,1002.303,34.9742,-27.7896,43.7591,64.038651,0.008,13.4,-0.02,5,False,overcast,evening,above
7f93f271-c030-473a-bec3-0c778ac1ac8e,60.0,990.912,-1.2851,0.594184,10.666,992.197,32.7877,-16.7937,23.0263,66.189098,0.5535,37.48,7.35,0,True,rain,evening,above
01551291-bc25-45a0-b57a-0d5cc68708df,60.0,991.05,-1.2813,0.247618,10.635,992.331,34.4904,3.6413,52.5875,49.305705,0.5551,13.22,2.44,11,False,overcast,afternoon,above
a24ce9ae-b815-445c-a160-bbef362126e5,60.0,997.889,0.6495,0.486833,-5.391,997.24,42.3446,11.9351,79.7669,42.164226,0.4667,23.95,4.56,24,False,rain,afternoon,street_level
3be498c6-9620-4dac-a9ee-bd3b13b74420,60.0,1016.222,-0.0539,0.196005,0.447,1016.276,54.462,-31.6086,21.7193,57.304948,0.6403,35.23,4.79,4,True,overcast,evening,above
6a14dcb9-97cf-4964-b794-2e9daf0c222e,60.0,989.872,-0.1649,0.578422,1.368,990.037,5.355,-18.6459,75.0779,54.092201,0.6488,12.61,1.66,19,False,overcast,evening,above
d864e1fc-c7a8-4617-a5db-29e37047cf7c,60.0,1013.55,0.2196,0.223527,-1.823,1013.33,37.4837,-7.7564,38.4737,49.399536,0.7378,75.06,13.83,1,True,rain,afternoon,underground
19e82005-a16f-4337-8843-4a431aacf4a7,60.0,1008.634,0.4644,0.654903,-3.855,1008.17,22.8413,-13.371,44.4832,43.364597,0.3262,19.08,6.09,8,False,overcast,afternoon,underground
c3479664-afaf-44c1-a0ec-ee1f92e9a213,60.0,991.878,-0.0849,0.142644,0.705,991.963,1.3107,-22.955,55.004,68.828634,0.1028,1.0,2.32,17,False,overcast,night,street_level
63fd583a-d2b7-48a4-be7b-c55615808498,60.0,998.433,-0.6949,0.071167,5.767,999.128,-2.0227,-28.5457,52.1378,41.814656,0.1703,1.0,4.09,15,False,rain,night,street_level
d27bb670-5c07-481f-8e3d-b4c62452e9f3,60.0,999.959,0.5368,0.750017,-4.456,999.422,33.5156,12.1339,43.2377,3.500393,0.4953,20.46,2.09,8,False,clear,night,street_level
1bf3aaa5-7aba-4a72-a0ff-35313c441bd0,60.0,1003.918,-1.346,0.310583,11.172,1005.264,10.8385,9.9179,57.9322,35.732788,0.3879,76.12,3.09,6,True,clear,evening,street_level
ec508d29-2747-4b9b-bbd6-fc7d8e4a59ee,60.0,1001.046,-0.7211,0.213312,5.985,1001.767,26.732,-13.4913,23.5658,66.599482,0.7565,6.84,2.03,12,False,clear,afternoon,above
1bf519a8-fda6-41bf-a180-385dcddb2623,60.0,998.679,-1.0517,0.49214,8.729,999.731,33.7619,-3.7916,58.3866,72.258101,0.3188,9.62,2.7,8,False,clear,night,above
b5afb8f0-318b-4941-9225-9651fa4b8e65,60.0,1001.127,0.4363,0.250306,-3.622,1000.691,3.9036,-31.5584,39.1278,65.923027,0.5997,77.43,10.75,0,True,clear,morning,underground
13a39ac2-2b04-478b-984c-ed92c9c38971,60.0,997.74,-0.3823,0.406185,3.173,998.123,5.9566,-17.9444,49.5622,53.952603,1.0,59.58,9.83,1,True,rain,afternoon,above
17e26595-1e38-43d2-b409-f569a4ea751a,60.0,1005.714,0.1431,0.090987,-1.187,1005.571,16.7372,-19.4786,18.5515,30.666872,0.3902,2.03,3.34,12,False,rain,afternoon,street_level
3411fe8b-8641-40f0-8980-d37bd90bb0fc,60.0,992.907,1.5765,0.523081,-13.085,991.331,26.5837,-15.6498,9.1102,43.726637,0.4018,14.73,4.59,7,False,overcast,morning,underground
58b3df90-6c4a-435b-b2c3-87711ff7ebf8,60.0,996.236,-0.0415,0.032721,0.345,996.278,18.1566,8.9139,56.8247,32.759792,0.9064,5.22,1.83,8,False,rain,evening,street_level
389a82ae-d540-4b97-82cd-aeda6a79c0ae,60.0,997.045,0.6767,0.318518,-5.617,996.368,5.9843,8.6927,49.0047,34.567964,0.6614,81.94,17.4,0,True,overcast,evening,underground
dc8f5820-d964-4f91-baa0-a0d3c4e75b97,60.0,1015.382,1.3646,0.455338,-11.326,1014.017,34.8178,4.6156,29.187,61.864071,0.6544,88.67,10.11,0,True,overcast,night,underground
1d99229e-bcce-4c7a-86ad-fc74de8ddb70,60.0,1004.114,0.0085,0.593173,-0.07,1004.106,41.9773,-3.7672,48.7809,17.797279,0.6526,9.48,4.03,2,False,overcast,afternoon,underground
34c53f10-ac64-424a-856f-9c9f81483e18,60.0,990.247,-0.2676,0.110118,2.221,990.514,18.8157,-15.6845,57.5958,48.091052,0.7074,6.0,0.78,7,False,overcast,afternoon,street_level
f7b54695-adb0-4cd9-b490-b025a9dad569,60.0,1002.959,0.118,0.085119,-0.979,1002.841,9.8598,15.8497,50.4862,34.397153,0.0,9.21,2.68,8,False,overcast,afternoon,street_level
34f42f44-a2f4-43e6-8ee9-934e2e3c9cea,60.0,997.188,0.5101,0.629084,-4.234,996.678,14.4721,-20.5629,31.0824,113.410007,0.8187,48.35,8.56,0,True,clear,evening,underground
1e642714-afa1-4d71-af7b-b12855ec5f74,60.0,1016.654,-0.0413,0.504944,0.342,1016.695,3.2922,-3.3461,33.0313,50.699659,0.6713,5.08,4.62,15,False,clear,afternoon,above
d426c40b-5f71-40c7-ba4f-84970a3a8082,60.0,1006.354,-0.9633,0.373138,7.995,1007.318,19.4806,-1.0447,54.3616,104.032389,1.0,66.03,8.9,3,True,overcast,night,above
0ea4a916-ed18-453e-84aa-85b6f9f0542e,60.0,1015.419,0.2563,0.511,-2.127,1015.162,15.9745,-3.78,44.9342,94.067927,0.4162,18.2,5.21,7,False,overcast,evening,underground
b4fe331b-f8a2-4021-bf2c-da25bc93a027,60.0,1001.855,-1.0604,0.258556,8.801,1002.915,25.7793,16.749,45.2899,67.644577,0.502,38.58,6.65,0,True,overcast,night,above
19a08940-0ef4-4762-8916-9a17a7d07400,60.0,995.444,3.6026,0.579759,-29.901,991.842,27.073,-22.0439,31.092,32.673571,0.247,2.34,2.44,11,False,clear,morning,street_level
fdcef800-b56a-4304-a1f0-b0278a7578db,60.0,993.573,0.1985,0.148165,-1.648,993.375,14.3806,9.7657,48.8541,18.905993,0.3235,19.81,12.31,4,True,clear,morning,street_level
e63c44e0-f245-406e-8c68-5a311e7fcd6c,60.0,998.468,-0.5942,0.207679,4.932,999.062,42.3084,-1.6618,27.3837,86.328558,1.0,46.27,9.14,1,True,clear,afternoon,above
90157dc4-9c96-4df7-b665-fc90f4de135b,60.0,998.519,1.6103,0.240985,-13.366,996.908,13.9146,5.5305,42.5841,8.025991,0.2904,64.75,6.84,2,True,rain,morning,street_level
a8ca0846-3886-4a6c-968e-95b5206ef81b,60.0,998.167,0.2108,0.373163,-1.75,997.956,22.8672,-10.526,39.6299,112.994236,1.0,5.39,2.58,9,False,clear,morning,underground
07a40421-b1ce-4c9a-906f-bb638847c466,60.0,1004.101,-0.0833,0.141621,0.692,1004.185,30.9687,-39.8131,44.5186,15.459967,0.3891,4.91,1.03,18,False,overcast,night,street_level
1f0af7b2-99fd-4906-ade7-724b4210f84f,60.0,1005.189,0.8383,0.177691,-6.958,1004.351,25.8195,-7.2748,49.8584,19.593532,0.5654,5.37,10.82,0,True,overcast,night,underground
de6adf8e-948e-4e10-806c-9e7c4fc02166,60.0,1012.851,0.982,0.5289,-8.151,1011.869,2.2694,-39.4635,47.8207,68.907079,0.6017,19.76,5.34,8,False,rain,morning,underground
84b27ec2-e818-4556-94fe-9cd33d66c960,60.0,985.67,-4.3491,0.413244,36.097,990.019,23.8724,-30.2545,25.4852,45.039744,0.5866,21.29,1.97,17,False,overcast,night,street_level
c74dd130-3d72-457b-9af8-527f415e7c37,60.0,1017.658,1.1494,0.336313,-9.54,1016.508,8.7243,3.2551,51.7866,73.651704,0.7097,11.7,6.53,10,False,rain,night,underground
7b07412b-8f5e-4d23-9251-7f9274a08874,60.0,992.849,0.5302,0.434875,-4.401,992.319,-1.9603,-39.0624,50.4256,64.892172,0.9247,18.44,2.62,9,False,rain,evening,underground
372dfeaa-e0c0-41ae-a08e-e91f8a1053c5,60.0,1013.605,-0.2526,0.571926,2.096,1013.858,48.0637,-27.2924,22.8135,98.935454,1.0,6.76,1.58,14,False,clear,afternoon,above
828b13f8-4517-47c6-80c6-6f58fb717ca7,60.0,1014.963,0.0635,0.041735,-0.527,1014.899,11.9828,-2.2425,39.1203,30.284233,0.347,14.2,0.64,9,False,overcast,evening,street_level
079e67fa-7697-4500-b730-7e82ec235981,60.0,1014.431,-0.5514,0.541994,4.576,1014.982,41.14,-22.8266,32.4955,108.080818,1.0,5.78,1.47,9,False,clear,night,above
3afe8753-a16d-4efc-8573-c8b1168a055f,60.0,1004.401,-0.5827,0.235982,4.836,1004.984,43.6647,-14.4135,34.1644,70.769051,0.3813,11.12,4.05,19,False,rain,night,above
5fd8a163-bb86-4450-b5c1-e2f49ebb6c54,60.0,989.724,-0.5416,0.391933,4.495,990.266,34.394,4.7502,34.4961,91.329959,0.5301,67.78,9.92,2,True,rain,morning,above
e3d89612-d4e6-441c-bc85-b4f246d96c22,60.0,995.911,-0.519,0.388534,4.308,996.43,18.9342,-9.092,63.0408,93.827463,0.8408,27.44,5.05,2,True,rain,evening,above
dcd3998d-6859-4233-8027-c82f513b1ac5,60.0,998.676,-1.8676,0.49931,15.501,1000.543,32.2285,-9.2064,27.2117,17.336571,0.4399,9.98,3.77,4,False,clear,evening,street_level
8caf18e7-1070-49c4-881d-f9aefcf84568,60.0,1002.464,0.5734,0.534199,-4.759,1001.891,17.0328,1.3778,63.1339,73.664187,0.585,30.1,11.73,1,True,overcast,evening,underground
062039eb-b48b-46db-8728-efa51356ef72,60.0,1008.243,-1.1849,0.338744,9.835,1009.427,14.6746,-27.4122,48.015,81.920852,0.612,40.81,9.21,2,True,rain,afternoon,above
e087ea8a-49a8-4799-81d1-648c6c81f2ad,60.0,988.864,-1.4704,0.521167,12.205,990.334,34.221,0.904,43.4522,54.886103,0.4974,38.45,7.36,3,True,overcast,afternoon,above
0757da1a-362e-4243-8d3a-4b247dcf2512,60.0,990.989,-0.0269,0.22582,0.223,991.016,13.7226,-20.0176,38.1701,119.471245,0.6629,46.54,7.06,0,True,rain,afternoon,underground
6a0d5944-18a9-4f44-b25c-4cbdf59952c3,60.0,1006.767,-0.575,0.575473,4.772,1007.342,-11.743,-25.9111,48.9818,35.054922,0.691,1.0,4.09,12,False,clear,afternoon,above
8a39b30e-633b-43db-9883-e597bbb60a85,60.0,1006.332,1.2715,0.580304,-10.554,1005.061,14.8796,-11.7294,54.6304,107.221437,0.8112,67.6,10.08,0,True,rain,afternoon,underground
d6665360-28e2-40cd-914c-06143e24db1f,60.0,1002.654,0.2628,0.141412,-2.181,1002.391,10.7465,-1.9261,40.9403,67.644116,1.0,7.41,2.24,3,False,overcast,evening,street_level
732bd854-1783-4285-8077-3b81bedc0aac,60.0,1002.636,1.0881,0.659448,-9.032,1001.548,15.6557,0.4615,50.8467,108.376359,0.7531,35.24,4.47,10,False,clear,evening,underground
ebfaefdb-75ef-4a17-83e2-7d84fd5db293,60.0,991.39,0.7956,0.108886,-6.604,990.595,22.057,-38.2103,33.5456,105.913984,0.6419,95.01,13.93,0,True,overcast,morning,underground
7c707562-7980-48ae-bb0e-241411639346,60.0,999.384,-0.8744,0.479466,7.257,1000.259,20.3515,1.9819,40.128,58.409282,0.6156,44.93,10.98,1,True,rain,morning,above
2d5ae548-b0bc-4053-9341-fa5e1c1fccb8,60.0,996.822,-0.4512,0.379166,3.745,997.273,3.3529,-10.0524,30.7987,78.884123,0.3615,31.13,10.23,0,True,rain,night,above
d734e4f1-f339-482c-95b4-f4b4c66506eb,60.0,1016.559,-0.1742,0.692287,1.446,1016.733,48.611,2.3052,39.5549,94.635501,0.8809,52.8,10.69,0,True,clear,evening,underground
6806d382-a95e-47e6-92a7-5308518f5d95,60.0,996.107,0.6072,0.454471,-5.04,995.5,34.937,-11.5794,35.2769,44.719169,0.5742,1.0,2.4,7,False,overcast,morning,underground
61f2ccdf-f199-4124-b796-99a64f4993e2,60.0,1006.45,-0.5539,0.128529,4.597,1007.004,18.2397,2.2282,38.6373,53.11741,0.4484,17.32,1.95,15,False,clear,night,above
6260fa7d-6400-4736-a2cf-61657bafa42b,60.0,1002.39,-0.2756,0.399277,2.288,1002.665,23.0776,-22.9692,66.2136,46.933083,0.3892,52.31,11.26,0,True,overcast,night,above
10f2724e-2166-42c5-9b82-d9ef73ae4af0,60.0,997.966,0.6166,0.404306,-5.118,997.349,11.8379,7.2395,35.4224,107.933129,0.8626,47.13,10.16,0,True,clear,night,underground
8453d955-4561-41d2-a0fd-5c239eaa46dc,60.0,1008.027,-0.7365,0.23653,6.113,1008.764,2.571,6.5261,39.8658,65.100192,0.449,29.11,6.85,0,True,overcast,morning,above
12799b95-5721-48ba-ac10-3167da6253ca,60.0,994.98,0.0405,0.094263,-0.337,994.939,2.6344,-24.6607,50.1756,10.664199,0.6097,83.83,7.5,1,True,rain,morning,street_level
1cf2e3af-ac79-4eee-80aa-15aefff58aeb,60.0,1004.294,-0.3039,0.186947,2.523,1004.598,41.8648,1.7571,39.4851,39.139349,0.408,12.78,3.48,18,False,overcast,afternoon,above
9dc0707e-7821-4474-8585-987520c14bf7,60.0,1011.436,-1.4517,0.272228,12.049,1012.888,-1.9486,-2.4959,53.2882,30.560412,0.8824,11.94,2.4,12,False,overcast,afternoon,above
3e7d03e6-f963-4d82-acf2-b2de00235cca,60.0,1000.962,0.6057,0.160041,-5.027,1000.357,28.5553,-4.78,68.9096,10.570067,0.066,8.87,3.84,21,False,clear,night,street_level
17685f39-97d2-4b47-83e3-2472c12e9ced,60.0,1013.994,0.3589,0.242679,-2.979,1013.635,30.8919,-17.7889,44.4771,41.890039,0.6747,1.0,-0.13,8,False,clear,night,street_level
96bcc565-d48f-40b2-b19c-d311cb387105,60.0,1003.332,-1.3344,0.392582,11.075,1004.667,18.3703,-17.6001,32.9413,113.643574,0.66,68.01,9.31,0,True,overcast,morning,above
e33c8538-dc1e-48cf-917c-2b48f3dd18c1,60.0,999.328,1.2202,0.686476,-10.128,998.108,36.8281,-17.4014,26.147,77.178304,0.724,57.16,10.96,0,True,clear,evening,underground
260a0575-f09e-4112-a339-ab3d164a4493,60.0,1015.497,0.0006,0.138538,-0.005,1015.496,6.0833,-22.8035,61.347,36.395908,0.4542,31.99,-0.98,6,False,overcast,morning,street_level
1e88a08e-6fe3-46e3-974e-7eff0418ca79,60.0,1004.039,-0.3578,0.466106,2.97,1004.397,15.4844,-12.0836,63.6327,63.361866,0.6654,75.05,11.83,0,True,overcast,evening,underground
8a797c02-cbe5-44bc-991d-f3442a249015,60.0,1014.29,-0.1752,0.3958,1.454,1014.466,36.9723,-8.5875,17.9278,72.974832,0.2532,20.21,3.42,6,False,clear,evening,above
a689f1d5-8638-4415-b52a-f6d85df0fe01,60.0,1003.27,-0.5946,0.403026,4.936,1003.865,2.8961,-10.3027,49.7977,111.130657,0.4178,39.95,10.71,4,True,clear,night,above
20884bf6-0e10-4c78-a01d-8a9a39f8eebc,60.0,995.726,0.9857,0.251503,-8.182,994.74,20.6129,10.876,63.8867,84.946802,0.9414,70.0,8.27,0,True,overcast,morning,underground
e730440f-5c37-46dd-8c0f-b852996fe111,60.0,1014.884,0.3754,0.019731,-3.116,1014.509,24.1238,-17.7001,24.9521,87.989572,0.1508,31.32,10.51,0,True,clear,afternoon,street_level
33e30214-ad77-4d9a-a7f5-d6a24a103b5e,60.0,1014.682,-1.1202,0.477825,9.298,1015.802,1.3648,-12.8396,36.9367,62.584086,1.0,48.8,11.2,0,True,rain,morning,above
82c46275-3448-46df-9714-be1c96bdbdf3,60.0,1011.838,-0.4437,0.32764,3.682,1012.282,17.9779,-10.6888,19.2232,45.025122,0.7564,8.67,2.26,8,False,rain,morning,street_level
59dd9ee3-0ee4-4f54-855d-6e4cca9b2ccb,60.0,991.399,1.0623,0.51462,-8.817,990.336,24.0731,-24.402,51.4383,38.66555,0.6361,61.72,5.48,0,True,overcast,afternoon,underground
8cbf8105-0d75-42c2-9562-48657ed41b96,60.0,1004.863,-1.2029,0.585958,9.984,1006.066,-2.1549,11.0415,57.4851,51.075702,0.6053,16.65,3.34,6,False,overcast,night,above
a1b062d0-d91e-4b77-a7a1-d41861f87998,60.0,1002.486,0.0193,0.129209,-0.16,1002.467,22.2358,-9.5043,32.5601,46.582161,0.777,4.36,3.33,15,False,overcast,morning,street_level
4b484be0-9174-4fd7-a10e-57012291117e,60.0,997.417,0.5164,0.241537,-4.286,996.9,5.2746,-10.751,38.513,64.682663,0.802,99.27,13.22,0,True,rain,evening,underground
ff96487c-514d-433b-8467-46cf5853da52,60.0,1003.523,-0.3336,0.117372,2.768,1003.856,29.7425,12.5493,66.6682,55.92381,0.4804,1.0,3.47,16,False,rain,night,street_level
e588e609-2c04-46dc-b070-fc78f7e5674e,60.0,998.57,-1.5474,0.3008,12.844,1000.117,16.6209,-24.218,63.9882,56.284462,0.8329,14.99,9.71,1,True,overcast,morning,above
3f0aa2d2-6bbb-41f2-a162-69ddfbd97373,60.0,1016.59,0.0163,0.394569,-0.135,1016.573,17.5628,-33.1153,35.6325,46.759421,0.727,40.77,13.95,5,True,rain,morning,above
82428edd-9738-4218-b278-6bebac0315f8,60.0,998.343,-0.0093,0.091508,0.077,998.352,15.3747,-14.6735,43.65,7.437164,0.302,4.67,0.01,17,False,clear,afternoon,street_level
1583ec15-e333-4c39-9d59-186d0c065070,60.0,1008.327,-0.333,0.339324,2.764,1008.66,9.0358,11.9142,24.7707,91.49083,1.0,32.25,6.68,0,True,clear,afternoon,above
cc7f75e5-5af4-400e-bd1c-e9700103493a,60.0,1005.724,0.8209,0.164818,-6.814,1004.903,31.8896,2.7823,23.8541,92.052967,0.5929,56.21,11.4,0,True,overcast,morning,underground
a6a5927e-6cb9-4bcc-9092-07d5cd0bffbc,60.0,1014.258,0.1565,0.106799,-1.299,1014.102,54.133,-11.5988,53.0175,20.331294,0.7105,19.17,2.73,7,False,clear,afternoon,street_level
ebd4c912-e7a3-432e-979e-114e747b5985,60.0,995.616,-0.607,0.439956,5.038,996.223,-1.0142,0.5313,37.8412,55.105118,0.7406,10.38,2.65,4,False,rain,night,above
f5f4fdc7-73ee-4136-9497-c0ebfb57a050,60.0,1015.053,1.2691,0.244477,-10.534,1013.784,-6.4792,-8.0961,61.6072,29.046509,0.4819,15.29,4.09,12,False,overcast,afternoon,street_level
81e6a3b8-096d-43f8-a104-4c7e95015866,60.0,1008.896,0.9245,0.315722,-7.673,1007.972,10.3048,21.5982,56.0813,102.141884,0.5741,55.88,18.85,0,True,overcast,afternoon,underground
9ee16409-9079-481d-ab7c-d63390465e5a,60.0,989.237,-1.4023,0.130863,11.639,990.639,-9.5268,7.1314,11.7886,53.809206,0.4337,51.1,9.48,2,True,overcast,afternoon,above
7bddefa3-54a5-4634-b882-051369aae78c,60.0,1008.383,0.7996,0.699043,-6.637,1007.583,11.6696,8.8786,15.3972,57.663807,0.6813,13.49,12.93,0,True,clear,night,underground
7f53f47a-1d8c-4175-9e98-cadb79ad62c5,60.0,1003.142,-1.1842,0.304771,9.829,1004.327,38.1437,-32.6663,35.7552,46.949337,0.6859,1.0,1.95,14,False,rain,afternoon,above
5fd5a6c0-426e-42e3-b9b2-d9bfcd4db2ab,60.0,1007.248,-0.0,0.37049,0.0,1007.248,23.3757,11.2101,25.9087,60.277928,0.5709,18.77,6.09,10,False,clear,evening,underground
faf8e816-f465-4341-8d74-8a9e7cce898e,60.0,1009.016,0.2086,0.590031,-1.732,1008.808,30.75,-31.8391,35.9669,66.685031,0.691,16.07,1.97,8,False,clear,afternoon,underground
31f1acba-475b-49f2-a8bc-67cf1e700f55,60.0,1008.736,1.3362,0.569809,-11.09,1007.4,19.9046,-2.4546,40.7957,68.464603,0.6554,2.28,3.39,3,False,clear,afternoon,underground
2082a263-31e3-4bdc-9943-2a0f11646e29,60.0,1008.182,0.3397,0.692187,-2.819,1007.843,22.3008,-37.8541,41.2,67.235532,0.7153,25.16,3.8,4,False,rain,night,underground
16f0abb2-d81e-4632-ba24-d07b6f2a79fc,60.0,1000.311,0.8272,0.517232,-6.865,999.484,7.6801,-12.0981,38.1236,91.344024,0.7742,15.43,3.51,7,False,clear,night,underground
24a2023e-785b-44c5-948a-c068c8d227b0,60.0,1000.22,0.0729,0.159125,-0.605,1000.147,30.7259,15.0304,41.929,86.516837,0.8649,19.19,5.18,10,False,overcast,evening,underground
fef8f912-135e-48f1-89b0-3b07d6117195,60.0,996.378,-0.2799,0.402111,2.323,996.658,20.9771,-1.6574,41.6138,116.260273,0.836,8.46,5.6,6,False,overcast,night,underground
be8284e1-5c8e-4db0-829d-042a4be70d78,60.0,990.59,-0.26,0.371265,2.158,990.85,29.3685,-3.589,44.9674,85.84678,0.3953,1.0,-0.33,14,False,overcast,afternoon,above
27348e50-8bd8-4eca-b931-4af068d95db9,60.0,1007.687,1.4264,0.571654,-11.839,1006.26,22.9354,14.3378,43.7305,24.386808,0.3603,1.0,0.83,6,False,overcast,night,street_level
2c63fa0b-c342-45a9-9261-03faf28dc5fb,60.0,1017.748,0.2809,0.08309,-2.332,1017.467,19.9241,-21.298,57.0174,16.285246,0.6538,46.07,9.43,5,True,overcast,afternoon,street_level
dfe3be3b-ee36-4ec6-980f-b72dbedd1ead,60.0,1007.141,-0.386,0.411504,3.204,1007.527,16.9614,4.715,54.4046,38.98587,0.4593,46.28,6.93,0,True,rain,evening,above
b3cead6e-b71f-463d-b388-04fff698942c,60.0,996.293,-0.2956,0.507115,2.453,996.589,25.563,-32.6833,66.4141,16.009583,0.8304,46.71,5.02,3,True,overcast,evening,above
2698bbb2-0c4e-4f8d-bebb-37d28d628c84,60.0,1008.018,0.3185,0.147016,-2.644,1007.7,-0.0611,3.3667,29.8234,34.94736,0.5969,10.84,0.31,10,False,rain,evening,street_level
45252392-391f-4744-aa3c-680635011c0a,60.0,1014.091,0.23,0.109333,-1.909,1013.861,-3.0187,-10.5602,41.9752,26.140527,0.6483,8.52,1.76,11,False,overcast,afternoon,street_level
46028165-0a2c-4426-ab37-de256763e880,60.0,1018.207,1.3269,0.174721,-11.014,1016.88,27.0173,-11.8351,54.2253,54.097677,0.8929,95.68,14.13,1,True,clear,night,underground
1b1cc615-9282-4859-8cae-58761c793728,60.0,1001.507,0.5257,0.374705,-4.363,1000.981,17.4391,-21.9739,18.7435,85.925888,0.9532,58.27,9.91,0,True,clear,morning,underground
a726347f-d652-4fd1-ab4f-55f0ff0f75d2,60.0,1014.753,-0.121,0.317393,1.004,1014.874,21.5484,3.1924,48.0806,83.911325,0.5916,45.77,10.84,3,True,overcast,afternoon,above
6e20fcf3-8f5c-4526-9a7f-4b73b7ffe64f,60.0,1012.673,1.0997,0.271212,-9.127,1011.574,32.5078,7.2274,43.3433,58.001384,0.4869,94.25,14.45,0,True,clear,night,underground
e6d0aa60-fc74-4301-965d-76e9f63c5714,60.0,996.042,-0.5183,0.496756,4.302,996.561,45.6972,-3.0777,38.6086,72.660634,0.4192,44.99,10.53,3,True,rain,evening,above
863aa4e7-d058-4b9d-979f-fe1fc30db445,60.0,995.29,-0.2279,0.286652,1.891,995.517,-20.0284,-6.653,40.414,67.071407,0.8113,69.8,8.86,1,True,rain,morning,above
a601b1d6-7ba3-4e66-8fbe-b82992c11266,60.0,1012.921,0.371,0.292247,-3.079,1012.55,25.3615,7.3317,36.5707,58.860722,0.7748,56.32,11.81,0,True,overcast,morning,underground
6a7e472f-cc27-4620-9776-4aa9aa4b6000,60.0,989.18,-1.0461,0.186642,8.683,990.226,-0.3207,-30.3417,37.9507,97.150544,0.993,32.66,11.05,1,True,rain,morning,above
cce51903-8968-4be5-a614-c4b4586c3647,60.0,1004.631,0.0482,0.053217,-0.4,1004.583,48.4847,-13.8262,51.1063,20.107657,0.43,61.53,-0.32,4,True,rain,night,street_level
3ee6494c-eb1d-45c0-a952-4d79ad906abd,60.0,1011.092,1.1462,0.537816,-9.514,1009.945,13.1059,-32.8456,35.3063,74.021506,0.7789,17.29,10.91,0,True,rain,morning,underground
7f81a96b-0005-4a58-833b-33d4d5976afd,60.0,1016.359,0.1707,0.019164,-1.417,1016.188,39.041,-27.7052,37.4413,27.725747,0.975,55.54,6.17,0,True,rain,evening,street_level
0685721c-da1c-4039-b553-2a2cec6eddc9,60.0,1011.357,0.0038,0.081713,-0.032,1011.353,28.2992,-5.2025,44.1322,31.098386,0.9112,28.11,4.42,3,False,rain,afternoon,street_level
d5c594e4-1ae6-4c36-bf95-67ca775f760b,60.0,997.518,-0.5432,0.301987,4.509,998.061,12.3275,-18.1015,46.1674,43.628833,1.0,9.18,1.21,16,False,rain,night,street_level
3da9875c-7179-47b2-8180-66feeed7fdb4,60.0,1003.624,-1.3262,0.47537,11.008,1004.95,26.5734,5.6243,47.8096,83.973612,0.8059,9.11,2.56,13,False,overcast,night,above
eb690b50-a8e4-43d7-8ee6-33c1960055f9,60.0,1000.055,-0.6399,0.370286,5.311,1000.695,37.4551,-15.166,40.634,73.089627,0.7168,23.64,2.43,13,False,rain,night,above
73f2f508-cb93-448e-938b-e9c7482209ee,60.0,1017.609,0.9781,0.542441,-8.118,1016.631,9.2269,-26.8079,55.6063,2.303323,0.2728,29.18,1.77,8,False,rain,evening,street_level
5529497c-939e-4b08-bb69-de15d4064df3,60.0,999.344,-1.6773,0.352188,13.922,1001.021,18.4421,9.7621,56.2983,87.675496,0.9124,10.76,2.14,18,False,rain,night,above
d4cb9606-50bf-4784-b4ab-dbe1ca55b890,60.0,993.956,-0.895,0.344983,7.428,994.851,-0.1497,13.7525,45.9149,74.401108,0.274,4.75,2.18,7,False,rain,evening,above
64a7a92b-61e1-40f2-8557-7afeee3a26dc,60.0,990.3,-0.2101,0.077272,1.744,990.511,-10.5251,-23.338,63.9639,0.830523,0.0,14.33,2.77,12,False,clear,morning,street_level
33821efd-cf1b-4c2a-86a9-37f969841f5f,60.0,1004.797,0.1115,0.321129,-0.926,1004.685,1.2598,-38.1151,75.3178,79.57592,0.622,28.28,8.89,1,True,rain,evening,underground
e8dd2890-0fc3-4c49-b285-b546f040dfc5,60.0,1001.311,-1.2066,0.325634,10.015,1002.517,40.5224,-20.226,25.6526,66.987551,0.7291,56.11,11.1,3,True,rain,morning,above
0e8f6dfd-c311-4bcb-a0ac-97a9f7e611cb,60.0,1014.296,-0.5323,0.32187,4.418,1014.828,14.5378,-12.3493,73.7178,44.546763,0.6419,45.52,2.13,4,True,overcast,afternoon,street_level
dfe9e73d-687f-47a7-9346-9487d0e0a2bd,60.0,991.209,1.197,0.662473,-9.935,990.012,44.0299,-6.4907,41.5488,78.878857,0.5884,36.81,4.02,5,False,overcast,afternoon,underground
424297d9-711b-4f08-861b-61d539a50580,60.0,990.665,-0.1186,0.518575,0.984,990.783,12.9102,-19.8819,27.812,59.234489,0.6603,10.37,2.2,20,False,clear,afternoon,above
a540657c-e8a6-4c22-ad2c-12c7a00cb081,60.0,993.798,-0.4614,0.451782,3.83,994.26,-4.5398,-4.4276,51.76,55.713415,0.7842,6.99,2.95,13,False,rain,morning,above
1a5378be-4088-4e6c-8cd2-a7fc0f37e4f6,60.0,997.261,-1.2196,0.358331,10.123,998.481,16.4331,-8.594,41.502,18.134232,0.4359,87.85,1.64,0,True,rain,afternoon,street_level
a6f00210-2493-467e-9a23-e0618671e0f3,60.0,1015.882,1.2288,0.280073,-10.199,1014.653,62.6435,15.0446,31.6764,85.706544,0.9774,22.04,4.62,0,False,rain,night,underground
3efe7a44-fa52-4286-9412-4d85cebe93a1,60.0,997.385,1.3525,0.656885,-11.226,996.033,36.087,-35.4962,39.4518,65.063453,0.4366,9.39,-0.48,14,False,rain,morning,street_level
f05be641-c64a-4a38-b440-311f61c167ff,60.0,1009.026,-1.2959,0.192917,10.756,1010.322,43.2807,-3.9559,25.8136,37.271526,0.8644,43.03,13.01,5,True,clear,afternoon,above
0ff346a7-8d50-4afa-b93c-3d7249a1704a,60.0,1014.464,0.1842,0.093759,-1.529,1014.28,16.2481,-9.5412,16.3883,70.080996,0.5786,1.0,2.52,9,False,rain,evening,street_level
13fe9027-5ee9-4af4-b1ee-c22b6c57086e,60.0,992.767,0.5668,0.147671,-4.705,992.2,20.2191,-16.8986,58.9256,-4.42967,0.9838,56.85,5.62,3,True,clear,afternoon,street_level
36d62569-0ca9-4955-83a2-b9587f0968e2,60.0,996.541,0.2651,0.099765,-2.2,996.276,25.3304,-18.7368,41.6082,38.042106,0.2347,59.23,1.45,6,True,rain,morning,street_level
440ab7c1-3af5-4b97-9e1e-2cd403183b61,60.0,1017.06,-0.3157,0.566354,2.62,1017.376,22.4176,-40.4507,30.0812,86.929931,0.5084,47.49,8.24,2,True,clear,afternoon,above
8ac3f82f-6b74-46ea-a959-be78d9ee1e0c,60.0,1005.048,-0.9323,0.525329,7.738,1005.98,39.3003,7.3597,42.8764,69.389599,0.1433,51.19,10.04,0,True,overcast,evening,above
37423767-c283-4259-9f2f-504241ef3396,60.0,995.96,-0.1662,0.051041,1.379,996.126,58.4966,-29.7762,35.4868,22.921561,0.8842,34.11,14.62,3,True,rain,afternoon,street_level
14be33dc-6c89-41c6-a915-ddf2cd89cb64,60.0,992.967,-0.0794,0.349467,0.659,993.047,33.6328,-0.4773,36.3004,67.914012,0.8854,22.21,2.43,13,False,clear,night,underground
f852cbd4-66bb-4575-978c-3ffcdb79e4b7,60.0,993.257,0.0721,0.197649,-0.599,993.185,17.5344,-3.299,16.5648,100.073924,0.9484,15.14,2.6,14,False,overcast,night,above
8a3ee386-7780-430c-a148-54722ee826d2,60.0,1009.381,-1.2798,0.524444,10.622,1010.661,30.9134,11.1414,34.1467,78.710179,0.2672,11.5,1.23,8,False,clear,night,above
e89de82c-da90-47e7-b49c-36fb46390865,60.0,997.039,-0.113,0.229074,0.938,997.152,30.6747,-10.644,51.6772,100.821673,0.0885,37.2,8.1,0,True,rain,night,above
1adf6c83-9f18-45d5-8fef-bae627dfb592,60.0,992.297,-1.5719,0.123976,13.047,993.868,5.9445,-7.1593,40.7804,56.737347,0.9854,11.37,2.66,12,False,clear,morning,above
ecdd5a55-19dd-470a-838f-086aa86f783d,60.0,1010.979,1.6888,0.426254,-14.017,1009.29,28.785,8.4102,22.5171,100.528366,0.867,92.05,7.68,0,True,clear,evening,underground
2daf066e-a618-4593-a589-f898ff730f3c,60.0,999.605,0.0568,0.075044,-0.471,999.548,18.4835,-19.0296,39.9599,8.108792,0.3225,34.68,7.97,4,True,rain,evening,street_level
236ae88b-44d8-41bd-9952-9c0c4e6bada9,60.0,998.703,1.3003,0.418503,-10.792,997.402,30.0179,-22.1933,40.1384,92.484397,0.5654,31.66,3.48,8,False,overcast,night,underground
6bd14e28-06d8-4e14-95f5-40d7961d5d17,60.0,1005.906,-1.3705,0.148467,11.375,1007.277,26.5091,-9.7861,53.5136,33.127525,0.541,38.73,7.7,2,True,rain,morning,above
207407c9-30e7-4b85-af8f-dcbc24b4238e,60.0,990.214,0.1823,0.237124,-1.513,990.031,30.0305,-18.8509,31.1688,16.713857,0.7064,51.82,17.45,0,True,rain,morning,underground
2d7cde98-d83b-4759-9115-50558ab24366,60.0,1005.89,0.3081,0.368782,-2.557,1005.582,15.82,2.1205,49.4676,13.785882,0.4814,51.14,3.57,0,True,overcast,afternoon,street_level
82217aa6-6ba6-459f-b3ad-7fca32935542,60.0,995.872,-0.0122,0.144782,0.101,995.884,32.2241,-20.2804,37.5819,44.634712,0.5381,25.84,-1.52,8,False,rain,evening,street_level
255c813c-d7c2-4ce1-9d50-3b0f928a16e7,60.0,1008.396,1.1864,0.189944,-9.847,1007.209,40.413,7.823,38.2487,82.8423,0.4671,30.07,3.34,0,False,overcast,morning,underground
09fc02b7-0f64-402f-a8ff-74fd4ade5b59,60.0,1003.003,-0.5932,0.395649,4.923,1003.597,26.3337,-31.1579,35.1612,108.036334,1.0,6.68,12.89,1,True,overcast,night,above
1946bd65-c192-4d6e-9a18-733575001b56,60.0,999.188,-0.1156,0.048743,0.959,999.303,63.7789,-0.0896,54.0373,37.307182,0.3383,80.17,4.29,3,True,overcast,afternoon,street_level
3d06f883-4aec-422c-8325-1b2349985b8b,60.0,1018.346,2.7496,0.189667,-22.821,1015.597,7.3968,-27.6285,38.3945,1.785784,0.8105,59.57,7.73,1,True,rain,afternoon,street_level
19f08d46-e1a8-4041-b516-71f561bfc62c,60.0,1007.891,0.0291,0.134321,-0.242,1007.862,29.4738,-6.3074,-9.0532,7.408078,0.5535,19.13,3.23,12,False,clear,evening,street_level
a000cb89-e5b4-4dca-88fc-1d526bd97148,60.0,999.005,0.002,0.300476,-0.016,999.003,7.1677,15.0829,33.5783,69.249016,0.8535,19.65,5.82,13,False,clear,evening,underground
2a04b0e4-2e14-4c6c-af5f-af01c96e1a9f,60.0,995.975,-0.1392,0.573276,1.155,996.115,28.1378,-42.0211,50.4014,75.689056,0.7701,20.3,7.5,9,False,overcast,afternoon,underground
c4ea8cc5-1e4e-4617-9745-7f9da0dd3cd3,60.0,994.935,0.228,0.50613,-1.893,994.707,35.5746,-13.9088,68.773,37.666266,0.8611,23.15,3.59,5,False,clear,evening,underground
81fc0735-8fd4-46d0-93af-fed1dc4e1214,60.0,1018.398,1.0518,0.283834,-8.73,1017.346,54.1219,14.9885,53.9937,58.451862,0.7472,32.07,4.01,1,False,rain,night,underground
4ff3b1a8-035e-4ce6-a3cc-c9116c7c267d,60.0,994.01,0.0594,0.133594,-0.493,993.95,26.201,-9.7534,72.7815,44.258795,0.3324,14.03,-0.84,10,False,rain,night,street_level
ba6d7efe-26eb-4875-9362-cbc5ca60b98e,60.0,997.035,0.0333,0.05695,-0.276,997.002,-8.6369,2.6166,30.7429,41.598255,0.6201,33.65,11.9,1,True,clear,night,street_level
a20c7c50-17fe-442f-b7e5-c88495e9dd59,60.0,998.777,-0.2305,0.350947,1.913,999.008,10.4152,-8.1207,69.4077,49.698731,0.3634,10.46,4.23,12,False,overcast,morning,above
2cf3f53d-bfb0-44df-862a-a98d6591b8d6,60.0,1004.639,0.2375,0.684601,-1.971,1004.402,15.5439,-3.532,37.5697,57.151359,0.8859,41.08,12.43,0,True,clear,evening,underground
ed3a4e4e-eda4-4cb4-9263-b22da91fd2b2,60.0,1004.977,-0.4604,0.44146,3.821,1005.437,17.6605,-14.4866,50.8449,73.608795,0.7311,52.79,9.66,2,True,overcast,morning,above
26595370-1f92-429a-8939-475a36a492b3,60.0,1015.849,-0.9522,0.109717,7.903,1016.801,35.8539,-4.7874,38.3185,67.252805,0.7573,47.68,9.1,1,True,rain,morning,above
cfe8c1af-b2cc-4d98-a527-fe55dc26d355,60.0,1013.905,-0.9776,0.215238,8.114,1014.883,12.2355,0.0381,35.9678,10.141658,0.8914,6.58,2.6,17,False,rain,afternoon,street_level
004ddfd7-97fd-4eb6-b1a1-e751be6d06e8,60.0,1001.251,-0.27,0.350156,2.241,1001.521,29.0806,-23.0817,57.8943,70.381369,0.5411,29.16,9.13,3,True,overcast,night,above
598c4269-d25d-470f-8bf2-36c1ecdeaf47,60.0,1009.926,-0.323,0.499573,2.681,1010.249,19.8728,2.2106,16.3697,26.409258,0.0638,36.72,10.01,0,True,rain,morning,above
cef0dec9-2e48-4a3c-a167-b5d927b9b847,60.0,1007.966,1.1932,0.304397,-9.904,1006.773,35.0247,-16.927,40.0561,46.08614,0.5599,28.06,14.51,0,True,overcast,night,underground
b43e2547-662a-4c87-9f1c-1ee3c785bda7,60.0,1013.853,0.1492,0.279447,-1.238,1013.704,37.1226,-20.6235,25.1656,72.738876,0.4973,26.06,5.66,7,False,clear,evening,underground
702ea859-34e9-4e96-a10d-8b87e0c6db54,60.0,1015.806,0.5292,0.109735,-4.392,1015.277,7.8043,-30.8422,46.2739,111.133291,0.9354,1.0,4.52,8,False,rain,morning,underground
225452a1-bbae-41a4-baf0-a952a6c16433,60.0,1009.844,-0.8694,0.546737,7.216,1010.714,-12.1342,-45.2364,29.3435,42.57729,0.7585,8.58,2.86,14,False,rain,evening,above
f0fd2254-9363-4bb6-af9e-934084cde6e9,60.0,994.899,0.1119,0.502228,-0.929,994.787,19.9303,0.9463,51.0295,76.730238,0.5083,53.11,7.84,1,True,overcast,evening,underground
23f06b8b-de12-43f4-bf45-8f8ebd330096,60.0,1008.693,-0.3204,0.52686,2.66,1009.013,2.2808,-1.6634,47.4379,71.77638,0.6599,9.08,0.88,11,False,rain,morning,above
5bb256ba-3678-4b99-b32c-ef3eb966e171,60.0,991.009,0.1205,0.03359,-1.0,990.888,29.2304,-39.1248,52.5695,18.291143,0.5707,14.5,1.15,17,False,rain,night,street_level
5b1d62ae-04c0-431f-9fb9-571762eadadb,60.0,996.709,-0.9742,0.428067,8.086,997.683,4.334,-19.6212,21.1063,66.55542,0.7618,55.41,10.16,3,True,clear,afternoon,above
7664c3e1-911a-4733-adad-a13ef05d2295,60.0,1002.155,0.5581,0.130354,-4.633,1001.597,20.895,16.1054,16.9519,23.71375,0.1186,8.48,3.74,1,True,rain,evening,street_level
c68560ba-0fda-497e-86b6-d80de2b7e0b3,60.0,1014.563,2.0558,0.078104,-17.063,1012.507,41.3059,-16.027,25.2862,57.30856,0.589,50.41,11.64,3,True,overcast,night,street_level
8c82b284-c2c8-400c-abf8-c8bc9686a1c6,60.0,1003.615,1.0145,0.498221,-8.42,1002.601,25.5933,-25.6006,49.4049,83.191758,0.5434,27.62,2.31,5,False,clear,night,underground
abcc45d3-4a17-48ce-a340-8ae0bfedb017,60.0,1017.113,-0.1298,0.223364,1.077,1017.243,26.2019,-2.9741,25.5964,39.784279,0.6355,99.16,15.14,0,True,clear,morning,underground
ee103dec-46da-4b66-8ba5-0bef2f96946f,60.0,1003.614,0.3479,0.230255,-2.887,1003.266,23.4817,0.1124,17.5332,78.575469,0.57,83.81,15.01,0,True,rain,evening,underground
e45eae21-5312-4dd2-b498-b820fb1aae25,60.0,996.04,-0.0263,0.116213,0.218,996.066,15.4602,13.5104,39.6458,21.283671,0.7708,15.27,-1.2,9,False,overcast,evening,street_level
c331c0f4-29d7-44db-8150-95056b9698b1,60.0,1017.462,0.1176,0.309445,-0.976,1017.345,19.9666,8.3695,26.7978,45.154453,0.515,33.49,11.42,0,True,rain,evening,underground
95c4a1f4-cc5c-41f6-bdf9-61233f3e5538,60.0,1000.525,-0.4381,0.56525,3.636,1000.963,29.0487,-33.6521,32.6471,55.517057,0.6935,11.04,1.01,16,False,rain,morning,above
e5d13ab6-6b1f-431b-bfb4-a4418ad1f3e1,60.0,1011.227,-0.8286,0.135818,6.878,1012.056,16.9114,-25.6797,34.3052,36.232441,0.7481,21.63,2.3,19,False,rain,afternoon,above
d96dced1-4694-429c-bd1b-1c1ec9dcb37b,60.0,1003.618,0.6291,0.656032,-5.221,1002.989,-2.978,-17.8026,-15.8921,97.761116,0.7749,49.49,8.45,0,True,rain,night,underground
4ae27804-ccac-4fa1-8ef9-01f63628ad7f,60.0,1012.328,1.3179,0.513543,-10.938,1011.01,56.7562,15.6734,23.4404,21.139308,0.2975,19.35,8.12,1,True,rain,evening,street_level
8216cb49-3de6-4f4f-9950-d48cc549eda6,60.0,1001.773,0.116,0.21724,-0.963,1001.657,20.3541,5.7964,23.396,63.921336,0.4553,69.3,15.83,0,True,overcast,morning,underground
2e6349c0-69be-4bb6-9f48-f316f8dbb721,60.0,997.228,-0.3468,0.156987,2.878,997.574,10.9807,-37.9452,36.9296,35.546822,0.7202,1.7,3.3,17,False,clear,evening,above
d7ac6cfe-54e5-4663-84f4-584c340b9f8f,60.0,1016.018,-0.4058,0.226393,3.368,1016.423,15.4387,-15.2764,52.6315,91.265761,0.9534,12.14,3.49,2,False,clear,night,above
0360b4fd-fb06-44bc-8ecd-84e245cf5e00,60.0,1014.117,-0.8459,0.42427,7.021,1014.963,26.5912,-2.8178,37.2914,29.606659,0.1279,37.21,15.91,4,True,clear,morning,street_level
7d6ac8d2-e32a-411f-9f4a-40b63ce09bbb,60.0,1001.814,-1.302,0.556081,10.807,1003.116,22.0491,-7.9221,30.7879,12.935737,0.528,67.89,11.09,4,True,clear,afternoon,above
d5395ff3-26f1-467a-81c1-2688a06116ef,60.0,1003.243,-1.4637,0.188708,12.149,1004.707,31.8944,8.2485,70.1645,75.043962,0.978,75.34,7.25,4,True,clear,night,above
d53414e6-e1b9-4c91-8cc1-a84c6d8a8ace,60.0,991.975,0.1613,0.426626,-1.339,991.814,9.5123,-0.6578,61.2061,76.414556,1.0,47.66,15.31,0,True,rain,evening,underground
d6aa64d6-50ea-465b-8985-2d16a3609cd8,60.0,1009.96,0.204,0.577564,-1.693,1009.756,9.4337,-28.5289,34.5135,54.243043,0.7637,16.06,4.63,8,False,overcast,afternoon,underground
10a9ab18-c1f6-44c2-bf45-f17788459479,60.0,1006.938,-1.3084,0.403561,10.86,1008.246,13.3309,-18.1831,36.3086,47.315571,0.7382,45.3,6.18,2,True,overcast,night,above
2af7fe6e-ea73-4a3b-93e1-194820c9f688,60.0,1008.541,-3.323,0.112723,27.581,1011.864,21.2549,-3.6541,52.762,35.273655,0.5843,1.0,1.84,10,False,clear,evening,street_level
46f16e7e-292e-4c27-aeed-ae6ab81c3891,60.0,1017.249,0.1148,0.266549,-0.953,1017.134,13.0663,14.635,11.9938,113.81444,0.3374,63.65,9.9,0,True,clear,afternoon,underground
569a7ffb-2f42-41dc-a4b6-77efbc964de7,60.0,992.288,-0.3848,0.490358,3.194,992.673,33.5797,-26.7932,6.8945,77.580658,0.6421,14.96,2.9,14,False,overcast,morning,above
af2bfd90-1524-4218-b198-67d87bb1f6f0,60.0,1002.195,0.1129,0.676053,-0.937,1002.082,28.5857,13.8655,51.8111,25.097449,0.5599,9.34,6.64,9,False,overcast,morning,underground
de586564-15f0-44f0-9e3d-c6cfa102f8a9,60.0,1011.394,-0.1503,0.430058,1.248,1011.545,11.3239,3.2197,60.8548,50.080817,0.8579,32.05,17.91,0,True,overcast,evening,underground
c08ca46e-4f66-4c42-a01c-7034bd9fbd1a,60.0,1015.969,1.0442,0.694277,-8.667,1014.924,21.7333,-16.0739,34.2428,41.431278,0.901,105.1,20.46,1,True,rain,morning,underground
67c5fdcb-87a6-4333-b508-25d86a304580,60.0,1014.186,2.91,0.404511,-24.153,1011.276,6.5435,-17.7312,26.825,26.67895,0.913,5.16,3.57,6,False,overcast,evening,street_level
eb5c9819-622f-4830-a53f-280444efb1ea,60.0,1016.23,-0.4496,0.138701,3.732,1016.679,20.0258,-13.8863,73.2685,67.551098,0.3397,3.25,2.46,13,False,overcast,morning,above
3a69a48c-1f64-4af8-a546-1540e75eb900,60.0,994.182,1.1221,0.632301,-9.313,993.06,6.3911,-9.9995,51.8367,80.519893,0.8537,14.17,6.32,14,False,clear,afternoon,underground
9583e7bd-4e28-4fdd-b30d-260184d59ca5,60.0,994.184,-0.7776,0.455959,6.454,994.962,29.9822,-9.9952,34.7445,7.768415,0.9117,12.42,0.68,18,False,rain,evening,above
0f1317f5-af30-4fec-b8d0-fbc50d9e3357,60.0,1015.161,-0.7111,0.573863,5.902,1015.872,14.4933,-38.0451,47.1895,108.577381,0.5746,17.75,2.29,17,False,overcast,afternoon,above
3dbeafcf-2d9d-452f-95e7-eca487fa8b78,60.0,990.238,-0.8313,0.209902,6.9,991.07,20.6369,-2.2241,65.7362,49.469973,0.383,1.0,0.45,14,False,clear,evening,above
e16294b0-bbe2-48fb-927d-ae7d9e4f825f,60.0,1008.294,0.2106,0.570691,-1.748,1008.083,15.8522,-12.0179,19.58,69.06834,1.0,48.25,9.59,4,True,rain,afternoon,above
0ed7fbe8-2748-4b97-92e2-cd2621bdef76,60.0,996.618,0.1143,0.308825,-0.949,996.504,38.4723,4.7513,38.3304,90.416133,0.8384,52.47,14.81,0,True,rain,afternoon,underground
a50e5e6b-252b-4da0-8345-d1115489a117,60.0,1006.896,0.8729,0.670682,-7.245,1006.023,3.7916,-9.8958,60.5261,111.755381,0.7086,5.94,3.1,1,False,overcast,morning,underground
f6b6c78e-66be-448c-87f9-bc0485d7ce4a,60.0,993.64,-1.0947,0.280204,9.086,994.735,22.4234,12.2292,43.8102,48.565335,0.5191,15.38,1.87,12,False,rain,afternoon,above
dfbda72c-6dd3-486e-a1be-d4387c1b76b9,60.0,1002.433,-0.2589,0.535164,2.149,1002.692,35.248,-24.9539,42.5092,57.887279,0.8659,3.79,2.15,13,False,rain,evening,above
8c6ca11b-f12a-48a1-aff0-27ea8e1b8b9f,60.0,1007.259,0.0444,0.038547,-0.369,1007.215,35.7576,1.3522,49.8815,37.84853,0.6579,1.0,0.82,7,False,rain,afternoon,street_level
f5c6f448-4d37-4bc5-ab2c-1390a0a8cd41,60.0,994.906,-2.8389,0.50463,23.563,997.745,12.0247,1.8663,45.962,29.338024,0.3448,3.7,2.77,3,False,rain,afternoon,street_level
538c29f7-d869-41b5-83e4-b484b621ff50,60.0,1001.054,-0.1689,0.455563,1.402,1001.223,15.4616,-13.7795,32.4711,60.436988,0.8021,49.59,11.54,0,True,rain,night,underground
642724ed-6789-444e-ba62-c1acc52bd553,60.0,1007.086,-0.7797,0.39297,6.471,1007.866,20.2753,-4.0422,30.8036,71.71096,0.6553,68.81,9.6,4,True,overcast,evening,above
fe5fd76f-cf61-4933-8198-8da0a2aff4f0,60.0,1013.958,-0.3905,0.131554,3.241,1014.349,-3.5408,-9.7036,51.2083,56.138298,0.6356,17.08,1.21,14,False,clear,afternoon,street_level
602c6388-452b-4808-afc1-859a34f0235c,60.0,993.992,1.3768,0.057896,-11.427,992.615,2.4785,-19.4161,29.5218,59.038334,0.2328,12.39,3.85,11,False,overcast,evening,street_level
c8d0e83c-8502-4a8a-b66c-479191416aed,60.0,994.766,-0.2665,0.108877,2.212,995.033,32.5089,-13.2196,38.6129,2.23569,0.5821,4.42,1.89,6,False,clear,evening,street_level
abe6d793-f383-457a-a5a0-5190ad625fc4,60.0,990.269,0.0461,0.487904,-0.383,990.222,17.1291,6.5972,10.4568,66.273117,0.8479,11.92,1.09,7,False,overcast,night,above
1a1d6207-995e-4d37-9684-9c600163ba4c,60.0,1005.236,-0.5563,0.43242,4.617,1005.792,19.0013,-17.7534,62.1736,76.060205,0.727,71.93,8.09,2,True,rain,evening,above
d2e6a474-7160-4756-9c40-f2382f88d311,60.0,997.287,-1.4899,0.432863,12.366,998.777,48.1133,7.0583,17.7702,68.65308,0.656,14.07,10.4,2,True,rain,night,above
17a7f59f-7070-439c-bce5-5a28c802cedf,60.0,998.255,-0.3776,0.448376,3.134,998.633,28.5356,-10.0239,27.1199,82.650309,0.9024,52.06,4.82,2,True,clear,evening,above
4817a330-5772-46b6-8700-58598939f75e,60.0,1016.329,1.2869,0.257844,-10.681,1015.042,0.4414,2.4919,63.8451,17.339917,0.6912,61.48,13.02,0,True,rain,evening,underground
5a0a6a39-fc67-4585-b779-8f80ae3fc0f6,60.0,1005.046,0.9921,0.447674,-8.234,1004.054,13.8213,-32.4263,48.1254,66.948746,0.8763,17.68,2.73,1,False,clear,night,underground
e9128a65-ab34-45fb-9e28-2a6c63965742,60.0,995.759,-0.2984,0.359675,2.476,996.057,38.4165,-12.1633,19.8175,55.952982,0.4828,12.4,0.38,17,False,rain,afternoon,above
20c43958-5d91-44f3-b4ec-5feebda753c5,60.0,994.394,-1.1638,0.551981,9.66,995.558,22.5342,-24.5395,74.4878,114.5977,0.6609,4.19,0.9,18,False,overcast,afternoon,above
c920aff6-e23c-48e8-88ce-8de969bdfc75,60.0,1007.438,-1.1575,0.107879,9.607,1008.596,2.7969,-25.3203,16.2283,87.04719,0.6234,15.44,3.05,15,False,rain,evening,above
b3f6cb82-dba3-4ece-8c08-4e214de2626e,60.0,1000.726,0.6489,0.486688,-5.386,1000.077,31.5784,-2.583,47.1835,78.069578,0.3864,77.63,13.53,0,True,clear,morning,underground
ab5b11cd-33e8-492e-b90b-1db96672cc46,60.0,990.844,-0.4935,0.13839,4.096,991.338,13.4884,0.0703,34.0981,56.992342,0.6934,56.43,9.45,4,True,rain,evening,above
e756bf80-0055-4907-8493-db0bde41ef3c,60.0,1008.773,-0.4516,0.774749,3.748,1009.225,21.358,-15.0084,47.06,36.366203,0.7701,1.0,3.64,15,False,clear,evening,street_level
778ec7f0-c08c-4925-a82b-ac1cd2439f8b,60.0,1016.449,0.9727,0.684711,-8.074,1015.476,16.5701,-10.6393,13.3946,81.112871,0.939,24.94,3.02,11,False,rain,evening,underground
eb7343f1-4612-4f21-b189-e32d2d3b6bcc,60.0,992.667,0.4,0.483718,-3.32,992.267,21.9403,-4.8773,30.6402,37.104253,0.317,31.87,12.16,0,True,overcast,night,underground
e5f4472c-34ac-4413-bd69-9afff1b7669f,60.0,1009.482,-0.9977,0.364165,8.281,1010.48,30.0776,-22.1516,22.6347,1.941876,0.0,23.65,-0.3,9,False,clear,afternoon,street_level
5b5546b1-82bb-40ee-b586-f29a36c2da57,60.0,992.763,-0.5478,0.532978,4.547,993.311,14.09,-4.6153,39.607,79.731808,1.0,14.65,2.82,12,False,rain,night,above
adcffd3e-ebf2-430b-829a-6571f09e1b6f,60.0,1001.999,0.3171,0.299304,-2.632,1001.682,16.0688,7.197,29.7399,63.955031,0.3352,58.21,15.3,0,True,clear,evening,underground
470d96cf-ac34-4a1a-8dce-3941cf61e9ca,60.0,1010.045,-0.9161,0.467206,7.603,1010.961,3.0063,-13.786,69.7042,137.194314,0.5831,31.44,10.14,0,True,overcast,night,above
965db495-13ba-4c11-a593-c5e10b8337e3,60.0,1013.535,-0.0626,0.068986,0.52,1013.598,10.097,22.2696,37.258,92.976799,0.419,12.39,0.89,7,False,rain,afternoon,street_level
e84e8e29-19ee-4b2f-b0e3-e7659c727cb5,60.0,1013.676,0.0941,0.626881,-0.781,1013.582,-2.9997,-8.1596,28.2514,83.59767,0.9321,90.63,12.56,0,True,overcast,morning,underground
a549526f-46fd-466e-83c0-f84cb92ddf23,60.0,1016.92,0.0175,0.042743,-0.145,1016.903,23.031,-25.6506,57.8785,11.692983,0.4057,44.07,12.08,6,True,rain,afternoon,street_level
ba66492e-8f1e-4651-8da3-300e9e81a36d,60.0,994.597,0.1398,0.022483,-1.16,994.457,30.2713,-20.6495,24.6598,43.61668,0.8159,1.0,1.94,15,False,clear,evening,street_level
fdec7698-1882-4c0a-a737-4a65b025cb9f,60.0,996.441,0.3956,0.465382,-3.283,996.046,0.9978,-25.0142,8.6107,8.951105,0.5539,36.25,6.71,5,True,clear,night,street_level
2cecaced-d9d5-4cd9-98f7-ffbbe5f3420d,60.0,997.945,-1.0338,0.481717,8.58,998.978,32.8823,25.8874,34.0034,90.324822,0.245,15.3,0.3,17,False,rain,evening,above
eda8f075-9a2f-4920-91d0-9298552dec77,60.0,1008.286,-0.1119,0.06299,0.929,1008.397,19.0837,-27.6458,54.4235,18.312647,0.6311,16.08,1.08,8,False,rain,evening,street_level
76f813a4-b1d3-45c8-ab8c-a0457ca4bf88,60.0,992.989,0.3922,0.298952,-3.255,992.596,31.9197,-0.4338,26.4708,45.121932,0.6441,69.21,11.99,1,True,rain,morning,underground
8e3b6fd5-907e-498b-92f1-7e76b505aa14,60.0,1005.419,-0.188,0.494445,1.56,1005.607,46.7075,-4.1607,46.7159,59.057575,0.7849,62.85,7.62,0,True,overcast,evening,above
313869cb-44f5-4780-8b72-879da9580992,60.0,1002.615,-1.647,0.546017,13.67,1004.262,11.3424,-11.535,40.2123,82.664204,0.5146,5.43,1.65,13,False,overcast,night,above
d02fbdf6-4cf8-4e8f-86e9-59440aa3ea53,60.0,1008.301,0.0276,0.578764,-0.229,1008.274,19.9176,-15.9651,40.1316,50.926758,1.0,9.59,0.92,12,False,rain,night,street_level
11b53243-e2a1-4ba7-88ac-54f29b720792,60.0,996.196,0.3789,0.405559,-3.145,995.817,22.8926,-8.858,49.7903,59.657569,0.792,16.62,6.47,12,False,rain,night,underground
1911d3ff-9567-4be0-86ef-09723e026148,60.0,1012.677,-0.0661,0.124487,0.548,1012.743,-1.2988,9.6261,45.2219,35.020695,0.4737,7.77,2.44,10,False,clear,night,street_level
0b4a4f4f-ef37-477c-be46-12377c2c7a19,60.0,997.768,1.0238,0.585996,-8.497,996.744,9.6268,-20.9022,34.8189,73.755802,0.9059,74.74,4.24,0,True,clear,evening,underground
42f155f5-9937-4a43-b580-80c984f70aef,60.0,1015.85,0.041,0.271585,-0.341,1015.809,10.2918,-34.6194,55.8682,89.336235,0.4897,68.65,7.9,0,True,overcast,afternoon,underground
a8e1aa89-9ebb-45a9-9a95-cfa9bb231a5c,60.0,997.826,-1.0688,0.347354,8.871,998.895,2.6527,-25.9127,16.2392,72.362832,0.9364,27.41,9.37,2,True,clear,night,above
7957922c-c7b1-4949-81b5-3eeff238d7b2,60.0,990.822,0.0831,0.451864,-0.69,990.739,41.1801,-8.4493,33.4601,70.081049,0.5905,2.19,2.27,20,False,overcast,night,above
0b62baa5-1473-47ee-8e43-1b1f7b2306fe,60.0,1010.708,1.2697,0.312271,-10.538,1009.438,31.1912,-16.7239,54.7143,73.596463,0.7297,80.46,6.77,0,True,rain,afternoon,underground
994829cd-c0d0-4aef-81f9-3b18aa3ec331,60.0,996.581,-1.6037,0.156301,13.311,998.185,21.6102,-22.7535,46.1455,11.418672,0.9498,19.76,1.07,13,False,clear,afternoon,above
a7f773c2-e613-4de4-a5cd-d616a282d6bb,60.0,995.343,0.0525,0.136318,-0.436,995.291,8.3641,-0.9594,68.9381,62.247048,0.6565,21.15,0.83,13,False,overcast,morning,street_level
7e8879d0-a9b4-4104-a3d0-d498156764c0,60.0,1013.045,-1.5329,0.38123,12.723,1014.578,28.3977,10.3942,30.0718,41.598483,0.3908,26.34,10.89,0,True,overcast,night,above
6b81562a-ec69-42b7-beb0-81d4c7a4d719,60.0,1010.816,-0.3294,0.09223,2.734,1011.146,28.0276,-4.7037,32.2238,19.294497,0.3737,43.95,4.84,1,True,rain,afternoon,street_level
9da8ad5c-4275-4fea-be3b-4cc4610687ea,60.0,1016.955,-0.1804,0.111961,1.497,1017.135,12.529,-14.6391,62.769,22.677727,0.7248,19.12,4.14,16,False,overcast,night,street_level
e874e84e-b00f-43ca-90cf-581361c516a4,60.0,1000.355,-1.4322,0.295052,11.888,1001.787,14.7295,-1.1032,30.1523,70.805338,0.5996,8.98,0.62,19,False,clear,evening,above
551bc10d-ca13-4c8b-ad6b-a3d365f26fc7,60.0,992.849,0.1509,0.144859,-1.252,992.698,31.6915,-23.2443,37.0634,25.939771,0.9893,27.51,3.84,9,False,overcast,night,street_level
12c55239-eb6b-4a66-9b2d-d670f2bb499c,60.0,1005.652,-0.6311,0.487722,5.238,1006.283,17.6854,-8.5505,38.5757,43.04229,0.759,45.45,9.85,1,True,overcast,afternoon,above
783e28cc-246a-446e-a904-e328f2d62fe0,60.0,1004.85,-2.4656,0.497419,20.464,1007.316,46.1507,-5.516,16.0842,6.231885,0.7146,4.87,1.91,20,False,rain,evening,street_level
57534ca5-6fc1-4b86-bba0-636a0e392ee6,60.0,989.828,-0.4052,0.372414,3.363,990.233,33.4362,7.4395,41.5828,1.750469,0.7061,73.78,6.91,1,True,clear,afternoon,above
6ae8b8cf-497b-416d-b517-badec045308c,60.0,994.265,-0.437,0.452221,3.627,994.702,3.8795,-14.7823,59.689,79.708412,0.9277,71.69,13.26,0,True,overcast,afternoon,underground
71fdbcdd-4bb2-4eed-be1c-6012b6b9cdd3,60.0,1000.459,-0.1173,0.108086,0.974,1000.576,10.1561,8.878,37.908,52.041792,0.9413,41.34,7.45,0,True,clear,evening,underground
203e6a1e-1b40-434b-bc1f-88b4a212041c,60.0,998.625,-0.3966,0.736523,3.292,999.022,4.4306,3.7068,42.6879,19.971295,0.6368,39.83,13.64,0,True,clear,afternoon,street_level
6276a8d0-81fd-49d9-a31e-80c5dbdcdcbc,60.0,1006.348,-0.9816,0.181056,8.147,1007.33,46.4047,-9.889,43.5945,67.035394,0.1957,31.9,7.07,4,True,rain,night,above
5b3283a0-3864-4bf1-b75f-12ec4914411b,60.0,994.948,-0.0568,0.064323,0.471,995.005,39.0602,9.6362,45.0114,26.803781,0.4186,19.55,1.97,12,False,overcast,night,street_level
ab8bc774-4475-4d3b-b4ff-4f699bfac584,60.0,1001.985,0.4686,0.147861,-3.889,1001.516,32.5855,35.8716,25.2383,71.308476,0.4577,16.44,4.25,6,False,clear,night,street_level
ab80ffdd-6220-4a18-837d-68774d3c08cc,60.0,991.313,-0.4716,0.304434,3.914,991.784,6.3469,-25.2117,57.527,82.922657,0.3324,57.79,9.25,5,True,overcast,morning,above
bedc6251-8de0-4dd9-a983-b9a6e67baed4,60.0,1013.916,-0.7467,0.19167,6.197,1014.663,33.5264,-24.9085,37.1397,21.578025,0.9727,42.91,3.06,4,True,rain,afternoon,above
e186c678-e0ca-44c3-8f48-f39eebbf8231,60.0,1013.224,1.0557,0.73184,-8.762,1012.168,0.1169,-3.7293,26.3578,59.440151,0.0,15.86,1.36,18,False,rain,morning,street_level
9059e6de-933d-4107-911f-9292bcf0f3b6,60.0,992.551,-0.6588,0.585533,5.468,993.21,17.2461,4.094,12.5524,8.317082,0.695,6.3,3.56,0,False,overcast,morning,street_level
666e3755-7023-487c-b2ac-43908d62d3fc,60.0,994.027,-0.4949,0.107891,4.108,994.522,16.4139,-19.208,46.0743,47.637822,0.6755,52.27,10.18,4,True,overcast,night,above
2ea91ada-68d2-439f-8866-46a976633363,60.0,1012.859,-1.2095,0.472822,10.039,1014.069,18.116,5.3525,45.4428,65.766213,0.7394,55.4,9.61,1,True,rain,night,above
293a491b-b236-449e-aa41-cdf808fc3e68,60.0,991.712,0.175,0.117889,-1.453,991.537,-9.4712,-29.4459,59.0536,16.279018,0.0,47.48,5.71,3,True,rain,evening,street_level
e89d5668-1394-408d-9cd2-d2a9ba07733b,60.0,991.737,-1.0673,0.111839,8.859,992.804,29.1699,14.1332,47.0393,110.243216,0.1783,65.74,6.1,2,True,overcast,morning,above
ad1f7c44-756d-4ea9-a364-cac04fe9023f,60.0,992.412,-0.6573,0.502366,5.455,993.07,16.6502,-11.9125,58.2568,106.531249,0.4706,13.93,2.17,19,False,overcast,morning,above
4eadd5ed-397f-40e3-a137-090d9c626d62,60.0,1003.41,-0.2705,0.249948,2.245,1003.68,44.3025,-10.701,-1.0507,81.655496,0.6429,54.09,9.73,0,True,rain,morning,underground
ad946fc0-b14b-48b6-9d18-f851f0c50247,60.0,996.049,-0.1816,0.516234,1.507,996.23,16.2323,-0.0582,42.0622,96.671164,1.0,108.25,12.69,0,True,rain,morning,underground
de481315-78fc-4dd4-9e69-4d275005ff37,60.0,1002.2,0.8713,0.531104,-7.232,1001.328,27.8179,-0.4486,42.8917,105.508174,0.5866,17.45,5.26,9,False,rain,night,underground
a72c514f-8d9f-4d1c-a43d-eecd5223ca8e,60.0,1008.946,1.5287,0.329503,-12.688,1007.418,-10.6001,6.245,42.8921,51.641893,0.7921,76.33,10.82,0,True,clear,morning,underground
ccf16db8-9e44-452b-b4b4-b810d01082e3,60.0,999.5,0.6849,0.64969,-5.685,998.815,34.0911,-16.7634,31.8358,32.981703,0.9808,8.7,3.75,12,False,rain,morning,street_level
003037df-f487-4213-8704-f13ee3a1b2a8,60.0,1009.025,-1.5218,0.154613,12.631,1010.547,20.9704,-19.7036,61.8854,102.860285,0.579,60.88,13.24,0,True,clear,evening,above
390448db-568d-46a5-92c1-89ca9d9c43cc,60.0,996.735,0.1658,0.208632,-1.376,996.57,17.8411,-28.3253,20.4199,54.465292,0.8084,50.56,10.25,0,True,overcast,evening,underground
633d22c9-c6ac-4079-a644-c87962be808e,60.0,995.545,-0.379,0.553738,3.145,995.924,55.2484,1.6093,23.5842,91.507756,0.825,11.06,4.42,16,False,clear,night,street_level
64d47f71-3c95-4f4e-a02d-4d00aca2f7da,60.0,1017.108,-0.7445,0.415798,6.179,1017.852,19.4242,-7.8813,11.9545,-39.805493,0.7821,32.86,7.34,3,True,rain,morning,street_level
0c8a4ffd-b0d6-4e3e-8e0b-969833760f51,60.0,994.377,0.7313,0.374016,-6.07,993.645,33.8195,5.5591,41.1395,93.412094,0.4145,9.8,7.17,3,False,overcast,morning,underground
7bd7515b-7785-4da2-960e-230d084f694f,60.0,993.997,0.9824,0.264947,-8.154,993.015,21.729,41.6932,33.2852,102.745093,0.4248,31.11,2.28,5,False,overcast,night,underground
60537ca9-d946-44f4-8be8-a3fd848317a9,60.0,1009.577,-0.046,0.013521,0.381,1009.623,10.6945,-7.1334,23.3121,16.895002,0.1012,17.59,-1.17,10,False,rain,evening,street_level
eaf18c49-3a49-4d77-964f-a1522e35c553,60.0,1003.01,0.1359,0.386196,-1.128,1002.874,39.1562,-26.2201,36.1332,83.329163,0.8416,89.47,8.57,0,True,overcast,night,underground
5aace459-89ee-406c-ad2f-b6489e1851d3,60.0,1015.072,-0.0229,0.504998,0.19,1015.095,1.0974,2.1152,25.9169,72.066355,0.4918,30.96,2.93,6,False,rain,evening,underground
4154dd17-e0f1-4fc2-85cb-def2a5fcbe37,60.0,1010.669,-1.4285,0.579684,11.856,1012.097,38.2555,-24.4324,62.1098,78.505869,0.5845,43.4,12.64,3,True,rain,morning,above
d8c50132-b2cd-4a92-b81a-9ed028605e0d,60.0,996.319,-0.5966,0.144941,4.952,996.916,26.8082,5.722,31.3994,102.456769,1.0,3.79,1.32,21,False,clear,evening,street_level
8215f8bd-df45-4070-ac96-c6c8948f59ac,60.0,999.766,-0.0322,0.132624,0.267,999.798,26.2576,-31.2449,35.1261,34.040627,0.4998,12.06,0.18,13,False,clear,evening,street_level
b951ea5a-eea1-4bdc-97e9-d59b63f64d47,60.0,1005.228,-1.0433,0.154591,8.659,1006.271,36.6812,6.396,17.608,-10.845171,0.7734,60.51,10.79,2,True,rain,evening,above
91bf0f52-76f9-49d1-92c7-4cc0e2407fc9,60.0,1008.388,1.0594,0.658821,-8.793,1007.329,29.7774,-13.5412,51.0606,104.618262,1.0,53.15,16.74,0,True,overcast,afternoon,underground
ebaeed97-b9e2-4320-9cfa-c40831d54165,60.0,1012.123,-1.0886,0.56212,9.035,1013.212,19.8623,10.3358,28.3848,4.032139,0.496,3.27,2.34,17,False,overcast,evening,above
b939d461-0097-466e-93cf-c319ab8355f8,60.0,1008.002,0.5543,0.518107,-4.6,1007.447,25.9894,-26.4152,31.643,79.942159,0.6139,62.72,7.96,0,True,overcast,night,underground
125afefb-f9e7-4f2f-97de-b753c9797b1c,60.0,1007.806,-0.2925,0.555434,2.428,1008.098,13.1706,4.3396,58.7694,65.862195,0.1262,9.76,1.05,16,False,rain,afternoon,above
031d83b5-4f8e-4a92-a193-3ce0de82a67b,60.0,1011.187,-0.6885,0.264546,5.715,1011.875,-17.6388,-14.7035,15.3826,74.089418,0.9504,12.32,1.92,8,False,overcast,afternoon,above
95a64b75-237e-409a-8156-28fcaac374d2,60.0,1004.596,-1.4004,0.687422,11.623,1005.996,16.7705,-0.5067,31.7762,19.254415,0.0406,1.0,2.09,16,False,overcast,evening,street_level
093f6972-3b6c-4c83-929f-a54ef0c5819b,60.0,1004.828,0.0694,0.226264,-0.576,1004.758,57.9812,-12.5534,-6.6953,76.759369,0.8348,70.34,9.09,0,True,rain,afternoon,underground
39956b26-779c-43b9-8e4f-7e45212342c8,60.0,1000.657,0.1691,0.034045,-1.404,1000.488,25.6417,8.285,25.593,31.187111,0.4207,29.26,-0.26,8,False,clear,evening,street_level
21245a73-56a6-42cb-977c-9991bd5bd416,60.0,1001.906,0.1095,0.019569,-0.909,1001.797,26.2883,-17.0665,32.4195,48.495409,0.6949,34.61,4.52,19,False,overcast,morning,street_level
3dca9e9a-62fc-4a4e-8038-71fb767082c1,60.0,990.324,-0.0229,0.692757,0.19,990.347,6.9529,-1.3141,29.4452,64.820362,0.8002,24.55,3.29,8,False,rain,night,underground
34b65d54-388a-4527-962c-ba4fbcc7f24c,60.0,1007.939,0.2607,0.264246,-2.164,1007.678,-5.1133,-15.1873,40.6214,82.330959,0.3905,49.41,6.97,1,True,overcast,afternoon,underground
b2e75932-6e0f-47e0-a897-82793acc007b,60.0,1010.488,0.9379,0.368849,-7.784,1009.55,13.9738,-18.1085,40.3654,68.366557,0.6475,79.67,6.81,0,True,overcast,afternoon,underground
f898eaf3-3ad1-4a31-b3b7-b4d1b735b33f,60.0,1014.455,-0.8706,0.234847,7.226,1015.325,8.0894,-10.3732,50.3488,97.388353,0.8604,19.53,2.75,17,False,overcast,evening,above
fa8d3961-99e8-4ba2-940a-ce640bbc0ecc,60.0,993.018,-0.3695,0.412894,3.067,993.387,37.2509,-43.4599,50.5783,81.7916,0.831,11.11,2.39,18,False,rain,night,above
631be92e-e18d-422b-a26d-b20593405689,60.0,1016.442,0.0279,0.636391,-0.231,1016.414,-8.68,-37.1217,26.0628,81.825925,0.6369,17.38,5.87,2,False,overcast,afternoon,underground
4565f46e-e5ae-4d7f-8c30-e1761ff572d4,60.0,1011.532,-1.1701,0.472548,9.712,1012.702,32.495,-7.8079,73.3863,98.243233,0.5361,39.0,7.84,4,True,rain,afternoon,above
1db29aec-a239-4e99-b8b9-963789ac7531,60.0,993.85,-0.0028,0.240568,0.023,993.853,-4.5874,-3.0144,40.6151,62.770097,0.5676,17.27,6.75,9,False,rain,morning,underground
62ca1051-30a5-475d-a307-9419535deebd,60.0,996.489,-0.6492,0.270235,5.388,997.138,15.9514,-11.6038,15.4261,45.020932,0.7323,45.73,10.68,0,True,clear,evening,above
7ed67182-292b-4839-8580-355b1d2175ab,60.0,1005.528,1.912,0.424199,-15.869,1003.616,23.5793,5.7692,39.322,37.069184,0.3124,3.61,2.12,11,False,rain,afternoon,street_level
f34e16ca-bd30-4a45-bbe4-fc3cd432b80b,60.0,1010.119,-0.4422,0.430669,3.671,1010.562,36.8282,3.3659,44.04,88.751493,0.2913,7.3,1.88,19,False,clear,evening,street_level
fcda54c7-c202-4f0c-9f94-da441ff038b6,60.0,995.844,-0.6242,0.463351,5.181,996.468,19.922,-25.6129,38.746,102.588486,0.8096,11.37,2.05,12,False,overcast,morning,above
c2abd8e7-d1d1-43b2-b2e6-024266bbf285,60.0,992.846,-1.5171,0.464799,12.592,994.363,3.5842,-36.8096,30.0174,44.069187,0.8675,36.17,7.34,4,True,clear,evening,above
a3c12045-f494-43fd-b837-df4ea6400366,60.0,997.374,-0.1191,0.104678,0.988,997.493,7.2241,17.1029,10.0296,117.410533,0.7603,83.2,10.4,0,True,rain,morning,underground
90712e64-0f91-4066-9883-3db11e6170e3,60.0,1008.912,-0.4265,0.455684,3.54,1009.338,27.4959,7.1682,49.9649,52.80942,0.7062,37.44,6.25,1,True,overcast,afternoon,above
eee7dac2-d081-490f-b728-73c7517bdbd0,60.0,1004.232,-0.9702,0.270815,8.053,1005.202,7.4495,-37.1276,52.2323,96.41406,0.0622,10.23,0.9,9,False,clear,evening,above
905d392b-b269-42b2-b554-0b80e254d69a,60.0,1012.76,-1.1942,0.165743,9.912,1013.954,22.4626,6.0822,7.4098,75.128908,0.5775,35.96,8.98,4,True,clear,night,above
472ae6ad-66f6-4720-8c1c-2aedda942843,60.0,993.305,-0.6326,0.560271,5.251,993.937,9.8307,-4.277,34.542,33.916249,0.7657,15.79,2.15,13,False,clear,evening,above
bd565f36-5bee-4021-9a6a-a882221b2129,60.0,1016.024,-1.169,0.460873,9.703,1017.193,24.8121,-3.7595,36.1215,61.534533,0.7667,53.93,7.02,1,True,clear,evening,above
7d5eab23-5484-4a23-86b2-b25d70b714ce,60.0,989.24,-1.1292,0.27531,9.372,990.369,6.3046,-11.0437,36.9165,86.891229,0.8014,71.31,11.03,2,True,overcast,morning,above
417609af-0bfb-4c18-aa23-5058cfe7fc54,60.0,994.669,-0.1472,0.02696,1.222,994.816,27.0939,-5.7513,50.3623,23.044584,0.2277,15.93,1.01,11,False,rain,afternoon,street_level
f3fd32dc-da3c-4dbb-ad82-422a9148cfad,60.0,1009.53,-0.1623,0.118624,1.347,1009.692,5.2214,-10.5343,23.6557,38.558085,0.7082,12.93,1.86,18,False,rain,afternoon,street_level
1e46cf99-9189-49f8-b285-dbb5c1c80569,60.0,990.0,-1.1236,0.134298,9.326,991.124,4.7415,-18.3502,31.6277,30.531441,0.6627,47.71,7.4,1,True,overcast,afternoon,above
c3362dbe-ad5b-46cf-9680-e4632a983379,60.0,1004.637,-0.0072,0.103765,0.06,1004.644,21.4109,-12.5305,26.6875,19.820958,1.0,50.63,4.15,2,True,overcast,night,street_level
2eb313dd-222f-4b72-8a49-75c7b8dd4a84,60.0,989.935,-0.0781,0.131791,0.649,990.014,4.8758,-14.0317,39.9075,27.386492,0.4038,8.13,3.65,11,False,clear,evening,street_level
8d71dd37-b16a-45d8-80e9-f0b66920546b,60.0,1002.323,-0.9611,0.183873,7.978,1003.285,1.0092,-9.5396,26.7785,81.529556,1.0,8.79,1.8,9,False,rain,morning,above
759dfa20-9c60-47ae-81b7-2648306de10d,60.0,992.58,-0.6751,0.178845,5.604,993.255,2.2957,-0.7106,43.5749,33.412527,0.5542,12.37,1.78,13,False,clear,morning,above
ea61ee64-c6c8-40b1-b127-fc2aa91d12cf,60.0,1015.492,-0.3519,0.198763,2.921,1015.844,19.1019,9.9371,36.6967,71.389892,0.385,31.08,5.3,3,True,overcast,evening,street_level
75937c0a-7a98-4bb6-a63d-680e45f4e104,60.0,1005.958,-0.0418,0.087491,0.347,1006.0,8.0141,-30.3522,49.2755,37.28848,0.6128,8.25,1.86,13,False,clear,afternoon,street_level
0127be74-20ba-4c92-a9b6-f5b490b7ff04,60.0,1008.349,-1.7805,0.462711,14.778,1010.13,33.9618,-23.8176,34.2515,64.883875,0.6575,35.44,4.37,0,True,overcast,night,street_level
9a3b0d79-a8c4-4d59-8aea-268b59393d19,60.0,1000.517,1.1207,0.435892,-9.302,999.397,43.0378,-7.5813,53.8723,93.989412,0.6248,2.89,5.15,8,False,clear,morning,underground
cc906372-eceb-423b-b5da-83d86d271876,60.0,994.72,0.1191,0.172741,-0.989,994.601,44.2776,-7.0112,25.0422,67.743424,0.5444,71.45,13.66,0,True,overcast,morning,underground
a9f31153-31cd-47ba-87f6-d6bf5824d935,60.0,999.847,-0.0083,0.114294,0.069,999.855,38.0016,-10.9749,40.4324,51.516476,0.6292,39.82,12.55,0,True,rain,morning,street_level
1140c5c1-c7af-42fc-867e-86219f6075b4,60.0,1016.493,0.4734,0.560612,-3.929,1016.019,47.5812,-19.6794,29.0287,35.39641,0.6571,33.04,3.87,7,False,clear,night,underground
d6ccd31d-636e-4d97-b433-617669b764b9,60.0,992.091,0.477,0.116788,-3.959,991.614,32.0507,5.9011,35.3292,50.458404,0.5195,59.22,7.99,2,True,clear,afternoon,street_level
532db2f5-6151-4e84-9dbf-ad3514f6e67d,60.0,1014.135,-1.0648,0.273732,8.838,1015.2,18.8975,-4.7901,41.9083,47.946112,1.0,9.73,2.64,19,False,rain,evening,above
0f27da57-b3ac-43a8-8a20-761fe8a332e6,60.0,1004.94,-0.3649,0.253472,3.029,1005.305,6.3818,-16.7459,30.0687,79.435564,0.6912,69.71,10.12,2,True,clear,night,above
077dd5fb-3636-4373-b114-00620790a854,60.0,992.1,-2.5565,0.65479,21.219,994.657,3.3899,-27.0941,36.8801,37.037187,0.0779,41.86,5.06,3,True,overcast,night,street_level
e073cd9e-5413-461a-9c23-f5477adb2509,60.0,991.838,-0.2298,0.344355,1.907,992.067,22.4325,-21.711,59.491,65.608771,0.1202,18.06,0.81,14,False,clear,night,above
e1f859c7-6620-4ddb-b8a1-2d24a539bdc2,60.0,1002.497,-0.0594,0.100971,0.493,1002.557,-12.799,-24.8943,28.3134,40.141045,0.0031,56.63,5.31,4,True,rain,night,street_level
5fa28269-b474-4ffb-8a42-713ae99a95ce,60.0,1011.302,-0.5343,0.504484,4.434,1011.836,17.334,3.6509,36.1529,53.916704,0.6118,30.18,10.55,0,True,rain,night,above
4884df84-329a-435f-9b20-6a54e5ff0382,60.0,1006.705,-0.4637,0.472048,3.849,1007.168,22.4265,-3.4753,40.0013,119.791859,0.9082,34.9,9.56,2,True,clear,evening,above
5b66e9a2-81a4-4a5a-8707-dfd58a5cb6c4,60.0,1014.17,-0.8149,0.526912,6.764,1014.985,57.7127,-36.984,27.1713,70.135025,0.5463,64.45,7.56,1,True,rain,evening,above
ca1b4c66-0eee-4bc0-b97d-ffd61d6b2bcc,60.0,1017.646,-0.0396,0.409954,0.329,1017.686,17.9312,12.4384,35.8882,60.281893,0.6202,45.21,9.22,0,True,rain,evening,above
79f20dc6-1553-4d29-b385-3ce444a10ae6,60.0,1014.768,-0.9001,0.365242,7.471,1015.668,22.7773,7.5856,49.0902,80.945819,0.7439,5.98,5.02,17,False,clear,evening,above
d54fb4f5-8395-4b97-925b-56e830a53383,60.0,1011.324,1.1779,0.643448,-9.777,1010.146,7.7163,-5.9049,62.9351,98.455749,0.8927,24.2,0.21,13,False,overcast,evening,underground
e2d0f2a5-52b0-4cdd-b475-7e720b89841e,60.0,1011.263,-0.863,0.180102,7.163,1012.126,-11.5241,9.0838,26.6598,82.817915,0.9259,56.71,7.77,3,True,rain,morning,above
a30f2964-116b-4899-b595-c185113b9d59,60.0,1006.208,-0.0645,0.097129,0.535,1006.273,15.7437,-3.5435,22.8425,73.79773,0.3946,17.62,1.84,23,False,rain,morning,street_level
7f525e8b-4caf-4737-8b29-f638b152d7b6,60.0,1005.564,0.8476,0.373174,-7.035,1004.716,11.9669,-9.5219,37.7196,29.029659,1.0,101.56,10.62,0,True,overcast,night,underground
5b45fd83-4baa-4717-816b-4780efd60e81,60.0,1017.278,-0.1836,0.695623,1.524,1017.462,50.8127,-20.6187,6.4725,58.943217,0.7857,50.63,12.0,0,True,clear,afternoon,underground
de8f4bf8-8033-4bc5-b182-e533fbce7d1e,60.0,1017.65,-0.0723,0.102918,0.6,1017.723,6.1731,-19.0295,51.4428,68.748591,0.1475,11.86,2.66,2,False,rain,evening,street_level
3a23c0bb-9066-4cec-b177-0a1aa60266da,60.0,1003.97,-0.3945,0.564866,3.274,1004.365,26.8749,-2.577,56.8121,7.394183,0.2536,31.49,2.34,11,False,rain,evening,street_level
1c11a3d0-16e7-484e-9e64-9bffb0516377,60.0,1005.448,-1.171,0.102168,9.719,1006.619,29.2703,3.1462,54.9955,61.996284,0.6053,50.71,9.2,2,True,overcast,afternoon,above
82bcd39e-a562-4892-a2e0-e33020fce52d,60.0,1010.741,1.5065,0.310735,-12.504,1009.235,30.1093,10.7008,22.3742,29.272644,0.2568,8.73,4.21,17,False,clear,afternoon,street_level
038e998c-e15b-4d5c-bb6a-2362e26618f9,60.0,1016.066,0.2,0.059821,-1.66,1015.866,37.5591,2.872,30.8659,45.237848,0.4438,1.0,1.2,5,False,rain,evening,street_level
cc9ea4ca-fb82-4620-b1c6-184973497f9c,60.0,1017.277,0.7577,0.200238,-6.289,1016.519,9.8994,2.2643,39.6374,100.636581,0.6769,24.8,5.97,4,False,overcast,night,underground
4a007d99-2952-4d49-8e86-136aefc77b7a,60.0,1017.945,0.0973,0.014153,-0.807,1017.848,3.4959,-8.9382,37.0768,79.899359,0.2904,53.09,3.4,2,True,overcast,evening,street_level
7a693b53-41df-4ff0-bbc6-46af9ebaf3c0,60.0,1014.393,-1.0414,0.386229,8.643,1015.434,12.3088,-30.3474,22.4334,58.649994,0.466,4.44,0.71,17,False,clear,afternoon,above
3e966098-45a6-4511-8558-8fd8fbc78985,60.0,991.238,0.4086,0.576444,-3.391,990.829,-3.2369,-46.453,49.823,60.958179,0.2769,15.85,5.39,11,False,clear,afternoon,underground
12fc4085-be63-4b7c-94b5-64bae54c812e,60.0,1015.897,0.0707,0.351518,-0.587,1015.826,27.8253,9.2334,33.474,60.085222,0.6663,13.77,1.74,8,False,clear,afternoon,underground
7bc6cd8b-4969-498b-8f65-deacd16c1049,60.0,1004.737,-1.1807,0.319629,9.8,1005.918,27.6747,-12.6963,56.6797,102.982121,0.5616,40.2,5.89,0,True,overcast,afternoon,above
15a32eec-6fb5-4a4b-8300-4f76a59fbb91,60.0,1001.733,1.1526,0.653772,-9.566,1000.58,14.7706,-12.2396,42.4952,71.020234,1.0,76.89,10.66,0,True,overcast,night,underground
b90c79ce-6b66-4777-8d39-da81a88ae49f,60.0,1002.604,-0.7956,0.378508,6.603,1003.4,33.0554,11.062,45.2567,97.730268,0.7347,63.4,4.84,1,True,overcast,night,above
122f123a-b26d-4a70-b600-976973a310c3,60.0,996.241,-0.7489,0.565047,6.216,996.99,25.7102,5.7131,34.954,78.598404,0.6224,8.49,1.24,11,False,rain,afternoon,above
78f63fd9-8fc0-42bc-8dee-8e260bc0305d,60.0,1011.945,0.6157,0.191125,-5.11,1011.329,9.3321,2.8134,21.6254,50.256667,0.7102,12.06,2.08,12,False,rain,evening,underground
aa3e7b15-9b94-4bac-b8ff-b8638a525dfa,60.0,1005.672,0.7404,0.447728,-6.145,1004.932,23.0658,-24.3928,33.6237,85.751398,1.0,64.63,9.24,0,True,clear,evening,underground
e5a7843c-0a44-4e3d-9c99-053e8b817c4c,60.0,1008.342,0.1427,0.24154,-1.184,1008.199,9.039,2.8839,40.6622,68.074859,1.0,14.48,4.8,11,False,overcast,evening,underground
cd133a1d-3f01-402a-855f-75b7baf42d5e,60.0,996.491,-0.9531,0.135991,7.911,997.445,17.9522,18.2209,38.2999,70.645937,1.0,5.17,3.28,16,False,rain,night,above
727caeda-cf57-499a-a201-df701202d1fd,60.0,993.289,0.3472,0.668889,-2.881,992.942,24.3144,-20.7598,57.9594,47.346224,0.7791,41.14,14.97,0,True,rain,night,underground
6f6c490a-d345-4676-8492-136a44ff503e,60.0,1011.695,0.9335,0.291268,-7.748,1010.761,13.99,16.6472,8.3151,90.347899,0.7687,32.78,10.76,0,True,clear,night,underground
40f60e0b-cd03-4ffb-8207-58ad8bbc3046,60.0,1013.443,-0.05,0.098833,0.415,1013.493,48.9821,-36.186,35.351,83.19346,0.2667,48.62,7.73,3,True,rain,evening,street_level
feea5115-a145-4db0-ab7d-c9c2225d0a6a,60.0,1003.14,-1.0607,0.398738,8.804,1004.2,22.6398,6.6164,48.9886,76.966378,1.0,39.27,10.04,0,True,clear,night,above
abdf9346-5df0-4a9f-9249-c0c5a9b7aa2d,60.0,991.875,0.1111,0.276889,-0.922,991.764,21.7113,6.2373,24.102,88.728486,0.4489,25.59,4.27,8,False,clear,afternoon,underground
65d53b0b-8cf3-4110-b6db-5f77a642809b,60.0,1011.895,0.0515,0.042518,-0.428,1011.843,1.35,-7.5021,44.3099,97.482153,0.4676,42.26,6.04,2,True,overcast,evening,street_level
6f5fc597-04d0-40df-8163-b5e70786d857,60.0,1001.384,0.9412,0.314553,-7.812,1000.442,17.685,-23.2097,26.759,85.458399,0.9208,47.65,13.21,0,True,rain,morning,underground
25d11f32-80c4-4699-8398-dd865f269e79,60.0,992.219,-0.4218,0.137242,3.501,992.64,26.8347,14.5658,40.5936,55.353217,0.5197,56.14,13.15,0,True,rain,night,underground
e7b43fe4-23cf-4b2a-9637-8ff656e5fa78,60.0,1017.961,0.6371,0.607497,-5.288,1017.324,18.5341,-4.6968,29.9288,91.597108,0.5515,46.57,11.12,0,True,overcast,afternoon,underground
33297fa4-85a7-4871-a184-b5b105fc5cba,60.0,995.707,-0.0487,0.041168,0.405,995.756,-11.9088,-21.9918,45.1692,41.141069,0.5955,16.75,2.74,10,False,overcast,night,street_level
eb6ae3a3-1aa3-4775-86f5-15214c175712,60.0,998.935,0.8687,0.500726,-7.21,998.066,15.421,-12.5424,60.3828,87.783994,0.5923,66.83,13.45,0,True,clear,morning,underground
2a94d119-1a1f-4164-b60a-978d8ada27f2,60.0,1019.418,2.9067,0.764583,-24.126,1016.511,18.1952,12.4757,49.8786,81.340027,0.2216,20.7,8.61,3,True,clear,evening,street_level
c84e1694-e1ee-471d-80f8-2154d7c8dd27,60.0,1006.332,-0.9781,0.530426,8.118,1007.31,22.986,11.9151,53.9361,46.744461,0.7426,13.18,1.59,18,False,rain,night,above
b225693a-6569-472f-968d-13e4ff7dc976,60.0,1012.417,-0.7372,0.195689,6.119,1013.155,27.5203,-29.3157,49.0761,-4.914991,0.9433,36.21,2.73,18,False,overcast,night,street_level
c96b8335-7573-4fb0-92ad-2db53617b4af,60.0,1006.111,-1.2992,0.572219,10.783,1007.41,20.4774,-14.6193,52.8256,56.980442,0.0656,42.62,10.82,2,True,overcast,night,above
6338ad3d-5e36-4f0d-ab8e-80ea3340ff1d,60.0,1003.847,0.2811,0.011497,-2.333,1003.566,-8.4448,-13.8229,32.3138,28.395589,0.2589,33.81,12.32,2,True,rain,night,street_level
e79ea0b1-f2a2-464e-a38b-4ef71c0b2e4a,60.0,1003.34,-1.9544,0.792536,16.222,1005.295,35.6273,1.8344,30.0002,49.008374,0.331,16.73,2.32,2,True,clear,morning,street_level
1d473db6-9521-4742-91cc-93f7ca1b3fbe,60.0,1001.821,-0.596,0.341239,4.947,1002.417,35.4154,-13.7434,44.9288,92.423779,0.7904,17.58,3.38,14,False,rain,evening,above
97fff584-ddf3-4e9d-ae9a-843148a1778a,60.0,1004.139,-0.3129,0.200555,2.597,1004.451,49.0647,-20.5925,43.5991,21.163309,0.4888,16.97,2.38,14,False,rain,night,above
1b1e2502-2d1e-4b06-8abe-fd0377a0944c,60.0,1009.59,0.746,0.126575,-6.192,1008.844,27.6731,-16.8506,26.7121,92.559474,0.8297,21.93,3.05,8,False,clear,night,underground
f15c477d-2b6d-403f-b864-72203bdb7049,60.0,1011.878,-0.0023,0.614593,0.019,1011.88,4.2233,-15.3621,34.3328,76.255684,0.4561,5.64,3.18,7,False,overcast,morning,street_level
07983251-ab8d-40f9-9e12-b36ca73f2431,60.0,997.702,0.5342,0.474413,-4.434,997.168,29.2168,26.2676,38.0321,98.64161,0.3033,40.41,16.52,0,True,overcast,night,underground
040b6913-50bc-40b5-9c77-1a36f7274b88,60.0,1010.7,-0.1432,0.011542,1.189,1010.843,7.0319,-15.0801,50.3177,18.349184,0.5914,54.07,11.39,5,True,clear,evening,street_level
b6d52585-f611-409b-91dc-9c0a2f52248c,60.0,1008.49,-0.6703,0.243348,5.563,1009.16,56.8693,-2.1797,29.632,105.854054,0.6696,32.75,5.61,1,True,clear,morning,above
7ec5c4ab-f58b-4d9b-95e6-436baca401a0,60.0,993.122,0.4987,0.689772,-4.139,992.623,23.7484,-24.4956,46.4999,109.52924,0.8037,73.64,9.12,0,True,clear,evening,underground
3c978fa1-0f2b-4349-8ee8-18485689d6a5,60.0,1004.838,-1.0109,0.418508,8.391,1005.849,-1.1296,-13.5132,33.6671,71.717108,0.2167,1.19,0.74,16,False,overcast,evening,above
6288d2aa-95a3-403c-a37c-be9c51597321,60.0,1013.248,-1.3982,0.170845,11.605,1014.646,31.3943,-17.7578,9.2385,67.372938,0.8504,28.49,11.55,2,True,overcast,evening,above
3e597d22-3c31-404a-a7fe-2315ab5e270e,60.0,1000.438,-0.9361,0.367361,7.77,1001.374,18.12,-5.2335,60.612,58.786361,0.2538,31.93,6.66,0,True,clear,afternoon,above
b56176c1-fe1a-4937-8598-8042a4ac4e63,60.0,1012.808,0.043,0.125475,-0.357,1012.765,27.1475,-6.7588,28.3708,73.107976,0.0,49.66,13.99,1,True,overcast,evening,street_level
7190cf33-b3dc-4563-85bb-f53622741eba,60.0,999.504,0.2115,0.138778,-1.756,999.293,9.0931,-2.3035,21.9987,84.326596,0.9201,34.29,14.21,0,True,rain,afternoon,underground
8af5091a-f3e7-44c6-a201-4d88caab1189,60.0,993.002,0.3152,0.145167,-2.616,992.687,18.0846,-23.6567,27.9722,33.979073,0.4973,54.09,4.28,2,True,rain,night,street_level
ae9dc0a5-6ca5-4df2-967f-4537bca30f30,60.0,990.083,-0.5749,0.06742,4.772,990.658,56.6166,-3.2141,42.7795,21.54387,0.2787,16.74,3.73,2,True,rain,evening,street_level
