Timestamp_s,GroundTruth_Lat,GroundTruth_Lon,GroundTruth_Alt_m,GPS_Status,GPS_Lat,GPS_Lon,GPS_Alt_m,Barometer_hPa,Magnetometer_X_uT,Magnetometer_Y_uT,Magnetometer_Z_uT
0.0,41.1415,-8.611,60.0,1.0,41.1415,-8.611,60.0,1006.0748357076505,25.064610590987613,-1.2787458925039168,50.865938769117456
1.0,41.14153966480447,-8.611006703910615,60.167597765363126,1.0,41.14153966480447,-8.611006703910615,60.167597765363126,1006.0229750530979,33.037235650701945,-1.684901489789539,55.34626601223097
2.0,41.14157932960894,-8.611013407821229,60.33519553072626,1.0,41.14157932960894,-8.611013407821229,60.33519553072626,1006.042160963218,40.492238691793474,-1.0441410241756275,52.97815733929603
3.0,41.141618994413406,-8.611020111731845,60.502793296089386,1.0,41.141618994413406,-8.611020111731845,60.502793296089386,1006.0658162972896,45.932729569790624,0.28985466882715927,45.296416488626875
4.0,41.141658659217875,-8.61102681564246,60.67039106145251,1.0,41.141658659217875,-8.61102681564246,60.67039106145251,1005.9578454038895,49.200691825120145,-1.4018372839848654,55.55937750288221
5.0,41.14169832402235,-8.611033519553073,60.83798882681564,1.0,41.14169832402235,-8.611033519553073,60.83798882681564,1005.9377344929346,49.56809811855544,-0.18044159727796627,55.11334053141181
6.0,41.14173798882682,-8.611040223463688,61.00558659217877,1.0,41.14173798882682,-8.611040223463688,61.00558659217877,1006.0082902497139,48.46015217398778,-0.16114959296177966,48.07122492541185
7.0,41.14177765363129,-8.611046927374302,61.1731843575419,1.0,41.14177765363129,-8.611046927374302,61.1731843575419,1005.9475896135526,44.99506362642843,-1.2767941208539972,50.59287076135977
8.0,41.141817318435756,-8.611053631284916,61.340782122905026,1.0,41.141817318435756,-8.611053631284916,61.340782122905026,1005.8656324259547,38.56155645250303,-0.7155084604073623,54.87622205086035
9.0,41.141856983240224,-8.611060335195532,61.50837988826816,1.0,41.141856983240224,-8.611060335195532,61.50837988826816,1005.8961224155871,31.170854318595293,-0.18580168843573097,50.45372206112468
10.0,41.14189664804469,-8.611067039106146,61.675977653631286,1.0,41.14189664804469,-8.611067039106146,61.675977653631286,1005.8257117969235,22.041416701185852,-1.1895638704937435,56.029580134291734
11.0,41.14193631284916,-8.61107374301676,61.84357541899441,1.0,41.14193631284916,-8.61107374301676,61.84357541899441,1005.8054844620422,14.007970050864095,-1.101790180051181,63.51559512312897
12.0,41.14197597765363,-8.611080446927375,62.011173184357546,1.0,41.14197597765363,-8.611080446927375,62.011173184357546,1005.8207573314554,7.744620068614591,-1.290840456974322,46.94504657952561
13.0,41.1420156424581,-8.611087150837989,62.17877094972067,1.0,41.1420156424581,-8.611087150837989,62.17877094972067,1005.6928834738006,2.9400613449937723,-1.5073783653464334,44.239123798871056
14.0,41.142055307262574,-8.611093854748605,62.3463687150838,1.0,41.142055307262574,-8.611093854748605,62.3463687150838,1005.6821898625642,0.8764326956973214,-1.3246387725330036,52.64925389740999
15.0,41.14209497206704,-8.611100558659219,62.513966480446925,1.0,41.14209497206704,-8.611100558659219,62.513966480446925,1005.7202096458843,-0.5168953783955601,-1.6119701333811283,54.54065815489544
16.0,41.14213463687151,-8.611107262569833,62.68156424581006,1.0,41.14213463687151,-8.611107262569833,62.68156424581006,1005.6775707344862,3.6769740485797335,-0.9829582658703869,50.251072267356044
17.0,41.14217430167598,-8.611113966480447,62.849162011173185,1.0,41.14217430167598,-8.611113966480447,62.849162011173185,1005.7238129252889,7.728509579374922,-1.384986615529321,58.66304767688128
18.0,41.14221396648045,-8.611120670391061,63.01675977653631,1.0,41.14221396648045,-8.611120670391061,63.01675977653631,1005.6425876230396,14.289331926019686,-0.8831070441046261,43.432705014764664
19.0,41.142253631284916,-8.611127374301677,63.184357541899445,1.0,41.142253631284916,-8.611127374301677,63.184357541899445,1005.5972619099052,21.790972351771376,-1.7779478231018135,55.11676323659714
20.0,41.142293296089385,-8.611134078212292,63.35195530726257,1.0,41.142293296089385,-8.611134078212292,63.35195530726257,1005.7210478015746,29.546832669342734,-0.8345598838927715,47.1394499021877
21.0,41.14233296089385,-8.611140782122906,63.5195530726257,1.0,41.14233296089385,-8.611140782122906,63.5195530726257,1005.6163648162607,38.30043172140651,-0.5832355191955376,60.11316263320731
22.0,41.14237262569832,-8.61114748603352,63.687150837988824,1.0,41.14237262569832,-8.61114748603352,63.687150837988824,1005.6109183096758,44.09071036178511,-1.9968678212857278,61.525929334254386
23.0,41.1424122905028,-8.611154189944134,63.85474860335196,1.0,41.1424122905028,-8.611154189944134,63.85474860335196,1005.516192758287,47.57943754554927,-0.8129717150762139,46.62123384597566
24.0,41.142451955307266,-8.611160893854748,64.02234636871509,1.0,41.142451955307266,-8.611160893854748,64.02234636871509,1005.5400992995279,49.31579596024629,-0.3861655037633539,48.04680717647981
25.0,41.142491620111734,-8.611167597765364,64.18994413407822,1.0,41.142491620111734,-8.611167597765364,64.18994413407822,1005.5527528333962,48.9208574633355,-1.6048205093456027,54.745087100656036
26.0,41.1425312849162,-8.611174301675979,64.35754189944134,1.0,41.1425312849162,-8.611174301675979,64.35754189944134,1005.4695452931959,46.526735716566954,-0.1637138065811483,48.95688623590806
27.0,41.14257094972067,-8.611181005586593,64.52513966480447,1.0,41.14257094972067,-8.611181005586593,64.52513966480447,1005.5257681411407,39.99955970416232,-0.7904904953169773,50.61892676824594
28.0,41.14261061452514,-8.611187709497207,64.6927374301676,1.0,41.14261061452514,-8.611187709497207,64.6927374301676,1005.4568395738839,32.23096677684045,-1.3525059278792044,51.51677236884672
29.0,41.14265027932961,-8.611194413407821,64.86033519553072,1.0,41.14265027932961,-8.611194413407821,64.86033519553072,1005.4521750890466,24.87712846795704,-1.0278845388288531,42.05678859207152
30.0,41.14268994413408,-8.611201117318437,65.02793296089385,1.0,41.14268994413408,-8.611201117318437,65.02793296089385,1005.4165627140814,24.863638215126166,-0.7208365437391389,36.69784190539498
31.0,41.142729608938545,-8.611207821229051,65.19553072625698,1.0,41.142729608938545,-8.611207821229051,65.19553072625698,1005.5191502220746,23.651556678529214,-0.9619973042937943,35.71891598671085
32.0,41.14276927374302,-8.611214525139665,65.36312849162012,1.0,41.14276927374302,-8.611214525139665,65.36312849162012,1005.4057497197687,24.972852566741093,-0.7306220037768154,35.89538906312774
33.0,41.14280893854749,-8.61122122905028,65.53072625698324,1.0,41.14280893854749,-8.61122122905028,65.53072625698324,1005.3334273027142,24.88453273489566,-1.4603367965396832,35.158280903889526
34.0,41.14284860335196,-8.611227932960894,65.69832402234637,1.0,41.14284860335196,-8.611227932960894,65.69832402234637,1005.4073283629235,25.34810318240671,-0.915319587981961,35.59706496675191
35.0,41.142888268156426,-8.611234636871508,65.8659217877095,1.0,41.142888268156426,-8.611234636871508,65.8659217877095,1005.2850472029763,25.92447804747267,-1.70685724845249,36.48242581654873
36.0,41.142927932960895,-8.611241340782124,66.03351955307262,1.0,41.142927932960895,-8.611241340782124,66.03351955307262,1005.3364208333816,25.563282514773878,-1.05561303067435,36.80779141177412
37.0,41.14296759776536,-8.611248044692738,66.20111731843575,1.0,41.14296759776536,-8.611248044692738,66.20111731843575,1005.2078824155938,24.865555654722584,-1.451953820732395,35.38282556406004
38.0,41.14300726256983,-8.611254748603352,66.36871508379889,1.0,41.14300726256983,-8.611254748603352,66.36871508379889,1005.2193448874992,24.446737045629163,-1.3677649712948834,35.703767870423555
39.0,41.1430469273743,-8.611261452513967,66.53631284916202,1.0,41.1430469273743,-8.611261452513967,66.53631284916202,1005.275485519894,26.28667990162493,-0.3819534123947813,35.98679712152054
40.0,41.14308659217877,-8.61126815642458,66.70391061452514,1.0,41.14308659217877,-8.61126815642458,66.70391061452514,1005.2824540552568,25.029609217007245,-0.4543449397028655,36.140080579409805
41.0,41.143126256983244,-8.611274860335197,66.87150837988827,1.0,41.143126256983244,-8.611274860335197,66.87150837988827,1005.2339874084729,25.006964645956472,-0.6954309395464116,35.595198240039174
42.0,41.14316592178771,-8.611281564245811,67.0391061452514,1.0,41.14316592178771,-8.611281564245811,67.0391061452514,1005.1995248484504,24.987937456445,-1.5461563823362896,36.21203052223205
43.0,41.14320558659218,-8.611288268156425,67.20670391061452,1.0,41.14320558659218,-8.611288268156425,67.20670391061452,1005.1701403459467,25.099042380383928,-1.158204224847401,35.76308032646454
44.0,41.14324525139665,-8.61129497206704,67.37430167597765,1.0,41.14324525139665,-8.61129497206704,67.37430167597765,1005.0911576993643,24.92781979403803,-0.3934511500104083,35.99277386456086
45.0,41.14328491620112,-8.611301675977654,67.54189944134077,1.0,41.14328491620112,-8.611301675977654,67.54189944134077,1005.1089798566194,24.713168996559883,-0.9291415431800476,36.27314212400185
46.0,41.14332458100559,-8.611308379888268,67.70949720670392,1.0,41.14332458100559,-8.611308379888268,67.70949720670392,1005.1018283966475,24.726570529379803,0.1596647699908471,36.00321113490547
47.0,41.143364245810055,-8.611315083798884,67.87709497206704,1.0,41.143364245810055,-8.611315083798884,67.87709497206704,1005.1576047146629,24.983623364892,-0.803341080302814,35.78180705473672
48.0,41.14340391061452,-8.611321787709498,68.04469273743017,1.0,41.14340391061452,-8.611321787709498,68.04469273743017,1005.1018177859868,24.728287614433118,-0.9039754417549842,35.94519509803708
49.0,41.14344357541899,-8.611328491620112,68.2122905027933,1.0,41.14344357541899,-8.611328491620112,68.2122905027933,1004.9763731318967,24.643577108661418,-1.1545582321012506,35.95581852039733
50.0,41.14348324022347,-8.611335195530726,68.37988826815642,1.0,41.14348324022347,-8.611335195530726,68.37988826815642,1005.060617606291,25.053215113845948,-0.9332295476088588,35.81499448505894
51.0,41.143522905027936,-8.61134189944134,68.54748603351955,1.0,41.143522905027936,-8.61134189944134,68.54748603351955,1005.0050475619569,24.87251139128957,-1.076234918190272,35.87060196866645
52.0,41.143562569832405,-8.611348603351956,68.71508379888269,1.0,41.143562569832405,-8.611348603351956,68.71508379888269,1004.9703438441187,25.751996494291344,-0.6459456616557048,36.79932358525236
53.0,41.14360223463687,-8.61135530726257,68.88268156424581,1.0,41.14360223463687,-8.61135530726257,68.88268156424581,1005.0146620267325,23.674515095803493,-0.521648841602708,36.28045972397062
54.0,41.14364189944134,-8.611362011173185,69.05027932960894,1.0,41.14364189944134,-8.611362011173185,69.05027932960894,1005.0155164565717,25.54575342596123,-1.3929947302539747,35.85225984098542
55.0,41.14368156424581,-8.611368715083799,69.21787709497207,1.0,41.14368156424581,-8.611368715083799,69.21787709497207,1004.9904187545592,25.623042596248816,-1.665616476778889,36.34847720225537
56.0,41.14372122905028,-8.611375418994413,69.3854748603352,1.0,41.14372122905028,-8.611375418994413,69.3854748603352,1004.8817821405986,23.963304883795924,-1.9181026865516482,35.833090255121995
57.0,41.14376089385475,-8.61138212290503,69.55307262569832,1.0,41.14376089385475,-8.61138212290503,69.55307262569832,1004.8881706661236,24.828656202959827,-0.7460043365437281,36.58656231879332
58.0,41.143800558659215,-8.611388826815643,69.72067039106145,1.0,41.143800558659215,-8.611388826815643,69.72067039106145,1004.9000827246427,24.814279567002103,-1.5516833030869368,36.18482109609905
59.0,41.14384022346369,-8.611395530726258,69.88826815642457,1.0,41.14384022346369,-8.611395530726258,69.88826815642457,1004.9121850775853,24.29624415264109,-2.0764452964762414,35.94634892799789
60.0,41.14387988826816,-8.611402234636872,70.05586592178771,1.0,41.14387988826816,-8.611402234636872,70.05586592178771,1004.8193373774932,24.61109165620456,-0.805710697734518,36.22385846290514
61.0,41.14391955307263,-8.611408938547486,70.22346368715084,1.0,41.14391955307263,-8.611408938547486,70.22346368715084,1004.8139014087087,24.444712077267084,0.2464997587163953,35.21456192396575
62.0,41.1439592178771,-8.6114156424581,70.39106145251397,1.0,41.1439592178771,-8.6114156424581,70.39106145251397,1004.747755876998,25.876135221711813,-1.0030354557699466,35.4366162655451
63.0,41.143998882681565,-8.611422346368716,70.55865921787709,1.0,41.143998882681565,-8.611422346368716,70.55865921787709,1004.7231505626507,25.46783919657373,-0.5807546127741791,35.40303749680047
64.0,41.14403854748603,-8.61142905027933,70.72625698324022,1.0,41.14403854748603,-8.61142905027933,70.72625698324022,1004.8034754531309,25.635777547497078,-0.9590853207262175,36.071471547381854
65.0,41.1440782122905,-8.611435754189944,70.89385474860335,1.0,41.1440782122905,-8.611435754189944,70.89385474860335,1004.8105494315962,25.360836032021616,-1.0494448265955714,36.866257499742545
66.0,41.14411787709497,-8.611442458100559,71.06145251396649,1.0,41.14411787709497,-8.611442458100559,71.06145251396649,1004.719025192245,24.435474114391386,-0.5404617585061158,37.11565007309632
67.0,41.14415754189944,-8.611449162011173,71.22905027932961,1.0,41.14415754189944,-8.611449162011173,71.22905027932961,1004.752690611375,24.737739866860114,-1.1451372720943256,36.319025550720376
68.0,41.144197206703915,-8.611455865921789,71.39664804469274,1.0,41.144197206703915,-8.611455865921789,71.39664804469274,1004.7004840358893,25.24468728061396,-0.8663038429640485,36.25042223747223
69.0,41.14423687150838,-8.611462569832403,71.56424581005587,1.0,41.14423687150838,-8.611462569832403,71.56424581005587,1004.630034515063,24.388936095554026,-0.8391510969019932,35.09947113292363
70.0,41.14427653631285,-8.611469273743017,71.73184357541899,1.0,41.14427653631285,-8.611469273743017,71.73184357541899,1004.6602485512251,25.356499215086195,-1.3340452268215244,35.72866310013299
71.0,41.14431620111732,-8.611475977653631,71.89944134078212,1.0,41.14431620111732,-8.611475977653631,71.89944134078212,1004.6989688674295,24.879837300920933,-0.5039788252317385,35.60610812404588
72.0,41.14435586592179,-8.611482681564246,72.06703910614524,1.0,41.14435586592179,-8.611482681564246,72.06703910614524,1004.6001640053071,24.8125895962252,-1.0874798783477044,35.68957620087444
73.0,41.14439553072626,-8.61148938547486,72.23463687150837,1.0,41.14439553072626,-8.61148938547486,72.23463687150837,1004.6600757582097,25.355479984101745,-1.3778725797464224,35.9159280907076
74.0,41.144435195530725,-8.611496089385476,72.40223463687151,1.0,41.144435195530725,-8.611496089385476,72.40223463687151,1004.430744588371,25.22213165574302,-0.7317450782147983,35.763954711151435
75.0,41.144474860335194,-8.61150279329609,72.56983240223464,1.0,41.144474860335194,-8.61150279329609,72.56983240223464,1004.5827152369507,24.81951691709046,-1.4492339908955185,35.010350094812104
76.0,41.14451452513966,-8.611509497206704,72.73743016759776,1.0,41.14451452513966,-8.611509497206704,72.73743016759776,1004.5258607333002,25.579664901682126,-0.9859094213154359,36.37395512805877
77.0,41.14455418994414,-8.611516201117318,72.90502793296089,1.0,41.14455418994414,-8.611516201117318,72.90502793296089,1004.4864462805214,24.45946833620005,-1.0045594983221018,35.463628487130094
78.0,41.14459385474861,-8.611522905027932,73.07262569832402,1.0,41.14459385474861,-8.611522905027932,73.07262569832402,1004.485872955028,25.30796780347213,-0.45705221708421095,36.119623432055576
79.0,41.144633519553075,-8.611529608938548,73.24022346368714,1.0,41.144633519553075,-8.611529608938548,73.24022346368714,1004.3617947386275,25.296550628984193,-0.7626508835600236,37.037041334874985
80.0,41.14467318435754,-8.611536312849163,73.40782122905028,1.0,41.14467318435754,-8.611536312849163,73.40782122905028,1004.4300778581221,24.845226780343005,-1.0125134793725719,35.54030770420679
81.0,41.14471284916201,-8.611543016759777,73.57541899441341,1.0,41.14471284916201,-8.611543016759777,73.57541899441341,1004.438805349246,25.16306651112106,-0.5911168503998565,34.73485623862683
82.0,41.14475251396648,-8.611549720670391,73.74301675977654,1.0,41.14475251396648,-8.611549720670391,73.74301675977654,1004.4747326910639,24.37444321180735,-0.3048962254913433,35.85699788905995
83.0,41.14479217877095,-8.611556424581005,73.91061452513966,1.0,41.14479217877095,-8.611556424581005,73.91061452513966,1004.3548127460696,25.46201350960345,-0.7210948468240689,36.55047981749929
84.0,41.14483184357542,-8.61156312849162,74.07821229050279,1.0,41.14483184357542,-8.61156312849162,74.07821229050279,1004.3201898449951,24.907548931778507,-0.9948236900783097,36.9791737271103
85.0,41.144871508379886,-8.611569832402235,74.24581005586592,1.0,41.144871508379886,-8.611569832402235,74.24581005586592,1004.3154149411168,24.73863848974048,-1.6559181161750798,35.38522520277379
86.0,41.14491117318436,-8.61157653631285,74.41340782122904,1.0,41.14491117318436,-8.61157653631285,74.41340782122904,1004.3661611673376,25.524504612918445,-1.5325568315376863,36.24834961161826
87.0,41.14495083798883,-8.611583240223464,74.58100558659218,1.0,41.14495083798883,-8.611583240223464,74.58100558659218,1004.3167168850919,24.64782815472862,-1.152612352177334,35.76734477160997
88.0,41.1449905027933,-8.611589944134078,74.74860335195531,1.0,41.1449905027933,-8.611589944134078,74.74860335195531,1004.253679587577,24.29576935181822,-1.3047561010796416,35.947025822847934
89.0,41.14503016759777,-8.611596648044692,74.91620111731844,1.0,41.14503016759777,-8.611596648044692,74.91620111731844,1004.2857192375775,24.22168541323805,-1.093485651492723,37.32217167350852
90.0,41.145069832402235,-8.611603351955308,75.08379888268156,1.0,41.145069832402235,-8.611603351955308,75.08379888268156,1004.2447980115456,25.30300497567282,-0.9716750375514465,35.248514835802425
91.0,41.145109497206704,-8.611610055865922,75.25139664804469,1.0,41.145109497206704,-8.611610055865922,75.25139664804469,1004.2682646517612,24.359785323751858,-0.7351536228216347,36.12686983074729
92.0,41.14514916201117,-8.611616759776537,75.41899441340782,1.0,41.14514916201117,-8.611616759776537,75.41899441340782,1004.1646180156972,25.877397090992183,-1.0352493890295456,36.233846585882716
93.0,41.14518882681564,-8.61162346368715,75.58659217877096,1.0,41.14518882681564,-8.61162346368715,75.58659217877096,1004.1632258312176,23.95903529605814,-0.756749178086899,36.542893162469674
94.0,41.14522849162012,-8.611630167597765,75.75418994413408,1.0,41.14522849162012,-8.611630167597765,75.75418994413408,1004.1398917990473,25.848228184145018,-0.9677627925949399,36.048991576735446
95.0,41.145268156424585,-8.61163687150838,75.92178770949721,1.0,41.145268156424585,-8.61163687150838,75.92178770949721,1004.0662097274537,25.105508733601308,-1.9877332831769357,36.154025269752054
96.0,41.14530782122905,-8.611643575418995,76.08938547486034,1.0,41.14530782122905,-8.611643575418995,76.08938547486034,1004.1340797568699,24.951643444064803,-1.4696676969093772,35.8041757162891
97.0,41.14534748603352,-8.61165027932961,76.25698324022346,1.0,41.14534748603352,-8.61165027932961,76.25698324022346,1004.1122147747823,24.727540456595523,-1.0720437778608076,36.13456347062255
98.0,41.14538715083799,-8.611656983240223,76.42458100558659,1.0,41.14538715083799,-8.611656983240223,76.42458100558659,1004.0793059521618,25.199568057176034,-1.6048473714205538,35.82840386225129
99.0,41.14542681564246,-8.611663687150838,76.59217877094972,1.0,41.14542681564246,-8.611663687150838,76.59217877094972,1004.0472091908173,24.981182648787577,-0.7000356350018977,36.31078594492803
100.0,41.14546648044693,-8.611670391061452,76.75977653631284,1.0,41.14546648044693,-8.611670391061452,76.75977653631284,1003.96805827854,25.551650941008262,-0.23462458382815132,35.81519483197818
101.0,41.145506145251396,-8.611677094972068,76.92737430167597,1.0,41.145281456317996,-8.611737765001545,77.98379276307332,1003.9976828176606,25.05711382433102,-0.39061907415134167,36.18855019695109
102.0,41.145545810055864,-8.611683798882682,77.09497206703911,1.0,41.14566581795151,-8.611732989127432,67.71220853682973,1003.981467626129,25.075150880730938,-1.106721435465104,35.98536859315751
103.0,41.14558547486034,-8.611690502793296,77.26256983240224,1.0,41.145647446004936,-8.61175403903218,71.31423653695043,1003.9383777566507,24.81819389389307,-0.254636931575024,36.56302512538608
104.0,41.14562513966481,-8.61169720670391,77.43016759776536,1.0,41.14556270512584,-8.611715659239676,74.40644427507429,1003.9503156026849,24.971527188139465,-0.9256662713989442,35.974303138205755
105.0,41.14566480446928,-8.611703910614525,77.59776536312849,1.0,41.145444247863566,-8.611614203994836,83.9721405695221,1003.9584706992653,25.15390088444603,-1.1685429855590197,35.11348376589656
106.0,41.145704469273745,-8.61171061452514,77.76536312849161,1.0,41.14576962147288,-8.611824383092182,76.75790545875402,1004.0124657196415,24.144915803671687,-1.3067013317704699,36.630960750357
107.0,41.145744134078214,-8.611717318435755,77.93296089385476,1.0,41.14574348194669,-8.611657438996799,81.27466333744516,1003.906773583379,24.325907288947143,-1.1512348432440642,35.54713384956869
108.0,41.14578379888268,-8.611724022346369,78.10055865921788,1.0,41.1457103815028,-8.611715822790728,80.38696068229409,1003.89081048043,25.371632047011357,-1.1940884092706143,35.67311683067559
109.0,41.14582346368715,-8.611730726256983,78.26815642458101,1.0,41.145969045919365,-8.611660275603,82.2134398614586,1003.854098933262,25.08543271906397,-0.9147918888122561,35.70216935297825
110.0,41.14586312849162,-8.611737430167597,78.43575418994413,1.0,41.14587151115441,-8.611596384253078,80.48456816974162,1003.7417709364418,24.90800833182366,-0.9197130094750677,36.68721904658541
111.0,41.14590279329609,-8.611744134078211,78.60335195530726,1.0,41.14581668450507,-8.6116037970812,82.0928683180024,1003.8162720715906,25.009216966532698,-0.9984769899232928,34.932162893010656
112.0,41.14594245810056,-8.611750837988827,78.77094972067039,1.0,41.145898153698454,-8.611798787285567,80.2538274463742,1003.8004975440166,25.173790852680835,-0.781530915126825,37.568874266829994
113.0,41.14598212290503,-8.611757541899442,78.93854748603351,1.0,41.14602844138456,-8.611737812672878,80.49509085324794,1003.9005364073003,24.73012015984532,-0.40467686260682934,36.528028404533025
114.0,41.1460217877095,-8.611764245810056,79.10614525139664,1.0,41.14619178344696,-8.611657091494832,80.05932320772176,1003.7476445215933,24.610847637298843,-0.5252229322793381,36.11161945706458
115.0,41.14606145251397,-8.61177094972067,79.27374301675977,1.0,41.146155583572046,-8.611874202111023,81.26337826649382,1003.7522282051054,25.09792262754884,-1.7424489842249518,35.97255299969186
116.0,41.14610111731844,-8.611777653631284,79.44134078212291,1.0,41.14628204795341,-8.611799458220823,75.20317113902749,1003.71530351766,24.510813611192486,-2.2769605674509776,36.14277703742883
117.0,41.146140782122906,-8.6117843575419,79.60893854748603,1.0,41.14607557323404,-8.611893320845635,75.68512900684752,1003.6384934724207,25.204126377857236,-0.5328400443803631,36.26056121418967
118.0,41.146180446927374,-8.611791061452514,79.77653631284916,1.0,41.146143396117516,-8.611931618154433,79.85462798259718,1003.7339567831839,24.14870819788108,-1.6834393492077107,36.32260779297503
119.0,41.14622011173184,-8.611797765363129,79.94413407821229,1.0,41.14631033944922,-8.611888540981143,87.54055369642113,1003.6943005622488,25.514577818662822,-1.1123827009463418,36.27780223300172
120.0,41.14625977653631,-8.611804469273743,80.11173184357541,1.0,41.14631085574516,-8.611701411215181,76.82255907431473,1003.676143776123,25.23629874120652,-1.5850565130296799,36.04479034062762
121.0,41.14629944134079,-8.611811173184357,80.27932960893855,1.0,41.14638489386349,-8.611920366574397,84.7305671131211,1003.5710110741877,25.12801486715694,-1.9009902187900098,35.901330789846334
122.0,41.146339106145255,-8.611817877094971,80.44692737430168,1.0,41.14635629007923,-8.611762551972973,74.56895434617742,1003.6665084306306,25.49134549197276,-0.7292686358976059,35.924363358173245
123.0,41.146378770949724,-8.611824581005587,80.6145251396648,1.0,41.1462892639655,-8.611764858183761,75.8727851185438,1003.5061644301006,25.832737222231287,-0.6204224198486765,35.90254585982366
124.0,41.14641843575419,-8.611831284916201,80.78212290502793,1.0,41.1464647563834,-8.611967998696848,85.02299396836128,1003.5854881060866,25.507185032509064,-1.2882552003633596,36.566885048433534
125.0,41.14645810055866,-8.611837988826816,80.94972067039106,1.0,41.146334848227184,-8.611782758833048,84.07787533862107,1003.6455563008435,24.079562884334177,-2.295521146072455,36.29677836114043
126.0,41.14649776536313,-8.61184469273743,81.11731843575419,1.0,41.14642808818129,-8.611786490080721,82.41952975242197,1003.466394971453,24.36021151663215,-1.2731222241262414,34.52980568266786
127.0,41.1465374301676,-8.611851396648044,81.28491620111731,1.0,41.14648354598198,-8.61195225211645,71.47178774275442,1003.4674951693858,24.68759071115216,-0.8040979972987268,36.32795038826488
128.0,41.146577094972066,-8.61185810055866,81.45251396648044,1.0,41.146612059976796,-8.612014580835796,81.92923496368698,1003.4806808922767,25.013045525105415,-1.7394557843870644,36.097368097359386
129.0,41.146616759776535,-8.611864804469274,81.62011173184358,1.0,41.14659041495493,-8.61179689019173,80.10988423439426,1003.430412809473,25.258829510234563,-0.9083200401104222,35.99064562177705
130.0,41.14665642458101,-8.611871508379888,81.7877094972067,1.0,41.14662347980238,-8.61179832130946,83.4629996426273,1003.3579416887818,24.637128093423268,-1.0076549245864979,35.805740773455554
131.0,41.14669608938548,-8.611878212290502,81.95530726256983,1.0,41.146727704981195,-8.611831285531522,74.2774466465343,1003.418791277232,25.09338338223854,-0.7103542501994558,36.56205635999301
132.0,41.14673575418995,-8.611884916201117,82.12290502793296,1.0,41.14681143305795,-8.611823669321716,77.03948938505047,1003.3421362109617,24.62230853382334,-0.9402098157929234,36.473763231061426
133.0,41.146775418994416,-8.611891620111733,82.29050279329608,1.0,41.14675101094705,-8.611895550840496,81.61801887128742,1003.3988192863362,24.694241098504026,-1.4865344704407777,35.613561166088196
134.0,41.146815083798884,-8.611898324022347,82.45810055865921,1.0,41.14684846979554,-8.611755187344164,87.86693419702335,1003.3090567212491,24.296669451575887,-0.40171424916775433,36.203526143562264
135.0,41.14685474860335,-8.611905027932961,82.62569832402235,1.0,41.146723526684006,-8.61184282093393,89.2703649216994,1003.4124129213682,24.538383376944548,-1.079264786513485,35.51417163272936
136.0,41.14689441340782,-8.611911731843575,82.79329608938548,1.0,41.14693309425989,-8.611802633801057,92.8546483178893,1003.275641804657,24.324157697191833,-1.013652269754966,35.31019091760553
137.0,41.14693407821229,-8.61191843575419,82.9608938547486,1.0,41.1470364491669,-8.611893504894626,88.18633622517237,1003.2785896616199,24.512063373511335,-1.466633979536598,35.686641387705016
138.0,41.14697374301676,-8.611925139664804,83.12849162011173,1.0,41.146988231800066,-8.611922749360476,81.37142044154307,1003.3152568664551,25.52682089830392,-1.221641125595755,36.43119673619138
139.0,41.147013407821234,-8.61193184357542,83.29608938547486,1.0,41.147169749157115,-8.612013686442014,90.95792800886544,1003.1929260579213,24.525300555584028,-1.4424013570134504,36.47656252268804
140.0,41.1470530726257,-8.611938547486034,83.46368715083798,1.0,41.14710305903807,-8.612078478103514,85.3019336157951,1003.2457305386297,26.316191032418697,-1.0864730299617116,36.25654271004865
141.0,41.14709273743017,-8.611945251396648,83.63128491620111,1.0,41.1468827347794,-8.611882700594965,88.05744233114606,1003.2796029477701,25.246658950440445,-0.14414575992882828,36.362547893424
142.0,41.14713240223464,-8.611951955307262,83.79888268156424,1.0,41.147073166639075,-8.611939600537667,93.56966985031566,1003.1137599164842,25.092418061847436,-1.6859505714656782,36.25808914355748
143.0,41.14717206703911,-8.611958659217876,83.96648044692738,1.0,41.14712149236868,-8.612064549976582,91.37479745924037,1003.1832540392953,24.570821109909392,-1.8067806989383706,35.67925920238852
144.0,41.147211731843576,-8.611965363128492,84.1340782122905,1.0,41.14740799056263,-8.611964993561308,89.19139338933229,1003.1669047542375,25.350154939704495,-0.26441483625319573,36.21596127233697
145.0,41.147251396648045,-8.611972067039106,84.30167597765363,1.0,41.1473855442396,-8.61204631546236,81.87514680081429,1003.1728900262705,24.712181086881113,-1.104661838575933,36.40020476261384
146.0,41.14729106145251,-8.61197877094972,84.46927374301676,1.0,41.14741414890383,-8.61181026952185,87.28367804388853,1003.0518396152942,25.06100490732268,-1.3345363693299583,36.377145664906784
147.0,41.14733072625698,-8.611985474860335,84.63687150837988,1.0,41.14724274482163,-8.611786768749164,81.98201701932007,1003.0275525883402,26.2800422691344,-0.4800476563019618,36.59445668573732
148.0,41.14737039106146,-8.611992178770949,84.80446927374302,1.0,41.14733687728334,-8.6119579449875,92.5752713773169,1003.0995607654316,24.951970050137675,-1.3028077698684322,36.35415192360053
149.0,41.147410055865926,-8.611998882681563,84.97206703910615,1.0,41.147495453463584,-8.611957396131528,87.28850968969668,1003.0682011889688,25.574636663142837,-0.0869951432265319,36.17572410377079
150.0,41.147449720670394,-8.61200558659218,85.13966480446928,1.0,41.14745407213726,-8.611949772640727,72.49186441599777,1003.045764865981,24.648411787437055,-0.6610370643303655,36.535075119158215
151.0,41.14748938547486,-8.612012290502793,85.3072625698324,1.0,41.147459724728954,-8.611988158309302,79.55219215173487,1003.030450902095,24.982505754751518,-1.2439557040728513,35.98673937037547
152.0,41.14752905027933,-8.612018994413408,85.47486033519553,1.0,41.14756768261111,-8.612039441535506,94.25223882677298,1002.9590155236976,25.885400317817755,0.07865410663275174,35.55906267438614
153.0,41.1475687150838,-8.612025698324022,85.64245810055866,1.0,41.14772601705632,-8.612072278880934,84.88826954272518,1002.984517712791,24.686516471106117,-1.3028574615016693,35.91846651802812
154.0,41.14760837988827,-8.612032402234636,85.81005586592178,1.0,41.14760098513171,-8.612077568182253,86.78518078606241,1002.9674469197543,25.906224278998465,-0.6289523139953466,35.62754867759678
155.0,41.14764804469274,-8.612039106145252,85.97765363128491,1.0,41.14757221648585,-8.612152167678746,89.09120975078625,1002.8969639933446,25.35387596772774,-0.8503537097967541,35.66241086251281
156.0,41.147687709497205,-8.612045810055866,86.14525139664804,1.0,41.14775066245563,-8.612126241631833,90.62202855046104,1003.0058585579595,24.718766612052868,-0.34912935530060096,35.92774066464224
157.0,41.14772737430168,-8.61205251396648,86.31284916201118,1.0,41.14766421652877,-8.612027197442677,90.41456922507345,1002.9161497466042,25.31620386952776,-0.21924440163657366,35.60379003950002
158.0,41.14776703910615,-8.612059217877094,86.4804469273743,1.0,41.14776367784968,-8.61201374378588,83.89829870793645,1002.8127811938549,25.486277224813364,-0.9839979254671167,35.84601923518048
159.0,41.14780670391062,-8.612065921787709,86.64804469273743,1.0,41.14778705725227,-8.612086507730798,82.91515296003624,1002.8850623173031,25.3109049811086,-1.3767089351730917,35.05319266652311
160.0,41.147846368715086,-8.612072625698323,86.81564245810056,1.0,41.14782869129878,-8.612227487528209,84.35987372239003,1002.7833888215166,24.214887640054773,-0.7700139285304418,36.10664685368647
161.0,41.147886033519555,-8.612079329608939,86.98324022346368,1.0,41.14785754597022,-8.612104947584188,85.7757529941098,1002.8513654033715,24.636431412087564,-1.3388576848760532,36.00060273768111
162.0,41.14792569832402,-8.612086033519553,87.15083798882682,1.0,41.147919521904036,-8.612038089367745,91.52342335948944,1002.8498292202911,24.876240682224246,0.006693623763311507,35.591455684465906
163.0,41.14796536312849,-8.612092737430167,87.31843575418995,1.0,41.147900386605805,-8.612213057515707,82.10821369297443,1002.7307535935796,24.962783285449976,-0.9317323344586312,36.3296228342162
164.0,41.14800502793296,-8.612099441340781,87.48603351955308,1.0,41.14795630764084,-8.612134633472563,83.63605318856578,1002.7998447841157,25.31033604877534,-1.1826607756560543,36.46878506881328
165.0,41.14804469273743,-8.612106145251396,87.6536312849162,1.0,41.147915081071005,-8.612151757334143,88.56076438548605,1002.7522032921569,25.088850500466627,-0.9076598470675458,35.19622006781551
166.0,41.148084357541904,-8.612112849162012,87.82122905027933,1.0,41.14814386048849,-8.612168591467322,85.75623993956216,1002.7525555219662,24.33232782064495,-1.6735631447648482,35.618637610716895
167.0,41.14812402234637,-8.612119553072626,87.98882681564245,1.0,41.14803135251549,-8.612122696989664,83.74668364468837,1002.7861804312556,25.19009892550298,-1.4858070192553257,35.61542882510635
168.0,41.14816368715084,-8.61212625698324,88.15642458100558,1.0,41.148220999932164,-8.612304843632433,86.35827621874327,1002.6589596444792,25.30529287264191,-0.3997930460277873,35.530048449445566
169.0,41.14820335195531,-8.612132960893854,88.32402234636871,1.0,41.14823346268923,-8.612114577442222,101.7891906662712,1002.6134305102179,25.27989522396552,-1.3284471394856978,36.41473742096587
170.0,41.14824301675978,-8.612139664804468,88.49162011173183,1.0,41.14827799676223,-8.612240070264152,88.01429887628647,1002.586529865111,25.540390362777313,-1.52345549134097,35.9030869306136
171.0,41.14828268156425,-8.612146368715084,88.65921787709497,1.0,41.1481050569309,-8.612154428690014,84.49393759209119,1002.5701033405003,25.41696107727445,-0.7316736237363569,35.86774257934469
172.0,41.148322346368715,-8.612153072625699,88.8268156424581,1.0,41.14841388539627,-8.612208026653159,88.24298606348187,1002.5869270374343,25.22959003961422,-0.4071479226685015,34.99806881779662
173.0,41.148362011173184,-8.612159776536313,88.99441340782123,1.0,41.148298455389046,-8.611985891401128,87.38819957723167,1002.5877279898023,24.964917144270675,-0.6405233446674666,36.31770901510461
174.0,41.14840167597765,-8.612166480446927,89.16201117318435,1.0,41.148584931682,-8.612085065270715,91.57234480986128,1002.5643931991845,24.169519533242003,-0.5019761570970918,35.38037080257326
175.0,41.14844134078213,-8.612173184357541,89.32960893854748,1.0,41.14847821409686,-8.61213380462772,79.69124604181943,1002.5718060898262,25.214809109566293,-1.3783975442847303,36.029966315133166
176.0,41.148481005586596,-8.612179888268155,89.49720670391062,1.0,41.14845311724718,-8.612095372471037,89.2527207865401,1002.5109852901246,25.103843843581554,-1.7109053333709219,36.1386884689791
177.0,41.148520670391065,-8.612186592178771,89.66480446927375,1.0,41.148380151406386,-8.612191832623829,98.18533205055121,1002.562900167545,25.135789418597685,-0.24933317402225663,36.68032929791933
178.0,41.14856033519553,-8.612193296089385,89.83240223463687,1.0,41.14868502436709,-8.612199496490321,94.5896486199273,1002.4568788901817,24.361625712089847,-1.1613399194210678,35.34558980044044
179.0,41.1486,-8.6122,90.0,1.0,41.148563349297966,-8.612370387158682,85.37767005935223,1002.5860084583295,24.45947172979587,-1.1254165082275236,34.49024392208959
180.0,41.1486,-8.6122,90.0,1.0,41.1486,-8.6122,90.0,1002.4812833673883,25.526576426666452,-0.33590292907547104,36.09192477237685
181.0,41.14864157303371,-8.612168539325843,90.0561797752809,1.0,41.14864157303371,-8.612168539325843,90.0561797752809,1002.4004005491455,24.980222423071673,-0.72188499529967,36.90025559075543
182.0,41.14868314606742,-8.612137078651685,90.11235955056179,1.0,41.14868314606742,-8.612137078651685,90.11235955056179,1002.3829722290295,25.340750348686313,-0.7720561139591962,36.61947317646972
183.0,41.148724719101125,-8.612105617977528,90.1685393258427,1.0,41.148724719101125,-8.612105617977528,90.1685393258427,1002.453898901661,25.014159188065232,0.082501172450542,36.104829707637315
184.0,41.14876629213483,-8.61207415730337,90.2247191011236,1.0,41.14876629213483,-8.61207415730337,90.2247191011236,1002.411860568599,25.014878069747873,-1.3217591151900714,35.75418190718398
185.0,41.14880786516854,-8.612042696629214,90.28089887640449,1.0,41.14880786516854,-8.612042696629214,90.28089887640449,1002.4519921595361,25.469141902988,-0.5360799359593814,36.40356129831866
186.0,41.14884943820225,-8.612011235955055,90.33707865168539,1.0,41.14884943820225,-8.612011235955055,90.33707865168539,1002.4332124430265,24.741977635891313,-0.9714934375514578,35.513226900147764
187.0,41.14889101123595,-8.611979775280899,90.3932584269663,1.0,41.14889101123595,-8.611979775280899,90.3932584269663,1002.3991675431312,25.048060388470493,-0.8657038605683716,36.238178884678106
188.0,41.148932584269666,-8.61194831460674,90.4494382022472,1.0,41.148932584269666,-8.61194831460674,90.4494382022472,1002.3537277298269,24.768862355647478,-0.23576578679373417,36.25273507958331
189.0,41.14897415730337,-8.611916853932584,90.50561797752809,1.0,41.14897415730337,-8.611916853932584,90.50561797752809,1002.3135834814623,24.782751886283844,-0.7460821218551881,36.530104953749436
190.0,41.14901573033708,-8.611885393258428,90.56179775280899,1.0,41.14901573033708,-8.611885393258428,90.56179775280899,1002.3602585220597,24.84541393826568,-0.7308519604751835,37.37983001945554
191.0,41.14905730337079,-8.61185393258427,90.61797752808988,1.0,41.14905730337079,-8.61185393258427,90.61797752808988,1002.4186626363454,25.111066885816857,-0.4637463313450989,36.19620798358938
192.0,41.149098876404494,-8.611822471910113,90.67415730337079,1.0,41.149098876404494,-8.611822471910113,90.67415730337079,1002.379805810802,24.76062568916826,-1.1824763647714427,35.74551818714625
193.0,41.14914044943821,-8.611791011235955,90.73033707865169,1.0,41.14914044943821,-8.611791011235955,90.73033707865169,1002.3000726116262,25.62787806278676,-1.4196048336695033,35.987212843904004
194.0,41.14918202247191,-8.611759550561798,90.78651685393258,1.0,41.14918202247191,-8.611759550561798,90.78651685393258,1002.3642770238207,24.552696348890247,-1.522404597010517,35.11546204755544
195.0,41.14922359550562,-8.61172808988764,90.84269662921348,1.0,41.14922359550562,-8.61172808988764,90.84269662921348,1002.3681422734808,24.90656417791932,-1.9831782946880008,35.65264343445547
196.0,41.14926516853933,-8.611696629213483,90.89887640449439,1.0,41.14926516853933,-8.611696629213483,90.89887640449439,1002.2979419596506,24.78013447086291,0.028103564970161088,35.795358780943445
197.0,41.149306741573035,-8.611665168539325,90.95505617977528,1.0,41.149306741573035,-8.611665168539325,90.95505617977528,1002.3430795137242,25.723488942176868,-1.5516041828608416,35.737955801032705
198.0,41.14934831460674,-8.611633707865169,91.01123595505618,1.0,41.14934831460674,-8.611633707865169,91.01123595505618,1002.3315621213156,25.098277388255788,-1.110626811792886,36.07617743601686
199.0,41.14938988764045,-8.61160224719101,91.06741573033707,1.0,41.14938988764045,-8.61160224719101,91.06741573033707,1002.264761597468,25.515922269734318,-1.1384066499444603,35.5887900338089
200.0,41.14943146067416,-8.611570786516854,91.12359550561797,1.0,41.14943146067416,-8.611570786516854,91.12359550561797,1002.3330579073433,24.257219813481512,-0.8462966510954496,36.56051533366224
201.0,41.149473033707864,-8.611539325842697,91.17977528089888,1.0,41.149473033707864,-8.611539325842697,91.17977528089888,1002.3364661926105,25.13352513293463,-0.5921313937303516,36.0001035324591
202.0,41.149514606741576,-8.611507865168539,91.23595505617978,1.0,41.149514606741576,-8.611507865168539,91.23595505617978,1002.3558379554172,25.44481539781172,-0.5697632558201273,35.995349839430695
203.0,41.14955617977528,-8.611476404494383,91.29213483146067,1.0,41.14955617977528,-8.611476404494383,91.29213483146067,1002.3476339228265,25.041141994637712,-1.2915387192844692,35.83605264174354
204.0,41.14959775280899,-8.611444943820224,91.34831460674157,1.0,41.14959775280899,-8.611444943820224,91.34831460674157,1002.2193187787932,25.532740187532674,-1.0835608568932058,36.07759534192949
205.0,41.1496393258427,-8.611413483146068,91.40449438202248,1.0,41.1496393258427,-8.611413483146068,91.40449438202248,1002.2345694221616,24.741355774949813,-0.8587100247558501,36.412549132333815
206.0,41.149680898876404,-8.61138202247191,91.46067415730337,1.0,41.149680898876404,-8.61138202247191,91.46067415730337,1002.300470864484,25.70467372009279,-1.1243455630917736,35.56643489214455
207.0,41.14972247191011,-8.611350561797753,91.51685393258427,1.0,41.14972247191011,-8.611350561797753,91.51685393258427,1002.2936668256355,26.149449061809626,-0.1963272119900037,35.67094175546237
208.0,41.14976404494382,-8.611319101123595,91.57303370786516,1.0,41.14976404494382,-8.611319101123595,91.57303370786516,1002.2869883393715,24.818580719780172,-0.7545125241808743,35.84813698561167
209.0,41.14980561797753,-8.611287640449438,91.62921348314607,1.0,41.14980561797753,-8.611287640449438,91.62921348314607,1002.4471309565552,24.777248739299615,-0.6325611069750913,35.32706453826339
210.0,41.14984719101123,-8.611256179775282,91.68539325842697,1.0,41.14984719101123,-8.611256179775282,91.68539325842697,1002.2762973345234,25.72669223855885,-0.6685593656662936,35.59037107013925
211.0,41.149888764044945,-8.611224719101124,91.74157303370787,1.0,41.149888764044945,-8.611224719101124,91.74157303370787,1002.2977895179641,25.789786072865358,-0.4132630712573375,35.76188956322767
212.0,41.14993033707865,-8.611193258426967,91.79775280898876,1.0,41.14993033707865,-8.611193258426967,91.79775280898876,1002.2819697510961,24.738569986423364,-0.9094892206481465,36.43719459035636
213.0,41.149971910112356,-8.611161797752809,91.85393258426966,1.0,41.149971910112356,-8.611161797752809,91.85393258426966,1002.2600976524529,24.78990659145207,-1.6484159739779232,36.13128066450096
214.0,41.15001348314607,-8.611130337078652,91.91011235955057,1.0,41.15001348314607,-8.611130337078652,91.91011235955057,1002.2050230546218,24.859107695569747,-0.8001560241236791,36.09679495568377
215.0,41.150055056179774,-8.611098876404494,91.96629213483146,1.0,41.150055056179774,-8.611098876404494,91.96629213483146,1002.2519934048449,24.327774744482863,-1.3256784468959144,36.42544898108399
216.0,41.150096629213486,-8.611067415730338,92.02247191011236,1.0,41.150096629213486,-8.611067415730338,92.02247191011236,1002.1686621100596,24.5406740267579,-1.2643083408748783,35.931314105800304
217.0,41.15013820224719,-8.61103595505618,92.07865168539325,1.0,41.15013820224719,-8.61103595505618,92.07865168539325,1002.1887208674158,24.497929616623967,-0.7068179906224534,36.195232424964445
218.0,41.1501797752809,-8.611004494382023,92.13483146067416,1.0,41.1501797752809,-8.611004494382023,92.13483146067416,1002.1695520473276,24.616101217447937,-0.38085846428318215,35.94838912353375
219.0,41.15022134831461,-8.610973033707864,92.19101123595506,1.0,41.15022134831461,-8.610973033707864,92.19101123595506,1002.1911723586547,24.98265755630661,-0.9893642116319692,36.13268117469981
220.0,41.150262921348315,-8.610941573033708,92.24719101123596,1.0,41.150262921348315,-8.610941573033708,92.24719101123596,1002.2960700069854,25.11710736626826,-0.8455834937005181,35.70862067119421
221.0,41.15030449438202,-8.610910112359552,92.30337078651685,1.0,41.15030449438202,-8.610910112359552,92.30337078651685,1002.0802322459884,25.775250246407037,-0.14889252768238104,34.78059142086178
222.0,41.15034606741573,-8.610878651685393,92.35955056179775,1.0,41.15034606741573,-8.610878651685393,92.35955056179775,1002.201166942103,24.500822979630605,-0.8796234102557159,35.93286041890685
223.0,41.15038764044944,-8.610847191011237,92.41573033707866,1.0,41.15038764044944,-8.610847191011237,92.41573033707866,1002.0794765659911,25.492161199238293,0.30084155709019744,36.71137406804997
224.0,41.15042921348314,-8.610815730337078,92.47191011235955,1.0,41.15042921348314,-8.610815730337078,92.47191011235955,1002.1297741932274,24.893005577887244,-0.7172451771842279,36.4631077011208
225.0,41.150470786516856,-8.610784269662922,92.52808988764045,1.0,41.150470786516856,-8.610784269662922,92.52808988764045,1002.2010767433316,24.975268145173782,-1.880381379577909,36.48269874229558
226.0,41.15051235955056,-8.610752808988764,92.58426966292134,1.0,41.15051235955056,-8.610752808988764,92.58426966292134,1002.1431016414042,25.337409746083303,-0.6233291894477337,36.61806536090311
227.0,41.150553932584266,-8.610721348314607,92.64044943820225,1.0,41.150553932584266,-8.610721348314607,92.64044943820225,1002.0792588285193,24.438638989218852,-0.8094208075586111,36.044328795480716
228.0,41.15059550561798,-8.610689887640449,92.69662921348315,1.0,41.15059550561798,-8.610689887640449,92.69662921348315,1002.090639308919,25.191204873092026,-0.3551236229586272,36.0986578537028
229.0,41.150637078651684,-8.610658426966292,92.75280898876404,1.0,41.150637078651684,-8.610658426966292,92.75280898876404,1002.1536428087951,25.08322610410653,-0.6634093243650208,35.691174052282825
230.0,41.15067865168539,-8.610626966292136,92.80898876404494,1.0,41.15067865168539,-8.610626966292136,92.80898876404494,1002.0764030167287,25.246225632004073,-1.069227991991887,35.841963571986476
231.0,41.1507202247191,-8.610595505617978,92.86516853932584,1.0,41.1507202247191,-8.610595505617978,92.86516853932584,1002.11700270476,25.14458432195391,-1.612149118144683,36.30788557488557
232.0,41.15076179775281,-8.610564044943821,92.92134831460675,1.0,41.15076179775281,-8.610564044943821,92.92134831460675,1002.1017167942423,26.22765006995545,-1.1045116286430126,36.601942218584405
233.0,41.15080337078651,-8.610532584269663,92.97752808988764,1.0,41.15080337078651,-8.610532584269663,92.97752808988764,1002.0601166118332,24.68113000787434,-1.42526022710465,35.9302768621595
234.0,41.150844943820225,-8.610501123595506,93.03370786516854,1.0,41.150844943820225,-8.610501123595506,93.03370786516854,1002.193152260646,24.73450152249909,-1.2902617249023614,35.77490536757429
235.0,41.15088651685393,-8.610469662921348,93.08988764044943,1.0,41.15088651685393,-8.610469662921348,93.08988764044943,1002.110909434262,24.68842973678762,-0.7057107977896953,36.0002639794283
236.0,41.15092808988764,-8.610438202247192,93.14606741573034,1.0,41.15092808988764,-8.610438202247192,93.14606741573034,1001.9712147807794,24.722261440419874,-0.16504774782429688,36.30060337446456
237.0,41.15096966292135,-8.610406741573033,93.20224719101124,1.0,41.15096966292135,-8.610406741573033,93.20224719101124,1002.0750530528171,24.68130643634674,-0.8026642350885095,35.27807259193323
238.0,41.15101123595505,-8.610375280898877,93.25842696629213,1.0,41.15101123595505,-8.610375280898877,93.25842696629213,1002.0258994408065,25.594508265553777,-1.5979415310175922,34.85190952343138
239.0,41.151052808988766,-8.610343820224719,93.31460674157303,1.0,41.151052808988766,-8.610343820224719,93.31460674157303,1002.0948688577511,25.710252123994927,-0.7776986658899296,35.72473157525421
240.0,41.15109438202247,-8.610312359550562,93.37078651685393,1.0,41.15109438202247,-8.610312359550562,93.37078651685393,1002.0058795810559,24.71462685312526,-0.40168425667717444,35.38964378704292
241.0,41.151135955056176,-8.610280898876406,93.42696629213484,1.0,41.151135955056176,-8.610280898876406,93.42696629213484,1002.0330272228705,24.583822213447885,-1.304891452159691,35.745929901176346
242.0,41.15117752808989,-8.610249438202247,93.48314606741573,1.0,41.15117752808989,-8.610249438202247,93.48314606741573,1002.0572718358591,25.235707778193202,-1.0670085833364589,35.926109840591266
243.0,41.151219101123594,-8.610217977528091,93.53932584269663,1.0,41.151219101123594,-8.610217977528091,93.53932584269663,1002.0685686585849,24.723888477859514,-0.9926559026354015,35.77337579548849
244.0,41.1512606741573,-8.610186516853933,93.59550561797752,1.0,41.1512606741573,-8.610186516853933,93.59550561797752,1001.9585245054899,25.316465908877756,-1.3924491565411201,36.72623376723537
245.0,41.15130224719101,-8.610155056179776,93.65168539325843,1.0,41.15130224719101,-8.610155056179776,93.65168539325843,1001.995072691017,25.10146151042565,-0.6758597830780705,36.16337238230116
246.0,41.15134382022472,-8.610123595505618,93.70786516853933,1.0,41.15134382022472,-8.610123595505618,93.70786516853933,1001.9813089142172,24.242127942501384,-1.0604740743038907,36.150237179805416
247.0,41.15138539325842,-8.610092134831461,93.76404494382022,1.0,41.15138539325842,-8.610092134831461,93.76404494382022,1001.9656481451129,25.77375260066503,-0.7902337780464861,36.3111035720217
248.0,41.151426966292135,-8.610060674157303,93.82022471910112,1.0,41.151426966292135,-8.610060674157303,93.82022471910112,1002.0798457457219,25.897938836547763,-1.44374608890105,35.43058344110962
249.0,41.15146853932584,-8.610029213483147,93.87640449438203,1.0,41.15146853932584,-8.610029213483147,93.87640449438203,1002.0050805462222,24.693605654757807,-1.2187291501617052,36.519555893710134
250.0,41.151510112359546,-8.60999775280899,93.93258426966293,1.0,41.151510112359546,-8.60999775280899,93.93258426966293,1001.9150456899237,24.806149220032008,-0.6388093210861143,35.96211785673227
251.0,41.15155168539326,-8.609966292134832,93.98876404494382,1.0,41.15155168539326,-8.609966292134832,93.98876404494382,1002.0172414119595,25.142932695362454,-1.1864165760458836,36.335240308620605
252.0,41.15159325842696,-8.609934831460675,94.04494382022472,1.0,41.15159325842696,-8.609934831460675,94.04494382022472,1002.0707145514236,25.16722839499351,-0.13651807438329744,35.464071383479926
253.0,41.15163483146067,-8.609903370786517,94.10112359550561,1.0,41.15163483146067,-8.609903370786517,94.10112359550561,1002.0094884315669,25.329272136336414,-1.1998180928073012,35.22312061699197
254.0,41.15167640449438,-8.60987191011236,94.15730337078652,1.0,41.15167640449438,-8.60987191011236,94.15730337078652,1001.8751550972079,26.005102269383176,-0.887657637124057,36.40894482901251
255.0,41.15171797752809,-8.609840449438202,94.21348314606742,1.0,41.15171797752809,-8.609840449438202,94.21348314606742,1001.9201703188286,24.911526386252977,-0.5337045840634551,36.18820476304876
256.0,41.15175955056179,-8.609808988764046,94.26966292134831,1.0,41.15175955056179,-8.609808988764046,94.26966292134831,1002.0009860068975,24.600851377730773,-1.7091828664665158,35.54897422282124
257.0,41.151801123595504,-8.609777528089888,94.32584269662921,1.0,41.151801123595504,-8.609777528089888,94.32584269662921,1001.8955154031236,24.310340385992735,-1.880404405990388,35.56516845936265
258.0,41.15184269662921,-8.609746067415731,94.38202247191012,1.0,41.15184269662921,-8.609746067415731,94.38202247191012,1001.9463482747781,24.63453498002904,-1.7628281572850475,36.56271739220738
259.0,41.15188426966292,-8.609714606741573,94.43820224719101,1.0,41.15188426966292,-8.609714606741573,94.43820224719101,1001.9561474330086,24.983436513563102,-0.36870794828640896,35.40529405356634
260.0,41.15192584269663,-8.609683146067416,94.49438202247191,1.0,41.15192584269663,-8.609683146067416,94.49438202247191,1001.8643276337244,25.897278931758894,-1.2759290729462234,36.821336476627984
261.0,41.15196741573033,-8.60965168539326,94.5505617977528,1.0,41.15196741573033,-8.60965168539326,94.5505617977528,1001.9009563164666,24.741194350481916,0.27909964283412614,35.54968963267606
262.0,41.152008988764045,-8.609620224719102,94.6067415730337,1.0,41.152008988764045,-8.609620224719102,94.6067415730337,1001.7351276442324,25.11189397581945,-1.2821237993286942,36.319195962804194
263.0,41.15205056179775,-8.609588764044945,94.66292134831461,1.0,41.15205056179775,-8.609588764044945,94.66292134831461,1001.8392300561355,24.991788551963623,-0.9077243484014815,35.83569076212551
264.0,41.152092134831456,-8.609557303370787,94.71910112359551,1.0,41.152092134831456,-8.609557303370787,94.71910112359551,1001.8710794575989,25.594196636724043,-0.22894502371606218,36.30159371554117
265.0,41.15213370786517,-8.60952584269663,94.7752808988764,1.0,41.15213370786517,-8.60952584269663,94.7752808988764,1001.8145771330367,26.263466212936812,0.00304644407956145,35.7279429989429
266.0,41.152175280898874,-8.609494382022472,94.8314606741573,1.0,41.152175280898874,-8.609494382022472,94.8314606741573,1001.9518452842976,24.73456561353984,0.030751788318198914,35.91860354696385
267.0,41.15221685393258,-8.609462921348316,94.88764044943821,1.0,41.15221685393258,-8.609462921348316,94.88764044943821,1001.7919760771694,24.755280278740887,-0.3958168847034288,36.02045958769786
268.0,41.15225842696629,-8.609431460674157,94.9438202247191,1.0,41.15225842696629,-8.609431460674157,94.9438202247191,1001.8347393486988,25.522080438534537,-0.4879687370942688,35.49890627210927
269.0,41.1523,-8.6094,95.0,1.0,41.1523,-8.6094,95.0,1001.8565370288643,25.340945744813155,-0.7037365253994085,36.37041217271006
270.0,41.1523,-8.6094,95.0,0.0,,,,1001.9220636644533,25.923353662868017,7.347667299800607,35.743393216764204
271.0,41.1523,-8.6094,95.35593220338983,0.0,,,,1001.7354950280343,25.291964092662983,4.655223819643211,35.885700042329994
272.0,41.1523,-8.6094,95.71186440677967,0.0,,,,1001.8227344587942,24.82035395460647,5.11153209108953,35.50282531269574
273.0,41.1523,-8.6094,96.0677966101695,0.0,,,,1001.7223760598307,25.295327415346154,11.329208781700967,34.718833170602345
274.0,41.1523,-8.6094,96.42372881355932,0.0,,,,1001.6300771098205,25.554351790291452,3.1453870058997673,35.904486118699914
275.0,41.1523,-8.6094,96.77966101694915,0.0,,,,1001.6595458516792,25.41024109059868,9.213001535580295,37.206307710806456
276.0,41.1523,-8.6094,97.13559322033899,0.0,,,,1001.603681798338,25.25363701555365,6.511304932732932,36.39230214394901
277.0,41.1523,-8.6094,97.49152542372882,0.0,,,,1001.5210061052946,25.533337344794578,6.638372098797753,35.990369810132805
278.0,41.1523,-8.6094,97.84745762711864,0.0,,,,1001.5117951889953,25.584647795222835,9.415319131301057,35.86855458539586
279.0,41.1523,-8.6094,98.20338983050847,0.0,,,,1001.4463275404959,25.691079495518764,8.758918924234301,36.011232946406025
280.0,41.1523,-8.6094,98.55932203389831,0.0,,,,1001.4285572231947,25.32435494379482,8.140994434591839,36.2735595575876
281.0,41.1523,-8.6094,98.91525423728814,0.0,,,,1001.4132760252514,24.916440959841573,9.807724251958724,35.40959359234558
282.0,41.1523,-8.6094,99.27118644067797,0.0,,,,1001.4167584679259,25.07335684321666,5.6476636901486295,36.55716084733444
283.0,41.1523,-8.6094,99.62711864406779,0.0,,,,1001.2328549877705,25.60325448325418,4.230021487940219,36.357690657720624
284.0,41.1523,-8.6094,99.98305084745763,0.0,,,,1001.3586855670379,24.591532164506383,3.7032080774052556,36.35909286285397
285.0,41.1523,-8.6094,100.33898305084746,0.0,,,,1001.1117176439221,25.18433665443645,4.462894655871493,36.219237869404864
286.0,41.1523,-8.6094,100.69491525423729,0.0,,,,1001.1590209147397,24.80333059383632,16.60400814754724,36.009808328846994
287.0,41.1523,-8.6094,101.05084745762711,0.0,,,,1001.1533141654089,25.01437241146741,11.04944458448775,36.33643061798341
288.0,41.1523,-8.6094,101.40677966101696,0.0,,,,1001.0952360340647,25.63922593130365,2.434683489211333,36.29590706687069
289.0,41.1523,-8.6094,101.76271186440678,0.0,,,,1001.0073396002801,25.09554953400995,3.959672412936383,35.82297964452949
290.0,41.1523,-8.6094,102.11864406779661,0.0,,,,1000.9853565993465,25.023218274078076,9.056115032918152,35.713199113551546
291.0,41.1523,-8.6094,102.47457627118644,0.0,,,,1000.9284008007246,24.32007192951004,8.93284324386821,36.05092814763099
292.0,41.1523,-8.6094,102.83050847457628,0.0,,,,1000.8808707452035,25.37312678301361,8.533409456527178,36.77451007574759
293.0,41.1523,-8.6094,103.1864406779661,0.0,,,,1000.9101072234952,25.32274209057054,5.755413000977167,35.38044646217305
294.0,41.1523,-8.6094,103.54237288135593,0.0,,,,1000.8427660285356,26.08162736165273,6.437533831955773,35.26623736712378
295.0,41.1523,-8.6094,103.89830508474576,0.0,,,,1000.7475579100675,24.8461108825235,8.528012882330167,36.08238042061826
296.0,41.1523,-8.6094,104.2542372881356,0.0,,,,1000.7844715191954,25.10957516383197,8.199972171847294,36.025443850928006
297.0,41.1523,-8.6094,104.61016949152543,0.0,,,,1000.7121446370609,25.124691841855377,1.1137206458934887,36.086670832185206
298.0,41.1523,-8.6094,104.96610169491525,0.0,,,,1000.6947109025522,25.788726639881737,6.066176397381282,36.12197659895425
299.0,41.1523,-8.6094,105.32203389830508,0.0,,,,1000.6428373742996,24.952352233806526,3.8859719805745536,35.8883988726826
300.0,41.1523,-8.6094,105.67796610169492,0.0,,,,1000.5271943172505,25.13951076288517,7.596077380181137,36.74493171930104
301.0,41.1523,-8.6094,106.03389830508475,0.0,,,,1000.4979231513801,25.30394825485827,15.071557325028804,35.199548010761745
302.0,41.1523,-8.6094,106.38983050847457,0.0,,,,1000.5205850192392,25.09330456157818,8.264028853515304,35.585751487609876
303.0,41.1523,-8.6094,106.7457627118644,0.0,,,,1000.471026987848,24.776783192724736,5.9856096483334715,35.94837261992548
304.0,41.1523,-8.6094,107.10169491525424,0.0,,,,1000.3967515304713,25.097044996449153,9.532386254997636,35.17840559442292
305.0,41.1523,-8.6094,107.45762711864407,0.0,,,,1000.3609511149282,25.536815874929886,7.65071212799424,35.91207279778396
306.0,41.1523,-8.6094,107.8135593220339,0.0,,,,1000.3762561261453,24.48674235029447,8.517083524640382,36.83073508286401
307.0,41.1523,-8.6094,108.16949152542372,0.0,,,,1000.2400824475073,25.06648483707344,8.554201359816059,36.01044324414798
308.0,41.1523,-8.6094,108.52542372881356,0.0,,,,1000.2543040216009,24.649939592530412,12.58467227663348,36.11535045285934
309.0,41.1523,-8.6094,108.88135593220339,0.0,,,,1000.1741276555139,25.59752331446242,2.171203587381428,35.36991761741371
310.0,41.1523,-8.6094,109.23728813559322,0.0,,,,1000.1306413635674,24.23840654760811,8.407138777909045,35.69181929598026
311.0,41.1523,-8.6094,109.59322033898304,0.0,,,,1000.1537524019213,24.720539076364204,5.106982408390257,35.81240180983803
312.0,41.1523,-8.6094,109.94915254237289,0.0,,,,1000.0973725123647,25.18860593753226,9.497167546300679,35.841142451621884
313.0,41.1523,-8.6094,110.30508474576271,0.0,,,,1000.0540653123085,25.78276201461717,4.015392337248581,36.64082189750189
314.0,41.1523,-8.6094,110.66101694915254,0.0,,,,1000.0359519064594,24.967124869463508,5.446793529003856,36.27884553036256
315.0,41.1523,-8.6094,111.01694915254237,1.0,41.152331257775366,-8.6094,111.01694915254237,999.9290162937765,24.7224002366534,6.349117385323793,35.444271021531485
316.0,41.1523,-8.6094,111.37288135593221,1.0,41.15229452013836,-8.6094,111.37288135593221,999.9193518858528,25.940578534720295,9.428257438439982,36.123252389216
317.0,41.1523,-8.6094,111.72881355932203,1.0,41.15229513232041,-8.6094,111.72881355932203,999.8270290350516,24.27599304979188,9.906259281736974,36.249110874248395
318.0,41.1523,-8.6094,112.08474576271186,1.0,41.15229400323607,-8.6094,112.08474576271186,999.816038826099,23.900597021689958,3.6458880098531914,36.570074519260636
319.0,41.1523,-8.6094,112.4406779661017,1.0,41.15233808273179,-8.6094,112.4406779661017,999.7506114913493,25.220007225026666,7.7782689449417,36.790270343284185
320.0,41.1523,-8.6094,112.79661016949153,1.0,41.1523325191783,-8.6094,112.79661016949153,999.7192565779106,24.748972887823694,4.821183397512506,35.492452904086065
321.0,41.1523,-8.6094,113.15254237288136,1.0,41.15234437560466,-8.6094,113.15254237288136,999.701452766526,24.489383591434642,3.1226483928855133,35.59457124439483
322.0,41.1523,-8.6094,113.50847457627118,1.0,41.15229681909579,-8.6094,113.50847457627118,999.5880720166857,25.354178223649676,5.909957555348608,35.37121107054269
323.0,41.1523,-8.6094,113.86440677966101,1.0,41.15230591248977,-8.6094,113.86440677966101,999.6908905502249,25.1219003568856,5.661111457612611,35.88299007044651
324.0,41.1523,-8.6094,114.22033898305085,1.0,41.15226966714901,-8.6094,114.22033898305085,999.4932584529589,24.717960684631635,14.166910013085804,36.233179187223165
325.0,41.1523,-8.6094,114.57627118644068,1.0,41.15232953868852,-8.6094,114.57627118644068,999.4401380269878,24.359847800664554,8.482562229490178,36.49366725829455
326.0,41.1523,-8.6094,114.9322033898305,1.0,41.15227664440897,-8.6094,114.9322033898305,999.5160411368954,25.43622866414007,3.3239398108539127,35.96202448817874
327.0,41.1523,-8.6094,115.28813559322035,1.0,41.152304335511275,-8.6094,115.28813559322035,999.4550068635117,25.325100588979332,4.904088512147,35.840076238372575
328.0,41.1523,-8.6094,115.64406779661017,1.0,41.152278053949445,-8.6094,115.64406779661017,999.4039178552595,24.95041206811031,10.810494170767956,36.07587899612437
329.0,41.1523,-8.6094,116.0,1.0,41.152288222663465,-8.6094,116.0,999.3614172754633,25.923318498023832,13.129766518088491,35.58242854918499
330.0,41.1523,-8.6094,116.0,1.0,41.1523,-8.6094,116.0,999.3293876613577,24.464957616836923,-1.010683647174218,37.04476936084739
331.0,41.152342677824265,-8.609291631799165,115.93305439330544,1.0,41.152342677824265,-8.609291631799165,115.93305439330544,999.293170754229,24.23723741453763,-1.3736058395739117,35.19616948644097
332.0,41.15238535564853,-8.609183263598327,115.86610878661088,1.0,41.15238535564853,-8.609183263598327,115.86610878661088,999.3498571735164,24.654045965059378,-2.212120130136471,36.092370289447864
333.0,41.1524280334728,-8.609074895397491,115.79916317991632,1.0,41.1524280334728,-8.609074895397491,115.79916317991632,999.3202423328345,24.97720699182225,-0.5579773018194751,37.01180310961482
334.0,41.15247071129707,-8.608966527196653,115.73221757322176,1.0,41.15247071129707,-8.608966527196653,115.73221757322176,999.4108898778843,25.121669724661345,-0.6315780514537833,36.003399922279996
335.0,41.15251338912134,-8.608858158995817,115.6652719665272,1.0,41.15251338912134,-8.608858158995817,115.6652719665272,999.3628144949416,24.879381971071837,-1.1406637785591067,35.904980482499255
336.0,41.15255606694561,-8.60874979079498,115.59832635983264,1.0,41.15255606694561,-8.60874979079498,115.59832635983264,999.3369259769804,25.176027698257148,-0.9665046413875641,35.821277288594786
337.0,41.15259874476987,-8.608641422594143,115.53138075313808,1.0,41.15259874476987,-8.608641422594143,115.53138075313808,999.3701650175408,24.374230287904776,-0.7420303911479502,35.9098041591188
338.0,41.15264142259414,-8.608533054393305,115.46443514644352,1.0,41.15264142259414,-8.608533054393305,115.46443514644352,999.4149143551406,25.72188230203663,-1.7812729284432713,36.686424237338265
339.0,41.152684100418405,-8.60842468619247,115.39748953974896,1.0,41.152684100418405,-8.60842468619247,115.39748953974896,999.3741150275899,24.958924410803714,-1.2645263386731473,34.89406904433525
340.0,41.15272677824267,-8.608316317991633,115.3305439330544,1.0,41.15272677824267,-8.608316317991633,115.3305439330544,999.3692237082552,25.558647915794065,-0.6028676601890864,36.766716850648166
341.0,41.15276945606694,-8.608207949790796,115.26359832635983,1.0,41.15276945606694,-8.608207949790796,115.26359832635983,999.4305525614113,25.171362673188852,-1.6271447115846247,35.28802142377493
342.0,41.15281213389121,-8.60809958158996,115.19665271966527,1.0,41.15281213389121,-8.60809958158996,115.19665271966527,999.4386500021956,25.22837660957689,-0.8532210339166854,35.86667383538279
343.0,41.15285481171548,-8.607991213389122,115.1297071129707,1.0,41.15285481171548,-8.607991213389122,115.1297071129707,999.409087987675,25.284883640116103,-1.6782909023117025,35.78537778985067
344.0,41.15289748953975,-8.607882845188286,115.06276150627615,1.0,41.15289748953975,-8.607882845188286,115.06276150627615,999.4189167039659,25.22385428000866,-0.7667850087832369,36.29427663488536
345.0,41.152940167364015,-8.607774476987448,114.99581589958159,1.0,41.152940167364015,-8.607774476987448,114.99581589958159,999.4621045889181,25.321361379933773,-1.0178207411487419,35.20093782405812
346.0,41.15298284518828,-8.607666108786612,114.92887029288703,1.0,41.15298284518828,-8.607666108786612,114.92887029288703,999.3861313477787,25.664576265066216,-1.8075659079527546,36.23108633304097
347.0,41.15302552301255,-8.607557740585776,114.86192468619247,1.0,41.15302552301255,-8.607557740585776,114.86192468619247,999.3961958489381,25.098260584850735,-0.4176303227714143,37.01215481164343
348.0,41.15306820083682,-8.607449372384938,114.7949790794979,1.0,41.15306820083682,-8.607449372384938,114.7949790794979,999.4386802993977,25.354501878794256,-1.3672957883990247,35.3184129977036
349.0,41.15311087866108,-8.607341004184102,114.72803347280335,1.0,41.15311087866108,-8.607341004184102,114.72803347280335,999.471963625678,24.955132152856386,-1.4051262185071904,36.0948530838052
350.0,41.15315355648535,-8.607232635983264,114.66108786610879,1.0,41.15315355648535,-8.607232635983264,114.66108786610879,999.5062148343468,25.720058607724738,-0.8997154013845285,35.6690089111017
351.0,41.15319623430962,-8.607124267782428,114.59414225941423,1.0,41.15319623430962,-8.607124267782428,114.59414225941423,999.5724707397178,24.661803848970365,-0.4256813252856424,36.21294360309652
352.0,41.15323891213389,-8.60701589958159,114.52719665271967,1.0,41.15323891213389,-8.60701589958159,114.52719665271967,999.5496193828337,25.900470216455407,-1.5079109094891985,36.00957388870788
353.0,41.153281589958155,-8.606907531380754,114.4602510460251,1.0,41.153281589958155,-8.606907531380754,114.4602510460251,999.5067729479788,24.97992102467783,-0.9691600750760142,35.67925654547785
354.0,41.15332426778242,-8.606799163179916,114.39330543933055,1.0,41.15332426778242,-8.606799163179916,114.39330543933055,999.5218525368853,24.284612448940976,-0.7855917498347136,36.24393614243554
355.0,41.15336694560669,-8.60669079497908,114.32635983263599,1.0,41.15336694560669,-8.60669079497908,114.32635983263599,999.4807103518518,25.064052207455394,-0.653447196368428,36.90217405489337
356.0,41.15340962343096,-8.606582426778244,114.25941422594143,1.0,41.15340962343096,-8.606582426778244,114.25941422594143,999.5379446360874,24.65947417126256,-0.9117792223613874,35.90454810413635
357.0,41.15345230125523,-8.606474058577406,114.19246861924687,1.0,41.15345230125523,-8.606474058577406,114.19246861924687,999.5324708337444,25.42032177449436,-1.183513919541661,36.35987897107409
358.0,41.1534949790795,-8.60636569037657,114.1255230125523,1.0,41.1534949790795,-8.60636569037657,114.1255230125523,999.5710731665106,24.673688010348805,-1.4137951103243598,35.353363521064416
359.0,41.153537656903765,-8.606257322175733,114.05857740585775,1.0,41.153537656903765,-8.606257322175733,114.05857740585775,999.5216091641195,24.77690828339261,-0.9569280584768126,35.521781811591
360.0,41.153580334728034,-8.606148953974897,113.99163179916317,1.0,41.153580334728034,-8.606148953974897,113.99163179916317,999.5969715098124,24.055229634527233,-1.5360695059928036,36.23620313894019
361.0,41.1536230125523,-8.606040585774059,113.92468619246861,1.0,41.1536230125523,-8.606040585774059,113.92468619246861,999.6556746025539,24.773846840375462,-2.4606752417473037,36.74205801426798
362.0,41.15366569037656,-8.605932217573223,113.85774058577405,1.0,41.15366569037656,-8.605932217573223,113.85774058577405,999.5816331222843,23.788060336685522,-0.781720097921166,36.17780667439283
363.0,41.15370836820083,-8.605823849372387,113.7907949790795,1.0,41.15370836820083,-8.605823849372387,113.7907949790795,999.6151901886154,24.20804858825714,-0.5480325794569023,35.843470984738424
364.0,41.1537510460251,-8.605715481171549,113.72384937238493,1.0,41.1537510460251,-8.605715481171549,113.72384937238493,999.6376452748993,25.38020732807215,-2.181466217770919,35.999645702711675
365.0,41.15379372384937,-8.605607112970713,113.65690376569037,1.0,41.15379372384937,-8.605607112970713,113.65690376569037,999.5911105245228,25.392900079325415,-1.5048653523549689,35.37479613301514
366.0,41.15383640167364,-8.605498744769875,113.58995815899581,1.0,41.15383640167364,-8.605498744769875,113.58995815899581,999.630409645011,25.212728780892483,-0.6904228694974011,36.302257663177684
367.0,41.153879079497905,-8.605390376569039,113.52301255230125,1.0,41.153879079497905,-8.605390376569039,113.52301255230125,999.6278681137629,24.516511928435392,0.02874773485584936,36.441166531161706
368.0,41.15392175732217,-8.605282008368201,113.4560669456067,1.0,41.15392175732217,-8.605282008368201,113.4560669456067,999.6401557714546,24.97614432192901,-0.989603146162296,35.77395483358346
369.0,41.15396443514644,-8.605173640167365,113.38912133891213,1.0,41.15396443514644,-8.605173640167365,113.38912133891213,999.6046549501378,24.998198730454718,-1.3640014706145673,35.76497892612025
370.0,41.15400711297071,-8.605065271966527,113.32217573221757,1.0,41.15400711297071,-8.605065271966527,113.32217573221757,999.6525644208468,24.420817655403727,-1.09144822055242,36.13293911482602
371.0,41.15404979079498,-8.604956903765691,113.25523012552301,1.0,41.15404979079498,-8.604956903765691,113.25523012552301,999.6842722994995,25.751699150883574,-0.3125617904259076,35.7816401319797
372.0,41.15409246861925,-8.604848535564855,113.18828451882845,1.0,41.15409246861925,-8.604848535564855,113.18828451882845,999.7399630381303,25.438681145287834,-1.3229820895622677,35.966933692687086
373.0,41.154135146443515,-8.604740167364017,113.1213389121339,1.0,41.154135146443515,-8.604740167364017,113.1213389121339,999.7234028718482,24.889517913085168,-1.3995960033251267,37.049860894583254
374.0,41.154177824267784,-8.604631799163181,113.05439330543933,1.0,41.154177824267784,-8.604631799163181,113.05439330543933,999.7911319262229,25.013442919497265,-1.2413717610910162,35.876487149627
375.0,41.154220502092045,-8.604523430962344,112.98744769874477,1.0,41.154220502092045,-8.604523430962344,112.98744769874477,999.6531388980063,25.104191403973775,-1.4766643041293561,35.820829923989386
376.0,41.15426317991631,-8.604415062761507,112.92050209205021,1.0,41.15426317991631,-8.604415062761507,112.92050209205021,999.74315578079,23.979132565787854,-0.9386648420026023,35.67622909718242
377.0,41.15430585774058,-8.60430669456067,112.85355648535565,1.0,41.15430585774058,-8.60430669456067,112.85355648535565,999.7167403220443,24.8764113087397,-0.1876607707652197,36.372095985749965
378.0,41.15434853556485,-8.604198326359834,112.7866108786611,1.0,41.15434853556485,-8.604198326359834,112.7866108786611,999.8250968412215,24.659007876001102,-0.8384603634419855,35.90938791339095
379.0,41.15439121338912,-8.604089958158996,112.71966527196653,1.0,41.15439121338912,-8.604089958158996,112.71966527196653,999.6832252530962,24.499189995052543,-1.1261767510631437,35.675313480839286
380.0,41.15443389121339,-8.60398158995816,112.65271966527197,1.0,41.15443389121339,-8.60398158995816,112.65271966527197,999.6896875480584,24.859449853557024,-1.145905634457772,36.6606520161365
381.0,41.154476569037655,-8.603873221757324,112.5857740585774,1.0,41.154476569037655,-8.603873221757324,112.5857740585774,999.7097374806984,25.898843263424762,-1.7815954043483284,36.709801502256816
382.0,41.15451924686192,-8.603764853556486,112.51882845188284,1.0,41.15451924686192,-8.603764853556486,112.51882845188284,999.6415457995586,25.320421430633505,-0.5584451114264205,35.699788217130646
383.0,41.15456192468619,-8.60365648535565,112.45188284518828,1.0,41.15456192468619,-8.60365648535565,112.45188284518828,999.7294863074934,24.714410505108603,-1.0389185985064011,35.06673002431969
384.0,41.15460460251046,-8.603548117154812,112.38493723849372,1.0,41.15460460251046,-8.603548117154812,112.38493723849372,999.7258508983031,25.28629139067808,-1.0902399567953127,36.50375684491846
385.0,41.15464728033473,-8.603439748953976,112.31799163179916,1.0,41.15464728033473,-8.603439748953976,112.31799163179916,999.7793606935079,25.699677718293,0.5965537839224304,35.65768508712
386.0,41.154689958159,-8.603331380753138,112.2510460251046,1.0,41.154689958159,-8.603331380753138,112.2510460251046,999.7969622757763,25.462316841456385,-0.8506235458171569,36.39531279958138
387.0,41.15473263598326,-8.603223012552302,112.18410041841004,1.0,41.15473263598326,-8.603223012552302,112.18410041841004,999.8817164917516,25.029815184960086,-1.3758955250475922,35.014948091144085
388.0,41.15477531380753,-8.603114644351466,112.11715481171548,1.0,41.15477531380753,-8.603114644351466,112.11715481171548,999.8434626145034,24.67653161114721,-1.2131787981027717,36.446298669149655
389.0,41.154817991631795,-8.603006276150628,112.05020920502092,1.0,41.154817991631795,-8.603006276150628,112.05020920502092,999.7751297126143,25.349111656806794,-0.4257771454016226,35.39441403535961
390.0,41.15486066945606,-8.602897907949792,111.98326359832636,1.0,41.15486066945606,-8.602897907949792,111.98326359832636,999.7670876346334,25.196742692710874,-0.9433647947311178,36.36538205953326
391.0,41.15490334728033,-8.602789539748954,111.9163179916318,1.0,41.15490334728033,-8.602789539748954,111.9163179916318,999.8446377995796,25.447596610013868,-1.7191389891586835,36.007136533918214
392.0,41.1549460251046,-8.602681171548118,111.84937238493724,1.0,41.1549460251046,-8.602681171548118,111.84937238493724,999.7620636534565,25.317585900840985,-0.5403855327123983,35.523030290301676
393.0,41.15498870292887,-8.60257280334728,111.78242677824268,1.0,41.15498870292887,-8.60257280334728,111.78242677824268,999.9276817249037,25.52477635765967,-1.334072042769497,35.79648184353661
394.0,41.15503138075314,-8.602464435146445,111.71548117154812,1.0,41.15503138075314,-8.602464435146445,111.71548117154812,999.9031142654502,24.732382394219716,-0.06335111189122722,36.34315922847835
395.0,41.155074058577405,-8.602356066945607,111.64853556485356,1.0,41.155074058577405,-8.602356066945607,111.64853556485356,999.8287169496124,25.658697032817162,-0.45997596714267575,36.05294722655762
396.0,41.15511673640167,-8.60224769874477,111.581589958159,1.0,41.15511673640167,-8.60224769874477,111.581589958159,999.7745524785664,25.0987998023462,-1.2236609478293756,36.29220649023624
397.0,41.15515941422594,-8.602139330543935,111.51464435146444,1.0,41.15515941422594,-8.602139330543935,111.51464435146444,999.9359362965325,26.037630436312632,-0.35949181913244355,36.98822029225774
398.0,41.15520209205021,-8.602030962343097,111.44769874476988,1.0,41.15520209205021,-8.602030962343097,111.44769874476988,999.870549158365,24.655406090955218,-0.9660722447362984,35.21787919414447
399.0,41.15524476987448,-8.60192259414226,111.38075313807532,1.0,41.15524476987448,-8.60192259414226,111.38075313807532,999.9462004390296,25.867981901582624,-0.5736131624388903,36.80860628748431
400.0,41.15528744769874,-8.601814225941423,111.31380753138075,1.0,41.15528744769874,-8.601814225941423,111.31380753138075,999.8126217132946,25.098955391731323,-0.7576335913527626,36.052177968761605
401.0,41.15533012552301,-8.601705857740587,111.24686192468619,1.0,41.15533012552301,-8.601705857740587,111.24686192468619,999.87040781789,24.674290998192777,-1.4231783274954368,35.55060797583844
402.0,41.15537280334728,-8.60159748953975,111.17991631799163,1.0,41.15537280334728,-8.60159748953975,111.17991631799163,999.9086722268269,24.75805708297284,-1.321774916158731,35.3348431871305
403.0,41.155415481171545,-8.601489121338913,111.11297071129707,1.0,41.155415481171545,-8.601489121338913,111.11297071129707,999.9187925443326,24.83982634590284,-0.4850195912094194,35.90543980461148
404.0,41.15545815899581,-8.601380753138075,111.0460251046025,1.0,41.15545815899581,-8.601380753138075,111.0460251046025,999.9019737138738,25.212082973200957,-1.1673876660532705,36.46082505596223
405.0,41.15550083682008,-8.60127238493724,110.97907949790795,1.0,41.15550083682008,-8.60127238493724,110.97907949790795,999.9636529568684,25.26141774401775,-1.2018242316209984,35.93622543981123
406.0,41.15554351464435,-8.601164016736403,110.91213389121339,1.0,41.15554351464435,-8.601164016736403,110.91213389121339,999.8871629115853,24.713149998030712,-1.4775612896746764,36.75557746512367
407.0,41.15558619246862,-8.601055648535565,110.84518828451883,1.0,41.15558619246862,-8.601055648535565,110.84518828451883,999.9414584316066,24.987822703869508,-0.7882004672032694,35.27441215497422
408.0,41.15562887029289,-8.60094728033473,110.77824267782427,1.0,41.15562887029289,-8.60094728033473,110.77824267782427,999.9626256602467,26.071135179305934,0.03126245962157248,35.993955526076974
409.0,41.155671548117155,-8.600838912133892,110.7112970711297,1.0,41.155671548117155,-8.600838912133892,110.7112970711297,999.9903662931674,25.863771585050355,-1.5337664571271366,35.37380327779344
410.0,41.15571422594142,-8.600730543933055,110.64435146443515,1.0,41.15571422594142,-8.600730543933055,110.64435146443515,1000.0082585681722,25.218161834837016,-0.987890271663621,36.181815941312486
411.0,41.15575690376569,-8.600622175732218,110.57740585774059,1.0,41.15575690376569,-8.600622175732218,110.57740585774059,999.9244791924792,25.0190017390841,-0.2938897222922854,36.44344369504865
412.0,41.15579958158995,-8.600513807531382,110.51046025104603,1.0,41.15579958158995,-8.600513807531382,110.51046025104603,999.9120390613377,25.06001566335913,-1.0398206956228575,35.789619103159474
413.0,41.15584225941422,-8.600405439330546,110.44351464435147,1.0,41.15584225941422,-8.600405439330546,110.44351464435147,1000.0606620837727,25.306758986365207,-0.773814101875133,34.69789307168643
414.0,41.15588493723849,-8.600297071129708,110.3765690376569,1.0,41.15588493723849,-8.600297071129708,110.3765690376569,1000.0214274160802,24.488603717400796,-1.5311967640734399,36.09947407339825
415.0,41.15592761506276,-8.600188702928872,110.30962343096235,1.0,41.15592761506276,-8.600188702928872,110.30962343096235,999.9754208614567,24.871311731288326,-0.7858464513961757,36.218369275866756
416.0,41.15597029288703,-8.600080334728034,110.24267782426779,1.0,41.15597029288703,-8.600080334728034,110.24267782426779,1000.098436259864,24.165707963061205,-1.0935721325022745,36.20214737748085
417.0,41.156012970711295,-8.599971966527198,110.17573221757323,1.0,41.156012970711295,-8.599971966527198,110.17573221757323,1000.0346958656058,25.19961156130264,-0.5071350021600685,36.61789109591108
418.0,41.15605564853556,-8.59986359832636,110.10878661087867,1.0,41.15605564853556,-8.59986359832636,110.10878661087867,1000.0959104658978,25.32359796985137,-0.4063069742176244,35.46447316017547
419.0,41.15609832635983,-8.599755230125524,110.0418410041841,1.0,41.15609832635983,-8.599755230125524,110.0418410041841,1000.0483550035684,24.758406768850314,0.29478182100930694,36.34010805272523
420.0,41.1561410041841,-8.599646861924686,109.97489539748955,1.0,41.1561410041841,-8.599646861924686,109.97489539748955,1000.1560499485453,25.786993381645015,-0.7101834133932121,36.59625375623899
421.0,41.15618368200837,-8.59953849372385,109.90794979079497,1.0,41.15618368200837,-8.59953849372385,109.90794979079497,1000.1488130672268,24.38711716849883,-0.8371018417089168,35.11070620799674
422.0,41.15622635983264,-8.599430125523014,109.84100418410041,1.0,41.15622635983264,-8.599430125523014,109.84100418410041,1000.056631290484,24.26781255989509,-0.902807849211332,36.15982591295949
423.0,41.156269037656905,-8.599321757322176,109.77405857740585,1.0,41.156269037656905,-8.599321757322176,109.77405857740585,1000.1256915182589,25.112225909279985,-1.1765831464053442,35.74791008449616
424.0,41.15631171548117,-8.59921338912134,109.7071129707113,1.0,41.15631171548117,-8.59921338912134,109.7071129707113,1000.1174152409939,25.523549151306078,-0.8307580782691544,35.95923866344918
425.0,41.156354393305435,-8.599105020920502,109.64016736401673,1.0,41.156354393305435,-8.599105020920502,109.64016736401673,1000.1616114941946,25.841963845728934,-1.1477007050695147,36.17383824176917
426.0,41.1563970711297,-8.598996652719666,109.57322175732217,1.0,41.1563970711297,-8.598996652719666,109.57322175732217,1000.0529672160923,24.77055786856553,-0.9157695118651928,35.756385717943225
427.0,41.15643974895397,-8.598888284518829,109.50627615062761,1.0,41.15643974895397,-8.598888284518829,109.50627615062761,1000.1435494349246,25.539340416715646,-0.34120123219602017,35.662145960419195
428.0,41.15648242677824,-8.598779916317993,109.43933054393305,1.0,41.15648242677824,-8.598779916317993,109.43933054393305,1000.1702015590705,24.980745765249647,-1.5032712826398207,36.017076208744015
429.0,41.15652510460251,-8.598671548117157,109.3723849372385,1.0,41.15652510460251,-8.598671548117157,109.3723849372385,1000.0373768332103,24.91368635002959,-0.4300607194354773,35.456377030568596
430.0,41.15656778242678,-8.598563179916319,109.30543933054393,1.0,41.15656778242678,-8.598563179916319,109.30543933054393,1000.0741843547015,25.441829968743335,-0.34144246633006736,35.457087435557405
431.0,41.156610460251045,-8.598454811715483,109.23849372384937,1.0,41.156610460251045,-8.598454811715483,109.23849372384937,1000.03941914425,25.32616143920671,-1.0590342634955394,36.33968664147825
432.0,41.15665313807531,-8.598346443514645,109.17154811715481,1.0,41.15665313807531,-8.598346443514645,109.17154811715481,1000.1359438842192,24.211803921507876,-2.0609274495042973,35.42560298242067
433.0,41.15669581589958,-8.598238075313809,109.10460251046025,1.0,41.15669581589958,-8.598238075313809,109.10460251046025,1000.1933248115346,25.738270174862947,-1.3039109935472162,36.33315625045461
434.0,41.15673849372385,-8.598129707112971,109.0376569037657,1.0,41.15673849372385,-8.598129707112971,109.0376569037657,1000.2405990241529,25.690045677073726,-0.3515027267194454,36.23129564642698
435.0,41.15678117154812,-8.598021338912135,108.97071129707113,1.0,41.15678117154812,-8.598021338912135,108.97071129707113,1000.1772193833725,24.687218649245235,-1.011434031149441,35.1370966356047
436.0,41.15682384937239,-8.597912970711297,108.90376569037657,1.0,41.15682384937239,-8.597912970711297,108.90376569037657,1000.2629788944333,25.197901766718704,-1.4996511161474553,35.66121767383217
437.0,41.15686652719665,-8.597804602510461,108.83682008368201,1.0,41.15686652719665,-8.597804602510461,108.83682008368201,1000.1205765170474,25.247015093141368,-1.2523874606141088,36.59705470152369
438.0,41.156909205020916,-8.597696234309625,108.76987447698745,1.0,41.156909205020916,-8.597696234309625,108.76987447698745,1000.1124459407938,25.130336882911955,-0.5796899867477234,35.50941723443016
439.0,41.156951882845185,-8.597587866108787,108.7029288702929,1.0,41.156951882845185,-8.597587866108787,108.7029288702929,1000.20287115062,24.72484742307729,-0.7266332158993103,35.76779786884531
440.0,41.15699456066945,-8.597479497907951,108.63598326359832,1.0,41.15699456066945,-8.597479497907951,108.63598326359832,1000.2328852808151,24.664188316030973,-1.1194660495848472,36.23103044662595
441.0,41.15703723849372,-8.597371129707113,108.56903765690376,1.0,41.15703723849372,-8.597371129707113,108.56903765690376,1000.2200807437669,24.987222964504276,-1.1834122059073438,36.3916952546413
442.0,41.15707991631799,-8.597262761506277,108.5020920502092,1.0,41.15707991631799,-8.597262761506277,108.5020920502092,1000.1263768489729,25.586364509629682,-1.195879074521911,35.87423055697775
443.0,41.15712259414226,-8.59715439330544,108.43514644351464,1.0,41.15712259414226,-8.59715439330544,108.43514644351464,1000.2333264248026,25.271800077297215,-1.4612050922492512,35.70124490265418
444.0,41.15716527196653,-8.597046025104603,108.36820083682008,1.0,41.15716527196653,-8.597046025104603,108.36820083682008,1000.1805924245563,24.814692833956947,-0.19231215526527912,36.71118493084926
445.0,41.157207949790795,-8.596937656903766,108.30125523012552,1.0,41.157207949790795,-8.596937656903766,108.30125523012552,1000.2873329998264,25.385849355324172,-1.16116023460567,36.86944983189879
446.0,41.15725062761506,-8.59682928870293,108.23430962343096,1.0,41.15725062761506,-8.59682928870293,108.23430962343096,1000.2802127574931,23.57572868968496,-0.39142073958725176,36.4894290253909
447.0,41.15729330543933,-8.596720920502094,108.1673640167364,1.0,41.15729330543933,-8.596720920502094,108.1673640167364,1000.2229223286753,25.57438285018605,-0.23934197403877433,36.042659071282515
448.0,41.1573359832636,-8.596612552301256,108.10041841004184,1.0,41.1573359832636,-8.596612552301256,108.10041841004184,1000.2522564449282,24.130143110610952,-0.5008445509260198,35.59586713917954
449.0,41.15737866108787,-8.59650418410042,108.03347280334728,1.0,41.15737866108787,-8.59650418410042,108.03347280334728,1000.2330225875039,24.818779529298435,-1.2158101563590242,35.58477779672172
450.0,41.15742133891213,-8.596395815899582,107.96652719665272,1.0,41.15742133891213,-8.596395815899582,107.96652719665272,1000.290882781538,24.44016505268693,-0.7981349548316953,36.26125705263288
451.0,41.1574640167364,-8.596287447698746,107.89958158995816,1.0,41.1574640167364,-8.596287447698746,107.89958158995816,1000.3498073252301,24.352659262139547,-1.0120978031954582,36.209199110444345
452.0,41.15750669456067,-8.596179079497908,107.8326359832636,1.0,41.15750669456067,-8.596179079497908,107.8326359832636,1000.2607973796916,25.58041339368926,-1.451850930365064,36.700799296473214
453.0,41.157549372384935,-8.596070711297072,107.76569037656904,1.0,41.157549372384935,-8.596070711297072,107.76569037656904,1000.3433194805876,24.766149399344055,-0.8378203591391985,36.325225046268066
454.0,41.1575920502092,-8.595962343096236,107.69874476987448,1.0,41.1575920502092,-8.595962343096236,107.69874476987448,1000.2996377466965,25.17325194086536,-1.5895198955799013,35.24845984912009
455.0,41.15763472803347,-8.595853974895398,107.63179916317992,1.0,41.15763472803347,-8.595853974895398,107.63179916317992,1000.2945404588053,24.97653971056041,-0.40616030576921813,36.52597380886146
456.0,41.15767740585774,-8.595745606694562,107.56485355648536,1.0,41.15767740585774,-8.595745606694562,107.56485355648536,1000.336866055224,25.23852041361156,-1.2323086486491965,35.50096968634279
457.0,41.15772008368201,-8.595637238493724,107.4979079497908,1.0,41.15772008368201,-8.595637238493724,107.4979079497908,1000.2984889299041,25.038410945530128,-0.8994201720635804,35.808014364023826
458.0,41.15776276150628,-8.595528870292888,107.43096234309624,1.0,41.15776276150628,-8.595528870292888,107.43096234309624,1000.330602053561,24.358503887905716,-0.8583560642269289,36.125100103125845
459.0,41.157805439330545,-8.59542050209205,107.36401673640168,1.0,41.157805439330545,-8.59542050209205,107.36401673640168,1000.3064240970024,25.49813340972357,-1.1294524868520386,36.997833744891985
460.0,41.15784811715481,-8.595312133891214,107.29707112970712,1.0,41.15784811715481,-8.595312133891214,107.29707112970712,1000.4725877210809,24.753121708419343,-0.7066530992623626,37.55495927800268
461.0,41.15789079497908,-8.595203765690377,107.23012552301256,1.0,41.15789079497908,-8.595203765690377,107.23012552301256,1000.3841481148371,24.221709050670125,-1.2374518283112623,36.30336152956809
462.0,41.15793347280335,-8.59509539748954,107.16317991631799,1.0,41.15793347280335,-8.59509539748954,107.16317991631799,1000.3554321346422,24.785942419517045,-0.5643513512713779,35.908401690639806
463.0,41.15797615062761,-8.594987029288705,107.09623430962343,1.0,41.15797615062761,-8.594987029288705,107.09623430962343,1000.4091508783819,25.750379895317156,-1.6729898401233743,36.26725282424027
464.0,41.15801882845188,-8.594878661087867,107.02928870292887,1.0,41.15801882845188,-8.594878661087867,107.02928870292887,1000.400868953164,25.425110871056745,-0.9368102102267941,36.443827712936915
465.0,41.15806150627615,-8.59477029288703,106.9623430962343,1.0,41.15806150627615,-8.59477029288703,106.9623430962343,1000.4034703484751,24.82567393279607,-0.030535500470857624,35.839666187221404
466.0,41.15810418410042,-8.594661924686193,106.89539748953975,1.0,41.15810418410042,-8.594661924686193,106.89539748953975,1000.4532606362574,24.825371147840787,-1.5001656623027873,36.897605677956165
467.0,41.158146861924685,-8.594553556485357,106.82845188284519,1.0,41.158146861924685,-8.594553556485357,106.82845188284519,1000.468461159561,24.839182474391308,-1.3388724852624256,36.1150353795957
468.0,41.15818953974895,-8.594445188284519,106.76150627615063,1.0,41.15818953974895,-8.594445188284519,106.76150627615063,1000.4120941894813,26.03837399178042,-0.7430460751705426,36.2488715445457
469.0,41.15823221757322,-8.594336820083683,106.69456066945607,1.0,41.15823221757322,-8.594336820083683,106.69456066945607,1000.417861807633,25.190967726115776,-0.910209109030201,36.33296212602723
470.0,41.15827489539749,-8.594228451882845,106.6276150627615,1.0,41.15827489539749,-8.594228451882845,106.6276150627615,1000.4409336076111,25.215020823595534,-0.8246849503632204,36.21079330530723
471.0,41.15831757322176,-8.594120083682009,106.56066945606695,1.0,41.15831757322176,-8.594120083682009,106.56066945606695,1000.3476236070352,25.515141727015923,-0.7554064349261682,36.41947025023481
472.0,41.15836025104603,-8.594011715481173,106.49372384937239,1.0,41.15836025104603,-8.594011715481173,106.49372384937239,1000.3949935849654,25.11939457951326,-0.682639265719115,35.69137340672654
473.0,41.158402928870295,-8.593903347280335,106.42677824267783,1.0,41.158402928870295,-8.593903347280335,106.42677824267783,1000.5471303242508,24.87047892708965,-0.4451500790218884,35.72084912302699
474.0,41.15844560669456,-8.5937949790795,106.35983263598327,1.0,41.15844560669456,-8.5937949790795,106.35983263598327,1000.569068469357,24.90182507545751,-0.7950906715357438,35.449922883514155
475.0,41.158488284518825,-8.593686610878661,106.2928870292887,1.0,41.158488284518825,-8.593686610878661,106.2928870292887,1000.4824017545076,24.964199370292967,-1.1206288273092713,36.21975061531011
476.0,41.15853096234309,-8.593578242677825,106.22594142259415,1.0,41.15853096234309,-8.593578242677825,106.22594142259415,1000.5317148774415,24.98138888174508,-0.6637131493986344,36.38946825175606
477.0,41.15857364016736,-8.593469874476988,106.15899581589959,1.0,41.15857364016736,-8.593469874476988,106.15899581589959,1000.5264830098192,25.36381477181849,-0.05005903255239219,36.22888643307594
478.0,41.15861631799163,-8.593361506276151,106.09205020920503,1.0,41.15861631799163,-8.593361506276151,106.09205020920503,1000.6728980153182,25.02597294290365,-1.0663168731912869,36.83724621667377
479.0,41.1586589958159,-8.593253138075315,106.02510460251047,1.0,41.1586589958159,-8.593253138075315,106.02510460251047,1000.5829661932704,25.36632003860779,-1.4872646523353208,35.997201990585474
480.0,41.15870167364017,-8.593144769874478,105.9581589958159,1.0,41.15870167364017,-8.593144769874478,105.9581589958159,1000.5286250409281,24.959641709945707,-0.4464596653565136,36.334370827796256
481.0,41.158744351464435,-8.593036401673642,105.89121338912133,1.0,41.158744351464435,-8.593036401673642,105.89121338912133,1000.4952773712754,25.039317595158046,-1.0601905819767992,35.45414956193034
482.0,41.1587870292887,-8.592928033472804,105.82426778242677,1.0,41.1587870292887,-8.592928033472804,105.82426778242677,1000.470765550096,24.000899657733946,-2.0863347730070183,35.8064501487628
483.0,41.15882970711297,-8.592819665271968,105.75732217573221,1.0,41.15882970711297,-8.592819665271968,105.75732217573221,1000.5692945207055,25.45816383735124,-0.5762891614247891,36.34776887878289
484.0,41.15887238493724,-8.59271129707113,105.69037656903765,1.0,41.15887238493724,-8.59271129707113,105.69037656903765,1000.5293372744512,25.173244237948996,-1.2676640929769614,36.42455105537157
485.0,41.15891506276151,-8.592602928870294,105.6234309623431,1.0,41.15891506276151,-8.592602928870294,105.6234309623431,1000.504075599039,25.499005054929825,-1.0452666411520803,35.853016526167906
486.0,41.15895774058578,-8.592494560669456,105.55648535564853,1.0,41.15895774058578,-8.592494560669456,105.55648535564853,1000.55089311311,23.551872310903157,-0.8340098347154927,35.96420037407097
487.0,41.159000418410045,-8.59238619246862,105.48953974895397,1.0,41.159000418410045,-8.59238619246862,105.48953974895397,1000.5371778299448,26.044187352390363,-0.9047501601104668,35.2410631266596
488.0,41.159043096234306,-8.592277824267784,105.42259414225941,1.0,41.159043096234306,-8.592277824267784,105.42259414225941,1000.6836457846825,24.930205185922414,-0.6452740914304802,35.821485399596696
489.0,41.159085774058575,-8.592169456066946,105.35564853556485,1.0,41.159085774058575,-8.592169456066946,105.35564853556485,1000.6514041635796,25.55409140836876,-1.2177431852849216,36.44519158175989
490.0,41.15912845188284,-8.59206108786611,105.2887029288703,1.0,41.15912845188284,-8.59206108786611,105.2887029288703,1000.6149570164697,24.480047036437234,-0.7434471009119586,36.28760250805328
491.0,41.15917112970711,-8.591952719665272,105.22175732217573,1.0,41.15917112970711,-8.591952719665272,105.22175732217573,1000.6973863282834,25.306386952531284,-1.1297733387919586,36.250332860690605
492.0,41.15921380753138,-8.591844351464436,105.15481171548117,1.0,41.15921380753138,-8.591844351464436,105.15481171548117,1000.6352910095246,24.47329221841317,-0.6305947595562484,36.02488684359048
493.0,41.15925648535565,-8.591735983263598,105.08786610878661,1.0,41.15925648535565,-8.591735983263598,105.08786610878661,1000.5963918568792,24.688115519652097,-0.6923162579934733,36.003531579314085
494.0,41.15929916317992,-8.591627615062762,105.02092050209205,1.0,41.15929916317992,-8.591627615062762,105.02092050209205,1000.7236457436123,25.957015676933395,-1.4677193510222977,35.66983943026327
495.0,41.159341841004185,-8.591519246861926,104.9539748953975,1.0,41.159341841004185,-8.591519246861926,104.9539748953975,1000.6824685147366,24.90465879961833,-0.45700894191248387,36.349414210101266
496.0,41.15938451882845,-8.591410878661089,104.88702928870293,1.0,41.15938451882845,-8.591410878661089,104.88702928870293,1000.6116941776394,25.108716436589862,-1.267981722557024,36.210486472194695
497.0,41.15942719665272,-8.591302510460253,104.82008368200837,1.0,41.15942719665272,-8.591302510460253,104.82008368200837,1000.6620730242548,25.435033865344376,-0.5959711008594275,36.2460094239964
498.0,41.15946987447699,-8.591194142259415,104.75313807531381,1.0,41.15946987447699,-8.591194142259415,104.75313807531381,1000.6358425182931,25.2478409439863,-0.8163563432993297,35.73698257866621
499.0,41.15951255230126,-8.591085774058579,104.68619246861925,1.0,41.15951255230126,-8.591085774058579,104.68619246861925,1000.6185169172176,25.075209452571787,-0.08090816160243874,34.923328540064375
500.0,41.15955523012552,-8.59097740585774,104.6192468619247,1.0,41.15955523012552,-8.59097740585774,104.6192468619247,1000.7419992539456,25.182480501233112,-1.1117329911859262,36.54857635587685
501.0,41.15959790794979,-8.590869037656905,104.55230125523013,1.0,41.15959790794979,-8.590869037656905,104.55230125523013,1000.7991946813959,26.20170779261914,-1.1746583980590988,35.7605812719958
502.0,41.159640585774056,-8.590760669456067,104.48535564853556,1.0,41.159640585774056,-8.590760669456067,104.48535564853556,1000.6418289434847,24.971190601483208,-1.0097098029438663,35.56861211797844
503.0,41.159683263598325,-8.590652301255231,104.418410041841,1.0,41.159683263598325,-8.590652301255231,104.418410041841,1000.7479392568137,25.100549523357483,-1.1515898914171376,36.346739455957
504.0,41.15972594142259,-8.590543933054395,104.35146443514644,1.0,41.15972594142259,-8.590543933054395,104.35146443514644,1000.6952921393264,25.525327198003804,-0.600029049028975,35.803993680040435
505.0,41.15976861924686,-8.590435564853557,104.28451882845188,1.0,41.15976861924686,-8.590435564853557,104.28451882845188,1000.7115014713975,25.55276296647899,-1.8081553042182938,36.52996819202331
506.0,41.15981129707113,-8.590327196652721,104.21757322175732,1.0,41.15981129707113,-8.590327196652721,104.21757322175732,1000.7142715171772,25.59351515278019,-1.5268412095731771,36.30850297478835
507.0,41.1598539748954,-8.590218828451883,104.15062761506276,1.0,41.1598539748954,-8.590218828451883,104.15062761506276,1000.7087251477085,25.31936511101459,-1.5339014607895964,36.34178466160024
508.0,41.15989665271967,-8.590110460251047,104.0836820083682,1.0,41.15989665271967,-8.590110460251047,104.0836820083682,1000.7623842403931,24.42849754363476,-0.5248462040132121,35.317022144399736
509.0,41.159939330543935,-8.59000209205021,104.01673640167364,1.0,41.159939330543935,-8.59000209205021,104.01673640167364,1000.7264441259787,25.816715766150548,-0.14469331370903737,36.6059719926932
510.0,41.1599820083682,-8.589893723849373,103.94979079497908,1.0,41.1599820083682,-8.589893723849373,103.94979079497908,1000.7895479458915,24.426827303490654,-1.0522246092687357,36.13062526561693
511.0,41.16002468619247,-8.589785355648536,103.88284518828452,1.0,41.16002468619247,-8.589785355648536,103.88284518828452,1000.7815466719334,25.151317732619518,-1.0844108615950052,35.815361430376896
512.0,41.16006736401674,-8.5896769874477,103.81589958158996,1.0,41.16006736401674,-8.5896769874477,103.81589958158996,1000.7801446478659,24.62286207499032,-0.9649739184434093,36.071694233671124
513.0,41.160110041841,-8.589568619246863,103.7489539748954,1.0,41.160110041841,-8.589568619246863,103.7489539748954,1000.7547473399104,24.967930826703505,-0.41906084869590476,35.11188238355084
514.0,41.16015271966527,-8.589460251046026,103.68200836820084,1.0,41.16015271966527,-8.589460251046026,103.68200836820084,1000.7793204292875,25.16438120515174,-1.4636765670952872,36.20432640574033
515.0,41.16019539748954,-8.58935188284519,103.61506276150628,1.0,41.16019539748954,-8.58935188284519,103.61506276150628,1000.8539620299105,25.160678607725135,-0.8808155086326075,35.48531424590897
516.0,41.160238075313806,-8.589243514644352,103.54811715481172,1.0,41.160238075313806,-8.589243514644352,103.54811715481172,1000.8492718008038,25.210960377117644,-0.5124011851087851,35.323664857078235
517.0,41.160280753138075,-8.589135146443516,103.48117154811716,1.0,41.160280753138075,-8.589135146443516,103.48117154811716,1000.783381651986,25.806855634529324,-0.7494529150300774,35.23882040689105
518.0,41.16032343096234,-8.589026778242678,103.4142259414226,1.0,41.16032343096234,-8.589026778242678,103.4142259414226,1000.8452595023007,25.22676715075699,-0.9052091917006283,36.556344187494965
519.0,41.16036610878661,-8.588918410041842,103.34728033472804,1.0,41.16036610878661,-8.588918410041842,103.34728033472804,1000.8858957160012,24.877921682354675,-0.4994769537164294,35.6853683031536
520.0,41.16040878661088,-8.588810041841006,103.28033472803347,1.0,41.16040878661088,-8.588810041841006,103.28033472803347,1000.77288956858,25.48204358414418,-2.3516161464996186,36.76686385495825
521.0,41.16045146443515,-8.588701673640168,103.2133891213389,1.0,41.16045146443515,-8.588701673640168,103.2133891213389,1000.8915613150583,25.59473524446232,-0.6610623402345461,35.73209926847385
522.0,41.16049414225942,-8.588593305439332,103.14644351464435,1.0,41.16049414225942,-8.588593305439332,103.14644351464435,1000.8392955902954,24.386196092431504,-1.3270378415637119,35.146321021203526
523.0,41.160536820083685,-8.588484937238494,103.07949790794979,1.0,41.160536820083685,-8.588484937238494,103.07949790794979,1000.9089901844757,25.29870003492493,-1.9153164484282286,35.44173778002567
524.0,41.16057949790795,-8.588376569037658,103.01255230125523,1.0,41.16057949790795,-8.588376569037658,103.01255230125523,1000.8503307660222,25.350586371155448,-0.7443987002375096,36.61790581000347
525.0,41.160622175732215,-8.58826820083682,102.94560669456067,1.0,41.160622175732215,-8.58826820083682,102.94560669456067,1000.8062830916195,24.851218248320006,-0.31317072741852114,35.92205091103167
526.0,41.16066485355648,-8.588159832635984,102.8786610878661,1.0,41.16066485355648,-8.588159832635984,102.8786610878661,1000.8231835475618,25.687853406655808,-1.068724257313846,35.7258563517547
527.0,41.16070753138075,-8.588051464435146,102.81171548117155,1.0,41.16070753138075,-8.588051464435146,102.81171548117155,1000.9149983895925,24.924972206483737,-0.5235627263985305,36.08000911292639
528.0,41.16075020920502,-8.58794309623431,102.74476987447699,1.0,41.16075020920502,-8.58794309623431,102.74476987447699,1000.9336137401489,25.062788226735773,-0.19386087100567728,36.25089136808377
529.0,41.16079288702929,-8.587834728033474,102.67782426778243,1.0,41.16079288702929,-8.587834728033474,102.67782426778243,1000.8834452566109,24.913464087858067,-0.3425427732079763,36.55869940795123
530.0,41.160835564853556,-8.587726359832637,102.61087866108787,1.0,41.160835564853556,-8.587726359832637,102.61087866108787,1000.9686241836083,25.007789523790734,-0.18001773531430354,36.724249614946466
531.0,41.160878242677825,-8.5876179916318,102.5439330543933,1.0,41.160878242677825,-8.5876179916318,102.5439330543933,1000.8616520303593,24.451862456552398,-0.6289362544640539,35.820115677105456
532.0,41.16092092050209,-8.587509623430963,102.47698744769875,1.0,41.16092092050209,-8.587509623430963,102.47698744769875,1000.9494575163437,24.279974558702854,-0.9622831805492036,35.33697615695898
533.0,41.16096359832636,-8.587401255230127,102.41004184100419,1.0,41.16096359832636,-8.587401255230127,102.41004184100419,1000.9002441690914,25.797252531612486,-1.8009829059485842,35.793267419438365
534.0,41.16100627615063,-8.587292887029289,102.34309623430963,1.0,41.16100627615063,-8.587292887029289,102.34309623430963,1000.9362366464927,24.576519325840835,-1.1230312440649743,36.130140253291444
535.0,41.1610489539749,-8.587184518828453,102.27615062761507,1.0,41.1610489539749,-8.587184518828453,102.27615062761507,1000.979231858252,24.504303825271847,-1.4216232976580958,35.51812053689469
536.0,41.16109163179917,-8.587076150627615,102.2092050209205,1.0,41.16109163179917,-8.587076150627615,102.2092050209205,1000.9418747292254,23.923304943198143,0.08547135874890688,35.52142454255248
537.0,41.161134309623435,-8.586967782426779,102.14225941422595,1.0,41.161134309623435,-8.586967782426779,102.14225941422595,1000.9737010930813,24.68051912615525,-1.0879429062161683,36.17189394077494
538.0,41.161176987447696,-8.586859414225943,102.07531380753139,1.0,41.161176987447696,-8.586859414225943,102.07531380753139,1001.0512769835569,24.33845510329625,-0.9383975966077571,35.97567382421477
539.0,41.161219665271965,-8.586751046025105,102.00836820083683,1.0,41.161219665271965,-8.586751046025105,102.00836820083683,1000.9801512224234,25.821007580068184,-0.7242573119797662,36.016398497705794
540.0,41.16126234309623,-8.586642677824269,101.94142259414227,1.0,41.16126234309623,-8.586642677824269,101.94142259414227,1001.0588138943062,25.504908544671316,-0.9781987768137731,35.620752332649964
541.0,41.1613050209205,-8.586534309623431,101.87447698744771,1.0,41.1613050209205,-8.586534309623431,101.87447698744771,1000.9685774187734,24.655924827411138,-0.15247447978462347,35.884799642897114
542.0,41.16134769874477,-8.586425941422595,101.80753138075315,1.0,41.16134769874477,-8.586425941422595,101.80753138075315,1001.0595864432054,26.126217902672153,-1.311324680867226,35.53788342786585
543.0,41.16139037656904,-8.586317573221757,101.74058577405857,1.0,41.16139037656904,-8.586317573221757,101.74058577405857,1001.1132081381459,25.490882743495796,-0.9026962723813786,36.44509920556239
544.0,41.16143305439331,-8.586209205020921,101.67364016736401,1.0,41.16143305439331,-8.586209205020921,101.67364016736401,1000.92558095491,24.837584308245688,-1.3712352928490241,36.51762466736188
545.0,41.161475732217575,-8.586100836820085,101.60669456066945,1.0,41.161475732217575,-8.586100836820085,101.60669456066945,1001.0173518899461,23.750297142563213,-1.6600112556103528,35.07690606888095
546.0,41.16151841004184,-8.585992468619247,101.5397489539749,1.0,41.16151841004184,-8.585992468619247,101.5397489539749,1001.094083731882,26.145471286295372,-1.3058845454526427,35.535244569903796
547.0,41.16156108786611,-8.585884100418411,101.47280334728033,1.0,41.16156108786611,-8.585884100418411,101.47280334728033,1001.0631113290242,24.305213766618202,-1.0185183985242061,35.25173537245496
548.0,41.16160376569038,-8.585775732217574,101.40585774058577,1.0,41.16160376569038,-8.585775732217574,101.40585774058577,1001.0998543647983,24.177300626521554,-1.2146511122586299,35.67498803279655
549.0,41.16164644351465,-8.585667364016738,101.33891213389121,1.0,41.16164644351465,-8.585667364016738,101.33891213389121,1001.0591312845974,25.51128521600482,-1.346210489936928,35.958281015104816
550.0,41.16168912133892,-8.5855589958159,101.27196652719665,1.0,41.16168912133892,-8.5855589958159,101.27196652719665,1001.10169350611,26.219876203169637,-1.703158731835917,35.27517739015074
551.0,41.16173179916318,-8.585450627615064,101.2050209205021,1.0,41.16173179916318,-8.585450627615064,101.2050209205021,1001.0976136277702,25.69213640925526,-1.0415527863143474,35.539070093437346
552.0,41.161774476987446,-8.585342259414226,101.13807531380753,1.0,41.161774476987446,-8.585342259414226,101.13807531380753,1001.171820065426,25.28195456002618,-1.7523601870155012,35.49802131395925
553.0,41.161817154811715,-8.58523389121339,101.07112970711297,1.0,41.161817154811715,-8.58523389121339,101.07112970711297,1001.1341854773115,25.297377170832643,-0.6199720181551986,36.10363366469947
554.0,41.16185983263598,-8.585125523012554,101.00418410041841,1.0,41.16185983263598,-8.585125523012554,101.00418410041841,1001.1463780410536,25.426707779390153,-0.9587801235327483,36.03467216851813
555.0,41.16190251046025,-8.585017154811716,100.93723849372385,1.0,41.16190251046025,-8.585017154811716,100.93723849372385,1001.116937532447,25.37946429489338,-1.7287757497324652,35.639131223331376
556.0,41.16194518828452,-8.58490878661088,100.8702928870293,1.0,41.16194518828452,-8.58490878661088,100.8702928870293,1001.1211845423529,25.140595711984687,-1.1546045385249317,36.0884104360697
557.0,41.16198786610879,-8.584800418410042,100.80334728033473,1.0,41.16198786610879,-8.584800418410042,100.80334728033473,1001.1319704169689,25.052100551975936,-1.3760782027952916,35.72665995770637
558.0,41.16203054393306,-8.584692050209206,100.73640167364017,1.0,41.16203054393306,-8.584692050209206,100.73640167364017,1001.181354406282,24.968703436050237,-0.8404127447904097,35.864172444836974
559.0,41.162073221757325,-8.584583682008368,100.66945606694561,1.0,41.162073221757325,-8.584583682008368,100.66945606694561,1001.1486160479255,24.62301770556666,-0.3297747769884277,36.83672604514927
560.0,41.16211589958159,-8.584475313807532,100.60251046025104,1.0,41.16211589958159,-8.584475313807532,100.60251046025104,1001.1921874876147,24.859662461566614,-1.9375862348228723,36.67023052589517
561.0,41.16215857740586,-8.584366945606696,100.53556485355648,1.0,41.16215857740586,-8.584366945606696,100.53556485355648,1001.2895022575055,24.153521592902308,-0.9424869604262914,35.3502093815362
562.0,41.16220125523013,-8.584258577405858,100.46861924686192,1.0,41.16220125523013,-8.584258577405858,100.46861924686192,1001.2373219255481,24.950830186602627,-1.0800663977833203,36.414866208939586
563.0,41.16224393305439,-8.584150209205022,100.40167364016736,1.0,41.16224393305439,-8.584150209205022,100.40167364016736,1001.1854979865715,24.50570444642454,-0.6643299617747671,36.4056982772458
564.0,41.16228661087866,-8.584041841004185,100.3347280334728,1.0,41.16228661087866,-8.584041841004185,100.3347280334728,1001.2698933320914,24.448205341392114,-0.8934016858811554,35.42586835562369
565.0,41.16232928870293,-8.583933472803349,100.26778242677824,1.0,41.16232928870293,-8.583933472803349,100.26778242677824,1001.1974623401356,25.089947075576738,-1.3759846658694095,36.40938882187743
566.0,41.162371966527196,-8.58382510460251,100.20083682008368,1.0,41.162371966527196,-8.58382510460251,100.20083682008368,1001.1239933548311,25.6960011431723,-1.159526967833309,36.76896595920628
567.0,41.162414644351465,-8.583716736401675,100.13389121338912,1.0,41.162414644351465,-8.583716736401675,100.13389121338912,1001.1835287388475,25.459158303001157,-1.3980129284017444,35.43872759687779
568.0,41.16245732217573,-8.583608368200837,100.06694560669456,1.0,41.16245732217573,-8.583608368200837,100.06694560669456,1001.1484269311453,24.214749698188413,-0.46199643070070084,35.54124858949287
569.0,41.1625,-8.5835,100.0,1.0,41.1625,-8.5835,100.0,1001.232424325798,24.50518593171483,-0.9893441756640289,36.50883073342175
570.0,41.1625,-8.5835,100.0,0.0,,,,1001.2509209189594,34.298418969518195,-0.04940465712349629,26.13574765541282
571.0,41.1625,-8.5835,99.6590909090909,0.0,,,,1001.3747309565229,32.74890753295276,-1.0303304069073105,26.27573813761976
572.0,41.1625,-8.5835,99.31818181818181,0.0,,,,1001.3481645505065,40.62961377574505,-1.3542033834552314,26.17029460820025
573.0,41.1625,-8.5835,98.97727272727273,0.0,,,,1001.3617722462868,38.05425440425408,-1.7568571963064135,26.19534796046407
574.0,41.1625,-8.5835,98.63636363636364,0.0,,,,1001.4551066426955,34.779242308815455,-1.9015698381279726,25.33676393584446
575.0,41.1625,-8.5835,98.29545454545455,0.0,,,,1001.3439886890951,38.12194592531785,-1.7920679715027448,26.52365885331072
576.0,41.1625,-8.5835,97.95454545454545,0.0,,,,1001.5072352733599,31.061491774507143,-0.8664366744942583,26.584794996213887
577.0,41.1625,-8.5835,97.61363636363636,0.0,,,,1001.574906896058,36.706067191218715,-0.7456374883850331,25.885304627965986
578.0,41.1625,-8.5835,97.27272727272727,0.0,,,,1001.5033434149838,37.81553331275744,-1.7905953510160666,25.978261525093068
579.0,41.1625,-8.5835,96.93181818181819,0.0,,,,1001.6753695203422,38.05204341230983,-0.5524808429619423,25.234446248722136
580.0,41.1625,-8.5835,96.5909090909091,0.0,,,,1001.6760157294656,35.19244546439512,-1.2415305258417197,26.257127378008917
581.0,41.1625,-8.5835,96.25,0.0,,,,1001.679235604305,37.16155542334338,-0.9266034940072253,26.286028720857075
582.0,41.1625,-8.5835,95.9090909090909,0.0,,,,1001.7725481842144,35.4253957250894,-0.19388968587228783,25.968904491500346
583.0,41.1625,-8.5835,95.56818181818181,0.0,,,,1001.8953528247084,37.62272457838097,-0.551580342067234,26.56217667993525
584.0,41.1625,-8.5835,95.22727272727273,0.0,,,,1001.8318205854803,35.89137757026087,-1.1342653239529161,25.83296138451003
585.0,41.1625,-8.5835,94.88636363636364,0.0,,,,1001.8760473929514,36.246410573003516,-1.4455961127076438,26.2823029629468
586.0,41.1625,-8.5835,94.54545454545455,0.0,,,,1001.8815774095684,34.79366643985691,-2.0759077006646525,25.490167830653945
587.0,41.1625,-8.5835,94.20454545454545,0.0,,,,1001.9029623269813,38.36342123516346,-1.35957665962121,25.98822392456288
588.0,41.1625,-8.5835,93.86363636363636,0.0,,,,1002.0278804271909,38.98855124783152,-1.1055651194138472,25.912822871048583
589.0,41.1625,-8.5835,93.52272727272728,0.0,,,,1001.9844685359773,36.55518889524802,-1.493589763575592,26.11265396102047
590.0,41.1625,-8.5835,93.18181818181819,0.0,,,,1002.0717601300429,37.096771835522,-1.0656284835461522,25.815236535583324
591.0,41.1625,-8.5835,92.8409090909091,0.0,,,,1002.0852080367526,33.751821326829536,-0.9615740585206158,25.934263702164166
592.0,41.1625,-8.5835,92.5,0.0,,,,1002.1739489912873,36.069196245210954,-1.1124279909040393,26.41302358572075
593.0,41.1625,-8.5835,92.1590909090909,0.0,,,,1002.2075921961734,36.198288130016664,-1.3250012904117299,25.78161788138089
594.0,41.1625,-8.5835,91.81818181818181,0.0,,,,1002.283695179031,43.11637455365342,-0.9156726640166362,25.196711449630662
595.0,41.1625,-8.5835,91.47727272727273,0.0,,,,1002.2472264527845,34.15413433075603,-0.7790296752152954,26.87479195210271
596.0,41.1625,-8.5835,91.13636363636364,0.0,,,,1002.3001426168718,39.58190187860692,-1.545199538721423,26.69072703934524
597.0,41.1625,-8.5835,90.79545454545455,0.0,,,,1002.3056072687564,38.63451391414702,-0.29453381012686497,25.35386865244719
598.0,41.1625,-8.5835,90.45454545454545,0.0,,,,1002.3732398824508,38.00873499745249,-1.0492940661421308,26.344853902622596
599.0,41.1625,-8.5835,90.11363636363636,0.0,,,,1002.4552286610159,40.369766129244255,-0.9905751885275762,25.748512614724326
600.0,41.1625,-8.5835,89.77272727272728,0.0,,,,1002.515122158105,38.36808198155059,-0.6458927883717214,26.131743607665527
601.0,41.1625,-8.5835,89.43181818181819,0.0,,,,1002.4720735519729,37.441573079213924,-0.8833919343682491,26.14711206450675
602.0,41.1625,-8.5835,89.0909090909091,0.0,,,,1002.6025712050962,37.03325577507681,-0.5234316830433774,25.88279609984184
603.0,41.1625,-8.5835,88.75,0.0,,,,1002.6677818929403,39.029464238207375,-0.8564379173990879,25.6081171672068
604.0,41.1625,-8.5835,88.4090909090909,0.0,,,,1002.6615808360702,40.26551303150846,-1.3062186873202188,25.65472947384187
605.0,41.1625,-8.5835,88.06818181818181,0.0,,,,1002.7756579724461,35.15484621549282,-0.8192482373969492,25.541904042259375
606.0,41.1625,-8.5835,87.72727272727273,0.0,,,,1002.6840378127721,34.51641596591598,-1.571863103660331,25.584088895884776
607.0,41.1625,-8.5835,87.38636363636364,0.0,,,,1002.7014036284708,36.910927165674735,-0.9457201471117385,25.966410854975322
608.0,41.1625,-8.5835,87.04545454545455,0.0,,,,1002.7156094421002,35.60682241993045,-1.0166149953222303,25.642120005444625
609.0,41.1625,-8.5835,86.70454545454545,0.0,,,,1002.920256761029,36.78030702133044,-1.1040584286362698,26.341026032856313
610.0,41.1625,-8.5835,86.36363636363636,0.0,,,,1002.9190819191813,39.409965919501566,-1.0642687557194654,26.743623077667962
611.0,41.1625,-8.5835,86.02272727272728,0.0,,,,1002.9244934937271,36.10730242581597,-1.9409245227488197,25.70997337931498
612.0,41.1625,-8.5835,85.68181818181819,0.0,,,,1002.9821802494978,36.84085223656261,-1.2743624538704807,26.119702250267686
613.0,41.1625,-8.5835,85.3409090909091,0.0,,,,1002.9528164567259,37.59798502801424,-0.9535775494294426,26.249842555151467
614.0,41.1625,-8.5835,85.0,0.0,,,,1003.1722875989808,39.80212326520625,-0.9200718040012998,26.236001135459638
