{
"type": "FeatureCollection",
"name": "Espinho",
"crs": { "type": "name", "properties": { "name": "urn:ogc:def:crs:OGC:1.3:CRS84" } },
"features": [
{ "type": "Feature", "properties": { "full_id": "w37680676", "osm_id": "37680676", "osm_type": "way", "service": null, "junction": null, "bicycle": null, "highway": "residential", "tunnel": null, "layer": null, "description": null, "width": null, "footway:surface": null, "cycleway:surface": null, "check_date:surface": null, "destination:ref": null, "destination": null, "alt_name": null, "segregated": null, "foot": null, "sidewalk": null, "cycleway": null, "smoothness": null, "ref": null, "maxspeed": null, "lane_markings": null, "lit": null, "surface": "sett", "oneway": "yes", "name": "Rua 19", "lanes": "1" }, "geometry": { "type": "MultiLineString", "coordinates": [ [ [ -8.6381527, 41.008484 ], [ -8.6382252, 41.0084831 ], [ -8.6382993, 41.0084822 ], [ -8.6389037, 41.0084881 ], [ -8.6389412, 41.0085082 ] ] ] } },
{ "type": "Feature", "properties": { "full_id": "w37680687", "osm_id": "37680687", "osm_type": "way", "service": null, "junction": null, "bicycle": null, "highway": "residential", "tunnel": null, "layer": null, "description": null, "width": null, "footway:surface": null, "cycleway:surface": null, "check_date:surface": null, "destination:ref": null, "destination": null, "alt_name": null, "segregated": null, "foot": null, "sidewalk": null, "cycleway": null, "smoothness": null, "ref": null, "maxspeed": null, "lane_markings": null, "lit": "yes", "surface": "sett", "oneway": "yes", "name": "Rua 7", "lanes": null }, "geometry": { "type": "MultiLineString", "coordinates": [ [ [ -8.6384751, 41.0116637 ], [ -8.6385986, 41.0117066 ], [ -8.6389271, 41.0117101 ], [ -8.6390135, 41.0117085 ], [ -8.6397299, 41.0116952 ], [ -8.6397782, 41.0116934 ], [ -8.6398394, 41.0116911 ], [ -8.6399326, 41.0116905 ], [ -8.640747, 41.0116891 ], [ -8.6414619, 41.0116833 ], [ -8.6429984, 41.0116731 ], [ -8.6437008, 41.01167 ], [ -8.64401, 41.0116705 ] ] ] } },
{ "type": "Feature", "properties": { "full_id": "w37680691", "osm_id": "37680691", "osm_type": "way", "service": null, "junction": null, "bicycle": null, "highway": "residential", "tunnel": null, "layer": null, "description": null, "width": null, "footway:surface": null, "cycleway:surface": null, "check_date:surface": null, "destination:ref": null, "destination": null, "alt_name": null, "segregated": null, "foot": null, "sidewalk": null, "cycleway": null, "smoothness": null, "ref": null, "maxspeed": null, "lane_markings": null, "lit": null, "surface": null, "oneway": "yes", "name": "Rua 9", "lanes": null }, "geometry": { "type": "MultiLineString", "coordinates": [ [ [ -8.6440218, 41.0110542 ], [ -8.6436695, 41.0110494 ], [ -8.6430012, 41.0110556 ], [ -8.6419941, 41.0110644 ], [ -8.6414121, 41.0110687 ], [ -8.6407669, 41.0110633 ], [ -8.6404507, 41.0110541 ], [ -8.6403186, 41.0109946 ] ] ] } },
{ "type": "Feature", "properties": { "full_id": "w37680692", "osm_id": "37680692", "osm_type": "way", "service": null, "junction": null, "bicycle": null, "highway": "residential", "tunnel": null, "layer": null, "description": null, "width": null, "footway:surface": null, "cycleway:surface": null, "check_date:surface": null, "destination:ref": null, "destination": null, "alt_name": null, "segregated": null, "foot": null, "sidewalk": null, "cycleway": null, "smoothness": null, "ref": null, "maxspeed": null, "lane_markings": "no", "lit": null, "surface": "sett", "oneway": "yes", "name": "Rua 22", "lanes": null }, "geometry": { "type": "MultiLineString", "coordinates": [ [ [ -8.6389412, 41.0085082 ], [ -8.6389647, 41.0085404 ], [ -8.638966, 41.0085965 ], [ -8.6389636, 41.0093243 ], [ -8.6389605, 41.0094141 ], [ -8.638945, 41.0103619 ], [ -8.638938, 41.0114209 ], [ -8.6389288, 41.0114965 ], [ -8.6389271, 41.0117101 ], [ -8.63892844125397, 41.011817895304148 ] ] ] } },
{ "type": "Feature", "properties": { "full_id": "w37680694", "osm_id": "37680694", "osm_type": "way", "service": null, "junction": null, "bicycle": null, "highway": "residential", "tunnel": null, "layer": null, "description": null, "width": null, "footway:surface": null, "cycleway:surface": null, "check_date:surface": null, "destination:ref": null, "destination": null, "alt_name": null, "segregated": null, "foot": null, "sidewalk": null, "cycleway": null, "smoothness": null, "ref": null, "maxspeed": null, "lane_markings": null, "lit": null, "surface": "asphalt", "oneway": "no", "name": "Rua 8", "lanes": "2" }, "geometry": { "type": "MultiLineString", "coordinates": [ [ [ -8.64400814358914, 41.011791551571527 ], [ -8.64401, 41.0116705 ] ] ] } },
{ "type": "Feature", "properties": { "full_id": "w37680700", "osm_id": "37680700", "osm_type": "way", "service": null, "junction": null, "bicycle": null, "highway": "residential", "tunnel": null, "layer": null, "description": null, "width": null, "footway:surface": null, "cycleway:surface": null, "check_date:surface": null, "destination:ref": null, "destination": null, "alt_name": null, "segregated": null, "foot": null, "sidewalk": null, "cycleway": null, "smoothness": null, "ref": null, "maxspeed": null, "lane_markings": null, "lit": null, "surface": null, "oneway": "yes", "name": "Rua 66", "lanes": null }, "geometry": { "type": "MultiLineString", "coordinates": [ [ [ -8.642997899071613, 41.011796790778412 ], [ -8.6429984, 41.0116731 ], [ -8.6430012, 41.0110556 ], [ -8.6427773, 41.0106314 ] ] ] } },
{ "type": "Feature", "properties": { "full_id": "w37680701", "osm_id": "37680701", "osm_type": "way", "service": null, "junction": null, "bicycle": null, "highway": "residential", "tunnel": null, "layer": null, "description": null, "width": null, "footway:surface": null, "cycleway:surface": null, "check_date:surface": null, "destination:ref": null, "destination": null, "alt_name": null, "segregated": null, "foot": null, "sidewalk": null, "cycleway": null, "smoothness": null, "ref": null, "maxspeed": null, "lane_markings": null, "lit": null, "surface": null, "oneway": "yes", "name": "Rua 11", "lanes": null }, "geometry": { "type": "MultiLineString", "coordinates": [ [ [ -8.6427773, 41.0106314 ], [ -8.6428051, 41.0106032 ], [ -8.6432847, 41.010443 ] ] ] } },
{ "type": "Feature", "properties": { "full_id": "w37680702", "osm_id": "37680702", "osm_type": "way", "service": null, "junction": null, "bicycle": null, "highway": "residential", "tunnel": null, "layer": null, "description": null, "width": null, "footway:surface": null, "cycleway:surface": null, "check_date:surface": null, "destination:ref": null, "destination": null, "alt_name": null, "segregated": null, "foot": null, "sidewalk": null, "cycleway": null, "smoothness": null, "ref": null, "maxspeed": null, "lane_markings": null, "lit": null, "surface": null, "oneway": "yes", "name": "Rua 11", "lanes": null }, "geometry": { "type": "MultiLineString", "coordinates": [ [ [ -8.6432847, 41.010443 ], [ -8.6433799, 41.0104245 ], [ -8.6440293, 41.0104167 ] ] ] } },
{ "type": "Feature", "properties": { "full_id": "w37680703", "osm_id": "37680703", "osm_type": "way", "service": null, "junction": null, "bicycle": null, "highway": "residential", "tunnel": null, "layer": null, "description": null, "width": null, "footway:surface": null, "cycleway:surface": null, "check_date:surface": null, "destination:ref": null, "destination": null, "alt_name": null, "segregated": null, "foot": null, "sidewalk": null, "cycleway": null, "smoothness": null, "ref": null, "maxspeed": null, "lane_markings": null, "lit": null, "surface": null, "oneway": "yes", "name": "Rua 64", "lanes": null }, "geometry": { "type": "MultiLineString", "coordinates": [ [ [ -8.6429938, 41.0100141 ], [ -8.6432847, 41.010443 ], [ -8.6436695, 41.0110494 ], [ -8.6436927, 41.0110999 ], [ -8.643698, 41.0116066 ], [ -8.6437008, 41.01167 ] ] ] } },
{ "type": "Feature", "properties": { "full_id": "w37680704", "osm_id": "37680704", "osm_type": "way", "service": null, "junction": null, "bicycle": null, "highway": "residential", "tunnel": null, "layer": null, "description": null, "width": null, "footway:surface": null, "cycleway:surface": null, "check_date:surface": null, "destination:ref": null, "destination": null, "alt_name": null, "segregated": null, "foot": null, "sidewalk": null, "cycleway": null, "smoothness": null, "ref": null, "maxspeed": null, "lane_markings": null, "lit": null, "surface": null, "oneway": "yes", "name": "Rua 16", "lanes": null }, "geometry": { "type": "MultiLineString", "coordinates": [ [ [ -8.6414209, 41.0066347 ], [ -8.6414201, 41.0067212 ], [ -8.6414174, 41.0068846 ], [ -8.6414132, 41.0071464 ], [ -8.6414119, 41.0072249 ], [ -8.6414109, 41.0072848 ], [ -8.6413959, 41.0081707 ], [ -8.6413956, 41.0084587 ], [ -8.6413941, 41.0085179 ], [ -8.6413925, 41.0085749 ], [ -8.6413786, 41.0094246 ], [ -8.6413648, 41.0106191 ], [ -8.6414121, 41.0110687 ], [ -8.6414619, 41.0116833 ], [ -8.641469218638546, 41.011804718634401 ] ] ] } },
{ "type": "Feature", "properties": { "full_id": "w37681028", "osm_id": "37681028", "osm_type": "way", "service": null, "junction": null, "bicycle": null, "highway": "residential", "tunnel": null, "layer": null, "description": null, "width": null, "footway:surface": null, "cycleway:surface": null, "check_date:surface": null, "destination:ref": null, "destination": null, "alt_name": null, "segregated": null, "foot": null, "sidewalk": null, "cycleway": null, "smoothness": null, "ref": null, "maxspeed": null, "lane_markings": null, "lit": null, "surface": "paving_stones", "oneway": "yes", "name": "Rua 23", "lanes": null }, "geometry": { "type": "MultiLineString", "coordinates": [ [ [ -8.6438115, 41.0072233 ], [ -8.643296, 41.0072223 ], [ -8.643085, 41.0072236 ], [ -8.6429905, 41.0072242 ], [ -8.6428737, 41.0072235 ], [ -8.6424306, 41.0072252 ], [ -8.6423251, 41.0072231 ], [ -8.6422156, 41.0072209 ], [ -8.6415151, 41.0072254 ], [ -8.6414119, 41.0072249 ], [ -8.641306, 41.0072244 ], [ -8.6409148, 41.0072242 ], [ -8.6408069, 41.0072236 ], [ -8.6407036, 41.007223 ], [ -8.6401889, 41.0072242 ], [ -8.6398766, 41.0072228 ] ] ] } },
{ "type": "Feature", "properties": { "full_id": "w37842089", "osm_id": "37842089", "osm_type": "way", "service": null, "junction": null, "bicycle": null, "highway": "residential", "tunnel": null, "layer": null, "description": null, "width": null, "footway:surface": null, "cycleway:surface": null, "check_date:surface": null, "destination:ref": null, "destination": null, "alt_name": null, "segregated": null, "foot": null, "sidewalk": null, "cycleway": null, "smoothness": null, "ref": null, "maxspeed": null, "lane_markings": null, "lit": null, "surface": "asphalt", "oneway": "yes", "name": "Rua 25", "lanes": null }, "geometry": { "type": "MultiLineString", "coordinates": [ [ [ -8.6398849, 41.0066292 ], [ -8.6399947, 41.0066286 ], [ -8.6407078, 41.0066328 ], [ -8.6408131, 41.0066319 ] ] ] } },
{ "type": "Feature", "properties": { "full_id": "w37842090", "osm_id": "37842090", "osm_type": "way", "service": null, "junction": null, "bicycle": null, "highway": "residential", "tunnel": null, "layer": null, "description": null, "width": null, "footway:surface": null, "cycleway:surface": null, "check_date:surface": null, "destination:ref": null, "destination": null, "alt_name": null, "segregated": null, "foot": null, "sidewalk": null, "cycleway": null, "smoothness": null, "ref": null, "maxspeed": null, "lane_markings": null, "lit": null, "surface": "sett", "oneway": "yes", "name": "Rua 27", "lanes": null }, "geometry": { "type": "MultiLineString", "coordinates": [ [ [ -8.6438594, 41.0059684 ], [ -8.6434262, 41.0059613 ], [ -8.6433271, 41.0059612 ], [ -8.643221, 41.0059601 ], [ -8.6431023, 41.0059589 ], [ -8.6430182, 41.0059581 ], [ -8.6428991, 41.0059568 ], [ -8.6424404, 41.0059517 ], [ -8.6423453, 41.0059506 ], [ -8.6422359, 41.005951 ], [ -8.6415205, 41.0059539 ], [ -8.6414357, 41.0059542 ], [ -8.6413478, 41.0059534 ], [ -8.6409141, 41.0059548 ], [ -8.6408211, 41.0059538 ], [ -8.6407342, 41.0059526 ], [ -8.6400105, 41.005947 ], [ -8.6398971, 41.0059454 ] ] ] } },
{ "type": "Feature", "properties": { "full_id": "w37842092", "osm_id": "37842092", "osm_type": "way", "service": null, "junction": null, "bicycle": null, "highway": "residential", "tunnel": null, "layer": null, "description": null, "width": null, "footway:surface": null, "cycleway:surface": null, "check_date:surface": null, "destination:ref": null, "destination": null, "alt_name": null, "segregated": null, "foot": null, "sidewalk": null, "cycleway": null, "smoothness": null, "ref": null, "maxspeed": null, "lane_markings": null, "lit": "yes", "surface": "sett", "oneway": "yes", "name": "Rua 31", "lanes": null }, "geometry": { "type": "MultiLineString", "coordinates": [ [ [ -8.6441093, 41.0047157 ], [ -8.6440146, 41.0047146 ], [ -8.6437101, 41.0047111 ], [ -8.643651, 41.0047092 ], [ -8.6433586, 41.0047064 ], [ -8.6430463, 41.004706 ], [ -8.6423559, 41.0046983 ], [ -8.6414576, 41.0046845 ], [ -8.6408338, 41.0046817 ], [ -8.6399151, 41.004678 ] ] ] } },
{ "type": "Feature", "properties": { "full_id": "w37843272", "osm_id": "37843272", "osm_type": "way", "service": null, "junction": null, "bicycle": null, "highway": "residential", "tunnel": null, "layer": null, "description": null, "width": null, "footway:surface": null, "cycleway:surface": null, "check_date:surface": null, "destination:ref": null, "destination": null, "alt_name": null, "segregated": null, "foot": null, "sidewalk": null, "cycleway": null, "smoothness": null, "ref": null, "maxspeed": null, "lane_markings": null, "lit": null, "surface": null, "oneway": "yes", "name": "Rua 26", "lanes": null }, "geometry": { "type": "MultiLineString", "coordinates": [ [ [ -8.6370153, 41.0121771 ], [ -8.637016, 41.0120521 ], [ -8.6370381, 41.0110532 ], [ -8.6370543, 41.0103341 ], [ -8.6370817, 41.0093982 ], [ -8.6371016, 41.0085764 ], [ -8.6371028, 41.0085259 ], [ -8.6371036, 41.0084853 ], [ -8.6371052, 41.0083896 ], [ -8.6371203, 41.0078286 ], [ -8.6371372, 41.0072729 ], [ -8.6371391, 41.0072094 ], [ -8.6371391, 41.0071328 ], [ -8.6371393, 41.0066013 ], [ -8.6371485, 41.0059337 ], [ -8.6371512, 41.005374 ], [ -8.6371573, 41.0046678 ], [ -8.6371716, 41.0039721 ], [ -8.637171803369831, 41.003790160264408 ] ] ] } },
{ "type": "Feature", "properties": { "full_id": "w37843338", "osm_id": "37843338", "osm_type": "way", "service": null, "junction": null, "bicycle": null, "highway": "residential", "tunnel": null, "layer": null, "description": null, "width": null, "footway:surface": null, "cycleway:surface": null, "check_date:surface": null, "destination:ref": null, "destination": null, "alt_name": null, "segregated": null, "foot": null, "sidewalk": null, "cycleway": null, "smoothness": null, "ref": null, "maxspeed": null, "lane_markings": null, "lit": null, "surface": "asphalt", "oneway": "yes", "name": "Rua 21", "lanes": "1" }, "geometry": { "type": "MultiLineString", "coordinates": [ [ [ -8.6401067, 41.0081969 ], [ -8.6401824, 41.0081953 ], [ -8.6407967, 41.0081828 ], [ -8.6413959, 41.0081707 ], [ -8.6423149, 41.0081497 ], [ -8.642963, 41.0081342 ], [ -8.6433621, 41.0081257 ], [ -8.6435158, 41.0081224 ], [ -8.6437967, 41.0081189 ] ] ] } },
{ "type": "Feature", "properties": { "full_id": "w37843340", "osm_id": "37843340", "osm_type": "way", "service": null, "junction": null, "bicycle": null, "highway": "residential", "tunnel": null, "layer": null, "description": null, "width": null, "footway:surface": null, "cycleway:surface": null, "check_date:surface": null, "destination:ref": null, "destination": null, "alt_name": null, "segregated": null, "foot": null, "sidewalk": null, "cycleway": null, "smoothness": null, "ref": null, "maxspeed": null, "lane_markings": null, "lit": null, "surface": null, "oneway": null, "name": "Rua 14", "lanes": null }, "geometry": { "type": "MultiLineString", "coordinates": [ [ [ -8.6422896, 41.0102851 ], [ -8.6422908, 41.0094272 ], [ -8.6422927, 41.0093137 ], [ -8.6422947, 41.0091903 ], [ -8.6423115, 41.009157 ], [ -8.6423507, 41.0091236 ] ] ] } },
{ "type": "Feature", "properties": { "full_id": "w37843935", "osm_id": "37843935", "osm_type": "way", "service": null, "junction": null, "bicycle": null, "highway": "residential", "tunnel": null, "layer": null, "description": null, "width": null, "footway:surface": null, "cycleway:surface": null, "check_date:surface": null, "destination:ref": null, "destination": null, "alt_name": null, "segregated": null, "foot": null, "sidewalk": null, "cycleway": null, "smoothness": null, "ref": null, "maxspeed": null, "lane_markings": null, "lit": null, "surface": null, "oneway": "yes", "name": "Rua 11", "lanes": null }, "geometry": { "type": "MultiLineString", "coordinates": [ [ [ -8.6407676, 41.0103704 ], [ -8.6398516, 41.0103677 ], [ -8.6397872, 41.0103684 ], [ -8.638945, 41.0103619 ], [ -8.6382049, 41.010351 ], [ -8.6380393, 41.0103486 ] ] ] } },
{ "type": "Feature", "properties": { "full_id": "w37843936", "osm_id": "37843936", "osm_type": "way", "service": null, "junction": null, "bicycle": null, "highway": "residential", "tunnel": null, "layer": null, "description": null, "width": null, "footway:surface": null, "cycleway:surface": null, "check_date:surface": null, "destination:ref": null, "destination": null, "alt_name": null, "segregated": null, "foot": null, "sidewalk": null, "cycleway": null, "smoothness": null, "ref": null, "maxspeed": null, "lane_markings": null, "lit": null, "surface": null, "oneway": "yes", "name": "Rua 18", "lanes": null }, "geometry": { "type": "MultiLineString", "coordinates": [ [ [ -8.640745257719566, 41.011808473152215 ], [ -8.640747, 41.0116891 ], [ -8.6407669, 41.0110633 ], [ -8.6407677, 41.0108332 ], [ -8.6407676, 41.0103704 ], [ -8.6407839, 41.0094185 ], [ -8.6407885, 41.0085678 ], [ -8.6407894, 41.0085124 ], [ -8.6407903, 41.0084558 ], [ -8.6407967, 41.0081828 ], [ -8.640797, 41.0081478 ], [ -8.640807, 41.0072755 ], [ -8.6408069, 41.0072236 ], [ -8.6408067, 41.0071397 ], [ -8.6408121, 41.0067128 ], [ -8.6408131, 41.0066319 ] ] ] } },
{ "type": "Feature", "properties": { "full_id": "w37843944", "osm_id": "37843944", "osm_type": "way", "service": null, "junction": null, "bicycle": null, "highway": "residential", "tunnel": null, "layer": null, "description": null, "width": null, "footway:surface": null, "cycleway:surface": null, "check_date:surface": null, "destination:ref": null, "destination": null, "alt_name": null, "segregated": null, "foot": null, "sidewalk": null, "cycleway": null, "smoothness": null, "ref": null, "maxspeed": null, "lane_markings": "no", "lit": null, "surface": "sett", "oneway": "yes", "name": "Rua 14", "lanes": null }, "geometry": { "type": "MultiLineString", "coordinates": [ [ [ -8.6423332, 41.0066393 ], [ -8.6423346, 41.0065602 ], [ -8.6423446, 41.0060204 ], [ -8.6423453, 41.0059506 ], [ -8.6423471, 41.0053465 ], [ -8.6423559, 41.0046983 ], [ -8.6423701, 41.0040418 ], [ -8.6423714, 41.0039719 ], [ -8.6423718, 41.003919 ], [ -8.642372565652913, 41.003824996106388 ] ] ] } },
{ "type": "Feature", "properties": { "full_id": "w37843951", "osm_id": "37843951", "osm_type": "way", "service": null, "junction": null, "bicycle": null, "highway": "residential", "tunnel": null, "layer": null, "description": null, "width": null, "footway:surface": null, "cycleway:surface": null, "check_date:surface": null, "destination:ref": null, "destination": null, "alt_name": null, "segregated": null, "foot": null, "sidewalk": null, "cycleway": null, "smoothness": null, "ref": null, "maxspeed": null, "lane_markings": null, "lit": null, "surface": null, "oneway": "yes", "name": "Rua 22", "lanes": null }, "geometry": { "type": "MultiLineString", "coordinates": [ [ [ -8.639028865161146, 41.003802599269996 ], [ -8.6390249, 41.0039758 ] ] ] } },
{ "type": "Feature", "properties": { "full_id": "w37844586", "osm_id": "37844586", "osm_type": "way", "service": null, "junction": null, "bicycle": null, "highway": "residential", "tunnel": null, "layer": null, "description": null, "width": null, "footway:surface": null, "cycleway:surface": null, "check_date:surface": null, "destination:ref": null, "destination": null, "alt_name": null, "segregated": null, "foot": null, "sidewalk": null, "cycleway": null, "smoothness": null, "ref": null, "maxspeed": null, "lane_markings": null, "lit": null, "surface": "sett", "oneway": "yes", "name": "Rua 21", "lanes": "1" }, "geometry": { "type": "MultiLineString", "coordinates": [ [ [ -8.636134155983809, 41.007829633909758 ], [ -8.6362675, 41.0078306 ], [ -8.6365158, 41.00783 ], [ -8.636849, 41.0078292 ], [ -8.6371203, 41.0078286 ] ] ] } },
{ "type": "Feature", "properties": { "full_id": "w37844589", "osm_id": "37844589", "osm_type": "way", "service": null, "junction": null, "bicycle": null, "highway": "residential", "tunnel": null, "layer": null, "description": null, "width": null, "footway:surface": null, "cycleway:surface": null, "check_date:surface": null, "destination:ref": null, "destination": null, "alt_name": null, "segregated": null, "foot": null, "sidewalk": null, "cycleway": null, "smoothness": null, "ref": null, "maxspeed": null, "lane_markings": null, "lit": null, "surface": "asphalt", "oneway": "yes", "name": "Rua 11", "lanes": null }, "geometry": { "type": "MultiLineString", "coordinates": [ [ [ -8.6379307, 41.010343 ], [ -8.637845, 41.0103421 ], [ -8.6370543, 41.0103341 ], [ -8.6362391, 41.0103302 ], [ -8.636120086373708, 41.01032997878508 ] ] ] } },
{ "type": "Feature", "properties": { "full_id": "w37844591", "osm_id": "37844591", "osm_type": "way", "service": null, "junction": null, "bicycle": null, "highway": "residential", "tunnel": null, "layer": null, "description": null, "width": null, "footway:surface": null, "cycleway:surface": null, "check_date:surface": null, "destination:ref": null, "destination": null, "alt_name": null, "segregated": null, "foot": null, "sidewalk": null, "cycleway": null, "smoothness": null, "ref": null, "maxspeed": null, "lane_markings": null, "lit": null, "surface": "asphalt", "oneway": null, "name": "Rua 9", "lanes": null }, "geometry": { "type": "MultiLineString", "coordinates": [ [ [ -8.636116002979298, 41.011055648807904 ], [ -8.6362304, 41.0110575 ], [ -8.6370381, 41.0110532 ], [ -8.6379175, 41.0110667 ] ] ] } },
{ "type": "Feature", "properties": { "full_id": "w37844596", "osm_id": "37844596", "osm_type": "way", "service": null, "junction": null, "bicycle": null, "highway": "residential", "tunnel": null, "layer": null, "description": null, "width": null, "footway:surface": null, "cycleway:surface": null, "check_date:surface": null, "destination:ref": null, "destination": null, "alt_name": null, "segregated": null, "foot": null, "sidewalk": null, "cycleway": null, "smoothness": null, "ref": null, "maxspeed": null, "lane_markings": "no", "lit": null, "surface": "sett", "oneway": "yes", "name": "Rua 12", "lanes": null }, "geometry": { "type": "MultiLineString", "coordinates": [ [ [ -8.643060471102942, 41.003829603847379 ], [ -8.643058, 41.003976 ], [ -8.6430463, 41.004706 ], [ -8.6430309, 41.0053415 ], [ -8.6430194, 41.0059106 ], [ -8.6430182, 41.0059581 ], [ -8.6430169, 41.0060265 ], [ -8.6430021, 41.0065065 ] ] ] } },
{ "type": "Feature", "properties": { "full_id": "w37844598", "osm_id": "37844598", "osm_type": "way", "service": null, "junction": null, "bicycle": null, "highway": "residential", "tunnel": null, "layer": null, "description": null, "width": null, "footway:surface": null, "cycleway:surface": null, "check_date:surface": null, "destination:ref": null, "destination": null, "alt_name": null, "segregated": null, "foot": null, "sidewalk": null, "cycleway": null, "smoothness": null, "ref": null, "maxspeed": null, "lane_markings": "no", "lit": null, "surface": "sett", "oneway": "yes", "name": "Rua 10", "lanes": null }, "geometry": { "type": "MultiLineString", "coordinates": [ [ [ -8.6433046, 41.0066411 ], [ -8.6433046, 41.0065689 ], [ -8.6433251, 41.0060296 ], [ -8.6433271, 41.0059612 ], [ -8.6433287, 41.0058929 ], [ -8.6433398, 41.0053389 ], [ -8.6433586, 41.0047064 ], [ -8.6433751, 41.0039796 ] ] ] } },
{ "type": "Feature", "properties": { "full_id": "w61599070", "osm_id": "61599070", "osm_type": "way", "service": null, "junction": null, "bicycle": null, "highway": "residential", "tunnel": null, "layer": null, "description": null, "width": null, "footway:surface": null, "cycleway:surface": null, "check_date:surface": null, "destination:ref": null, "destination": null, "alt_name": null, "segregated": null, "foot": null, "sidewalk": null, "cycleway": null, "smoothness": null, "ref": null, "maxspeed": null, "lane_markings": null, "lit": null, "surface": "asphalt", "oneway": "yes", "name": "Rua 28", "lanes": null }, "geometry": { "type": "MultiLineString", "coordinates": [ [ [ -8.636305921545583, 41.003784360398775 ], [ -8.6363074, 41.003968 ], [ -8.6363014, 41.0046694 ], [ -8.6362822, 41.0053816 ], [ -8.636279, 41.0059291 ], [ -8.6362761, 41.0065425 ], [ -8.6362758, 41.0066 ], [ -8.6362678, 41.0072081 ], [ -8.6362675, 41.0078306 ], [ -8.6362535, 41.0083875 ], [ -8.6362514, 41.0084824 ], [ -8.6362511, 41.0085237 ], [ -8.6362506, 41.0085862 ], [ -8.6362453, 41.0093977 ], [ -8.6362391, 41.0103302 ], [ -8.6362304, 41.0110575 ], [ -8.6362138, 41.0122576 ] ] ] } },
{ "type": "Feature", "properties": { "full_id": "w61599124", "osm_id": "61599124", "osm_type": "way", "service": null, "junction": null, "bicycle": null, "highway": "primary", "tunnel": null, "layer": null, "description": null, "width": null, "footway:surface": null, "cycleway:surface": null, "check_date:surface": null, "destination:ref": null, "destination": null, "alt_name": null, "segregated": null, "foot": null, "sidewalk": null, "cycleway": null, "smoothness": "good", "ref": "EN 109", "maxspeed": "50", "lane_markings": null, "lit": null, "surface": "asphalt", "oneway": "no", "name": "Rua 62", "lanes": "2" }, "geometry": { "type": "MultiLineString", "coordinates": [ [ [ -8.637256243508755, 41.012090729219224 ], [ -8.6370153, 41.0121771 ], [ -8.6368612, 41.0122224 ], [ -8.6366127, 41.0122465 ], [ -8.6364929, 41.0122494 ], [ -8.6362968, 41.012254 ], [ -8.6362138, 41.0122576 ], [ -8.636109168977651, 41.012270135980977 ] ] ] } },
{ "type": "Feature", "properties": { "full_id": "w61599127", "osm_id": "61599127", "osm_type": "way", "service": null, "junction": null, "bicycle": null, "highway": "residential", "tunnel": null, "layer": null, "description": null, "width": null, "footway:surface": null, "cycleway:surface": null, "check_date:surface": null, "destination:ref": null, "destination": null, "alt_name": null, "segregated": null, "foot": null, "sidewalk": null, "cycleway": null, "smoothness": null, "ref": null, "maxspeed": null, "lane_markings": null, "lit": null, "surface": null, "oneway": "yes", "name": "Rua 22", "lanes": null }, "geometry": { "type": "MultiLineString", "coordinates": [ [ [ -8.6390325, 41.0058969 ], [ -8.6389963, 41.0058462 ], [ -8.6389975, 41.0054487 ], [ -8.6389977, 41.0053678 ], [ -8.6389987, 41.00527 ], [ -8.6390044, 41.004708 ], [ -8.6390249, 41.0039758 ] ] ] } },
{ "type": "Feature", "properties": { "full_id": "w61599339", "osm_id": "61599339", "osm_type": "way", "service": null, "junction": null, "bicycle": null, "highway": "residential", "tunnel": null, "layer": null, "description": null, "width": null, "footway:surface": null, "cycleway:surface": null, "check_date:surface": null, "destination:ref": null, "destination": null, "alt_name": null, "segregated": null, "foot": null, "sidewalk": null, "cycleway": null, "smoothness": null, "ref": null, "maxspeed": null, "lane_markings": null, "lit": null, "surface": null, "oneway": "yes", "name": "Rua 15", "lanes": null }, "geometry": { "type": "MultiLineString", "coordinates": [ [ [ -8.6380614, 41.009407 ], [ -8.638209, 41.0094082 ], [ -8.6389605, 41.0094141 ], [ -8.6393766, 41.0094081 ], [ -8.6397943, 41.0094105 ], [ -8.6398542, 41.0094107 ] ] ] } },
{ "type": "Feature", "properties": { "full_id": "w61650532", "osm_id": "61650532", "osm_type": "way", "service": null, "junction": null, "bicycle": null, "highway": "residential", "tunnel": null, "layer": null, "description": null, "width": null, "footway:surface": null, "cycleway:surface": null, "check_date:surface": null, "destination:ref": null, "destination": null, "alt_name": null, "segregated": null, "foot": null, "sidewalk": null, "cycleway": null, "smoothness": null, "ref": null, "maxspeed": null, "lane_markings": null, "lit": null, "surface": null, "oneway": "yes", "name": "Rua 31", "lanes": null }, "geometry": { "type": "MultiLineString", "coordinates": [ [ [ -8.6390044, 41.004708 ], [ -8.6381386, 41.0046992 ] ] ] } },
{ "type": "Feature", "properties": { "full_id": "w61650533", "osm_id": "61650533", "osm_type": "way", "service": null, "junction": null, "bicycle": null, "highway": "residential", "tunnel": null, "layer": null, "description": null, "width": null, "footway:surface": null, "cycleway:surface": null, "check_date:surface": null, "destination:ref": null, "destination": null, "alt_name": null, "segregated": null, "foot": null, "sidewalk": null, "cycleway": null, "smoothness": null, "ref": null, "maxspeed": null, "lane_markings": null, "lit": null, "surface": "asphalt", "oneway": "yes", "name": "Rua 27", "lanes": null }, "geometry": { "type": "MultiLineString", "coordinates": [ [ [ -8.6380099, 41.0059383 ], [ -8.6371485, 41.0059337 ], [ -8.636279, 41.0059291 ], [ -8.63614485521885, 41.005928246642313 ] ] ] } },
{ "type": "Feature", "properties": { "full_id": "w61650534", "osm_id": "61650534", "osm_type": "way", "service": null, "junction": null, "bicycle": null, "highway": "residential", "tunnel": null, "layer": null, "description": null, "width": null, "footway:surface": null, "cycleway:surface": null, "check_date:surface": null, "destination:ref": null, "destination": null, "alt_name": null, "segregated": null, "foot": null, "sidewalk": null, "cycleway": null, "smoothness": null, "ref": null, "maxspeed": null, "lane_markings": null, "lit": null, "surface": null, "oneway": "yes", "name": "Rua 25", "lanes": null }, "geometry": { "type": "MultiLineString", "coordinates": [ [ [ -8.636141076708999, 41.006599734883665 ], [ -8.6361823, 41.0065998 ], [ -8.6362758, 41.0066 ], [ -8.6363433, 41.0066001 ], [ -8.6371393, 41.0066013 ], [ -8.637912, 41.0066026 ], [ -8.6379982, 41.0066027 ] ] ] } },
{ "type": "Feature", "properties": { "full_id": "w61749242", "osm_id": "61749242", "osm_type": "way", "service": null, "junction": null, "bicycle": null, "highway": "residential", "tunnel": null, "layer": null, "description": null, "width": null, "footway:surface": null, "cycleway:surface": null, "check_date:surface": null, "destination:ref": null, "destination": null, "alt_name": null, "segregated": null, "foot": null, "sidewalk": null, "cycleway": "lane", "smoothness": null, "ref": null, "maxspeed": null, "lane_markings": null, "lit": null, "surface": "asphalt", "oneway": "no", "name": "Rua 33", "lanes": "2" }, "geometry": { "type": "MultiLineString", "coordinates": [ [ [ -8.6390249, 41.0039758 ], [ -8.6389134, 41.0039755 ], [ -8.6385459, 41.0039745 ], [ -8.6384502, 41.0039742 ], [ -8.6384047, 41.0039787 ], [ -8.6383554, 41.0039835 ] ] ] } },
{ "type": "Feature", "properties": { "full_id": "w61756254", "osm_id": "61756254", "osm_type": "way", "service": null, "junction": null, "bicycle": null, "highway": "residential", "tunnel": null, "layer": null, "description": null, "width": null, "footway:surface": null, "cycleway:surface": null, "check_date:surface": null, "destination:ref": null, "destination": null, "alt_name": null, "segregated": null, "foot": null, "sidewalk": "both", "cycleway": "lane", "smoothness": null, "ref": null, "maxspeed": null, "lane_markings": null, "lit": "yes", "surface": "asphalt", "oneway": "no", "name": "Rua 33", "lanes": "2" }, "geometry": { "type": "MultiLineString", "coordinates": [ [ [ -8.6437981, 41.0039782 ], [ -8.6434441, 41.0039794 ], [ -8.6433751, 41.0039796 ], [ -8.6431316, 41.0039779 ], [ -8.643058, 41.003976 ], [ -8.6430008, 41.0039757 ], [ -8.6424708, 41.0039725 ], [ -8.6423714, 41.0039719 ], [ -8.6422638, 41.0039715 ], [ -8.6415197, 41.0039687 ], [ -8.6414756, 41.0039685 ] ] ] } },
{ "type": "Feature", "properties": { "full_id": "w75666942", "osm_id": "75666942", "osm_type": "way", "service": null, "junction": null, "bicycle": "designated", "highway": "path", "tunnel": null, "layer": null, "description": null, "width": null, "footway:surface": null, "cycleway:surface": null, "check_date:surface": null, "destination:ref": null, "destination": null, "alt_name": null, "segregated": "no", "foot": "designated", "sidewalk": null, "cycleway": null, "smoothness": null, "ref": null, "maxspeed": null, "lane_markings": null, "lit": "yes", "surface": "sett", "oneway": null, "name": "Rua 25", "lanes": null }, "geometry": { "type": "MultiLineString", "coordinates": [ [ [ -8.644226190468666, 41.00661228624692 ], [ -8.6442241, 41.0066123 ], [ -8.6441973, 41.0066188 ], [ -8.6440861, 41.006655 ] ] ] } },
{ "type": "Feature", "properties": { "full_id": "w77607334", "osm_id": "77607334", "osm_type": "way", "service": null, "junction": null, "bicycle": null, "highway": "secondary", "tunnel": null, "layer": null, "description": null, "width": null, "footway:surface": null, "cycleway:surface": null, "check_date:surface": null, "destination:ref": null, "destination": null, "alt_name": null, "segregated": null, "foot": null, "sidewalk": null, "cycleway": null, "smoothness": null, "ref": null, "maxspeed": "50", "lane_markings": null, "lit": null, "surface": "asphalt", "oneway": "no", "name": "Rua 20", "lanes": "2" }, "geometry": { "type": "MultiLineString", "coordinates": [ [ [ -8.63983854676508, 41.011813175425964 ], [ -8.6398389, 41.0117602 ], [ -8.6398394, 41.0116911 ], [ -8.6398397, 41.0116236 ], [ -8.6398415, 41.0112778 ], [ -8.6398466, 41.0111732 ], [ -8.6398516, 41.0103677 ], [ -8.6398542, 41.0094107 ] ] ] } },
{ "type": "Feature", "properties": { "full_id": "w100660033", "osm_id": "100660033", "osm_type": "way", "service": null, "junction": null, "bicycle": null, "highway": "primary", "tunnel": null, "layer": null, "description": null, "width": null, "footway:surface": null, "cycleway:surface": null, "check_date:surface": null, "destination:ref": "EN 109", "destination": "Aveiro", "alt_name": "Avenida Cidade de Vila Real; Av. 24", "segregated": null, "foot": null, "sidewalk": null, "cycleway": null, "smoothness": null, "ref": "EN 109", "maxspeed": "50", "lane_markings": null, "lit": null, "surface": "asphalt", "oneway": "yes", "name": "Avenida 24", "lanes": "2" }, "geometry": { "type": "MultiLineString", "coordinates": [ [ [ -8.6380748, 41.0080464 ], [ -8.6380814, 41.007394 ], [ -8.6380848, 41.0073606 ], [ -8.6380993, 41.007209 ], [ -8.6381015, 41.0070688 ], [ -8.6381081, 41.0066673 ], [ -8.6381141, 41.0062697 ], [ -8.6381194, 41.0059238 ], [ -8.6381322, 41.0053661 ], [ -8.6381386, 41.0046992 ], [ -8.638142, 41.0043615 ], [ -8.6381632, 41.004247 ], [ -8.6381962, 41.0041658 ], [ -8.6382146, 41.0041355 ], [ -8.638242, 41.0040905 ] ] ] } },
{ "type": "Feature", "properties": { "full_id": "w100660038", "osm_id": "100660038", "osm_type": "way", "service": null, "junction": null, "bicycle": null, "highway": "primary", "tunnel": null, "layer": null, "description": null, "width": null, "footway:surface": null, "cycleway:surface": null, "check_date:surface": null, "destination:ref": "EN 109", "destination": "Vila Nova de Gaia", "alt_name": "Avenida Cidade de Vila Real; Av. 24", "segregated": null, "foot": null, "sidewalk": null, "cycleway": null, "smoothness": null, "ref": "EN 109", "maxspeed": "50", "lane_markings": null, "lit": null, "surface": "asphalt", "oneway": "yes", "name": "Avenida 24", "lanes": "2" }, "geometry": { "type": "MultiLineString", "coordinates": [ [ [ -8.6380991, 41.0040643 ], [ -8.638097, 41.0041522 ], [ -8.638072, 41.0042297 ], [ -8.6380401, 41.0043483 ], [ -8.6380333, 41.0046786 ], [ -8.6380214, 41.0053713 ], [ -8.6380099, 41.0059383 ], [ -8.6379982, 41.0066027 ], [ -8.6379936, 41.0070234 ], [ -8.6379931, 41.0070664 ], [ -8.6379915, 41.0072108 ], [ -8.6379845, 41.0073581 ], [ -8.6379768, 41.0077599 ], [ -8.6379699, 41.0082917 ] ] ] } },
{ "type": "Feature", "properties": { "full_id": "w109963971", "osm_id": "109963971", "osm_type": "way", "service": null, "junction": "roundabout", "bicycle": null, "highway": "living_street", "tunnel": null, "layer": null, "description": null, "width": null, "footway:surface": null, "cycleway:surface": null, "check_date:surface": null, "destination:ref": null, "destination": null, "alt_name": null, "segregated": null, "foot": null, "sidewalk": null, "cycleway": null, "smoothness": null, "ref": null, "maxspeed": "20", "lane_markings": null, "lit": null, "surface": "sett", "oneway": null, "name": "Rua 8", "lanes": null }, "geometry": { "type": "MultiLineString", "coordinates": [ [ [ -8.6440483, 41.0091348 ], [ -8.6440348, 41.0094523 ] ] ] } },
{ "type": "Feature", "properties": { "full_id": "w109963972", "osm_id": "109963972", "osm_type": "way", "service": null, "junction": null, "bicycle": null, "highway": "living_street", "tunnel": null, "layer": null, "description": null, "width": null, "footway:surface": null, "cycleway:surface": null, "check_date:surface": null, "destination:ref": null, "destination": null, "alt_name": null, "segregated": null, "foot": null, "sidewalk": null, "cycleway": null, "smoothness": null, "ref": null, "maxspeed": "20", "lane_markings": null, "lit": null, "surface": "sett", "oneway": "no", "name": "Rua 8", "lanes": null }, "geometry": { "type": "MultiLineString", "coordinates": [ [ [ -8.6440403, 41.0096513 ], [ -8.6440362, 41.0099555 ] ] ] } },
{ "type": "Feature", "properties": { "full_id": "w109963973", "osm_id": "109963973", "osm_type": "way", "service": null, "junction": null, "bicycle": null, "highway": "living_street", "tunnel": null, "layer": null, "description": null, "width": null, "footway:surface": null, "cycleway:surface": null, "check_date:surface": null, "destination:ref": null, "destination": null, "alt_name": null, "segregated": null, "foot": null, "sidewalk": null, "cycleway": null, "smoothness": null, "ref": null, "maxspeed": "20", "lane_markings": null, "lit": "yes", "surface": "sett", "oneway": "no", "name": "Rua 8", "lanes": null }, "geometry": { "type": "MultiLineString", "coordinates": [ [ [ -8.6440483, 41.0091348 ], [ -8.6440492, 41.0090831 ], [ -8.6440527, 41.0088806 ], [ -8.6440512, 41.0088229 ], [ -8.6440561, 41.0085776 ], [ -8.6440579, 41.0085249 ], [ -8.6440595, 41.0083603 ] ] ] } },
{ "type": "Feature", "properties": { "full_id": "w141395143", "osm_id": "141395143", "osm_type": "way", "service": null, "junction": null, "bicycle": null, "highway": "residential", "tunnel": null, "layer": null, "description": null, "width": null, "footway:surface": null, "cycleway:surface": null, "check_date:surface": null, "destination:ref": null, "destination": null, "alt_name": null, "segregated": null, "foot": null, "sidewalk": null, "cycleway": null, "smoothness": null, "ref": null, "maxspeed": null, "lane_markings": null, "lit": "yes", "surface": "asphalt", "oneway": "no", "name": "Rua 8", "lanes": "2" }, "geometry": { "type": "MultiLineString", "coordinates": [ [ [ -8.6440977, 41.0058482 ], [ -8.6441058, 41.0053414 ], [ -8.6441076, 41.0050287 ], [ -8.6441093, 41.0047157 ], [ -8.6440929, 41.0043408 ], [ -8.6440818, 41.0042167 ], [ -8.6440545, 41.0039762 ] ] ] } },
{ "type": "Feature", "properties": { "full_id": "w146226047", "osm_id": "146226047", "osm_type": "way", "service": null, "junction": null, "bicycle": null, "highway": "service", "tunnel": null, "layer": null, "description": null, "width": null, "footway:surface": null, "cycleway:surface": null, "check_date:surface": null, "destination:ref": null, "destination": null, "alt_name": null, "segregated": null, "foot": null, "sidewalk": null, "cycleway": null, "smoothness": null, "ref": null, "maxspeed": null, "lane_markings": null, "lit": null, "surface": null, "oneway": "yes", "name": null, "lanes": null }, "geometry": { "type": "MultiLineString", "coordinates": [ [ [ -8.6381875, 41.0110813 ], [ -8.6381893, 41.0109515 ], [ -8.638191, 41.0108285 ] ] ] } },
{ "type": "Feature", "properties": { "full_id": "w146226048", "osm_id": "146226048", "osm_type": "way", "service": null, "junction": null, "bicycle": null, "highway": "service", "tunnel": null, "layer": null, "description": null, "width": null, "footway:surface": null, "cycleway:surface": null, "check_date:surface": null, "destination:ref": null, "destination": null, "alt_name": null, "segregated": null, "foot": null, "sidewalk": null, "cycleway": null, "smoothness": null, "ref": null, "maxspeed": null, "lane_markings": null, "lit": null, "surface": null, "oneway": null, "name": null, "lanes": null }, "geometry": { "type": "MultiLineString", "coordinates": [ [ [ -8.6380343, 41.0108666 ], [ -8.638191, 41.0108285 ], [ -8.6381848, 41.0107232 ], [ -8.6381803, 41.0106474 ], [ -8.6380361, 41.0105898 ] ] ] } },
{ "type": "Feature", "properties": { "full_id": "w146226050", "osm_id": "146226050", "osm_type": "way", "service": null, "junction": null, "bicycle": null, "highway": "service", "tunnel": null, "layer": null, "description": null, "width": null, "footway:surface": null, "cycleway:surface": null, "check_date:surface": null, "destination:ref": null, "destination": null, "alt_name": null, "segregated": null, "foot": null, "sidewalk": null, "cycleway": null, "smoothness": null, "ref": null, "maxspeed": null, "lane_markings": null, "lit": null, "surface": null, "oneway": "yes", "name": null, "lanes": null }, "geometry": { "type": "MultiLineString", "coordinates": [ [ [ -8.6381848, 41.0107232 ], [ -8.6383361, 41.0108096 ], [ -8.6383523, 41.0108353 ], [ -8.6383469, 41.0111056 ], [ -8.6383075, 41.011134 ], [ -8.6382502, 41.011138 ], [ -8.6381875, 41.0110813 ] ] ] } },
{ "type": "Feature", "properties": { "full_id": "w150643142", "osm_id": "150643142", "osm_type": "way", "service": "parking_aisle", "junction": null, "bicycle": null, "highway": "service", "tunnel": null, "layer": null, "description": null, "width": null, "footway:surface": null, "cycleway:surface": null, "check_date:surface": null, "destination:ref": null, "destination": null, "alt_name": null, "segregated": null, "foot": null, "sidewalk": null, "cycleway": null, "smoothness": null, "ref": null, "maxspeed": null, "lane_markings": null, "lit": null, "surface": null, "oneway": null, "name": null, "lanes": null }, "geometry": { "type": "MultiLineString", "coordinates": [ [ [ -8.6393766, 41.0094081 ], [ -8.6393785, 41.0093379 ] ] ] } },
{ "type": "Feature", "properties": { "full_id": "w150643143", "osm_id": "150643143", "osm_type": "way", "service": "parking_aisle", "junction": null, "bicycle": null, "highway": "service", "tunnel": null, "layer": null, "description": null, "width": null, "footway:surface": null, "cycleway:surface": null, "check_date:surface": null, "destination:ref": null, "destination": null, "alt_name": null, "segregated": null, "foot": null, "sidewalk": null, "cycleway": null, "smoothness": null, "ref": null, "maxspeed": null, "lane_markings": null, "lit": null, "surface": null, "oneway": "yes", "name": null, "lanes": null }, "geometry": { "type": "MultiLineString", "coordinates": [ [ [ -8.6393785, 41.0093379 ], [ -8.639431, 41.0092982 ], [ -8.6394322, 41.0092108 ], [ -8.6393331, 41.0092108 ], [ -8.6393319, 41.0093027 ], [ -8.6393785, 41.0093379 ] ] ] } },
{ "type": "Feature", "properties": { "full_id": "w294407809", "osm_id": "294407809", "osm_type": "way", "service": null, "junction": null, "bicycle": null, "highway": "residential", "tunnel": null, "layer": null, "description": null, "width": null, "footway:surface": null, "cycleway:surface": null, "check_date:surface": null, "destination:ref": null, "destination": null, "alt_name": null, "segregated": null, "foot": null, "sidewalk": null, "cycleway": null, "smoothness": null, "ref": null, "maxspeed": null, "lane_markings": null, "lit": null, "surface": null, "oneway": "yes", "name": "Rua 29", "lanes": null }, "geometry": { "type": "MultiLineString", "coordinates": [ [ [ -8.636147932352211, 41.005381401735356 ], [ -8.6362822, 41.0053816 ], [ -8.6371512, 41.005374 ], [ -8.6379431, 41.0053707 ], [ -8.6380214, 41.0053713 ] ] ] } },
{ "type": "Feature", "properties": { "full_id": "w297400619", "osm_id": "297400619", "osm_type": "way", "service": null, "junction": null, "bicycle": null, "highway": "residential", "tunnel": null, "layer": null, "description": null, "width": null, "footway:surface": null, "cycleway:surface": null, "check_date:surface": null, "destination:ref": null, "destination": null, "alt_name": null, "segregated": null, "foot": null, "sidewalk": null, "cycleway": null, "smoothness": null, "ref": null, "maxspeed": null, "lane_markings": null, "lit": null, "surface": null, "oneway": "yes", "name": "Rua 15", "lanes": null }, "geometry": { "type": "MultiLineString", "coordinates": [ [ [ -8.636125337688622, 41.009396754748344 ], [ -8.6362453, 41.0093977 ], [ -8.6370817, 41.0093982 ], [ -8.6378693, 41.0094064 ], [ -8.6379475, 41.0094072 ] ] ] } },
{ "type": "Feature", "properties": { "full_id": "w436191738", "osm_id": "436191738", "osm_type": "way", "service": "driveway", "junction": null, "bicycle": null, "highway": "service", "tunnel": null, "layer": null, "description": null, "width": null, "footway:surface": null, "cycleway:surface": null, "check_date:surface": null, "destination:ref": null, "destination": null, "alt_name": null, "segregated": null, "foot": null, "sidewalk": null, "cycleway": null, "smoothness": null, "ref": null, "maxspeed": null, "lane_markings": null, "lit": null, "surface": null, "oneway": null, "name": null, "lanes": null }, "geometry": { "type": "MultiLineString", "coordinates": [ [ [ -8.642434, 41.0107158 ], [ -8.6427215, 41.0106122 ], [ -8.6427773, 41.0106314 ] ] ] } },
{ "type": "Feature", "properties": { "full_id": "w550721379", "osm_id": "550721379", "osm_type": "way", "service": null, "junction": null, "bicycle": null, "highway": "tertiary", "tunnel": null, "layer": null, "description": null, "width": null, "footway:surface": null, "cycleway:surface": null, "check_date:surface": null, "destination:ref": null, "destination": null, "alt_name": null, "segregated": null, "foot": null, "sidewalk": null, "cycleway": null, "smoothness": null, "ref": null, "maxspeed": null, "lane_markings": null, "lit": null, "surface": "asphalt", "oneway": "no", "name": "Rua 19", "lanes": "2" }, "geometry": { "type": "MultiLineString", "coordinates": [ [ [ -8.6378748, 41.0084929 ], [ -8.6378234, 41.0084832 ], [ -8.6377218, 41.0084837 ], [ -8.6372303, 41.0084856 ], [ -8.6371036, 41.0084853 ], [ -8.6369807, 41.008485 ], [ -8.6368361, 41.0084848 ], [ -8.6365082, 41.0084843 ], [ -8.6363781, 41.0084841 ], [ -8.6362514, 41.0084824 ], [ -8.6361404, 41.008481 ], [ -8.636130490995747, 41.008480947915878 ] ] ] } },
{ "type": "Feature", "properties": { "full_id": "w550721382", "osm_id": "550721382", "osm_type": "way", "service": null, "junction": null, "bicycle": null, "highway": "residential", "tunnel": null, "layer": null, "description": null, "width": null, "footway:surface": null, "cycleway:surface": null, "check_date:surface": null, "destination:ref": null, "destination": null, "alt_name": null, "segregated": null, "foot": null, "sidewalk": "both", "cycleway": null, "smoothness": null, "ref": null, "maxspeed": null, "lane_markings": "no", "lit": null, "surface": "asphalt", "oneway": "yes", "name": "Rua 23", "lanes": null }, "geometry": { "type": "MultiLineString", "coordinates": [ [ [ -8.6380993, 41.007209 ], [ -8.6379915, 41.0072108 ], [ -8.6378943, 41.0072126 ], [ -8.6372317, 41.0072096 ], [ -8.6371391, 41.0072094 ], [ -8.6370317, 41.0072092 ], [ -8.6363373, 41.0072092 ], [ -8.6362678, 41.0072081 ], [ -8.636137654571675, 41.007207891290264 ] ] ] } },
{ "type": "Feature", "properties": { "full_id": "w550721384", "osm_id": "550721384", "osm_type": "way", "service": null, "junction": null, "bicycle": null, "highway": "residential", "tunnel": null, "layer": null, "description": null, "width": null, "footway:surface": null, "cycleway:surface": null, "check_date:surface": null, "destination:ref": null, "destination": null, "alt_name": null, "segregated": null, "foot": null, "sidewalk": null, "cycleway": null, "smoothness": null, "ref": null, "maxspeed": null, "lane_markings": "no", "lit": "yes", "surface": "sett", "oneway": "yes", "name": "Rua 29", "lanes": null }, "geometry": { "type": "MultiLineString", "coordinates": [ [ [ -8.6381322, 41.0053661 ], [ -8.6388735, 41.0053676 ], [ -8.6389977, 41.0053678 ], [ -8.6391089, 41.0053668 ], [ -8.639788, 41.0053609 ], [ -8.6398471, 41.0053605 ], [ -8.639904, 41.0053601 ], [ -8.6400207, 41.0053592 ], [ -8.6408371, 41.0053555 ], [ -8.6414337, 41.0053489 ], [ -8.6423471, 41.0053465 ], [ -8.6430309, 41.0053415 ], [ -8.6433398, 41.0053389 ], [ -8.6436381, 41.0053388 ], [ -8.6436976, 41.0053387 ], [ -8.6440127, 41.0053408 ], [ -8.6441058, 41.0053414 ] ] ] } },
{ "type": "Feature", "properties": { "full_id": "w550721385", "osm_id": "550721385", "osm_type": "way", "service": null, "junction": null, "bicycle": null, "highway": "residential", "tunnel": null, "layer": null, "description": null, "width": null, "footway:surface": null, "cycleway:surface": null, "check_date:surface": null, "destination:ref": null, "destination": null, "alt_name": null, "segregated": null, "foot": null, "sidewalk": null, "cycleway": null, "smoothness": null, "ref": null, "maxspeed": null, "lane_markings": null, "lit": null, "surface": null, "oneway": "yes", "name": "Rua 31", "lanes": null }, "geometry": { "type": "MultiLineString", "coordinates": [ [ [ -8.6380333, 41.0046786 ], [ -8.6379563, 41.0046777 ], [ -8.6371573, 41.0046678 ], [ -8.6363014, 41.0046694 ], [ -8.636151938569375, 41.004669447069524 ] ] ] } },
{ "type": "Feature", "properties": { "full_id": "w683653579", "osm_id": "683653579", "osm_type": "way", "service": null, "junction": null, "bicycle": null, "highway": "tertiary", "tunnel": null, "layer": null, "description": null, "width": null, "footway:surface": null, "cycleway:surface": null, "check_date:surface": null, "destination:ref": null, "destination": null, "alt_name": null, "segregated": null, "foot": null, "sidewalk": null, "cycleway": "lane", "smoothness": null, "ref": null, "maxspeed": null, "lane_markings": null, "lit": null, "surface": "asphalt", "oneway": "no", "name": "Rua 33", "lanes": "2" }, "geometry": { "type": "MultiLineString", "coordinates": [ [ [ -8.6380492, 41.0039724 ], [ -8.6380002, 41.0039712 ], [ -8.6378609, 41.0039705 ], [ -8.6371716, 41.0039721 ], [ -8.6363074, 41.003968 ], [ -8.636155885659583, 41.003968 ] ] ] } },
{ "type": "Feature", "properties": { "full_id": "w683653580", "osm_id": "683653580", "osm_type": "way", "service": null, "junction": null, "bicycle": null, "highway": "primary", "tunnel": null, "layer": null, "description": null, "width": null, "footway:surface": null, "cycleway:surface": null, "check_date:surface": null, "destination:ref": "EN 109", "destination": "Aveiro", "alt_name": "Avenida Cidade de Vila Real; Av. 24", "segregated": null, "foot": null, "sidewalk": null, "cycleway": null, "smoothness": null, "ref": "EN 109", "maxspeed": "50", "lane_markings": null, "lit": null, "surface": "asphalt", "oneway": "yes", "name": "Avenida 24", "lanes": "2" }, "geometry": { "type": "MultiLineString", "coordinates": [ [ [ -8.6382533, 41.0038701 ], [ -8.6382097, 41.0038126 ], [ -8.638204007737732, 41.003797074194772 ] ] ] } },
{ "type": "Feature", "properties": { "full_id": "w691097898", "osm_id": "691097898", "osm_type": "way", "service": null, "junction": null, "bicycle": null, "highway": "secondary", "tunnel": null, "layer": null, "description": null, "width": null, "footway:surface": null, "cycleway:surface": null, "check_date:surface": null, "destination:ref": null, "destination": null, "alt_name": null, "segregated": null, "foot": null, "sidewalk": null, "cycleway": null, "smoothness": null, "ref": null, "maxspeed": "50", "lane_markings": null, "lit": null, "surface": "sett", "oneway": "no", "name": "Rua 20", "lanes": "2" }, "geometry": { "type": "MultiLineString", "coordinates": [ [ [ -8.6398542, 41.0094107 ], [ -8.6398618, 41.0089405 ], [ -8.6398619, 41.0085608 ], [ -8.6398616, 41.0085013 ], [ -8.639862, 41.0084485 ], [ -8.6398639, 41.0082021 ], [ -8.6398761, 41.0072831 ], [ -8.6398766, 41.0072228 ] ] ] } },
{ "type": "Feature", "properties": { "full_id": "w691097899", "osm_id": "691097899", "osm_type": "way", "service": null, "junction": null, "bicycle": null, "highway": "residential", "tunnel": null, "layer": null, "description": null, "width": null, "footway:surface": null, "cycleway:surface": null, "check_date:surface": null, "destination:ref": null, "destination": null, "alt_name": null, "segregated": null, "foot": null, "sidewalk": null, "cycleway": null, "smoothness": null, "ref": null, "maxspeed": null, "lane_markings": null, "lit": null, "surface": "asphalt", "oneway": "yes", "name": "Rua 15", "lanes": null }, "geometry": { "type": "MultiLineString", "coordinates": [ [ [ -8.6398542, 41.0094107 ], [ -8.6407839, 41.0094185 ], [ -8.6413786, 41.0094246 ], [ -8.6422908, 41.0094272 ], [ -8.6435223, 41.0094404 ], [ -8.6440348, 41.0094523 ] ] ] } },
{ "type": "Feature", "properties": { "full_id": "w694611904", "osm_id": "694611904", "osm_type": "way", "service": "parking_aisle", "junction": null, "bicycle": null, "highway": "service", "tunnel": null, "layer": null, "description": null, "width": null, "footway:surface": null, "cycleway:surface": null, "check_date:surface": null, "destination:ref": null, "destination": null, "alt_name": null, "segregated": null, "foot": null, "sidewalk": null, "cycleway": null, "smoothness": null, "ref": null, "maxspeed": null, "lane_markings": null, "lit": null, "surface": null, "oneway": null, "name": null, "lanes": null }, "geometry": { "type": "MultiLineString", "coordinates": [ [ [ -8.638447323491343, 41.0118203904184 ], [ -8.6384431, 41.0117766 ] ] ] } },
{ "type": "Feature", "properties": { "full_id": "w812591420", "osm_id": "812591420", "osm_type": "way", "service": "parking_aisle", "junction": null, "bicycle": null, "highway": "service", "tunnel": null, "layer": null, "description": null, "width": null, "footway:surface": null, "cycleway:surface": null, "check_date:surface": null, "destination:ref": null, "destination": null, "alt_name": null, "segregated": null, "foot": null, "sidewalk": null, "cycleway": null, "smoothness": null, "ref": null, "maxspeed": null, "lane_markings": null, "lit": null, "surface": null, "oneway": null, "name": null, "lanes": null }, "geometry": { "type": "MultiLineString", "coordinates": [ [ [ -8.6396836, 41.0065931 ], [ -8.6396944, 41.0063738 ], [ -8.6397037, 41.0061862 ] ] ] } },
{ "type": "Feature", "properties": { "full_id": "w812591421", "osm_id": "812591421", "osm_type": "way", "service": "parking_aisle", "junction": null, "bicycle": null, "highway": "service", "tunnel": null, "layer": null, "description": null, "width": null, "footway:surface": null, "cycleway:surface": null, "check_date:surface": null, "destination:ref": null, "destination": null, "alt_name": null, "segregated": null, "foot": null, "sidewalk": null, "cycleway": null, "smoothness": null, "ref": null, "maxspeed": null, "lane_markings": null, "lit": null, "surface": null, "oneway": null, "name": null, "lanes": null }, "geometry": { "type": "MultiLineString", "coordinates": [ [ [ -8.6394542, 41.0065749 ], [ -8.6394917, 41.0063756 ], [ -8.6395267, 41.0061893 ] ] ] } },
{ "type": "Feature", "properties": { "full_id": "w812591422", "osm_id": "812591422", "osm_type": "way", "service": "parking_aisle", "junction": null, "bicycle": null, "highway": "service", "tunnel": null, "layer": null, "description": null, "width": null, "footway:surface": null, "cycleway:surface": null, "check_date:surface": null, "destination:ref": null, "destination": null, "alt_name": null, "segregated": null, "foot": null, "sidewalk": null, "cycleway": null, "smoothness": null, "ref": null, "maxspeed": null, "lane_markings": null, "lit": null, "surface": null, "oneway": null, "name": null, "lanes": null }, "geometry": { "type": "MultiLineString", "coordinates": [ [ [ -8.6398891, 41.0063719 ], [ -8.6398281, 41.0063716 ], [ -8.6396944, 41.0063738 ], [ -8.6394917, 41.0063756 ] ] ] } },
{ "type": "Feature", "properties": { "full_id": "w814395131", "osm_id": "814395131", "osm_type": "way", "service": null, "junction": null, "bicycle": null, "highway": "secondary", "tunnel": null, "layer": null, "description": null, "width": null, "footway:surface": null, "cycleway:surface": null, "check_date:surface": null, "destination:ref": null, "destination": null, "alt_name": null, "segregated": null, "foot": null, "sidewalk": null, "cycleway": null, "smoothness": null, "ref": null, "maxspeed": "50", "lane_markings": "no", "lit": null, "surface": "sett", "oneway": "yes", "name": "Rua 62", "lanes": null }, "geometry": { "type": "MultiLineString", "coordinates": [ [ [ -8.6435223, 41.0094404 ], [ -8.6433856, 41.0096341 ], [ -8.6433735, 41.0096536 ], [ -8.6433049, 41.0097639 ], [ -8.6431634, 41.0099135 ], [ -8.6429938, 41.0100141 ], [ -8.6428488, 41.0100775 ], [ -8.6422896, 41.0102851 ], [ -8.6413648, 41.0106191 ], [ -8.6407677, 41.0108332 ], [ -8.6403186, 41.0109946 ], [ -8.6399622, 41.0111215 ], [ -8.6398466, 41.0111732 ], [ -8.6397769, 41.0112001 ], [ -8.6397146, 41.0112232 ], [ -8.6390156, 41.0114621 ], [ -8.6389288, 41.0114965 ], [ -8.6384751, 41.0116637 ] ] ] } },
{ "type": "Feature", "properties": { "full_id": "w814395132", "osm_id": "814395132", "osm_type": "way", "service": null, "junction": "roundabout", "bicycle": null, "highway": "living_street", "tunnel": null, "layer": null, "description": null, "width": null, "footway:surface": null, "cycleway:surface": null, "check_date:surface": null, "destination:ref": null, "destination": null, "alt_name": null, "segregated": null, "foot": null, "sidewalk": null, "cycleway": null, "smoothness": null, "ref": null, "maxspeed": "20", "lane_markings": null, "lit": null, "surface": "sett", "oneway": null, "name": "Rua 15", "lanes": null }, "geometry": { "type": "MultiLineString", "coordinates": [ [ [ -8.6440403, 41.0096513 ], [ -8.6441509, 41.0096506 ], [ -8.6441789, 41.0096503 ], [ -8.6442051, 41.0096507 ], [ -8.64421705979341, 41.009650860505026 ] ] ] } },
{ "type": "Feature", "properties": { "full_id": "w901718623", "osm_id": "901718623", "osm_type": "way", "service": null, "junction": null, "bicycle": "designated", "highway": "cycleway", "tunnel": null, "layer": null, "description": null, "width": "5", "footway:surface": "concrete", "cycleway:surface": "concrete", "check_date:surface": "2025-01-21", "destination:ref": null, "destination": null, "alt_name": null, "segregated": "yes", "foot": "designated", "sidewalk": null, "cycleway": null, "smoothness": null, "ref": null, "maxspeed": null, "lane_markings": null, "lit": "yes", "surface": "concrete", "oneway": null, "name": null, "lanes": null }, "geometry": { "type": "MultiLineString", "coordinates": [ [ [ -8.644159296346912, 41.011790767681532 ], [ -8.6441607, 41.0110906 ], [ -8.6441609, 41.0110667 ], [ -8.6441789, 41.0096503 ], [ -8.6441807, 41.0094946 ], [ -8.6441847, 41.0091365 ], [ -8.6441853, 41.0090857 ], [ -8.6441914, 41.0085262 ], [ -8.6442023, 41.0076122 ], [ -8.6442031, 41.0075444 ], [ -8.6442095, 41.0072554 ], [ -8.6442071, 41.0072236 ], [ -8.6441973, 41.0066188 ], [ -8.6442066, 41.0059721 ], [ -8.6442072, 41.0058975 ], [ -8.6442176, 41.0057505 ], [ -8.644228975158207, 41.005685576477987 ] ] ] } },
{ "type": "Feature", "properties": { "full_id": "w929383476", "osm_id": "929383476", "osm_type": "way", "service": null, "junction": null, "bicycle": null, "highway": "living_street", "tunnel": null, "layer": null, "description": null, "width": null, "footway:surface": null, "cycleway:surface": null, "check_date:surface": null, "destination:ref": null, "destination": null, "alt_name": null, "segregated": null, "foot": null, "sidewalk": null, "cycleway": null, "smoothness": "intermediate", "ref": null, "maxspeed": "20", "lane_markings": null, "lit": "yes", "surface": "sett", "oneway": "yes", "name": "Rua 27", "lanes": null }, "geometry": { "type": "MultiLineString", "coordinates": [ [ [ -8.644228114177691, 41.0059721 ], [ -8.6442066, 41.0059721 ], [ -8.6440951, 41.0059722 ] ] ] } },
{ "type": "Feature", "properties": { "full_id": "w929383477", "osm_id": "929383477", "osm_type": "way", "service": null, "junction": null, "bicycle": null, "highway": "living_street", "tunnel": null, "layer": null, "description": null, "width": null, "footway:surface": null, "cycleway:surface": null, "check_date:surface": null, "destination:ref": null, "destination": null, "alt_name": null, "segregated": null, "foot": null, "sidewalk": null, "cycleway": null, "smoothness": "intermediate", "ref": null, "maxspeed": "20", "lane_markings": null, "lit": "yes", "surface": "sett", "oneway": null, "name": "Rua 8", "lanes": null }, "geometry": { "type": "MultiLineString", "coordinates": [ [ [ -8.6440761, 41.0072238 ], [ -8.6440861, 41.006655 ], [ -8.6440951, 41.0059722 ] ] ] } },
{ "type": "Feature", "properties": { "full_id": "w1006185680", "osm_id": "1006185680", "osm_type": "way", "service": null, "junction": "roundabout", "bicycle": null, "highway": "living_street", "tunnel": null, "layer": null, "description": null, "width": null, "footway:surface": null, "cycleway:surface": null, "check_date:surface": null, "destination:ref": null, "destination": null, "alt_name": null, "segregated": null, "foot": null, "sidewalk": null, "cycleway": null, "smoothness": null, "ref": null, "maxspeed": "20", "lane_markings": null, "lit": null, "surface": "sett", "oneway": null, "name": "Rua 4", "lanes": null }, "geometry": { "type": "MultiLineString", "coordinates": [ [ [ -8.644218603547007, 41.009137118661648 ], [ -8.6442111, 41.0091369 ], [ -8.6441847, 41.0091365 ], [ -8.6441569, 41.0091362 ], [ -8.6440483, 41.0091348 ] ] ] } },
{ "type": "Feature", "properties": { "full_id": "w1040056832", "osm_id": "1040056832", "osm_type": "way", "service": null, "junction": null, "bicycle": null, "highway": "service", "tunnel": null, "layer": null, "description": null, "width": null, "footway:surface": null, "cycleway:surface": null, "check_date:surface": null, "destination:ref": null, "destination": null, "alt_name": null, "segregated": null, "foot": null, "sidewalk": null, "cycleway": null, "smoothness": null, "ref": null, "maxspeed": null, "lane_markings": null, "lit": null, "surface": null, "oneway": null, "name": null, "lanes": null }, "geometry": { "type": "MultiLineString", "coordinates": [ [ [ -8.638451478612032, 41.00379873180875 ], [ -8.6384502, 41.0039742 ] ] ] } },
{ "type": "Feature", "properties": { "full_id": "w1054212556", "osm_id": "1054212556", "osm_type": "way", "service": null, "junction": null, "bicycle": null, "highway": "residential", "tunnel": null, "layer": null, "description": null, "width": null, "footway:surface": null, "cycleway:surface": null, "check_date:surface": null, "destination:ref": null, "destination": null, "alt_name": null, "segregated": null, "foot": null, "sidewalk": null, "cycleway": null, "smoothness": null, "ref": null, "maxspeed": null, "lane_markings": null, "lit": null, "surface": null, "oneway": null, "name": "Travessa da Rua 21", "lanes": null }, "geometry": { "type": "MultiLineString", "coordinates": [ [ [ -8.6401824, 41.0081953 ], [ -8.6401882, 41.0073961 ] ] ] } },
{ "type": "Feature", "properties": { "full_id": "w1054212558", "osm_id": "1054212558", "osm_type": "way", "service": null, "junction": null, "bicycle": null, "highway": "residential", "tunnel": null, "layer": null, "description": null, "width": null, "footway:surface": null, "cycleway:surface": null, "check_date:surface": null, "destination:ref": null, "destination": null, "alt_name": null, "segregated": null, "foot": null, "sidewalk": null, "cycleway": null, "smoothness": null, "ref": null, "maxspeed": null, "lane_markings": null, "lit": null, "surface": null, "oneway": null, "name": "Rua 9", "lanes": null }, "geometry": { "type": "MultiLineString", "coordinates": [ [ [ -8.641761, 41.010729 ], [ -8.6419941, 41.0110644 ] ] ] } },
{ "type": "Feature", "properties": { "full_id": "w1054539059", "osm_id": "1054539059", "osm_type": "way", "service": null, "junction": null, "bicycle": null, "highway": "primary", "tunnel": null, "layer": null, "description": null, "width": null, "footway:surface": null, "cycleway:surface": null, "check_date:surface": null, "destination:ref": "EN 109", "destination": "Aveiro", "alt_name": "Avenida Cidade de Vila Real; Av. 24", "segregated": null, "foot": null, "sidewalk": null, "cycleway": null, "smoothness": null, "ref": "EN 109", "maxspeed": "50", "lane_markings": null, "lit": null, "surface": "asphalt", "oneway": "yes", "name": "Avenida 24", "lanes": "2" }, "geometry": { "type": "MultiLineString", "coordinates": [ [ [ -8.6380124, 41.0118186 ], [ -8.6380123, 41.0117414 ], [ -8.6380133, 41.0116727 ], [ -8.6380343, 41.0108666 ], [ -8.6380361, 41.0105898 ], [ -8.6380393, 41.0103486 ], [ -8.6380614, 41.009407 ], [ -8.6380695, 41.0086756 ] ] ] } },
{ "type": "Feature", "properties": { "full_id": "w1054539060", "osm_id": "1054539060", "osm_type": "way", "service": null, "junction": null, "bicycle": null, "highway": "primary", "tunnel": null, "layer": null, "description": null, "width": null, "footway:surface": null, "cycleway:surface": null, "check_date:surface": null, "destination:ref": "EN 109", "destination": "Vila Nova de Gaia", "alt_name": "Avenida Cidade de Vila Real; Av. 24", "segregated": null, "foot": null, "sidewalk": null, "cycleway": null, "smoothness": null, "ref": "EN 109", "maxspeed": "50", "lane_markings": null, "lit": null, "surface": "asphalt", "oneway": "yes", "name": "Avenida 24", "lanes": "2" }, "geometry": { "type": "MultiLineString", "coordinates": [ [ [ -8.6379573, 41.0086753 ], [ -8.6379475, 41.0094072 ], [ -8.6379307, 41.010343 ], [ -8.6379175, 41.0110667 ], [ -8.6379076, 41.0116141 ], [ -8.6379055, 41.0116706 ], [ -8.6379053, 41.0117415 ], [ -8.637903110635081, 41.01182321274873 ] ] ] } },
{ "type": "Feature", "properties": { "full_id": "w1054539061", "osm_id": "1054539061", "osm_type": "way", "service": null, "junction": "roundabout", "bicycle": null, "highway": "primary", "tunnel": null, "layer": null, "description": null, "width": null, "footway:surface": null, "cycleway:surface": null, "check_date:surface": null, "destination:ref": "EN 109", "destination": "Vila Nova de Gaia", "alt_name": "Avenida Cidade de Vila Real; Av. 24", "segregated": null, "foot": null, "sidewalk": null, "cycleway": null, "smoothness": null, "ref": "EN 109", "maxspeed": "50", "lane_markings": null, "lit": null, "surface": "asphalt", "oneway": null, "name": "Avenida 24", "lanes": "2" }, "geometry": { "type": "MultiLineString", "coordinates": [ [ [ -8.6379376, 41.0083997 ], [ -8.6379025, 41.0084244 ], [ -8.6378807, 41.0084569 ], [ -8.6378748, 41.0084929 ] ] ] } },
{ "type": "Feature", "properties": { "full_id": "w1054539062", "osm_id": "1054539062", "osm_type": "way", "service": null, "junction": null, "bicycle": null, "highway": "primary", "tunnel": null, "layer": null, "description": null, "width": null, "footway:surface": null, "cycleway:surface": null, "check_date:surface": null, "destination:ref": "EN 109", "destination": "Vila Nova de Gaia", "alt_name": "Avenida Cidade de Vila Real; Av. 24", "segregated": null, "foot": null, "sidewalk": null, "cycleway": null, "smoothness": null, "ref": "EN 109", "maxspeed": "50", "lane_markings": null, "lit": null, "surface": "asphalt", "oneway": "yes", "name": "Avenida 24", "lanes": "2" }, "geometry": { "type": "MultiLineString", "coordinates": [ [ [ -8.6379349, 41.0085739 ], [ -8.6379573, 41.0086753 ] ] ] } },
{ "type": "Feature", "properties": { "full_id": "w1054539063", "osm_id": "1054539063", "osm_type": "way", "service": null, "junction": null, "bicycle": null, "highway": "primary", "tunnel": null, "layer": null, "description": null, "width": null, "footway:surface": null, "cycleway:surface": null, "check_date:surface": null, "destination:ref": "EN 109", "destination": "Aveiro", "alt_name": "Avenida Cidade de Vila Real; Av. 24", "segregated": null, "foot": null, "sidewalk": null, "cycleway": null, "smoothness": null, "ref": "EN 109", "maxspeed": "50", "lane_markings": null, "lit": null, "surface": "asphalt", "oneway": "yes", "name": "Avenida 24", "lanes": "2" }, "geometry": { "type": "MultiLineString", "coordinates": [ [ [ -8.6380695, 41.0086756 ], [ -8.6380741, 41.0086256 ], [ -8.6381056, 41.0085663 ] ] ] } },
{ "type": "Feature", "properties": { "full_id": "w1054539064", "osm_id": "1054539064", "osm_type": "way", "service": null, "junction": null, "bicycle": null, "highway": "primary", "tunnel": null, "layer": null, "description": null, "width": null, "footway:surface": null, "cycleway:surface": null, "check_date:surface": null, "destination:ref": "EN 109", "destination": "Vila Nova de Gaia", "alt_name": "Avenida Cidade de Vila Real; Av. 24", "segregated": null, "foot": null, "sidewalk": null, "cycleway": null, "smoothness": null, "ref": "EN 109", "maxspeed": "50", "lane_markings": null, "lit": null, "surface": "asphalt", "oneway": "yes", "name": "Avenida 24", "lanes": "2" }, "geometry": { "type": "MultiLineString", "coordinates": [ [ [ -8.6379699, 41.0082917 ], [ -8.6379631, 41.0083494 ], [ -8.6379376, 41.0083997 ] ] ] } },
{ "type": "Feature", "properties": { "full_id": "w1054539065", "osm_id": "1054539065", "osm_type": "way", "service": null, "junction": null, "bicycle": null, "highway": "primary", "tunnel": null, "layer": null, "description": null, "width": null, "footway:surface": null, "cycleway:surface": null, "check_date:surface": null, "destination:ref": "EN 109", "destination": "Aveiro", "alt_name": "Avenida Cidade de Vila Real; Av. 24", "segregated": null, "foot": null, "sidewalk": null, "cycleway": null, "smoothness": null, "ref": "EN 109", "maxspeed": "50", "lane_markings": null, "lit": null, "surface": "asphalt", "oneway": "yes", "name": "Avenida 24", "lanes": "2" }, "geometry": { "type": "MultiLineString", "coordinates": [ [ [ -8.6381079, 41.0084103 ], [ -8.6380848, 41.0083599 ], [ -8.6380727, 41.0082945 ] ] ] } },
{ "type": "Feature", "properties": { "full_id": "w1054727882", "osm_id": "1054727882", "osm_type": "way", "service": null, "junction": "roundabout", "bicycle": null, "highway": "primary", "tunnel": null, "layer": null, "description": null, "width": null, "footway:surface": null, "cycleway:surface": null, "check_date:surface": null, "destination:ref": "EN 109", "destination": "Aveiro", "alt_name": "Avenida Cidade de Vila Real; Av. 24", "segregated": null, "foot": null, "sidewalk": null, "cycleway": null, "smoothness": null, "ref": "EN 109", "maxspeed": "50", "lane_markings": null, "lit": null, "surface": "asphalt", "oneway": null, "name": "Avenida 24", "lanes": "2" }, "geometry": { "type": "MultiLineString", "coordinates": [ [ [ -8.6381056, 41.0085663 ], [ -8.6381319, 41.0085429 ], [ -8.6381481, 41.0085146 ], [ -8.6381527, 41.008484 ], [ -8.6381466, 41.0084567 ], [ -8.6381314, 41.0084315 ], [ -8.6381079, 41.0084103 ] ] ] } },
{ "type": "Feature", "properties": { "full_id": "w1054727883", "osm_id": "1054727883", "osm_type": "way", "service": null, "junction": "roundabout", "bicycle": null, "highway": "primary", "tunnel": null, "layer": null, "description": null, "width": null, "footway:surface": null, "cycleway:surface": null, "check_date:surface": null, "destination:ref": null, "destination": null, "alt_name": "Avenida Cidade de Vila Real; Av. 24", "segregated": null, "foot": null, "sidewalk": null, "cycleway": null, "smoothness": null, "ref": "EN 109", "maxspeed": "50", "lane_markings": null, "lit": null, "surface": "asphalt", "oneway": null, "name": "Avenida 24", "lanes": "2" }, "geometry": { "type": "MultiLineString", "coordinates": [ [ [ -8.6381079, 41.0084103 ], [ -8.6380695, 41.0083913 ], [ -8.6380251, 41.0083829 ], [ -8.6379795, 41.0083857 ], [ -8.6379376, 41.0083997 ] ] ] } },
{ "type": "Feature", "properties": { "full_id": "w1054727884", "osm_id": "1054727884", "osm_type": "way", "service": null, "junction": "roundabout", "bicycle": null, "highway": "primary", "tunnel": null, "layer": null, "description": null, "width": null, "footway:surface": null, "cycleway:surface": null, "check_date:surface": null, "destination:ref": null, "destination": null, "alt_name": "Avenida Cidade de Vila Real; Av. 24", "segregated": null, "foot": null, "sidewalk": null, "cycleway": null, "smoothness": null, "ref": "EN 109", "maxspeed": "50", "lane_markings": null, "lit": null, "surface": "asphalt", "oneway": null, "name": "Avenida 24", "lanes": "2" }, "geometry": { "type": "MultiLineString", "coordinates": [ [ [ -8.6379349, 41.0085739 ], [ -8.6379764, 41.0085885 ], [ -8.6380219, 41.0085922 ], [ -8.6380666, 41.0085845 ], [ -8.6381056, 41.0085663 ] ] ] } },
{ "type": "Feature", "properties": { "full_id": "w1076164375", "osm_id": "1076164375", "osm_type": "way", "service": null, "junction": "roundabout", "bicycle": null, "highway": "primary", "tunnel": null, "layer": null, "description": null, "width": null, "footway:surface": null, "cycleway:surface": null, "check_date:surface": null, "destination:ref": null, "destination": null, "alt_name": "Avenida Cidade de Vila Real; Av. 24", "segregated": null, "foot": null, "sidewalk": null, "cycleway": null, "smoothness": null, "ref": "EN 109", "maxspeed": "50", "lane_markings": null, "lit": null, "surface": "asphalt", "oneway": null, "name": "Avenida 24", "lanes": "2" }, "geometry": { "type": "MultiLineString", "coordinates": [ [ [ -8.6383554, 41.0039835 ], [ -8.6383496, 41.0039472 ], [ -8.638329, 41.0039141 ], [ -8.6382957, 41.0038876 ], [ -8.6382533, 41.0038701 ] ] ] } },
{ "type": "Feature", "properties": { "full_id": "w1076164376", "osm_id": "1076164376", "osm_type": "way", "service": null, "junction": "roundabout", "bicycle": null, "highway": "primary", "tunnel": null, "layer": null, "description": null, "width": null, "footway:surface": null, "cycleway:surface": null, "check_date:surface": null, "destination:ref": null, "destination": null, "alt_name": "Avenida Cidade de Vila Real; Av. 24", "segregated": null, "foot": null, "sidewalk": null, "cycleway": null, "smoothness": null, "ref": "EN 109", "maxspeed": "50", "lane_markings": null, "lit": null, "surface": "asphalt", "oneway": null, "name": "Avenida 24", "lanes": "2" }, "geometry": { "type": "MultiLineString", "coordinates": [ [ [ -8.6380492, 41.0039724 ], [ -8.6380511, 41.0039957 ], [ -8.6380672, 41.0040331 ], [ -8.6380991, 41.0040643 ] ] ] } },
{ "type": "Feature", "properties": { "full_id": "w1076164377", "osm_id": "1076164377", "osm_type": "way", "service": null, "junction": "roundabout", "bicycle": null, "highway": "primary", "tunnel": null, "layer": null, "description": null, "width": null, "footway:surface": null, "cycleway:surface": null, "check_date:surface": null, "destination:ref": null, "destination": null, "alt_name": "Avenida Cidade de Vila Real; Av. 24", "segregated": null, "foot": null, "sidewalk": null, "cycleway": null, "smoothness": null, "ref": "EN 109", "maxspeed": "50", "lane_markings": null, "lit": null, "surface": "asphalt", "oneway": null, "name": "Avenida 24", "lanes": "2" }, "geometry": { "type": "MultiLineString", "coordinates": [ [ [ -8.6382533, 41.0038701 ], [ -8.6382019, 41.0038636 ], [ -8.6381505, 41.0038704 ], [ -8.6381052, 41.0038899 ] ] ] } },
{ "type": "Feature", "properties": { "full_id": "w1076164378", "osm_id": "1076164378", "osm_type": "way", "service": null, "junction": "roundabout", "bicycle": null, "highway": "primary", "tunnel": null, "layer": null, "description": null, "width": null, "footway:surface": null, "cycleway:surface": null, "check_date:surface": null, "destination:ref": null, "destination": null, "alt_name": "Avenida Cidade de Vila Real; Av. 24", "segregated": null, "foot": null, "sidewalk": null, "cycleway": null, "smoothness": null, "ref": "EN 109", "maxspeed": "50", "lane_markings": null, "lit": null, "surface": "asphalt", "oneway": null, "name": "Avenida 24", "lanes": "2" }, "geometry": { "type": "MultiLineString", "coordinates": [ [ [ -8.6380991, 41.0040643 ], [ -8.6381431, 41.0040854 ], [ -8.6381938, 41.0040943 ], [ -8.638242, 41.0040905 ] ] ] } },
{ "type": "Feature", "properties": { "full_id": "w1076200353", "osm_id": "1076200353", "osm_type": "way", "service": null, "junction": null, "bicycle": null, "highway": "residential", "tunnel": null, "layer": null, "description": null, "width": null, "footway:surface": null, "cycleway:surface": null, "check_date:surface": null, "destination:ref": null, "destination": null, "alt_name": null, "segregated": null, "foot": null, "sidewalk": null, "cycleway": null, "smoothness": "intermediate", "ref": null, "maxspeed": null, "lane_markings": "no", "lit": "yes", "surface": "sett", "oneway": "yes", "name": "Rua 33", "lanes": null }, "geometry": { "type": "MultiLineString", "coordinates": [ [ [ -8.6440818, 41.0042167 ], [ -8.6442191, 41.0042157 ], [ -8.644233391868985, 41.004215750501302 ] ] ] } },
{ "type": "Feature", "properties": { "full_id": "w1076381877", "osm_id": "1076381877", "osm_type": "way", "service": null, "junction": null, "bicycle": null, "highway": "residential", "tunnel": null, "layer": null, "description": null, "width": null, "footway:surface": null, "cycleway:surface": null, "check_date:surface": null, "destination:ref": null, "destination": null, "alt_name": null, "segregated": null, "foot": null, "sidewalk": null, "cycleway": null, "smoothness": null, "ref": null, "maxspeed": null, "lane_markings": "no", "lit": "yes", "surface": "asphalt", "oneway": null, "name": "Rua 8", "lanes": null }, "geometry": { "type": "MultiLineString", "coordinates": [ [ [ -8.6440545, 41.0039762 ], [ -8.6440348, 41.0038393 ], [ -8.644034242703517, 41.003836126382303 ] ] ] } },
{ "type": "Feature", "properties": { "full_id": "w1077138765", "osm_id": "1077138765", "osm_type": "way", "service": null, "junction": "roundabout", "bicycle": null, "highway": "living_street", "tunnel": null, "layer": null, "description": null, "width": null, "footway:surface": null, "cycleway:surface": null, "check_date:surface": null, "destination:ref": null, "destination": null, "alt_name": null, "segregated": null, "foot": null, "sidewalk": null, "cycleway": null, "smoothness": null, "ref": null, "maxspeed": "20", "lane_markings": null, "lit": null, "surface": "sett", "oneway": null, "name": "Rua 8", "lanes": null }, "geometry": { "type": "MultiLineString", "coordinates": [ [ [ -8.6440348, 41.0094523 ], [ -8.644035, 41.0094938 ], [ -8.6440339, 41.0095686 ], [ -8.6440403, 41.0096513 ] ] ] } },
{ "type": "Feature", "properties": { "full_id": "w1093894172", "osm_id": "1093894172", "osm_type": "way", "service": null, "junction": null, "bicycle": null, "highway": "service", "tunnel": null, "layer": null, "description": null, "width": null, "footway:surface": null, "cycleway:surface": null, "check_date:surface": null, "destination:ref": null, "destination": null, "alt_name": null, "segregated": null, "foot": null, "sidewalk": null, "cycleway": null, "smoothness": null, "ref": null, "maxspeed": null, "lane_markings": null, "lit": null, "surface": null, "oneway": null, "name": null, "lanes": null }, "geometry": { "type": "MultiLineString", "coordinates": [ [ [ -8.6437767, 41.004865 ], [ -8.6437379, 41.0048648 ], [ -8.6437072, 41.0048644 ], [ -8.6437093, 41.0047511 ], [ -8.6437101, 41.0047111 ] ] ] } },
{ "type": "Feature", "properties": { "full_id": "w1093894173", "osm_id": "1093894173", "osm_type": "way", "service": null, "junction": null, "bicycle": null, "highway": "service", "tunnel": null, "layer": null, "description": null, "width": null, "footway:surface": null, "cycleway:surface": null, "check_date:surface": null, "destination:ref": null, "destination": null, "alt_name": null, "segregated": null, "foot": null, "sidewalk": null, "cycleway": null, "smoothness": null, "ref": null, "maxspeed": null, "lane_markings": null, "lit": null, "surface": null, "oneway": null, "name": null, "lanes": null }, "geometry": { "type": "MultiLineString", "coordinates": [ [ [ -8.6436976, 41.0053387 ], [ -8.6436982, 41.005315 ], [ -8.6437008, 41.0052056 ], [ -8.6437327, 41.0052059 ], [ -8.6437705, 41.0052056 ] ] ] } },
{ "type": "Feature", "properties": { "full_id": "w1093894197", "osm_id": "1093894197", "osm_type": "way", "service": null, "junction": null, "bicycle": null, "highway": "service", "tunnel": null, "layer": null, "description": null, "width": null, "footway:surface": null, "cycleway:surface": null, "check_date:surface": null, "destination:ref": null, "destination": null, "alt_name": null, "segregated": null, "foot": null, "sidewalk": null, "cycleway": null, "smoothness": null, "ref": null, "maxspeed": null, "lane_markings": null, "lit": null, "surface": null, "oneway": null, "name": null, "lanes": null }, "geometry": { "type": "MultiLineString", "coordinates": [ [ [ -8.6432854, 41.0074166 ], [ -8.6432865, 41.0072909 ], [ -8.643296, 41.0072223 ] ] ] } },
{ "type": "Feature", "properties": { "full_id": "w1094260316", "osm_id": "1094260316", "osm_type": "way", "service": null, "junction": null, "bicycle": null, "highway": "service", "tunnel": null, "layer": null, "description": null, "width": null, "footway:surface": null, "cycleway:surface": null, "check_date:surface": null, "destination:ref": null, "destination": null, "alt_name": null, "segregated": null, "foot": null, "sidewalk": null, "cycleway": null, "smoothness": null, "ref": null, "maxspeed": null, "lane_markings": null, "lit": null, "surface": null, "oneway": null, "name": null, "lanes": null }, "geometry": { "type": "MultiLineString", "coordinates": [ [ [ -8.6427192, 41.0093083 ], [ -8.6422927, 41.0093137 ] ] ] } },
{ "type": "Feature", "properties": { "full_id": "w1113136048", "osm_id": "1113136048", "osm_type": "way", "service": null, "junction": null, "bicycle": null, "highway": "residential", "tunnel": null, "layer": null, "description": null, "width": null, "footway:surface": null, "cycleway:surface": null, "check_date:surface": null, "destination:ref": null, "destination": null, "alt_name": null, "segregated": null, "foot": null, "sidewalk": null, "cycleway": null, "smoothness": null, "ref": null, "maxspeed": null, "lane_markings": null, "lit": null, "surface": "asphalt", "oneway": "yes", "name": "Rua 14", "lanes": null }, "geometry": { "type": "MultiLineString", "coordinates": [ [ [ -8.6423149, 41.0081497 ], [ -8.6423236, 41.0072841 ], [ -8.6423251, 41.0072231 ], [ -8.6423271, 41.0071418 ], [ -8.6423329, 41.0067189 ], [ -8.6423332, 41.0066393 ] ] ] } },
{ "type": "Feature", "properties": { "full_id": "w1113136049", "osm_id": "1113136049", "osm_type": "way", "service": null, "junction": null, "bicycle": null, "highway": "residential", "tunnel": null, "layer": null, "description": null, "width": null, "footway:surface": null, "cycleway:surface": null, "check_date:surface": null, "destination:ref": null, "destination": null, "alt_name": null, "segregated": null, "foot": null, "sidewalk": null, "cycleway": null, "smoothness": null, "ref": null, "maxspeed": null, "lane_markings": null, "lit": null, "surface": "asphalt", "oneway": "yes", "name": "Rua 25", "lanes": null }, "geometry": { "type": "MultiLineString", "coordinates": [ [ [ -8.6423332, 41.0066393 ], [ -8.6424319, 41.0066393 ], [ -8.6429037, 41.0066397 ], [ -8.6430001, 41.0066414 ] ] ] } },
{ "type": "Feature", "properties": { "full_id": "w1113136052", "osm_id": "1113136052", "osm_type": "way", "service": null, "junction": null, "bicycle": null, "highway": "residential", "tunnel": null, "layer": null, "description": null, "width": null, "footway:surface": null, "cycleway:surface": null, "check_date:surface": null, "destination:ref": null, "destination": null, "alt_name": null, "segregated": null, "foot": null, "sidewalk": null, "cycleway": null, "smoothness": null, "ref": null, "maxspeed": null, "lane_markings": null, "lit": null, "surface": null, "oneway": "yes", "name": "Rua 10", "lanes": null }, "geometry": { "type": "MultiLineString", "coordinates": [ [ [ -8.643296, 41.0072223 ], [ -8.6433037, 41.0067115 ], [ -8.6433046, 41.0066411 ] ] ] } },
{ "type": "Feature", "properties": { "full_id": "w1113136053", "osm_id": "1113136053", "osm_type": "way", "service": null, "junction": null, "bicycle": null, "highway": "residential", "tunnel": null, "layer": null, "description": null, "width": null, "footway:surface": null, "cycleway:surface": null, "check_date:surface": null, "destination:ref": null, "destination": null, "alt_name": null, "segregated": null, "foot": null, "sidewalk": null, "cycleway": null, "smoothness": null, "ref": null, "maxspeed": null, "lane_markings": null, "lit": null, "surface": "asphalt", "oneway": "yes", "name": "Rua 25", "lanes": null }, "geometry": { "type": "MultiLineString", "coordinates": [ [ [ -8.6433046, 41.0066411 ], [ -8.6433942, 41.006642 ], [ -8.6437967, 41.0066503 ] ] ] } },
{ "type": "Feature", "properties": { "full_id": "w1113136054", "osm_id": "1113136054", "osm_type": "way", "service": null, "junction": null, "bicycle": null, "highway": "residential", "tunnel": null, "layer": null, "description": null, "width": null, "footway:surface": null, "cycleway:surface": null, "check_date:surface": null, "destination:ref": null, "destination": null, "alt_name": null, "segregated": null, "foot": null, "sidewalk": null, "cycleway": null, "smoothness": null, "ref": null, "maxspeed": null, "lane_markings": null, "lit": null, "surface": null, "oneway": "yes", "name": "Rua 12", "lanes": null }, "geometry": { "type": "MultiLineString", "coordinates": [ [ [ -8.6430001, 41.0066414 ], [ -8.6429983, 41.0067129 ], [ -8.6429925, 41.0071422 ], [ -8.6429905, 41.0072242 ], [ -8.6429889, 41.0072826 ], [ -8.642963, 41.0081342 ] ] ] } },
{ "type": "Feature", "properties": { "full_id": "w1113136055", "osm_id": "1113136055", "osm_type": "way", "service": null, "junction": null, "bicycle": null, "highway": "residential", "tunnel": null, "layer": null, "description": null, "width": null, "footway:surface": null, "cycleway:surface": null, "check_date:surface": null, "destination:ref": null, "destination": null, "alt_name": null, "segregated": null, "foot": null, "sidewalk": null, "cycleway": null, "smoothness": null, "ref": null, "maxspeed": null, "lane_markings": null, "lit": null, "surface": "asphalt", "oneway": "yes", "name": "Rua 25", "lanes": null }, "geometry": { "type": "MultiLineString", "coordinates": [ [ [ -8.6430001, 41.0066414 ], [ -8.6433046, 41.0066411 ] ] ] } },
{ "type": "Feature", "properties": { "full_id": "w1113136056", "osm_id": "1113136056", "osm_type": "way", "service": null, "junction": null, "bicycle": null, "highway": "residential", "tunnel": null, "layer": null, "description": null, "width": null, "footway:surface": null, "cycleway:surface": null, "check_date:surface": null, "destination:ref": null, "destination": null, "alt_name": null, "segregated": null, "foot": null, "sidewalk": null, "cycleway": null, "smoothness": null, "ref": null, "maxspeed": null, "lane_markings": null, "lit": null, "surface": "sett", "oneway": "yes", "name": "Rua 16", "lanes": null }, "geometry": { "type": "MultiLineString", "coordinates": [ [ [ -8.6414756, 41.0039685 ], [ -8.6414737, 41.0040445 ], [ -8.6414576, 41.0046845 ], [ -8.6414337, 41.0053489 ], [ -8.6414357, 41.0059542 ], [ -8.6414342, 41.0060268 ], [ -8.641423, 41.0065579 ], [ -8.6414209, 41.0066347 ] ] ] } },
{ "type": "Feature", "properties": { "full_id": "w1113136057", "osm_id": "1113136057", "osm_type": "way", "service": null, "junction": null, "bicycle": null, "highway": "residential", "tunnel": null, "layer": null, "description": null, "width": null, "footway:surface": null, "cycleway:surface": null, "check_date:surface": null, "destination:ref": null, "destination": null, "alt_name": null, "segregated": null, "foot": null, "sidewalk": null, "cycleway": null, "smoothness": null, "ref": null, "maxspeed": null, "lane_markings": null, "lit": null, "surface": "asphalt", "oneway": "yes", "name": "Rua 25", "lanes": null }, "geometry": { "type": "MultiLineString", "coordinates": [ [ [ -8.6414209, 41.0066347 ], [ -8.6415151, 41.0066352 ], [ -8.6422286, 41.0066387 ], [ -8.6423332, 41.0066393 ] ] ] } },
{ "type": "Feature", "properties": { "full_id": "w1113136058", "osm_id": "1113136058", "osm_type": "way", "service": null, "junction": null, "bicycle": null, "highway": "residential", "tunnel": null, "layer": null, "description": null, "width": null, "footway:surface": null, "cycleway:surface": null, "check_date:surface": null, "destination:ref": null, "destination": null, "alt_name": null, "segregated": null, "foot": null, "sidewalk": null, "cycleway": null, "smoothness": null, "ref": null, "maxspeed": null, "lane_markings": "no", "lit": null, "surface": "sett", "oneway": "yes", "name": "Rua 18", "lanes": null }, "geometry": { "type": "MultiLineString", "coordinates": [ [ [ -8.6408131, 41.0066319 ], [ -8.6408142, 41.0065548 ], [ -8.6408225, 41.0060189 ], [ -8.6408211, 41.0059538 ], [ -8.6408301, 41.0056535 ], [ -8.6408371, 41.0053555 ], [ -8.6408338, 41.0046817 ], [ -8.6408324, 41.0040636 ], [ -8.6408322, 41.0039686 ], [ -8.6408334, 41.0038996 ], [ -8.640834831709311, 41.003814696028485 ] ] ] } },
{ "type": "Feature", "properties": { "full_id": "w1113136059", "osm_id": "1113136059", "osm_type": "way", "service": null, "junction": null, "bicycle": null, "highway": "residential", "tunnel": null, "layer": null, "description": null, "width": null, "footway:surface": null, "cycleway:surface": null, "check_date:surface": null, "destination:ref": null, "destination": null, "alt_name": null, "segregated": null, "foot": null, "sidewalk": null, "cycleway": null, "smoothness": null, "ref": null, "maxspeed": null, "lane_markings": null, "lit": null, "surface": "asphalt", "oneway": "yes", "name": "Rua 25", "lanes": null }, "geometry": { "type": "MultiLineString", "coordinates": [ [ [ -8.6408131, 41.0066319 ], [ -8.6409216, 41.006634 ], [ -8.6413057, 41.0066334 ], [ -8.6414209, 41.0066347 ] ] ] } },
{ "type": "Feature", "properties": { "full_id": "w1113136060", "osm_id": "1113136060", "osm_type": "way", "service": null, "junction": null, "bicycle": null, "highway": "secondary", "tunnel": null, "layer": null, "description": null, "width": null, "footway:surface": null, "cycleway:surface": null, "check_date:surface": null, "destination:ref": null, "destination": null, "alt_name": null, "segregated": null, "foot": null, "sidewalk": null, "cycleway": null, "smoothness": null, "ref": null, "maxspeed": "50", "lane_markings": "no", "lit": null, "surface": "asphalt", "oneway": "no", "name": "Rua 20", "lanes": null }, "geometry": { "type": "MultiLineString", "coordinates": [ [ [ -8.6398971, 41.0059454 ], [ -8.6398987, 41.0058761 ], [ -8.6399035, 41.0054295 ], [ -8.639904, 41.0053601 ], [ -8.6399044, 41.005288 ], [ -8.6399151, 41.004678 ], [ -8.6399281, 41.004076 ], [ -8.6399304, 41.0039718 ] ] ] } },
{ "type": "Feature", "properties": { "full_id": "w1113136061", "osm_id": "1113136061", "osm_type": "way", "service": null, "junction": null, "bicycle": null, "highway": "residential", "tunnel": null, "layer": null, "description": null, "width": null, "footway:surface": null, "cycleway:surface": null, "check_date:surface": null, "destination:ref": null, "destination": null, "alt_name": null, "segregated": null, "foot": null, "sidewalk": null, "cycleway": "lane", "smoothness": null, "ref": null, "maxspeed": null, "lane_markings": null, "lit": null, "surface": "asphalt", "oneway": "no", "name": "Rua 33", "lanes": "2" }, "geometry": { "type": "MultiLineString", "coordinates": [ [ [ -8.6399304, 41.0039718 ], [ -8.6398642, 41.0039715 ], [ -8.6397853, 41.0039719 ], [ -8.6391198, 41.0039753 ], [ -8.6390249, 41.0039758 ] ] ] } },
{ "type": "Feature", "properties": { "full_id": "w1113136062", "osm_id": "1113136062", "osm_type": "way", "service": null, "junction": null, "bicycle": null, "highway": "residential", "tunnel": null, "layer": null, "description": null, "width": null, "footway:surface": null, "cycleway:surface": null, "check_date:surface": null, "destination:ref": null, "destination": null, "alt_name": null, "segregated": null, "foot": null, "sidewalk": null, "cycleway": null, "smoothness": null, "ref": null, "maxspeed": null, "lane_markings": "no", "lit": null, "surface": "sett", "oneway": "yes", "name": "Rua 23", "lanes": null }, "geometry": { "type": "MultiLineString", "coordinates": [ [ [ -8.64422435300764, 41.007223770240635 ], [ -8.6442071, 41.0072236 ], [ -8.6440761, 41.0072238 ] ] ] } },
{ "type": "Feature", "properties": { "full_id": "w1113136063", "osm_id": "1113136063", "osm_type": "way", "service": null, "junction": null, "bicycle": null, "highway": "living_street", "tunnel": null, "layer": null, "description": null, "width": null, "footway:surface": null, "cycleway:surface": null, "check_date:surface": null, "destination:ref": null, "destination": null, "alt_name": null, "segregated": null, "foot": null, "sidewalk": null, "cycleway": null, "smoothness": "intermediate", "ref": null, "maxspeed": "20", "lane_markings": null, "lit": "yes", "surface": "sett", "oneway": null, "name": "Rua 8", "lanes": null }, "geometry": { "type": "MultiLineString", "coordinates": [ [ [ -8.6440595, 41.0083603 ], [ -8.6440639, 41.0081155 ], [ -8.6440735, 41.0075457 ], [ -8.6440761, 41.0072238 ] ] ] } },
{ "type": "Feature", "properties": { "full_id": "w1115079424", "osm_id": "1115079424", "osm_type": "way", "service": null, "junction": null, "bicycle": null, "highway": "service", "tunnel": null, "layer": null, "description": null, "width": null, "footway:surface": null, "cycleway:surface": null, "check_date:surface": null, "destination:ref": null, "destination": null, "alt_name": null, "segregated": null, "foot": null, "sidewalk": null, "cycleway": null, "smoothness": null, "ref": null, "maxspeed": null, "lane_markings": null, "lit": null, "surface": null, "oneway": "yes", "name": null, "lanes": null }, "geometry": { "type": "MultiLineString", "coordinates": [ [ [ -8.6439816, 41.0086194 ], [ -8.6439781, 41.0088242 ], [ -8.6439933, 41.0088548 ], [ -8.6440527, 41.0088806 ] ] ] } },
{ "type": "Feature", "properties": { "full_id": "w1115079425", "osm_id": "1115079425", "osm_type": "way", "service": null, "junction": null, "bicycle": null, "highway": "service", "tunnel": null, "layer": null, "description": "Acesso ao parque de estacionamento Recafe", "width": null, "footway:surface": null, "cycleway:surface": null, "check_date:surface": null, "destination:ref": null, "destination": null, "alt_name": null, "segregated": null, "foot": null, "sidewalk": null, "cycleway": null, "smoothness": null, "ref": null, "maxspeed": null, "lane_markings": null, "lit": null, "surface": null, "oneway": "yes", "name": null, "lanes": null }, "geometry": { "type": "MultiLineString", "coordinates": [ [ [ -8.6440527, 41.0088806 ], [ -8.644117, 41.0088551 ], [ -8.6441282, 41.0088249 ], [ -8.6441318, 41.0086201 ] ] ] } },
{ "type": "Feature", "properties": { "full_id": "w1116057829", "osm_id": "1116057829", "osm_type": "way", "service": null, "junction": null, "bicycle": null, "highway": "residential", "tunnel": null, "layer": null, "description": null, "width": null, "footway:surface": null, "cycleway:surface": null, "check_date:surface": null, "destination:ref": null, "destination": null, "alt_name": null, "segregated": null, "foot": null, "sidewalk": null, "cycleway": "lane", "smoothness": null, "ref": null, "maxspeed": null, "lane_markings": "no", "lit": "yes", "surface": "sett", "oneway": null, "name": "Rua 33", "lanes": null }, "geometry": { "type": "MultiLineString", "coordinates": [ [ [ -8.6440545, 41.0039762 ], [ -8.6439314, 41.0039778 ], [ -8.6437981, 41.0039782 ] ] ] } },
{ "type": "Feature", "properties": { "full_id": "w1116068808", "osm_id": "1116068808", "osm_type": "way", "service": null, "junction": null, "bicycle": null, "highway": "secondary", "tunnel": null, "layer": null, "description": null, "width": null, "footway:surface": null, "cycleway:surface": null, "check_date:surface": null, "destination:ref": null, "destination": null, "alt_name": null, "segregated": null, "foot": null, "sidewalk": null, "cycleway": null, "smoothness": null, "ref": null, "maxspeed": "50", "lane_markings": null, "lit": null, "surface": "asphalt", "oneway": "no", "name": "Rua 20", "lanes": "2" }, "geometry": { "type": "MultiLineString", "coordinates": [ [ [ -8.6398766, 41.0072228 ], [ -8.6398774, 41.0071685 ], [ -8.639883, 41.0067058 ], [ -8.6398849, 41.0066292 ] ] ] } },
{ "type": "Feature", "properties": { "full_id": "w1116068809", "osm_id": "1116068809", "osm_type": "way", "service": null, "junction": null, "bicycle": null, "highway": "residential", "tunnel": null, "layer": null, "description": null, "width": null, "footway:surface": null, "cycleway:surface": null, "check_date:surface": null, "destination:ref": null, "destination": null, "alt_name": null, "segregated": null, "foot": null, "sidewalk": null, "cycleway": null, "smoothness": null, "ref": null, "maxspeed": null, "lane_markings": null, "lit": null, "surface": "paving_stones", "oneway": "yes", "name": "Rua 23", "lanes": null }, "geometry": { "type": "MultiLineString", "coordinates": [ [ [ -8.6398766, 41.0072228 ], [ -8.6398142, 41.0072203 ], [ -8.6391229, 41.0072167 ], [ -8.6382768, 41.0072122 ], [ -8.6382373, 41.0072117 ], [ -8.6380993, 41.007209 ] ] ] } },
{ "type": "Feature", "properties": { "full_id": "w1148162361", "osm_id": "1148162361", "osm_type": "way", "service": null, "junction": null, "bicycle": null, "highway": "secondary", "tunnel": null, "layer": null, "description": null, "width": null, "footway:surface": null, "cycleway:surface": null, "check_date:surface": null, "destination:ref": null, "destination": null, "alt_name": null, "segregated": null, "foot": null, "sidewalk": null, "cycleway": null, "smoothness": null, "ref": null, "maxspeed": "50", "lane_markings": "no", "lit": null, "surface": "sett", "oneway": "no", "name": "Rua 62", "lanes": null }, "geometry": { "type": "MultiLineString", "coordinates": [ [ [ -8.6380124, 41.0118186 ], [ -8.6381688, 41.0117711 ], [ -8.6382122, 41.0117558 ], [ -8.6384189, 41.0116834 ], [ -8.6384751, 41.0116637 ] ] ] } },
{ "type": "Feature", "properties": { "full_id": "w1148162362", "osm_id": "1148162362", "osm_type": "way", "service": null, "junction": null, "bicycle": null, "highway": "primary", "tunnel": null, "layer": null, "description": null, "width": null, "footway:surface": null, "cycleway:surface": null, "check_date:surface": null, "destination:ref": null, "destination": null, "alt_name": null, "segregated": null, "foot": null, "sidewalk": null, "cycleway": null, "smoothness": "good", "ref": "EN 109", "maxspeed": null, "lane_markings": null, "lit": null, "surface": "asphalt", "oneway": "yes", "name": "Rua 62", "lanes": "2" }, "geometry": { "type": "MultiLineString", "coordinates": [ [ [ -8.638000675491462, 41.011822706769777 ], [ -8.6380124, 41.0118186 ] ] ] } },
{ "type": "Feature", "properties": { "full_id": "w1152375571", "osm_id": "1152375571", "osm_type": "way", "service": null, "junction": null, "bicycle": null, "highway": "secondary", "tunnel": null, "layer": null, "description": null, "width": null, "footway:surface": null, "cycleway:surface": null, "check_date:surface": null, "destination:ref": null, "destination": null, "alt_name": null, "segregated": null, "foot": null, "sidewalk": null, "cycleway": null, "smoothness": null, "ref": null, "maxspeed": "50", "lane_markings": null, "lit": null, "surface": "sett", "oneway": "no", "name": "Rua 20", "lanes": null }, "geometry": { "type": "MultiLineString", "coordinates": [ [ [ -8.6399304, 41.0039718 ], [ -8.6399248, 41.003867 ], [ -8.639925362851013, 41.003808604207386 ] ] ] } },
{ "type": "Feature", "properties": { "full_id": "w1187250614", "osm_id": "1187250614", "osm_type": "way", "service": null, "junction": null, "bicycle": null, "highway": "primary", "tunnel": null, "layer": null, "description": null, "width": null, "footway:surface": null, "cycleway:surface": null, "check_date:surface": null, "destination:ref": "EN 109", "destination": "Aveiro", "alt_name": "Avenida Cidade de Vila Real; Av. 24", "segregated": null, "foot": null, "sidewalk": null, "cycleway": null, "smoothness": null, "ref": "EN 109", "maxspeed": "50", "lane_markings": null, "lit": null, "surface": "asphalt", "oneway": "yes", "name": "Avenida 24", "lanes": "2" }, "geometry": { "type": "MultiLineString", "coordinates": [ [ [ -8.6380727, 41.0082945 ], [ -8.6380748, 41.0080464 ] ] ] } },
{ "type": "Feature", "properties": { "full_id": "w1213886676", "osm_id": "1213886676", "osm_type": "way", "service": null, "junction": null, "bicycle": null, "highway": "primary", "tunnel": null, "layer": null, "description": null, "width": null, "footway:surface": null, "cycleway:surface": null, "check_date:surface": null, "destination:ref": "EN 109", "destination": "Vila Nova de Gaia", "alt_name": "Avenida Cidade de Vila Real; Av. 24", "segregated": null, "foot": null, "sidewalk": null, "cycleway": null, "smoothness": null, "ref": "EN 109", "maxspeed": "50", "lane_markings": null, "lit": null, "surface": "asphalt", "oneway": "yes", "name": "Avenida 24", "lanes": "2" }, "geometry": { "type": "MultiLineString", "coordinates": [ [ [ -8.638101327008819, 41.003796386416816 ], [ -8.6381087, 41.0038246 ], [ -8.6381075, 41.0038469 ], [ -8.6381052, 41.0038899 ] ] ] } },
{ "type": "Feature", "properties": { "full_id": "w1226261761", "osm_id": "1226261761", "osm_type": "way", "service": null, "junction": null, "bicycle": null, "highway": "service", "tunnel": null, "layer": null, "description": null, "width": null, "footway:surface": null, "cycleway:surface": null, "check_date:surface": null, "destination:ref": null, "destination": null, "alt_name": null, "segregated": null, "foot": null, "sidewalk": null, "cycleway": null, "smoothness": null, "ref": null, "maxspeed": null, "lane_markings": null, "lit": null, "surface": null, "oneway": null, "name": null, "lanes": null }, "geometry": { "type": "MultiLineString", "coordinates": [ [ [ -8.6383845, 41.0113706 ], [ -8.6386381, 41.0113204 ] ] ] } },
{ "type": "Feature", "properties": { "full_id": "w1226261762", "osm_id": "1226261762", "osm_type": "way", "service": null, "junction": null, "bicycle": null, "highway": "service", "tunnel": null, "layer": null, "description": null, "width": null, "footway:surface": null, "cycleway:surface": null, "check_date:surface": null, "destination:ref": null, "destination": null, "alt_name": null, "segregated": null, "foot": null, "sidewalk": null, "cycleway": null, "smoothness": null, "ref": null, "maxspeed": null, "lane_markings": null, "lit": null, "surface": null, "oneway": null, "name": null, "lanes": null }, "geometry": { "type": "MultiLineString", "coordinates": [ [ [ -8.6384189, 41.0116834 ], [ -8.6383852, 41.0116256 ], [ -8.6383845, 41.0113706 ], [ -8.6383588, 41.0112424 ] ] ] } },
{ "type": "Feature", "properties": { "full_id": "w1319306277", "osm_id": "1319306277", "osm_type": "way", "service": null, "junction": null, "bicycle": null, "highway": "service", "tunnel": null, "layer": null, "description": null, "width": null, "footway:surface": null, "cycleway:surface": null, "check_date:surface": null, "destination:ref": null, "destination": null, "alt_name": null, "segregated": null, "foot": null, "sidewalk": null, "cycleway": null, "smoothness": null, "ref": null, "maxspeed": null, "lane_markings": null, "lit": null, "surface": null, "oneway": null, "name": null, "lanes": null }, "geometry": { "type": "MultiLineString", "coordinates": [ [ [ -8.6414174, 41.0068846 ], [ -8.641764, 41.0068861 ] ] ] } },
{ "type": "Feature", "properties": { "full_id": "w1319306331", "osm_id": "1319306331", "osm_type": "way", "service": null, "junction": null, "bicycle": null, "highway": "residential", "tunnel": null, "layer": null, "description": null, "width": null, "footway:surface": null, "cycleway:surface": null, "check_date:surface": null, "destination:ref": null, "destination": null, "alt_name": null, "segregated": null, "foot": null, "sidewalk": null, "cycleway": null, "smoothness": null, "ref": null, "maxspeed": null, "lane_markings": null, "lit": null, "surface": "sett", "oneway": "yes", "name": "Rua 12", "lanes": null }, "geometry": { "type": "MultiLineString", "coordinates": [ [ [ -8.6430021, 41.0065065 ], [ -8.6430003, 41.0065673 ], [ -8.6430001, 41.0066414 ] ] ] } },
{ "type": "Feature", "properties": { "full_id": "w1319306364", "osm_id": "1319306364", "osm_type": "way", "service": null, "junction": null, "bicycle": null, "highway": "service", "tunnel": null, "layer": null, "description": null, "width": null, "footway:surface": null, "cycleway:surface": null, "check_date:surface": null, "destination:ref": null, "destination": null, "alt_name": null, "segregated": null, "foot": null, "sidewalk": null, "cycleway": null, "smoothness": null, "ref": null, "maxspeed": null, "lane_markings": null, "lit": null, "surface": null, "oneway": null, "name": null, "lanes": null }, "geometry": { "type": "MultiLineString", "coordinates": [ [ [ -8.6437327, 41.0052059 ], [ -8.6437379, 41.0048648 ] ] ] } },
{ "type": "Feature", "properties": { "full_id": "w1319306367", "osm_id": "1319306367", "osm_type": "way", "service": null, "junction": null, "bicycle": null, "highway": "living_street", "tunnel": null, "layer": null, "description": null, "width": null, "footway:surface": null, "cycleway:surface": null, "check_date:surface": null, "destination:ref": null, "destination": null, "alt_name": null, "segregated": null, "foot": null, "sidewalk": null, "cycleway": null, "smoothness": "intermediate", "ref": null, "maxspeed": "20", "lane_markings": null, "lit": null, "surface": "paving_stones", "oneway": "yes", "name": "Rua 23", "lanes": null }, "geometry": { "type": "MultiLineString", "coordinates": [ [ [ -8.6440761, 41.0072238 ], [ -8.6439885, 41.0072236 ], [ -8.6438115, 41.0072233 ] ] ] } },
{ "type": "Feature", "properties": { "full_id": "w1319306369", "osm_id": "1319306369", "osm_type": "way", "service": null, "junction": null, "bicycle": null, "highway": "living_street", "tunnel": null, "layer": null, "description": null, "width": null, "footway:surface": null, "cycleway:surface": null, "check_date:surface": null, "destination:ref": null, "destination": null, "alt_name": null, "segregated": null, "foot": null, "sidewalk": null, "cycleway": null, "smoothness": null, "ref": null, "maxspeed": "20", "lane_markings": null, "lit": "yes", "surface": "sett", "oneway": "yes", "name": "Rua 27", "lanes": null }, "geometry": { "type": "MultiLineString", "coordinates": [ [ [ -8.6440951, 41.0059722 ], [ -8.644008, 41.0059709 ], [ -8.6438594, 41.0059684 ] ] ] } },
{ "type": "Feature", "properties": { "full_id": "w1319306376", "osm_id": "1319306376", "osm_type": "way", "service": null, "junction": null, "bicycle": null, "highway": "residential", "tunnel": null, "layer": null, "description": null, "width": null, "footway:surface": null, "cycleway:surface": null, "check_date:surface": null, "destination:ref": null, "destination": null, "alt_name": null, "segregated": null, "foot": null, "sidewalk": null, "cycleway": null, "smoothness": null, "ref": null, "maxspeed": null, "lane_markings": null, "lit": null, "surface": "sett", "oneway": "yes", "name": "Rua 21", "lanes": null }, "geometry": { "type": "MultiLineString", "coordinates": [ [ [ -8.6437967, 41.0081189 ], [ -8.6439825, 41.0081165 ], [ -8.6440639, 41.0081155 ] ] ] } },
{ "type": "Feature", "properties": { "full_id": "w1319306377", "osm_id": "1319306377", "osm_type": "way", "service": null, "junction": null, "bicycle": null, "highway": "living_street", "tunnel": null, "layer": null, "description": null, "width": null, "footway:surface": null, "cycleway:surface": null, "check_date:surface": null, "destination:ref": null, "destination": null, "alt_name": null, "segregated": null, "foot": null, "sidewalk": null, "cycleway": null, "smoothness": null, "ref": null, "maxspeed": "20", "lane_markings": null, "lit": "yes", "surface": "sett", "oneway": "yes", "name": "Rua 25", "lanes": null }, "geometry": { "type": "MultiLineString", "coordinates": [ [ [ -8.6437967, 41.0066503 ], [ -8.6439952, 41.0066535 ], [ -8.6440861, 41.006655 ] ] ] } },
{ "type": "Feature", "properties": { "full_id": "w1319306378", "osm_id": "1319306378", "osm_type": "way", "service": null, "junction": null, "bicycle": null, "highway": "living_street", "tunnel": null, "layer": null, "description": null, "width": null, "footway:surface": null, "cycleway:surface": null, "check_date:surface": null, "destination:ref": null, "destination": null, "alt_name": null, "segregated": null, "foot": null, "sidewalk": null, "cycleway": null, "smoothness": null, "ref": null, "maxspeed": "20", "lane_markings": null, "lit": "yes", "surface": "sett", "oneway": "no", "name": "Rua 8", "lanes": null }, "geometry": { "type": "MultiLineString", "coordinates": [ [ [ -8.6440951, 41.0059722 ], [ -8.6440977, 41.0058482 ] ] ] } },
{ "type": "Feature", "properties": { "full_id": "w1319306395", "osm_id": "1319306395", "osm_type": "way", "service": null, "junction": null, "bicycle": null, "highway": "service", "tunnel": null, "layer": null, "description": null, "width": null, "footway:surface": null, "cycleway:surface": null, "check_date:surface": null, "destination:ref": null, "destination": null, "alt_name": null, "segregated": null, "foot": null, "sidewalk": null, "cycleway": null, "smoothness": null, "ref": null, "maxspeed": null, "lane_markings": null, "lit": null, "surface": null, "oneway": null, "name": null, "lanes": null }, "geometry": { "type": "MultiLineString", "coordinates": [ [ [ -8.6398618, 41.0089405 ], [ -8.6402844, 41.008943 ], [ -8.6402851, 41.0090958 ] ] ] } },
{ "type": "Feature", "properties": { "full_id": "w1319306426", "osm_id": "1319306426", "osm_type": "way", "service": "parking_aisle", "junction": null, "bicycle": null, "highway": "service", "tunnel": null, "layer": null, "description": null, "width": null, "footway:surface": null, "cycleway:surface": null, "check_date:surface": null, "destination:ref": null, "destination": null, "alt_name": null, "segregated": null, "foot": null, "sidewalk": null, "cycleway": null, "smoothness": null, "ref": null, "maxspeed": null, "lane_markings": null, "lit": null, "surface": null, "oneway": null, "name": null, "lanes": null }, "geometry": { "type": "MultiLineString", "coordinates": [ [ [ -8.6435158, 41.0081224 ], [ -8.6435172, 41.0080843 ] ] ] } },
{ "type": "Feature", "properties": { "full_id": "w1319958652", "osm_id": "1319958652", "osm_type": "way", "service": null, "junction": null, "bicycle": null, "highway": "residential", "tunnel": "building_passage", "layer": "-1", "description": null, "width": null, "footway:surface": null, "cycleway:surface": null, "check_date:surface": null, "destination:ref": null, "destination": null, "alt_name": null, "segregated": null, "foot": null, "sidewalk": null, "cycleway": null, "smoothness": null, "ref": null, "maxspeed": null, "lane_markings": "no", "lit": null, "surface": "asphalt", "oneway": "yes", "name": "Rua 21", "lanes": null }, "geometry": { "type": "MultiLineString", "coordinates": [ [ [ -8.6399731, 41.0081998 ], [ -8.6401067, 41.0081969 ] ] ] } },
{ "type": "Feature", "properties": { "full_id": "w1319958653", "osm_id": "1319958653", "osm_type": "way", "service": null, "junction": null, "bicycle": null, "highway": "residential", "tunnel": null, "layer": null, "description": null, "width": null, "footway:surface": null, "cycleway:surface": null, "check_date:surface": null, "destination:ref": null, "destination": null, "alt_name": null, "segregated": null, "foot": null, "sidewalk": null, "cycleway": null, "smoothness": null, "ref": null, "maxspeed": null, "lane_markings": "no", "lit": null, "surface": "asphalt", "oneway": "yes", "name": "Rua 21", "lanes": null }, "geometry": { "type": "MultiLineString", "coordinates": [ [ [ -8.6398639, 41.0082021 ], [ -8.6399517, 41.0082002 ], [ -8.6399731, 41.0081998 ] ] ] } },
{ "type": "Feature", "properties": { "full_id": "w1331552903", "osm_id": "1331552903", "osm_type": "way", "service": "parking_aisle", "junction": null, "bicycle": null, "highway": "service", "tunnel": null, "layer": null, "description": null, "width": null, "footway:surface": null, "cycleway:surface": null, "check_date:surface": null, "destination:ref": null, "destination": null, "alt_name": null, "segregated": null, "foot": null, "sidewalk": null, "cycleway": null, "smoothness": null, "ref": null, "maxspeed": null, "lane_markings": null, "lit": null, "surface": null, "oneway": null, "name": null, "lanes": null }, "geometry": { "type": "MultiLineString", "coordinates": [ [ [ -8.6382049, 41.010351 ], [ -8.638209, 41.0094082 ] ] ] } },
{ "type": "Feature", "properties": { "full_id": "w1331552904", "osm_id": "1331552904", "osm_type": "way", "service": "parking_aisle", "junction": null, "bicycle": null, "highway": "service", "tunnel": null, "layer": null, "description": null, "width": null, "footway:surface": null, "cycleway:surface": null, "check_date:surface": null, "destination:ref": null, "destination": null, "alt_name": null, "segregated": null, "foot": null, "sidewalk": null, "cycleway": null, "smoothness": null, "ref": null, "maxspeed": null, "lane_markings": null, "lit": null, "surface": null, "oneway": null, "name": null, "lanes": null }, "geometry": { "type": "MultiLineString", "coordinates": [ [ [ -8.638209, 41.0094082 ], [ -8.6382239, 41.0085596 ], [ -8.6382252, 41.0084831 ] ] ] } },
{ "type": "Feature", "properties": { "full_id": "w1359078887", "osm_id": "1359078887", "osm_type": "way", "service": null, "junction": "roundabout", "bicycle": null, "highway": "primary", "tunnel": null, "layer": null, "description": null, "width": null, "footway:surface": null, "cycleway:surface": null, "check_date:surface": null, "destination:ref": null, "destination": null, "alt_name": "Avenida Cidade de Vila Real; Av. 24", "segregated": null, "foot": null, "sidewalk": null, "cycleway": null, "smoothness": null, "ref": "EN 109", "maxspeed": "50", "lane_markings": null, "lit": null, "surface": "asphalt", "oneway": null, "name": "Avenida 24", "lanes": "2" }, "geometry": { "type": "MultiLineString", "coordinates": [ [ [ -8.6381052, 41.0038899 ], [ -8.6380712, 41.0039197 ], [ -8.6380524, 41.0039564 ], [ -8.6380492, 41.0039724 ] ] ] } },
{ "type": "Feature", "properties": { "full_id": "w1359113341", "osm_id": "1359113341", "osm_type": "way", "service": null, "junction": "roundabout", "bicycle": null, "highway": "primary", "tunnel": null, "layer": null, "description": null, "width": null, "footway:surface": null, "cycleway:surface": null, "check_date:surface": null, "destination:ref": null, "destination": null, "alt_name": "Avenida Cidade de Vila Real; Av. 24", "segregated": null, "foot": null, "sidewalk": null, "cycleway": null, "smoothness": null, "ref": "EN 109", "maxspeed": "50", "lane_markings": null, "lit": null, "surface": "asphalt", "oneway": null, "name": "Avenida 24", "lanes": "2" }, "geometry": { "type": "MultiLineString", "coordinates": [ [ [ -8.638242, 41.0040905 ], [ -8.6382862, 41.0040756 ], [ -8.638322, 41.0040511 ], [ -8.6383458, 41.0040193 ], [ -8.6383554, 41.0039835 ] ] ] } },
{ "type": "Feature", "properties": { "full_id": "w1381486610", "osm_id": "1381486610", "osm_type": "way", "service": null, "junction": null, "bicycle": null, "highway": "residential", "tunnel": null, "layer": null, "description": null, "width": null, "footway:surface": null, "cycleway:surface": null, "check_date:surface": null, "destination:ref": null, "destination": null, "alt_name": null, "segregated": null, "foot": null, "sidewalk": "both", "cycleway": "lane", "smoothness": null, "ref": null, "maxspeed": null, "lane_markings": null, "lit": "yes", "surface": "asphalt", "oneway": "no", "name": "Rua 33", "lanes": "2" }, "geometry": { "type": "MultiLineString", "coordinates": [ [ [ -8.6414756, 41.0039685 ], [ -8.6413998, 41.0039685 ], [ -8.640951, 41.0039686 ], [ -8.6408322, 41.0039686 ], [ -8.6407821, 41.0039688 ], [ -8.6400534, 41.0039714 ], [ -8.6399304, 41.0039718 ] ] ] } },
{ "type": "Feature", "properties": { "full_id": "w1381486611", "osm_id": "1381486611", "osm_type": "way", "service": null, "junction": null, "bicycle": null, "highway": "residential", "tunnel": null, "layer": null, "description": null, "width": null, "footway:surface": null, "cycleway:surface": null, "check_date:surface": null, "destination:ref": null, "destination": null, "alt_name": null, "segregated": null, "foot": null, "sidewalk": null, "cycleway": null, "smoothness": null, "ref": null, "maxspeed": null, "lane_markings": null, "lit": null, "surface": "sett", "oneway": "yes", "name": "Rua 16", "lanes": null }, "geometry": { "type": "MultiLineString", "coordinates": [ [ [ -8.641478851261004, 41.00381900981214 ], [ -8.6414774, 41.003885 ], [ -8.6414756, 41.0039685 ] ] ] } },
{ "type": "Feature", "properties": { "full_id": "w1381486612", "osm_id": "1381486612", "osm_type": "way", "service": null, "junction": null, "bicycle": null, "highway": "secondary", "tunnel": null, "layer": null, "description": null, "width": null, "footway:surface": null, "cycleway:surface": null, "check_date:surface": null, "destination:ref": null, "destination": null, "alt_name": null, "segregated": null, "foot": null, "sidewalk": null, "cycleway": null, "smoothness": null, "ref": null, "maxspeed": "50", "lane_markings": null, "lit": null, "surface": "asphalt", "oneway": "no", "name": "Rua 20", "lanes": null }, "geometry": { "type": "MultiLineString", "coordinates": [ [ [ -8.6398849, 41.0066292 ], [ -8.6398856, 41.0065617 ], [ -8.6398891, 41.0063719 ], [ -8.6398953, 41.0060173 ], [ -8.6398971, 41.0059454 ] ] ] } },
{ "type": "Feature", "properties": { "full_id": "w1381486613", "osm_id": "1381486613", "osm_type": "way", "service": null, "junction": null, "bicycle": null, "highway": "residential", "tunnel": null, "layer": null, "description": null, "width": null, "footway:surface": null, "cycleway:surface": null, "check_date:surface": null, "destination:ref": null, "destination": null, "alt_name": null, "segregated": null, "foot": null, "sidewalk": null, "cycleway": null, "smoothness": null, "ref": null, "maxspeed": null, "lane_markings": null, "lit": null, "surface": "sett", "oneway": "yes", "name": "Rua 27", "lanes": null }, "geometry": { "type": "MultiLineString", "coordinates": [ [ [ -8.6398971, 41.0059454 ], [ -8.6398367, 41.0059451 ], [ -8.63979, 41.0059453 ], [ -8.6391679, 41.0059353 ], [ -8.6390983, 41.0059268 ], [ -8.6390325, 41.0058969 ] ] ] } },
{ "type": "Feature", "properties": { "full_id": "w1381486614", "osm_id": "1381486614", "osm_type": "way", "service": null, "junction": "roundabout", "bicycle": null, "highway": "primary", "tunnel": null, "layer": null, "description": null, "width": null, "footway:surface": null, "cycleway:surface": null, "check_date:surface": null, "destination:ref": "EN 109", "destination": "Vila Nova de Gaia", "alt_name": "Avenida Cidade de Vila Real; Av. 24", "segregated": null, "foot": null, "sidewalk": null, "cycleway": null, "smoothness": null, "ref": "EN 109", "maxspeed": "50", "lane_markings": null, "lit": null, "surface": "asphalt", "oneway": null, "name": "Avenida 24", "lanes": "2" }, "geometry": { "type": "MultiLineString", "coordinates": [ [ [ -8.6378748, 41.0084929 ], [ -8.6378834, 41.0085241 ], [ -8.6378957, 41.0085408 ], [ -8.6379041, 41.0085521 ], [ -8.6379349, 41.0085739 ] ] ] } },
{ "type": "Feature", "properties": { "full_id": "w1428644379", "osm_id": "1428644379", "osm_type": "way", "service": null, "junction": null, "bicycle": null, "highway": "residential", "tunnel": null, "layer": null, "description": null, "width": null, "footway:surface": null, "cycleway:surface": null, "check_date:surface": null, "destination:ref": null, "destination": null, "alt_name": null, "segregated": null, "foot": null, "sidewalk": null, "cycleway": null, "smoothness": null, "ref": null, "maxspeed": null, "lane_markings": null, "lit": null, "surface": "asphalt", "oneway": "no", "name": "Rua 8", "lanes": "2" }, "geometry": { "type": "MultiLineString", "coordinates": [ [ [ -8.64401, 41.0116705 ], [ -8.6440218, 41.0110542 ], [ -8.6440293, 41.0104167 ], [ -8.6440362, 41.0099555 ] ] ] } },
{ "type": "Feature", "properties": { "full_id": "w1452927173", "osm_id": "1452927173", "osm_type": "way", "service": "parking_aisle", "junction": null, "bicycle": null, "highway": "service", "tunnel": "yes", "layer": "-1", "description": null, "width": null, "footway:surface": null, "cycleway:surface": null, "check_date:surface": null, "destination:ref": null, "destination": null, "alt_name": null, "segregated": null, "foot": null, "sidewalk": null, "cycleway": null, "smoothness": null, "ref": null, "maxspeed": null, "lane_markings": null, "lit": null, "surface": "concrete", "oneway": null, "name": null, "lanes": null }, "geometry": { "type": "MultiLineString", "coordinates": [ [ [ -8.644023421068104, 41.003836053896627 ], [ -8.644072, 41.0042166 ], [ -8.6441057, 41.0046292 ], [ -8.644106, 41.0049762 ], [ -8.6440988, 41.005465 ], [ -8.6440741, 41.0066391 ], [ -8.6440511, 41.0085523 ] ] ] } },
{ "type": "Feature", "properties": { "full_id": "w1452927179", "osm_id": "1452927179", "osm_type": "way", "service": null, "junction": null, "bicycle": null, "highway": "service", "tunnel": "yes", "layer": "-1", "description": "Acesso ao parque de estacionamento Recafe", "width": null, "footway:surface": null, "cycleway:surface": null, "check_date:surface": null, "destination:ref": null, "destination": null, "alt_name": null, "segregated": null, "foot": null, "sidewalk": null, "cycleway": null, "smoothness": null, "ref": null, "maxspeed": null, "lane_markings": null, "lit": null, "surface": null, "oneway": "yes", "name": null, "lanes": null }, "geometry": { "type": "MultiLineString", "coordinates": [ [ [ -8.6441318, 41.0086201 ], [ -8.6440511, 41.0085523 ] ] ] } },
{ "type": "Feature", "properties": { "full_id": "w1452927181", "osm_id": "1452927181", "osm_type": "way", "service": null, "junction": null, "bicycle": null, "highway": "service", "tunnel": "yes", "layer": "-1", "description": null, "width": null, "footway:surface": null, "cycleway:surface": null, "check_date:surface": null, "destination:ref": null, "destination": null, "alt_name": null, "segregated": null, "foot": null, "sidewalk": null, "cycleway": null, "smoothness": null, "ref": null, "maxspeed": null, "lane_markings": null, "lit": null, "surface": null, "oneway": "yes", "name": null, "lanes": null }, "geometry": { "type": "MultiLineString", "coordinates": [ [ [ -8.6440511, 41.0085523 ], [ -8.6439816, 41.0086194 ] ] ] } }
]
}
