{
  "type": "FeatureCollection",
  "features": [
    {
      "type": "Feature",
      "id": 16,
      "geometry": {
        "type": "LineString",
        "coordinates": [
          [-8.60275349535203, 41.1616147094981],
          [-8.60257203920573, 41.1615907277873]
        ]
      },
      "properties": {
        "toponimo": "Rua da Constituição",
        "comprimento": 5,
        "tipo": "Envelope",
        "objectid": 16,
        "globalid": "{0187A0FF-B4B4-45BE-AB47-DEC651EF9236}"
      }
    },
    {
      "type": "Feature",
      "id": 17,
      "geometry": {
        "type": "LineString",
        "coordinates": [
          [-8.61178156111977, 41.1627606175201],
          [-8.61171986416049, 41.16275305273]
        ]
      },
      "properties": {
        "toponimo": "Rua da Constituição",
        "comprimento": 5.6,
        "tipo": "Envelope",
        "objectid": 17,
        "globalid": "{953E068F-3402-4E47-BF7C-7CBD0B8EEFC4}"
      }
    },
    {
      "type": "Feature",
      "id": 18,
      "geometry": {
        "type": "LineString",
        "coordinates": [
          [-8.61245076562191, 41.1628519884173],
          [-8.61231128512657, 41.1628318029797]
        ]
      },
      "properties": {
        "toponimo": "Rua da Constituição",
        "comprimento": 11.6,
        "tipo": "Envelope",
        "objectid": 18,
        "globalid": "{B33906CA-BDAF-4CA2-976A-F87154ED1D11}"
      }
    },
    {
      "type": "Feature",
      "id": 19,
      "geometry": {
        "type": "LineString",
        "coordinates": [
          [-8.62019680240137, 41.1497120859159],
          [-8.6202591135973, 41.1497043758121]
        ]
      },
      "properties": {
        "toponimo": "Rua de Miguel Bombarda",
        "comprimento": 10,
        "tipo": "Linha branca com Inscrição",
        "objectid": 19,
        "globalid": "{14682B78-1931-4B30-B893-1F798859DD24}"
      }
    },
    {
      "type": "Feature",
      "id": 25,
      "geometry": {
        "type": "LineString",
        "coordinates": [
          [-8.6098416677196, 41.1625238636598],
          [-8.60975918381279, 41.1625122598638]
        ]
      },
      "properties": {
        "toponimo": "Rua da Constituição",
        "comprimento": 16.5,
        "tipo": "Envelope",
        "objectid": 25,
        "globalid": "{02B2C3D4-5C2B-4E9F-B72D-F0B7049A4ABB}"
      }
    },
    {
      "type": "Feature",
      "id": 28,
      "geometry": {
        "type": "LineString",
        "coordinates": [
          [-8.61377374114544, 41.1630099994028],
          [-8.61370266374139, 41.1630004074242]
        ]
      },
      "properties": {
        "toponimo": "Rua da Constituição",
        "comprimento": 5.1,
        "tipo": "Linha branca com Inscrição",
        "objectid": 28,
        "globalid": "{440B608B-75ED-4160-A2F5-E6DB4DD6BFC5}"
      }
    },
    {
      "type": "Feature",
      "id": 29,
      "geometry": {
        "type": "LineString",
        "coordinates": [
          [-8.61307461467073, 41.1629164962952],
          [-8.61301292560001, 41.1629084198187]
        ]
      },
      "properties": {
        "toponimo": "Rua da Constituição",
        "comprimento": 5.6,
        "tipo": "Linha branca com Inscrição",
        "objectid": 29,
        "globalid": "{35E35597-BFEA-4C4B-9399-33A22598FB1D}"
      }
    },
    {
      "type": "Feature",
      "id": 34,
      "geometry": {
        "type": "LineString",
        "coordinates": [
          [-8.6282005819932, 41.1517268126092],
          [-8.62810603442828, 41.1517550874098]
        ]
      },
      "properties": {
        "toponimo": "Rua da Piedade",
        "comprimento": 9.5,
        "tipo": "Linha branca com Inscrição",
        "objectid": 34,
        "globalid": "{7B4FEBA8-8F1E-4E4F-855D-CADBA2279181}"
      }
    },
    {
      "type": "Feature",
      "id": 43,
      "geometry": {
        "type": "LineString",
        "coordinates": [
          [-8.61146313296055, 41.1614585775985],
          [-8.61144525347534, 41.1615448945176]
        ]
      },
      "properties": {
        "toponimo": "Rua de Antero de Quental",
        "comprimento": 11,
        "tipo": "Envelope",
        "objectid": 43,
        "globalid": "{094776FD-18C3-408B-A9B6-98E7485C196B}"
      }
    },
    {
      "type": "Feature",
      "id": 50,
      "geometry": {
        "type": "LineString",
        "coordinates": [
          [-8.61106496479466, 41.1628913305949],
          [-8.61105624581174, 41.162925657994]
        ]
      },
      "properties": {
        "toponimo": "Rua de Antero de Quental",
        "comprimento": 5.5,
        "tipo": "Envelope",
        "objectid": 50,
        "globalid": "{8A08CE37-363D-4698-8D02-82EC4F033231}"
      }
    },
    {
      "type": "Feature",
      "id": 51,
      "geometry": {
        "type": "LineString",
        "coordinates": [
          [-8.61100796717217, 41.1635773725462],
          [-8.61100528572875, 41.1636132146292]
        ]
      },
      "properties": {
        "toponimo": "Rua de Antero de Quental",
        "comprimento": 5,
        "tipo": "Envelope",
        "objectid": 51,
        "globalid": "{3CACB7B5-CEA4-4270-8242-BFCAE42350BA}"
      }
    },
    {
      "type": "Feature",
      "id": 52,
      "geometry": {
        "type": "LineString",
        "coordinates": [
          [-8.61025811638091, 41.1536577482657],
          [-8.61038654640385, 41.1536592286704]
        ]
      },
      "properties": {
        "toponimo": "Rua de Gonçalo Cristovão",
        "comprimento": 10.6,
        "tipo": "Envelope",
        "objectid": 52,
        "globalid": "{5876A6B1-B2C0-4FF2-9CB9-6B7289DA575E}"
      }
    },
    {
      "type": "Feature",
      "id": 57,
      "geometry": {
        "type": "LineString",
        "coordinates": [
          [-8.61104417741206, 41.1629852258429],
          [-8.6110361308817, 41.1630220779673]
        ]
      },
      "properties": {
        "toponimo": "Rua de Antero de Quental",
        "comprimento": 5.5,
        "tipo": "Envelope",
        "objectid": 57,
        "globalid": "{B0FC6296-15D7-4E86-BA12-A77597860DBC}"
      }
    },
    {
      "type": "Feature",
      "id": 58,
      "geometry": {
        "type": "LineString",
        "coordinates": [
          [-8.61102741380501, 41.1632608542417],
          [-8.61102473119199, 41.1632966963319]
        ]
      },
      "properties": {
        "toponimo": "Rua de Antero de Quental",
        "comprimento": 5.2,
        "tipo": "Envelope",
        "objectid": 58,
        "globalid": "{0F03FA1C-045D-461C-AFEF-06AD0BBC1E3F}"
      }
    },
    {
      "type": "Feature",
      "id": 77,
      "geometry": {
        "type": "LineString",
        "coordinates": [
          [-8.60408907245758, 41.1489291822898],
          [-8.60407834202835, 41.148811029517]
        ]
      },
      "properties": {
        "toponimo": "Rua da Alegria",
        "comprimento": 13,
        "tipo": "Envelope",
        "objectid": 77,
        "globalid": "{8C8F76EB-4A04-4498-B1AA-3C59AB8303CA}"
      }
    },
    {
      "type": "Feature",
      "id": 99,
      "geometry": {
        "type": "LineString",
        "coordinates": [
          [-8.6023592823804, 41.1463320467087],
          [-8.6022949098935, 41.1463507300484]
        ]
      },
      "properties": {
        "toponimo": "Passeio de S. Lázaro",
        "comprimento": 5.5,
        "tipo": "Linha branca com Inscrição",
        "objectid": 99,
        "globalid": "{D02BE35E-6737-4202-8323-C5C565D72C7F}"
      }
    },
    {
      "type": "Feature",
      "id": 115,
      "geometry": {
        "type": "LineString",
        "coordinates": [
          [-8.63686857464876, 41.157060052727],
          [-8.63678327279608, 41.1572163692558]
        ]
      },
      "properties": {
        "toponimo": "Rua de Guerra Junqueiro",
        "comprimento": 26.5,
        "tipo": "Linha branca com Inscrição",
        "objectid": 115,
        "globalid": "{B718C5C1-CB29-491B-82E6-BF7889608BC0}"
      }
    },
    {
      "type": "Feature",
      "id": 116,
      "geometry": {
        "type": "LineString",
        "coordinates": [
          [-8.63637068957639, 41.1580296951869],
          [-8.63632224956709, 41.15813066629]
        ]
      },
      "properties": {
        "toponimo": "Rua de Guerra Junqueiro",
        "comprimento": 10.5,
        "tipo": "Envelope",
        "objectid": 116,
        "globalid": "{DD182820-26D5-436F-809E-7C8E5BEB1A1B}"
      }
    },
    {
      "type": "Feature",
      "id": 117,
      "geometry": {
        "type": "LineString",
        "coordinates": [
          [-8.63625364366236, 41.1582543929863],
          [-8.63618524566734, 41.158392722871]
        ]
      },
      "properties": {
        "toponimo": "Rua de Guerra Junqueiro",
        "comprimento": 22.5,
        "tipo": "Envelope",
        "objectid": 117,
        "globalid": "{8C5DEBEE-9BCF-450E-8F84-5F84DC1C4D5B}"
      }
    },
    {
      "type": "Feature",
      "id": 121,
      "geometry": {
        "type": "LineString",
        "coordinates": [
          [-8.63625533148756, 41.1580346706956],
          [-8.6362123177275, 41.1581285730539]
        ]
      },
      "properties": {
        "toponimo": "Rua de Guerra Junqueiro",
        "comprimento": 11,
        "tipo": "Envelope",
        "objectid": 121,
        "globalid": "{41F3AD2B-606C-400C-B148-C0876726010B}"
      }
    },
    {
      "type": "Feature",
      "id": 137,
      "geometry": {
        "type": "LineString",
        "coordinates": [
          [-8.59343067483599, 41.1626515938245],
          [-8.59349919964071, 41.162658873695]
        ]
      },
      "properties": {
        "toponimo": "Alameda de Eça de Queirós",
        "comprimento": 4.8,
        "tipo": "Envelope",
        "objectid": 137,
        "globalid": "{5561E5A4-F29A-49A3-ACDE-B6CD1CEAF9DF}"
      }
    },
    {
      "type": "Feature",
      "id": 138,
      "geometry": {
        "type": "LineString",
        "coordinates": [
          [-8.59310083530634, 41.162151143667],
          [-8.59304396450243, 41.1619924657346]
        ]
      },
      "properties": {
        "toponimo": "Praça de Francisco Sá Carneiro",
        "comprimento": 7.9,
        "tipo": "Envelope",
        "objectid": 138,
        "globalid": "{B42D30C4-4FEA-4B48-91A8-8F154A6888EA}"
      }
    },
    {
      "type": "Feature",
      "id": 154,
      "geometry": {
        "type": "LineString",
        "coordinates": [
          [-8.62831918592807, 41.1566080931071],
          [-8.62828297600721, 41.1565621501311]
        ]
      },
      "properties": {
        "toponimo": "Rua de Júlio Dinis",
        "comprimento": 9.9,
        "tipo": "Linha branca com Inscrição",
        "objectid": 154,
        "globalid": "{3D22936C-D8A1-454A-B673-3868C70AD2F0}"
      }
    },
    {
      "type": "Feature",
      "id": 161,
      "geometry": {
        "type": "LineString",
        "coordinates": [
          [-8.60736199558938, 41.16136176552],
          [-8.60729427036501, 41.1615036222987]
        ]
      },
      "properties": {
        "toponimo": "Rua de Faria Guimarães",
        "comprimento": 5.5,
        "tipo": "Linha branca com Inscrição",
        "objectid": 161,
        "globalid": "{577A38E2-B40C-44F5-A440-6AC56B4FD7A6}"
      }
    },
    {
      "type": "Feature",
      "id": 173,
      "geometry": {
        "type": "LineString",
        "coordinates": [
          [-8.60921429789802, 41.1553736144491],
          [-8.60921206027363, 41.1553317579725]
        ]
      },
      "properties": {
        "toponimo": "Rua de Fonseca Cardoso",
        "comprimento": 5.2,
        "tipo": "Linha branca com Inscrição",
        "objectid": 173,
        "globalid": "{1795D6C7-A60F-47D0-BA7F-5D19794EDA24}"
      }
    },
    {
      "type": "Feature",
      "id": 184,
      "geometry": {
        "type": "LineString",
        "coordinates": [
          [-8.62577330092853, 41.1496016910913],
          [-8.62575519547168, 41.1495209040057]
        ]
      },
      "properties": {
        "toponimo": "Rua de Júlio Dinis",
        "comprimento": 5.7,
        "tipo": "Linha branca com Inscrição",
        "objectid": 184,
        "globalid": "{55E83B9E-60CD-45EC-9F3E-0239FCA6E2CE}"
      }
    },
    {
      "type": "Feature",
      "id": 204,
      "geometry": {
        "type": "LineString",
        "coordinates": [
          [-8.61873697696014, 41.1561605375013],
          [-8.61862200060105, 41.1561404571521]
        ]
      },
      "properties": {
        "toponimo": "Rua da Boavista",
        "comprimento": 11,
        "tipo": "Linha branca com Inscrição",
        "objectid": 204,
        "globalid": "{879D5DA9-FF6C-44C7-AC42-111840EA5B91}"
      }
    },
    {
      "type": "Feature",
      "id": 208,
      "geometry": {
        "type": "LineString",
        "coordinates": [
          [-8.61012998020925, 41.1529835557894],
          [-8.61013483652354, 41.1528513301565]
        ]
      },
      "properties": {
        "toponimo": "Rua de Camões",
        "comprimento": 12.8,
        "tipo": "Linha branca com Inscrição",
        "objectid": 208,
        "globalid": "{B2B421CF-427F-43DA-BE7F-477C88569810}"
      }
    },
    {
      "type": "Feature",
      "id": 218,
      "geometry": {
        "type": "LineString",
        "coordinates": [
          [-8.62282599374336, 41.1485574777093],
          [-8.62281928974008, 41.1485155684118]
        ]
      },
      "properties": {
        "toponimo": "Rua de Adolfo Casais Monteiro",
        "comprimento": 11,
        "tipo": "Linha branca com Inscrição",
        "objectid": 218,
        "globalid": "{9A466115-E3C6-4435-A049-C57F36AD72BD}"
      }
    },
    {
      "type": "Feature",
      "id": 226,
      "geometry": {
        "type": "LineString",
        "coordinates": [
          [-8.62309232682065, 41.150555495975],
          [-8.62306651148996, 41.1503626190401]
        ]
      },
      "properties": {
        "toponimo": "Largo da Maternidade de Júlio Dinis",
        "comprimento": 22,
        "tipo": "Envelope",
        "objectid": 226,
        "globalid": "{AE13B3CB-BADE-47A1-8524-05AEF793CBDF}"
      }
    },
    {
      "type": "Feature",
      "id": 233,
      "geometry": {
        "type": "LineString",
        "coordinates": [
          [-8.61028395055426, 41.1572458763928],
          [-8.61021019063337, 41.1572554690103]
        ]
      },
      "properties": {
        "toponimo": "Rua do Paraíso",
        "comprimento": 5.5,
        "tipo": "Envelope",
        "objectid": 233,
        "globalid": "{79634AAB-6F70-42F8-B368-A003BBE10E43}"
      }
    },
    {
      "type": "Feature",
      "id": 249,
      "geometry": {
        "type": "LineString",
        "coordinates": [
          [-8.6035118881841, 41.1454078963973],
          [-8.60345088385688, 41.1454151689032]
        ]
      },
      "properties": {
        "toponimo": "Avenida de Rodrigues de Freitas",
        "comprimento": 8.5,
        "tipo": "Linha branca com Inscrição",
        "objectid": 249,
        "globalid": "{028CB2C1-B741-4EC6-9912-80D8A233C705}"
      }
    },
    {
      "type": "Feature",
      "id": 250,
      "geometry": {
        "type": "LineString",
        "coordinates": [
          [-8.62067330483183, 41.1488006047184],
          [-8.62066291105314, 41.1487566768282]
        ]
      },
      "properties": {
        "toponimo": "Rua do Rosário",
        "comprimento": 5.5,
        "tipo": "Envelope",
        "objectid": 250,
        "globalid": "{92BB0C94-DEAD-46FB-B62C-AADB29E4E101}"
      }
    },
    {
      "type": "Feature",
      "id": 253,
      "geometry": {
        "type": "LineString",
        "coordinates": [
          [-8.62067330483183, 41.1488006047184],
          [-8.62068302725514, 41.1488478148362]
        ]
      },
      "properties": {
        "toponimo": "Rua do Rosário",
        "comprimento": 5.2,
        "tipo": "Envelope",
        "objectid": 253,
        "globalid": "{9B0754D6-9465-406F-BC0A-9C5748B1D56B}"
      }
    },
    {
      "type": "Feature",
      "id": 264,
      "geometry": {
        "type": "LineString",
        "coordinates": [
          [-8.61364977603064, 41.1619368420662],
          [-8.61361893251195, 41.1619328035304]
        ]
      },
      "properties": {
        "toponimo": "Rua de Damião de Góis",
        "comprimento": 3.1,
        "tipo": "Envelope",
        "objectid": 264,
        "globalid": "{3FEBDF72-9813-494F-95FA-823D7E2ED2C6}"
      }
    },
    {
      "type": "Feature",
      "id": 267,
      "geometry": {
        "type": "LineString",
        "coordinates": [
          [-8.60300128527669, 41.1848042254901],
          [-8.60307370404579, 41.1848216360727],
          [-8.60321349502967, 41.1848545976009]
        ]
      },
      "properties": {
        "toponimo": "Rua do Mestre Guilherme Camarinha",
        "comprimento": 18.5,
        "tipo": "Envelope",
        "objectid": 267,
        "globalid": "{EF2A0C05-5161-4E43-958E-A68553E5BD21}"
      }
    },
    {
      "type": "Feature",
      "id": 274,
      "geometry": {
        "type": "LineString",
        "coordinates": [
          [-8.60454451528054, 41.1460283447281],
          [-8.60440168911008, 41.1461000465418]
        ]
      },
      "properties": {
        "toponimo": "Rua do Campinho",
        "comprimento": 11.5,
        "tipo": "Linha branca com Inscrição",
        "objectid": 274,
        "globalid": "{886A1EB0-8D3A-4F09-A1FC-5ABE3E9F1F29}"
      }
    },
    {
      "type": "Feature",
      "id": 280,
      "geometry": {
        "type": "LineString",
        "coordinates": [
          [-8.61822971976582, 41.1560748987861],
          [-8.61809896344955, 41.1560516743214]
        ]
      },
      "properties": {
        "toponimo": "Rua da Boavista",
        "comprimento": 5.8,
        "tipo": "Linha branca com Inscrição",
        "objectid": 280,
        "globalid": "{9D9DA5D1-2D51-444E-BEBC-61BEB171BAD2}"
      }
    },
    {
      "type": "Feature",
      "id": 284,
      "geometry": {
        "type": "LineString",
        "coordinates": [
          [-8.60467374497852, 41.1444788315165],
          [-8.60470492382419, 41.144412681151]
        ]
      },
      "properties": {
        "toponimo": "Rua do Duque de Loulé",
        "comprimento": 11,
        "tipo": "Linha branca com Inscrição",
        "objectid": 284,
        "globalid": "{102BADCF-30DF-4F06-A0CE-65714B86141C}"
      }
    },
    {
      "type": "Feature",
      "id": 293,
      "geometry": {
        "type": "LineString",
        "coordinates": [
          [-8.61404740811075, 41.1424290295267],
          [-8.61401890932365, 41.1423747450062]
        ]
      },
      "properties": {
        "toponimo": "Rua de S. João",
        "comprimento": 12,
        "tipo": "Linha branca com Inscrição",
        "objectid": 293,
        "globalid": "{210A0681-7901-48CE-B6B7-57C575457E01}"
      }
    },
    {
      "type": "Feature",
      "id": 298,
      "geometry": {
        "type": "LineString",
        "coordinates": [
          [-8.68119718030221, 41.1564141798046],
          [-8.68115410850139, 41.1563641234473]
        ]
      },
      "properties": {
        "toponimo": "Avenida do Brasil",
        "comprimento": 11,
        "tipo": "Envelope",
        "objectid": 298,
        "globalid": "{10CFC45A-2673-4246-A0EF-750B593C1772}"
      }
    },
    {
      "type": "Feature",
      "id": 304,
      "geometry": {
        "type": "LineString",
        "coordinates": [
          [-8.6022338733656, 41.1502160768221],
          [-8.60223739328796, 41.150269850927]
        ]
      },
      "properties": {
        "toponimo": "Rua de D. João IV",
        "comprimento": 6,
        "tipo": "Envelope",
        "objectid": 304,
        "globalid": "{44633589-4642-4F81-AC2A-E2DA44076352}"
      }
    },
    {
      "type": "Feature",
      "id": 307,
      "geometry": {
        "type": "LineString",
        "coordinates": [
          [-8.59530027845981, 41.1550604406693],
          [-8.59516080712869, 41.1553012669554]
        ]
      },
      "properties": {
        "toponimo": "Avenida de Fernão de Magalhães",
        "comprimento": 10.1,
        "tipo": "Linha branca com Inscrição",
        "objectid": 307,
        "globalid": "{053D3482-EA10-4485-AE6E-D7DCB926DC71}"
      }
    },
    {
      "type": "Feature",
      "id": 326,
      "geometry": {
        "type": "LineString",
        "coordinates": [
          [-8.61579088966723, 41.1453055055205],
          [-8.61572785895565, 41.1453352967252]
        ]
      },
      "properties": {
        "toponimo": "Campo dos Mártires da Pátria",
        "comprimento": 11.7,
        "tipo": "Envelope",
        "objectid": 326,
        "globalid": "{F9A54C06-3F19-41E7-BF77-70AF5C8703EB}"
      }
    },
    {
      "type": "Feature",
      "id": 330,
      "geometry": {
        "type": "LineString",
        "coordinates": [
          [-8.61012936995411, 41.1603276754803],
          [-8.61025070115988, 41.1600355799262]
        ]
      },
      "properties": {
        "toponimo": "Rua de S. Brás",
        "comprimento": 29,
        "tipo": "Envelope",
        "objectid": 330,
        "globalid": "{0497230B-5444-4E37-AF69-0697DAC81985}"
      }
    },
    {
      "type": "Feature",
      "id": 343,
      "geometry": {
        "type": "LineString",
        "coordinates": [
          [-8.61066409134535, 41.1590127688441],
          [-8.61068554812931, 41.1589617783266],
          [-8.61071341627563, 41.1588914685131]
        ]
      },
      "properties": {
        "toponimo": "Rua de S. Brás",
        "comprimento": 16.8,
        "tipo": "Envelope",
        "objectid": 343,
        "globalid": "{72DAA9E3-8741-4341-A3DA-86AC79709AFA}"
      }
    },
    {
      "type": "Feature",
      "id": 348,
      "geometry": {
        "type": "LineString",
        "coordinates": [
          [-8.61128568466648, 41.157310402008],
          [-8.6113044607361, 41.1572644595214]
        ]
      },
      "properties": {
        "toponimo": "Rua de S. Brás",
        "comprimento": 5.7,
        "tipo": "Envelope",
        "objectid": 348,
        "globalid": "{0D020490-56AA-490D-BA4D-63154178E758}"
      }
    },
    {
      "type": "Feature",
      "id": 349,
      "geometry": {
        "type": "LineString",
        "coordinates": [
          [-8.60271399868389, 41.1462396426963],
          [-8.60259732409605, 41.146270949228]
        ]
      },
      "properties": {
        "toponimo": "Passeio de S. Lázaro",
        "comprimento": 12,
        "tipo": "Linha branca com Inscrição",
        "objectid": 349,
        "globalid": "{596CEBBA-5F51-4BBD-9F1F-3B5BE5C1ABD8}"
      }
    },
    {
      "type": "Feature",
      "id": 359,
      "geometry": {
        "type": "LineString",
        "coordinates": [
          [-8.60302942320003, 41.163257391237],
          [-8.60299463072952, 41.1632861660724]
        ]
      },
      "properties": {
        "toponimo": "Rua do Lindo Vale",
        "comprimento": 5.5,
        "tipo": "Linha branca com Inscrição",
        "objectid": 359,
        "globalid": "{805B2C7C-A2DA-4382-A9FE-71B9C8B6F14F}"
      }
    },
    {
      "type": "Feature",
      "id": 379,
      "geometry": {
        "type": "LineString",
        "coordinates": [
          [-8.63671622007155, 41.1571262507362],
          [-8.63666592851268, 41.1572259613813]
        ]
      },
      "properties": {
        "toponimo": "Rua de Guerra Junqueiro",
        "comprimento": 33,
        "tipo": "Linha branca",
        "objectid": 379,
        "globalid": "{93E3386B-E1D6-4A26-AAA0-D586BE91E153}"
      }
    },
    {
      "type": "Feature",
      "id": 384,
      "geometry": {
        "type": "LineString",
        "coordinates": [
          [-8.6019656253762, 41.1461138188557],
          [-8.60195958959751, 41.1460618089936]
        ]
      },
      "properties": {
        "toponimo": "Rua de D. João IV",
        "comprimento": 5.5,
        "tipo": "Envelope",
        "objectid": 384,
        "globalid": "{64877458-474D-4754-ACCE-16507AA4E78B}"
      }
    },
    {
      "type": "Feature",
      "id": 391,
      "geometry": {
        "type": "LineString",
        "coordinates": [
          [-8.63610967071102, 41.1583336602901],
          [-8.63598092312918, 41.1585769938593]
        ]
      },
      "properties": {
        "toponimo": "Rua de Guerra Junqueiro",
        "comprimento": 30,
        "tipo": "Linha branca com Inscrição",
        "objectid": 391,
        "globalid": "{3819D728-CF6A-4B5E-A166-0305D35897D1}"
      }
    },
    {
      "type": "Feature",
      "id": 395,
      "geometry": {
        "type": "LineString",
        "coordinates": [
          [-8.61525729888348, 41.1425839011914],
          [-8.61525422661569, 41.1424633437497]
        ]
      },
      "properties": {
        "toponimo": "Rua de Ferreira Borges",
        "comprimento": 16.5,
        "tipo": "Envelope",
        "objectid": 395,
        "globalid": "{D333FEF6-F9D0-4C55-B97D-1F1B82F7AFB3}"
      }
    },
    {
      "type": "Feature",
      "id": 406,
      "geometry": {
        "type": "LineString",
        "coordinates": [
          [-8.62281115686935, 41.1493618208033],
          [-8.62270380528936, 41.1493750002831]
        ]
      },
      "properties": {
        "toponimo": "Rua de Miguel Bombarda",
        "comprimento": 10.5,
        "tipo": "Envelope",
        "objectid": 406,
        "globalid": "{953C4A3B-D1FA-4B43-A349-CF3CD68D86DF}"
      }
    },
    {
      "type": "Feature",
      "id": 417,
      "geometry": {
        "type": "LineString",
        "coordinates": [
          [-8.61265960848693, 41.1574565512486],
          [-8.61262255488317, 41.1575196593909]
        ]
      },
      "properties": {
        "toponimo": "Largo da Lapa",
        "comprimento": 7.5,
        "tipo": "Linha branca com Inscrição",
        "objectid": 417,
        "globalid": "{6A08FCAC-A166-4F68-AA25-DE46A1330150}"
      }
    },
    {
      "type": "Feature",
      "id": 424,
      "geometry": {
        "type": "LineString",
        "coordinates": [
          [-8.60375484188903, 41.1799440794216],
          [-8.60414862346712, 41.1800621279325]
        ]
      },
      "properties": {
        "toponimo": "Rua do Dr. Plácido da Costa",
        "comprimento": 26.8,
        "tipo": "Linha branca com Inscrição",
        "objectid": 424,
        "globalid": "{20215A45-B154-4E8D-BB31-20AFF4FE9FE7}"
      }
    },
    {
      "type": "Feature",
      "id": 440,
      "geometry": {
        "type": "LineString",
        "coordinates": [
          [-8.60947800774162, 41.1545318716876],
          [-8.60941932594962, 41.1546128842847]
        ]
      },
      "properties": {
        "toponimo": "Rua do Dr. Alfredo Magalhães",
        "comprimento": 11.3,
        "tipo": "Linha branca com Inscrição",
        "objectid": 440,
        "globalid": "{CBFFEFB6-F176-41A7-A47A-4FBB1DB6A951}"
      }
    },
    {
      "type": "Feature",
      "id": 451,
      "geometry": {
        "type": "LineString",
        "coordinates": [
          [-8.60045275602989, 41.1652461671251],
          [-8.60031941244465, 41.1653435118918]
        ]
      },
      "properties": {
        "toponimo": "Rua do Lindo Vale",
        "comprimento": 10.9,
        "tipo": "Linha branca com Inscrição",
        "objectid": 451,
        "globalid": "{53BF8C1F-4F01-4737-98E4-A58DE4BC27E0}"
      }
    },
    {
      "type": "Feature",
      "id": 452,
      "geometry": {
        "type": "LineString",
        "coordinates": [
          [-8.65027031945503, 41.1652823236718],
          [-8.65026459679766, 41.1652994873015]
        ]
      },
      "properties": {
        "toponimo": "Rua de S. João de Brito",
        "comprimento": 2.4,
        "tipo": "Linha branca com Inscrição",
        "objectid": 452,
        "globalid": "{34DF73CC-3A4A-4B92-9247-9A50F25EAFDC}"
      }
    },
    {
      "type": "Feature",
      "id": 453,
      "geometry": {
        "type": "LineString",
        "coordinates": [
          [-8.68037214039701, 41.1554565368075],
          [-8.6803461299237, 41.1554243636286]
        ]
      },
      "properties": {
        "toponimo": "Avenida do Brasil",
        "comprimento": 11,
        "tipo": "Linha branca com Inscrição",
        "objectid": 453,
        "globalid": "{01B1F122-E25B-4921-86E1-39E13887EF69}"
      }
    },
    {
      "type": "Feature",
      "id": 454,
      "geometry": {
        "type": "LineString",
        "coordinates": [
          [-8.68017554139039, 41.1552240125608],
          [-8.68011945126108, 41.1551585292721]
        ]
      },
      "properties": {
        "toponimo": "Avenida do Brasil",
        "comprimento": 11,
        "tipo": "Linha branca com Inscrição",
        "objectid": 454,
        "globalid": "{44065F56-5EAF-4243-8B14-DF779D292C18}"
      }
    },
    {
      "type": "Feature",
      "id": 456,
      "geometry": {
        "type": "LineString",
        "coordinates": [
          [-8.68191975424173, 41.1572856427434],
          [-8.68195529375418, 41.1573288076618]
        ]
      },
      "properties": {
        "toponimo": "Avenida do Brasil",
        "comprimento": 5.4,
        "tipo": "Envelope",
        "objectid": 456,
        "globalid": "{BB4C0A8E-D4BD-41D1-A3EA-F10272FB5C2A}"
      }
    },
    {
      "type": "Feature",
      "id": 457,
      "geometry": {
        "type": "LineString",
        "coordinates": [
          [-8.65014544218752, 41.1656142363137],
          [-8.65013437994452, 41.165652443604]
        ]
      },
      "properties": {
        "toponimo": "Rua de S. João de Brito",
        "comprimento": 4.7,
        "tipo": "Linha branca com Inscrição",
        "objectid": 457,
        "globalid": "{B1313319-3BD5-4C97-819B-912AFF347403}"
      }
    },
    {
      "type": "Feature",
      "id": 458,
      "geometry": {
        "type": "LineString",
        "coordinates": [
          [-8.64976773402994, 41.167289779403],
          [-8.64972136767407, 41.167283736573]
        ]
      },
      "properties": {
        "toponimo": "Rua de S. João de Brito",
        "comprimento": 4.8,
        "tipo": "Linha branca com Inscrição",
        "objectid": 458,
        "globalid": "{D0517465-522B-414B-A406-E43DA95483B0}"
      }
    },
    {
      "type": "Feature",
      "id": 464,
      "geometry": {
        "type": "LineString",
        "coordinates": [
          [-8.64974041008257, 41.1669314713321],
          [-8.64975547459001, 41.1668824112317]
        ]
      },
      "properties": {
        "toponimo": "Rua de S. João de Brito",
        "comprimento": 6.5,
        "tipo": "Linha branca com Inscrição",
        "objectid": 464,
        "globalid": "{76C3250E-C4FD-4940-88F4-DFB78F88D8E5}"
      }
    },
    {
      "type": "Feature",
      "id": 465,
      "geometry": {
        "type": "LineString",
        "coordinates": [
          [-8.68267037663124, 41.1581776591255],
          [-8.68265154024478, 41.1581545259222]
        ]
      },
      "properties": {
        "toponimo": "Avenida do Brasil",
        "comprimento": 5.7,
        "tipo": "Envelope",
        "objectid": 465,
        "globalid": "{245B90F8-9FEB-455A-8C80-A938A092C9C3}"
      }
    },
    {
      "type": "Feature",
      "id": 474,
      "geometry": {
        "type": "LineString",
        "coordinates": [
          [-8.58536248478594, 41.1609702910507],
          [-8.5849799325362, 41.1606599512296]
        ]
      },
      "properties": {
        "toponimo": "Via Futebol Clube do Porto",
        "comprimento": 17.8,
        "tipo": "Envelope",
        "objectid": 474,
        "globalid": "{34EFCB6A-BB5A-4BAF-B7B9-E4CF7782F508}"
      }
    },
    {
      "type": "Feature",
      "id": 476,
      "geometry": {
        "type": "LineString",
        "coordinates": [
          [-8.63674845459827, 41.1580248115167],
          [-8.63656202389796, 41.1579945417256]
        ]
      },
      "properties": {
        "toponimo": "Rua de António Patrício",
        "comprimento": 16.4,
        "tipo": "Envelope",
        "objectid": 476,
        "globalid": "{504802C0-F0A4-499A-A4F2-9A11B67735B6}"
      }
    },
    {
      "type": "Feature",
      "id": 478,
      "geometry": {
        "type": "LineString",
        "coordinates": [
          [-8.6366950919484, 41.1579437761472],
          [-8.63655695963401, 41.1579193911196]
        ]
      },
      "properties": {
        "toponimo": "Rua de António Patrício",
        "comprimento": 11.4,
        "tipo": "Envelope",
        "objectid": 478,
        "globalid": "{E84E9801-ABFD-4081-906A-6C71114FE93B}"
      }
    },
    {
      "type": "Feature",
      "id": 486,
      "geometry": {
        "type": "LineString",
        "coordinates": [
          [-8.59622562655537, 41.1607962639907],
          [-8.59634364312217, 41.1608081415902],
          [-8.59650495144908, 41.1608308536232]
        ]
      },
      "properties": {
        "toponimo": "Rua de Carlos Malheiro Dias",
        "comprimento": 14,
        "tipo": "Envelope",
        "objectid": 486,
        "globalid": "{E3DD559A-1E7A-47FC-A6B8-CE09F05D8CF1}"
      }
    },
    {
      "type": "Feature",
      "id": 493,
      "geometry": {
        "type": "LineString",
        "coordinates": [
          [-8.64980877249126, 41.1512120032438],
          [-8.649895011701, 41.1511623724905]
        ]
      },
      "properties": {
        "toponimo": "Rua das Condominhas",
        "comprimento": 10.5,
        "tipo": "Linha branca",
        "objectid": 493,
        "globalid": "{F7FE3FEF-A6E2-4983-BA93-A239D57E8BEA}"
      }
    },
    {
      "type": "Feature",
      "id": 495,
      "geometry": {
        "type": "LineString",
        "coordinates": [
          [-8.64837141541364, 41.1537544386842],
          [-8.64836456746696, 41.1538275972054]
        ]
      },
      "properties": {
        "toponimo": "Rua das Condominhas",
        "comprimento": 9.3,
        "tipo": "Envelope",
        "objectid": 495,
        "globalid": "{DCD30BA2-D69B-4866-87B5-F54DDF5C4EED}"
      }
    },
    {
      "type": "Feature",
      "id": 503,
      "geometry": {
        "type": "LineString",
        "coordinates": [
          [-8.60079669366268, 41.1641930591685],
          [-8.60067081442692, 41.1640893044851]
        ]
      },
      "properties": {
        "toponimo": "Rua do Lima",
        "comprimento": 16.5,
        "tipo": "Envelope",
        "objectid": 503,
        "globalid": "{28AA0588-F364-4328-B5F9-36469068E7E9}"
      }
    },
    {
      "type": "Feature",
      "id": 504,
      "geometry": {
        "type": "LineString",
        "coordinates": [
          [-8.60057175190872, 41.1640978951085],
          [-8.60074851540107, 41.1642360839118]
        ]
      },
      "properties": {
        "toponimo": "Rua do Lima",
        "comprimento": 22,
        "tipo": "Envelope",
        "objectid": 504,
        "globalid": "{699D0AF9-3804-4629-9D79-DD21655105E1}"
      }
    },
    {
      "type": "Feature",
      "id": 505,
      "geometry": {
        "type": "LineString",
        "coordinates": [
          [-8.59945107437231, 41.1648086624216],
          [-8.59948531070163, 41.164841106898]
        ]
      },
      "properties": {
        "toponimo": "Rua do Prof. Correia de Araújo",
        "comprimento": 5.5,
        "tipo": "Envelope",
        "objectid": 505,
        "globalid": "{46C3902E-F703-4F00-8647-8A97658BAF17}"
      }
    },
    {
      "type": "Feature",
      "id": 506,
      "geometry": {
        "type": "LineString",
        "coordinates": [
          [-8.59954117337265, 41.1648915309926],
          [-8.59959575031478, 41.1649496625764]
        ]
      },
      "properties": {
        "toponimo": "Rua do Prof. Correia de Araújo",
        "comprimento": 11,
        "tipo": "Envelope",
        "objectid": 506,
        "globalid": "{D8E2FDD8-273A-4D93-8BD6-D8D075AB2F55}"
      }
    },
    {
      "type": "Feature",
      "id": 508,
      "geometry": {
        "type": "LineString",
        "coordinates": [
          [-8.6660264620402, 41.1589121000767],
          [-8.66592735621288, 41.1589500895197]
        ]
      },
      "properties": {
        "toponimo": "Rua de Afonso Baldaia",
        "comprimento": 9,
        "tipo": "Linha branca com Inscrição",
        "objectid": 508,
        "globalid": "{DC06C7AE-B828-47DB-A7AE-F1D17B6EB37F}"
      }
    },
    {
      "type": "Feature",
      "id": 514,
      "geometry": {
        "type": "LineString",
        "coordinates": [
          [-8.67191255391312, 41.1704799998041],
          [-8.67194418960039, 41.1705240972109],
          [-8.67191255391312, 41.1704799998041],
          [-8.67186197423878, 41.170495604966]
        ]
      },
      "properties": {
        "toponimo": "Beco de Carreiras",
        "comprimento": 7.1,
        "tipo": "Linha branca com Inscrição",
        "objectid": 514,
        "globalid": "{EE6B760D-EC96-4DA5-9EE3-24808D73F539}"
      }
    },
    {
      "type": "Feature",
      "id": 518,
      "geometry": {
        "type": "LineString",
        "coordinates": [
          [-8.59898367935269, 41.1476093873289],
          [-8.59897104870991, 41.147574529392]
        ]
      },
      "properties": {
        "toponimo": "Rua do Duque da Terceira",
        "comprimento": 5.7,
        "tipo": "Linha branca com Inscrição",
        "objectid": 518,
        "globalid": "{D91F3C8E-F8A2-4170-9A23-F98564254765}"
      }
    },
    {
      "type": "Feature",
      "id": 519,
      "geometry": {
        "type": "LineString",
        "coordinates": [
          [-8.61682735557593, 41.1674992108058],
          [-8.61683442755039, 41.1674588615183]
        ]
      },
      "properties": {
        "toponimo": "Rua da Aliança",
        "comprimento": 5.5,
        "tipo": "Envelope",
        "objectid": 519,
        "globalid": "{62BE3345-B2DB-4D24-98C8-4BDE86AC6165}"
      }
    },
    {
      "type": "Feature",
      "id": 523,
      "geometry": {
        "type": "LineString",
        "coordinates": [
          [-8.59397520795161, 41.1669377035161],
          [-8.59393441969101, 41.1669013595359],
          [-8.59391229121672, 41.166883352955],
          [-8.59389127952756, 41.1668658956688],
          [-8.59384730734485, 41.1668354847444],
          [-8.59382355657577, 41.1668216428374],
          [-8.59380114993591, 41.1668076352721],
          [-8.59378544877628, 41.166798465926]
        ]
      },
      "properties": {
        "toponimo": "Rua de Silva Tapada",
        "comprimento": 17,
        "tipo": "Envelope",
        "objectid": 523,
        "globalid": "{8B2E8CB3-D4C3-47B7-834B-68FDA41545ED}"
      }
    },
    {
      "type": "Feature",
      "id": 526,
      "geometry": {
        "type": "LineString",
        "coordinates": [
          [-8.59296438722408, 41.1627275017438],
          [-8.59288777263893, 41.1628321201818]
        ]
      },
      "properties": {
        "toponimo": "Praça de Francisco Sá Carneiro",
        "comprimento": 6.9,
        "tipo": "Envelope",
        "objectid": 526,
        "globalid": "{8B43DF28-F21E-429B-9C6D-3964FBDF651E}"
      }
    },
    {
      "type": "Feature",
      "id": 527,
      "geometry": {
        "type": "LineString",
        "coordinates": [
          [-8.59207341379895, 41.1630911326626],
          [-8.59223920167335, 41.1630978158847]
        ]
      },
      "properties": {
        "toponimo": "Praça de Francisco Sá Carneiro",
        "comprimento": 7.9,
        "tipo": "Envelope",
        "objectid": 527,
        "globalid": "{81C0C575-C9B9-451D-87F5-19C9CE02BA35}"
      }
    },
    {
      "type": "Feature",
      "id": 528,
      "geometry": {
        "type": "LineString",
        "coordinates": [
          [-8.59363304704135, 41.1624353938378],
          [-8.59345127851407, 41.1624146405718]
        ]
      },
      "properties": {
        "toponimo": "Alameda de Eça de Queirós",
        "comprimento": 10.9,
        "tipo": "Envelope",
        "objectid": 528,
        "globalid": "{37DBE1AC-0C92-4F5E-B50B-18D90BBFC53F}"
      }
    },
    {
      "type": "Feature",
      "id": 531,
      "geometry": {
        "type": "LineString",
        "coordinates": [
          [-8.58826886170154, 41.1694301083443],
          [-8.58816844506997, 41.1693911246708]
        ]
      },
      "properties": {
        "toponimo": "Rua de Contumil",
        "comprimento": 11.1,
        "tipo": "Envelope",
        "objectid": 531,
        "globalid": "{C030495B-DC93-430C-89A4-001FF6B41AD6}"
      }
    },
    {
      "type": "Feature",
      "id": 538,
      "geometry": {
        "type": "LineString",
        "coordinates": [
          [-8.67967065270016, 41.156063404712],
          [-8.6796505439156, 41.1560400690444]
        ]
      },
      "properties": {
        "toponimo": "Rua de Gondarém",
        "comprimento": 3.4,
        "tipo": "Linha branca",
        "objectid": 538,
        "globalid": "{95482914-B7CF-443C-B949-34B06376B8C1}"
      }
    },
    {
      "type": "Feature",
      "id": 539,
      "geometry": {
        "type": "LineString",
        "coordinates": [
          [-8.62062073436449, 41.1649206156364],
          [-8.62060375643668, 41.1649934758208]
        ]
      },
      "properties": {
        "toponimo": "Rua de Serpa Pinto",
        "comprimento": 5.1,
        "tipo": "Envelope",
        "objectid": 539,
        "globalid": "{6237946D-B131-407D-898F-A7C14DC55097}"
      }
    },
    {
      "type": "Feature",
      "id": 540,
      "geometry": {
        "type": "LineString",
        "coordinates": [
          [-8.62110566037073, 41.1605672409333],
          [-8.62109973038357, 41.1606126812445]
        ]
      },
      "properties": {
        "toponimo": "Rua de Serpa Pinto",
        "comprimento": 6,
        "tipo": "Linha branca com Inscrição",
        "objectid": 540,
        "globalid": "{CC35A819-6160-478A-B2CC-6D86B8DBCC47}"
      }
    },
    {
      "type": "Feature",
      "id": 541,
      "geometry": {
        "type": "LineString",
        "coordinates": [
          [-8.64320577798372, 41.163401067118],
          [-8.64316167942689, 41.1635509206886]
        ]
      },
      "properties": {
        "toponimo": "Rua de O Primeiro de Janeiro",
        "comprimento": 17.8,
        "tipo": "Envelope",
        "objectid": 541,
        "globalid": "{413DE9BA-0719-4BF3-AC6D-8D7286AAD648}"
      }
    },
    {
      "type": "Feature",
      "id": 542,
      "geometry": {
        "type": "LineString",
        "coordinates": [
          [-8.64740546013273, 41.1625178754155],
          [-8.64736572674156, 41.1626515888582]
        ]
      },
      "properties": {
        "toponimo": "Rua de Afonso Lopes Vieira",
        "comprimento": 17.5,
        "tipo": "Envelope",
        "objectid": 542,
        "globalid": "{EE51745E-03EC-4A03-9BDF-F3A3238394EA}"
      }
    },
    {
      "type": "Feature",
      "id": 544,
      "geometry": {
        "type": "LineString",
        "coordinates": [
          [-8.61111198617254, 41.1654696090019],
          [-8.61112732729895, 41.1655099450809],
          [-8.61114493072699, 41.1655538248786]
        ]
      },
      "properties": {
        "toponimo": "Rua de Vale Formoso",
        "comprimento": 5.5,
        "tipo": "Envelope",
        "objectid": 544,
        "globalid": "{F72942B2-62C2-40D4-BD8D-ECA11F847FE5}"
      }
    },
    {
      "type": "Feature",
      "id": 547,
      "geometry": {
        "type": "LineString",
        "coordinates": [
          [-8.66818529766002, 41.1641126027384],
          [-8.6681893011243, 41.16408930886]
        ]
      },
      "properties": {
        "toponimo": "Praça da Revista O Tripeiro",
        "comprimento": 2.4,
        "tipo": "Envelope",
        "objectid": 547,
        "globalid": "{24D93351-F86B-4CDF-8F2E-238D7916DF03}"
      }
    },
    {
      "type": "Feature",
      "id": 563,
      "geometry": {
        "type": "LineString",
        "coordinates": [
          [-8.60243064881117, 41.165076863698],
          [-8.60240603940019, 41.1650407026061]
        ]
      },
      "properties": {
        "toponimo": "Rua de Álvaro de Castelões",
        "comprimento": 5.4,
        "tipo": "Envelope",
        "objectid": 563,
        "globalid": "{0F565506-370D-4FB1-B7A9-B6645D0F6508}"
      }
    },
    {
      "type": "Feature",
      "id": 564,
      "geometry": {
        "type": "LineString",
        "coordinates": [
          [-8.60204302628776, 41.1644886403837],
          [-8.60210015305005, 41.1645749133614]
        ]
      },
      "properties": {
        "toponimo": "Rua de Álvaro de Castelões",
        "comprimento": 10.3,
        "tipo": "Envelope",
        "objectid": 564,
        "globalid": "{0ACB8660-BC98-456A-B611-3B5A436A872A}"
      }
    },
    {
      "type": "Feature",
      "id": 574,
      "geometry": {
        "type": "LineString",
        "coordinates": [
          [-8.60178467836535, 41.1640924313161],
          [-8.60168987944639, 41.1639459940761]
        ]
      },
      "properties": {
        "toponimo": "Rua de Álvaro de Castelões",
        "comprimento": 16.6,
        "tipo": "Envelope",
        "objectid": 574,
        "globalid": "{A7BD6749-FD7D-4CA2-8AC4-FC2B184540C5}"
      }
    },
    {
      "type": "Feature",
      "id": 575,
      "geometry": {
        "type": "LineString",
        "coordinates": [
          [-8.60221380262473, 41.1639125228092],
          [-8.60217125163294, 41.1639441572536]
        ]
      },
      "properties": {
        "toponimo": "Rua do Lindo Vale",
        "comprimento": 5.5,
        "tipo": "Linha branca com Inscrição",
        "objectid": 575,
        "globalid": "{486801D3-EF23-4952-9A1A-220BF1B7F66B}"
      }
    },
    {
      "type": "Feature",
      "id": 576,
      "geometry": {
        "type": "LineString",
        "coordinates": [
          [-8.60161848500343, 41.1643618769968],
          [-8.60165738105436, 41.1643326005545]
        ]
      },
      "properties": {
        "toponimo": "Rua do Lindo Vale",
        "comprimento": 11.1,
        "tipo": "Linha branca com Inscrição",
        "objectid": 576,
        "globalid": "{23EFB2B8-D03A-495A-AA3D-7EA7526A34D6}"
      }
    },
    {
      "type": "Feature",
      "id": 589,
      "geometry": {
        "type": "LineString",
        "coordinates": [
          [-8.59699352834459, 41.1827336879165],
          [-8.59699505201848, 41.1828367829231]
        ]
      },
      "properties": {
        "toponimo": "Rua da Arroteia",
        "comprimento": 11,
        "tipo": "Envelope",
        "objectid": 589,
        "globalid": "{D98B7AEA-767A-4596-8D71-91533E513381}"
      }
    },
    {
      "type": "Feature",
      "id": 590,
      "geometry": {
        "type": "LineString",
        "coordinates": [
          [-8.59699029721852, 41.1830885409468],
          [-8.59698976358031, 41.1832015777868]
        ]
      },
      "properties": {
        "toponimo": "Rua da Arroteia",
        "comprimento": 11,
        "tipo": "Envelope",
        "objectid": 590,
        "globalid": "{6EBD9091-EEC1-4CB4-874E-96B7E891ED4C}"
      }
    },
    {
      "type": "Feature",
      "id": 592,
      "geometry": {
        "type": "LineString",
        "coordinates": [
          [-8.64963287421958, 41.1694322009754],
          [-8.64959636083403, 41.16945724185]
        ]
      },
      "properties": {
        "toponimo": "Rua do Dr. Aires de Gouveia Osório",
        "comprimento": 3.9,
        "tipo": "Linha branca com Inscrição",
        "objectid": 592,
        "globalid": "{BED063E7-811C-4AF7-98BD-70F7F447509C}"
      }
    },
    {
      "type": "Feature",
      "id": 595,
      "geometry": {
        "type": "LineString",
        "coordinates": [
          [-8.65580722391199, 41.1502943390369],
          [-8.65592515678283, 41.1503793442504]
        ]
      },
      "properties": {
        "toponimo": "Rua de Aleixo da Mota",
        "comprimento": 22.9,
        "tipo": "Envelope",
        "objectid": 595,
        "globalid": "{7B62AAA9-D762-4C12-BC53-39CFD52EF633}"
      }
    },
    {
      "type": "Feature",
      "id": 596,
      "geometry": {
        "type": "LineString",
        "coordinates": [
          [-8.58855791642692, 41.1713329979753],
          [-8.58845622728823, 41.1712738327963]
        ]
      },
      "properties": {
        "toponimo": "Rua de Honório de Lima",
        "comprimento": 10.7,
        "tipo": "Linha branca",
        "objectid": 596,
        "globalid": "{1C67BB16-2E02-41E6-B499-7968104DE11B}"
      }
    },
    {
      "type": "Feature",
      "id": 597,
      "geometry": {
        "type": "LineString",
        "coordinates": [
          [-8.58616260374931, 41.1748630030221],
          [-8.58611728045735, 41.1748474282281]
        ]
      },
      "properties": {
        "toponimo": "Rua de Santa Justa",
        "comprimento": 4.3,
        "tipo": "Envelope",
        "objectid": 597,
        "globalid": "{F329B346-DC92-433F-AE08-CD1F28BF6DD6}"
      }
    },
    {
      "type": "Feature",
      "id": 599,
      "geometry": {
        "type": "LineString",
        "coordinates": [
          [-8.5935900222036, 41.1672340018606],
          [-8.5937945457153, 41.1671518865926]
        ]
      },
      "properties": {
        "toponimo": "Rua de Costa Cabral",
        "comprimento": 20.1,
        "tipo": "Envelope",
        "objectid": 599,
        "globalid": "{9917ED4B-BA97-4B2D-8B40-099AB296E0F9}"
      }
    },
    {
      "type": "Feature",
      "id": 601,
      "geometry": {
        "type": "LineString",
        "coordinates": [
          [-8.59486277045322, 41.1669058499711],
          [-8.5949480455393, 41.1668784221423]
        ]
      },
      "properties": {
        "toponimo": "Rua de Costa Cabral",
        "comprimento": 7.4,
        "tipo": "Envelope",
        "objectid": 601,
        "globalid": "{B99D718F-4264-4CB3-BC1A-AAB996683623}"
      }
    },
    {
      "type": "Feature",
      "id": 602,
      "geometry": {
        "type": "LineString",
        "coordinates": [
          [-8.59251111560707, 41.1677999122214],
          [-8.59247044063404, 41.1678203558068]
        ]
      },
      "properties": {
        "toponimo": "Rua de Costa Cabral",
        "comprimento": 5.6,
        "tipo": "Linha branca com Inscrição",
        "objectid": 602,
        "globalid": "{1A567BB3-74B4-4459-8958-FBB163C7E8AE}"
      }
    },
    {
      "type": "Feature",
      "id": 603,
      "geometry": {
        "type": "LineString",
        "coordinates": [
          [-8.59078603060407, 41.1687731284127],
          [-8.59083670357136, 41.1687438574646]
        ]
      },
      "properties": {
        "toponimo": "Rua de Costa Cabral",
        "comprimento": 7.3,
        "tipo": "Envelope",
        "objectid": 603,
        "globalid": "{6AC68881-6750-4E9E-BB0B-41F5813B3487}"
      }
    },
    {
      "type": "Feature",
      "id": 604,
      "geometry": {
        "type": "LineString",
        "coordinates": [
          [-8.5872322534617, 41.1729066952633],
          [-8.58716527352987, 41.1730376193081]
        ]
      },
      "properties": {
        "toponimo": "Rua de Costa Cabral",
        "comprimento": 16.5,
        "tipo": "Envelope",
        "objectid": 604,
        "globalid": "{3597A02F-A798-4F3D-88B4-085CC805A77F}"
      }
    },
    {
      "type": "Feature",
      "id": 605,
      "geometry": {
        "type": "LineString",
        "coordinates": [
          [-8.58714238478317, 41.1730845446396],
          [-8.58710200366597, 41.1731667350259]
        ]
      },
      "properties": {
        "toponimo": "Rua de Costa Cabral",
        "comprimento": 7.2,
        "tipo": "Envelope",
        "objectid": 605,
        "globalid": "{8F13A730-CBC3-48AB-B129-4E4A8A37CC03}"
      }
    },
    {
      "type": "Feature",
      "id": 606,
      "geometry": {
        "type": "LineString",
        "coordinates": [
          [-8.58412865189317, 41.178836036485],
          [-8.58417848749895, 41.1787470830606]
        ]
      },
      "properties": {
        "toponimo": "Rua de Costa Cabral",
        "comprimento": 16.6,
        "tipo": "Envelope",
        "objectid": 606,
        "globalid": "{4249B3FD-1234-4C21-9268-0591E4C25664}"
      }
    },
    {
      "type": "Feature",
      "id": 607,
      "geometry": {
        "type": "LineString",
        "coordinates": [
          [-8.56819693416006, 41.1664534034566],
          [-8.56817116546403, 41.1665196988955]
        ]
      },
      "properties": {
        "toponimo": "Rua de Antero Antunes Albuquerque",
        "comprimento": 11,
        "tipo": "Envelope",
        "objectid": 607,
        "globalid": "{B17F7353-F94C-4083-94E7-6514D860EAE8}"
      }
    },
    {
      "type": "Feature",
      "id": 608,
      "geometry": {
        "type": "LineString",
        "coordinates": [
          [-8.63770305499958, 41.1483759917375],
          [-8.63779187378439, 41.1483813375092],
          [-8.63779157066222, 41.148381265902]
        ]
      },
      "properties": {
        "toponimo": "Rua do Ouro",
        "comprimento": 7,
        "tipo": "Envelope",
        "objectid": 608,
        "globalid": "{B9AA96AC-1E97-4186-940D-BCC434178C96}"
      }
    },
    {
      "type": "Feature",
      "id": 609,
      "geometry": {
        "type": "LineString",
        "coordinates": [
          [-8.57123121859888, 41.1621564390336],
          [-8.57117624306407, 41.1621941197126],
          [-8.57112170308783, 41.1622322678353]
        ]
      },
      "properties": {
        "toponimo": "Rua de Nossa Senhora do Calvário",
        "comprimento": 11,
        "tipo": "Envelope",
        "objectid": 609,
        "globalid": "{2A159468-B4BF-4266-B2D3-F7B54EE4BE8C}"
      }
    },
    {
      "type": "Feature",
      "id": 612,
      "geometry": {
        "type": "LineString",
        "coordinates": [
          [-8.5980185342155, 41.1654950561176],
          [-8.59795399466608, 41.1654865139592],
          [-8.59789096453979, 41.1654779323578]
        ]
      },
      "properties": {
        "toponimo": "Avenida dos Combatentes da Grande Guerra",
        "comprimento": 11,
        "tipo": "Envelope",
        "objectid": 612,
        "globalid": "{82766F29-75D0-42D7-B76E-9A4639E075BE}"
      }
    },
    {
      "type": "Feature",
      "id": 613,
      "geometry": {
        "type": "LineString",
        "coordinates": [
          [-8.60918506111541, 41.1775031256151],
          [-8.6091875582397, 41.1775408694877]
        ]
      },
      "properties": {
        "toponimo": "Rua de S. Tomé",
        "comprimento": 10.5,
        "tipo": "Envelope",
        "objectid": 613,
        "globalid": "{E772C620-E292-43D1-AEB3-309A23A04BF7}"
      }
    },
    {
      "type": "Feature",
      "id": 614,
      "geometry": {
        "type": "LineString",
        "coordinates": [
          [-8.60923526683922, 41.1788974135542],
          [-8.60923920587217, 41.1789749487194]
        ]
      },
      "properties": {
        "toponimo": "Rua de S. Tomé",
        "comprimento": 5.5,
        "tipo": "Envelope",
        "objectid": 614,
        "globalid": "{AC193CDD-EA21-401D-84CC-3CB09321F242}"
      }
    },
    {
      "type": "Feature",
      "id": 616,
      "geometry": {
        "type": "LineString",
        "coordinates": [
          [-8.62316507038657, 41.1673796345296],
          [-8.62319586089403, 41.167284345776]
        ]
      },
      "properties": {
        "toponimo": "Rua de Freire de Andrade",
        "comprimento": 11.3,
        "tipo": "Envelope",
        "objectid": 616,
        "globalid": "{0B3A56B1-9660-470C-8413-0882F48987B4}"
      }
    },
    {
      "type": "Feature",
      "id": 618,
      "geometry": {
        "type": "LineString",
        "coordinates": [
          [-8.65309072788407, 41.1591610874417],
          [-8.65305432720861, 41.1590935247453]
        ]
      },
      "properties": {
        "toponimo": "Rua do Prof. Augusto Nobre",
        "comprimento": 5.5,
        "tipo": "Envelope",
        "objectid": 618,
        "globalid": "{10F19D08-88E8-4BED-B0D8-EB970DD0EBB3}"
      }
    },
    {
      "type": "Feature",
      "id": 619,
      "geometry": {
        "type": "LineString",
        "coordinates": [
          [-8.60906176246736, 41.1543496793606],
          [-8.60888586740861, 41.1543477758417]
        ]
      },
      "properties": {
        "toponimo": "Rua do Régulo Magauanha",
        "comprimento": 12,
        "tipo": "Linha branca",
        "objectid": 619,
        "globalid": "{29DA1DCA-A97A-4DAF-9071-1C8E95D65962}"
      }
    },
    {
      "type": "Feature",
      "id": 632,
      "geometry": {
        "type": "LineString",
        "coordinates": [
          [-8.61619442916096, 41.1603755236289],
          [-8.61617621708294, 41.1604164725127]
        ]
      },
      "properties": {
        "toponimo": "Rua de Alves Redol",
        "comprimento": 5.6,
        "tipo": "Envelope",
        "objectid": 632,
        "globalid": "{19A762C7-777D-45C9-8998-477594EFBD45}"
      }
    },
    {
      "type": "Feature",
      "id": 633,
      "geometry": {
        "type": "LineString",
        "coordinates": [
          [-8.61557017554704, 41.1619804524031],
          [-8.61553720817179, 41.1620333730169]
        ]
      },
      "properties": {
        "toponimo": "Rua de Alves Redol",
        "comprimento": 5.5,
        "tipo": "Linha branca",
        "objectid": 633,
        "globalid": "{2BC1C5B1-C67F-4A0F-A9B8-216672F35BD1}"
      }
    },
    {
      "type": "Feature",
      "id": 651,
      "geometry": {
        "type": "LineString",
        "coordinates": [
          [-8.6049837123893, 41.1604635667508],
          [-8.60494440928874, 41.1604528415044]
        ]
      },
      "properties": {
        "toponimo": "Praça do Marquês de Pombal",
        "comprimento": 5.5,
        "tipo": "Envelope",
        "objectid": 651,
        "globalid": "{5A1E20BB-3001-4EB3-ACFA-673D30777E50}"
      }
    },
    {
      "type": "Feature",
      "id": 652,
      "geometry": {
        "type": "LineString",
        "coordinates": [
          [-8.60513456795675, 41.1654659655284],
          [-8.6050618902331, 41.1654666892472]
        ]
      },
      "properties": {
        "toponimo": "Rua de Bolama",
        "comprimento": 5.5,
        "tipo": "Linha branca com Inscrição",
        "objectid": 652,
        "globalid": "{7140299D-9534-4EE0-9445-059E6D42DE52}"
      }
    },
    {
      "type": "Feature",
      "id": 653,
      "geometry": {
        "type": "LineString",
        "coordinates": [
          [-8.60801096687942, 41.1665453573781],
          [-8.60818800784851, 41.166554079143]
        ]
      },
      "properties": {
        "toponimo": "Rua do Covelo",
        "comprimento": 16.5,
        "tipo": "Envelope",
        "objectid": 653,
        "globalid": "{3C7877B9-9FA0-4C01-BA0B-28784C364330}"
      }
    },
    {
      "type": "Feature",
      "id": 654,
      "geometry": {
        "type": "LineString",
        "coordinates": [
          [-8.60679061767571, 41.1665102807652],
          [-8.60707543783616, 41.16652929592]
        ]
      },
      "properties": {
        "toponimo": "Rua do Covelo",
        "comprimento": 21,
        "tipo": "Linha branca com Inscrição",
        "objectid": 654,
        "globalid": "{8A998544-60DF-4CCE-9334-934260F21FBA}"
      }
    },
    {
      "type": "Feature",
      "id": 659,
      "geometry": {
        "type": "LineString",
        "coordinates": [
          [-8.60541809111893, 41.1649409688765],
          [-8.60541621710718, 41.1648465841085]
        ]
      },
      "properties": {
        "toponimo": "Rua do Visconde de Setúbal",
        "comprimento": 10.7,
        "tipo": "Envelope",
        "objectid": 659,
        "globalid": "{21EF78A2-3DA1-46B7-9D1F-4E63F91156D9}"
      }
    },
    {
      "type": "Feature",
      "id": 660,
      "geometry": {
        "type": "LineString",
        "coordinates": [
          [-8.60527705385227, 41.162546923658],
          [-8.60526807693143, 41.1624094389782]
        ]
      },
      "properties": {
        "toponimo": "Rua do Visconde de Setúbal",
        "comprimento": 18,
        "tipo": "Linha branca com Inscrição",
        "objectid": 660,
        "globalid": "{7B54D8A3-61C0-4B05-B39F-A1112519035E}"
      }
    },
    {
      "type": "Feature",
      "id": 661,
      "geometry": {
        "type": "LineString",
        "coordinates": [
          [-8.60518856637028, 41.1621474072246],
          [-8.60519673461773, 41.1622471139215]
        ]
      },
      "properties": {
        "toponimo": "Rua do Visconde de Setúbal",
        "comprimento": 16.5,
        "tipo": "Linha branca com Inscrição",
        "objectid": 661,
        "globalid": "{C11F892B-BCA0-4A7E-928A-14A63A8242DE}"
      }
    },
    {
      "type": "Feature",
      "id": 665,
      "geometry": {
        "type": "LineString",
        "coordinates": [
          [-8.59558638243977, 41.1462518534596],
          [-8.59554189311759, 41.1462185403248]
        ]
      },
      "properties": {
        "toponimo": "Largo de Soares dos Reis",
        "comprimento": 12,
        "tipo": "Envelope",
        "objectid": 665,
        "globalid": "{3C1972BC-99FA-4BBB-A2C2-ECD38B285D86}"
      }
    },
    {
      "type": "Feature",
      "id": 666,
      "geometry": {
        "type": "LineString",
        "coordinates": [
          [-8.5961721444132, 41.146409511449],
          [-8.59621995834206, 41.1463559044316]
        ]
      },
      "properties": {
        "toponimo": "Largo de Soares dos Reis",
        "comprimento": 12,
        "tipo": "Linha branca com Inscrição",
        "objectid": 666,
        "globalid": "{7B05D1B1-4CCB-499C-998D-7171C2BF37A2}"
      }
    },
    {
      "type": "Feature",
      "id": 667,
      "geometry": {
        "type": "LineString",
        "coordinates": [
          [-8.59618060430621, 41.1458949544252],
          [-8.59620086271584, 41.1459354007411]
        ]
      },
      "properties": {
        "toponimo": "Largo de Soares dos Reis",
        "comprimento": 5.5,
        "tipo": "Linha branca",
        "objectid": 667,
        "globalid": "{F3356540-0828-4FC4-AC37-1F216098D21E}"
      }
    },
    {
      "type": "Feature",
      "id": 670,
      "geometry": {
        "type": "LineString",
        "coordinates": [
          [-8.61042827894229, 41.15159523439],
          [-8.61047599657489, 41.1515289482814]
        ]
      },
      "properties": {
        "toponimo": "Rua dos Heróis e dos Mártires de Angola",
        "comprimento": 9.9,
        "tipo": "Envelope",
        "objectid": 670,
        "globalid": "{9816AF71-7942-4772-B795-6637288C1669}"
      }
    },
    {
      "type": "Feature",
      "id": 674,
      "geometry": {
        "type": "LineString",
        "coordinates": [
          [-8.61086689054171, 41.1479403118332],
          [-8.61085060042353, 41.1479860837318]
        ]
      },
      "properties": {
        "toponimo": "Avenida dos Aliados",
        "comprimento": 11,
        "tipo": "Envelope",
        "objectid": 674,
        "globalid": "{9C169340-3B1A-4283-BC15-63F382EF29E5}"
      }
    },
    {
      "type": "Feature",
      "id": 675,
      "geometry": {
        "type": "LineString",
        "coordinates": [
          [-8.61136446232057, 41.1477884199192],
          [-8.61137247296291, 41.1477408337271]
        ]
      },
      "properties": {
        "toponimo": "Avenida dos Aliados",
        "comprimento": 11,
        "tipo": "Envelope",
        "objectid": 675,
        "globalid": "{EDEA6976-FEED-494A-9C12-298FCB4D4577}"
      }
    },
    {
      "type": "Feature",
      "id": 676,
      "geometry": {
        "type": "LineString",
        "coordinates": [
          [-8.66241816567437, 41.1644158243204],
          [-8.66238651314289, 41.1644565792812]
        ]
      },
      "properties": {
        "toponimo": "Avenida do Dr. Antunes Guimarães",
        "comprimento": 12,
        "tipo": "Linha branca com Inscrição",
        "objectid": 676,
        "globalid": "{5C2CB16D-32EC-4424-8FEE-2C064EAED057}"
      }
    },
    {
      "type": "Feature",
      "id": 679,
      "geometry": {
        "type": "LineString",
        "coordinates": [
          [-8.64719378148698, 41.1632431449814],
          [-8.64716559412753, 41.1633324919942]
        ]
      },
      "properties": {
        "toponimo": "Rua de Afonso Lopes Vieira",
        "comprimento": 11,
        "tipo": "Linha branca com Inscrição",
        "objectid": 679,
        "globalid": "{2F1D0781-EDE4-4838-BD6B-BD13A25B3F17}"
      }
    },
    {
      "type": "Feature",
      "id": 683,
      "geometry": {
        "type": "LineString",
        "coordinates": [
          [-8.6278712579193, 41.1578560174251],
          [-8.62786971113466, 41.1578843319216]
        ]
      },
      "properties": {
        "toponimo": "Praça de Mouzinho de Albuquerque",
        "comprimento": 1.12,
        "tipo": "Envelope",
        "objectid": 683,
        "globalid": "{AAE507B9-A7CE-4975-AD97-2D2A3251D9E4}"
      }
    },
    {
      "type": "Feature",
      "id": 693,
      "geometry": {
        "type": "LineString",
        "coordinates": [
          [-8.61330348311198, 41.1459363668839],
          [-8.61323065542402, 41.1459455685626]
        ]
      },
      "properties": {
        "toponimo": "Rua dos Clérigos",
        "comprimento": 10,
        "tipo": "Envelope",
        "objectid": 693,
        "globalid": "{53A90007-3407-4D96-823D-2CDB4B77A12D}"
      }
    },
    {
      "type": "Feature",
      "id": 694,
      "geometry": {
        "type": "LineString",
        "coordinates": [
          [-8.60468941880739, 41.1418768979778],
          [-8.60477754400723, 41.1418806260678],
          [-8.60487794075513, 41.1418822859548]
        ]
      },
      "properties": {
        "toponimo": "Avenida de Gustavo Eiffel",
        "comprimento": 17,
        "tipo": "Envelope",
        "objectid": 694,
        "globalid": "{B61F5218-906E-4EB9-A530-B343C5123D48}"
      }
    },
    {
      "type": "Feature",
      "id": 704,
      "geometry": {
        "type": "LineString",
        "coordinates": [
          [-8.60713524820709, 41.1523967337193],
          [-8.60702477586006, 41.1523712368273],
          [-8.60702544656468, 41.1523712367691],
          [-8.6070261172693, 41.152371236711]
        ]
      },
      "properties": {
        "toponimo": "Rua de Guedes de Azevedo",
        "comprimento": 11.2,
        "tipo": "Envelope",
        "objectid": 704,
        "globalid": "{6C0EE7D0-6F8B-48FF-93DD-C28B0EF50A31}"
      }
    },
    {
      "type": "Feature",
      "id": 709,
      "geometry": {
        "type": "LineString",
        "coordinates": [
          [-8.60711243974517, 41.1470445590577],
          [-8.60705142082013, 41.147031430543]
        ]
      },
      "properties": {
        "toponimo": "Rua de Passos Manuel",
        "comprimento": 11.5,
        "tipo": "Linha branca com Inscrição",
        "objectid": 709,
        "globalid": "{952BF187-8F2D-4CA4-A3F8-CB87DA3143C8}"
      }
    },
    {
      "type": "Feature",
      "id": 710,
      "geometry": {
        "type": "LineString",
        "coordinates": [
          [-8.60444368138079, 41.1465517353723],
          [-8.6043927186139, 41.1465416365889]
        ]
      },
      "properties": {
        "toponimo": "Rua de Passos Manuel",
        "comprimento": 11.5,
        "tipo": "Linha branca com Inscrição",
        "objectid": 710,
        "globalid": "{1252AE73-7952-4532-BD70-761A6123F44F}"
      }
    },
    {
      "type": "Feature",
      "id": 711,
      "geometry": {
        "type": "LineString",
        "coordinates": [
          [-8.60484746279308, 41.1618847218196],
          [-8.6049232345159, 41.1618943135459]
        ]
      },
      "properties": {
        "toponimo": "Rua da Constituição",
        "comprimento": 11,
        "tipo": "Linha branca com Inscrição",
        "objectid": 711,
        "globalid": "{7D3FE80A-DCDE-499D-9EDF-9DD8A05C8949}"
      }
    },
    {
      "type": "Feature",
      "id": 713,
      "geometry": {
        "type": "LineString",
        "coordinates": [
          [-8.60095899609062, 41.1613923555945],
          [-8.60088036712512, 41.1613815824874]
        ]
      },
      "properties": {
        "toponimo": "Rua da Constituição",
        "comprimento": 7.1,
        "tipo": "Envelope",
        "objectid": 713,
        "globalid": "{CEC2BC5A-586A-4CFB-B779-B059602AA3FF}"
      }
    },
    {
      "type": "Feature",
      "id": 714,
      "geometry": {
        "type": "LineString",
        "coordinates": [
          [-8.60599442523112, 41.1620336444902],
          [-8.60593139380332, 41.162025062784]
        ]
      },
      "properties": {
        "toponimo": "Rua da Constituição",
        "comprimento": 11,
        "tipo": "Linha branca com Inscrição",
        "objectid": 714,
        "globalid": "{63D32284-0BE6-4C78-AAAC-47186096135D}"
      }
    },
    {
      "type": "Feature",
      "id": 716,
      "geometry": {
        "type": "LineString",
        "coordinates": [
          [-8.60157132245711, 41.1614719207363],
          [-8.60141843938052, 41.1614527373658]
        ]
      },
      "properties": {
        "toponimo": "Rua da Constituição",
        "comprimento": 5,
        "tipo": "Envelope",
        "objectid": 716,
        "globalid": "{4866C28B-AFBC-443D-AE3C-F1B445C147F9}"
      }
    },
    {
      "type": "Feature",
      "id": 718,
      "geometry": {
        "type": "LineString",
        "coordinates": [
          [-8.60556863143707, 41.161983163002],
          [-8.60563501441017, 41.1619917446643]
        ]
      },
      "properties": {
        "toponimo": "Rua da Constituição",
        "comprimento": 11,
        "tipo": "Linha branca com Inscrição",
        "objectid": 718,
        "globalid": "{90DECB0A-7C6B-43C9-A463-6CC04B546154}"
      }
    },
    {
      "type": "Feature",
      "id": 721,
      "geometry": {
        "type": "LineString",
        "coordinates": [
          [-8.60772744101478, 41.16225480097],
          [-8.60766038669611, 41.1622462187784]
        ]
      },
      "properties": {
        "toponimo": "Rua da Constituição",
        "comprimento": 5.5,
        "tipo": "Linha branca com Inscrição",
        "objectid": 721,
        "globalid": "{0857A983-51A2-4455-A5B1-22505DF553D6}"
      }
    },
    {
      "type": "Feature",
      "id": 726,
      "geometry": {
        "type": "LineString",
        "coordinates": [
          [-8.60795609555354, 41.1622830713509],
          [-8.60788501851345, 41.1622729742356]
        ]
      },
      "properties": {
        "toponimo": "Rua da Constituição",
        "comprimento": 11,
        "tipo": "Linha branca com Inscrição",
        "objectid": 726,
        "globalid": "{76A16DC9-381E-4D41-B307-4D2B858D3128}"
      }
    },
    {
      "type": "Feature",
      "id": 727,
      "geometry": {
        "type": "LineString",
        "coordinates": [
          [-8.6153081986117, 41.1631941392578],
          [-8.61530788726901, 41.1631950653066],
          [-8.61523175665501, 41.1631845481705],
          [-8.61540479135502, 41.1632082930595],
          [-8.61540688258057, 41.16320798716]
        ]
      },
      "properties": {
        "toponimo": "Rua da Constituição",
        "comprimento": 20.5,
        "tipo": "Linha branca com Inscrição",
        "objectid": 727,
        "globalid": "{DB079742-15BD-4809-A5E7-0B486C34E5BF}"
      }
    },
    {
      "type": "Feature",
      "id": 736,
      "geometry": {
        "type": "LineString",
        "coordinates": [
          [-8.60854029237074, 41.1536327732024],
          [-8.60865488329176, 41.153633848032]
        ]
      },
      "properties": {
        "toponimo": "Rua de Gonçalo Cristovão",
        "comprimento": 10.4,
        "tipo": "Linha branca com Inscrição",
        "objectid": 736,
        "globalid": "{DA6C525F-A41E-4565-BA01-0EEB15ECEE21}"
      }
    },
    {
      "type": "Feature",
      "id": 739,
      "geometry": {
        "type": "LineString",
        "coordinates": [
          [-8.61209559015519, 41.1587930979423],
          [-8.61206206295294, 41.1589152714296]
        ]
      },
      "properties": {
        "toponimo": "Rua de Antero de Quental",
        "comprimento": 10.5,
        "tipo": "Linha branca com Inscrição",
        "objectid": 739,
        "globalid": "{DC334F25-0E65-47D4-A2BB-E5A217C66366}"
      }
    },
    {
      "type": "Feature",
      "id": 740,
      "geometry": {
        "type": "LineString",
        "coordinates": [
          [-8.61196550355701, 41.1592792655865],
          [-8.61194002294987, 41.1593660986463]
        ]
      },
      "properties": {
        "toponimo": "Rua de Antero de Quental",
        "comprimento": 10,
        "tipo": "Linha branca com Inscrição",
        "objectid": 740,
        "globalid": "{571D5DFE-B6F2-4E05-9852-DEAF23B578CA}"
      }
    },
    {
      "type": "Feature",
      "id": 746,
      "geometry": {
        "type": "LineString",
        "coordinates": [
          [-8.60410918795438, 41.1491584176994],
          [-8.60412259848649, 41.1493028243219]
        ]
      },
      "properties": {
        "toponimo": "Rua da Alegria",
        "comprimento": 11.6,
        "tipo": "Linha branca com Inscrição",
        "objectid": 746,
        "globalid": "{832DCBE4-CD33-4F3D-8118-D130348DA282}"
      }
    },
    {
      "type": "Feature",
      "id": 749,
      "geometry": {
        "type": "LineString",
        "coordinates": [
          [-8.60685707260059, 41.1507872788194],
          [-8.6069133968967, 41.1506852862126]
        ]
      },
      "properties": {
        "toponimo": "Rua de Sá da Bandeira",
        "comprimento": 10.3,
        "tipo": "Envelope",
        "objectid": 749,
        "globalid": "{8E5517CD-4CF7-40E3-9E7E-3BB737DADFBC}"
      }
    },
    {
      "type": "Feature",
      "id": 760,
      "geometry": {
        "type": "LineString",
        "coordinates": [
          [-8.60000816067188, 41.1620044074557],
          [-8.59997597645414, 41.1620801311545]
        ]
      },
      "properties": {
        "toponimo": "Rua da Alegria",
        "comprimento": 6,
        "tipo": "Envelope",
        "objectid": 760,
        "globalid": "{8AC0737C-FFC7-481D-BC3D-7849836F4560}"
      }
    },
    {
      "type": "Feature",
      "id": 773,
      "geometry": {
        "type": "LineString",
        "coordinates": [
          [-8.60832733857147, 41.1517547349461],
          [-8.6082971634743, 41.1518410743348]
        ]
      },
      "properties": {
        "toponimo": "Rua do Bonjardim",
        "comprimento": 11.5,
        "tipo": "Linha branca com Inscrição",
        "objectid": 773,
        "globalid": "{93B330B1-AAEB-4BA5-AC62-B4F99E97684E}"
      }
    },
    {
      "type": "Feature",
      "id": 787,
      "geometry": {
        "type": "LineString",
        "coordinates": [
          [-8.61834483647932, 41.1447962445742],
          [-8.61834885979246, 41.144859363531]
        ]
      },
      "properties": {
        "toponimo": "Rua de Azevedo de Albuquerque",
        "comprimento": 5.6,
        "tipo": "Envelope",
        "objectid": 787,
        "globalid": "{C3B8FDA1-1559-41B1-87BE-9A3AD6894DA4}"
      }
    },
    {
      "type": "Feature",
      "id": 792,
      "geometry": {
        "type": "LineString",
        "coordinates": [
          [-8.61816028419771, 41.1526047859509],
          [-8.61819789515948, 41.1526862556273]
        ]
      },
      "properties": {
        "toponimo": "Rua de Cedofeita",
        "comprimento": 10.7,
        "tipo": "Linha branca com Inscrição",
        "objectid": 792,
        "globalid": "{4CF0EFB6-4387-4963-AFD3-3A0C6CE0BDBF}"
      }
    },
    {
      "type": "Feature",
      "id": 798,
      "geometry": {
        "type": "LineString",
        "coordinates": [
          [-8.63648039055128, 41.1592368265866],
          [-8.63641534799889, 41.1592242048899],
          [-8.63635164699022, 41.159213604172]
        ]
      },
      "properties": {
        "toponimo": "Avenida da Boavista",
        "comprimento": 6.7,
        "tipo": "Envelope",
        "objectid": 798,
        "globalid": "{487170D5-5E0A-4077-B33F-9CDEB4A4A6BB}"
      }
    },
    {
      "type": "Feature",
      "id": 800,
      "geometry": {
        "type": "LineString",
        "coordinates": [
          [-8.63704499120443, 41.159325675358],
          [-8.6369564794011, 41.1593105309772]
        ]
      },
      "properties": {
        "toponimo": "Avenida da Boavista",
        "comprimento": 4.9,
        "tipo": "Envelope",
        "objectid": 800,
        "globalid": "{2BFFA622-9E14-48CB-BAA8-43B7D652F9F1}"
      }
    },
    {
      "type": "Feature",
      "id": 808,
      "geometry": {
        "type": "LineString",
        "coordinates": [
          [-8.61878008563054, 41.1542274966972],
          [-8.61880449387131, 41.1543001408261]
        ]
      },
      "properties": {
        "toponimo": "Rua de Cedofeita",
        "comprimento": 9.4,
        "tipo": "Linha branca com Inscrição",
        "objectid": 808,
        "globalid": "{3000F7F6-02E5-4F0D-B436-F6EF729F78C1}"
      }
    },
    {
      "type": "Feature",
      "id": 812,
      "geometry": {
        "type": "LineString",
        "coordinates": [
          [-8.64281984238789, 41.1601094684065],
          [-8.64265890980573, 41.1600781691253]
        ]
      },
      "properties": {
        "toponimo": "Avenida da Boavista",
        "comprimento": 11.3,
        "tipo": "Envelope",
        "objectid": 812,
        "globalid": "{5C99504A-8A34-4CCA-BC19-EDD00A19A6A5}"
      }
    },
    {
      "type": "Feature",
      "id": 814,
      "geometry": {
        "type": "LineString",
        "coordinates": [
          [-8.59296042245286, 41.1607673972875],
          [-8.59315319947788, 41.1607072987847]
        ]
      },
      "properties": {
        "toponimo": "Rua Nova de S. Crispim",
        "comprimento": 11,
        "tipo": "Linha branca com Inscrição",
        "objectid": 814,
        "globalid": "{7104F253-A3BA-45DB-B95E-DFE0762EDA8C}"
      }
    },
    {
      "type": "Feature",
      "id": 818,
      "geometry": {
        "type": "LineString",
        "coordinates": [
          [-8.59370011380201, 41.1604172964741],
          [-8.59361253197951, 41.1604427426618]
        ]
      },
      "properties": {
        "toponimo": "Rua Nova de S. Crispim",
        "comprimento": 6.3,
        "tipo": "Linha branca com Inscrição",
        "objectid": 818,
        "globalid": "{2069F625-0B37-499C-8F41-865323C8E547}"
      }
    },
    {
      "type": "Feature",
      "id": 828,
      "geometry": {
        "type": "LineString",
        "coordinates": [
          [-8.62498946280723, 41.1660198569915],
          [-8.62495744021403, 41.1658105241912]
        ]
      },
      "properties": {
        "toponimo": "Praça do Exército Libertador",
        "comprimento": 10.7,
        "tipo": "Envelope",
        "objectid": 828,
        "globalid": "{56CFF86C-7411-43A1-AC09-5897E30A0530}"
      }
    },
    {
      "type": "Feature",
      "id": 834,
      "geometry": {
        "type": "LineString",
        "coordinates": [
          [-8.63838232897218, 41.1543790800997],
          [-8.63855286155295, 41.154413257992]
        ]
      },
      "properties": {
        "toponimo": "Rua de António Nobre",
        "comprimento": 16.5,
        "tipo": "Linha branca com Inscrição",
        "objectid": 834,
        "globalid": "{AB5B4595-F9DB-4FCC-BC2D-58C6C7F9D628}"
      }
    },
    {
      "type": "Feature",
      "id": 842,
      "geometry": {
        "type": "LineString",
        "coordinates": [
          [-8.63746609391243, 41.1592115796839],
          [-8.63729041021866, 41.1591802798512]
        ]
      },
      "properties": {
        "toponimo": "Avenida da Boavista",
        "comprimento": 9.5,
        "tipo": "Envelope",
        "objectid": 842,
        "globalid": "{58E3ED43-8AB9-4322-9DAD-56784B29F2F7}"
      }
    },
    {
      "type": "Feature",
      "id": 847,
      "geometry": {
        "type": "LineString",
        "coordinates": [
          [-8.63424613353822, 41.1588553779498],
          [-8.63410934160161, 41.1588331641112]
        ]
      },
      "properties": {
        "toponimo": "Avenida da Boavista",
        "comprimento": 12.5,
        "tipo": "Envelope",
        "objectid": 847,
        "globalid": "{040CCCDC-DE26-4AA6-A63B-3905DB6782BE}"
      }
    },
    {
      "type": "Feature",
      "id": 849,
      "geometry": {
        "type": "LineString",
        "coordinates": [
          [-8.63245327060571, 41.1585491296683],
          [-8.63231379631038, 41.1585259042304]
        ]
      },
      "properties": {
        "toponimo": "Avenida da Boavista",
        "comprimento": 12.4,
        "tipo": "Envelope",
        "objectid": 849,
        "globalid": "{C043BF7D-A4F7-4405-962B-14309AFE11DC}"
      }
    },
    {
      "type": "Feature",
      "id": 851,
      "geometry": {
        "type": "LineString",
        "coordinates": [
          [-8.63358004029929, 41.1587462113593],
          [-8.63352559643686, 41.1587356219804]
        ]
      },
      "properties": {
        "toponimo": "Avenida da Boavista",
        "comprimento": 5.5,
        "tipo": "Envelope",
        "objectid": 851,
        "globalid": "{307062FB-794C-4708-A811-AF634F092925}"
      }
    },
    {
      "type": "Feature",
      "id": 866,
      "geometry": {
        "type": "LineString",
        "coordinates": [
          [-8.60622177404293, 41.1518834149824],
          [-8.60616608602398, 41.1519828969064]
        ]
      },
      "properties": {
        "toponimo": "Rua de Sá da Bandeira",
        "comprimento": 10.8,
        "tipo": "Linha branca com Inscrição",
        "objectid": 866,
        "globalid": "{ED480910-79B3-46EC-9AAD-50569BBE04D6}"
      }
    },
    {
      "type": "Feature",
      "id": 869,
      "geometry": {
        "type": "LineString",
        "coordinates": [
          [-8.60549940828854, 41.1531273796693],
          [-8.60552153692127, 41.1530905223391]
        ]
      },
      "properties": {
        "toponimo": "Rua de Sá da Bandeira",
        "comprimento": 10.7,
        "tipo": "Envelope",
        "objectid": 869,
        "globalid": "{CEC07F1E-4A55-476E-9CFD-32907D495B16}"
      }
    },
    {
      "type": "Feature",
      "id": 870,
      "geometry": {
        "type": "LineString",
        "coordinates": [
          [-8.60658049053281, 41.151088676194],
          [-8.60652349426741, 41.1511871326814]
        ]
      },
      "properties": {
        "toponimo": "Rua de Sá da Bandeira",
        "comprimento": 10.7,
        "tipo": "Linha branca com Inscrição",
        "objectid": 870,
        "globalid": "{7544C8FA-D117-4484-850A-4A049CF329EB}"
      }
    },
    {
      "type": "Feature",
      "id": 871,
      "geometry": {
        "type": "LineString",
        "coordinates": [
          [-8.60638267981266, 41.1516110457459],
          [-8.60636256276663, 41.1516453782676]
        ]
      },
      "properties": {
        "toponimo": "Rua de Sá da Bandeira",
        "comprimento": 10.3,
        "tipo": "Linha branca com Inscrição",
        "objectid": 871,
        "globalid": "{952E770B-5D37-46E1-8832-026880702C5C}"
      }
    },
    {
      "type": "Feature",
      "id": 873,
      "geometry": {
        "type": "LineString",
        "coordinates": [
          [-8.60586938752138, 41.1523136077729],
          [-8.60584171930304, 41.1523596867579]
        ]
      },
      "properties": {
        "toponimo": "Rua de Sá da Bandeira",
        "comprimento": 10.5,
        "tipo": "Linha branca com Inscrição",
        "objectid": 873,
        "globalid": "{8E3C2B5A-9421-4BEF-AFBD-71337F2E4E77}"
      }
    },
    {
      "type": "Feature",
      "id": 874,
      "geometry": {
        "type": "LineString",
        "coordinates": [
          [-8.60564659301842, 41.1526921609963],
          [-8.60562614097254, 41.1527252314471]
        ]
      },
      "properties": {
        "toponimo": "Rua de Sá da Bandeira",
        "comprimento": 15.2,
        "tipo": "Envelope",
        "objectid": 874,
        "globalid": "{0282BC81-7F8D-43B7-A2CE-1EB06FB34F51}"
      }
    },
    {
      "type": "Feature",
      "id": 909,
      "geometry": {
        "type": "LineString",
        "coordinates": [
          [-8.62076349272909, 41.1492610938954],
          [-8.62075645247585, 41.1492252449369]
        ]
      },
      "properties": {
        "toponimo": "Rua do Rosário",
        "comprimento": 5.4,
        "tipo": "Envelope",
        "objectid": 909,
        "globalid": "{3E79F396-2D9F-4119-AFB3-B8AB32943795}"
      }
    },
    {
      "type": "Feature",
      "id": 912,
      "geometry": {
        "type": "LineString",
        "coordinates": [
          [-8.61346222709226, 41.1622268734265],
          [-8.61343131353736, 41.162222561401],
          [-8.61344676971859, 41.1622247174173],
          [-8.61333825423308, 41.1622121631253]
        ]
      },
      "properties": {
        "toponimo": "Rua de Damião de Góis",
        "comprimento": 2.7,
        "tipo": "Envelope",
        "objectid": 912,
        "globalid": "{0F2B336B-BFB0-418F-9BF5-B411386D2C7E}"
      }
    },
    {
      "type": "Feature",
      "id": 914,
      "geometry": {
        "type": "LineString",
        "coordinates": [
          [-8.63238915425028, 41.1577168364745],
          [-8.63234556874865, 41.1576713994865]
        ]
      },
      "properties": {
        "toponimo": "Rua de Agramonte",
        "comprimento": 6.1,
        "tipo": "Envelope",
        "objectid": 914,
        "globalid": "{78B33409-7010-4E1B-B87A-21DB6B3D0128}"
      }
    },
    {
      "type": "Feature",
      "id": 944,
      "geometry": {
        "type": "LineString",
        "coordinates": [
          [-8.64296624001485, 41.1645485860328],
          [-8.64304429321282, 41.1642991249187]
        ]
      },
      "properties": {
        "toponimo": "Rua de O Primeiro de Janeiro",
        "comprimento": 28.5,
        "tipo": "Envelope",
        "objectid": 944,
        "globalid": "{173A7B09-BF69-4FFB-ACF0-2FECDDDA7C08}"
      }
    },
    {
      "type": "Feature",
      "id": 945,
      "geometry": {
        "type": "LineString",
        "coordinates": [
          [-8.64700063531642, 41.163812016228],
          [-8.64701405118965, 41.1637896787597],
          [-8.64702013982682, 41.1637786996279],
          [-8.64702544952941, 41.1637665408021],
          [-8.64703142772784, 41.1637548472186],
          [-8.64703416426565, 41.1637494630255],
          [-8.64703600794415, 41.1637431103485],
          [-8.64703841134454, 41.1637371783775],
          [-8.64704025457468, 41.1637306159015],
          [-8.64704388231975, 41.163718363731]
        ]
      },
      "properties": {
        "toponimo": "Rua de Afonso Lopes Vieira",
        "comprimento": 11.5,
        "tipo": "Linha branca com Inscrição",
        "objectid": 945,
        "globalid": "{D8BFA696-248E-49F2-9772-C6E2E809AC3B}"
      }
    },
    {
      "type": "Feature",
      "id": 946,
      "geometry": {
        "type": "LineString",
        "coordinates": [
          [-8.61158995093002, 41.1666673167769],
          [-8.61162864633797, 41.1667636968699]
        ]
      },
      "properties": {
        "toponimo": "Rua de Vale Formoso",
        "comprimento": 11,
        "tipo": "Envelope",
        "objectid": 946,
        "globalid": "{AEA02C89-0E12-4886-A1B3-F22AF1F7A8BD}"
      }
    },
    {
      "type": "Feature",
      "id": 952,
      "geometry": {
        "type": "LineString",
        "coordinates": [
          [-8.58397547594173, 41.1810916699036],
          [-8.58405469434279, 41.181022182321]
        ]
      },
      "properties": {
        "toponimo": "Rua do Dr. Eduardo Santos Silva",
        "comprimento": 11.1,
        "tipo": "Linha branca com Inscrição",
        "objectid": 952,
        "globalid": "{90CF6B00-2512-4421-948A-40B53BC9169A}"
      }
    },
    {
      "type": "Feature",
      "id": 955,
      "geometry": {
        "type": "LineString",
        "coordinates": [
          [-8.58826433458087, 41.1711002242254],
          [-8.58814616118964, 41.171066767338]
        ]
      },
      "properties": {
        "toponimo": "Rua das Mercês",
        "comprimento": 11.1,
        "tipo": "Envelope",
        "objectid": 955,
        "globalid": "{07593E4B-C9BD-478E-B6AD-2B4D9DCAAD8D}"
      }
    },
    {
      "type": "Feature",
      "id": 956,
      "geometry": {
        "type": "LineString",
        "coordinates": [
          [-8.58829760843611, 41.1710376630178],
          [-8.58818520704411, 41.1710053512205]
        ]
      },
      "properties": {
        "toponimo": "Rua das Mercês",
        "comprimento": 10.5,
        "tipo": "Linha branca",
        "objectid": 956,
        "globalid": "{2C97163E-7816-4A9B-9BB0-900263789344}"
      }
    },
    {
      "type": "Feature",
      "id": 957,
      "geometry": {
        "type": "LineString",
        "coordinates": [
          [-8.58846667668566, 41.1713600304442],
          [-8.58855810972373, 41.1714183780558]
        ]
      },
      "properties": {
        "toponimo": "Rua de Honório de Lima",
        "comprimento": 11.2,
        "tipo": "Linha branca",
        "objectid": 957,
        "globalid": "{02778EF6-18F6-43DC-AD7E-ECF71FD3B3D8}"
      }
    },
    {
      "type": "Feature",
      "id": 959,
      "geometry": {
        "type": "LineString",
        "coordinates": [
          [-8.59807805463128, 41.165334141585],
          [-8.59814935688731, 41.1653443203721],
          [-8.59818634702244, 41.1653493683253],
          [-8.59822266603371, 41.1653542064742]
        ]
      },
      "properties": {
        "toponimo": "Avenida dos Combatentes da Grande Guerra",
        "comprimento": 10,
        "tipo": "Envelope",
        "objectid": 959,
        "globalid": "{49A0C427-0A95-472A-AD9F-00B185902F77}"
      }
    },
    {
      "type": "Feature",
      "id": 961,
      "geometry": {
        "type": "LineString",
        "coordinates": [
          [-8.60942280228785, 41.1831365570244],
          [-8.60942692449368, 41.1832323908205]
        ]
      },
      "properties": {
        "toponimo": "Rua de S. Tomé",
        "comprimento": 10,
        "tipo": "Envelope",
        "objectid": 961,
        "globalid": "{25E6775D-B7A5-46B2-B934-0E1B351945B5}"
      }
    },
    {
      "type": "Feature",
      "id": 967,
      "geometry": {
        "type": "LineString",
        "coordinates": [
          [-8.67073474015526, 41.1532712944252],
          [-8.67068725943359, 41.153236944755]
        ]
      },
      "properties": {
        "toponimo": "Rua de Diogo Botelho",
        "comprimento": 18.7,
        "tipo": "Envelope",
        "objectid": 967,
        "globalid": "{8396C540-C1DB-4553-8487-CF011BBDF1E9}"
      }
    },
    {
      "type": "Feature",
      "id": 971,
      "geometry": {
        "type": "LineString",
        "coordinates": [
          [-8.63251236632791, 41.147395094823],
          [-8.63236943286529, 41.1475402541629]
        ]
      },
      "properties": {
        "toponimo": "Rua de D. Pedro V",
        "comprimento": 16.5,
        "tipo": "Linha branca com Inscrição",
        "objectid": 971,
        "globalid": "{0661FBAF-7E76-4AE0-A9ED-ABAF1C288132}"
      }
    },
    {
      "type": "Feature",
      "id": 974,
      "geometry": {
        "type": "LineString",
        "coordinates": [
          [-8.61257169290071, 41.171068358858],
          [-8.61234404589385, 41.1710552649204]
        ]
      },
      "properties": {
        "toponimo": "Praça de Nove de Abril",
        "comprimento": 5,
        "tipo": "Linha branca com Inscrição",
        "objectid": 974,
        "globalid": "{0A4EC467-F636-4B95-A906-CBE90F36F8DC}"
      }
    },
    {
      "type": "Feature",
      "id": 980,
      "geometry": {
        "type": "LineString",
        "coordinates": [
          [-8.6160141995333, 41.1476116808996],
          [-8.61600500710652, 41.1476430456067]
        ]
      },
      "properties": {
        "toponimo": "Praça de Carlos Alberto",
        "comprimento": 5.5,
        "tipo": "Envelope",
        "objectid": 980,
        "globalid": "{06CC7F01-BC2A-4779-864E-2EF0EB1744EB}"
      }
    },
    {
      "type": "Feature",
      "id": 986,
      "geometry": {
        "type": "LineString",
        "coordinates": [
          [-8.60743217233131, 41.1453350321507],
          [-8.60734613462024, 41.1452179613516]
        ]
      },
      "properties": {
        "toponimo": "Praça da Batalha",
        "comprimento": 18,
        "tipo": "Envelope",
        "objectid": 986,
        "globalid": "{18820014-4650-4305-BE43-5DE8B645293A}"
      }
    },
    {
      "type": "Feature",
      "id": 992,
      "geometry": {
        "type": "LineString",
        "coordinates": [
          [-8.60025462016736, 41.1471396249578],
          [-8.60029221899776, 41.1471199113945]
        ]
      },
      "properties": {
        "toponimo": "Rua do Morgado de Mateus",
        "comprimento": 5.5,
        "tipo": "Linha branca com Inscrição",
        "objectid": 992,
        "globalid": "{424F913C-4A3B-4996-A66B-5854EDA6FD04}"
      }
    },
    {
      "type": "Feature",
      "id": 993,
      "geometry": {
        "type": "LineString",
        "coordinates": [
          [-8.61008133722782, 41.1508824423646],
          [-8.6100286484437, 41.1509410015505]
        ]
      },
      "properties": {
        "toponimo": "Rua da Trindade",
        "comprimento": 15,
        "tipo": "Linha branca com Inscrição",
        "objectid": 993,
        "globalid": "{3A5BAC3E-99D7-4189-86F6-C0D373ECAFCC}"
      }
    },
    {
      "type": "Feature",
      "id": 994,
      "geometry": {
        "type": "LineString",
        "coordinates": [
          [-8.61421523940018, 41.1477497220964],
          [-8.61431906253685, 41.1477795142661],
          [-8.61433035230737, 41.1477823602042]
        ]
      },
      "properties": {
        "toponimo": "Rua de Santa Teresa",
        "comprimento": 10.5,
        "tipo": "Linha branca",
        "objectid": 994,
        "globalid": "{4E098BF9-DA4B-40A7-A27B-678E0394B6A7}"
      }
    },
    {
      "type": "Feature",
      "id": 996,
      "geometry": {
        "type": "LineString",
        "coordinates": [
          [-8.61110449751554, 41.1467992307051],
          [-8.61108742123095, 41.146876768798]
        ]
      },
      "properties": {
        "toponimo": "Avenida dos Aliados",
        "comprimento": 11,
        "tipo": "Envelope",
        "objectid": 996,
        "globalid": "{B3E279D1-BD6B-4DF8-B645-216F3E12ECDB}"
      }
    },
    {
      "type": "Feature",
      "id": 997,
      "geometry": {
        "type": "LineString",
        "coordinates": [
          [-8.61565442227091, 41.1488461231751],
          [-8.61568610176212, 41.1488733646151]
        ]
      },
      "properties": {
        "toponimo": "Praça de Carlos Alberto",
        "comprimento": 5.5,
        "tipo": "Linha branca",
        "objectid": 997,
        "globalid": "{87EA1691-831C-41F2-A120-E1B1A7EAE70B}"
      }
    },
    {
      "type": "Feature",
      "id": 1000,
      "geometry": {
        "type": "LineString",
        "coordinates": [
          [-8.61827259193028, 41.1442939243034],
          [-8.61827635267219, 41.1442723024889]
        ]
      },
      "properties": {
        "toponimo": "Passeio das Virtudes",
        "comprimento": 3,
        "tipo": "Linha branca com Inscrição",
        "objectid": 1000,
        "globalid": "{B55FA540-AEB8-449C-815A-068BBBB28A0E}"
      }
    },
    {
      "type": "Feature",
      "id": 1001,
      "geometry": {
        "type": "LineString",
        "coordinates": [
          [-8.61829837228079, 41.1436940547069],
          [-8.61829796336121, 41.1437077430664]
        ]
      },
      "properties": {
        "toponimo": "Passeio das Virtudes",
        "comprimento": 3,
        "tipo": "Envelope",
        "objectid": 1001,
        "globalid": "{93D2DED5-13FA-46E6-9CE4-912003E3B3B7}"
      }
    },
    {
      "type": "Feature",
      "id": 1002,
      "geometry": {
        "type": "LineString",
        "coordinates": [
          [-8.61560436188616, 41.1443080288014],
          [-8.61562481298486, 41.1442225646401]
        ]
      },
      "properties": {
        "toponimo": "Rua de S. Bento da Vitória",
        "comprimento": 11,
        "tipo": "Linha branca com Inscrição",
        "objectid": 1002,
        "globalid": "{2E422CB1-DA69-4DD3-83B9-E959909CB31F}"
      }
    },
    {
      "type": "Feature",
      "id": 1004,
      "geometry": {
        "type": "LineString",
        "coordinates": [
          [-8.65784564714437, 41.1625987501108],
          [-8.65776821225098, 41.1625865012908]
        ]
      },
      "properties": {
        "toponimo": "Avenida da Boavista",
        "comprimento": 8,
        "tipo": "Linha branca",
        "objectid": 1004,
        "globalid": "{6ACCCC42-52C6-442A-BB86-43A4DC18138C}"
      }
    },
    {
      "type": "Feature",
      "id": 1006,
      "geometry": {
        "type": "LineString",
        "coordinates": [
          [-8.5988114688851, 41.1652129138642],
          [-8.59877646048571, 41.1652896895093]
        ]
      },
      "properties": {
        "toponimo": "Rua da Alegria",
        "comprimento": 11,
        "tipo": "Envelope",
        "objectid": 1006,
        "globalid": "{54919339-9A24-4749-A762-1FC4062D51A1}"
      }
    },
    {
      "type": "Feature",
      "id": 1007,
      "geometry": {
        "type": "LineString",
        "coordinates": [
          [-8.68612628021706, 41.163820821628],
          [-8.68614133856747, 41.1638538474158]
        ]
      },
      "properties": {
        "toponimo": "Avenida de Montevideu",
        "comprimento": 5.5,
        "tipo": "Linha branca com Inscrição",
        "objectid": 1007,
        "globalid": "{0749BB5F-53D7-40D8-85B0-5DE57EAEAADE}"
      }
    },
    {
      "type": "Feature",
      "id": 1008,
      "geometry": {
        "type": "LineString",
        "coordinates": [
          [-8.65001640729632, 41.1655890450768],
          [-8.65002683165763, 41.1655550240701]
        ]
      },
      "properties": {
        "toponimo": "Rua de S. João de Brito",
        "comprimento": 11,
        "tipo": "Linha branca com Inscrição",
        "objectid": 1008,
        "globalid": "{5DBA95E4-1ADA-4732-AD4D-8DC073474457}"
      }
    },
    {
      "type": "Feature",
      "id": 1009,
      "geometry": {
        "type": "LineString",
        "coordinates": [
          [-8.66598187500444, 41.1632949930895],
          [-8.66605681932496, 41.1633076458974]
        ]
      },
      "properties": {
        "toponimo": "Rua de Pedro Homem de Mello",
        "comprimento": 5.5,
        "tipo": "Linha branca com Inscrição",
        "objectid": 1009,
        "globalid": "{C2A168C1-7330-49CD-BCD3-2CC1B54BCAB1}"
      }
    },
    {
      "type": "Feature",
      "id": 1010,
      "geometry": {
        "type": "LineString",
        "coordinates": [
          [-8.64894659473001, 41.1662687640064],
          [-8.64881001926868, 41.1662507699337]
        ]
      },
      "properties": {
        "toponimo": "Rua do Arquitecto Cassiano Barbosa",
        "comprimento": 11,
        "tipo": "Linha branca com Inscrição",
        "objectid": 1010,
        "globalid": "{D0BFFFD2-D403-446A-90E2-FE3E812668A1}"
      }
    },
    {
      "type": "Feature",
      "id": 1011,
      "geometry": {
        "type": "LineString",
        "coordinates": [
          [-8.68397360160179, 41.159919503068],
          [-8.68395010049053, 41.1598785269056]
        ]
      },
      "properties": {
        "toponimo": "Avenida de Montevideu",
        "comprimento": 6.2,
        "tipo": "Envelope",
        "objectid": 1011,
        "globalid": "{1DF1646D-6166-4833-947D-0D7AB547FF51}"
      }
    },
    {
      "type": "Feature",
      "id": 1012,
      "geometry": {
        "type": "LineString",
        "coordinates": [
          [-8.68302372633132, 41.158596650575],
          [-8.68299874079376, 41.1585669592189]
        ]
      },
      "properties": {
        "toponimo": "Avenida do Brasil",
        "comprimento": 5.3,
        "tipo": "Envelope",
        "objectid": 1012,
        "globalid": "{9804723F-0B55-4F53-9621-8E3A0DD15622}"
      }
    },
    {
      "type": "Feature",
      "id": 1014,
      "geometry": {
        "type": "LineString",
        "coordinates": [
          [-8.68691411454346, 41.1677037308305],
          [-8.68684636843618, 41.1676919898591]
        ]
      },
      "properties": {
        "toponimo": "Avenida da Boavista",
        "comprimento": 11,
        "tipo": "Linha branca com Inscrição",
        "objectid": 1014,
        "globalid": "{353D5106-93C2-49AB-A9A5-A1396AABF043}"
      }
    },
    {
      "type": "Feature",
      "id": 1015,
      "geometry": {
        "type": "LineString",
        "coordinates": [
          [-8.6671352405488, 41.1632828163208],
          [-8.66703496039505, 41.1636126927876]
        ]
      },
      "properties": {
        "toponimo": "Rua de Pedro Homem de Mello",
        "comprimento": 38.5,
        "tipo": "Linha branca",
        "objectid": 1015,
        "globalid": "{0140C3F7-486C-4DF4-9007-F0AE40FE9C1B}"
      }
    },
    {
      "type": "Feature",
      "id": 1018,
      "geometry": {
        "type": "LineString",
        "coordinates": [
          [-8.67049517383024, 41.1532221131618],
          [-8.67045920661228, 41.1531978836887]
        ]
      },
      "properties": {
        "toponimo": "Rua de Diogo Botelho",
        "comprimento": 5.5,
        "tipo": "Linha branca",
        "objectid": 1018,
        "globalid": "{3DCFD318-2CEC-45C6-8E63-6268C640EED1}"
      }
    },
    {
      "type": "Feature",
      "id": 1019,
      "geometry": {
        "type": "LineString",
        "coordinates": [
          [-8.66757859145007, 41.1630309096944],
          [-8.66752486002511, 41.1630222969451]
        ]
      },
      "properties": {
        "toponimo": "Rua José Gomes Ferreira",
        "comprimento": 4.8,
        "tipo": "Linha branca com Inscrição",
        "objectid": 1019,
        "globalid": "{7B8FA2E7-D88D-4E60-A77A-FA3F9C97469B}"
      }
    },
    {
      "type": "Feature",
      "id": 1022,
      "geometry": {
        "type": "LineString",
        "coordinates": [
          [-8.66566754264476, 41.162417111222],
          [-8.66563969558541, 41.1624019947424]
        ]
      },
      "properties": {
        "toponimo": "Rua José Gomes Ferreira",
        "comprimento": 6.4,
        "tipo": "Linha branca",
        "objectid": 1022,
        "globalid": "{FBEE7602-AC1F-4C9C-81C1-5C2DCF1DDE46}"
      }
    },
    {
      "type": "Feature",
      "id": 1023,
      "geometry": {
        "type": "LineString",
        "coordinates": [
          [-8.6670177087546, 41.1629045455321],
          [-8.66706306790351, 41.162913516083]
        ]
      },
      "properties": {
        "toponimo": "Rua José Gomes Ferreira",
        "comprimento": 6,
        "tipo": "Linha branca com Inscrição",
        "objectid": 1023,
        "globalid": "{5F931997-1C84-4768-8576-ADCAA6849D96}"
      }
    },
    {
      "type": "Feature",
      "id": 1024,
      "geometry": {
        "type": "LineString",
        "coordinates": [
          [-8.6740240442751, 41.1535433118941],
          [-8.67403219079774, 41.1534987039535]
        ]
      },
      "properties": {
        "toponimo": "Rua da Cerca",
        "comprimento": 6.5,
        "tipo": "Linha branca com Inscrição",
        "objectid": 1024,
        "globalid": "{170B808E-03D2-4DD8-897A-D29A78412C31}"
      }
    },
    {
      "type": "Feature",
      "id": 1025,
      "geometry": {
        "type": "LineString",
        "coordinates": [
          [-8.67436316383718, 41.1527170707464],
          [-8.67433504497916, 41.1527554109921]
        ]
      },
      "properties": {
        "toponimo": "Rua do Monsenhor Manuel Marinho",
        "comprimento": 11,
        "tipo": "Linha branca com Inscrição",
        "objectid": 1025,
        "globalid": "{D33BBE32-B8B8-4970-878F-7E7D0860FEA7}"
      }
    },
    {
      "type": "Feature",
      "id": 1027,
      "geometry": {
        "type": "LineString",
        "coordinates": [
          [-8.66545164741535, 41.1592067749176],
          [-8.66549804972024, 41.1591884887579]
        ]
      },
      "properties": {
        "toponimo": "Praça de D. Afonso V",
        "comprimento": 5,
        "tipo": "Linha branca com Inscrição",
        "objectid": 1027,
        "globalid": "{1396892D-916B-417A-A2BB-1FF477CD384F}"
      }
    },
    {
      "type": "Feature",
      "id": 1029,
      "geometry": {
        "type": "LineString",
        "coordinates": [
          [-8.64943726531746, 41.1655127926627],
          [-8.64931401453925, 41.1654941172531]
        ]
      },
      "properties": {
        "toponimo": "Rua Padre Himalaya",
        "comprimento": 4.9,
        "tipo": "Linha branca com Inscrição",
        "objectid": 1029,
        "globalid": "{878106FF-E69F-489E-8AF6-65A2441C2947}"
      }
    },
    {
      "type": "Feature",
      "id": 1031,
      "geometry": {
        "type": "LineString",
        "coordinates": [
          [-8.66346965344926, 41.1553602329174],
          [-8.66349913031726, 41.155404459774]
        ]
      },
      "properties": {
        "toponimo": "Rua de João de Barros",
        "comprimento": 6.5,
        "tipo": "Linha branca com Inscrição",
        "objectid": 1031,
        "globalid": "{C6745B57-77E9-465B-8A65-F3D8F0F69B73}"
      }
    },
    {
      "type": "Feature",
      "id": 1032,
      "geometry": {
        "type": "LineString",
        "coordinates": [
          [-8.66371305087361, 41.1557187155867],
          [-8.66373679622969, 41.1557648407831]
        ]
      },
      "properties": {
        "toponimo": "Rua de João de Barros",
        "comprimento": 6.5,
        "tipo": "Linha branca com Inscrição",
        "objectid": 1032,
        "globalid": "{930C711F-AED7-4FF7-B98B-AAF4E8B23518}"
      }
    },
    {
      "type": "Feature",
      "id": 1034,
      "geometry": {
        "type": "LineString",
        "coordinates": [
          [-8.60864752198171, 41.1504513890012],
          [-8.60848476147552, 41.1504125280718]
        ]
      },
      "properties": {
        "toponimo": "Rua de Fernandes Tomás",
        "comprimento": 15.2,
        "tipo": "Linha branca com Inscrição",
        "objectid": 1034,
        "globalid": "{B7FA0CA5-A9CA-4C87-A479-EA9FD11AECBD}"
      }
    },
    {
      "type": "Feature",
      "id": 1035,
      "geometry": {
        "type": "LineString",
        "coordinates": [
          [-8.60751575577426, 41.1502093686719],
          [-8.60728334846543, 41.150159826448]
        ]
      },
      "properties": {
        "toponimo": "Rua de Fernandes Tomás",
        "comprimento": 16.4,
        "tipo": "Linha branca",
        "objectid": 1035,
        "globalid": "{FB58E3AC-A91E-4C51-A9FE-3ABB7942C34E}"
      }
    },
    {
      "type": "Feature",
      "id": 1036,
      "geometry": {
        "type": "LineString",
        "coordinates": [
          [-8.60694380665436, 41.1500079127309],
          [-8.60674922244451, 41.1499586172313]
        ]
      },
      "properties": {
        "toponimo": "Rua de Fernandes Tomás",
        "comprimento": 16.7,
        "tipo": "Linha branca",
        "objectid": 1036,
        "globalid": "{CAD2A8D8-E8F1-4ED6-8D26-7AEC4BC3B1E5}"
      }
    },
    {
      "type": "Feature",
      "id": 1037,
      "geometry": {
        "type": "LineString",
        "coordinates": [
          [-8.60533918128939, 41.1496529122643],
          [-8.60539611212302, 41.1496659566895]
        ]
      },
      "properties": {
        "toponimo": "Rua de Fernandes Tomás",
        "comprimento": 11,
        "tipo": "Linha branca com Inscrição",
        "objectid": 1037,
        "globalid": "{6E74CF13-F89D-42E3-8B00-613A3D3EEBAB}"
      }
    },
    {
      "type": "Feature",
      "id": 1038,
      "geometry": {
        "type": "LineString",
        "coordinates": [
          [-8.60516324203156, 41.1496150145995],
          [-8.60510859946101, 41.1496026026937]
        ]
      },
      "properties": {
        "toponimo": "Rua de Fernandes Tomás",
        "comprimento": 11.3,
        "tipo": "Linha branca com Inscrição",
        "objectid": 1038,
        "globalid": "{6A37037D-6B64-4B22-890C-B33E176032C2}"
      }
    },
    {
      "type": "Feature",
      "id": 1039,
      "geometry": {
        "type": "LineString",
        "coordinates": [
          [-8.60344774545466, 41.149229268034],
          [-8.60351257441945, 41.1492439370448]
        ]
      },
      "properties": {
        "toponimo": "Rua de Fernandes Tomás",
        "comprimento": 11.2,
        "tipo": "Linha branca com Inscrição",
        "objectid": 1039,
        "globalid": "{27E3D7A1-0C57-435A-80DF-D6CC7A0F7FE5}"
      }
    },
    {
      "type": "Feature",
      "id": 1040,
      "geometry": {
        "type": "LineString",
        "coordinates": [
          [-8.60392568192003, 41.1493345539122],
          [-8.60395787603199, 41.1493421255526],
          [-8.60395794703571, 41.1493423926919]
        ]
      },
      "properties": {
        "toponimo": "Rua de Fernandes Tomás",
        "comprimento": 12.2,
        "tipo": "Linha branca com Inscrição",
        "objectid": 1040,
        "globalid": "{BD917159-7053-468C-BC45-B5C9DEAF16CD}"
      }
    },
    {
      "type": "Feature",
      "id": 1041,
      "geometry": {
        "type": "LineString",
        "coordinates": [
          [-8.60284805664209, 41.1491037720984],
          [-8.60289848087199, 41.1491142798515]
        ]
      },
      "properties": {
        "toponimo": "Rua de Fernandes Tomás",
        "comprimento": 10.5,
        "tipo": "Envelope",
        "objectid": 1041,
        "globalid": "{BD2B3522-E315-47F7-A6C1-5D964519E6BA}"
      }
    },
    {
      "type": "Feature",
      "id": 1042,
      "geometry": {
        "type": "LineString",
        "coordinates": [
          [-8.60722878985986, 41.1511088356909],
          [-8.60693540634879, 41.1510311854134]
        ]
      },
      "properties": {
        "toponimo": "Rua da Firmeza",
        "comprimento": 27.5,
        "tipo": "Linha branca com Inscrição",
        "objectid": 1042,
        "globalid": "{D48A2BDC-6001-4B0A-B13E-D7315A41AEA7}"
      }
    },
    {
      "type": "Feature",
      "id": 1043,
      "geometry": {
        "type": "LineString",
        "coordinates": [
          [-8.61011570574969, 41.1538396272142],
          [-8.61012038510087, 41.1539475736202]
        ]
      },
      "properties": {
        "toponimo": "Rua de Camões",
        "comprimento": 13,
        "tipo": "Linha branca com Inscrição",
        "objectid": 1043,
        "globalid": "{51F5F139-F950-45D0-9D65-87197E5C3265}"
      }
    },
    {
      "type": "Feature",
      "id": 1050,
      "geometry": {
        "type": "LineString",
        "coordinates": [
          [-8.60994536829491, 41.1566528961316],
          [-8.60994425411523, 41.156565898033]
        ]
      },
      "properties": {
        "toponimo": "Rua de Camões",
        "comprimento": 11,
        "tipo": "Linha branca com Inscrição",
        "objectid": 1050,
        "globalid": "{44E4DDE1-ECCC-4695-B7CE-0F0288F1C5AE}"
      }
    },
    {
      "type": "Feature",
      "id": 1053,
      "geometry": {
        "type": "LineString",
        "coordinates": [
          [-8.66232264335714, 41.1629654077233],
          [-8.66228372809274, 41.1629365484555]
        ]
      },
      "properties": {
        "toponimo": "Rua de Tânger",
        "comprimento": 5.6,
        "tipo": "Linha branca com Inscrição",
        "objectid": 1053,
        "globalid": "{1ED2E9BB-DC58-447E-AFA7-7B821E97C0A9}"
      }
    },
    {
      "type": "Feature",
      "id": 1054,
      "geometry": {
        "type": "LineString",
        "coordinates": [
          [-8.66288435985636, 41.1632772800776],
          [-8.66286068366355, 41.1632744859762]
        ]
      },
      "properties": {
        "toponimo": "Rua de Tânger",
        "comprimento": 2.8,
        "tipo": "Linha branca com Inscrição",
        "objectid": 1054,
        "globalid": "{B3BFD50B-BB6C-44D6-9083-A3F3B21D4F95}"
      }
    },
    {
      "type": "Feature",
      "id": 1055,
      "geometry": {
        "type": "LineString",
        "coordinates": [
          [-8.60990678787538, 41.1580835791037],
          [-8.60990479781612, 41.1581374477348]
        ]
      },
      "properties": {
        "toponimo": "Rua de Camões",
        "comprimento": 11.1,
        "tipo": "Linha branca com Inscrição",
        "objectid": 1055,
        "globalid": "{ED48A2DB-B0C9-4637-BCE4-94E59ED258F8}"
      }
    },
    {
      "type": "Feature",
      "id": 1056,
      "geometry": {
        "type": "LineString",
        "coordinates": [
          [-8.60999380779887, 41.1545223727569],
          [-8.60999343015614, 41.1545950331308]
        ]
      },
      "properties": {
        "toponimo": "Rua de Camões",
        "comprimento": 10.5,
        "tipo": "Linha branca com Inscrição",
        "objectid": 1056,
        "globalid": "{3F748CC0-ED60-4A3B-A50D-975F128A10FB}"
      }
    },
    {
      "type": "Feature",
      "id": 1059,
      "geometry": {
        "type": "LineString",
        "coordinates": [
          [-8.65238407983196, 41.1667940485038],
          [-8.65225520586001, 41.1667751539823]
        ]
      },
      "properties": {
        "toponimo": "Rua de Mota Pinto",
        "comprimento": 11,
        "tipo": "Linha branca",
        "objectid": 1059,
        "globalid": "{E10A20DF-0414-4053-8845-D41F47EAB8E9}"
      }
    },
    {
      "type": "Feature",
      "id": 1060,
      "geometry": {
        "type": "LineString",
        "coordinates": [
          [-8.6792930945889, 41.1541597194102],
          [-8.67923934921025, 41.1540927523508]
        ]
      },
      "properties": {
        "toponimo": "Avenida do Brasil",
        "comprimento": 11.4,
        "tipo": "Linha branca com Inscrição",
        "objectid": 1060,
        "globalid": "{0FFA537A-FBFC-4F74-87B9-A59541816997}"
      }
    },
    {
      "type": "Feature",
      "id": 1062,
      "geometry": {
        "type": "LineString",
        "coordinates": [
          [-8.67979644152276, 41.1547721946228],
          [-8.6797660127803, 41.1547312594466]
        ]
      },
      "properties": {
        "toponimo": "Avenida do Brasil",
        "comprimento": 5.5,
        "tipo": "Linha branca com Inscrição",
        "objectid": 1062,
        "globalid": "{209E0FF5-64AF-4981-A17C-26682A0F3258}"
      }
    },
    {
      "type": "Feature",
      "id": 1064,
      "geometry": {
        "type": "LineString",
        "coordinates": [
          [-8.67736300465973, 41.1524124801815],
          [-8.67731048391921, 41.1524433448857]
        ]
      },
      "properties": {
        "toponimo": "Rua de Diu",
        "comprimento": 9.5,
        "tipo": "Linha branca com Inscrição",
        "objectid": 1064,
        "globalid": "{A66AF4FB-5E75-47E5-A72B-35326F62DB77}"
      }
    },
    {
      "type": "Feature",
      "id": 1067,
      "geometry": {
        "type": "LineString",
        "coordinates": [
          [-8.64871213794596, 41.1653895319123],
          [-8.64879568910594, 41.1654043193597]
        ]
      },
      "properties": {
        "toponimo": "Rua Padre Himalaya",
        "comprimento": 4.9,
        "tipo": "Linha branca com Inscrição",
        "objectid": 1067,
        "globalid": "{18E131B7-9689-4A06-BA95-140A2DCCD48D}"
      }
    },
    {
      "type": "Feature",
      "id": 1068,
      "geometry": {
        "type": "LineString",
        "coordinates": [
          [-8.65501944091267, 41.1670948818008],
          [-8.65489551759213, 41.1670735618489]
        ]
      },
      "properties": {
        "toponimo": "Rua de Mota Pinto",
        "comprimento": 11,
        "tipo": "Linha branca com Inscrição",
        "objectid": 1068,
        "globalid": "{DDD3A0C3-E66A-46A8-BED9-0099F4C7403E}"
      }
    },
    {
      "type": "Feature",
      "id": 1070,
      "geometry": {
        "type": "LineString",
        "coordinates": [
          [-8.65334524788, 41.1668184485519],
          [-8.65321072755139, 41.166798750404]
        ]
      },
      "properties": {
        "toponimo": "Rua de Mota Pinto",
        "comprimento": 11,
        "tipo": "Linha branca",
        "objectid": 1070,
        "globalid": "{45A1E6AA-0058-41DC-8022-4AF3E74D0D02}"
      }
    },
    {
      "type": "Feature",
      "id": 1073,
      "geometry": {
        "type": "LineString",
        "coordinates": [
          [-8.6766529718165, 41.1528248532174],
          [-8.67660034056569, 41.1528546781166]
        ]
      },
      "properties": {
        "toponimo": "Rua de Diu",
        "comprimento": 5.5,
        "tipo": "Linha branca com Inscrição",
        "objectid": 1073,
        "globalid": "{F658B3D9-0303-4172-9607-692D4D88AF9C}"
      }
    },
    {
      "type": "Feature",
      "id": 1074,
      "geometry": {
        "type": "LineString",
        "coordinates": [
          [-8.67599129623536, 41.1533043455303],
          [-8.67592946956076, 41.1533406542638]
        ]
      },
      "properties": {
        "toponimo": "Rua de Diu",
        "comprimento": 5.5,
        "tipo": "Linha branca",
        "objectid": 1074,
        "globalid": "{E17E4339-AAAF-40A2-97BC-5966ADE30D2E}"
      }
    },
    {
      "type": "Feature",
      "id": 1075,
      "geometry": {
        "type": "LineString",
        "coordinates": [
          [-8.67546703566046, 41.1536086532643],
          [-8.67542189551502, 41.1536345767879]
        ]
      },
      "properties": {
        "toponimo": "Rua de Diu",
        "comprimento": 5.5,
        "tipo": "Linha branca com Inscrição",
        "objectid": 1075,
        "globalid": "{70E09BB9-6A9A-4AF5-A82B-48389184C86A}"
      }
    },
    {
      "type": "Feature",
      "id": 1076,
      "geometry": {
        "type": "LineString",
        "coordinates": [
          [-8.6834346997116, 41.1590769723333],
          [-8.68341716452409, 41.1590556312075]
        ]
      },
      "properties": {
        "toponimo": "Avenida do Brasil",
        "comprimento": 4.5,
        "tipo": "Envelope",
        "objectid": 1076,
        "globalid": "{3F36AA2C-1AB0-4F1E-B9C9-A2A90C0807F9}"
      }
    },
    {
      "type": "Feature",
      "id": 1077,
      "geometry": {
        "type": "LineString",
        "coordinates": [
          [-8.67424697208886, 41.1543231238857],
          [-8.67413562719196, 41.1543883331876]
        ]
      },
      "properties": {
        "toponimo": "Rua de Diu",
        "comprimento": 9.7,
        "tipo": "Linha branca com Inscrição",
        "objectid": 1077,
        "globalid": "{DD98F270-D815-463C-820C-9CD809A7C9DC}"
      }
    },
    {
      "type": "Feature",
      "id": 1080,
      "geometry": {
        "type": "LineString",
        "coordinates": [
          [-8.66558379082621, 41.147931748038],
          [-8.6656357794899, 41.1479095271869]
        ]
      },
      "properties": {
        "toponimo": "Rua do Passeio Alegre",
        "comprimento": 10.5,
        "tipo": "Linha branca com Inscrição",
        "objectid": 1080,
        "globalid": "{A05F5CAD-5BDD-423A-A46C-53C1BCF922C3}"
      }
    },
    {
      "type": "Feature",
      "id": 1081,
      "geometry": {
        "type": "LineString",
        "coordinates": [
          [-8.68794037994687, 41.171955753403],
          [-8.68796892082313, 41.1719982017937]
        ]
      },
      "properties": {
        "toponimo": "Via do Castelo do Queijo",
        "comprimento": 10,
        "tipo": "Linha branca com Inscrição",
        "objectid": 1081,
        "globalid": "{CF940A7A-F25C-441A-83C0-454BCE5ED54A}"
      }
    },
    {
      "type": "Feature",
      "id": 1083,
      "geometry": {
        "type": "LineString",
        "coordinates": [
          [-8.67760540162757, 41.1517271198872],
          [-8.67761434498031, 41.1517431404588]
        ]
      },
      "properties": {
        "toponimo": "Parque S. Bartolomeu",
        "comprimento": 4.8,
        "tipo": "Linha branca com Inscrição",
        "objectid": 1083,
        "globalid": "{50815073-D6EF-42FE-A2D4-D4D88810474E}"
      }
    },
    {
      "type": "Feature",
      "id": 1085,
      "geometry": {
        "type": "LineString",
        "coordinates": [
          [-8.68308055954059, 41.1595704190356],
          [-8.68301704314922, 41.1595969491978]
        ]
      },
      "properties": {
        "toponimo": "Rua do Molhe",
        "comprimento": 6.3,
        "tipo": "Linha branca com Inscrição",
        "objectid": 1085,
        "globalid": "{B8A2E2CC-97AF-4643-BF59-7A60B5C6895F}"
      }
    },
    {
      "type": "Feature",
      "id": 1086,
      "geometry": {
        "type": "LineString",
        "coordinates": [
          [-8.67712646399088, 41.1512228768058],
          [-8.67707480858579, 41.1511846623003]
        ]
      },
      "properties": {
        "toponimo": "Rua de S. Bartolomeu",
        "comprimento": 10.5,
        "tipo": "Linha branca com Inscrição",
        "objectid": 1086,
        "globalid": "{A39D163B-8F3D-4DC7-9571-BB19A9CD6131}"
      }
    },
    {
      "type": "Feature",
      "id": 1087,
      "geometry": {
        "type": "LineString",
        "coordinates": [
          [-8.66242256360473, 41.1642114860461],
          [-8.66246344027922, 41.1641662333415]
        ]
      },
      "properties": {
        "toponimo": "Avenida do Dr. Antunes Guimarães",
        "comprimento": 5.6,
        "tipo": "Linha branca com Inscrição",
        "objectid": 1087,
        "globalid": "{F49CADB8-B775-4757-B65A-5C814AC14449}"
      }
    },
    {
      "type": "Feature",
      "id": 1089,
      "geometry": {
        "type": "LineString",
        "coordinates": [
          [-8.67595276267677, 41.1499867157404],
          [-8.67592070430789, 41.1499094015267]
        ]
      },
      "properties": {
        "toponimo": "Esplanada do Castelo",
        "comprimento": 11,
        "tipo": "Linha branca com Inscrição",
        "objectid": 1089,
        "globalid": "{C69A6A76-8181-4ED7-83D8-3E3C0A47727F}"
      }
    },
    {
      "type": "Feature",
      "id": 1090,
      "geometry": {
        "type": "LineString",
        "coordinates": [
          [-8.67714095023513, 41.1518535049902],
          [-8.67717824851714, 41.1518883809314]
        ]
      },
      "properties": {
        "toponimo": "Rua da Senhora da Luz",
        "comprimento": 6,
        "tipo": "Linha branca",
        "objectid": 1090,
        "globalid": "{AED0AEEB-F62D-4218-85D3-14BE9CCBC29B}"
      }
    },
    {
      "type": "Feature",
      "id": 1092,
      "geometry": {
        "type": "LineString",
        "coordinates": [
          [-8.67603686195524, 41.1503680604078],
          [-8.67600048404053, 41.150302476732]
        ]
      },
      "properties": {
        "toponimo": "Rua da Senhora da Luz",
        "comprimento": 13,
        "tipo": "Linha branca com Inscrição",
        "objectid": 1092,
        "globalid": "{44E8BDD8-9691-44A3-A57E-E88A2B674984}"
      }
    },
    {
      "type": "Feature",
      "id": 1095,
      "geometry": {
        "type": "LineString",
        "coordinates": [
          [-8.67745720934781, 41.1522711864234],
          [-8.67748563142589, 41.1523009960446]
        ]
      },
      "properties": {
        "toponimo": "Rua da Senhora da Luz",
        "comprimento": 5.8,
        "tipo": "Linha branca com Inscrição",
        "objectid": 1095,
        "globalid": "{C2CC4229-D9BC-4028-B812-728CAE683F89}"
      }
    },
    {
      "type": "Feature",
      "id": 1097,
      "geometry": {
        "type": "LineString",
        "coordinates": [
          [-8.67794956890883, 41.1526237602492],
          [-8.67790693340201, 41.1525856547372]
        ]
      },
      "properties": {
        "toponimo": "Rua da Senhora da Luz",
        "comprimento": 11.5,
        "tipo": "Linha branca com Inscrição",
        "objectid": 1097,
        "globalid": "{8A62BD6C-C36F-4A04-91FA-F0E4AA1D858E}"
      }
    },
    {
      "type": "Feature",
      "id": 1099,
      "geometry": {
        "type": "LineString",
        "coordinates": [
          [-8.67879420431649, 41.1535891954359],
          [-8.67874580592496, 41.1535353671521]
        ]
      },
      "properties": {
        "toponimo": "Avenida do Brasil",
        "comprimento": 10.5,
        "tipo": "Linha branca com Inscrição",
        "objectid": 1099,
        "globalid": "{A52B7313-BB70-4E2B-9AFD-53FE121D2B90}"
      }
    },
    {
      "type": "Feature",
      "id": 1100,
      "geometry": {
        "type": "LineString",
        "coordinates": [
          [-8.67818257453238, 41.1528426627672],
          [-8.67814580220009, 41.1528095693304]
        ]
      },
      "properties": {
        "toponimo": "Avenida do Brasil",
        "comprimento": 5.5,
        "tipo": "Linha branca com Inscrição",
        "objectid": 1100,
        "globalid": "{3945679E-52C5-415A-B64B-22E534E4FA8C}"
      }
    },
    {
      "type": "Feature",
      "id": 1101,
      "geometry": {
        "type": "LineString",
        "coordinates": [
          [-8.67688943141465, 41.1534718273024],
          [-8.67685509602934, 41.1534380610338]
        ]
      },
      "properties": {
        "toponimo": "Rua do Teatro",
        "comprimento": 5.5,
        "tipo": "Linha branca",
        "objectid": 1101,
        "globalid": "{83565203-F391-4FE6-B947-8306AF20C170}"
      }
    },
    {
      "type": "Feature",
      "id": 1102,
      "geometry": {
        "type": "LineString",
        "coordinates": [
          [-8.68556742902744, 41.16475512565],
          [-8.68554151416182, 41.1647634573829]
        ]
      },
      "properties": {
        "toponimo": "Rua de Pêro da Covilhã",
        "comprimento": 2.4,
        "tipo": "Linha branca",
        "objectid": 1102,
        "globalid": "{4562ED42-5A7D-4384-BE53-246C8C54437F}"
      }
    },
    {
      "type": "Feature",
      "id": 1104,
      "geometry": {
        "type": "LineString",
        "coordinates": [
          [-8.68485853463595, 41.1637571106579],
          [-8.68487445826565, 41.1637901009527]
        ]
      },
      "properties": {
        "toponimo": "Rua de Gondarém",
        "comprimento": 10.6,
        "tipo": "Linha branca com Inscrição",
        "objectid": 1104,
        "globalid": "{A32D1F73-BFA8-49F4-9E87-6F969A603812}"
      }
    },
    {
      "type": "Feature",
      "id": 1105,
      "geometry": {
        "type": "LineString",
        "coordinates": [
          [-8.68305812172744, 41.1599798197427],
          [-8.68303545977296, 41.1599389663478]
        ]
      },
      "properties": {
        "toponimo": "Rua de Gondarém",
        "comprimento": 5.6,
        "tipo": "Linha branca com Inscrição",
        "objectid": 1105,
        "globalid": "{454D841F-812D-49BD-AD97-39B03BE28D27}"
      }
    },
    {
      "type": "Feature",
      "id": 1106,
      "geometry": {
        "type": "LineString",
        "coordinates": [
          [-8.68309512642644, 41.1603074375311],
          [-8.68308015099204, 41.1602710784236]
        ]
      },
      "properties": {
        "toponimo": "Rua de Gondarém",
        "comprimento": 5.6,
        "tipo": "Linha branca com Inscrição",
        "objectid": 1106,
        "globalid": "{95D14E21-43CE-4EA7-B210-74E053C602F9}"
      }
    },
    {
      "type": "Feature",
      "id": 1107,
      "geometry": {
        "type": "LineString",
        "coordinates": [
          [-8.68326146417727, 41.1603930397074],
          [-8.68324077705828, 41.1603541434691]
        ]
      },
      "properties": {
        "toponimo": "Rua de Gondarém",
        "comprimento": 7.2,
        "tipo": "Linha branca com Inscrição",
        "objectid": 1107,
        "globalid": "{9F50B6A3-6228-4CF8-8161-0593B18DBD62}"
      }
    },
    {
      "type": "Feature",
      "id": 1108,
      "geometry": {
        "type": "LineString",
        "coordinates": [
          [-8.67514135487156, 41.1496027366247],
          [-8.67506047614829, 41.1495935095354]
        ]
      },
      "properties": {
        "toponimo": "Esplanada do Castelo",
        "comprimento": 11,
        "tipo": "Linha branca com Inscrição",
        "objectid": 1108,
        "globalid": "{A5F5DC74-0464-4D90-A2E7-F465F9593870}"
      }
    },
    {
      "type": "Feature",
      "id": 1111,
      "geometry": {
        "type": "LineString",
        "coordinates": [
          [-8.6734125433474, 41.1483906992658],
          [-8.67350046700001, 41.1483609596636]
        ]
      },
      "properties": {
        "toponimo": "Esplanada do Castelo",
        "comprimento": 11.4,
        "tipo": "Linha branca com Inscrição",
        "objectid": 1111,
        "globalid": "{8C85AE5E-AE72-4789-ACCE-227EC09D59B5}"
      }
    },
    {
      "type": "Feature",
      "id": 1112,
      "geometry": {
        "type": "LineString",
        "coordinates": [
          [-8.67234718292188, 41.1490259129476],
          [-8.67229268178694, 41.1490240997696]
        ]
      },
      "properties": {
        "toponimo": "Rua do Passeio Alegre",
        "comprimento": 5.5,
        "tipo": "Linha branca com Inscrição",
        "objectid": 1112,
        "globalid": "{78C0C96E-2146-453C-8C3B-58FB2D8E3294}"
      }
    },
    {
      "type": "Feature",
      "id": 1114,
      "geometry": {
        "type": "LineString",
        "coordinates": [
          [-8.67161656541029, 41.1491088320256],
          [-8.67155034814167, 41.149108305963]
        ]
      },
      "properties": {
        "toponimo": "Rua do Passeio Alegre",
        "comprimento": 11,
        "tipo": "Linha branca com Inscrição",
        "objectid": 1114,
        "globalid": "{88BEB7B6-8CC5-4899-BA5C-DFC2C7117F76}"
      }
    },
    {
      "type": "Feature",
      "id": 1115,
      "geometry": {
        "type": "LineString",
        "coordinates": [
          [-8.67031591780501, 41.1487490890332],
          [-8.670248754146, 41.1487223234609]
        ]
      },
      "properties": {
        "toponimo": "Rua do Passeio Alegre",
        "comprimento": 5.5,
        "tipo": "Linha branca com Inscrição",
        "objectid": 1115,
        "globalid": "{C32340D1-69BD-44CD-8C42-5D790EE17117}"
      }
    },
    {
      "type": "Feature",
      "id": 1116,
      "geometry": {
        "type": "LineString",
        "coordinates": [
          [-8.66864253332066, 41.1481039728071],
          [-8.66868988861796, 41.1481213030179]
        ]
      },
      "properties": {
        "toponimo": "Rua do Passeio Alegre",
        "comprimento": 11,
        "tipo": "Linha branca com Inscrição",
        "objectid": 1116,
        "globalid": "{780607BE-C4F5-4CCE-B8DC-33535E255226}"
      }
    },
    {
      "type": "Feature",
      "id": 1118,
      "geometry": {
        "type": "LineString",
        "coordinates": [
          [-8.67125647308829, 41.1476467894799],
          [-8.67119565356184, 41.1476453951869]
        ]
      },
      "properties": {
        "toponimo": "Avenida de D. Carlos I",
        "comprimento": 5.5,
        "tipo": "Linha branca com Inscrição",
        "objectid": 1118,
        "globalid": "{187EBA0B-C76A-45C7-92A3-1DF6A027F397}"
      }
    },
    {
      "type": "Feature",
      "id": 1121,
      "geometry": {
        "type": "LineString",
        "coordinates": [
          [-8.66726123416973, 41.1475059638323],
          [-8.66718989302805, 41.1474755258549]
        ]
      },
      "properties": {
        "toponimo": "Rua do Passeio Alegre",
        "comprimento": 13,
        "tipo": "Linha branca com Inscrição",
        "objectid": 1121,
        "globalid": "{D350FE04-DED3-46A3-9B5D-03546A4AF071}"
      }
    },
    {
      "type": "Feature",
      "id": 1124,
      "geometry": {
        "type": "LineString",
        "coordinates": [
          [-8.67301508486972, 41.1479927616527],
          [-8.67302415874066, 41.1479596911693]
        ]
      },
      "properties": {
        "toponimo": "Rua de D. Luís Filipe",
        "comprimento": 11.2,
        "tipo": "Linha branca com Inscrição",
        "objectid": 1124,
        "globalid": "{0300A347-FC9A-4E82-A36B-4DAC6151DC83}"
      }
    },
    {
      "type": "Feature",
      "id": 1125,
      "geometry": {
        "type": "LineString",
        "coordinates": [
          [-8.66573702641643, 41.1596348632943],
          [-8.66569553305704, 41.1596560046364]
        ]
      },
      "properties": {
        "toponimo": "Praça de D. Afonso V",
        "comprimento": 2.6,
        "tipo": "Linha branca com Inscrição",
        "objectid": 1125,
        "globalid": "{F156F879-AC9A-48CA-A46A-3A47146585BA}"
      }
    },
    {
      "type": "Feature",
      "id": 1126,
      "geometry": {
        "type": "LineString",
        "coordinates": [
          [-8.60594998811199, 41.1452313957689],
          [-8.60600784416226, 41.1452072741883]
        ]
      },
      "properties": {
        "toponimo": "Rua de Entreparedes",
        "comprimento": 11,
        "tipo": "Linha branca com Inscrição",
        "objectid": 1126,
        "globalid": "{B6AE11E1-44A9-4ABB-8494-73D674067DE4}"
      }
    },
    {
      "type": "Feature",
      "id": 1129,
      "geometry": {
        "type": "LineString",
        "coordinates": [
          [-8.59795193955677, 41.1608944953581],
          [-8.59790744227143, 41.1608891237451]
        ]
      },
      "properties": {
        "toponimo": "Praça de Teixeira de Pascoais",
        "comprimento": 5,
        "tipo": "Linha branca",
        "objectid": 1129,
        "globalid": "{0726318B-2623-4DDB-B2BF-E96FA91C6F48}"
      }
    },
    {
      "type": "Feature",
      "id": 1131,
      "geometry": {
        "type": "LineString",
        "coordinates": [
          [-8.62181064340242, 41.1692479640206],
          [-8.62188982649016, 41.1690319023784]
        ]
      },
      "properties": {
        "toponimo": "Rua de Monsanto",
        "comprimento": 11,
        "tipo": "Linha branca com Inscrição",
        "objectid": 1131,
        "globalid": "{BEAEAF7B-A21B-4412-AC9E-088F8667CF9C}"
      }
    },
    {
      "type": "Feature",
      "id": 1133,
      "geometry": {
        "type": "LineString",
        "coordinates": [
          [-8.67293118179506, 41.1488625418544],
          [-8.67292324061407, 41.148801351303]
        ]
      },
      "properties": {
        "toponimo": "Esplanada do Castelo",
        "comprimento": 5.9,
        "tipo": "Linha branca com Inscrição",
        "objectid": 1133,
        "globalid": "{CD79B05A-8B28-4352-84C6-8BA24508D807}"
      }
    },
    {
      "type": "Feature",
      "id": 1135,
      "geometry": {
        "type": "LineString",
        "coordinates": [
          [-8.67465128103208, 41.1481702933848],
          [-8.6747131191464, 41.1481979773631]
        ]
      },
      "properties": {
        "toponimo": "Avenida de D. Carlos I",
        "comprimento": 10,
        "tipo": "Linha branca",
        "objectid": 1135,
        "globalid": "{DAFC8209-1B37-4AB7-B175-8F6DE5A0050D}"
      }
    },
    {
      "type": "Feature",
      "id": 1137,
      "geometry": {
        "type": "LineString",
        "coordinates": [
          [-8.58628232550273, 41.1438479692681],
          [-8.58622206563843, 41.1438651741517],
          [-8.58616888202954, 41.1438759247529]
        ]
      },
      "properties": {
        "toponimo": "Rua de Sabrosa",
        "comprimento": 11,
        "tipo": "Linha branca com Inscrição",
        "objectid": 1137,
        "globalid": "{21A7C17F-8371-4B38-8DAF-1888C3FF768C}"
      }
    },
    {
      "type": "Feature",
      "id": 1139,
      "geometry": {
        "type": "LineString",
        "coordinates": [
          [-8.61955644391144, 41.1422296200122],
          [-8.6196450823365, 41.1422881108337]
        ]
      },
      "properties": {
        "toponimo": "Rua de Miragaia",
        "comprimento": 11,
        "tipo": "Linha branca com Inscrição",
        "objectid": 1139,
        "globalid": "{FC496557-09CC-4BF7-AE5D-00EDA4B116C0}"
      }
    },
    {
      "type": "Feature",
      "id": 1140,
      "geometry": {
        "type": "LineString",
        "coordinates": [
          [-8.62012918324985, 41.1426911077663],
          [-8.62022120567018, 41.1427621611322]
        ]
      },
      "properties": {
        "toponimo": "Rua de Miragaia",
        "comprimento": 11,
        "tipo": "Linha branca com Inscrição",
        "objectid": 1140,
        "globalid": "{CD2CB57E-8E2E-4395-B5B2-A74DD0DB3662}"
      }
    },
    {
      "type": "Feature",
      "id": 1142,
      "geometry": {
        "type": "LineString",
        "coordinates": [
          [-8.62108934663707, 41.1435595306311],
          [-8.62111582281779, 41.143611346651],
          [-8.62113780671947, 41.1436558647484]
        ]
      },
      "properties": {
        "toponimo": "Rua de Miragaia",
        "comprimento": 11,
        "tipo": "Linha branca com Inscrição",
        "objectid": 1142,
        "globalid": "{9F58ECFD-6D00-4C9F-BF9F-7B8848A572AE}"
      }
    },
    {
      "type": "Feature",
      "id": 1144,
      "geometry": {
        "type": "LineString",
        "coordinates": [
          [-8.67365395223525, 41.1496483249637],
          [-8.67372270456883, 41.1496477772065]
        ]
      },
      "properties": {
        "toponimo": "Esplanada do Castelo",
        "comprimento": 5.4,
        "tipo": "Linha branca",
        "objectid": 1144,
        "globalid": "{B343ADEF-2692-4D89-AADF-FCAD3C7538B0}"
      }
    },
    {
      "type": "Feature",
      "id": 1147,
      "geometry": {
        "type": "LineString",
        "coordinates": [
          [-8.66474502946184, 41.1637386293967],
          [-8.66449492985399, 41.1637016969757],
          [-8.66449374156341, 41.163701652934]
        ]
      },
      "properties": {
        "toponimo": "Avenida da Boavista",
        "comprimento": 21.7,
        "tipo": "Linha branca com Inscrição",
        "objectid": 1147,
        "globalid": "{8550F0A2-C58F-4C0C-8203-6BCD4CB6C5E3}"
      }
    },
    {
      "type": "Feature",
      "id": 1149,
      "geometry": {
        "type": "LineString",
        "coordinates": [
          [-8.63383865035602, 41.1586131954627],
          [-8.63377970326128, 41.1586048318429]
        ]
      },
      "properties": {
        "toponimo": "Avenida da Boavista",
        "comprimento": 5.5,
        "tipo": "Linha branca",
        "objectid": 1149,
        "globalid": "{68B692B7-E852-4662-A29A-4FBC00948A2B}"
      }
    },
    {
      "type": "Feature",
      "id": 1159,
      "geometry": {
        "type": "LineString",
        "coordinates": [
          [-8.60123478236369, 41.1640387226442],
          [-8.6011637243255, 41.1640866794778]
        ]
      },
      "properties": {
        "toponimo": "Rua de Costa Cabral",
        "comprimento": 6,
        "tipo": null,
        "objectid": 1159,
        "globalid": "{4E85A3CF-BE06-490B-B485-9210DC3E0155}"
      }
    },
    {
      "type": "Feature",
      "id": 1160,
      "geometry": {
        "type": "LineString",
        "coordinates": [
          [-8.60052272768279, 41.1646017273658],
          [-8.60046460951527, 41.1646436199589]
        ]
      },
      "properties": {
        "toponimo": "Rua de Costa Cabral",
        "comprimento": 11,
        "tipo": null,
        "objectid": 1160,
        "globalid": "{67D8109D-C33A-458C-B0F8-134B24708293}"
      }
    },
    {
      "type": "Feature",
      "id": 1161,
      "geometry": {
        "type": "LineString",
        "coordinates": [
          [-8.59642945689314, 41.1663556833186],
          [-8.59629116893288, 41.1663960701729]
        ]
      },
      "properties": {
        "toponimo": "Rua de Costa Cabral",
        "comprimento": 16,
        "tipo": null,
        "objectid": 1161,
        "globalid": "{800F046C-4B41-472D-934C-B2D2B33AE785}"
      }
    },
    {
      "type": "Feature",
      "id": 1163,
      "geometry": {
        "type": "LineString",
        "coordinates": [
          [-8.58610038868702, 41.1756588372913],
          [-8.58611889626779, 41.1756264975108]
        ]
      },
      "properties": {
        "toponimo": "Rua de Costa Cabral",
        "comprimento": 7,
        "tipo": "Envelope",
        "objectid": 1163,
        "globalid": "{4216B2F1-EC10-4E91-A48E-6CD0A6B1490B}"
      }
    },
    {
      "type": "Feature",
      "id": 1164,
      "geometry": {
        "type": "LineString",
        "coordinates": [
          [-8.58355207417657, 41.1804652008885],
          [-8.58358849696553, 41.1803453226514]
        ]
      },
      "properties": {
        "toponimo": "Rua de Costa Cabral",
        "comprimento": 16,
        "tipo": null,
        "objectid": 1164,
        "globalid": "{2E859CCB-319B-45CD-81F6-49D716C2EFC8}"
      }
    },
    {
      "type": "Feature",
      "id": 1165,
      "geometry": {
        "type": "LineString",
        "coordinates": [
          [-8.58383961325355, 41.1796430435518],
          [-8.58388273847077, 41.1795177084729]
        ]
      },
      "properties": {
        "toponimo": "Rua de Costa Cabral",
        "comprimento": 16,
        "tipo": null,
        "objectid": 1165,
        "globalid": "{E95F4537-43E5-4D89-8200-392C0E07834F}"
      }
    },
    {
      "type": "Feature",
      "id": 1166,
      "geometry": {
        "type": "LineString",
        "coordinates": [
          [-8.58465766062795, 41.1780623080522],
          [-8.58473069266734, 41.1779448899253]
        ]
      },
      "properties": {
        "toponimo": "Rua de Costa Cabral",
        "comprimento": 16,
        "tipo": null,
        "objectid": 1166,
        "globalid": "{D1DFAD48-38B1-4947-8FE3-77115A734553}"
      }
    },
    {
      "type": "Feature",
      "id": 1167,
      "geometry": {
        "type": "LineString",
        "coordinates": [
          [-8.58542040891546, 41.1768072402132],
          [-8.5854892770476, 41.1766604352257]
        ]
      },
      "properties": {
        "toponimo": "Rua de Costa Cabral",
        "comprimento": 16,
        "tipo": null,
        "objectid": 1167,
        "globalid": "{FEA208B0-C5B6-4605-B44A-7C92A4166442}"
      }
    },
    {
      "type": "Feature",
      "id": 1170,
      "geometry": {
        "type": "LineString",
        "coordinates": [
          [-8.60403427267548, 41.1484699858126],
          [-8.60402311133749, 41.1483205518328]
        ]
      },
      "properties": {
        "toponimo": "Rua da Alegria",
        "comprimento": 11,
        "tipo": "Linha branca com Inscrição",
        "objectid": 1170,
        "globalid": "{3ABC3462-E381-499F-8067-508322EA7ACE}"
      }
    },
    {
      "type": "Feature",
      "id": 1171,
      "geometry": {
        "type": "LineString",
        "coordinates": [
          [-8.61064541604108, 41.161529769686],
          [-8.61080237233474, 41.1615537538408]
        ]
      },
      "properties": {
        "toponimo": "Rua de Damião de Góis",
        "comprimento": 5.7,
        "tipo": "Envelope",
        "objectid": 1171,
        "globalid": "{56617B40-9A6D-4A09-8550-61E463FAEC76}"
      }
    },
    {
      "type": "Feature",
      "id": 1172,
      "geometry": {
        "type": "LineString",
        "coordinates": [
          [-8.61075100663572, 41.1617555767243],
          [-8.61052973311105, 41.1617260440995]
        ]
      },
      "properties": {
        "toponimo": "Rua de Damião de Góis",
        "comprimento": 11,
        "tipo": "Linha branca com Inscrição",
        "objectid": 1172,
        "globalid": "{204ABBB8-F304-4D3C-A634-B2C5082ECF9F}"
      }
    },
    {
      "type": "Feature",
      "id": 1173,
      "geometry": {
        "type": "LineString",
        "coordinates": [
          [-8.60929974264174, 41.1615123967831],
          [-8.60908377283492, 41.1614606617601]
        ]
      },
      "properties": {
        "toponimo": "Rua de João Pedro Ribeiro",
        "comprimento": 11.5,
        "tipo": "Linha branca com Inscrição",
        "objectid": 1173,
        "globalid": "{B8E9A807-74FE-4483-BF14-DC1645CE3585}"
      }
    },
    {
      "type": "Feature",
      "id": 1175,
      "geometry": {
        "type": "LineString",
        "coordinates": [
          [-8.60068778189084, 41.1486078982465],
          [-8.6006983101432, 41.1485716939926]
        ]
      },
      "properties": {
        "toponimo": "Rua de Coelho Neto",
        "comprimento": 5.7,
        "tipo": "Envelope",
        "objectid": 1175,
        "globalid": "{71EFE3C6-0410-4F4B-B243-E12ED97BAFA7}"
      }
    },
    {
      "type": "Feature",
      "id": 1179,
      "geometry": {
        "type": "LineString",
        "coordinates": [
          [-8.59648944540007, 41.146977247483],
          [-8.59653124347541, 41.1470105449605]
        ]
      },
      "properties": {
        "toponimo": "Rua de Ferreira Cardoso",
        "comprimento": 11,
        "tipo": "Linha branca com Inscrição",
        "objectid": 1179,
        "globalid": "{63386F4B-BF4C-43C5-A51D-6BF94C0FF8A7}"
      }
    },
    {
      "type": "Feature",
      "id": 1182,
      "geometry": {
        "type": "LineString",
        "coordinates": [
          [-8.62107143520402, 41.160820310622],
          [-8.62106643103037, 41.1608611052706]
        ]
      },
      "properties": {
        "toponimo": "Rua de Serpa Pinto",
        "comprimento": 5.7,
        "tipo": "Linha branca com Inscrição",
        "objectid": 1182,
        "globalid": "{3125ADA4-F5DA-4536-B3C9-867C3820EEC9}"
      }
    },
    {
      "type": "Feature",
      "id": 1183,
      "geometry": {
        "type": "LineString",
        "coordinates": [
          [-8.63708666800273, 41.1580780443985],
          [-8.63720836012769, 41.1580970810264]
        ]
      },
      "properties": {
        "toponimo": "Rua de António Patrício",
        "comprimento": 10.5,
        "tipo": "Envelope",
        "objectid": 1183,
        "globalid": "{FC6C6487-3F9F-45A6-BEE3-D4FAF04EFACD}"
      }
    },
    {
      "type": "Feature",
      "id": 1190,
      "geometry": {
        "type": "LineString",
        "coordinates": [
          [-8.64344267240753, 41.163029485033],
          [-8.64348556652033, 41.1628820813557]
        ]
      },
      "properties": {
        "toponimo": "Rua de O Primeiro de Janeiro",
        "comprimento": 18.4,
        "tipo": "Envelope",
        "objectid": 1190,
        "globalid": "{6B630273-A8D5-41D7-B7C7-D6361AC37220}"
      }
    },
    {
      "type": "Feature",
      "id": 1192,
      "geometry": {
        "type": "LineString",
        "coordinates": [
          [-8.62634592897097, 41.1671358768842],
          [-8.62638297759109, 41.1673972723556]
        ]
      },
      "properties": {
        "toponimo": "Avenida do Conselho da Europa",
        "comprimento": 22,
        "tipo": "Linha branca com Inscrição",
        "objectid": 1192,
        "globalid": "{CAD50673-7089-4C3E-87C9-B67586A9C383}"
      }
    },
    {
      "type": "Feature",
      "id": 1196,
      "geometry": {
        "type": "LineString",
        "coordinates": [
          [-8.61349932150542, 41.1655578457967],
          [-8.61352402911442, 41.1654631891418]
        ]
      },
      "properties": {
        "toponimo": "Rua do Almirante Leote do Rego",
        "comprimento": 11,
        "tipo": "Linha branca",
        "objectid": 1196,
        "globalid": "{DCA67705-86D2-4F71-B143-2439C58FDFF2}"
      }
    },
    {
      "type": "Feature",
      "id": 1197,
      "geometry": {
        "type": "LineString",
        "coordinates": [
          [-8.61421442405627, 41.16336795218],
          [-8.61423385841036, 41.1633037286118]
        ]
      },
      "properties": {
        "toponimo": "Rua do Almirante Leote do Rego",
        "comprimento": 9,
        "tipo": "Linha branca com Inscrição",
        "objectid": 1197,
        "globalid": "{3C398B73-1439-4140-8171-BB8FDE28F6A0}"
      }
    },
    {
      "type": "Feature",
      "id": 1198,
      "geometry": {
        "type": "LineString",
        "coordinates": [
          [-8.61153524635147, 41.1611356156629],
          [-8.61154043271984, 41.1610989068356]
        ]
      },
      "properties": {
        "toponimo": "Rua de Antero de Quental",
        "comprimento": 5,
        "tipo": "Envelope",
        "objectid": 1198,
        "globalid": "{04BE8C50-7EBB-4A71-B9A3-69431A0CF592}"
      }
    },
    {
      "type": "Feature",
      "id": 1199,
      "geometry": {
        "type": "LineString",
        "coordinates": [
          [-8.61174102030041, 41.1602089965494],
          [-8.61175845852372, 41.1601251783032]
        ]
      },
      "properties": {
        "toponimo": "Rua de Antero de Quental",
        "comprimento": 11,
        "tipo": "Envelope",
        "objectid": 1199,
        "globalid": "{72A28E2D-5B67-4350-8372-F5A72C2E7C6F}"
      }
    },
    {
      "type": "Feature",
      "id": 1200,
      "geometry": {
        "type": "LineString",
        "coordinates": [
          [-8.61219349630525, 41.1584527569618],
          [-8.61220682989878, 41.1584156801408]
        ]
      },
      "properties": {
        "toponimo": "Rua de Antero de Quental",
        "comprimento": 7.5,
        "tipo": "Linha branca com Inscrição",
        "objectid": 1200,
        "globalid": "{17B1BB77-B0D1-4A4F-9502-371CB7AE05F7}"
      }
    },
    {
      "type": "Feature",
      "id": 1201,
      "geometry": {
        "type": "LineString",
        "coordinates": [
          [-8.61229090208543, 41.158111083517],
          [-8.61232153042224, 41.15801746128]
        ]
      },
      "properties": {
        "toponimo": "Rua de Antero de Quental",
        "comprimento": 11,
        "tipo": "Linha branca com Inscrição",
        "objectid": 1201,
        "globalid": "{122614AE-3D8B-4F35-8D8E-5B9726F883A2}"
      }
    },
    {
      "type": "Feature",
      "id": 1202,
      "geometry": {
        "type": "LineString",
        "coordinates": [
          [-8.61203791726944, 41.158693786623],
          [-8.61201216220066, 41.1587770794398]
        ]
      },
      "properties": {
        "toponimo": "Rua de Antero de Quental",
        "comprimento": 10.5,
        "tipo": "Linha branca",
        "objectid": 1202,
        "globalid": "{D8617992-0354-49B5-9056-A6DAFC0D3EAE}"
      }
    },
    {
      "type": "Feature",
      "id": 1203,
      "geometry": {
        "type": "LineString",
        "coordinates": [
          [-8.61190155492587, 41.1591992378867],
          [-8.61186678135194, 41.1593401347189]
        ]
      },
      "properties": {
        "toponimo": "Rua de Antero de Quental",
        "comprimento": 15.5,
        "tipo": "Linha branca",
        "objectid": 1203,
        "globalid": "{C0AFC80C-08B3-42C9-8B14-30DF798C0B79}"
      }
    },
    {
      "type": "Feature",
      "id": 1204,
      "geometry": {
        "type": "LineString",
        "coordinates": [
          [-8.61164692811984, 41.1602712392181],
          [-8.61162059514328, 41.1603879278289]
        ]
      },
      "properties": {
        "toponimo": "Rua de Antero de Quental",
        "comprimento": 13,
        "tipo": "Envelope",
        "objectid": 1204,
        "globalid": "{0C5BFC8D-F8C8-4B59-9EFB-09411C596320}"
      }
    },
    {
      "type": "Feature",
      "id": 1206,
      "geometry": {
        "type": "LineString",
        "coordinates": [
          [-8.63003530842257, 41.1555567161439],
          [-8.63008532252591, 41.1554875621968]
        ]
      },
      "properties": {
        "toponimo": "Rua de Gonçalo Sampaio",
        "comprimento": 17,
        "tipo": "Envelope",
        "objectid": 1206,
        "globalid": "{419D9936-9FE5-4BC0-BBD0-507B58C8CC78}"
      }
    },
    {
      "type": "Feature",
      "id": 1207,
      "geometry": {
        "type": "LineString",
        "coordinates": [
          [-8.62095679018348, 41.1541691356352],
          [-8.62094441381666, 41.1543149468611]
        ]
      },
      "properties": {
        "toponimo": "Rua de Aníbal Cunha",
        "comprimento": 11.2,
        "tipo": "Envelope",
        "objectid": 1207,
        "globalid": "{8694CF1A-5F37-4FC7-A400-2B32C6BEB7B7}"
      }
    },
    {
      "type": "Feature",
      "id": 1212,
      "geometry": {
        "type": "LineString",
        "coordinates": [
          [-8.62797785006647, 41.1575340900794],
          [-8.62799642913604, 41.1574983458553]
        ]
      },
      "properties": {
        "toponimo": "Praça de Mouzinho de Albuquerque",
        "comprimento": 5.5,
        "tipo": "Envelope",
        "objectid": 1212,
        "globalid": "{4EDDC030-6607-4641-B3AE-75D067609F6F}"
      }
    },
    {
      "type": "Feature",
      "id": 1213,
      "geometry": {
        "type": "LineString",
        "coordinates": [
          [-8.60235537293942, 41.173651336852],
          [-8.60261674730682, 41.1736417617125]
        ]
      },
      "properties": {
        "toponimo": "Rua do Dr. Manuel Pereira da Silva",
        "comprimento": 11,
        "tipo": "Linha branca com Inscrição",
        "objectid": 1213,
        "globalid": "{012D6166-C0F5-47D7-B316-44C3B8935B1B}"
      }
    },
    {
      "type": "Feature",
      "id": 1215,
      "geometry": {
        "type": "LineString",
        "coordinates": [
          [-8.66602603641037, 41.1592994918839],
          [-8.66600748367447, 41.1592756883219]
        ]
      },
      "properties": {
        "toponimo": "Praça de D. Afonso V",
        "comprimento": 9.2,
        "tipo": "Linha branca com Inscrição",
        "objectid": 1215,
        "globalid": "{1B81C4CE-EE04-416C-8058-947B2CFD6AD5}"
      }
    },
    {
      "type": "Feature",
      "id": 1216,
      "geometry": {
        "type": "LineString",
        "coordinates": [
          [-8.66579730982238, 41.1593476695574],
          [-8.66582520275736, 41.1593850877288]
        ]
      },
      "properties": {
        "toponimo": "Praça de D. Afonso V",
        "comprimento": 5.2,
        "tipo": "Linha branca com Inscrição",
        "objectid": 1216,
        "globalid": "{E416EF9A-F91C-46D1-94C0-DCE024B53062}"
      }
    },
    {
      "type": "Feature",
      "id": 1218,
      "geometry": {
        "type": "LineString",
        "coordinates": [
          [-8.64892069463047, 41.1666286613239],
          [-8.64895367498101, 41.1666327987837]
        ]
      },
      "properties": {
        "toponimo": "Praceta Irene Vilar",
        "comprimento": 4.8,
        "tipo": "Linha branca",
        "objectid": 1218,
        "globalid": "{90AD3322-38B3-41DB-BB71-6A86CA41D237}"
      }
    },
    {
      "type": "Feature",
      "id": 1221,
      "geometry": {
        "type": "LineString",
        "coordinates": [
          [-8.6004361851373, 41.1553607362341],
          [-8.60042029379449, 41.1554449760842]
        ]
      },
      "properties": {
        "toponimo": "Rua de Anselmo Braamcamp",
        "comprimento": 11,
        "tipo": "Envelope",
        "objectid": 1221,
        "globalid": "{0A749991-9A22-4BB4-93F2-9946684A99AB}"
      }
    },
    {
      "type": "Feature",
      "id": 1222,
      "geometry": {
        "type": "LineString",
        "coordinates": [
          [-8.6020285972132, 41.1467487880798],
          [-8.6020263043639, 41.1466869527351]
        ]
      },
      "properties": {
        "toponimo": "Rua de D. João IV",
        "comprimento": 11,
        "tipo": "Envelope",
        "objectid": 1222,
        "globalid": "{0410815B-2D4C-4E74-AEBF-9A4ECC6F3180}"
      }
    },
    {
      "type": "Feature",
      "id": 1224,
      "geometry": {
        "type": "LineString",
        "coordinates": [
          [-8.60247201800815, 41.1534570740106],
          [-8.60246252735317, 41.153356612383]
        ]
      },
      "properties": {
        "toponimo": "Rua de D. João IV",
        "comprimento": 11,
        "tipo": "Linha branca",
        "objectid": 1224,
        "globalid": "{667FA86A-7EA9-4B58-932C-332E9416E803}"
      }
    },
    {
      "type": "Feature",
      "id": 1225,
      "geometry": {
        "type": "LineString",
        "coordinates": [
          [-8.60210318123393, 41.1485250714331],
          [-8.6021103941069, 41.1486312151977]
        ]
      },
      "properties": {
        "toponimo": "Rua de D. João IV",
        "comprimento": 11,
        "tipo": "Linha branca",
        "objectid": 1225,
        "globalid": "{4C62D426-6417-4D83-92FF-8068D2785B72}"
      }
    },
    {
      "type": "Feature",
      "id": 1226,
      "geometry": {
        "type": "LineString",
        "coordinates": [
          [-8.60215917480864, 41.1492133313228],
          [-8.60215048277838, 41.1490984017368]
        ]
      },
      "properties": {
        "toponimo": "Rua de D. João IV",
        "comprimento": 10.2,
        "tipo": "Envelope",
        "objectid": 1226,
        "globalid": "{543EEDD3-6968-4164-9A5C-5061A92CEF18}"
      }
    },
    {
      "type": "Feature",
      "id": 1227,
      "geometry": {
        "type": "LineString",
        "coordinates": [
          [-8.60217051417999, 41.1493612376009],
          [-8.60215905583499, 41.1492374220741]
        ]
      },
      "properties": {
        "toponimo": "Rua de D. João IV",
        "comprimento": 15.4,
        "tipo": "Linha branca",
        "objectid": 1227,
        "globalid": "{00C83D57-23C8-4483-B1DC-C5C1682BE25B}"
      }
    },
    {
      "type": "Feature",
      "id": 1228,
      "geometry": {
        "type": "LineString",
        "coordinates": [
          [-8.60225457225798, 41.1505722805996],
          [-8.60225457226402, 41.1504786991995]
        ]
      },
      "properties": {
        "toponimo": "Rua de D. João IV",
        "comprimento": 12.1,
        "tipo": "Envelope",
        "objectid": 1228,
        "globalid": "{E775586C-2C11-4E1C-B798-5144FC4FA582}"
      }
    },
    {
      "type": "Feature",
      "id": 1229,
      "geometry": {
        "type": "LineString",
        "coordinates": [
          [-8.60235200713328, 41.1517753062352],
          [-8.60236453445372, 41.1518805116306]
        ]
      },
      "properties": {
        "toponimo": "Rua de D. João IV",
        "comprimento": 12,
        "tipo": "Envelope",
        "objectid": 1229,
        "globalid": "{BC39793B-9F5A-4FC1-9554-C7BF2519C8AD}"
      }
    },
    {
      "type": "Feature",
      "id": 1230,
      "geometry": {
        "type": "LineString",
        "coordinates": [
          [-8.60237966897366, 41.1521050825562],
          [-8.60238601568369, 41.152212425544]
        ]
      },
      "properties": {
        "toponimo": "Rua de D. João IV",
        "comprimento": 11.9,
        "tipo": "Envelope",
        "objectid": 1230,
        "globalid": "{9B681232-3D40-4571-A85F-F281808AEF60}"
      }
    },
    {
      "type": "Feature",
      "id": 1233,
      "geometry": {
        "type": "LineString",
        "coordinates": [
          [-8.58791334873907, 41.1721589043097],
          [-8.58808944530314, 41.1722533980785]
        ]
      },
      "properties": {
        "toponimo": "Rua do Dr. Júlio de Matos",
        "comprimento": 11,
        "tipo": "Linha branca",
        "objectid": 1233,
        "globalid": "{7C90408C-456D-475D-BFE4-F1C906E2326B}"
      }
    },
    {
      "type": "Feature",
      "id": 1234,
      "geometry": {
        "type": "LineString",
        "coordinates": [
          [-8.58564431830371, 41.1795158177593],
          [-8.58571216797145, 41.1794577398391]
        ]
      },
      "properties": {
        "toponimo": "Rua do Dr. Eduardo Santos Silva",
        "comprimento": 4.9,
        "tipo": "Envelope",
        "objectid": 1234,
        "globalid": "{EC3B42AB-7CBF-4A35-83BD-E8F792A1B9FF}"
      }
    },
    {
      "type": "Feature",
      "id": 1235,
      "geometry": {
        "type": "LineString",
        "coordinates": [
          [-8.63580846345653, 41.1595246240641],
          [-8.63587181249272, 41.1596689005254]
        ]
      },
      "properties": {
        "toponimo": "Rua de João das Regras",
        "comprimento": 16.5,
        "tipo": "Envelope",
        "objectid": 1235,
        "globalid": "{A8D31ED4-E27E-4D1F-A85E-B12573106320}"
      }
    },
    {
      "type": "Feature",
      "id": 1236,
      "geometry": {
        "type": "LineString",
        "coordinates": [
          [-8.63069040001493, 41.1544769692289],
          [-8.63068141901278, 41.1543825091972]
        ]
      },
      "properties": {
        "toponimo": "Rua do Arquitecto Marques da Silva",
        "comprimento": 11,
        "tipo": "Linha branca com Inscrição",
        "objectid": 1236,
        "globalid": "{BF243E7E-F0AD-47EF-A191-5D3A931A3DA1}"
      }
    },
    {
      "type": "Feature",
      "id": 1240,
      "geometry": {
        "type": "LineString",
        "coordinates": [
          [-8.63067208661421, 41.1522202648758],
          [-8.63066368623846, 41.1525127930886]
        ]
      },
      "properties": {
        "toponimo": "Rua do Prof. Abel Salazar",
        "comprimento": 15.7,
        "tipo": "Linha branca com Inscrição",
        "objectid": 1240,
        "globalid": "{50E761D9-BF65-4BD1-BD6F-70827BC3A636}"
      }
    },
    {
      "type": "Feature",
      "id": 1241,
      "geometry": {
        "type": "LineString",
        "coordinates": [
          [-8.62761204554092, 41.1510843363554],
          [-8.62760460591391, 41.1510041043872]
        ]
      },
      "properties": {
        "toponimo": "Rua de Calouste Gulbenkian",
        "comprimento": 11,
        "tipo": "Envelope",
        "objectid": 1241,
        "globalid": "{C45528DB-F0EA-49C0-8AEA-F2D06AC723CE}"
      }
    },
    {
      "type": "Feature",
      "id": 1244,
      "geometry": {
        "type": "LineString",
        "coordinates": [
          [-8.66407086734209, 41.1562910582473],
          [-8.66409346659749, 41.1563309261308]
        ]
      },
      "properties": {
        "toponimo": "Rua de João de Barros",
        "comprimento": 6.5,
        "tipo": "Linha branca com Inscrição",
        "objectid": 1244,
        "globalid": "{CE15BCA5-0060-46DF-A644-2C3A4027583B}"
      }
    },
    {
      "type": "Feature",
      "id": 1248,
      "geometry": {
        "type": "LineString",
        "coordinates": [
          [-8.61115061589552, 41.1606386854545],
          [-8.61136957679105, 41.1606701570296]
        ]
      },
      "properties": {
        "toponimo": "Travessa de Antero de Quental",
        "comprimento": 16,
        "tipo": "Envelope",
        "objectid": 1248,
        "globalid": "{DD7ECA28-6BCC-4C3D-8A9F-4C609D42AF51}"
      }
    },
    {
      "type": "Feature",
      "id": 1252,
      "geometry": {
        "type": "LineString",
        "coordinates": [
          [-8.62098436897209, 41.1503126499456],
          [-8.62100129294987, 41.1503908567309]
        ]
      },
      "properties": {
        "toponimo": "Rua do Rosário",
        "comprimento": 11,
        "tipo": "Envelope",
        "objectid": 1252,
        "globalid": "{91001F58-D69E-4A11-AEEA-2F765D65C614}"
      }
    },
    {
      "type": "Feature",
      "id": 1253,
      "geometry": {
        "type": "LineString",
        "coordinates": [
          [-8.62087450189302, 41.1497459038099],
          [-8.6208868520986, 41.1498113798182]
        ]
      },
      "properties": {
        "toponimo": "Rua do Rosário",
        "comprimento": 5.5,
        "tipo": "Envelope",
        "objectid": 1253,
        "globalid": "{DEBE5847-2B2E-42E4-9CDA-6E87EA897844}"
      }
    },
    {
      "type": "Feature",
      "id": 1256,
      "geometry": {
        "type": "LineString",
        "coordinates": [
          [-8.62165903062662, 41.1674537998046],
          [-8.62220599358739, 41.1674606755539]
        ]
      },
      "properties": {
        "toponimo": "Rua de S. Dinis",
        "comprimento": 22,
        "tipo": "Envelope",
        "objectid": 1256,
        "globalid": "{1599E7C0-47EC-464B-9AB4-96CCAEBDD0BB}"
      }
    },
    {
      "type": "Feature",
      "id": 1257,
      "geometry": {
        "type": "LineString",
        "coordinates": [
          [-8.60750819566222, 41.165734862864],
          [-8.60750255550087, 41.1658008689535]
        ]
      },
      "properties": {
        "toponimo": "Rua do Dr. Adriano de Paiva",
        "comprimento": 4.5,
        "tipo": "Envelope",
        "objectid": 1257,
        "globalid": "{6EE0EB41-437A-431D-8DF9-66FBEB9ECBC4}"
      }
    },
    {
      "type": "Feature",
      "id": 1258,
      "geometry": {
        "type": "LineString",
        "coordinates": [
          [-8.62721091994891, 41.155217056325],
          [-8.62731649736982, 41.1553611627863]
        ]
      },
      "properties": {
        "toponimo": "Rua de Júlio Dinis",
        "comprimento": 20.5,
        "tipo": "Envelope",
        "objectid": 1258,
        "globalid": "{7180AEDF-537B-49F6-8D88-133A5B269104}"
      }
    },
    {
      "type": "Feature",
      "id": 1263,
      "geometry": {
        "type": "LineString",
        "coordinates": [
          [-8.66677554409061, 41.162208906577],
          [-8.66692530278261, 41.1622413683615]
        ]
      },
      "properties": {
        "toponimo": "Rua de Pedro Homem de Mello",
        "comprimento": 11,
        "tipo": "Linha branca com Inscrição",
        "objectid": 1263,
        "globalid": "{FA4AB8CE-B8C7-41F1-ADD8-3B226B766C15}"
      }
    },
    {
      "type": "Feature",
      "id": 1264,
      "geometry": {
        "type": "LineString",
        "coordinates": [
          [-8.66736661233632, 41.1623730896829],
          [-8.66747620175833, 41.1623895409743]
        ]
      },
      "properties": {
        "toponimo": "Rua de Pedro Homem de Mello",
        "comprimento": 11.3,
        "tipo": "Linha branca com Inscrição",
        "objectid": 1264,
        "globalid": "{CD4BCF3C-F1DB-47F3-BEC0-D933277BD677}"
      }
    },
    {
      "type": "Feature",
      "id": 1265,
      "geometry": {
        "type": "LineString",
        "coordinates": [
          [-8.66638116059598, 41.1629031749764],
          [-8.66636190694167, 41.1629601687628]
        ]
      },
      "properties": {
        "toponimo": "Rua de Pedro Homem de Mello",
        "comprimento": 4.8,
        "tipo": "Linha branca com Inscrição",
        "objectid": 1265,
        "globalid": "{0DCE9F2E-33E3-429E-850F-54E06581A50D}"
      }
    },
    {
      "type": "Feature",
      "id": 1267,
      "geometry": {
        "type": "LineString",
        "coordinates": [
          [-8.66556596501731, 41.163130328304],
          [-8.6656570328757, 41.1631418578335]
        ]
      },
      "properties": {
        "toponimo": "Rua de Pedro Homem de Mello",
        "comprimento": 4.8,
        "tipo": "Linha branca com Inscrição",
        "objectid": 1267,
        "globalid": "{7C6EECCA-FE88-47D1-B357-8FF7BF9A3155}"
      }
    },
    {
      "type": "Feature",
      "id": 1268,
      "geometry": {
        "type": "LineString",
        "coordinates": [
          [-8.66491763767028, 41.1633150713341],
          [-8.66497543676353, 41.1633260391569]
        ]
      },
      "properties": {
        "toponimo": "Rua de Pedro Homem de Mello",
        "comprimento": 4.8,
        "tipo": "Linha branca com Inscrição",
        "objectid": 1268,
        "globalid": "{4E7C5678-545E-4E56-A3F6-0C2DF6FA5D5E}"
      }
    },
    {
      "type": "Feature",
      "id": 1269,
      "geometry": {
        "type": "LineString",
        "coordinates": [
          [-8.66463972197906, 41.1629652790239],
          [-8.6647299950219, 41.1629777304961]
        ]
      },
      "properties": {
        "toponimo": "Rua de Pedro Homem de Mello",
        "comprimento": 4.8,
        "tipo": "Linha branca com Inscrição",
        "objectid": 1269,
        "globalid": "{33EB6F13-9F7D-43B9-B43D-DA3C0C2D70D8}"
      }
    },
    {
      "type": "Feature",
      "id": 1270,
      "geometry": {
        "type": "LineString",
        "coordinates": [
          [-8.66461185434552, 41.1632707155522],
          [-8.66471327902971, 41.1632859636463]
        ]
      },
      "properties": {
        "toponimo": "Rua de Pedro Homem de Mello",
        "comprimento": 4.8,
        "tipo": "Linha branca com Inscrição",
        "objectid": 1270,
        "globalid": "{7EA035B2-434F-43C7-B4D3-5D6967974F68}"
      }
    },
    {
      "type": "Feature",
      "id": 1271,
      "geometry": {
        "type": "LineString",
        "coordinates": [
          [-8.66427707291894, 41.1630776484501],
          [-8.66425277513367, 41.163141598478]
        ]
      },
      "properties": {
        "toponimo": "Rua de Pedro Homem de Mello",
        "comprimento": 4.8,
        "tipo": "Linha branca com Inscrição",
        "objectid": 1271,
        "globalid": "{DEC91896-621F-4131-9D0F-ABA5BF2D9109}"
      }
    },
    {
      "type": "Feature",
      "id": 1272,
      "geometry": {
        "type": "LineString",
        "coordinates": [
          [-8.66418293029521, 41.1633645570281],
          [-8.66417609971685, 41.16338614308]
        ]
      },
      "properties": {
        "toponimo": "Rua de Pedro Homem de Mello",
        "comprimento": 2.4,
        "tipo": "Linha branca com Inscrição",
        "objectid": 1272,
        "globalid": "{A1BBD835-DFAC-48C0-949A-9E6D15876C75}"
      }
    },
    {
      "type": "Feature",
      "id": 1274,
      "geometry": {
        "type": "LineString",
        "coordinates": [
          [-8.66670081513554, 41.1626110484201],
          [-8.66661414623565, 41.1625948936254],
          [-8.66661397790374, 41.1625951465262]
        ]
      },
      "properties": {
        "toponimo": "Rua José Gomes Ferreira",
        "comprimento": 11.5,
        "tipo": "Linha branca com Inscrição",
        "objectid": 1274,
        "globalid": "{A900DB0A-2373-474E-8110-0CC78177C3C6}"
      }
    },
    {
      "type": "Feature",
      "id": 1275,
      "geometry": {
        "type": "LineString",
        "coordinates": [
          [-8.59882212424944, 41.165179344036],
          [-8.59885699406143, 41.1650902474019]
        ]
      },
      "properties": {
        "toponimo": "Rua da Alegria",
        "comprimento": 5.5,
        "tipo": "Envelope",
        "objectid": 1275,
        "globalid": "{580EB7B7-E40C-4470-A45C-46AC80E1483B}"
      }
    },
    {
      "type": "Feature",
      "id": 1276,
      "geometry": {
        "type": "LineString",
        "coordinates": [
          [-8.65932481838733, 41.1613635142398],
          [-8.65922535927817, 41.1613129842464]
        ]
      },
      "properties": {
        "toponimo": "Rua de Tânger",
        "comprimento": 11,
        "tipo": "Linha branca com Inscrição",
        "objectid": 1276,
        "globalid": "{D85B77ED-CB04-499A-9FB2-04EA3D482458}"
      }
    },
    {
      "type": "Feature",
      "id": 1277,
      "geometry": {
        "type": "LineString",
        "coordinates": [
          [-8.6703055601716, 41.1530924166377],
          [-8.67025828797434, 41.1530612398472]
        ]
      },
      "properties": {
        "toponimo": "Rua de Diogo Botelho",
        "comprimento": 10,
        "tipo": "Linha branca",
        "objectid": 1277,
        "globalid": "{9938F42F-295F-4C23-B093-EAB9EFCDC1B1}"
      }
    },
    {
      "type": "Feature",
      "id": 1278,
      "geometry": {
        "type": "LineString",
        "coordinates": [
          [-8.62032646801808, 41.1464297493108],
          [-8.62035437525716, 41.1465420498285]
        ]
      },
      "properties": {
        "toponimo": "Rua de Alberto Aires de Gouveia",
        "comprimento": 11,
        "tipo": "Envelope",
        "objectid": 1278,
        "globalid": "{185AAA35-9AD2-4321-AD25-DB7B2A9DDE40}"
      }
    },
    {
      "type": "Feature",
      "id": 1279,
      "geometry": {
        "type": "LineString",
        "coordinates": [
          [-8.6851686794904, 41.1643637143577],
          [-8.68516886894205, 41.1643641402545],
          [-8.68513997744854, 41.1643057047133]
        ]
      },
      "properties": {
        "toponimo": "Rua de Gondarém",
        "comprimento": 5.7,
        "tipo": "Linha branca",
        "objectid": 1279,
        "globalid": "{85B5D197-CFC3-4B6A-9F7F-4B9107221C1F}"
      }
    },
    {
      "type": "Feature",
      "id": 1280,
      "geometry": {
        "type": "LineString",
        "coordinates": [
          [-8.68200791288277, 41.1586199366164],
          [-8.68200873583072, 41.1586204693529],
          [-8.68200821834661, 41.1586199918881],
          [-8.68198029778478, 41.1585893220195]
        ]
      },
      "properties": {
        "toponimo": "Rua de Gondarém",
        "comprimento": 4.8,
        "tipo": "Linha branca",
        "objectid": 1280,
        "globalid": "{B16A2734-4F61-41A8-85EB-BCF99C89E8ED}"
      }
    },
    {
      "type": "Feature",
      "id": 1281,
      "geometry": {
        "type": "LineString",
        "coordinates": [
          [-8.68117534196118, 41.1575373258304],
          [-8.68125380607607, 41.1574918362549]
        ]
      },
      "properties": {
        "toponimo": "Rua do Crasto",
        "comprimento": 5.2,
        "tipo": "Linha branca",
        "objectid": 1281,
        "globalid": "{0A71BD4D-5949-4BFD-BD34-3F3A36EA1829}"
      }
    },
    {
      "type": "Feature",
      "id": 1282,
      "geometry": {
        "type": "LineString",
        "coordinates": [
          [-8.62044572887572, 41.1469718431459],
          [-8.62046404644727, 41.1470603766656]
        ]
      },
      "properties": {
        "toponimo": "Rua de Alberto Aires de Gouveia",
        "comprimento": 11,
        "tipo": "Envelope",
        "objectid": 1282,
        "globalid": "{6E078CB4-6F9A-4FD1-A28E-8260C4562960}"
      }
    },
    {
      "type": "Feature",
      "id": 1283,
      "geometry": {
        "type": "LineString",
        "coordinates": [
          [-8.68270378066897, 41.1594475047491],
          [-8.68267772544627, 41.1594142959381]
        ]
      },
      "properties": {
        "toponimo": "Rua de Gondarém",
        "comprimento": 8,
        "tipo": "Linha branca",
        "objectid": 1283,
        "globalid": "{7436A1D7-14E2-48B3-8882-63E2735BB9F1}"
      }
    },
    {
      "type": "Feature",
      "id": 1284,
      "geometry": {
        "type": "LineString",
        "coordinates": [
          [-8.68088907865402, 41.1574975035214],
          [-8.68086090012245, 41.1574524699883]
        ]
      },
      "properties": {
        "toponimo": "Rua de Gondarém",
        "comprimento": 5.9,
        "tipo": "Linha branca",
        "objectid": 1284,
        "globalid": "{2845A741-74DF-4300-892A-5300C44FAB5F}"
      }
    },
    {
      "type": "Feature",
      "id": 1285,
      "geometry": {
        "type": "LineString",
        "coordinates": [
          [-8.68073762029196, 41.1571154972102],
          [-8.68077734223806, 41.1571609918408]
        ]
      },
      "properties": {
        "toponimo": "Rua de Gondarém",
        "comprimento": 5.9,
        "tipo": "Linha branca",
        "objectid": 1285,
        "globalid": "{B893817C-5A40-4C27-9C5E-A03EF4A1DF13}"
      }
    },
    {
      "type": "Feature",
      "id": 1286,
      "geometry": {
        "type": "LineString",
        "coordinates": [
          [-8.68032584167498, 41.1567953565511],
          [-8.68035457370327, 41.1568325304095]
        ]
      },
      "properties": {
        "toponimo": "Rua de Gondarém",
        "comprimento": 5.2,
        "tipo": "Linha branca",
        "objectid": 1286,
        "globalid": "{2A402553-57F5-4A43-8581-68546F4D25CF}"
      }
    },
    {
      "type": "Feature",
      "id": 1287,
      "geometry": {
        "type": "LineString",
        "coordinates": [
          [-8.67925014627376, 41.1551512042885],
          [-8.679397640364, 41.1551039560573]
        ]
      },
      "properties": {
        "toponimo": "Rua da Agra",
        "comprimento": 12.5,
        "tipo": "Linha branca com Inscrição",
        "objectid": 1287,
        "globalid": "{F075293E-BBB1-44C6-955C-644DF37A951B}"
      }
    },
    {
      "type": "Feature",
      "id": 1288,
      "geometry": {
        "type": "LineString",
        "coordinates": [
          [-8.67987230198917, 41.1563149112635],
          [-8.67985564165504, 41.1562942479584]
        ]
      },
      "properties": {
        "toponimo": "Rua de Gondarém",
        "comprimento": 3.6,
        "tipo": "Linha branca com Inscrição",
        "objectid": 1288,
        "globalid": "{EE764C39-7913-4B4A-B284-C2457D7E582E}"
      }
    },
    {
      "type": "Feature",
      "id": 1289,
      "geometry": {
        "type": "LineString",
        "coordinates": [
          [-8.67924640149245, 41.1553472338503],
          [-8.67929753551175, 41.1554047578189]
        ]
      },
      "properties": {
        "toponimo": "Rua de Gondarém",
        "comprimento": 11,
        "tipo": "Linha branca",
        "objectid": 1289,
        "globalid": "{B1125352-2979-49FD-B13B-E086771D7235}"
      }
    },
    {
      "type": "Feature",
      "id": 1290,
      "geometry": {
        "type": "LineString",
        "coordinates": [
          [-8.67522106995672, 41.1519870234875],
          [-8.6751286742623, 41.1520524120157]
        ]
      },
      "properties": {
        "toponimo": "Rua do Monsenhor Manuel Marinho",
        "comprimento": 12.2,
        "tipo": "Linha branca com Inscrição",
        "objectid": 1290,
        "globalid": "{F24A2F47-C741-4110-B054-A1D002D953AB}"
      }
    },
    {
      "type": "Feature",
      "id": 1292,
      "geometry": {
        "type": "LineString",
        "coordinates": [
          [-8.67387251238614, 41.1542769829531],
          [-8.6738630639433, 41.1543129429181]
        ]
      },
      "properties": {
        "toponimo": "Rua da Cerca",
        "comprimento": 3.2,
        "tipo": "Linha branca com Inscrição",
        "objectid": 1292,
        "globalid": "{9BBDD5D9-A42A-434A-95E7-D789D5214101}"
      }
    },
    {
      "type": "Feature",
      "id": 1293,
      "geometry": {
        "type": "LineString",
        "coordinates": [
          [-8.673972329918, 41.1537930316835],
          [-8.6739569423414, 41.1538828537937]
        ]
      },
      "properties": {
        "toponimo": "Rua da Cerca",
        "comprimento": 11.2,
        "tipo": "Linha branca com Inscrição",
        "objectid": 1293,
        "globalid": "{2F95F048-01AC-42E4-948F-00E496DF8AEE}"
      }
    },
    {
      "type": "Feature",
      "id": 1294,
      "geometry": {
        "type": "LineString",
        "coordinates": [
          [-8.65913068858646, 41.1483052946323],
          [-8.65902049182373, 41.1482908856859]
        ]
      },
      "properties": {
        "toponimo": "Rua de Paulo da Gama",
        "comprimento": 11,
        "tipo": "Linha branca",
        "objectid": 1294,
        "globalid": "{CBBD787A-E9C6-4C95-8C1E-B45D45A515BA}"
      }
    },
    {
      "type": "Feature",
      "id": 1295,
      "geometry": {
        "type": "LineString",
        "coordinates": [
          [-8.60139664769008, 41.1466229971186],
          [-8.60128727691271, 41.1466599237704]
        ]
      },
      "properties": {
        "toponimo": "Rua do Morgado de Mateus",
        "comprimento": 11,
        "tipo": "Linha branca com Inscrição",
        "objectid": 1295,
        "globalid": "{E2ED9AF6-77EE-4448-A0A0-857247A8DFD8}"
      }
    },
    {
      "type": "Feature",
      "id": 1298,
      "geometry": {
        "type": "LineString",
        "coordinates": [
          [-8.59929772791549, 41.146187761964],
          [-8.59924175098256, 41.1460755185541]
        ]
      },
      "properties": {
        "toponimo": "Rua do Barão de S. Cosme",
        "comprimento": 5.5,
        "tipo": "Linha branca com Inscrição",
        "objectid": 1298,
        "globalid": "{64F55558-55CB-4394-B0FD-7DA87C5D0EDF}"
      }
    },
    {
      "type": "Feature",
      "id": 1303,
      "geometry": {
        "type": "LineString",
        "coordinates": [
          [-8.59823837153962, 41.1481912879064],
          [-8.59809822247425, 41.1480161479804]
        ]
      },
      "properties": {
        "toponimo": "Rua do Duque de Saldanha",
        "comprimento": 16.5,
        "tipo": "Linha branca com Inscrição",
        "objectid": 1303,
        "globalid": "{3DC1D6F5-6C51-4625-AD3C-C425E891D9DB}"
      }
    },
    {
      "type": "Feature",
      "id": 1304,
      "geometry": {
        "type": "LineString",
        "coordinates": [
          [-8.60998667605701, 41.1548795382499],
          [-8.60998658443282, 41.1549170336455]
        ]
      },
      "properties": {
        "toponimo": "Rua de Camões",
        "comprimento": 5.5,
        "tipo": "Linha branca com Inscrição",
        "objectid": 1304,
        "globalid": "{BEAD5FFF-2433-422B-AE4D-91D8DB24D81B}"
      }
    },
    {
      "type": "Feature",
      "id": 1305,
      "geometry": {
        "type": "LineString",
        "coordinates": [
          [-8.60995969630915, 41.1560111725472],
          [-8.60996116812167, 41.1559438364353]
        ]
      },
      "properties": {
        "toponimo": "Rua de Camões",
        "comprimento": 11,
        "tipo": "Linha branca com Inscrição",
        "objectid": 1305,
        "globalid": "{67014DE1-5667-435B-B0CC-69C6F7197904}"
      }
    },
    {
      "type": "Feature",
      "id": 1307,
      "geometry": {
        "type": "LineString",
        "coordinates": [
          [-8.60987685327523, 41.159879053095],
          [-8.60987575780317, 41.1600882708301]
        ]
      },
      "properties": {
        "toponimo": "Rua de Camões",
        "comprimento": 16,
        "tipo": "Linha branca com Inscrição",
        "objectid": 1307,
        "globalid": "{176C3942-2F01-4EF2-B6F4-9EC9FE9C3F63}"
      }
    },
    {
      "type": "Feature",
      "id": 1309,
      "geometry": {
        "type": "LineString",
        "coordinates": [
          [-8.60922921643076, 41.1548225828875],
          [-8.60922208910422, 41.1549011933166]
        ]
      },
      "properties": {
        "toponimo": "Rua do Dr. Alfredo Magalhães",
        "comprimento": 11,
        "tipo": "Linha branca com Inscrição",
        "objectid": 1309,
        "globalid": "{B74D7781-B91A-4A27-853C-CC9278D1CE16}"
      }
    },
    {
      "type": "Feature",
      "id": 1310,
      "geometry": {
        "type": "LineString",
        "coordinates": [
          [-8.60931280650502, 41.1556210105511],
          [-8.60931359620314, 41.15566065884]
        ]
      },
      "properties": {
        "toponimo": "Rua de Fonseca Cardoso",
        "comprimento": 5.5,
        "tipo": "Linha branca com Inscrição",
        "objectid": 1310,
        "globalid": "{55AAD2EB-7B18-4618-B9E6-1CA4325DB7E1}"
      }
    },
    {
      "type": "Feature",
      "id": 1312,
      "geometry": {
        "type": "LineString",
        "coordinates": [
          [-8.60891102264592, 41.1470912035735],
          [-8.60883591944817, 41.1472113789396]
        ]
      },
      "properties": {
        "toponimo": "Rua de Sá da Bandeira",
        "comprimento": 5.5,
        "tipo": "Linha branca com Inscrição",
        "objectid": 1312,
        "globalid": "{43159379-FF52-441E-9604-BC57BC9E0F73}"
      }
    },
    {
      "type": "Feature",
      "id": 1313,
      "geometry": {
        "type": "LineString",
        "coordinates": [
          [-8.60682827320356, 41.1513912996792],
          [-8.6068485385209, 41.15134715892]
        ]
      },
      "properties": {
        "toponimo": "Pátio do Bolhão",
        "comprimento": 5.6,
        "tipo": "Envelope",
        "objectid": 1313,
        "globalid": "{E1413A2C-4CE2-487E-B210-17B401C779F6}"
      }
    },
    {
      "type": "Feature",
      "id": 1314,
      "geometry": {
        "type": "LineString",
        "coordinates": [
          [-8.60672383944936, 41.1518080086098],
          [-8.60671816459634, 41.1518190001483]
        ]
      },
      "properties": {
        "toponimo": "Pátio do Bolhão",
        "comprimento": 2.6,
        "tipo": "Envelope",
        "objectid": 1314,
        "globalid": "{81F7EBF2-9EB1-4082-ACCF-D66DD38CD0EA}"
      }
    },
    {
      "type": "Feature",
      "id": 1317,
      "geometry": {
        "type": "LineString",
        "coordinates": [
          [-8.60240625504441, 41.1509714292292],
          [-8.60252857915061, 41.1509675694782]
        ]
      },
      "properties": {
        "toponimo": "Rua da Firmeza",
        "comprimento": 10,
        "tipo": "Linha branca com Inscrição",
        "objectid": 1317,
        "globalid": "{74665E8E-6385-43FF-A09C-043BC253D76E}"
      }
    },
    {
      "type": "Feature",
      "id": 1318,
      "geometry": {
        "type": "LineString",
        "coordinates": [
          [-8.60039574728959, 41.1511136199353],
          [-8.60034195357766, 41.1511146071164]
        ]
      },
      "properties": {
        "toponimo": "Rua da Firmeza",
        "comprimento": 5.5,
        "tipo": "Linha branca com Inscrição",
        "objectid": 1318,
        "globalid": "{D1017B08-8E08-4EE6-BAED-14F3998AD56C}"
      }
    },
    {
      "type": "Feature",
      "id": 1321,
      "geometry": {
        "type": "LineString",
        "coordinates": [
          [-8.60739091020244, 41.1486216614135],
          [-8.60758311094786, 41.1486719642461]
        ]
      },
      "properties": {
        "toponimo": "Rua Formosa",
        "comprimento": 16.5,
        "tipo": "Linha branca com Inscrição",
        "objectid": 1321,
        "globalid": "{C9A9E1EF-3B44-4F12-800B-069DAB9805E5}"
      }
    },
    {
      "type": "Feature",
      "id": 1324,
      "geometry": {
        "type": "LineString",
        "coordinates": [
          [-8.60046738030075, 41.1511090873708],
          [-8.60054072261175, 41.1511073805967]
        ]
      },
      "properties": {
        "toponimo": "Rua da Firmeza",
        "comprimento": 5.5,
        "tipo": "Linha branca com Inscrição",
        "objectid": 1324,
        "globalid": "{AA923057-009C-4F92-A644-8F9A7593FBBB}"
      }
    },
    {
      "type": "Feature",
      "id": 1325,
      "geometry": {
        "type": "LineString",
        "coordinates": [
          [-8.60316962689826, 41.1474142117562],
          [-8.60335159031712, 41.1474596218486]
        ]
      },
      "properties": {
        "toponimo": "Rua Formosa",
        "comprimento": 16.5,
        "tipo": "Linha branca com Inscrição",
        "objectid": 1325,
        "globalid": "{8770CE99-40F1-4B40-AAB5-A8D1BFF69C8D}"
      }
    },
    {
      "type": "Feature",
      "id": 1326,
      "geometry": {
        "type": "LineString",
        "coordinates": [
          [-8.60351768532344, 41.1475069684626],
          [-8.60366896386134, 41.1475446047279]
        ]
      },
      "properties": {
        "toponimo": "Rua Formosa",
        "comprimento": 11,
        "tipo": "Linha branca com Inscrição",
        "objectid": 1326,
        "globalid": "{AE3F5193-0B31-4E08-90D1-FD4732937B3F}"
      }
    },
    {
      "type": "Feature",
      "id": 1327,
      "geometry": {
        "type": "LineString",
        "coordinates": [
          [-8.60497082600427, 41.1479086526453],
          [-8.6051536679909, 41.1479589366492]
        ]
      },
      "properties": {
        "toponimo": "Rua Formosa",
        "comprimento": 16.5,
        "tipo": "Linha branca com Inscrição",
        "objectid": 1327,
        "globalid": "{4583EA4D-BF33-423D-82E6-09EB13E409C8}"
      }
    },
    {
      "type": "Feature",
      "id": 1329,
      "geometry": {
        "type": "LineString",
        "coordinates": [
          [-8.60297767128909, 41.1467249598703],
          [-8.60313035340447, 41.1466895414175]
        ]
      },
      "properties": {
        "toponimo": "Rua de Santo Ildefonso",
        "comprimento": 11.1,
        "tipo": "Linha branca com Inscrição",
        "objectid": 1329,
        "globalid": "{64697669-11C6-49B7-9DDA-B79E7C37B860}"
      }
    },
    {
      "type": "Feature",
      "id": 1330,
      "geometry": {
        "type": "LineString",
        "coordinates": [
          [-8.60450584058821, 41.1464931876632],
          [-8.60473964004552, 41.1465414548242]
        ]
      },
      "properties": {
        "toponimo": "Rua de Passos Manuel",
        "comprimento": 16.5,
        "tipo": "Linha branca com Inscrição",
        "objectid": 1330,
        "globalid": "{1A379F1E-419D-4365-B3EE-D26630B18759}"
      }
    },
    {
      "type": "Feature",
      "id": 1335,
      "geometry": {
        "type": "LineString",
        "coordinates": [
          [-8.5978718873618, 41.1506029140915],
          [-8.59782298120356, 41.1506876596365],
          [-8.59776870955732, 41.1507643273821]
        ]
      },
      "properties": {
        "toponimo": "Avenida de Fernão de Magalhães",
        "comprimento": 5.5,
        "tipo": "Linha branca com Inscrição",
        "objectid": 1335,
        "globalid": "{2D4F2F0A-3EB1-44AB-9C2C-178D32F96FE7}"
      }
    },
    {
      "type": "Feature",
      "id": 1336,
      "geometry": {
        "type": "LineString",
        "coordinates": [
          [-8.59707751749222, 41.1519920537555],
          [-8.59678123257433, 41.1525115546624]
        ]
      },
      "properties": {
        "toponimo": "Avenida de Fernão de Magalhães",
        "comprimento": 24,
        "tipo": "Linha branca com Inscrição",
        "objectid": 1336,
        "globalid": "{ED478576-F6BA-48B7-87EA-22EF99A4C990}"
      }
    },
    {
      "type": "Feature",
      "id": 1337,
      "geometry": {
        "type": "LineString",
        "coordinates": [
          [-8.5957295262973, 41.1542923651084],
          [-8.59556293011475, 41.1545855846241]
        ]
      },
      "properties": {
        "toponimo": "Avenida de Fernão de Magalhães",
        "comprimento": 11,
        "tipo": "Linha branca com Inscrição",
        "objectid": 1337,
        "globalid": "{C8644B05-9CFE-43FF-BA49-5068531FA4B7}"
      }
    },
    {
      "type": "Feature",
      "id": 1338,
      "geometry": {
        "type": "LineString",
        "coordinates": [
          [-8.5976268176932, 41.1510431307519],
          [-8.59754645924076, 41.1511912631252]
        ]
      },
      "properties": {
        "toponimo": "Avenida de Fernão de Magalhães",
        "comprimento": 5.5,
        "tipo": "Linha branca com Inscrição",
        "objectid": 1338,
        "globalid": "{FC143601-3BCD-4517-A086-E67323250D71}"
      }
    },
    {
      "type": "Feature",
      "id": 1339,
      "geometry": {
        "type": "LineString",
        "coordinates": [
          [-8.61434909744233, 41.1543383290254],
          [-8.6142963062603, 41.1543294659772]
        ]
      },
      "properties": {
        "toponimo": "Rua de Álvares Cabral",
        "comprimento": 5,
        "tipo": "Linha branca com Inscrição",
        "objectid": 1339,
        "globalid": "{0845A6ED-6E83-42C5-B87B-FFF694929789}"
      }
    },
    {
      "type": "Feature",
      "id": 1340,
      "geometry": {
        "type": "LineString",
        "coordinates": [
          [-8.61418329261026, 41.1543065600266],
          [-8.61403656337107, 41.1542802920442]
        ]
      },
      "properties": {
        "toponimo": "Rua de Álvares Cabral",
        "comprimento": 13.5,
        "tipo": "Linha branca com Inscrição",
        "objectid": 1340,
        "globalid": "{677D2F7B-BCD4-4C91-8DAD-67020DF62956}"
      }
    },
    {
      "type": "Feature",
      "id": 1341,
      "geometry": {
        "type": "LineString",
        "coordinates": [
          [-8.59423274535591, 41.1569143417573],
          [-8.59413037476117, 41.1571171107866]
        ]
      },
      "properties": {
        "toponimo": "Avenida de Fernão de Magalhães",
        "comprimento": 11,
        "tipo": "Linha branca com Inscrição",
        "objectid": 1341,
        "globalid": "{D98417DD-CCAB-439A-8096-35A0FE4C7122}"
      }
    },
    {
      "type": "Feature",
      "id": 1342,
      "geometry": {
        "type": "LineString",
        "coordinates": [
          [-8.59400394649968, 41.1573113210013],
          [-8.59391413644124, 41.1574733957353]
        ]
      },
      "properties": {
        "toponimo": "Avenida de Fernão de Magalhães",
        "comprimento": 11,
        "tipo": "Linha branca com Inscrição",
        "objectid": 1342,
        "globalid": "{5135E5E3-6A11-4890-B0A7-D3ABF59F14D6}"
      }
    },
    {
      "type": "Feature",
      "id": 1343,
      "geometry": {
        "type": "LineString",
        "coordinates": [
          [-8.59306894346857, 41.1590237883866],
          [-8.59306941131828, 41.1590259493626],
          [-8.59297230768611, 41.1592011771803]
        ]
      },
      "properties": {
        "toponimo": "Avenida de Fernão de Magalhães",
        "comprimento": 11,
        "tipo": "Linha branca com Inscrição",
        "objectid": 1343,
        "globalid": "{0767672F-DA7D-4F2B-849D-311D46E54F2A}"
      }
    },
    {
      "type": "Feature",
      "id": 1344,
      "geometry": {
        "type": "LineString",
        "coordinates": [
          [-8.64973318871174, 41.1665289437713],
          [-8.64971085761565, 41.1666172322901]
        ]
      },
      "properties": {
        "toponimo": "Rua de S. João de Brito",
        "comprimento": 11,
        "tipo": "Linha branca com Inscrição",
        "objectid": 1344,
        "globalid": "{77FFBE7F-AA20-4BF3-B1A4-704F6A1ED1C4}"
      }
    },
    {
      "type": "Feature",
      "id": 1347,
      "geometry": {
        "type": "LineString",
        "coordinates": [
          [-8.64773237055997, 41.1636311406568],
          [-8.64767618896643, 41.1636226637572]
        ]
      },
      "properties": {
        "toponimo": "Rua de Eugénio de Castro",
        "comprimento": 4.8,
        "tipo": "Linha branca com Inscrição",
        "objectid": 1347,
        "globalid": "{6352F749-37F1-42A1-BAF9-B90BA0A00BEB}"
      }
    },
    {
      "type": "Feature",
      "id": 1348,
      "geometry": {
        "type": "LineString",
        "coordinates": [
          [-8.64780447119375, 41.1634117125312],
          [-8.64782599915554, 41.1634362107598]
        ]
      },
      "properties": {
        "toponimo": "Rua de Eugénio de Castro",
        "comprimento": 3.2,
        "tipo": "Linha branca com Inscrição",
        "objectid": 1348,
        "globalid": "{DF7F35F0-9087-4E2D-A9C9-5BB70FF169B8}"
      }
    },
    {
      "type": "Feature",
      "id": 1350,
      "geometry": {
        "type": "LineString",
        "coordinates": [
          [-8.61572939230535, 41.1438390393694],
          [-8.61575392147138, 41.1437555075385]
        ]
      },
      "properties": {
        "toponimo": "Rua de S. Bento da Vitória",
        "comprimento": 11,
        "tipo": "Envelope",
        "objectid": 1350,
        "globalid": "{4E44D43A-B31C-43A0-AF61-3AC9852E5388}"
      }
    },
    {
      "type": "Feature",
      "id": 1361,
      "geometry": {
        "type": "LineString",
        "coordinates": [
          [-8.6498427329612, 41.162392297059],
          [-8.6498320048102, 41.1624246050051]
        ]
      },
      "properties": {
        "toponimo": "Rua do Beato Inácio de Azevedo",
        "comprimento": 4.8,
        "tipo": "Envelope",
        "objectid": 1361,
        "globalid": "{32E49E8B-5E96-4BE7-997E-79E2F4F09F60}"
      }
    },
    {
      "type": "Feature",
      "id": 1362,
      "geometry": {
        "type": "LineString",
        "coordinates": [
          [-8.67107715241783, 41.1683862528767],
          [-8.67105949719258, 41.1683448092224]
        ]
      },
      "properties": {
        "toponimo": "Avenida do Parque",
        "comprimento": 5.5,
        "tipo": "Linha branca com Inscrição",
        "objectid": 1362,
        "globalid": "{4E305CE6-4CB3-4C03-B88F-714E6384F734}"
      }
    },
    {
      "type": "Feature",
      "id": 1363,
      "geometry": {
        "type": "LineString",
        "coordinates": [
          [-8.65987384479454, 41.1470454933993],
          [-8.65982028672088, 41.1470344558488]
        ]
      },
      "properties": {
        "toponimo": "Rua de Sobreiras",
        "comprimento": 5.5,
        "tipo": "Linha branca com Inscrição",
        "objectid": 1363,
        "globalid": "{316B0673-3BF6-403B-A558-B3AB7291FC2F}"
      }
    },
    {
      "type": "Feature",
      "id": 1364,
      "geometry": {
        "type": "LineString",
        "coordinates": [
          [-8.61647344136567, 41.1683462669987],
          [-8.61610441050392, 41.1680415472271]
        ]
      },
      "properties": {
        "toponimo": "Rua de Silva Porto",
        "comprimento": 11,
        "tipo": "Linha branca com Inscrição",
        "objectid": 1364,
        "globalid": "{700E6E92-90D6-4641-8E7E-98FB2D87B718}"
      }
    },
    {
      "type": "Feature",
      "id": 1366,
      "geometry": {
        "type": "LineString",
        "coordinates": [
          [-8.60827162270863, 41.1472862228455],
          [-8.60833049501696, 41.1473002681086]
        ]
      },
      "properties": {
        "toponimo": "Rua de Passos Manuel",
        "comprimento": 11.2,
        "tipo": "Linha branca com Inscrição",
        "objectid": 1366,
        "globalid": "{E45BD873-14CC-4990-B5C0-4CEFBC858368}"
      }
    },
    {
      "type": "Feature",
      "id": 1368,
      "geometry": {
        "type": "LineString",
        "coordinates": [
          [-8.61009792972581, 41.1547527375645],
          [-8.61010094473337, 41.1545232663034]
        ]
      },
      "properties": {
        "toponimo": "Rua de Camões",
        "comprimento": 26,
        "tipo": "Linha branca com Inscrição",
        "objectid": 1368,
        "globalid": "{9A8A345D-3F49-404E-AC1A-4505EEE1C6B9}"
      }
    },
    {
      "type": "Feature",
      "id": 1369,
      "geometry": {
        "type": "LineString",
        "coordinates": [
          [-8.6826793066412, 41.1597922811361],
          [-8.68261393612316, 41.1598176853766]
        ]
      },
      "properties": {
        "toponimo": "Rua do Molhe",
        "comprimento": 6.2,
        "tipo": "Linha branca com Inscrição",
        "objectid": 1369,
        "globalid": "{1846493D-300B-4F70-8B8C-1902483927FF}"
      }
    },
    {
      "type": "Feature",
      "id": 1370,
      "geometry": {
        "type": "LineString",
        "coordinates": [
          [-8.67469275622588, 41.1539675382329],
          [-8.67466456049795, 41.1539841298306]
        ]
      },
      "properties": {
        "toponimo": "Rua de Diu",
        "comprimento": 5.5,
        "tipo": "Linha branca",
        "objectid": 1370,
        "globalid": "{2B1F6491-757D-46DC-9BDC-40086A125367}"
      }
    },
    {
      "type": "Feature",
      "id": 1371,
      "geometry": {
        "type": "LineString",
        "coordinates": [
          [-8.6730739912983, 41.1600856022426],
          [-8.67311241661742, 41.1601375760886]
        ]
      },
      "properties": {
        "toponimo": "Rua de Afonso Baldaia",
        "comprimento": 5.7,
        "tipo": "Linha branca com Inscrição",
        "objectid": 1371,
        "globalid": "{2F941C70-0D13-4EA4-846C-918B3901BC55}"
      }
    },
    {
      "type": "Feature",
      "id": 1378,
      "geometry": {
        "type": "LineString",
        "coordinates": [
          [-8.61474615885672, 41.1554945072967],
          [-8.61480531922521, 41.155504884145]
        ]
      },
      "properties": {
        "toponimo": "Rua da Boavista",
        "comprimento": 5.5,
        "tipo": "Linha branca com Inscrição",
        "objectid": 1378,
        "globalid": "{45593A17-7D5D-4EB9-B204-5B94E3D45A00}"
      }
    },
    {
      "type": "Feature",
      "id": 1379,
      "geometry": {
        "type": "LineString",
        "coordinates": [
          [-8.61424959273566, 41.1463471159082],
          [-8.61465118391237, 41.1465872211858]
        ]
      },
      "properties": {
        "toponimo": "Rua das Carmelitas",
        "comprimento": 48.5,
        "tipo": "Linha branca",
        "objectid": 1379,
        "globalid": "{B38D658C-51AB-4AC2-8E7C-81C11F97BA07}"
      }
    },
    {
      "type": "Feature",
      "id": 1383,
      "geometry": {
        "type": "LineString",
        "coordinates": [
          [-8.61466096296529, 41.1478691411847],
          [-8.61468440467258, 41.1478767401137],
          [-8.6146609085264, 41.1478691900359],
          [-8.61461463711163, 41.1478534619498]
        ]
      },
      "properties": {
        "toponimo": "Praça de Guilherme Gomes Fernandes",
        "comprimento": 5.5,
        "tipo": "Linha branca",
        "objectid": 1383,
        "globalid": "{59DDF110-C874-4C1B-96AF-512268521594}"
      }
    },
    {
      "type": "Feature",
      "id": 1387,
      "geometry": {
        "type": "LineString",
        "coordinates": [
          [-8.62341397784504, 41.1560725480617],
          [-8.62336617864636, 41.1560861184645],
          [-8.62330902568447, 41.156098692254]
        ]
      },
      "properties": {
        "toponimo": "Praça de Pedro Nunes",
        "comprimento": 11.3,
        "tipo": "Linha branca com Inscrição",
        "objectid": 1387,
        "globalid": "{18D17EB4-35EE-49E9-936C-E0610D2F7A62}"
      }
    },
    {
      "type": "Feature",
      "id": 1388,
      "geometry": {
        "type": "LineString",
        "coordinates": [
          [-8.62443263331115, 41.1585807761822],
          [-8.62441710692582, 41.1586294604537]
        ]
      },
      "properties": {
        "toponimo": "Rua do Dr. Carlos Cal Brandão",
        "comprimento": 4.8,
        "tipo": "Envelope",
        "objectid": 1388,
        "globalid": "{3D1AB724-B0A7-497F-8C01-76044D26F592}"
      }
    },
    {
      "type": "Feature",
      "id": 1390,
      "geometry": {
        "type": "LineString",
        "coordinates": [
          [-8.60243587466903, 41.1530485397413],
          [-8.60243270755079, 41.153004524952]
        ]
      },
      "properties": {
        "toponimo": "Rua de D. João IV",
        "comprimento": 55,
        "tipo": "Linha branca com Inscrição",
        "objectid": 1390,
        "globalid": "{591DC5A2-E69D-4A5D-BC99-E8EAE67F260C}"
      }
    },
    {
      "type": "Feature",
      "id": 1391,
      "geometry": {
        "type": "LineString",
        "coordinates": [
          [-8.62102447925907, 41.1611423327173],
          [-8.62101927908939, 41.1611878734784]
        ]
      },
      "properties": {
        "toponimo": "Rua de Serpa Pinto",
        "comprimento": 6.3,
        "tipo": "Envelope",
        "objectid": 1391,
        "globalid": "{AFABD427-EA7B-47B9-8F84-0C82A234589E}"
      }
    },
    {
      "type": "Feature",
      "id": 1398,
      "geometry": {
        "type": "LineString",
        "coordinates": [
          [-8.57722612103179, 41.1592101922733],
          [-8.57728297616276, 41.1591923812493]
        ]
      },
      "properties": {
        "toponimo": "Rua de Cecília Meireles",
        "comprimento": 5.5,
        "tipo": "Linha branca",
        "objectid": 1398,
        "globalid": "{B0B40C74-07FE-4024-BAE5-81FE9F8C3ADD}"
      }
    },
    {
      "type": "Feature",
      "id": 1399,
      "geometry": {
        "type": "LineString",
        "coordinates": [
          [-8.57673686920749, 41.1587158911035],
          [-8.57666682417668, 41.1587360091412]
        ]
      },
      "properties": {
        "toponimo": "Rua de Camilo Pessanha",
        "comprimento": 5.5,
        "tipo": "Linha branca",
        "objectid": 1399,
        "globalid": "{CD5AF678-7569-4B74-878F-4F223A3C890C}"
      }
    },
    {
      "type": "Feature",
      "id": 1401,
      "geometry": {
        "type": "LineString",
        "coordinates": [
          [-8.59208374261387, 41.1629507156299],
          [-8.59200836907363, 41.1629489215357]
        ]
      },
      "properties": {
        "toponimo": "Praça de Francisco Sá Carneiro",
        "comprimento": 11,
        "tipo": "Linha branca",
        "objectid": 1401,
        "globalid": "{F01BACC3-E6DE-4503-A764-EC5986392F5C}"
      }
    },
    {
      "type": "Feature",
      "id": 1402,
      "geometry": {
        "type": "LineString",
        "coordinates": [
          [-8.59212136203456, 41.1615903085582],
          [-8.59219325222408, 41.1616212536184]
        ]
      },
      "properties": {
        "toponimo": "Praça de Francisco Sá Carneiro",
        "comprimento": 11,
        "tipo": "Linha branca",
        "objectid": 1402,
        "globalid": "{372AB1D4-7E32-402E-8EC9-820A98604B49}"
      }
    },
    {
      "type": "Feature",
      "id": 1403,
      "geometry": {
        "type": "LineString",
        "coordinates": [
          [-8.59784509148302, 41.1483355016512],
          [-8.59770909023921, 41.1483703505796]
        ]
      },
      "properties": {
        "toponimo": "Avenida de Camilo",
        "comprimento": 11,
        "tipo": "Linha branca com Inscrição",
        "objectid": 1403,
        "globalid": "{8BED3CFA-3D8C-4ABB-8C5C-2BF478708F9A}"
      }
    },
    {
      "type": "Feature",
      "id": 1404,
      "geometry": {
        "type": "LineString",
        "coordinates": [
          [-8.60822429370873, 41.1521833828461],
          [-8.60823998291307, 41.1520957336705]
        ]
      },
      "properties": {
        "toponimo": "Rua do Bonjardim",
        "comprimento": 5.5,
        "tipo": "Envelope",
        "objectid": 1404,
        "globalid": "{CED6C411-8418-4F1D-9C42-C301245A7194}"
      }
    },
    {
      "type": "Feature",
      "id": 1405,
      "geometry": {
        "type": "LineString",
        "coordinates": [
          [-8.61013182724759, 41.1531167423373],
          [-8.61013057626307, 41.1531869031356],
          [-8.61013057371021, 41.1531878657115]
        ]
      },
      "properties": {
        "toponimo": "Rua de Camões",
        "comprimento": 5.5,
        "tipo": "Linha branca",
        "objectid": 1405,
        "globalid": "{E569B8B1-6839-4968-A81B-A7E570EC1098}"
      }
    },
    {
      "type": "Feature",
      "id": 1406,
      "geometry": {
        "type": "LineString",
        "coordinates": [
          [-8.60387843948294, 41.1470211364739],
          [-8.60388255283295, 41.1470677838789]
        ]
      },
      "properties": {
        "toponimo": "Rua da Alegria",
        "comprimento": 5.5,
        "tipo": "Linha branca com Inscrição",
        "objectid": 1406,
        "globalid": "{F6EE0420-7584-4E3C-A436-745F62F27213}"
      }
    },
    {
      "type": "Feature",
      "id": 1785,
      "geometry": {
        "type": "LineString",
        "coordinates": [
          [-8.67159985275788, 41.1503372561542],
          [-8.67154800291584, 41.1503682771853]
        ]
      },
      "properties": {
        "toponimo": "Rua do Padre Luís Cabral",
        "comprimento": 5.5,
        "tipo": "Linha branca com Inscrição",
        "objectid": 1785,
        "globalid": "{5D8618F1-DFEE-49F3-8FBA-7700AFCD4A83}"
      }
    },
    {
      "type": "Feature",
      "id": 2180,
      "geometry": {
        "type": "LineString",
        "coordinates": [
          [-8.61158138562116, 41.1492094831639],
          [-8.61153359339416, 41.1492408727691]
        ]
      },
      "properties": {
        "toponimo": "Rua de Ramalho Ortigão",
        "comprimento": 8.2,
        "tipo": "Linha branca com Inscrição",
        "objectid": 2180,
        "globalid": "{CCE90462-9EFA-447C-AD42-A8F1F9FEB6AE}"
      }
    },
    {
      "type": "Feature",
      "id": 2181,
      "geometry": {
        "type": "LineString",
        "coordinates": [
          [-8.59292074343001, 41.162226599665],
          [-8.59292388613729, 41.1622688129818]
        ]
      },
      "properties": {
        "toponimo": "Praça de Francisco Sá Carneiro",
        "comprimento": 4.4,
        "tipo": "Linha branca",
        "objectid": 2181,
        "globalid": "{D4DE02B7-FF0F-4CA8-8A85-7BB5A3AA94E5}"
      }
    },
    {
      "type": "Feature",
      "id": 2182,
      "geometry": {
        "type": "LineString",
        "coordinates": [
          [-8.61925455928526, 41.1511889151388],
          [-8.61919748331267, 41.1512016063272]
        ]
      },
      "properties": {
        "toponimo": "Rua do Breiner",
        "comprimento": 5.5,
        "tipo": "Linha branca com Inscrição",
        "objectid": 2182,
        "globalid": "{DF071DC9-5D7B-46DF-A13F-45B6E84AAF64}"
      }
    },
    {
      "type": "Feature",
      "id": 2183,
      "geometry": {
        "type": "LineString",
        "coordinates": [
          [-8.6208981777169, 41.149867837798],
          [-8.62091705051206, 41.1499888142453]
        ]
      },
      "properties": {
        "toponimo": "Rua do Rosário",
        "comprimento": 11,
        "tipo": "Linha branca com Inscrição",
        "objectid": 2183,
        "globalid": "{9352D644-430A-451F-8186-087D65AE722D}"
      }
    },
    {
      "type": "Feature",
      "id": 2184,
      "geometry": {
        "type": "LineString",
        "coordinates": [
          [-8.61037399311349, 41.15020276267],
          [-8.61033615499604, 41.1500644468183]
        ]
      },
      "properties": {
        "toponimo": "Rua do Dr. António Luis Gomes",
        "comprimento": 15.4,
        "tipo": "Linha branca com Inscrição",
        "objectid": 2184,
        "globalid": "{B0DA909C-EEF7-4ECD-8F79-5D83FFA579B1}"
      }
    },
    {
      "type": "Feature",
      "id": 2584,
      "geometry": {
        "type": "LineString",
        "coordinates": [
          [-8.60940248938584, 41.1555840541821],
          [-8.60943977558701, 41.1555850543584]
        ]
      },
      "properties": {
        "toponimo": "Rua de Fonseca Cardoso",
        "comprimento": 5.5,
        "tipo": "Envelope",
        "objectid": 2584,
        "globalid": "{5F9CE36E-D750-48B2-A2C2-1B282E4C16F9}"
      }
    },
    {
      "type": "Feature",
      "id": 2585,
      "geometry": {
        "type": "LineString",
        "coordinates": [
          [-8.61007443550958, 41.1557800105777],
          [-8.61006853176356, 41.156012665982]
        ]
      },
      "properties": {
        "toponimo": "Rua de Camões",
        "comprimento": 27.5,
        "tipo": null,
        "objectid": 2585,
        "globalid": "{173F49EF-0411-497C-AA6B-65CB61779C96}"
      }
    },
    {
      "type": "Feature",
      "id": 2586,
      "geometry": {
        "type": "LineString",
        "coordinates": [
          [-8.61001491160084, 41.1580140231391],
          [-8.61001408170912, 41.1582636036218]
        ]
      },
      "properties": {
        "toponimo": "Rua de Camões",
        "comprimento": 56,
        "tipo": null,
        "objectid": 2586,
        "globalid": "{0406AAB5-00F8-40CF-B40F-9D23286EE7A4}"
      }
    },
    {
      "type": "Feature",
      "id": 2587,
      "geometry": {
        "type": "LineString",
        "coordinates": [
          [-8.6097495817884, 41.1609862260542],
          [-8.60977269884003, 41.1609336485902]
        ]
      },
      "properties": {
        "toponimo": "Rua de S. Brás",
        "comprimento": 5.5,
        "tipo": "Linha branca com Inscrição",
        "objectid": 2587,
        "globalid": "{6559AB27-CE2E-41A5-A86A-97543FEEB2D4}"
      }
    },
    {
      "type": "Feature",
      "id": 2986,
      "geometry": {
        "type": "LineString",
        "coordinates": [
          [-8.60418896790131, 41.149879346102],
          [-8.60418244770611, 41.1498200376393]
        ]
      },
      "properties": {
        "toponimo": "Rua da Alegria",
        "comprimento": 11,
        "tipo": "Linha branca com Inscrição",
        "objectid": 2986,
        "globalid": "{F03147C9-CE01-4AD1-96E1-F9298017F485}"
      }
    },
    {
      "type": "Feature",
      "id": 3385,
      "geometry": {
        "type": "LineString",
        "coordinates": [
          [-8.6084312363243, 41.1590897234412],
          [-8.60836636178665, 41.1592096111429]
        ]
      },
      "properties": {
        "toponimo": "Rua de Faria Guimarães",
        "comprimento": 11,
        "tipo": "Linha branca com Inscrição",
        "objectid": 3385,
        "globalid": "{7A64137F-5000-431C-A3A2-30EA85422B7A}"
      }
    },
    {
      "type": "Feature",
      "id": 3386,
      "geometry": {
        "type": "LineString",
        "coordinates": [
          [-8.60482990286797, 41.1454450567685],
          [-8.60472831318836, 41.1454063379593]
        ]
      },
      "properties": {
        "toponimo": "Avenida de Rodrigues de Freitas",
        "comprimento": 11,
        "tipo": "Linha branca com Inscrição",
        "objectid": 3386,
        "globalid": "{6F867C5D-2D4C-43D7-9B3B-48B2A0CC8232}"
      }
    },
    {
      "type": "Feature",
      "id": 3786,
      "geometry": {
        "type": "LineString",
        "coordinates": [
          [-8.60515411978145, 41.1455910994933],
          [-8.60507316629672, 41.145557111959]
        ]
      },
      "properties": {
        "toponimo": "Avenida de Rodrigues de Freitas",
        "comprimento": 5.5,
        "tipo": "Linha branca com Inscrição",
        "objectid": 3786,
        "globalid": "{30458D21-B9BB-4574-8D9E-07F4B9FCD253}"
      }
    },
    {
      "type": "Feature",
      "id": 3787,
      "geometry": {
        "type": "LineString",
        "coordinates": [
          [-8.60599865400053, 41.1467951371637],
          [-8.60599797199733, 41.1467952146997],
          [-8.60583220338349, 41.1467569872355]
        ]
      },
      "properties": {
        "toponimo": "Rua de Passos Manuel",
        "comprimento": 11,
        "tipo": "Linha branca com Inscrição",
        "objectid": 3787,
        "globalid": "{B17C7BA5-8A3A-452E-8B25-F79305971093}"
      }
    },
    {
      "type": "Feature",
      "id": 3791,
      "geometry": {
        "type": "LineString",
        "coordinates": [
          [-8.60472404126755, 41.1532814121737],
          [-8.60472622954496, 41.1531879677331]
        ]
      },
      "properties": {
        "toponimo": "Rua de Santa Catarina",
        "comprimento": 11,
        "tipo": "Linha branca com Inscrição",
        "objectid": 3791,
        "globalid": "{BD7FE19C-3D6E-4871-AF38-F363455B48CE}"
      }
    },
    {
      "type": "Feature",
      "id": 4191,
      "geometry": {
        "type": "LineString",
        "coordinates": [
          [-8.61133087132425, 41.1660179755784],
          [-8.61129801807286, 41.1659344194009]
        ]
      },
      "properties": {
        "toponimo": "Rua de Vale Formoso",
        "comprimento": 11,
        "tipo": "Envelope",
        "objectid": 4191,
        "globalid": "{C643E260-3105-42E0-8DD5-BCF7FF3476BB}"
      }
    },
    {
      "type": "Feature",
      "id": 5391,
      "geometry": {
        "type": "LineString",
        "coordinates": [
          [-8.60528337495372, 41.1637530919265],
          [-8.60527990165067, 41.1636827030492]
        ]
      },
      "properties": {
        "toponimo": "Rua do Visconde de Setúbal",
        "comprimento": 5.5,
        "tipo": "Linha branca com Inscrição",
        "objectid": 5391,
        "globalid": "{F799ECA7-FFD9-4429-A772-6A095EFCE79C}"
      }
    },
    {
      "type": "Feature",
      "id": 5791,
      "geometry": {
        "type": "LineString",
        "coordinates": [
          [-8.59249178566724, 41.1599508461191],
          [-8.59243859537919, 41.1600343655452]
        ]
      },
      "properties": {
        "toponimo": "Avenida de Fernão de Magalhães",
        "comprimento": 11,
        "tipo": "Linha branca com Inscrição",
        "objectid": 5791,
        "globalid": "{B977879B-1EDF-4CB7-809B-C71B97D31990}"
      }
    },
    {
      "type": "Feature",
      "id": 5792,
      "geometry": {
        "type": "LineString",
        "coordinates": [
          [-8.59536138664771, 41.1472528588586],
          [-8.59535950188326, 41.1472373861175]
        ]
      },
      "properties": {
        "toponimo": "Rua de António Granjo",
        "comprimento": 5.5,
        "tipo": "Linha branca com Inscrição",
        "objectid": 5792,
        "globalid": "{C193EF40-A606-4361-A509-92FAE59503C9}"
      }
    },
    {
      "type": "Feature",
      "id": 5793,
      "geometry": {
        "type": "LineString",
        "coordinates": [
          [-8.58991283541443, 41.1569617621733],
          [-8.58986675661239, 41.156977459397]
        ]
      },
      "properties": {
        "toponimo": "Rua de S. Roque da Lameira",
        "comprimento": 5.5,
        "tipo": "Linha branca com Inscrição",
        "objectid": 5793,
        "globalid": "{DC9DBFF4-D422-4A00-BFFF-72B7EE0D6AA0}"
      }
    },
    {
      "type": "Feature",
      "id": 6193,
      "geometry": {
        "type": "LineString",
        "coordinates": [
          [-8.65898807267086, 41.1713951248472],
          [-8.65887393024291, 41.1713356105602]
        ]
      },
      "properties": {
        "toponimo": "Rua do Lidador",
        "comprimento": 11,
        "tipo": "Envelope",
        "objectid": 6193,
        "globalid": "{1FD8B154-507A-44A8-A49C-0F8658BD90ED}"
      }
    },
    {
      "type": "Feature",
      "id": 6194,
      "geometry": {
        "type": "LineString",
        "coordinates": [
          [-8.59795332574658, 41.1485384122608],
          [-8.59786242946961, 41.1486062036932]
        ]
      },
      "properties": {
        "toponimo": "Rua do Bonfim",
        "comprimento": 11,
        "tipo": "Linha branca com Inscrição",
        "objectid": 6194,
        "globalid": "{FC458FA1-DE9F-4A1E-B9FA-4CF6428E5820}"
      }
    },
    {
      "type": "Feature",
      "id": 6196,
      "geometry": {
        "type": "LineString",
        "coordinates": [
          [-8.61347899328392, 41.1415803433104],
          [-8.61345559446297, 41.1415435238624]
        ]
      },
      "properties": {
        "toponimo": "Rua de S. João",
        "comprimento": 5.5,
        "tipo": "Linha branca com Inscrição",
        "objectid": 6196,
        "globalid": "{7391D5B0-39E5-4084-AC75-C07A06EB0B25}"
      }
    },
    {
      "type": "Feature",
      "id": 6197,
      "geometry": {
        "type": "LineString",
        "coordinates": [
          [-8.61378015347095, 41.1421039860254],
          [-8.61372926453437, 41.1420110535524]
        ]
      },
      "properties": {
        "toponimo": "Rua de S. João",
        "comprimento": 11,
        "tipo": "Linha branca com Inscrição",
        "objectid": 6197,
        "globalid": "{6EBA637F-1C2A-4CE2-B39C-6B057F10667F}"
      }
    },
    {
      "type": "Feature",
      "id": 6596,
      "geometry": {
        "type": "LineString",
        "coordinates": [
          [-8.68263639765782, 41.1613850417003],
          [-8.68260757776602, 41.1613311829466]
        ]
      },
      "properties": {
        "toponimo": "Rua do Marechal Saldanha",
        "comprimento": 5.5,
        "tipo": "Linha branca",
        "objectid": 6596,
        "globalid": "{5DA0F751-9EAA-4B95-9DF6-933358FD185C}"
      }
    },
    {
      "type": "Feature",
      "id": 6997,
      "geometry": {
        "type": "LineString",
        "coordinates": [
          [-8.58946392749854, 41.1633015440181],
          [-8.58936429478469, 41.1632535646934]
        ]
      },
      "properties": {
        "toponimo": "Rua do Padre Manuel da Nóbrega",
        "comprimento": 10,
        "tipo": "Envelope",
        "objectid": 6997,
        "globalid": "{DC045947-4416-48E2-B0BD-751C63D71B1D}"
      }
    },
    {
      "type": "Feature",
      "id": 7796,
      "geometry": {
        "type": "LineString",
        "coordinates": [
          [-8.67536598347165, 41.1548958454827],
          [-8.67531437709821, 41.1549197626186]
        ]
      },
      "properties": {
        "toponimo": "Rua do Faial",
        "comprimento": 5.5,
        "tipo": "Linha branca",
        "objectid": 7796,
        "globalid": "{5850510C-4C81-40C0-8DA1-0F6A65EE580A}"
      }
    },
    {
      "type": "Feature",
      "id": 8197,
      "geometry": {
        "type": "LineString",
        "coordinates": [
          [-8.61626649488307, 41.1433962555094],
          [-8.61632105894747, 41.1433962814636]
        ]
      },
      "properties": {
        "toponimo": "Rua de S. Miguel",
        "comprimento": 11,
        "tipo": "Linha branca",
        "objectid": 8197,
        "globalid": "{E896F4BE-13F6-46A6-B0BD-93207D201FC8}"
      }
    },
    {
      "type": "Feature",
      "id": 8198,
      "geometry": {
        "type": "LineString",
        "coordinates": [
          [-8.61446412545071, 41.1449782910471],
          [-8.61464268595342, 41.1449320898299]
        ]
      },
      "properties": {
        "toponimo": "Rua dos Caldeireiros",
        "comprimento": 16.5,
        "tipo": null,
        "objectid": 8198,
        "globalid": "{E0180978-3209-4F8B-A8C1-9FA4D13E89CE}"
      }
    },
    {
      "type": "Feature",
      "id": 8199,
      "geometry": {
        "type": "LineString",
        "coordinates": [
          [-8.61534286925882, 41.1480786725602],
          [-8.61540329312081, 41.148093632456]
        ]
      },
      "properties": {
        "toponimo": "Rua Actor João Guedes",
        "comprimento": 5.5,
        "tipo": "Linha branca",
        "objectid": 8199,
        "globalid": "{8D1FB266-BF0A-4D35-BA41-96796F821247}"
      }
    },
    {
      "type": "Feature",
      "id": 8200,
      "geometry": {
        "type": "LineString",
        "coordinates": [
          [-8.60993524033563, 41.1504826198535],
          [-8.60997044204558, 41.1505004909515]
        ]
      },
      "properties": {
        "toponimo": "Rua do Estevão",
        "comprimento": 11,
        "tipo": null,
        "objectid": 8200,
        "globalid": "{E3CEA7F1-6AC9-442B-BAB0-CCDEBF100B4F}"
      }
    },
    {
      "type": "Feature",
      "id": 8201,
      "geometry": {
        "type": "LineString",
        "coordinates": [
          [-8.6737219452923, 41.1549478079194],
          [-8.67366107197275, 41.1548825393156]
        ]
      },
      "properties": {
        "toponimo": "Rua do Dr. Nunes da Ponte",
        "comprimento": 5.5,
        "tipo": "Linha branca com Inscrição",
        "objectid": 8201,
        "globalid": "{962B36F8-2A12-4435-9264-C718A2EC3DF9}"
      }
    },
    {
      "type": "Feature",
      "id": 8203,
      "geometry": {
        "type": "LineString",
        "coordinates": [
          [-8.6250727380796, 41.1556153482133],
          [-8.62502888655882, 41.1556064510077]
        ]
      },
      "properties": {
        "toponimo": "Largo da Paz",
        "comprimento": 3.5,
        "tipo": "Linha branca com Inscrição",
        "objectid": 8203,
        "globalid": "{D4EF1E9A-7F48-4DCB-89DA-108FEE1DF0F8}"
      }
    },
    {
      "type": "Feature",
      "id": 9003,
      "geometry": {
        "type": "LineString",
        "coordinates": [
          [-8.61832124048997, 41.1433571923662],
          [-8.61826752003536, 41.1433373208827]
        ]
      },
      "properties": {
        "toponimo": "Passeio das Virtudes",
        "comprimento": 11,
        "tipo": "Linha branca com Inscrição",
        "objectid": 9003,
        "globalid": "{989CCF36-2A7E-4ED2-BD6E-0CB13EAAB14E}"
      }
    },
    {
      "type": "Feature",
      "id": 9004,
      "geometry": {
        "type": "LineString",
        "coordinates": [
          [-8.62044436835435, 41.1652721635721],
          [-8.62043572211685, 41.1653391707771]
        ]
      },
      "properties": {
        "toponimo": "Rua de Serpa Pinto",
        "comprimento": 7,
        "tipo": "Envelope",
        "objectid": 9004,
        "globalid": "{14D9EE43-E3D5-430D-85A3-9C54ACAF1890}"
      }
    },
    {
      "type": "Feature",
      "id": 9404,
      "geometry": {
        "type": "LineString",
        "coordinates": [
          [-8.60892340128802, 41.176605723782],
          [-8.60890112564661, 41.1767479129281]
        ]
      },
      "properties": {
        "toponimo": "Rua da Agra do Amial",
        "comprimento": 22,
        "tipo": "Linha branca com Inscrição",
        "objectid": 9404,
        "globalid": "{1E056F68-4AB1-4F21-A03C-AC751038DEA5}"
      }
    },
    {
      "type": "Feature",
      "id": 9406,
      "geometry": {
        "type": "LineString",
        "coordinates": [
          [-8.60529352134881, 41.1604183073411],
          [-8.60527608797072, 41.1604428679161]
        ]
      },
      "properties": {
        "toponimo": "Rua do Bonjardim",
        "comprimento": 5.5,
        "tipo": "Envelope",
        "objectid": 9406,
        "globalid": "{7692E5AA-BE1D-47C6-B99B-B4E79D436C44}"
      }
    },
    {
      "type": "Feature",
      "id": 9806,
      "geometry": {
        "type": "LineString",
        "coordinates": [
          [-8.61802862315926, 41.1651261943252],
          [-8.61799091296196, 41.1651214448165]
        ]
      },
      "properties": {
        "toponimo": "Rua do Monte Alegre",
        "comprimento": 5.5,
        "tipo": "Linha branca com Inscrição",
        "objectid": 9806,
        "globalid": "{DC85E8B2-6B1A-4DE2-BEBA-4A627A10D4E6}"
      }
    },
    {
      "type": "Feature",
      "id": 10606,
      "geometry": {
        "type": "LineString",
        "coordinates": [
          [-8.64244299344904, 41.1480880816909],
          [-8.64238400947121, 41.1480940386353]
        ]
      },
      "properties": {
        "toponimo": "Rua do Ouro",
        "comprimento": 5,
        "tipo": "Linha branca com Inscrição",
        "objectid": 10606,
        "globalid": "{870A0986-5FD1-4534-B4D1-B78FC821F040}"
      }
    },
    {
      "type": "Feature",
      "id": 10608,
      "geometry": {
        "type": "LineString",
        "coordinates": [
          [-8.6131300408659, 41.1611685321495],
          [-8.61313317602741, 41.1611476884433]
        ]
      },
      "properties": {
        "toponimo": "Rua de Cervantes",
        "comprimento": 5.5,
        "tipo": "Linha branca",
        "objectid": 10608,
        "globalid": "{AC90BA79-275B-4C2F-9ADB-3E205601616F}"
      }
    },
    {
      "type": "Feature",
      "id": 10610,
      "geometry": {
        "type": "LineString",
        "coordinates": [
          [-8.65809607631634, 41.1651973150264],
          [-8.65813436260314, 41.1651766934936]
        ]
      },
      "properties": {
        "toponimo": "Rua do Dr. Mário Cal Brandão",
        "comprimento": 2,
        "tipo": "Envelope",
        "objectid": 10610,
        "globalid": "{C41AE360-E3B2-4392-A8CB-7FDDCA201283}"
      }
    },
    {
      "type": "Feature",
      "id": 10611,
      "geometry": {
        "type": "LineString",
        "coordinates": [
          [-8.66616098512885, 41.1748755000658],
          [-8.66614302235743, 41.1748632860131]
        ]
      },
      "properties": {
        "toponimo": "Rua de Vila Nova",
        "comprimento": 3.5,
        "tipo": "Linha branca",
        "objectid": 10611,
        "globalid": "{E7E38A91-1643-474C-BB89-F74815BE18AB}"
      }
    },
    {
      "type": "Feature",
      "id": 10612,
      "geometry": {
        "type": "LineString",
        "coordinates": [
          [-8.64454648248776, 41.178458986107],
          [-8.6446331257279, 41.178450234533]
        ]
      },
      "properties": {
        "toponimo": "Rua de Nagasaki",
        "comprimento": 11,
        "tipo": "Envelope",
        "objectid": 10612,
        "globalid": "{483B1EED-63B4-4670-86E0-45A459C97D07}"
      }
    },
    {
      "type": "Feature",
      "id": 11412,
      "geometry": {
        "type": "LineString",
        "coordinates": [
          [-8.59665813270817, 41.1679779501896],
          [-8.59666768935112, 41.1679066190248]
        ]
      },
      "properties": {
        "toponimo": "Rua do Professor Mendes Correia",
        "comprimento": 5.5,
        "tipo": "Envelope",
        "objectid": 11412,
        "globalid": "{3325D91A-3A67-4ADF-8B08-014583F9E9BB}"
      }
    },
    {
      "type": "Feature",
      "id": 11413,
      "geometry": {
        "type": "LineString",
        "coordinates": [
          [-8.59997085584596, 41.1651230898633],
          [-8.60001103470133, 41.1651603895445]
        ]
      },
      "properties": {
        "toponimo": "Rua do Cunha",
        "comprimento": 5.5,
        "tipo": "Linha branca",
        "objectid": 11413,
        "globalid": "{2F8CA005-912E-43EF-BE71-16A2C06C8929}"
      }
    },
    {
      "type": "Feature",
      "id": 11414,
      "geometry": {
        "type": "LineString",
        "coordinates": [
          [-8.61035568736184, 41.1597553404395],
          [-8.61039130311444, 41.1596609155961]
        ]
      },
      "properties": {
        "toponimo": "Rua de S. Brás",
        "comprimento": 11,
        "tipo": null,
        "objectid": 11414,
        "globalid": "{695D4D7F-FF94-4123-9C31-672049D0DD8B}"
      }
    },
    {
      "type": "Feature",
      "id": 11415,
      "geometry": {
        "type": "LineString",
        "coordinates": [
          [-8.60911369286002, 41.1536419757199],
          [-8.60900136209632, 41.1536404381898]
        ]
      },
      "properties": {
        "toponimo": "Rua de Gonçalo Cristovão",
        "comprimento": 11,
        "tipo": "Envelope",
        "objectid": 11415,
        "globalid": "{50E41A50-5EBF-4363-8457-42522BED2F39}"
      }
    },
    {
      "type": "Feature",
      "id": 11812,
      "geometry": {
        "type": "LineString",
        "coordinates": [
          [-8.60083922581737, 41.1659972131919],
          [-8.60091675477199, 41.1660584474698]
        ]
      },
      "properties": {
        "toponimo": "Rua do Cunha",
        "comprimento": 5.5,
        "tipo": "Envelope",
        "objectid": 11812,
        "globalid": "{4556C5D3-14B9-4702-90C0-41F269BE990D}"
      }
    },
    {
      "type": "Feature",
      "id": 11813,
      "geometry": {
        "type": "LineString",
        "coordinates": [
          [-8.60151630384608, 41.1665354565634],
          [-8.60147955464547, 41.166507814127]
        ]
      },
      "properties": {
        "toponimo": "Rua do Cunha",
        "comprimento": 5.5,
        "tipo": null,
        "objectid": 11813,
        "globalid": "{E047FFDD-FC0F-42B9-AE80-374CD6F76E6F}"
      }
    },
    {
      "type": "Feature",
      "id": 11814,
      "geometry": {
        "type": "LineString",
        "coordinates": [
          [-8.60217973388173, 41.1669944863278],
          [-8.60212370695754, 41.1669591617704]
        ]
      },
      "properties": {
        "toponimo": "Rua do Cunha",
        "comprimento": 5.5,
        "tipo": null,
        "objectid": 11814,
        "globalid": "{CCFF9B3A-E497-457E-AA35-40777C27C577}"
      }
    },
    {
      "type": "Feature",
      "id": 11815,
      "geometry": {
        "type": "LineString",
        "coordinates": [
          [-8.61098237929791, 41.165543686986],
          [-8.61098132311738, 41.1655810161323]
        ]
      },
      "properties": {
        "toponimo": "Rua de Antero de Quental",
        "comprimento": 5.5,
        "tipo": null,
        "objectid": 11815,
        "globalid": "{6CA14AB1-305B-4508-B381-F1688611D2E2}"
      }
    },
    {
      "type": "Feature",
      "id": 12212,
      "geometry": {
        "type": "LineString",
        "coordinates": [
          [-8.6045603879056, 41.1591588554256],
          [-8.60455853370413, 41.1592035335696]
        ]
      },
      "properties": {
        "toponimo": "Rua de Santa Catarina",
        "comprimento": 5.5,
        "tipo": "Envelope",
        "objectid": 12212,
        "globalid": "{B3D0F967-B8D3-4CE0-99E8-19AEFCE8843B}"
      }
    },
    {
      "type": "Feature",
      "id": 12213,
      "geometry": {
        "type": "LineString",
        "coordinates": [
          [-8.60352020039818, 41.1623610823671],
          [-8.60290749969112, 41.1628251994766]
        ]
      },
      "properties": {
        "toponimo": "Rua de Costa Cabral",
        "comprimento": 16,
        "tipo": null,
        "objectid": 12213,
        "globalid": "{310CDE5D-1EC3-4668-8092-ED89BFD9EDB3}"
      }
    },
    {
      "type": "Feature",
      "id": 12216,
      "geometry": {
        "type": "LineString",
        "coordinates": [
          [-8.61353592413787, 41.1432807773425],
          [-8.61345302015827, 41.1433409336831]
        ]
      },
      "properties": {
        "toponimo": "Rua de Mouzinho da Silveira",
        "comprimento": 11,
        "tipo": "Envelope",
        "objectid": 12216,
        "globalid": "{5AF4D83D-BCCE-459B-A448-3A9959DCFC4D}"
      }
    },
    {
      "type": "Feature",
      "id": 12217,
      "geometry": {
        "type": "LineString",
        "coordinates": [
          [-8.67164035872549, 41.1701353774393],
          [-8.67144667313423, 41.1702687300399]
        ]
      },
      "properties": {
        "toponimo": "Avenida do Parque",
        "comprimento": 22,
        "tipo": "Linha branca",
        "objectid": 12217,
        "globalid": "{D07BD2F6-F725-4E1B-A657-B96AFE9CAB73}"
      }
    },
    {
      "type": "Feature",
      "id": 12218,
      "geometry": {
        "type": "LineString",
        "coordinates": [
          [-8.66129512599379, 41.1759254535735],
          [-8.66136377869934, 41.176010087165]
        ]
      },
      "properties": {
        "toponimo": "Rua do Lidador",
        "comprimento": 11,
        "tipo": "Envelope",
        "objectid": 12218,
        "globalid": "{9E3AE108-180B-4B4A-9BF6-E10DCD609BC9}"
      }
    },
    {
      "type": "Feature",
      "id": 12219,
      "geometry": {
        "type": "LineString",
        "coordinates": [
          [-8.66052224781309, 41.1745472605964],
          [-8.66053338222519, 41.1746564994283]
        ]
      },
      "properties": {
        "toponimo": "Rua do Lidador",
        "comprimento": 11,
        "tipo": "Envelope",
        "objectid": 12219,
        "globalid": "{18652A1B-A3BF-4647-AE83-FB07A803DD73}"
      }
    },
    {
      "type": "Feature",
      "id": 12220,
      "geometry": {
        "type": "LineString",
        "coordinates": [
          [-8.68243399922394, 41.1579074492221],
          [-8.68240658659954, 41.1578713915395]
        ]
      },
      "properties": {
        "toponimo": "Avenida do Brasil",
        "comprimento": 11,
        "tipo": "Envelope",
        "objectid": 12220,
        "globalid": "{18BB1D60-1113-46D3-B882-7695F26D69F3}"
      }
    },
    {
      "type": "Feature",
      "id": 12221,
      "geometry": {
        "type": "LineString",
        "coordinates": [
          [-8.68329542139496, 41.1589197404512],
          [-8.68334747771275, 41.1589837872114]
        ]
      },
      "properties": {
        "toponimo": "Avenida do Brasil",
        "comprimento": 5.5,
        "tipo": "Envelope",
        "objectid": 12221,
        "globalid": "{9AF488C9-EF6B-4EC1-A82E-F9171DEA3BB3}"
      }
    },
    {
      "type": "Feature",
      "id": 12222,
      "geometry": {
        "type": "LineString",
        "coordinates": [
          [-8.60759971577703, 41.1504920127242],
          [-8.60761012379529, 41.1504602727107]
        ]
      },
      "properties": {
        "toponimo": "Rua do Bolhão",
        "comprimento": 5.5,
        "tipo": "Envelope",
        "objectid": 12222,
        "globalid": "{37A63C5D-C8B3-4358-AB55-119FA9C787BA}"
      }
    },
    {
      "type": "Feature",
      "id": 12223,
      "geometry": {
        "type": "LineString",
        "coordinates": [
          [-8.67938147146265, 41.1568094719288],
          [-8.67942253489212, 41.1567869437279]
        ]
      },
      "properties": {
        "toponimo": "Rua do Padrão",
        "comprimento": 5.5,
        "tipo": "Linha branca",
        "objectid": 12223,
        "globalid": "{8A39E8B0-F705-470A-BA8D-3DCB2F35F9AF}"
      }
    },
    {
      "type": "Feature",
      "id": 12224,
      "geometry": {
        "type": "LineString",
        "coordinates": [
          [-8.67798680780594, 41.1553320028514],
          [-8.6780581587126, 41.1554157856303]
        ]
      },
      "properties": {
        "toponimo": "Rua do Marechal Saldanha",
        "comprimento": 5.5,
        "tipo": "Linha branca",
        "objectid": 12224,
        "globalid": "{A1F91A36-4341-4622-AA03-328D5C1964BE}"
      }
    },
    {
      "type": "Feature",
      "id": 12225,
      "geometry": {
        "type": "LineString",
        "coordinates": [
          [-8.61500468444568, 41.1645274217536],
          [-8.61498319718231, 41.1646148617981]
        ]
      },
      "properties": {
        "toponimo": "Rua de Ribeiro de Sousa",
        "comprimento": 11,
        "tipo": "Linha branca com Inscrição",
        "objectid": 12225,
        "globalid": "{9F041907-09C7-422A-8995-45FB5FE5EE71}"
      }
    },
    {
      "type": "Feature",
      "id": 12226,
      "geometry": {
        "type": "LineString",
        "coordinates": [
          [-8.62023660766004, 41.1667708165983],
          [-8.62022822913577, 41.1668185173548]
        ]
      },
      "properties": {
        "toponimo": "Rua de Serpa Pinto",
        "comprimento": 5.5,
        "tipo": "Envelope",
        "objectid": 12226,
        "globalid": "{5C77D5AE-1CC6-4E3E-B342-8D814943FA70}"
      }
    },
    {
      "type": "Feature",
      "id": 12228,
      "geometry": {
        "type": "LineString",
        "coordinates": [
          [-8.61158091628164, 41.1504051423271],
          [-8.61146630293918, 41.1504313545968]
        ]
      },
      "properties": {
        "toponimo": "Rua do Dr. Ricardo Jorge",
        "comprimento": 11,
        "tipo": "Envelope",
        "objectid": 12228,
        "globalid": "{EE2DC5D0-C050-4689-B4C9-EC02DAA3A6BC}"
      }
    },
    {
      "type": "Feature",
      "id": 12613,
      "geometry": {
        "type": "LineString",
        "coordinates": [
          [-8.60143972853146, 41.1639515973555],
          [-8.6010349614307, 41.1642666969083]
        ]
      },
      "properties": {
        "toponimo": "Rua de Costa Cabral",
        "comprimento": 16,
        "tipo": null,
        "objectid": 12613,
        "globalid": "{B9AB66FF-0BF9-4E0C-AAEC-43DB1F57E76F}"
      }
    },
    {
      "type": "Feature",
      "id": 12614,
      "geometry": {
        "type": "LineString",
        "coordinates": [
          [-8.59776251287897, 41.1660484286664],
          [-8.59763666113693, 41.1661608151561]
        ]
      },
      "properties": {
        "toponimo": "Rua de Costa Cabral",
        "comprimento": 16.5,
        "tipo": "Envelope",
        "objectid": 12614,
        "globalid": "{D7603FDB-1DE3-40B3-B809-4B4B0200F6E7}"
      }
    },
    {
      "type": "Feature",
      "id": 12615,
      "geometry": {
        "type": "LineString",
        "coordinates": [
          [-8.6126473776114, 41.1630660765696],
          [-8.61263954743031, 41.1631658295026]
        ]
      },
      "properties": {
        "toponimo": "Rua de Cunha Júnior",
        "comprimento": 11,
        "tipo": "Linha branca com Inscrição",
        "objectid": 12615,
        "globalid": "{22F2FD27-4A42-4A63-BF8B-7DEB516B748A}"
      }
    },
    {
      "type": "Feature",
      "id": 12616,
      "geometry": {
        "type": "LineString",
        "coordinates": [
          [-8.63878352080079, 41.1484417398151],
          [-8.63866460429744, 41.1484364134508]
        ]
      },
      "properties": {
        "toponimo": "Rua do Ouro",
        "comprimento": 11,
        "tipo": "Envelope",
        "objectid": 12616,
        "globalid": "{11037B37-2FAE-4F2B-8EA5-2154316CDEDD}"
      }
    },
    {
      "type": "Feature",
      "id": 12617,
      "geometry": {
        "type": "LineString",
        "coordinates": [
          [-8.66035737336635, 41.1725503844989],
          [-8.66038762620534, 41.1726450452225]
        ]
      },
      "properties": {
        "toponimo": "Rua do Lidador",
        "comprimento": 11,
        "tipo": "Envelope",
        "objectid": 12617,
        "globalid": "{DBDD0D33-704C-424E-82C7-33742B6BCE3C}"
      }
    },
    {
      "type": "Feature",
      "id": 12618,
      "geometry": {
        "type": "LineString",
        "coordinates": [
          [-8.6070921935143, 41.1516604122313],
          [-8.60705405494948, 41.1517638896406]
        ]
      },
      "properties": {
        "toponimo": "Rua do Bolhão",
        "comprimento": 11,
        "tipo": "Envelope",
        "objectid": 12618,
        "globalid": "{422C9126-646E-4445-A3DB-942D1459BAC1}"
      }
    },
    {
      "type": "Feature",
      "id": 12619,
      "geometry": {
        "type": "LineString",
        "coordinates": [
          [-8.6819385506287, 41.1602767657607],
          [-8.68198890120336, 41.1604041522905]
        ]
      },
      "properties": {
        "toponimo": "Rua do Marechal Saldanha",
        "comprimento": 5.5,
        "tipo": "Linha branca",
        "objectid": 12619,
        "globalid": "{640D871F-D85E-4C72-825B-50C014AC2852}"
      }
    },
    {
      "type": "Feature",
      "id": 12620,
      "geometry": {
        "type": "LineString",
        "coordinates": [
          [-8.65412371137673, 41.1696869915092],
          [-8.65401198015514, 41.169640609576]
        ]
      },
      "properties": {
        "toponimo": "Avenida de Vasco da Gama",
        "comprimento": 11,
        "tipo": "Linha branca",
        "objectid": 12620,
        "globalid": "{7A775701-7133-465B-BC14-B44E6BB0B8CE}"
      }
    },
    {
      "type": "Feature",
      "id": 12621,
      "geometry": {
        "type": "LineString",
        "coordinates": [
          [-8.60763414784425, 41.1487404581866],
          [-8.60752164745183, 41.1487095953987]
        ]
      },
      "properties": {
        "toponimo": "Rua Formosa",
        "comprimento": 11,
        "tipo": "Linha branca com Inscrição",
        "objectid": 12621,
        "globalid": "{B7CEFF5E-42EF-4D8C-86CC-4AF8DEC25F7B}"
      }
    },
    {
      "type": "Feature",
      "id": 12622,
      "geometry": {
        "type": "LineString",
        "coordinates": [
          [-8.60744192501392, 41.1486884465033],
          [-8.60737454065838, 41.1486698292058]
        ]
      },
      "properties": {
        "toponimo": "Rua Formosa",
        "comprimento": 5.5,
        "tipo": "Linha branca com Inscrição",
        "objectid": 12622,
        "globalid": "{2CF10C7E-A744-4FBE-8CEB-BE984AC5EFAC}"
      }
    },
    {
      "type": "Feature",
      "id": 12623,
      "geometry": {
        "type": "LineString",
        "coordinates": [
          [-8.62030831426483, 41.1670424305753],
          [-8.62029925244455, 41.1671312398905]
        ]
      },
      "properties": {
        "toponimo": "Rua de Serpa Pinto",
        "comprimento": 11,
        "tipo": "Envelope",
        "objectid": 12623,
        "globalid": "{2F454A4F-A228-4B9C-A048-E322511DC164}"
      }
    },
    {
      "type": "Feature",
      "id": 12624,
      "geometry": {
        "type": "LineString",
        "coordinates": [
          [-8.611755095265, 41.1490226765043],
          [-8.6117910358939, 41.1489985422455]
        ]
      },
      "properties": {
        "toponimo": "Rua de Ramalho Ortigão",
        "comprimento": 5.5,
        "tipo": "Linha branca com Inscrição",
        "objectid": 12624,
        "globalid": "{A24CAB19-9890-4E82-A13B-6085CC14A131}"
      }
    },
    {
      "type": "Feature",
      "id": 13016,
      "geometry": {
        "type": "LineString",
        "coordinates": [
          [-8.60199839951524, 41.1597130322696],
          [-8.60165137141964, 41.1596286942232]
        ]
      },
      "properties": {
        "toponimo": "Rua de Latino Coelho",
        "comprimento": 5.5,
        "tipo": "Linha branca com Inscrição",
        "objectid": 13016,
        "globalid": "{273E1BC3-571B-4E93-BDB8-F9B181A1A4E7}"
      }
    },
    {
      "type": "Feature",
      "id": 13017,
      "geometry": {
        "type": "LineString",
        "coordinates": [
          [-8.59534816008046, 41.1606841377058],
          [-8.59529590705998, 41.1606774509577]
        ]
      },
      "properties": {
        "toponimo": "Rua de Carlos Malheiro Dias",
        "comprimento": 5.5,
        "tipo": "Envelope",
        "objectid": 13017,
        "globalid": "{85A9CD7C-89EE-44DD-A718-21208DFAD9B7}"
      }
    },
    {
      "type": "Feature",
      "id": 13018,
      "geometry": {
        "type": "LineString",
        "coordinates": [
          [-8.59853392239721, 41.1598215107163],
          [-8.59854062574894, 41.1597826505918]
        ]
      },
      "properties": {
        "toponimo": "Rua de Santos Pousada",
        "comprimento": 5.5,
        "tipo": "Envelope",
        "objectid": 13018,
        "globalid": "{97570F57-D9A7-4C91-B4F6-D2207017D6D7}"
      }
    },
    {
      "type": "Feature",
      "id": 13020,
      "geometry": {
        "type": "LineString",
        "coordinates": [
          [-8.60701438468416, 41.153613489652],
          [-8.60713043882739, 41.1536152713223]
        ]
      },
      "properties": {
        "toponimo": "Rua de Gonçalo Cristovão",
        "comprimento": 11,
        "tipo": "Envelope",
        "objectid": 13020,
        "globalid": "{A99E6A33-7005-4426-9F06-70565B98C8DE}"
      }
    },
    {
      "type": "Feature",
      "id": 13021,
      "geometry": {
        "type": "LineString",
        "coordinates": [
          [-8.57202981928052, 41.1635417182552],
          [-8.57211781781257, 41.1634998899793]
        ]
      },
      "properties": {
        "toponimo": "Rua de S. Roque da Lameira",
        "comprimento": 11,
        "tipo": "Envelope",
        "objectid": 13021,
        "globalid": "{7759ED17-30F5-4B25-B5C6-95DD06300197}"
      }
    },
    {
      "type": "Feature",
      "id": 13022,
      "geometry": {
        "type": "LineString",
        "coordinates": [
          [-8.60897449886067, 41.1546568829776],
          [-8.60897488783372, 41.1546989731104]
        ]
      },
      "properties": {
        "toponimo": "Rua do Régulo Magauanha",
        "comprimento": 11,
        "tipo": "Linha branca com Inscrição",
        "objectid": 13022,
        "globalid": "{01044EAF-AC98-4934-A9BD-9B190D4F9D5B}"
      }
    },
    {
      "type": "Feature",
      "id": 13023,
      "geometry": {
        "type": "LineString",
        "coordinates": [
          [-8.60826988581016, 41.1536306230801],
          [-8.60815105488234, 41.1536285469611]
        ]
      },
      "properties": {
        "toponimo": "Rua de Gonçalo Cristovão",
        "comprimento": 11,
        "tipo": "Envelope",
        "objectid": 13023,
        "globalid": "{6E5AB31A-F4D3-4C5E-8791-46061B1D84DF}"
      }
    },
    {
      "type": "Feature",
      "id": 13024,
      "geometry": {
        "type": "LineString",
        "coordinates": [
          [-8.60927575025149, 41.1506112225015],
          [-8.60918729592077, 41.1505901604436]
        ]
      },
      "properties": {
        "toponimo": "Rua de Fernandes Tomás",
        "comprimento": 11,
        "tipo": "Envelope",
        "objectid": 13024,
        "globalid": "{0A7B4ED6-7357-4563-8F1E-5DED90BE8520}"
      }
    },
    {
      "type": "Feature",
      "id": 13025,
      "geometry": {
        "type": "LineString",
        "coordinates": [
          [-8.60385184966085, 41.1525989929861],
          [-8.60382547260404, 41.1526855596954]
        ]
      },
      "properties": {
        "toponimo": "Rua da Alegria",
        "comprimento": 11,
        "tipo": "Envelope",
        "objectid": 13025,
        "globalid": "{6E293A50-F303-4C10-AC8B-75F3527FFCC7}"
      }
    },
    {
      "type": "Feature",
      "id": 13026,
      "geometry": {
        "type": "LineString",
        "coordinates": [
          [-8.59761052961756, 41.1460068555873],
          [-8.59773973806445, 41.1460021312614]
        ]
      },
      "properties": {
        "toponimo": "Avenida de Rodrigues de Freitas",
        "comprimento": 5.5,
        "tipo": "Envelope",
        "objectid": 13026,
        "globalid": "{3B11BA95-C538-4540-BF95-0DCC6E71D505}"
      }
    },
    {
      "type": "Feature",
      "id": 13027,
      "geometry": {
        "type": "LineString",
        "coordinates": [
          [-8.59179158187987, 41.1466867756581],
          [-8.59191857637784, 41.1466634132302]
        ]
      },
      "properties": {
        "toponimo": "Rua do Heroísmo",
        "comprimento": 11,
        "tipo": "Linha branca com Inscrição",
        "objectid": 13027,
        "globalid": "{16595EF5-395D-4068-876F-94A1E2252C5E}"
      }
    },
    {
      "type": "Feature",
      "id": 13028,
      "geometry": {
        "type": "LineString",
        "coordinates": [
          [-8.59657983370081, 41.1460179656887],
          [-8.59645305440884, 41.1460269821298]
        ]
      },
      "properties": {
        "toponimo": "Avenida de Rodrigues de Freitas",
        "comprimento": 11,
        "tipo": "Linha branca",
        "objectid": 13028,
        "globalid": "{2A131EFF-0F0D-4928-8747-49E265A669D4}"
      }
    },
    {
      "type": "Feature",
      "id": 13029,
      "geometry": {
        "type": "LineString",
        "coordinates": [
          [-8.60519013935126, 41.1440782578303],
          [-8.6053598184478, 41.1441373918635]
        ]
      },
      "properties": {
        "toponimo": "Rua de Alexandre Herculano",
        "comprimento": 16.5,
        "tipo": "Linha branca com Inscrição",
        "objectid": 13029,
        "globalid": "{0C659DC7-9E38-4D3B-9249-2C0F7B222855}"
      }
    },
    {
      "type": "Feature",
      "id": 13030,
      "geometry": {
        "type": "LineString",
        "coordinates": [
          [-8.60594512389364, 41.1444355080325],
          [-8.60611883363682, 41.1444875883846]
        ]
      },
      "properties": {
        "toponimo": "Rua de Alexandre Herculano",
        "comprimento": 11,
        "tipo": "Envelope",
        "objectid": 13030,
        "globalid": "{864EDD80-44DB-4D3E-B48E-A062C02986E9}"
      }
    },
    {
      "type": "Feature",
      "id": 13031,
      "geometry": {
        "type": "LineString",
        "coordinates": [
          [-8.61022893826978, 41.1436952585787],
          [-8.61018160677145, 41.1437679010527]
        ]
      },
      "properties": {
        "toponimo": "Rua Chã",
        "comprimento": 11,
        "tipo": "Envelope",
        "objectid": 13031,
        "globalid": "{4684449F-8893-4243-8DCE-59F8F6D36DDE}"
      }
    },
    {
      "type": "Feature",
      "id": 13032,
      "geometry": {
        "type": "LineString",
        "coordinates": [
          [-8.60815356943426, 41.1436063094615],
          [-8.6080773839165, 41.1436829419392]
        ]
      },
      "properties": {
        "toponimo": "Rua de Augusto Rosa",
        "comprimento": 11,
        "tipo": "Linha branca com Inscrição",
        "objectid": 13032,
        "globalid": "{CAF60041-7A49-4729-8C69-B2E3992FD2BD}"
      }
    },
    {
      "type": "Feature",
      "id": 13033,
      "geometry": {
        "type": "LineString",
        "coordinates": [
          [-8.60279685820482, 41.1446844767816],
          [-8.60282229304625, 41.1447333676374]
        ]
      },
      "properties": {
        "toponimo": "Rua das Fontainhas",
        "comprimento": 5.5,
        "tipo": "Linha branca",
        "objectid": 13033,
        "globalid": "{D0EB4945-7CF9-46CB-8A80-D939DDA2E9FC}"
      }
    },
    {
      "type": "Feature",
      "id": 13034,
      "geometry": {
        "type": "LineString",
        "coordinates": [
          [-8.61437764945822, 41.1485646045981],
          [-8.61436721004246, 41.1486119283047]
        ]
      },
      "properties": {
        "toponimo": "Rua de José Falcão",
        "comprimento": 5.5,
        "tipo": "Envelope",
        "objectid": 13034,
        "globalid": "{B4A5FB07-0BF5-45EC-8D54-1639260FED1C}"
      }
    },
    {
      "type": "Feature",
      "id": 13035,
      "geometry": {
        "type": "LineString",
        "coordinates": [
          [-8.61302689313535, 41.1481803441016],
          [-8.61299825157222, 41.1482382290993]
        ]
      },
      "properties": {
        "toponimo": "Praça de D. Filipa de Lencastre",
        "comprimento": 11,
        "tipo": "Envelope",
        "objectid": 13035,
        "globalid": "{1BC6269B-C47C-41E3-A519-3BBC099EC277}"
      }
    },
    {
      "type": "Feature",
      "id": 13036,
      "geometry": {
        "type": "LineString",
        "coordinates": [
          [-8.61292986439526, 41.149509166863],
          [-8.61292498672763, 41.1495987796459]
        ]
      },
      "properties": {
        "toponimo": "Rua da Picaria",
        "comprimento": 11,
        "tipo": "Envelope",
        "objectid": 13036,
        "globalid": "{F39CC4E0-3C1C-4C55-8482-72DC8B0CE441}"
      }
    },
    {
      "type": "Feature",
      "id": 13037,
      "geometry": {
        "type": "LineString",
        "coordinates": [
          [-8.61294948321021, 41.1489881226519],
          [-8.61295160629288, 41.1490598902565]
        ]
      },
      "properties": {
        "toponimo": "Rua da Picaria",
        "comprimento": 11,
        "tipo": "Linha branca",
        "objectid": 13037,
        "globalid": "{69382218-6DD0-4DC0-82CC-93E53A6E5145}"
      }
    },
    {
      "type": "Feature",
      "id": 13038,
      "geometry": {
        "type": "LineString",
        "coordinates": [
          [-8.6153994814299, 41.1450988163424],
          [-8.61537399105047, 41.1450462403239]
        ]
      },
      "properties": {
        "toponimo": "Campo dos Mártires da Pátria",
        "comprimento": 11,
        "tipo": null,
        "objectid": 13038,
        "globalid": "{9D24F69F-8A0E-482A-B846-C125E7792D4A}"
      }
    },
    {
      "type": "Feature",
      "id": 13039,
      "geometry": {
        "type": "LineString",
        "coordinates": [
          [-8.60894303194564, 41.1568272484774],
          [-8.60904838263744, 41.1568311992487]
        ]
      },
      "properties": {
        "toponimo": "Rua de Olivença",
        "comprimento": 11,
        "tipo": "Envelope",
        "objectid": 13039,
        "globalid": "{7E891B1C-52FE-4296-8764-EB5B3CE389A6}"
      }
    },
    {
      "type": "Feature",
      "id": 13041,
      "geometry": {
        "type": "LineString",
        "coordinates": [
          [-8.61545525447381, 41.1427883522743],
          [-8.61558715861689, 41.1427728292245]
        ]
      },
      "properties": {
        "toponimo": "Rua de Belomonte",
        "comprimento": 11,
        "tipo": "Linha branca",
        "objectid": 13041,
        "globalid": "{C53011B9-6B3D-4971-9CFF-CF044FDB605B}"
      }
    },
    {
      "type": "Feature",
      "id": 13042,
      "geometry": {
        "type": "LineString",
        "coordinates": [
          [-8.61759789146183, 41.1492688519243],
          [-8.61761410058707, 41.1493403476839]
        ]
      },
      "properties": {
        "toponimo": "Rua de Diogo Brandão",
        "comprimento": 11,
        "tipo": "Linha branca",
        "objectid": 13042,
        "globalid": "{0DB9AB7A-9E70-4B89-ACCF-EF892AC9AE4F}"
      }
    },
    {
      "type": "Feature",
      "id": 13043,
      "geometry": {
        "type": "LineString",
        "coordinates": [
          [-8.62081392604311, 41.1547918231834],
          [-8.62070202612186, 41.1547865071138]
        ]
      },
      "properties": {
        "toponimo": "Largo da Carvalhosa",
        "comprimento": 11,
        "tipo": "Linha branca",
        "objectid": 13043,
        "globalid": "{0595D0F7-1826-4B50-A3F4-613C6FA2910C}"
      }
    },
    {
      "type": "Feature",
      "id": 13045,
      "geometry": {
        "type": "LineString",
        "coordinates": [
          [-8.61773949740626, 41.1524945186082],
          [-8.61750122569738, 41.152514334522]
        ]
      },
      "properties": {
        "toponimo": "Rua dos Bragas",
        "comprimento": 11,
        "tipo": "Linha branca",
        "objectid": 13045,
        "globalid": "{7461D0B4-9FD0-4E69-B08C-11814B1E71D5}"
      }
    },
    {
      "type": "Feature",
      "id": 13046,
      "geometry": {
        "type": "LineString",
        "coordinates": [
          [-8.61678030716463, 41.1525733691237],
          [-8.61672265868308, 41.1525780908357]
        ]
      },
      "properties": {
        "toponimo": "Rua dos Bragas",
        "comprimento": 5.5,
        "tipo": "Linha branca",
        "objectid": 13046,
        "globalid": "{0CADDD70-8B06-4FAC-A53E-C8E935BB5799}"
      }
    },
    {
      "type": "Feature",
      "id": 13047,
      "geometry": {
        "type": "LineString",
        "coordinates": [
          [-8.61495643322323, 41.1527547654661],
          [-8.61534812411711, 41.1527081783971]
        ]
      },
      "properties": {
        "toponimo": "Rua dos Bragas",
        "comprimento": 11,
        "tipo": "Linha branca",
        "objectid": 13047,
        "globalid": "{95DE05E3-A3F6-4D1E-95E7-6157A058810B}"
      }
    },
    {
      "type": "Feature",
      "id": 13048,
      "geometry": {
        "type": "LineString",
        "coordinates": [
          [-8.62175812218048, 41.14746003123],
          [-8.62166313843326, 41.1474454634653]
        ]
      },
      "properties": {
        "toponimo": "Rua de D. Manuel II",
        "comprimento": 5.5,
        "tipo": "Linha branca",
        "objectid": 13048,
        "globalid": "{61D42099-063B-4553-A4D0-3FA5C8017F88}"
      }
    },
    {
      "type": "Feature",
      "id": 13049,
      "geometry": {
        "type": "LineString",
        "coordinates": [
          [-8.62422166676557, 41.155829999529],
          [-8.6241949998331, 41.1559416653697]
        ]
      },
      "properties": {
        "toponimo": "Rua de Joaquim de Vasconcelos",
        "comprimento": 11,
        "tipo": "Linha branca com Inscrição",
        "objectid": 13049,
        "globalid": "{E10E0F56-B98F-457E-9495-3C84BB8B097F}"
      }
    },
    {
      "type": "Feature",
      "id": 13050,
      "geometry": {
        "type": "LineString",
        "coordinates": [
          [-8.63881138678215, 41.159439216906],
          [-8.63865805294878, 41.159412702289]
        ]
      },
      "properties": {
        "toponimo": "Avenida da Boavista",
        "comprimento": 16.5,
        "tipo": "Envelope",
        "objectid": 13050,
        "globalid": "{5C16B949-1CA0-4261-90B4-B609158F2237}"
      }
    },
    {
      "type": "Feature",
      "id": 13051,
      "geometry": {
        "type": "LineString",
        "coordinates": [
          [-8.64150487755931, 41.1598947824926],
          [-8.64164650892828, 41.1599129727482]
        ]
      },
      "properties": {
        "toponimo": "Avenida da Boavista",
        "comprimento": 11,
        "tipo": "Envelope",
        "objectid": 13051,
        "globalid": "{25A56C63-24FB-45B7-B5B2-A4DCD628CF09}"
      }
    },
    {
      "type": "Feature",
      "id": 13052,
      "geometry": {
        "type": "LineString",
        "coordinates": [
          [-8.65119408297917, 41.1614968121727],
          [-8.65103433641187, 41.1614693866383]
        ]
      },
      "properties": {
        "toponimo": "Avenida da Boavista",
        "comprimento": 5.5,
        "tipo": "Envelope",
        "objectid": 13052,
        "globalid": "{7FA0572C-1181-416C-A415-80DE6B974689}"
      }
    },
    {
      "type": "Feature",
      "id": 13416,
      "geometry": {
        "type": "LineString",
        "coordinates": [
          [-8.59875167894734, 41.1586322694913],
          [-8.59876032200076, 41.1585909289115]
        ]
      },
      "properties": {
        "toponimo": "Rua de Santos Pousada",
        "comprimento": 5.5,
        "tipo": "Envelope",
        "objectid": 13416,
        "globalid": "{BF114C5C-E9A3-45D7-9B33-4619A019C6B9}"
      }
    },
    {
      "type": "Feature",
      "id": 13417,
      "geometry": {
        "type": "LineString",
        "coordinates": [
          [-8.59913465066773, 41.1566497352687],
          [-8.5991559544206, 41.1565169447689]
        ]
      },
      "properties": {
        "toponimo": "Rua de Santos Pousada",
        "comprimento": 11,
        "tipo": "Envelope",
        "objectid": 13417,
        "globalid": "{6F0F4DE9-E5B3-4CE9-97B2-8B34EE1833C3}"
      }
    },
    {
      "type": "Feature",
      "id": 13418,
      "geometry": {
        "type": "LineString",
        "coordinates": [
          [-8.5992504837816, 41.1558947821551],
          [-8.59928609953179, 41.1556485653126]
        ]
      },
      "properties": {
        "toponimo": "Rua de Santos Pousada",
        "comprimento": 5.5,
        "tipo": "Envelope",
        "objectid": 13418,
        "globalid": "{9F7F7B5B-0D9C-408C-BF5F-C1B7AA49DCB7}"
      }
    },
    {
      "type": "Feature",
      "id": 13419,
      "geometry": {
        "type": "LineString",
        "coordinates": [
          [-8.59951560064132, 41.1544016158128],
          [-8.59955088361341, 41.1541886991744]
        ]
      },
      "properties": {
        "toponimo": "Rua de Santos Pousada",
        "comprimento": 5.5,
        "tipo": "Envelope",
        "objectid": 13419,
        "globalid": "{F8075F91-5C77-4FEA-92CB-D80B8DE8C978}"
      }
    },
    {
      "type": "Feature",
      "id": 13420,
      "geometry": {
        "type": "LineString",
        "coordinates": [
          [-8.66756901269115, 41.1627623523566],
          [-8.66762730647558, 41.1627742331949]
        ]
      },
      "properties": {
        "toponimo": "Rua José Gomes Ferreira",
        "comprimento": 11,
        "tipo": "Linha branca com Inscrição",
        "objectid": 13420,
        "globalid": "{D94061DA-CFC4-4C9E-A289-9A8DC9F17735}"
      }
    },
    {
      "type": "Feature",
      "id": 13421,
      "geometry": {
        "type": "LineString",
        "coordinates": [
          [-8.59867047223239, 41.1492092674504],
          [-8.59861118925692, 41.1493122729104]
        ]
      },
      "properties": {
        "toponimo": "Campo de Vinte e Quatro de Agosto",
        "comprimento": 11,
        "tipo": "Linha branca com Inscrição",
        "objectid": 13421,
        "globalid": "{D52F8907-F7FE-4527-88CC-490CBDB860E0}"
      }
    },
    {
      "type": "Feature",
      "id": 13422,
      "geometry": {
        "type": "LineString",
        "coordinates": [
          [-8.59814081845674, 41.1501013375885],
          [-8.59822956677156, 41.1498586530286]
        ]
      },
      "properties": {
        "toponimo": "Campo de Vinte e Quatro de Agosto",
        "comprimento": 16.5,
        "tipo": "Envelope",
        "objectid": 13422,
        "globalid": "{176360C6-7482-42F4-B694-4117C664427E}"
      }
    },
    {
      "type": "Feature",
      "id": 13423,
      "geometry": {
        "type": "LineString",
        "coordinates": [
          [-8.60589359969639, 41.1535957167508],
          [-8.60584654526852, 41.1535949761206]
        ]
      },
      "properties": {
        "toponimo": "Rua de Gonçalo Cristovão",
        "comprimento": 5.5,
        "tipo": "Envelope",
        "objectid": 13423,
        "globalid": "{E1CDBA44-70A3-40B5-A259-B6F5B1A1DE1C}"
      }
    },
    {
      "type": "Feature",
      "id": 13424,
      "geometry": {
        "type": "LineString",
        "coordinates": [
          [-8.57134456106276, 41.1633174152895],
          [-8.57116746127905, 41.1632659889186]
        ]
      },
      "properties": {
        "toponimo": "Rua do Pinheiro Grande",
        "comprimento": 11,
        "tipo": "Envelope",
        "objectid": 13424,
        "globalid": "{3A22A2CF-B7AF-467A-8570-5A12CF881EF8}"
      }
    },
    {
      "type": "Feature",
      "id": 13425,
      "geometry": {
        "type": "LineString",
        "coordinates": [
          [-8.57283269923685, 41.1631694995257],
          [-8.57303246651274, 41.1630779324219]
        ]
      },
      "properties": {
        "toponimo": "Rua de S. Roque da Lameira",
        "comprimento": 11,
        "tipo": "Envelope",
        "objectid": 13425,
        "globalid": "{0F2AF858-D91B-4719-B8BC-2DBE8DBF4B91}"
      }
    },
    {
      "type": "Feature",
      "id": 13426,
      "geometry": {
        "type": "LineString",
        "coordinates": [
          [-8.58826507409001, 41.1573007120983],
          [-8.5884577212849, 41.1572679708527]
        ]
      },
      "properties": {
        "toponimo": "Rua de S. Roque da Lameira",
        "comprimento": 11,
        "tipo": "Envelope",
        "objectid": 13426,
        "globalid": "{8FDA7B4E-9CFB-409A-A835-2D77C3B49C3A}"
      }
    },
    {
      "type": "Feature",
      "id": 13427,
      "geometry": {
        "type": "LineString",
        "coordinates": [
          [-8.59432788448273, 41.1562786300777],
          [-8.59422057163901, 41.1562434970288]
        ]
      },
      "properties": {
        "toponimo": "Rua do Amparo",
        "comprimento": 11,
        "tipo": "Linha branca com Inscrição",
        "objectid": 13427,
        "globalid": "{5D708020-B878-4AF8-AD52-368F0CE8D993}"
      }
    },
    {
      "type": "Feature",
      "id": 13428,
      "geometry": {
        "type": "LineString",
        "coordinates": [
          [-8.57707872741142, 41.159914028942],
          [-8.57729981689816, 41.1598361182572]
        ]
      },
      "properties": {
        "toponimo": "Rua das Escolas",
        "comprimento": 11,
        "tipo": "Linha branca com Inscrição",
        "objectid": 13428,
        "globalid": "{6E2EFA3D-F9CA-4B7D-B326-376083AF7E60}"
      }
    },
    {
      "type": "Feature",
      "id": 13429,
      "geometry": {
        "type": "LineString",
        "coordinates": [
          [-8.58032714615714, 41.1594106499334],
          [-8.58026655831349, 41.159416804612]
        ]
      },
      "properties": {
        "toponimo": "Rua de S. Roque da Lameira",
        "comprimento": 5.5,
        "tipo": "Linha branca",
        "objectid": 13429,
        "globalid": "{3FAF71AD-B184-4D68-8732-8E4E00FFB9CD}"
      }
    },
    {
      "type": "Feature",
      "id": 13430,
      "geometry": {
        "type": "LineString",
        "coordinates": [
          [-8.59118259829408, 41.1546767293551],
          [-8.59118503511029, 41.1546353878778]
        ]
      },
      "properties": {
        "toponimo": "Praça das Flores",
        "comprimento": 11,
        "tipo": "Linha branca com Inscrição",
        "objectid": 13430,
        "globalid": "{8BC7B107-C8B1-41A1-8F67-5E70F2BB92C0}"
      }
    },
    {
      "type": "Feature",
      "id": 13431,
      "geometry": {
        "type": "LineString",
        "coordinates": [
          [-8.58843749749234, 41.1486684159134],
          [-8.588460780236, 41.1486229571922]
        ]
      },
      "properties": {
        "toponimo": "Rua do Padre António Vieira",
        "comprimento": 5.5,
        "tipo": "Linha branca com Inscrição",
        "objectid": 13431,
        "globalid": "{5D357D6F-CFB2-4CC8-A62D-9B4B3740FA55}"
      }
    },
    {
      "type": "Feature",
      "id": 13432,
      "geometry": {
        "type": "LineString",
        "coordinates": [
          [-8.58836326295459, 41.148834418432],
          [-8.5883394791936, 41.1488863415439]
        ]
      },
      "properties": {
        "toponimo": "Rua do Padre António Vieira",
        "comprimento": 5.5,
        "tipo": "Linha branca com Inscrição",
        "objectid": 13432,
        "globalid": "{CA06AF00-0C65-4B8E-B203-BA910B053E3D}"
      }
    },
    {
      "type": "Feature",
      "id": 13433,
      "geometry": {
        "type": "LineString",
        "coordinates": [
          [-8.58873128321883, 41.1480621807879],
          [-8.58869433831047, 41.1481401156189]
        ]
      },
      "properties": {
        "toponimo": "Rua do Padre António Vieira",
        "comprimento": 11,
        "tipo": "Linha branca com Inscrição",
        "objectid": 13433,
        "globalid": "{A91B4C08-23AB-45EB-AB58-3D952AE14D64}"
      }
    },
    {
      "type": "Feature",
      "id": 13434,
      "geometry": {
        "type": "LineString",
        "coordinates": [
          [-8.58879491394003, 41.1479205911747],
          [-8.58883112699505, 41.1478388422537]
        ]
      },
      "properties": {
        "toponimo": "Rua do Padre António Vieira",
        "comprimento": 11,
        "tipo": "Linha branca com Inscrição",
        "objectid": 13434,
        "globalid": "{5E0A60FF-EDD7-45C3-8439-B3C56FD336E3}"
      }
    },
    {
      "type": "Feature",
      "id": 13435,
      "geometry": {
        "type": "LineString",
        "coordinates": [
          [-8.58630458617966, 41.1479196266218],
          [-8.58628761022188, 41.1479803810308]
        ]
      },
      "properties": {
        "toponimo": "Rua da Estação",
        "comprimento": 11,
        "tipo": "Linha branca com Inscrição",
        "objectid": 13435,
        "globalid": "{0DCD086D-DE51-4244-B66C-941D40957FE1}"
      }
    },
    {
      "type": "Feature",
      "id": 13436,
      "geometry": {
        "type": "LineString",
        "coordinates": [
          [-8.59525263616231, 41.1542024520956],
          [-8.59526610694738, 41.1542438856115]
        ]
      },
      "properties": {
        "toponimo": "Rua de Barros Lima",
        "comprimento": 5.5,
        "tipo": "Linha branca com Inscrição",
        "objectid": 13436,
        "globalid": "{E85D8B74-0A4E-4E46-9E31-287D8987B8CC}"
      }
    },
    {
      "type": "Feature",
      "id": 13437,
      "geometry": {
        "type": "LineString",
        "coordinates": [
          [-8.59905193627906, 41.1611455212757],
          [-8.59910856558704, 41.1611519391932]
        ]
      },
      "properties": {
        "toponimo": "Rua da Constituição",
        "comprimento": 5.5,
        "tipo": "Linha branca com Inscrição",
        "objectid": 13437,
        "globalid": "{FB4D6EE1-F064-4524-8C4E-E5E4B28F5009}"
      }
    },
    {
      "type": "Feature",
      "id": 13438,
      "geometry": {
        "type": "LineString",
        "coordinates": [
          [-8.60440478601886, 41.1509180065952],
          [-8.60447522708376, 41.150919603881]
        ]
      },
      "properties": {
        "toponimo": "Rua da Firmeza",
        "comprimento": 11,
        "tipo": "Envelope",
        "objectid": 13438,
        "globalid": "{286A3AAA-D128-4718-A01B-B053604BE0D5}"
      }
    },
    {
      "type": "Feature",
      "id": 13439,
      "geometry": {
        "type": "LineString",
        "coordinates": [
          [-8.6000546129061, 41.1457865106747],
          [-8.5999314693546, 41.145790726783]
        ]
      },
      "properties": {
        "toponimo": "Avenida de Rodrigues de Freitas",
        "comprimento": 11,
        "tipo": "Envelope",
        "objectid": 13439,
        "globalid": "{D5050C28-8EFD-4B31-A9F0-958C9FCBAFFF}"
      }
    },
    {
      "type": "Feature",
      "id": 13440,
      "geometry": {
        "type": "LineString",
        "coordinates": [
          [-8.59107342503528, 41.1468167773744],
          [-8.59119570249392, 41.1467964419548]
        ]
      },
      "properties": {
        "toponimo": "Rua do Heroísmo",
        "comprimento": 11,
        "tipo": "Linha branca com Inscrição",
        "objectid": 13440,
        "globalid": "{C4A10A13-83E3-4430-A720-7F99FA927CCB}"
      }
    },
    {
      "type": "Feature",
      "id": 13441,
      "geometry": {
        "type": "LineString",
        "coordinates": [
          [-8.59049550624852, 41.1469200394743],
          [-8.59043561109155, 41.1469296310148]
        ]
      },
      "properties": {
        "toponimo": "Rua do Heroísmo",
        "comprimento": 5.5,
        "tipo": "Linha branca",
        "objectid": 13441,
        "globalid": "{57CCD77E-B5D4-4507-88E1-938B0BEEC0A0}"
      }
    },
    {
      "type": "Feature",
      "id": 13442,
      "geometry": {
        "type": "LineString",
        "coordinates": [
          [-8.59717258872603, 41.1460163635455],
          [-8.59707027652182, 41.1460213156725]
        ]
      },
      "properties": {
        "toponimo": "Avenida de Rodrigues de Freitas",
        "comprimento": 11,
        "tipo": "Linha branca com Inscrição",
        "objectid": 13442,
        "globalid": "{5863092F-15AB-4D4E-BD72-7D9BDCD0AE65}"
      }
    },
    {
      "type": "Feature",
      "id": 13443,
      "geometry": {
        "type": "LineString",
        "coordinates": [
          [-8.60234974969536, 41.1469055654325],
          [-8.6024416334846, 41.1468810161878]
        ]
      },
      "properties": {
        "toponimo": "Rua de Santo Ildefonso",
        "comprimento": 11,
        "tipo": "Linha branca com Inscrição",
        "objectid": 13443,
        "globalid": "{78FBFC99-4E01-4D5A-8AD3-68768B02D5E9}"
      }
    },
    {
      "type": "Feature",
      "id": 13444,
      "geometry": {
        "type": "LineString",
        "coordinates": [
          [-8.60401292086203, 41.1460858842243],
          [-8.60382750752697, 41.1460659581066]
        ]
      },
      "properties": {
        "toponimo": "Praça dos Poveiros",
        "comprimento": 16.5,
        "tipo": "Envelope",
        "objectid": 13444,
        "globalid": "{3F0011BD-AB01-4D3E-9D92-3F675090CAAB}"
      }
    },
    {
      "type": "Feature",
      "id": 13445,
      "geometry": {
        "type": "LineString",
        "coordinates": [
          [-8.60554925706676, 41.1443140713686],
          [-8.60535550880639, 41.1442463056575]
        ]
      },
      "properties": {
        "toponimo": "Rua de Alexandre Herculano",
        "comprimento": 11,
        "tipo": "Envelope",
        "objectid": 13445,
        "globalid": "{58C1A50A-6A3A-4DE7-9E4F-817BA703C5FC}"
      }
    },
    {
      "type": "Feature",
      "id": 13446,
      "geometry": {
        "type": "LineString",
        "coordinates": [
          [-8.60967103188638, 41.1440816024845],
          [-8.60976858779945, 41.1440434777554]
        ]
      },
      "properties": {
        "toponimo": "Rua Chã",
        "comprimento": 11,
        "tipo": "Linha branca",
        "objectid": 13446,
        "globalid": "{4875DFF8-F374-4269-9D91-7F6249A16574}"
      }
    },
    {
      "type": "Feature",
      "id": 13447,
      "geometry": {
        "type": "LineString",
        "coordinates": [
          [-8.60952923457294, 41.1443462772047],
          [-8.60948495109514, 41.1442697800535]
        ]
      },
      "properties": {
        "toponimo": "Rua do Loureiro",
        "comprimento": 11,
        "tipo": "Linha branca",
        "objectid": 13447,
        "globalid": "{2B1E379B-911C-49F5-9028-C2E00D8A6974}"
      }
    },
    {
      "type": "Feature",
      "id": 13448,
      "geometry": {
        "type": "LineString",
        "coordinates": [
          [-8.60814181144651, 41.1442805627023],
          [-8.60824010453234, 41.1442902755315]
        ]
      },
      "properties": {
        "toponimo": "Rua do Cativo",
        "comprimento": 11,
        "tipo": "Linha branca",
        "objectid": 13448,
        "globalid": "{D121E5F9-1DC5-4FE9-81F2-34EC8866F5EA}"
      }
    },
    {
      "type": "Feature",
      "id": 13449,
      "geometry": {
        "type": "LineString",
        "coordinates": [
          [-8.60639660161629, 41.1450372067913],
          [-8.60629213459432, 41.1450796305238]
        ]
      },
      "properties": {
        "toponimo": "Rua de Entreparedes",
        "comprimento": 11,
        "tipo": "Linha branca",
        "objectid": 13449,
        "globalid": "{55ED2958-7F1F-4C27-8688-91ECBFD89280}"
      }
    },
    {
      "type": "Feature",
      "id": 13450,
      "geometry": {
        "type": "LineString",
        "coordinates": [
          [-8.6022952885352, 41.1436863902394],
          [-8.60237623716763, 41.1438632511877]
        ]
      },
      "properties": {
        "toponimo": "Rua das Fontainhas",
        "comprimento": 11,
        "tipo": "Envelope",
        "objectid": 13450,
        "globalid": "{851921A1-32FD-42B8-BA72-50835D45301E}"
      }
    },
    {
      "type": "Feature",
      "id": 13451,
      "geometry": {
        "type": "LineString",
        "coordinates": [
          [-8.61303465669065, 41.1499424108118],
          [-8.61303724737081, 41.1498407588269]
        ]
      },
      "properties": {
        "toponimo": "Largo de Mompilher",
        "comprimento": 11,
        "tipo": "Linha branca",
        "objectid": 13451,
        "globalid": "{A6819C8F-AE80-4BC5-88EF-5412DC929376}"
      }
    },
    {
      "type": "Feature",
      "id": 13452,
      "geometry": {
        "type": "LineString",
        "coordinates": [
          [-8.61419387065299, 41.1494314889623],
          [-8.6142029129494, 41.1493927981885]
        ]
      },
      "properties": {
        "toponimo": "Rua de José Falcão",
        "comprimento": 5.5,
        "tipo": "Envelope",
        "objectid": 13452,
        "globalid": "{81FFC410-A28F-4D27-8E62-E72DFB76ECE2}"
      }
    },
    {
      "type": "Feature",
      "id": 13453,
      "geometry": {
        "type": "LineString",
        "coordinates": [
          [-8.61415227221232, 41.149635552871],
          [-8.61416347025704, 41.1495839219404]
        ]
      },
      "properties": {
        "toponimo": "Rua de José Falcão",
        "comprimento": 5.5,
        "tipo": "Linha branca",
        "objectid": 13453,
        "globalid": "{93C0AD7A-9C68-46F6-8C4B-202801B53974}"
      }
    },
    {
      "type": "Feature",
      "id": 13454,
      "geometry": {
        "type": "LineString",
        "coordinates": [
          [-8.61415365118389, 41.1492021178199],
          [-8.61419069039581, 41.1490301491649]
        ]
      },
      "properties": {
        "toponimo": "Rua de José Falcão",
        "comprimento": 5.5,
        "tipo": "Envelope",
        "objectid": 13454,
        "globalid": "{FB91C6A0-5AF9-4C9D-BA21-FFBE941BE245}"
      }
    },
    {
      "type": "Feature",
      "id": 13455,
      "geometry": {
        "type": "LineString",
        "coordinates": [
          [-8.61296063053653, 41.1484649067119],
          [-8.61295851504929, 41.1485507063651]
        ]
      },
      "properties": {
        "toponimo": "Rua da Picaria",
        "comprimento": 11,
        "tipo": "Envelope",
        "objectid": 13455,
        "globalid": "{BEBF6FB3-822B-418B-BFA7-F3A358D267E5}"
      }
    },
    {
      "type": "Feature",
      "id": 13456,
      "geometry": {
        "type": "LineString",
        "coordinates": [
          [-8.613157603026, 41.1499676995965],
          [-8.61327825821773, 41.1499669671028]
        ]
      },
      "properties": {
        "toponimo": "Rua da Conceição",
        "comprimento": 11,
        "tipo": "Envelope",
        "objectid": 13456,
        "globalid": "{9FB85C82-2E79-4F72-B365-29D84D233E81}"
      }
    },
    {
      "type": "Feature",
      "id": 13457,
      "geometry": {
        "type": "LineString",
        "coordinates": [
          [-8.61339635131933, 41.1482767554909],
          [-8.61334122914579, 41.1482731188344]
        ]
      },
      "properties": {
        "toponimo": "Rua de Ceuta",
        "comprimento": 4.9,
        "tipo": "Envelope",
        "objectid": 13457,
        "globalid": "{013A9971-3105-4B5F-8267-286E86E01DF3}"
      }
    },
    {
      "type": "Feature",
      "id": 13458,
      "geometry": {
        "type": "LineString",
        "coordinates": [
          [-8.60656971871162, 41.1635530640124],
          [-8.60658250241514, 41.1634969477566]
        ]
      },
      "properties": {
        "toponimo": "Rua de Faria Guimarães",
        "comprimento": 5.5,
        "tipo": "Envelope",
        "objectid": 13458,
        "globalid": "{2AB0A714-5EA8-464B-937A-B069D144FC18}"
      }
    },
    {
      "type": "Feature",
      "id": 13459,
      "geometry": {
        "type": "LineString",
        "coordinates": [
          [-8.62020247543631, 41.1509495359554],
          [-8.62032259543787, 41.1509186022395]
        ]
      },
      "properties": {
        "toponimo": "Rua do Breiner",
        "comprimento": 11,
        "tipo": "Linha branca",
        "objectid": 13459,
        "globalid": "{7913929B-2F12-4592-9AD2-2A86C620E4C7}"
      }
    },
    {
      "type": "Feature",
      "id": 13460,
      "geometry": {
        "type": "LineString",
        "coordinates": [
          [-8.62095892726718, 41.1532068793702],
          [-8.62098682640575, 41.1533268585426]
        ]
      },
      "properties": {
        "toponimo": "Rua de Aníbal Cunha",
        "comprimento": 11,
        "tipo": "Linha branca",
        "objectid": 13460,
        "globalid": "{54B8F884-5EBE-4F01-B754-56A9EE40F038}"
      }
    },
    {
      "type": "Feature",
      "id": 13461,
      "geometry": {
        "type": "LineString",
        "coordinates": [
          [-8.61384591935373, 41.1622188705957],
          [-8.61397179464037, 41.1622344908507]
        ]
      },
      "properties": {
        "toponimo": "Rua de Damião de Góis",
        "comprimento": 11,
        "tipo": "Envelope",
        "objectid": 13461,
        "globalid": "{F0EA66F3-81EA-4F02-830D-DC2EAC539211}"
      }
    },
    {
      "type": "Feature",
      "id": 13462,
      "geometry": {
        "type": "LineString",
        "coordinates": [
          [-8.62394015139413, 41.1673893076759],
          [-8.62414325614083, 41.1673413223429]
        ]
      },
      "properties": {
        "toponimo": "Praça de Nove de Abril",
        "comprimento": 22,
        "tipo": "Linha branca",
        "objectid": 13462,
        "globalid": "{9DC7FFA6-C614-4FB8-8FC0-6BCC8E96B854}"
      }
    },
    {
      "type": "Feature",
      "id": 13463,
      "geometry": {
        "type": "LineString",
        "coordinates": [
          [-8.61407737681489, 41.176485829191],
          [-8.61406375499865, 41.176711611671]
        ]
      },
      "properties": {
        "toponimo": "Praça de Nove de Abril",
        "comprimento": 11,
        "tipo": "Linha branca",
        "objectid": 13463,
        "globalid": "{1D81DC05-B0A6-46DA-8C36-11D943C3F4A9}"
      }
    },
    {
      "type": "Feature",
      "id": 13464,
      "geometry": {
        "type": "LineString",
        "coordinates": [
          [-8.60888979657955, 41.1772378296543],
          [-8.60899576193695, 41.1772685071902]
        ]
      },
      "properties": {
        "toponimo": "Rua do Conde de Avranches",
        "comprimento": 5.5,
        "tipo": "Linha branca",
        "objectid": 13464,
        "globalid": "{0AEBF583-606A-4499-8D85-A05F7BD70A93}"
      }
    },
    {
      "type": "Feature",
      "id": 13465,
      "geometry": {
        "type": "LineString",
        "coordinates": [
          [-8.60455583760841, 41.1737176424258],
          [-8.60476284400663, 41.1737163014891]
        ]
      },
      "properties": {
        "toponimo": "Rua do Dr. Manuel Pereira da Silva",
        "comprimento": 11,
        "tipo": "Linha branca",
        "objectid": 13465,
        "globalid": "{499F05B7-4E0E-446B-90C8-93D7DCAB80C1}"
      }
    },
    {
      "type": "Feature",
      "id": 13826,
      "geometry": {
        "type": "LineString",
        "coordinates": [
          [-8.59195100326171, 41.1562461327176],
          [-8.59230365242981, 41.1562233519991]
        ]
      },
      "properties": {
        "toponimo": "Rua do Amparo",
        "comprimento": 11,
        "tipo": "Envelope",
        "objectid": 13826,
        "globalid": "{42E16B10-77C2-4BA0-836B-B0BE4F9F838A}"
      }
    },
    {
      "type": "Feature",
      "id": 13827,
      "geometry": {
        "type": "LineString",
        "coordinates": [
          [-8.58416931656973, 41.1603886237029],
          [-8.58410471032029, 41.1603744003905]
        ]
      },
      "properties": {
        "toponimo": "Via Futebol Clube do Porto",
        "comprimento": 5.5,
        "tipo": "Linha branca",
        "objectid": 13827,
        "globalid": "{64462E62-BEB5-46A5-88FD-5F564EE068AE}"
      }
    },
    {
      "type": "Feature",
      "id": 13828,
      "geometry": {
        "type": "LineString",
        "coordinates": [
          [-8.5782390670954, 41.1607336655359],
          [-8.57832971600486, 41.1606147153356]
        ]
      },
      "properties": {
        "toponimo": "Rua de Chaves de Oliveira",
        "comprimento": 5.5,
        "tipo": "Linha branca",
        "objectid": 13828,
        "globalid": "{4A41D6C4-62EA-4EEC-8C30-E5F28945DF14}"
      }
    },
    {
      "type": "Feature",
      "id": 13829,
      "geometry": {
        "type": "LineString",
        "coordinates": [
          [-8.59118116035875, 41.1537650783547],
          [-8.59117576248184, 41.1538112930649]
        ]
      },
      "properties": {
        "toponimo": "Rua do Cónego Ferreira Pinto",
        "comprimento": 5.5,
        "tipo": "Linha branca",
        "objectid": 13829,
        "globalid": "{C0850A3B-D348-4E5B-AE54-313B7EE1C35C}"
      }
    },
    {
      "type": "Feature",
      "id": 13830,
      "geometry": {
        "type": "LineString",
        "coordinates": [
          [-8.58637699994932, 41.1495795132621],
          [-8.58635669588637, 41.14966682202]
        ]
      },
      "properties": {
        "toponimo": "Rua de Justino Teixeira",
        "comprimento": 5.5,
        "tipo": "Linha branca",
        "objectid": 13830,
        "globalid": "{9E594084-862E-46D9-8098-7B909F810501}"
      }
    },
    {
      "type": "Feature",
      "id": 13831,
      "geometry": {
        "type": "LineString",
        "coordinates": [
          [-8.61972288380388, 41.1563260987633],
          [-8.61960746784956, 41.1563049731503]
        ]
      },
      "properties": {
        "toponimo": "Rua da Boavista",
        "comprimento": 11,
        "tipo": "Linha branca",
        "objectid": 13831,
        "globalid": "{069B103E-557D-4BFE-90F4-A26F2405979B}"
      }
    },
    {
      "type": "Feature",
      "id": 13832,
      "geometry": {
        "type": "LineString",
        "coordinates": [
          [-8.61997750216434, 41.1563679177453],
          [-8.61986240829482, 41.1563473519975]
        ]
      },
      "properties": {
        "toponimo": "Rua da Boavista",
        "comprimento": 11,
        "tipo": "Linha branca com Inscrição",
        "objectid": 13832,
        "globalid": "{7066D3EC-8B45-4402-9B3B-3A6789600789}"
      }
    },
    {
      "type": "Feature",
      "id": 13833,
      "geometry": {
        "type": "LineString",
        "coordinates": [
          [-8.6214705218168, 41.156613605697],
          [-8.6213918461206, 41.1566011899787]
        ]
      },
      "properties": {
        "toponimo": "Rua da Boavista",
        "comprimento": 11,
        "tipo": "Linha branca com Inscrição",
        "objectid": 13833,
        "globalid": "{97FDEAF0-D569-49FA-98D4-0830E0910D80}"
      }
    },
    {
      "type": "Feature",
      "id": 13834,
      "geometry": {
        "type": "LineString",
        "coordinates": [
          [-8.62073185530753, 41.1596256373312],
          [-8.62069984007094, 41.1595944305473]
        ]
      },
      "properties": {
        "toponimo": "Rua do Barão de Forrester",
        "comprimento": 5.5,
        "tipo": "Linha branca com Inscrição",
        "objectid": 13834,
        "globalid": "{F2930AEB-1BB1-417D-AA13-505475EF73FA}"
      }
    },
    {
      "type": "Feature",
      "id": 13835,
      "geometry": {
        "type": "LineString",
        "coordinates": [
          [-8.6200185289048, 41.1587686816876],
          [-8.62000251414711, 41.1587315362353]
        ]
      },
      "properties": {
        "toponimo": "Rua do Barão de Forrester",
        "comprimento": 5.5,
        "tipo": "Linha branca com Inscrição",
        "objectid": 13835,
        "globalid": "{26B6355F-8FA5-4DEA-BB76-5EEB19CEC801}"
      }
    },
    {
      "type": "Feature",
      "id": 13836,
      "geometry": {
        "type": "LineString",
        "coordinates": [
          [-8.61957287997734, 41.157344195528],
          [-8.61956403041139, 41.1573042482067]
        ]
      },
      "properties": {
        "toponimo": "Rua do Barão de Forrester",
        "comprimento": 5.5,
        "tipo": "Linha branca com Inscrição",
        "objectid": 13836,
        "globalid": "{F4724D44-407D-4DD9-A945-8E44C3DFF9EE}"
      }
    },
    {
      "type": "Feature",
      "id": 13837,
      "geometry": {
        "type": "LineString",
        "coordinates": [
          [-8.61924551904693, 41.1556873380561],
          [-8.61922801820063, 41.1555954622168]
        ]
      },
      "properties": {
        "toponimo": "Rua de Cedofeita",
        "comprimento": 11,
        "tipo": "Linha branca com Inscrição",
        "objectid": 13837,
        "globalid": "{32CE1AFB-B429-440C-8A57-0019C69D52AB}"
      }
    },
    {
      "type": "Feature",
      "id": 13838,
      "geometry": {
        "type": "LineString",
        "coordinates": [
          [-8.61859336330494, 41.1537128459883],
          [-8.61857785020302, 41.1536710753546]
        ]
      },
      "properties": {
        "toponimo": "Rua de Cedofeita",
        "comprimento": 5.5,
        "tipo": "Linha branca com Inscrição",
        "objectid": 13838,
        "globalid": "{EB842739-E505-4369-BD98-E7FA44C78717}"
      }
    },
    {
      "type": "Feature",
      "id": 13840,
      "geometry": {
        "type": "LineString",
        "coordinates": [
          [-8.61985576906735, 41.1692705442511],
          [-8.61984158923156, 41.1692095665453]
        ]
      },
      "properties": {
        "toponimo": "Rua Nova do Regado",
        "comprimento": 5.5,
        "tipo": "Envelope",
        "objectid": 13840,
        "globalid": "{6735353A-0450-4F1A-A28E-C7651B5A692F}"
      }
    },
    {
      "type": "Feature",
      "id": 13841,
      "geometry": {
        "type": "LineString",
        "coordinates": [
          [-8.62045794951947, 41.1684053437572],
          [-8.62033396443141, 41.168465561579]
        ]
      },
      "properties": {
        "toponimo": "Rua de Nove de Abril",
        "comprimento": 11,
        "tipo": "Linha branca",
        "objectid": 13841,
        "globalid": "{9EE81DD2-B3F5-4BB6-AAE7-DECB870C546F}"
      }
    },
    {
      "type": "Feature",
      "id": 13842,
      "geometry": {
        "type": "LineString",
        "coordinates": [
          [-8.62716177995798, 41.166987127898],
          [-8.62726250978062, 41.167020972569]
        ]
      },
      "properties": {
        "toponimo": "Rua da Prelada",
        "comprimento": 11,
        "tipo": "Linha branca com Inscrição",
        "objectid": 13842,
        "globalid": "{53F47E23-C0CA-4E6F-9594-DD75B189318D}"
      }
    },
    {
      "type": "Feature",
      "id": 13843,
      "geometry": {
        "type": "LineString",
        "coordinates": [
          [-8.60951659491331, 41.1772985534713],
          [-8.60962503563908, 41.1772722940039]
        ]
      },
      "properties": {
        "toponimo": "Rua do Conde de Avranches",
        "comprimento": 11,
        "tipo": "Linha branca",
        "objectid": 13843,
        "globalid": "{26E0825D-5E96-4E71-A06E-99232DD68A53}"
      }
    },
    {
      "type": "Feature",
      "id": 13844,
      "geometry": {
        "type": "LineString",
        "coordinates": [
          [-8.61417180698292, 41.1774413212457],
          [-8.61417036804522, 41.1773930416178]
        ]
      },
      "properties": {
        "toponimo": "Rua do Amial",
        "comprimento": 5.5,
        "tipo": "Linha branca",
        "objectid": 13844,
        "globalid": "{25677DC3-69ED-4DD2-8DA4-45FB45041000}"
      }
    },
    {
      "type": "Feature",
      "id": 14240,
      "geometry": {
        "type": "LineString",
        "coordinates": [
          [-8.62991105214105, 41.1570633503449],
          [-8.62970109565684, 41.1569659264609]
        ]
      },
      "properties": {
        "toponimo": "Praça de Mouzinho de Albuquerque",
        "comprimento": 11,
        "tipo": "Envelope",
        "objectid": 14240,
        "globalid": "{6908CC50-D9B6-4B81-BB6C-110C00D13501}"
      }
    },
    {
      "type": "Feature",
      "id": 14242,
      "geometry": {
        "type": "LineString",
        "coordinates": [
          [-8.63607649005676, 41.1591641962034],
          [-8.63630904311373, 41.1592015092806]
        ]
      },
      "properties": {
        "toponimo": "Avenida da Boavista",
        "comprimento": 22,
        "tipo": "Envelope",
        "objectid": 14242,
        "globalid": "{CEB0F084-C0C7-4CA8-AC8D-F0FC3ACDCA63}"
      }
    },
    {
      "type": "Feature",
      "id": 14243,
      "geometry": {
        "type": "LineString",
        "coordinates": [
          [-8.63933681513103, 41.1595318821666],
          [-8.63920503119308, 41.1595071824872]
        ]
      },
      "properties": {
        "toponimo": "Avenida da Boavista",
        "comprimento": 11,
        "tipo": "Envelope",
        "objectid": 14243,
        "globalid": "{94B036E4-87BA-4FDA-8FDA-9E4DB6690425}"
      }
    },
    {
      "type": "Feature",
      "id": 14244,
      "geometry": {
        "type": "LineString",
        "coordinates": [
          [-8.64094101239654, 41.1597879409887],
          [-8.64106698747001, 41.1598096289336]
        ]
      },
      "properties": {
        "toponimo": "Avenida da Boavista",
        "comprimento": 11,
        "tipo": "Envelope",
        "objectid": 14244,
        "globalid": "{09EFE112-AEC1-4D0E-B51E-237B91CD1E5F}"
      }
    },
    {
      "type": "Feature",
      "id": 14245,
      "geometry": {
        "type": "LineString",
        "coordinates": [
          [-8.64189708175874, 41.1599374196191],
          [-8.6419560723669, 41.1599483496255]
        ]
      },
      "properties": {
        "toponimo": "Avenida da Boavista",
        "comprimento": 5.5,
        "tipo": "Envelope",
        "objectid": 14245,
        "globalid": "{DE0F87F9-C40A-4222-86B1-C51D977BB065}"
      }
    },
    {
      "type": "Feature",
      "id": 14246,
      "geometry": {
        "type": "LineString",
        "coordinates": [
          [-8.64887926490626, 41.1678767642379],
          [-8.64882056036946, 41.1679603603058]
        ]
      },
      "properties": {
        "toponimo": "Viela das Andrezas",
        "comprimento": 11,
        "tipo": "Envelope",
        "objectid": 14246,
        "globalid": "{169F2F57-9B39-4FEB-AE76-86ABD4CCF91A}"
      }
    },
    {
      "type": "Feature",
      "id": 14247,
      "geometry": {
        "type": "LineString",
        "coordinates": [
          [-8.65111178105803, 41.1716823108295],
          [-8.65117969950567, 41.1717342087827]
        ]
      },
      "properties": {
        "toponimo": "Rua do Engenheiro Ezequiel de Campos",
        "comprimento": 11,
        "tipo": "Envelope",
        "objectid": 14247,
        "globalid": "{D31B14AF-A461-4EF8-BE93-6648684990AD}"
      }
    },
    {
      "type": "Feature",
      "id": 14640,
      "geometry": {
        "type": "LineString",
        "coordinates": [
          [-8.65099963858009, 41.176291580127],
          [-8.65108700753298, 41.1763615045959]
        ]
      },
      "properties": {
        "toponimo": "Rua de Manuel Pinto de Azevedo",
        "comprimento": 11,
        "tipo": "Envelope",
        "objectid": 14640,
        "globalid": "{F8A38AA0-9AEE-48D4-9130-AD0655916545}"
      }
    }
  ]
}