{
  "type": "FeatureCollection",
  "features": [
    {
      "type": "Feature",
      "id": 23917,
      "geometry": {
        "type": "LineString",
        "coordinates": [
          [-8.58907003422276, 41.1471424455573],
          [-8.58906168103789, 41.1472311167017],
          [-8.58862527832168, 41.1481709747564],
          [-8.58819915500503, 41.1490749080217],
          [-8.58809575469138, 41.1492942476688]
        ]
      },
      "properties": {
        "toponimo": "Rua do Padre António Vieira",
        "tarifado": "Sim",
        "objectid": 23917,
        "globalid": "{A981165D-5B9F-499E-8283-37183EA5B4EA}"
      }
    },
    {
      "type": "Feature",
      "id": 23918,
      "geometry": {
        "type": "LineString",
        "coordinates": [
          [-8.58434612764142, 41.1482168486039],
          [-8.58425650428244, 41.1482710826689],
          [-8.58406132980332, 41.1484156376078],
          [-8.5839888964845, 41.1484733239731],
          [-8.58393263829323, 41.1485015396339],
          [-8.58381842749417, 41.1485295678304],
          [-8.58381305441502, 41.1486161099955],
          [-8.58381651088282, 41.1486840524131],
          [-8.58382992037399, 41.1489017939153],
          [-8.58383463162902, 41.1491607833174],
          [-8.5838402286165, 41.1493252333277],
          [-8.58398026160442, 41.1495042008065]
        ]
      },
      "properties": {
        "toponimo": "Rua do Pinheiro de Campanhã",
        "tarifado": "Sim",
        "objectid": 23918,
        "globalid": "{93933B27-4663-4C35-A834-F78D878A65CF}"
      }
    },
    {
      "type": "Feature",
      "id": 23920,
      "geometry": {
        "type": "LineString",
        "coordinates": [
          [-8.64063328993262, 41.1597643147344],
          [-8.64096616101246, 41.1586920534838]
        ]
      },
      "properties": {
        "toponimo": "Rua de António Cardoso",
        "tarifado": "Sim",
        "objectid": 23920,
        "globalid": "{C0514844-3888-4EEC-A4CD-C1F0FD583E38}"
      }
    },
    {
      "type": "Feature",
      "id": 23943,
      "geometry": {
        "type": "LineString",
        "coordinates": [
          [-8.59597393567403, 41.1540310178525],
          [-8.59565491993492, 41.1545754221369],
          [-8.59552450784652, 41.1547986585159]
        ]
      },
      "properties": {
        "toponimo": "Avenida de Fernão de Magalhães",
        "tarifado": "Sim",
        "objectid": 23943,
        "globalid": "{47D5C72A-8BD8-4849-B293-104B8967C53A}"
      }
    },
    {
      "type": "Feature",
      "id": 23967,
      "geometry": {
        "type": "LineString",
        "coordinates": [
          [-8.64706213023439, 41.1638653662375],
          [-8.64718642378699, 41.1634486449377],
          [-8.64743437035688, 41.1625946757366],
          [-8.6475367637757, 41.162220821439]
        ]
      },
      "properties": {
        "toponimo": "Rua de Afonso Lopes Vieira",
        "tarifado": "Sim",
        "objectid": 23967,
        "globalid": "{A595E0BD-D9CE-47B8-AF5B-5BEE8C8F72D4}"
      }
    },
    {
      "type": "Feature",
      "id": 24054,
      "geometry": {
        "type": "LineString",
        "coordinates": [
          [-8.68454587881833, 41.1632516717405],
          [-8.68574349373582, 41.1629082491303]
        ]
      },
      "properties": {
        "toponimo": "Rua do Funchal",
        "tarifado": "Sim",
        "objectid": 24054,
        "globalid": "{EE7ADC3F-5E38-4C25-90ED-4712D826F936}"
      }
    },
    {
      "type": "Feature",
      "id": 24069,
      "geometry": {
        "type": "LineString",
        "coordinates": [
          [-8.58980520301853, 41.1498448809188],
          [-8.58982409291, 41.1498033499424],
          [-8.58984169223766, 41.1497646784626]
        ]
      },
      "properties": {
        "toponimo": "Rua de Pinto Bessa",
        "tarifado": "Sim",
        "objectid": 24069,
        "globalid": "{874D982B-24FB-49FE-9080-DF97D021D53D}"
      }
    },
    {
      "type": "Feature",
      "id": 24070,
      "geometry": {
        "type": "LineString",
        "coordinates": [
          [-8.62277837384806, 41.15686308884],
          [-8.6238583818684, 41.157044475533]
        ]
      },
      "properties": {
        "toponimo": "Rua da Boavista",
        "tarifado": "Sim",
        "objectid": 24070,
        "globalid": "{E42EA8C2-459E-4B3A-B7B6-1CF611F0C9A8}"
      }
    },
    {
      "type": "Feature",
      "id": 24071,
      "geometry": {
        "type": "LineString",
        "coordinates": [
          [-8.60030877489789, 41.1613509743461],
          [-8.60049761328357, 41.1613753177579]
        ]
      },
      "properties": {
        "toponimo": "Rua da Constituição",
        "tarifado": "Sim",
        "objectid": 24071,
        "globalid": "{FEBC1430-ABA8-4EB3-8608-F11D967D28BC}"
      }
    },
    {
      "type": "Feature",
      "id": 24105,
      "geometry": {
        "type": "LineString",
        "coordinates": [
          [-8.64387786134569, 41.1612138357574],
          [-8.64388355178842, 41.1612606411671],
          [-8.64387945746075, 41.1613086155074],
          [-8.64385666693386, 41.1613945359763],
          [-8.64363527011522, 41.1621595000684]
        ]
      },
      "properties": {
        "toponimo": "Rua de O Primeiro de Janeiro",
        "tarifado": "Sim",
        "objectid": 24105,
        "globalid": "{3E6AAEEF-8235-427F-836E-D47D630FDF0C}"
      }
    },
    {
      "type": "Feature",
      "id": 24175,
      "geometry": {
        "type": "LineString",
        "coordinates": [
          [-8.60962156731861, 41.1614798289097],
          [-8.60952718705412, 41.1614478676207],
          [-8.60873812994998, 41.1612934220181]
        ]
      },
      "properties": {
        "toponimo": "Rua de João Pedro Ribeiro",
        "tarifado": "Sim",
        "objectid": 24175,
        "globalid": "{4941C753-B540-4324-825D-593894A81418}"
      }
    },
    {
      "type": "Feature",
      "id": 24176,
      "geometry": {
        "type": "LineString",
        "coordinates": [
          [-8.60789324769827, 41.1601194728933],
          [-8.60798587025863, 41.1601344326746],
          [-8.60858848678965, 41.1602260591785],
          [-8.60865768278768, 41.1602373071834]
        ]
      },
      "properties": {
        "toponimo": "Travessa de Antero de Quental",
        "tarifado": "Sim",
        "objectid": 24176,
        "globalid": "{1A23AB61-E388-4575-8666-E36B0EF986C1}"
      }
    },
    {
      "type": "Feature",
      "id": 24200,
      "geometry": {
        "type": "LineString",
        "coordinates": [
          [-8.63161077407685, 41.1608867693292],
          [-8.63065170972879, 41.1613196251014],
          [-8.63030453517569, 41.1614737891307]
        ]
      },
      "properties": {
        "toponimo": "Rua Helena Sá Costa",
        "tarifado": "Sim",
        "objectid": 24200,
        "globalid": "{0F1E6D08-B097-4A37-8017-C15C0A75BBAA}"
      }
    },
    {
      "type": "Feature",
      "id": 24223,
      "geometry": {
        "type": "LineString",
        "coordinates": [
          [-8.66519971819386, 41.1613150336526],
          [-8.66445400198223, 41.1616367367956]
        ]
      },
      "properties": {
        "toponimo": "Largo de Tomé Pires",
        "tarifado": "Sim",
        "objectid": 24223,
        "globalid": "{C4DC449D-AFDD-4623-9732-EC0C15650FA4}"
      }
    },
    {
      "type": "Feature",
      "id": 24225,
      "geometry": {
        "type": "LineString",
        "coordinates": [
          [-8.62079831991707, 41.1565306215472],
          [-8.62079712986271, 41.1565949347247],
          [-8.62078506913095, 41.1567321570924],
          [-8.62078349791912, 41.1568684958412],
          [-8.62078673621067, 41.1569562735992],
          [-8.62083184191192, 41.1570509055829],
          [-8.62091613031138, 41.157145226649],
          [-8.62103426653617, 41.15722365568],
          [-8.62141984013735, 41.1574362882582],
          [-8.62225917917411, 41.157901491355],
          [-8.62243451304494, 41.1579986643867]
        ]
      },
      "properties": {
        "toponimo": "Rua de Oliveira Monteiro",
        "tarifado": "Sim",
        "objectid": 24225,
        "globalid": "{06016B4C-9996-4D52-A17F-1D995BACB250}"
      }
    },
    {
      "type": "Feature",
      "id": 24244,
      "geometry": {
        "type": "LineString",
        "coordinates": [
          [-8.66610461240609, 41.1595565639984],
          [-8.66599371035121, 41.1595383508091],
          [-8.66570473099426, 41.1591141119549],
          [-8.66572765415918, 41.1590540821205]
        ]
      },
      "properties": {
        "toponimo": "Praça de D. Afonso V",
        "tarifado": "Sim",
        "objectid": 24244,
        "globalid": "{5D79AA0E-9A64-4874-943B-B873A75FA363}"
      }
    },
    {
      "type": "Feature",
      "id": 24245,
      "geometry": {
        "type": "LineString",
        "coordinates": [
          [-8.67680573799222, 41.1509536124557],
          [-8.67673769022743, 41.1509014590054],
          [-8.67665378695095, 41.150839241441]
        ]
      },
      "properties": {
        "toponimo": "Rua de S. Bartolomeu",
        "tarifado": "Sim",
        "objectid": 24245,
        "globalid": "{78EB7345-3235-4F79-A62B-9BD52352EDDF}"
      }
    },
    {
      "type": "Feature",
      "id": 24248,
      "geometry": {
        "type": "LineString",
        "coordinates": [
          [-8.61263054673296, 41.1629003668807],
          [-8.61374394543998, 41.1630372448004],
          [-8.61424801041263, 41.1631019615464]
        ]
      },
      "properties": {
        "toponimo": "Rua da Constituição",
        "tarifado": "Sim",
        "objectid": 24248,
        "globalid": "{980B8EC8-756C-4329-8610-3CBDA8176443}"
      }
    },
    {
      "type": "Feature",
      "id": 24275,
      "geometry": {
        "type": "LineString",
        "coordinates": [
          [-8.67635423074967, 41.1506172486725],
          [-8.67618423401353, 41.1504986049304]
        ]
      },
      "properties": {
        "toponimo": "Rua de S. Bartolomeu",
        "tarifado": "Sim",
        "objectid": 24275,
        "globalid": "{B942DD47-DCA9-4F89-A7CD-E4FAD5A6BF90}"
      }
    },
    {
      "type": "Feature",
      "id": 24277,
      "geometry": {
        "type": "LineString",
        "coordinates": [
          [-8.62468749894033, 41.1598683846892],
          [-8.62456104204221, 41.1599049434616],
          [-8.62353395786889, 41.1601856597393],
          [-8.62266631458898, 41.160423474271]
        ]
      },
      "properties": {
        "toponimo": "Rua de Nossa Senhora de Fátima",
        "tarifado": "Sim",
        "objectid": 24277,
        "globalid": "{8DEACC11-A6D5-4DB8-9EF6-7488A2208837}"
      }
    },
    {
      "type": "Feature",
      "id": 24298,
      "geometry": {
        "type": "LineString",
        "coordinates": [
          [-8.66539667039986, 41.1615962014151],
          [-8.66516723758425, 41.1616187961917],
          [-8.66493708043044, 41.1617151105021]
        ]
      },
      "properties": {
        "toponimo": "Largo de Tomé Pires",
        "tarifado": "Sim",
        "objectid": 24298,
        "globalid": "{0D08BF66-B9A2-470B-98A1-B457A67D6017}"
      }
    },
    {
      "type": "Feature",
      "id": 24326,
      "geometry": {
        "type": "LineString",
        "coordinates": [
          [-8.66597856262224, 41.1477194647275],
          [-8.66580491449236, 41.1477962402938],
          [-8.66554049774132, 41.147896794266]
        ]
      },
      "properties": {
        "toponimo": "Rua do Passeio Alegre",
        "tarifado": "Sim",
        "objectid": 24326,
        "globalid": "{FD3F5034-8289-4F21-B8B5-5B74B416173A}"
      }
    },
    {
      "type": "Feature",
      "id": 24331,
      "geometry": {
        "type": "LineString",
        "coordinates": [
          [-8.62029719113577, 41.1592268500254],
          [-8.62021197617241, 41.1591394207827],
          [-8.6201156111477, 41.1590040634824],
          [-8.61995656280693, 41.1586918421242],
          [-8.61986899104755, 41.158506645318],
          [-8.61980176545685, 41.1582473485696],
          [-8.6197390853235, 41.157897160726],
          [-8.61962883734642, 41.1574703414769],
          [-8.61951582901863, 41.1570294788622],
          [-8.61946714799612, 41.1568027514956],
          [-8.6194380278166, 41.1567475805589],
          [-8.61941174856975, 41.1566065771971],
          [-8.6193645482788, 41.1563529754484],
          [-8.61935156652036, 41.156290838127]
        ]
      },
      "properties": {
        "toponimo": "Rua do Barão de Forrester",
        "tarifado": "Sim",
        "objectid": 24331,
        "globalid": "{6661092E-D488-4322-BCD2-771B3C038E5D}"
      }
    },
    {
      "type": "Feature",
      "id": 24332,
      "geometry": {
        "type": "LineString",
        "coordinates": [
          [-8.62325039105135, 41.1593956256099],
          [-8.62318868392978, 41.1594333111128],
          [-8.62305071353563, 41.1595793721839],
          [-8.62286550251052, 41.1597859999586],
          [-8.6226895146845, 41.1599769647971],
          [-8.62252589765572, 41.1601607003405],
          [-8.62241407680777, 41.160285966555]
        ]
      },
      "properties": {
        "toponimo": "Rua de Paula Vicente",
        "tarifado": "Sim",
        "objectid": 24332,
        "globalid": "{EA1CE00B-C4A4-4669-93D1-2E9236466296}"
      }
    },
    {
      "type": "Feature",
      "id": 24337,
      "geometry": {
        "type": "LineString",
        "coordinates": [
          [-8.6475367637757, 41.162220821439],
          [-8.64763404711566, 41.1618655666935]
        ]
      },
      "properties": {
        "toponimo": "Rua de Afonso Lopes Vieira",
        "tarifado": "Sim",
        "objectid": 24337,
        "globalid": "{E1B675EE-79B4-4D8F-ABDF-2F6AD0D1D149}"
      }
    },
    {
      "type": "Feature",
      "id": 24352,
      "geometry": {
        "type": "LineString",
        "coordinates": [
          [-8.60276469712587, 41.1598929542557],
          [-8.60108242710593, 41.1594352697601]
        ]
      },
      "properties": {
        "toponimo": "Rua de Latino Coelho",
        "tarifado": "Sim",
        "objectid": 24352,
        "globalid": "{97BE550E-E960-440F-B630-3C2FC90E2295}"
      }
    },
    {
      "type": "Feature",
      "id": 24379,
      "geometry": {
        "type": "LineString",
        "coordinates": [
          [-8.60108242710593, 41.1594352697601],
          [-8.60052883859025, 41.1592847317923],
          [-8.60045785940913, 41.159265320093]
        ]
      },
      "properties": {
        "toponimo": "Rua de Latino Coelho",
        "tarifado": "Sim",
        "objectid": 24379,
        "globalid": "{0DDAD294-5DA7-44EE-9B61-8F3D2D2B004D}"
      }
    },
    {
      "type": "Feature",
      "id": 24392,
      "geometry": {
        "type": "LineString",
        "coordinates": [
          [-8.63289496445628, 41.159871888371],
          [-8.63283660904422, 41.1600626445473],
          [-8.63270224314258, 41.1605322858888]
        ]
      },
      "properties": {
        "toponimo": "Rua de Quinze de Novembro",
        "tarifado": "Sim",
        "objectid": 24392,
        "globalid": "{33717C3C-1EA0-495D-A6FE-544A626930E8}"
      }
    },
    {
      "type": "Feature",
      "id": 24395,
      "geometry": {
        "type": "LineString",
        "coordinates": [
          [-8.66540402531043, 41.147948499459],
          [-8.66515965615666, 41.1480240628851],
          [-8.66513540094785, 41.1480282538842]
        ]
      },
      "properties": {
        "toponimo": "Rua do Passeio Alegre",
        "tarifado": "Sim",
        "objectid": 24395,
        "globalid": "{320F2DE3-1EA1-4D3B-81E1-DCA41C20A79D}"
      }
    },
    {
      "type": "Feature",
      "id": 24397,
      "geometry": {
        "type": "LineString",
        "coordinates": [
          [-8.6238583818684, 41.157044475533],
          [-8.62384173819153, 41.1571304199761],
          [-8.6235271540223, 41.1582149724273],
          [-8.62345963970829, 41.1584509998537],
          [-8.62344440011175, 41.1585002104297],
          [-8.62341144942194, 41.1585387812261]
        ]
      },
      "properties": {
        "toponimo": "Rua Dr. Emílio Peres",
        "tarifado": "Sim",
        "objectid": 24397,
        "globalid": "{33D45390-18D5-4149-856F-98919780DC80}"
      }
    },
    {
      "type": "Feature",
      "id": 24411,
      "geometry": {
        "type": "LineString",
        "coordinates": [
          [-8.61389124326096, 41.1594914845572],
          [-8.61371002439385, 41.1595835646594],
          [-8.61345136356893, 41.1597601220305],
          [-8.61326852115493, 41.1599054959033],
          [-8.6131647233969, 41.160029026905],
          [-8.61308221840037, 41.1601690001583],
          [-8.6130353607428, 41.1603368373355],
          [-8.61302050218296, 41.1604245466031],
          [-8.61304522196681, 41.1606292896701],
          [-8.61309120394777, 41.1609407329053],
          [-8.6130768211719, 41.1610869675009],
          [-8.61305482229972, 41.1612539176954],
          [-8.61295283382912, 41.1614670683401]
        ]
      },
      "properties": {
        "toponimo": "Rua de Cervantes",
        "tarifado": "Sim",
        "objectid": 24411,
        "globalid": "{7F019222-E6BC-41D6-AC26-6B6806170CD0}"
      }
    },
    {
      "type": "Feature",
      "id": 24417,
      "geometry": {
        "type": "LineString",
        "coordinates": [
          [-8.67610136947351, 41.151366073398],
          [-8.67582411609514, 41.1515115971746],
          [-8.67561447806081, 41.1516283742436]
        ]
      },
      "properties": {
        "toponimo": "Largo do Capitão Pinheiro Torres de Meireles",
        "tarifado": "Sim",
        "objectid": 24417,
        "globalid": "{684781F9-41E1-4A26-9B87-EC1534C757EE}"
      }
    },
    {
      "type": "Feature",
      "id": 24418,
      "geometry": {
        "type": "LineString",
        "coordinates": [
          [-8.63032449340818, 41.1592741547189],
          [-8.62985986972572, 41.1586924440055]
        ]
      },
      "properties": {
        "toponimo": "Rua de Cinco de Outubro",
        "tarifado": "Sim",
        "objectid": 24418,
        "globalid": "{67CC0226-9086-4490-A741-17F24AC0763B}"
      }
    },
    {
      "type": "Feature",
      "id": 24420,
      "geometry": {
        "type": "LineString",
        "coordinates": [
          [-8.67923553098204, 41.1569236428822],
          [-8.67912469505943, 41.1569862279995],
          [-8.67849384624225, 41.1573460206025],
          [-8.67840050695793, 41.1574038660351]
        ]
      },
      "properties": {
        "toponimo": "Rua do Padrão",
        "tarifado": "Sim",
        "objectid": 24420,
        "globalid": "{43358242-9187-41D3-B534-6E9C7DAB48D2}"
      }
    },
    {
      "type": "Feature",
      "id": 24422,
      "geometry": {
        "type": "LineString",
        "coordinates": [
          [-8.60045785940913, 41.159265320093],
          [-8.59875965742705, 41.1588010480268],
          [-8.59868100068701, 41.1588143151264]
        ]
      },
      "properties": {
        "toponimo": "Rua de Latino Coelho",
        "tarifado": "Sim",
        "objectid": 24422,
        "globalid": "{EE0AAFFD-E871-43B7-A154-E54980832156}"
      }
    },
    {
      "type": "Feature",
      "id": 24427,
      "geometry": {
        "type": "LineString",
        "coordinates": [
          [-8.61293900541353, 41.1619250812491],
          [-8.61291150020821, 41.1619876589255],
          [-8.61291173636511, 41.1620198745662],
          [-8.61292743857546, 41.1620490732591],
          [-8.61297408489913, 41.1620751878152],
          [-8.61302063415652, 41.1620896250296],
          [-8.614078379975, 41.1622168826689],
          [-8.61410916051216, 41.1622192924594],
          [-8.61414641100131, 41.1622150480288],
          [-8.61416183857246, 41.1622051418568],
          [-8.61417571105764, 41.1621860847653],
          [-8.61418751430435, 41.1621450837371],
          [-8.61418933615253, 41.1620831812049]
        ]
      },
      "properties": {
        "toponimo": "Rua de Damião de Góis",
        "tarifado": "Sim",
        "objectid": 24427,
        "globalid": "{8DCA4D44-50F9-48BF-BB96-F5A5225B9EAB}"
      }
    },
    {
      "type": "Feature",
      "id": 24428,
      "geometry": {
        "type": "LineString",
        "coordinates": [
          [-8.61418933615253, 41.1620831812049],
          [-8.61377902191384, 41.1620312904626],
          [-8.61293900541353, 41.1619250812491]
        ]
      },
      "properties": {
        "toponimo": "Rua de Damião de Góis",
        "tarifado": "Sim",
        "objectid": 24428,
        "globalid": "{1A2FC9DC-D464-4259-900B-760E9002E198}"
      }
    },
    {
      "type": "Feature",
      "id": 24433,
      "geometry": {
        "type": "LineString",
        "coordinates": [
          [-8.60920432194075, 41.1536207281813],
          [-8.60949877967103, 41.1536262595273],
          [-8.60959967614565, 41.1536268227783]
        ]
      },
      "properties": {
        "toponimo": "Rua de Gonçalo Cristovão",
        "tarifado": "Sim",
        "objectid": 24433,
        "globalid": "{3C1B32EC-3A12-4FEB-8F78-F29FEF558B14}"
      }
    },
    {
      "type": "Feature",
      "id": 24447,
      "geometry": {
        "type": "LineString",
        "coordinates": [
          [-8.62111593464564, 41.1600362798982],
          [-8.62103951626449, 41.1599498044915],
          [-8.62092505084638, 41.1598337947536],
          [-8.62067779833194, 41.1596034102339],
          [-8.62044627739545, 41.1593798559406],
          [-8.62029719113577, 41.1592268500254]
        ]
      },
      "properties": {
        "toponimo": "Rua do Barão de Forrester",
        "tarifado": "Sim",
        "objectid": 24447,
        "globalid": "{3809A88E-5A47-45E6-89FE-3AB8FD394734}"
      }
    },
    {
      "type": "Feature",
      "id": 24453,
      "geometry": {
        "type": "LineString",
        "coordinates": [
          [-8.59026860710551, 41.1499699421137],
          [-8.59028001696476, 41.1499730213444],
          [-8.5912519321251, 41.1502351586509]
        ]
      },
      "properties": {
        "toponimo": "Rua de Pinto Bessa",
        "tarifado": "Sim",
        "objectid": 24453,
        "globalid": "{24AE13A4-94AF-46AB-BE54-771932A5E571}"
      }
    },
    {
      "type": "Feature",
      "id": 24475,
      "geometry": {
        "type": "LineString",
        "coordinates": [
          [-8.67734783169577, 41.1513673494116],
          [-8.67741536290713, 41.1513096897674],
          [-8.67754182711987, 41.151181941783]
        ]
      },
      "properties": {
        "toponimo": "Travessa da Senhora da Luz",
        "tarifado": "Sim",
        "objectid": 24475,
        "globalid": "{B4DB3BF7-0AE9-4BBA-8678-3F300959A1BB}"
      }
    },
    {
      "type": "Feature",
      "id": 24476,
      "geometry": {
        "type": "LineString",
        "coordinates": [
          [-8.67734783169577, 41.1513673494116],
          [-8.67721533349859, 41.1512675183955],
          [-8.67704517744588, 41.151137198061]
        ]
      },
      "properties": {
        "toponimo": "Rua de S. Bartolomeu",
        "tarifado": "Sim",
        "objectid": 24476,
        "globalid": "{16DE9526-2C87-41E0-8000-5E59405BC90E}"
      }
    },
    {
      "type": "Feature",
      "id": 24478,
      "geometry": {
        "type": "LineString",
        "coordinates": [
          [-8.62243451304494, 41.1579986643867],
          [-8.62253668303442, 41.157651710749],
          [-8.62277837384806, 41.15686308884]
        ]
      },
      "properties": {
        "toponimo": "Rua de Augusto Luso",
        "tarifado": "Sim",
        "objectid": 24478,
        "globalid": "{8B2D2A5A-A595-4D3B-B05D-29DECAAD69A7}"
      }
    },
    {
      "type": "Feature",
      "id": 24479,
      "geometry": {
        "type": "LineString",
        "coordinates": [
          [-8.63054181559912, 41.1595470032716],
          [-8.63050826302833, 41.1595043784514],
          [-8.63032449340818, 41.1592741547189]
        ]
      },
      "properties": {
        "toponimo": "Rua de Cinco de Outubro",
        "tarifado": "Sim",
        "objectid": 24479,
        "globalid": "{B549113E-3748-4878-AF96-42DE3B3C3DDD}"
      }
    },
    {
      "type": "Feature",
      "id": 24493,
      "geometry": {
        "type": "LineString",
        "coordinates": [
          [-8.67923553098204, 41.1569236428822],
          [-8.68001245058679, 41.1578459749564],
          [-8.68008300149909, 41.1579299079062]
        ]
      },
      "properties": {
        "toponimo": "Rua do Marechal Saldanha",
        "tarifado": "Sim",
        "objectid": 24493,
        "globalid": "{76EB0C9A-9269-4133-AD20-67DAEA7E4AB0}"
      }
    },
    {
      "type": "Feature",
      "id": 24503,
      "geometry": {
        "type": "LineString",
        "coordinates": [
          [-8.61935156652036, 41.156290838127],
          [-8.62073901253517, 41.1565207535475],
          [-8.62079831991707, 41.1565306215472]
        ]
      },
      "properties": {
        "toponimo": "Rua da Boavista",
        "tarifado": "Sim",
        "objectid": 24503,
        "globalid": "{90DD9651-8D48-4380-A6DE-6F59842875B7}"
      }
    },
    {
      "type": "Feature",
      "id": 24504,
      "geometry": {
        "type": "LineString",
        "coordinates": [
          [-8.61031874327656, 41.1604862850306],
          [-8.61091873647463, 41.1605714801967],
          [-8.61159876772036, 41.1606739414639]
        ]
      },
      "properties": {
        "toponimo": "Travessa de Antero de Quental",
        "tarifado": "Sim",
        "objectid": 24504,
        "globalid": "{3F86634C-AE1D-4CF4-9C76-60056D5F37F8}"
      }
    },
    {
      "type": "Feature",
      "id": 24526,
      "geometry": {
        "type": "LineString",
        "coordinates": [
          [-8.66151897763835, 41.1624270592934],
          [-8.6614586853005, 41.1624014502248],
          [-8.66117482848978, 41.1622797879046],
          [-8.6607626146307, 41.1621076448938]
        ]
      },
      "properties": {
        "toponimo": "Rua de Tânger",
        "tarifado": "Sim",
        "objectid": 24526,
        "globalid": "{6691E220-11C6-459E-A339-E37F15EEB2FA}"
      }
    },
    {
      "type": "Feature",
      "id": 24528,
      "geometry": {
        "type": "LineString",
        "coordinates": [
          [-8.679718941199, 41.155709305179],
          [-8.68037897458595, 41.1553359948019]
        ]
      },
      "properties": {
        "toponimo": "Rua de Rui Barbosa",
        "tarifado": "Sim",
        "objectid": 24528,
        "globalid": "{86A3B39F-6956-42C6-A833-69B4FEF2A110}"
      }
    },
    {
      "type": "Feature",
      "id": 24531,
      "geometry": {
        "type": "LineString",
        "coordinates": [
          [-8.66445400198223, 41.1616367367956],
          [-8.66462596280816, 41.1618540111691]
        ]
      },
      "properties": {
        "toponimo": "Largo de Tomé Pires",
        "tarifado": "Sim",
        "objectid": 24531,
        "globalid": "{FC66089D-CB5C-4E7B-AEE0-4FDF5358A35B}"
      }
    },
    {
      "type": "Feature",
      "id": 24556,
      "geometry": {
        "type": "LineString",
        "coordinates": [
          [-8.64140958035211, 41.1572859932261],
          [-8.64154940835232, 41.1568444461111]
        ]
      },
      "properties": {
        "toponimo": "Rua de António Cardoso",
        "tarifado": "Sim",
        "objectid": 24556,
        "globalid": "{6ABECA3A-B119-4CDA-BB52-B1CB45D788C6}"
      }
    },
    {
      "type": "Feature",
      "id": 24557,
      "geometry": {
        "type": "LineString",
        "coordinates": [
          [-8.64169451996986, 41.1599361846544],
          [-8.64154111075268, 41.1600297164316]
        ]
      },
      "properties": {
        "toponimo": "Avenida da Boavista",
        "tarifado": "Sim",
        "objectid": 24557,
        "globalid": "{12CC3D6C-3A1D-415D-AAE5-2046E80A1840}"
      }
    },
    {
      "type": "Feature",
      "id": 24559,
      "geometry": {
        "type": "LineString",
        "coordinates": [
          [-8.64180702652551, 41.1570284478546],
          [-8.64154940835232, 41.1568444461111]
        ]
      },
      "properties": {
        "toponimo": "Rua da Venezuela",
        "tarifado": "Sim",
        "objectid": 24559,
        "globalid": "{9EC3BA8B-8B53-4286-B976-1477915D37ED}"
      }
    },
    {
      "type": "Feature",
      "id": 24560,
      "geometry": {
        "type": "LineString",
        "coordinates": [
          [-8.64140958035211, 41.1572859932261],
          [-8.64172708284597, 41.1572155140007]
        ]
      },
      "properties": {
        "toponimo": "Rua da Venezuela",
        "tarifado": "Sim",
        "objectid": 24560,
        "globalid": "{16986DFF-428E-463E-87CB-A5BF6EA78390}"
      }
    },
    {
      "type": "Feature",
      "id": 24561,
      "geometry": {
        "type": "LineString",
        "coordinates": [
          [-8.64180702652551, 41.1570284478546],
          [-8.64174153078569, 41.1570322595816],
          [-8.6416906218989, 41.1570504939524],
          [-8.64166366723475, 41.1570866303267],
          [-8.6416640055354, 41.1571302449621],
          [-8.64167794443175, 41.157168730105],
          [-8.64172708284597, 41.1572155140007]
        ]
      },
      "properties": {
        "toponimo": "Rua da Venezuela",
        "tarifado": "Sim",
        "objectid": 24561,
        "globalid": "{5EAF92AD-FE95-4693-BF46-AF8F9ADB93BD}"
      }
    },
    {
      "type": "Feature",
      "id": 24562,
      "geometry": {
        "type": "LineString",
        "coordinates": [
          [-8.64430893364822, 41.1576120317233],
          [-8.64433214845247, 41.1575334207526]
        ]
      },
      "properties": {
        "toponimo": "Rua da Venezuela",
        "tarifado": "Sim",
        "objectid": 24562,
        "globalid": "{5780FB43-CC43-4C1B-A219-4829E5EF5EAF}"
      }
    },
    {
      "type": "Feature",
      "id": 24592,
      "geometry": {
        "type": "LineString",
        "coordinates": [
          [-8.67785110280454, 41.1577204980326],
          [-8.67780462502642, 41.1576613450541],
          [-8.67752020987506, 41.1574349178295],
          [-8.67710736155521, 41.1571072430935],
          [-8.67683030179575, 41.1568865502768]
        ]
      },
      "properties": {
        "toponimo": "Rua de Côrte Real",
        "tarifado": "Sim",
        "objectid": 24592,
        "globalid": "{570BA22E-4E4F-4283-98D1-757A3F693E47}"
      }
    },
    {
      "type": "Feature",
      "id": 24608,
      "geometry": {
        "type": "LineString",
        "coordinates": [
          [-8.64394381416401, 41.1603151942649],
          [-8.64399622163756, 41.1602337787384],
          [-8.64450208732133, 41.1594114405737],
          [-8.64486506143563, 41.1588172377329],
          [-8.6449214060359, 41.1587260984993]
        ]
      },
      "properties": {
        "toponimo": "Rua de João Grave",
        "tarifado": "Sim",
        "objectid": 24608,
        "globalid": "{C5043730-0A16-404D-80B6-F28165619D56}"
      }
    },
    {
      "type": "Feature",
      "id": 24629,
      "geometry": {
        "type": "LineString",
        "coordinates": [
          [-8.67721584293812, 41.1560083530891],
          [-8.67714982886489, 41.1559277735451],
          [-8.67671152435695, 41.1554021257062],
          [-8.67663341039084, 41.1553147056357]
        ]
      },
      "properties": {
        "toponimo": "Rua do Dr. Sousa Rosa",
        "tarifado": "Sim",
        "objectid": 24629,
        "globalid": "{D6100A65-170A-4458-AFD0-EEC6B6EA386F}"
      }
    },
    {
      "type": "Feature",
      "id": 24655,
      "geometry": {
        "type": "LineString",
        "coordinates": [
          [-8.60923382504099, 41.155800477676],
          [-8.60936145083222, 41.1558099340924],
          [-8.60959338898283, 41.1558224778182],
          [-8.60972572167135, 41.1558320584299],
          [-8.60978806128161, 41.1558233534889],
          [-8.60991381927562, 41.15574306257],
          [-8.60995685517373, 41.1557338791713],
          [-8.61002873015097, 41.155673369522]
        ]
      },
      "properties": {
        "toponimo": "Rua das Musas",
        "tarifado": "Sim",
        "objectid": 24655,
        "globalid": "{F8A99B6C-0E32-4ECA-A7FE-2177DDC8661F}"
      }
    },
    {
      "type": "Feature",
      "id": 24656,
      "geometry": {
        "type": "LineString",
        "coordinates": [
          [-8.60950917815623, 41.1544229477017],
          [-8.60931808483164, 41.1543941972947],
          [-8.60891824672664, 41.1543881211601],
          [-8.60887105613299, 41.1544320682241],
          [-8.60822908836337, 41.1546436522108]
        ]
      },
      "properties": {
        "toponimo": "Rua do Régulo Magauanha",
        "tarifado": "Sim",
        "objectid": 24656,
        "globalid": "{76A94270-09DD-4DF4-8B53-4889795D6AA0}"
      }
    },
    {
      "type": "Feature",
      "id": 24666,
      "geometry": {
        "type": "LineString",
        "coordinates": [
          [-8.60950917815623, 41.1544229477017],
          [-8.60949924883314, 41.1544335508714],
          [-8.60949718132005, 41.1544359455752],
          [-8.60937566769775, 41.1545771410458],
          [-8.60931066893721, 41.1547000931588],
          [-8.60927392381999, 41.1548175888617],
          [-8.6092583391832, 41.1549403276583],
          [-8.60925436140509, 41.1550389669519],
          [-8.60925065269953, 41.155169688532]
        ]
      },
      "properties": {
        "toponimo": "Rua do Dr. Alfredo Magalhães",
        "tarifado": "Sim",
        "objectid": 24666,
        "globalid": "{73AF128D-CB02-4AAD-A417-D26A772D6DE6}"
      }
    },
    {
      "type": "Feature",
      "id": 24667,
      "geometry": {
        "type": "LineString",
        "coordinates": [
          [-8.64808911547695, 41.1619418959261],
          [-8.64763404711566, 41.1618655666935]
        ]
      },
      "properties": {
        "toponimo": "Rua de Fernando Pessoa",
        "tarifado": "Sim",
        "objectid": 24667,
        "globalid": "{61976223-7084-4A4C-826A-B7A1C6FCDB9F}"
      }
    },
    {
      "type": "Feature",
      "id": 24691,
      "geometry": {
        "type": "LineString",
        "coordinates": [
          [-8.64613233295498, 41.1622307428041],
          [-8.64615010949593, 41.1621666797405],
          [-8.64629690000805, 41.161698084153],
          [-8.64631659422059, 41.1616446736451]
        ]
      },
      "properties": {
        "toponimo": "Rua de Azevedo Coutinho",
        "tarifado": "Sim",
        "objectid": 24691,
        "globalid": "{998EB427-3957-47AC-BA16-14393F02E0B7}"
      }
    },
    {
      "type": "Feature",
      "id": 24693,
      "geometry": {
        "type": "LineString",
        "coordinates": [
          [-8.64706213023439, 41.1638653662375],
          [-8.6472759095859, 41.1637242759607],
          [-8.64752532409344, 41.1635510958865],
          [-8.6477568100286, 41.1635486526472]
        ]
      },
      "properties": {
        "toponimo": "Rua de Eugénio de Castro",
        "tarifado": "Sim",
        "objectid": 24693,
        "globalid": "{F96B390B-22C1-49D5-99D7-0A0BE36A7DA8}"
      }
    },
    {
      "type": "Feature",
      "id": 24694,
      "geometry": {
        "type": "LineString",
        "coordinates": [
          [-8.648504254486, 41.1620114876031],
          [-8.64808911547695, 41.1619418959261]
        ]
      },
      "properties": {
        "toponimo": "Rua de Fernando Pessoa",
        "tarifado": "Sim",
        "objectid": 24694,
        "globalid": "{DD906440-BABA-475F-B29A-E44048648987}"
      }
    },
    {
      "type": "Feature",
      "id": 24716,
      "geometry": {
        "type": "LineString",
        "coordinates": [
          [-8.64631659422059, 41.1616446736451],
          [-8.64655698023274, 41.1609429643247],
          [-8.64658001931658, 41.1608969935437]
        ]
      },
      "properties": {
        "toponimo": "Rua de Azevedo Coutinho",
        "tarifado": "Sim",
        "objectid": 24716,
        "globalid": "{8DAB82C9-1B95-4A94-A40F-4B0662CF071A}"
      }
    },
    {
      "type": "Feature",
      "id": 24717,
      "geometry": {
        "type": "LineString",
        "coordinates": [
          [-8.66462596280816, 41.1618540111691],
          [-8.66419330243666, 41.1620708474628],
          [-8.66363644887315, 41.1623548061126],
          [-8.66351192345315, 41.1624483781077],
          [-8.66343244492654, 41.1625594702958],
          [-8.66335190520873, 41.1626894214759],
          [-8.66330869219523, 41.1629003730033],
          [-8.66319926674337, 41.1632555625226],
          [-8.66316047069222, 41.1633393093241]
        ]
      },
      "properties": {
        "toponimo": "Rua de Sagres",
        "tarifado": "Sim",
        "objectid": 24717,
        "globalid": "{B9407135-E075-4FEC-8602-AA2D6D43A901}"
      }
    },
    {
      "type": "Feature",
      "id": 24727,
      "geometry": {
        "type": "LineString",
        "coordinates": [
          [-8.59803180620803, 41.1481948186082],
          [-8.59788351387255, 41.1481545489262],
          [-8.59755895926781, 41.1482388727985],
          [-8.59742840263634, 41.1482673954889]
        ]
      },
      "properties": {
        "toponimo": "Avenida de Camilo",
        "tarifado": "Sim",
        "objectid": 24727,
        "globalid": "{53E799CC-88DF-4AB4-A5CC-D909919FDCBB}"
      }
    },
    {
      "type": "Feature",
      "id": 24746,
      "geometry": {
        "type": "LineString",
        "coordinates": [
          [-8.59625665203794, 41.146014455396],
          [-8.59570183563767, 41.1460352679713]
        ]
      },
      "properties": {
        "toponimo": "Largo de Soares dos Reis",
        "tarifado": "Sim",
        "objectid": 24746,
        "globalid": "{1B7A4306-1C9C-49FB-BC9B-B98317688DAC}"
      }
    },
    {
      "type": "Feature",
      "id": 24747,
      "geometry": {
        "type": "LineString",
        "coordinates": [
          [-8.648504254486, 41.1620114876031],
          [-8.64846877426655, 41.1621512126048],
          [-8.64805545360584, 41.1620946860637],
          [-8.64808911547695, 41.1619418959261]
        ]
      },
      "properties": {
        "toponimo": "Rua de Fernando Pessoa",
        "tarifado": "Sim",
        "objectid": 24747,
        "globalid": "{F4EA4D49-E46D-4B8C-9E91-7B0C21CCD6BE}"
      }
    },
    {
      "type": "Feature",
      "id": 24748,
      "geometry": {
        "type": "LineString",
        "coordinates": [
          [-8.64517314841255, 41.1647120537214],
          [-8.6452864623573, 41.164584074726],
          [-8.64542314919267, 41.1644281511754],
          [-8.64549975067439, 41.1643016066611]
        ]
      },
      "properties": {
        "toponimo": "Rua de Azevedo Coutinho",
        "tarifado": "Sim",
        "objectid": 24748,
        "globalid": "{FD01443B-0178-4AC6-A9ED-992CC76E85E8}"
      }
    },
    {
      "type": "Feature",
      "id": 24792,
      "geometry": {
        "type": "LineString",
        "coordinates": [
          [-8.64763404711566, 41.1618655666935],
          [-8.64631659422059, 41.1616446736451]
        ]
      },
      "properties": {
        "toponimo": "Rua de Fernando Pessoa",
        "tarifado": "Sim",
        "objectid": 24792,
        "globalid": "{D49EEBDE-2637-42D3-A4C8-F04271B60CB3}"
      }
    },
    {
      "type": "Feature",
      "id": 24805,
      "geometry": {
        "type": "LineString",
        "coordinates": [
          [-8.67763405744078, 41.1565052629347],
          [-8.67756427073719, 41.156423854163],
          [-8.67726675252061, 41.1560704388105],
          [-8.67721584293812, 41.1560083530891]
        ]
      },
      "properties": {
        "toponimo": "Rua do Dr. Sousa Rosa",
        "tarifado": "Sim",
        "objectid": 24805,
        "globalid": "{3D41CBCF-145E-4F71-8FE7-1452CACCFDF8}"
      }
    },
    {
      "type": "Feature",
      "id": 24806,
      "geometry": {
        "type": "LineString",
        "coordinates": [
          [-8.67840050695793, 41.1574038660351],
          [-8.67833976621341, 41.157324521939],
          [-8.67770237807257, 41.1565851298486],
          [-8.67763405744078, 41.1565052629347]
        ]
      },
      "properties": {
        "toponimo": "Rua do Dr. Sousa Rosa",
        "tarifado": "Sim",
        "objectid": 24806,
        "globalid": "{443985D0-03C2-4D16-AED6-4A6A202395F3}"
      }
    },
    {
      "type": "Feature",
      "id": 24807,
      "geometry": {
        "type": "LineString",
        "coordinates": [
          [-8.67914146270342, 41.1582844328862],
          [-8.67854704646418, 41.1575829734576],
          [-8.67844609269227, 41.1574631580635],
          [-8.67840050695793, 41.1574038660351]
        ]
      },
      "properties": {
        "toponimo": "Rua do Dr. Sousa Rosa",
        "tarifado": "Sim",
        "objectid": 24807,
        "globalid": "{84BADF2B-5CF0-46A3-898C-567A0C0E0909}"
      }
    },
    {
      "type": "Feature",
      "id": 24830,
      "geometry": {
        "type": "LineString",
        "coordinates": [
          [-8.6846186059878, 41.1651365683038],
          [-8.68486012522222, 41.1655895481002],
          [-8.68514141247677, 41.1661122624992]
        ]
      },
      "properties": {
        "toponimo": "Rua do Marechal Saldanha",
        "tarifado": "Sim",
        "objectid": 24830,
        "globalid": "{BAAB32B3-3F0D-4DE8-9FC6-32D953F78567}"
      }
    },
    {
      "type": "Feature",
      "id": 24833,
      "geometry": {
        "type": "LineString",
        "coordinates": [
          [-8.67752493009457, 41.1548795361643],
          [-8.67720027655109, 41.1550296462017],
          [-8.67676287422727, 41.1552473977475],
          [-8.67663341039084, 41.1553147056357]
        ]
      },
      "properties": {
        "toponimo": "Praça de Liége",
        "tarifado": "Sim",
        "objectid": 24833,
        "globalid": "{655397F9-D457-4DEC-B601-5AF5B1E76510}"
      }
    },
    {
      "type": "Feature",
      "id": 24834,
      "geometry": {
        "type": "LineString",
        "coordinates": [
          [-8.67663341039084, 41.1553147056357],
          [-8.6765549129526, 41.1552269892762],
          [-8.67600784741709, 41.1545599037621]
        ]
      },
      "properties": {
        "toponimo": "Praça de Liége",
        "tarifado": "Sim",
        "objectid": 24834,
        "globalid": "{C78A9E1D-3136-4F4E-BDB9-FF4ACF70FD6E}"
      }
    },
    {
      "type": "Feature",
      "id": 24835,
      "geometry": {
        "type": "LineString",
        "coordinates": [
          [-8.62218505947205, 41.1589025721708],
          [-8.6223485787961, 41.1589312553255],
          [-8.62257474499673, 41.1590049990138],
          [-8.6227828788749, 41.1590857072374],
          [-8.62297630607815, 41.1591881510792],
          [-8.62311697649706, 41.1592839226107],
          [-8.62325039105135, 41.1593956256099]
        ]
      },
      "properties": {
        "toponimo": "Rua da Infanta D. Maria",
        "tarifado": "Sim",
        "objectid": 24835,
        "globalid": "{61359069-12BA-4D27-A6EB-7168E90FDB7B}"
      }
    },
    {
      "type": "Feature",
      "id": 24836,
      "geometry": {
        "type": "LineString",
        "coordinates": [
          [-8.6810236278034, 41.1575614507608],
          [-8.68091850701847, 41.1574339316436],
          [-8.68014748933302, 41.156538878741],
          [-8.68007121473063, 41.1564441308679]
        ]
      },
      "properties": {
        "toponimo": "Rua de Gondarém",
        "tarifado": "Sim",
        "objectid": 24836,
        "globalid": "{C37133B2-FAF9-4BF2-BDE0-BDC8AF48326D}"
      }
    },
    {
      "type": "Feature",
      "id": 24838,
      "geometry": {
        "type": "LineString",
        "coordinates": [
          [-8.65397463810894, 41.1669925723718],
          [-8.65402486770902, 41.1670008714105],
          [-8.65413539795655, 41.167019106774]
        ]
      },
      "properties": {
        "toponimo": "Rua de Mota Pinto",
        "tarifado": "Sim",
        "objectid": 24838,
        "globalid": "{E9A7623B-5082-4306-832B-7E1F2F8FCFB8}"
      }
    },
    {
      "type": "Feature",
      "id": 24839,
      "geometry": {
        "type": "LineString",
        "coordinates": [
          [-8.65413539795655, 41.167019106774],
          [-8.65414353508372, 41.1670204476267],
          [-8.65504546197843, 41.1671756083063],
          [-8.65518720912457, 41.1671964826332]
        ]
      },
      "properties": {
        "toponimo": "Rua de Mota Pinto",
        "tarifado": "Sim",
        "objectid": 24839,
        "globalid": "{A4B6A18F-2749-4940-AF44-D954E336B290}"
      }
    },
    {
      "type": "Feature",
      "id": 24841,
      "geometry": {
        "type": "LineString",
        "coordinates": [
          [-8.63789328566718, 41.1504864676871],
          [-8.63804854713141, 41.1503927884489],
          [-8.6381814975845, 41.1503999376198],
          [-8.63905404563772, 41.1504919057865]
        ]
      },
      "properties": {
        "toponimo": "Rua das Estrelas",
        "tarifado": "Sim",
        "objectid": 24841,
        "globalid": "{DDE0E3E2-3136-49BA-A6F9-CD64408ED008}"
      }
    },
    {
      "type": "Feature",
      "id": 24846,
      "geometry": {
        "type": "LineString",
        "coordinates": [
          [-8.59747240579589, 41.1483969322638],
          [-8.59802108086159, 41.1482663916556],
          [-8.59803180620803, 41.1481948186082]
        ]
      },
      "properties": {
        "toponimo": "Avenida de Camilo",
        "tarifado": "Sim",
        "objectid": 24846,
        "globalid": "{6B38D161-CEB9-4A00-B56A-83E91CEF5A55}"
      }
    },
    {
      "type": "Feature",
      "id": 24860,
      "geometry": {
        "type": "LineString",
        "coordinates": [
          [-8.596908301844, 41.1485254163554],
          [-8.59705881560918, 41.148492446761],
          [-8.59747240579589, 41.1483969322638]
        ]
      },
      "properties": {
        "toponimo": "Avenida de Camilo",
        "tarifado": "Sim",
        "objectid": 24860,
        "globalid": "{F3604708-160A-486F-83D2-48BBBAB7C9E1}"
      }
    },
    {
      "type": "Feature",
      "id": 24863,
      "geometry": {
        "type": "LineString",
        "coordinates": [
          [-8.59879498843005, 41.148347741821],
          [-8.59984682109732, 41.1485530442148],
          [-8.60061364557632, 41.1487010242182]
        ]
      },
      "properties": {
        "toponimo": "Rua de Fernandes Tomás",
        "tarifado": "Sim",
        "objectid": 24863,
        "globalid": "{C3E8982E-35A4-4903-89EA-C8AA6382110E}"
      }
    },
    {
      "type": "Feature",
      "id": 24864,
      "geometry": {
        "type": "LineString",
        "coordinates": [
          [-8.6178812072239, 41.1471731054629],
          [-8.61790141876927, 41.147263062214],
          [-8.61797395625792, 41.1475152887163],
          [-8.61810088218565, 41.1479781917075],
          [-8.61812550785119, 41.1480785028436]
        ]
      },
      "properties": {
        "toponimo": "Rua do Prof. Vicente José de Carvalho",
        "tarifado": "Sim",
        "objectid": 24864,
        "globalid": "{EFF663CD-6B31-43AE-8469-5285F7C9D13A}"
      }
    },
    {
      "type": "Feature",
      "id": 24866,
      "geometry": {
        "type": "LineString",
        "coordinates": [
          [-8.61825212530704, 41.1484317086132],
          [-8.61825279214663, 41.1484332905719],
          [-8.61835012704366, 41.1484769641353],
          [-8.61854057804496, 41.1485252498744],
          [-8.61897190587565, 41.1485880835996],
          [-8.61917924075214, 41.1486239070682]
        ]
      },
      "properties": {
        "toponimo": "Rua de Clemente Menéres",
        "tarifado": "Sim",
        "objectid": 24866,
        "globalid": "{8FF4AB3B-39A2-4E15-8153-AF3E5CC03B8D}"
      }
    },
    {
      "type": "Feature",
      "id": 24869,
      "geometry": {
        "type": "LineString",
        "coordinates": [
          [-8.60015590817806, 41.1477072155141],
          [-8.59968261469706, 41.1478736027066],
          [-8.59936049768886, 41.1479818364695],
          [-8.59903985566631, 41.1480865525638],
          [-8.59875869860956, 41.1481842369294]
        ]
      },
      "properties": {
        "toponimo": "Rua de Santo Ildefonso",
        "tarifado": "Sim",
        "objectid": 24869,
        "globalid": "{6CE8C76A-FCD0-40F5-BEF9-C20323178120}"
      }
    },
    {
      "type": "Feature",
      "id": 24883,
      "geometry": {
        "type": "LineString",
        "coordinates": [
          [-8.67557064987416, 41.1515115268904],
          [-8.67560885684866, 41.151573808285],
          [-8.67561447806081, 41.1516283742436]
        ]
      },
      "properties": {
        "toponimo": "Largo do Capitão Pinheiro Torres de Meireles",
        "tarifado": "Sim",
        "objectid": 24883,
        "globalid": "{A080A051-2033-41CF-843C-6FD837BB8D49}"
      }
    },
    {
      "type": "Feature",
      "id": 24884,
      "geometry": {
        "type": "LineString",
        "coordinates": [
          [-8.67610136947351, 41.151366073398],
          [-8.67605606080974, 41.1513439210806],
          [-8.67584904803128, 41.1511904253329],
          [-8.67556555440263, 41.1515032488817],
          [-8.67557064987416, 41.1515115268904]
        ]
      },
      "properties": {
        "toponimo": "Largo do Capitão Pinheiro Torres de Meireles",
        "tarifado": "Sim",
        "objectid": 24884,
        "globalid": "{70DF8E9C-2B34-428E-997A-D4C5060ACE1F}"
      }
    },
    {
      "type": "Feature",
      "id": 24888,
      "geometry": {
        "type": "LineString",
        "coordinates": [
          [-8.64385457138781, 41.1544855226873],
          [-8.64383793413603, 41.1544832012999],
          [-8.64366165512442, 41.1544281333105],
          [-8.64281499179388, 41.1541824553129],
          [-8.6424327272234, 41.1540680810703]
        ]
      },
      "properties": {
        "toponimo": "Rua do Campo Alegre",
        "tarifado": "Sim",
        "objectid": 24888,
        "globalid": "{479678A0-D710-412C-8D0F-529F93459B55}"
      }
    },
    {
      "type": "Feature",
      "id": 24894,
      "geometry": {
        "type": "LineString",
        "coordinates": [
          [-8.64332484753444, 41.1632668209288],
          [-8.64337610148411, 41.1631484309419],
          [-8.64362767757875, 41.1622907160467],
          [-8.64371789212644, 41.1622320932463]
        ]
      },
      "properties": {
        "toponimo": "Rua de O Primeiro de Janeiro",
        "tarifado": "Sim",
        "objectid": 24894,
        "globalid": "{80B3909B-BA76-4A15-8BCF-12B35C0B02BF}"
      }
    },
    {
      "type": "Feature",
      "id": 24895,
      "geometry": {
        "type": "LineString",
        "coordinates": [
          [-8.64331600475961, 41.1573504071363],
          [-8.64290004353351, 41.1572778279605],
          [-8.64191212670343, 41.157103401317],
          [-8.64180702652551, 41.1570284478546]
        ]
      },
      "properties": {
        "toponimo": "Rua da Venezuela",
        "tarifado": "Sim",
        "objectid": 24895,
        "globalid": "{0F349621-D7FD-43B7-B647-FC4346DDEBD8}"
      }
    },
    {
      "type": "Feature",
      "id": 24916,
      "geometry": {
        "type": "LineString",
        "coordinates": [
          [-8.64581046143096, 41.1580078422105],
          [-8.64606817454606, 41.1579703947346]
        ]
      },
      "properties": {
        "toponimo": "Rua da Argentina",
        "tarifado": "Sim",
        "objectid": 24916,
        "globalid": "{BC1FA482-B2BF-481D-8594-38F3C3C09807}"
      }
    },
    {
      "type": "Feature",
      "id": 24923,
      "geometry": {
        "type": "LineString",
        "coordinates": [
          [-8.64581046143096, 41.1580078422105],
          [-8.64579587157859, 41.1580648866076],
          [-8.64543027965413, 41.1582444966167]
        ]
      },
      "properties": {
        "toponimo": "Rua da Argentina",
        "tarifado": "Sim",
        "objectid": 24923,
        "globalid": "{EA31A998-728E-4095-B7E5-742A8A7A4940}"
      }
    },
    {
      "type": "Feature",
      "id": 24926,
      "geometry": {
        "type": "LineString",
        "coordinates": [
          [-8.64565553917589, 41.1574719396667],
          [-8.64569708235702, 41.1575359089258],
          [-8.6459182036648, 41.157793655406],
          [-8.64606817454606, 41.1579703947346]
        ]
      },
      "properties": {
        "toponimo": "Rua da Argentina",
        "tarifado": "Sim",
        "objectid": 24926,
        "globalid": "{07FB0EAD-7BB6-4C57-9160-C0EAA921DD99}"
      }
    },
    {
      "type": "Feature",
      "id": 24935,
      "geometry": {
        "type": "LineString",
        "coordinates": [
          [-8.61309033576588, 41.1566265950465],
          [-8.61348961989666, 41.1567843165056],
          [-8.61387808360581, 41.1569381567417],
          [-8.61405985663484, 41.1570071779992],
          [-8.61409584332443, 41.15703417494],
          [-8.61411751577837, 41.1570830491763],
          [-8.61417642306837, 41.1572901786687],
          [-8.61423527168491, 41.1574906991784],
          [-8.61424768790772, 41.1575412958607]
        ]
      },
      "properties": {
        "toponimo": "Rua de Cervantes",
        "tarifado": "Sim",
        "objectid": 24935,
        "globalid": "{BB871D5D-F96B-4DFD-93F5-7722F2873478}"
      }
    },
    {
      "type": "Feature",
      "id": 24944,
      "geometry": {
        "type": "LineString",
        "coordinates": [
          [-8.62079831991707, 41.1565306215472],
          [-8.62128759119477, 41.1566128206709]
        ]
      },
      "properties": {
        "toponimo": "Rua da Boavista",
        "tarifado": "Sim",
        "objectid": 24944,
        "globalid": "{E130F451-115D-4B38-83DF-097E677BEF8D}"
      }
    },
    {
      "type": "Feature",
      "id": 24946,
      "geometry": {
        "type": "LineString",
        "coordinates": [
          [-8.62106019233077, 41.1613961542087],
          [-8.62109629771247, 41.1611758199602],
          [-8.62110789409352, 41.1611075368516]
        ]
      },
      "properties": {
        "toponimo": "Rua de Serpa Pinto",
        "tarifado": "Sim",
        "objectid": 24946,
        "globalid": "{490B8E76-05A2-4F64-9AF9-9580CD2E93AA}"
      }
    },
    {
      "type": "Feature",
      "id": 24969,
      "geometry": {
        "type": "LineString",
        "coordinates": [
          [-8.61358195885974, 41.1553318532783],
          [-8.6151043698726, 41.1555799819538],
          [-8.61701167243742, 41.15589976239],
          [-8.61770923678989, 41.1560166920951]
        ]
      },
      "properties": {
        "toponimo": "Rua da Boavista",
        "tarifado": "Sim",
        "objectid": 24969,
        "globalid": "{2548CB54-C9C7-4C48-8901-1230488CFC23}"
      }
    },
    {
      "type": "Feature",
      "id": 24995,
      "geometry": {
        "type": "LineString",
        "coordinates": [
          [-8.63161077407685, 41.1608867693292],
          [-8.63141505072864, 41.1606445333227],
          [-8.63092392435012, 41.1600333993812],
          [-8.63054181559912, 41.1595470032716]
        ]
      },
      "properties": {
        "toponimo": "Rua de Cinco de Outubro",
        "tarifado": "Sim",
        "objectid": 24995,
        "globalid": "{0E6BE12C-E6A3-4553-8921-4E8D5CF29238}"
      }
    },
    {
      "type": "Feature",
      "id": 24996,
      "geometry": {
        "type": "LineString",
        "coordinates": [
          [-8.6374675432388, 41.1557434206308],
          [-8.63723383288122, 41.156209434335]
        ]
      },
      "properties": {
        "toponimo": "Rua de Guerra Junqueiro",
        "tarifado": "Sim",
        "objectid": 24996,
        "globalid": "{9021B1D8-F583-4454-A65F-CFEDBF9A3D9D}"
      }
    },
    {
      "type": "Feature",
      "id": 24997,
      "geometry": {
        "type": "LineString",
        "coordinates": [
          [-8.63723383288122, 41.156209434335],
          [-8.6371940439322, 41.156288818776],
          [-8.63692837738357, 41.1568246112513]
        ]
      },
      "properties": {
        "toponimo": "Rua de Guerra Junqueiro",
        "tarifado": "Sim",
        "objectid": 24997,
        "globalid": "{4E32146D-62EC-429A-80C6-9CDC88607263}"
      }
    },
    {
      "type": "Feature",
      "id": 24998,
      "geometry": {
        "type": "LineString",
        "coordinates": [
          [-8.63692837738357, 41.1568246112513],
          [-8.63686733554931, 41.1569476965592],
          [-8.63647963492134, 41.1577060308289],
          [-8.63636906440049, 41.1579250124167]
        ]
      },
      "properties": {
        "toponimo": "Rua de Guerra Junqueiro",
        "tarifado": "Sim",
        "objectid": 24998,
        "globalid": "{86698411-C072-4EF3-9EBB-B12756DEE87A}"
      }
    },
    {
      "type": "Feature",
      "id": 25046,
      "geometry": {
        "type": "LineString",
        "coordinates": [
          [-8.66568348486195, 41.1597180659789],
          [-8.66610461240609, 41.1595565639984]
        ]
      },
      "properties": {
        "toponimo": "Praça de D. Afonso V",
        "tarifado": "Sim",
        "objectid": 25046,
        "globalid": "{D94E2D77-6335-40EE-8C89-C697D17B8CE5}"
      }
    },
    {
      "type": "Feature",
      "id": 25047,
      "geometry": {
        "type": "LineString",
        "coordinates": [
          [-8.66572765415918, 41.1590540821205],
          [-8.66535921650181, 41.1591998608266]
        ]
      },
      "properties": {
        "toponimo": "Praça de D. Afonso V",
        "tarifado": "Sim",
        "objectid": 25047,
        "globalid": "{0BA0F31E-146C-42D2-9EC9-572B8134A773}"
      }
    },
    {
      "type": "Feature",
      "id": 25072,
      "geometry": {
        "type": "LineString",
        "coordinates": [
          [-8.59163878095345, 41.1629462000737],
          [-8.59144896253706, 41.1631907741991]
        ]
      },
      "properties": {
        "toponimo": "Praça de Francisco Sá Carneiro",
        "tarifado": "Sim",
        "objectid": 25072,
        "globalid": "{F9C6B558-20F0-45D0-B599-D9DBFF7FAD06}"
      }
    },
    {
      "type": "Feature",
      "id": 25097,
      "geometry": {
        "type": "LineString",
        "coordinates": [
          [-8.67657304210851, 41.1542979423863],
          [-8.67662382680246, 41.1543380764244],
          [-8.67694758111104, 41.1546874248936],
          [-8.67710388728777, 41.1548258164452],
          [-8.67717792796618, 41.154873169032],
          [-8.67724909994428, 41.1548906956473],
          [-8.67752493009457, 41.1548795361643]
        ]
      },
      "properties": {
        "toponimo": "Praça de Liége",
        "tarifado": "Sim",
        "objectid": 25097,
        "globalid": "{D7F38FA0-7EFA-46E2-BAF3-ECF85C0889FE}"
      }
    },
    {
      "type": "Feature",
      "id": 25098,
      "geometry": {
        "type": "LineString",
        "coordinates": [
          [-8.67600784741709, 41.1545599037621],
          [-8.67649012920261, 41.1543385658305],
          [-8.67657304210851, 41.1542979423863]
        ]
      },
      "properties": {
        "toponimo": "Praça de Liége",
        "tarifado": "Sim",
        "objectid": 25098,
        "globalid": "{DA3935F5-F587-4B6A-8383-0816DAAD3BB3}"
      }
    },
    {
      "type": "Feature",
      "id": 25110,
      "geometry": {
        "type": "LineString",
        "coordinates": [
          [-8.66610461240609, 41.1595565639984],
          [-8.66610085385138, 41.1594899952495],
          [-8.66580892140206, 41.1590748466867],
          [-8.66572765415918, 41.1590540821205]
        ]
      },
      "properties": {
        "toponimo": "Praça de D. Afonso V",
        "tarifado": "Sim",
        "objectid": 25110,
        "globalid": "{EF51B280-5AED-4526-B13F-30CD22CED0F3}"
      }
    },
    {
      "type": "Feature",
      "id": 25112,
      "geometry": {
        "type": "LineString",
        "coordinates": [
          [-8.63327329999064, 41.15864721554],
          [-8.6332411962023, 41.1587335976095],
          [-8.63305492820848, 41.1593488119562],
          [-8.63289496445628, 41.159871888371]
        ]
      },
      "properties": {
        "toponimo": "Rua de Quinze de Novembro",
        "tarifado": "Sim",
        "objectid": 25112,
        "globalid": "{C9AF7526-D11D-4F31-B520-5A789350A3BE}"
      }
    },
    {
      "type": "Feature",
      "id": 25135,
      "geometry": {
        "type": "LineString",
        "coordinates": [
          [-8.60521300287613, 41.1605821526466],
          [-8.6052826130466, 41.1604838010232],
          [-8.60569613169617, 41.1598523702244],
          [-8.60599384998551, 41.1594024727036],
          [-8.60613783119345, 41.1591812660715]
        ]
      },
      "properties": {
        "toponimo": "Rua do Bonjardim",
        "tarifado": "Sim",
        "objectid": 25135,
        "globalid": "{72C14DA6-C503-4E5D-B245-611A7A2C279F}"
      }
    },
    {
      "type": "Feature",
      "id": 25136,
      "geometry": {
        "type": "LineString",
        "coordinates": [
          [-8.61796071352864, 41.1522631167683],
          [-8.61791797091236, 41.1521777571148],
          [-8.61774824131245, 41.1518301181117],
          [-8.61761426434472, 41.1515825091074]
        ]
      },
      "properties": {
        "toponimo": "Rua de Cedofeita",
        "tarifado": "Sim",
        "objectid": 25136,
        "globalid": "{D04E5DD3-4934-47DD-A07A-2B37D4A2BFF0}"
      }
    },
    {
      "type": "Feature",
      "id": 25138,
      "geometry": {
        "type": "LineString",
        "coordinates": [
          [-8.59672792603251, 41.1609037478685],
          [-8.59689222906551, 41.160924460046],
          [-8.59826096969819, 41.1610936664908]
        ]
      },
      "properties": {
        "toponimo": "Rua de Carlos Malheiro Dias",
        "tarifado": "Sim",
        "objectid": 25138,
        "globalid": "{BEA94EF3-82EF-4E57-828F-5BBA611A17E4}"
      }
    },
    {
      "type": "Feature",
      "id": 25155,
      "geometry": {
        "type": "LineString",
        "coordinates": [
          [-8.6156928087015, 41.1618429016487],
          [-8.61576931683752, 41.1614890194071],
          [-8.61585910328786, 41.1611103294146],
          [-8.6159099816644, 41.1609490213227],
          [-8.61594991420655, 41.160865842926],
          [-8.61601661661566, 41.160758357624],
          [-8.61610441870591, 41.1606296695304],
          [-8.61618829116889, 41.1604915874114],
          [-8.61624509645458, 41.160350657235],
          [-8.61628463548188, 41.1602141665618],
          [-8.61630116102826, 41.1601011215711],
          [-8.61629034871603, 41.1599466902457],
          [-8.61627387918135, 41.1597407877146],
          [-8.61627336904634, 41.1597345957676]
        ]
      },
      "properties": {
        "toponimo": "Rua de Alves Redol",
        "tarifado": "Sim",
        "objectid": 25155,
        "globalid": "{E4F13C70-6666-4BBE-BF78-93CD00E890C8}"
      }
    },
    {
      "type": "Feature",
      "id": 25158,
      "geometry": {
        "type": "LineString",
        "coordinates": [
          [-8.67907552811357, 41.1552406320504],
          [-8.67919404324461, 41.1552108043554],
          [-8.67966875891823, 41.1550485835812],
          [-8.68003038703241, 41.154929940387]
        ]
      },
      "properties": {
        "toponimo": "Rua da Agra",
        "tarifado": "Sim",
        "objectid": 25158,
        "globalid": "{EF192AEB-4078-4CFF-B557-B1AC54811831}"
      }
    },
    {
      "type": "Feature",
      "id": 25197,
      "geometry": {
        "type": "LineString",
        "coordinates": [
          [-8.61627336904634, 41.1597345957676],
          [-8.61612929570723, 41.1595234944246],
          [-8.61605077740283, 41.1594112900861],
          [-8.61594439468721, 41.1593236681957],
          [-8.61585545507746, 41.159262065887],
          [-8.61576458770166, 41.1592314555302],
          [-8.61552369230489, 41.1591756886992],
          [-8.61526393409143, 41.159134154249],
          [-8.61517458986693, 41.1591324950171],
          [-8.61513891852323, 41.1591502207772],
          [-8.61506375918216, 41.1591900022143],
          [-8.61501281175802, 41.1592172284028],
          [-8.61493591171967, 41.1592373434499],
          [-8.61487253006998, 41.1592747694827],
          [-8.61483879818555, 41.1592937926676],
          [-8.61480507275832, 41.1592975903722],
          [-8.61476162103364, 41.1592908846524],
          [-8.61472295820664, 41.1592793685828],
          [-8.61468912111568, 41.1592662835773],
          [-8.61450682878762, 41.1592620598712],
          [-8.61432544870855, 41.1592717887971]
        ]
      },
      "properties": {
        "toponimo": "Rua de Alves Redol",
        "tarifado": "Sim",
        "objectid": 25197,
        "globalid": "{DD9F9B06-B486-4234-9436-20402668E238}"
      }
    },
    {
      "type": "Feature",
      "id": 25244,
      "geometry": {
        "type": "LineString",
        "coordinates": [
          [-8.60807552528889, 41.157490220798],
          [-8.60790916344886, 41.1575151841794],
          [-8.60728374101255, 41.1576008066552],
          [-8.60718305239935, 41.1575836374132]
        ]
      },
      "properties": {
        "toponimo": "Rua do Paraíso",
        "tarifado": "Sim",
        "objectid": 25244,
        "globalid": "{426BA47D-D5DA-400D-9E04-D3F123C676FC}"
      }
    },
    {
      "type": "Feature",
      "id": 25312,
      "geometry": {
        "type": "LineString",
        "coordinates": [
          [-8.61461933383869, 41.1515507955283],
          [-8.61451867082072, 41.1515685244398],
          [-8.61393540250038, 41.1516677655102],
          [-8.61385136105925, 41.1516614989843]
        ]
      },
      "properties": {
        "toponimo": "Travessa de S. Carlos",
        "tarifado": "Sim",
        "objectid": 25312,
        "globalid": "{3A7857CA-E842-4EE3-A86F-979185B84EE5}"
      }
    },
    {
      "type": "Feature",
      "id": 25315,
      "geometry": {
        "type": "LineString",
        "coordinates": [
          [-8.61461933383869, 41.1515507955283],
          [-8.61511380760739, 41.151463458963],
          [-8.61540547513436, 41.1514160872132],
          [-8.61537834431395, 41.1513618964403]
        ]
      },
      "properties": {
        "toponimo": "Praça do Coronel Pacheco",
        "tarifado": "Sim",
        "objectid": 25315,
        "globalid": "{9840C23E-A4A3-4EFB-8F99-6DF1FD095BCF}"
      }
    },
    {
      "type": "Feature",
      "id": 25320,
      "geometry": {
        "type": "LineString",
        "coordinates": [
          [-8.62998593121488, 41.1503119177801],
          [-8.6299509650554, 41.1503524621341]
        ]
      },
      "properties": {
        "toponimo": "Rua de D. Pedro V",
        "tarifado": "Sim",
        "objectid": 25320,
        "globalid": "{5EF487F2-8DD9-4186-8952-C0A81F11147A}"
      }
    },
    {
      "type": "Feature",
      "id": 25334,
      "geometry": {
        "type": "LineString",
        "coordinates": [
          [-8.67531630535389, 41.1518101378483],
          [-8.67519155241897, 41.1518298709386],
          [-8.67497940629885, 41.1519807121756],
          [-8.67493547010636, 41.1520135595931]
        ]
      },
      "properties": {
        "toponimo": "Rua do Monsenhor Manuel Marinho",
        "tarifado": "Sim",
        "objectid": 25334,
        "globalid": "{6556F2DC-BBB2-4936-92E1-B57BDBDB649C}"
      }
    },
    {
      "type": "Feature",
      "id": 25336,
      "geometry": {
        "type": "LineString",
        "coordinates": [
          [-8.62086646484285, 41.1627369218849],
          [-8.62088243352634, 41.1626252824299],
          [-8.620898688922, 41.1625264459233],
          [-8.62090213047288, 41.1625020935269]
        ]
      },
      "properties": {
        "toponimo": "Rua de Serpa Pinto",
        "tarifado": "Sim",
        "objectid": 25336,
        "globalid": "{41C2D950-5E57-45C9-94BF-23EF11282A5B}"
      }
    },
    {
      "type": "Feature",
      "id": 25349,
      "geometry": {
        "type": "LineString",
        "coordinates": [
          [-8.62128759119477, 41.1566128206709],
          [-8.62141443581881, 41.156099184754],
          [-8.62142400144241, 41.1559951719116]
        ]
      },
      "properties": {
        "toponimo": "Rua de S. Martinho",
        "tarifado": "Sim",
        "objectid": 25349,
        "globalid": "{A421761E-1C70-412B-A632-9497AA698DF7}"
      }
    },
    {
      "type": "Feature",
      "id": 25407,
      "geometry": {
        "type": "LineString",
        "coordinates": [
          [-8.67493547010636, 41.1520135595931],
          [-8.67486799655705, 41.1520641040787],
          [-8.6747150792338, 41.1522149444785],
          [-8.67465154828238, 41.1523159828582]
        ]
      },
      "properties": {
        "toponimo": "Rua do Monsenhor Manuel Marinho",
        "tarifado": "Sim",
        "objectid": 25407,
        "globalid": "{17C3C0F5-8E8A-4FDE-858E-559B8728C18F}"
      }
    },
    {
      "type": "Feature",
      "id": 25408,
      "geometry": {
        "type": "LineString",
        "coordinates": [
          [-8.66370113842686, 41.1560724095689],
          [-8.66395426376649, 41.1564418141519],
          [-8.66407220953296, 41.1566112211076],
          [-8.66413769326669, 41.1566929370476]
        ]
      },
      "properties": {
        "toponimo": "Rua de João de Barros",
        "tarifado": "Sim",
        "objectid": 25408,
        "globalid": "{1D342BD4-7128-46D0-B5FA-A596DD895B16}"
      }
    },
    {
      "type": "Feature",
      "id": 25409,
      "geometry": {
        "type": "LineString",
        "coordinates": [
          [-8.66297783680295, 41.1550212759749],
          [-8.66301107887107, 41.1550705100616],
          [-8.66363318007031, 41.1559733903247],
          [-8.66370113842686, 41.1560724095689]
        ]
      },
      "properties": {
        "toponimo": "Rua de João de Barros",
        "tarifado": "Sim",
        "objectid": 25409,
        "globalid": "{CD0657BF-29F7-4221-8D3B-FA4A0C1F9576}"
      }
    },
    {
      "type": "Feature",
      "id": 25430,
      "geometry": {
        "type": "LineString",
        "coordinates": [
          [-8.60792255747938, 41.1535901544452],
          [-8.60815729812678, 41.1535862304693],
          [-8.60847631248307, 41.1535413018079]
        ]
      },
      "properties": {
        "toponimo": "Rua de Gonçalo Cristovão",
        "tarifado": "Sim",
        "objectid": 25430,
        "globalid": "{61AE1B49-1021-4CCC-85AF-7799C3F580D9}"
      }
    },
    {
      "type": "Feature",
      "id": 25432,
      "geometry": {
        "type": "LineString",
        "coordinates": [
          [-8.61204386034195, 41.1538183954518],
          [-8.61204730678212, 41.1538254225253],
          [-8.61201820234069, 41.1543130337215],
          [-8.61200782919839, 41.1549252304243],
          [-8.61198095433771, 41.1550754608774]
        ]
      },
      "properties": {
        "toponimo": "Praça da República",
        "tarifado": "Sim",
        "objectid": 25432,
        "globalid": "{22F8C491-8E9E-4A79-ACE5-0EF9C445E243}"
      }
    },
    {
      "type": "Feature",
      "id": 25433,
      "geometry": {
        "type": "LineString",
        "coordinates": [
          [-8.61198095433771, 41.1550754608774],
          [-8.61273532191802, 41.1551036808305],
          [-8.61284225633641, 41.1551119589371]
        ]
      },
      "properties": {
        "toponimo": "Praça da República",
        "tarifado": "Sim",
        "objectid": 25433,
        "globalid": "{DB59EBDF-CD7E-44DD-91A7-AAA9B33CC21A}"
      }
    },
    {
      "type": "Feature",
      "id": 25456,
      "geometry": {
        "type": "LineString",
        "coordinates": [
          [-8.63356499856092, 41.1632943609054],
          [-8.63350001163319, 41.1632501915531],
          [-8.6332972883956, 41.1629888289505],
          [-8.63310851861714, 41.1627507527459]
        ]
      },
      "properties": {
        "toponimo": "Rua de Cinco de Outubro",
        "tarifado": "Sim",
        "objectid": 25456,
        "globalid": "{3E268F42-DA19-4F6A-A6D8-B4903C7D94C2}"
      }
    },
    {
      "type": "Feature",
      "id": 25460,
      "geometry": {
        "type": "LineString",
        "coordinates": [
          [-8.62629116598489, 41.1529188290514],
          [-8.62638099328766, 41.1531854810419],
          [-8.62646046640137, 41.1534327558139],
          [-8.62671730080115, 41.1542497654705]
        ]
      },
      "properties": {
        "toponimo": "Rua de Júlio Dinis",
        "tarifado": "Sim",
        "objectid": 25460,
        "globalid": "{EC596027-38AB-4A4D-B902-433BC65D3904}"
      }
    },
    {
      "type": "Feature",
      "id": 25464,
      "geometry": {
        "type": "LineString",
        "coordinates": [
          [-8.63269728681561, 41.1471730099669],
          [-8.63266461292678, 41.1472153641009],
          [-8.63244850120046, 41.1474446426326],
          [-8.63161105607865, 41.1484025984051],
          [-8.63152223586448, 41.1485135652522]
        ]
      },
      "properties": {
        "toponimo": "Rua de D. Pedro V",
        "tarifado": "Sim",
        "objectid": 25464,
        "globalid": "{EE3B42E1-EA2A-457C-B50D-205AD551098E}"
      }
    },
    {
      "type": "Feature",
      "id": 25465,
      "geometry": {
        "type": "LineString",
        "coordinates": [
          [-8.67657304210851, 41.1542979423863],
          [-8.67705023344315, 41.1540636778824],
          [-8.67721310201801, 41.1539966880589],
          [-8.67726514001255, 41.1539752901469],
          [-8.67735468391506, 41.153964457185]
        ]
      },
      "properties": {
        "toponimo": "Praça de Liége",
        "tarifado": "Sim",
        "objectid": 25465,
        "globalid": "{807A6A04-0034-4557-90FD-69C15990EE64}"
      }
    },
    {
      "type": "Feature",
      "id": 25483,
      "geometry": {
        "type": "LineString",
        "coordinates": [
          [-8.63015463959452, 41.1573223917541],
          [-8.63083113353821, 41.1569812323667],
          [-8.63147290471866, 41.1566589392614]
        ]
      },
      "properties": {
        "toponimo": "Rua da Meditação",
        "tarifado": "Sim",
        "objectid": 25483,
        "globalid": "{2ECA642D-8000-4095-98B6-1F77C4277FC6}"
      }
    },
    {
      "type": "Feature",
      "id": 25484,
      "geometry": {
        "type": "LineString",
        "coordinates": [
          [-8.65115367266542, 41.161935534625],
          [-8.65096952174894, 41.1625618774057],
          [-8.65055400446077, 41.1639790850104],
          [-8.65028873560628, 41.1648847872764]
        ]
      },
      "properties": {
        "toponimo": "Rua de S. João de Brito",
        "tarifado": "Sim",
        "objectid": 25484,
        "globalid": "{A1B26D49-13F6-486B-A13E-46DD5DAFB6EE}"
      }
    },
    {
      "type": "Feature",
      "id": 25506,
      "geometry": {
        "type": "LineString",
        "coordinates": [
          [-8.67610912831453, 41.1497736994958],
          [-8.67603483469237, 41.1495727269139],
          [-8.67583106136835, 41.1493075096863],
          [-8.67571814271044, 41.1491575033747],
          [-8.6755911789884, 41.1490030609192]
        ]
      },
      "properties": {
        "toponimo": "Avenida de D. Carlos I",
        "tarifado": "Sim",
        "objectid": 25506,
        "globalid": "{9883AE61-CF8C-482D-945E-5450B6698420}"
      }
    },
    {
      "type": "Feature",
      "id": 25507,
      "geometry": {
        "type": "LineString",
        "coordinates": [
          [-8.67763327067975, 41.1523143783056],
          [-8.67790658292634, 41.1525463425404],
          [-8.67809097401855, 41.1527275218672]
        ]
      },
      "properties": {
        "toponimo": "Rua da Senhora da Luz",
        "tarifado": "Sim",
        "objectid": 25507,
        "globalid": "{5EA6E0AD-E912-477C-9F66-46949F75C761}"
      }
    },
    {
      "type": "Feature",
      "id": 25529,
      "geometry": {
        "type": "LineString",
        "coordinates": [
          [-8.6502482652081, 41.1650228504502],
          [-8.64973243270934, 41.1649362610145]
        ]
      },
      "properties": {
        "toponimo": "Rua do Beato Inácio de Azevedo",
        "tarifado": "Sim",
        "objectid": 25529,
        "globalid": "{FC7181CC-233C-4F1F-A0A7-6A188B67258E}"
      }
    },
    {
      "type": "Feature",
      "id": 25530,
      "geometry": {
        "type": "LineString",
        "coordinates": [
          [-8.64973243270934, 41.1649362610145],
          [-8.64968163775674, 41.1651404881727],
          [-8.64960467620146, 41.1653793021036]
        ]
      },
      "properties": {
        "toponimo": "Rua Padre Himalaya",
        "tarifado": "Sim",
        "objectid": 25530,
        "globalid": "{FE50B545-233D-4C50-AB19-C00165F73C81}"
      }
    },
    {
      "type": "Feature",
      "id": 25547,
      "geometry": {
        "type": "LineString",
        "coordinates": [
          [-8.60037182761721, 41.1458102475187],
          [-8.60028833046333, 41.1458190151678],
          [-8.59995923578875, 41.1458407577722],
          [-8.59936445730588, 41.1458680719014],
          [-8.59919969868772, 41.1458752154989]
        ]
      },
      "properties": {
        "toponimo": "Avenida de Rodrigues de Freitas",
        "tarifado": "Sim",
        "objectid": 25547,
        "globalid": "{8345668A-8169-4B47-B048-0A958DFB5526}"
      }
    },
    {
      "type": "Feature",
      "id": 25548,
      "geometry": {
        "type": "LineString",
        "coordinates": [
          [-8.60159970010762, 41.145691835018],
          [-8.60112495928289, 41.1457311932544],
          [-8.60037182761721, 41.1458102475187]
        ]
      },
      "properties": {
        "toponimo": "Avenida de Rodrigues de Freitas",
        "tarifado": "Sim",
        "objectid": 25548,
        "globalid": "{C2D403BE-FCDA-4F7A-AAD0-61486C2F1435}"
      }
    },
    {
      "type": "Feature",
      "id": 25567,
      "geometry": {
        "type": "LineString",
        "coordinates": [
          [-8.609203283169, 41.1534776461049],
          [-8.60920383332537, 41.1535535226123],
          [-8.60920432194075, 41.1536207281813]
        ]
      },
      "properties": {
        "toponimo": "Rua de Gonçalo Cristovão",
        "tarifado": "Sim",
        "objectid": 25567,
        "globalid": "{780E8EDC-530C-4CCF-91BB-6DE88717CA4D}"
      }
    },
    {
      "type": "Feature",
      "id": 25568,
      "geometry": {
        "type": "LineString",
        "coordinates": [
          [-8.60999213594553, 41.1604387234029],
          [-8.61031874327656, 41.1604862850306]
        ]
      },
      "properties": {
        "toponimo": "Travessa de Antero de Quental",
        "tarifado": "Sim",
        "objectid": 25568,
        "globalid": "{300AC80E-5965-4234-9986-AC49D95221F0}"
      }
    },
    {
      "type": "Feature",
      "id": 25569,
      "geometry": {
        "type": "LineString",
        "coordinates": [
          [-8.60650889867402, 41.1635259795273],
          [-8.60640635420792, 41.163891496204],
          [-8.60629171657344, 41.1643034888076],
          [-8.60628929845194, 41.1643562551492]
        ]
      },
      "properties": {
        "toponimo": "Rua de Faria Guimarães",
        "tarifado": "Sim",
        "objectid": 25569,
        "globalid": "{998BA563-20CB-4322-AF54-4AB382A93665}"
      }
    },
    {
      "type": "Feature",
      "id": 25574,
      "geometry": {
        "type": "LineString",
        "coordinates": [
          [-8.62029719113577, 41.1592268500254],
          [-8.62078010772322, 41.1590542849547],
          [-8.62102495683621, 41.1589810665536],
          [-8.62121885462515, 41.1589262163069],
          [-8.62139317996502, 41.158894238695],
          [-8.62163508926944, 41.1588695729677],
          [-8.62181784940311, 41.1588694973415],
          [-8.62206828112053, 41.1588820806265],
          [-8.62218505947205, 41.1589025721708]
        ]
      },
      "properties": {
        "toponimo": "Rua da Infanta D. Maria",
        "tarifado": "Sim",
        "objectid": 25574,
        "globalid": "{DFD18A99-0C16-441B-8428-97A74462ACD9}"
      }
    },
    {
      "type": "Feature",
      "id": 25587,
      "geometry": {
        "type": "LineString",
        "coordinates": [
          [-8.61100551370429, 41.164553516692],
          [-8.61105896385864, 41.163442262475],
          [-8.61108336712691, 41.1630551052679],
          [-8.6111290927544, 41.1627966197785],
          [-8.61114602816803, 41.1627171951631]
        ]
      },
      "properties": {
        "toponimo": "Rua de Antero de Quental",
        "tarifado": "Sim",
        "objectid": 25587,
        "globalid": "{CEED6F70-485B-4B7F-BE9E-000373149E8A}"
      }
    },
    {
      "type": "Feature",
      "id": 25609,
      "geometry": {
        "type": "LineString",
        "coordinates": [
          [-8.61198095433771, 41.1550754608774],
          [-8.61195435393882, 41.155224132427]
        ]
      },
      "properties": {
        "toponimo": "Praça da República",
        "tarifado": "Sim",
        "objectid": 25609,
        "globalid": "{E4ABA387-7EB6-4AD7-A884-D5FC19367594}"
      }
    },
    {
      "type": "Feature",
      "id": 25632,
      "geometry": {
        "type": "LineString",
        "coordinates": [
          [-8.63109829686749, 41.1545412002723],
          [-8.63130894459777, 41.1543808836334],
          [-8.63171858026417, 41.1540815409191],
          [-8.63199143979209, 41.1538529978995],
          [-8.63213156281387, 41.1537059262129],
          [-8.63213165702455, 41.1537057817352]
        ]
      },
      "properties": {
        "toponimo": "Rua de Gonçalo Sampaio",
        "tarifado": "Sim",
        "objectid": 25632,
        "globalid": "{12831EDB-2738-43F9-B2F6-3F6FA2ABA1D4}"
      }
    },
    {
      "type": "Feature",
      "id": 25654,
      "geometry": {
        "type": "LineString",
        "coordinates": [
          [-8.6342864840585, 41.1528543559389],
          [-8.6343585313603, 41.1531534217456],
          [-8.63465311776405, 41.1531131731475],
          [-8.63458364375023, 41.1528221002882],
          [-8.6342864840585, 41.1528543559389]
        ]
      },
      "properties": {
        "toponimo": "Rua do Campo Alegre",
        "tarifado": "Sim",
        "objectid": 25654,
        "globalid": "{60317B7D-2779-47E9-8B11-CF08322C0B11}"
      }
    },
    {
      "type": "Feature",
      "id": 25655,
      "geometry": {
        "type": "LineString",
        "coordinates": [
          [-8.61469267671728, 41.1509175169509],
          [-8.61461933383869, 41.1515507955283]
        ]
      },
      "properties": {
        "toponimo": "Praça do Coronel Pacheco",
        "tarifado": "Sim",
        "objectid": 25655,
        "globalid": "{BFA45C5A-27C1-49A7-A08D-AC2FE2DD38D2}"
      }
    },
    {
      "type": "Feature",
      "id": 25656,
      "geometry": {
        "type": "LineString",
        "coordinates": [
          [-8.61537834431395, 41.1513618964403],
          [-8.61533589357976, 41.1512768137231],
          [-8.61525146558099, 41.1511419604377],
          [-8.61500938246106, 41.1510371776727],
          [-8.61469267671728, 41.1509175169509]
        ]
      },
      "properties": {
        "toponimo": "Praça do Coronel Pacheco",
        "tarifado": "Sim",
        "objectid": 25656,
        "globalid": "{C83B7EE8-E777-4650-853E-E893EEF2E4A3}"
      }
    },
    {
      "type": "Feature",
      "id": 25658,
      "geometry": {
        "type": "LineString",
        "coordinates": [
          [-8.6009984673082, 41.1841651210111],
          [-8.60099928805242, 41.1841231945258],
          [-8.60107780111919, 41.1838918628462],
          [-8.60120166875886, 41.1835625600033]
        ]
      },
      "properties": {
        "toponimo": "Rua do Mestre Guilherme Camarinha",
        "tarifado": "Sim",
        "objectid": 25658,
        "globalid": "{1B687914-6A18-40AD-855F-D26EB99FA23A}"
      }
    },
    {
      "type": "Feature",
      "id": 25659,
      "geometry": {
        "type": "LineString",
        "coordinates": [
          [-8.6010898804729, 41.1845589608389],
          [-8.60103833468371, 41.1843956916933],
          [-8.60099710584738, 41.1842332252117],
          [-8.6009984673082, 41.1841651210111]
        ]
      },
      "properties": {
        "toponimo": "Rua do Mestre Guilherme Camarinha",
        "tarifado": "Sim",
        "objectid": 25659,
        "globalid": "{A714A5D8-9600-4685-B36E-FBC3BCE59261}"
      }
    },
    {
      "type": "Feature",
      "id": 25711,
      "geometry": {
        "type": "LineString",
        "coordinates": [
          [-8.63069612648387, 41.1548533036934],
          [-8.63072318076615, 41.1547510514148],
          [-8.63074044243401, 41.1546395489478],
          [-8.63073445696589, 41.154532091713],
          [-8.63072663789513, 41.154440526066]
        ]
      },
      "properties": {
        "toponimo": "Rua do Arquitecto Marques da Silva",
        "tarifado": "Sim",
        "objectid": 25711,
        "globalid": "{A27B95E6-11DA-4D6D-B737-7707BAFE66B6}"
      }
    },
    {
      "type": "Feature",
      "id": 25734,
      "geometry": {
        "type": "LineString",
        "coordinates": [
          [-8.60925065269953, 41.155169688532],
          [-8.60913233761763, 41.1551675050459],
          [-8.60765403659326, 41.1551505472883]
        ]
      },
      "properties": {
        "toponimo": "Rua de João das Regras",
        "tarifado": "Sim",
        "objectid": 25734,
        "globalid": "{2E6FFCA3-5E88-46BE-9209-EE6433164067}"
      }
    },
    {
      "type": "Feature",
      "id": 25735,
      "geometry": {
        "type": "LineString",
        "coordinates": [
          [-8.60462471889939, 41.1566142608212],
          [-8.60459508152959, 41.1573784821262],
          [-8.60454737459886, 41.1585939616536],
          [-8.60453953091376, 41.1587656417965]
        ]
      },
      "properties": {
        "toponimo": "Rua de Santa Catarina",
        "tarifado": "Sim",
        "objectid": 25735,
        "globalid": "{DA82AF69-A2DD-45DD-8E4B-6645F9EEB881}"
      }
    },
    {
      "type": "Feature",
      "id": 25751,
      "geometry": {
        "type": "LineString",
        "coordinates": [
          [-8.6062673201226, 41.1535661859062],
          [-8.60629422661219, 41.1535670649588],
          [-8.60778832432909, 41.1535922582294],
          [-8.60792255747938, 41.1535901544452]
        ]
      },
      "properties": {
        "toponimo": "Rua de Gonçalo Cristovão",
        "tarifado": "Sim",
        "objectid": 25751,
        "globalid": "{B41317D7-AECD-4A36-B5BB-CADD7D3125F1}"
      }
    },
    {
      "type": "Feature",
      "id": 25758,
      "geometry": {
        "type": "LineString",
        "coordinates": [
          [-8.63063047929535, 41.1525893159222],
          [-8.63062842813532, 41.1524932321538],
          [-8.63058629015716, 41.1516305586802]
        ]
      },
      "properties": {
        "toponimo": "Rua do Prof. Abel Salazar",
        "tarifado": "Sim",
        "objectid": 25758,
        "globalid": "{D71647A1-7C5B-420A-97B8-726A135BE182}"
      }
    },
    {
      "type": "Feature",
      "id": 25772,
      "geometry": {
        "type": "LineString",
        "coordinates": [
          [-8.61136292093761, 41.1617254123355],
          [-8.61147813443016, 41.1612061983753],
          [-8.61158362385476, 41.1607441562939],
          [-8.61159876772036, 41.1606739414639]
        ]
      },
      "properties": {
        "toponimo": "Rua de Antero de Quental",
        "tarifado": "Sim",
        "objectid": 25772,
        "globalid": "{F168081B-CC8E-4EAE-9EB0-8A99264E38A8}"
      }
    },
    {
      "type": "Feature",
      "id": 25775,
      "geometry": {
        "type": "LineString",
        "coordinates": [
          [-8.68169260960478, 41.1583676462311],
          [-8.68158004659094, 41.1582364984204],
          [-8.6810236278034, 41.1575614507608]
        ]
      },
      "properties": {
        "toponimo": "Rua de Gondarém",
        "tarifado": "Sim",
        "objectid": 25775,
        "globalid": "{C6182457-5A7F-478E-A489-DB3ACDE1B4C4}"
      }
    },
    {
      "type": "Feature",
      "id": 25776,
      "geometry": {
        "type": "LineString",
        "coordinates": [
          [-8.62094648311398, 41.1621956258679],
          [-8.62097829437429, 41.1619920498364],
          [-8.621020593775, 41.1617090831372],
          [-8.6210525454883, 41.1614429002097],
          [-8.62106019233077, 41.1613961542087]
        ]
      },
      "properties": {
        "toponimo": "Rua de Serpa Pinto",
        "tarifado": "Sim",
        "objectid": 25776,
        "globalid": "{3402A3F8-CA79-48DC-9604-A6A00BBECEE2}"
      }
    },
    {
      "type": "Feature",
      "id": 25796,
      "geometry": {
        "type": "LineString",
        "coordinates": [
          [-8.61476376476659, 41.1502061628043],
          [-8.61475574393623, 41.1502738721887],
          [-8.61470596999755, 41.150802234431],
          [-8.61469267671728, 41.1509175169509]
        ]
      },
      "properties": {
        "toponimo": "Rua do General Silveira",
        "tarifado": "Sim",
        "objectid": 25796,
        "globalid": "{BB177522-13A5-4519-9884-1C4618084732}"
      }
    },
    {
      "type": "Feature",
      "id": 25827,
      "geometry": {
        "type": "LineString",
        "coordinates": [
          [-8.6662227977567, 41.1597790030541],
          [-8.66719161387702, 41.1611910655621],
          [-8.6672529262933, 41.1612554476516]
        ]
      },
      "properties": {
        "toponimo": "Rua do Prof. Luís de Pina",
        "tarifado": "Sim",
        "objectid": 25827,
        "globalid": "{874BD06A-335A-49D1-AC57-AC5BBB477933}"
      }
    },
    {
      "type": "Feature",
      "id": 25872,
      "geometry": {
        "type": "LineString",
        "coordinates": [
          [-8.60169775113988, 41.1615300427505],
          [-8.60175925046266, 41.1615379495797],
          [-8.60365935138243, 41.1617746952011],
          [-8.60394615650535, 41.1618178380602],
          [-8.60407078780914, 41.1618169035374]
        ]
      },
      "properties": {
        "toponimo": "Rua da Constituição",
        "tarifado": "Sim",
        "objectid": 25872,
        "globalid": "{E169CE82-856F-47D9-9CB4-D47ED9DCD7E1}"
      }
    },
    {
      "type": "Feature",
      "id": 25873,
      "geometry": {
        "type": "LineString",
        "coordinates": [
          [-8.60628929845194, 41.1643562551492],
          [-8.60628564974115, 41.164436885062],
          [-8.60629894662708, 41.1646546237198],
          [-8.60633506224383, 41.1650925849007],
          [-8.60635573637925, 41.1653520733317],
          [-8.60636437668687, 41.1654150672752]
        ]
      },
      "properties": {
        "toponimo": "Rua de Faria Guimarães",
        "tarifado": "Sim",
        "objectid": 25873,
        "globalid": "{32F124CF-20C7-469B-B7B3-205A0E396707}"
      }
    },
    {
      "type": "Feature",
      "id": 25894,
      "geometry": {
        "type": "LineString",
        "coordinates": [
          [-8.63065016847719, 41.153064905481],
          [-8.63131368516208, 41.1530726771593],
          [-8.63145252138147, 41.1531231816818]
        ]
      },
      "properties": {
        "toponimo": "Largo do Cruzinho",
        "tarifado": "Sim",
        "objectid": 25894,
        "globalid": "{CC301305-81AB-4411-B63B-F17D99CCACED}"
      }
    },
    {
      "type": "Feature",
      "id": 25897,
      "geometry": {
        "type": "LineString",
        "coordinates": [
          [-8.63065016847719, 41.153064905481],
          [-8.63063453501455, 41.1527816196211],
          [-8.63063047929535, 41.1525893159222]
        ]
      },
      "properties": {
        "toponimo": "Rua do Arquitecto Marques da Silva",
        "tarifado": "Sim",
        "objectid": 25897,
        "globalid": "{BC63C5CE-5E3D-46B1-B76F-9154B22C809E}"
      }
    },
    {
      "type": "Feature",
      "id": 25906,
      "geometry": {
        "type": "LineString",
        "coordinates": [
          [-8.67769146711178, 41.151548538694],
          [-8.67776439323994, 41.1517002727447],
          [-8.6777300384167, 41.1517118896052],
          [-8.67751123387935, 41.1514171141423],
          [-8.67760340571265, 41.1513472360936],
          [-8.67766038144283, 41.1514087257477],
          [-8.67761629493399, 41.1514534336189],
          [-8.67769146711178, 41.151548538694]
        ]
      },
      "properties": {
        "toponimo": "Parque S. Bartolomeu",
        "tarifado": "Sim",
        "objectid": 25906,
        "globalid": "{8310A783-93F9-4A33-AD5F-158F12618520}"
      }
    },
    {
      "type": "Feature",
      "id": 25915,
      "geometry": {
        "type": "LineString",
        "coordinates": [
          [-8.68663696621063, 41.1644858553361],
          [-8.68533423664787, 41.164907029346]
        ]
      },
      "properties": {
        "toponimo": "Rua de Pêro da Covilhã",
        "tarifado": "Sim",
        "objectid": 25915,
        "globalid": "{9E9A824F-4CAC-468E-AB2B-FD9541C18119}"
      }
    },
    {
      "type": "Feature",
      "id": 25924,
      "geometry": {
        "type": "LineString",
        "coordinates": [
          [-8.62017315192475, 41.1460357562834],
          [-8.62003494206675, 41.1459765552186],
          [-8.61996934308866, 41.1459844231669],
          [-8.61974657018416, 41.14601646016],
          [-8.6195209843337, 41.1460466798143]
        ]
      },
      "properties": {
        "toponimo": "Largo do Viriato",
        "tarifado": "Sim",
        "objectid": 25924,
        "globalid": "{A9B4CB1B-EC09-4770-A52A-F51D000EC957}"
      }
    },
    {
      "type": "Feature",
      "id": 25943,
      "geometry": {
        "type": "LineString",
        "coordinates": [
          [-8.59900961756159, 41.1837027426703],
          [-8.5990117986057, 41.1836490870829],
          [-8.59908042602258, 41.1834897762648],
          [-8.59926247218737, 41.1830811921552],
          [-8.59932722041122, 41.1829414182179],
          [-8.59934544970374, 41.1829020676302]
        ]
      },
      "properties": {
        "toponimo": "Rua Amândio Galhano",
        "tarifado": "Sim",
        "objectid": 25943,
        "globalid": "{6FCA6A09-1680-4B78-8740-4267943D3279}"
      }
    },
    {
      "type": "Feature",
      "id": 25944,
      "geometry": {
        "type": "LineString",
        "coordinates": [
          [-8.66287873011569, 41.1620044738875],
          [-8.66286102261312, 41.1620085001255],
          [-8.66197468751883, 41.1622613330346],
          [-8.66161068460269, 41.1623679654388],
          [-8.66151897763835, 41.1624270592934]
        ]
      },
      "properties": {
        "toponimo": "Rua de Fez",
        "tarifado": "Sim",
        "objectid": 25944,
        "globalid": "{6A2E82BE-CBBD-40D5-84D4-FAEA2E984B26}"
      }
    },
    {
      "type": "Feature",
      "id": 25959,
      "geometry": {
        "type": "LineString",
        "coordinates": [
          [-8.64988174519601, 41.1615757613699],
          [-8.64988189149184, 41.1615761839172],
          [-8.64990549313204, 41.1616606359144],
          [-8.64991920606984, 41.1617876138148],
          [-8.64991727351246, 41.1618673909661],
          [-8.64989277113293, 41.1619830066738],
          [-8.64982073219456, 41.1622140631658],
          [-8.6496421337404, 41.1628026786717],
          [-8.64947360372304, 41.1633871697476],
          [-8.64940889706608, 41.1635979243133]
        ]
      },
      "properties": {
        "toponimo": "Rua do Beato Inácio de Azevedo",
        "tarifado": "Sim",
        "objectid": 25959,
        "globalid": "{6108412C-88FB-4BC5-B000-DFCAE00683DB}"
      }
    },
    {
      "type": "Feature",
      "id": 26010,
      "geometry": {
        "type": "LineString",
        "coordinates": [
          [-8.63693932890188, 41.1591636830984],
          [-8.63731396602416, 41.158086592474]
        ]
      },
      "properties": {
        "toponimo": "Rua de António José da Costa",
        "tarifado": "Sim",
        "objectid": 26010,
        "globalid": "{6AB14F53-194E-46C6-AF24-449ACA031A76}"
      }
    },
    {
      "type": "Feature",
      "id": 26013,
      "geometry": {
        "type": "LineString",
        "coordinates": [
          [-8.68008300149909, 41.1579299079062],
          [-8.68069298468377, 41.1586556330456],
          [-8.68074051691735, 41.1587121046435]
        ]
      },
      "properties": {
        "toponimo": "Rua do Marechal Saldanha",
        "tarifado": "Sim",
        "objectid": 26013,
        "globalid": "{5A47FD08-1810-4A92-BD81-DCEFD9C01B0B}"
      }
    },
    {
      "type": "Feature",
      "id": 26024,
      "geometry": {
        "type": "LineString",
        "coordinates": [
          [-8.67414389090864, 41.1482065537906],
          [-8.67405866048893, 41.1481691114953],
          [-8.67326836129724, 41.1484850305904],
          [-8.67325181946275, 41.1485665605938]
        ]
      },
      "properties": {
        "toponimo": "Esplanada do Castelo",
        "tarifado": "Sim",
        "objectid": 26024,
        "globalid": "{E936AC97-74CE-4447-B4BB-FC46A3972815}"
      }
    },
    {
      "type": "Feature",
      "id": 26025,
      "geometry": {
        "type": "LineString",
        "coordinates": [
          [-8.68533423664787, 41.164907029346],
          [-8.6849390467439, 41.1640915254689],
          [-8.68454587881833, 41.1632516717405]
        ]
      },
      "properties": {
        "toponimo": "Rua de Gondarém",
        "tarifado": "Sim",
        "objectid": 26025,
        "globalid": "{4EBA76C4-8AF4-4ADC-88D7-C24A9530598B}"
      }
    },
    {
      "type": "Feature",
      "id": 26027,
      "geometry": {
        "type": "LineString",
        "coordinates": [
          [-8.68533423664787, 41.164907029346],
          [-8.68476372198892, 41.1650915514097],
          [-8.6846186059878, 41.1651365683038]
        ]
      },
      "properties": {
        "toponimo": "Rua de Pêro da Covilhã",
        "tarifado": "Sim",
        "objectid": 26027,
        "globalid": "{3B9FC8C2-A8DE-4D2B-B461-1AF82659FBC7}"
      }
    },
    {
      "type": "Feature",
      "id": 26028,
      "geometry": {
        "type": "LineString",
        "coordinates": [
          [-8.60049761328357, 41.1613753177579],
          [-8.60169775113988, 41.1615300427505]
        ]
      },
      "properties": {
        "toponimo": "Rua da Constituição",
        "tarifado": "Sim",
        "objectid": 26028,
        "globalid": "{94E065B4-2154-47A2-89DB-178ED1277408}"
      }
    },
    {
      "type": "Feature",
      "id": 26029,
      "geometry": {
        "type": "LineString",
        "coordinates": [
          [-8.66316047069222, 41.1633393093241],
          [-8.66272333551893, 41.1632694322529]
        ]
      },
      "properties": {
        "toponimo": "Rua de Tânger",
        "tarifado": "Sim",
        "objectid": 26029,
        "globalid": "{31DED835-36CC-4F17-9F4B-4926437637B8}"
      }
    },
    {
      "type": "Feature",
      "id": 26035,
      "geometry": {
        "type": "LineString",
        "coordinates": [
          [-8.68074051691735, 41.1587121046435],
          [-8.68153590174603, 41.1596575415589],
          [-8.68159786799626, 41.1597316735906]
        ]
      },
      "properties": {
        "toponimo": "Rua do Marechal Saldanha",
        "tarifado": "Sim",
        "objectid": 26035,
        "globalid": "{BEF8217D-6A36-4BC6-B887-FB64DE355487}"
      }
    },
    {
      "type": "Feature",
      "id": 26046,
      "geometry": {
        "type": "LineString",
        "coordinates": [
          [-8.67445771799987, 41.1480354068215],
          [-8.67439742735096, 41.1480074092855],
          [-8.67400038702556, 41.1478570575827],
          [-8.67339217205626, 41.1477093843863],
          [-8.67312874586232, 41.1476855848386]
        ]
      },
      "properties": {
        "toponimo": "Avenida de D. Carlos I",
        "tarifado": "Sim",
        "objectid": 26046,
        "globalid": "{457600C8-E5B6-4D87-BCE0-9F602AD5C11B}"
      }
    },
    {
      "type": "Feature",
      "id": 26047,
      "geometry": {
        "type": "LineString",
        "coordinates": [
          [-8.66279519090586, 41.1638958804471],
          [-8.6625751734645, 41.1641428190846],
          [-8.66222754690021, 41.1645759218211],
          [-8.66208207580329, 41.1647457011237]
        ]
      },
      "properties": {
        "toponimo": "Avenida do Dr. Antunes Guimarães",
        "tarifado": "Sim",
        "objectid": 26047,
        "globalid": "{8CFDF6F4-3134-4B60-9CFA-0CC248C2AD8C}"
      }
    },
    {
      "type": "Feature",
      "id": 26050,
      "geometry": {
        "type": "LineString",
        "coordinates": [
          [-8.63731396602416, 41.158086592474],
          [-8.63672315227043, 41.1579881799324],
          [-8.63646062836421, 41.1579459958389],
          [-8.63636906440049, 41.1579250124167]
        ]
      },
      "properties": {
        "toponimo": "Rua de António Patrício",
        "tarifado": "Sim",
        "objectid": 26050,
        "globalid": "{0A463524-75C0-49CA-8712-53198575670E}"
      }
    },
    {
      "type": "Feature",
      "id": 26073,
      "geometry": {
        "type": "LineString",
        "coordinates": [
          [-8.64409563562268, 41.1651605956622],
          [-8.64413097238222, 41.16514947162],
          [-8.64461358812871, 41.164948380592],
          [-8.64515970458828, 41.1647177411928],
          [-8.64517314841255, 41.1647120537214]
        ]
      },
      "properties": {
        "toponimo": "Rua do Prof. Damião Peres",
        "tarifado": "Sim",
        "objectid": 26073,
        "globalid": "{8B0E7ECB-59EE-4DB3-890E-3764B96F5FD2}"
      }
    },
    {
      "type": "Feature",
      "id": 26097,
      "geometry": {
        "type": "LineString",
        "coordinates": [
          [-8.63880018738306, 41.1531077667333],
          [-8.63831492201932, 41.1540635041869],
          [-8.6381628623794, 41.1543682009628]
        ]
      },
      "properties": {
        "toponimo": "Rua de Guerra Junqueiro",
        "tarifado": "Sim",
        "objectid": 26097,
        "globalid": "{6A34B15F-89EC-4B65-89CE-B32D26DE245F}"
      }
    },
    {
      "type": "Feature",
      "id": 26098,
      "geometry": {
        "type": "LineString",
        "coordinates": [
          [-8.62753605171698, 41.1557313698466],
          [-8.62774612772296, 41.1560103067964],
          [-8.62815462979626, 41.1565154460993],
          [-8.62859042232878, 41.1570601567606]
        ]
      },
      "properties": {
        "toponimo": "Rua de Júlio Dinis",
        "tarifado": "Sim",
        "objectid": 26098,
        "globalid": "{F46431D9-D011-4230-A5DF-60745DCC3769}"
      }
    },
    {
      "type": "Feature",
      "id": 26106,
      "geometry": {
        "type": "LineString",
        "coordinates": [
          [-8.66272333551893, 41.1632694322529],
          [-8.66259917137586, 41.1631764526297],
          [-8.66220559397424, 41.1628935128316],
          [-8.6617641176317, 41.1625728049574],
          [-8.66162582520912, 41.1624725685935],
          [-8.66151897763835, 41.1624270592934]
        ]
      },
      "properties": {
        "toponimo": "Rua de Tânger",
        "tarifado": "Sim",
        "objectid": 26106,
        "globalid": "{C373E040-E43D-454F-9D86-66D1941B2490}"
      }
    },
    {
      "type": "Feature",
      "id": 26149,
      "geometry": {
        "type": "LineString",
        "coordinates": [
          [-8.64172708284597, 41.1572155140007],
          [-8.64181590148182, 41.1571958326806],
          [-8.64188723366096, 41.1571825774915],
          [-8.6420609465516, 41.157210098113],
          [-8.64257585207151, 41.1573015003219]
        ]
      },
      "properties": {
        "toponimo": "Rua da Venezuela",
        "tarifado": "Sim",
        "objectid": 26149,
        "globalid": "{F8D8F4B0-B810-4325-95D0-413FC79CC15E}"
      }
    },
    {
      "type": "Feature",
      "id": 26151,
      "geometry": {
        "type": "LineString",
        "coordinates": [
          [-8.67569345007306, 41.1534344650359],
          [-8.67562959034229, 41.1533717462453],
          [-8.67488578496772, 41.1526297353231]
        ]
      },
      "properties": {
        "toponimo": "Rua de Cândida Sá de Albergaria",
        "tarifado": "Sim",
        "objectid": 26151,
        "globalid": "{E040800C-2653-43DD-B822-BAFFDE6B1F5F}"
      }
    },
    {
      "type": "Feature",
      "id": 26167,
      "geometry": {
        "type": "LineString",
        "coordinates": [
          [-8.67649697423338, 41.1520087009265],
          [-8.67703236599042, 41.1525441627726],
          [-8.67710344049493, 41.1526134730159]
        ]
      },
      "properties": {
        "toponimo": "Rua do Farol",
        "tarifado": "Sim",
        "objectid": 26167,
        "globalid": "{7D08D55D-5C45-41FF-A7F3-7D1A7DA4B4E0}"
      }
    },
    {
      "type": "Feature",
      "id": 26168,
      "geometry": {
        "type": "LineString",
        "coordinates": [
          [-8.6755731185338, 41.1522319941538],
          [-8.6754404347353, 41.1523142171789],
          [-8.67488578496772, 41.1526297353231]
        ]
      },
      "properties": {
        "toponimo": "Rua da Fonte da Luz",
        "tarifado": "Sim",
        "objectid": 26168,
        "globalid": "{9848B3D8-59E3-43B3-B685-347BF6D52EF3}"
      }
    },
    {
      "type": "Feature",
      "id": 26169,
      "geometry": {
        "type": "LineString",
        "coordinates": [
          [-8.67639005838913, 41.1530269686741],
          [-8.67632838788635, 41.1529639436987],
          [-8.6755731185338, 41.1522319941538]
        ]
      },
      "properties": {
        "toponimo": "Rua do Teatro",
        "tarifado": "Sim",
        "objectid": 26169,
        "globalid": "{C6EBF445-D1CD-4F49-962A-F01C54900022}"
      }
    },
    {
      "type": "Feature",
      "id": 26172,
      "geometry": {
        "type": "LineString",
        "coordinates": [
          [-8.64096616101246, 41.1586920534838],
          [-8.63969986203231, 41.1584781776881],
          [-8.63868043979768, 41.1583104711175],
          [-8.63769667772314, 41.1581503340328],
          [-8.63731396602416, 41.158086592474]
        ]
      },
      "properties": {
        "toponimo": "Rua de António Patrício",
        "tarifado": "Sim",
        "objectid": 26172,
        "globalid": "{6F3B2250-B09D-42F3-AF3C-588C74EB9AD5}"
      }
    },
    {
      "type": "Feature",
      "id": 26174,
      "geometry": {
        "type": "LineString",
        "coordinates": [
          [-8.68224459660633, 41.1607408362777],
          [-8.68247523400496, 41.1611646200882],
          [-8.68296756738112, 41.162078858155],
          [-8.68351753197951, 41.1630963646963],
          [-8.68372665965485, 41.1634863401073]
        ]
      },
      "properties": {
        "toponimo": "Rua do Marechal Saldanha",
        "tarifado": "Sim",
        "objectid": 26174,
        "globalid": "{7E803A46-E37A-46E1-82A8-F154B5D03362}"
      }
    },
    {
      "type": "Feature",
      "id": 26175,
      "geometry": {
        "type": "LineString",
        "coordinates": [
          [-8.68188486470576, 41.1600914486395],
          [-8.68193500634092, 41.160171967762],
          [-8.68224459660633, 41.1607408362777]
        ]
      },
      "properties": {
        "toponimo": "Rua do Marechal Saldanha",
        "tarifado": "Sim",
        "objectid": 26175,
        "globalid": "{64A16B15-E16D-4393-AF7F-D26AD45DD26F}"
      }
    },
    {
      "type": "Feature",
      "id": 26176,
      "geometry": {
        "type": "LineString",
        "coordinates": [
          [-8.68008300149909, 41.1579299079062],
          [-8.68018477905106, 41.1578911552459],
          [-8.68091416352286, 41.157616988779],
          [-8.6810236278034, 41.1575614507608]
        ]
      },
      "properties": {
        "toponimo": "Rua do Crasto",
        "tarifado": "Sim",
        "objectid": 26176,
        "globalid": "{705D546E-8EBF-4246-B617-95490898BDEF}"
      }
    },
    {
      "type": "Feature",
      "id": 26193,
      "geometry": {
        "type": "LineString",
        "coordinates": [
          [-8.6810236278034, 41.1575614507608],
          [-8.68113781127122, 41.157503368072],
          [-8.68187821652551, 41.1571292516872]
        ]
      },
      "properties": {
        "toponimo": "Rua do Crasto",
        "tarifado": "Sim",
        "objectid": 26193,
        "globalid": "{6DA66E2D-5ADD-48E8-AC66-5F7B21FC2E39}"
      }
    },
    {
      "type": "Feature",
      "id": 26216,
      "geometry": {
        "type": "LineString",
        "coordinates": [
          [-8.66642031528806, 41.1626155332317],
          [-8.66613340630056, 41.1625667774146],
          [-8.66583954222157, 41.1625211595428],
          [-8.66569109549168, 41.1624740105256],
          [-8.66556375770976, 41.1624205768651],
          [-8.66546537856107, 41.1623530795297],
          [-8.66525197228994, 41.1621163063498],
          [-8.66493708043044, 41.1617151105021]
        ]
      },
      "properties": {
        "toponimo": "Rua José Gomes Ferreira",
        "tarifado": "Sim",
        "objectid": 26216,
        "globalid": "{1CF3C9C5-0E7D-4D3D-B1CA-D3C70FAFA023}"
      }
    },
    {
      "type": "Feature",
      "id": 26217,
      "geometry": {
        "type": "LineString",
        "coordinates": [
          [-8.60235110585529, 41.1649123967153],
          [-8.60231124366409, 41.1648515015973],
          [-8.60215803355356, 41.164617315912]
        ]
      },
      "properties": {
        "toponimo": "Rua de Álvaro de Castelões",
        "tarifado": "Sim",
        "objectid": 26217,
        "globalid": "{6683C5E0-ED8F-42C5-9DB2-B2A5A5369337}"
      }
    },
    {
      "type": "Feature",
      "id": 26218,
      "geometry": {
        "type": "LineString",
        "coordinates": [
          [-8.59163878095345, 41.1629462000737],
          [-8.59156310643912, 41.1629114753089],
          [-8.59116669837488, 41.1626976595444],
          [-8.59109816343741, 41.1626597995817],
          [-8.591056296696, 41.1626173403879],
          [-8.59103229627855, 41.1625793123223],
          [-8.59102339758816, 41.1624772042445]
        ]
      },
      "properties": {
        "toponimo": "Praça de Francisco Sá Carneiro",
        "tarifado": "Sim",
        "objectid": 26218,
        "globalid": "{D20C8D4D-7085-4F76-A3FA-58F623F9F267}"
      }
    },
    {
      "type": "Feature",
      "id": 26219,
      "geometry": {
        "type": "LineString",
        "coordinates": [
          [-8.60521300287613, 41.1605821526466],
          [-8.60517262566939, 41.1605721882456],
          [-8.60485218019571, 41.1604681295569]
        ]
      },
      "properties": {
        "toponimo": "Praça do Marquês de Pombal",
        "tarifado": "Sim",
        "objectid": 26219,
        "globalid": "{A1BDFAB7-1416-477A-82AE-2B093EE70785}"
      }
    },
    {
      "type": "Feature",
      "id": 26220,
      "geometry": {
        "type": "LineString",
        "coordinates": [
          [-8.60485218019571, 41.1604681295569],
          [-8.60450819966979, 41.1603565666279],
          [-8.60444413665545, 41.160339946546]
        ]
      },
      "properties": {
        "toponimo": "Praça do Marquês de Pombal",
        "tarifado": "Sim",
        "objectid": 26220,
        "globalid": "{9CCA9DE6-5B42-42FC-9472-ECB3AF9EC956}"
      }
    },
    {
      "type": "Feature",
      "id": 26242,
      "geometry": {
        "type": "LineString",
        "coordinates": [
          [-8.61917924075214, 41.1486239070682],
          [-8.61929289367412, 41.1486141421408],
          [-8.61942043299159, 41.1485573256294],
          [-8.61950609591185, 41.1484693065169],
          [-8.6196074055057, 41.1483453568969]
        ]
      },
      "properties": {
        "toponimo": "Rua de Clemente Menéres",
        "tarifado": "Sim",
        "objectid": 26242,
        "globalid": "{15585D8D-DF73-4E72-B5BC-6EB386793C3F}"
      }
    },
    {
      "type": "Feature",
      "id": 26266,
      "geometry": {
        "type": "LineString",
        "coordinates": [
          [-8.67287850267657, 41.1490814223839],
          [-8.67285148836276, 41.148903716698],
          [-8.67289514900278, 41.1486173485238],
          [-8.6729538570201, 41.1482923630836],
          [-8.67312874586232, 41.1476855848386]
        ]
      },
      "properties": {
        "toponimo": "Rua de D. Luís Filipe",
        "tarifado": "Sim",
        "objectid": 26266,
        "globalid": "{C8FA1874-5F1E-40DC-98D0-DA2C77017093}"
      }
    },
    {
      "type": "Feature",
      "id": 26267,
      "geometry": {
        "type": "LineString",
        "coordinates": [
          [-8.62817299020117, 41.1554155917225],
          [-8.62817448782131, 41.1554167108292],
          [-8.62840052264762, 41.1554721648719],
          [-8.6285051038697, 41.1556164744133],
          [-8.62878625320515, 41.1560253669402],
          [-8.62879964710863, 41.1561029249587],
          [-8.62876423292651, 41.1562138659152],
          [-8.62874162799919, 41.1562856998993],
          [-8.62876617749916, 41.1563560793763],
          [-8.62881460300848, 41.1563966678748],
          [-8.62888015310278, 41.1564332567548],
          [-8.62899392146802, 41.1564718350866],
          [-8.62935625597902, 41.1565341172625],
          [-8.62944590877769, 41.1565518369241],
          [-8.62954984383064, 41.1565251764793]
        ]
      },
      "properties": {
        "toponimo": "Largo de Ferreira Lapa",
        "tarifado": "Sim",
        "objectid": 26267,
        "globalid": "{D7E403B1-6671-4EF8-A774-B9C17C37411D}"
      }
    },
    {
      "type": "Feature",
      "id": 26317,
      "geometry": {
        "type": "LineString",
        "coordinates": [
          [-8.62945772247417, 41.1569698784278],
          [-8.62914403112224, 41.1569425382736],
          [-8.62882349369491, 41.1569709366035],
          [-8.62859042232878, 41.1570601567606]
        ]
      },
      "properties": {
        "toponimo": "Praça de Mouzinho de Albuquerque",
        "tarifado": "Sim",
        "objectid": 26317,
        "globalid": "{BF916068-1C28-42B5-B54F-81B37A80F26A}"
      }
    },
    {
      "type": "Feature",
      "id": 26390,
      "geometry": {
        "type": "LineString",
        "coordinates": [
          [-8.60686332308368, 41.1621749277146],
          [-8.60693433742511, 41.1621838002282],
          [-8.60842559444161, 41.1623701634963],
          [-8.60923593078824, 41.1624735955972]
        ]
      },
      "properties": {
        "toponimo": "Rua da Constituição",
        "tarifado": "Sim",
        "objectid": 26390,
        "globalid": "{B38F32A9-A946-4AFF-8A00-5EC84CD4B3C9}"
      }
    },
    {
      "type": "Feature",
      "id": 26391,
      "geometry": {
        "type": "LineString",
        "coordinates": [
          [-8.60211131328339, 41.1489929022479],
          [-8.60211930543171, 41.1490893685451],
          [-8.60215963016001, 41.1497373832445],
          [-8.60220555691015, 41.1503425872294],
          [-8.60225130906887, 41.1509231739275],
          [-8.60225759226602, 41.1510072841589]
        ]
      },
      "properties": {
        "toponimo": "Rua de D. João IV",
        "tarifado": "Sim",
        "objectid": 26391,
        "globalid": "{B2B69911-7638-4A71-91DA-0D5E6CD83B0E}"
      }
    },
    {
      "type": "Feature",
      "id": 26392,
      "geometry": {
        "type": "LineString",
        "coordinates": [
          [-8.59919969868772, 41.1458752154989],
          [-8.59852745911982, 41.1459044063606],
          [-8.59828304396364, 41.1459179033832]
        ]
      },
      "properties": {
        "toponimo": "Avenida de Rodrigues de Freitas",
        "tarifado": "Sim",
        "objectid": 26392,
        "globalid": "{EA607171-7581-4897-80DB-CB0C2852BE95}"
      }
    },
    {
      "type": "Feature",
      "id": 26397,
      "geometry": {
        "type": "LineString",
        "coordinates": [
          [-8.68159786799626, 41.1597316735906],
          [-8.68184391528348, 41.1600259418415],
          [-8.68188486470576, 41.1600914486395]
        ]
      },
      "properties": {
        "toponimo": "Rua do Marechal Saldanha",
        "tarifado": "Sim",
        "objectid": 26397,
        "globalid": "{44274529-7155-4E05-A0C2-EEFEF3EDD2ED}"
      }
    },
    {
      "type": "Feature",
      "id": 26423,
      "geometry": {
        "type": "LineString",
        "coordinates": [
          [-8.64221826904031, 41.1715305437936],
          [-8.64227238958967, 41.1716728213144],
          [-8.64235845402577, 41.1718575831171],
          [-8.64246374480176, 41.1720321380724],
          [-8.64259872355783, 41.1722041664573],
          [-8.64271133549982, 41.1723193062162]
        ]
      },
      "properties": {
        "toponimo": "Rua do Eng. Ferreira Dias",
        "tarifado": "Sim",
        "objectid": 26423,
        "globalid": "{AADB6516-7E02-4753-81AC-8F45F82720F5}"
      }
    },
    {
      "type": "Feature",
      "id": 26464,
      "geometry": {
        "type": "LineString",
        "coordinates": [
          [-8.66189679154622, 41.1534509593529],
          [-8.66201831960676, 41.1536257006493],
          [-8.6625082201412, 41.1543342024873],
          [-8.66256395721672, 41.1544132988699]
        ]
      },
      "properties": {
        "toponimo": "Rua de João de Barros",
        "tarifado": "Sim",
        "objectid": 26464,
        "globalid": "{20FAC93C-F411-4130-B958-BB755524EB86}"
      }
    },
    {
      "type": "Feature",
      "id": 26465,
      "geometry": {
        "type": "LineString",
        "coordinates": [
          [-8.60999213594553, 41.1604387234029],
          [-8.60992080904476, 41.1603574240371],
          [-8.60992586313647, 41.1599776764906],
          [-8.60993822980011, 41.1594321665042],
          [-8.60995424269791, 41.1587230171237]
        ]
      },
      "properties": {
        "toponimo": "Rua de Camões",
        "tarifado": "Sim",
        "objectid": 26465,
        "globalid": "{FC9BA589-D89F-4D0A-95D3-CDC440265B15}"
      }
    },
    {
      "type": "Feature",
      "id": 26467,
      "geometry": {
        "type": "LineString",
        "coordinates": [
          [-8.62838825607172, 41.160719683562],
          [-8.62833773431524, 41.1608892975978],
          [-8.62806520284621, 41.1617415157427],
          [-8.62805167663715, 41.1617678845365]
        ]
      },
      "properties": {
        "toponimo": "Avenida da França",
        "tarifado": "Sim",
        "objectid": 26467,
        "globalid": "{6DBD3349-B63B-44A8-825C-6A28D93D76EB}"
      }
    },
    {
      "type": "Feature",
      "id": 26480,
      "geometry": {
        "type": "LineString",
        "coordinates": [
          [-8.59972962179502, 41.1532827144075],
          [-8.59969793514349, 41.1532644198522],
          [-8.599509417511, 41.1531529125099],
          [-8.59933623629551, 41.1531039482648],
          [-8.59858681782456, 41.152884134786],
          [-8.59804482146427, 41.1527184924089],
          [-8.59755964070932, 41.1525797647381],
          [-8.59745464284405, 41.1525514839586]
        ]
      },
      "properties": {
        "toponimo": "Rua do Cardeal D. Américo",
        "tarifado": "Sim",
        "objectid": 26480,
        "globalid": "{4EA2DA50-EEE7-4954-9163-43B3A383CE6E}"
      }
    },
    {
      "type": "Feature",
      "id": 26487,
      "geometry": {
        "type": "LineString",
        "coordinates": [
          [-8.62850851571194, 41.1510711576847],
          [-8.62856400121204, 41.1511053859078],
          [-8.6289014127754, 41.1512644565452]
        ]
      },
      "properties": {
        "toponimo": "Rua de Vilar",
        "tarifado": "Sim",
        "objectid": 26487,
        "globalid": "{D604FFE1-EF42-482A-AAF4-C2245708C9A3}"
      }
    },
    {
      "type": "Feature",
      "id": 26488,
      "geometry": {
        "type": "LineString",
        "coordinates": [
          [-8.62772287817364, 41.1499476037526],
          [-8.62775287642057, 41.1500317539024],
          [-8.62799493292093, 41.1506897033066],
          [-8.62801813932361, 41.1507261873933],
          [-8.62808736470974, 41.1507721705274],
          [-8.62846157599045, 41.151042240371],
          [-8.62850851571194, 41.1510711576847]
        ]
      },
      "properties": {
        "toponimo": "Rua de Vilar",
        "tarifado": "Sim",
        "objectid": 26488,
        "globalid": "{93CDA107-FA41-4316-88C7-8B8E0D803F65}"
      }
    },
    {
      "type": "Feature",
      "id": 26489,
      "geometry": {
        "type": "LineString",
        "coordinates": [
          [-8.60252928111014, 41.1545348562506],
          [-8.60254292618068, 41.154711787491],
          [-8.60258339145961, 41.1551504352538]
        ]
      },
      "properties": {
        "toponimo": "Rua de D. João IV",
        "tarifado": "Sim",
        "objectid": 26489,
        "globalid": "{6436A85D-2D5E-411E-9F95-E415A4A38D88}"
      }
    },
    {
      "type": "Feature",
      "id": 26490,
      "geometry": {
        "type": "LineString",
        "coordinates": [
          [-8.58805734352352, 41.1493758609518],
          [-8.58956594655082, 41.1497802720848],
          [-8.58980520301853, 41.1498448809188]
        ]
      },
      "properties": {
        "toponimo": "Rua de Pinto Bessa",
        "tarifado": "Sim",
        "objectid": 26490,
        "globalid": "{523E51A2-8FF7-4A0C-81A6-EAA181B6341E}"
      }
    },
    {
      "type": "Feature",
      "id": 26491,
      "geometry": {
        "type": "LineString",
        "coordinates": [
          [-8.60252928111014, 41.1545348562506],
          [-8.60296106271989, 41.1545764175751],
          [-8.60302121166818, 41.1545863012094]
        ]
      },
      "properties": {
        "toponimo": "Largo de José Moreira da Silva",
        "tarifado": "Sim",
        "objectid": 26491,
        "globalid": "{C85B0E61-B403-4ED2-B5FD-C9F61AEF76CF}"
      }
    },
    {
      "type": "Feature",
      "id": 26492,
      "geometry": {
        "type": "LineString",
        "coordinates": [
          [-8.60302121166818, 41.1545863012094],
          [-8.60314110582789, 41.1546060790355],
          [-8.60402472662367, 41.1547248526501],
          [-8.60449914221946, 41.1547739776426],
          [-8.60462709665458, 41.1547897671239],
          [-8.60470119635293, 41.1548178806108]
        ]
      },
      "properties": {
        "toponimo": "Rua da Escola Normal",
        "tarifado": "Sim",
        "objectid": 26492,
        "globalid": "{D5FC536B-66D7-4E3A-97CF-26A01A9CB92E}"
      }
    },
    {
      "type": "Feature",
      "id": 26510,
      "geometry": {
        "type": "LineString",
        "coordinates": [
          [-8.65163559240836, 41.1766965266832],
          [-8.65254226995164, 41.1774349734115]
        ]
      },
      "properties": {
        "toponimo": "Rua de Manuel Pinto de Azevedo",
        "tarifado": "Sim",
        "objectid": 26510,
        "globalid": "{14D1FCCD-4A1F-4446-BFD1-1CA5475F0A3B}"
      }
    },
    {
      "type": "Feature",
      "id": 26516,
      "geometry": {
        "type": "LineString",
        "coordinates": [
          [-8.61195435393882, 41.155224132427],
          [-8.61193929287041, 41.1553086189178],
          [-8.61192131065413, 41.1557551058918]
        ]
      },
      "properties": {
        "toponimo": "Rua da Regeneração",
        "tarifado": "Sim",
        "objectid": 26516,
        "globalid": "{7DC09EBF-CCD5-468C-8CC5-C0D3AA1D1B97}"
      }
    },
    {
      "type": "Feature",
      "id": 26554,
      "geometry": {
        "type": "LineString",
        "coordinates": [
          [-8.60242888454693, 41.153277626397],
          [-8.60277114997105, 41.153276928324],
          [-8.60354601742302, 41.1532786809279]
        ]
      },
      "properties": {
        "toponimo": "Rua do Moreira",
        "tarifado": "Sim",
        "objectid": 26554,
        "globalid": "{F57F601E-9CDD-4F5C-A539-D64C103944EB}"
      }
    },
    {
      "type": "Feature",
      "id": 26566,
      "geometry": {
        "type": "LineString",
        "coordinates": [
          [-8.59717333707133, 41.1823017282586],
          [-8.59730881113803, 41.1824918170702],
          [-8.59746266320112, 41.1826213325657],
          [-8.5978022843843, 41.1828968363027],
          [-8.59827451528899, 41.1832852019722],
          [-8.59839634978984, 41.183374893391],
          [-8.59855586072811, 41.1834765261111],
          [-8.598761392985, 41.183585435321],
          [-8.59900961756159, 41.1837027426703]
        ]
      },
      "properties": {
        "toponimo": "Travessa da Asprela",
        "tarifado": "Sim",
        "objectid": 26566,
        "globalid": "{C14F85FF-266A-4F3B-830E-5630CB390B57}"
      }
    },
    {
      "type": "Feature",
      "id": 26568,
      "geometry": {
        "type": "LineString",
        "coordinates": [
          [-8.60717035212236, 41.1516038926114],
          [-8.60734431848087, 41.1512092386333],
          [-8.60738375508297, 41.1511096060377]
        ]
      },
      "properties": {
        "toponimo": "Rua do Bolhão",
        "tarifado": "Sim",
        "objectid": 26568,
        "globalid": "{7AFE637A-465F-4904-AB05-E0BD30D2CA4C}"
      }
    },
    {
      "type": "Feature",
      "id": 26569,
      "geometry": {
        "type": "LineString",
        "coordinates": [
          [-8.61023950998781, 41.1505907250682],
          [-8.609541368018, 41.1502254328353],
          [-8.6093845505743, 41.1501807831046]
        ]
      },
      "properties": {
        "toponimo": "Rua do Estevão",
        "tarifado": "Sim",
        "objectid": 26569,
        "globalid": "{5B796050-2A15-409D-A11D-443B1F6499F0}"
      }
    },
    {
      "type": "Feature",
      "id": 26570,
      "geometry": {
        "type": "LineString",
        "coordinates": [
          [-8.62116952458492, 41.160708559086],
          [-8.62117729823087, 41.1606532313986],
          [-8.6211921036559, 41.1605342852669],
          [-8.62119302668072, 41.1605334349478]
        ]
      },
      "properties": {
        "toponimo": "Rua de Serpa Pinto",
        "tarifado": "Sim",
        "objectid": 26570,
        "globalid": "{F60B9B08-6B2D-4ECE-95A2-38F960F915BE}"
      }
    },
    {
      "type": "Feature",
      "id": 26614,
      "geometry": {
        "type": "LineString",
        "coordinates": [
          [-8.59298326206597, 41.1624388345388],
          [-8.59306086766752, 41.1625142133687],
          [-8.59312177732388, 41.1625195969433],
          [-8.5933403019949, 41.162560230428],
          [-8.59374968202738, 41.162620213394],
          [-8.59382177522557, 41.1626334297711],
          [-8.59390838970805, 41.1625564023288]
        ]
      },
      "properties": {
        "toponimo": "Alameda de Eça de Queirós",
        "tarifado": "Sim",
        "objectid": 26614,
        "globalid": "{F0717AF0-34D8-49D1-A1C7-099EF57E9731}"
      }
    },
    {
      "type": "Feature",
      "id": 26615,
      "geometry": {
        "type": "LineString",
        "coordinates": [
          [-8.59257096878398, 41.1629316396933],
          [-8.59253420692206, 41.1629513437565],
          [-8.59236388815334, 41.1630025211099],
          [-8.59213020441053, 41.1630230226339],
          [-8.5919416402631, 41.1630192744565],
          [-8.59172540470189, 41.1629859497373],
          [-8.59163878095345, 41.1629462000737]
        ]
      },
      "properties": {
        "toponimo": "Praça de Francisco Sá Carneiro",
        "tarifado": "Sim",
        "objectid": 26615,
        "globalid": "{38DA4733-53E0-4902-8BD1-FB0282DC5E06}"
      }
    },
    {
      "type": "Feature",
      "id": 26616,
      "geometry": {
        "type": "LineString",
        "coordinates": [
          [-8.59298326206597, 41.1624388345388],
          [-8.59295455957005, 41.1625592372302],
          [-8.59285699392672, 41.1627228384885],
          [-8.59272277395636, 41.1628501381532],
          [-8.59257096878398, 41.1629316396933]
        ]
      },
      "properties": {
        "toponimo": "Praça de Francisco Sá Carneiro",
        "tarifado": "Sim",
        "objectid": 26616,
        "globalid": "{F440BA95-E6BD-4A87-9EDF-6F8F8FA3C835}"
      }
    },
    {
      "type": "Feature",
      "id": 26641,
      "geometry": {
        "type": "LineString",
        "coordinates": [
          [-8.59390838970805, 41.1625564023288],
          [-8.59385065473139, 41.1624772798235],
          [-8.59380309831276, 41.1624731218439],
          [-8.59335442051577, 41.1624244083526],
          [-8.59308117960735, 41.1624052436536],
          [-8.59298326206597, 41.1624388345388]
        ]
      },
      "properties": {
        "toponimo": "Alameda de Eça de Queirós",
        "tarifado": "Sim",
        "objectid": 26641,
        "globalid": "{3155DA1D-4C42-4828-9BA7-DF803BB69140}"
      }
    },
    {
      "type": "Feature",
      "id": 26661,
      "geometry": {
        "type": "LineString",
        "coordinates": [
          [-8.61284225633641, 41.1551119589371],
          [-8.61310369324143, 41.1550807646733],
          [-8.6131750195535, 41.1550663837283],
          [-8.61321575578205, 41.1550507435731],
          [-8.61325297677367, 41.1550235753803],
          [-8.61331635174252, 41.1549464860819]
        ]
      },
      "properties": {
        "toponimo": "Praça da República",
        "tarifado": "Sim",
        "objectid": 26661,
        "globalid": "{20A5DA75-82F3-40D1-B7E8-F1086AF91494}"
      }
    },
    {
      "type": "Feature",
      "id": 26663,
      "geometry": {
        "type": "LineString",
        "coordinates": [
          [-8.63297994383238, 41.1582659602718],
          [-8.63296869925729, 41.1582568606583],
          [-8.63268724621833, 41.1579582749464]
        ]
      },
      "properties": {
        "toponimo": "Rua de Agramonte",
        "tarifado": "Sim",
        "objectid": 26663,
        "globalid": "{0319E0CC-52BB-4C4B-910D-4C1AB106AECF}"
      }
    },
    {
      "type": "Feature",
      "id": 26665,
      "geometry": {
        "type": "LineString",
        "coordinates": [
          [-8.61188046972829, 41.1617914872638],
          [-8.61149139907212, 41.1617423175206],
          [-8.61136292093761, 41.1617254123355]
        ]
      },
      "properties": {
        "toponimo": "Rua de Damião de Góis",
        "tarifado": "Sim",
        "objectid": 26665,
        "globalid": "{133FA274-2269-472B-B52A-60ECC05F4D17}"
      }
    },
    {
      "type": "Feature",
      "id": 26686,
      "geometry": {
        "type": "LineString",
        "coordinates": [
          [-8.63268724621833, 41.1579582749464],
          [-8.6325876873679, 41.1578526301529],
          [-8.63201026205988, 41.1572328721734],
          [-8.63157917315991, 41.1567779184559],
          [-8.63147290471866, 41.1566589392614]
        ]
      },
      "properties": {
        "toponimo": "Rua de Agramonte",
        "tarifado": "Sim",
        "objectid": 26686,
        "globalid": "{F8ACC448-9C2A-40E5-B8E2-3634FC1702DB}"
      }
    },
    {
      "type": "Feature",
      "id": 26788,
      "geometry": {
        "type": "LineString",
        "coordinates": [
          [-8.61331635174252, 41.1549464860819],
          [-8.61332233748622, 41.154277067812],
          [-8.61332411353982, 41.1541763125249]
        ]
      },
      "properties": {
        "toponimo": "Praça da República",
        "tarifado": "Sim",
        "objectid": 26788,
        "globalid": "{C41475B0-F5ED-4376-B6F8-2D17B4AE83B1}"
      }
    },
    {
      "type": "Feature",
      "id": 26814,
      "geometry": {
        "type": "LineString",
        "coordinates": [
          [-8.64257585207151, 41.1573015003219],
          [-8.64325596794127, 41.1574220054329]
        ]
      },
      "properties": {
        "toponimo": "Rua da Venezuela",
        "tarifado": "Sim",
        "objectid": 26814,
        "globalid": "{3471B4C3-12BB-435A-A7DD-B995A4C29C0C}"
      }
    },
    {
      "type": "Feature",
      "id": 26838,
      "geometry": {
        "type": "LineString",
        "coordinates": [
          [-8.6483603332901, 41.1542020050989],
          [-8.64822357538545, 41.1541495667545],
          [-8.64756379724801, 41.1541795409837],
          [-8.64662617641303, 41.1542030201781],
          [-8.64645822622339, 41.1542306404538],
          [-8.64600075229026, 41.1543165348874]
        ]
      },
      "properties": {
        "toponimo": "Rua do Campo Alegre",
        "tarifado": "Sim",
        "objectid": 26838,
        "globalid": "{1E7F6D3F-355A-4365-AFBC-816B057C6F02}"
      }
    },
    {
      "type": "Feature",
      "id": 26861,
      "geometry": {
        "type": "LineString",
        "coordinates": [
          [-8.64348920376547, 41.1592683753621],
          [-8.64336840513492, 41.159330951335],
          [-8.64307747112244, 41.1594837683627]
        ]
      },
      "properties": {
        "toponimo": "Rua de António Bessa Leite",
        "tarifado": "Sim",
        "objectid": 26861,
        "globalid": "{D7E1F6D9-D2E2-48BC-AAE7-AAEC2A7D0AE6}"
      }
    },
    {
      "type": "Feature",
      "id": 26863,
      "geometry": {
        "type": "LineString",
        "coordinates": [
          [-8.59552450784652, 41.1547986585159],
          [-8.5951431422987, 41.1554511738387]
        ]
      },
      "properties": {
        "toponimo": "Avenida de Fernão de Magalhães",
        "tarifado": "Sim",
        "objectid": 26863,
        "globalid": "{5ED77B27-C3C8-4F23-A7A5-EDCBBFD4628F}"
      }
    },
    {
      "type": "Feature",
      "id": 26888,
      "geometry": {
        "type": "LineString",
        "coordinates": [
          [-8.61192131065413, 41.1557551058918],
          [-8.6119015577245, 41.1562477474734],
          [-8.61188953798331, 41.1566410299103],
          [-8.61193895223134, 41.1567792645487]
        ]
      },
      "properties": {
        "toponimo": "Rua da Regeneração",
        "tarifado": "Sim",
        "objectid": 26888,
        "globalid": "{0F0B9F22-75FC-49BB-8EB7-B4E11B91025B}"
      }
    },
    {
      "type": "Feature",
      "id": 26893,
      "geometry": {
        "type": "LineString",
        "coordinates": [
          [-8.58612543187076, 41.163202334904],
          [-8.58607699161018, 41.1633115580809],
          [-8.58555212929997, 41.1642414858524],
          [-8.58521588997321, 41.1648445436323],
          [-8.58520248433487, 41.1649049163191]
        ]
      },
      "properties": {
        "toponimo": "Rua Ilse Losa",
        "tarifado": "Sim",
        "objectid": 26893,
        "globalid": "{0B7F5EB1-0B3A-4168-AB1C-0DA6A89AD020}"
      }
    },
    {
      "type": "Feature",
      "id": 26911,
      "geometry": {
        "type": "LineString",
        "coordinates": [
          [-8.67079921310852, 41.1488544081689],
          [-8.67090816952933, 41.1488975138918],
          [-8.67115171841324, 41.1489881056602],
          [-8.67133652664964, 41.1490203017602],
          [-8.67169848154495, 41.1490351968742],
          [-8.67178676423549, 41.1490368982848]
        ]
      },
      "properties": {
        "toponimo": "Rua do Passeio Alegre",
        "tarifado": "Sim",
        "objectid": 26911,
        "globalid": "{C56D1709-7083-4DA4-85E4-C78AAE87986E}"
      }
    },
    {
      "type": "Feature",
      "id": 26912,
      "geometry": {
        "type": "LineString",
        "coordinates": [
          [-8.6755911789884, 41.1490030609192],
          [-8.67547775361744, 41.1488650136219],
          [-8.67510750518708, 41.1484317535658],
          [-8.67479716400256, 41.148192781954],
          [-8.67445771799987, 41.1480354068215]
        ]
      },
      "properties": {
        "toponimo": "Avenida de D. Carlos I",
        "tarifado": "Sim",
        "objectid": 26912,
        "globalid": "{14864476-42B0-4495-9CE3-1258FB19A2FE}"
      }
    },
    {
      "type": "Feature",
      "id": 26914,
      "geometry": {
        "type": "LineString",
        "coordinates": [
          [-8.60047100047399, 41.1493448422161],
          [-8.60056386506524, 41.1488531739454],
          [-8.60061364557632, 41.1487010242182]
        ]
      },
      "properties": {
        "toponimo": "Rua de Santos Pousada",
        "tarifado": "Sim",
        "objectid": 26914,
        "globalid": "{378B91B5-8D8D-430A-9EF4-57D403DA2361}"
      }
    },
    {
      "type": "Feature",
      "id": 26922,
      "geometry": {
        "type": "LineString",
        "coordinates": [
          [-8.59569064312729, 41.1486634213882],
          [-8.59567786569416, 41.1486133913326],
          [-8.595329471284, 41.1468896337713],
          [-8.59516763554102, 41.1460558421071]
        ]
      },
      "properties": {
        "toponimo": "Rua de António Granjo",
        "tarifado": "Sim",
        "objectid": 26922,
        "globalid": "{66D4090D-79BC-45AC-8F69-B066CD134BC7}"
      }
    },
    {
      "type": "Feature",
      "id": 26937,
      "geometry": {
        "type": "LineString",
        "coordinates": [
          [-8.60959967614565, 41.1536268227783],
          [-8.60959918685909, 41.1535595802964],
          [-8.6095986424946, 41.1534847311643]
        ]
      },
      "properties": {
        "toponimo": "Rua de Gonçalo Cristovão",
        "tarifado": "Sim",
        "objectid": 26937,
        "globalid": "{E8BCA489-BDC1-4FFF-B48D-4E7682DFD447}"
      }
    },
    {
      "type": "Feature",
      "id": 26938,
      "geometry": {
        "type": "LineString",
        "coordinates": [
          [-8.59621007386197, 41.146280403839],
          [-8.59619104535956, 41.1463252230326],
          [-8.59610224888335, 41.1464204049456],
          [-8.59598275658322, 41.1465259850183]
        ]
      },
      "properties": {
        "toponimo": "Largo de Soares dos Reis",
        "tarifado": "Sim",
        "objectid": 26938,
        "globalid": "{C52CD683-4BE2-402C-882F-44537A10067B}"
      }
    },
    {
      "type": "Feature",
      "id": 26939,
      "geometry": {
        "type": "LineString",
        "coordinates": [
          [-8.59598275658322, 41.1465259850183],
          [-8.59606153700492, 41.1465861660667],
          [-8.59684599270941, 41.1472052754043],
          [-8.5976409851967, 41.1478368609933],
          [-8.59770628145842, 41.1478916125185]
        ]
      },
      "properties": {
        "toponimo": "Rua de Ferreira Cardoso",
        "tarifado": "Sim",
        "objectid": 26939,
        "globalid": "{94CB5D08-C59E-4195-BA1D-C36F74555F9E}"
      }
    },
    {
      "type": "Feature",
      "id": 26957,
      "geometry": {
        "type": "LineString",
        "coordinates": [
          [-8.61295283382912, 41.1614670683401],
          [-8.6129377430381, 41.1614986463944],
          [-8.61275418771679, 41.1618095014338],
          [-8.6127104635496, 41.1618962061947]
        ]
      },
      "properties": {
        "toponimo": "Rua de Cervantes",
        "tarifado": "Sim",
        "objectid": 26957,
        "globalid": "{B0EE5451-9F88-4237-B2C4-17E95E399CE3}"
      }
    },
    {
      "type": "Feature",
      "id": 26958,
      "geometry": {
        "type": "LineString",
        "coordinates": [
          [-8.61293900541353, 41.1619250812491],
          [-8.61296748627753, 41.1618605284512],
          [-8.61297055890292, 41.1617530227486],
          [-8.61297296559018, 41.1615917918245],
          [-8.61295283382912, 41.1614670683401]
        ]
      },
      "properties": {
        "toponimo": "Rua de Cervantes",
        "tarifado": "Sim",
        "objectid": 26958,
        "globalid": "{B6344F41-CFB2-4CA2-8D0A-3F2B6D7A9B0A}"
      }
    },
    {
      "type": "Feature",
      "id": 26962,
      "geometry": {
        "type": "LineString",
        "coordinates": [
          [-8.61209673228238, 41.1502712162417],
          [-8.61210801465804, 41.1502338822826],
          [-8.61211473277953, 41.1501113698714],
          [-8.61214876745219, 41.1488736215667],
          [-8.61213792040129, 41.1488106640712]
        ]
      },
      "properties": {
        "toponimo": "Rua do Almada",
        "tarifado": "Sim",
        "objectid": 26962,
        "globalid": "{87364C7D-ED55-4D56-844A-372A24FA8495}"
      }
    },
    {
      "type": "Feature",
      "id": 26986,
      "geometry": {
        "type": "LineString",
        "coordinates": [
          [-8.60202006598966, 41.1477966912458],
          [-8.60207378166368, 41.148540304048],
          [-8.60211131328339, 41.1489929022479]
        ]
      },
      "properties": {
        "toponimo": "Rua de D. João IV",
        "tarifado": "Sim",
        "objectid": 26986,
        "globalid": "{B00BDBBB-1B0E-49B7-A7EA-708E909F73CE}"
      }
    },
    {
      "type": "Feature",
      "id": 26987,
      "geometry": {
        "type": "LineString",
        "coordinates": [
          [-8.60196935096211, 41.147172795337],
          [-8.6019819452586, 41.1473332720735],
          [-8.60200423679493, 41.1476003552113]
        ]
      },
      "properties": {
        "toponimo": "Rua de D. João IV",
        "tarifado": "Sim",
        "objectid": 26987,
        "globalid": "{570D0FD5-CED7-420D-8A04-D1FA1D5B1E2F}"
      }
    },
    {
      "type": "Feature",
      "id": 27023,
      "geometry": {
        "type": "LineString",
        "coordinates": [
          [-8.61798018794549, 41.1560621169558],
          [-8.61803652939131, 41.1559981380036],
          [-8.61828926888627, 41.1558072791853],
          [-8.61867356236276, 41.1555242713013],
          [-8.61877853267905, 41.1554457421542],
          [-8.61882568190807, 41.1553905357856],
          [-8.61886096888346, 41.1553421326825],
          [-8.61890621557849, 41.1552054638589]
        ]
      },
      "properties": {
        "toponimo": "Travessa da Figueirôa",
        "tarifado": "Sim",
        "objectid": 27023,
        "globalid": "{60B81B5E-7EDA-4CE6-BC93-8EE25750FE34}"
      }
    },
    {
      "type": "Feature",
      "id": 27067,
      "geometry": {
        "type": "LineString",
        "coordinates": [
          [-8.63152223586448, 41.1485135652522],
          [-8.63147097525992, 41.1485775198717],
          [-8.63110088845171, 41.1489981021107],
          [-8.63093543461253, 41.149190448877],
          [-8.63060154015197, 41.1495997526782],
          [-8.63035537291611, 41.1498844527523]
        ]
      },
      "properties": {
        "toponimo": "Rua de D. Pedro V",
        "tarifado": "Sim",
        "objectid": 27067,
        "globalid": "{39BBDF1E-CD7D-4DE8-B3C2-B0832FD2BE01}"
      }
    },
    {
      "type": "Feature",
      "id": 27132,
      "geometry": {
        "type": "LineString",
        "coordinates": [
          [-8.61325789623906, 41.1537625387677],
          [-8.61271252318831, 41.1537473693536],
          [-8.6122339469449, 41.1537403638188],
          [-8.61213883641475, 41.153740761189],
          [-8.61209432939703, 41.1537522026093],
          [-8.61204386034195, 41.1538183954518]
        ]
      },
      "properties": {
        "toponimo": "Praça da República",
        "tarifado": "Sim",
        "objectid": 27132,
        "globalid": "{78FE647C-6F88-4099-BE99-714FEDD9B537}"
      }
    },
    {
      "type": "Feature",
      "id": 27133,
      "geometry": {
        "type": "LineString",
        "coordinates": [
          [-8.61325789623906, 41.1537625387677],
          [-8.61319195853668, 41.1536617955777],
          [-8.61301490958616, 41.1536394677942],
          [-8.61207595143753, 41.1536239778158],
          [-8.61197712001113, 41.1536188978692]
        ]
      },
      "properties": {
        "toponimo": "Praça da República",
        "tarifado": "Sim",
        "objectid": 27133,
        "globalid": "{FFA6B50A-06E0-4029-BE09-F2D8D7B4292B}"
      }
    },
    {
      "type": "Feature",
      "id": 27135,
      "geometry": {
        "type": "LineString",
        "coordinates": [
          [-8.61309033576588, 41.1566265950465],
          [-8.61310115227496, 41.1565906586456],
          [-8.61330799117854, 41.1555716127778],
          [-8.61330753928468, 41.1555098547324]
        ]
      },
      "properties": {
        "toponimo": "Rua da Lapa",
        "tarifado": "Sim",
        "objectid": 27135,
        "globalid": "{31470B81-645E-443F-9097-95C46F3F3C9C}"
      }
    },
    {
      "type": "Feature",
      "id": 27161,
      "geometry": {
        "type": "LineString",
        "coordinates": [
          [-8.60207709017107, 41.1851206569836],
          [-8.60256722891558, 41.1847214775608],
          [-8.60259064608722, 41.1846595765546]
        ]
      },
      "properties": {
        "toponimo": "Rua do Mestre Guilherme Camarinha",
        "tarifado": "Sim",
        "objectid": 27161,
        "globalid": "{86A2A3CB-CD90-416E-BCD9-92CF48F17603}"
      }
    },
    {
      "type": "Feature",
      "id": 27163,
      "geometry": {
        "type": "LineString",
        "coordinates": [
          [-8.68372665965485, 41.1634863401073],
          [-8.6839714964321, 41.1639428276458],
          [-8.68447338027303, 41.1648641796384],
          [-8.6846186059878, 41.1651365683038]
        ]
      },
      "properties": {
        "toponimo": "Rua do Marechal Saldanha",
        "tarifado": "Sim",
        "objectid": 27163,
        "globalid": "{BC4D49A7-7B50-428F-93F3-71E5FD3B7CA3}"
      }
    },
    {
      "type": "Feature",
      "id": 27178,
      "geometry": {
        "type": "LineString",
        "coordinates": [
          [-8.60079457462892, 41.1532766963523],
          [-8.600809549694, 41.1531982715512],
          [-8.60100688904531, 41.1521518492391],
          [-8.60113982156464, 41.1514322374551],
          [-8.60116552023772, 41.1512907295038],
          [-8.60116373910386, 41.1510413016189]
        ]
      },
      "properties": {
        "toponimo": "Rua de Anselmo Braamcamp",
        "tarifado": "Sim",
        "objectid": 27178,
        "globalid": "{288FEC82-8AE7-43E5-B3D2-9433C2C0708B}"
      }
    },
    {
      "type": "Feature",
      "id": 27209,
      "geometry": {
        "type": "LineString",
        "coordinates": [
          [-8.59434513424976, 41.1606029800762],
          [-8.59672792603251, 41.1609037478685]
        ]
      },
      "properties": {
        "toponimo": "Rua de Carlos Malheiro Dias",
        "tarifado": "Sim",
        "objectid": 27209,
        "globalid": "{4ACAB14D-DFBD-48EB-9CC0-D24E2164AD7D}"
      }
    },
    {
      "type": "Feature",
      "id": 27210,
      "geometry": {
        "type": "LineString",
        "coordinates": [
          [-8.63896326288619, 41.1510282011841],
          [-8.63905404563772, 41.1504919057865]
        ]
      },
      "properties": {
        "toponimo": "Rua do Universo",
        "tarifado": "Sim",
        "objectid": 27210,
        "globalid": "{C55676D5-5988-4178-9486-570724FB8440}"
      }
    },
    {
      "type": "Feature",
      "id": 27236,
      "geometry": {
        "type": "LineString",
        "coordinates": [
          [-8.59892998130978, 41.157523727476],
          [-8.59906120903805, 41.1568278961935]
        ]
      },
      "properties": {
        "toponimo": "Rua de Santos Pousada",
        "tarifado": "Sim",
        "objectid": 27236,
        "globalid": "{D5ED6F9D-2B2A-4B99-9444-9A23F29578EB}"
      }
    },
    {
      "type": "Feature",
      "id": 27258,
      "geometry": {
        "type": "LineString",
        "coordinates": [
          [-8.64178914955718, 41.1538784723542],
          [-8.64150212529351, 41.1537953309676],
          [-8.64067080135361, 41.153559276143],
          [-8.64028833318659, 41.153463749861]
        ]
      },
      "properties": {
        "toponimo": "Rua do Campo Alegre",
        "tarifado": "Sim",
        "objectid": 27258,
        "globalid": "{33F1BB25-0E1C-4A7C-A0C4-74C4376A7DCD}"
      }
    },
    {
      "type": "Feature",
      "id": 27281,
      "geometry": {
        "type": "LineString",
        "coordinates": [
          [-8.61208482447482, 41.1586615208069],
          [-8.61220178218269, 41.1582797580399],
          [-8.61223495080361, 41.1581575040514]
        ]
      },
      "properties": {
        "toponimo": "Rua de Antero de Quental",
        "tarifado": "Sim",
        "objectid": 27281,
        "globalid": "{997AEA59-0341-490D-935D-7E4814794075}"
      }
    },
    {
      "type": "Feature",
      "id": 27282,
      "geometry": {
        "type": "LineString",
        "coordinates": [
          [-8.60923382504099, 41.155800477676],
          [-8.60926702193838, 41.1558702042988],
          [-8.60924191795796, 41.1567738206054],
          [-8.60924339554047, 41.1568034919276]
        ]
      },
      "properties": {
        "toponimo": "Rua de Fonseca Cardoso",
        "tarifado": "Sim",
        "objectid": 27282,
        "globalid": "{29EF0276-D7E6-42D0-A917-8BA65162BEE1}"
      }
    },
    {
      "type": "Feature",
      "id": 27283,
      "geometry": {
        "type": "LineString",
        "coordinates": [
          [-8.62110789409352, 41.1611075368516],
          [-8.6211400859209, 41.1609184552119],
          [-8.62116952458492, 41.160708559086]
        ]
      },
      "properties": {
        "toponimo": "Rua de Serpa Pinto",
        "tarifado": "Sim",
        "objectid": 27283,
        "globalid": "{F6B50D6C-571D-443A-8143-6B220D3B175E}"
      }
    },
    {
      "type": "Feature",
      "id": 27333,
      "geometry": {
        "type": "LineString",
        "coordinates": [
          [-8.63905404563772, 41.1504919057865],
          [-8.6393427062735, 41.1505222914565],
          [-8.64007418853765, 41.1505924986388],
          [-8.64008107490006, 41.1505926033963]
        ]
      },
      "properties": {
        "toponimo": "Rua das Estrelas",
        "tarifado": "Sim",
        "objectid": 27333,
        "globalid": "{CC48250F-6EC2-45C8-BA3D-21AA43202FCC}"
      }
    },
    {
      "type": "Feature",
      "id": 27348,
      "geometry": {
        "type": "LineString",
        "coordinates": [
          [-8.67569345007306, 41.1534344650359],
          [-8.67575152170434, 41.1534914563837],
          [-8.67602203647293, 41.1537614275342],
          [-8.67611969081349, 41.153859587253]
        ]
      },
      "properties": {
        "toponimo": "Rua de Cândida Sá de Albergaria",
        "tarifado": "Sim",
        "objectid": 27348,
        "globalid": "{13ABB76E-0163-4888-91BF-C78B0DD60542}"
      }
    },
    {
      "type": "Feature",
      "id": 27378,
      "geometry": {
        "type": "LineString",
        "coordinates": [
          [-8.6071787845831, 41.1501073256077],
          [-8.60710753556933, 41.1502407113332],
          [-8.60691477137676, 41.1505856401369],
          [-8.60680343742896, 41.1508016344341],
          [-8.60670554296904, 41.1509703094908]
        ]
      },
      "properties": {
        "toponimo": "Rua de Sá da Bandeira",
        "tarifado": "Sim",
        "objectid": 27378,
        "globalid": "{5E9E5F3E-924B-41A1-9B15-ECCB9561C27D}"
      }
    },
    {
      "type": "Feature",
      "id": 27379,
      "geometry": {
        "type": "LineString",
        "coordinates": [
          [-8.66208207580329, 41.1647457011237],
          [-8.66179776308379, 41.1650773571559],
          [-8.66139851548764, 41.165557120561],
          [-8.66098512882996, 41.166044124697],
          [-8.66071850366316, 41.1663599393779]
        ]
      },
      "properties": {
        "toponimo": "Avenida do Dr. Antunes Guimarães",
        "tarifado": "Sim",
        "objectid": 27379,
        "globalid": "{6D384D9A-EB0C-4F83-A753-E4C1C6CEB5DC}"
      }
    },
    {
      "type": "Feature",
      "id": 27380,
      "geometry": {
        "type": "LineString",
        "coordinates": [
          [-8.62405024333868, 41.1529198566048],
          [-8.62395652076153, 41.1528954958504],
          [-8.62345228251104, 41.1528478484526],
          [-8.62293956882807, 41.1527992453088]
        ]
      },
      "properties": {
        "toponimo": "Rua da Torrinha",
        "tarifado": "Sim",
        "objectid": 27380,
        "globalid": "{424E83FB-0F75-4E57-82A8-CE90EB64A7FC}"
      }
    },
    {
      "type": "Feature",
      "id": 27381,
      "geometry": {
        "type": "LineString",
        "coordinates": [
          [-8.63783171113496, 41.1550262637496],
          [-8.63754357694561, 41.155591842615],
          [-8.6374675432388, 41.1557434206308]
        ]
      },
      "properties": {
        "toponimo": "Rua de Guerra Junqueiro",
        "tarifado": "Sim",
        "objectid": 27381,
        "globalid": "{DEA2A1BA-A392-4D28-A44C-EAC6830A1A1F}"
      }
    },
    {
      "type": "Feature",
      "id": 27383,
      "geometry": {
        "type": "LineString",
        "coordinates": [
          [-8.59972962179502, 41.1532827144075],
          [-8.59978951834523, 41.1529510061369],
          [-8.60002921848994, 41.1516964698845]
        ]
      },
      "properties": {
        "toponimo": "Rua de Santos Pousada",
        "tarifado": "Sim",
        "objectid": 27383,
        "globalid": "{9F2FFD94-03E6-45E1-A750-91A652226E56}"
      }
    },
    {
      "type": "Feature",
      "id": 27411,
      "geometry": {
        "type": "LineString",
        "coordinates": [
          [-8.6299509650554, 41.1503524621341],
          [-8.62965112121848, 41.1506992980114],
          [-8.62954310352204, 41.1508196295367],
          [-8.62946797579592, 41.1509099959213],
          [-8.62938780619788, 41.15101108205]
        ]
      },
      "properties": {
        "toponimo": "Rua de D. Pedro V",
        "tarifado": "Sim",
        "objectid": 27411,
        "globalid": "{644FA845-6A79-4E2B-A47B-56572D785192}"
      }
    },
    {
      "type": "Feature",
      "id": 27457,
      "geometry": {
        "type": "LineString",
        "coordinates": [
          [-8.60356214778315, 41.1654566968869],
          [-8.60342169542438, 41.1654589650801],
          [-8.60280491765739, 41.1654603653028],
          [-8.60273913190495, 41.1654966517884]
        ]
      },
      "properties": {
        "toponimo": "Rua de Bolama",
        "tarifado": "Sim",
        "objectid": 27457,
        "globalid": "{DF81CE44-CEC1-4D62-9D70-1DF6D633300F}"
      }
    },
    {
      "type": "Feature",
      "id": 27549,
      "geometry": {
        "type": "LineString",
        "coordinates": [
          [-8.64600075229026, 41.1543165348874],
          [-8.64647940467048, 41.154297222341],
          [-8.64669248651875, 41.1542778450923],
          [-8.64687999606872, 41.1542726471985],
          [-8.64742711620916, 41.1542735723239],
          [-8.64801277609161, 41.1542685489948],
          [-8.64805171099003, 41.1542687972492]
        ]
      },
      "properties": {
        "toponimo": "Rua do Campo Alegre",
        "tarifado": "Sim",
        "objectid": 27549,
        "globalid": "{6682EB7E-A29B-494E-82A3-C33649359F5C}"
      }
    },
    {
      "type": "Feature",
      "id": 27550,
      "geometry": {
        "type": "LineString",
        "coordinates": [
          [-8.62128759119477, 41.1566128206709],
          [-8.62267964167794, 41.1568464921031],
          [-8.62277837384806, 41.15686308884]
        ]
      },
      "properties": {
        "toponimo": "Rua da Boavista",
        "tarifado": "Sim",
        "objectid": 27550,
        "globalid": "{32831607-B4DA-4519-B425-0BD7C38A70F6}"
      }
    },
    {
      "type": "Feature",
      "id": 27551,
      "geometry": {
        "type": "LineString",
        "coordinates": [
          [-8.62293956882807, 41.1527992453088],
          [-8.62272745185802, 41.1527790535229],
          [-8.6223732079551, 41.1527452499436],
          [-8.62171968090659, 41.1526896415087],
          [-8.62092891726141, 41.1526308225018],
          [-8.62079704161204, 41.1526083144611]
        ]
      },
      "properties": {
        "toponimo": "Rua da Torrinha",
        "tarifado": "Sim",
        "objectid": 27551,
        "globalid": "{590E8551-389B-436F-A26F-CC4C0C44C165}"
      }
    },
    {
      "type": "Feature",
      "id": 27553,
      "geometry": {
        "type": "LineString",
        "coordinates": [
          [-8.62277837384806, 41.15686308884],
          [-8.6227797472069, 41.1568587248986],
          [-8.62278807071395, 41.1568277334759],
          [-8.62281734626767, 41.1567213946601],
          [-8.62294399409, 41.1562883630266],
          [-8.6230039659797, 41.1560936789337]
        ]
      },
      "properties": {
        "toponimo": "Rua de Augusto Luso",
        "tarifado": "Sim",
        "objectid": 27553,
        "globalid": "{259AFF97-4FD8-4805-A3F6-00CCE83615DD}"
      }
    },
    {
      "type": "Feature",
      "id": 27554,
      "geometry": {
        "type": "LineString",
        "coordinates": [
          [-8.60542461806097, 41.165426970023],
          [-8.60526000114751, 41.1654290424004],
          [-8.60356214778315, 41.1654566968869]
        ]
      },
      "properties": {
        "toponimo": "Rua de Bolama",
        "tarifado": "Sim",
        "objectid": 27554,
        "globalid": "{0CAB056A-335C-4BC3-BA50-CE3BDE76FF97}"
      }
    },
    {
      "type": "Feature",
      "id": 27558,
      "geometry": {
        "type": "LineString",
        "coordinates": [
          [-8.60533180983014, 41.1639739975741],
          [-8.60532833268477, 41.1639097217613],
          [-8.60528805467386, 41.1632555326437],
          [-8.60525708040107, 41.1626640547409],
          [-8.6052396449069, 41.1622977720456],
          [-8.60524609513775, 41.1621660580346],
          [-8.60528130301916, 41.1619892053376]
        ]
      },
      "properties": {
        "toponimo": "Rua do Visconde de Setúbal",
        "tarifado": "Sim",
        "objectid": 27558,
        "globalid": "{51E7514C-4DF3-4EBB-9443-3362992A8566}"
      }
    },
    {
      "type": "Feature",
      "id": 27581,
      "geometry": {
        "type": "LineString",
        "coordinates": [
          [-8.60925065269953, 41.155169688532],
          [-8.60924124870506, 41.1555021815136],
          [-8.60923382504099, 41.155800477676]
        ]
      },
      "properties": {
        "toponimo": "Rua de Fonseca Cardoso",
        "tarifado": "Sim",
        "objectid": 27581,
        "globalid": "{3B8F53A4-70C5-47E1-9902-58C99ED63864}"
      }
    },
    {
      "type": "Feature",
      "id": 27590,
      "geometry": {
        "type": "LineString",
        "coordinates": [
          [-8.64391515213511, 41.1704258896402],
          [-8.64421990263368, 41.1706667971407],
          [-8.64550115616267, 41.1717134481782]
        ]
      },
      "properties": {
        "toponimo": "Rua de Manuel Pinto de Azevedo",
        "tarifado": "Sim",
        "objectid": 27590,
        "globalid": "{BE0B54D5-9107-4BA2-9E1B-CC4F5945DE92}"
      }
    },
    {
      "type": "Feature",
      "id": 27606,
      "geometry": {
        "type": "LineString",
        "coordinates": [
          [-8.59278164981138, 41.1618622457534],
          [-8.59281328007685, 41.1618856199553],
          [-8.59289263355417, 41.1619861770771],
          [-8.59296865314638, 41.1621345776182],
          [-8.59299641561813, 41.1622824774521],
          [-8.59299203541584, 41.1624020807055],
          [-8.59298326206597, 41.1624388345388]
        ]
      },
      "properties": {
        "toponimo": "Praça de Francisco Sá Carneiro",
        "tarifado": "Sim",
        "objectid": 27606,
        "globalid": "{80736EC2-50A6-4F02-A3D7-F2FD00D9D275}"
      }
    },
    {
      "type": "Feature",
      "id": 27607,
      "geometry": {
        "type": "LineString",
        "coordinates": [
          [-8.59183897245322, 41.1615062713532],
          [-8.59193323804285, 41.1615009687215],
          [-8.59202681997224, 41.1615050971844],
          [-8.59209972734557, 41.1615361850217],
          [-8.5925113957294, 41.1617044936419],
          [-8.59271030809744, 41.1618097757934],
          [-8.59278164981138, 41.1618622457534]
        ]
      },
      "properties": {
        "toponimo": "Praça de Francisco Sá Carneiro",
        "tarifado": "Sim",
        "objectid": 27607,
        "globalid": "{BB9BC831-D626-4D4B-8E23-7CFD99631E27}"
      }
    },
    {
      "type": "Feature",
      "id": 27651,
      "geometry": {
        "type": "LineString",
        "coordinates": [
          [-8.60999213594553, 41.1604387234029],
          [-8.61007827938634, 41.1603802608068],
          [-8.61010200716814, 41.1603286676188],
          [-8.61041276648649, 41.1595562529187],
          [-8.61070208178169, 41.1588372400234]
        ]
      },
      "properties": {
        "toponimo": "Rua de S. Brás",
        "tarifado": "Sim",
        "objectid": 27651,
        "globalid": "{BE1A39E1-7A0F-4273-A74C-3628212DF24B}"
      }
    },
    {
      "type": "Feature",
      "id": 27652,
      "geometry": {
        "type": "LineString",
        "coordinates": [
          [-8.62954984383064, 41.1565251764793],
          [-8.62957192735913, 41.1564364524374],
          [-8.6297057596219, 41.1559796118715],
          [-8.62978381071974, 41.155821420172]
        ]
      },
      "properties": {
        "toponimo": "Praça do Bom Sucesso",
        "tarifado": "Sim",
        "objectid": 27652,
        "globalid": "{C95CE51F-92C9-40EF-9A28-AA474B24FE58}"
      }
    },
    {
      "type": "Feature",
      "id": 27704,
      "geometry": {
        "type": "LineString",
        "coordinates": [
          [-8.59516763554102, 41.1460558421071],
          [-8.59490240759379, 41.1461012287679],
          [-8.59388775245175, 41.1462831488593],
          [-8.59296229463022, 41.1464459739884],
          [-8.59276497536661, 41.1464815120735]
        ]
      },
      "properties": {
        "toponimo": "Rua do Heroísmo",
        "tarifado": "Sim",
        "objectid": 27704,
        "globalid": "{98B7AF23-815A-410C-B8B4-18A10B08A848}"
      }
    },
    {
      "type": "Feature",
      "id": 27727,
      "geometry": {
        "type": "LineString",
        "coordinates": [
          [-8.61674399576089, 41.1416914923308],
          [-8.61657414505114, 41.141668715604],
          [-8.61538976321376, 41.1416513224063],
          [-8.61531255675896, 41.1416546008493]
        ]
      },
      "properties": {
        "toponimo": "Rua da Bolsa",
        "tarifado": "Sim",
        "objectid": 27727,
        "globalid": "{DDFB3193-4498-4BD8-B2B2-EF524D57D329}"
      }
    },
    {
      "type": "Feature",
      "id": 27748,
      "geometry": {
        "type": "LineString",
        "coordinates": [
          [-8.6195209843337, 41.1460466798143],
          [-8.61936999882414, 41.1460668765397],
          [-8.61916648047989, 41.1460932025039],
          [-8.61887779643326, 41.1461345301778],
          [-8.61878803737581, 41.1461388444632],
          [-8.6187074515949, 41.1461287769596],
          [-8.61870306550766, 41.1461268234937]
        ]
      },
      "properties": {
        "toponimo": "Rua de Azevedo de Albuquerque",
        "tarifado": "Sim",
        "objectid": 27748,
        "globalid": "{690CB058-27EC-45A9-A9A6-FA46BEB75138}"
      }
    },
    {
      "type": "Feature",
      "id": 27750,
      "geometry": {
        "type": "LineString",
        "coordinates": [
          [-8.60999064737037, 41.1572449021001],
          [-8.60989402093657, 41.1572620510837],
          [-8.60933866975548, 41.1573317441983],
          [-8.60919001769223, 41.1573557177653]
        ]
      },
      "properties": {
        "toponimo": "Rua do Paraíso",
        "tarifado": "Sim",
        "objectid": 27750,
        "globalid": "{567ECF02-5A41-4A98-AB22-3D54A790FFFB}"
      }
    },
    {
      "type": "Feature",
      "id": 27751,
      "geometry": {
        "type": "LineString",
        "coordinates": [
          [-8.6201511465556, 41.1476955746132],
          [-8.62031144261512, 41.1476583273501],
          [-8.62037536746183, 41.147663692793],
          [-8.62044094082133, 41.1476891489577],
          [-8.62047988997676, 41.1477272509017],
          [-8.62051368587287, 41.1477835193223],
          [-8.62056226954292, 41.1480359985837],
          [-8.62065517186326, 41.1485233814458],
          [-8.62068543086695, 41.1486807017827]
        ]
      },
      "properties": {
        "toponimo": "Rua do Rosário",
        "tarifado": "Sim",
        "objectid": 27751,
        "globalid": "{5E144DE3-DA1F-4E31-A3F2-0B029B7BA833}"
      }
    },
    {
      "type": "Feature",
      "id": 27755,
      "geometry": {
        "type": "LineString",
        "coordinates": [
          [-8.61720736717212, 41.1411497060762],
          [-8.61721805996596, 41.1411362986542],
          [-8.61744918403841, 41.1409083800627]
        ]
      },
      "properties": {
        "toponimo": "Rua do Comércio do Porto",
        "tarifado": "Sim",
        "objectid": 27755,
        "globalid": "{3689544A-55CF-4B7C-869C-D46BCBA1E843}"
      }
    },
    {
      "type": "Feature",
      "id": 27796,
      "geometry": {
        "type": "LineString",
        "coordinates": [
          [-8.6126197730007, 41.1571382738742],
          [-8.6125777997633, 41.1572227292798],
          [-8.61240478982967, 41.1575423904548],
          [-8.61223495080361, 41.1581575040514]
        ]
      },
      "properties": {
        "toponimo": "Largo da Lapa",
        "tarifado": "Sim",
        "objectid": 27796,
        "globalid": "{7908C9EB-663E-4694-9754-B4845743B264}"
      }
    },
    {
      "type": "Feature",
      "id": 27798,
      "geometry": {
        "type": "LineString",
        "coordinates": [
          [-8.59262049895666, 41.1598593140867],
          [-8.59251655448531, 41.1600369963595],
          [-8.59227412823224, 41.1604541240282]
        ]
      },
      "properties": {
        "toponimo": "Avenida de Fernão de Magalhães",
        "tarifado": "Sim",
        "objectid": 27798,
        "globalid": "{70FE66AA-4281-4467-B3B9-6698BB2FF3D2}"
      }
    },
    {
      "type": "Feature",
      "id": 27799,
      "geometry": {
        "type": "LineString",
        "coordinates": [
          [-8.5929544993201, 41.1592869093282],
          [-8.59281663576037, 41.1595238228191],
          [-8.59262049895666, 41.1598593140867]
        ]
      },
      "properties": {
        "toponimo": "Avenida de Fernão de Magalhães",
        "tarifado": "Sim",
        "objectid": 27799,
        "globalid": "{42A52875-A251-4D76-8122-7FFB7B792816}"
      }
    },
    {
      "type": "Feature",
      "id": 27820,
      "geometry": {
        "type": "LineString",
        "coordinates": [
          [-8.62507464378215, 41.1566277383085],
          [-8.62508997146976, 41.1565809682049],
          [-8.62515174032718, 41.1563772709912],
          [-8.62521959089166, 41.1561538372422],
          [-8.62529056172401, 41.15593827792],
          [-8.62535843048734, 41.1557172391519],
          [-8.62538197276555, 41.1556285006555]
        ]
      },
      "properties": {
        "toponimo": "Rua de Ricardo Severo",
        "tarifado": "Sim",
        "objectid": 27820,
        "globalid": "{E029A9A0-F2DB-4C5D-B5EF-8D4348879F40}"
      }
    },
    {
      "type": "Feature",
      "id": 27821,
      "geometry": {
        "type": "LineString",
        "coordinates": [
          [-8.59828304396364, 41.1459179033832],
          [-8.59833927848558, 41.1460538646255],
          [-8.59856577740673, 41.1466494789807],
          [-8.59871909014446, 41.147041532552]
        ]
      },
      "properties": {
        "toponimo": "Rua do Duque da Terceira",
        "tarifado": "Sim",
        "objectid": 27821,
        "globalid": "{AABE8DB9-0A93-43B8-80FD-E831EA1B059F}"
      }
    },
    {
      "type": "Feature",
      "id": 27822,
      "geometry": {
        "type": "LineString",
        "coordinates": [
          [-8.62517256599387, 41.1553516824277],
          [-8.62514462602847, 41.1553925995752],
          [-8.62501768428929, 41.1554872650871],
          [-8.62492053976703, 41.1555456417816]
        ]
      },
      "properties": {
        "toponimo": "Largo da Paz",
        "tarifado": "Sim",
        "objectid": 27822,
        "globalid": "{200D286F-21D2-4FA0-A751-C92AD4DC3AC2}"
      }
    },
    {
      "type": "Feature",
      "id": 27823,
      "geometry": {
        "type": "LineString",
        "coordinates": [
          [-8.60052297867097, 41.1469490845324],
          [-8.60047726160065, 41.1468471272157],
          [-8.60037182761721, 41.1458102475187]
        ]
      },
      "properties": {
        "toponimo": "Rua do Visconde de Bóbeda",
        "tarifado": "Sim",
        "objectid": 27823,
        "globalid": "{2447DC0F-EE4A-4F7A-9E82-3D3D95106F93}"
      }
    },
    {
      "type": "Feature",
      "id": 27894,
      "geometry": {
        "type": "LineString",
        "coordinates": [
          [-8.60448776001266, 41.1461077154547],
          [-8.60494961399331, 41.145854824305],
          [-8.60517919361118, 41.1457265511664],
          [-8.605259937986, 41.1456830253997]
        ]
      },
      "properties": {
        "toponimo": "Rua do Campinho",
        "tarifado": "Sim",
        "objectid": 27894,
        "globalid": "{E3A8D8E4-243E-46F7-B09B-E3432356133B}"
      }
    },
    {
      "type": "Feature",
      "id": 27895,
      "geometry": {
        "type": "LineString",
        "coordinates": [
          [-8.6018545447964, 41.1457045803692],
          [-8.60187585693627, 41.1457964984575],
          [-8.60192510101704, 41.1462415936588],
          [-8.60194146979692, 41.1464286449549]
        ]
      },
      "properties": {
        "toponimo": "Rua de D. João IV",
        "tarifado": "Sim",
        "objectid": 27895,
        "globalid": "{137F7D42-AA72-4BA5-BF64-29160F526FF1}"
      }
    },
    {
      "type": "Feature",
      "id": 27896,
      "geometry": {
        "type": "LineString",
        "coordinates": [
          [-8.60925065269953, 41.155169688532],
          [-8.609738793667, 41.1551784947537],
          [-8.60986371257504, 41.1551959837922],
          [-8.61004084272954, 41.1551963733724]
        ]
      },
      "properties": {
        "toponimo": "Rua de João das Regras",
        "tarifado": "Sim",
        "objectid": 27896,
        "globalid": "{3BD18E91-E8D4-46D4-B2DA-1ABDAE9FF75C}"
      }
    },
    {
      "type": "Feature",
      "id": 27897,
      "geometry": {
        "type": "LineString",
        "coordinates": [
          [-8.61004084272954, 41.1551963733724],
          [-8.61018478381013, 41.1551968911399],
          [-8.61195435393882, 41.155224132427]
        ]
      },
      "properties": {
        "toponimo": "Rua de João das Regras",
        "tarifado": "Sim",
        "objectid": 27897,
        "globalid": "{1A9A91E0-E08A-4329-A793-E84812D7B990}"
      }
    },
    {
      "type": "Feature",
      "id": 27898,
      "geometry": {
        "type": "LineString",
        "coordinates": [
          [-8.61142890235845, 41.157041811907],
          [-8.61146773316536, 41.1570308094205],
          [-8.61185844716917, 41.1568112503579],
          [-8.61193895223134, 41.1567792645487]
        ]
      },
      "properties": {
        "toponimo": "Rua do Paraíso",
        "tarifado": "Sim",
        "objectid": 27898,
        "globalid": "{CB76E88B-54B1-452E-8913-B6DEB1637FD7}"
      }
    },
    {
      "type": "Feature",
      "id": 27948,
      "geometry": {
        "type": "LineString",
        "coordinates": [
          [-8.6245119078191, 41.1531984158995],
          [-8.62454096993874, 41.1530784359039],
          [-8.62457498155216, 41.1528606313211],
          [-8.62456967927209, 41.1527794725142]
        ]
      },
      "properties": {
        "toponimo": "Largo de Alexandre Sá Pinto",
        "tarifado": "Sim",
        "objectid": 27948,
        "globalid": "{84A3D8C0-79B3-4B5D-8220-FC06DC5B9B7E}"
      }
    },
    {
      "type": "Feature",
      "id": 27973,
      "geometry": {
        "type": "LineString",
        "coordinates": [
          [-8.59739847476033, 41.1459651009103],
          [-8.59655975766023, 41.1460029497399],
          [-8.59625665203794, 41.146014455396]
        ]
      },
      "properties": {
        "toponimo": "Avenida de Rodrigues de Freitas",
        "tarifado": "Sim",
        "objectid": 27973,
        "globalid": "{022E98C0-8F00-4781-8A76-A9B33BD51F14}"
      }
    },
    {
      "type": "Feature",
      "id": 27974,
      "geometry": {
        "type": "LineString",
        "coordinates": [
          [-8.60889389501114, 41.1633121188507],
          [-8.60909776820778, 41.1628213802252],
          [-8.60923593078824, 41.1624735955972]
        ]
      },
      "properties": {
        "toponimo": "Rua do Cantor Zeca Afonso",
        "tarifado": "Sim",
        "objectid": 27974,
        "globalid": "{A0C580D8-EF27-4491-98DB-9FFD205198EE}"
      }
    },
    {
      "type": "Feature",
      "id": 27994,
      "geometry": {
        "type": "LineString",
        "coordinates": [
          [-8.61870306550766, 41.1461268234937],
          [-8.6186523190243, 41.1461038250566],
          [-8.61862613169044, 41.1460742489506],
          [-8.61860687169929, 41.146030857963],
          [-8.61856607175981, 41.1458809118747],
          [-8.61852336234488, 41.1457737436395],
          [-8.6184862418218, 41.1456187215588],
          [-8.61845430863242, 41.1454660637624],
          [-8.6184105203282, 41.1453144463782],
          [-8.61835713721425, 41.1451686321844],
          [-8.61834359105385, 41.1450908924392],
          [-8.6183220871321, 41.1449455022035],
          [-8.61830658773977, 41.1448067039767],
          [-8.61831235212947, 41.1447051023571]
        ]
      },
      "properties": {
        "toponimo": "Rua de Azevedo de Albuquerque",
        "tarifado": "Sim",
        "objectid": 27994,
        "globalid": "{2E48A85B-E65A-4E92-9ED8-2C1F543D2F9C}"
      }
    },
    {
      "type": "Feature",
      "id": 27995,
      "geometry": {
        "type": "LineString",
        "coordinates": [
          [-8.61807867668281, 41.1524889851169],
          [-8.61801871397537, 41.1523788009667],
          [-8.61796071352864, 41.1522631167683]
        ]
      },
      "properties": {
        "toponimo": "Rua de Cedofeita",
        "tarifado": "Sim",
        "objectid": 27995,
        "globalid": "{30BBC272-5CF8-42B1-AB3D-0D5164498555}"
      }
    },
    {
      "type": "Feature",
      "id": 27998,
      "geometry": {
        "type": "LineString",
        "coordinates": [
          [-8.62395521521291, 41.1500529837235],
          [-8.62388580213767, 41.150123198303],
          [-8.62358250676763, 41.1504364099813],
          [-8.62351511476471, 41.1505028257953],
          [-8.62318212890989, 41.1506772913415]
        ]
      },
      "properties": {
        "toponimo": "Largo da Maternidade de Júlio Dinis",
        "tarifado": "Sim",
        "objectid": 27998,
        "globalid": "{0E731573-B5DF-42E7-B3E2-2AE3A15A375C}"
      }
    },
    {
      "type": "Feature",
      "id": 28018,
      "geometry": {
        "type": "LineString",
        "coordinates": [
          [-8.6229287404839, 41.1493615036597],
          [-8.62291521034995, 41.1492933279761],
          [-8.62278724918521, 41.1484795575243],
          [-8.62269061507537, 41.1478678177482],
          [-8.62270550165942, 41.1477747583548]
        ]
      },
      "properties": {
        "toponimo": "Rua de Adolfo Casais Monteiro",
        "tarifado": "Sim",
        "objectid": 28018,
        "globalid": "{14214BEB-6BAB-4CD8-9B6F-FC1D7A83B389}"
      }
    },
    {
      "type": "Feature",
      "id": 28019,
      "geometry": {
        "type": "LineString",
        "coordinates": [
          [-8.62306675121497, 41.1502204050321],
          [-8.62305243255477, 41.1501599665703],
          [-8.62294610885521, 41.1494493654522],
          [-8.6229287404839, 41.1493615036597]
        ]
      },
      "properties": {
        "toponimo": "Rua de Adolfo Casais Monteiro",
        "tarifado": "Sim",
        "objectid": 28019,
        "globalid": "{15AF5E6B-52FE-4893-AD73-FD1DE1E55820}"
      }
    },
    {
      "type": "Feature",
      "id": 28021,
      "geometry": {
        "type": "LineString",
        "coordinates": [
          [-8.59565387924857, 41.1462549221737],
          [-8.59568278617618, 41.1462781715285],
          [-8.59592058778382, 41.1464785395837],
          [-8.59598275658322, 41.1465259850183]
        ]
      },
      "properties": {
        "toponimo": "Largo de Soares dos Reis",
        "tarifado": "Sim",
        "objectid": 28021,
        "globalid": "{C6A6AFC8-5CD6-4196-A5C3-8E39286E2D3E}"
      }
    },
    {
      "type": "Feature",
      "id": 28022,
      "geometry": {
        "type": "LineString",
        "coordinates": [
          [-8.6229287404839, 41.1493615036597],
          [-8.62287565406761, 41.1493687716904],
          [-8.62210962424898, 41.149473047803],
          [-8.6209353627997, 41.1496325396583],
          [-8.62087516598662, 41.1496415026851]
        ]
      },
      "properties": {
        "toponimo": "Rua de Miguel Bombarda",
        "tarifado": "Sim",
        "objectid": 28022,
        "globalid": "{39E01050-5E3D-4DFB-B211-393A19499709}"
      }
    },
    {
      "type": "Feature",
      "id": 28023,
      "geometry": {
        "type": "LineString",
        "coordinates": [
          [-8.62087516598662, 41.1496415026851],
          [-8.62088370974645, 41.1496771948943],
          [-8.62094384976532, 41.1499728269737],
          [-8.62100867295029, 41.1502989549319],
          [-8.62107516594352, 41.1506429404015],
          [-8.62108800041541, 41.1507106969302]
        ]
      },
      "properties": {
        "toponimo": "Rua do Rosário",
        "tarifado": "Sim",
        "objectid": 28023,
        "globalid": "{B18D8EE7-D3AC-4BE9-8ABD-C53028070CCA}"
      }
    },
    {
      "type": "Feature",
      "id": 28024,
      "geometry": {
        "type": "LineString",
        "coordinates": [
          [-8.60217079903404, 41.1469987753776],
          [-8.60225278715722, 41.1469604520824],
          [-8.60255344916945, 41.1468732679261],
          [-8.60286451531594, 41.1467903896653],
          [-8.60323947837738, 41.146689385144],
          [-8.60376387770656, 41.1465527401539],
          [-8.60381199443972, 41.146540161647],
          [-8.60382829511534, 41.1465358719909]
        ]
      },
      "properties": {
        "toponimo": "Rua de Santo Ildefonso",
        "tarifado": "Sim",
        "objectid": 28024,
        "globalid": "{786401FD-A38A-4321-9306-EAC05BF26941}"
      }
    },
    {
      "type": "Feature",
      "id": 28028,
      "geometry": {
        "type": "LineString",
        "coordinates": [
          [-8.64271133549982, 41.1723193062162],
          [-8.64276932729218, 41.1723784213882],
          [-8.64379740144163, 41.1732265673994],
          [-8.64527221856438, 41.1744168380714]
        ]
      },
      "properties": {
        "toponimo": "Rua do Eng. Ferreira Dias",
        "tarifado": "Sim",
        "objectid": 28028,
        "globalid": "{298C7A73-ABC2-4136-B079-A22B933662F4}"
      }
    },
    {
      "type": "Feature",
      "id": 28048,
      "geometry": {
        "type": "LineString",
        "coordinates": [
          [-8.62068543086695, 41.1486807017827],
          [-8.62071394557418, 41.1488292763542],
          [-8.6207757707353, 41.1491530310468],
          [-8.62086070758916, 41.1495812086033],
          [-8.62087516598662, 41.1496415026851]
        ]
      },
      "properties": {
        "toponimo": "Rua do Rosário",
        "tarifado": "Sim",
        "objectid": 28048,
        "globalid": "{4CCACB3B-59C7-4801-93A8-3CB8BABA4F78}"
      }
    },
    {
      "type": "Feature",
      "id": 28118,
      "geometry": {
        "type": "LineString",
        "coordinates": [
          [-8.60765403659326, 41.1551505472883],
          [-8.60766810766759, 41.1553646280791],
          [-8.60767317386472, 41.1554342459511]
        ]
      },
      "properties": {
        "toponimo": "Rua do Bonjardim",
        "tarifado": "Sim",
        "objectid": 28118,
        "globalid": "{9B1F8E32-CC3B-479E-B662-555D27ADA83F}"
      }
    },
    {
      "type": "Feature",
      "id": 28119,
      "geometry": {
        "type": "LineString",
        "coordinates": [
          [-8.6126197730007, 41.1571382738742],
          [-8.61277012914312, 41.157194345531]
        ]
      },
      "properties": {
        "toponimo": "Largo da Lapa",
        "tarifado": "Sim",
        "objectid": 28119,
        "globalid": "{36D0C0ED-E413-418B-9E05-F69F177C3033}"
      }
    },
    {
      "type": "Feature",
      "id": 28129,
      "geometry": {
        "type": "LineString",
        "coordinates": [
          [-8.6491054376795, 41.1648335651253],
          [-8.64905167906133, 41.164827900002],
          [-8.64895889883366, 41.1647963799083],
          [-8.64884148029907, 41.16474541266],
          [-8.64863124408954, 41.1646551912825],
          [-8.64857719252473, 41.1646288452068]
        ]
      },
      "properties": {
        "toponimo": "Rua de S. João Bosco",
        "tarifado": "Sim",
        "objectid": 28129,
        "globalid": "{0FF12D89-F242-41A7-B1D1-0163F0E56D90}"
      }
    },
    {
      "type": "Feature",
      "id": 28194,
      "geometry": {
        "type": "LineString",
        "coordinates": [
          [-8.65338757717585, 41.1668954370193],
          [-8.65343348823288, 41.1669029634426],
          [-8.65391955133647, 41.1669834767807],
          [-8.65397463810894, 41.1669925723718]
        ]
      },
      "properties": {
        "toponimo": "Rua de Mota Pinto",
        "tarifado": "Sim",
        "objectid": 28194,
        "globalid": "{24C2DA77-8D5C-484B-9FF0-D6007E674E7E}"
      }
    },
    {
      "type": "Feature",
      "id": 28237,
      "geometry": {
        "type": "LineString",
        "coordinates": [
          [-8.60820702342385, 41.1429915417318],
          [-8.60823280696429, 41.1429105401343],
          [-8.60831397734278, 41.1427292724128]
        ]
      },
      "properties": {
        "toponimo": "Rua de Arnaldo Gama",
        "tarifado": "Sim",
        "objectid": 28237,
        "globalid": "{065C8235-07B0-44BD-BD52-9D6E4FD49780}"
      }
    },
    {
      "type": "Feature",
      "id": 28238,
      "geometry": {
        "type": "LineString",
        "coordinates": [
          [-8.60831397734278, 41.1427292724128],
          [-8.60835964331516, 41.1426273625552],
          [-8.60844299964343, 41.1423945897227]
        ]
      },
      "properties": {
        "toponimo": "Rua de Arnaldo Gama",
        "tarifado": "Sim",
        "objectid": 28238,
        "globalid": "{EC52D0C9-D6E1-4631-BC9C-390F61A15AD6}"
      }
    },
    {
      "type": "Feature",
      "id": 28244,
      "geometry": {
        "type": "LineString",
        "coordinates": [
          [-8.60785156197858, 41.1424804703728],
          [-8.60742039483656, 41.1422484209976],
          [-8.60730917407319, 41.1421947194007]
        ]
      },
      "properties": {
        "toponimo": "Largo do Actor Dias",
        "tarifado": "Sim",
        "objectid": 28244,
        "globalid": "{08513E16-CF51-4AF9-875F-CCFD42DC7343}"
      }
    },
    {
      "type": "Feature",
      "id": 28294,
      "geometry": {
        "type": "LineString",
        "coordinates": [
          [-8.60453953091376, 41.1587656417965],
          [-8.60449857385161, 41.15966581079],
          [-8.60448938941764, 41.1600386777349],
          [-8.60447277659774, 41.1601491911951]
        ]
      },
      "properties": {
        "toponimo": "Rua de Santa Catarina",
        "tarifado": "Sim",
        "objectid": 28294,
        "globalid": "{2F36D3DE-D78F-4572-80B7-7E7778E254BF}"
      }
    },
    {
      "type": "Feature",
      "id": 28295,
      "geometry": {
        "type": "LineString",
        "coordinates": [
          [-8.62090213047288, 41.1625020935269],
          [-8.62093711033708, 41.1622553192977],
          [-8.62094648311398, 41.1621956258679]
        ]
      },
      "properties": {
        "toponimo": "Rua de Serpa Pinto",
        "tarifado": "Sim",
        "objectid": 28295,
        "globalid": "{73CCB6C3-542E-4727-84EC-AF7134955C92}"
      }
    },
    {
      "type": "Feature",
      "id": 28308,
      "geometry": {
        "type": "LineString",
        "coordinates": [
          [-8.59742840263634, 41.1482673954889],
          [-8.59722606962508, 41.1483118298153],
          [-8.59686578760898, 41.1483925057405]
        ]
      },
      "properties": {
        "toponimo": "Avenida de Camilo",
        "tarifado": "Sim",
        "objectid": 28308,
        "globalid": "{31EBC65C-2CBC-4815-8F3B-C3FDE7576156}"
      }
    },
    {
      "type": "Feature",
      "id": 28310,
      "geometry": {
        "type": "LineString",
        "coordinates": [
          [-8.59572418433623, 41.1487946945587],
          [-8.59583804393542, 41.148768203825],
          [-8.59631605613896, 41.1486604858879]
        ]
      },
      "properties": {
        "toponimo": "Avenida de Camilo",
        "tarifado": "Sim",
        "objectid": 28310,
        "globalid": "{38E7D8F3-D712-4672-900D-2725DAC9D04E}"
      }
    },
    {
      "type": "Feature",
      "id": 28311,
      "geometry": {
        "type": "LineString",
        "coordinates": [
          [-8.59631605613896, 41.1486604858879],
          [-8.59646016600761, 41.1486279660317],
          [-8.59679148176726, 41.1485510736538],
          [-8.596908301844, 41.1485254163554]
        ]
      },
      "properties": {
        "toponimo": "Avenida de Camilo",
        "tarifado": "Sim",
        "objectid": 28311,
        "globalid": "{6A1E6FA4-BD84-482A-889B-4585CDED4043}"
      }
    },
    {
      "type": "Feature",
      "id": 28313,
      "geometry": {
        "type": "LineString",
        "coordinates": [
          [-8.59569064312729, 41.1486634213882],
          [-8.59556642406459, 41.1486922046574],
          [-8.59506382183533, 41.1488031255065],
          [-8.59498172051948, 41.1488213202845]
        ]
      },
      "properties": {
        "toponimo": "Avenida de Camilo",
        "tarifado": "Sim",
        "objectid": 28313,
        "globalid": "{79BCE436-D55C-40A0-9FCF-41FD8705B31F}"
      }
    },
    {
      "type": "Feature",
      "id": 28315,
      "geometry": {
        "type": "LineString",
        "coordinates": [
          [-8.59364755464452, 41.1492090827001],
          [-8.5937487321502, 41.14924567527],
          [-8.59410654087297, 41.1491695301792],
          [-8.59434595954225, 41.1491129941516]
        ]
      },
      "properties": {
        "toponimo": "Avenida de Camilo",
        "tarifado": "Sim",
        "objectid": 28315,
        "globalid": "{DFD22714-FB0E-422C-ADB6-A0C53415361D}"
      }
    },
    {
      "type": "Feature",
      "id": 28318,
      "geometry": {
        "type": "LineString",
        "coordinates": [
          [-8.61212862695541, 41.1442584955641],
          [-8.61215722586705, 41.1442372704001],
          [-8.61251291723236, 41.14397438219],
          [-8.61285096693766, 41.1437294319113],
          [-8.61319138280001, 41.1434827770506]
        ]
      },
      "properties": {
        "toponimo": "Rua de Mouzinho da Silveira",
        "tarifado": "Sim",
        "objectid": 28318,
        "globalid": "{B346AD3F-5508-4917-B9F4-A3301A7374C0}"
      }
    },
    {
      "type": "Feature",
      "id": 28339,
      "geometry": {
        "type": "LineString",
        "coordinates": [
          [-8.59972962179502, 41.1532827144075],
          [-8.60068242420628, 41.1532764511052],
          [-8.60079457462892, 41.1532766963523]
        ]
      },
      "properties": {
        "toponimo": "Rua do Moreira",
        "tarifado": "Sim",
        "objectid": 28339,
        "globalid": "{950E5402-493F-47EF-85CE-874498A78B03}"
      }
    },
    {
      "type": "Feature",
      "id": 28340,
      "geometry": {
        "type": "LineString",
        "coordinates": [
          [-8.60079457462892, 41.1532766963523],
          [-8.60167764050972, 41.1532791459173],
          [-8.60242888454693, 41.153277626397]
        ]
      },
      "properties": {
        "toponimo": "Rua do Moreira",
        "tarifado": "Sim",
        "objectid": 28340,
        "globalid": "{4A73C5F6-C900-435E-A162-8C183C33A2F1}"
      }
    },
    {
      "type": "Feature",
      "id": 28364,
      "geometry": {
        "type": "LineString",
        "coordinates": [
          [-8.62079704161204, 41.1526083144611],
          [-8.62068516849917, 41.152589232401],
          [-8.61973588343242, 41.1524710026431],
          [-8.61867802312927, 41.1523295881659],
          [-8.61813049844733, 41.1522539532082],
          [-8.6180451117567, 41.152248128518],
          [-8.61796071352864, 41.1522631167683]
        ]
      },
      "properties": {
        "toponimo": "Rua da Torrinha",
        "tarifado": "Sim",
        "objectid": 28364,
        "globalid": "{5AD17EE0-BA7D-4A68-985E-B87E2B388AB7}"
      }
    },
    {
      "type": "Feature",
      "id": 28365,
      "geometry": {
        "type": "LineString",
        "coordinates": [
          [-8.59900961756159, 41.1837027426703],
          [-8.59914265831427, 41.1837656550702],
          [-8.59947330501844, 41.1839353922152],
          [-8.5998640945446, 41.1841235938314],
          [-8.60031287593792, 41.184356021246],
          [-8.60068957306617, 41.1845513095697],
          [-8.60097193545877, 41.1847146292337],
          [-8.60108826847002, 41.1847974437253]
        ]
      },
      "properties": {
        "toponimo": "Travessa do Dr. Barros",
        "tarifado": "Sim",
        "objectid": 28365,
        "globalid": "{4506A318-BB97-40A5-AE8E-CF4F46FB413C}"
      }
    },
    {
      "type": "Feature",
      "id": 28367,
      "geometry": {
        "type": "LineString",
        "coordinates": [
          [-8.62479017562228, 41.1491433594663],
          [-8.62455693334371, 41.1494136390887],
          [-8.6241294098847, 41.1498763682463],
          [-8.62395521521291, 41.1500529837235]
        ]
      },
      "properties": {
        "toponimo": "Rua da Boa Nova",
        "tarifado": "Sim",
        "objectid": 28367,
        "globalid": "{1BC0F988-40A7-4C9C-8BEA-803319AE5DEF}"
      }
    },
    {
      "type": "Feature",
      "id": 28390,
      "geometry": {
        "type": "LineString",
        "coordinates": [
          [-8.64028833318659, 41.153463749861],
          [-8.63996228738265, 41.1533823251798],
          [-8.63916707928373, 41.1531998457004],
          [-8.63880018738306, 41.1531077667333]
        ]
      },
      "properties": {
        "toponimo": "Rua do Campo Alegre",
        "tarifado": "Sim",
        "objectid": 28390,
        "globalid": "{7F50D073-8E94-4C5C-8094-ECE7120D02CA}"
      }
    },
    {
      "type": "Feature",
      "id": 28402,
      "geometry": {
        "type": "LineString",
        "coordinates": [
          [-8.59434595954225, 41.1491129941516],
          [-8.59453094620312, 41.149069201645],
          [-8.59491810587674, 41.1489780252348],
          [-8.59502444946645, 41.1489549429734]
        ]
      },
      "properties": {
        "toponimo": "Avenida de Camilo",
        "tarifado": "Sim",
        "objectid": 28402,
        "globalid": "{B591DBCD-4CA7-4442-B8CD-2E7917A291CD}"
      }
    },
    {
      "type": "Feature",
      "id": 28403,
      "geometry": {
        "type": "LineString",
        "coordinates": [
          [-8.59498172051948, 41.1488213202845],
          [-8.59451053670496, 41.1489264850134],
          [-8.59430162199406, 41.1489740299624]
        ]
      },
      "properties": {
        "toponimo": "Avenida de Camilo",
        "tarifado": "Sim",
        "objectid": 28403,
        "globalid": "{DC06CB2B-9999-455E-A903-1DF5E0F05E05}"
      }
    },
    {
      "type": "Feature",
      "id": 28404,
      "geometry": {
        "type": "LineString",
        "coordinates": [
          [-8.59430162199406, 41.1489740299624],
          [-8.59414273031728, 41.1490102620519],
          [-8.59369000551468, 41.149113520758],
          [-8.59364755464452, 41.1492090827001]
        ]
      },
      "properties": {
        "toponimo": "Avenida de Camilo",
        "tarifado": "Sim",
        "objectid": 28404,
        "globalid": "{B05E6B4E-E8C9-4E2A-983C-0E557AE17E4E}"
      }
    },
    {
      "type": "Feature",
      "id": 28406,
      "geometry": {
        "type": "LineString",
        "coordinates": [
          [-8.59824597766566, 41.1484272876583],
          [-8.5980948468039, 41.1485058404777],
          [-8.59773727995215, 41.1487529421],
          [-8.59746853362882, 41.148933412483],
          [-8.59723303147238, 41.1490850423889],
          [-8.59672717367117, 41.1494060346525],
          [-8.59623609739016, 41.1497054367279],
          [-8.59576703396708, 41.1499733761955],
          [-8.59534531737218, 41.1502004609718],
          [-8.59517603622469, 41.1502858360489]
        ]
      },
      "properties": {
        "toponimo": "Rua do Bonfim",
        "tarifado": "Sim",
        "objectid": 28406,
        "globalid": "{104C02E7-8FD6-4EE0-A29D-03EF46BB0906}"
      }
    },
    {
      "type": "Feature",
      "id": 28440,
      "geometry": {
        "type": "LineString",
        "coordinates": [
          [-8.60923593078824, 41.1624735955972],
          [-8.61114602816803, 41.1627171951631]
        ]
      },
      "properties": {
        "toponimo": "Rua da Constituição",
        "tarifado": "Sim",
        "objectid": 28440,
        "globalid": "{BA4845B3-B79B-449F-A8E5-F1F56BCB2BFF}"
      }
    },
    {
      "type": "Feature",
      "id": 28441,
      "geometry": {
        "type": "LineString",
        "coordinates": [
          [-8.61136292093761, 41.1617254123355],
          [-8.60970260587185, 41.1615072251979],
          [-8.60962156731861, 41.1614798289097]
        ]
      },
      "properties": {
        "toponimo": "Rua de Damião de Góis",
        "tarifado": "Sim",
        "objectid": 28441,
        "globalid": "{CAADC75B-7BD2-43BE-8C2F-54E679D80075}"
      }
    },
    {
      "type": "Feature",
      "id": 28462,
      "geometry": {
        "type": "LineString",
        "coordinates": [
          [-8.67611969081349, 41.153859587253],
          [-8.67649143793505, 41.1542333277492],
          [-8.67657304210851, 41.1542979423863]
        ]
      },
      "properties": {
        "toponimo": "Rua de Cândida Sá de Albergaria",
        "tarifado": "Sim",
        "objectid": 28462,
        "globalid": "{3544A2FA-9B54-4E76-BC01-6D236966526B}"
      }
    },
    {
      "type": "Feature",
      "id": 28515,
      "geometry": {
        "type": "LineString",
        "coordinates": [
          [-8.5944617799532, 41.1566647064842],
          [-8.5942660511735, 41.1569965243894],
          [-8.59396366617176, 41.1575347612187],
          [-8.59391845050159, 41.157610505712]
        ]
      },
      "properties": {
        "toponimo": "Avenida de Fernão de Magalhães",
        "tarifado": "Sim",
        "objectid": 28515,
        "globalid": "{71DBDEEC-CF64-4792-952C-56D1ACE3EDE7}"
      }
    },
    {
      "type": "Feature",
      "id": 28517,
      "geometry": {
        "type": "LineString",
        "coordinates": [
          [-8.59868100068701, 41.1588143151264],
          [-8.59883653692741, 41.1580159624405]
        ]
      },
      "properties": {
        "toponimo": "Rua de Santos Pousada",
        "tarifado": "Sim",
        "objectid": 28517,
        "globalid": "{0BAB562B-7471-42E2-B225-A4114FA13DED}"
      }
    },
    {
      "type": "Feature",
      "id": 28518,
      "geometry": {
        "type": "LineString",
        "coordinates": [
          [-8.60851871351873, 41.1644411640294],
          [-8.60850721494474, 41.1643852234271],
          [-8.6085326927303, 41.1641737982041],
          [-8.6085856195401, 41.1640276833713],
          [-8.60874888716666, 41.1636612099053],
          [-8.60889389501114, 41.1633121188507]
        ]
      },
      "properties": {
        "toponimo": "Rua do Cantor Zeca Afonso",
        "tarifado": "Sim",
        "objectid": 28518,
        "globalid": "{7F01FC06-ED7C-460C-A6E0-B7A8B734AB1F}"
      }
    },
    {
      "type": "Feature",
      "id": 28531,
      "geometry": {
        "type": "LineString",
        "coordinates": [
          [-8.59828304396364, 41.1459179033832],
          [-8.59757536579792, 41.1459570744651],
          [-8.59739847476033, 41.1459651009103]
        ]
      },
      "properties": {
        "toponimo": "Avenida de Rodrigues de Freitas",
        "tarifado": "Sim",
        "objectid": 28531,
        "globalid": "{6621BB9D-3998-4835-BAEE-08B99D778C2B}"
      }
    },
    {
      "type": "Feature",
      "id": 28543,
      "geometry": {
        "type": "LineString",
        "coordinates": [
          [-8.64712292882452, 41.1730348593936],
          [-8.64856071081248, 41.1742047062476],
          [-8.64874352472617, 41.1743528751301]
        ]
      },
      "properties": {
        "toponimo": "Rua de Manuel Pinto de Azevedo",
        "tarifado": "Sim",
        "objectid": 28543,
        "globalid": "{1405B666-B331-4C27-93BA-B2FAC62BF8EF}"
      }
    },
    {
      "type": "Feature",
      "id": 28544,
      "geometry": {
        "type": "LineString",
        "coordinates": [
          [-8.64874352472617, 41.1743528751301],
          [-8.65108788313768, 41.1762511825576]
        ]
      },
      "properties": {
        "toponimo": "Rua de Manuel Pinto de Azevedo",
        "tarifado": "Sim",
        "objectid": 28544,
        "globalid": "{14992F6C-7AB3-4396-A8B7-39E8BAD69A67}"
      }
    },
    {
      "type": "Feature",
      "id": 28567,
      "geometry": {
        "type": "LineString",
        "coordinates": [
          [-8.60200423679493, 41.1476003552113],
          [-8.60201603774774, 41.1477414127501],
          [-8.60202006598966, 41.1477966912458]
        ]
      },
      "properties": {
        "toponimo": "Rua de D. João IV",
        "tarifado": "Sim",
        "objectid": 28567,
        "globalid": "{51055162-F13D-4B64-B96F-37D84064FD8D}"
      }
    },
    {
      "type": "Feature",
      "id": 28568,
      "geometry": {
        "type": "LineString",
        "coordinates": [
          [-8.5976344386707, 41.1467158575036],
          [-8.59757196287815, 41.1465211144844],
          [-8.59742384247517, 41.1460402652628],
          [-8.59739847476033, 41.1459651009103]
        ]
      },
      "properties": {
        "toponimo": "Rua do Duque de Saldanha",
        "tarifado": "Sim",
        "objectid": 28568,
        "globalid": "{EA92465F-8066-4684-A916-A9F8934019B3}"
      }
    },
    {
      "type": "Feature",
      "id": 28588,
      "geometry": {
        "type": "LineString",
        "coordinates": [
          [-8.60718305239935, 41.1575836374132],
          [-8.6069879871832, 41.1578768013073],
          [-8.60671827559208, 41.1582980155588],
          [-8.6066799462955, 41.158353747972]
        ]
      },
      "properties": {
        "toponimo": "Rua do Bonjardim",
        "tarifado": "Sim",
        "objectid": 28588,
        "globalid": "{AA23D438-2EC1-4AD9-9B00-C4D86F772DD8}"
      }
    },
    {
      "type": "Feature",
      "id": 28589,
      "geometry": {
        "type": "LineString",
        "coordinates": [
          [-8.61193895223134, 41.1567792645487],
          [-8.61201556079812, 41.1567488346267],
          [-8.61232461741105, 41.156743041695],
          [-8.6125388529315, 41.1567712666676],
          [-8.61264052028352, 41.1568506192806],
          [-8.61267400876798, 41.1569628883282],
          [-8.61265103809675, 41.1570752573601],
          [-8.6126197730007, 41.1571382738742]
        ]
      },
      "properties": {
        "toponimo": "Largo da Lapa",
        "tarifado": "Sim",
        "objectid": 28589,
        "globalid": "{404BA30A-0A70-4DF4-91EE-9F5BECE718D7}"
      }
    },
    {
      "type": "Feature",
      "id": 28591,
      "geometry": {
        "type": "LineString",
        "coordinates": [
          [-8.60225759226602, 41.1510072841589],
          [-8.60215491636826, 41.1510103783865],
          [-8.6016380590159, 41.1510226189281],
          [-8.60121064313634, 41.1510402547096],
          [-8.60116373910386, 41.1510413016189]
        ]
      },
      "properties": {
        "toponimo": "Rua da Firmeza",
        "tarifado": "Sim",
        "objectid": 28591,
        "globalid": "{505B7A7C-C06E-485D-8C1E-04382B8E6E06}"
      }
    },
    {
      "type": "Feature",
      "id": 28592,
      "geometry": {
        "type": "LineString",
        "coordinates": [
          [-8.60303058446283, 41.1461212885921],
          [-8.60293581166743, 41.1461491123729],
          [-8.60241092100431, 41.1462934903523],
          [-8.60194146979692, 41.1464286449549]
        ]
      },
      "properties": {
        "toponimo": "Passeio de S. Lázaro",
        "tarifado": "Sim",
        "objectid": 28592,
        "globalid": "{81C6609C-653D-4A95-8529-2E61D085FE68}"
      }
    },
    {
      "type": "Feature",
      "id": 28593,
      "geometry": {
        "type": "LineString",
        "coordinates": [
          [-8.605259937986, 41.1456830253997],
          [-8.60515410945298, 41.1456225472836],
          [-8.60485254223532, 41.1454948905667],
          [-8.6046791544017, 41.1454297821826],
          [-8.60455803204012, 41.1453842674484],
          [-8.60449426950371, 41.1453493501307],
          [-8.60446675061787, 41.1453306805298],
          [-8.60443659161038, 41.145300963462],
          [-8.60439092204181, 41.1452643872872]
        ]
      },
      "properties": {
        "toponimo": "Avenida de Rodrigues de Freitas",
        "tarifado": "Sim",
        "objectid": 28593,
        "globalid": "{07E05160-1B05-4892-A4D6-ECE7E68DC155}"
      }
    },
    {
      "type": "Feature",
      "id": 28607,
      "geometry": {
        "type": "LineString",
        "coordinates": [
          [-8.59686578760898, 41.1483925057405],
          [-8.59664456121939, 41.1484420665552],
          [-8.59627375056266, 41.1485281225828]
        ]
      },
      "properties": {
        "toponimo": "Avenida de Camilo",
        "tarifado": "Sim",
        "objectid": 28607,
        "globalid": "{B927A5BA-AC21-49B5-888D-87470030762B}"
      }
    },
    {
      "type": "Feature",
      "id": 28611,
      "geometry": {
        "type": "LineString",
        "coordinates": [
          [-8.61413015922808, 41.1588324902021],
          [-8.61410979645895, 41.1589053123238],
          [-8.61406442771215, 41.1590141112589],
          [-8.61402674204311, 41.1591178176559],
          [-8.61402902869289, 41.1591617033817],
          [-8.61405024414862, 41.1592050148358]
        ]
      },
      "properties": {
        "toponimo": "Rua de Cervantes",
        "tarifado": "Sim",
        "objectid": 28611,
        "globalid": "{B8A0CA86-D613-4552-A5D5-F3774A9870CA}"
      }
    },
    {
      "type": "Feature",
      "id": 28612,
      "geometry": {
        "type": "LineString",
        "coordinates": [
          [-8.61424768790772, 41.1575412958607],
          [-8.61426745954875, 41.1576218273781],
          [-8.61427612714704, 41.1577070524188],
          [-8.61428295109178, 41.1578495428901],
          [-8.6142920051374, 41.1579859722212],
          [-8.61428350336611, 41.1581099606479],
          [-8.61426467957585, 41.1582771761249],
          [-8.61423872493166, 41.1583932145737],
          [-8.61418147417369, 41.1585956264335],
          [-8.61415287871837, 41.1587512130598],
          [-8.61413015922808, 41.1588324902021]
        ]
      },
      "properties": {
        "toponimo": "Rua de Cervantes",
        "tarifado": "Sim",
        "objectid": 28612,
        "globalid": "{DE5FA1BF-3810-416C-8A06-9F6A3C1AF15D}"
      }
    },
    {
      "type": "Feature",
      "id": 28619,
      "geometry": {
        "type": "LineString",
        "coordinates": [
          [-8.60097487587669, 41.1481410008059],
          [-8.60102593771832, 41.1480784742069],
          [-8.60164302056123, 41.1473404184073],
          [-8.60165779936356, 41.1473316330666]
        ]
      },
      "properties": {
        "toponimo": "Rua de Coelho Neto",
        "tarifado": "Sim",
        "objectid": 28619,
        "globalid": "{C671C0DD-1CF2-4CEC-B273-443103F1F379}"
      }
    },
    {
      "type": "Feature",
      "id": 28661,
      "geometry": {
        "type": "LineString",
        "coordinates": [
          [-8.59419794569974, 41.1507825180242],
          [-8.59412544714598, 41.1506607838167],
          [-8.59382990306579, 41.1497730881889],
          [-8.59364755464452, 41.1492090827001]
        ]
      },
      "properties": {
        "toponimo": "Rua de António Carneiro",
        "tarifado": "Sim",
        "objectid": 28661,
        "globalid": "{1DDD33A3-97B2-456C-9019-577BDBBCBDA4}"
      }
    },
    {
      "type": "Feature",
      "id": 28665,
      "geometry": {
        "type": "LineString",
        "coordinates": [
          [-8.59502444946645, 41.1489549429734],
          [-8.5951727566614, 41.1489228311019],
          [-8.59572418433623, 41.1487946945587]
        ]
      },
      "properties": {
        "toponimo": "Avenida de Camilo",
        "tarifado": "Sim",
        "objectid": 28665,
        "globalid": "{A6BBA78D-5F56-4B28-BCAC-35694A5AAE25}"
      }
    },
    {
      "type": "Feature",
      "id": 28714,
      "geometry": {
        "type": "LineString",
        "coordinates": [
          [-8.63176795396304, 41.1584275414943],
          [-8.63171624405874, 41.1585570667792],
          [-8.63166432795962, 41.1587238709013],
          [-8.63160467000172, 41.1588705828991],
          [-8.6315183074608, 41.1590088400852],
          [-8.63140534479309, 41.1591414404972],
          [-8.63129590674948, 41.1592423671931],
          [-8.6311485210638, 41.1593464121914],
          [-8.63100473962034, 41.159424562948],
          [-8.63086072697111, 41.1594944035183]
        ]
      },
      "properties": {
        "toponimo": "Rua Ofélia Diogo da Costa",
        "tarifado": "Sim",
        "objectid": 28714,
        "globalid": "{03C14A4B-B959-41D9-BF13-35B338620FE9}"
      }
    },
    {
      "type": "Feature",
      "id": 28738,
      "geometry": {
        "type": "LineString",
        "coordinates": [
          [-8.6066799462955, 41.158353747972],
          [-8.60661846042723, 41.1584430627279],
          [-8.60625483955276, 41.1590014198548],
          [-8.60613783119345, 41.1591812660715]
        ]
      },
      "properties": {
        "toponimo": "Rua do Bonjardim",
        "tarifado": "Sim",
        "objectid": 28738,
        "globalid": "{26FAED64-A12D-4952-BFFD-30656F581900}"
      }
    },
    {
      "type": "Feature",
      "id": 28740,
      "geometry": {
        "type": "LineString",
        "coordinates": [
          [-8.59144896253706, 41.1631907741991],
          [-8.59144719540014, 41.163188531046],
          [-8.5914821286427, 41.1631016081973],
          [-8.59081780862016, 41.162814737838],
          [-8.59071462453957, 41.1629165637127],
          [-8.59136606125417, 41.1632165782295],
          [-8.59144896253706, 41.1631907741991]
        ]
      },
      "properties": {
        "toponimo": "Praça de Francisco Sá Carneiro",
        "tarifado": "Sim",
        "objectid": 28740,
        "globalid": "{BB10AD7C-FD01-47B3-81BF-3D9004DF49E6}"
      }
    },
    {
      "type": "Feature",
      "id": 28764,
      "geometry": {
        "type": "LineString",
        "coordinates": [
          [-8.60682054503665, 41.1470169701458],
          [-8.60692098479578, 41.1470334384404],
          [-8.60703441361645, 41.1470570296861],
          [-8.60787280727912, 41.1472253490527],
          [-8.60804707267368, 41.1472657058923]
        ]
      },
      "properties": {
        "toponimo": "Rua de Passos Manuel",
        "tarifado": "Sim",
        "objectid": 28764,
        "globalid": "{AC0BF0A4-CB66-4F74-8DC5-6FB052678CA4}"
      }
    },
    {
      "type": "Feature",
      "id": 28765,
      "geometry": {
        "type": "LineString",
        "coordinates": [
          [-8.61784325801416, 41.1410896201889],
          [-8.61744918403841, 41.1409083800627]
        ]
      },
      "properties": {
        "toponimo": "Rua Nova da Alfândega",
        "tarifado": "Sim",
        "objectid": 28765,
        "globalid": "{68A2EAC7-A6B7-42CF-8DBC-F62414A736C6}"
      }
    },
    {
      "type": "Feature",
      "id": 28821,
      "geometry": {
        "type": "LineString",
        "coordinates": [
          [-8.62492053976703, 41.1555456417816],
          [-8.62483476421358, 41.1555330705347],
          [-8.62470209123979, 41.1555323690131],
          [-8.62445067468831, 41.1555424505689]
        ]
      },
      "properties": {
        "toponimo": "Rua de Joaquim de Vasconcelos",
        "tarifado": "Sim",
        "objectid": 28821,
        "globalid": "{701D66BC-5FEA-4C04-B93B-F02FAD10AF58}"
      }
    },
    {
      "type": "Feature",
      "id": 28822,
      "geometry": {
        "type": "LineString",
        "coordinates": [
          [-8.59364755464452, 41.1492090827001],
          [-8.59348852998204, 41.1487175840289],
          [-8.59323369939621, 41.1479239707097],
          [-8.59296907984896, 41.1470822962682],
          [-8.59296170499092, 41.1470599498601]
        ]
      },
      "properties": {
        "toponimo": "Rua de António Carneiro",
        "tarifado": "Sim",
        "objectid": 28822,
        "globalid": "{8E260E43-6DCB-443C-9C84-AB14F91456F6}"
      }
    },
    {
      "type": "Feature",
      "id": 28863,
      "geometry": {
        "type": "LineString",
        "coordinates": [
          [-8.62108800041541, 41.1507106969302],
          [-8.62112926664091, 41.1509285949781],
          [-8.6212015883459, 41.1512601647495],
          [-8.62126360486603, 41.1516024852043],
          [-8.62130971279892, 41.1516768620541]
        ]
      },
      "properties": {
        "toponimo": "Rua do Rosário",
        "tarifado": "Sim",
        "objectid": 28863,
        "globalid": "{DFE4E5D2-649A-42E0-9579-4B8EA012E1C3}"
      }
    },
    {
      "type": "Feature",
      "id": 28878,
      "geometry": {
        "type": "LineString",
        "coordinates": [
          [-8.59627375056266, 41.1485281225828],
          [-8.59609280383831, 41.148570073766],
          [-8.59569064312729, 41.1486634213882]
        ]
      },
      "properties": {
        "toponimo": "Avenida de Camilo",
        "tarifado": "Sim",
        "objectid": 28878,
        "globalid": "{307ADF66-932F-4048-BC9F-7807C232C7C9}"
      }
    },
    {
      "type": "Feature",
      "id": 28886,
      "geometry": {
        "type": "LineString",
        "coordinates": [
          [-8.62901834974619, 41.1514728757669],
          [-8.6290078839498, 41.1514736231626],
          [-8.62885001551817, 41.1515079357423],
          [-8.62854721431273, 41.1516051924832],
          [-8.62830725531763, 41.1516696806805],
          [-8.6276267882818, 41.1518716983071],
          [-8.6271818002739, 41.1520110646456],
          [-8.62704990415251, 41.1520460998589]
        ]
      },
      "properties": {
        "toponimo": "Rua da Piedade",
        "tarifado": "Sim",
        "objectid": 28886,
        "globalid": "{DEFCB44F-34AE-4441-B10F-82847846594A}"
      }
    },
    {
      "type": "Feature",
      "id": 28887,
      "geometry": {
        "type": "LineString",
        "coordinates": [
          [-8.6261009291898, 41.152324665577],
          [-8.62597553731995, 41.1523645971028],
          [-8.62543869713015, 41.1525233497614],
          [-8.62487961727949, 41.1526889490293],
          [-8.62463157430982, 41.1527613428866],
          [-8.62456967927209, 41.1527794725142]
        ]
      },
      "properties": {
        "toponimo": "Rua da Piedade",
        "tarifado": "Sim",
        "objectid": 28887,
        "globalid": "{04B5FD89-813B-4366-ADD7-F543A6FDC9FF}"
      }
    },
    {
      "type": "Feature",
      "id": 28888,
      "geometry": {
        "type": "LineString",
        "coordinates": [
          [-8.64062823348968, 41.161300263365],
          [-8.64008513887645, 41.1618291222702],
          [-8.63938678287347, 41.1624962671393]
        ]
      },
      "properties": {
        "toponimo": "Rua do Tenente Valadim",
        "tarifado": "Sim",
        "objectid": 28888,
        "globalid": "{9C14C952-00DD-4DD7-8D6F-A49FFBA741DD}"
      }
    },
    {
      "type": "Feature",
      "id": 28913,
      "geometry": {
        "type": "LineString",
        "coordinates": [
          [-8.64916217018474, 41.1644783468389],
          [-8.64921838025249, 41.1642704398636],
          [-8.64928424109532, 41.1640275888265]
        ]
      },
      "properties": {
        "toponimo": "Rua do Beato Inácio de Azevedo",
        "tarifado": "Sim",
        "objectid": 28913,
        "globalid": "{6CDD719B-A1EA-4C01-891F-F4FF6266E6E9}"
      }
    },
    {
      "type": "Feature",
      "id": 28914,
      "geometry": {
        "type": "LineString",
        "coordinates": [
          [-8.63903155713266, 41.1627540318366],
          [-8.63913104719233, 41.1628361789441],
          [-8.64008246864118, 41.1636382737775],
          [-8.64072713969895, 41.1641805981081],
          [-8.6412797406743, 41.1646258288215]
        ]
      },
      "properties": {
        "toponimo": "Rua de João de Deus",
        "tarifado": "Sim",
        "objectid": 28914,
        "globalid": "{0BE534AB-DC38-4000-9A40-19D3331AB609}"
      }
    },
    {
      "type": "Feature",
      "id": 28915,
      "geometry": {
        "type": "LineString",
        "coordinates": [
          [-8.61744918403841, 41.1409083800627],
          [-8.61706357390473, 41.140731046937],
          [-8.61673106316732, 41.1405810681896],
          [-8.61652660457955, 41.1405084912224],
          [-8.6163467887769, 41.1404891236045],
          [-8.61620355956791, 41.1404952098128],
          [-8.61614786530728, 41.1405065646623]
        ]
      },
      "properties": {
        "toponimo": "Rua Nova da Alfândega",
        "tarifado": "Sim",
        "objectid": 28915,
        "globalid": "{A85E14FC-A547-4DB5-8012-23CFD485A0C6}"
      }
    },
    {
      "type": "Feature",
      "id": 28959,
      "geometry": {
        "type": "LineString",
        "coordinates": [
          [-8.61200431074215, 41.1529655532543],
          [-8.6119253502817, 41.1529539255214],
          [-8.61162752725685, 41.1527694555307],
          [-8.61114867283841, 41.1524797945595],
          [-8.61069377360887, 41.1522024222523],
          [-8.61034654433749, 41.1519853697908],
          [-8.61020663003426, 41.1518987908206],
          [-8.61016322750957, 41.151836013927]
        ]
      },
      "properties": {
        "toponimo": "Rua do Alferes Malheiro",
        "tarifado": "Sim",
        "objectid": 28959,
        "globalid": "{4AF2409E-0191-4E8E-A518-4CA98C54FA09}"
      }
    },
    {
      "type": "Feature",
      "id": 28980,
      "geometry": {
        "type": "LineString",
        "coordinates": [
          [-8.61822485419533, 41.1434261737738],
          [-8.61819953925376, 41.1433547866053],
          [-8.61804464670591, 41.1432873603434],
          [-8.61771104936638, 41.1431615748166],
          [-8.6175339406437, 41.1431163191302]
        ]
      },
      "properties": {
        "toponimo": "Rua das Virtudes",
        "tarifado": "Sim",
        "objectid": 28980,
        "globalid": "{2F93D69F-F408-439F-9FD9-1AC21FF27378}"
      }
    },
    {
      "type": "Feature",
      "id": 28981,
      "geometry": {
        "type": "LineString",
        "coordinates": [
          [-8.62087516598662, 41.1496415026851],
          [-8.62079140699088, 41.1496539600799],
          [-8.61992140419028, 41.1497699271356],
          [-8.61900694973236, 41.1498952154584],
          [-8.6180879785445, 41.150015878296],
          [-8.61778053558582, 41.1500534733502]
        ]
      },
      "properties": {
        "toponimo": "Rua de Miguel Bombarda",
        "tarifado": "Sim",
        "objectid": 28981,
        "globalid": "{1CE0DBCE-3E80-421C-A63E-EC53CDFE0351}"
      }
    },
    {
      "type": "Feature",
      "id": 29006,
      "geometry": {
        "type": "LineString",
        "coordinates": [
          [-8.62538197276555, 41.1556285006555],
          [-8.6249624741158, 41.1555518008892],
          [-8.62492053976703, 41.1555456417816]
        ]
      },
      "properties": {
        "toponimo": "Largo da Paz",
        "tarifado": "Sim",
        "objectid": 29006,
        "globalid": "{BEF70D0F-A75A-49E6-BEB2-1F0080A802E5}"
      }
    },
    {
      "type": "Feature",
      "id": 29026,
      "geometry": {
        "type": "LineString",
        "coordinates": [
          [-8.59682953756812, 41.1525492298335],
          [-8.59680945151278, 41.1525844817088],
          [-8.59626033271801, 41.1535394642963]
        ]
      },
      "properties": {
        "toponimo": "Avenida de Fernão de Magalhães",
        "tarifado": "Sim",
        "objectid": 29026,
        "globalid": "{C7AB94DC-818A-45E3-B100-8777773E449A}"
      }
    },
    {
      "type": "Feature",
      "id": 29028,
      "geometry": {
        "type": "LineString",
        "coordinates": [
          [-8.61142890235845, 41.157041811907],
          [-8.61127193361888, 41.1570866317411],
          [-8.6101285379142, 41.1572205569663],
          [-8.60999064737037, 41.1572449021001]
        ]
      },
      "properties": {
        "toponimo": "Rua do Paraíso",
        "tarifado": "Sim",
        "objectid": 29028,
        "globalid": "{E357BF0F-017F-4BE4-962C-F9267BA647B5}"
      }
    },
    {
      "type": "Feature",
      "id": 29043,
      "geometry": {
        "type": "LineString",
        "coordinates": [
          [-8.61277012914312, 41.157194345531],
          [-8.61307126074854, 41.1566898301211],
          [-8.61309033576588, 41.1566265950465]
        ]
      },
      "properties": {
        "toponimo": "Largo da Lapa",
        "tarifado": "Sim",
        "objectid": 29043,
        "globalid": "{CBB18722-5F1A-4D5D-B186-C1C11E639FE3}"
      }
    },
    {
      "type": "Feature",
      "id": 29050,
      "geometry": {
        "type": "LineString",
        "coordinates": [
          [-8.62875707972367, 41.1535394912183],
          [-8.62876352198183, 41.1536212040795],
          [-8.62878884497211, 41.1541092856915],
          [-8.62879106195025, 41.1542354783959],
          [-8.6287919905566, 41.1543584359768]
        ]
      },
      "properties": {
        "toponimo": "Rua do Bom Sucesso",
        "tarifado": "Sim",
        "objectid": 29050,
        "globalid": "{F5BEC050-6A66-4C63-A272-2C04F2ADA313}"
      }
    },
    {
      "type": "Feature",
      "id": 29100,
      "geometry": {
        "type": "LineString",
        "coordinates": [
          [-8.61197712001113, 41.1536188978692],
          [-8.61198233285553, 41.1534729795777],
          [-8.61200431074215, 41.1529655532543]
        ]
      },
      "properties": {
        "toponimo": "Rua do Almada",
        "tarifado": "Sim",
        "objectid": 29100,
        "globalid": "{3F2943B3-1C83-40FD-80F4-2663F27D1947}"
      }
    },
    {
      "type": "Feature",
      "id": 29101,
      "geometry": {
        "type": "LineString",
        "coordinates": [
          [-8.61302800936408, 41.1482439003311],
          [-8.61308587176973, 41.1482771635718],
          [-8.61409823097756, 41.1483483451849],
          [-8.61425791165853, 41.1483530062005],
          [-8.61433416170186, 41.1483304190014],
          [-8.61439105518313, 41.1483516278944]
        ]
      },
      "properties": {
        "toponimo": "Rua de Ceuta",
        "tarifado": "Sim",
        "objectid": 29101,
        "globalid": "{C99EA4C0-1C87-4987-89F2-432E85AA519A}"
      }
    },
    {
      "type": "Feature",
      "id": 29151,
      "geometry": {
        "type": "LineString",
        "coordinates": [
          [-8.61200431074215, 41.1529655532543],
          [-8.61201032720752, 41.1528269440396],
          [-8.6120298161408, 41.1522394801938],
          [-8.61205231493954, 41.1516631151453],
          [-8.61206587709893, 41.1510734247293],
          [-8.61208398655096, 41.1503788695096],
          [-8.61208668849236, 41.1503068693384],
          [-8.61209673228238, 41.1502712162417]
        ]
      },
      "properties": {
        "toponimo": "Rua do Almada",
        "tarifado": "Sim",
        "objectid": 29151,
        "globalid": "{C9D6D9FB-2A7C-48B0-83D8-6BFE54756A28}"
      }
    },
    {
      "type": "Feature",
      "id": 29152,
      "geometry": {
        "type": "LineString",
        "coordinates": [
          [-8.64631659422059, 41.1616446736451],
          [-8.64612979738801, 41.1616110416848],
          [-8.64574865544008, 41.1615415233479],
          [-8.6452275778927, 41.1614533954395],
          [-8.64502662448668, 41.1614178436741],
          [-8.64492069534341, 41.1613983364923],
          [-8.64483647234892, 41.1613693232527],
          [-8.64475213849651, 41.1613261997516],
          [-8.64465837262111, 41.1612713683216],
          [-8.64456310488329, 41.1612224143093],
          [-8.64446021266686, 41.1611934836883],
          [-8.64416891934893, 41.1611418832244],
          [-8.64411127955984, 41.1611315597572],
          [-8.64405375331588, 41.1611341659821],
          [-8.6439870034182, 41.1611532739121],
          [-8.64392970534411, 41.1611852683106],
          [-8.64387786134569, 41.1612138357574]
        ]
      },
      "properties": {
        "toponimo": "Rua António Maria de Sena",
        "tarifado": "Sim",
        "objectid": 29152,
        "globalid": "{E84A5D47-A7F2-49D8-A462-8EF9F0CF5036}"
      }
    },
    {
      "type": "Feature",
      "id": 29153,
      "geometry": {
        "type": "LineString",
        "coordinates": [
          [-8.60738375508297, 41.1511096060377],
          [-8.60742908901538, 41.150995181998],
          [-8.60764522115943, 41.150434188376],
          [-8.60772643556112, 41.1502245042547]
        ]
      },
      "properties": {
        "toponimo": "Rua do Bolhão",
        "tarifado": "Sim",
        "objectid": 29153,
        "globalid": "{5D2730AB-8801-47AB-89DD-9A514BAE85E0}"
      }
    },
    {
      "type": "Feature",
      "id": 29154,
      "geometry": {
        "type": "LineString",
        "coordinates": [
          [-8.61812368358261, 41.1569202888913],
          [-8.61809408644683, 41.1569328034909],
          [-8.61800367469109, 41.1570167453555],
          [-8.61782270497812, 41.157150322027],
          [-8.61777224996823, 41.1571888748368]
        ]
      },
      "properties": {
        "toponimo": "Rua do Melo",
        "tarifado": "Sim",
        "objectid": 29154,
        "globalid": "{221C90B5-DB7D-4436-AB33-E39FA7916FCA}"
      }
    },
    {
      "type": "Feature",
      "id": 29176,
      "geometry": {
        "type": "LineString",
        "coordinates": [
          [-8.60769047011066, 41.1556709584805],
          [-8.607707564263, 41.1559045752343],
          [-8.60773969400557, 41.1562467476836],
          [-8.60773732387845, 41.1563307482146],
          [-8.60769564166991, 41.1567130338912],
          [-8.60768171715188, 41.1567890690499]
        ]
      },
      "properties": {
        "toponimo": "Rua do Bonjardim",
        "tarifado": "Sim",
        "objectid": 29176,
        "globalid": "{0ED28BF6-A236-4DC9-B7E0-2509A5458E16}"
      }
    },
    {
      "type": "Feature",
      "id": 29177,
      "geometry": {
        "type": "LineString",
        "coordinates": [
          [-8.6287919905566, 41.1543584359768],
          [-8.62879218254427, 41.1543837643815],
          [-8.62878240689721, 41.1544396595177],
          [-8.62873771795205, 41.1544928964253]
        ]
      },
      "properties": {
        "toponimo": "Rua do Bom Sucesso",
        "tarifado": "Sim",
        "objectid": 29177,
        "globalid": "{6A6E390B-F5B0-4EB0-9306-43C4E56DA361}"
      }
    },
    {
      "type": "Feature",
      "id": 29178,
      "geometry": {
        "type": "LineString",
        "coordinates": [
          [-8.59984747868916, 41.1473518108776],
          [-8.59982741935831, 41.1472262560592],
          [-8.59965165733408, 41.1468390852307],
          [-8.5995161891084, 41.1465617735075],
          [-8.59936537605417, 41.1462269777188],
          [-8.59924642419572, 41.145961835727],
          [-8.59919969868772, 41.1458752154989]
        ]
      },
      "properties": {
        "toponimo": "Rua do Barão de S. Cosme",
        "tarifado": "Sim",
        "objectid": 29178,
        "globalid": "{279F7729-BC72-405E-9BD6-154A89760A23}"
      }
    },
    {
      "type": "Feature",
      "id": 29202,
      "geometry": {
        "type": "LineString",
        "coordinates": [
          [-8.60865768278768, 41.1602373071834],
          [-8.60871020255206, 41.160245814649],
          [-8.60973719382327, 41.1603944741668],
          [-8.60981882995298, 41.1604075059818],
          [-8.60999213594553, 41.1604387234029]
        ]
      },
      "properties": {
        "toponimo": "Travessa de Antero de Quental",
        "tarifado": "Sim",
        "objectid": 29202,
        "globalid": "{4851776F-9CD0-4B3C-8B17-8ECFB622582F}"
      }
    },
    {
      "type": "Feature",
      "id": 29204,
      "geometry": {
        "type": "LineString",
        "coordinates": [
          [-8.60213027899895, 41.1432801817472],
          [-8.60216569104224, 41.1433516475137],
          [-8.60248784262699, 41.143973742019],
          [-8.60277865312288, 41.1445396680284]
        ]
      },
      "properties": {
        "toponimo": "Rua das Fontainhas",
        "tarifado": "Sim",
        "objectid": 29204,
        "globalid": "{BFD38B3D-EF0B-4E21-880F-5840CC0025D1}"
      }
    },
    {
      "type": "Feature",
      "id": 29225,
      "geometry": {
        "type": "LineString",
        "coordinates": [
          [-8.67752493009457, 41.1548795361643],
          [-8.67791138492183, 41.1553528147559],
          [-8.67810830239161, 41.1555852945441]
        ]
      },
      "properties": {
        "toponimo": "Rua do Marechal Saldanha",
        "tarifado": "Sim",
        "objectid": 29225,
        "globalid": "{25456EA0-3B03-40B6-9B4F-6C4E5C9F7DF0}"
      }
    },
    {
      "type": "Feature",
      "id": 29226,
      "geometry": {
        "type": "LineString",
        "coordinates": [
          [-8.6164865657751, 41.1623661623574],
          [-8.61631084692811, 41.1623512888154],
          [-8.6157712549965, 41.162283075999]
        ]
      },
      "properties": {
        "toponimo": "Rua de Damião de Góis",
        "tarifado": "Sim",
        "objectid": 29226,
        "globalid": "{F00AD292-58F2-4F09-B2B0-97722582C491}"
      }
    },
    {
      "type": "Feature",
      "id": 29227,
      "geometry": {
        "type": "LineString",
        "coordinates": [
          [-8.662796117893, 41.1547522696638],
          [-8.66280347438139, 41.1547632112262],
          [-8.66297783680295, 41.1550212759749]
        ]
      },
      "properties": {
        "toponimo": "Rua de João de Barros",
        "tarifado": "Sim",
        "objectid": 29227,
        "globalid": "{89180A29-6B17-4C01-A80D-3F3DA2755318}"
      }
    },
    {
      "type": "Feature",
      "id": 29286,
      "geometry": {
        "type": "LineString",
        "coordinates": [
          [-8.67810830239161, 41.1555852945441],
          [-8.67836500652309, 41.1558883794274],
          [-8.67915050690465, 41.1568226247494],
          [-8.67923553098204, 41.1569236428822]
        ]
      },
      "properties": {
        "toponimo": "Rua do Marechal Saldanha",
        "tarifado": "Sim",
        "objectid": 29286,
        "globalid": "{2D7DB1E2-217F-4EFA-AD6D-898886503713}"
      }
    },
    {
      "type": "Feature",
      "id": 29294,
      "geometry": {
        "type": "LineString",
        "coordinates": [
          [-8.61304287536581, 41.1499955238907],
          [-8.6131512313651, 41.1499922522191],
          [-8.61405209860533, 41.1499537961726]
        ]
      },
      "properties": {
        "toponimo": "Rua da Conceição",
        "tarifado": "Sim",
        "objectid": 29294,
        "globalid": "{38334604-D78E-4490-9E8F-E5618489F4BD}"
      }
    },
    {
      "type": "Feature",
      "id": 29295,
      "geometry": {
        "type": "LineString",
        "coordinates": [
          [-8.61405209860533, 41.1499537961726],
          [-8.61445009788818, 41.1499415752594],
          [-8.61470928628659, 41.1499348596901],
          [-8.61479649005804, 41.14992914558]
        ]
      },
      "properties": {
        "toponimo": "Rua da Conceição",
        "tarifado": "Sim",
        "objectid": 29295,
        "globalid": "{27B3D682-12AC-4FB7-B2DC-51EB58E0D508}"
      }
    },
    {
      "type": "Feature",
      "id": 29296,
      "geometry": {
        "type": "LineString",
        "coordinates": [
          [-8.60215803355356, 41.164617315912],
          [-8.60211488264081, 41.1645515087423],
          [-8.60192592440031, 41.1642535843155],
          [-8.60188254590296, 41.164189047592]
        ]
      },
      "properties": {
        "toponimo": "Rua de Álvaro de Castelões",
        "tarifado": "Sim",
        "objectid": 29296,
        "globalid": "{9D1ACA4C-2775-4774-AA18-601DAA24F425}"
      }
    },
    {
      "type": "Feature",
      "id": 29330,
      "geometry": {
        "type": "LineString",
        "coordinates": [
          [-8.65108788313768, 41.1762511825576],
          [-8.65124450134375, 41.1763780808729],
          [-8.65130368108521, 41.1764262109936],
          [-8.65133372706281, 41.1764506836862]
        ]
      },
      "properties": {
        "toponimo": "Rua de Manuel Pinto de Azevedo",
        "tarifado": "Sim",
        "objectid": 29330,
        "globalid": "{B733AE2B-36E7-4851-A800-06CFDEF23F64}"
      }
    },
    {
      "type": "Feature",
      "id": 29346,
      "geometry": {
        "type": "LineString",
        "coordinates": [
          [-8.59857875534469, 41.1593579371322],
          [-8.59865315948512, 41.1589570916175],
          [-8.59868100068701, 41.1588143151264]
        ]
      },
      "properties": {
        "toponimo": "Rua de Santos Pousada",
        "tarifado": "Sim",
        "objectid": 29346,
        "globalid": "{4B9B2772-5718-41ED-9E93-795E07D4AD3E}"
      }
    },
    {
      "type": "Feature",
      "id": 29371,
      "geometry": {
        "type": "LineString",
        "coordinates": [
          [-8.62430716882596, 41.1555491153344],
          [-8.62422010727857, 41.15583734382],
          [-8.62411282062069, 41.1561945948136],
          [-8.62397507330246, 41.15664933048],
          [-8.6238583818684, 41.157044475533]
        ]
      },
      "properties": {
        "toponimo": "Rua de Santa Isabel",
        "tarifado": "Sim",
        "objectid": 29371,
        "globalid": "{B6937C48-E8CF-44EE-85A6-AD93A317B644}"
      }
    },
    {
      "type": "Feature",
      "id": 29397,
      "geometry": {
        "type": "LineString",
        "coordinates": [
          [-8.6053544341857, 41.1509619466011],
          [-8.60525325485624, 41.1509594088309],
          [-8.60482444377483, 41.1509518884558]
        ]
      },
      "properties": {
        "toponimo": "Rua da Firmeza",
        "tarifado": "Sim",
        "objectid": 29397,
        "globalid": "{6DC517E2-7A37-4DD0-AFEE-F25C4C0D0619}"
      }
    },
    {
      "type": "Feature",
      "id": 29401,
      "geometry": {
        "type": "LineString",
        "coordinates": [
          [-8.61736020692811, 41.1445644880013],
          [-8.61741478856461, 41.1445261340557],
          [-8.61744211751543, 41.1444961966961],
          [-8.61762750159411, 41.1442231701052],
          [-8.61810482415392, 41.143483929856],
          [-8.61822485419533, 41.1434261737738]
        ]
      },
      "properties": {
        "toponimo": "Rua do Dr. Barbosa de Castro",
        "tarifado": "Sim",
        "objectid": 29401,
        "globalid": "{3A168C81-A32E-4D62-BFFE-041D15CB1A08}"
      }
    },
    {
      "type": "Feature",
      "id": 29421,
      "geometry": {
        "type": "LineString",
        "coordinates": [
          [-8.60225759226602, 41.1510072841589],
          [-8.6023006332295, 41.1515867571674],
          [-8.60235299883331, 41.1522572153509],
          [-8.60239593514824, 41.152860189089],
          [-8.60242888454693, 41.153277626397]
        ]
      },
      "properties": {
        "toponimo": "Rua de D. João IV",
        "tarifado": "Sim",
        "objectid": 29421,
        "globalid": "{2D998970-6C2B-4E73-8366-EAD0E3CCD9D0}"
      }
    },
    {
      "type": "Feature",
      "id": 29447,
      "geometry": {
        "type": "LineString",
        "coordinates": [
          [-8.66824158147009, 41.1475423448035],
          [-8.66745709286655, 41.1475212425782]
        ]
      },
      "properties": {
        "toponimo": "Avenida de D. Carlos I",
        "tarifado": "Sim",
        "objectid": 29447,
        "globalid": "{0B77031F-0BBA-494E-9ACB-60D8B690DD52}"
      }
    },
    {
      "type": "Feature",
      "id": 29469,
      "geometry": {
        "type": "LineString",
        "coordinates": [
          [-8.60093445252018, 41.1487628999861],
          [-8.60121924622738, 41.14881770962],
          [-8.60192827605894, 41.148956930253]
        ]
      },
      "properties": {
        "toponimo": "Rua de Fernandes Tomás",
        "tarifado": "Sim",
        "objectid": 29469,
        "globalid": "{AF124FC6-CB63-46C0-A12F-F25C6AB77F3F}"
      }
    },
    {
      "type": "Feature",
      "id": 29470,
      "geometry": {
        "type": "LineString",
        "coordinates": [
          [-8.60738375508297, 41.1511096060377],
          [-8.60688468357263, 41.1509751987529],
          [-8.60679370866481, 41.1509620672584],
          [-8.60670554296904, 41.1509703094908]
        ]
      },
      "properties": {
        "toponimo": "Rua da Firmeza",
        "tarifado": "Sim",
        "objectid": 29470,
        "globalid": "{1FFC0848-25A5-4CA3-868F-4DD0361CC10E}"
      }
    },
    {
      "type": "Feature",
      "id": 29489,
      "geometry": {
        "type": "LineString",
        "coordinates": [
          [-8.5976344386707, 41.1467158575036],
          [-8.59740073176933, 41.1466456156965],
          [-8.5964904057857, 41.1463617249854],
          [-8.59621007386197, 41.146280403839]
        ]
      },
      "properties": {
        "toponimo": "Rua do Conde de Ferreira",
        "tarifado": "Sim",
        "objectid": 29489,
        "globalid": "{4790222F-4A4E-4332-A029-255D69507550}"
      }
    },
    {
      "type": "Feature",
      "id": 29490,
      "geometry": {
        "type": "LineString",
        "coordinates": [
          [-8.59871909014446, 41.147041532552],
          [-8.59843356385598, 41.1469560246869],
          [-8.5976344386707, 41.1467158575036]
        ]
      },
      "properties": {
        "toponimo": "Rua do Conde de Ferreira",
        "tarifado": "Sim",
        "objectid": 29490,
        "globalid": "{ADED40B3-DAAA-4411-AB1C-6ED9D663760E}"
      }
    },
    {
      "type": "Feature",
      "id": 29491,
      "geometry": {
        "type": "LineString",
        "coordinates": [
          [-8.60242888454693, 41.153277626397],
          [-8.6024449583154, 41.1534811367502],
          [-8.60249707312399, 41.1541178302428],
          [-8.60252928111014, 41.1545348562506]
        ]
      },
      "properties": {
        "toponimo": "Rua de D. João IV",
        "tarifado": "Sim",
        "objectid": 29491,
        "globalid": "{27E394AF-BF84-4AC7-ABA2-0E94EECADF79}"
      }
    },
    {
      "type": "Feature",
      "id": 29492,
      "geometry": {
        "type": "LineString",
        "coordinates": [
          [-8.59871909014446, 41.147041532552],
          [-8.59879515801688, 41.1472359408438],
          [-8.59900035425398, 41.1477728247278],
          [-8.59906116375718, 41.1479353659561]
        ]
      },
      "properties": {
        "toponimo": "Rua do Duque da Terceira",
        "tarifado": "Sim",
        "objectid": 29492,
        "globalid": "{CD69297A-5B8E-4D1A-9AAF-14E5B68FE742}"
      }
    },
    {
      "type": "Feature",
      "id": 29493,
      "geometry": {
        "type": "LineString",
        "coordinates": [
          [-8.605259937986, 41.1456830253997],
          [-8.60535444512772, 41.1456318533756],
          [-8.60561985874539, 41.145426760269],
          [-8.60584319824547, 41.1452710759935],
          [-8.60595497818684, 41.1452087112957],
          [-8.60646597131899, 41.1449910706216],
          [-8.60660950363414, 41.1449199846392],
          [-8.60689535066772, 41.1448121679037],
          [-8.6069748779761, 41.1447751200764]
        ]
      },
      "properties": {
        "toponimo": "Rua de Entreparedes",
        "tarifado": "Sim",
        "objectid": 29493,
        "globalid": "{887E02D3-C4A9-4642-B5D8-C5D71E696290}"
      }
    },
    {
      "type": "Feature",
      "id": 29517,
      "geometry": {
        "type": "LineString",
        "coordinates": [
          [-8.66513540094785, 41.1480282538842],
          [-8.66490385951399, 41.1480684343524],
          [-8.66463201310963, 41.1480843355183],
          [-8.66429432556146, 41.1480601488591],
          [-8.66394539629165, 41.1479966288836],
          [-8.66345893723081, 41.147899834342],
          [-8.66286436698353, 41.1477897529249],
          [-8.66241938392024, 41.1477072503354],
          [-8.66241205880521, 41.1477058793155]
        ]
      },
      "properties": {
        "toponimo": "Rua do Passeio Alegre",
        "tarifado": "Sim",
        "objectid": 29517,
        "globalid": "{0CFB5DB4-1180-43BF-AC93-B502D41BB4F6}"
      }
    },
    {
      "type": "Feature",
      "id": 29569,
      "geometry": {
        "type": "LineString",
        "coordinates": [
          [-8.6175339406437, 41.1431163191302],
          [-8.61756156020856, 41.1431740281271],
          [-8.6174727690349, 41.1434134395436],
          [-8.61745976844381, 41.1434368515353]
        ]
      },
      "properties": {
        "toponimo": "Rua das Taipas",
        "tarifado": "Sim",
        "objectid": 29569,
        "globalid": "{C34B0C49-8AFC-47C6-ADAF-572DBB065EE9}"
      }
    },
    {
      "type": "Feature",
      "id": 29570,
      "geometry": {
        "type": "LineString",
        "coordinates": [
          [-8.61745976844381, 41.1434368515353],
          [-8.6173702416597, 41.1435979009515],
          [-8.61720715817607, 41.1438194725356],
          [-8.6171770659309, 41.1438463329569]
        ]
      },
      "properties": {
        "toponimo": "Rua das Taipas",
        "tarifado": "Sim",
        "objectid": 29570,
        "globalid": "{06FB4C60-0FA2-47F6-BB67-1D2AAACF4BE3}"
      }
    },
    {
      "type": "Feature",
      "id": 29571,
      "geometry": {
        "type": "LineString",
        "coordinates": [
          [-8.6171770659309, 41.1438463329569],
          [-8.617115731083, 41.1439007519453],
          [-8.61685173101443, 41.1441205067031],
          [-8.6167101296585, 41.1442401218631],
          [-8.61649007933484, 41.1443823077479],
          [-8.61635827828456, 41.1444418132234]
        ]
      },
      "properties": {
        "toponimo": "Rua das Taipas",
        "tarifado": "Sim",
        "objectid": 29571,
        "globalid": "{BF58AD5C-559A-43AB-9E1C-CCDE3BEEAB27}"
      }
    },
    {
      "type": "Feature",
      "id": 29581,
      "geometry": {
        "type": "LineString",
        "coordinates": [
          [-8.6091724330014, 41.1409178293668],
          [-8.60912947734448, 41.1409285518996],
          [-8.6086726828202, 41.1410507415085],
          [-8.60784252105648, 41.1412441138114],
          [-8.60719642292857, 41.1413762196882],
          [-8.60683762436026, 41.1414491679661],
          [-8.60611655883913, 41.1416164688984],
          [-8.60538329409249, 41.1417838063271],
          [-8.60505943992414, 41.1418190566667],
          [-8.60478266400228, 41.1418220226608],
          [-8.60452030750676, 41.1418028403577],
          [-8.60444896619044, 41.1417952543584]
        ]
      },
      "properties": {
        "toponimo": "Avenida de Gustavo Eiffel",
        "tarifado": "Sim",
        "objectid": 29581,
        "globalid": "{CEC762BA-635A-407D-B6DF-CBD81714ED73}"
      }
    },
    {
      "type": "Feature",
      "id": 29587,
      "geometry": {
        "type": "LineString",
        "coordinates": [
          [-8.59387869358499, 41.1509000084593],
          [-8.59378364510538, 41.1508239533109],
          [-8.59355360429218, 41.1507614229444],
          [-8.59225831975076, 41.1504175616908],
          [-8.59128044267482, 41.1501538718386]
        ]
      },
      "properties": {
        "toponimo": "Rua de Pinto Bessa",
        "tarifado": "Sim",
        "objectid": 29587,
        "globalid": "{CCD46FDB-7DB3-4644-84F2-C7B5A47C1D45}"
      }
    },
    {
      "type": "Feature",
      "id": 29605,
      "geometry": {
        "type": "LineString",
        "coordinates": [
          [-8.61432544870855, 41.1592717887971],
          [-8.61405024414862, 41.1592050148358]
        ]
      },
      "properties": {
        "toponimo": "Rua de Alves Redol",
        "tarifado": "Sim",
        "objectid": 29605,
        "globalid": "{0CDC8327-9365-45C8-B083-57E57999F3EB}"
      }
    },
    {
      "type": "Feature",
      "id": 29610,
      "geometry": {
        "type": "LineString",
        "coordinates": [
          [-8.62456967927209, 41.1527794725142],
          [-8.62441385378323, 41.152825025736],
          [-8.62405024333868, 41.1529198566048]
        ]
      },
      "properties": {
        "toponimo": "Largo de Alexandre Sá Pinto",
        "tarifado": "Sim",
        "objectid": 29610,
        "globalid": "{E764944A-F6C0-49AC-BE59-CB8E085C5265}"
      }
    },
    {
      "type": "Feature",
      "id": 29672,
      "geometry": {
        "type": "LineString",
        "coordinates": [
          [-8.61405024414862, 41.1592050148358],
          [-8.6139462430786, 41.1593605308284],
          [-8.61389124326096, 41.1594914845572]
        ]
      },
      "properties": {
        "toponimo": "Rua de Cervantes",
        "tarifado": "Sim",
        "objectid": 29672,
        "globalid": "{C80C7C93-80AE-4C95-8DC1-D2B8BA3D6F2E}"
      }
    },
    {
      "type": "Feature",
      "id": 29707,
      "geometry": {
        "type": "LineString",
        "coordinates": [
          [-8.6156928087015, 41.1618429016487],
          [-8.61561468749791, 41.1619532520363],
          [-8.61543617781282, 41.1622407338216]
        ]
      },
      "properties": {
        "toponimo": "Rua de Alves Redol",
        "tarifado": "Sim",
        "objectid": 29707,
        "globalid": "{F20146CA-AD86-446F-B027-1DE5DED9FBA7}"
      }
    },
    {
      "type": "Feature",
      "id": 29712,
      "geometry": {
        "type": "LineString",
        "coordinates": [
          [-8.60507682334932, 41.1437345004548],
          [-8.60499715171892, 41.1439398185096],
          [-8.60494567158257, 41.1440473794646]
        ]
      },
      "properties": {
        "toponimo": "Rua do Duque de Loulé",
        "tarifado": "Sim",
        "objectid": 29712,
        "globalid": "{7FFD0151-EBC8-4042-8503-75DF83DC1EF3}"
      }
    },
    {
      "type": "Feature",
      "id": 29713,
      "geometry": {
        "type": "LineString",
        "coordinates": [
          [-8.58520248433487, 41.1649049163191],
          [-8.58509852234939, 41.1648699561768],
          [-8.58483574232559, 41.164784495864],
          [-8.58463703627056, 41.1647259390807],
          [-8.58444219284451, 41.164650267577],
          [-8.58441851051236, 41.1646234202865]
        ]
      },
      "properties": {
        "toponimo": "Rua de \"A Renascença Portuguesa\"",
        "tarifado": "Sim",
        "objectid": 29713,
        "globalid": "{43573EFC-F919-4B39-8D34-59F813AAD2F1}"
      }
    },
    {
      "type": "Feature",
      "id": 29738,
      "geometry": {
        "type": "LineString",
        "coordinates": [
          [-8.60318526382354, 41.1492133275344],
          [-8.603162606986, 41.14913520091],
          [-8.60306593190085, 41.1487951188621],
          [-8.60280339679046, 41.1478914097365],
          [-8.6027023427543, 41.1475614840736],
          [-8.60263076102392, 41.1472981145907]
        ]
      },
      "properties": {
        "toponimo": "Rua do Dr. Alves da Veiga",
        "tarifado": "Sim",
        "objectid": 29738,
        "globalid": "{C6A7072D-F4B9-4610-B194-1C42E3D0563A}"
      }
    },
    {
      "type": "Feature",
      "id": 29760,
      "geometry": {
        "type": "LineString",
        "coordinates": [
          [-8.60259064608722, 41.1846595765546],
          [-8.60181712542186, 41.1844845273594],
          [-8.60134849634991, 41.184382748053]
        ]
      },
      "properties": {
        "toponimo": "Rua do Mestre Guilherme Camarinha",
        "tarifado": "Sim",
        "objectid": 29760,
        "globalid": "{4B2E6BAD-980D-4AA2-8608-129A92821B32}"
      }
    },
    {
      "type": "Feature",
      "id": 29762,
      "geometry": {
        "type": "LineString",
        "coordinates": [
          [-8.60392472740511, 41.1763525631404],
          [-8.60376650308415, 41.1763972688422],
          [-8.60353198504303, 41.1764455572298],
          [-8.60324382084535, 41.1765209141036],
          [-8.60295136848162, 41.1766068327057],
          [-8.60274317824707, 41.1767155093959],
          [-8.60254244572571, 41.1767972062904],
          [-8.6023643240127, 41.1768345193772],
          [-8.60221137631852, 41.1768293634451],
          [-8.60208124375763, 41.1768048640835],
          [-8.60193567242933, 41.1767611761872],
          [-8.60175004983261, 41.1766410162258],
          [-8.6011070444593, 41.1761699738618],
          [-8.60094612831117, 41.1760464346245],
          [-8.60082064684638, 41.1759602983832],
          [-8.60071576106565, 41.1759029642464],
          [-8.60058290446489, 41.1758553682596],
          [-8.60045270659844, 41.1758231686224],
          [-8.60032515598575, 41.1758044276609],
          [-8.60019390473958, 41.1758030799026]
        ]
      },
      "properties": {
        "toponimo": "Rua Júlio Amaral de Carvalho",
        "tarifado": "Sim",
        "objectid": 29762,
        "globalid": "{65B1D259-721F-422F-BC92-77F87E4924C4}"
      }
    },
    {
      "type": "Feature",
      "id": 29763,
      "geometry": {
        "type": "LineString",
        "coordinates": [
          [-8.58826467108107, 41.1639014139674],
          [-8.58821244957433, 41.1639961649838],
          [-8.58730708036216, 41.1655806025315]
        ]
      },
      "properties": {
        "toponimo": "Rua Maria Adelaide Freitas Gonçalves",
        "tarifado": "Sim",
        "objectid": 29763,
        "globalid": "{B66502A5-589C-41D6-9372-7513158BCAB2}"
      }
    },
    {
      "type": "Feature",
      "id": 29809,
      "geometry": {
        "type": "LineString",
        "coordinates": [
          [-8.60366710819573, 41.1509588893223],
          [-8.6036805145456, 41.1508882052733],
          [-8.60357871799143, 41.1505588418654],
          [-8.60348052929448, 41.150214264257],
          [-8.60339148577461, 41.1499055315801],
          [-8.60329644112961, 41.1495855669617],
          [-8.60320596779775, 41.1492847187572],
          [-8.60318526382354, 41.1492133275344]
        ]
      },
      "properties": {
        "toponimo": "Rua do Dr. Alves da Veiga",
        "tarifado": "Sim",
        "objectid": 29809,
        "globalid": "{290BE493-29E8-49E5-A33F-8E460DE9DD7D}"
      }
    },
    {
      "type": "Feature",
      "id": 29810,
      "geometry": {
        "type": "LineString",
        "coordinates": [
          [-8.60681812214613, 41.1522919201846],
          [-8.60697516018582, 41.1523286936706],
          [-8.60811370153875, 41.1526100177583]
        ]
      },
      "properties": {
        "toponimo": "Rua de Guedes de Azevedo",
        "tarifado": "Sim",
        "objectid": 29810,
        "globalid": "{AABDAC30-B9A9-4709-9126-5F5D5C74E0C4}"
      }
    },
    {
      "type": "Feature",
      "id": 29811,
      "geometry": {
        "type": "LineString",
        "coordinates": [
          [-8.61302800936408, 41.1482439003311],
          [-8.61298537673015, 41.1482911617418],
          [-8.61298870157507, 41.1484329917766],
          [-8.61298696867342, 41.1497738840273],
          [-8.61298823610997, 41.1498297498881]
        ]
      },
      "properties": {
        "toponimo": "Rua da Picaria",
        "tarifado": "Sim",
        "objectid": 29811,
        "globalid": "{7B8001B0-73CB-4691-B476-18C873C8DD08}"
      }
    },
    {
      "type": "Feature",
      "id": 29833,
      "geometry": {
        "type": "LineString",
        "coordinates": [
          [-8.61043349596155, 41.14354075971],
          [-8.61030804979115, 41.1436082008095],
          [-8.61019675793797, 41.1437810134949],
          [-8.61008434355513, 41.1438961415337],
          [-8.6099532430307, 41.143980668933],
          [-8.60993751291384, 41.1439877754618]
        ]
      },
      "properties": {
        "toponimo": "Rua Chã",
        "tarifado": "Sim",
        "objectid": 29833,
        "globalid": "{575AB766-6A90-4E63-82A8-E582BBC13FF7}"
      }
    },
    {
      "type": "Feature",
      "id": 29834,
      "geometry": {
        "type": "LineString",
        "coordinates": [
          [-8.60993751291384, 41.1439877754618],
          [-8.60976658083851, 41.1440658682163],
          [-8.60954287874978, 41.1441368593307]
        ]
      },
      "properties": {
        "toponimo": "Rua Chã",
        "tarifado": "Sim",
        "objectid": 29834,
        "globalid": "{0DC6DC8D-9629-4B4B-808A-28F8C1D85F41}"
      }
    },
    {
      "type": "Feature",
      "id": 29893,
      "geometry": {
        "type": "LineString",
        "coordinates": [
          [-8.63636906440049, 41.1579250124167],
          [-8.63609960039362, 41.158458424284],
          [-8.63588323398018, 41.158918731605],
          [-8.63583429937652, 41.1589819755654]
        ]
      },
      "properties": {
        "toponimo": "Rua de Guerra Junqueiro",
        "tarifado": "Sim",
        "objectid": 29893,
        "globalid": "{F80BB41C-8D40-4098-A621-6BAECEFC7C41}"
      }
    },
    {
      "type": "Feature",
      "id": 29908,
      "geometry": {
        "type": "LineString",
        "coordinates": [
          [-8.61984155954742, 41.1422159815378],
          [-8.61981314175365, 41.1421969682247],
          [-8.61930445147181, 41.1418715932223],
          [-8.61872015549361, 41.1414932135148],
          [-8.61846674764037, 41.1413638675928],
          [-8.61835177952115, 41.1413134250175]
        ]
      },
      "properties": {
        "toponimo": "Rua Nova da Alfândega",
        "tarifado": "Sim",
        "objectid": 29908,
        "globalid": "{454DC61B-81B4-4189-8977-4455FDD1B427}"
      }
    },
    {
      "type": "Feature",
      "id": 29932,
      "geometry": {
        "type": "LineString",
        "coordinates": [
          [-8.63067126755531, 41.1534718316462],
          [-8.63065998246773, 41.1532419939536],
          [-8.63065016847719, 41.153064905481]
        ]
      },
      "properties": {
        "toponimo": "Rua do Arquitecto Marques da Silva",
        "tarifado": "Sim",
        "objectid": 29932,
        "globalid": "{C22A16DF-8339-4AB1-BABF-ACE5845DEAE6}"
      }
    },
    {
      "type": "Feature",
      "id": 29953,
      "geometry": {
        "type": "LineString",
        "coordinates": [
          [-8.6043603032987, 41.1618572879584],
          [-8.60488011895823, 41.1619299321303],
          [-8.60521988660794, 41.1619846676742],
          [-8.60528130301916, 41.1619892053376]
        ]
      },
      "properties": {
        "toponimo": "Rua da Constituição",
        "tarifado": "Sim",
        "objectid": 29953,
        "globalid": "{EDC7F792-E032-49DF-94DB-DDFB3BF3647F}"
      }
    },
    {
      "type": "Feature",
      "id": 29960,
      "geometry": {
        "type": "LineString",
        "coordinates": [
          [-8.62718848132815, 41.1492413903075],
          [-8.62725280352373, 41.1492978130287],
          [-8.62759952381326, 41.149639326285],
          [-8.62763569165992, 41.1497027588769],
          [-8.62772287817364, 41.1499476037526]
        ]
      },
      "properties": {
        "toponimo": "Rua de Vilar",
        "tarifado": "Sim",
        "objectid": 29960,
        "globalid": "{6187CD94-0DDE-4F6A-B93D-8F5E0A405C7F}"
      }
    },
    {
      "type": "Feature",
      "id": 29961,
      "geometry": {
        "type": "LineString",
        "coordinates": [
          [-8.6267047351692, 41.1488264499091],
          [-8.62676498897569, 41.1488394263098],
          [-8.62713475913946, 41.1491941956762],
          [-8.62718848132815, 41.1492413903075]
        ]
      },
      "properties": {
        "toponimo": "Rua de Vilar",
        "tarifado": "Sim",
        "objectid": 29961,
        "globalid": "{6C834D62-42F9-441F-9F78-BC08099E9828}"
      }
    },
    {
      "type": "Feature",
      "id": 29983,
      "geometry": {
        "type": "LineString",
        "coordinates": [
          [-8.64550115616267, 41.1717134481782],
          [-8.64603240900695, 41.1721473418752],
          [-8.64712292882452, 41.1730348593936]
        ]
      },
      "properties": {
        "toponimo": "Rua de Manuel Pinto de Azevedo",
        "tarifado": "Sim",
        "objectid": 29983,
        "globalid": "{DF3A9A6D-E550-450E-BF26-F01D0218004D}"
      }
    },
    {
      "type": "Feature",
      "id": 30004,
      "geometry": {
        "type": "LineString",
        "coordinates": [
          [-8.58809575469138, 41.1492942476688],
          [-8.58807557468986, 41.1493371242117],
          [-8.58805734352352, 41.1493758609518]
        ]
      },
      "properties": {
        "toponimo": "Rua de Pinto Bessa",
        "tarifado": "Sim",
        "objectid": 30004,
        "globalid": "{A7A287A1-0864-4B18-83EE-34E2EEAF81B1}"
      }
    },
    {
      "type": "Feature",
      "id": 30005,
      "geometry": {
        "type": "LineString",
        "coordinates": [
          [-8.59984747868916, 41.1473518108776],
          [-8.59960099313376, 41.147310889508],
          [-8.59892383716015, 41.1471027412529],
          [-8.59871909014446, 41.147041532552]
        ]
      },
      "properties": {
        "toponimo": "Rua do Conde de Ferreira",
        "tarifado": "Sim",
        "objectid": 30005,
        "globalid": "{24621BF0-7A82-4132-8135-17702930A737}"
      }
    },
    {
      "type": "Feature",
      "id": 30015,
      "geometry": {
        "type": "LineString",
        "coordinates": [
          [-8.67600784741709, 41.1545599037621],
          [-8.67589232307238, 41.1546129362785],
          [-8.6751185629904, 41.1549678948222]
        ]
      },
      "properties": {
        "toponimo": "Rua do Faial",
        "tarifado": "Sim",
        "objectid": 30015,
        "globalid": "{F6F1D8DA-62DD-41C6-B213-231917AE4230}"
      }
    },
    {
      "type": "Feature",
      "id": 30053,
      "geometry": {
        "type": "LineString",
        "coordinates": [
          [-8.63738729616553, 41.1614489144731],
          [-8.63744355158781, 41.1613985860601],
          [-8.6374643662344, 41.1613460176545],
          [-8.63817589073599, 41.1595520327925],
          [-8.63819173782928, 41.159470222823]
        ]
      },
      "properties": {
        "toponimo": "Rua de Belos Ares",
        "tarifado": "Sim",
        "objectid": 30053,
        "globalid": "{5C2E9842-88CE-423A-9047-EDA1B1B80EB0}"
      }
    },
    {
      "type": "Feature",
      "id": 30101,
      "geometry": {
        "type": "LineString",
        "coordinates": [
          [-8.61188046972829, 41.1617914872638],
          [-8.61183296385914, 41.1618172840516],
          [-8.6117982745123, 41.1618409304464],
          [-8.61178493068128, 41.1618687012571],
          [-8.61178898456088, 41.1618951292546],
          [-8.61179694485235, 41.1619198581065],
          [-8.61181641225567, 41.1619344083527],
          [-8.61185711520746, 41.161944512235],
          [-8.6124305342572, 41.1620123235063],
          [-8.61248313637127, 41.1620202616305]
        ]
      },
      "properties": {
        "toponimo": "Rua de Damião de Góis",
        "tarifado": "Sim",
        "objectid": 30101,
        "globalid": "{7D6766BA-256D-4364-B476-5E7AE18D28BD}"
      }
    },
    {
      "type": "Feature",
      "id": 30102,
      "geometry": {
        "type": "LineString",
        "coordinates": [
          [-8.612471761617, 41.1618661123623],
          [-8.61188046972829, 41.1617914872638]
        ]
      },
      "properties": {
        "toponimo": "Rua de Damião de Góis",
        "tarifado": "Sim",
        "objectid": 30102,
        "globalid": "{D0271578-840A-44D9-BD80-BFE4DE7A066E}"
      }
    },
    {
      "type": "Feature",
      "id": 30103,
      "geometry": {
        "type": "LineString",
        "coordinates": [
          [-8.6127104635496, 41.1618962061947],
          [-8.612471761617, 41.1618661123623]
        ]
      },
      "properties": {
        "toponimo": "Rua de Damião de Góis",
        "tarifado": "Sim",
        "objectid": 30103,
        "globalid": "{99F1BC6C-F72D-455D-BAF2-A2B4A046D19A}"
      }
    },
    {
      "type": "Feature",
      "id": 30118,
      "geometry": {
        "type": "LineString",
        "coordinates": [
          [-8.65133372706281, 41.1764506836862],
          [-8.65139678173853, 41.1765020459786],
          [-8.65163559240836, 41.1766965266832]
        ]
      },
      "properties": {
        "toponimo": "Rua de Manuel Pinto de Azevedo",
        "tarifado": "Sim",
        "objectid": 30118,
        "globalid": "{5A6C2F16-CD2E-43FF-96C6-BCA464525BA5}"
      }
    },
    {
      "type": "Feature",
      "id": 30122,
      "geometry": {
        "type": "LineString",
        "coordinates": [
          [-8.61267463127945, 41.1573542902754],
          [-8.61277012914312, 41.157194345531]
        ]
      },
      "properties": {
        "toponimo": "Largo da Lapa",
        "tarifado": "Sim",
        "objectid": 30122,
        "globalid": "{3627C09D-E236-42D7-BCA8-C2B611C950CB}"
      }
    },
    {
      "type": "Feature",
      "id": 30124,
      "geometry": {
        "type": "LineString",
        "coordinates": [
          [-8.62818317405955, 41.1545266613112],
          [-8.62817678737978, 41.1544397436775],
          [-8.62836801438347, 41.1543729269791],
          [-8.6287919905566, 41.1543584359768]
        ]
      },
      "properties": {
        "toponimo": "Largo do Bom Sucesso",
        "tarifado": "Sim",
        "objectid": 30124,
        "globalid": "{7499F340-8789-4AF4-B20A-A1D64E4B3ECD}"
      }
    },
    {
      "type": "Feature",
      "id": 30125,
      "geometry": {
        "type": "LineString",
        "coordinates": [
          [-8.62873771795205, 41.1544928964253],
          [-8.62861431737508, 41.1545066565099],
          [-8.62818317405955, 41.1545266613112]
        ]
      },
      "properties": {
        "toponimo": "Rua de S. Paulo",
        "tarifado": "Sim",
        "objectid": 30125,
        "globalid": "{DBF275D3-B55E-4F36-AF32-FAB83FEF7FA9}"
      }
    },
    {
      "type": "Feature",
      "id": 30126,
      "geometry": {
        "type": "LineString",
        "coordinates": [
          [-8.60427220521197, 41.1509423339761],
          [-8.6041924437012, 41.1509412564165],
          [-8.60366710819573, 41.1509588893223]
        ]
      },
      "properties": {
        "toponimo": "Rua da Firmeza",
        "tarifado": "Sim",
        "objectid": 30126,
        "globalid": "{A0929490-3BCB-4C64-8FA1-3136D07B6256}"
      }
    },
    {
      "type": "Feature",
      "id": 30127,
      "geometry": {
        "type": "LineString",
        "coordinates": [
          [-8.60366710819573, 41.1509588893223],
          [-8.60342538809445, 41.1509669125088],
          [-8.6029770389957, 41.1509822541562],
          [-8.60249299217913, 41.1509999924171],
          [-8.60225759226602, 41.1510072841589]
        ]
      },
      "properties": {
        "toponimo": "Rua da Firmeza",
        "tarifado": "Sim",
        "objectid": 30127,
        "globalid": "{0912565D-F20D-48CA-AB0F-C1046CFEA919}"
      }
    },
    {
      "type": "Feature",
      "id": 30151,
      "geometry": {
        "type": "LineString",
        "coordinates": [
          [-8.62807266269126, 41.1584078098693],
          [-8.62716228862232, 41.1587990588728],
          [-8.62577462179505, 41.1594101355937],
          [-8.62485291558605, 41.1598078880019],
          [-8.62475915219716, 41.1598478182064],
          [-8.62468749894033, 41.1598683846892]
        ]
      },
      "properties": {
        "toponimo": "Rua de Nossa Senhora de Fátima",
        "tarifado": "Sim",
        "objectid": 30151,
        "globalid": "{100AD91C-7B3E-4DF4-8E74-B019262FDD4B}"
      }
    },
    {
      "type": "Feature",
      "id": 30164,
      "geometry": {
        "type": "LineString",
        "coordinates": [
          [-8.63035537291611, 41.1498844527523],
          [-8.62998593121488, 41.1503119177801]
        ]
      },
      "properties": {
        "toponimo": "Rua de D. Pedro V",
        "tarifado": "Sim",
        "objectid": 30164,
        "globalid": "{A2D09C3A-EDEF-4BC3-BB6E-B76ED0543EC7}"
      }
    },
    {
      "type": "Feature",
      "id": 30167,
      "geometry": {
        "type": "LineString",
        "coordinates": [
          [-8.65242112743907, 41.1778559082862],
          [-8.65237290308778, 41.1778686425999],
          [-8.65202378160007, 41.1779425458609],
          [-8.65176583066943, 41.1779942183068],
          [-8.65123735745603, 41.1780993108292],
          [-8.6509275468676, 41.1781578337471]
        ]
      },
      "properties": {
        "toponimo": "Avenida de Fontes Pereira de Melo",
        "tarifado": "Sim",
        "objectid": 30167,
        "globalid": "{36A94FA2-3A48-4892-832F-C0B8BC7760A0}"
      }
    },
    {
      "type": "Feature",
      "id": 30177,
      "geometry": {
        "type": "LineString",
        "coordinates": [
          [-8.60444413665545, 41.160339946546],
          [-8.60410977686966, 41.1602539604115],
          [-8.6028293739777, 41.1599105632488],
          [-8.60276469712587, 41.1598929542557]
        ]
      },
      "properties": {
        "toponimo": "Rua de Latino Coelho",
        "tarifado": "Sim",
        "objectid": 30177,
        "globalid": "{9A0BF3BB-6E9A-4309-BD13-BFFF2AE5014F}"
      }
    },
    {
      "type": "Feature",
      "id": 30218,
      "geometry": {
        "type": "LineString",
        "coordinates": [
          [-8.62043474457685, 41.1472672092392],
          [-8.62043366215564, 41.14724811647],
          [-8.62042931189696, 41.1471708963684],
          [-8.62033879766884, 41.1468057625229],
          [-8.6202171834065, 41.1462563174456],
          [-8.62017315192475, 41.1460357562834]
        ]
      },
      "properties": {
        "toponimo": "Rua de Alberto Aires de Gouveia",
        "tarifado": "Sim",
        "objectid": 30218,
        "globalid": "{A6AD0B9D-AAC6-4B76-AD75-8BD9DCADDF08}"
      }
    },
    {
      "type": "Feature",
      "id": 30219,
      "geometry": {
        "type": "LineString",
        "coordinates": [
          [-8.62882814181778, 41.1548668567622],
          [-8.62881667142235, 41.1548293670014],
          [-8.62881136829942, 41.1547739599614],
          [-8.62881174810786, 41.1546760378494],
          [-8.62879967326628, 41.1546183998573],
          [-8.62877773976822, 41.1545551864741],
          [-8.62875270467251, 41.154518152166],
          [-8.62873771795205, 41.1544928964253]
        ]
      },
      "properties": {
        "toponimo": "Rua do Bom Sucesso",
        "tarifado": "Sim",
        "objectid": 30219,
        "globalid": "{D661441B-6811-4DF3-AAB5-3F57EC871209}"
      }
    },
    {
      "type": "Feature",
      "id": 30221,
      "geometry": {
        "type": "LineString",
        "coordinates": [
          [-8.60670554296904, 41.1509703094908],
          [-8.60656441353223, 41.1509832724378],
          [-8.60609511616348, 41.1509762032282],
          [-8.60544845212942, 41.1509642336123],
          [-8.6053544341857, 41.1509619466011]
        ]
      },
      "properties": {
        "toponimo": "Rua da Firmeza",
        "tarifado": "Sim",
        "objectid": 30221,
        "globalid": "{2E375882-9A97-406D-AF95-9FB07D457DD1}"
      }
    },
    {
      "type": "Feature",
      "id": 30222,
      "geometry": {
        "type": "LineString",
        "coordinates": [
          [-8.60277865312288, 41.1445396680284],
          [-8.60281908468834, 41.1446184435669],
          [-8.60311400981551, 41.1451866110771],
          [-8.60323938753086, 41.1454105017777],
          [-8.60321588498614, 41.145526672082]
        ]
      },
      "properties": {
        "toponimo": "Rua das Fontainhas",
        "tarifado": "Sim",
        "objectid": 30222,
        "globalid": "{9DD22694-894B-4DFF-8E38-F8C5AC9DEA37}"
      }
    },
    {
      "type": "Feature",
      "id": 30246,
      "geometry": {
        "type": "LineString",
        "coordinates": [
          [-8.62550831494792, 41.1488414481323],
          [-8.62550845897012, 41.1488415915864],
          [-8.62566376916441, 41.1495267957396],
          [-8.62578719229249, 41.1500312042734],
          [-8.62590294243876, 41.1505366278292],
          [-8.62596619293581, 41.1508229433071],
          [-8.62596190970694, 41.1509345327822],
          [-8.62596118691645, 41.1509366428936]
        ]
      },
      "properties": {
        "toponimo": "Rua de Júlio Dinis",
        "tarifado": "Sim",
        "objectid": 30246,
        "globalid": "{D45C8D38-5560-49C8-8EAB-73D00CE25555}"
      }
    },
    {
      "type": "Feature",
      "id": 30247,
      "geometry": {
        "type": "LineString",
        "coordinates": [
          [-8.62596118691645, 41.1509366428936],
          [-8.62589206147609, 41.1511195631333],
          [-8.62582204304806, 41.1512833447912],
          [-8.62582282275769, 41.1513871688527],
          [-8.62588030113531, 41.1515869870988],
          [-8.62606836380672, 41.1522268754177],
          [-8.6261009291898, 41.152324665577]
        ]
      },
      "properties": {
        "toponimo": "Rua de Júlio Dinis",
        "tarifado": "Sim",
        "objectid": 30247,
        "globalid": "{B2D342D7-488E-4A4D-8189-DF0A79F7DC4E}"
      }
    },
    {
      "type": "Feature",
      "id": 30273,
      "geometry": {
        "type": "LineString",
        "coordinates": [
          [-8.59071763758422, 41.1468471880638],
          [-8.58974666793953, 41.1470196047257],
          [-8.58955824039246, 41.1470546878695]
        ]
      },
      "properties": {
        "toponimo": "Rua do Heroísmo",
        "tarifado": "Sim",
        "objectid": 30273,
        "globalid": "{C5973A23-3AA9-42BF-B540-EC584B7A52EB}"
      }
    },
    {
      "type": "Feature",
      "id": 30275,
      "geometry": {
        "type": "LineString",
        "coordinates": [
          [-8.6157712549965, 41.162283075999],
          [-8.61574943755414, 41.1621955200925],
          [-8.61570724577675, 41.1619718526244],
          [-8.6156928087015, 41.1618429016487]
        ]
      },
      "properties": {
        "toponimo": "Rua de Alves Redol",
        "tarifado": "Sim",
        "objectid": 30275,
        "globalid": "{AD654FAD-3687-47B1-A71D-BE2D37E5A59F}"
      }
    },
    {
      "type": "Feature",
      "id": 30290,
      "geometry": {
        "type": "LineString",
        "coordinates": [
          [-8.61185139500458, 41.1595557419347],
          [-8.61194645395992, 41.1591833629792],
          [-8.61198684276819, 41.1590284293145]
        ]
      },
      "properties": {
        "toponimo": "Rua de Antero de Quental",
        "tarifado": "Sim",
        "objectid": 30290,
        "globalid": "{B513F859-5AC4-4A69-9EFE-2A5CF96BF7A3}"
      }
    },
    {
      "type": "Feature",
      "id": 30291,
      "geometry": {
        "type": "LineString",
        "coordinates": [
          [-8.61424801041263, 41.1631019615464],
          [-8.61530261769395, 41.1632373870391]
        ]
      },
      "properties": {
        "toponimo": "Rua da Constituição",
        "tarifado": "Sim",
        "objectid": 30291,
        "globalid": "{7603D68D-BDB3-4335-8843-D8B0D4163C82}"
      }
    },
    {
      "type": "Feature",
      "id": 30292,
      "geometry": {
        "type": "LineString",
        "coordinates": [
          [-8.61473269059758, 41.1623023515427],
          [-8.61480791092185, 41.1623109044702],
          [-8.61567583895819, 41.1624202237648],
          [-8.61571828853668, 41.1624215856558],
          [-8.61575101546818, 41.162409778007],
          [-8.61578171290135, 41.1623878498737],
          [-8.61578717792739, 41.1623468842483],
          [-8.6157712549965, 41.162283075999]
        ]
      },
      "properties": {
        "toponimo": "Rua de Damião de Góis",
        "tarifado": "Sim",
        "objectid": 30292,
        "globalid": "{B1142669-4FC8-4B62-9D0D-3B905D5656D2}"
      }
    },
    {
      "type": "Feature",
      "id": 30296,
      "geometry": {
        "type": "LineString",
        "coordinates": [
          [-8.62807266269126, 41.1584078098693],
          [-8.62812211304272, 41.1584783696929],
          [-8.62828623394455, 41.1586353798124],
          [-8.6284755119006, 41.1587538590815],
          [-8.62868487874288, 41.1588376488257],
          [-8.62892967455716, 41.15889428167],
          [-8.62893419200121, 41.1588945404587]
        ]
      },
      "properties": {
        "toponimo": "Praça de Mouzinho de Albuquerque",
        "tarifado": "Sim",
        "objectid": 30296,
        "globalid": "{86E680D0-DCF5-4129-99F6-67566AF8E67B}"
      }
    },
    {
      "type": "Feature",
      "id": 30345,
      "geometry": {
        "type": "LineString",
        "coordinates": [
          [-8.59796844368461, 41.1478081082052],
          [-8.59795059932899, 41.1477575315689],
          [-8.59773230533743, 41.1470538324447],
          [-8.59766955385639, 41.1468251801628],
          [-8.5976344386707, 41.1467158575036]
        ]
      },
      "properties": {
        "toponimo": "Rua do Duque de Saldanha",
        "tarifado": "Sim",
        "objectid": 30345,
        "globalid": "{AE7E1611-A46D-4C9D-8D7B-E33030507AB8}"
      }
    },
    {
      "type": "Feature",
      "id": 30368,
      "geometry": {
        "type": "LineString",
        "coordinates": [
          [-8.61086447378756, 41.1505527106774],
          [-8.61111667867469, 41.1504830844929],
          [-8.61204733620789, 41.1502734845284],
          [-8.61209673228238, 41.1502712162417]
        ]
      },
      "properties": {
        "toponimo": "Rua do Dr. Ricardo Jorge",
        "tarifado": "Sim",
        "objectid": 30368,
        "globalid": "{B099E366-BE89-4A11-803D-16234CC87294}"
      }
    },
    {
      "type": "Feature",
      "id": 30377,
      "geometry": {
        "type": "LineString",
        "coordinates": [
          [-8.61389124326096, 41.1594914845572],
          [-8.61401657975744, 41.1594704566503],
          [-8.6142766478071, 41.1593219757714],
          [-8.61432544870855, 41.1592717887971]
        ]
      },
      "properties": {
        "toponimo": "Rua de Cervantes",
        "tarifado": "Sim",
        "objectid": 30377,
        "globalid": "{58D54137-F441-4BEA-BB51-D97238AD4F93}"
      }
    },
    {
      "type": "Feature",
      "id": 30430,
      "geometry": {
        "type": "LineString",
        "coordinates": [
          [-8.6509275468676, 41.1781578337471],
          [-8.6507236207444, 41.1781964739405],
          [-8.65024177203692, 41.1782872777176],
          [-8.65007889803614, 41.1783193835039]
        ]
      },
      "properties": {
        "toponimo": "Avenida de Fontes Pereira de Melo",
        "tarifado": "Sim",
        "objectid": 30430,
        "globalid": "{B390BB3E-6308-46D1-BB0A-B6344040EE39}"
      }
    },
    {
      "type": "Feature",
      "id": 30441,
      "geometry": {
        "type": "LineString",
        "coordinates": [
          [-8.67465154828238, 41.1523159828582],
          [-8.67455416179527, 41.152401136407],
          [-8.67443490045642, 41.1525438034589],
          [-8.67431683777452, 41.1526729411319],
          [-8.67424117696773, 41.152712979629]
        ]
      },
      "properties": {
        "toponimo": "Rua do Monsenhor Manuel Marinho",
        "tarifado": "Sim",
        "objectid": 30441,
        "globalid": "{D19F6C52-68D3-4C63-B8C4-F88728CEBAAC}"
      }
    },
    {
      "type": "Feature",
      "id": 30443,
      "geometry": {
        "type": "LineString",
        "coordinates": [
          [-8.60873812994998, 41.1612934220181],
          [-8.60749332455403, 41.1610497231412]
        ]
      },
      "properties": {
        "toponimo": "Rua de João Pedro Ribeiro",
        "tarifado": "Sim",
        "objectid": 30443,
        "globalid": "{2F27912C-EAAB-45DA-8390-7C9FB8E42CE0}"
      }
    },
    {
      "type": "Feature",
      "id": 30444,
      "geometry": {
        "type": "LineString",
        "coordinates": [
          [-8.60709598042711, 41.1461646518999],
          [-8.60731883870612, 41.1461600672091],
          [-8.60881458034459, 41.1461343218696],
          [-8.61023267939874, 41.1461083213558],
          [-8.61031702773373, 41.1461068455131],
          [-8.61032252711788, 41.1461079473759]
        ]
      },
      "properties": {
        "toponimo": "Rua de 31 de Janeiro",
        "tarifado": "Sim",
        "objectid": 30444,
        "globalid": "{69BD8608-EDFB-4069-8DB8-8F3FD21EE793}"
      }
    },
    {
      "type": "Feature",
      "id": 30497,
      "geometry": {
        "type": "LineString",
        "coordinates": [
          [-8.62489583870038, 41.1572068184933],
          [-8.62483558749638, 41.1573858290574],
          [-8.62476768583719, 41.1576029236962],
          [-8.62469977967373, 41.1578193150674],
          [-8.62463185923952, 41.1580340145359],
          [-8.62456600806198, 41.1582449143],
          [-8.62449818662917, 41.1584729847011],
          [-8.6244271870643, 41.1586869948234],
          [-8.62436439453987, 41.1588961885874],
          [-8.62433589924954, 41.1589697486233],
          [-8.62431950890943, 41.1589988034966],
          [-8.62428253420972, 41.1590203464802]
        ]
      },
      "properties": {
        "toponimo": "Rua do Dr. Carlos Cal Brandão",
        "tarifado": "Sim",
        "objectid": 30497,
        "globalid": "{B2757565-21DD-4BCC-9D5B-E35D80F501E2}"
      }
    },
    {
      "type": "Feature",
      "id": 30518,
      "geometry": {
        "type": "LineString",
        "coordinates": [
          [-8.64162535629072, 41.1566045170161],
          [-8.64174145575506, 41.1562376303292]
        ]
      },
      "properties": {
        "toponimo": "Rua de António Cardoso",
        "tarifado": "Sim",
        "objectid": 30518,
        "globalid": "{471ADA83-255B-44EE-A980-B758FB705588}"
      }
    },
    {
      "type": "Feature",
      "id": 30519,
      "geometry": {
        "type": "LineString",
        "coordinates": [
          [-8.64096616101246, 41.1586920534838],
          [-8.64105143419347, 41.1584173269726],
          [-8.64120561625844, 41.1579302730521]
        ]
      },
      "properties": {
        "toponimo": "Rua de António Cardoso",
        "tarifado": "Sim",
        "objectid": 30519,
        "globalid": "{17D1ECCA-E4B0-455F-B45F-C041ED67823A}"
      }
    },
    {
      "type": "Feature",
      "id": 30534,
      "geometry": {
        "type": "LineString",
        "coordinates": [
          [-8.58627669531502, 41.1652575478032],
          [-8.58715390266134, 41.1655329900215],
          [-8.58730708036216, 41.1655806025315]
        ]
      },
      "properties": {
        "toponimo": "Rua de \"A Renascença Portuguesa\"",
        "tarifado": "Sim",
        "objectid": 30534,
        "globalid": "{DE57F0DB-3262-4A61-AE50-FD4C54CF551F}"
      }
    },
    {
      "type": "Feature",
      "id": 30535,
      "geometry": {
        "type": "LineString",
        "coordinates": [
          [-8.58730708036216, 41.1655806025315],
          [-8.58741527739407, 41.16561423744],
          [-8.58864794954426, 41.1659050191433]
        ]
      },
      "properties": {
        "toponimo": "Rua da Vigorosa",
        "tarifado": "Sim",
        "objectid": 30535,
        "globalid": "{8AE872B3-12F4-454D-9BDD-B75717AF0216}"
      }
    },
    {
      "type": "Feature",
      "id": 30608,
      "geometry": {
        "type": "LineString",
        "coordinates": [
          [-8.58627669531502, 41.1652575478032],
          [-8.5861451020702, 41.1652088144265],
          [-8.58593243448139, 41.165142436001],
          [-8.58573455452103, 41.1650743602834],
          [-8.58564463963002, 41.1650445148263],
          [-8.58549294476352, 41.1649955886449],
          [-8.58529550484932, 41.164935929499],
          [-8.58520248433487, 41.1649049163191]
        ]
      },
      "properties": {
        "toponimo": "Rua de \"A Renascença Portuguesa\"",
        "tarifado": "Sim",
        "objectid": 30608,
        "globalid": "{70D8EF10-E384-4552-AF88-6C217B22CA70}"
      }
    },
    {
      "type": "Feature",
      "id": 30612,
      "geometry": {
        "type": "LineString",
        "coordinates": [
          [-8.60801249550449, 41.148504923376],
          [-8.60789943306816, 41.148688564255],
          [-8.60785887856518, 41.1487666821522]
        ]
      },
      "properties": {
        "toponimo": "Rua de Sá da Bandeira",
        "tarifado": "Sim",
        "objectid": 30612,
        "globalid": "{C82CF53B-88EB-4573-BA7A-4087A1D4ABD3}"
      }
    },
    {
      "type": "Feature",
      "id": 30613,
      "geometry": {
        "type": "LineString",
        "coordinates": [
          [-8.60814597277441, 41.148288125176],
          [-8.60801249550449, 41.148504923376]
        ]
      },
      "properties": {
        "toponimo": "Rua de Sá da Bandeira",
        "tarifado": "Sim",
        "objectid": 30613,
        "globalid": "{76777E7B-2496-49AD-BA05-06A3DA426B1A}"
      }
    },
    {
      "type": "Feature",
      "id": 30644,
      "geometry": {
        "type": "LineString",
        "coordinates": [
          [-8.60321588498614, 41.145526672082],
          [-8.60311784002528, 41.1455381853521],
          [-8.6021472396689, 41.1456300898197],
          [-8.60195218411772, 41.1456495976446]
        ]
      },
      "properties": {
        "toponimo": "Avenida de Rodrigues de Freitas",
        "tarifado": "Sim",
        "objectid": 30644,
        "globalid": "{8B55A73E-4B95-479A-BCBD-3351D53C4983}"
      }
    },
    {
      "type": "Feature",
      "id": 30694,
      "geometry": {
        "type": "LineString",
        "coordinates": [
          [-8.60482444377483, 41.1509518884558],
          [-8.60432056270375, 41.1509429816791],
          [-8.60427220521197, 41.1509423339761]
        ]
      },
      "properties": {
        "toponimo": "Rua da Firmeza",
        "tarifado": "Sim",
        "objectid": 30694,
        "globalid": "{55119CE7-D309-447A-AF03-89937EB28BE9}"
      }
    },
    {
      "type": "Feature",
      "id": 30717,
      "geometry": {
        "type": "LineString",
        "coordinates": [
          [-8.6157712549965, 41.162283075999],
          [-8.61543617781282, 41.1622407338216]
        ]
      },
      "properties": {
        "toponimo": "Rua de Damião de Góis",
        "tarifado": "Sim",
        "objectid": 30717,
        "globalid": "{93901D37-9E7B-46F1-BA94-EF7F9559C358}"
      }
    },
    {
      "type": "Feature",
      "id": 30718,
      "geometry": {
        "type": "LineString",
        "coordinates": [
          [-8.61831235212947, 41.1447051023571],
          [-8.6183128487162, 41.144696520006],
          [-8.61831902290199, 41.144582805787],
          [-8.61832081606732, 41.144321404209],
          [-8.61833118655475, 41.144018448259],
          [-8.61832886737899, 41.143806434018],
          [-8.61832273654273, 41.1435270309358],
          [-8.61835165683283, 41.1434963933172]
        ]
      },
      "properties": {
        "toponimo": "Passeio das Virtudes",
        "tarifado": "Sim",
        "objectid": 30718,
        "globalid": "{35E482C2-090D-419F-A323-336D3A41CD9E}"
      }
    },
    {
      "type": "Feature",
      "id": 30779,
      "geometry": {
        "type": "LineString",
        "coordinates": [
          [-8.65007889803614, 41.1783193835039],
          [-8.6497881191456, 41.1783766833888],
          [-8.64905418533504, 41.1785157638298],
          [-8.64797334984155, 41.1787215262086]
        ]
      },
      "properties": {
        "toponimo": "Avenida de Fontes Pereira de Melo",
        "tarifado": "Sim",
        "objectid": 30779,
        "globalid": "{BC13B5EF-CDA4-4194-91FA-6658FC38E8A0}"
      }
    },
    {
      "type": "Feature",
      "id": 30788,
      "geometry": {
        "type": "LineString",
        "coordinates": [
          [-8.6175477623704, 41.1424416519465],
          [-8.61757403711005, 41.1424335185559],
          [-8.61768948656408, 41.1422910700861]
        ]
      },
      "properties": {
        "toponimo": "Largo de S. João Novo",
        "tarifado": "Sim",
        "objectid": 30788,
        "globalid": "{2A31760E-23FA-4B5A-BCC1-E48481592E90}"
      }
    },
    {
      "type": "Feature",
      "id": 30818,
      "geometry": {
        "type": "LineString",
        "coordinates": [
          [-8.61212862695541, 41.1442584955641],
          [-8.61184281531013, 41.144470720861],
          [-8.61159140804059, 41.1446545108239]
        ]
      },
      "properties": {
        "toponimo": "Rua de Mouzinho da Silveira",
        "tarifado": "Sim",
        "objectid": 30818,
        "globalid": "{275745AF-2FCE-4C6F-A0BD-2C3BDFD258E8}"
      }
    },
    {
      "type": "Feature",
      "id": 30842,
      "geometry": {
        "type": "LineString",
        "coordinates": [
          [-8.62699082411041, 41.1542478861988],
          [-8.62716793780026, 41.1540564866029],
          [-8.62764768179079, 41.1535511658488],
          [-8.6279227543807, 41.1535354920572]
        ]
      },
      "properties": {
        "toponimo": "Rua de Rodrigues Lobo",
        "tarifado": "Sim",
        "objectid": 30842,
        "globalid": "{13670389-A9FE-46D1-A7AE-A934B85854EC}"
      }
    },
    {
      "type": "Feature",
      "id": 30860,
      "geometry": {
        "type": "LineString",
        "coordinates": [
          [-8.59290799499878, 41.1506800280216],
          [-8.59326310906871, 41.150775392456],
          [-8.59343982169591, 41.150819983738],
          [-8.59352011457526, 41.1508694731577],
          [-8.59364350467821, 41.1509390761474],
          [-8.59387869358499, 41.1509000084593]
        ]
      },
      "properties": {
        "toponimo": "Rua de Pinto Bessa",
        "tarifado": "Sim",
        "objectid": 30860,
        "globalid": "{8631E855-0AFE-427F-A2A5-32E12060B0F0}"
      }
    },
    {
      "type": "Feature",
      "id": 30861,
      "geometry": {
        "type": "LineString",
        "coordinates": [
          [-8.59128044267482, 41.1501538718386],
          [-8.59112976505738, 41.150113251793],
          [-8.59068192518098, 41.1499913639101]
        ]
      },
      "properties": {
        "toponimo": "Rua de Pinto Bessa",
        "tarifado": "Sim",
        "objectid": 30861,
        "globalid": "{D6160931-C089-47D5-B672-882E8C1B4457}"
      }
    },
    {
      "type": "Feature",
      "id": 30862,
      "geometry": {
        "type": "LineString",
        "coordinates": [
          [-8.60626516457692, 41.1783354068337],
          [-8.60618571497697, 41.1782864003537],
          [-8.60566672612035, 41.1779119109964],
          [-8.60527961769065, 41.1776544345442],
          [-8.60493243063571, 41.1774029882136],
          [-8.60462098982678, 41.1771702216155],
          [-8.6043417699209, 41.1769615259443],
          [-8.60415959636356, 41.1768312619257],
          [-8.60405575015674, 41.176748291301],
          [-8.60398380018272, 41.1766463621568],
          [-8.60395824575955, 41.1765576849538],
          [-8.60393596494178, 41.1764305378197],
          [-8.60392472740511, 41.1763525631404]
        ]
      },
      "properties": {
        "toponimo": "Rua Alfredo Allen",
        "tarifado": "Sim",
        "objectid": 30862,
        "globalid": "{5B018EA3-B549-4202-8894-82769A69F401}"
      }
    },
    {
      "type": "Feature",
      "id": 30864,
      "geometry": {
        "type": "LineString",
        "coordinates": [
          [-8.60782152154428, 41.1769921535271],
          [-8.60738507291396, 41.1774217925527],
          [-8.60655559580967, 41.1782761859396]
        ]
      },
      "properties": {
        "toponimo": "Rua do Dr. António Bernardino de Almeida",
        "tarifado": "Sim",
        "objectid": 30864,
        "globalid": "{0EB1F2DA-97A4-40E1-AD15-E093224D28DF}"
      }
    },
    {
      "type": "Feature",
      "id": 30879,
      "geometry": {
        "type": "LineString",
        "coordinates": [
          [-8.60194146979692, 41.1464286449549],
          [-8.60195099216028, 41.1465375031896],
          [-8.60196973965764, 41.1468771930823],
          [-8.60196834983436, 41.1468894446749]
        ]
      },
      "properties": {
        "toponimo": "Rua de D. João IV",
        "tarifado": "Sim",
        "objectid": 30879,
        "globalid": "{6A28508F-D96F-4A72-80FA-D8FB453B80CA}"
      }
    },
    {
      "type": "Feature",
      "id": 30886,
      "geometry": {
        "type": "LineString",
        "coordinates": [
          [-8.60604641049156, 41.1521067155793],
          [-8.60615937720321, 41.1521377651588],
          [-8.60681812214613, 41.1522919201846]
        ]
      },
      "properties": {
        "toponimo": "Rua de Guedes de Azevedo",
        "tarifado": "Sim",
        "objectid": 30886,
        "globalid": "{BDD743FB-EBAC-4EF7-9703-60E24C447ADE}"
      }
    },
    {
      "type": "Feature",
      "id": 30887,
      "geometry": {
        "type": "LineString",
        "coordinates": [
          [-8.60502998709315, 41.1518396460202],
          [-8.60596579290309, 41.1520846815251],
          [-8.60604641049156, 41.1521067155793]
        ]
      },
      "properties": {
        "toponimo": "Rua de Guedes de Azevedo",
        "tarifado": "Sim",
        "objectid": 30887,
        "globalid": "{8ED56B49-0E67-4FBC-BF0E-A0AF9C57875F}"
      }
    },
    {
      "type": "Feature",
      "id": 30888,
      "geometry": {
        "type": "LineString",
        "coordinates": [
          [-8.60474761069679, 41.1534300549925],
          [-8.60475025587486, 41.1533307180348],
          [-8.60478432717287, 41.1526914125293],
          [-8.60479758635605, 41.1524711774411],
          [-8.60500168448286, 41.1519210794093],
          [-8.60502998709315, 41.1518396460202]
        ]
      },
      "properties": {
        "toponimo": "Rua de Santa Catarina",
        "tarifado": "Sim",
        "objectid": 30888,
        "globalid": "{1DD6290F-01F3-4F73-A389-58C173E76E15}"
      }
    },
    {
      "type": "Feature",
      "id": 30889,
      "geometry": {
        "type": "LineString",
        "coordinates": [
          [-8.60014708669839, 41.1510682226313],
          [-8.60025238435271, 41.1505050286401]
        ]
      },
      "properties": {
        "toponimo": "Rua de Santos Pousada",
        "tarifado": "Sim",
        "objectid": 30889,
        "globalid": "{7DAC0037-CCB5-41D4-9E74-CAE1FFC9262C}"
      }
    },
    {
      "type": "Feature",
      "id": 30891,
      "geometry": {
        "type": "LineString",
        "coordinates": [
          [-8.60025238435271, 41.1505050286401],
          [-8.60030360735854, 41.1502307579159],
          [-8.60047100047399, 41.1493448422161]
        ]
      },
      "properties": {
        "toponimo": "Rua de Santos Pousada",
        "tarifado": "Sim",
        "objectid": 30891,
        "globalid": "{FA78F4D9-5225-40A1-9F7A-87E9171E925A}"
      }
    },
    {
      "type": "Feature",
      "id": 30894,
      "geometry": {
        "type": "LineString",
        "coordinates": [
          [-8.68088019732766, 41.15592984975],
          [-8.68017434789447, 41.1563838514129],
          [-8.68007121473063, 41.1564441308679]
        ]
      },
      "properties": {
        "toponimo": "Rua do Padrão",
        "tarifado": "Sim",
        "objectid": 30894,
        "globalid": "{C70BF30B-70EE-4275-9EA8-7AEC9CD5301E}"
      }
    },
    {
      "type": "Feature",
      "id": 30912,
      "geometry": {
        "type": "LineString",
        "coordinates": [
          [-8.6491054376795, 41.1648335651253],
          [-8.64909485776884, 41.1647489187124],
          [-8.64911450228166, 41.1646545661992],
          [-8.64916217018474, 41.1644783468389]
        ]
      },
      "properties": {
        "toponimo": "Rua do Beato Inácio de Azevedo",
        "tarifado": "Sim",
        "objectid": 30912,
        "globalid": "{EBDBF14A-E1F0-4424-AB6A-AE35E2765E7E}"
      }
    },
    {
      "type": "Feature",
      "id": 30914,
      "geometry": {
        "type": "LineString",
        "coordinates": [
          [-8.61530261769395, 41.1632373870391],
          [-8.61623873052493, 41.1633573910811],
          [-8.61632262764038, 41.1633677345018]
        ]
      },
      "properties": {
        "toponimo": "Rua da Constituição",
        "tarifado": "Sim",
        "objectid": 30914,
        "globalid": "{05A6CB80-39C4-4123-8D8C-A2F68A32F584}"
      }
    },
    {
      "type": "Feature",
      "id": 30932,
      "geometry": {
        "type": "LineString",
        "coordinates": [
          [-8.58980520301853, 41.1498448809188],
          [-8.59026860710551, 41.1499699421137]
        ]
      },
      "properties": {
        "toponimo": "Rua de Pinto Bessa",
        "tarifado": "Sim",
        "objectid": 30932,
        "globalid": "{F5F62633-848D-46E1-AF30-465EEE87DB7B}"
      }
    },
    {
      "type": "Feature",
      "id": 30937,
      "geometry": {
        "type": "LineString",
        "coordinates": [
          [-8.65121376568245, 41.1665318920538],
          [-8.65156069319134, 41.1665949010149],
          [-8.65274912733215, 41.1667893028904],
          [-8.65305709551705, 41.1668405172487]
        ]
      },
      "properties": {
        "toponimo": "Rua de Mota Pinto",
        "tarifado": "Sim",
        "objectid": 30937,
        "globalid": "{C949EAE0-DE88-44DC-91E0-13A357EFE676}"
      }
    },
    {
      "type": "Feature",
      "id": 30938,
      "geometry": {
        "type": "LineString",
        "coordinates": [
          [-8.61223495080361, 41.1581575040514],
          [-8.61259739920382, 41.1574836260664],
          [-8.61267463127945, 41.1573542902754]
        ]
      },
      "properties": {
        "toponimo": "Largo da Lapa",
        "tarifado": "Sim",
        "objectid": 30938,
        "globalid": "{153DF64D-A513-4CBA-A05D-12D3D7757CC9}"
      }
    },
    {
      "type": "Feature",
      "id": 30959,
      "geometry": {
        "type": "LineString",
        "coordinates": [
          [-8.58984169223766, 41.1497646784626],
          [-8.58932528048192, 41.149626183883],
          [-8.58827120598784, 41.1493416711492],
          [-8.58809575469138, 41.1492942476688]
        ]
      },
      "properties": {
        "toponimo": "Rua de Pinto Bessa",
        "tarifado": "Sim",
        "objectid": 30959,
        "globalid": "{21DB1AE0-3A98-4A54-B4F3-FC80492E4F41}"
      }
    },
    {
      "type": "Feature",
      "id": 30960,
      "geometry": {
        "type": "LineString",
        "coordinates": [
          [-8.6093845505743, 41.1501807831046],
          [-8.60940202567869, 41.15015763268],
          [-8.60944457105179, 41.1500765616019],
          [-8.60950047168049, 41.1497971980205],
          [-8.60951674555738, 41.1495842613716],
          [-8.6095210315855, 41.1493691592207],
          [-8.60949631928374, 41.1491730141113],
          [-8.6094965397599, 41.1491394539512]
        ]
      },
      "properties": {
        "toponimo": "Rua do Bonjardim",
        "tarifado": "Sim",
        "objectid": 30960,
        "globalid": "{FDD369F2-61B1-4684-95B1-325F335F5D50}"
      }
    },
    {
      "type": "Feature",
      "id": 30962,
      "geometry": {
        "type": "LineString",
        "coordinates": [
          [-8.59276497536661, 41.1464815120735],
          [-8.59207909321913, 41.1466049765581],
          [-8.59079657467085, 41.1468332319406],
          [-8.59071763758422, 41.1468471880638]
        ]
      },
      "properties": {
        "toponimo": "Rua do Heroísmo",
        "tarifado": "Sim",
        "objectid": 30962,
        "globalid": "{D4DCE66C-E5FA-4460-838A-1C86D3619B87}"
      }
    },
    {
      "type": "Feature",
      "id": 30963,
      "geometry": {
        "type": "LineString",
        "coordinates": [
          [-8.60062907598452, 41.1475420874963],
          [-8.60055971184143, 41.1475653040111],
          [-8.60015590817806, 41.1477072155141]
        ]
      },
      "properties": {
        "toponimo": "Rua de Santo Ildefonso",
        "tarifado": "Sim",
        "objectid": 30963,
        "globalid": "{037D0A30-7998-4DC6-8ED8-DF5ED33F23A2}"
      }
    },
    {
      "type": "Feature",
      "id": 31006,
      "geometry": {
        "type": "LineString",
        "coordinates": [
          [-8.63576448361382, 41.1590721795774],
          [-8.63569986890317, 41.1591556075979],
          [-8.63571972969652, 41.1592269955813],
          [-8.63593851550721, 41.1597610839157]
        ]
      },
      "properties": {
        "toponimo": "Rua de João de Deus",
        "tarifado": "Sim",
        "objectid": 31006,
        "globalid": "{E25C66A8-43A7-47BA-AE45-237454061295}"
      }
    },
    {
      "type": "Feature",
      "id": 31007,
      "geometry": {
        "type": "LineString",
        "coordinates": [
          [-8.6241724607405, 41.1482037919685],
          [-8.62446555717451, 41.1477123745481],
          [-8.624674751321, 41.1473763496818],
          [-8.62471868651856, 41.1472783757408],
          [-8.62476472621547, 41.1471448075687],
          [-8.62479424557539, 41.1470051157923],
          [-8.624793445364, 41.1468984733656],
          [-8.62475899280453, 41.1466960349108],
          [-8.62468067671095, 41.1462865329492],
          [-8.62460232815545, 41.1458771760127],
          [-8.62456399223227, 41.1457224312292],
          [-8.62452901833964, 41.1456744710276],
          [-8.62445682133266, 41.1456775901626],
          [-8.62401350683411, 41.145711145873],
          [-8.62395773194734, 41.1457073054724],
          [-8.62391946854174, 41.1456734149116],
          [-8.62390277561308, 41.1455946987635]
        ]
      },
      "properties": {
        "toponimo": "Rua de Jorge de Viterbo Ferreira",
        "tarifado": "Sim",
        "objectid": 31007,
        "globalid": "{A428AE13-A8C4-4443-8C62-01091BE4313F}"
      }
    },
    {
      "type": "Feature",
      "id": 31008,
      "geometry": {
        "type": "LineString",
        "coordinates": [
          [-8.62390277561308, 41.1455946987635],
          [-8.62376963102852, 41.1456031465815],
          [-8.62328343371102, 41.1456396923933],
          [-8.622721254316, 41.1456830341661],
          [-8.62245294469292, 41.1457052840919],
          [-8.6221243534901, 41.1457425663738],
          [-8.62158858303793, 41.1458149097148],
          [-8.62102540271891, 41.1458921479824],
          [-8.62041373017862, 41.1459743798666],
          [-8.62035088601785, 41.1459826694882],
          [-8.62017315192475, 41.1460357562834]
        ]
      },
      "properties": {
        "toponimo": "Rua da Restauração",
        "tarifado": "Sim",
        "objectid": 31008,
        "globalid": "{766A239C-F964-401C-8A8B-AD6967DA565D}"
      }
    },
    {
      "type": "Feature",
      "id": 31053,
      "geometry": {
        "type": "LineString",
        "coordinates": [
          [-8.64527221856438, 41.1744168380714],
          [-8.64623588542329, 41.1751946292917],
          [-8.64973857397258, 41.1780329213029],
          [-8.65007889803614, 41.1783193835039]
        ]
      },
      "properties": {
        "toponimo": "Rua do Eng. Ferreira Dias",
        "tarifado": "Sim",
        "objectid": 31053,
        "globalid": "{CCE54155-8677-49FE-AB61-CD667B751A6A}"
      }
    },
    {
      "type": "Feature",
      "id": 31060,
      "geometry": {
        "type": "LineString",
        "coordinates": [
          [-8.60428346688558, 41.1453339083588],
          [-8.60417952307246, 41.1453533254809],
          [-8.60381788179218, 41.1454285261509],
          [-8.6035877557941, 41.1454757514155],
          [-8.60343271921886, 41.1455013104051],
          [-8.60321588498614, 41.145526672082]
        ]
      },
      "properties": {
        "toponimo": "Avenida de Rodrigues de Freitas",
        "tarifado": "Sim",
        "objectid": 31060,
        "globalid": "{32056201-B72B-49C9-9ECD-3B0A467956DF}"
      }
    },
    {
      "type": "Feature",
      "id": 31085,
      "geometry": {
        "type": "LineString",
        "coordinates": [
          [-8.60156832184607, 41.1472205796855],
          [-8.60154077835404, 41.1472267336228],
          [-8.60126821610654, 41.1473141962279],
          [-8.60065686785342, 41.1475222371317],
          [-8.60062907598452, 41.1475420874963]
        ]
      },
      "properties": {
        "toponimo": "Rua de Santo Ildefonso",
        "tarifado": "Sim",
        "objectid": 31085,
        "globalid": "{717E65F6-F7E7-4EB5-82A7-939E5820D2F7}"
      }
    },
    {
      "type": "Feature",
      "id": 31111,
      "geometry": {
        "type": "LineString",
        "coordinates": [
          [-8.65254226995164, 41.1774349734115],
          [-8.65256782450753, 41.177546706967],
          [-8.65257137169969, 41.1776229466469],
          [-8.65255697352444, 41.1776812604479],
          [-8.6525248302729, 41.1777442905915],
          [-8.65242112743907, 41.1778559082862]
        ]
      },
      "properties": {
        "toponimo": "Rua de Manuel Pinto de Azevedo",
        "tarifado": "Sim",
        "objectid": 31111,
        "globalid": "{AEE33F97-DC54-40CD-9AC5-8E70ED7E6B1B}"
      }
    },
    {
      "type": "Feature",
      "id": 31132,
      "geometry": {
        "type": "LineString",
        "coordinates": [
          [-8.5912519321251, 41.1502351586509],
          [-8.5914816803559, 41.1502971365187],
          [-8.59290799499878, 41.1506800280216]
        ]
      },
      "properties": {
        "toponimo": "Rua de Pinto Bessa",
        "tarifado": "Sim",
        "objectid": 31132,
        "globalid": "{261B863B-2FE3-4751-8A86-D9A1AFD7C57C}"
      }
    },
    {
      "type": "Feature",
      "id": 31181,
      "geometry": {
        "type": "LineString",
        "coordinates": [
          [-8.63330198369962, 41.158569996722],
          [-8.63323011675394, 41.158489974753],
          [-8.63310828985055, 41.1583688045721],
          [-8.63297994383238, 41.1582659602718]
        ]
      },
      "properties": {
        "toponimo": "Rua de Agramonte",
        "tarifado": "Sim",
        "objectid": 31181,
        "globalid": "{EC893AFD-2A27-4AAE-B414-016B1EFEEC89}"
      }
    },
    {
      "type": "Feature",
      "id": 31182,
      "geometry": {
        "type": "LineString",
        "coordinates": [
          [-8.64174145575506, 41.1562376303292],
          [-8.64186164982611, 41.1558579491565],
          [-8.6424327272234, 41.1540680810703]
        ]
      },
      "properties": {
        "toponimo": "Rua de António Cardoso",
        "tarifado": "Sim",
        "objectid": 31182,
        "globalid": "{5BC76138-5A6A-4660-A396-724C7F43C35C}"
      }
    },
    {
      "type": "Feature",
      "id": 31234,
      "geometry": {
        "type": "LineString",
        "coordinates": [
          [-8.59932367003031, 41.1554531259809],
          [-8.59950040762969, 41.1545290493064]
        ]
      },
      "properties": {
        "toponimo": "Rua de Santos Pousada",
        "tarifado": "Sim",
        "objectid": 31234,
        "globalid": "{2D3ACE8A-82A2-4010-9273-FDD9607AB192}"
      }
    },
    {
      "type": "Feature",
      "id": 31235,
      "geometry": {
        "type": "LineString",
        "coordinates": [
          [-8.59906120903805, 41.1568278961935],
          [-8.59907869339854, 41.1567349735129],
          [-8.59932004021039, 41.155471994884],
          [-8.59932367003031, 41.1554531259809]
        ]
      },
      "properties": {
        "toponimo": "Rua de Santos Pousada",
        "tarifado": "Sim",
        "objectid": 31235,
        "globalid": "{01CFF787-3712-42D2-91B5-7D08BC43842B}"
      }
    },
    {
      "type": "Feature",
      "id": 31258,
      "geometry": {
        "type": "LineString",
        "coordinates": [
          [-8.61528968105332, 41.1427772767375],
          [-8.61529220078032, 41.1424867438349]
        ]
      },
      "properties": {
        "toponimo": "Rua de Ferreira Borges",
        "tarifado": "Sim",
        "objectid": 31258,
        "globalid": "{24B11F45-F2A1-40DF-A8E5-3E788EF4D5B3}"
      }
    },
    {
      "type": "Feature",
      "id": 31263,
      "geometry": {
        "type": "LineString",
        "coordinates": [
          [-8.68372089558488, 41.1593414871605],
          [-8.68334783928384, 41.1594917116237],
          [-8.68283065568205, 41.1597042412409]
        ]
      },
      "properties": {
        "toponimo": "Rua do Molhe",
        "tarifado": "Sim",
        "objectid": 31263,
        "globalid": "{86F6B501-96AE-4026-A9C1-9B76380D3EAB}"
      }
    },
    {
      "type": "Feature",
      "id": 31275,
      "geometry": {
        "type": "LineString",
        "coordinates": [
          [-8.68037897458595, 41.1553359948019],
          [-8.68003038703241, 41.154929940387]
        ]
      },
      "properties": {
        "toponimo": "Avenida do Brasil",
        "tarifado": "Sim",
        "objectid": 31275,
        "globalid": "{94176EE4-8FF9-487A-A0C3-A8A1CDD90BB9}"
      }
    },
    {
      "type": "Feature",
      "id": 31276,
      "geometry": {
        "type": "LineString",
        "coordinates": [
          [-8.67943163124964, 41.1542684570396],
          [-8.67946531232085, 41.1543059966531],
          [-8.67960572653412, 41.1544139453883]
        ]
      },
      "properties": {
        "toponimo": "Avenida do Brasil",
        "tarifado": "Sim",
        "objectid": 31276,
        "globalid": "{D136D3B1-13FC-4435-ACDE-1B977DA05095}"
      }
    },
    {
      "type": "Feature",
      "id": 31277,
      "geometry": {
        "type": "LineString",
        "coordinates": [
          [-8.68003038703241, 41.154929940387],
          [-8.67985115071231, 41.1547211685024],
          [-8.67960577538234, 41.1544140892259],
          [-8.67960572653412, 41.1544139453883]
        ]
      },
      "properties": {
        "toponimo": "Avenida do Brasil",
        "tarifado": "Sim",
        "objectid": 31277,
        "globalid": "{741DFC0E-DCB1-4A95-9731-1D924537FC23}"
      }
    },
    {
      "type": "Feature",
      "id": 31278,
      "geometry": {
        "type": "LineString",
        "coordinates": [
          [-8.60273913190495, 41.1654966517884],
          [-8.6026800021232, 41.1654091023906],
          [-8.60249712781044, 41.1651359232762],
          [-8.60235110585529, 41.1649123967153]
        ]
      },
      "properties": {
        "toponimo": "Rua de Álvaro de Castelões",
        "tarifado": "Sim",
        "objectid": 31278,
        "globalid": "{876B705C-98A8-4D64-9E21-3C6D306818AC}"
      }
    },
    {
      "type": "Feature",
      "id": 31279,
      "geometry": {
        "type": "LineString",
        "coordinates": [
          [-8.60636437668687, 41.1654150672752],
          [-8.60542461806097, 41.165426970023]
        ]
      },
      "properties": {
        "toponimo": "Rua de Bolama",
        "tarifado": "Sim",
        "objectid": 31279,
        "globalid": "{D66C29B0-4417-4A20-9E34-A7ED4DC23D35}"
      }
    },
    {
      "type": "Feature",
      "id": 31280,
      "geometry": {
        "type": "LineString",
        "coordinates": [
          [-8.60528130301916, 41.1619892053376],
          [-8.60552228714277, 41.1620074829165],
          [-8.60686332308368, 41.1621749277146]
        ]
      },
      "properties": {
        "toponimo": "Rua da Constituição",
        "tarifado": "Sim",
        "objectid": 31280,
        "globalid": "{BA1E6DBD-9BDF-44A3-A7EE-995770CE9C31}"
      }
    },
    {
      "type": "Feature",
      "id": 31281,
      "geometry": {
        "type": "LineString",
        "coordinates": [
          [-8.60889389501114, 41.1633121188507],
          [-8.60885611819185, 41.1635032010592],
          [-8.60889701057149, 41.1635245966408],
          [-8.60952106890903, 41.1635455364958],
          [-8.6095729707607, 41.1635226389873],
          [-8.60969943461308, 41.1635258778065],
          [-8.60972256839264, 41.1632597246248],
          [-8.60903039658892, 41.1632258957651],
          [-8.60895673771449, 41.1632372313016],
          [-8.60889389501114, 41.1633121188507]
        ]
      },
      "properties": {
        "toponimo": "Praça Artur Santos Silva",
        "tarifado": "Sim",
        "objectid": 31281,
        "globalid": "{A59425BB-8423-4966-9FC3-330BCFE61A98}"
      }
    },
    {
      "type": "Feature",
      "id": 31282,
      "geometry": {
        "type": "LineString",
        "coordinates": [
          [-8.60542461806097, 41.165426970023],
          [-8.60539723212149, 41.1650372180106],
          [-8.6053591425169, 41.1644782751495],
          [-8.60533519858655, 41.1640357525339],
          [-8.60533180983014, 41.1639739975741]
        ]
      },
      "properties": {
        "toponimo": "Rua do Visconde de Setúbal",
        "tarifado": "Sim",
        "objectid": 31282,
        "globalid": "{BB6A5C2B-8A17-4336-B580-83CF5F6A41C3}"
      }
    },
    {
      "type": "Feature",
      "id": 31283,
      "geometry": {
        "type": "LineString",
        "coordinates": [
          [-8.68088019732766, 41.15592984975],
          [-8.68061873693788, 41.1556151054716],
          [-8.68037897458595, 41.1553359948019]
        ]
      },
      "properties": {
        "toponimo": "Avenida do Brasil",
        "tarifado": "Sim",
        "objectid": 31283,
        "globalid": "{701F6337-7365-41AF-A281-A41E645E5AF7}"
      }
    },
    {
      "type": "Feature",
      "id": 31284,
      "geometry": {
        "type": "LineString",
        "coordinates": [
          [-8.68187821652551, 41.1571292516872],
          [-8.68144051430275, 41.1566041774206],
          [-8.68088019732766, 41.15592984975]
        ]
      },
      "properties": {
        "toponimo": "Avenida do Brasil",
        "tarifado": "Sim",
        "objectid": 31284,
        "globalid": "{58E8C7C2-AD1D-49C8-9543-EDB893DA79FE}"
      }
    },
    {
      "type": "Feature",
      "id": 31285,
      "geometry": {
        "type": "LineString",
        "coordinates": [
          [-8.678816498604, 41.1534943605644],
          [-8.67889009803457, 41.1535760206859],
          [-8.67914588300745, 41.1539422908412],
          [-8.67940011195413, 41.1542331483434],
          [-8.67943163124964, 41.1542684570396]
        ]
      },
      "properties": {
        "toponimo": "Avenida do Brasil",
        "tarifado": "Sim",
        "objectid": 31285,
        "globalid": "{46F60823-044B-41A4-A249-372B1AF32246}"
      }
    },
    {
      "type": "Feature",
      "id": 31286,
      "geometry": {
        "type": "LineString",
        "coordinates": [
          [-8.67809097401855, 41.1527275218672],
          [-8.67828996010912, 41.1529229838339],
          [-8.67832018969866, 41.1529553365202]
        ]
      },
      "properties": {
        "toponimo": "Avenida do Brasil",
        "tarifado": "Sim",
        "objectid": 31286,
        "globalid": "{FBE521F6-6983-4F8E-90DF-5285CFE80F24}"
      }
    },
    {
      "type": "Feature",
      "id": 31287,
      "geometry": {
        "type": "LineString",
        "coordinates": [
          [-8.67832018969866, 41.1529553365202],
          [-8.67858996740297, 41.1532430337861],
          [-8.678816498604, 41.1534943605644]
        ]
      },
      "properties": {
        "toponimo": "Avenida do Brasil",
        "tarifado": "Sim",
        "objectid": 31287,
        "globalid": "{DF6AB38C-0705-4C16-BD96-B7F96BEEBBC7}"
      }
    },
    {
      "type": "Feature",
      "id": 31288,
      "geometry": {
        "type": "LineString",
        "coordinates": [
          [-8.68574349373582, 41.1629082491303],
          [-8.68569662909934, 41.1628258890155],
          [-8.68543154449244, 41.1623527550178],
          [-8.68512718312781, 41.1618246670178],
          [-8.68483739718579, 41.1613021270427],
          [-8.68455263869898, 41.1607960311302],
          [-8.6843122463394, 41.1603684983261],
          [-8.6840324261444, 41.1598733527782],
          [-8.68376995421521, 41.159414833318],
          [-8.68372089558488, 41.1593414871605]
        ]
      },
      "properties": {
        "toponimo": "Avenida de Montevideu",
        "tarifado": "Sim",
        "objectid": 31288,
        "globalid": "{DA2B663A-13C0-4BB1-B271-72E2DE2618E0}"
      }
    },
    {
      "type": "Feature",
      "id": 31289,
      "geometry": {
        "type": "LineString",
        "coordinates": [
          [-8.68663696621063, 41.1644858553361],
          [-8.68651387525725, 41.1642673869767],
          [-8.68622425356347, 41.1637613269641],
          [-8.68595423290733, 41.1632789345032],
          [-8.68574349373582, 41.1629082491303]
        ]
      },
      "properties": {
        "toponimo": "Avenida de Montevideu",
        "tarifado": "Sim",
        "objectid": 31289,
        "globalid": "{125B4AA7-9D33-423C-968B-58A58C3326E0}"
      }
    },
    {
      "type": "Feature",
      "id": 31290,
      "geometry": {
        "type": "LineString",
        "coordinates": [
          [-8.68372089558488, 41.1593414871605],
          [-8.68368262227622, 41.1592841342438],
          [-8.68360640800491, 41.1591706783838],
          [-8.68342002502251, 41.1589549140134],
          [-8.68296508132329, 41.1584240230736],
          [-8.68253457319428, 41.1579166302867],
          [-8.68187821652551, 41.1571292516872]
        ]
      },
      "properties": {
        "toponimo": "Avenida do Brasil",
        "tarifado": "Sim",
        "objectid": 31290,
        "globalid": "{A6001A8C-B023-4A0F-B5FE-12331FF85449}"
      }
    },
    {
      "type": "Feature",
      "id": 31291,
      "geometry": {
        "type": "LineString",
        "coordinates": [
          [-8.68745427961401, 41.1659417041126],
          [-8.68735106432485, 41.1657564930492],
          [-8.68706871520031, 41.1652539038956],
          [-8.68678140965366, 41.1647423434092],
          [-8.68663696621063, 41.1644858553361]
        ]
      },
      "properties": {
        "toponimo": "Avenida de Montevideu",
        "tarifado": "Sim",
        "objectid": 31291,
        "globalid": "{F26D3AFC-1BDD-4ECD-9D73-62D865B553C0}"
      }
    },
    {
      "type": "Feature",
      "id": 31292,
      "geometry": {
        "type": "LineString",
        "coordinates": [
          [-8.6882410649757, 41.167338322048],
          [-8.68793544523243, 41.1667923762884],
          [-8.68763099781849, 41.1662589481207],
          [-8.68745427961401, 41.1659417041126]
        ]
      },
      "properties": {
        "toponimo": "Avenida de Montevideu",
        "tarifado": "Sim",
        "objectid": 31292,
        "globalid": "{FBD22A6B-402B-4A5B-A6DC-C5F1E0D2D0DC}"
      }
    },
    {
      "type": "Feature",
      "id": 31296,
      "geometry": {
        "type": "LineString",
        "coordinates": [
          [-8.67709429037596, 41.1517788011178],
          [-8.67712310687348, 41.1518305732619],
          [-8.67748902954539, 41.1521822514349]
        ]
      },
      "properties": {
        "toponimo": "Rua da Senhora da Luz",
        "tarifado": "Sim",
        "objectid": 31296,
        "globalid": "{4F1E1526-F525-467B-8C3D-946102BDA537}"
      }
    },
    {
      "type": "Feature",
      "id": 31297,
      "geometry": {
        "type": "LineString",
        "coordinates": [
          [-8.67604035351894, 41.1502681308368],
          [-8.67609220858917, 41.1503718559858],
          [-8.67614888777418, 41.1504451795084],
          [-8.67618423401353, 41.1504986049304]
        ]
      },
      "properties": {
        "toponimo": "Rua da Senhora da Luz",
        "tarifado": "Sim",
        "objectid": 31297,
        "globalid": "{6851E1CE-EC5B-4E17-BA27-580F9688E683}"
      }
    },
    {
      "type": "Feature",
      "id": 31305,
      "geometry": {
        "type": "LineString",
        "coordinates": [
          [-8.67330569113663, 41.149236848253],
          [-8.67356354523181, 41.1493585948993],
          [-8.67377758265959, 41.149401625334],
          [-8.67411750308203, 41.149396357382],
          [-8.67482611773996, 41.1493489814375],
          [-8.67516493320782, 41.1493556814677],
          [-8.6753982439669, 41.1493783584126],
          [-8.67542602283047, 41.1493884916881]
        ]
      },
      "properties": {
        "toponimo": "Esplanada do Castelo",
        "tarifado": "Sim",
        "objectid": 31305,
        "globalid": "{8C279664-FD8F-4C21-BA4B-0F0AA8014BFA}"
      }
    },
    {
      "type": "Feature",
      "id": 31306,
      "geometry": {
        "type": "LineString",
        "coordinates": [
          [-8.67359221154941, 41.1495920016431],
          [-8.67355496829145, 41.1495883864557],
          [-8.673449925078, 41.1495521532151],
          [-8.67336255986354, 41.1494870050494],
          [-8.67326205027143, 41.1493792936755],
          [-8.67322832889667, 41.1493246342316],
          [-8.67323590289272, 41.1492591749309],
          [-8.67330569113663, 41.149236848253]
        ]
      },
      "properties": {
        "toponimo": "Esplanada do Castelo",
        "tarifado": "Sim",
        "objectid": 31306,
        "globalid": "{97E815DD-369D-4F76-AC50-FA68C39C2C01}"
      }
    },
    {
      "type": "Feature",
      "id": 31309,
      "geometry": {
        "type": "LineString",
        "coordinates": [
          [-8.67325181946275, 41.1485665605938],
          [-8.67334657296595, 41.1486018608082],
          [-8.67413164317349, 41.1482742871004],
          [-8.67414389090864, 41.1482065537906]
        ]
      },
      "properties": {
        "toponimo": "Esplanada do Castelo",
        "tarifado": "Sim",
        "objectid": 31309,
        "globalid": "{8D73871F-108D-48D9-90B9-1F3731F8C4C6}"
      }
    },
    {
      "type": "Feature",
      "id": 31310,
      "geometry": {
        "type": "LineString",
        "coordinates": [
          [-8.67287850267657, 41.1490814223839],
          [-8.67292725509596, 41.1489275626442],
          [-8.67300046322102, 41.1488112894664],
          [-8.67309910932358, 41.1486754827202],
          [-8.67325167541162, 41.1485664262041],
          [-8.67325181946275, 41.1485665605938]
        ]
      },
      "properties": {
        "toponimo": "Esplanada do Castelo",
        "tarifado": "Sim",
        "objectid": 31310,
        "globalid": "{D595B026-703A-4611-9CEE-124E6C318776}"
      }
    },
    {
      "type": "Feature",
      "id": 31311,
      "geometry": {
        "type": "LineString",
        "coordinates": [
          [-8.67414389090864, 41.1482065537906],
          [-8.67445771799987, 41.1480354068215]
        ]
      },
      "properties": {
        "toponimo": "Esplanada do Castelo",
        "tarifado": "Sim",
        "objectid": 31311,
        "globalid": "{59D4ECA7-C42C-40A8-97AA-E361266D70A6}"
      }
    },
    {
      "type": "Feature",
      "id": 31312,
      "geometry": {
        "type": "LineString",
        "coordinates": [
          [-8.67579525209014, 41.1496832262763],
          [-8.67558352032127, 41.1496642384467],
          [-8.67498555651652, 41.1495933037252],
          [-8.67463274951146, 41.1495600791105],
          [-8.67449922217391, 41.1495569186309]
        ]
      },
      "properties": {
        "toponimo": "Esplanada do Castelo",
        "tarifado": "Sim",
        "objectid": 31312,
        "globalid": "{AFCE3C50-0A35-4002-850C-92826733EDAF}"
      }
    },
    {
      "type": "Feature",
      "id": 31313,
      "geometry": {
        "type": "LineString",
        "coordinates": [
          [-8.67449922217391, 41.1495569186309],
          [-8.6744334644533, 41.149555257519],
          [-8.6740797914984, 41.1495714052118],
          [-8.6738589272313, 41.149583152917],
          [-8.67371083078759, 41.14959158638],
          [-8.67363167290608, 41.1495957594842],
          [-8.67359221154941, 41.1495920016431]
        ]
      },
      "properties": {
        "toponimo": "Esplanada do Castelo",
        "tarifado": "Sim",
        "objectid": 31313,
        "globalid": "{97F201DB-8478-45FB-8E1D-5508ECE731AC}"
      }
    },
    {
      "type": "Feature",
      "id": 31314,
      "geometry": {
        "type": "LineString",
        "coordinates": [
          [-8.67588166264061, 41.1498774156696],
          [-8.67592534083832, 41.1499761469016],
          [-8.67596059931932, 41.150076754681],
          [-8.67603519305346, 41.1502578902062],
          [-8.67604035351894, 41.1502681308368]
        ]
      },
      "properties": {
        "toponimo": "Esplanada do Castelo",
        "tarifado": "Sim",
        "objectid": 31314,
        "globalid": "{51692296-5AF7-4C22-894C-805AAAFFC62C}"
      }
    },
    {
      "type": "Feature",
      "id": 31316,
      "geometry": {
        "type": "LineString",
        "coordinates": [
          [-8.67542602283047, 41.1493884916881],
          [-8.6755085751932, 41.1493107196467],
          [-8.67555088916952, 41.1492677497474],
          [-8.67559055057625, 41.1492021373874],
          [-8.67559716612208, 41.1491191050613],
          [-8.6755911789884, 41.1490030609192]
        ]
      },
      "properties": {
        "toponimo": "Esplanada do Castelo",
        "tarifado": "Sim",
        "objectid": 31316,
        "globalid": "{E29AC231-8045-4CEA-9D99-C94DA5E8C514}"
      }
    },
    {
      "type": "Feature",
      "id": 31323,
      "geometry": {
        "type": "LineString",
        "coordinates": [
          [-8.67406201694128, 41.1537497201527],
          [-8.67410501910194, 41.153496562863],
          [-8.67419086690239, 41.1529827753357],
          [-8.67419252139171, 41.1529739072921]
        ]
      },
      "properties": {
        "toponimo": "Rua da Cerca",
        "tarifado": "Sim",
        "objectid": 31323,
        "globalid": "{32432BC4-D413-4390-839F-CA1DAEF3A0A9}"
      }
    },
    {
      "type": "Feature",
      "id": 31325,
      "geometry": {
        "type": "LineString",
        "coordinates": [
          [-8.67389299731333, 41.1544781724838],
          [-8.67393111215414, 41.1542461345011],
          [-8.67401439032916, 41.1540302002897],
          [-8.67406201694128, 41.1537497201527]
        ]
      },
      "properties": {
        "toponimo": "Rua da Cerca",
        "tarifado": "Sim",
        "objectid": 31325,
        "globalid": "{3B14364D-8827-40C2-80F3-01D283DD84B5}"
      }
    },
    {
      "type": "Feature",
      "id": 31327,
      "geometry": {
        "type": "LineString",
        "coordinates": [
          [-8.67639005838913, 41.1530269686741],
          [-8.67569345007306, 41.1534344650359]
        ]
      },
      "properties": {
        "toponimo": "Rua de Diu",
        "tarifado": "Sim",
        "objectid": 31327,
        "globalid": "{FD6FE1A9-8CCD-4649-AE8B-BF09556CF32F}"
      }
    },
    {
      "type": "Feature",
      "id": 31328,
      "geometry": {
        "type": "LineString",
        "coordinates": [
          [-8.67710344049493, 41.1526134730159],
          [-8.67691493277008, 41.1527198777852],
          [-8.67639005838913, 41.1530269686741]
        ]
      },
      "properties": {
        "toponimo": "Rua de Diu",
        "tarifado": "Sim",
        "objectid": 31328,
        "globalid": "{C909E933-09F8-4F59-9C2F-ACD750061B2E}"
      }
    },
    {
      "type": "Feature",
      "id": 31329,
      "geometry": {
        "type": "LineString",
        "coordinates": [
          [-8.67735781593686, 41.1524698821628],
          [-8.67710344049493, 41.1526134730159]
        ]
      },
      "properties": {
        "toponimo": "Rua de Diu",
        "tarifado": "Sim",
        "objectid": 31329,
        "globalid": "{830B310C-690E-426B-AABF-3E67C3E9FDEB}"
      }
    },
    {
      "type": "Feature",
      "id": 31330,
      "geometry": {
        "type": "LineString",
        "coordinates": [
          [-8.68007121473063, 41.1564441308679],
          [-8.67998261378615, 41.1563341178877],
          [-8.67907552811357, 41.1552406320504]
        ]
      },
      "properties": {
        "toponimo": "Rua de Gondarém",
        "tarifado": "Sim",
        "objectid": 31330,
        "globalid": "{C2885477-6E4A-42D4-8901-4B89DBC09503}"
      }
    },
    {
      "type": "Feature",
      "id": 31332,
      "geometry": {
        "type": "LineString",
        "coordinates": [
          [-8.67569345007306, 41.1534344650359],
          [-8.67551987163107, 41.1535358898244],
          [-8.67447029732847, 41.1541418697738]
        ]
      },
      "properties": {
        "toponimo": "Rua de Diu",
        "tarifado": "Sim",
        "objectid": 31332,
        "globalid": "{848391B7-080E-418A-990C-CD59A67A192E}"
      }
    },
    {
      "type": "Feature",
      "id": 31336,
      "geometry": {
        "type": "LineString",
        "coordinates": [
          [-8.68252825788922, 41.1593353845886],
          [-8.68224134541325, 41.1590069907861],
          [-8.68169260960478, 41.1583676462311]
        ]
      },
      "properties": {
        "toponimo": "Rua de Gondarém",
        "tarifado": "Sim",
        "objectid": 31336,
        "globalid": "{FA1F5EC4-C1CF-42C6-826E-96FF5D5B514F}"
      }
    },
    {
      "type": "Feature",
      "id": 31337,
      "geometry": {
        "type": "LineString",
        "coordinates": [
          [-8.68454587881833, 41.1632516717405],
          [-8.68447924494087, 41.1631093298304],
          [-8.68390403597072, 41.1619024381895],
          [-8.68346847293447, 41.1609951084251],
          [-8.68318766407128, 41.1603760147194]
        ]
      },
      "properties": {
        "toponimo": "Rua de Gondarém",
        "tarifado": "Sim",
        "objectid": 31337,
        "globalid": "{5D94B215-4956-40FF-BF03-48B996F6CF2D}"
      }
    },
    {
      "type": "Feature",
      "id": 31338,
      "geometry": {
        "type": "LineString",
        "coordinates": [
          [-8.68283065568205, 41.1597042412409],
          [-8.68271401643305, 41.1595479298203],
          [-8.68252825788922, 41.1593353845886]
        ]
      },
      "properties": {
        "toponimo": "Rua de Gondarém",
        "tarifado": "Sim",
        "objectid": 31338,
        "globalid": "{B3FF80B0-74A7-47AF-B1BF-5364A5AB32E1}"
      }
    },
    {
      "type": "Feature",
      "id": 31341,
      "geometry": {
        "type": "LineString",
        "coordinates": [
          [-8.67704517744588, 41.151137198061],
          [-8.67680573799222, 41.1509536124557]
        ]
      },
      "properties": {
        "toponimo": "Rua de S. Bartolomeu",
        "tarifado": "Sim",
        "objectid": 31341,
        "globalid": "{2F91CD04-1BC1-4E38-877E-E785F4242183}"
      }
    },
    {
      "type": "Feature",
      "id": 31342,
      "geometry": {
        "type": "LineString",
        "coordinates": [
          [-8.66632613554258, 41.1475647769794],
          [-8.66625614011785, 41.1475968962285],
          [-8.66597856262224, 41.1477194647275]
        ]
      },
      "properties": {
        "toponimo": "Rua do Passeio Alegre",
        "tarifado": "Sim",
        "objectid": 31342,
        "globalid": "{DCCB3506-795D-4F89-BE8D-DB3B0541B202}"
      }
    },
    {
      "type": "Feature",
      "id": 31343,
      "geometry": {
        "type": "LineString",
        "coordinates": [
          [-8.66554049774132, 41.147896794266],
          [-8.66540672244287, 41.1479476405866],
          [-8.66540402531043, 41.147948499459]
        ]
      },
      "properties": {
        "toponimo": "Rua do Passeio Alegre",
        "tarifado": "Sim",
        "objectid": 31343,
        "globalid": "{2B3B18F3-201F-40A3-A330-44F727C69AFB}"
      }
    },
    {
      "type": "Feature",
      "id": 31346,
      "geometry": {
        "type": "LineString",
        "coordinates": [
          [-8.67018785618109, 41.1486127552578],
          [-8.67079921310852, 41.1488544081689]
        ]
      },
      "properties": {
        "toponimo": "Rua do Passeio Alegre",
        "tarifado": "Sim",
        "objectid": 31346,
        "globalid": "{99A88C10-D726-46F7-AF60-2BFE9AEFDD05}"
      }
    },
    {
      "type": "Feature",
      "id": 31347,
      "geometry": {
        "type": "LineString",
        "coordinates": [
          [-8.66966186177707, 41.1484158565158],
          [-8.67011890074008, 41.1485855081264],
          [-8.67018785618109, 41.1486127552578]
        ]
      },
      "properties": {
        "toponimo": "Rua do Passeio Alegre",
        "tarifado": "Sim",
        "objectid": 31347,
        "globalid": "{79EBDF3D-AA94-483A-BDF1-388F2BF36F06}"
      }
    },
    {
      "type": "Feature",
      "id": 31350,
      "geometry": {
        "type": "LineString",
        "coordinates": [
          [-8.66813762825187, 41.1478201229663],
          [-8.66958988675139, 41.1483776198161],
          [-8.66966186177707, 41.1484158565158]
        ]
      },
      "properties": {
        "toponimo": "Rua do Passeio Alegre",
        "tarifado": "Sim",
        "objectid": 31350,
        "globalid": "{2EB54AF6-286E-4B23-B10B-044FA5BC2D9F}"
      }
    },
    {
      "type": "Feature",
      "id": 31351,
      "geometry": {
        "type": "LineString",
        "coordinates": [
          [-8.66798377723895, 41.1477504999671],
          [-8.66803864924332, 41.1477803539123],
          [-8.66813762825187, 41.1478201229663]
        ]
      },
      "properties": {
        "toponimo": "Rua do Passeio Alegre",
        "tarifado": "Sim",
        "objectid": 31351,
        "globalid": "{8E3A8F98-128A-4B93-B256-D082728F5353}"
      }
    },
    {
      "type": "Feature",
      "id": 31353,
      "geometry": {
        "type": "LineString",
        "coordinates": [
          [-8.67710344049493, 41.1526134730159],
          [-8.67717020591027, 41.1526787155963],
          [-8.67759187378462, 41.1531006214542]
        ]
      },
      "properties": {
        "toponimo": "Rua do Farol",
        "tarifado": "Sim",
        "objectid": 31353,
        "globalid": "{7572EF38-C2FD-4A5B-A4AD-11BBA21EB01F}"
      }
    },
    {
      "type": "Feature",
      "id": 31355,
      "geometry": {
        "type": "LineString",
        "coordinates": [
          [-8.68007121473063, 41.1564441308679],
          [-8.67996497543123, 41.1565061276965],
          [-8.67934457376486, 41.1568619314778],
          [-8.67923553098204, 41.1569236428822]
        ]
      },
      "properties": {
        "toponimo": "Rua do Padrão",
        "tarifado": "Sim",
        "objectid": 31355,
        "globalid": "{28AF70F1-1C15-4365-8A24-252D144D6DA0}"
      }
    },
    {
      "type": "Feature",
      "id": 31357,
      "geometry": {
        "type": "LineString",
        "coordinates": [
          [-8.67760866574429, 41.153933699239],
          [-8.67760522649234, 41.1537489950764],
          [-8.6776095541671, 41.1533246523089],
          [-8.67759458821235, 41.1531090456905],
          [-8.67759187378462, 41.1531006214542]
        ]
      },
      "properties": {
        "toponimo": "Rua do Farol",
        "tarifado": "Sim",
        "objectid": 31357,
        "globalid": "{F74E1F3D-DB4F-4640-940B-F645DC8C2B9F}"
      }
    },
    {
      "type": "Feature",
      "id": 31363,
      "geometry": {
        "type": "LineString",
        "coordinates": [
          [-8.67599703441412, 41.1519096369173],
          [-8.6760300422575, 41.1518949834544],
          [-8.6761146322207, 41.1517982112459],
          [-8.67635012876397, 41.1515444200962],
          [-8.67614435437349, 41.1513868310743],
          [-8.67610136947351, 41.151366073398]
        ]
      },
      "properties": {
        "toponimo": "Largo do Capitão Pinheiro Torres de Meireles",
        "tarifado": "Sim",
        "objectid": 31363,
        "globalid": "{A763C78C-7C96-4FD7-B882-B287F9161EE3}"
      }
    },
    {
      "type": "Feature",
      "id": 31364,
      "geometry": {
        "type": "LineString",
        "coordinates": [
          [-8.67561447806081, 41.1516283742436],
          [-8.67562753671187, 41.1517553613206],
          [-8.67582561276016, 41.1518983464657],
          [-8.67586470315582, 41.1519219418528]
        ]
      },
      "properties": {
        "toponimo": "Largo do Capitão Pinheiro Torres de Meireles",
        "tarifado": "Sim",
        "objectid": 31364,
        "globalid": "{5E14540A-CCC3-4585-80AD-8AE5EBD8F5C8}"
      }
    },
    {
      "type": "Feature",
      "id": 31365,
      "geometry": {
        "type": "LineString",
        "coordinates": [
          [-8.67735468391506, 41.153964457185],
          [-8.67680567844869, 41.1534338425524],
          [-8.67645040694079, 41.1530885861697],
          [-8.67639005838913, 41.1530269686741]
        ]
      },
      "properties": {
        "toponimo": "Rua do Teatro",
        "tarifado": "Sim",
        "objectid": 31365,
        "globalid": "{B4F2BDBA-89A8-43CB-BF23-9BA4D6B8AB31}"
      }
    },
    {
      "type": "Feature",
      "id": 31369,
      "geometry": {
        "type": "LineString",
        "coordinates": [
          [-8.67649697423338, 41.1520087009265],
          [-8.67646867624039, 41.1520137606902],
          [-8.67631344781158, 41.1520375736447],
          [-8.67600508490827, 41.152100649513]
        ]
      },
      "properties": {
        "toponimo": "Rua da Fonte da Luz",
        "tarifado": "Sim",
        "objectid": 31369,
        "globalid": "{2086D593-AA7C-402F-BAAD-904D41417F16}"
      }
    },
    {
      "type": "Feature",
      "id": 31370,
      "geometry": {
        "type": "LineString",
        "coordinates": [
          [-8.67600508490827, 41.152100649513],
          [-8.67573725817736, 41.152154960573],
          [-8.67565340340231, 41.15218222632],
          [-8.6755731185338, 41.1522319941538]
        ]
      },
      "properties": {
        "toponimo": "Rua da Fonte da Luz",
        "tarifado": "Sim",
        "objectid": 31370,
        "globalid": "{6A590EDC-988B-40C5-8DBF-F2C78B133175}"
      }
    },
    {
      "type": "Feature",
      "id": 31371,
      "geometry": {
        "type": "LineString",
        "coordinates": [
          [-8.67709429037596, 41.1517788011178],
          [-8.67700465099172, 41.1518051136934],
          [-8.67675833322432, 41.1519102442221],
          [-8.67660100879457, 41.1519900645617],
          [-8.67649697423338, 41.1520087009265]
        ]
      },
      "properties": {
        "toponimo": "Rua da Fonte da Luz",
        "tarifado": "Sim",
        "objectid": 31371,
        "globalid": "{4DA4B71D-494C-405E-83C6-56D641165A4E}"
      }
    },
    {
      "type": "Feature",
      "id": 31372,
      "geometry": {
        "type": "LineString",
        "coordinates": [
          [-8.67488578496772, 41.1526297353231],
          [-8.67477967466974, 41.1526900330844],
          [-8.67440548823005, 41.1528931246467],
          [-8.67433181847239, 41.1529204847374],
          [-8.67419252139171, 41.1529739072921]
        ]
      },
      "properties": {
        "toponimo": "Rua da Fonte da Luz",
        "tarifado": "Sim",
        "objectid": 31372,
        "globalid": "{64EF6833-07E2-4CF7-A9B6-5E789A2E1E0F}"
      }
    },
    {
      "type": "Feature",
      "id": 31402,
      "geometry": {
        "type": "LineString",
        "coordinates": [
          [-8.68610258212146, 41.1675343652732],
          [-8.68668022934704, 41.1676307676321],
          [-8.68707196140029, 41.1676923277719]
        ]
      },
      "properties": {
        "toponimo": "Avenida da Boavista",
        "tarifado": "Sim",
        "objectid": 31402,
        "globalid": "{1CC3E52F-730A-408B-8576-3DD67B47FF8B}"
      }
    },
    {
      "type": "Feature",
      "id": 31407,
      "geometry": {
        "type": "LineString",
        "coordinates": [
          [-8.68790152946396, 41.1676027777665],
          [-8.68771272849422, 41.1676506841363],
          [-8.68727793444274, 41.1675837065706],
          [-8.6860557145979, 41.167379971758],
          [-8.68488050272881, 41.1671809331419]
        ]
      },
      "properties": {
        "toponimo": "Avenida da Boavista",
        "tarifado": "Sim",
        "objectid": 31407,
        "globalid": "{514F6F95-630C-41B3-B988-1B4587BAE826}"
      }
    },
    {
      "type": "Feature",
      "id": 31411,
      "geometry": {
        "type": "LineString",
        "coordinates": [
          [-8.68484065483544, 41.1673250472274],
          [-8.68533919154647, 41.1674074841633],
          [-8.68565148139879, 41.1674591668754],
          [-8.68610258212146, 41.1675343652732]
        ]
      },
      "properties": {
        "toponimo": "Avenida da Boavista",
        "tarifado": "Sim",
        "objectid": 31411,
        "globalid": "{1AD3290E-814D-4F4A-A6D1-D8EA5360D024}"
      }
    },
    {
      "type": "Feature",
      "id": 31418,
      "geometry": {
        "type": "LineString",
        "coordinates": [
          [-8.6750421061849, 41.1520949398403],
          [-8.67511430917256, 41.1520431042877],
          [-8.67528718221456, 41.1519128515037],
          [-8.67531630535389, 41.1518101378483]
        ]
      },
      "properties": {
        "toponimo": "Rua do Monsenhor Manuel Marinho",
        "tarifado": "Sim",
        "objectid": 31418,
        "globalid": "{59BDE43B-FC3E-49EF-B098-B586DBE6C05D}"
      }
    },
    {
      "type": "Feature",
      "id": 31420,
      "geometry": {
        "type": "LineString",
        "coordinates": [
          [-8.67465154828238, 41.1523159828582],
          [-8.67478290860152, 41.1522579607317],
          [-8.67499525597703, 41.1521285042287],
          [-8.6750421061849, 41.1520949398403]
        ]
      },
      "properties": {
        "toponimo": "Rua do Monsenhor Manuel Marinho",
        "tarifado": "Sim",
        "objectid": 31420,
        "globalid": "{4B406A92-BC10-48D5-9378-000E05E7682B}"
      }
    },
    {
      "type": "Feature",
      "id": 31421,
      "geometry": {
        "type": "LineString",
        "coordinates": [
          [-8.66539667039986, 41.1615962014151],
          [-8.66519971819386, 41.1613150336526]
        ]
      },
      "properties": {
        "toponimo": "Largo de Tomé Pires",
        "tarifado": "Sim",
        "objectid": 31421,
        "globalid": "{2E3EBB1C-637E-4A9A-A29A-253433D85610}"
      }
    },
    {
      "type": "Feature",
      "id": 31422,
      "geometry": {
        "type": "LineString",
        "coordinates": [
          [-8.66411464482705, 41.1564434574646],
          [-8.66403332055475, 41.1563371975614],
          [-8.66372119565892, 41.1558715510358],
          [-8.6634066306306, 41.1554204019366],
          [-8.66310142338979, 41.1549738560213]
        ]
      },
      "properties": {
        "toponimo": "Rua de João de Barros",
        "tarifado": "Sim",
        "objectid": 31422,
        "globalid": "{76C506B4-A0FC-478D-AF26-FA42210B7D14}"
      }
    },
    {
      "type": "Feature",
      "id": 31423,
      "geometry": {
        "type": "LineString",
        "coordinates": [
          [-8.68814447689668, 41.168369763634],
          [-8.68792748505877, 41.1686786476773],
          [-8.68753553281316, 41.16916381366],
          [-8.68727461741402, 41.1694858470576],
          [-8.68717903581716, 41.16964894189],
          [-8.68709435180997, 41.169839563534],
          [-8.68704847913113, 41.1700077668125],
          [-8.68701124202751, 41.1702178598198],
          [-8.68700962501621, 41.1704439523589],
          [-8.68704789199867, 41.1706376446581],
          [-8.68710255279305, 41.1708097197753],
          [-8.68722174937802, 41.1710619622331],
          [-8.68744314269978, 41.1713833574846],
          [-8.68773894701159, 41.171827767442],
          [-8.68806846632697, 41.1723451804665],
          [-8.68832347163966, 41.1727200128293],
          [-8.68847313638847, 41.1729400237734]
        ]
      },
      "properties": {
        "toponimo": "Via do Castelo do Queijo",
        "tarifado": "Sim",
        "objectid": 31423,
        "globalid": "{F3674706-FF57-448F-A50F-E3C4A16B636B}"
      }
    },
    {
      "type": "Feature",
      "id": 31425,
      "geometry": {
        "type": "LineString",
        "coordinates": [
          [-8.64956497576435, 41.1672239306591],
          [-8.64994001013382, 41.167278939678],
          [-8.64997470554813, 41.1671455479091],
          [-8.64962755263386, 41.1670902789082]
        ]
      },
      "properties": {
        "toponimo": "Rua de S. João de Brito",
        "tarifado": "Sim",
        "objectid": 31425,
        "globalid": "{F3E6E8B6-7789-46B1-8046-DE2C79CF17E5}"
      }
    },
    {
      "type": "Feature",
      "id": 31426,
      "geometry": {
        "type": "LineString",
        "coordinates": [
          [-8.64962755263386, 41.1670902789082],
          [-8.64960808311987, 41.1671539538526],
          [-8.64956497576435, 41.1672239306591]
        ]
      },
      "properties": {
        "toponimo": "Rua de S. João de Brito",
        "tarifado": "Sim",
        "objectid": 31426,
        "globalid": "{55B984BA-54E1-4791-98A3-58E2BBE62ECC}"
      }
    },
    {
      "type": "Feature",
      "id": 31428,
      "geometry": {
        "type": "LineString",
        "coordinates": [
          [-8.64986227394445, 41.1663217505668],
          [-8.64981507754713, 41.1664761595693],
          [-8.64962755263386, 41.1670902789082]
        ]
      },
      "properties": {
        "toponimo": "Rua de S. João de Brito",
        "tarifado": "Sim",
        "objectid": 31428,
        "globalid": "{075CE76A-BDF9-4A2F-AB7D-06FA53F8FCAA}"
      }
    },
    {
      "type": "Feature",
      "id": 31429,
      "geometry": {
        "type": "LineString",
        "coordinates": [
          [-8.6502482652081, 41.1650228504502],
          [-8.64999666536055, 41.1658816329086],
          [-8.64992411463707, 41.1661191567176],
          [-8.64986227394445, 41.1663217505668]
        ]
      },
      "properties": {
        "toponimo": "Rua de S. João de Brito",
        "tarifado": "Sim",
        "objectid": 31429,
        "globalid": "{4D99DE46-2646-401A-9038-06E0EE73B0F7}"
      }
    },
    {
      "type": "Feature",
      "id": 31430,
      "geometry": {
        "type": "LineString",
        "coordinates": [
          [-8.64940889706608, 41.1635979243133],
          [-8.64914995029592, 41.1639840189134],
          [-8.64914898768849, 41.1639857070356]
        ]
      },
      "properties": {
        "toponimo": "Rua do Beato Inácio de Azevedo",
        "tarifado": "Sim",
        "objectid": 31430,
        "globalid": "{56E874FC-7747-4F66-8FA7-6A8136BE448A}"
      }
    },
    {
      "type": "Feature",
      "id": 31434,
      "geometry": {
        "type": "LineString",
        "coordinates": [
          [-8.64928424109532, 41.1640275888265],
          [-8.64933959965839, 41.1638234764156],
          [-8.64940889706608, 41.1635979243133]
        ]
      },
      "properties": {
        "toponimo": "Rua do Beato Inácio de Azevedo",
        "tarifado": "Sim",
        "objectid": 31434,
        "globalid": "{B664F76B-6741-4048-968D-C09F04D728A6}"
      }
    },
    {
      "type": "Feature",
      "id": 31436,
      "geometry": {
        "type": "LineString",
        "coordinates": [
          [-8.64973243270934, 41.1649362610145],
          [-8.64923572413601, 41.1648526702575],
          [-8.6491054376795, 41.1648335651253]
        ]
      },
      "properties": {
        "toponimo": "Rua do Beato Inácio de Azevedo",
        "tarifado": "Sim",
        "objectid": 31436,
        "globalid": "{471A051E-B1AD-4C17-9A1B-CC449FDE8A51}"
      }
    },
    {
      "type": "Feature",
      "id": 31437,
      "geometry": {
        "type": "LineString",
        "coordinates": [
          [-8.64858746372937, 41.1652080188373],
          [-8.64862339646213, 41.1650726508407],
          [-8.64806828639927, 41.164985248263]
        ]
      },
      "properties": {
        "toponimo": "Rua Padre Himalaya",
        "tarifado": "Sim",
        "objectid": 31437,
        "globalid": "{9224C678-3C94-42AC-A5CD-86CF318C1977}"
      }
    },
    {
      "type": "Feature",
      "id": 31438,
      "geometry": {
        "type": "LineString",
        "coordinates": [
          [-8.64960467620146, 41.1653793021036],
          [-8.64858746372937, 41.1652080188373]
        ]
      },
      "properties": {
        "toponimo": "Rua Padre Himalaya",
        "tarifado": "Sim",
        "objectid": 31438,
        "globalid": "{A958C681-BCAF-4DAF-AAEF-78C093C61420}"
      }
    },
    {
      "type": "Feature",
      "id": 31439,
      "geometry": {
        "type": "LineString",
        "coordinates": [
          [-8.64960467620146, 41.1653793021036],
          [-8.6495636054867, 41.1655065355143],
          [-8.64945276344137, 41.1654921149856],
          [-8.64855048715691, 41.1653470481482],
          [-8.64858746372937, 41.1652080188373]
        ]
      },
      "properties": {
        "toponimo": "Rua Padre Himalaya",
        "tarifado": "Sim",
        "objectid": 31439,
        "globalid": "{1EC74C59-E497-4497-9041-FBD8976AED13}"
      }
    },
    {
      "type": "Feature",
      "id": 31440,
      "geometry": {
        "type": "LineString",
        "coordinates": [
          [-8.65305709551705, 41.1668405172487],
          [-8.65338757717585, 41.1668954370193]
        ]
      },
      "properties": {
        "toponimo": "Rua de Mota Pinto",
        "tarifado": "Sim",
        "objectid": 31440,
        "globalid": "{3FE4F5B4-F74E-4DDE-A6F9-57C365F806B7}"
      }
    },
    {
      "type": "Feature",
      "id": 31441,
      "geometry": {
        "type": "LineString",
        "coordinates": [
          [-8.66423481781069, 41.1633863891867],
          [-8.66428173296515, 41.1632253663649],
          [-8.66435914078701, 41.1629913227574],
          [-8.66508191378423, 41.1631088150871],
          [-8.66621507783324, 41.1633033352156],
          [-8.66623504731192, 41.1632359894705]
        ]
      },
      "properties": {
        "toponimo": "Rua de Pedro Homem de Mello",
        "tarifado": "Sim",
        "objectid": 31441,
        "globalid": "{A6883BF8-DA33-42C9-913B-92AA5B6F09FB}"
      }
    },
    {
      "type": "Feature",
      "id": 31444,
      "geometry": {
        "type": "LineString",
        "coordinates": [
          [-8.66782319100429, 41.1623326765229],
          [-8.66764061758498, 41.1623846000826],
          [-8.66741030537776, 41.1623537366081],
          [-8.66670335613381, 41.1622240828477],
          [-8.66654837069383, 41.1622006006857]
        ]
      },
      "properties": {
        "toponimo": "Rua de Pedro Homem de Mello",
        "tarifado": "Sim",
        "objectid": 31444,
        "globalid": "{133E02B4-CAC5-4F0B-985A-D318644218DC}"
      }
    },
    {
      "type": "Feature",
      "id": 31445,
      "geometry": {
        "type": "LineString",
        "coordinates": [
          [-8.66642031528806, 41.1626155332317],
          [-8.66654837069383, 41.1622006006857]
        ]
      },
      "properties": {
        "toponimo": "Rua de Pedro Homem de Mello",
        "tarifado": "Sim",
        "objectid": 31445,
        "globalid": "{0F44E425-B961-4F21-9FB5-3F4F7F0EC803}"
      }
    },
    {
      "type": "Feature",
      "id": 31446,
      "geometry": {
        "type": "LineString",
        "coordinates": [
          [-8.66654837069383, 41.1622006006857],
          [-8.66642805185618, 41.1621824504492],
          [-8.66633536739289, 41.162488599915],
          [-8.66642031528806, 41.1626155332317]
        ]
      },
      "properties": {
        "toponimo": "Rua de Pedro Homem de Mello",
        "tarifado": "Sim",
        "objectid": 31446,
        "globalid": "{F2527A1E-ADC9-47CC-BFD2-634421AC3BF5}"
      }
    },
    {
      "type": "Feature",
      "id": 31448,
      "geometry": {
        "type": "LineString",
        "coordinates": [
          [-8.66623504731192, 41.1632359894705],
          [-8.66638489507859, 41.162730077401],
          [-8.66642031528806, 41.1626155332317]
        ]
      },
      "properties": {
        "toponimo": "Rua de Pedro Homem de Mello",
        "tarifado": "Sim",
        "objectid": 31448,
        "globalid": "{74622C0E-96D7-4077-8A75-74C2E66FBA63}"
      }
    },
    {
      "type": "Feature",
      "id": 31451,
      "geometry": {
        "type": "LineString",
        "coordinates": [
          [-8.66642031528806, 41.1626155332317],
          [-8.66656760270361, 41.1626417155962],
          [-8.66804228806571, 41.1628875269686],
          [-8.66818725191297, 41.1628754514603]
        ]
      },
      "properties": {
        "toponimo": "Rua José Gomes Ferreira",
        "tarifado": "Sim",
        "objectid": 31451,
        "globalid": "{585F7046-AB4F-4466-8727-486D2DC002A3}"
      }
    },
    {
      "type": "Feature",
      "id": 31452,
      "geometry": {
        "type": "LineString",
        "coordinates": [
          [-8.66493708043044, 41.1617151105021],
          [-8.66473132460581, 41.1618013250306],
          [-8.66462596280816, 41.1618540111691]
        ]
      },
      "properties": {
        "toponimo": "Largo de Tomé Pires",
        "tarifado": "Sim",
        "objectid": 31452,
        "globalid": "{E4D48EF3-BBC6-4482-AA58-4ED20D7031A7}"
      }
    },
    {
      "type": "Feature",
      "id": 31455,
      "geometry": {
        "type": "LineString",
        "coordinates": [
          [-8.66616931376588, 41.1615214238629],
          [-8.66570937840197, 41.1615653504717],
          [-8.66539667039986, 41.1615962014151]
        ]
      },
      "properties": {
        "toponimo": "Rua de Fez",
        "tarifado": "Sim",
        "objectid": 31455,
        "globalid": "{FF0551F9-9350-4F40-AA4E-F01B4CF35D1E}"
      }
    },
    {
      "type": "Feature",
      "id": 31456,
      "geometry": {
        "type": "LineString",
        "coordinates": [
          [-8.66284456943246, 41.1546150196906],
          [-8.66279056419267, 41.1545468917756],
          [-8.6627363709806, 41.1544642767135],
          [-8.6621020851542, 41.1535465369988],
          [-8.66177693887352, 41.1530789637843]
        ]
      },
      "properties": {
        "toponimo": "Rua de João de Barros",
        "tarifado": "Sim",
        "objectid": 31456,
        "globalid": "{D8D99854-86C0-4C9C-8D40-5DC20172F2A6}"
      }
    },
    {
      "type": "Feature",
      "id": 31461,
      "geometry": {
        "type": "LineString",
        "coordinates": [
          [-8.6616772166033, 41.1531250032122],
          [-8.6618023929209, 41.1533150714082],
          [-8.66189679154622, 41.1534509593529]
        ]
      },
      "properties": {
        "toponimo": "Rua de João de Barros",
        "tarifado": "Sim",
        "objectid": 31461,
        "globalid": "{58B9C923-1F4A-44E2-B8F7-DF02E2B21D45}"
      }
    },
    {
      "type": "Feature",
      "id": 31466,
      "geometry": {
        "type": "LineString",
        "coordinates": [
          [-8.66310142338979, 41.1549738560213],
          [-8.66292826658625, 41.1547205672178],
          [-8.66284456943246, 41.1546150196906]
        ]
      },
      "properties": {
        "toponimo": "Rua de João de Barros",
        "tarifado": "Sim",
        "objectid": 31466,
        "globalid": "{6E90C47F-5569-45F3-AAEF-299FB3A1A147}"
      }
    },
    {
      "type": "Feature",
      "id": 31475,
      "geometry": {
        "type": "LineString",
        "coordinates": [
          [-8.66297783680295, 41.1550212759749],
          [-8.66310142338979, 41.1549738560213]
        ]
      },
      "properties": {
        "toponimo": "Rua de João de Barros",
        "tarifado": "Sim",
        "objectid": 31475,
        "globalid": "{40C3C5E4-8683-4E89-8143-84AA348346F9}"
      }
    },
    {
      "type": "Feature",
      "id": 31476,
      "geometry": {
        "type": "LineString",
        "coordinates": [
          [-8.66273073505022, 41.1546545157333],
          [-8.66284456943246, 41.1546150196906]
        ]
      },
      "properties": {
        "toponimo": "Rua de João de Barros",
        "tarifado": "Sim",
        "objectid": 31476,
        "globalid": "{D0506140-B577-47B2-8F05-D0F11CEBCC08}"
      }
    },
    {
      "type": "Feature",
      "id": 31477,
      "geometry": {
        "type": "LineString",
        "coordinates": [
          [-8.67721584293812, 41.1560083530891],
          [-8.67732241757932, 41.1559591712747],
          [-8.67802463634845, 41.1556428057792],
          [-8.67810830239161, 41.1555852945441]
        ]
      },
      "properties": {
        "toponimo": "Rua da Agra",
        "tarifado": "Sim",
        "objectid": 31477,
        "globalid": "{A20376F6-AA3D-4193-8BE5-3BEC4F364851}"
      }
    },
    {
      "type": "Feature",
      "id": 31482,
      "geometry": {
        "type": "LineString",
        "coordinates": [
          [-8.67759187378462, 41.1531006214542],
          [-8.67750284902015, 41.1528251384235],
          [-8.67735781593686, 41.1524698821628]
        ]
      },
      "properties": {
        "toponimo": "Rua do Farol",
        "tarifado": "Sim",
        "objectid": 31482,
        "globalid": "{12DB93B2-D2EE-46CF-A3B7-8AAC90ADE8B1}"
      }
    },
    {
      "type": "Feature",
      "id": 31499,
      "geometry": {
        "type": "LineString",
        "coordinates": [
          [-8.64849891531222, 41.1669766567194],
          [-8.6485494281072, 41.1668966523678],
          [-8.6486737634791, 41.1667552862657],
          [-8.64872043158174, 41.1666501598704],
          [-8.64922283227882, 41.1667316473012]
        ]
      },
      "properties": {
        "toponimo": "Praceta Irene Vilar",
        "tarifado": "Sim",
        "objectid": 31499,
        "globalid": "{4E838256-ACC7-4B3C-9730-E2260C5E6FA0}"
      }
    },
    {
      "type": "Feature",
      "id": 31526,
      "geometry": {
        "type": "LineString",
        "coordinates": [
          [-8.6723731489936, 41.1548172157777],
          [-8.67199278933439, 41.1544149504296],
          [-8.6717924677372, 41.1542232917942],
          [-8.67169163955767, 41.1541296364096]
        ]
      },
      "properties": {
        "toponimo": "Rua de Diogo Botelho",
        "tarifado": "Sim",
        "objectid": 31526,
        "globalid": "{B0808848-CB2A-42DF-B404-758C0C6A8712}"
      }
    },
    {
      "type": "Feature",
      "id": 31527,
      "geometry": {
        "type": "LineString",
        "coordinates": [
          [-8.67027354521548, 41.1529916317663],
          [-8.67010968273143, 41.1528752006792],
          [-8.66982958522512, 41.1526989585018]
        ]
      },
      "properties": {
        "toponimo": "Rua de Diogo Botelho",
        "tarifado": "Sim",
        "objectid": 31527,
        "globalid": "{726FCDD9-CF59-441B-B78D-6C394195290E}"
      }
    },
    {
      "type": "Feature",
      "id": 31528,
      "geometry": {
        "type": "LineString",
        "coordinates": [
          [-8.67169163955767, 41.1541296364096],
          [-8.67141496868819, 41.1538726230885],
          [-8.6709684298248, 41.1534933103475],
          [-8.67042754544171, 41.1531009231569],
          [-8.67027354521548, 41.1529916317663]
        ]
      },
      "properties": {
        "toponimo": "Rua de Diogo Botelho",
        "tarifado": "Sim",
        "objectid": 31528,
        "globalid": "{7176BBD8-B823-43E8-8504-242EC4A7AB5F}"
      }
    },
    {
      "type": "Feature",
      "id": 31540,
      "geometry": {
        "type": "LineString",
        "coordinates": [
          [-8.64898556822836, 41.1672099358046],
          [-8.64861234873254, 41.1670415258959],
          [-8.64849891531222, 41.1669766567194]
        ]
      },
      "properties": {
        "toponimo": "Rua das Andrezas",
        "tarifado": "Sim",
        "objectid": 31540,
        "globalid": "{0EF66A17-736E-462C-B326-5C5BF0FAF983}"
      }
    },
    {
      "type": "Feature",
      "id": 31541,
      "geometry": {
        "type": "LineString",
        "coordinates": [
          [-8.64935553786858, 41.1674208585704],
          [-8.64912252439521, 41.1672717907218],
          [-8.64898556822836, 41.1672099358046]
        ]
      },
      "properties": {
        "toponimo": "Rua das Andrezas",
        "tarifado": "Sim",
        "objectid": 31541,
        "globalid": "{03D50F8D-FD65-4A66-8C57-D34BB363384B}"
      }
    },
    {
      "type": "Feature",
      "id": 31542,
      "geometry": {
        "type": "LineString",
        "coordinates": [
          [-8.67312874586232, 41.1476855848386],
          [-8.67286970793945, 41.147662321495],
          [-8.67149019215502, 41.1476209678171],
          [-8.67037066887606, 41.1475987927465],
          [-8.66888674409966, 41.1475598694602],
          [-8.66824158147009, 41.1475423448035]
        ]
      },
      "properties": {
        "toponimo": "Avenida de D. Carlos I",
        "tarifado": "Sim",
        "objectid": 31542,
        "globalid": "{3C32D163-D7C2-4596-B24F-97FB430F1DCE}"
      }
    },
    {
      "type": "Feature",
      "id": 31543,
      "geometry": {
        "type": "LineString",
        "coordinates": [
          [-8.66629291665855, 41.1597590562594],
          [-8.66622175427978, 41.1596550830563],
          [-8.66610461240609, 41.1595565639984]
        ]
      },
      "properties": {
        "toponimo": "Praça de D. Afonso V",
        "tarifado": "Sim",
        "objectid": 31543,
        "globalid": "{DA925442-3AAF-48E1-BC55-46A15E71146A}"
      }
    },
    {
      "type": "Feature",
      "id": 31547,
      "geometry": {
        "type": "LineString",
        "coordinates": [
          [-8.60845716871225, 41.1477761248431],
          [-8.60821025188768, 41.1481830403099]
        ]
      },
      "properties": {
        "toponimo": "Rua de Sá da Bandeira",
        "tarifado": "Sim",
        "objectid": 31547,
        "globalid": "{C1526731-AFD8-459E-9D28-85B1AEA3BE76}"
      }
    },
    {
      "type": "Feature",
      "id": 31548,
      "geometry": {
        "type": "LineString",
        "coordinates": [
          [-8.60604641049156, 41.1521067155793],
          [-8.60602057501749, 41.1521518434274],
          [-8.60592413964809, 41.1523100937564],
          [-8.60578704651443, 41.1525430939187],
          [-8.60563488184909, 41.15280722076],
          [-8.60545600134631, 41.1531169190278],
          [-8.60536100062834, 41.1532764244895]
        ]
      },
      "properties": {
        "toponimo": "Rua de Sá da Bandeira",
        "tarifado": "Sim",
        "objectid": 31548,
        "globalid": "{9EDE0C69-51FE-4544-BBF4-4A13F1DBFC2B}"
      }
    },
    {
      "type": "Feature",
      "id": 31550,
      "geometry": {
        "type": "LineString",
        "coordinates": [
          [-8.60670554296904, 41.1509703094908],
          [-8.60664547773893, 41.1510738274009],
          [-8.60645394535084, 41.1514167783721],
          [-8.60635397578554, 41.1515820760035],
          [-8.60611928057612, 41.1519795098837],
          [-8.60604641049156, 41.1521067155793]
        ]
      },
      "properties": {
        "toponimo": "Rua de Sá da Bandeira",
        "tarifado": "Sim",
        "objectid": 31550,
        "globalid": "{5484B0DA-A4F4-4772-A75B-BDD67B78C65A}"
      }
    },
    {
      "type": "Feature",
      "id": 31553,
      "geometry": {
        "type": "LineString",
        "coordinates": [
          [-8.60411785021067, 41.1494125240487],
          [-8.60409403694767, 41.1492515361123],
          [-8.60397902329264, 41.1481000216389],
          [-8.6039332830808, 41.1476473224792]
        ]
      },
      "properties": {
        "toponimo": "Rua da Alegria",
        "tarifado": "Sim",
        "objectid": 31553,
        "globalid": "{18833D21-23E8-49E5-9ED8-05A5A73D1FCF}"
      }
    },
    {
      "type": "Feature",
      "id": 31554,
      "geometry": {
        "type": "LineString",
        "coordinates": [
          [-8.6424327272234, 41.1540680810703],
          [-8.64207552908292, 41.1539613367374],
          [-8.64178914955718, 41.1538784723542]
        ]
      },
      "properties": {
        "toponimo": "Rua do Campo Alegre",
        "tarifado": "Sim",
        "objectid": 31554,
        "globalid": "{16FE3D00-C661-4764-A2A2-06376A405A30}"
      }
    },
    {
      "type": "Feature",
      "id": 31555,
      "geometry": {
        "type": "LineString",
        "coordinates": [
          [-8.63880018738306, 41.1531077667333],
          [-8.63838709260667, 41.1530040665637],
          [-8.63754597632355, 41.1528179692961],
          [-8.63752849188151, 41.1528138327277]
        ]
      },
      "properties": {
        "toponimo": "Rua do Campo Alegre",
        "tarifado": "Sim",
        "objectid": 31555,
        "globalid": "{A3571B7F-D985-4880-BFE7-250849E51CAB}"
      }
    },
    {
      "type": "Feature",
      "id": 31556,
      "geometry": {
        "type": "LineString",
        "coordinates": [
          [-8.63752849188151, 41.1528138327277],
          [-8.63606274352734, 41.1524681241979],
          [-8.63589951421175, 41.1524495620817],
          [-8.63558848179501, 41.1524278474403],
          [-8.6347754668406, 41.1524141090515],
          [-8.63449868255968, 41.152451336054]
        ]
      },
      "properties": {
        "toponimo": "Rua do Campo Alegre",
        "tarifado": "Sim",
        "objectid": 31556,
        "globalid": "{FE86AD94-703C-4D27-B1BE-BA3237C6660A}"
      }
    },
    {
      "type": "Feature",
      "id": 31557,
      "geometry": {
        "type": "LineString",
        "coordinates": [
          [-8.63419911959302, 41.1524916158114],
          [-8.63412376362296, 41.1525016511849],
          [-8.63360322122663, 41.1525800368717],
          [-8.63347586707621, 41.152593397037]
        ]
      },
      "properties": {
        "toponimo": "Rua do Campo Alegre",
        "tarifado": "Sim",
        "objectid": 31557,
        "globalid": "{98B8F4D2-0980-405A-94A3-EF890FFF8698}"
      }
    },
    {
      "type": "Feature",
      "id": 31561,
      "geometry": {
        "type": "LineString",
        "coordinates": [
          [-8.60772643556112, 41.1502245042547],
          [-8.60782898892205, 41.1502409630332],
          [-8.60790360535178, 41.1502586633194],
          [-8.60883772612462, 41.150473292812],
          [-8.6089276128369, 41.1504972585304]
        ]
      },
      "properties": {
        "toponimo": "Rua de Fernandes Tomás",
        "tarifado": "Sim",
        "objectid": 31561,
        "globalid": "{9AB6283A-44B8-482E-BFD1-A6A34D53E170}"
      }
    },
    {
      "type": "Feature",
      "id": 31569,
      "geometry": {
        "type": "LineString",
        "coordinates": [
          [-8.60061364557632, 41.1487010242182],
          [-8.60093445252018, 41.1487628999861]
        ]
      },
      "properties": {
        "toponimo": "Rua de Fernandes Tomás",
        "tarifado": "Sim",
        "objectid": 31569,
        "globalid": "{E6C9DC8C-A196-43E6-B8D7-C59707C41E20}"
      }
    },
    {
      "type": "Feature",
      "id": 31571,
      "geometry": {
        "type": "LineString",
        "coordinates": [
          [-8.59909008719081, 41.1643996372505],
          [-8.59917214102914, 41.1641895321102],
          [-8.59949275357583, 41.1634016297734],
          [-8.5995423298745, 41.1632809968898]
        ]
      },
      "properties": {
        "toponimo": "Rua da Alegria",
        "tarifado": "Sim",
        "objectid": 31571,
        "globalid": "{7012AABC-2ED4-458F-A867-01665206355B}"
      }
    },
    {
      "type": "Feature",
      "id": 31572,
      "geometry": {
        "type": "LineString",
        "coordinates": [
          [-8.59867756679614, 41.1654336994374],
          [-8.59871473551841, 41.1653387254317],
          [-8.59876769352566, 41.1652071029622],
          [-8.59900611468343, 41.1646148186275],
          [-8.59909008719081, 41.1643996372505]
        ]
      },
      "properties": {
        "toponimo": "Rua da Alegria",
        "tarifado": "Sim",
        "objectid": 31572,
        "globalid": "{26E2475D-66CB-4E3C-881F-5262E636AE72}"
      }
    },
    {
      "type": "Feature",
      "id": 31573,
      "geometry": {
        "type": "LineString",
        "coordinates": [
          [-8.60162124924697, 41.158099453812],
          [-8.6016428351424, 41.158045908103],
          [-8.6017937153032, 41.1576697886862]
        ]
      },
      "properties": {
        "toponimo": "Rua da Alegria",
        "tarifado": "Sim",
        "objectid": 31573,
        "globalid": "{E04D20F1-2E9F-43F8-A5E9-0FDCCD1A81BC}"
      }
    },
    {
      "type": "Feature",
      "id": 31574,
      "geometry": {
        "type": "LineString",
        "coordinates": [
          [-8.6017937153032, 41.1576697886862],
          [-8.60199768558336, 41.1571610530116]
        ]
      },
      "properties": {
        "toponimo": "Rua da Alegria",
        "tarifado": "Sim",
        "objectid": 31574,
        "globalid": "{A26B69D9-5056-45A8-B423-18D5B527B9EA}"
      }
    },
    {
      "type": "Feature",
      "id": 31575,
      "geometry": {
        "type": "LineString",
        "coordinates": [
          [-8.63327329999064, 41.15864721554],
          [-8.63407445593702, 41.1587859575137],
          [-8.63512796061181, 41.1589738142689],
          [-8.63576448361382, 41.1590721795774]
        ]
      },
      "properties": {
        "toponimo": "Avenida da Boavista",
        "tarifado": "Sim",
        "objectid": 31575,
        "globalid": "{13B5D56B-FD5F-4D97-8FDE-27464B175365}"
      }
    },
    {
      "type": "Feature",
      "id": 31577,
      "geometry": {
        "type": "LineString",
        "coordinates": [
          [-8.60995424269791, 41.1587230171237],
          [-8.60995908299614, 41.1585104072066],
          [-8.60997355810776, 41.1578388293082],
          [-8.60998264768685, 41.1575209688699]
        ]
      },
      "properties": {
        "toponimo": "Rua de Camões",
        "tarifado": "Sim",
        "objectid": 31577,
        "globalid": "{B260E127-390C-426F-86D9-4BF9CEEEC461}"
      }
    },
    {
      "type": "Feature",
      "id": 31578,
      "geometry": {
        "type": "LineString",
        "coordinates": [
          [-8.60999064737037, 41.1572449021001],
          [-8.61000926971353, 41.1566128440725],
          [-8.61002873015097, 41.155673369522]
        ]
      },
      "properties": {
        "toponimo": "Rua de Camões",
        "tarifado": "Sim",
        "objectid": 31578,
        "globalid": "{F5B3DB7A-0BDF-4C2F-94C9-01C20AB34BE8}"
      }
    },
    {
      "type": "Feature",
      "id": 31579,
      "geometry": {
        "type": "LineString",
        "coordinates": [
          [-8.61002873015097, 41.155673369522],
          [-8.61003126701085, 41.1555488387702],
          [-8.61004084272954, 41.1551963733724]
        ]
      },
      "properties": {
        "toponimo": "Rua de Camões",
        "tarifado": "Sim",
        "objectid": 31579,
        "globalid": "{12A7CE3E-08CC-49FC-930B-D49E42656921}"
      }
    },
    {
      "type": "Feature",
      "id": 31580,
      "geometry": {
        "type": "LineString",
        "coordinates": [
          [-8.61001568950367, 41.1529976157003],
          [-8.60995552449593, 41.1531329291802],
          [-8.60994781225525, 41.1533649555639],
          [-8.60994491308762, 41.1534904684348]
        ]
      },
      "properties": {
        "toponimo": "Rua de Camões",
        "tarifado": "Sim",
        "objectid": 31580,
        "globalid": "{56380615-6BFE-48E7-B19B-1C474AA20B48}"
      }
    },
    {
      "type": "Feature",
      "id": 31581,
      "geometry": {
        "type": "LineString",
        "coordinates": [
          [-8.61004084272954, 41.1551963733724],
          [-8.6100524104111, 41.1547704521164],
          [-8.61007139745102, 41.1542721861602]
        ]
      },
      "properties": {
        "toponimo": "Rua de Camões",
        "tarifado": "Sim",
        "objectid": 31581,
        "globalid": "{A1A2D864-AE56-42CE-94AF-95F72D81DDC7}"
      }
    },
    {
      "type": "Feature",
      "id": 31583,
      "geometry": {
        "type": "LineString",
        "coordinates": [
          [-8.61006981676163, 41.1534914982657],
          [-8.61007043949956, 41.1533657156829],
          [-8.61007992304062, 41.1531333938179],
          [-8.61001568950367, 41.1529976157003]
        ]
      },
      "properties": {
        "toponimo": "Rua de Camões",
        "tarifado": "Sim",
        "objectid": 31583,
        "globalid": "{A6EEE304-B6E4-4A1C-BEE2-E8479E51FA39}"
      }
    },
    {
      "type": "Feature",
      "id": 31586,
      "geometry": {
        "type": "LineString",
        "coordinates": [
          [-8.6100398817949, 41.1521208624158],
          [-8.61001568950367, 41.1529976157003]
        ]
      },
      "properties": {
        "toponimo": "Rua de Camões",
        "tarifado": "Sim",
        "objectid": 31586,
        "globalid": "{F089EDE9-7362-4944-84F8-4C630E12560B}"
      }
    },
    {
      "type": "Feature",
      "id": 31587,
      "geometry": {
        "type": "LineString",
        "coordinates": [
          [-8.5871987653022, 41.1473327528868],
          [-8.58716896543198, 41.1473435675411],
          [-8.58708238180816, 41.1474062370219],
          [-8.58682224943696, 41.1475423292],
          [-8.58632292168959, 41.1477781409211],
          [-8.58625040252032, 41.14783525277],
          [-8.58621838682967, 41.1479634198865],
          [-8.58610427049796, 41.1485651468889]
        ]
      },
      "properties": {
        "toponimo": "Rua da Estação",
        "tarifado": "Sim",
        "objectid": 31587,
        "globalid": "{5B8C185E-8F73-4AC7-ACDB-C956FA35F2F5}"
      }
    },
    {
      "type": "Feature",
      "id": 31588,
      "geometry": {
        "type": "LineString",
        "coordinates": [
          [-8.60749332455403, 41.1610497231412],
          [-8.60746893653221, 41.1610449351223],
          [-8.60730217229785, 41.1610122093652],
          [-8.60652693052568, 41.1608671273636],
          [-8.60577291009068, 41.1607219440519],
          [-8.60545944899934, 41.1606431867119],
          [-8.60521300287613, 41.1605821526466]
        ]
      },
      "properties": {
        "toponimo": "Rua de João Pedro Ribeiro",
        "tarifado": "Sim",
        "objectid": 31588,
        "globalid": "{473FFAB2-75F8-44BD-B66F-2C1384305195}"
      }
    },
    {
      "type": "Feature",
      "id": 31589,
      "geometry": {
        "type": "LineString",
        "coordinates": [
          [-8.6230039659797, 41.1560936789337],
          [-8.62321038477502, 41.1560847743732],
          [-8.62335269337682, 41.1560595581109],
          [-8.62351255439472, 41.1559982225474],
          [-8.62361598624531, 41.1559327797706],
          [-8.62368965375857, 41.1558650766171],
          [-8.62373668888102, 41.1557998739084],
          [-8.62374815038126, 41.1557459439787],
          [-8.62373007742421, 41.1557123996278],
          [-8.62369128892699, 41.1556855526933],
          [-8.62360957917212, 41.1556495969377]
        ]
      },
      "properties": {
        "toponimo": "Praça de Pedro Nunes",
        "tarifado": "Sim",
        "objectid": 31589,
        "globalid": "{E47A8DC9-9723-4E50-AF00-15706573C068}"
      }
    },
    {
      "type": "Feature",
      "id": 31594,
      "geometry": {
        "type": "LineString",
        "coordinates": [
          [-8.59068192518098, 41.1499913639101],
          [-8.590287092081, 41.1498840490795],
          [-8.58984169223766, 41.1497646784626]
        ]
      },
      "properties": {
        "toponimo": "Rua de Pinto Bessa",
        "tarifado": "Sim",
        "objectid": 31594,
        "globalid": "{087DAB04-B8B5-4961-9A31-8C417061BB90}"
      }
    },
    {
      "type": "Feature",
      "id": 31595,
      "geometry": {
        "type": "LineString",
        "coordinates": [
          [-8.58809575469138, 41.1492942476688],
          [-8.5880943224912, 41.1492938571338],
          [-8.58729154052016, 41.1490771043986],
          [-8.58711196690274, 41.149029560604]
        ]
      },
      "properties": {
        "toponimo": "Rua de Pinto Bessa",
        "tarifado": "Sim",
        "objectid": 31595,
        "globalid": "{3369ADCF-BD08-4E71-B482-AA4F87518F62}"
      }
    },
    {
      "type": "Feature",
      "id": 31596,
      "geometry": {
        "type": "LineString",
        "coordinates": [
          [-8.58711196690274, 41.149029560604],
          [-8.58652938248448, 41.1488756925719]
        ]
      },
      "properties": {
        "toponimo": "Rua de Pinto Bessa",
        "tarifado": "Sim",
        "objectid": 31596,
        "globalid": "{321C1243-4D40-4139-B182-CACD7E0C3D17}"
      }
    },
    {
      "type": "Feature",
      "id": 31598,
      "geometry": {
        "type": "LineString",
        "coordinates": [
          [-8.62800114764539, 41.1576758236967],
          [-8.62767725904549, 41.1576283995597],
          [-8.62690570024554, 41.1574989100933],
          [-8.62627275033158, 41.157388664965],
          [-8.62568169502836, 41.1572929953279],
          [-8.62500097501865, 41.1571731246307],
          [-8.62489583870038, 41.1572068184933]
        ]
      },
      "properties": {
        "toponimo": "Avenida da Boavista",
        "tarifado": "Sim",
        "objectid": 31598,
        "globalid": "{F56499B1-AFB3-4EC6-8FC8-31926BDCA721}"
      }
    },
    {
      "type": "Feature",
      "id": 31599,
      "geometry": {
        "type": "LineString",
        "coordinates": [
          [-8.61798018794549, 41.1560621169558],
          [-8.61886498113941, 41.1562103212633],
          [-8.61935156652036, 41.156290838127]
        ]
      },
      "properties": {
        "toponimo": "Rua da Boavista",
        "tarifado": "Sim",
        "objectid": 31599,
        "globalid": "{536A796F-126A-4957-8958-391FD5B4FF97}"
      }
    },
    {
      "type": "Feature",
      "id": 31601,
      "geometry": {
        "type": "LineString",
        "coordinates": [
          [-8.62489583870038, 41.1572068184933],
          [-8.62496222964654, 41.1569775572425],
          [-8.62502710234773, 41.1567730004466],
          [-8.62507464378215, 41.1566277383085]
        ]
      },
      "properties": {
        "toponimo": "Rua de Ricardo Severo",
        "tarifado": "Sim",
        "objectid": 31601,
        "globalid": "{603C10C6-1DE2-470F-89E6-668349AC9633}"
      }
    },
    {
      "type": "Feature",
      "id": 31605,
      "geometry": {
        "type": "LineString",
        "coordinates": [
          [-8.63593851550721, 41.1597610839157],
          [-8.6359713343187, 41.1598411314796],
          [-8.63613637106167, 41.1602297125106],
          [-8.63620280579598, 41.1603430904179],
          [-8.63628450173952, 41.1604300999496],
          [-8.63640900750839, 41.1605637701373],
          [-8.63688296876323, 41.1609946005842],
          [-8.63732974008177, 41.1613965559079],
          [-8.63738729616553, 41.1614489144731]
        ]
      },
      "properties": {
        "toponimo": "Rua de João de Deus",
        "tarifado": "Sim",
        "objectid": 31605,
        "globalid": "{4819E108-8CBC-4136-BBC6-3F6A1416D771}"
      }
    },
    {
      "type": "Feature",
      "id": 31612,
      "geometry": {
        "type": "LineString",
        "coordinates": [
          [-8.61070208178169, 41.1588372400234],
          [-8.61074244193216, 41.1587369002418],
          [-8.6110607965478, 41.1579557178901],
          [-8.61142890235845, 41.157041811907]
        ]
      },
      "properties": {
        "toponimo": "Rua de S. Brás",
        "tarifado": "Sim",
        "objectid": 31612,
        "globalid": "{E74C2DFB-6FFE-4E79-93B6-8EFD592DAC55}"
      }
    },
    {
      "type": "Feature",
      "id": 31614,
      "geometry": {
        "type": "LineString",
        "coordinates": [
          [-8.61133729019789, 41.1535858276417],
          [-8.61114921105041, 41.1535047182478],
          [-8.61049039373987, 41.1534962148503]
        ]
      },
      "properties": {
        "toponimo": "Rua de Gonçalo Cristovão",
        "tarifado": "Sim",
        "objectid": 31614,
        "globalid": "{B1A1C633-C9BE-41FA-80C9-83AD78D25F2E}"
      }
    },
    {
      "type": "Feature",
      "id": 31615,
      "geometry": {
        "type": "LineString",
        "coordinates": [
          [-8.6104913934402, 41.153633525283],
          [-8.61049091683555, 41.1535681565594],
          [-8.61049039373987, 41.1534962148503]
        ]
      },
      "properties": {
        "toponimo": "Rua de Gonçalo Cristovão",
        "tarifado": "Sim",
        "objectid": 31615,
        "globalid": "{2824A979-498F-4C56-853B-9ABCA0BFBBA1}"
      }
    },
    {
      "type": "Feature",
      "id": 31616,
      "geometry": {
        "type": "LineString",
        "coordinates": [
          [-8.6104913934402, 41.153633525283],
          [-8.61114758628632, 41.15364627161],
          [-8.61133729019789, 41.1535858276417]
        ]
      },
      "properties": {
        "toponimo": "Rua de Gonçalo Cristovão",
        "tarifado": "Sim",
        "objectid": 31616,
        "globalid": "{0D90F47B-7485-4F99-A9C2-A9065DDEC6C3}"
      }
    },
    {
      "type": "Feature",
      "id": 31617,
      "geometry": {
        "type": "LineString",
        "coordinates": [
          [-8.60635985038632, 41.1534591582249],
          [-8.60618779791475, 41.1534583180189],
          [-8.60543475308752, 41.153443410384],
          [-8.60536866231674, 41.153442133517]
        ]
      },
      "properties": {
        "toponimo": "Rua de Gonçalo Cristovão",
        "tarifado": "Sim",
        "objectid": 31617,
        "globalid": "{F366204E-4B58-4573-9076-309E7EAD52F6}"
      }
    },
    {
      "type": "Feature",
      "id": 31620,
      "geometry": {
        "type": "LineString",
        "coordinates": [
          [-8.60808386571306, 41.1534759526271],
          [-8.60794958733197, 41.1534668022445],
          [-8.60667848704791, 41.1534606535347]
        ]
      },
      "properties": {
        "toponimo": "Rua de Gonçalo Cristovão",
        "tarifado": "Sim",
        "objectid": 31620,
        "globalid": "{1CD60134-E60A-4E1B-87CB-273D1C8F523F}"
      }
    },
    {
      "type": "Feature",
      "id": 31621,
      "geometry": {
        "type": "LineString",
        "coordinates": [
          [-8.61049039373987, 41.1534962148503],
          [-8.61023963611291, 41.1534928992921],
          [-8.61006981676163, 41.1534914982657]
        ]
      },
      "properties": {
        "toponimo": "Rua de Gonçalo Cristovão",
        "tarifado": "Sim",
        "objectid": 31621,
        "globalid": "{D11B14B0-A643-43CB-8848-F926171E7273}"
      }
    },
    {
      "type": "Feature",
      "id": 31622,
      "geometry": {
        "type": "LineString",
        "coordinates": [
          [-8.61006914401967, 41.1536299411724],
          [-8.61043772863379, 41.1536323438967],
          [-8.6104913934402, 41.153633525283]
        ]
      },
      "properties": {
        "toponimo": "Rua de Gonçalo Cristovão",
        "tarifado": "Sim",
        "objectid": 31622,
        "globalid": "{81C620BE-A7AA-45FD-9F7E-FC529A1B68EA}"
      }
    },
    {
      "type": "Feature",
      "id": 31623,
      "geometry": {
        "type": "LineString",
        "coordinates": [
          [-8.60994491308762, 41.1534904684348],
          [-8.60983093458944, 41.1534895373238],
          [-8.6095986424946, 41.1534847311643]
        ]
      },
      "properties": {
        "toponimo": "Rua de Gonçalo Cristovão",
        "tarifado": "Sim",
        "objectid": 31623,
        "globalid": "{F3A30B3A-B4A0-4FEC-A4CF-50F2C5DB07B2}"
      }
    },
    {
      "type": "Feature",
      "id": 31624,
      "geometry": {
        "type": "LineString",
        "coordinates": [
          [-8.6095986424946, 41.1534847311643],
          [-8.6093106867658, 41.153478749088],
          [-8.609203283169, 41.1534776461049]
        ]
      },
      "properties": {
        "toponimo": "Rua de Gonçalo Cristovão",
        "tarifado": "Sim",
        "objectid": 31624,
        "globalid": "{2800E62E-F748-4F84-9DBD-2969E554260D}"
      }
    },
    {
      "type": "Feature",
      "id": 31625,
      "geometry": {
        "type": "LineString",
        "coordinates": [
          [-8.609203283169, 41.1534776461049],
          [-8.6088231926499, 41.1534734590637],
          [-8.60858246938424, 41.1534738892894],
          [-8.60847631248307, 41.1535413018079]
        ]
      },
      "properties": {
        "toponimo": "Rua de Gonçalo Cristovão",
        "tarifado": "Sim",
        "objectid": 31625,
        "globalid": "{BEEC7CEB-4C67-401E-BDCC-77C097C30213}"
      }
    },
    {
      "type": "Feature",
      "id": 31626,
      "geometry": {
        "type": "LineString",
        "coordinates": [
          [-8.60847631248307, 41.1535413018079],
          [-8.6085917422498, 41.1536091936411],
          [-8.60920432194075, 41.1536207281813]
        ]
      },
      "properties": {
        "toponimo": "Rua de Gonçalo Cristovão",
        "tarifado": "Sim",
        "objectid": 31626,
        "globalid": "{AF59777D-F3FE-43E0-B4BD-C6BE623DFB44}"
      }
    },
    {
      "type": "Feature",
      "id": 31628,
      "geometry": {
        "type": "LineString",
        "coordinates": [
          [-8.61197712001113, 41.1536188978692],
          [-8.61184453791416, 41.1536121302296],
          [-8.61133729019789, 41.1535858276417]
        ]
      },
      "properties": {
        "toponimo": "Rua de Gonçalo Cristovão",
        "tarifado": "Sim",
        "objectid": 31628,
        "globalid": "{E00C4560-456B-46D5-A928-7731F59A78ED}"
      }
    },
    {
      "type": "Feature",
      "id": 31630,
      "geometry": {
        "type": "LineString",
        "coordinates": [
          [-8.62108800041541, 41.1507106969302],
          [-8.62121363804724, 41.1506782243781],
          [-8.62185736339052, 41.1505210080617],
          [-8.62238986340984, 41.150386782332],
          [-8.62290311463922, 41.1502593712461],
          [-8.62306675121497, 41.1502204050321]
        ]
      },
      "properties": {
        "toponimo": "Rua do Breiner",
        "tarifado": "Sim",
        "objectid": 31630,
        "globalid": "{E4890F09-2A05-4280-8500-4EC1DE644E0E}"
      }
    },
    {
      "type": "Feature",
      "id": 31631,
      "geometry": {
        "type": "LineString",
        "coordinates": [
          [-8.61761426434472, 41.1515825091074],
          [-8.61832859303487, 41.1514048898926],
          [-8.61893677239924, 41.1512523336987],
          [-8.61946037502241, 41.1511215356717],
          [-8.62001219005208, 41.1509849693848],
          [-8.6209466328102, 41.1507473149362],
          [-8.62108800041541, 41.1507106969302]
        ]
      },
      "properties": {
        "toponimo": "Rua do Breiner",
        "tarifado": "Sim",
        "objectid": 31631,
        "globalid": "{A5E7000B-3CC7-47F0-8679-F1E965071ACD}"
      }
    },
    {
      "type": "Feature",
      "id": 31635,
      "geometry": {
        "type": "LineString",
        "coordinates": [
          [-8.60804707267368, 41.1472657058923],
          [-8.60815306457396, 41.1472903171765],
          [-8.60850667317591, 41.1473632731379],
          [-8.60868231248298, 41.1474009490488]
        ]
      },
      "properties": {
        "toponimo": "Rua de Passos Manuel",
        "tarifado": "Sim",
        "objectid": 31635,
        "globalid": "{4E3AAF31-D7D3-408B-8A2C-B7F5F31932C4}"
      }
    },
    {
      "type": "Feature",
      "id": 31636,
      "geometry": {
        "type": "LineString",
        "coordinates": [
          [-8.61319138280001, 41.1434827770506],
          [-8.61319494859857, 41.1434800968969],
          [-8.61350336118669, 41.1432421565427],
          [-8.61380311528438, 41.1430354966454],
          [-8.61407172669922, 41.1428347287904],
          [-8.61413550551735, 41.1427561055663]
        ]
      },
      "properties": {
        "toponimo": "Rua de Mouzinho da Silveira",
        "tarifado": "Sim",
        "objectid": 31636,
        "globalid": "{57C87B46-33BE-48A0-8F97-E50A0888A33B}"
      }
    },
    {
      "type": "Feature",
      "id": 31638,
      "geometry": {
        "type": "LineString",
        "coordinates": [
          [-8.60434304700552, 41.1462107321932],
          [-8.60430397646359, 41.1461675558082],
          [-8.60421888977836, 41.1461241534117],
          [-8.6039642781002, 41.1460993104756],
          [-8.60360916460151, 41.1460608054914],
          [-8.6033933344008, 41.1460570522875]
        ]
      },
      "properties": {
        "toponimo": "Praça dos Poveiros",
        "tarifado": "Sim",
        "objectid": 31638,
        "globalid": "{FD557CE3-3F15-46C0-9DBA-B19C7AEFD47D}"
      }
    },
    {
      "type": "Feature",
      "id": 31639,
      "geometry": {
        "type": "LineString",
        "coordinates": [
          [-8.60765403659326, 41.1551505472883],
          [-8.60764477627291, 41.1550084895801],
          [-8.60765097912829, 41.1549651359905],
          [-8.60768707836186, 41.1547135695769],
          [-8.60772222568265, 41.1544456839749],
          [-8.607770584817, 41.1541631199405],
          [-8.60778356878884, 41.15401491963]
        ]
      },
      "properties": {
        "toponimo": "Rua do Bonjardim",
        "tarifado": "Sim",
        "objectid": 31639,
        "globalid": "{7556AAD3-6232-4CF8-A471-D102A7E377A3}"
      }
    },
    {
      "type": "Feature",
      "id": 31641,
      "geometry": {
        "type": "LineString",
        "coordinates": [
          [-8.60767317386472, 41.1554342459511],
          [-8.60769047011066, 41.1556709584805]
        ]
      },
      "properties": {
        "toponimo": "Rua do Bonjardim",
        "tarifado": "Sim",
        "objectid": 31641,
        "globalid": "{7B4D7AE6-D455-401F-8A0D-C4C272A63A7E}"
      }
    },
    {
      "type": "Feature",
      "id": 31642,
      "geometry": {
        "type": "LineString",
        "coordinates": [
          [-8.60768171715188, 41.1567890690499],
          [-8.60767137824748, 41.1568453879203],
          [-8.60760242400744, 41.1569442966073],
          [-8.60725490975781, 41.1574755776241],
          [-8.60718305239935, 41.1575836374132]
        ]
      },
      "properties": {
        "toponimo": "Rua do Bonjardim",
        "tarifado": "Sim",
        "objectid": 31642,
        "globalid": "{DE0BD179-FF8A-446A-ABD1-BC9A016595DC}"
      }
    },
    {
      "type": "Feature",
      "id": 31643,
      "geometry": {
        "type": "LineString",
        "coordinates": [
          [-8.60811370153875, 41.1526100177583],
          [-8.60813531380576, 41.1525363459496],
          [-8.60819309579816, 41.1523018521579],
          [-8.60821159623635, 41.1521900687261],
          [-8.60824279516424, 41.1519877670536],
          [-8.60828460046365, 41.1518106067965],
          [-8.60834869949356, 41.1516278528827],
          [-8.60841373241936, 41.1513732223025],
          [-8.60846591153368, 41.1511960281609],
          [-8.6085123371437, 41.1510977521096]
        ]
      },
      "properties": {
        "toponimo": "Rua do Bonjardim",
        "tarifado": "Sim",
        "objectid": 31643,
        "globalid": "{DFD1BC32-AB99-48C2-A603-8DA8A73006CA}"
      }
    },
    {
      "type": "Feature",
      "id": 31647,
      "geometry": {
        "type": "LineString",
        "coordinates": [
          [-8.63147290471866, 41.1566589392614],
          [-8.63114532916696, 41.1562920270612],
          [-8.63079876876105, 41.1559001647509],
          [-8.63067277192643, 41.1557304783225],
          [-8.63063831330522, 41.1556183537796]
        ]
      },
      "properties": {
        "toponimo": "Rua de Agramonte",
        "tarifado": "Sim",
        "objectid": 31647,
        "globalid": "{D51AA095-F4CB-4F54-9DEA-73768C08EF18}"
      }
    },
    {
      "type": "Feature",
      "id": 31649,
      "geometry": {
        "type": "LineString",
        "coordinates": [
          [-8.61413550551735, 41.1427561055663],
          [-8.61422977681548, 41.1425542310156],
          [-8.6143074572398, 41.1423233064567],
          [-8.61444087127424, 41.1420036630312],
          [-8.61444766891073, 41.1419787285407]
        ]
      },
      "properties": {
        "toponimo": "Rua de Mouzinho da Silveira",
        "tarifado": "Sim",
        "objectid": 31649,
        "globalid": "{2427717A-3B4C-45D9-B28A-147AA25CAF1D}"
      }
    },
    {
      "type": "Feature",
      "id": 31651,
      "geometry": {
        "type": "LineString",
        "coordinates": [
          [-8.62405024333868, 41.1529198566048],
          [-8.624329823178, 41.1530942423271],
          [-8.6245119078191, 41.1531984158995]
        ]
      },
      "properties": {
        "toponimo": "Largo de Alexandre Sá Pinto",
        "tarifado": "Sim",
        "objectid": 31651,
        "globalid": "{328CBF74-08B5-4CF5-B139-02758B610C82}"
      }
    },
    {
      "type": "Feature",
      "id": 31654,
      "geometry": {
        "type": "LineString",
        "coordinates": [
          [-8.6037568404865, 41.1736870601419],
          [-8.60376643085409, 41.1737830772627],
          [-8.6037808909923, 41.1740080244762],
          [-8.60379797108462, 41.17430079863],
          [-8.60381574701249, 41.1745410927396],
          [-8.6038387354525, 41.1749115400954],
          [-8.60385127221902, 41.175167216956],
          [-8.60387030697526, 41.1754334653293],
          [-8.60388953433904, 41.1757279234319],
          [-8.60390308493139, 41.1759755102281],
          [-8.60391404949147, 41.1761616720182],
          [-8.60392472740511, 41.1763525631404]
        ]
      },
      "properties": {
        "toponimo": "Rua Alfredo Allen",
        "tarifado": "Sim",
        "objectid": 31654,
        "globalid": "{5A11E017-AC41-4A68-86E1-4625A3F52DF0}"
      }
    },
    {
      "type": "Feature",
      "id": 31656,
      "geometry": {
        "type": "LineString",
        "coordinates": [
          [-8.61890621557849, 41.1552054638589],
          [-8.61872587914944, 41.1551727497055],
          [-8.61801050681189, 41.1550388927827],
          [-8.61727984624833, 41.1549076078853],
          [-8.6165542740224, 41.1547712365461],
          [-8.61583042028933, 41.1546411924897],
          [-8.6150520514799, 41.154494768857],
          [-8.61440485451832, 41.1543778997999],
          [-8.61332411353982, 41.1541763125249]
        ]
      },
      "properties": {
        "toponimo": "Rua de Álvares Cabral",
        "tarifado": "Sim",
        "objectid": 31656,
        "globalid": "{EDC1A852-B139-49AD-BAD8-D0AA48792716}"
      }
    },
    {
      "type": "Feature",
      "id": 31657,
      "geometry": {
        "type": "LineString",
        "coordinates": [
          [-8.61198684276819, 41.1590284293145],
          [-8.61206888166689, 41.1587135061495],
          [-8.61208482447482, 41.1586615208069]
        ]
      },
      "properties": {
        "toponimo": "Rua de Antero de Quental",
        "tarifado": "Sim",
        "objectid": 31657,
        "globalid": "{D2A19E28-3258-4349-8625-BF7064C7D61A}"
      }
    },
    {
      "type": "Feature",
      "id": 31664,
      "geometry": {
        "type": "LineString",
        "coordinates": [
          [-8.64474674147328, 41.1586168558554],
          [-8.64472481130522, 41.1586280736213],
          [-8.64409462065182, 41.1589551694229],
          [-8.64348920376547, 41.1592683753621]
        ]
      },
      "properties": {
        "toponimo": "Rua de António Bessa Leite",
        "tarifado": "Sim",
        "objectid": 31664,
        "globalid": "{016503B9-07C1-40FE-AC0B-89DB3A174742}"
      }
    },
    {
      "type": "Feature",
      "id": 31669,
      "geometry": {
        "type": "LineString",
        "coordinates": [
          [-8.64120561625844, 41.1579302730521],
          [-8.64140958035211, 41.1572859932261]
        ]
      },
      "properties": {
        "toponimo": "Rua de António Cardoso",
        "tarifado": "Sim",
        "objectid": 31669,
        "globalid": "{1139DEF6-7178-4840-AC8A-C6D97403EE43}"
      }
    },
    {
      "type": "Feature",
      "id": 31670,
      "geometry": {
        "type": "LineString",
        "coordinates": [
          [-8.64154940835232, 41.1568444461111],
          [-8.64162535629072, 41.1566045170161]
        ]
      },
      "properties": {
        "toponimo": "Rua de António Cardoso",
        "tarifado": "Sim",
        "objectid": 31670,
        "globalid": "{DFED18B3-9471-4833-AC10-6F3DF43DB9DC}"
      }
    },
    {
      "type": "Feature",
      "id": 31672,
      "geometry": {
        "type": "LineString",
        "coordinates": [
          [-8.6296253667382, 41.1555529615559],
          [-8.62958628945616, 41.1555370941515],
          [-8.62938881701592, 41.1554116015346],
          [-8.6291436782322, 41.1552403205491],
          [-8.62898909435638, 41.1551242132595],
          [-8.62896924719493, 41.1551037687882]
        ]
      },
      "properties": {
        "toponimo": "Praça do Bom Sucesso",
        "tarifado": "Sim",
        "objectid": 31672,
        "globalid": "{172C3F22-302E-4792-A038-D73473B8F199}"
      }
    },
    {
      "type": "Feature",
      "id": 31673,
      "geometry": {
        "type": "LineString",
        "coordinates": [
          [-8.61807867668281, 41.1524889851169],
          [-8.61715253161268, 41.1525691520028],
          [-8.61602697540067, 41.1526673126199],
          [-8.61507108578643, 41.1527468860311],
          [-8.6140556675081, 41.15283331017],
          [-8.61357322681003, 41.1528686737981]
        ]
      },
      "properties": {
        "toponimo": "Rua dos Bragas",
        "tarifado": "Sim",
        "objectid": 31673,
        "globalid": "{791927E0-2922-45BD-8A2D-5AFF86BEBECB}"
      }
    },
    {
      "type": "Feature",
      "id": 31674,
      "geometry": {
        "type": "LineString",
        "coordinates": [
          [-8.62596118691645, 41.1509366428936],
          [-8.62611863909641, 41.1508103304629],
          [-8.62635030684528, 41.1505970430462],
          [-8.62658410633641, 41.150383871186]
        ]
      },
      "properties": {
        "toponimo": "Rua de Calouste Gulbenkian",
        "tarifado": "Sim",
        "objectid": 31674,
        "globalid": "{7E022952-6448-4540-9E4D-4F2A0D26199F}"
      }
    },
    {
      "type": "Feature",
      "id": 31675,
      "geometry": {
        "type": "LineString",
        "coordinates": [
          [-8.62658410633641, 41.150383871186],
          [-8.62670307047002, 41.1502754442938],
          [-8.62674445474048, 41.1502471274452],
          [-8.6267948419255, 41.1502277772526],
          [-8.62684232202341, 41.1502163174083],
          [-8.62691067347461, 41.1502160235183],
          [-8.62697911057692, 41.1502269846641],
          [-8.62704168328184, 41.1502503510028],
          [-8.62709242139878, 41.1502760200484],
          [-8.62715809072895, 41.1503149955993],
          [-8.62734040028283, 41.1504495534861],
          [-8.62745573750308, 41.1505714601585],
          [-8.62752328226302, 41.150661634311],
          [-8.62758353030451, 41.1507636543574],
          [-8.62763658791662, 41.150901018514],
          [-8.62766304597225, 41.1510653757425],
          [-8.62765897442882, 41.1511115405337],
          [-8.62764671204517, 41.1512625493593],
          [-8.62760765718624, 41.1514025708329],
          [-8.62758575185475, 41.1514533143525],
          [-8.62751974322412, 41.1515686814198],
          [-8.62743434413661, 41.1516718956463],
          [-8.62735624960756, 41.1517625534125],
          [-8.62721733645355, 41.1518671226205],
          [-8.62716053538048, 41.1519128121209]
        ]
      },
      "properties": {
        "toponimo": "Rua de Calouste Gulbenkian",
        "tarifado": "Sim",
        "objectid": 31675,
        "globalid": "{6B1E19AB-D842-4832-B1B1-3FBB9E5A1C37}"
      }
    },
    {
      "type": "Feature",
      "id": 31677,
      "geometry": {
        "type": "LineString",
        "coordinates": [
          [-8.59403149763165, 41.1605632981866],
          [-8.59434513424976, 41.1606029800762]
        ]
      },
      "properties": {
        "toponimo": "Rua de Carlos Malheiro Dias",
        "tarifado": "Sim",
        "objectid": 31677,
        "globalid": "{61ED03E2-64C0-4148-A8C8-6D6C0D63CE2D}"
      }
    },
    {
      "type": "Feature",
      "id": 31681,
      "geometry": {
        "type": "LineString",
        "coordinates": [
          [-8.61898805061628, 41.1549580690839],
          [-8.61898052242591, 41.1549341852879],
          [-8.61894565919373, 41.1548129113926],
          [-8.61894261172996, 41.1547536945376],
          [-8.61875323944556, 41.1542245159911],
          [-8.61860915690241, 41.1538134615709],
          [-8.61844911237661, 41.1533670240628],
          [-8.618289332888, 41.152948156505],
          [-8.61811136937369, 41.152549066781],
          [-8.61807867668281, 41.1524889851169]
        ]
      },
      "properties": {
        "toponimo": "Rua de Cedofeita",
        "tarifado": "Sim",
        "objectid": 31681,
        "globalid": "{66E1ABDC-EECF-45A4-A5DD-D402B9F54F30}"
      }
    },
    {
      "type": "Feature",
      "id": 31682,
      "geometry": {
        "type": "LineString",
        "coordinates": [
          [-8.61935156652036, 41.156290838127],
          [-8.6192995445703, 41.1560423081295],
          [-8.6192129095843, 41.1556292013379],
          [-8.61918456655059, 41.1555214056361]
        ]
      },
      "properties": {
        "toponimo": "Rua de Cedofeita",
        "tarifado": "Sim",
        "objectid": 31682,
        "globalid": "{B68C263B-25E6-4B7C-B939-4311A62D66EB}"
      }
    },
    {
      "type": "Feature",
      "id": 31683,
      "geometry": {
        "type": "LineString",
        "coordinates": [
          [-8.60908362415706, 41.1442497781018],
          [-8.60937886860529, 41.144188909263],
          [-8.60954287874978, 41.1441368593307]
        ]
      },
      "properties": {
        "toponimo": "Rua de Cimo de Vila",
        "tarifado": "Sim",
        "objectid": 31683,
        "globalid": "{6C7C8DA6-623E-47BE-9011-1BFE0473013B}"
      }
    },
    {
      "type": "Feature",
      "id": 31684,
      "geometry": {
        "type": "LineString",
        "coordinates": [
          [-8.63252460969801, 41.1620118654069],
          [-8.6324110367672, 41.1618768731437],
          [-8.63193364399187, 41.1612863580869],
          [-8.63161077407685, 41.1608867693292]
        ]
      },
      "properties": {
        "toponimo": "Rua de Cinco de Outubro",
        "tarifado": "Sim",
        "objectid": 31684,
        "globalid": "{C3882CF0-1824-4C15-A5EE-0340E8A4A2E3}"
      }
    },
    {
      "type": "Feature",
      "id": 31685,
      "geometry": {
        "type": "LineString",
        "coordinates": [
          [-8.60440817977258, 41.1438527532853],
          [-8.60418224753738, 41.1437701123825],
          [-8.60250513645587, 41.1432121080903],
          [-8.60237884660049, 41.1431595796833]
        ]
      },
      "properties": {
        "toponimo": "Rua de Alexandre Herculano",
        "tarifado": "Sim",
        "objectid": 31685,
        "globalid": "{D7D10B88-7D28-4293-B9BD-A6CB60D52DE1}"
      }
    },
    {
      "type": "Feature",
      "id": 31686,
      "geometry": {
        "type": "LineString",
        "coordinates": [
          [-8.63310851861714, 41.1627507527459],
          [-8.63303619230657, 41.1626596213652],
          [-8.63261360781026, 41.1621177000377],
          [-8.63252460969801, 41.1620118654069]
        ]
      },
      "properties": {
        "toponimo": "Rua de Cinco de Outubro",
        "tarifado": "Sim",
        "objectid": 31686,
        "globalid": "{01031FF5-3C2C-4EA1-91B3-CB5715BC38F1}"
      }
    },
    {
      "type": "Feature",
      "id": 31689,
      "geometry": {
        "type": "LineString",
        "coordinates": [
          [-8.59826096969819, 41.1610936664908],
          [-8.59951410548078, 41.1612485504929],
          [-8.60030877489789, 41.1613509743461]
        ]
      },
      "properties": {
        "toponimo": "Rua da Constituição",
        "tarifado": "Sim",
        "objectid": 31689,
        "globalid": "{60C5E050-5D3C-44F9-899D-FE6850663CA6}"
      }
    },
    {
      "type": "Feature",
      "id": 31690,
      "geometry": {
        "type": "LineString",
        "coordinates": [
          [-8.61114602816803, 41.1627171951631],
          [-8.61127058137033, 41.1627330003404],
          [-8.61217472009425, 41.162844310803]
        ]
      },
      "properties": {
        "toponimo": "Rua da Constituição",
        "tarifado": "Sim",
        "objectid": 31690,
        "globalid": "{81BF1B6B-4114-4DBB-B4D8-5CAD3D3BDDBE}"
      }
    },
    {
      "type": "Feature",
      "id": 31693,
      "geometry": {
        "type": "LineString",
        "coordinates": [
          [-8.59875161435386, 41.1777867418089],
          [-8.59812692436992, 41.1776097132602],
          [-8.59760389043357, 41.1774560130755],
          [-8.59696876143747, 41.1772699349689],
          [-8.59640344827949, 41.1771057483746],
          [-8.59617779961044, 41.1770389649511],
          [-8.59593034208198, 41.1769704507497],
          [-8.59564671615884, 41.176922196917],
          [-8.59544568454589, 41.1769120313979],
          [-8.59521817333217, 41.1769257512769],
          [-8.59504400678022, 41.1769484051602],
          [-8.59452509882567, 41.1770135486972],
          [-8.59433985208204, 41.1770314466023],
          [-8.59417333623352, 41.1770235429901],
          [-8.59353483826961, 41.1769701182348],
          [-8.59344567998995, 41.1769626606666]
        ]
      },
      "properties": {
        "toponimo": "Rua D. Frei Vicente da Soledade e Castro",
        "tarifado": "Sim",
        "objectid": 31693,
        "globalid": "{B574831A-497E-4EBA-848E-CC9C6246710A}"
      }
    },
    {
      "type": "Feature",
      "id": 31696,
      "geometry": {
        "type": "LineString",
        "coordinates": [
          [-8.61476460596657, 41.1621557634278],
          [-8.61418933615253, 41.1620831812049]
        ]
      },
      "properties": {
        "toponimo": "Rua de Damião de Góis",
        "tarifado": "Sim",
        "objectid": 31696,
        "globalid": "{3949BD7E-3F47-4333-8B33-891863E6A1B2}"
      }
    },
    {
      "type": "Feature",
      "id": 31697,
      "geometry": {
        "type": "LineString",
        "coordinates": [
          [-8.61543617781282, 41.1622407338216],
          [-8.61476460596657, 41.1621557634278]
        ]
      },
      "properties": {
        "toponimo": "Rua de Damião de Góis",
        "tarifado": "Sim",
        "objectid": 31697,
        "globalid": "{761894C4-BB20-4904-8E14-2DDDD0FFDBED}"
      }
    },
    {
      "type": "Feature",
      "id": 31699,
      "geometry": {
        "type": "LineString",
        "coordinates": [
          [-8.60494567158257, 41.1440473794646],
          [-8.60487205855856, 41.1442011685214],
          [-8.60448323470475, 41.1450702725258],
          [-8.60440452289523, 41.1452475835205],
          [-8.60439092204181, 41.1452643872872]
        ]
      },
      "properties": {
        "toponimo": "Rua do Duque de Loulé",
        "tarifado": "Sim",
        "objectid": 31699,
        "globalid": "{D8D247D9-D74E-4D34-B1EB-18D24A72D203}"
      }
    },
    {
      "type": "Feature",
      "id": 31707,
      "geometry": {
        "type": "LineString",
        "coordinates": [
          [-8.60749332455403, 41.1610497231412],
          [-8.60736839926582, 41.1612865015815],
          [-8.60722954575958, 41.1615497010186],
          [-8.60719053624946, 41.1616021768008],
          [-8.60713477836408, 41.161650220226],
          [-8.60708684053761, 41.1617054430215],
          [-8.60688637685185, 41.1621270828782],
          [-8.60686332308368, 41.1621749277146]
        ]
      },
      "properties": {
        "toponimo": "Rua de Faria Guimarães",
        "tarifado": "Sim",
        "objectid": 31707,
        "globalid": "{39E12ACA-6DDD-41A5-AC68-E654D98E039D}"
      }
    },
    {
      "type": "Feature",
      "id": 31708,
      "geometry": {
        "type": "LineString",
        "coordinates": [
          [-8.60919001769223, 41.1573557177653],
          [-8.60914374380459, 41.1574326080371],
          [-8.6089935657837, 41.1577519986565],
          [-8.60869283155382, 41.1584358106526],
          [-8.60856889902803, 41.1586997164824],
          [-8.60842637421599, 41.1590039834275]
        ]
      },
      "properties": {
        "toponimo": "Rua de Faria Guimarães",
        "tarifado": "Sim",
        "objectid": 31708,
        "globalid": "{2F3BBFF0-6F74-4607-A059-8C3DACACC8B7}"
      }
    },
    {
      "type": "Feature",
      "id": 31709,
      "geometry": {
        "type": "LineString",
        "coordinates": [
          [-8.60842637421599, 41.1590039834275],
          [-8.60836203011982, 41.1591359365618],
          [-8.60811405769396, 41.1596480882973],
          [-8.60789324769827, 41.1601194728933]
        ]
      },
      "properties": {
        "toponimo": "Rua de Faria Guimarães",
        "tarifado": "Sim",
        "objectid": 31709,
        "globalid": "{52624F1A-08EB-4F4A-A582-643AFC69C387}"
      }
    },
    {
      "type": "Feature",
      "id": 31711,
      "geometry": {
        "type": "LineString",
        "coordinates": [
          [-8.5937929287784, 41.15782091628],
          [-8.59379238711523, 41.1578218278856],
          [-8.59368625850311, 41.1579997550174],
          [-8.59342797505319, 41.1584538394609],
          [-8.59338124121318, 41.1585360189042],
          [-8.5933158426309, 41.1586526253873]
        ]
      },
      "properties": {
        "toponimo": "Avenida de Fernão de Magalhães",
        "tarifado": "Sim",
        "objectid": 31711,
        "globalid": "{201B2A3B-FFCE-412D-9B4F-69FD26089DC8}"
      }
    },
    {
      "type": "Feature",
      "id": 31712,
      "geometry": {
        "type": "LineString",
        "coordinates": [
          [-8.5933158426309, 41.1586526253873],
          [-8.59310403981565, 41.1590298243172],
          [-8.5929544993201, 41.1592869093282]
        ]
      },
      "properties": {
        "toponimo": "Avenida de Fernão de Magalhães",
        "tarifado": "Sim",
        "objectid": 31712,
        "globalid": "{B67CF906-7C68-470E-86DF-1F846A5860D9}"
      }
    },
    {
      "type": "Feature",
      "id": 31725,
      "geometry": {
        "type": "LineString",
        "coordinates": [
          [-8.61529220078032, 41.1424867438349],
          [-8.61529489681482, 41.1421700335774],
          [-8.61531255675896, 41.1416546008493]
        ]
      },
      "properties": {
        "toponimo": "Rua de Ferreira Borges",
        "tarifado": "Sim",
        "objectid": 31725,
        "globalid": "{5500212A-00C1-45FA-A97C-C440DE4AF055}"
      }
    },
    {
      "type": "Feature",
      "id": 31727,
      "geometry": {
        "type": "LineString",
        "coordinates": [
          [-8.60116373910386, 41.1510413016189],
          [-8.60076078380886, 41.15105109259],
          [-8.60045916485439, 41.1510622341091]
        ]
      },
      "properties": {
        "toponimo": "Rua da Firmeza",
        "tarifado": "Sim",
        "objectid": 31727,
        "globalid": "{10DE6B51-EE2C-4A8C-A43A-8C0E396A2E0F}"
      }
    },
    {
      "type": "Feature",
      "id": 31728,
      "geometry": {
        "type": "LineString",
        "coordinates": [
          [-8.60517312513818, 41.1802093922428],
          [-8.60500160427417, 41.1801880912831],
          [-8.60418094362398, 41.179962764621],
          [-8.60394880819106, 41.1798963210519],
          [-8.60216846011264, 41.1793770086427],
          [-8.60126529669355, 41.179119295246],
          [-8.60095882655341, 41.1790330330196],
          [-8.59923593447831, 41.1785474861553],
          [-8.5992342044042, 41.178547205019]
        ]
      },
      "properties": {
        "toponimo": "Rua do Dr. Plácido da Costa",
        "tarifado": "Sim",
        "objectid": 31728,
        "globalid": "{532BBE3C-F67C-4613-A42E-EF52B525672B}"
      }
    },
    {
      "type": "Feature",
      "id": 31729,
      "geometry": {
        "type": "LineString",
        "coordinates": [
          [-8.6381628623794, 41.1543682009628],
          [-8.63797304707358, 41.1547487616452],
          [-8.63783171113496, 41.1550262637496]
        ]
      },
      "properties": {
        "toponimo": "Rua de Guerra Junqueiro",
        "tarifado": "Sim",
        "objectid": 31729,
        "globalid": "{A61AD2FE-7984-4E13-BF1A-EACFEE348238}"
      }
    },
    {
      "type": "Feature",
      "id": 31730,
      "geometry": {
        "type": "LineString",
        "coordinates": [
          [-8.60386510788847, 41.1849653704825],
          [-8.60377536678096, 41.1849259670406],
          [-8.60364939504351, 41.1849039466951],
          [-8.60312843457448, 41.1847851271819],
          [-8.60259064608722, 41.1846595765546]
        ]
      },
      "properties": {
        "toponimo": "Rua do Mestre Guilherme Camarinha",
        "tarifado": "Sim",
        "objectid": 31730,
        "globalid": "{9D838DEB-BBC3-4721-A638-4FDADC7C3ED7}"
      }
    },
    {
      "type": "Feature",
      "id": 31732,
      "geometry": {
        "type": "LineString",
        "coordinates": [
          [-8.61405209860533, 41.1499537961726],
          [-8.61417607315484, 41.1493644808202],
          [-8.61434313310354, 41.1485464825572],
          [-8.61437198863387, 41.1483798551837],
          [-8.61439105518313, 41.1483516278944]
        ]
      },
      "properties": {
        "toponimo": "Rua de José Falcão",
        "tarifado": "Sim",
        "objectid": 31732,
        "globalid": "{6B14BCB5-4E6D-423C-926D-957832A890ED}"
      }
    },
    {
      "type": "Feature",
      "id": 31736,
      "geometry": {
        "type": "LineString",
        "coordinates": [
          [-8.63072663789513, 41.154440526066],
          [-8.63071739701729, 41.1543326596856],
          [-8.63068293943189, 41.1537101137368],
          [-8.63067126755531, 41.1534718316462]
        ]
      },
      "properties": {
        "toponimo": "Rua do Arquitecto Marques da Silva",
        "tarifado": "Sim",
        "objectid": 31736,
        "globalid": "{79A9B08D-889E-4EEF-BA20-E62B94161D3D}"
      }
    },
    {
      "type": "Feature",
      "id": 31737,
      "geometry": {
        "type": "LineString",
        "coordinates": [
          [-8.61770020407277, 41.1463924640253],
          [-8.61768381967827, 41.1463030574997],
          [-8.61735384044368, 41.1449379122771],
          [-8.6173538746424, 41.1449360842472]
        ]
      },
      "properties": {
        "toponimo": "Campo dos Mártires da Pátria",
        "tarifado": "Sim",
        "objectid": 31737,
        "globalid": "{36796421-4F38-45CC-915E-901C2C2E996A}"
      }
    },
    {
      "type": "Feature",
      "id": 31741,
      "geometry": {
        "type": "LineString",
        "coordinates": [
          [-8.62306675121497, 41.1502204050321],
          [-8.62319384506415, 41.1501901752149],
          [-8.62367891633117, 41.1500718849169],
          [-8.62382436927371, 41.150048194417],
          [-8.62395521521291, 41.1500529837235]
        ]
      },
      "properties": {
        "toponimo": "Largo da Maternidade de Júlio Dinis",
        "tarifado": "Sim",
        "objectid": 31741,
        "globalid": "{C8960063-C09B-46C6-933C-7C2CE165E963}"
      }
    },
    {
      "type": "Feature",
      "id": 31742,
      "geometry": {
        "type": "LineString",
        "coordinates": [
          [-8.62130971279892, 41.1516768620541],
          [-8.62133484253621, 41.1516345521408],
          [-8.6215117958164, 41.1515419296796],
          [-8.62183436682071, 41.1513756612046],
          [-8.62257590319489, 41.1509905326455],
          [-8.62314827405045, 41.1506948858099],
          [-8.62318212890989, 41.1506772913415]
        ]
      },
      "properties": {
        "toponimo": "Rua da Maternidade",
        "tarifado": "Sim",
        "objectid": 31742,
        "globalid": "{38B0076D-ED01-4BD9-A268-C037640088A9}"
      }
    },
    {
      "type": "Feature",
      "id": 31744,
      "geometry": {
        "type": "LineString",
        "coordinates": [
          [-8.60194146979692, 41.1464286449549],
          [-8.60182668705152, 41.1464617537841],
          [-8.60127819759344, 41.146639997994],
          [-8.60077718597194, 41.1468000471212],
          [-8.60052297867097, 41.1469490845324]
        ]
      },
      "properties": {
        "toponimo": "Rua do Morgado de Mateus",
        "tarifado": "Sim",
        "objectid": 31744,
        "globalid": "{4F3DACEF-076D-44AC-B64C-BC49572FF1F5}"
      }
    },
    {
      "type": "Feature",
      "id": 31745,
      "geometry": {
        "type": "LineString",
        "coordinates": [
          [-8.60052297867097, 41.1469490845324],
          [-8.60043420141781, 41.1470010766534],
          [-8.60003047249733, 41.1472383787587],
          [-8.59984747868916, 41.1473518108776]
        ]
      },
      "properties": {
        "toponimo": "Rua do Morgado de Mateus",
        "tarifado": "Sim",
        "objectid": 31745,
        "globalid": "{43B1BAE6-1F69-4A4E-BB31-75A2D0282823}"
      }
    },
    {
      "type": "Feature",
      "id": 31747,
      "geometry": {
        "type": "LineString",
        "coordinates": [
          [-8.59984747868916, 41.1473518108776],
          [-8.59966829318694, 41.1474629770893],
          [-8.59934646676448, 41.1477157098699],
          [-8.59907050048758, 41.1479266029607],
          [-8.59906116375718, 41.1479353659561]
        ]
      },
      "properties": {
        "toponimo": "Rua do Morgado de Mateus",
        "tarifado": "Sim",
        "objectid": 31747,
        "globalid": "{F327A4BF-7D03-49A9-9DD0-C872061B971A}"
      }
    },
    {
      "type": "Feature",
      "id": 31748,
      "geometry": {
        "type": "LineString",
        "coordinates": [
          [-8.61835177952115, 41.1413134250175],
          [-8.61785656010657, 41.1410957502167],
          [-8.61784325801416, 41.1410896201889]
        ]
      },
      "properties": {
        "toponimo": "Rua Nova da Alfândega",
        "tarifado": "Sim",
        "objectid": 31748,
        "globalid": "{662AEE59-1978-4B8B-874D-3C0BB24B9AEF}"
      }
    },
    {
      "type": "Feature",
      "id": 31749,
      "geometry": {
        "type": "LineString",
        "coordinates": [
          [-8.64332484753444, 41.1632668209288],
          [-8.64323950216582, 41.1634061168647],
          [-8.64316948805424, 41.1636279946985],
          [-8.64305573475525, 41.1640091699524],
          [-8.64296308373874, 41.1642911067893],
          [-8.64291145953153, 41.1644401849656],
          [-8.64284014397803, 41.1645914212548],
          [-8.64278115070391, 41.1647829234579],
          [-8.64273436730003, 41.1649279002617],
          [-8.64272088690904, 41.1650960770269]
        ]
      },
      "properties": {
        "toponimo": "Rua de O Primeiro de Janeiro",
        "tarifado": "Sim",
        "objectid": 31749,
        "globalid": "{45BC17D7-5189-4F9B-B2E4-36AB5A4AE181}"
      }
    },
    {
      "type": "Feature",
      "id": 31750,
      "geometry": {
        "type": "LineString",
        "coordinates": [
          [-8.64272088690904, 41.1650960770269],
          [-8.64281264758339, 41.1649368445516],
          [-8.64284132197777, 41.1648472245336],
          [-8.64321579954688, 41.1636660922334],
          [-8.64329557471408, 41.1634170690021],
          [-8.64332484753444, 41.1632668209288]
        ]
      },
      "properties": {
        "toponimo": "Rua de O Primeiro de Janeiro",
        "tarifado": "Sim",
        "objectid": 31750,
        "globalid": "{EE0721B8-875A-4E95-91A0-6B0469EE3CED}"
      }
    },
    {
      "type": "Feature",
      "id": 31751,
      "geometry": {
        "type": "LineString",
        "coordinates": [
          [-8.64386196334767, 41.1604421762057],
          [-8.64383009646618, 41.1604917053858],
          [-8.64373106946304, 41.1608350079017],
          [-8.64368910665564, 41.1609681510283],
          [-8.64369358892981, 41.1610419919177],
          [-8.64372152060381, 41.1611143241815],
          [-8.64378229635136, 41.1611710143678],
          [-8.64387786134569, 41.1612138357574]
        ]
      },
      "properties": {
        "toponimo": "Rua de O Primeiro de Janeiro",
        "tarifado": "Sim",
        "objectid": 31751,
        "globalid": "{EEB54DBF-46E0-45AB-AF62-088311711F7A}"
      }
    },
    {
      "type": "Feature",
      "id": 31757,
      "geometry": {
        "type": "LineString",
        "coordinates": [
          [-8.62542851052857, 41.155530668529],
          [-8.62517256599387, 41.1553516824277]
        ]
      },
      "properties": {
        "toponimo": "Largo da Paz",
        "tarifado": "Sim",
        "objectid": 31757,
        "globalid": "{28D62772-DA27-4055-9E70-C1FA33C772D8}"
      }
    },
    {
      "type": "Feature",
      "id": 31758,
      "geometry": {
        "type": "LineString",
        "coordinates": [
          [-8.62356641631063, 41.1442440946475],
          [-8.62352121042255, 41.1442295118479],
          [-8.62271207679641, 41.143986195383],
          [-8.62238959836175, 41.1438820496869],
          [-8.62204789661133, 41.1437571665855]
        ]
      },
      "properties": {
        "toponimo": "Rua Nova da Alfândega",
        "tarifado": "Sim",
        "objectid": 31758,
        "globalid": "{0512E21C-CCE8-48D8-A886-0AD9AC39E235}"
      }
    },
    {
      "type": "Feature",
      "id": 31762,
      "geometry": {
        "type": "LineString",
        "coordinates": [
          [-8.63789328566718, 41.1504864676871],
          [-8.63795537588285, 41.1505718782957],
          [-8.63797151894577, 41.1506742302486],
          [-8.637954687729, 41.150815274349],
          [-8.63790756870889, 41.1509989427127],
          [-8.63789094162019, 41.1510549587119],
          [-8.63786588348889, 41.1511393573508],
          [-8.63770077305607, 41.151695283612],
          [-8.63766360172289, 41.1518480953869],
          [-8.63762701189655, 41.1520704082761],
          [-8.63752849188151, 41.1528138327277]
        ]
      },
      "properties": {
        "toponimo": "Via Panorâmica",
        "tarifado": "Sim",
        "objectid": 31762,
        "globalid": "{7F2E37D0-D1F2-4FCA-89BA-E43C734AE040}"
      }
    },
    {
      "type": "Feature",
      "id": 31763,
      "geometry": {
        "type": "LineString",
        "coordinates": [
          [-8.61126662539012, 41.1494021030721],
          [-8.61139854852599, 41.1493065855117],
          [-8.61182874973263, 41.149016097994],
          [-8.61213792040129, 41.1488106640712]
        ]
      },
      "properties": {
        "toponimo": "Rua de Ramalho Ortigão",
        "tarifado": "Sim",
        "objectid": 31763,
        "globalid": "{A649BA72-ACB3-4091-B370-43136952F9DA}"
      }
    },
    {
      "type": "Feature",
      "id": 31764,
      "geometry": {
        "type": "LineString",
        "coordinates": [
          [-8.61209673228238, 41.1502712162417],
          [-8.61213575796197, 41.1502549802799],
          [-8.61283212208774, 41.150094902252],
          [-8.61285725902172, 41.1500887016143]
        ]
      },
      "properties": {
        "toponimo": "Rua do Dr. Ricardo Jorge",
        "tarifado": "Sim",
        "objectid": 31764,
        "globalid": "{3432B700-24E1-46AF-BE6A-6AA78B111511}"
      }
    },
    {
      "type": "Feature",
      "id": 31767,
      "geometry": {
        "type": "LineString",
        "coordinates": [
          [-8.61345202262138, 41.1414250484394],
          [-8.61351384974622, 41.1415320038589],
          [-8.61366282335915, 41.1418039033681],
          [-8.61379640277508, 41.142057012658],
          [-8.61394053484063, 41.1423164069049],
          [-8.61408818088021, 41.1425642525901],
          [-8.61413550551735, 41.1427561055663]
        ]
      },
      "properties": {
        "toponimo": "Rua de S. João",
        "tarifado": "Sim",
        "objectid": 31767,
        "globalid": "{78932C9D-5783-462D-86FC-629874C8A907}"
      }
    },
    {
      "type": "Feature",
      "id": 31769,
      "geometry": {
        "type": "LineString",
        "coordinates": [
          [-8.59832380094393, 41.1607471714334],
          [-8.59845015264854, 41.1600506594738],
          [-8.59855867385598, 41.1594660695263]
        ]
      },
      "properties": {
        "toponimo": "Rua de Santos Pousada",
        "tarifado": "Sim",
        "objectid": 31769,
        "globalid": "{7BA88408-3923-4731-AFE4-F984177E8932}"
      }
    },
    {
      "type": "Feature",
      "id": 31771,
      "geometry": {
        "type": "LineString",
        "coordinates": [
          [-8.59950040762969, 41.1545290493064],
          [-8.59957403307026, 41.1541442418821],
          [-8.59972962179502, 41.1532827144075]
        ]
      },
      "properties": {
        "toponimo": "Rua de Santos Pousada",
        "tarifado": "Sim",
        "objectid": 31771,
        "globalid": "{CD0FEDED-91B9-4B2C-A3C7-E341FC8C5E88}"
      }
    },
    {
      "type": "Feature",
      "id": 31772,
      "geometry": {
        "type": "LineString",
        "coordinates": [
          [-8.60002921848994, 41.1516964698845],
          [-8.60004985622062, 41.1515884789097],
          [-8.60014708669839, 41.1510682226313]
        ]
      },
      "properties": {
        "toponimo": "Rua de Santos Pousada",
        "tarifado": "Sim",
        "objectid": 31772,
        "globalid": "{1DAE8730-2F42-4854-91BE-2924E2C6C678}"
      }
    },
    {
      "type": "Feature",
      "id": 31773,
      "geometry": {
        "type": "LineString",
        "coordinates": [
          [-8.6103206440835, 41.1432488959482],
          [-8.61000956450707, 41.1432546278781],
          [-8.60930616461945, 41.1432237731884],
          [-8.60923131211826, 41.1432201395794]
        ]
      },
      "properties": {
        "toponimo": "Rua de Saraiva de Carvalho",
        "tarifado": "Sim",
        "objectid": 31773,
        "globalid": "{3F3BF5B2-4238-469A-8620-4B387CBB4A63}"
      }
    },
    {
      "type": "Feature",
      "id": 31775,
      "geometry": {
        "type": "LineString",
        "coordinates": [
          [-8.60831397734278, 41.1427292724128],
          [-8.60785156197858, 41.1424804703728]
        ]
      },
      "properties": {
        "toponimo": "Largo do Actor Dias",
        "tarifado": "Sim",
        "objectid": 31775,
        "globalid": "{12E630F9-14F7-4CE5-833B-5817E39BC6FB}"
      }
    },
    {
      "type": "Feature",
      "id": 31780,
      "geometry": {
        "type": "LineString",
        "coordinates": [
          [-8.60302121166818, 41.1545863012094],
          [-8.60307890552385, 41.1544612754139],
          [-8.60349242896612, 41.1534176199516],
          [-8.60354601742302, 41.1532786809279]
        ]
      },
      "properties": {
        "toponimo": "Rua da Alegria",
        "tarifado": "Sim",
        "objectid": 31780,
        "globalid": "{841C03EF-AEC1-491D-9142-92B62CC23223}"
      }
    },
    {
      "type": "Feature",
      "id": 31781,
      "geometry": {
        "type": "LineString",
        "coordinates": [
          [-8.60354601742302, 41.1532786809279],
          [-8.60373112663897, 41.152798158369],
          [-8.60389132137581, 41.1523985054739],
          [-8.60426971388708, 41.1514244941878],
          [-8.60429892409409, 41.1513582476086],
          [-8.6043072785798, 41.1512842066226],
          [-8.6042816975976, 41.1510265651318],
          [-8.60427220521197, 41.1509423339761]
        ]
      },
      "properties": {
        "toponimo": "Rua da Alegria",
        "tarifado": "Sim",
        "objectid": 31781,
        "globalid": "{DF13D1A7-BAE5-4998-8DC5-4684B58889F4}"
      }
    },
    {
      "type": "Feature",
      "id": 31782,
      "geometry": {
        "type": "LineString",
        "coordinates": [
          [-8.60427220521197, 41.1509423339761],
          [-8.60422469706944, 41.1505193288605],
          [-8.60413144779385, 41.1495044921081],
          [-8.60411785021067, 41.1494125240487]
        ]
      },
      "properties": {
        "toponimo": "Rua da Alegria",
        "tarifado": "Sim",
        "objectid": 31782,
        "globalid": "{1B5AAC2E-F20E-4E64-92FB-661449CB650E}"
      }
    },
    {
      "type": "Feature",
      "id": 31783,
      "geometry": {
        "type": "LineString",
        "coordinates": [
          [-8.60199768558336, 41.1571610530116],
          [-8.60202443048889, 41.1570942588345],
          [-8.60260723656084, 41.1556655508272],
          [-8.60262501027139, 41.1556187638101]
        ]
      },
      "properties": {
        "toponimo": "Rua da Alegria",
        "tarifado": "Sim",
        "objectid": 31783,
        "globalid": "{1776BFD7-1CB6-4A11-88C4-88FDEEB2A795}"
      }
    },
    {
      "type": "Feature",
      "id": 31784,
      "geometry": {
        "type": "LineString",
        "coordinates": [
          [-8.60280236172277, 41.1551526364828],
          [-8.60290694428008, 41.1548777231341],
          [-8.60298258312554, 41.1546701722506],
          [-8.60302121166818, 41.1545863012094]
        ]
      },
      "properties": {
        "toponimo": "Rua da Alegria",
        "tarifado": "Sim",
        "objectid": 31784,
        "globalid": "{8759C084-7EA8-443B-90E6-969D354F4DBE}"
      }
    },
    {
      "type": "Feature",
      "id": 31785,
      "geometry": {
        "type": "LineString",
        "coordinates": [
          [-8.60262501027139, 41.1556187638101],
          [-8.60280236172277, 41.1551526364828]
        ]
      },
      "properties": {
        "toponimo": "Rua da Alegria",
        "tarifado": "Sim",
        "objectid": 31785,
        "globalid": "{617E1DD8-AEED-44F4-840D-3DF2733FAA60}"
      }
    },
    {
      "type": "Feature",
      "id": 31786,
      "geometry": {
        "type": "LineString",
        "coordinates": [
          [-8.59813559879388, 41.1503419839721],
          [-8.59742435591731, 41.1515078164498],
          [-8.5974212378401, 41.1515133216767]
        ]
      },
      "properties": {
        "toponimo": "Avenida de Fernão de Magalhães",
        "tarifado": "Sim",
        "objectid": 31786,
        "globalid": "{0936A5EB-4DAB-416B-944C-9EF93031829A}"
      }
    },
    {
      "type": "Feature",
      "id": 31788,
      "geometry": {
        "type": "LineString",
        "coordinates": [
          [-8.58826467108107, 41.1639014139674],
          [-8.58846979172854, 41.1639708064792],
          [-8.58905935917315, 41.1641854166759],
          [-8.58926578640936, 41.1642608445043]
        ]
      },
      "properties": {
        "toponimo": "Alameda das Antas",
        "tarifado": "Sim",
        "objectid": 31788,
        "globalid": "{25E4A834-5718-47E6-A0C2-D4882248B71E}"
      }
    },
    {
      "type": "Feature",
      "id": 31789,
      "geometry": {
        "type": "LineString",
        "coordinates": [
          [-8.58956725050634, 41.1639070772073],
          [-8.58944890350529, 41.1638768791574],
          [-8.58923939588837, 41.1638124302354],
          [-8.58851575291371, 41.1636046838717],
          [-8.58843289468634, 41.1635768737761]
        ]
      },
      "properties": {
        "toponimo": "Alameda das Antas",
        "tarifado": "Sim",
        "objectid": 31789,
        "globalid": "{93DA60C0-6CA3-436B-95E4-D476E4636BA0}"
      }
    },
    {
      "type": "Feature",
      "id": 31790,
      "geometry": {
        "type": "LineString",
        "coordinates": [
          [-8.58612543187076, 41.163202334904],
          [-8.58630649670404, 41.1632584553435],
          [-8.58712467958565, 41.1635290165664],
          [-8.58797934035058, 41.1638047665817],
          [-8.58826467108107, 41.1639014139674]
        ]
      },
      "properties": {
        "toponimo": "Alameda das Antas",
        "tarifado": "Sim",
        "objectid": 31790,
        "globalid": "{C5B77428-0974-400E-87D4-484924798F86}"
      }
    },
    {
      "type": "Feature",
      "id": 31791,
      "geometry": {
        "type": "LineString",
        "coordinates": [
          [-8.58551838055092, 41.1630204199436],
          [-8.58563819562454, 41.1630566671909],
          [-8.58611554636117, 41.1631992762894],
          [-8.58612543187076, 41.163202334904]
        ]
      },
      "properties": {
        "toponimo": "Alameda das Antas",
        "tarifado": "Sim",
        "objectid": 31791,
        "globalid": "{E88F05AD-447C-4644-AFAC-8774D1FE02F2}"
      }
    },
    {
      "type": "Feature",
      "id": 31792,
      "geometry": {
        "type": "LineString",
        "coordinates": [
          [-8.58843289468634, 41.1635768737761],
          [-8.58817939964658, 41.1634919147235],
          [-8.58729943319456, 41.1632107823168],
          [-8.5858197729396, 41.162728566598],
          [-8.58570916154392, 41.1626912928952]
        ]
      },
      "properties": {
        "toponimo": "Alameda das Antas",
        "tarifado": "Sim",
        "objectid": 31792,
        "globalid": "{CE60927E-78E8-44B4-866E-DDFFDC1FA065}"
      }
    },
    {
      "type": "Feature",
      "id": 31793,
      "geometry": {
        "type": "LineString",
        "coordinates": [
          [-8.58192304329545, 41.1615513545096],
          [-8.58189747098195, 41.1616429103796],
          [-8.58186302291656, 41.1618252367034],
          [-8.58187292721842, 41.161973632935],
          [-8.58192954939092, 41.1621949966251],
          [-8.58197474889905, 41.1622813414359],
          [-8.58201999717415, 41.1623678310074],
          [-8.58218063413908, 41.1625752817174],
          [-8.58231247573863, 41.162702941756],
          [-8.58252036737323, 41.1628494283675],
          [-8.58271454499915, 41.1629522169295],
          [-8.58290040370294, 41.1630200836896],
          [-8.58293682339967, 41.1630333759454],
          [-8.58317542857009, 41.1631044750167],
          [-8.58345842250924, 41.16314164277],
          [-8.58355418950875, 41.1631463548524],
          [-8.58366983876099, 41.1631520606014],
          [-8.583809149884, 41.163150784429],
          [-8.58388561328272, 41.163150088122],
          [-8.58413260533105, 41.1631377190508]
        ]
      },
      "properties": {
        "toponimo": "Via Futebol Clube do Porto",
        "tarifado": "Sim",
        "objectid": 31793,
        "globalid": "{7EF5F1D3-D3A1-4B97-A367-D9122309DBE0}"
      }
    },
    {
      "type": "Feature",
      "id": 31794,
      "geometry": {
        "type": "LineString",
        "coordinates": [
          [-8.58570916154392, 41.1626912928952],
          [-8.58554756907741, 41.1626369229055],
          [-8.5855452499665, 41.1626358154763],
          [-8.58545651375725, 41.1625933852584],
          [-8.58539217228542, 41.162542990291],
          [-8.58535458984285, 41.1624924893268],
          [-8.58534959553376, 41.1624161169895],
          [-8.58536769327961, 41.162340068185],
          [-8.58540194917596, 41.1622678989322],
          [-8.58545272980654, 41.1621609179141],
          [-8.58548542623975, 41.162042194198],
          [-8.58551728156759, 41.161917261677],
          [-8.58552906039892, 41.1617905972286],
          [-8.58553113855154, 41.1616601719459],
          [-8.58551160842959, 41.1615270131712],
          [-8.58545992599679, 41.161368643336],
          [-8.58535053397972, 41.1611503069206],
          [-8.58524765142489, 41.1610118575057],
          [-8.58504120450093, 41.1608573472302],
          [-8.58496979848774, 41.1608085095651]
        ]
      },
      "properties": {
        "toponimo": "Via Futebol Clube do Porto",
        "tarifado": "Sim",
        "objectid": 31794,
        "globalid": "{564E9E36-C4D8-42AD-B999-B7A2B0DC06B0}"
      }
    },
    {
      "type": "Feature",
      "id": 31795,
      "geometry": {
        "type": "LineString",
        "coordinates": [
          [-8.58496979848774, 41.1608085095651],
          [-8.58476087271446, 41.1606656952449],
          [-8.58444206900675, 41.1605099414752],
          [-8.58419154741367, 41.1604356500882],
          [-8.58380930635866, 41.1603533032854],
          [-8.58351200554068, 41.1602921416958],
          [-8.58321222700673, 41.1602222647077]
        ]
      },
      "properties": {
        "toponimo": "Via Futebol Clube do Porto",
        "tarifado": "Sim",
        "objectid": 31795,
        "globalid": "{BF8E6447-3860-4DEC-A77E-98FAEE3B4F5D}"
      }
    },
    {
      "type": "Feature",
      "id": 31796,
      "geometry": {
        "type": "LineString",
        "coordinates": [
          [-8.5995423298745, 41.1632809968898],
          [-8.5995860049199, 41.1631748749637],
          [-8.6000491770723, 41.1620055396155],
          [-8.60027632627181, 41.1614286324412],
          [-8.60030877489789, 41.1613509743461]
        ]
      },
      "properties": {
        "toponimo": "Rua da Alegria",
        "tarifado": "Sim",
        "objectid": 31796,
        "globalid": "{6497BFD1-E270-48A3-B0C1-1E80908ED3E0}"
      }
    },
    {
      "type": "Feature",
      "id": 31798,
      "geometry": {
        "type": "LineString",
        "coordinates": [
          [-8.60030877489789, 41.1613509743461],
          [-8.60035503465078, 41.161240061207],
          [-8.60082116956659, 41.1600773186674],
          [-8.60087304003644, 41.1599499225742]
        ]
      },
      "properties": {
        "toponimo": "Rua da Alegria",
        "tarifado": "Sim",
        "objectid": 31798,
        "globalid": "{7312F559-EA3E-4434-8997-F938287F34FF}"
      }
    },
    {
      "type": "Feature",
      "id": 31799,
      "geometry": {
        "type": "LineString",
        "coordinates": [
          [-8.60108242710593, 41.1594352697601],
          [-8.601141696044, 41.1592895466451],
          [-8.60139808277378, 41.1586520090018],
          [-8.60162124924697, 41.158099453812]
        ]
      },
      "properties": {
        "toponimo": "Rua da Alegria",
        "tarifado": "Sim",
        "objectid": 31799,
        "globalid": "{C3214E9B-CD80-4E88-B3CE-C653917F6004}"
      }
    },
    {
      "type": "Feature",
      "id": 31801,
      "geometry": {
        "type": "LineString",
        "coordinates": [
          [-8.61159876772036, 41.1606739414639],
          [-8.61169220946438, 41.1602411503701],
          [-8.61180750751866, 41.1597277073862],
          [-8.61185139500458, 41.1595557419347]
        ]
      },
      "properties": {
        "toponimo": "Rua de Antero de Quental",
        "tarifado": "Sim",
        "objectid": 31801,
        "globalid": "{D3AFE959-8214-4920-A464-A7023215EB6F}"
      }
    },
    {
      "type": "Feature",
      "id": 31802,
      "geometry": {
        "type": "LineString",
        "coordinates": [
          [-8.61330876252738, 41.155263637409],
          [-8.61331489400605, 41.1551151859509],
          [-8.61331635174252, 41.1549464860819]
        ]
      },
      "properties": {
        "toponimo": "Praça da República",
        "tarifado": "Sim",
        "objectid": 31802,
        "globalid": "{2B4A80AF-5592-446A-97B3-432B8058C96E}"
      }
    },
    {
      "type": "Feature",
      "id": 31803,
      "geometry": {
        "type": "LineString",
        "coordinates": [
          [-8.59919969868772, 41.1458752154989],
          [-8.59913081173099, 41.145747606987],
          [-8.59897704179487, 41.1454150736918],
          [-8.59883087598992, 41.1450982670712],
          [-8.59869370202256, 41.1447893018255],
          [-8.59861604753663, 41.1446646827481]
        ]
      },
      "properties": {
        "toponimo": "Rua do Barão de S. Cosme",
        "tarifado": "Sim",
        "objectid": 31803,
        "globalid": "{DBF5FE96-2A41-4497-AE77-4CA858404122}"
      }
    },
    {
      "type": "Feature",
      "id": 31804,
      "geometry": {
        "type": "LineString",
        "coordinates": [
          [-8.60494567158257, 41.1440473794646],
          [-8.60479304456531, 41.1439934137397],
          [-8.60440817977258, 41.1438527532853]
        ]
      },
      "properties": {
        "toponimo": "Rua de Alexandre Herculano",
        "tarifado": "Sim",
        "objectid": 31804,
        "globalid": "{51C1CE3F-6C48-4343-BE77-4A6CCCA13FDF}"
      }
    },
    {
      "type": "Feature",
      "id": 31805,
      "geometry": {
        "type": "LineString",
        "coordinates": [
          [-8.60515252794536, 41.1435670511613],
          [-8.6051520585387, 41.143568034561],
          [-8.60511454774318, 41.1435859187693],
          [-8.60506243293212, 41.1436946070287],
          [-8.60507682334932, 41.1437345004548]
        ]
      },
      "properties": {
        "toponimo": "Rua do Duque de Loulé",
        "tarifado": "Sim",
        "objectid": 31805,
        "globalid": "{E04D89AE-EFC2-4AAF-B1C1-FDC9AE561A7E}"
      }
    },
    {
      "type": "Feature",
      "id": 31806,
      "geometry": {
        "type": "LineString",
        "coordinates": [
          [-8.61444766891073, 41.1419787285407],
          [-8.61450665359013, 41.1417616766393],
          [-8.61453051010367, 41.1416269354922]
        ]
      },
      "properties": {
        "toponimo": "Rua de Mouzinho da Silveira",
        "tarifado": "Sim",
        "objectid": 31806,
        "globalid": "{E15068C5-1A66-4E73-9D5C-5C935173F0B3}"
      }
    },
    {
      "type": "Feature",
      "id": 31807,
      "geometry": {
        "type": "LineString",
        "coordinates": [
          [-8.64430893364822, 41.1576120317233],
          [-8.64503497157428, 41.1577432888877],
          [-8.64511336803611, 41.1577634766399],
          [-8.64524258903787, 41.1578447930471]
        ]
      },
      "properties": {
        "toponimo": "Rua da Venezuela",
        "tarifado": "Sim",
        "objectid": 31807,
        "globalid": "{868B70E6-A0B9-47B8-B377-361585E4E3B4}"
      }
    },
    {
      "type": "Feature",
      "id": 31808,
      "geometry": {
        "type": "LineString",
        "coordinates": [
          [-8.64528396076554, 41.1575893846893],
          [-8.6451227629693, 41.157656095946],
          [-8.64502921360028, 41.15766030437],
          [-8.6446357274664, 41.1575889011963],
          [-8.64433214845247, 41.1575334207526]
        ]
      },
      "properties": {
        "toponimo": "Rua da Venezuela",
        "tarifado": "Sim",
        "objectid": 31808,
        "globalid": "{BE5BE1B3-5D29-4AD4-911B-570F9E734408}"
      }
    },
    {
      "type": "Feature",
      "id": 31809,
      "geometry": {
        "type": "LineString",
        "coordinates": [
          [-8.64325596794127, 41.1574220054329],
          [-8.64336226702695, 41.1574409452565],
          [-8.64430893364822, 41.1576120317233]
        ]
      },
      "properties": {
        "toponimo": "Rua da Venezuela",
        "tarifado": "Sim",
        "objectid": 31809,
        "globalid": "{459F24E6-B8AF-4BC4-B183-78F3546574BA}"
      }
    },
    {
      "type": "Feature",
      "id": 31810,
      "geometry": {
        "type": "LineString",
        "coordinates": [
          [-8.64433214845247, 41.1575334207526],
          [-8.64363247031827, 41.1574056980831],
          [-8.64360051033234, 41.1574000679473]
        ]
      },
      "properties": {
        "toponimo": "Rua da Venezuela",
        "tarifado": "Sim",
        "objectid": 31810,
        "globalid": "{E17A2BE6-6C65-411D-B768-5C18EDE233CD}"
      }
    },
    {
      "type": "Feature",
      "id": 31811,
      "geometry": {
        "type": "LineString",
        "coordinates": [
          [-8.64169451996986, 41.1599361846544],
          [-8.64063328993262, 41.1597643147344]
        ]
      },
      "properties": {
        "toponimo": "Avenida da Boavista",
        "tarifado": "Sim",
        "objectid": 31811,
        "globalid": "{2E199978-8B5B-44A2-BD82-C05B070F8086}"
      }
    },
    {
      "type": "Feature",
      "id": 31812,
      "geometry": {
        "type": "LineString",
        "coordinates": [
          [-8.63576448361382, 41.1590721795774],
          [-8.63617092334377, 41.1591348402677],
          [-8.63716825088485, 41.159302376667],
          [-8.6381801304349, 41.15946830177],
          [-8.63819173782928, 41.159470222823]
        ]
      },
      "properties": {
        "toponimo": "Avenida da Boavista",
        "tarifado": "Sim",
        "objectid": 31812,
        "globalid": "{B8EDC523-7DED-4718-A4E0-5C91FFB51894}"
      }
    },
    {
      "type": "Feature",
      "id": 31813,
      "geometry": {
        "type": "LineString",
        "coordinates": [
          [-8.63693932890188, 41.1591636830984],
          [-8.63603789077343, 41.1590166764706],
          [-8.63583429937652, 41.1589819755654]
        ]
      },
      "properties": {
        "toponimo": "Avenida da Boavista",
        "tarifado": "Sim",
        "objectid": 31813,
        "globalid": "{5C76EC4A-B509-4FD2-9192-1431603C3A5D}"
      }
    },
    {
      "type": "Feature",
      "id": 31815,
      "geometry": {
        "type": "LineString",
        "coordinates": [
          [-8.64208646366724, 41.1600008513953],
          [-8.64193429701241, 41.1599750815476],
          [-8.64169451996986, 41.1599361846544]
        ]
      },
      "properties": {
        "toponimo": "Avenida da Boavista",
        "tarifado": "Sim",
        "objectid": 31815,
        "globalid": "{FE5C6037-C757-4AD0-BC40-0299A3131E35}"
      }
    },
    {
      "type": "Feature",
      "id": 31816,
      "geometry": {
        "type": "LineString",
        "coordinates": [
          [-8.64063328993262, 41.1597643147344],
          [-8.63998132788664, 41.1596587345827],
          [-8.63821097743443, 41.1593709475658]
        ]
      },
      "properties": {
        "toponimo": "Avenida da Boavista",
        "tarifado": "Sim",
        "objectid": 31816,
        "globalid": "{288267FA-5574-495A-B244-04EB4A499CE1}"
      }
    },
    {
      "type": "Feature",
      "id": 31817,
      "geometry": {
        "type": "LineString",
        "coordinates": [
          [-8.64394381416401, 41.1603151942649],
          [-8.64389575870359, 41.1603069622091],
          [-8.64208646366724, 41.1600008513953]
        ]
      },
      "properties": {
        "toponimo": "Avenida da Boavista",
        "tarifado": "Sim",
        "objectid": 31817,
        "globalid": "{443C1E1D-CA0A-482C-ACF6-A0F0F410E2D4}"
      }
    },
    {
      "type": "Feature",
      "id": 31818,
      "geometry": {
        "type": "LineString",
        "coordinates": [
          [-8.64194413406073, 41.1601003856631],
          [-8.64195111359334, 41.1601016244421],
          [-8.6433978910862, 41.1603627897362],
          [-8.64386196334767, 41.1604421762057]
        ]
      },
      "properties": {
        "toponimo": "Avenida da Boavista",
        "tarifado": "Sim",
        "objectid": 31818,
        "globalid": "{4D85E3BF-8291-4C84-93E0-6B3CA95FB17F}"
      }
    },
    {
      "type": "Feature",
      "id": 31819,
      "geometry": {
        "type": "LineString",
        "coordinates": [
          [-8.63821097743443, 41.1593709475658],
          [-8.63801583073584, 41.1593393109832],
          [-8.63693932890188, 41.1591636830984]
        ]
      },
      "properties": {
        "toponimo": "Avenida da Boavista",
        "tarifado": "Sim",
        "objectid": 31819,
        "globalid": "{72E36743-9DB1-45A5-9724-A20BDB61C830}"
      }
    },
    {
      "type": "Feature",
      "id": 31821,
      "geometry": {
        "type": "LineString",
        "coordinates": [
          [-8.63583429937652, 41.1589819755654],
          [-8.63439057385685, 41.1587350529538],
          [-8.63356706635341, 41.1586131583656],
          [-8.63330198369962, 41.158569996722]
        ]
      },
      "properties": {
        "toponimo": "Avenida da Boavista",
        "tarifado": "Sim",
        "objectid": 31821,
        "globalid": "{240A31B5-29DB-4F2C-8956-F21E1598763F}"
      }
    },
    {
      "type": "Feature",
      "id": 31822,
      "geometry": {
        "type": "LineString",
        "coordinates": [
          [-8.6238583818684, 41.157044475533],
          [-8.62463903349497, 41.1571648072276]
        ]
      },
      "properties": {
        "toponimo": "Avenida da Boavista",
        "tarifado": "Sim",
        "objectid": 31822,
        "globalid": "{F3684369-B8CA-43A1-B655-E9201D3D7BFA}"
      }
    },
    {
      "type": "Feature",
      "id": 31823,
      "geometry": {
        "type": "LineString",
        "coordinates": [
          [-8.62463903349497, 41.1571648072276],
          [-8.6247981834722, 41.1572324403472],
          [-8.62489583870038, 41.1572068184933]
        ]
      },
      "properties": {
        "toponimo": "Avenida da Boavista",
        "tarifado": "Sim",
        "objectid": 31823,
        "globalid": "{5B03B525-9DD3-4E11-88B4-73A53DAD61CD}"
      }
    },
    {
      "type": "Feature",
      "id": 31824,
      "geometry": {
        "type": "LineString",
        "coordinates": [
          [-8.62489583870038, 41.1572068184933],
          [-8.62496193168767, 41.1572793976457],
          [-8.62535408152795, 41.1573440682935],
          [-8.62584855228311, 41.1574253703832],
          [-8.62633269629125, 41.1575068667397],
          [-8.62682613959901, 41.1575874666877],
          [-8.62735909508631, 41.157679716787],
          [-8.62780684348864, 41.1577482725873],
          [-8.62796928172917, 41.1577885139878]
        ]
      },
      "properties": {
        "toponimo": "Avenida da Boavista",
        "tarifado": "Sim",
        "objectid": 31824,
        "globalid": "{EDA5A1EB-538B-4AA6-8C6A-AF29F3FDFA6C}"
      }
    },
    {
      "type": "Feature",
      "id": 31825,
      "geometry": {
        "type": "LineString",
        "coordinates": [
          [-8.62463903349497, 41.1571648072276],
          [-8.6248029921151, 41.1571604039754],
          [-8.62489583870038, 41.1572068184933]
        ]
      },
      "properties": {
        "toponimo": "Avenida da Boavista",
        "tarifado": "Sim",
        "objectid": 31825,
        "globalid": "{8B299E51-A0D5-4C8F-840C-6B779746F868}"
      }
    },
    {
      "type": "Feature",
      "id": 31826,
      "geometry": {
        "type": "LineString",
        "coordinates": [
          [-8.58648652981581, 41.1489559181409],
          [-8.58749479965662, 41.1492250242717],
          [-8.58805734352352, 41.1493758609518]
        ]
      },
      "properties": {
        "toponimo": "Rua de Pinto Bessa",
        "tarifado": "Sim",
        "objectid": 31826,
        "globalid": "{5A59FAA9-A332-421E-B30D-1FD051BE32CC}"
      }
    },
    {
      "type": "Feature",
      "id": 31827,
      "geometry": {
        "type": "LineString",
        "coordinates": [
          [-8.62713680850811, 41.1447081265674],
          [-8.62679069880143, 41.1447367630543],
          [-8.62646068589696, 41.1447566142399],
          [-8.62608083154608, 41.1447775241977],
          [-8.62570701156619, 41.1447882681855],
          [-8.62541679506028, 41.1447812113388],
          [-8.62514455299268, 41.1447438313292],
          [-8.62491340925513, 41.1446770101365],
          [-8.62458841635441, 41.1445672536254],
          [-8.62414793956815, 41.1444315445094],
          [-8.62356641631063, 41.1442440946475]
        ]
      },
      "properties": {
        "toponimo": "Rua de Monchique",
        "tarifado": "Sim",
        "objectid": 31827,
        "globalid": "{72D82303-FFF9-4705-A31A-623271F5AF86}"
      }
    },
    {
      "type": "Feature",
      "id": 31828,
      "geometry": {
        "type": "LineString",
        "coordinates": [
          [-8.61831235212947, 41.1447051023571],
          [-8.61801164053114, 41.1446686637009],
          [-8.61769734924163, 41.144619342113],
          [-8.61736020692811, 41.1445644880013]
        ]
      },
      "properties": {
        "toponimo": "Rua do Dr. António de Sousa Macedo",
        "tarifado": "Sim",
        "objectid": 31828,
        "globalid": "{996A5CE4-249C-49F6-A8A7-F753AA1AD816}"
      }
    },
    {
      "type": "Feature",
      "id": 31833,
      "geometry": {
        "type": "LineString",
        "coordinates": [
          [-8.62347138238367, 41.1505257398629],
          [-8.62450581626343, 41.1511234141288],
          [-8.62476820671087, 41.1516149820886]
        ]
      },
      "properties": {
        "toponimo": null,
        "tarifado": "Sim",
        "objectid": 31833,
        "globalid": "{A400E10F-A8D8-4AE6-974F-1A14EFD8051C}"
      }
    },
    {
      "type": "Feature",
      "id": 31835,
      "geometry": {
        "type": "LineString",
        "coordinates": [
          [-8.60312843457448, 41.1847851271819],
          [-8.60339081470947, 41.1841154765091]
        ]
      },
      "properties": {
        "toponimo": null,
        "tarifado": "Sim",
        "objectid": 31835,
        "globalid": "{9EDAA2FA-37D7-4CFE-ABC4-444850374A0E}"
      }
    },
    {
      "type": "Feature",
      "id": 31836,
      "geometry": {
        "type": "LineString",
        "coordinates": [
          [-8.60897184888042, 41.1631244786847],
          [-8.60921784735413, 41.1631328941679]
        ]
      },
      "properties": {
        "toponimo": null,
        "tarifado": "Sim",
        "objectid": 31836,
        "globalid": "{0CA985AE-21D5-4614-8149-EF2A8F323496}"
      }
    },
    {
      "type": "Feature",
      "id": 31837,
      "geometry": {
        "type": "LineString",
        "coordinates": [
          [-8.60596499772015, 41.1543686994846],
          [-8.60611453665367, 41.1544042397975],
          [-8.60624170456774, 41.1541978528289],
          [-8.60628726534751, 41.1540864115046]
        ]
      },
      "properties": {
        "toponimo": null,
        "tarifado": "Sim",
        "objectid": 31837,
        "globalid": "{9C8744CF-2145-43AE-8DE5-68284DF6E860}"
      }
    },
    {
      "type": "Feature",
      "id": 31838,
      "geometry": {
        "type": "LineString",
        "coordinates": [
          [-8.60924022514721, 41.1555433176141],
          [-8.60961845685982, 41.1555461404896]
        ]
      },
      "properties": {
        "toponimo": null,
        "tarifado": "Sim",
        "objectid": 31838,
        "globalid": "{DD1CDDEC-BE2F-4533-865A-E1A0EE2A816F}"
      }
    },
    {
      "type": "Feature",
      "id": 31839,
      "geometry": {
        "type": "LineString",
        "coordinates": [
          [-8.62765897442882, 41.1511115405337],
          [-8.62783751895331, 41.1511159648551],
          [-8.62783146856802, 41.1512747691012],
          [-8.6278068893105, 41.1513775323894]
        ]
      },
      "properties": {
        "toponimo": null,
        "tarifado": "Sim",
        "objectid": 31839,
        "globalid": "{C443433D-7564-42C1-A1BC-291A7D8DCDA7}"
      }
    },
    {
      "type": "Feature",
      "id": 31840,
      "geometry": {
        "type": "LineString",
        "coordinates": [
          [-8.61830186350986, 41.1529810056277],
          [-8.61741470361761, 41.1531846788783]
        ]
      },
      "properties": {
        "toponimo": null,
        "tarifado": "Sim",
        "objectid": 31840,
        "globalid": "{FDFD8867-0631-4C98-9724-55A922E1B9F4}"
      }
    },
    {
      "type": "Feature",
      "id": 31841,
      "geometry": {
        "type": "LineString",
        "coordinates": [
          [-8.6192818424785, 41.1524103081078],
          [-8.61932954745542, 41.1527837729744]
        ]
      },
      "properties": {
        "toponimo": null,
        "tarifado": "Sim",
        "objectid": 31841,
        "globalid": "{1B819BD2-6416-46FE-AB6E-44953E17D2B4}"
      }
    },
    {
      "type": "Feature",
      "id": 31842,
      "geometry": {
        "type": "LineString",
        "coordinates": [
          [-8.61782270497812, 41.157150322027],
          [-8.61854123855921, 41.1573738680026]
        ]
      },
      "properties": {
        "toponimo": null,
        "tarifado": "Sim",
        "objectid": 31842,
        "globalid": "{0E7638EE-688A-4EB0-AE0E-928F8299A07B}"
      }
    },
    {
      "type": "Feature",
      "id": 31843,
      "geometry": {
        "type": "LineString",
        "coordinates": [
          [-8.61838560921053, 41.157325450083],
          [-8.61834620758335, 41.1572049614463],
          [-8.6181963528718, 41.1570221768061],
          [-8.61798973984348, 41.1572022899348]
        ]
      },
      "properties": {
        "toponimo": null,
        "tarifado": "Sim",
        "objectid": 31843,
        "globalid": "{69331375-50AD-48E7-B20C-E744D913FC99}"
      }
    },
    {
      "type": "Feature",
      "id": 31844,
      "geometry": {
        "type": "LineString",
        "coordinates": [
          [-8.63063831330522, 41.1556183537796],
          [-8.63053612410639, 41.1557157503104],
          [-8.6303946196887, 41.1559230470409]
        ]
      },
      "properties": {
        "toponimo": null,
        "tarifado": "Sim",
        "objectid": 31844,
        "globalid": "{DE05E19C-F3BC-4D72-93E0-F24DC69C7ACF}"
      }
    },
    {
      "type": "Feature",
      "id": 31845,
      "geometry": {
        "type": "LineString",
        "coordinates": [
          [-8.62907740588902, 41.1565652063792],
          [-8.62904733106996, 41.1566597815384],
          [-8.62881015226108, 41.1566690153276],
          [-8.62795501174564, 41.1555530900787]
        ]
      },
      "properties": {
        "toponimo": null,
        "tarifado": "Sim",
        "objectid": 31845,
        "globalid": "{F5E4210B-EF57-4082-B965-338CA7029673}"
      }
    },
    {
      "type": "Feature",
      "id": 31846,
      "geometry": {
        "type": "LineString",
        "coordinates": [
          [-8.66784584514039, 41.1630340976144],
          [-8.66722239843381, 41.1629257264915],
          [-8.66716726820494, 41.1629085866604],
          [-8.66714148735798, 41.162883577816],
          [-8.66713105359437, 41.1628584987141],
          [-8.66713080253718, 41.1628275727145],
          [-8.66713567421712, 41.1627975900291],
          [-8.66715167037305, 41.1627390750778]
        ]
      },
      "properties": {
        "toponimo": null,
        "tarifado": "Sim",
        "objectid": 31846,
        "globalid": "{20C941B0-994C-4026-8C03-564AAC6757B2}"
      }
    },
    {
      "type": "Feature",
      "id": 31847,
      "geometry": {
        "type": "LineString",
        "coordinates": [
          [-8.64212693415188, 41.1650891623777],
          [-8.6419378573293, 41.1657056894562],
          [-8.64190702486543, 41.16575066721]
        ]
      },
      "properties": {
        "toponimo": "Rua François Guichard",
        "tarifado": "Sim",
        "objectid": 31847,
        "globalid": "{8B34E452-C00F-484B-A8FF-85F1A3EB8A2F}"
      }
    }
  ]
}