gps_accuracy_mean,gps_accuracy_max,gps_accuracy_delta,gps_lost_ratio,wifi_count_mean,wifi_count_delta,wifi_rssi_mean,ble_count_mean,ble_count_delta,ble_rssi_mean,pressure_delta,pressure_slope,altitude_delta,vertical_change_abs,stationary_ratio,label
16.9287853927613,43.56124428093865,25.029388644596224,0.4694921752039475,7.327795121168916,-2.215890959854347,-66.78557743988983,2.0385922611025906,-0.17829159346465584,-69.33681642233324,-1.314723091482786,-0.22478719363986494,3.6942622922588715,3.397342052227509,0.4452813002353477,above
18.672377250737995,72.4983870948522,31.034221690709963,0.4756940374192871,7.7676016801322145,1.4808458056836251,-74.91968622836163,6.023549034985174,-1.9092870330492815,-85.4838525334915,0.6743102447638556,0.06542693255078941,-3.1570305498862092,2.9001732045042345,0.626783837918072,underground
9.755103178462589,42.927183550432616,12.125183030548504,0.18549396203279775,11.771704129670788,-3.1072788408371617,-71.0032630700285,7.300041214381725,-0.039900900807115836,-82.01440452185105,0.5853856828966035,-0.0103744926071377,5.998032491916794,1.9906196434014274,0.7795808408815821,street_level
67.531176637595,71.55664337633401,35.4081328180779,0.6576196881038944,2.377554022252032,-10.91614310696254,-89.27354522053749,2.4658788109167142,-8.189086760251753,-71.82346526078939,0.980098302532765,0.14626971991153936,-6.98581990611113,1.7393734792218662,0.4703595573146552,underground
5.908166151657725,12.855581676368331,4.19775680511636,0.08664004450533395,23.177497697948574,-1.7933853716738,-51.757588189559655,8.472241542078521,-2.9732798295324843,-72.19373379023428,0.011500213481778876,-0.0270990910136083,-0.003409483848823669,0.41349139730555146,0.7264330560920631,street_level
17.83408281676216,47.822513539759555,20.930827138437117,0.31571177535809986,15.151422054997607,-3.0095534648953692,-67.62486779242276,5.135810718557797,3.41024856853654,-66.11966867250116,0.07248709504729003,0.0049441541294438784,0.9905049975803117,1.3491200264030645,0.733501447740402,street_level
38.84210847940329,59.13096649363149,23.842424094534557,0.5887272657606397,9.958231742245172,1.0927274233165996,-83.68205239449478,3.012497585808983,-2.900098525613979,-70.77600601316595,0.2694862600493415,0.10304351718715447,-1.3877083127977978,2.4729438830904362,0.4473996204820713,underground
19.552416029641,50.7452184208352,22.89477852449694,0.3368621983640635,11.869058653173374,-1.2029133229856992,-51.65331603092636,5.94792328733968,1.386197197488097,-71.15849354081682,0.010980074431231418,0.03419517573393986,-0.7705015145417531,0.7823878140568774,0.8643320421378289,street_level
58.72117058299294,78.05179716646809,50.21454640299479,0.52417334240025,2.3787320737732918,-4.15360554771615,-61.08341965123961,3.9578086749077874,-6.604524592012512,-75.80669648286025,0.7228340825027411,0.19849468188955618,-2.5666452375377107,7.157615890366464,0.5569480580007035,underground
8.354402637325975,14.12945264224941,5.309766080550551,0.049921226992398295,17.425169887099056,-0.9230123421950855,-58.48343101587304,11.80590777956555,2.824547056272719,-79.15931772191016,0.07032613567613685,0.007651845647489101,-0.2482587838636654,0.3331636658657419,0.7184451659541927,street_level
33.64915084527401,35.30665493887419,16.182932033319805,0.19920811454861942,16.214652499586375,-4.82245645806949,-64.12902922832598,3.234566928322033,3.2945569184335683,-77.93462965952068,0.013342822095302659,-0.021233712933600504,-1.0494868724703026,0.18145303235530075,0.8689111346060281,street_level
44.01295229217597,41.59916736388362,29.77206527302086,0.4513891826881895,4.322611822293567,3.2176086567152886,-81.75035706766727,1.8082520366726718,0.14384706931344748,-65.09433688645281,-1.3641104652369578,-0.19341418147282108,5.416453967787157,5.812393580369597,0.7458800933449733,above
36.55519163576077,25.631023323498002,34.738541894342234,0.10468973088867926,8.27761051083024,-3.431391846676795,-82.1111009278691,7.864108355956895,3.5929420315608134,-85.62152839273183,-1.1606164659745049,-0.1165002561551261,6.366876879340896,4.185345034931936,0.42110597486344414,above
14.053801856672777,71.95206232024248,20.482159285969427,0.3218405413735753,10.966662617968929,2.3816581035983813,-84.97608797169069,1.2713003372884264,3.854506288876477,-83.52099154693722,-1.2296252147350453,-0.22779309828954383,6.094690445465684,5.343395038897573,0.8060971929893513,above
31.053147629747333,72.47451064798736,33.44862078963688,0.22732326092605232,17.552565490781596,-2.715421415103413,-65.51491383087647,7.230353154358721,-4.585094523720335,-68.81602140572456,-1.4904132153947736,-0.08498530785892566,7.861951860990199,7.713006486438726,0.6756162212032314,above
37.10111408078765,56.61043398753217,21.154244631205593,0.38158506070358883,3.2762021153785046,-9.820452745773459,-87.06286919608175,5.08031693907748,-7.812179687733997,-92.20081833467196,0.6478709815386438,0.08233141467697566,-2.4625084620376567,1.8744714367837216,0.7991947823640124,underground
10.761916203771687,12.70644238125006,3.1729232979949273,0.14526310682423085,21.54964986026463,-0.9954402710278867,-46.11017110610445,11.73976271184599,0.248162578594191,-81.5622817183818,-0.06497320271439992,0.023751234845642594,-0.34606796745417423,0.27310069882242244,0.5573712472977732,street_level
24.722091373178195,45.141552018958464,33.10122535358297,0.21136859086821774,17.37494821991347,-1.5090023448241618,-56.86935254709932,9.9479530706647,3.3348890639515307,-81.76560210684568,-1.0812333405125856,-0.1663304115443942,6.18843929751473,7.802111359411247,0.501208637404299,above
32.065637612684796,25.14546755484742,24.07112651848109,0.32494784230099344,13.610869308181659,3.4414237739382543,-72.50212101568552,10.131776722818177,3.2935367089197802,-83.70694224796199,0.08515651984461892,-0.0129935858513501,0.7107073127984886,0.6458427970105776,0.7642273070509624,street_level
10.005690317548616,12.855878116661849,2.7836333848454387,0.010924488997956783,12.233887108683268,-2.306211689145327,-67.41594912309239,7.410269196218965,1.190167175096141,-54.09184092500162,-0.12854506030805887,0.0009539009473527107,-0.07713015296874948,0.4170116830112116,0.8114890899135851,street_level
31.851464495635106,43.41897669593964,19.41687361299629,0.2974747171732224,14.762344978833504,2.6145910453075603,-79.7390947823935,11.27959545335709,3.1075055881722253,-84.49996589992202,-0.08509817281163284,0.027881626458765053,-0.15425909157429896,1.9908518231310928,0.5319656836719204,street_level
6.562650644686698,9.83625264843329,0.6736930990034495,0.03890161896515956,22.53556543126906,3.6290084156956937,-72.82324062731527,3.6297248663543416,1.2639694559881711,-54.659401014511566,-0.04928328236238626,-0.01658945392338445,0.10082634925149292,0.5003011406305885,0.8162372997410601,street_level
53.1494541826749,96.24319933246986,20.19824495746138,0.6625027218777284,2.8285546887527513,-1.5079261958346066,-78.04584056880698,4.705440064068381,-11.325351950084851,-94.50835410705837,0.8492872575164186,0.21853954262555278,-1.811317208363925,5.303167214119916,0.9525608703960464,underground
27.154657473113016,44.96875448462106,30.590281701739535,0.3232203321589341,11.717357680683772,-0.4207259202493745,-66.24295901902386,1.663898339369104,-4.075738967617047,-69.31950119323596,0.20299063292393094,0.03547713972062194,-0.9254417832712041,3.6803269420008027,0.5420204851213931,underground
18.252350911221093,44.471981626819996,9.525772723677001,0.21045292475877483,10.66846741900775,3.105780132666295,-60.190829875470996,7.38226119278707,-1.050732254946885,-83.58485515970384,-0.2779335935161926,-0.0001270397594610867,3.8777967825806545,1.5877765791800211,0.49806310669918386,street_level
19.964943733610667,22.524453465321113,17.457944191005414,0.11668964337848095,23.415590618100445,-0.19050955132767022,-73.30043789457686,7.944266645479702,-2.443628104034401,-58.03182224204707,0.3304687517224294,0.050216982934751186,-5.209618873774049,1.8856177806443304,0.7141237173242712,street_level
11.54371577233352,8.388228172389548,3.1067170129460813,0.10900262858852443,20.950492980394973,-0.22960923099857222,-68.33436320926667,10.01563286001186,2.7110357886138488,-54.74509097124337,0.01683630896001076,-0.02909098209671051,0.3677550545002545,0.7073140166532956,0.5235617753591275,street_level
13.103568077500038,30.3134578537507,19.390762499279678,0.27347627766387195,21.75679648849815,-0.5015650165287333,-55.3927610178944,8.882513082606451,0.3100612572723529,-69.96799476471068,0.12277286703025148,0.026147045127532444,0.06332845407679732,0.3072847809830117,0.6531024296243984,street_level
26.47841997166908,52.602303289845906,38.744517649149444,0.2812934125235865,13.535895485912109,-5.520998917547819,-64.54387708222106,9.584507702571427,-7.9734555321672245,-70.1858678610502,0.6246114947775279,0.06568955729221836,-3.597367387557957,3.4154375938132526,0.9979996195033496,underground
9.510009079826709,9.952411095742441,1.2450408742623416,0.10068750497987698,24.302454827981236,3.3830433848135746,-45.01376996145203,5.912640558431498,1.7790791350480948,-76.44788611008985,-0.022438421326772595,0.01574270156413564,-0.44384623544537904,0.1655382743821588,0.9437515156874176,street_level
28.847371289258042,32.23736225673372,34.05262784803387,0.18293804263803426,16.873383430564914,-7.140517353022484,-62.24653941587931,2.828685807415564,4.061940604321302,-77.86471926275445,-1.3363839865038551,-0.094682439784195,6.467903862896945,6.663987012552139,0.7032783285399133,above
22.717875559332164,36.84172895893741,9.778603356609864,0.3390772233860702,6.316662944386193,-4.438075570809339,-87.20405338272857,9.388695406543514,-2.9351881496161853,-77.63837860362223,-0.5520904443657233,-0.12684584439615748,2.2734600758880856,6.94057497902335,0.5983714010850008,above
57.20068090082751,56.894954874118525,58.52358772388685,0.7995359194555847,0.3403636542694799,-3.27280871015369,-78.54734089016056,6.519830058903068,-6.472838870822794,-66.38581458028979,0.8097902210626392,0.09709755416870376,-5.367122392774052,5.821009879459702,0.7998476048624481,underground
18.9389371456799,53.234240150916364,29.272740457566147,0.18879819533173797,10.980750210957236,-1.9130621466253075,-83.45212123371005,2.728087594751228,0.015282298681356998,-66.03723934483999,-1.140618833674869,-0.05893665693937564,2.3184767483085347,6.927449448771939,0.5801910882633664,above
71.62037418928608,112.50182476508145,49.21497577961991,0.7939548555506981,5.172078217329848,-4.722853891129379,-63.81481341979281,3.8100119220292354,-3.6753687498501932,-81.27501120360384,0.5849930845695537,0.11287220390016378,-4.339705800278601,4.898196212334509,0.7083359712812154,underground
71.6888005544924,41.71129224116741,32.217149361307634,0.5607369633043247,2.2655120924552197,-19.082686990895567,-88.99484123254315,2.6017454740705954,1.1203387982849158,-85.82949666153088,0.30455729368107054,0.16700517990710761,-3.6484876947163274,2.5031970790512648,0.7281020738281692,underground
10.341738441755265,11.513508218064603,5.6566287640272375,0.1290676649538473,20.64782405931669,3.1927805751290563,-46.779169735647535,2.457369271689844,-1.565800804297065,-76.48421725010527,0.12241427490590126,0.009751801105589687,0.45249374265890197,0.5611917084038537,0.5934208768913434,street_level
89.81109503708377,55.85165635513452,27.181820466492937,0.9784007386640462,2.334586829892873,-0.9457694047148024,-80.40021678857755,6.754787420988622,1.093404253688261,-91.12589777326203,0.49336977999885057,0.12253597839385058,-3.82173544601251,5.429663335376144,0.44991032301230055,underground
23.01597845763243,37.68701150564263,15.662758018892523,0.21242089415847312,14.403875948997992,3.821739326332617,-62.55144654044159,12.484347574344172,-0.10446115829580149,-74.07717527066248,0.014262012702251026,-0.05839391648397736,-3.382394625368951,1.937670271985262,0.5496759955275405,street_level
72.68021400010974,91.05834272270579,35.53398485977284,0.48273170843714297,0.9118587499687758,1.8357338856117167,-60.118068479996126,2.5417966703645822,-9.140423658876555,-73.57638251075221,1.4759463861689088,0.08689422448974833,-6.848911561827945,6.451742705168747,0.7451836928671711,underground
32.88059970440182,52.2016544262401,15.232591985227998,0.2696624033223973,5.39829124743026,-2.101475928299541,-87.16376471619,2.7940711449664755,-0.921327278052452,-66.77087963025242,0.4456626040603582,0.07485433267297266,-3.706989581505288,1.537782165283275,0.5340419682741814,underground
66.41611815008895,118.77628617554686,67.24843324982942,0.45250438599464926,1.3579658922070603,-12.545615636919148,-74.42367962438452,0.6391264373012389,-5.7560461099695175,-65.11907989245847,1.3254662506188168,0.08058266197105281,-6.4563635303200355,2.4212627085614717,0.8931685915774915,underground
4.950364334942771,15.597609063940537,0.20203996453095363,0.04131037445051702,10.246202726256758,-3.4992259366730973,-57.70197286857825,7.242115824046509,-2.6808093549223058,-81.79470475810899,0.09675201886222215,-0.022765120655461178,-0.04029316579278486,0.1738823780719855,0.5790500339568347,street_level
44.24873140959927,42.64781950055092,37.7647825365357,0.8540030642071608,8.174868956078617,-16.52883950685533,-78.01394019158738,7.77758323258307,-2.2315292945459912,-94.84755886049696,0.2829960897793599,0.06467964678189997,-6.316669021438385,6.456678937798291,0.697195063720421,underground
13.743515344785319,21.58774189152222,7.781426489780334,0.10510939032229376,22.706877152093163,-2.930315198729267,-65.22308294069111,13.170089287246196,-1.053694405254132,-70.48958239437805,-0.7603196590047381,0.037180802919224515,2.9859472139772407,2.964397264067687,0.6430652535553092,street_level
22.7926707252562,16.291858598888446,16.86343433283002,0.1326832027478957,24.62342239622408,0.60751917703743,-56.14139079910666,11.733898414835766,1.7069330425194176,-58.857234615056065,-0.7884709619978344,0.029085860866082863,4.197071242504265,2.7427761890813613,0.8352350944293219,street_level
17.90110414247644,57.59392781033712,16.077054344969124,0.5934322358314357,12.648278285702268,1.6362223475444608,-69.84712427457606,2.9210943135631813,1.7182226421679836,-80.91854413279776,0.25987290653726014,0.06338720464493068,-1.4319049270509936,2.0851457479611746,0.40465991649654176,underground
32.97497913837212,92.4655358337567,41.25853429028045,0.8683219869167643,8.485321879176539,-5.512039998644537,-75.65206433462781,6.178483182565074,2.2986016500678623,-78.28630216303291,1.1233508788692248,0.05383091699213803,-2.0680300032856094,1.53642996315905,0.9491642478504099,underground
43.398288062005264,45.780898980840306,21.00184701047103,0.5082155912117987,9.66572125362672,-0.8921794207561327,-85.60439218846773,5.690410690640556,-1.0333401486647995,-66.86504886195382,0.6032412463859366,0.0995272751013542,-3.737458705974275,2.4735121366167814,0.48675076632514946,underground
17.72104780849385,58.35260822360453,22.372681429716597,0.4890443253749419,4.322169538779976,-2.1650085435314708,-66.45265923764809,3.6162302128864305,-4.480936588968657,-65.59016005830117,0.44992726136874694,0.09847533215906229,-1.6420690155114608,1.4075356075750278,0.7788951573283638,underground
55.99465353629024,79.99189194524716,43.83748304805172,0.4883899809090174,1.1848681750954193,2.291565728029468,-69.74993677082584,2.966791261629038,-3.2667077586360787,-88.96186912241487,0.7419842637169837,0.1546672571642713,-6.5673516559252665,1.7640815371267025,0.6307070343175831,underground
22.439757214738016,42.447037880288484,9.55753670367519,0.20327523764829172,25.332816948316303,-1.3265516707097023,-51.95312359400267,10.813807985277045,2.100335335680562,-72.42561372887994,-0.20251072559477457,-0.06567866928558719,-5.377010033744456,3.0404793753491974,0.6048572244718488,street_level
49.98268236211139,51.39311621863535,38.94554908280481,0.7157279155512448,9.082967542198258,-18.34597062718601,-63.619629799099144,3.929537793396123,-7.807429806279999,-90.13550960408736,0.28982422264587643,0.04352310766513777,-3.8442527793914447,5.5641895900206935,0.8035502327127593,underground
30.96879373784773,112.21718967938713,24.455993183354465,0.45233076843756603,7.129564828595289,-7.54473200004357,-83.7904336022043,2.3191783292594224,-6.673037037992513,-86.32317574574354,0.30056060941973917,0.23670812203764685,-2.8068745156461308,4.193822489164794,0.6471604145466238,underground
9.88198411750906,17.978030988910938,4.041458071625445,0.12466925849628654,9.709044683008658,0.9490973379629795,-61.666561251027545,11.493265349745286,-0.3067239719131454,-50.631379402068106,-0.06289456111079013,-0.003278305729208196,-0.019145256237850017,0.007303963731644103,0.8373460132735713,street_level
34.29198267070973,58.761628162368446,8.861539430502686,0.15793477706767325,10.494682264637472,2.4979231111610094,-62.688098910786906,7.7122410203869665,-0.20488904485164294,-77.81351314811161,-0.04351334372707428,0.011453596896086278,0.3017637772039845,0.8409191757383903,0.6363615500763908,street_level
22.417609160348277,44.912192275225195,18.533723368496766,0.1940303066546894,18.903066295955533,-2.7529384513196495,-69.70699117131544,6.201894327496765,-1.7975628590125732,-59.78028991210569,-0.011361086697419281,0.012127830418282588,1.2601938454816932,0.22147360386106185,0.9140328591519846,street_level
24.264242057693494,50.78885222688897,10.724391663496178,0.1327887310774359,10.467758636182399,3.4320044735196156,-57.146619134512534,8.940656846857102,2.928634077238092,-62.45019975486744,0.0766244369955911,-0.009209442938225385,-0.49741879070783956,0.21946445906615009,0.9403906526912871,street_level
30.163141898158006,27.456882440672345,8.978427600574108,0.2491530967763195,9.187694574974838,-4.79289146296237,-73.15155194137667,11.235647030447463,3.4097211798595533,-55.453926739618026,-0.04576958119069487,0.008260433567071061,1.0294532737430493,0.5746560588843852,0.962605539146731,street_level
41.740765305614445,73.80347450343612,30.330035828983558,0.4633020229419392,14.626085727093917,-7.461712218370731,-65.91207135153105,3.2188241388708025,-0.030687566123562604,-88.5851381395808,0.6990919090758787,0.09683386952933097,-3.1821032214158733,1.4238279321632696,0.9559317409347688,underground
30.813054313993565,26.82840931444678,32.22621109148484,0.19554018083578756,10.085726253105825,1.2231351754355266,-85.8322206431226,4.360192255954525,3.951363194136432,-88.13263675681968,-0.8781810074163898,-0.11334965931720306,5.810697211923922,6.956002111508764,0.6706416935089357,above
40.38705417906699,28.879490618636932,16.231325017330562,0.16877242381297058,10.753326430454397,-1.344829690514974,-73.48685557693295,6.115877792273784,-0.15014933436196376,-62.66388080637689,-1.3740386267939326,-0.0922160359118718,3.7942948956044136,2.520707921867793,0.9142387409379596,above
38.82910480761511,52.805280941935095,27.63747937280125,0.15173262875390423,7.038227097447772,5.704540006622757,-61.67491184282172,4.488133287057154,2.3349696454368534,-83.25190171755848,-0.6639044916341459,-0.06947058266140571,2.310468319013897,4.204155540649808,0.41772595361357007,above
20.748462235185542,74.80849277038968,26.56039150527964,0.5639145085345136,11.158841003047197,1.6955170244789723,-69.05864528620732,2.2170703673358774,-6.905770584266525,-86.43668497411203,0.3614238338586125,0.09844497048963305,-2.44488938963622,2.812834265796937,0.8475634925441555,underground
24.42017879123588,28.335657650527544,16.05065333624487,0.16330425769371454,13.257066732976956,-2.490357930879073,-66.06310504409556,4.6630535773037085,-0.2063800082046301,-74.94353324279038,-0.5423628147778438,0.03174081096694145,-1.0538133053035734,5.5789973313451995,0.6145798303101436,street_level
31.311377648963532,59.43677538171917,16.935750504456728,0.1429780866314329,10.271366387437475,3.199072398566784,-75.47248459222524,5.6883404898874605,3.3871348494348004,-61.50123666325366,0.1883407313605097,-0.018351210335616822,0.09835991555999657,0.23506745527080342,0.9000949398654199,street_level
8.87791063070675,15.413094976209038,2.670567030520388,0.04609658043251905,16.16722592395485,-3.75493466243183,-62.58180129824548,6.3618150715197865,-0.8629554881641992,-68.16054136382724,0.06711110236640347,-0.018876178868618317,0.40773459314435423,0.07949003719922408,0.5941631037673262,street_level
22.0061234643134,49.54516188049222,45.32560495051703,0.42175445887455,9.629762058342909,-1.0622337419738805,-78.76219157559039,4.5144395425690345,-3.5870828063884357,-69.95286494171152,1.1631151342510047,0.21419093005472017,-6.8302883772323035,7.350499372441989,0.8936875614127892,underground
32.97640132356884,34.80434375814511,20.152406115493882,0.3241881481321762,13.424223390526643,-5.587094069646088,-64.90600764872372,7.73389072720204,-0.665899860953969,-69.51139594539947,-1.0391176654599867,-0.1731036478823783,4.420042657057212,1.8071022367286442,0.4419981992790784,above
50.59634859778184,60.97631842421044,21.72906078318476,0.5592794205087095,3.218072322227161,-13.881660584981791,-88.5986247874946,1.313964559575651,-1.615012235630937,-71.98874256902505,0.5225172350673546,0.20564837864550103,-4.363576227616973,5.632785236963519,0.5858506361396272,underground
36.11246853381903,76.42295702035882,19.60439915339935,0.41590359108310093,4.424802007624468,-7.390020755236843,-81.32238202861807,2.9510399797509934,-6.880656300609454,-78.95794232341547,0.32570827536582553,0.021385716168658947,-2.938268006815383,3.026905824517873,0.9562367484167913,underground
23.06891599716942,37.67571413123787,8.450186592760526,0.17713466896278948,17.684919649197617,-2.426814495364722,-71.05753180182882,6.15710143595328,-0.8628907878962515,-74.60640244909654,-0.6785358131872027,0.013549101206645014,4.797152660369127,2.6188107040771142,0.5090143297313496,street_level
13.662828172332475,54.6592172665063,19.609764690216174,0.386341139134071,6.844783911041093,3.6672433745534647,-71.32300399854864,11.171859761095527,3.782490750291714,-83.33550311704077,-1.3404067452091808,-0.2241280679850328,6.922038159256212,2.2496302438794316,0.5067523025585505,above
11.325392317727744,15.215554204798966,4.7038376374748,0.04653791200323635,9.285840736932474,-2.5816890505299037,-59.789576787033226,4.853650879571971,2.9824905534082884,-81.28254616047607,-0.05117904696601283,0.019175630382760545,0.20006312161636186,0.6966349362024319,0.9007044315878712,street_level
51.729705342398006,94.41096717548513,39.42022178843382,0.5069653482396816,4.117371508524165,-10.06631800002556,-83.878213741693,3.9886849775450095,-10.155063892853502,-70.56575512435916,1.288448024992336,0.1589650923640279,-6.013578795177977,4.827202470432622,0.8413098644274142,underground
21.548053100546564,36.145161966298424,12.06079238290907,0.12539106035842493,15.98087626752261,2.336790949858675,-58.64270789774172,12.55140101053947,-1.7917687862213567,-59.54814074268748,-0.5343428651389468,0.06322252190584923,-5.683213840338577,4.385101223244213,0.7374043047999246,street_level
34.802099574748496,46.86535248404273,11.365710229695761,0.3450622309675919,17.402841145527937,-1.3834702741571627,-68.22871437307954,9.784179856563977,-3.101209640468135,-88.07214700061931,-1.2289780408511515,-0.06295873505630936,4.85169747470211,2.2199403369688677,0.6530891528958412,above
41.271013054437375,36.1826754166254,36.42610495180398,0.42259381777198046,13.911047867490705,-6.351713754591164,-74.67730091957146,3.4830869773131337,-0.7378108239686672,-94.5456563937831,0.5932713142384947,0.0875173357748665,-3.6002195774171697,0.8540715631203629,0.6887962065093866,underground
9.246905491475967,16.559054982037217,1.3275140149182416,0.05079537246274668,23.299046869043792,1.5982396444774656,-69.35766161850674,2.92006047364799,1.6693396378487115,-66.44327644406226,-0.05964013520542634,-0.0006514003087446062,0.4713330283413062,0.09242098437932561,0.8951972904376148,street_level
10.587944527899731,24.220642009241402,13.738044594722455,0.03589891272685979,13.078201814469777,0.5883806542069774,-77.63850820683312,10.783808791622452,-1.6249838758506718,-66.7904508614143,-0.5266554354264827,0.04166549582219925,-0.7023463312985232,5.621843674445985,0.5022667391399245,street_level
25.331472512227517,58.746653641921675,21.669363971527574,0.11628232116684029,10.573467613571568,2.4915431166522506,-58.06616841374295,4.150736588962561,-4.7861097289017955,-78.72940612364164,-1.3653091952926504,-0.1622274178246519,5.245309212840747,3.95190752089831,0.5023137932155719,above
17.60456742851375,26.61821628804635,19.93241671949714,0.23637242960340987,10.988693241014811,1.2198173514733668,-62.04098529372578,7.884788121017218,-0.37302326824096355,-62.26482756763475,0.35471480619706947,0.10850997093263527,-2.3296112705384378,2.585767976881991,0.5585754263769844,underground
17.286686277017672,55.49190722132693,17.026530208058826,0.34592421047312494,9.943739106256295,0.8927735404553729,-51.9698675221061,7.819872378964453,-1.1742628138551554,-83.62547955440603,0.14875871140412741,0.0023330035675311334,0.9494318001270927,1.5209209641180848,0.5770370166155155,street_level
74.1768606471033,53.149414599863775,49.024094008323644,0.923116661836049,0.22686102364010807,-7.667121123296823,-79.49088096825449,4.465542990773195,-0.012196568631660298,-72.89180785565567,0.8629668081520728,0.16942403671729475,-1.6950203412166385,5.661193515711286,0.7193063781219389,underground
9.969407559526893,16.81355245894749,10.486800167278599,0.04804659235242831,21.45608324958534,-3.7269352444623713,-64.09581041922654,5.092920857638843,-1.7585215198338064,-61.26008328831341,0.24611454066789085,-0.080591517663329,-0.014920778290413494,1.130155312500806,0.7264987936525279,street_level
29.772129876625105,72.62094154947016,16.163705046537302,0.5351709737099317,7.171744200502768,-16.77960900557246,-73.02321449875632,4.6793139550041225,-8.390031794655192,-82.32064760687057,1.395129251533451,0.13733121076916016,-4.604512390152083,7.268721685000001,0.6607855152473976,underground
18.40730844448005,48.655881304402655,14.3868962350491,0.31287268686215974,8.939255957585075,0.3326796759974746,-77.24964999394734,7.74903582426815,-3.504805383030261,-59.363000215217745,0.009965140252694349,-0.02213674279176249,0.7791290535176669,1.845210332898701,0.8289039497031959,street_level
14.861871509932111,38.529985772957644,13.456051220075683,0.05797000062955385,20.1917680293623,-0.6662929315739143,-54.227282888363696,7.594195988922471,-2.0213496659183066,-55.11513696831708,-0.40703232523307664,0.02585470179755406,2.709358835731898,5.028517078293177,0.67745836897848,street_level
16.362750680961916,43.27918631987278,15.304060436491433,0.2144712668694022,21.681795293517595,3.889689942981283,-71.51011665235774,8.417613281865014,2.90157296607509,-62.6567578160016,-0.18904950505610107,0.0459669811456887,-3.825646476241299,5.356582602436272,0.7162362239607055,street_level
23.41489432450772,15.8206297581624,12.466613977568004,0.028358616913288295,19.79924531945519,-3.465081230301614,-53.005912199434135,3.282171290142781,-2.004937934288675,-84.62284965388105,0.07924379170666973,-0.04272915586288353,3.8299229702522766,2.8613421588052494,0.49634388193391826,street_level
20.97506004319201,48.589958810042546,20.07540950209648,0.3338778903938086,18.972758217794244,-2.910429824596238,-79.19348652356854,10.289555382208363,-0.8530572832244196,-58.62286212879974,0.0227455973527661,0.019809826524976433,-0.9538736829329832,1.9135812955927791,0.8620973202810829,street_level
36.63390740450889,49.63005691239007,29.945815101375782,0.2628024201939974,12.292517410906484,-7.4558121768745025,-58.24888289358561,3.1670315339938897,1.2141554544124649,-91.02762020236203,0.18058129218148988,0.02208357905701102,-3.516761150873469,2.5160360380551126,0.49738929581458696,underground
15.793753813403447,43.92062447256553,8.254336109311454,0.16759502214452038,18.810867859821204,-2.091169603451302,-63.64198701084539,6.567140117577404,0.9525418492890063,-84.18114047808984,0.25716959010049756,0.025219492007161337,-3.266353819120257,2.0617876881540766,0.44226741366496003,street_level
22.507435320192574,43.8408742527085,27.39249013158858,0.6500300734685085,5.939595938642284,-14.818699912030308,-69.42781636411081,3.0607272329783717,-0.07377806510598717,-75.78032067012077,0.9583225594076265,0.1538418360357143,-3.379285577057484,1.755947365190944,0.7143810382416905,underground
6.092441223219057,15.361466423238673,3.5952175775128845,0.04118507199946348,18.26161991200954,2.4019846584572075,-71.87400505561625,2.534945966651914,-1.5958324268381028,-78.61570155685092,-0.10262310882537305,0.01012353010714679,-0.09510003960191482,0.4785420843018724,0.8011422664912761,street_level
23.10839660130074,25.439942816615744,37.44597921922498,0.2946803859643549,10.245153142955214,0.08061334661226915,-73.10718948660124,9.126327060030984,1.4601822508487707,-61.06438883016204,0.2796948987655599,0.0733273675834957,-2.6718709263854903,3.3089701333502015,0.40359535682427433,underground
18.67373723063659,36.48807360420644,9.553456629942206,0.2506059664965459,5.089439859025844,-5.919890015259053,-85.76090263410345,4.443229306737535,0.9866194309673597,-61.45134530656284,-0.2569616225687932,-0.14459677505827986,4.007076719833044,6.561122440289694,0.6999718293494201,above
22.04564085938687,42.38993265346237,22.365931177043322,0.14196334321566814,6.448138102182353,-3.648120321361212,-73.83996100600515,9.289373317403285,-5.283235062644377,-62.81411331395378,-0.27025242701696417,-0.20102816984309752,5.044633492660809,7.173292672934055,0.9892159224849613,above
41.58113468150306,42.27497019777792,29.02236318778219,0.45825305732494237,3.822511290402635,0.10152034917138941,-69.77023454138609,6.289342719001972,-3.6556204308666533,-90.88852677855351,0.6685417538411906,0.05460047898692082,-2.832196751653319,0.8111340212313061,0.9507149488125858,underground
9.390872171157735,16.309913201479123,1.1952004324979097,0.014148964819903031,18.990596063316623,-2.5239374713410934,-63.935792879635656,6.17209222791782,1.5164466758404709,-68.52654358724882,0.11658715651747556,0.02578308670605814,-0.09563024608831228,0.07502561004209155,0.9089018845481225,street_level
29.370521651094787,55.20882597836557,21.881016085610412,0.4461920236627783,3.586238754903499,-7.118408107154031,-70.86824365042318,2.031974681384132,-2.8195111909737687,-92.78689492650828,0.613784233074819,0.11254859276896689,-1.1883000799290482,1.3401151632156583,0.6507583387048328,underground
20.074064352124825,23.274245546997314,10.472813917410635,0.02411872772518822,23.11014635253108,-2.515518453677555,-64.98655535926937,11.865865954023972,2.7594206580407983,-58.31043770156376,0.16435663924788313,0.09478019071838792,2.7959495359611246,3.7295483867195296,0.5367061721956222,street_level
34.079648063960306,58.039454156774255,25.31574219692279,0.212783481668546,14.59932810843848,-3.7205445793724987,-58.93608954667294,6.337738888874767,-5.672153710449001,-71.381461166617,0.1664179912677881,0.08047886690897767,-2.2834819377844844,1.7457397305824143,0.47618243244343955,underground
27.894102447194125,69.69189525572068,29.390366563190845,0.3870881883536519,15.046160657983593,5.24718424695253,-60.04211964585143,2.0030127121034056,4.506090643503333,-85.51601193332678,-0.3536144265477261,-0.22758045144648376,3.099161493369583,3.084711823925619,0.9364757616048773,above
24.737685706313197,25.999371687306137,7.689959730870491,0.06339702693288868,16.07914877014973,-0.9211148479662201,-76.96570815185046,4.662037618719952,-1.3404352189230442,-78.87119679884286,-0.16119552905277834,0.06800060595912957,0.24432055159934407,1.420498763237832,0.5940323824939872,street_level
17.398114797819506,75.05372697940857,29.544883548454255,0.40705108793510414,5.825987074146101,3.804296206078657,-78.87268469645844,4.662202656782858,-2.738360663731334,-76.92840161991258,-0.3003977104738724,-0.23570022896005874,7.913310690159973,1.8886600321742322,0.8770872007473497,above
7.508721591394805,13.008790197639222,5.800697474876401,0.14996415177102276,19.717082551701452,-3.6427649513316362,-62.53734086199829,6.948662107771202,-1.299172876904041,-61.75377853618511,-0.026306192809604695,-0.007180406702250251,-0.24434310430499917,0.01753035471812723,0.8931104475872829,street_level
35.127431146428776,110.27381851151483,65.70702218183298,0.3949558804863345,0.3660879663680183,-8.507357475629782,-66.89536953308584,1.9627602810258749,-9.330898363949009,-86.29585132877274,0.8504172284279236,0.05348377739558411,-6.4458118950892835,4.496721778777034,0.4957850627455512,underground
5.696823259693488,14.28854351915211,0.7536892068967678,0.13771203382903688,18.597912415780627,1.731904443974277,-72.54450292022115,10.107892174676838,-0.9917192776370118,-81.80186529726703,-0.0327056072827326,0.02053993726109795,-0.2590480882429952,0.5498844647001353,0.8024203687921015,street_level
33.6322411206896,27.206448406305643,19.563965033314297,0.27707647803503976,16.431794551581007,-2.175721795549863,-50.17303812037153,4.733818836204845,0.18699424215317073,-63.30734915628909,0.08703909377785457,0.0384874206410145,-0.9538876107498714,1.3740723299582003,0.5582408812598709,street_level
78.86716697110084,62.334931167288765,17.36587226692994,0.6604310072437922,5.959559108324647,-4.237917112403936,-82.47704631861136,4.324315962988114,-8.446877227025489,-65.97032942321232,1.028097897589499,0.21582047352947883,-5.818343892733156,2.2281014471395753,0.6827891320430812,underground
19.389419896913218,32.78657976342508,13.666267005562958,0.13347766921518484,15.780293036845451,-3.6677944819223174,-51.725455450528656,7.161739097501508,3.6331210580047397,-76.07349654668587,0.07565030413711199,-0.013327154996966253,1.1309521162705387,0.6640295674668788,0.6127702615953059,street_level
43.499378251959186,48.76859281893159,21.99175087558264,0.3621054648010691,14.557515048397596,1.2702037923389522,-71.92165289365329,2.4851635775695327,0.013919637568017507,-79.44558013752439,-0.9257009389942956,-0.14776472522964593,3.1481833299682878,5.136499522497556,0.7672672824883664,above
75.94102224374569,99.10553019038284,78.20079107627427,0.5406583862723462,9.528300971429879,-18.522837884747826,-86.91261039318884,7.128835461652152,-2.0186721055380588,-71.82688088651038,1.3762764568881163,0.1777410310514658,-3.45391878512888,7.311807885009257,0.52588602072774,underground
14.938452359456736,53.46928034178766,21.00489708278627,0.11626667178244718,18.65761044008549,2.696354581476063,-76.89938490836305,5.958799924882088,3.1992438305477204,-78.89885745768,0.04242412988864552,0.03438365878732935,-0.14985096098225714,1.2709082111086012,0.5331917771717676,street_level
15.278118221647123,44.03578297157124,17.515380208500865,0.18535748187546736,22.14875175086963,1.4867724282220092,-62.96518957803452,6.49905098423136,1.1594794519385232,-65.04506380877933,0.45268679049642646,-0.0714620546914425,-5.864579828493515,1.6857635058621936,0.479253677900049,street_level
37.51890382804309,72.91775640591786,9.270424359313264,0.48236954537067434,5.804143693225446,2.58034467547642,-77.47150784266283,6.791404562064084,4.985755853668689,-72.2124489706124,-0.970510699072356,-0.219634878096897,3.6698336634288875,4.778190570802973,0.9192862865237174,above
41.112644602372555,38.113414379547464,27.61294252765619,0.40897612643150727,11.747048034427403,0.34007328931632586,-60.26418668020024,7.310154251376841,-5.637859131428707,-63.96728996679937,0.2834896034314017,0.08763392678267727,-2.2414127884303374,3.7331005319374126,0.40425571215183287,underground
28.394552625115235,41.40534638249097,14.690483365086163,0.23366819062018926,9.979079581935597,-3.6920359538059246,-56.682209026725346,3.7632670833607804,-1.8834135436067125,-66.6240134263133,0.13980779247433853,0.014870911710397068,0.5137749570085344,1.1767744686685861,0.6936054428811136,street_level
25.117847618969954,43.77708435638549,27.933505502555665,0.2801483464264819,5.458453715281731,1.7447697990466633,-63.8536067993501,6.400958004931467,2.8607874432563154,-60.35850289619184,-1.185743484611695,-0.05929105424075687,6.330050762313359,6.8107766431187295,0.5271199872391095,above
37.20911390531192,84.0839967973048,41.16208826484325,0.581098777075737,4.276254619847694,-19.940839364320244,-84.82168283372366,7.306763890444232,-9.28896281289428,-76.3200451990232,0.544985563096103,0.23358096951355792,-4.437072492910244,7.975983385924629,0.43610956344156465,underground
21.23121829646915,41.13891622088116,12.950231563494713,0.18694617238602224,15.218885985578954,3.5357197957579345,-62.08887875998263,12.359866447599055,-1.8509119704726298,-80.48467257517221,0.2948221145204517,-0.0839893461461828,-1.0283395876231225,5.264298876639434,0.8197596466175145,street_level
44.22901810959317,110.14084013914731,73.83786064556759,0.6734516871332576,8.819040555275802,0.0742870354235734,-62.4902255534512,1.7317925858222187,-10.897363908017166,-78.21400554395618,1.0417252844196614,0.2439775388406317,-6.437097454790253,4.547992483489228,0.7686284061763566,underground
85.78331961675036,63.83342271462518,35.05503693614237,0.7630990152810189,9.622120370568469,-10.646161843141124,-77.23547676501708,0.12642662397290838,-1.5744395944134908,-71.57747982555829,0.6480220562626878,0.06464073897522779,-7.036592837941284,4.2648181326133034,0.46832602746902446,underground
23.75649973709364,82.909086236864,59.75407277925504,0.523641791822377,3.5203869735684625,-12.466619431207857,-70.11499951721616,4.24051657255867,-6.728419466322972,-71.90528968207884,0.3603106510148172,0.19915789077373613,-6.17690754986852,2.942937869901907,0.7662837849844514,underground
33.887314081671335,53.720924518498194,12.171706918672514,0.12026052509547616,10.488332397881946,1.2954807360937544,-72.80088303824172,7.21886162642067,2.3674316806849403,-65.3956857423534,0.13446127039250652,-0.010118831016836843,-1.4124584726315752,1.31106323038667,0.9005743366053375,street_level
33.01408364567235,39.38787193983398,28.17887360751162,0.5647310539026813,6.884207749276861,-5.207085152145668,-81.09947128148352,9.195162070574328,-7.528141105214422,-72.5481063526478,0.528868582771096,0.05995305016471168,-1.0591291707780481,1.3271881282941709,0.8300310633081345,underground
32.97676105648793,43.05905217122354,54.237017308189685,0.3591361407657235,0.20426108649869712,-12.216950738377019,-60.89866949448219,4.977523763538463,-1.5598222692603674,-73.18515665826126,0.34845545958005436,0.06252368744137425,-6.225913072684638,7.771548783304118,0.9953856459908573,underground
26.595518926526275,51.10853941090961,32.720241543504784,0.10774769599007646,10.838307633630716,-2.475957805632307,-61.90593846216741,9.966595574791354,-5.0792068867018925,-65.56904396557299,-0.8384347077221753,-0.17491586266606798,1.7440157076750313,3.607269630907962,0.7181819026185208,above
15.851062334367077,18.87410730062957,6.396957833912804,0.1424315704968094,20.805572430228807,-3.0960561514266143,-68.79811148591179,4.720489800471459,0.2894181983882076,-80.67067089953984,0.12756206853161378,0.025419442608468512,-3.9187134450214263,1.5919604723244332,0.6442008188617072,street_level
40.21930925397638,43.215113683910936,18.390475238721734,0.4367591563669107,4.508395134665101,-2.619686187878081,-73.15983401720844,7.251760721689456,-8.704051725433914,-94.43087724890233,0.27601075880350867,0.1110814401537,-2.1892366468366946,4.992638101497231,0.5593482473807204,underground
14.873358581199334,43.46464960940983,22.160439164939753,0.28342081058780255,24.84704871913235,0.04417990859553278,-59.616081418407475,5.403962985091196,3.5478719157380985,-80.33847136981076,0.011987695020959463,-0.029853066244550166,-1.3717692891477855,1.6924954693877778,0.8594566729628708,street_level
16.53411246672175,49.113611807048585,34.19512807829004,0.5566032086855017,3.346336787027472,-0.8372502106289428,-76.45565762761001,5.513672502570948,-4.093573100733735,-84.056093419554,0.3768130046166602,0.06873327316952947,-3.911840150051419,3.5618562721214095,0.6760186854610026,underground
7.809296534381461,16.29853276052961,3.8432514236670237,0.10392266581495986,23.944777372294176,-0.8099709085885021,-51.37290581371035,7.942694198518367,0.46114143498030735,-52.27151455102827,0.10642197305676535,0.02272300488809218,-0.28545420527248444,0.5396725430405435,0.8299966232447065,street_level
9.861785190808973,14.14371076919624,0.2600099490783312,0.0030073346590726024,14.81679391974561,0.3907107719849652,-45.88424188194908,5.52620958735209,-0.1633751882173602,-69.58534442380262,-0.07468099924983111,0.004126172000628467,-0.2880815016246361,0.22594469176696236,0.9656861009154349,street_level
19.232615729112457,45.86106399702901,22.723775299009198,0.1913184295776702,8.18902246612701,-0.2607275276184584,-65.84269241353995,9.272946596905157,2.6073838642972493,-77.37963126827282,-0.0524026051990941,0.012208103347238514,0.38646593954760045,0.7839596271344615,0.7474255486609499,street_level
40.53285062723942,71.11392483746934,34.01502642286941,0.7891506460694536,1.9041412843328431,-5.1421387636988385,-72.73366424241468,0.4878635192359173,-7.743015090205953,-88.08192393026408,1.186487361089414,0.1577919598088747,-3.793776599706656,3.8662361589757834,0.6575451684297178,underground
5.2407276064283606,13.537231914019316,0.8727154644741537,0.021834359467281243,18.88768052043805,1.3533699896414246,-58.816763608417446,5.9976261377603395,2.043453806057853,-61.969177637152995,0.12548164236563517,-0.010031001100432937,-0.4220631914547719,0.4644117781499145,0.8635192681395953,street_level
26.297658314197918,75.68940967305663,39.005014469753256,0.20708577279976162,4.048753802292815,-3.3556168045401638,-84.88300224076204,6.16815285744859,0.4619473230017732,-63.582420553884575,0.34244947202274406,0.052772070614017993,-1.1162918273118532,0.9581574468274525,0.8977136682581005,underground
7.152586095124145,17.50035266964528,5.7042204897862785,0.01268268584874248,12.804525645357701,1.9824863106391533,-53.196456855854876,5.423339603992487,0.5902642325524203,-52.10179268965492,0.11580454399505194,-0.004717973198825366,0.3864582340085917,0.7488672473405066,0.9969459478264311,street_level
9.810856768281432,12.257960737458129,5.455998660049044,0.12809333336408055,19.838902970323456,3.123019953181868,-71.92771046688905,8.220571189159243,-1.9162248258105747,-59.20948465502052,0.05740958034209012,0.014316385239008203,-0.3720912406403678,0.10269439890033985,0.9803558661817793,street_level
4.043033460625014,16.976762985839102,2.31492788361545,0.11635401832801921,24.10253344644633,-3.831212827410228,-50.544526311130184,3.870311222838973,0.6535981020530599,-76.02761824120988,0.06515865615627414,-0.011567421120678333,-0.0788416825984356,0.6944534311945345,0.8236810229891863,street_level
16.090963332231503,24.59090116083207,17.834347778054674,0.1633001223079098,12.470840116686189,1.3795934452811194,-52.568908235419755,13.445392497308633,2.2543777403157,-70.16132351573712,0.27094949614963215,0.04457072806663606,-3.9216953584010925,5.306048438308688,0.4723143447261444,street_level
63.821774823458675,51.05096281225967,35.21049959083953,0.3568162738639751,8.267996603458009,-18.074590349133757,-83.54013536605527,3.66245599150741,2.885039885620243,-71.57630241451366,1.0696968372181912,0.2063748194107773,-3.278738117764891,6.873387443721323,0.6105301646172159,underground
23.68727960991417,48.60296742277532,9.467283597730837,0.23737090111137032,16.55476180477779,4.298358092014443,-71.16828333762692,5.135810780001812,-0.4025246386023067,-78.38109451711465,-0.0034163125187345045,-0.014558710956620329,0.8677687080704519,0.5207334964356669,0.5165171763008396,street_level
13.246768287473246,40.25285758718711,17.082589669492865,0.33894851203253706,9.653077075577546,-1.8302500743646313,-62.83752889151519,6.51211181278255,-3.4339626161119785,-90.48601545512874,-1.1617522460462268,-0.18672790212544949,4.9457253129587695,3.567667978636103,0.8543362419950065,above
19.794047541138784,21.068953736077777,4.209179126769058,0.19834260992441965,12.32496352135648,-3.8937359470376913,-54.23657943590574,8.67410354060404,-2.794325125071965,-71.20185801632053,0.6192429798019377,0.05660343624559816,-2.2836944648940207,4.001383490690147,0.755795655712887,street_level
11.447527613733474,8.225190746195363,3.5221776635831894,0.07120449596513533,19.240385392577316,-3.237688919129683,-51.046009027940705,5.284990105956811,0.5551005537128604,-68.81684176529372,-0.11904197642242083,-0.01367341958849336,0.12638976010300917,0.17574790428075346,0.91808031618561,street_level
7.410404132719933,11.136566815204706,4.518199836270799,0.13569467152942122,11.62142781211314,-0.8009846886547516,-52.43646519706057,11.789895118711232,2.690375738388159,-70.72892341285977,-0.0044507325163311295,0.01106322124705128,-0.4004351056467026,0.5563708504795309,0.8747589064054004,street_level
87.37866229227095,78.61943819595197,47.156985397225355,0.3902697436475258,6.928442452727474,-10.124243884149795,-67.87489590246152,3.6415153257607553,2.187442583731057,-90.59579823245846,0.8388157500553473,0.20062434047597835,-7.16902947463314,6.908356430453928,0.827473789148901,underground
7.509465874100004,12.368984154782801,4.614991933775145,0.05442285824954505,23.81702179340388,0.9798427646479428,-47.58862516789098,6.040690345143468,-0.03609791940387863,-68.74049475805654,-0.01871928698546968,0.013247813164132434,0.027853860788893736,0.5371893984026371,0.9880079037490509,street_level
44.84757764881685,73.99967753597932,8.273970486955903,0.4523895545450105,5.328943897410106,-4.670031069892121,-78.43591189383929,7.942282252959231,-4.0510741094388845,-90.16801887449448,-1.027440489931562,-0.08056595334626143,5.907503333295476,6.172626684284355,0.7246919782228189,above
11.07011632409898,17.055165559117995,1.3527911058142976,0.13916598256040122,10.404117695422443,-0.7431296007314723,-58.301600009569455,9.147896583336621,1.9371313912216621,-56.91169057343446,0.09895078578143307,0.02349353331179848,0.3648404066648089,0.7304871560959758,0.5865790995846818,street_level
31.73591496655587,26.056339130996985,15.595602937369765,0.13924637671573,22.47335853493864,-1.9142452005690345,-59.68345123043831,4.270227044635772,-3.3271811025902682,-79.0927605413404,0.024636047777523956,0.027605487079706517,1.3553015854606034,0.709551715166459,0.5028655274177039,street_level
21.539274420205018,62.45849886725082,21.864077633574702,0.21604266527359176,14.74659670636305,-1.5790613042154948,-59.318063417017584,2.1044368151327486,4.992817084155176,-78.79842748796652,-0.43024769474906077,-0.16765337223936302,1.926457222848243,7.815746599791389,0.6812067455571711,above
34.438556253204666,28.334801360114618,34.761778858724284,0.4001424698873606,6.395374246673075,4.557277332098009,-83.30978209544314,7.699636753116573,-4.829255670392354,-67.34932250924923,-0.7434812772413406,-0.12319047391730292,5.669681542889188,4.815059492281893,0.5525459609925671,above
12.50976001735451,39.7171888947899,8.262150302690188,0.16847103525416401,12.099933365533627,2.6379942659601925,-74.39306622998576,8.689339261268033,2.376478394248613,-72.73187816745032,-0.5766718742764472,0.04027146198099055,-2.295082305846348,1.3891824628390368,0.6116596699289665,street_level
30.64328666128425,55.7672195654513,17.56639577975606,0.4745229982359351,6.584319903219683,-2.8215696736767377,-69.99931469823699,6.264907570209768,1.5345489418790699,-85.73574613841453,0.20581518122470646,0.04747555390202927,-1.2232370601941103,2.7501063820622464,0.9860600144714554,underground
25.69834408097116,62.60954227071758,11.973451318707866,0.42629806849988705,13.392827468269653,3.6363540975574207,-67.33150192894291,10.742276485265034,-3.5194604103255105,-84.15255538452487,-0.9008665637938928,-0.0554221090225982,4.8138863505540215,6.954418477492737,0.8981898235519485,above
6.251610276440889,12.388723396699504,3.021877692146629,0.013937516321710247,12.911981747096107,3.807286728124595,-57.05043530749344,6.6652025866565605,0.5031513993009291,-82.36042103830451,-0.001476171785898539,-0.024850582138770314,-0.1758184951511731,0.320479230185571,0.509392962007656,street_level
12.220508635563489,32.66933851902101,24.059952097778254,0.4916042932626542,12.709920369753938,-0.022715216162016993,-81.88157648702843,3.9976925273250097,-3.0684275584671945,-88.15450809631487,-0.6411806836109634,-0.12720165850912604,5.768955228326316,3.6550619272741844,0.9263313909192135,above
27.279390934205942,56.66157839769052,16.770109493903174,0.11343329868471391,13.291007580066541,-2.228332144216585,-65.65690894533863,7.281531647752473,0.3317799106030197,-59.335254000071345,0.012538649212041647,-0.013526003713833439,0.6503694071153721,0.6677452382298723,0.5802685659370792,street_level
54.45703527146773,113.75641284074739,79.28094279377369,0.7789396065606495,5.586569639825153,-1.2853370562621294,-78.36562897651959,4.856253166620526,-5.419462982392723,-82.7180559064218,0.3211160393515206,0.13969071912148356,-3.233290834940533,1.5311362635964767,0.9670769953148731,underground
28.750234303619987,52.249009111713896,15.560176988056025,0.1466575320707771,11.909699447500572,0.1955751726555235,-57.51482298856948,7.441056670408801,-2.435699088478912,-71.28610068147523,0.027416228832834733,0.004180597730827872,1.0101299357127203,1.9469332445784817,0.9548514060493674,street_level
81.52909483919808,102.9783265433523,38.40392104940247,0.9578056174046816,5.523439308933264,2.3792022669028405,-68.97996320646456,7.110294912061333,1.4080854109846772,-81.17648192078302,0.745683548940782,0.21659206414786397,-6.87867933544125,1.8427387111835751,0.9727794348044311,underground
18.148449946554578,29.261548586773372,11.263011105611906,0.08387267842908971,21.698418472085446,-1.242460349152358,-60.33510430617362,11.21581440141702,2.8255873317270463,-76.02065584125646,-0.16557738696845625,-0.05581364035186396,-1.794237199603037,2.58717437964102,0.49432163602969104,street_level
38.34468842884247,72.78242407172641,25.516574027506124,0.39869051893233304,4.363421364491321,-9.595218757685066,-83.99739445563232,9.421000840386473,-7.790092909890731,-71.35971595037171,0.2838199447350731,0.04552351453948397,-1.5879875866265074,2.7905346291094215,0.43736795624969566,underground
38.38123670290592,45.26721743585397,33.122605674586694,0.42088649786673316,12.531545279578712,-0.9532404046703222,-73.73673581434794,11.6228109323176,-5.7215427011803275,-73.34936967466138,-1.2578676852340838,-0.18177893555788527,3.4245257404447136,6.58952192931655,0.4929396624270129,above
81.83235123575147,110.19942846664068,18.05881577429692,0.37302138925285255,2.7766473934469804,-13.322385564441166,-61.01172027721921,1.0849543885914041,-6.94281148217498,-84.06964579381386,0.9488538027569479,0.24152207010742768,-2.656439516568386,6.409942195110666,0.5046675484257731,underground
20.877342922425967,63.05538842773081,32.86215891699001,0.21527961102189352,17.074336374692486,3.484845973042601,-87.77101261385485,3.8256922942542673,-3.9422221082149678,-75.1160533561832,-0.6521525992298027,-0.19078288693171608,7.38916576114322,6.495340496053637,0.8085052558297807,above
16.176463533433093,31.814892412411087,8.316809930102593,0.13428684610004982,11.07663649906128,-0.13958830752035123,-53.30503808989198,9.391192165057033,2.3572963527941484,-62.75712293071116,-0.12923247230161894,0.07081875033863436,1.5850220093553489,3.557262869298712,0.7719387008900013,street_level
16.122698094322594,61.53255610420545,32.76313072175304,0.35450888726860197,7.803371309694005,-3.7315614272892113,-61.790855801915946,5.940515535996164,1.41461435180657,-80.3069831870611,0.16023717299883228,0.02988246491608603,-2.55571657615611,0.9632190344155345,0.5733314032804597,underground
5.632091547634424,17.030418155823412,2.9551643665020313,0.09281672471948628,15.252796177114204,-3.242701799488045,-52.60666096663256,8.580431053294628,-1.6603848514589348,-82.84391798196927,-0.11488680799190765,0.0005713824079652922,-0.35100158689522964,0.44449275631935276,0.5093052268978173,street_level
5.006991512770002,17.774507557184197,1.747682813768684,0.14473493354657915,14.62792342574123,1.383204565003008,-56.412359293116666,3.305142291267561,-0.17220194868135863,-58.47942443120549,0.10666776683409065,-0.006885888285604186,-0.30282787795201593,0.4429270070218806,0.9584905024128443,street_level
8.810236334496745,16.20551445333193,3.5237395417877684,0.08583633722777594,8.528341280442092,1.5569914546157388,-59.80901751698182,5.844964771753164,1.620637291217296,-78.72602394485337,-0.03205720267478471,-0.02584766599517742,0.3439721574462057,0.3079234730378799,0.62855144337508,street_level
25.875120715103407,59.96786117322624,77.45760566614265,0.4507261607972107,8.115630237717514,2.7025302700378404,-72.42713141188915,7.063009815410054,-10.570527352759862,-70.45278074576962,0.6775095653450433,0.049002901733991494,-4.3047440253081515,6.064144113300126,0.9684756642466766,underground
49.625312028796984,55.192974997420166,26.74608762594049,0.9143635103946053,7.404370540510902,-15.877127495764885,-67.6870032240914,4.737283934712252,-2.006034902079046,-88.89095752507652,0.762204177287613,0.17963615115455306,-6.855120537795271,2.0251269918790293,0.8130373212357824,underground
45.75072922607834,110.89747670199488,16.399186281394957,0.5087766602961215,3.390694061480045,-8.351060298381249,-80.55420724933418,3.4642624765739134,-6.1799090736846125,-80.29519234997387,0.9892929570728055,0.06428132291916175,-7.161219853936575,6.698176870034883,0.666047985546478,underground
59.87360194536966,99.28557869787275,49.219320466726415,0.8504819453288114,7.982992129814161,-18.928925735978417,-70.45397388830364,6.445550563090541,-8.449253804274267,-81.11916233892607,1.169943041728195,0.13552445750469866,-5.666533178558089,2.944339686310225,0.7921647059459755,underground
32.973003232327805,68.24355779421018,24.67758628883522,0.2939787863896533,11.788257122844628,-6.679210075860324,-83.2911818802249,7.402273922669721,-6.193544767040293,-71.90884699588958,0.6275586582428613,0.10509226071324004,-2.2183025868735533,1.1985691944411727,0.796255062011421,underground
6.599477606976024,14.495106200911556,3.9813420989507593,0.019546048412126375,11.547626171034107,-3.3696547928421925,-57.237999127811676,4.242511953419033,-2.4552532032771754,-63.10311907652489,0.02001431573334908,0.01214865544051337,-0.10391364774531664,0.2514075192240564,0.6544323981065145,street_level
20.043451609087285,41.99157301022305,17.110742496412858,0.05981813245479724,20.507200229014288,0.7963821999254606,-75.10583085865998,13.368091065522602,-0.4494543626383014,-70.5355267394547,-0.21268535242872666,0.024932006927340877,1.6043431605208625,5.585924144141148,0.5092591492601813,street_level
25.175284978174652,91.74142409580224,62.888162723575334,0.7373529289384269,4.994332821362814,-18.718985174715375,-74.29119277046948,7.397288297141431,0.6049892006740638,-90.88830830149024,0.5638976121746438,0.20705653890192832,-7.4824290756406455,6.823392625422677,0.5901332742888563,underground
9.296593634259965,12.268405978104775,2.890964410992277,0.1384775317076964,10.08862261704807,3.5396123981351613,-69.61705352167967,10.95607563671717,0.0002450354844061309,-50.39649256378277,0.052726954586723995,0.02733889705273298,0.04653358748563041,0.313945887170999,0.5242599720798187,street_level
22.356157628320375,25.07280653068441,15.662395507185858,0.3939914067939476,13.86024565639527,2.262655998328949,-64.45740997555308,8.514752761040235,-0.015895136724671133,-80.72733065001825,-1.0545104019012137,-0.09857350945660842,4.624447776986695,1.9014442994804095,0.721675787291475,above
30.30223223976411,74.5874084156446,14.871875140786358,0.1003189512277428,14.535802733324028,3.285804955520762,-63.2821922543463,4.419823481407418,2.344935706053626,-87.74057735774947,-0.48735284910531296,-0.10238665743024569,6.513554738557245,7.033155439428291,0.9063754497891205,above
11.147277373815575,10.628418222394853,5.030873638666363,0.01630952463929362,13.76008438291156,1.2116573171723513,-51.86090215980701,8.065353957887005,1.0329745523937177,-76.27552784623724,0.010573883654304284,0.004812112348336631,-0.14691797641180582,0.22096845941413995,0.7546198472296035,street_level
50.93148418630193,61.16231185149139,57.861804660235705,0.7424932184985994,0.08287269004971454,-2.141272388600324,-83.07636779298939,5.060075780468158,-8.207521147675177,-92.27342719967963,0.9207750267820409,0.2089152714017802,-2.4919400720514924,5.570681211295532,0.5218889059585656,underground
23.78053717124966,72.61142306643055,22.61221813216509,0.3138652389018245,17.055264298552135,-4.602586939402235,-75.91655399613707,8.363994237317534,1.3335517640799246,-74.31797992279648,-0.5371084385651037,-0.10012233653443864,4.593116941543793,4.192527512274805,0.7625828175244356,above
66.38403281903324,92.59642062038061,67.08456716101857,0.36151325439921433,5.526401979850649,-16.779038493457122,-60.92915279331223,4.834725602182108,1.0059581942065385,-90.97478902754287,0.3052712730349028,0.16965890695692104,-7.193866058922899,2.4702483723437005,0.5049546373435762,underground
61.06393692792058,75.2255410570652,33.726510219357266,0.9914019590432219,3.9511776403601226,-13.736150381516559,-85.50236895878413,6.384479275392473,-7.636110990486676,-66.04705850953594,1.4447672412410988,0.07024536405284756,-4.695927204092714,6.53840889706441,0.973932378377818,underground
21.0834838510614,103.12937186992231,79.18556816072208,0.37997987940288075,6.259143304018256,-6.2121934307697835,-68.03128346915967,1.2315895437519782,0.6255173494924886,-79.76409198077747,0.5844728782509561,0.05692372130089843,-7.8123644631118685,6.941885501489509,0.7613531363792712,underground
22.384333971676888,48.37402470566877,27.516255419313875,0.3186666967761369,8.260001470772648,1.1495017219784103,-87.39383406898487,7.295047053749184,-7.909114295070262,-79.24934939156695,0.676431900866973,0.06881300313280832,-2.6149294536048173,1.6082865096871466,0.837258798497773,underground
36.33655669416573,65.67555082499598,24.52673576382439,0.5449611953167496,6.433952343313948,-10.094219131594416,-69.23346809752886,8.840339033071626,-2.034003936523213,-72.82183156123435,0.3735325442288357,0.025705181307916696,-2.8670052713880523,2.505850408710041,0.6782533878028438,underground
6.524467929078362,13.494566621168007,4.208335501195457,0.0909198920958655,22.574245510669215,0.2796566311376454,-47.412112877713135,6.380191484668103,-0.7486192473532993,-79.31980363810646,0.0034962649041142546,-0.01047847613398543,-0.4728912054874229,0.03851328218238823,0.7807706365868943,street_level
11.72822245559577,40.525200224270165,6.947261227845993,0.12313088188106082,10.883496688584685,3.6879351548815658,-51.29922120308692,13.181925155335472,0.026509049273764074,-61.49955678633002,0.7427703613167826,-0.029601906537767286,-3.8601232515082846,1.5685115854800415,0.7606582588336344,street_level
11.819162697800543,32.95960730562689,12.072716942681673,0.174482246776041,21.676279850206562,-2.930036253599317,-64.6420882472566,8.133216773266863,-0.08523386666855481,-64.84910461344825,-0.37770583157006854,0.09389413820499012,-1.6519371616669574,2.343929630811407,0.5261152028780749,street_level
31.33040963954213,63.667670645398346,34.62377438805255,0.42675327680978936,9.421776568843505,-8.546059987882924,-68.72649476538373,1.5971265074374459,0.7371988088541279,-71.00459839332986,0.5583182635948571,0.03582742246514209,-2.2995749077090997,2.564296173215493,0.608113265893997,underground
20.705774803461146,34.83389127148782,16.897264246069188,0.15357919935423275,24.42284222835329,-1.6947655101738883,-74.94042494908123,5.466198360225648,0.37782833212424727,-84.11396906441715,0.33302074775750734,-0.004880499355540954,-0.9179136835220465,2.4075715727790166,0.4178213776393617,street_level
5.7219157270497,14.512971092645333,2.4479305680747485,0.12772339659029686,10.339484736590624,-3.3916295853819927,-70.94046262069122,2.731123220192096,1.954697376923911,-79.89964627768232,0.05647326028118474,-0.025386973492121323,0.37976355517729943,0.12726853084847206,0.9066771329275792,street_level
16.95183752376368,41.010748184744564,11.322981435026168,0.2050236312890223,18.510343917068337,-0.06839629080868193,-52.31186673050926,9.619350638669278,-0.07475501191096612,-55.58743170543036,0.032130391047040546,-0.020597295798006607,0.09221881648925923,1.6189298550378073,0.8965531671955131,street_level
12.146900602299626,78.15223491537107,14.142544472168836,0.2339681479067197,17.035824408972445,0.45218506162304983,-78.12923527646339,10.324529161857203,-3.041605384477708,-67.00189201453735,-0.3672184808085768,-0.2430628560730912,1.8573053967740203,2.297461812360038,0.456550649521571,above
26.05022739315238,36.77604178050839,16.58735249663379,0.49844112715621364,9.132991980758833,-7.015221748375545,-81.06130588075594,2.57724246971938,-4.9037743404749365,-70.43274973013055,0.18329399616898823,0.09722693994569587,-3.7861672431893227,1.425743502323284,0.7225935687691922,underground
24.739128788238443,23.709143600039933,13.36581006296544,0.1873520832038692,24.34309784753477,3.377309245718209,-62.94245977051034,5.5153300203383715,-2.612185485229376,-57.43910024046164,0.1342287887951501,0.037868824118852853,0.8734200000554817,1.3011400214269273,0.6376883796052499,street_level
12.266612686148882,43.661137239106,15.562583706504368,0.2875100231246678,11.21552230217037,-0.5027330434548514,-61.52425841094746,9.39502663153951,0.21278544741573224,-68.95086444312989,0.1280268638004728,0.018678436710662952,-0.04455480344703022,0.9049129970828804,0.7556696026667048,street_level
21.69119622387217,30.685075694666562,4.799658404969669,0.020113852781695644,17.192352334673206,-3.0086349995622728,-66.95620384902173,13.13550747039579,1.407327754528768,-56.713472404226465,-0.384445501154924,-0.010695740509007304,0.23981499067086887,4.945851116636602,0.7519809513277713,street_level
26.46327335551385,40.93417396664594,11.165948728697026,0.34624869672190206,17.017745071452012,-2.4306318239658453,-75.8960232657408,9.762656993948603,-0.9585241228546542,-74.30011236490516,0.009963088160300337,-0.029133693790207978,-0.03588054667220142,0.8195636775302793,0.6460736094466898,street_level
31.528025570983957,31.770607152370275,20.868678566758405,0.2700462220658796,12.526327050507078,-0.9747083306664948,-56.554390127038104,11.325925613277636,-2.373893583444972,-84.884914491813,-0.07931938266872587,0.004139708425404724,1.1266043910003272,0.6616218693368299,0.7492814640966197,street_level
53.91650437801777,86.74873075924648,73.31279766066459,0.927331940511755,2.916704845001327,-11.941648262264746,-85.9256898782642,7.735656915590332,-2.757781308471108,-80.45177022281946,0.5079152052486561,0.21812716220751047,-7.9211433812868055,4.191943618253881,0.8032018258208805,underground
10.812138806721926,13.270743202352199,2.984191866628093,0.06826775248538382,17.355284281795612,-2.5031374371159245,-68.47578881648775,4.976021979308863,-1.1781797545857124,-82.2969714496543,-0.07599048424967061,-0.0012188582671283123,0.26209411999698473,0.33773483620103434,0.7184968831169165,street_level
5.43985066558604,12.656735939058443,5.853793024962221,0.045056744995592375,14.717304755105761,0.8331127965461711,-71.86989159623573,9.926423031637196,-1.2822255030831453,-50.275902341481284,-0.13066108025438697,0.02950930949657346,-0.09678088612863645,0.37326652104426633,0.7047454428556448,street_level
31.019723199246922,68.54884149369241,35.18163414719481,0.5238813786492635,9.955094897052447,-9.269728131036075,-66.39414579460293,1.7658782644939555,-2.642160021018828,-64.21383000407518,0.5634971962524133,0.054215233481028205,-2.7282925742322877,2.2766219466956614,0.731737166338859,underground
36.39172797150167,56.005060414752556,38.94966054003996,0.9668102341261084,0.017601382483320993,1.253594758266214,-61.95539587552516,0.7921784825907388,2.3607939621023544,-77.3906949979258,0.3262678768614239,0.12267248191423102,-5.495105672286742,3.0962459763786763,0.5301434142961879,underground
61.09434955332296,56.933711637315945,68.70398756395073,0.5835298500673809,9.407154236448902,-3.4789099580288365,-71.7909991380248,3.6859615817609255,-8.094538775319375,-72.65145583590642,0.3289421152454335,0.21048849685738452,-2.437287443529933,3.391529249382109,0.9543027738994188,underground
21.14381419140814,27.859973300838732,14.183840873535853,0.088161499212072,27.809210496625237,1.7361134466236923,-54.41039118883227,11.061858269296064,-0.9580339724483729,-67.4802726106603,0.06275879830288356,0.015491375993650941,-4.2464063050548075,3.022997150317163,0.5115367300150482,street_level
24.784791967527607,80.41811126393327,46.048629128387006,0.9951598585384105,7.5014138446033565,-0.2631296902175073,-83.93961601493648,1.0768537138646153,-2.013000056919278,-72.58160649452572,0.5142638786089717,0.12041107554528505,-6.715126611799242,1.9672892668274078,0.5670412351981001,underground
7.026073902143599,15.331300946076851,2.131888180392231,0.07951764726213761,12.332558927987135,1.7892649872151827,-68.55928282234886,11.021693305981852,-0.2868967388017829,-74.74753989096305,-0.08882185721339378,0.027215578322091052,0.14390892934388,0.21711021405425637,0.9960631601791969,street_level
68.35559019512718,99.41301211059925,45.48852708529909,0.5825693546815924,6.479172887430584,-0.13826182813119203,-80.65960524662881,2.0080393776533914,2.7271246628066272,-82.5166172874711,1.3889051827673484,0.1640264908234831,-5.133560093187048,5.712261891511874,0.4551642719196681,underground
34.001298439632116,63.14748259963509,18.8339970293965,0.42045052360511226,17.42371581736782,0.1070061792250332,-85.47096803557935,4.666036052782609,-2.2310889881236666,-63.500560974254,-1.3440667252445901,-0.24009591013103454,5.1168138462808574,6.530183960305102,0.9922922566192747,above
11.177695684749008,10.505678838676173,0.5725849270695884,0.03309431345919767,18.40063850329707,2.327110938753508,-65.8492545255865,7.019294241200344,1.6350816809166018,-77.62192660750017,-0.031353529381115144,0.011748207822048898,0.12123316675304496,0.15002085378645902,0.7216274571380171,street_level
19.581782300455497,33.64923178926372,11.136056459417077,0.2007511002489678,23.720795198296333,-1.893827563594221,-52.537375034441006,10.271693139189955,-0.8311082342764875,-84.95827551910298,0.6810758522304594,-0.09832503092829221,-2.4953749045251614,1.054754520433744,0.712159786624839,street_level
44.44382354177627,50.25319088723322,10.675675866899088,0.2600752917039024,14.621270132419097,-6.548977150430547,-55.747010399725276,1.5831905674638869,-2.4564971627962917,-88.08384784841627,-1.2778990470563087,-0.17415709970049537,7.933420559903637,2.2448871295999826,0.5146293773819646,above
44.107090820727194,60.47695051884195,29.876487357423837,0.1583592818322349,15.3944103261738,3.2717535658439427,-70.27678517697808,9.10822250436413,4.215352796562836,-83.33002744507884,-0.8608113477339554,-0.16409277855307045,3.9988543626533724,6.134275890164681,0.9722501986476982,above
16.384533979522338,27.30461637502991,15.200062994666265,0.15059546730240464,10.287343794286217,2.9369505756226086,-59.6568862299672,5.121324596384398,2.4694164449830227,-82.33386046308115,-0.1772983557314992,0.029497475941246437,-3.5353258132525145,3.0558150983412276,0.8188533887423595,street_level
4.175935726854365,13.406572133143744,1.9612364203648052,0.03404768617383704,17.525940864458345,2.3337833417401717,-45.81209305577351,9.89308254658062,1.8803885101102287,-51.7492188600209,0.059007019191956,-0.0011122079582548128,0.34078225110227356,0.28455037326476,0.8106390095827162,street_level
28.01079672438257,33.96483165079801,19.000489040044496,0.15644235339701767,11.675231500023353,-6.5608245708419535,-57.58024761755928,7.318710993910514,4.207114288540991,-59.81259890959919,-0.5764343080102639,-0.15603584163113157,7.0926220116931,4.038249704711251,0.7239738103415309,above
8.100228462173316,11.806815251618971,4.695438845392707,0.037615292469627436,24.06732808242322,3.6467481532136032,-49.49554779537566,6.8215252523491365,-2.048174931342486,-54.57390001750733,0.016604605864749405,-0.01574844896567605,-0.4695211662941279,0.5591823752431461,0.730542858273175,street_level
4.058418069799727,12.835446991469317,2.0886395080018905,0.006031945656645548,12.444437627324346,-0.039047370765006306,-71.88847587565556,9.738696113132027,-0.3076484964459758,-50.235043803155236,0.10155487325123444,0.0008005846102286107,-0.3945602409877027,0.16861185357423158,0.6220997852449135,street_level
9.135033184736272,9.061197252408213,4.6141034900657605,0.04252952048379953,19.659384655908944,-2.903759809277066,-62.703745526546754,7.1514565291679135,2.093038447368146,-56.801534148017375,0.09269477835581624,-0.0020794457293357715,0.47302640486868,0.3417009947359051,0.9066100917469605,street_level
9.003015510484607,8.06286507953366,0.02164323627994258,0.0322478152724591,15.943543369336439,-3.3706017151544208,-70.49324356572907,4.020972796697187,-0.15971065425659958,-73.63055023136164,-0.0069875815080781,0.007569942259373914,0.047907593388029746,0.10307494481260138,0.9613457572380892,street_level
28.523697507758325,36.69179974736077,23.317768539079374,0.2652722694556398,3.394146918941166,-7.502750132310406,-87.3381662463202,2.1096346983003516,0.7214570305052357,-66.3945212479151,-1.4665576014133792,-0.19302594475982798,5.177940913483829,7.475451426623718,0.549489991656649,above
30.715198095251928,35.00417393238669,12.669943491057927,0.25761480657366,4.926167051528819,-4.266978222930701,-73.73795919317192,5.766309695267184,-4.639109721613772,-64.94922768996835,0.35658761478836604,0.0248445488094215,-3.555538764167661,3.3804757982739577,0.49781281328734883,underground
37.85043930890322,41.32980540164818,29.885360417744838,0.2054781149821191,17.02928453338952,-6.569388966111838,-62.74075418044985,2.3738648656864987,1.466647971490774,-78.83554525642704,-0.8148562525971701,-0.06856860462925182,5.68135632172312,3.845763714783833,0.9564031941112588,above
7.971542684528693,9.601905015641062,4.532705699783461,0.034066742392209706,22.25955047413418,3.5208150780515455,-73.49011831289884,9.384251499036775,2.8124502541256753,-82.17538478816518,0.09534477244042774,-0.006400190078463278,-0.12811577585687473,0.6803847126893885,0.8812739365264404,street_level
22.60097143701688,81.00133088268902,20.489037637878912,0.36521336069532373,4.483744138975481,-3.3319795361516604,-77.17609881000936,1.8616346889058732,-10.397594511073791,-84.3991559948416,0.4313890446381408,0.1265181983348055,-3.682485422213544,6.005517350590261,0.4424387993742131,underground
23.098328873460936,62.494536515013344,38.5634073188397,0.4542192413695803,3.971758271742153,1.0925749866872856,-89.05929022449806,6.629290536934843,-2.8744017643031814,-85.92079684480726,0.41034031763887235,0.10792500327989199,-0.932827950291383,1.6945900112986085,0.4846289480975575,underground
83.86083610833268,115.27550284704756,15.826472728595778,0.47198183837362373,9.165496499772715,-9.382518635155861,-68.00088744662023,1.881715224988639,-6.973549769333765,-65.84772095043402,1.4078150941346683,0.07807295589104471,-3.804638808365274,6.882430339337516,0.49386442014875087,underground
24.488159977670552,33.47675412011585,5.922599012979055,0.06359148187724524,20.062611825357614,1.8712591203349085,-63.47331855701794,4.5989665837620715,0.6269635729422403,-69.97967978809645,0.05937555514500481,0.012132704401278269,-2.171401610965776,4.832552223735895,0.6020751627982729,street_level
40.57116217235405,62.083853242338336,34.486117825630295,0.13504521463932984,6.387302248355677,1.8574217175368837,-58.028165323202074,4.130281703650654,0.5766604930344332,-78.42036795348375,-1.089798044929611,-0.1818885046825755,1.6439590861881923,4.132991703217648,0.8014101438581203,above
31.937319151802384,76.34351365777935,54.03142162781951,0.38491166671005483,5.331305732876076,-3.8745776485353858,-74.22187743793184,2.4044226605576444,-0.20532972355340995,-74.29254501074747,0.85736029306667,0.1040648167089347,-3.876764485302788,2.072147217545715,0.5266890823247317,underground
44.323317327863556,54.91766868502661,36.18257664796511,0.33635304660897164,7.805207094127665,-1.6451591481503485,-61.69722476045545,2.67875785711354,1.6926264698615086,-67.25265302604906,0.5281206164630371,0.06202922039179276,-3.9446270790865112,3.4939072374499904,0.5991003857092622,underground
15.278932557200473,74.04251162260496,23.08924641694333,0.4035216950811724,4.6049624915763525,5.296307538989824,-59.903401133982186,7.03101901436169,4.209437201700377,-91.6381532604743,-0.3722264682973797,-0.1291644335279277,6.255466495156785,7.282412585304845,0.6459513479148451,above
23.563853713316348,64.06374780687798,30.676412825670074,0.3437848792048714,4.287013673526097,-0.7048144022203431,-74.29139094670316,3.961789114159335,-0.29480198886375053,-80.26323116584567,0.5098551062987382,0.10427395984788396,-3.1216666423160393,3.4178657968450334,0.6658387895646245,underground
21.531664595348296,38.732309384119276,13.945213794131629,0.32185222773845046,19.64780460879512,3.6440806297399533,-73.22740126732938,8.644181227143505,-2.583089663463057,-58.32548552073116,-0.00784163839255371,0.039250104857038906,-1.134313707058936,1.0732312403016497,0.8990559330110777,street_level
48.011208584668765,58.29665481088119,32.28970163668413,0.8455389740117197,3.130465036638391,-5.058694857888348,-89.09232840554094,3.1631608062510317,-1.9027667286404029,-69.36515886348562,0.4273449005858381,0.15960790426455834,-4.8113515940493,6.893797396040761,0.9285015764379062,underground
78.28140955443621,66.06591280587153,46.53372574171637,0.7485746956669672,6.898084808090842,-12.653389094467002,-67.53271160621176,4.49001525214648,0.5562425319458839,-87.6452079721002,0.5409544757229212,0.21191111333377452,-7.504795216930739,6.403527883932883,0.7634782972730951,underground
10.888998177760303,16.86722204529616,5.0818358918638165,0.12645366749172504,8.197385707395867,1.6961139958240334,-71.78204584976777,4.326900511321661,-0.14440419768866608,-67.75952125717924,0.07000638114688346,0.015634143350517403,0.47453610926084633,0.16786435593309995,0.8522656342881005,street_level
21.481575658772385,59.51960265617845,13.252260970643174,0.16644009103534146,18.452851316191392,-2.0820822467787914,-60.8944863253281,4.319955071746672,1.6715684477055834,-69.6471641688774,-0.08222321770128885,0.02091576834351152,0.7799717991127406,1.9504892339347617,0.670041629301563,street_level
18.151956322799883,26.490575494378785,22.4792522648073,0.25138044514105357,8.999754260210215,-0.18783192324053388,-55.20913777162219,3.6228192343902723,2.713857504163826,-59.18745409872469,-0.4106372334094033,-0.07018348950399989,1.5865914554792222,3.5371355345080007,0.8196764768303424,above
24.565332592672032,15.846161687787232,12.675248186064639,0.1964331696964779,21.74782166394683,2.6015480557299027,-64.20115294711788,7.697617336892183,0.5226717152360649,-83.96106762118723,0.7652609923894862,0.04141462257454459,-3.585036721673547,5.842517431951889,0.7520779615983924,street_level
18.54338565990983,40.20559234872843,8.36665856945241,0.058265553868939376,27.43521778187914,-0.9526964007287919,-75.00703320972528,10.728327351838441,0.06567672725080076,-76.97693533330919,-0.11970837325426231,0.07000974479238051,5.872459134853873,3.375972423504673,0.552346431837106,street_level
15.786640535567527,45.27175569491071,14.968300551211644,0.22363787710695193,20.59932459844052,3.9710317726351576,-54.9774525876758,8.321894010560985,-0.742032334115458,-74.76063008716473,0.08575551567121478,0.011026433127059303,1.2724536884493158,1.14457260462227,0.6419993307447136,street_level
24.977386984105348,22.33596415250157,4.344396653184251,0.2075241789475717,24.12860915950275,1.2632243853633431,-52.82338131233392,7.683222300083508,-1.7789707301706437,-81.06074490252031,0.26251567925046104,0.02508198756942906,-2.1455902742559854,3.7880515693396006,0.6062470138371481,street_level
30.95018177605486,43.73178222608574,32.62112646176841,0.10973357429716826,11.74325284762935,4.539289738812149,-69.76086101399707,5.714491083873731,-5.53430152771574,-71.38442494686858,-1.2906062542722014,-0.0810930221079316,6.7471208169608605,4.853317104745839,0.664756511121541,above
11.841072779130716,13.575107965700958,2.4516949240363095,0.061696544514649156,24.40790217768731,-2.5720744801514757,-56.54200330127893,3.3912334454344286,-1.2614115238971855,-66.97098081653655,-0.10786033626350106,0.018351212771893305,-0.30814907282262816,0.26094019688948455,0.7067715359707847,street_level
4.789723141168811,9.546706885938743,2.3085945685585743,0.08862469606805638,17.426299864595148,-1.5759378160583548,-56.22301450242024,2.1360274693522303,1.6784766149768116,-82.82789442462337,-0.1294943409508029,0.016423782565631227,0.2382681284043593,0.6917594069583994,0.987519159981091,street_level
30.785575797608615,53.46264322904638,33.88106723217849,0.5043087220484497,9.498880468317857,-11.018845534492952,-88.1281052528905,9.442909707678284,-1.4593754122466205,-73.37662348070467,0.5574404068153203,0.030301111894370562,-1.6000676904158104,2.3603438987935985,0.8439060790462962,underground
8.464920404869316,17.15601990493064,5.69171939685021,0.055774596627464625,17.146323965947815,2.004672191997984,-45.63617874939311,11.78080632171252,-0.3940548248968554,-67.57712306424361,-0.055498740566069474,0.007944662125925851,0.29797683015001475,0.2635976700141369,0.6997577095521794,street_level
4.513958395586657,12.410305638594854,3.208477977524148,0.13268006495723791,10.835654953620235,-0.6072266239889004,-67.43528461188305,11.55799608916314,1.8852279922351212,-83.78700811692238,-0.13908043587487257,0.0008247536824256135,-0.36000478291289206,0.2311328319928614,0.6060991873549416,street_level
30.192886963212572,23.203782368253748,24.20024842591186,0.20206745098410867,18.26316284814113,-4.723786469601484,-64.08179599868834,3.3971495740531443,-1.356340550761006,-65.95874998947156,0.19677239895824503,0.039362534762898346,-1.2423764553080807,0.3344618599459115,0.9742334545853635,street_level
7.294766808021262,11.238056440889657,3.886799417391174,0.02457648269139192,12.52921000681037,1.0269330584683756,-71.18460720282928,3.2440036715612446,-1.5188056182053569,-52.327981957811545,-0.13331852624500998,-0.005488720456825972,-0.33365604039213903,0.31598092610000506,0.8455247067044072,street_level
9.124396800574342,13.300150171231696,3.3440740789841636,0.011777325568193619,9.680021474709172,3.318271197175383,-69.93304150969563,6.703031085507696,2.349509622818932,-51.59594776437034,0.12608595649771384,-0.02408395603176276,-0.31608566648826186,0.039756003766389464,0.6856178635066679,street_level
14.918429256597694,45.538372274674174,9.046996242672853,0.12887523792548822,13.578087808240454,3.0148723779939335,-70.99562675498714,4.379986397730339,-3.0233800088928895,-65.32749635829593,-0.06137592455426984,0.004375623202905271,0.39208615431076765,0.44873544106604557,0.7102754630077959,street_level
11.059955973738552,40.59009050124496,11.329144771983266,0.16735221860822044,27.574977295886548,-2.751294311345034,-76.0724433971564,7.793535170575155,2.583620897720251,-83.32160334345274,0.10485560142684636,-0.03872060636090742,-0.7794061809945898,5.66188809515036,0.8944590458690822,street_level
16.131798239354584,50.06759102001017,12.020670978794742,0.16480057125689357,15.460327945403877,-2.8312178370263075,-63.18684710825204,6.925286316742065,2.8187322304074343,-62.82966898410834,-1.1626832243387828,-0.14569653786299253,6.466217840562952,6.346920841058527,0.7921344508085433,above
15.681849410435408,61.52843499730126,16.137957234863748,0.3280418252039413,6.696831553620326,-1.3277589467245479,-79.67469831233703,9.312034703161295,3.452142069109561,-77.29265853371136,-1.249174943318504,-0.1579499438972491,3.739437913128373,6.879307323566884,0.8614324596395275,above
24.785426471166605,55.606139042467206,10.959286122716144,0.46759753035777973,16.52882669281703,-4.721545937030395,-78.93428901983053,11.991604890846924,-4.7954700040077345,-73.82427333072732,-1.096993159257329,-0.144067593389654,3.7937805463716576,4.518130245785773,0.5338445601036894,above
32.63100048096304,51.299136257513425,13.239438217500222,0.18529046828507478,24.27872361030912,4.946613048102787,-68.6970706866451,11.776957388025973,-3.0389477782029664,-68.07455525109964,0.036683751653261626,-0.0297273396580875,1.1001096103455312,0.3948486468216472,0.8268310676697871,street_level
5.297606304817922,15.281005256945543,5.8998374192485965,0.13514033170986842,22.957608122582446,3.5972033149948848,-57.54116544923659,2.39997714599157,1.3529328457538519,-54.15521490985522,0.10790326712344286,0.009042178494997416,-0.4572241574729601,0.6104921010700181,0.8034032418476813,street_level
13.455422648797931,15.217576149640742,10.963503235416688,0.07257893279151541,14.30957666709506,-0.41473686891328576,-63.678682670114355,8.330254673144834,-1.2911948568595488,-61.60671410071126,0.5430865511757252,0.007999731632948787,-1.4207245843082585,4.2846197592682,0.40527466948939467,street_level
81.56604844098263,43.43301654881281,15.596892314305496,0.7510804894474927,3.675299202157162,-4.324667024489932,-79.00194263545188,7.4852482998885295,0.4768752840791901,-78.47358329725958,1.0786939548233232,0.11858360282632513,-1.6002956673099114,2.387273826291813,0.41557467708460677,underground
22.762342309670423,31.148219216888627,7.9275342111434375,0.043795908759310415,22.631496757055878,-1.3611752199043048,-52.273471009312004,7.286534804613557,0.0960743645253368,-68.38172718968941,0.2990956943120904,-0.048361974268112444,0.40903361668904026,4.598237428161666,0.8542402205980946,street_level
7.110014964512388,15.19243647333046,0.8434651373099289,0.03731467006441731,11.544084336767531,0.7531625404196909,-52.610233672177344,4.624712646921897,-2.2994077126497583,-79.14330546736213,0.07169010641333814,-0.007732764890531339,0.18400437263120184,0.35591084829681635,0.6745838903732565,street_level
21.094126842927604,61.951532415872656,33.62421274754025,0.15314529823309858,3.850748495910367,-3.704071504350795,-77.09901254948079,9.634531824526603,1.4284956416830834,-82.3028432141292,-1.173022761029349,-0.09620088670076646,1.6645345123068491,2.326699500202477,0.9268023082199911,above
42.98021421584539,70.59069574659563,31.04252929365177,0.4292909409390304,3.9837960419887155,-7.130732097947317,-68.97848962142923,7.524208086489453,-2.927197690060124,-87.5973378051622,0.6615799889879501,0.05721916237337796,-3.036123232270586,3.3688579339451605,0.5295528643110305,underground
16.14665301484253,34.10848386822709,23.480414326796893,0.513864520009593,3.506218707359776,-6.126312468842309,-85.33572558817119,7.2110149260356655,-0.7049869542565723,-71.49128484618925,0.6534842631302828,0.11239828657790188,-3.0884931837326883,0.9959933155115451,0.7539112406248547,underground
12.450641845162464,46.86401112714233,23.336642376377256,0.17425525817044335,22.746189820391074,-2.3218606682982013,-67.0629437860994,4.0857365106743035,1.2590958326590727,-64.13855767682728,0.09454573298338267,0.027182500673889144,1.0982810037352237,1.1886239081252588,0.8803562915349697,street_level
19.081980570150286,34.14658426304929,16.738089118081795,0.21642584753255634,20.547443141976217,0.33981465137038835,-64.47332158224862,5.9952749267433205,-3.7524731773324964,-75.92198704523582,0.14242451139701737,0.009190500804086198,-0.0478023298818111,1.318128414561372,0.9828127708240328,street_level
21.774489610922018,72.31562267679926,26.811865863391606,0.29502413233817654,6.020026185939402,-4.719114086675068,-63.167811267208364,4.540150900329495,0.7343461437207655,-71.71194327770701,0.6204511528808422,0.03882244624337449,-0.9677474876513656,3.179335410435651,0.9433359251581532,underground
24.623906678999614,29.22608023301815,10.09691705370137,0.13971634705645716,12.910169153573985,-3.079783994749744,-56.34171766090188,9.855835376909914,0.9224978881804771,-69.89757250830327,0.5393217167527105,0.01261318812663989,-0.8260588328342386,1.1480266627558635,0.6853609091885046,street_level
5.677098565770922,10.98863104310434,2.1921862421269154,0.14395331721294613,15.31713475121489,3.158494488207417,-45.834531452318416,11.708459415708694,0.8991807767282021,-52.9271122322596,-0.10116068084910268,0.007658801499160144,-0.11744323702842441,0.23989307613912925,0.938896012469613,street_level
31.289395298833885,37.481752013817,33.511005119920114,0.1264352955573275,5.137265834172677,0.17056109949011322,-76.45372088475726,10.013364131700477,-4.244372674328474,-61.0538469064977,-0.9616803027689584,-0.13579953946905182,3.1927443791608985,4.172954750783405,0.7386849303435351,above
18.081232121644387,56.56072329359328,15.759339677241584,0.1429188397525803,10.200050418627,4.45607886016229,-59.21445286478455,7.395179151284569,-3.617841595837314,-77.93569232748246,0.08064319839757272,-0.012435370381834,0.32952579434448825,0.8582525560047127,0.8910776885520915,street_level
79.67129851489727,119.41514674953707,79.11878641146006,0.44647039990203813,2.0782091370563416,-17.829781555006313,-67.86884282540646,7.765681158547615,-2.168235035044818,-69.56504560863392,0.5501447103340882,0.21464360475570649,-5.300700462358931,3.9794159204345694,0.6622190221406794,underground
82.32979425803327,57.744567619850635,27.202728834006578,0.724947516808825,2.3533212514631585,-9.41160652798006,-85.22220349952632,7.157505479460367,-3.424192273452313,-89.8007573658429,1.388788123850753,0.2400403228786017,-3.420888970130017,4.022478193245056,0.6855772659482968,underground
25.82333912043377,26.654615374913405,10.29770810679307,0.11948866508671252,20.215520512331764,-3.5369343531539776,-64.16990065168989,11.077471754144087,-1.2335598406331671,-68.32016715314205,0.15536086558826737,0.027656565315934724,-1.3465242584939112,1.2471581897244066,0.9572530324788928,street_level
24.837251848258127,27.31844589701211,4.870990528963392,0.1912325861162424,17.387985545710535,1.10034549213609,-69.4247575565366,6.531048871646773,-0.5003671404445509,-73.39947467463821,-0.05253329046450972,0.0588274692884882,-0.07666532325954023,3.2030840428264886,0.5297597690486011,street_level
34.284566288973636,43.27564006946407,39.146596235280484,0.37818108386322324,12.610111588307335,-10.226378522729203,-59.74054139683166,3.997046098221326,-4.167032232000139,-94.15019728101579,0.5171183273051909,0.06123266895016105,-3.0476532147486077,2.2802376695202335,0.9828259946070617,underground
29.934867399111194,42.51109001787778,10.963194507505111,0.42517250501007886,9.336031219199626,-5.778197902168379,-60.5362652946654,9.366938741110669,4.425366508937762,-62.16544323879862,-0.4128372145795858,-0.2197103873211297,6.107485322102373,7.178255156259467,0.4836321034008441,above
21.179230287857493,32.43713486375314,13.969830555696841,0.14325024369490444,15.460101813314346,-4.835923611930544,-76.21531273883535,6.543241858916278,-1.0239555209160054,-61.58368356276273,-0.0524396655375549,-0.027012250495458884,-0.3738941729387899,1.100031233807513,0.7287813430284555,street_level
35.85169604307595,46.95227035407116,10.892985782282294,0.33907637873890795,10.875658242250212,2.9868112915088396,-76.707083289044,1.3695218742490827,4.4842592081974395,-76.0445064238344,-0.8182688091036525,-0.0877300072038818,3.988884727020607,7.456734320115493,0.6841353944665605,above
11.813478697108318,10.008898829454777,5.451334351189415,0.003258842637610815,21.125477647826564,0.17601420537042856,-73.99328755163981,8.893164243787654,-1.2008272581451473,-84.4426478149641,0.03523199901024199,-0.0004927393414055452,0.14700435682726143,0.6899204708848297,0.9781745439987908,street_level
16.504402542355734,16.511010755539015,7.183821298587085,0.20166256503264776,27.235392559652958,-3.0351645438745622,-71.62191837912737,3.663020246586958,-1.1133000148809304,-70.75411338553928,0.4450318290600055,-0.06286474903153857,-1.4309318146745529,2.9211039930925615,0.4548990365796911,street_level
4.437966931582477,10.151825982813303,4.870488462154906,0.011871037942040124,18.149732361256106,0.6709259739830165,-55.49592706704212,6.682969435261159,-1.4178923579474076,-50.969335214921045,-0.14328351390408994,0.023057685934382684,0.4902773381707395,0.6148842507315937,0.9052930431323645,street_level
30.536636873925584,25.605134147165597,39.07427722211936,0.35786127732285605,4.62683054227085,-11.055769699749298,-61.48086512828601,6.793858311800903,-7.939697897612756,-75.98227483934441,0.6866671677387131,0.055096835648371506,-3.610108660040638,2.712961628719416,0.8771721204788112,underground
57.849716848576215,40.89629669919142,64.52121191772221,0.36819682746042026,0.41880878709848246,-11.304574019715584,-75.24766667965936,7.377933359394496,-11.92755298708309,-74.18838602985484,0.8836881992944993,0.1173355767480937,-6.7192400386357996,2.1230867514072598,0.9670494125640475,underground
29.427813130332463,25.27989746790621,9.038008570650192,0.45167457209966067,12.980809825579776,-5.3652430540355205,-69.36772974464483,1.0352506273377,-3.6232004650785443,-81.65466313195238,-1.3233322437457666,-0.11546071362424928,3.659613479400875,4.315033637351089,0.8832901310437609,above
19.735546463175694,50.27534088604616,21.322901334862564,0.26485042056661795,16.746304043543013,-4.934502863456267,-64.77810490701908,9.229496889524754,2.323132338667506,-60.23084292306752,0.11881059373820577,0.039390913965299326,1.2176771118466982,0.43741494159090455,0.6778012944376575,street_level
14.720099065506343,25.961971442898168,4.11029528581151,0.1555772806416601,23.83015411788331,-2.203332463218933,-52.75995858779527,3.1212441624959952,0.09593662788132207,-57.56939065479058,-0.11293482977485036,0.005527635633736039,-0.4284805555276945,5.113271049097912,0.4681115713603688,street_level
17.32350433800236,15.607542531885697,14.243405474999651,0.09666372313701337,15.830337031506659,2.9476098998899394,-67.44891368450095,5.144715868851248,2.2800982952073667,-72.51241706218642,-0.4689332524529265,-0.0985111776098282,5.8792184312180495,2.887519111514646,0.6075663545903565,street_level
13.966142488165266,31.926861039763143,8.778663627300293,0.20466490851072638,13.06645797964196,-0.9677539168245373,-70.41108562104483,7.409770694634354,-3.134178707188008,-57.93954873868528,-0.07677486939874947,-0.016310300720747843,1.3811624728350504,1.1281059893549974,0.5841636862184807,street_level
38.025368679665306,65.46755059877383,9.71013488584239,0.14878899634395937,7.743994668145989,4.19889894087455,-80.64453351243507,11.290349396707876,-4.72875097978312,-70.79118393116201,-0.8550408831182481,-0.1281129263006256,6.045115135767107,5.842558204115795,0.5913263215472683,above
25.07059406587875,29.645439952727898,23.368998973250587,0.14308610778402123,17.205208075848844,-4.423025695377717,-73.14801474111073,11.068670562849293,-3.9167757283060407,-57.42501494594334,-0.033406811462563524,-0.021307042049693706,0.23654384296362685,1.6546412654780405,0.745580919087242,street_level
49.572482536541955,49.986597619746036,49.158299481833744,0.9104204780411022,2.0881922411982625,2.568469401650983,-75.21500640615137,3.2142425190087014,-7.04170708558273,-71.18768936819335,1.487813913289759,0.04096489857873664,-4.34629251016165,7.140248316963742,0.9097996175240061,underground
26.441518183930818,43.52454585980715,20.379853272204926,0.21298941276479316,23.46152612915056,-1.2882321147608389,-65.74953514414541,4.896501104550616,-2.5015028725078308,-77.99508533985316,0.1418802256897279,-0.004070998363648978,1.3986407177037257,1.6766959224379097,0.6632635932903888,street_level
21.482279462420568,59.75775385264105,19.93896130425572,0.19809783979142612,17.482172723177143,-0.35059061649418233,-86.51644848682987,1.9953916304406147,-5.3127950229179834,-63.158205988257485,-0.4904033457550774,-0.06284948458207687,3.8320440609067457,7.389531580950783,0.4468197735111745,above
6.389996218216378,14.599018180028084,4.894758516648167,0.0425402858588284,13.689197715381969,0.23417567627627633,-52.244190621193255,6.539677104390848,-0.8106641631357521,-52.881074494451894,0.04275534184163449,-0.011701272777920536,0.29507175693884,0.09108880843409795,0.8605937759786125,street_level
26.36851671057392,53.451918163636655,36.01564602211328,0.30411247584642764,12.143675637745229,-6.374930612829651,-86.84649446680184,1.0463935509678128,1.3689701532860674,-64.73352357249786,0.47620429293996913,0.021843722383994974,-2.705581959079848,2.146788456707466,0.6427255986118499,underground
31.829193119065046,70.55320194410504,27.219973988728025,0.285177955244171,17.468520274153185,-6.362152644412774,-61.342788089433526,3.063428767047828,-5.479805894907375,-89.90548674926373,-1.4772266479527085,-0.10608081482606985,7.705005608220121,5.889751639693806,0.5204206893489173,above
29.337316805183065,57.74717355382774,24.472347824657923,0.2057028551104551,17.926324797887393,1.553809546986674,-68.87304832368426,8.51376580383867,-3.1180344988696875,-56.88311969034822,0.1904902790198413,0.035657231214223054,-1.3543250249473693,1.46273846085216,0.9423285622429625,street_level
34.47300456034867,101.6986005772712,60.50306498740549,0.36714244537131957,3.659616064120752,-14.217621924279516,-68.76529188940032,6.265306296559664,-6.267073688552371,-77.57798248018071,0.963210714294922,0.07274240058052858,-1.9634322154007098,6.4045724803931865,0.49413615233657915,underground
19.26305652015965,57.62868416751638,24.573210055065484,0.4842804176469414,15.40619750022859,-1.1066779676656218,-68.11396751083366,10.112791127626565,-1.475254322326501,-77.616530033419,-0.4480100932951876,-0.04832848813706256,1.537772639582791,6.472790255266064,0.5577912897654254,above
31.84190610593755,52.10807730136051,17.169436971613223,0.24480307049813657,24.503567457729297,-0.7079988033111313,-66.20721101867598,9.63487067462018,2.7570689232525725,-59.76897844147977,0.13716559869606007,0.014670371629229954,0.34033010254143425,0.7085297312638581,0.5531469232970769,street_level
33.577877419470795,60.31444198496465,19.13889020418563,0.5631696257170828,14.55526168634857,-2.010777745352012,-69.22908211390084,2.546089223326884,1.0665076366696304,-72.11687728886677,0.5501821808656561,0.0724267479517905,-0.921715365500205,1.0215783802461766,0.4423281037191928,underground
44.85016016503162,51.490065657469614,23.422350207085668,0.27167975032472713,17.45987354391673,4.89677451768396,-62.115103951577865,2.6695802423276596,-5.66460344846997,-71.07286690788602,-1.3114367257967452,-0.13620987260269377,4.318706457406052,3.4777260179721905,0.5117637474112208,above
40.11771130521285,79.77160745182596,8.530726130415825,0.4051121271211259,11.061952250244312,-3.2461428724793624,-72.20411867346678,10.50409113897234,-5.219830278420911,-72.40519242819971,-0.3559352820077075,-0.13096520709955467,5.031117032064968,3.5865906171130035,0.9474314253525667,above
27.996836689507035,35.550270615947824,12.662523898537916,0.21263967860029265,12.296774889178245,5.19247854719584,-61.470881896759124,2.2540829310058337,0.6596309227593773,-70.04384809869882,-0.3797402551251301,-0.15930584965081662,5.370225158685415,6.700866934551931,0.49241995264535865,above
11.840532552943504,26.039688543566065,5.153791744126223,0.10149333495325831,26.99281623938668,-2.4607468181125,-65.93548812691604,8.102564392389644,-2.365413458904312,-64.41910318347763,0.06892902111388488,0.014838995166364749,1.5886341992149937,1.625455767317729,0.5629311757431532,street_level
18.989732825939665,34.2097094405824,10.915018114751888,0.16133624134096572,22.30637723039433,-2.3573651902797077,-66.89294592778126,3.7109722223061334,0.17090424849975605,-61.54700332423299,0.1471037610629629,0.007504663070277785,-0.3494999088064299,1.2310681221439268,0.7821884887584389,street_level
21.08773587863748,21.4992938668114,9.643473185920648,0.15434909737205874,21.399320601874884,-0.18991170852068695,-60.787783841102794,7.219183575282598,1.5236399664884868,-75.25501437976844,-0.4474980127597368,0.05612854891026747,4.776092234885235,1.1342826790074643,0.5955937768892822,street_level
38.11132789033762,72.0646432108762,37.0092868389139,0.4188449730149381,6.615765369187689,-5.443137813889705,-63.72274153721939,8.386356695862496,1.9463145776066693,-81.99885793516388,0.6417744467587647,0.060625423467139186,-2.7198043035636843,3.627011368163835,0.6735264593909329,underground
9.645331204065911,9.936672719956334,2.695155571887398,0.11936273169257589,18.38841962455485,-3.5903363578933325,-57.66423842605934,2.51692659565668,1.8292431636077762,-70.42084610618838,0.13778995144784587,0.018665234931189593,0.42307364913468326,0.33895076118047973,0.6325606538460922,street_level
30.050959061080377,37.856319519186115,11.137358942899613,0.32808797296303877,24.073497197207384,1.1582495582141359,-51.421769922301436,5.351875336947689,0.1858871952620218,-61.011132833352505,-0.05223169432295357,-0.017006414831277246,1.4378656439065258,1.1566444147308148,0.6532503895535411,street_level
33.58971738403891,30.18322545232693,29.34659303644863,0.2343659954673747,7.669572326611943,3.5006041268163486,-60.84170895109388,4.418692212223408,-5.937521961595866,-80.71029855856862,-1.2318833972821968,-0.2197184199608594,4.831798272603395,2.6967615334622774,0.498755118786337,above
14.200900647048815,48.03293366934326,15.308986328916859,0.14413656841227487,18.984872561253056,2.770679965536149,-65.17147948546456,9.037767869180033,2.2527280206851437,-79.35045974663755,0.17966278444133735,0.035672758578630726,-0.697303012759098,1.5181784852992917,0.8644727766951418,street_level
11.691356270587878,32.288148044618595,7.61200557175809,0.06701864904120465,18.057201454222593,1.4703042874254129,-62.30626852743137,3.058822023022584,-0.7442433919671747,-62.25884468641435,0.14735274490183115,0.04042958526927096,5.116437262127679,1.93974809432667,0.7950675494462175,street_level
22.382955336535638,28.473233056825716,10.91103229991273,0.3312125005607366,14.497078973014535,-3.6357313094955845,-66.94218469631933,9.916261479823692,-1.814677895151724,-83.2885368844187,0.11001103653982625,0.034088518122116204,0.5379793517124507,1.5304116664563214,0.6406811539682495,street_level
13.491745085101702,51.40492246905188,14.59517099294137,0.12303147310744281,18.047598718885116,-1.8344067822842955,-79.41383220882726,4.335676475477811,1.6603963426836215,-57.556216207457595,0.12005338609806332,-0.010218915690092787,-1.277905373399018,0.1638835470555151,0.7813911143680101,street_level
18.336054829382054,24.584947800179542,24.119376301568096,0.33901955042655973,18.388678450906326,1.0649707849353298,-60.249566748809656,6.065961339121701,3.2879934989644486,-77.67115911607293,0.02307991963685041,0.02523913599885868,1.4066005157827557,1.2340889892370879,0.7956390975922372,street_level
6.336622284162306,17.82260637854616,1.694616917354601,0.12530600228384994,15.195498603409202,1.7152566049681273,-57.42258254141608,5.5333781644618645,-0.6695761499338087,-68.60410672101882,-0.0037275371276998537,-0.022248030413331718,-0.451839431106702,0.6431567946289101,0.635838164448397,street_level
30.029518807654103,45.515546359177094,16.584504996045826,0.16131767101715433,10.05997915883811,3.5949856910729245,-69.96214713375865,4.968159030049884,-2.342199462038125,-81.47907805842905,0.16757537241822143,0.0007092497142645524,-1.360597633013164,0.13342865391359315,0.5403185958969946,street_level
36.31111906280971,25.35464144410185,30.68966176891656,0.3893709175480331,6.637165483820336,-5.745998887059405,-80.03823683378216,4.582315376747448,-0.07620253219720041,-75.19898938588938,-1.1096016627604988,-0.09614653233153059,6.00555290375379,3.57307647898355,0.8122962289749337,above
14.373690654992789,71.00638904549801,30.981126406109155,0.17416060645561685,3.9885040575071113,-3.105442111510774,-57.48193835157936,9.357187887751355,-3.050912709705718,-65.82027097706187,-0.5759134950198993,-0.165345989024067,6.4759448192592,6.506393546412924,0.6348320910585629,above
6.623265440601661,14.968720421943363,4.267187164137678,0.04106465810436652,18.159188620608848,-0.779830764353334,-72.7551022869338,4.00292295999029,1.2197607091755724,-63.36011042156055,-0.03858815402552017,0.019526291478793423,0.22352049390709638,0.0055580422802292695,0.9073848172083894,street_level
61.920522730812735,107.55866422071374,24.626314236484227,0.9794835385908611,9.657797516027257,-2.2684899028497654,-68.582945644317,6.726407405130652,-8.698550491273954,-82.95231717923849,0.4588491810779966,0.10826236787410418,-4.869932203866931,5.024170359166931,0.8676038141295866,underground
6.076361756588301,17.6311595014687,1.3995694152659837,0.11929610201868521,23.514782477054215,-0.3779249826661344,-55.869799809912735,6.3735189825910545,-1.1199626657991824,-84.0672585190611,-0.11362183396271877,0.0046973565057755046,0.0008666143277590299,0.5959428964383628,0.6784930031862219,street_level
20.831884063302155,19.717678956080825,5.6970764813978665,0.04324776227907566,26.85671491094693,-3.2041618476341096,-55.11932076171259,12.66734092337376,-0.43681301742885204,-59.28494583585892,-0.022291705744605372,-0.016565765338210886,2.3590728265828336,5.94174583770536,0.8594415084097529,street_level
9.630366030137296,8.277227313111826,5.927348514782323,0.04338172725442544,19.83410162145346,-0.6301222673964633,-51.602987826904496,8.830369258839662,2.5106852616225295,-71.01107551324284,0.04678760828228287,-0.006222296701884008,-0.18815724292622094,0.3121813609811783,0.6866232866174529,street_level
21.247938545965738,73.85119060040508,28.688967671482196,0.35834613920177777,12.263160119753449,-11.67940668407573,-79.02410061701886,6.762695917223021,-3.363507801461277,-92.6790552515951,0.23832118035570904,0.024774016992198826,-3.9526616695180308,1.868075734341144,0.5524319404765052,underground
27.143517191827115,28.189099232986443,20.138765807745187,0.12520243980541904,10.076661502787715,4.9205345080527465,-64.2037526126024,10.380277705063474,-1.022134187962565,-72.1443937931083,0.0967570423516268,0.03653832067197081,0.9136653206629433,0.2654799563469581,0.8434825823362357,street_level
16.02063535630413,48.44982279426047,34.51918136447646,0.48414277517823856,15.398598057541497,-2.0668051177297526,-64.49501019684872,10.941793896739147,-5.687459708611637,-63.867215038337925,-0.5061565723215465,-0.07997305841705421,5.250138637685724,2.5502573314550907,0.8732312347838282,above
12.123163965576039,47.17220056747853,12.33444587390313,0.11303846907073353,23.572773142099514,4.263519538506156,-59.803780377067056,9.232225608567532,-3.374041892207975,-62.115686516218716,-0.05271574754837338,4.851305867991165e-05,-0.07288218492881704,1.0779389306150642,0.931997170171631,street_level
18.600459157422193,38.86555230820571,17.874870485690664,0.21652230097832859,23.124620001781906,-0.5261142397152838,-70.49237059585214,6.79110351778632,-0.031121087549842663,-57.0550171209015,0.06978225170369654,-0.02320401363527781,1.477780795680792,0.024106483826278335,0.9440219407457593,street_level
29.406353576939743,25.057148327291163,30.423127911314243,0.5237798970036005,11.375214545392772,-9.994604501953338,-88.69533727721625,6.821100375689362,-4.612501054226989,-62.281899817416154,0.2744469797510801,0.10977603256790988,-1.1733044282719778,2.3030896979287894,0.9248589498135007,underground
25.875588007062426,44.67515259361973,19.60373326660873,0.34102969347585366,12.526910309464775,-0.13726512996650264,-53.165063538689374,3.286517023671557,-1.173056072527829,-74.60533662798274,-0.030375760425142284,0.009009968871390356,-0.24255576315354777,0.054236173402714805,0.9246852528857887,street_level
42.94404643594092,65.38332453817469,16.09116297359724,0.49143376615964895,11.426255751586291,-7.9404431204986725,-71.66738275121268,6.787325390604188,-1.4622937041166244,-71.67677002252756,-1.1037840007233983,-0.21476527202226647,6.731446051639883,4.216864746327628,0.5168685302044568,above
22.468436790126187,30.131997045299265,15.300173631450846,0.044461495986834694,21.276961545881683,-1.9725820782357104,-57.786745192689395,3.7085086259512763,1.5311148867562192,-81.67843214546365,-0.46110881896807626,-0.07318114807051422,-1.940665135751817,1.379838538054043,0.6407150015191836,street_level
25.67177145757406,28.388878427751486,13.770479995590215,0.1946704351033144,17.65601333591964,0.06290460064257264,-77.36002914626233,11.041704087143883,-2.4035826581577977,-70.25170794500586,0.16749162283087524,0.03321362355285752,0.5998904247150847,0.0885728480391399,0.6452992552426313,street_level
39.68442054858778,39.03947467605414,24.076526471358356,0.41402891303217054,8.247901014486812,-11.283608564771693,-60.30121958583165,2.0626353176835965,1.207157469277261,-67.21688935712173,0.3314577801033326,0.07367057684376596,-0.8801394031927998,1.0927941195513204,0.46813301343833746,underground
8.907857321113779,43.7922566836443,17.34253307427416,0.09735767388305315,27.1904647274366,2.533573043176558,-52.810935711719594,6.2348429884282695,-2.8340755948345437,-75.75599089026318,-0.1007913646308003,0.05669415919137277,-4.684864580485464,3.435595195349385,0.8156149358415891,street_level
15.241416531079967,17.492748523808377,15.941381874199552,0.0787600015297239,23.242532835426367,0.2498346033696528,-71.93362396674583,5.772147688369947,-1.0306211397948644,-63.694327713464006,0.2335417353649789,-0.08302031027919508,5.415514175561343,5.006318372829399,0.6639393243886178,street_level
86.40644043858475,65.27373658619551,21.728780123785448,0.4933016953307634,1.4349498525701032,-1.3433250338054599,-88.4798624844043,1.0575353172449269,-5.258690037300473,-78.0846672746165,0.6400105627449696,0.17638519698591154,-5.749829528446586,3.585724880800741,0.6125848391719423,underground
26.970309526272736,46.138024422824444,30.313169323474153,0.46709362387415,4.611049081397127,-3.993724697208437,-58.40147535386099,7.3598834748995,-4.714165423192844,-68.7903579717808,0.5211121874129744,0.021099778093377135,-3.9289755333921033,0.9018720314267417,0.425059587834782,underground
37.24919171219131,58.238258193434795,11.992281603036094,0.3434197360597542,9.289414846708635,-1.5756101397431976,-84.86679522689329,7.241373167331032,-7.539272431501896,-77.32363952526214,0.5530720233346391,0.0671555610423277,-1.8129406081205919,1.6345280086832248,0.5659723628911558,underground
30.759922075940256,43.92127014228668,26.04642464978836,0.42344298508237443,11.695494182374551,0.9659616002659259,-80.23661185262175,4.998007427709872,-5.379438044704127,-87.54156813482847,-0.41825607875296456,-0.06425531512825366,2.257261375665375,6.93676860135578,0.9169138075654433,above
22.93521527157464,38.0458994183191,6.624827395586055,0.2141920675766632,22.41672533918083,3.8189020763071664,-53.88736256699792,12.377307909099702,-0.36050700791076906,-82.15685510514568,-0.7065785954786311,0.006793084854859938,-3.671695396997044,4.3806388186836,0.8195815903654612,street_level
12.339476659587877,16.859150866405088,11.601239040756292,0.1941085868052333,17.466304804934502,-0.0031953067479539854,-66.96073439503132,10.753851480922119,0.03790297571389001,-77.53854539976345,0.13264719977112827,0.02468455033774697,-5.850264229736065,2.463558659515805,0.4574094792470566,street_level
24.675775449590446,52.16374642626142,19.56780241338714,0.30684968040125116,21.71208805740039,-2.4091751402813366,-57.56940477470652,10.993269797776989,-3.96707324379006,-65.3041045445672,0.03823768116108847,0.027778240182378462,0.7800896403070681,1.8141207528236531,0.7984126208661636,street_level
13.030949281798812,22.46001224257187,6.788752238291908,0.07596259986545009,17.03711914822459,1.2138947183990307,-59.635565210815415,7.533472598263111,1.9815913425643208,-55.12785677842478,-0.6813784725809882,0.08151326447795967,-5.977128921936471,4.704244894570304,0.5861915883674633,street_level
51.97705628959794,109.15284472475348,34.200451844923556,0.6571192071370426,4.412029354152095,-7.658975922539533,-84.55425643076096,1.6675825942291311,-10.680488365599913,-84.11302508694521,1.0354301995619624,0.0772398918867726,-5.784638211904118,7.403700692144157,0.6553484277883741,underground
16.844026844570173,53.812753349288414,23.383670997130345,0.26452485748939936,3.8642691842326773,-4.793461203861646,-77.41771574743908,9.211822668681105,2.413256281736233,-78.57893224397091,-1.4277832069665601,-0.12136077686151289,7.327847039516509,2.5515282942257,0.8421954642318998,above
10.796750741887871,15.656278190228768,3.972495485029202,0.09914161345752477,23.962149675925673,-0.5876011880243546,-69.42640107448663,8.231791513015112,-0.233239265088812,-65.48207561036412,-0.10222851432822114,0.027663789238619146,0.48072364484461694,0.36686761520189004,0.6097098643198453,street_level
52.9193799460612,117.42494256106097,32.60651275438278,0.6317708450216248,9.586630699567966,-4.349197589209961,-74.17448488365103,7.1971719075063305,-8.287043948578127,-80.69540178755327,0.4668321572341614,0.12635287144927965,-4.056476820789479,2.7084561703622176,0.9917184610985007,underground
8.022226643031772,15.599318239280118,1.9968698743191013,0.13058998666885,18.74887849193683,-1.0969136364826548,-64.02781096893396,9.514193381416336,-0.6207597100143394,-71.02486482535832,-0.13229236725552668,0.0020557639977542078,0.14707515883590772,0.04536554550208863,0.9008418897357247,street_level
15.80190053023691,38.57350564961247,11.731150168404202,0.12273832631597335,14.532993621809695,0.7348635640626382,-65.59636112842945,4.334835100573192,-2.0590262198155562,-57.62608907718846,-0.04504169149256987,0.06268864873402483,0.3971586950055226,1.3146470036173739,0.4886385578706011,street_level
14.029316049543734,47.12293189118478,24.29531077724378,0.4429676682758106,6.834399631298376,4.68750789402451,-80.6759795155048,2.461285173108959,-1.6337565287169502,-60.02613612320296,-0.5524123980927738,-0.15842021527280575,6.296339168059492,1.6371769881146105,0.5738572815651323,above
14.564953820774607,53.59688596310672,13.620310425691631,0.3287721227034734,24.92034252829943,3.6991699104298483,-66.72637710107381,8.669770900938746,1.01878025421812,-61.49845022925358,0.14782280807120735,0.0036500826685327142,1.323700198915715,0.8419948181396528,0.9795413832185297,street_level
49.412806568259896,98.47806906847765,65.83453254983623,0.8755700709157329,2.1881298567820853,-16.199967326109032,-66.89472358597199,6.214233392730555,-11.928362350732236,-69.3568021650968,1.482825129953023,0.20147032373496238,-7.140574058184708,4.617776360942026,0.8416475122333393,underground
31.95946500142643,34.5522103178305,18.875781672602773,0.34786351387486597,8.506728648571675,-3.970058458583323,-77.90355953342919,6.362580406168904,-1.145803420560605,-75.60344818167432,0.11776630384808731,0.018113632392433215,0.3013325479301492,0.9367661321997918,0.9523136007547431,street_level
22.651468571215872,30.233256698476502,19.601640433364594,0.28873803791252706,8.44668030478021,-4.735006629900889,-54.880050515947666,4.122727231925854,-3.0991013331996484,-72.77541619493017,-0.014625084013321105,0.02634602882243378,-0.7152991528285901,1.9113994260176614,0.7814182009001273,street_level
18.293454133735537,29.56511502263826,7.921272835219012,0.15497980522671329,10.772658213851866,-1.297294867109712,-63.896016757695136,13.902580972552,1.9501662449327437,-69.24648796319059,-0.09121294340728525,-0.09676474600467365,-4.556040809301763,3.7157172057562793,0.6384495618113402,street_level
31.751596853052405,21.248890090787945,16.335947039157077,0.33245167756984045,13.746015315069315,-3.860689885801174,-67.15468910761682,4.461445007116321,-0.038490493574903084,-57.89071125734757,0.14077042914663979,-0.006300330444001759,0.35378789504054664,1.6516544268404578,0.5179530716284089,street_level
38.795376493515846,84.93770973688149,50.96303822363525,0.9615915595290871,0.6574369175507111,1.022197023169653,-65.36270587870092,0.9068609724052887,-8.956794548906672,-92.43920493341997,0.5747539153674963,0.1980378771619465,-7.967464587734241,1.7593254688850561,0.8646614759662958,underground
24.28487354504786,54.48714698937576,20.85632087015842,0.279120709843404,14.866935839887283,2.4038976328935,-53.17915857375989,9.326289031996641,1.4715696559608835,-83.44728013767875,0.07939504307731513,0.028947705664285527,-1.4188261458266387,1.7261320877490713,0.6892923859134186,street_level
19.057058951877,34.98772812089723,10.122618046747217,0.03858477542710515,27.605142154609418,-2.856290566970146,-59.43379516385396,7.076500652619167,2.7642179024640754,-77.46700855895035,0.6893010890384006,0.011210787917750098,-2.4187892693692215,2.3186079142882883,0.4135856334983914,street_level
7.759765317462589,9.442579907934169,3.8539867642052057,0.05585783022097094,23.56236279544059,-2.1167847826461195,-63.35732742104817,8.541040123297211,2.6123763302620926,-71.24194020459267,-0.11684028409187347,-0.016184515571795358,-0.37452338677431474,0.5786979812986456,0.8255158345272439,street_level
10.04418977588119,25.96380234849503,12.222902756806024,0.07983448171611794,10.426516546398188,-1.9090861884315453,-63.98582996562694,9.302923497609903,1.1562156447088396,-64.96626556567517,-0.13415899423866462,0.03633368490522454,0.4239130856218294,1.1563167316548815,0.643870023634207,street_level
11.380374720136274,13.2806614604587,0.5968043259572167,0.07197097565593123,12.411576931134608,-0.4412559596355319,-59.66207660551126,7.659742344374854,-2.502918792678562,-75.36120045981926,-0.0929067418020885,-0.028755992083558016,0.3578555667863448,0.46990797694444847,0.8192489445121902,street_level
11.95479420891769,9.898657616395365,3.8069324217909335,0.12458328548448838,8.99326925732798,3.786088054514212,-70.45875160456845,7.55539424004941,0.53912347300317,-51.92517987315961,0.04813333763771238,-0.009831537279785876,0.151903693747235,0.3751304431570267,0.6839599602143638,street_level
31.064329704412142,43.86331218168531,22.804902838959542,0.22799113745107194,24.909889571638487,1.5088302037356938,-74.00093270608659,7.671624882069446,-0.03412594142525993,-62.62353203684985,0.04213839992426027,0.001291644034448064,0.3892206995899046,0.08064537103227498,0.8014528465832692,street_level
14.121801584519693,45.383296394067344,17.708815650403857,0.22570791715513297,23.660180597387566,1.462164411087131,-76.39449517533846,10.73307047657618,-2.5187879680401952,-81.34819404888025,0.10378505670141955,0.0003498016636061495,0.9229863281425192,0.7425052032438839,0.9844478472608544,street_level
24.060905189651756,55.74336029034108,20.155315349417698,0.14796823757276834,17.679352630793684,3.568161430938389,-63.155691414250825,10.507555943900918,1.763232015295518,-76.66709738395244,-0.08472777184325048,-0.02092314369658096,-0.4189741605925015,0.7357065899258255,0.6768677072551386,street_level
8.17361110491608,9.086732969435088,1.4013010540030983,0.11015424706692142,21.83226039782876,-2.1361290005200253,-63.44725623798769,3.1384591616636177,-1.1595662070825672,-72.06198435799446,0.08180003334211694,-0.022205419806877694,-0.3646115484929092,0.013790903360413687,0.8760016909433012,street_level
39.54308620582645,38.76032442709047,15.23134121202551,0.4107618509876929,7.136315513430745,-1.729890842707836,-56.164821294214775,5.990306783130957,3.3417114692535907,-64.04637507082249,-1.0851017886632102,-0.1819314987027108,3.813997225543683,4.642948060599531,0.6571312769841893,above
21.6951766750377,49.303755499930595,37.826337355830745,0.3311937171666918,6.736524129767025,-0.5725096299728438,-81.56075816122178,8.87025888520798,-5.30687766290796,-61.08857264983756,0.5129868708150441,0.10965585047192909,-0.8086888054514945,2.240532211440585,0.7803939761204906,underground
16.80180418717141,40.46244215077611,9.650893497642482,0.3201987539328134,8.291955381289162,1.6826740175965158,-60.65853387764791,6.699493414008442,-0.9113313918427597,-81.65717343970418,0.13026799431411384,0.026905559424950043,-0.9174264194544247,0.25373350882879886,0.5517641623300225,street_level
25.01141804744705,20.08155032773268,14.489375871095266,0.15682463009515102,10.405575262254427,4.226489142140252,-67.88392643337949,8.249624253645887,-2.315982807502299,-58.860602374697955,-0.08383623732771804,0.033237954697886554,-1.4159379066417281,0.05412390560967584,0.8599966617291972,street_level
19.634435385900517,28.970573993152815,17.2959813756244,0.04535283576286804,11.888974435559502,2.273079761139713,-67.87373966526653,8.214994658755987,2.610319159682242,-62.85589583317051,0.46313437467622953,-0.060827979968558155,1.2635605995517967,4.672708836610713,0.618369185189974,street_level
9.17118151840478,36.45866128071437,16.745442338712614,0.2068503724124008,12.983907711500294,3.73917870588566,-68.35565649813124,7.091245718012342,-1.4006901897780615,-71.23477973214267,-0.7724762408722669,-0.0968926712211695,-2.1997930010711304,2.7968231665218184,0.7614998497267291,street_level
18.215391493844184,30.290971033757245,13.672427694394536,0.3931419940311338,12.408246064658858,5.102814795823065,-64.30754088300337,11.506869000403197,-3.586220440081092,-63.37270267567012,-0.5673317663634755,-0.2398103648791004,7.416354682873582,6.283368892057822,0.721136065183537,above
14.632138738785779,19.547032781363605,4.094550412544346,0.02956699519953892,22.99889978312782,1.1557973942838018,-51.79745021464886,7.032704606537597,-1.3502529919392505,-84.36269148177514,0.054907312510486306,0.008578632896084695,-2.3151608313358794,1.803328836965889,0.5811572238736396,street_level
28.01249169512265,47.78026641736591,17.210879913935024,0.1289765118218724,22.044251357524736,1.2916165317760875,-74.50194658547186,7.456314560135352,2.6693147169337683,-84.1813353867838,0.018216684246253778,0.0027100718420681805,0.6080761756081952,0.8192029285813962,0.7948487821243928,street_level
23.95661484122627,60.85534633855649,23.438794454075303,0.28148108726095683,10.096332036734172,-2.9533040592685813,-80.9201172316194,7.310969103204803,-4.1002079214033245,-87.17359183095675,-0.4978573948998508,-0.17538799778963876,2.054297199324221,4.687783820529221,0.4265317597751752,above
28.152566537052895,63.816952023683776,30.784252548794285,0.4675901277145925,8.145347671489585,1.2123384004896636,-63.641828355283224,5.6592934021393635,-0.9545028091495977,-72.07200963819639,-0.9568408563485024,-0.08813178283648523,5.738623594920902,3.1448391168239747,0.5736385215194653,above
16.766084211908556,36.987492680153906,11.837778619585446,0.027739955587806335,11.404572685044657,3.0877259198208398,-54.991989112372096,12.088923362510082,-1.0940216932996567,-67.15003064063848,0.4574087003703622,-0.06834684692826798,1.6588533517364965,4.307009913166972,0.42062254784679315,street_level
16.385155073450484,44.204776259776864,12.949643618172813,0.22618177438402476,13.727274646693566,-5.000358103034924,-86.91777277902521,5.045680787519705,2.8737946660936586,-72.41782012710281,-1.348944746578252,-0.154311893844382,7.57169922564322,7.732484584445527,0.5205775686517126,above
43.77064434454399,33.04375466779773,30.554047124237407,0.4315914430696307,10.043438640730002,1.4525553486516962,-78.84351260613543,7.531812732330238,-3.344252218496943,-75.85662396026527,-0.9830550697107183,-0.23732203150378864,4.568236881604176,4.6914764718053314,0.5410912742420616,above
20.17908195813827,70.92451032945209,17.317315757825803,0.1204419687542592,10.015883651049911,-7.889242706199296,-57.31403826378817,5.017129168503356,-4.703687002722617,-80.26779826992143,-1.253830570459293,-0.048724102736705605,2.002904732490594,6.449073338336287,0.6714793720789078,above
34.06478543415612,31.347769785477233,13.614785721837043,0.3147469129691308,13.047631417273756,-3.583574541543919,-59.54662733939733,6.110998884880129,3.9042378473988277,-71.13466725904813,0.050915848187888746,0.0281161465714551,1.4205201221453052,1.888506876361093,0.9618162713399045,street_level
29.981161722739124,33.765704699317,18.896525221014386,0.2966091055827641,17.745165754365086,-4.911646242755684,-60.57504422323575,8.234172669466272,-1.0721319945748844,-67.75948173337164,-0.017875147562846957,0.018174211695912858,0.1916285227488823,1.4975361034593317,0.5085080551139618,street_level
7.509777875909986,10.754805160032642,4.622662493277581,0.11162875524469061,24.386788942199995,-0.39090475591514284,-74.15177707638713,4.003277369036857,-2.566956691835376,-77.67299766158436,-0.04538088897227961,-0.002374431200040293,-0.10368413571148338,0.651903916886921,0.7446049006561659,street_level
12.318465230818465,43.80722922086066,14.876751769232001,0.1503520398051637,24.977971253730736,0.814959608908775,-76.16498492755845,5.534236477728866,2.393596616545489,-61.419842104557375,-0.1464414422570719,0.00557089055278201,3.141820759781176,4.0314151388646104,0.6488401026114534,street_level
18.89686173383532,44.78376064302789,10.85614738166334,0.08936998977151202,10.705211997095336,2.831110406209735,-72.86479039807169,13.510901274258067,0.29556240481421714,-56.17664225252727,0.029917230584505683,0.058142550614142335,-0.5152276353669087,3.1300331013818905,0.666838069987149,street_level
20.851231505564805,35.05640456218843,8.157150864093552,0.0500978817114443,15.96719207425607,1.8524957838977105,-54.46501446176883,12.747006247386434,-2.866944366966112,-68.1282068615371,-0.24332713697143304,0.0036697380275418495,2.7176964728019364,5.192306527673581,0.6896208425226935,street_level
40.37523418033989,39.986397738196004,23.43726187146737,0.36511960409568167,9.098714516603778,4.056751544356496,-72.3151064677143,3.0364724937892396,-2.388441534653949,-83.43514840637746,-1.4476962420746013,-0.16318715803233708,7.601602685716223,4.869058094732456,0.4264793919736223,above
18.445394886524888,48.353582891372824,21.904169911992696,0.19169862145026234,13.315536142592142,-4.233855774152459,-51.83022608961028,5.571810740265251,-0.3950705067071496,-61.09505597866108,-0.018412308703327898,-0.0014512552941356761,-0.7204598853242697,1.1396530099726712,0.6483488257074652,street_level
21.784018993231122,25.794536985010332,20.26359294110301,0.47910837578573395,9.95331287127212,-3.411964816325682,-73.38515651258933,8.941788843422074,-2.8524346881077465,-90.503424905172,0.4615349649314493,0.05533808868420413,-2.020084890972437,3.423401037872636,0.9499303475711612,underground
8.99730379464682,13.237393344805373,3.0626112331528628,0.0883833958120518,23.97419125135257,3.585314658938417,-57.02957197750332,10.304857833832116,2.878528083150486,-83.63567854428577,0.14779438315256102,0.013189476704468392,0.17196149684341433,0.3703660770814975,0.907459876006722,street_level
7.329714143297981,9.547087466735823,0.018389515885314234,0.0119484686628264,17.8105915168834,-2.9755476039292894,-45.25164512613324,10.230034975294139,1.105323684094036,-76.42613850470055,-0.0004273852461942895,-0.021699556721453052,-0.04480968557048903,0.24703173345849933,0.6036306517176504,street_level
20.546815508261886,15.996105705866043,7.894512297565383,0.0695743107415317,26.932713470489848,0.7515396474907599,-66.19829825966802,13.102459232360706,2.1437629855362967,-57.76888392480334,0.1601001366750967,0.032790511608310646,1.4025156804404055,4.386530665066207,0.8580041876968364,street_level
19.980199185414186,46.278862114569534,27.140320552852085,0.1684095919822315,17.767663011973607,-7.332759025570749,-59.69785028874513,10.515971780847334,-4.556587990897306,-68.59014707171949,-0.4723861778482985,-0.13980302808435352,7.919910752119861,6.383050012330416,0.7564898158752065,above
38.81938109409436,30.9200189508118,25.725139575006665,0.261950649871689,4.531494795489097,-7.698592902477084,-65.8935387375302,2.220055905015253,-2.2890706459048067,-92.29465728659832,0.1623956017839303,0.11253488905329087,-3.286091653136075,1.4390724948155773,0.5857491598695981,underground
7.5938903231679316,9.591563907586327,1.3947181058307856,0.09173576344145633,8.410313455746953,2.8646535898604366,-70.59898138296113,6.9492519526088135,0.32369840176370523,-52.798952300913925,-0.08106721840626797,-0.009754758370650422,-0.16816452270550275,0.3264312134697419,0.9617950456589068,street_level
22.210302925636817,16.306485745048736,7.030493022921135,0.14419435809356096,22.864219053172263,-3.6499572175317168,-53.41982729002329,11.552786981090463,1.1196220002647408,-80.99328053528433,0.1487428769432363,0.04949562370370589,0.056117249190278606,2.2437341013006225,0.43525642444404167,street_level
31.674723928954286,29.23973487031575,10.11418239994705,0.2763400927929762,14.579835566622739,2.742436171961277,-79.36535064762768,8.385402738146906,-3.75930903035932,-77.24387198391359,-0.5210743948966339,-0.16520890255038162,4.03912600064442,4.633549514975824,0.9960019647300806,above
44.982396178357966,88.28347333519778,32.960333838874035,0.9999905166457489,2.408922133839937,-17.482498520231868,-81.8576496226957,6.496557124208128,-7.371535763592208,-90.61032802593762,1.04009909144041,0.23988151802470353,-2.6796850531342873,4.558479870093524,0.6439254149721634,underground
26.006561619399037,55.85288655906854,15.39066822078511,0.31568727298298915,18.082236392805008,3.685555040049568,-70.98365811839102,7.897083704786104,2.767432900826977,-83.72704781402538,0.10848479090495697,0.018212000763761074,0.07466304614084285,0.5886127574412969,0.8564347208567887,street_level
16.492574397695595,25.86162574971228,9.175643539851,0.12001656946911271,26.735739627871205,0.7567013589196669,-73.97520983881044,6.6869420242650905,2.673006757275263,-79.89582199886156,0.3074250648347152,0.017459079416089124,-0.7542556331972108,1.968634972076741,0.487586644139389,street_level
37.29241515208484,47.486104898724754,12.00543243827856,0.31851079883629163,17.848056335800653,3.088095427984408,-87.44039791596408,6.019355656027005,2.3695337615080323,-77.06915519394794,-0.27499122429915324,-0.16861651595869842,4.52461755726713,6.888827838735503,0.8565677140923923,above
32.12975906877245,70.63664868911248,9.400206391695548,0.12434355481516426,7.699768963189148,-4.917857541924725,-72.3256905107384,6.467167457830869,-1.8404777930853786,-63.683871372062704,-0.3905456733719648,-0.13877985288885816,2.796140901504093,2.0089922373198887,0.800986125532477,above
7.102544928110955,8.048593252527281,1.2036553948666084,0.034706500514260864,20.6539559682558,2.6687497363993655,-64.55444246187916,9.71930820186222,2.4182558831938445,-68.42699091375232,0.10549863842165755,-0.008932966451215413,0.15495412974883283,0.13294836541623126,0.6463587986859516,street_level
8.146670352984785,8.901086746687424,4.568102804891543,0.07727501339853594,13.189434581352106,-1.8112836810619086,-54.76262007361389,10.64803660940862,-2.2482280856072627,-67.07877976583848,0.07540198333627857,0.01790406536675756,0.1161264479946631,0.1052004838443632,0.7442909662496451,street_level
19.577876941388627,21.56259010334241,16.026883521383137,0.021528220905074984,21.136049705801653,3.7164739590182254,-61.31530679857934,5.835108007992145,-2.773750833607835,-74.30864293780549,8.529685904901108e-05,-0.03657380415685543,3.4358699466092784,5.552117153552022,0.5133595451444359,street_level
7.7081894279299155,15.577719420952999,2.500656745397664,0.1471503780423583,18.882421439149184,3.1894722954527603,-65.96186973972428,5.359364849596495,1.699771294842705,-50.51512477705684,0.012407923543746424,-0.020216187047992173,-0.1719921808139484,0.5237588427750618,0.5485457724386298,street_level
11.400714524076662,23.749143904315382,9.188466151366836,0.13856856653386873,17.378877751595557,1.5100004570009569,-64.31583537392618,11.06204407434405,0.6374175865651228,-73.8952871859227,0.18177504622303464,0.04593713979071143,-5.8925973086875505,3.151596863821346,0.5789534478724241,street_level
17.897389227759227,56.165601986675966,34.01090916282831,0.5240419939755874,8.590834202205599,-11.611045781648876,-65.43731316596569,6.14992754037202,-5.674992932630076,-83.41524301567418,0.6798746524445396,0.08611168914587435,-1.1757800308193356,1.7320229363675292,0.7001137738572375,underground
88.03146897685438,105.41556678943732,75.99071188070558,0.44391197825350853,8.737693024702814,-0.22593894077960996,-85.70148327027005,2.305677317753049,-7.650345561367945,-83.58961593760148,1.07740496749038,0.1919732928709674,-3.739235786674084,5.688848394885629,0.9712382942038366,underground
29.377221796313826,43.7788957533812,48.44291251514995,0.6896550440299413,4.621689615128746,-3.4841816286005987,-78.20096906786995,0.0071082567944040775,-7.184098072105114,-72.78974945931914,1.1868839129372017,0.21817212899839195,-4.44231084510834,4.939840835397411,0.9837305210072185,underground
21.515068760853737,43.81435639604685,12.39218672913896,0.05881447917988035,15.114999411665394,2.1427126098898777,-67.14786401787566,12.961686767376255,2.3848279133722814,-66.2516479047279,0.6984129862099322,0.09500076251475084,0.9172250003893083,4.44519667572225,0.8559060346156323,street_level
51.11700807410871,61.093315182603114,30.095370054434035,0.9501839151926498,1.8578305132386863,-7.682059809019934,-68.52374514350723,4.378961925913174,-9.526663099933312,-78.56678911304073,0.9614747881031518,0.16376436983400136,-4.411631788839923,2.7038756802587023,0.8652939019399752,underground
70.75745318798698,56.06630233413502,73.54834140872029,0.38232713667903623,8.94250071487263,-6.701544492683837,-74.37702181231285,1.9121142438347398,-3.3277757354501176,-77.62655142882329,1.0766013987056413,0.04020125966670427,-5.9154261517401086,3.701917728885224,0.7983587653785267,underground
20.211640931765857,25.540865206154486,19.606734643390684,0.17650905053042182,11.069582458104792,-4.991136792481072,-57.144010220328596,8.890804862428988,-3.620983832477128,-83.94215683919853,0.06800441725713544,0.036451080050199064,0.7655572476174819,0.06896428542153021,0.6419718092228386,street_level
7.380071792368246,13.964546186052216,1.3387908381167877,0.06115583713858416,15.439685914508809,-3.5690989390936787,-61.092793929748396,2.8992224311023325,0.5378562808358316,-82.59989115248099,0.005051916174053095,-0.02806950915320509,0.38708041118983894,0.3641459230200874,0.5547189784053466,street_level
17.551725882844003,38.46226542449445,13.227165046395076,0.03966773346997057,16.11647997718911,-1.2516014191805631,-51.63180771678738,11.150725005367423,-0.9140043376152098,-58.462275958303906,-0.36843029991257215,-0.01477756097013383,-1.9535284122112255,2.9113863597130414,0.6588887531244834,street_level
29.14632951846832,70.42339925653883,17.68916407884888,0.2525408412461626,13.20638424929584,-3.849795256063471,-86.68221120342176,3.554431156952314,-6.2699646789661285,-87.32508499249217,0.1754266156249292,0.06697272975697684,-3.632904250801112,3.207631359826105,0.7569243411137134,underground
19.656676022556503,70.96207525587636,28.240886686905775,0.23692792145644945,8.261681119247744,4.29470708930854,-79.86821436124414,3.5795659748121116,-4.372581855090358,-72.84552861410413,-0.25773994865532446,-0.05638098283324672,4.985343933279788,2.197956545536561,0.4243334548158996,above
8.59590592343927,11.907052857050996,5.335134543827649,0.05836611749964963,17.991760506218533,2.4412193025022004,-57.871818530914815,4.525271152264944,2.342490427363906,-57.8005775041287,-0.1166388820039049,-0.02392010453741205,-0.3649708225488042,0.3526858280773952,0.6884035443956833,street_level
17.339322032773712,31.087293699740354,8.430244929832421,0.15352697147219557,12.330099561526922,-4.4904890516397,-64.97669046610659,5.16658449165228,3.7627948338480612,-56.89061011579382,0.08947934367921032,0.031993061405517484,0.10280638336605574,0.06534518776994291,0.6844947057647425,street_level
19.063633273773593,49.56389542070039,13.33379418387093,0.33771511304654656,24.55675348895237,2.782269671582151,-66.96944363869382,11.700018233627603,2.989183297150002,-73.18283020040914,0.1886248932320261,0.02443390277606785,-0.038720131088922916,1.5419219717983788,0.9682507627359003,street_level
52.22193463086129,55.21659940685272,38.75552450150644,0.4937139176784806,4.819369446660754,-4.850075066367479,-84.97612767871193,5.895766222724794,1.2719530814339333,-92.0577886001827,0.7620141891802699,0.19348828144555225,-7.523985500958368,6.3621415436992885,0.5625474652153746,underground
42.707183084447344,28.708950230477246,9.687805190958384,0.19366456735257764,17.315665822913502,-1.0151606090080056,-82.13657374968741,7.877383923720217,0.3967988054436544,-89.0734052614986,-1.421711933060285,-0.17689853343404294,2.3882355105510227,2.983679421935273,0.9996955268404494,above
4.230604434919894,11.900330444322508,2.524242406390254,0.09220814832510799,18.90559478368463,1.3129886464932587,-55.36988944438929,5.191005949362323,-2.1174988569405215,-59.0065553803575,-0.005898941306803018,0.012697549117049178,0.2724048695979726,0.27771247507722957,0.5598556659048984,street_level
21.761335096522593,21.839801631362924,10.697801234041236,0.2004307082631664,9.153550979870134,-1.077966912280691,-61.34524157444956,6.525616479917409,2.6619318113531767,-59.78066671073785,0.052096471785190585,0.01903864322859343,0.9444394377654328,1.672420230022688,0.7841158256049718,street_level
31.530054260200735,55.05853308880965,21.23980265050681,0.11415977476122177,10.444946948915712,-3.3497764635438774,-52.55712467194857,9.688101494047952,1.280329749653891,-56.592543712997994,0.1666686838947615,0.028550204475522145,-1.439920909969202,1.7288483190505468,0.5508233920336634,street_level
13.014287359709895,42.6215358041832,20.270671225463623,0.24720310680021737,22.66415314889236,-3.030443458865416,-72.53647316662246,10.434925463415794,2.5712375446079223,-75.4694207000282,0.023169986023865052,0.03384901356714695,0.6873923635271892,0.044133950659392296,0.6071291104613143,street_level
21.048770220832864,40.79427017779224,21.13608137938919,0.1554182136440351,17.30377798378915,4.558473352163562,-68.1427366853669,9.12056140629792,0.11106477154002903,-74.31572377235406,-0.023185144920082196,-0.012307082193286457,0.40919444054204046,0.7601881565271706,0.5999482043686516,street_level
89.04058085837389,69.09822162404808,15.51414177531505,0.9299268704927425,4.631496615399335,-11.792249663123084,-87.48405832001146,3.6274205897061735,-2.4830023991989982,-65.18616501688786,0.29896588536575475,0.17789384846795453,-7.377694209898508,5.594067337095455,0.9442611573201939,underground
27.17115582790339,30.438815632036402,20.5456142525339,0.39605653328575496,11.696081705640854,-10.881606284088637,-77.00660416449976,9.036998423321528,-5.724377037338189,-93.68818367822581,0.2959169893739447,0.07540946500194337,-3.438536761711378,0.9940411654154261,0.8162213250324312,underground
49.09304727889014,56.3296203682515,23.553219580532392,0.8531155934421064,3.1397828876838227,-7.925380238785445,-81.39027034065082,5.094593483015696,-4.646500397500545,-76.07369252958858,0.44846897780310735,0.2026671544528928,-4.976631818785772,7.540302397507931,0.6914594956699759,underground
16.342174590758837,49.27512084396319,15.312412578166075,0.29310897004454717,19.73005967497865,-1.0290167905272654,-61.15370933185366,7.642527069405162,1.731223551809851,-66.63883623377086,0.15247299515128757,0.030218912088484616,0.6306317450164398,1.6107354175754667,0.5079171418185162,street_level
38.68917341473697,36.388222524163936,23.02535847630015,0.2235954433200884,5.019228740906592,-10.259274229128437,-67.92772829251345,6.181046849491851,-1.7460738446836288,-87.27825120111788,0.31102466296067777,0.06616925165653109,-3.05119437976582,2.9279727426518525,0.5068877477569874,underground
32.88577275699131,72.4792932146245,10.402791842495999,0.22523394363801794,16.418664644185146,-6.026613792984795,-72.51888319938621,6.457242570293803,4.376211402515285,-71.08678289155773,-1.3768504703543452,-0.20083274325547912,7.357747952263759,5.947336777638828,0.8136140699985548,above
35.30455747087426,65.4661564623153,39.65166894449538,0.5790389517173724,8.998597737995665,-0.5015568869042681,-62.31390944931969,3.7442611166008444,-3.964920661750935,-81.77457875398729,0.32374889060407974,0.10330210279969115,-3.837273089521948,3.998254011138566,0.8415851415212064,underground
21.55471372060094,31.03282507256231,5.185544116181511,0.20359910481227847,10.07060728364441,-0.2453731072547276,-67.12523853120092,10.409237823968871,1.7177605242340332,-69.65914513008309,-0.7784408953889828,-0.06420189544278838,-1.8301799192967287,1.9706703576044928,0.7227470418904992,street_level
26.2046044301566,39.35190980272762,14.713559441916551,0.3162498447692367,20.468366272442008,0.9972999235533964,-65.14795730064513,10.433661446156417,1.4890934873719504,-59.50692759580606,0.16544544421935056,0.014679586854021653,-0.960191200100657,1.5503207630278193,0.8633778903993083,street_level
28.359857167457236,30.098149856139017,9.112319943510776,0.2603736337300666,22.336769927030808,2.0026855651588473,-64.99582936407243,10.752622705371284,-2.166279349945458,-55.960655234318594,-0.07839206584062122,-0.011983870109573101,-1.2396479740703883,0.16738364694072616,0.8020645838411418,street_level
6.939313080997486,14.190945407627964,3.3725825270120224,0.030220599951797343,23.141783419050213,-2.5328113137105017,-58.84924398708853,9.041866722435948,1.5666363460169386,-63.31616814713509,-0.07199282221760771,0.004288664837441197,0.01468118166751009,0.5540780861978576,0.7829625187250302,street_level
15.0664092194808,43.676725706787664,17.86283183614664,0.4156014878880331,17.2889754768334,-4.789687358195426,-77.48942803258538,8.858672275005539,-5.575590499646784,-63.50510203286151,-1.1333436067018838,-0.10420682153411923,2.123926093247589,1.580720624349326,0.9434006569925828,above
4.260416387339507,12.209126240715978,3.143733085425103,0.042170317363987825,13.075665199549391,-1.7479297033878787,-57.94204064245069,6.6134227947673025,1.3405673962229052,-83.92785227454243,0.10882150335979338,0.015301973082630926,0.3006174807147475,0.1077845840629431,0.6549933324751575,street_level
5.8173897573324505,14.151859116683942,5.097225184922882,0.14109535033736068,19.187111834004217,1.6199158183630802,-55.5152494383714,8.146847484465965,-2.1276469751381697,-69.0568726408126,-0.01814529383436128,0.004021389050036926,-0.04222910130982971,0.533503404121117,0.9339721900770905,street_level
16.937556779437436,35.57900832508405,24.27741221868575,0.29337734328007486,22.45361501336415,-4.303774458155965,-76.27499109718582,10.73563530848396,0.8817865136405683,-74.80196214250574,0.06905405317352864,-0.012390216249541581,0.38415321241172107,1.2149732806026807,0.8765670092473012,street_level
25.722961071567763,59.084377195146125,26.874649590567223,0.18884747559536624,4.035395434178152,2.144431020239093,-56.48840955952848,6.371531773675347,-1.4850532418931595,-85.93253329200053,-1.4458469653960215,-0.12042583023566852,3.9246453994356068,4.512177408940984,0.5875971598694851,above
6.318046927758769,13.153671699677556,4.690305859302377,0.10427402661312445,18.587811312961463,-3.937713569542921,-58.756730468871716,11.64722714699257,1.7200597845788606,-66.88596924188145,-0.0722855288339317,-0.012407349730250337,0.23361852062921884,0.03660453753316215,0.75576994217517,street_level
24.82717049174706,74.51340613235556,16.19830669904561,0.2684981546702895,16.116106890088645,-2.3839698316091535,-56.39161590466966,4.590852630808341,4.695409899911487,-71.51554544445668,-0.3561102779683827,-0.24128994723298475,3.8981672810649255,3.2532604492357255,0.4834221194336338,above
21.815784336197893,56.9090311592147,16.469307151916283,0.30065886620219573,22.49020896942696,2.896987012897684,-63.817233548582536,7.598511166546503,-1.8550690340552212,-74.07816609495471,-0.08171739548240232,-0.014912351423812078,-0.6416113540121907,1.0313818437701343,0.9283522299093312,street_level
40.474953690887624,37.383000706438,27.27146484369157,0.23276207882838218,3.1926802372602756,-2.1808535788113534,-79.03181571323883,9.094636260850805,-2.6732736368112002,-67.825391908374,-1.48821580830601,-0.07086263645943178,5.164829053895559,5.134760399516571,0.45239428193967923,above
71.82376614256918,67.02457451709908,51.81659481721673,0.4001981576863128,4.029973880022537,-8.297609507486666,-75.13943977530668,5.322550040719057,-4.577043729514193,-76.62607737309033,1.4869815675482072,0.08883387099153373,-2.434721149193326,4.330699467213378,0.6931914072116315,underground
26.913458432634997,32.754456491230954,13.62724985658352,0.20363768504206728,14.078137549175104,4.211725911250262,-59.12440589659182,2.7447267261234902,2.861265393802027,-59.47535893984073,-0.2505881299493873,-0.10605219621657572,2.8293528839067794,5.167191953686716,0.7059623357041067,above
7.656749128805621,16.913243491746275,2.447266958276459,0.0007502275818041193,14.42874435748569,3.7050571552724847,-55.79868542937916,9.324197280674797,2.6541586558237285,-63.260336067654535,0.02238803799216796,-0.01690219684781598,-0.42336408803747394,0.24442291786063175,0.5070020936683495,street_level
24.370928645612338,68.01314018008242,59.048312360880594,0.9036673061315235,7.7045323025671255,0.7453656129004997,-84.1624739377144,7.819360678742346,-9.881835601730744,-94.20553043276556,0.3155184288014199,0.2033658280324259,-5.642255307583661,6.387240113909396,0.6277299043577794,underground
19.187124210966903,34.31965290384227,30.388073509025887,0.40180956721232974,11.638362950091357,-5.725091369455362,-70.84833455366191,4.083539868283006,4.234020373867782,-67.34979159058332,-0.9064232899327659,-0.23971896055152553,7.683596015349604,6.662696821367357,0.9718168326786673,above
35.83397485533123,45.91405734935929,43.59908810041155,0.4740048215086661,6.035366018069914,-18.215482260739975,-69.38747470270411,5.264489761514913,-8.871951366901392,-75.96684250111943,0.888832406587954,0.19977433059949234,-7.526521677347561,5.874769425240316,0.8427957922883089,underground
17.6954295565576,56.614089431985235,13.599966805125694,0.21084040874251725,15.323720236237586,-3.680864668451803,-63.10610228181635,6.151004634826596,3.169955120035791,-60.351005291204416,0.17177027006148735,-0.01667908671135681,1.277781682330934,0.46417645832807874,0.8677745377875019,street_level
34.12863911256851,59.186427119359536,18.217901151925375,0.2050967214355014,12.20402837622034,-0.2858724482826265,-52.63180314018285,9.445663079344108,0.9094060955257408,-60.429898224803665,0.03705811825924893,-0.0017546367361277009,0.1636155297012678,0.12621066788075286,0.740439701809458,street_level
32.25453575900492,75.835629006775,29.394633410248517,0.372125257601581,6.474780324387099,-6.218899493168057,-69.1354634692321,7.759639229270474,1.290206953233744,-94.68666030605661,0.46096304307091773,0.09260531525405478,-3.0666903449445164,1.629343522088275,0.43035447739061206,underground
27.409080086737745,42.84605576572817,72.70731790008449,0.7237741984173218,8.723086109999757,-10.327738304938682,-77.038743241117,4.9726232979694815,-3.89368733146423,-75.67346532969509,0.7527778425819485,0.11028732884889286,-2.5008535809501033,5.15336617771283,0.8119993620523103,underground
15.658565607260787,34.60985757241137,7.397591132426083,0.07962064667574674,27.50193636014553,-0.49288453607478555,-58.04512334905077,9.017350944408223,1.757178143615338,-58.56822267795188,0.4746140847149105,-0.09550378568416998,2.222370477704013,3.2633595340638695,0.8596938259299374,street_level
20.636544833753927,26.684700816146965,9.711713305075381,0.06659884206805051,10.35701355797504,-3.3257913287280827,-50.487508732061734,9.330074667017778,2.5873330933513,-63.75395386897412,-0.5866549319481229,-0.0346635598867933,-4.412116061870943,2.620507258328277,0.6840026540882895,street_level
19.853106530151287,33.305059104459716,8.780699222627275,0.1330201144770552,11.339252217198597,3.401389271427721,-70.41394498026457,3.9549196209946946,-1.3966352389784427,-56.88329000808536,0.7581671178591802,-0.018318305012487213,-2.6962898136573274,1.3308111728359746,0.704788431663103,street_level
9.036721592666876,14.212887240238313,5.915676866690049,0.12429760930722523,18.491773076126844,-3.754807293629657,-72.0555082723822,8.886440459232425,0.8799582260029761,-79.43580849859426,-0.1329332530914926,0.028294139264532864,-0.3589391651402726,0.16142305673726964,0.5829223670308952,street_level
8.655924768927932,17.904663508985475,4.293185332707081,0.10153646584574029,16.997020226087457,-0.7234104614833115,-54.93805235715367,5.295180694210607,1.0929277072055719,-59.18209726057414,-0.4294883691781916,0.08375923324751086,0.6630734277016259,3.9145809195554975,0.5773995938171652,street_level
76.95975404750911,43.931085461635284,61.678660342405344,0.5001692105578261,9.443752716113632,-18.679123897462155,-69.47490486325091,3.9908089930865707,-5.33278447531166,-94.28194936341337,0.6474980767985405,0.1771572711329368,-5.339251900681868,1.8570017917778041,0.8949556445040266,underground
69.21799420718172,84.76062717540347,43.39359084865691,0.7896401225711625,0.9170169417649521,-17.35045592455963,-68.57842580015112,4.846633925938866,-0.6633791291446496,-71.02114999196243,1.4131909372532447,0.1470564866589781,-1.8551438072824098,2.475474430956381,0.49463165865444436,underground
77.56681086678319,107.73452632831759,38.95869610758957,0.7253270395041982,2.5638174901346256,-10.076666976719617,-69.09863411450911,3.4980766336344695,-6.324512952941485,-80.89643660741525,1.4918582906613904,0.1419116779406214,-4.0254765396097,1.887772792603459,0.9131029388088027,underground
6.8843937846029775,12.844830035000957,0.12990610518949364,0.14543633554548635,9.78670063920109,-1.358406132153454,-49.46571868071564,8.885052522398588,-0.25893076521978786,-52.73554593798233,0.1134221595161585,0.002066869749576504,-0.1579641102742172,0.3005341653825747,0.7855807322946413,street_level
19.849455250438904,22.096321022852834,14.017592291759415,0.045329503023096025,18.08997558758625,-0.20617418592392234,-73.34836167468012,13.204259588483641,-1.441159213251635,-61.17646956006526,0.308870985555439,-0.05940708556998238,-4.68373247780419,4.644951136897681,0.5049689145761794,street_level
37.852070982535864,75.55192521892778,26.203433283148776,0.4450314501137166,3.6484398315359314,-5.877616836546402,-83.59389136626625,6.346648006654387,-1.2355640780452335,-88.72710258963053,0.3377154766795758,0.0482999015595118,-2.1954569699653197,1.8780501688116216,0.8859709986969645,underground
23.53238298241376,60.285359169434805,10.651066217638517,0.46574228739050283,8.537107800463469,-3.8969635106410268,-84.55321233234312,1.1910270430897802,-1.1537279968597716,-60.34263019796559,-0.9468208190164968,-0.07464947587984802,6.202128809147077,6.399716595870833,0.9004687403101558,above
33.17344982794487,70.44959919784355,16.06464802049188,0.20076737991958116,8.268283339868807,3.262250051836391,-75.008801146969,8.148644308464245,-4.91828948573152,-81.62481806377292,-1.0359317031759923,-0.22683951644002204,7.440176402261208,7.896005815413304,0.5884591524011251,above
21.49840709201603,80.52523550914361,45.76988367872809,0.8770342376079212,3.6012795544473395,-15.698755799184628,-64.64958668427528,1.3625849747610213,-10.297836638617971,-75.92265038493477,1.0478909577617903,0.07280079829931319,-5.209502121340959,2.9909024600965655,0.5369469115114497,underground
14.002633585780297,30.325061829846685,32.91910531364278,0.438560827523622,8.386421029756406,-1.1687855536584184,-82.20213776496281,10.832635118196993,3.4381113660140183,-82.87137722981652,-0.7626375749766753,-0.05340943890784511,4.413048029007368,1.5128358136351694,0.42997494693254507,above
33.398940665360776,81.00133032885753,62.59411745487172,0.8507963881843335,7.539245505614224,-17.329425814830948,-89.3920280970229,4.991554863472244,-7.963354693820426,-93.6034253946948,0.7407658240903121,0.15056099990344068,-4.736252687498087,2.799432521564926,0.8118036414872434,underground
17.898782617873785,28.66262634629939,22.844578397152702,0.18477272619421853,20.716959462211832,-0.48395096456542497,-69.45982612878252,11.203109588833657,1.407619555367071,-64.24537651768188,0.18180576205380908,0.0023921542708428417,-1.2978077063208264,0.057208972525924384,0.6046434139280441,street_level
8.215330335144085,13.2763392770287,4.833684797911857,0.1325130855809013,9.394684501277382,3.4347088267881967,-47.028694239670614,4.964236030062418,-0.4559137072720505,-72.45280320713891,0.04516265169253558,-0.02545701610673956,-0.16673580024546153,0.3127024703848603,0.8043478191578619,street_level
9.723291524043612,13.968637070492493,3.04504960155562,0.03378719832252632,22.922193098956033,0.5194418785278243,-62.99516457051914,11.008151925305695,-0.6042461400140979,-68.12663274190643,0.0390135496703406,-0.02052300244737161,-0.13218982528171108,0.012873287767756115,0.8963365249132996,street_level
9.597072701661775,9.569555069080506,1.075086108859349,0.08327863237844708,21.055355669795752,2.6348600329606437,-74.57679763218849,4.4705032538912475,1.4406996265658982,-66.48669724317143,-0.004836385731390336,-0.026754561936652845,-0.3410781060951519,0.5514592997497476,0.915043557044716,street_level
24.98630135068032,18.942281858908277,8.614661852430798,0.18162706026965994,24.134693086112108,-0.8481228159430572,-50.29780780281685,6.009216502778146,2.0104495929320922,-76.5377076899503,-0.714527476539301,-0.0984728257230354,5.907309214967706,4.569128928210954,0.7386949662561799,street_level
32.952625735806016,58.050650709889226,29.43080995716196,0.4761859480044127,9.206420903202183,-11.673932950782623,-81.20911988639264,3.5896276934216207,0.46519557212124063,-83.01072965992387,0.611873306710683,0.10006947783690867,-1.201551478984046,2.203876644335568,0.9393645720676647,underground
8.163439843516496,20.72896803818347,9.705832222466896,0.07447464256432185,19.59993573678947,1.152046055866724,-66.37369593547598,7.259464780389169,-1.5874744941862806,-59.71085443752824,0.7295676800704276,-0.05885366909529706,-0.07951055945794394,2.94342910392191,0.5564560436735426,street_level
24.794063054468857,35.43066321060221,16.39888480235199,0.2444733648020187,19.747358237112955,-0.6350663637728191,-64.32120126239225,9.376616723953923,2.616489509094416,-82.08580351901868,0.0023390063935450484,-0.00974830873011057,-0.804932321204594,0.15587421648652322,0.8165465905176067,street_level
19.32010815704392,54.379023014345535,16.079232669004874,0.3054498245394317,10.489913686397777,1.5095864622113062,-63.46764397659806,8.07679914064314,-3.391601900086741,-88.85459925356344,-0.9433051343643871,-0.2489813356344724,7.702327479817729,7.1511673221530785,0.7312046411336159,above
24.756552807453144,29.91906487761461,9.26709622199974,0.15470257670649348,19.385439529816036,-0.47764071467445035,-52.36919035270971,8.505582893354351,1.3656356967807746,-70.50825336963942,0.36687333119737997,0.03461045753694089,0.2632250413098367,4.357450171739638,0.7625557349253236,street_level
40.49835544098471,72.23506575103379,19.821608829434247,0.3210400935979348,7.054552167825932,-6.649480566158479,-79.97616132612092,2.9112020351571237,-3.1013368793625515,-59.90835532678103,-1.4096369379306863,-0.09754838274781022,2.350494113606363,3.1192513148483965,0.8894384514082823,above
39.783205114653015,60.62803041443905,28.69298852689471,0.33654104135333035,17.78485421435053,1.5044485447668112,-68.26115838518189,6.603036902542273,0.20965747454312034,-75.7725258875661,-0.7771774930941221,-0.11869381527785394,4.217139448469962,2.742356895085759,0.4565999611779488,above
35.641488974781865,110.47805694893452,25.48707993738561,0.7721800318456151,2.777004265977517,-10.428327290433248,-75.81338727480664,2.835013810483778,-9.325805072002426,-79.08765030088031,0.7751044733511534,0.0412958225743809,-3.4245408073902857,7.802173245585093,0.6347805228484251,underground
41.85545314564206,62.02440741551457,26.009732471061245,0.21353496251493342,7.91427065686529,-10.818520044560056,-61.42861519478684,6.2787190934280215,0.2606646009622082,-72.7708518660533,0.5117617065539082,0.10877182060302351,-2.5577774895119485,1.385207287069558,0.5363350574019193,underground
17.34134772170027,58.99294510574088,22.36774075219151,0.1732294220326861,8.306192280296038,2.709753548559388,-79.05956836301884,10.155647973319951,-2.1569071713352663,-67.09705199534125,-0.03350779297158857,0.012102002531401534,0.11794758495688051,1.276679800438472,0.9758284564147934,street_level
30.37728175879686,46.27608107311492,20.351552159255576,0.3360489152574424,20.848966942402967,0.9315656336993303,-59.04201028327552,3.948435440277465,-2.1657259682697774,-63.851855754386236,-0.07806873051041932,0.0026013401837758562,-1.4195723162374962,1.523160414930039,0.5369019364309513,street_level
11.068037656433274,15.051627236710166,0.5385110480544733,0.14281003837074713,13.639248234196039,-3.1046898776813103,-58.69979665873345,3.4702015336051977,-2.1593033004367586,-57.35167981751539,-0.01898786963150717,0.021254955508857212,0.044886931645369166,0.6016764497420617,0.8140827996498021,street_level
20.860663575995655,32.46936276877777,10.57202746294721,0.09582829750671808,18.200478693219335,-1.1548841531554075,-76.11980113337606,9.077985240747044,-0.579721798303122,-67.60252597450823,0.04874800849042005,-0.05285038888465952,-1.7496108241467967,1.8441321821925003,0.760089793708596,street_level
37.64143118079889,54.578060365703664,9.602761932367429,0.2046840941055319,13.000005582251402,5.997920294944334,-70.17714937625131,7.380057429603192,-1.8550472090823833,-66.67369172376317,-1.16712789964205,-0.20271326090436284,3.853871891127143,2.195023378825386,0.9303166943987233,above
13.628008144339361,37.51070982724441,32.07833862340134,0.3200868089145511,3.683856811391273,-6.811137876776687,-77.26121597820132,3.2418996274175065,-2.9260265566461268,-87.11379335817817,-0.30610529356198257,-0.1259226636060564,2.469608827780505,5.738477182642605,0.9487111246579584,above
43.7758776704099,67.89557327050932,27.810219612180177,0.799208656109943,1.1596304453726425,-7.927936726224106,-86.80240833229672,4.968189340722184,-11.381616827348974,-71.28370669075447,0.39584150144964714,0.0630676943279808,-7.147778364179734,7.929093310093946,0.6108933524334396,underground
43.76719803913247,64.27378570026532,11.31767295928315,0.44356578440872746,14.318915096843384,-10.02588723332824,-78.13170758836641,2.398003787184739,-2.4182103383122975,-89.6404274213461,0.5146007950516085,0.040577079335622816,-1.8751898935744267,1.9692172395647125,0.6235622349532564,underground
52.54678202476908,71.82221985953909,27.602063897485543,0.9138353223920549,3.7071945721862045,-2.8850072672715505,-84.89628170411697,1.6625879304805098,-10.752956828610763,-82.1051767139506,0.5003235185170777,0.07757907326408771,-6.151167190040508,6.011677751211128,0.954138811187571,underground
31.360645336986263,79.7224716067236,33.10228041158731,0.5920824519509078,11.23657702712928,-1.3857412958121742,-76.23984518561892,2.541402616087072,-6.700836942264364,-65.95092104241898,0.5200801273426359,0.034137754664882725,-2.728390638042306,2.1731835734361056,0.42577291830198183,underground
23.113014689322092,18.220898313477743,17.991630147636144,0.1888612685566848,13.339416895183934,3.907901630923316,-77.66106857375635,9.42682035271616,1.5770236176390657,-75.22991180899749,-0.5478786576332884,0.022888237881847087,5.112222733620529,1.5165516177790979,0.7379699934117221,street_level
18.939388770206122,55.683595973681655,29.806268997077392,0.23451316306966535,10.988308869522948,-3.2774981180725558,-59.72239036635165,7.721390973396818,-5.073819215108078,-63.930619155923566,0.599588007080494,0.05629681946886965,-0.8343706221323886,1.0771524485188846,0.5992473090694412,underground
37.81993188915674,54.45724398781827,33.94566926931125,0.322032271205227,7.430966212842501,-6.840829407344321,-81.77547414599576,7.000464339637416,-2.6727495665239003,-90.95468361846763,0.6108292599295839,0.08463967177835095,-2.289709352219205,2.6434174567594164,0.4269454782717859,underground
21.16467855319997,39.37765662195281,22.997639034967946,0.3206341773797927,9.864346231973007,-2.5507687449929737,-69.91928582100775,5.568932908003048,-0.1571419847619957,-58.887817543169795,-0.953258280482361,-0.20487832878805906,3.085479499062867,4.072652542142694,0.6435039577383764,above
13.565682904514388,26.350834196989865,9.237569227804709,0.18531795764422268,27.609030489492866,-2.478462090054525,-59.41704487166125,10.363652735862694,2.382427563705992,-79.65802615588021,0.4304356159440539,-0.02458606334284219,-5.135551430144219,3.4381352254931454,0.4784526714609266,street_level
6.492503019659611,11.912309931429586,5.943450273792373,0.061060627128577155,18.345733586256095,-0.9026509456526037,-48.71244011276265,4.050432321176558,0.3214012418363663,-60.51382057161186,0.01601260261443163,-0.029559146056915377,-0.3049456022079541,0.13134491079666724,0.727479396733755,street_level
6.960230449485838,17.418098555087276,4.040239887954582,0.05149207288766273,24.098350434263224,-0.5544317678412138,-52.7295864353446,11.790724115420806,-2.298225048746671,-52.54357243782466,-0.1036211091757944,-0.011259705834751426,0.25527065080618616,0.2733374555360921,0.9250309393305178,street_level
9.080681299395247,16.570144280950515,4.792230909911094,0.12232525438068895,13.076637210596019,-1.8551746882979652,-45.04115069208443,7.5013917387654185,1.6263201607489686,-62.74319000219269,0.12043337922025385,0.00463275019613759,-0.17181937153244164,0.5048334473620387,0.8702651486654663,street_level
20.904122175354836,23.772870017309472,8.394883299512607,0.18645925491167395,27.410001587432436,-3.383555441773648,-75.1127261400551,11.056707251902653,1.140596887512066,-69.37234422222257,0.33792479863919844,-0.06677781130506116,1.6327561972706288,3.7689217320681037,0.7077234815003166,street_level
26.04587723309399,59.41763620496724,27.215204352557947,0.10650373389988164,9.62202240168946,2.821712436016986,-70.08044069936436,9.041278255131742,-4.463189642205582,-81.16283323706975,-0.6687536932037851,-0.1664817224405468,2.5584592097225567,7.653156304851387,0.6831883671692738,above
9.88847773123137,15.336800573894942,5.559525190652338,0.2088049054083499,22.2095410608285,-2.1862879668320723,-67.64420889319759,7.586433631821727,-2.753676831579373,-63.03670452951813,0.3906248532153538,-0.03383468510168,2.6333231473142007,2.8519096228759118,0.8642694999945761,street_level
5.681754508122371,8.11169917691731,5.655941634783406,0.12305345515375385,16.301377860687886,2.216370313746098,-66.44316795816198,5.214016556387143,1.6799495673945541,-84.31115344498261,0.08317229691971012,-0.009441923664617463,-0.3750939207340037,0.5928836787222811,0.5200661347968907,street_level
16.35169077815665,24.628682109483396,4.053204573596641,0.2121338669526471,26.379143563636354,-0.48738674270987126,-67.23737817271721,9.376476218164889,-2.2149633465932235,-62.76035967384934,-0.7999371420104864,-0.0831267383578399,2.809722148702802,3.0497787618374574,0.47234186848615173,street_level
29.64803068892206,37.95484998906775,9.861076570695797,0.1003262285049002,8.248227071225338,-2.0433997982848737,-71.97159046515756,6.35572570975898,-3.4977302510838104,-57.70041734047463,0.01059532520178616,-0.006081118985800563,-1.0846095597793166,1.8338743080175894,0.8107340886415539,street_level
21.726276734922244,52.95370765965927,20.961419785288655,0.15539951016875564,10.397822759821107,-5.303453929670981,-71.92353922005753,9.434755117342622,4.199329568680433,-70.36142705641737,-1.1874576210615773,-0.08206423209754254,4.779670352568811,1.6216469852400883,0.7444380754094317,above
10.407436673667538,41.70376278759867,6.333108115012234,0.03697761731310177,11.871728148077509,-0.8099146764844045,-69.39029342137565,12.971192917931562,-2.0990306320985024,-62.9923704664982,-0.5089048208750071,-0.00289792387771666,0.9236316303854828,1.0548064870707394,0.6183610055365794,street_level
40.23915042053429,64.13301799556318,21.405914678086965,0.20626692794145196,12.975074817789226,-1.8154402613176934,-82.02167633257001,11.019786768622437,2.464318341706269,-86.52495404151493,-0.3622941345803292,-0.16159837947152605,2.614429410491336,4.624160586369108,0.5903974755492508,above
20.052608979499226,42.969550884428685,17.873172780285607,0.22660094164002276,17.606483900072988,-4.215013076632156,-60.48456323408153,4.884012344836906,1.586051009964586,-70.65481638907445,-0.041487587801942644,0.008016986142509376,1.3634585018489203,0.5634844083048509,0.616840712206322,street_level
18.855699288238583,57.19853703991327,27.931581319732597,0.21513727328900722,6.802446762887869,-5.212070900758573,-66.02362686105879,1.0891322887565584,4.748839536615888,-58.52652970413516,-0.947757651391788,-0.09076885462209361,4.958510792389116,1.9457903715083278,0.49023418151938775,above
25.9365771486189,28.746655867246705,31.16298650923933,0.23771629804879235,14.39405397985649,1.225012964289041,-66.66396758262933,6.917628195282142,-3.4388419460427677,-90.76511912696245,0.4340759312353266,0.04518110265927723,-3.0794506798775876,1.341171673836151,0.900918890089178,underground
43.48292660876635,50.13725630725051,23.74659522491899,0.3089543802232665,8.745197112436196,-6.889397225135691,-75.16234375604053,3.1975905668332008,-6.370180797778516,-88.48733854556816,0.16981667095531133,0.11580017143612711,-1.5156544939301555,3.3399933869789518,0.9094340733871739,underground
39.31127145757381,39.867313781315104,30.988612868114853,0.4175894812125469,12.558223857914692,-0.6625720335393135,-81.95404584797456,2.104378859001393,4.7444678263731035,-82.59960497598726,-0.6848634074700728,-0.21417093023199998,6.426794729690881,1.5625599706265463,0.8910845392748414,above
8.133223114822936,16.68930062501605,4.828339331901322,0.11648196630385645,10.888261802795684,3.484871358712377,-60.54333952110139,9.749154428594116,2.7138638567688247,-74.55946915950744,-0.03714182977130551,0.0008281382752595261,-0.37834748421947195,0.15596362393730187,0.8811409926310051,street_level
23.924447033717044,37.506103931092454,6.428170002102232,0.21268332559923184,19.714011409318495,3.00151530593972,-77.64208505180024,11.180255691235685,2.544158712577433,-65.66149815200222,-0.7579691619301756,-0.06338691482335919,3.409329104947588,3.2683332727180843,0.4125819635512206,street_level
71.95493087095207,107.41476240667625,48.07167107947363,0.6947982621423789,1.3194793902181001,1.564537002353518,-66.16764392749926,5.299586200590476,-3.8576105562342313,-75.20768525089967,0.5947965959457446,0.061984285892654895,-4.12544058714709,2.7220853792275057,0.5742447271588094,underground
36.558129652957646,52.269731649279606,27.25968947834311,0.36794811724498255,12.418956043696834,-3.1503614465163583,-59.11669551648639,9.091678201643946,-5.87805197646786,-75.35063558186197,-0.6749099159921268,-0.23651825155661566,2.7607596600118502,1.5069505271002743,0.876756719784018,above
31.431294167168993,55.89178480058992,23.329445359963398,0.3480341880893138,23.93319289996282,-1.4580962796107833,-78.03974659640285,4.890757440491702,-0.8362794867943286,-61.93997494732784,0.17992600348162827,-0.02457018383626139,-1.1847678742473557,0.6063772529659253,0.6119821776213517,street_level
21.60626861320732,41.19270376958344,18.2845015019318,0.18761017427378923,9.035059286971139,-1.5357505130161275,-51.026201710516375,8.697713633703119,-1.1428299018600683,-69.42284283472434,0.05631468703867307,0.009208491348749112,-0.18700154998653784,1.1113008625580252,0.6194289299950677,street_level
64.81532195188385,52.714508422695005,49.18528650345521,0.8188786797912757,6.816571601072577,-17.033801164276984,-73.66197059023096,1.9571536781549277,-8.429146292269108,-82.4811762624259,1.0079880975490352,0.09507279876439026,-4.757840884467214,1.9635065698008445,0.74615967458875,underground
34.0372616077635,30.057926337509535,17.586831598189455,0.16028516564638348,13.469422696654766,0.13220236386016015,-56.95086714722754,3.0642093715015766,-3.584654758477778,-84.08363002210163,0.08954274499911438,-0.0063027880121748515,-0.354929079457716,0.06905934332869434,0.8981272021094422,street_level
15.749754003173118,35.014700824420075,7.511262846999411,0.12963570898641047,11.812246348506344,-1.366867302329334,-51.92238893675557,11.060067832720033,-2.8263799032684083,-64.07177286901475,-0.3002442041746786,0.0731466136564766,-3.0631673773276695,4.350986904340809,0.6298329830708576,street_level
36.40538663242529,45.25223335400641,18.419336806478015,0.29052046859712394,14.960074281999944,4.464037648820938,-80.93746175879916,2.3826141277937545,3.080431376579485,-73.20167479012065,-1.2041327230834613,-0.11100612400366439,3.1470947416211468,2.417790708246585,0.9057073851149327,above
23.179982909778573,34.41938052404501,24.336715326566438,0.2780238617428553,15.888789915692278,-6.574028450598074,-57.30046099041771,8.121461514656957,-0.779997909091187,-63.090605097215516,-1.1076044345217482,-0.09246148629959178,3.3947207508412642,3.6303763533833515,0.904393843903202,above
12.783926112461387,35.06783152711638,14.66918939524454,0.17090729102517893,14.943238596931629,0.1694998934493901,-72.69758988407875,5.150786574524146,-2.3005972142770754,-83.64811242079772,0.07068081077109034,-0.09222499174348792,1.3596893268107308,5.1680268604664015,0.6538836624684506,street_level
20.558819429646444,17.145157619549696,5.104410856888855,0.15452629598610512,27.649250144075808,-0.7226113879232265,-51.29961080407265,11.73495800049637,-2.773022666911083,-84.60914596430842,-0.42677040320633675,-0.09374406239276678,-4.809205830930233,1.044372026890371,0.8484412532808728,street_level
89.91295579801054,58.88380488223228,37.569517081285646,0.8095665181057221,7.463384812082936,2.6131809283745255,-83.3928624522456,2.6129991965848083,-6.137215845398552,-88.10656462032956,1.3811809396990085,0.22669337469621204,-6.290475755700426,2.8170894304384833,0.4438253416735083,underground
11.8992673243804,14.237003196610779,3.4608291566256804,0.09327742519178935,10.860863356874653,-0.2494512297066116,-48.13047971975749,3.832663409773647,2.8967110329331227,-71.36620489850718,0.07026340986300039,0.01756131620221625,0.4819321533776785,0.15160005603555451,0.5826995319470265,street_level
32.5234926058802,52.775742549470756,37.9677187811273,0.5349135383969077,13.26976592616845,-7.494589808698324,-66.58332789998724,5.4390376388466315,-3.6360278032295676,-80.66749586077403,0.22656809671482037,0.10878316116547283,-2.348763028329837,2.091064588045688,0.4092693104013126,underground
24.76330950496738,53.11192670447625,23.332494473647216,0.29059530769829434,8.493725485938024,4.119533159984272,-50.44617714498281,11.613248118659083,-0.11180405751555877,-75.63487392164912,0.11431598982224928,-0.0192798365700602,1.4482011253921971,1.1856396173927186,0.7254422302491255,street_level
69.66557412569104,56.48226592415341,24.30056838202793,0.8896047522961924,7.637200750852813,-17.799857130760607,-62.854505020612116,5.931729633562119,-3.5555630302024372,-82.99258452695625,1.2157258265865063,0.17258627003739055,-6.503723301493534,4.4496047609988345,0.5654515681817216,underground
28.81892974269817,62.247071366082984,25.205178567029645,0.8014271356346393,0.6516881566911759,-3.7610905079038695,-89.6521748073982,3.1032358978452645,-0.8202076408727166,-80.42696696542417,0.28489195707419124,0.059420728819936514,-4.929732913335237,5.085990693319648,0.8375536711884459,underground
10.187745636961626,17.0260291290322,5.475455263134737,0.13568028589505896,19.431701662344906,-0.2554290564149433,-66.43316659028557,7.9807241865505745,-1.3321047773444472,-62.38057622404341,-0.07342839440583156,-0.004601212669584236,0.3792677411394363,0.48909003287983155,0.7680481034539833,street_level
6.9705435266645335,12.583421041007234,5.6592400911070655,0.14020162838508693,8.371547932565722,0.025196732845547132,-49.829845656401844,7.946467364823251,-2.771953994668497,-53.86860047343767,0.023095907080623368,-0.017968285176064594,-0.35069090333781006,0.05872852310153203,0.9055480401210044,street_level
31.07284684275708,35.046585113687534,11.90712153570377,0.3332730412225162,15.048508978714464,3.1937275691084572,-87.91022936761475,11.63015073043035,4.89029900826791,-61.755277199917856,-0.4720336705170265,-0.21339536440672208,4.3189757715851425,5.43289416952873,0.5760730484969178,above
50.01907337916154,40.65867280297829,76.44878644166928,0.4748824987386631,4.31379154763023,-3.6169025658099407,-72.92253202732363,0.14445999292586809,0.1833595434695443,-85.95812160058503,0.7250623275903463,0.15625405943087087,-4.043509918293922,4.524109901966565,0.7983031675142702,underground
20.83623434637736,66.4303802492482,25.422507731415607,0.39685716902699125,12.848661675619637,-4.345590681448348,-70.20767126780272,8.073430592553319,-7.76185321269991,-65.87171242881418,0.3551067786207137,0.10736779776939165,-2.2896478542656915,1.4363035900138545,0.4975156169428635,underground
24.621812608338075,35.566159241028046,5.359495078989916,0.2102332121641969,16.648980963474894,-3.981147485552996,-60.54414856208946,11.281320483229342,1.349398572540558,-61.830218370198665,0.5468844720692496,0.005252895124576579,-3.7721327459554748,4.109380242976972,0.8625645644706212,street_level
21.990963516418905,44.06735125346583,11.47996112853033,0.09276117276778637,14.893950694904788,-0.8857266384608167,-51.16453831128153,5.1385694415694285,1.923372297719661,-74.17694639074804,0.34391595129244035,0.0643875881993006,-0.3582741981406592,2.9725518055149447,0.7138067779961625,street_level
9.847143262575301,11.478282010944493,3.8523905513241044,0.1346976121853625,14.26163244901906,-2.748515023942823,-52.67070010577257,9.322677435169865,-1.3662505718557092,-59.09283849112489,0.09237178838943938,-0.021127253253120645,0.30621341561409643,0.17106391618367012,0.6116409718260601,street_level
29.84388226850887,22.36449175410495,13.102826831331507,0.17227038773055464,16.155481557428477,-3.1245824868968333,-75.47977005506048,8.04888848009415,0.9917778704268825,-68.58175170241165,0.012887489686609244,0.03782775657063084,-1.478809264287709,1.9233818511557799,0.5608408596407389,street_level
19.221371544308752,22.33295467718688,9.917028104315708,0.11498314917598249,14.694026647515535,2.671135693055434,-71.28156599075251,13.405910603389195,-0.1646932753489092,-69.25330156386289,-0.407345981235123,0.020627271184764193,-3.5636165341434496,5.0613595243485054,0.7004127930689634,street_level
9.44024136896589,44.59742062194134,14.929273996913043,0.08715373518041519,11.334198469951895,-0.5181701726008496,-65.14841668553554,7.254242504717466,1.4661382258011937,-57.642556875008694,-0.7729692297954274,0.06318150012255569,3.8844889619873726,1.2569826262437447,0.8664142319977937,street_level
15.222194776822702,36.73905533178813,8.023171858314438,0.05278245321632363,20.117288466543112,1.5363527617157802,-71.46214449187293,13.43524964978396,2.8853423441743242,-75.99182031420405,-0.6696331283773319,0.07810803158165125,-2.2899221670055154,3.1367594543951363,0.8591682369049687,street_level
18.571786318655356,55.27702983089236,24.716422885267967,0.38700467730780863,10.47277636966331,-5.480953548741488,-70.0332329932863,7.992926558195953,-4.382779255090886,-74.62596612944034,0.4269744047439131,0.1119434984990187,-3.9976428041065835,1.8040929898433042,0.43757894300826516,underground
21.286168350717432,50.43565345318979,14.984441978456292,0.20631667933704906,10.89497016667925,-1.3056426517119357,-70.83723559115477,3.250078819556206,-3.4254645883867987,-68.87826299645485,0.18560123374085816,0.036050049277082274,0.6502935863755486,0.8959931164654988,0.6497290346729118,street_level
12.733981549149998,40.86022311710103,12.478303195941644,0.07795549519111465,26.01319872133738,-3.7347569436796793,-51.4387886021086,8.268949071073896,-1.3509375616903605,-67.76391862702575,0.16171070997943748,-0.052241234936125786,0.671290224911921,4.588987809705552,0.5393176284270393,street_level
45.28952204650925,97.40125972578551,75.6866094622057,0.6175098253919651,3.9611026883380007,-18.140621266505057,-63.27920531952178,6.930599628727369,-7.218208825175091,-94.88378556331654,1.3429500223677922,0.2489230823923024,-4.242173146069314,2.9947860425319734,0.5500582537651633,underground
46.399329769605984,42.464784800214346,39.26855639054951,0.8965474985181564,4.175477587938494,-16.007438921748474,-64.58680693710608,5.129841888565855,-3.13967282144457,-67.69628168068171,0.25388116824665397,0.207774405997612,-4.903696875439,3.3937120846044477,0.7949670201702237,underground
31.524932310713783,27.176246972774603,29.30846147007116,0.34846979861545524,16.066833015702866,1.0329862398796301,-63.41639144053088,4.735242137604395,-1.7716352415476004,-91.9902700829902,-0.3955212290799224,-0.19381137186016595,7.9578024143833765,4.793034993645189,0.42644042070618654,above
38.14853584986342,75.21129247214373,31.054152766611185,0.3207928079801112,6.758817247465117,-4.355872499040396,-62.40604631600422,11.95410682873246,-5.545588993619088,-72.56777180823528,-1.0377166296006646,-0.0480094415723733,6.33972813664605,6.5969195791056405,0.49307577393309027,above
10.536095021685412,12.786630505771157,5.860256516748034,0.08958601734773702,14.2489971941486,-0.7639376872351855,-47.79959988361948,5.795427105637965,0.5811615524544447,-54.874412578504575,0.04309703093039419,-0.003997620891217479,0.1574873225447514,0.6801013316097175,0.8427311660211285,street_level
42.690738576549485,43.194276778697215,21.966354540106554,0.4091813809173527,14.891870233171456,-7.423018767692238,-65.45847152599121,3.852862660137653,1.0968974075277984,-79.56476198882564,0.6301842232658156,0.04045893828870614,-2.95191173893022,1.226904003170663,0.5652147214168777,underground
30.443984242565516,62.586876553704144,28.476063338956703,0.25571046250755713,8.003170711431691,-7.0116830825020635,-75.6221236913533,6.958717770644606,-4.6578884172463635,-69.75986703425096,0.3330940305279762,0.09275855987094365,-1.8802898616765193,2.087227479403146,0.6476838936997016,underground
73.36289192024552,105.32849179743903,23.584649330425066,0.9276078022718287,1.4854381171897546,-8.951170465915322,-68.14729618050971,6.465658010320123,-2.1160673100506617,-92.18821655318173,1.1465844353260928,0.21673907916620233,-2.2819158268654354,1.9815772646183725,0.8957113496802019,underground
21.809429503554995,48.36354079578528,17.725266985366257,0.40200567534680987,7.45454358980463,0.9166626580024406,-57.73977289270253,3.2209427295732156,-4.4115386444486155,-60.44280726289354,-0.5111405850897592,-0.15607956163835346,1.6553702735309115,4.398998874041464,0.8557396050429553,above
27.9447156804611,25.12775786155019,38.600040304893284,0.37554556895589086,13.385751240489402,-8.054014976199023,-75.50204761743726,2.809895675986684,-7.471396966579282,-68.76456537392181,0.1789671334500617,0.11074339137631231,-1.0406901768578738,2.5731154379295504,0.6815334766076886,underground
83.015235776803,92.38887694644063,50.98112955676583,0.7541688114301945,7.542271243098573,-13.887398897136373,-83.74026714738079,3.230687819699238,-4.897644297533521,-86.57651200183146,0.5327705719897364,0.15624710083660026,-5.228588678791491,1.7604798667034,0.6689983174282319,underground
67.15929171302685,95.83820942027754,63.48851925534647,0.9309919820394679,5.679054541059144,1.1010908155700498,-72.14539710868428,1.5602999790639611,-4.35861072394867,-92.6143584744579,0.5482192933910944,0.07018300728819149,-3.0476903904182597,1.8322871636217286,0.6517802417341026,underground
15.458284488148045,34.984014820167374,8.920699472613766,0.11484612123920622,12.276786834652718,2.225171543236316,-66.21726789327442,5.0446046450267295,-1.9414636095583913,-62.861618806973524,0.37061830045283406,0.07415543753352036,-1.6876200476538683,3.8682001622223323,0.6333170159876248,street_level
18.324185264741352,35.50690393335731,11.933893212348787,0.2936461286275164,6.422052426121254,-1.281273516770888,-72.67704374185067,7.936943141534024,-0.6523206049827097,-85.56651964737034,-1.4599810269361972,-0.23391516908981685,3.7451285940045875,4.512405104854827,0.9490525597803001,above
32.67818693429775,53.20880840131555,9.150612159698312,0.16492091430340217,17.658457873553285,-7.296286036537116,-74.28095568492962,4.1042446364533465,1.6533294620942556,-67.77828219502518,-0.7230566366537128,-0.06868765652697356,7.180321261014691,5.166954450238221,0.8467311794015433,above
26.906429737294964,57.108513982712175,20.71177052402212,0.3425643339741957,13.24922401529972,-7.3778628614135915,-73.79765806505944,1.0772871912059414,-2.0363544995427514,-63.965333169947556,0.4143050785120085,0.08573100534150634,-1.1482927489028638,1.8357542818277317,0.78169834241939,underground
81.82603632808255,40.03383909006304,62.207281047101375,0.3969119992398109,4.600526593472534,-1.166657446451513,-71.02554524465151,5.79045214152717,-5.208803503035877,-89.98458569334122,0.7783949712970369,0.16786443046770744,-2.027491948475105,2.460742112361572,0.48105016474127194,underground
87.20188331613831,40.82576676968978,59.68982390366966,0.6929255084279047,2.3393408510128744,1.405088884808766,-77.68382619376366,7.355836476798721,-9.35815223506257,-84.34977029567735,0.9057674961898224,0.05238832461411537,-6.184521406001112,6.387114473300716,0.8065941862854442,underground
9.309354955997172,26.41174302084528,4.36828965906401,0.08138692067679044,13.57025999048318,-1.0761363440014797,-56.36609035769203,7.4846230340603634,-0.6526486370379176,-84.49010101892934,-0.6843782857002423,0.01620489001786403,2.784973487136128,5.903583520504523,0.8722012530914169,street_level
17.499750659738705,41.13370013762801,29.73510053281523,0.24074878352467946,7.787724430398024,-9.504156048393376,-78.05375309742146,6.767362250791703,1.1227834393930411,-61.75033713396398,0.5626609918368647,0.080838416958509,-3.7848418230418477,3.824444630023355,0.4602824726205432,underground
27.63436036796072,60.18799048022892,12.365502023618285,0.5481710369823212,13.656011898767938,-2.5827494886935067,-73.5521015431906,3.37027030724973,1.5568943892866294,-73.76545111270818,0.6054462910934316,0.11116051050367821,-2.719494283491703,1.1947344751576112,0.9255944025066523,underground
19.228350706859413,52.30207233322343,17.16512142679899,0.2474389176227718,13.16924637814947,3.121650881228673,-73.15530575561506,7.744428257880712,2.068573761825114,-68.23381991242572,0.10737829498813853,-0.0007692354277705864,-0.3622874701662442,0.445215103686218,0.9938757901556894,street_level
38.043692054969014,70.66351055791367,32.454537302555735,0.15567099539034432,9.416470068545415,2.9870137596694235,-74.39490909482232,7.713632061925702,-5.47915357319856,-63.49374557989238,-0.28438084048881307,-0.10727276919426029,6.823373868494576,4.869950780861158,0.5618364854302941,above
8.259883792254664,13.661513686866416,3.8419740457372393,0.10799864476963762,16.698851571612465,0.3097494841762032,-53.10127104285498,5.083876747362964,1.9628109485947896,-62.25446060282308,0.09712749871605111,0.025464506491146205,-0.33175829519240163,0.6369296959891084,0.7702748040658307,street_level
30.03085476697179,28.63257712871559,11.643492632534551,0.42518438405640313,10.700995112003396,-0.17829604953798395,-71.01548599074444,1.9854755227577587,1.5197794920976033,-69.89507313277849,-0.6509111171243533,-0.21857542981719114,7.383458893034806,6.51362671677952,0.40290798527139254,above
25.35098581004009,29.352093031293002,19.56845351601703,0.10231713432524409,18.901944232044535,-4.186870734855112,-79.97906981493138,3.2475389148798772,0.7452015928180478,-64.00844384003656,0.07058860667644201,-0.004256150006470057,-1.0241940824673779,0.9843936117556025,0.5776318714976056,street_level
33.48744246477596,56.12567245128142,63.78298008504296,0.8508868503675481,2.0309476921220346,-10.3630702288708,-76.08083083789434,5.031079677950831,-6.604522698558163,-71.11021570737367,0.5095200990484825,0.05817277082614844,-3.036120615447933,6.306838825343672,0.8842871406406431,underground
9.314738950840606,11.783907667632631,1.3325148821577046,0.0319449539045732,18.65720711148019,-1.7769675773066664,-59.12191999765121,10.822002817867864,-1.4609649656686743,-75.67100136074538,0.06150473856014177,-0.024650141390330657,-0.1380410529752445,0.2617379287348112,0.697073305773495,street_level
31.70185401764691,22.024682718256567,9.733433056992544,0.18230486279208336,22.611682154873883,4.3305094369814405,-60.38658627722063,8.84317946536152,-3.1153339846108317,-84.7598234601755,0.1070185984403571,-0.029613610725846735,-0.9098611170735554,0.3023820617055972,0.9865238244604606,street_level
33.82912369996116,73.24685916478653,19.978095885013552,0.40131194210728016,13.51481284236701,0.38716305510717497,-80.60484951368343,6.912351877851284,3.6835183108433114,-83.0702559469557,-0.8635236930275862,-0.16968364384289333,4.524324955257199,6.256160098309044,0.8986823530296109,above
74.5260633834136,81.98941520262011,21.808312020508026,0.5098291889005471,4.256461380156057,-7.841773518274524,-78.63235500785301,5.024706225436766,0.24641586576617946,-90.27743505769888,0.5440341522685639,0.12047876244453865,-6.375217670416905,2.923353047194597,0.47697050396833335,underground
4.322503060604023,15.415425082431696,1.6898250338841734,0.018719972464987234,10.052908318044919,1.3755721747225271,-60.32383244621417,3.400616315711636,0.3627285759807455,-75.52109917072346,-0.014409692860924361,0.024626616979197963,0.28944025016291464,0.6447344691582096,0.5563625992376888,street_level
33.24810369828519,55.09459735109843,21.2379045907753,0.5116507451267509,11.07022743777409,-9.64624774632906,-88.32749215389897,4.419185169772237,0.1936890936172979,-93.24142964380366,0.39226639612250647,0.07814278950632371,-1.4407809965409784,3.9419732379307337,0.6812479762384674,underground
27.427536957473745,32.75659677305855,33.570653404511745,0.562249189916821,3.2128123759782734,-3.5953038327080016,-78.3287623932286,9.813672894855458,-3.8564295047946224,-63.22741672362166,0.30459248438145015,0.11099052406002355,-3.7831014299448213,3.254510060346746,0.41387982713265464,underground
6.651846780679641,9.676229975194325,4.331895577137734,0.10535394816481171,8.376687169009529,3.5163700402555307,-63.53384519153876,4.381456554600531,2.6262274903010443,-78.12091400072958,-0.12117900490165318,-0.0027657286653471162,0.4940201370859143,0.5164524074240414,0.9089301668020402,street_level
21.537512095353204,74.36366271142347,19.67717228548564,0.5706691182309593,13.622983118105791,-6.105470374571681,-66.06726843114,4.598292629518642,0.18866972061326415,-73.52213529147414,0.6811048661819947,0.08424549539854427,-2.906170003865574,2.8605012216740686,0.6253989426967845,underground
44.17375454289715,50.52073925709473,27.598842997949653,0.41127139726824913,6.794283535462687,1.6084856195285546,-66.9186490008855,9.49023927035119,2.5169881170269086,-64.45359912359453,-0.79194287085566,-0.19512906373692196,5.827921712295152,2.538673223286647,0.7795601359785265,above
40.10558645042348,44.65430149172218,33.065530188289735,0.5493469961689887,13.955578238372336,-3.4543652344791393,-66.32052006615876,4.352555446742718,-2.3109924608587766,-72.31016394709164,0.49338969603550975,0.02995904019021435,-1.576404274471006,2.518977395309915,0.9474347426540467,underground
32.71955141487575,22.642702070122496,18.22794503469585,0.1527642109095016,15.778760866169842,0.00035495703281451796,-75.01980159405535,5.632892766856906,-2.5843357012814945,-76.38123537053171,-0.08530173602492411,0.007397761425198962,-1.1845029810368506,0.7911911889314978,0.8819855896994062,street_level
28.051001537153763,33.15637325627074,20.00679113330759,0.17791982989662086,9.103330108942703,3.557360823597138,-68.88439204417242,11.798830424044148,2.107156633665923,-75.46908597751312,0.07152182736352991,0.03688352525910818,0.13298918867936438,0.03425082612452357,0.7982369560301645,street_level
26.682067875371022,46.57303616037068,8.73243112667977,0.24301281323795113,15.76047569561938,4.3104484162625845,-64.58242097791822,8.452561794193011,3.5293402156081077,-81.78515640052959,0.08043232909957032,0.005797434030013343,0.1741757962103183,0.9582467539273709,0.9229635423240945,street_level
67.48625220948362,104.33433253183199,68.47040805759116,0.7452453760419913,7.120028037199116,-3.3304112869056013,-77.02940639531965,3.5605857704654253,-4.93681566346368,-94.62107356956324,1.103322141593843,0.12185662653734872,-1.8388542443830342,1.5427590305511847,0.9236412022816386,underground
42.85940741076766,38.39335605484774,28.95343972861509,0.3928207780349328,9.070656942850947,-2.66759138739223,-87.60483532024733,8.873176357853605,1.0109857117313332,-81.5384480564974,0.2909927720735169,0.047411660716107834,-1.805470225154271,1.3151419522473051,0.5021420136103574,underground
27.89643063459394,47.81784708950383,27.43372240516718,0.5165783376549595,5.423165718660478,-6.176572179213434,-75.5456689476327,6.859286298746525,0.5094613422755021,-84.11002088199828,0.6114220682164169,0.02509247752425378,-2.5588346405258857,3.6538485401301894,0.4740461884117074,underground
26.22102663981665,53.07705801397145,9.44074164012423,0.12856218036950265,4.285648864122928,-1.0781033764275945,-58.72145330377019,10.27789766571588,-3.1279404203288537,-90.0513267293622,-1.059483073656314,-0.19337647769511238,5.04261662546112,2.202854541853678,0.6829307493296213,above
33.76216320870543,49.168896604313126,33.35642109951418,0.4759051331343794,10.405645613004694,-8.319516351378368,-85.79673558921061,3.3961186432516026,-7.194049705824215,-84.65975882419589,0.2991474070157595,0.08582793582573128,-3.862423033175524,2.549917246575122,0.6453946748977617,underground
23.061936186609685,41.723574235539445,23.44774070850142,0.4782106788582539,14.446658683506701,-4.145799012590976,-85.99809855107821,4.715990370736678,-5.06675662184006,-78.27400205311133,0.32370062609069034,0.08416697946595061,-2.698423129142574,3.1619297920943863,0.42567768372683085,underground
10.174491985028784,12.525130799508208,3.5954371482754564,0.03705562563973465,19.404655243689266,-2.667860812609171,-59.75783495043839,7.952308795511454,-2.068096510915785,-55.4002449720204,0.010505692499614167,-0.02412910800103494,0.09516577399557258,0.413652840435684,0.7090255351858717,street_level
46.8350137603802,58.69433340708926,66.04763355725719,0.9971496632557141,5.657943015331751,-10.624162533738662,-67.39805007480889,5.01388678826481,-1.5813628599534635,-88.70954932408982,1.2870729865795791,0.1134320400611071,-7.750533348625017,6.513212362916011,0.7249942517832599,underground
9.36793393332402,27.744061603191344,12.487686245968646,0.07016228494800021,22.950856952627095,-1.9894892735565852,-55.70196695063008,5.956437787247273,2.929731450455434,-58.00325396892009,-0.564874047829862,-0.04719652393517944,5.098767390842173,3.7972365269385993,0.5428760606650402,street_level
24.756287410716183,56.00283092201816,11.178514156342892,0.24321546718353354,12.833989264578042,3.895294143393933,-71.96955253539761,5.097809308288065,-3.752420802425468,-58.989801054303285,-0.030894016133315827,-0.020101753139036692,0.17473163926187762,0.5738707467930086,0.6185817294410765,street_level
14.477972110036038,38.69063175833737,14.345672869020238,0.24050872069853402,18.47521330673343,-1.2899350320078673,-68.23620539889475,4.36301387472686,1.688140713539239,-62.43613662362934,0.1114920784550428,0.0042447382588691185,-0.1942781013927697,1.2217838577517368,0.5126549178454436,street_level
4.776446934588937,13.631350371095273,1.0566444724905883,0.043310985940656625,16.254572671500135,0.3570114933518802,-69.55715734879895,4.6485041022384195,-1.3800142384164265,-68.45720725061273,0.135983443846206,0.016918795002695587,-0.3374018843419502,0.33767294049240615,0.5753234253345813,street_level
25.089111948659486,78.91191579338843,26.75432153427133,0.595632760528163,9.794826575932696,-5.630110921461673,-67.33281138871676,3.6860820373877266,-7.8292388045680195,-87.18354480882554,0.612714583086842,0.0911573910672461,-3.8229673500837604,2.252198319178194,0.8349310372051004,underground
30.18277155144872,78.29938958551432,26.699784823197533,0.4688408485311936,9.74055082709223,-1.0810068532975894,-83.87665991265419,7.790465916697377,-7.091629554497177,-70.01509325406916,0.36292787798296455,0.0998254892762428,-3.825389071412884,3.8848744621092104,0.4617185959814622,underground
26.028824398603287,48.836701545577846,19.082894869663242,0.15359304888553554,8.58328529415788,-2.9760407991888114,-53.586743795252815,6.489315012341288,0.06263662509249723,-60.98271899070795,0.10827139149822246,0.025438938747250027,1.0705686024930587,1.0130397214122788,0.6682308412083817,street_level
15.29851305628966,43.354505279821126,11.748383218120924,0.027146847119313772,16.57068824415418,1.5772073395738593,-73.38332114172067,3.935297690182047,-1.2774191135475892,-82.77593079134996,0.46663160978194695,0.03805766351688339,-3.3875853829969507,3.1468825677394294,0.8778218432603515,street_level
16.52925950409355,54.82582060495005,33.504264364241436,0.10002615738074057,11.232375458752294,-0.463159013831703,-72.28227698967976,2.826090441811116,-3.2142062460652445,-76.34737642023433,-0.38985755616072604,-0.19853447784032988,3.4821615927716683,4.665094069320624,0.41508185661326646,above
6.875738780330716,9.237901036952584,4.167529083527362,0.12124672952217744,12.783914784228605,-3.280469036752468,-71.5488450968839,9.982634206867285,-1.2113687306511536,-55.49160331988529,0.13630976880317056,-0.010719151793260127,-0.2926731038022552,0.5556117642425479,0.9361320096676573,street_level
32.537630294597975,68.11291123102795,24.359270246810137,0.471016776456884,7.526557080945136,0.1394040515748074,-74.78545043462891,5.62650466036749,-4.602141256207236,-70.39924371965431,-0.7919617687604151,-0.1854681906014919,5.241709496225692,2.3696572927589417,0.4817180379755933,above
4.959157475398449,9.75499685331274,2.688087950274097,0.10396174830400544,11.44614497007407,3.1173248318591984,-52.127327170248414,7.85260849880113,1.1372799215589495,-51.81632811224046,0.06585965172676017,-0.006363270762759377,0.07488271780690248,0.7263171136630092,0.852317719551589,street_level
6.242151679555342,16.72829375400599,4.33460016521672,0.06281132982054947,9.642675537699859,-3.0198978968291623,-51.40610679825966,7.115548018422871,2.686711914031747,-55.354347783890574,-0.09076980548460753,-0.012611695814025613,-0.32313232719517704,0.20493089976271517,0.7835802368476283,street_level
14.156829928754018,24.589546637541154,15.771423431490167,0.13736423481028678,15.684964092627567,0.2934076779592285,-69.2337838582322,13.480485000085553,-0.8286802686895642,-81.50304077810179,-0.08368467838245108,0.057203630528814886,-3.393714467239954,3.3120564231156515,0.5926425213567907,street_level
39.27412235339877,46.6579867704303,28.604521712756313,0.4346848916284478,14.084639146912352,-2.8657680744036975,-57.86339304295811,4.556795452625048,-3.6032197593431228,-82.11893301575931,-1.4431850155515797,-0.11995919553804893,5.913214794864281,1.531943654527801,0.7321587761940098,above
17.782111221791315,18.950387823435612,5.863424630427278,0.09040895660296402,15.73715925207231,3.4363897703736948,-58.246792842688656,7.954358719447794,1.126296689033861,-71.64103878055526,-0.7672335511535482,0.03296045018715893,5.896207096841582,4.791652606004959,0.85701014977949,street_level
22.04479433878324,42.3657333179445,7.141093096586387,0.137294564151115,19.054391676818774,-2.6236728531248206,-63.683011435233254,10.432425202060607,0.7972551447651663,-79.96423207599477,-0.07745221528954693,-0.020709815164748208,-0.06821459463589896,5.797682859571958,0.8114085629767646,street_level
20.859649101679317,50.679183286353506,10.741431833144912,0.22766634174653597,10.431609720364781,-2.176214073960602,-58.43553794412945,11.874745144010332,-0.3673057373096311,-73.66199318149599,0.04934219929591696,0.01898438373567589,0.0501496305226099,1.6431319259740966,0.8050078866636095,street_level
26.146609032721642,44.043943387761466,10.377544860930687,0.14537225769712686,17.789058401117885,-0.3361138437173148,-63.95240980038009,5.282030830589652,-3.480809922177283,-71.9041563008486,-0.010285174981783413,0.027575743328450926,-0.7403143081070179,0.6460178574927977,0.5405937123562563,street_level
28.83895786595245,36.58165263563398,36.45284168877342,0.25948952163277683,8.70531621729827,-8.366176851887754,-60.30584974617446,4.001686576057916,1.8062629667851393,-85.14406136258508,0.4578815443959773,0.036025154688675606,-2.6505914198174203,2.8361462807207483,0.4952828258968059,underground
10.682762846713837,13.077077449396022,4.448563823295735,0.09232562269874717,22.614461799430316,-3.7690822031018163,-65.68312692766696,11.059554293341797,-2.0565944235059916,-53.258664024902316,-0.05282676785757101,0.014946462721540613,0.1646355401111692,0.09632348155935713,0.7970626913665007,street_level
24.338160975281223,69.8409582807073,23.59169877470963,0.4934554896403044,12.530916703570176,-3.761528994586927,-82.6184391703528,6.707446027806796,0.2793070496819361,-91.96926664584477,0.28486796436191875,0.07639694660253452,-3.108942261078097,1.4814251341917157,0.44512711186024023,underground
20.69241519351588,43.89345543923551,14.07103141574215,0.44376459037925986,17.636148555819396,-3.4283789242026756,-78.35687507948535,11.868992392602879,3.8345081505883183,-84.92505774563803,-0.37873431846312533,-0.17252022456842003,6.399501404444344,4.921227526470834,0.9208605309951441,above
73.80236214324302,106.37777793681168,47.06230514563294,0.4284130402299398,1.361250529697925,-7.390081762532022,-61.56342716036529,5.096111060923818,-7.160644783342423,-72.55515886008712,0.37728936557401954,0.15130278643934914,-7.690511115779304,5.952389751998445,0.6637675132597382,underground
15.323655005531565,20.497402192291993,8.34169265489938,0.1847815352607909,11.32335412963987,3.960042529183151,-74.66608264021082,9.00640368984229,-0.16504138103894794,-66.27826866264371,-0.03183952027431369,0.06173549793165942,5.3551823458631755,4.469081049089234,0.4153633005090398,street_level
26.901359403996338,63.59485481377735,25.432317816021083,0.1532270211275183,8.284271079429233,4.36603436270865,-76.6117270551548,2.697499854490451,3.8477679463995216,-79.84171958379461,-0.43576380765033385,-0.18798426278029085,3.0577055188000415,2.4511145050212466,0.7636015124443867,above
24.233580502211662,42.67038370740738,15.950220107001325,0.03545297099714857,16.82549618123436,-1.9221193086713466,-74.26441650816953,3.5938101839470726,2.368272286680517,-81.89586809523675,0.6183631177690654,0.04722316061326412,-2.4828304148667515,1.5131362764967418,0.6098076927207065,street_level
26.355061405635062,79.64751501567865,30.470576575243253,0.22727739356900478,4.13790475913252,4.847222271315546,-77.44587505971613,7.9210105084745805,2.50147705313387,-59.844261770294175,-0.5755822779975269,-0.048791346169680616,6.914793015451681,5.247676641755286,0.6393742874118442,above
15.089069837507974,38.09016591721057,9.010180668287369,0.06461499992429445,27.97444898168931,0.3987034483573728,-65.97992157357632,10.72964367235041,2.5400658219741983,-69.95462091036262,-0.38913748993609065,-0.05369034726444673,-2.5716468553458625,3.0876741240196166,0.4644772351669373,street_level
21.71942116974641,41.13312022906751,11.615480872418832,0.04386598990761999,18.4580508986348,-1.8409063976990678,-68.77742252380077,7.731584342312171,-0.9176105906317744,-67.52513913275482,0.4888513438440052,0.06712939359091832,-0.9196743981291453,5.284680237406694,0.5890897513228261,street_level
41.897452736796794,62.91302679968227,17.480748127611392,0.15806910102718918,6.7159439187709795,5.4335867780104685,-72.81357578914768,1.5909003578675507,-2.546612602531257,-60.97428268853754,-0.260963206276442,-0.04904044683465425,7.746186275939486,7.220214472973845,0.9218501967142699,above
24.857971397300687,32.92500377346968,18.51064471266275,0.16088321971068456,9.500895851503223,-3.463879149551202,-76.3650983040667,2.425785568813944,-5.861598016611944,-81.20523669195981,-0.6678669625858549,-0.04630576488351837,7.577777730737538,2.795796379591196,0.6987769277277316,above
32.70784470947371,55.97039680992159,16.27820461994295,0.3749729912770706,5.10359467378478,0.6992648132028716,-78.53166746451937,7.612355587929056,4.956080720926851,-64.52367422565531,-0.3779670268901256,-0.23743699811610733,6.3582842579925085,3.8207425084462887,0.9141445012145516,above
8.699770252885063,16.659299070982073,2.1014964871185517,0.04733911042469733,23.081060500582023,0.810451666833143,-73.12265767196534,6.525466578148372,-0.6510789423642569,-78.43042409609346,0.12106877003708325,0.02232935127391804,-0.22492669545301514,0.5079285835875664,0.6534420160770615,street_level
39.676123970173634,65.44511326711563,30.513897653934485,0.571353266705296,7.231752714312153,-8.902300481688023,-62.89214014252849,3.6273919604484908,-5.193186200006808,-61.939748931528264,0.67612846207258,0.09096424899071037,-3.44849114849866,1.7908898788308467,0.9243189288511048,underground
88.90482624838464,85.49004192004287,67.74882427128347,0.6062511430631241,0.7517887822929248,-17.530528078517655,-80.22553904222178,5.2375519551868255,1.1951148556099405,-66.50501477480049,0.8137370596123623,0.15633065394847664,-1.9972648751663549,2.860315752120987,0.7095951587290512,underground
26.636961812004387,68.46223249572695,18.226067642587225,0.43759845763390737,5.903007518363778,4.836713392016401,-56.30042178296078,11.946481757673364,-1.5687751414022184,-79.12538245799094,-1.4063853361869054,-0.19740143870887597,5.289201801207351,5.62865539150869,0.5924033863915824,above
13.687771726040683,29.49916626632536,8.127387139069086,0.2081193427864393,27.427687344207214,-2.987778285903687,-60.015619300861914,4.946527331225491,0.0009511210699351125,-66.59387060052902,-0.5289828866164534,0.020846482092753124,1.5975970142896152,1.5019662838609147,0.732138139934841,street_level
32.173828002858265,101.46912270946238,56.72948461287303,0.7465644693748339,8.254734178509995,-7.075752128919966,-82.12957234125706,1.0001787777383413,-1.7507441338733152,-76.57197652639528,0.5551937795577595,0.20824042250507116,-3.862445906123983,2.7535366769342056,0.8001615455462663,underground
9.630318592233841,11.543480696440689,4.015572450098627,0.0036079215821863794,8.900504217419225,3.8235036657875945,-63.225559383319215,7.422102924958375,0.8081139456042989,-64.90909042246754,0.025583952863756337,-0.0290768588304284,0.004721816197101214,0.7348062591934652,0.7351859955533562,street_level
35.313892531368616,101.53544797254057,67.86816635578495,0.5156076732150682,1.107698415302476,-16.262936744934773,-87.26035276304576,2.7547478567603143,-4.891211693998131,-65.68404980312899,1.3903166666802942,0.16737721136708192,-2.2811221787719473,7.455680917613341,0.8699810837329245,underground
27.59664319557495,60.36517727776498,23.993705540225807,0.5189718889635686,8.186565127686487,-7.004951216189865,-79.0073893939102,7.409190121415416,-5.4099284172282065,-70.60640600609065,0.5950217702384669,0.049105504114588056,-1.9273146727327002,3.9603217904728583,0.9527562421208372,underground
8.20529292628207,13.202516228032737,0.04008089108488466,0.08833127949660563,23.038015040977015,-1.3482779099359368,-55.939375881097334,5.760042414335149,2.6692278640067864,-54.483297413626275,-0.1264399270389227,0.007093661580184679,-0.27201685165078215,0.1601284404529718,0.5862569840960774,street_level
39.00708999060204,43.75024831678182,36.379221282028595,0.27042203570928786,14.346304411039176,-3.9620398127185155,-66.61159240514412,1.3622905744154297,-7.8128460466852365,-92.49614720207109,0.45743689430869183,0.0398541451491219,-1.1089015064643704,2.3988611533199764,0.811503688682907,underground
19.872253992688073,63.943291092040766,9.603217438544677,0.4363598772084737,14.041256831789015,-6.926812799534212,-58.992698958006784,5.781044959721091,-5.985596291715627,-87.27844098380302,-1.2286265574976503,-0.13739979039356381,4.327271762267189,2.9210143838205695,0.8394545462596994,above
12.029459156445569,34.655455826285035,12.778189753769936,0.21945034678192193,11.506608722984751,4.795571176303591,-76.94238869207955,11.761482353708955,-3.594353295845294,-79.88821449223076,0.08054533279065756,-0.0014580816088332928,-1.327178854358611,1.7755341464258494,0.604515951790338,street_level
25.80577157264843,78.94099131231738,15.933255734942204,0.2600143784950924,15.606750277044924,2.0297232204592888,-70.61074659030825,8.491047435570549,1.32165190303453,-68.59807300256078,-1.2408086001943928,-0.20835344256164592,7.423389240282941,5.598316480675389,0.9024246509361492,above
11.794862437100228,15.640834716780311,3.4189038974259134,0.08291702541776567,22.592818255213977,-2.1457334886445167,-47.6143240067533,10.770512948841478,-0.3008139055919181,-51.25684804798409,-0.027386129602780834,0.01008942788148423,0.3757038866429443,0.32738453832752046,0.6289306265553791,street_level
34.40381510712848,38.09419325567817,31.35909959917744,0.25127112735971024,4.4225328798855035,-2.423957919239159,-66.16167372069492,4.742690707752859,-0.4797178016030177,-93.47748614153966,0.5707438190082821,0.11112832970425554,-3.37449663300218,0.8904549309073868,0.6291123919893011,underground
27.26846331446946,39.269144815851156,11.214534089701186,0.29955807505209564,8.865316607310852,3.192718766759983,-61.674451309855755,10.080511497682942,0.9465995919663861,-73.02163408177601,-0.06929359689437677,-0.007532978031240808,-0.8680765855273795,1.2962762774790613,0.8831066701791859,street_level
8.306431094079617,11.664218542109241,1.059775815725592,0.13169282146060596,22.920715339690332,-3.0111761678163456,-68.45084646000308,4.807361020412335,-2.2336329945839455,-68.67287764043566,0.10663935905631014,0.01151127488680228,-0.478925966686334,0.4704812246016915,0.632341133805105,street_level
5.479597719216338,11.697895298952155,5.720172842511234,0.09860078734997976,21.426803497661542,3.051580180019296,-46.504043003175354,9.002419124869068,-2.886220946721434,-58.43438916419777,0.008194263444186112,-0.013573432324893334,0.06195593299075919,0.505670782159713,0.6617543554082205,street_level
16.291425734413338,31.976621105941778,14.146329086032594,0.11619117372173694,19.81338958627565,0.6991423231723939,-72.33122978303291,3.7945725018963645,-2.9044305183186436,-55.58244331281078,-0.23348737760695948,0.004169853148684566,4.576636411096018,5.709289511949528,0.8618057725635573,street_level
40.47478044539335,68.72340223585785,38.77939891190992,0.589494055142102,14.984428099314574,-6.140110326079329,-75.3533493097793,7.366828054982042,-5.451097692327978,-94.3577669632108,0.5224206935779564,0.02077433734965373,-1.918961041094874,1.7955071516084757,0.49985321834947305,underground
23.335393005145477,15.332573451998556,9.049643954318123,0.03292919452717076,20.37208238430834,1.5994644649936616,-61.14367794894163,4.8432890393284005,-1.8853806059980298,-72.4084454225013,-0.17688107603190661,-0.010917934504336008,-3.3666976853006947,2.384111533917562,0.8139301825223163,street_level
10.677061857357339,11.671988268644931,2.91918016331683,0.03233381606772903,16.350130799483082,2.4219325279094344,-71.35684054183434,6.550159359167376,-0.31138768176740683,-80.53926125393293,0.11132308671242233,-0.027079271293409084,0.2661645751074342,0.5967376134839654,0.989179790762898,street_level
19.502249003917267,57.79266010133926,29.602113170191064,0.2665439708804359,16.530411937115428,-0.49894510325167385,-74.60963963151778,9.652925162344802,0.7134431614344781,-71.16908578662783,-0.8436924951985292,-0.14424070606218728,6.437721874813418,3.573248848554359,0.9086477349265986,above
17.563838835455027,54.62795703471225,12.984251236305301,0.16048351290389729,13.245242381047635,1.5656236134847203,-61.43934187738138,6.653084316695104,0.04441696929662875,-82.39074816596818,0.17038407750670434,0.0001575192384772814,0.660000504775534,0.4328318855292521,0.9601633376601746,street_level
30.00631045636679,38.090115160369955,28.794448449621413,0.3405020741594621,4.2761747119456786,-6.018380377738851,-84.22236163466319,2.6524402780129064,-2.806287418048573,-71.64059726882023,-1.0696595242719185,-0.10488071004575167,2.508043665582833,3.893218106677386,0.6291952019093556,above
9.645116015258509,11.700253745178745,3.9599456417238468,0.023744845656441416,24.1174059833723,-3.267270452438762,-73.99792073621674,9.238797963455287,-1.7117144388113406,-77.1903504558056,0.056056452700528864,0.029514755011521246,-0.3291744995325,0.36266009125561927,0.6851420871161377,street_level
19.030228720078636,58.50762483490133,8.689234925029572,0.3160477731867817,15.884127706112125,-4.2742737316892505,-62.87541740815706,6.006046407361758,2.442966799630228,-74.30889600196784,0.16096459749817735,0.01240574619852372,1.2665995770734515,0.9362238795188513,0.759353135984705,street_level
76.3224652695713,90.3337543643166,17.7426757060596,0.9006881439737808,0.8647623251745162,1.2008317015222758,-63.494804983842336,3.5711933627445687,-8.482217195412561,-69.66564722131088,0.8520775013937184,0.06744873370477605,-2.5061616322458207,6.779498612546368,0.7487101476181723,underground
11.430636269496855,15.756776856155579,5.3912733142383225,0.0015760665458882494,23.37338930270897,-2.7724650335306897,-60.11787407497926,2.0084836999470914,0.927676112842752,-83.93378881305514,0.08722827809819242,-0.015322052248665579,-0.28828865841279894,0.2941680286713451,0.7056308832918023,street_level
35.40409243567109,78.8983566058308,11.549601034145638,0.22148940572930198,11.716480080802457,-10.060109238826108,-71.580531400991,6.49975533067597,0.9112953909496024,-84.56115068507953,0.23318603276513772,0.03944203737983408,-2.2044832633512956,1.601173345086869,0.4210525416888621,underground
29.435313322337773,42.06229418707462,15.981220214286996,0.19175646035643007,14.232583505969188,4.778970617822676,-71.08013753741852,8.028511419106033,-0.38736861646459797,-55.096492091616255,0.19072646407376562,-0.023833763124674938,-0.04795315949652479,0.04883222603780979,0.9171170203279914,street_level
43.809684706225056,43.31085400724137,34.04511962319247,0.553583113521914,11.095878608045053,-9.148548608960029,-89.69882125089737,1.108268580695426,-3.8553799169725975,-69.82733786649361,0.16751280299597085,0.09639263283420342,-3.608709666200505,2.4911702484109934,0.5219034786578792,underground
32.52741853559931,75.12167784074042,31.276966360507497,0.4380094052843999,10.089578582299715,-0.38246835182561156,-72.1462029992344,6.539496629003349,4.342052477241417,-74.67816144458564,-1.381877544955824,-0.17521578362144313,6.906990921009933,5.729270769826812,0.980091750229996,above
14.485281335589887,22.80422436905782,17.358138010128414,0.02897008611954295,14.048558814687931,-0.9998418916477076,-57.936336192218576,7.707525593308973,0.9913648851510946,-57.13744802148828,-0.04551569751207851,-0.08902278386214875,5.9040599740813136,5.5867190518654,0.5980616310973479,street_level
9.824265150698665,9.434371323315005,2.710373307153154,0.1433466861647692,13.41914699017555,-0.3104461852979723,-46.427625421486155,3.726606145235575,-0.3911930926268248,-55.13925534362724,0.11342344574039162,0.00792661440155304,-0.07861474704962923,0.49840786354575717,0.5233542442051109,street_level
22.279368404208583,24.435822931678196,14.839400370898957,0.1157733977681437,26.787854149569355,-1.4396513461955927,-58.55192371322232,9.442103036955793,-2.3141510208387785,-58.3847949712916,0.08468686104996004,0.0684492645290769,-5.376862168796444,4.313385236675641,0.577638644005561,street_level
9.20515494342392,36.49068137942438,10.486161264720284,0.116925171787958,13.762802283301664,-2.6078859522228104,-65.99584668287757,10.323369085605702,2.237627486865799,-64.65811860195677,-0.18246193782333076,0.06418143551879582,4.635343270315886,4.544526055143937,0.7689807797765551,street_level
8.107115671451595,9.160315941832033,3.2961596397760538,0.10633952175453375,20.32640333416456,3.520297062716633,-58.9820018700758,8.673820073931225,-2.8252355318458076,-67.88913905352396,0.0030822894003914025,-0.028352434965941704,0.4779747698864407,0.349564403861655,0.7946823939155243,street_level
16.265333899226405,15.296927695406575,13.575681788571325,0.07506342928061312,26.402141981138318,2.3043091963262823,-70.40230359818467,11.843878349112545,-1.8965314856692055,-59.15482093718257,-0.05825438200692723,0.04613882273580519,-4.479645040179742,1.8469365336164636,0.5351084950337563,street_level
10.472110359148722,9.02559166706984,4.981900004137142,0.11974515854820861,20.470781438885727,3.875053375060168,-54.42161554118147,4.699205021934066,-2.216000378528652,-79.9135344514098,-0.10239035785014339,-0.019676950956567043,0.4515888899063941,0.35862052009362977,0.7146714379608409,street_level
27.239353967924714,38.88715164780491,18.148095630629093,0.14344344001762024,21.88394076052525,-3.0319297656483677,-70.8410349687927,5.498041309996482,-2.999835007460536,-59.81197905378976,-0.0376848268119445,0.02253650613523083,0.771161685434743,1.361060218141398,0.6397952624579738,street_level
40.07335038903088,78.37895795620851,26.970140716662392,0.31379373875780164,7.1439585255822315,-1.6234004456373334,-69.47567894404234,8.036404979351781,-3.4651948901261176,-64.82484640186671,-0.4496076424885054,-0.1604563644971475,5.48633935003731,7.558016824856139,0.5208444320763451,above
18.232257572857073,23.61605049113167,7.804628045955857,0.17247887181605534,11.510479919246311,3.844154377954874,-60.072045887700014,9.302856968717055,-2.1731686314481067,-77.04105109659403,0.37430685512145057,0.07442758440110223,3.911876169854132,3.5792194243638495,0.6698250638657914,street_level
42.01035575983789,79.07497912800955,23.626534117118418,0.47091256541099596,4.464885255156044,-9.13045461663025,-61.925532419593694,5.2130005684153815,-6.8500415007733775,-78.8413689086963,0.8515672871713372,0.24913455045979516,-2.2247917109893223,2.874301062167482,0.6623862204636543,underground
10.751827716960436,12.606276216925398,5.908615520901187,0.13717459764097872,11.915610408625234,-2.139711544425375,-45.638920871558014,7.417799090663805,-0.826716213738325,-51.47267889873119,0.0029062156912247894,0.012985865097626406,0.25719297391329443,0.7293236978447135,0.9531837076981801,street_level
14.66635907389991,32.703042846001956,12.142016909701647,0.16438569622493276,16.668993080129553,-2.3237456631183315,-63.53986686817931,4.81804175826038,1.2291590812815372,-82.91469018580428,0.05693226646557248,-0.017771868655966673,0.20148954888214687,1.869729194089285,0.60437941485544,street_level
4.35185597430006,15.089198942806718,2.7647031133212643,0.10746117041882225,10.946364893348964,-1.2028725567479865,-62.083698149785135,7.847077277841581,0.4097591201528923,-58.851996928601885,-0.006452260070117233,0.009013613362426239,-0.32520077396099356,0.44369195006709483,0.9499769322501159,street_level
38.15149263025022,116.41838573065161,38.515796990909536,0.5827702902478846,8.728099667551136,-7.692810521726496,-67.62507141939264,2.632721538212577,-11.366328512652895,-88.5190206491612,1.3076698505547073,0.09394142339463044,-4.114558084105454,6.44398905515771,0.529559370598637,underground
20.887217438837954,33.21047382233959,23.509025182524084,0.16150557083916853,22.458180757600083,-3.2439033922112213,-69.72937495712699,3.1527482263474917,1.0278992129449014,-60.04775882704374,0.1379271329569239,0.014679423804156572,-0.30538015932114204,1.4187614511320703,0.9822196426416597,street_level
11.365914744784767,10.825574630543688,2.6167150443786316,0.008742462686218472,23.940037420804316,0.9455231399263875,-52.83860317354094,10.392770892079206,-1.4147901162503294,-50.96656231157632,0.05017498592499761,0.022452711161145618,0.08933994861236261,0.2462099444767123,0.8116403413218751,street_level
8.42774392874359,14.024783943040667,1.3057478241720446,0.011518005132464537,16.797579010662183,2.782329233750926,-66.03203142058047,10.705276730797758,-1.268460656087876,-64.88497767443337,-0.019039081290787435,0.011367334972752365,-0.10274146843316623,0.34909175398372494,0.7354120078865196,street_level
16.706418832633354,37.283613868879634,16.201999995652145,0.275203176772129,22.629481740857727,-4.089761320024012,-76.91113841472946,10.112227551979176,0.7485434633572403,-76.54294897886018,0.010372104387641953,-0.0039285661081150565,-1.3251213132228408,0.6880351221005736,0.7953398766147529,street_level
9.943382673638554,13.554514432885396,2.842847037854047,0.12688663096602773,18.862031224238823,3.324251504389551,-53.157199006669984,8.72206625223631,-2.0624680749029656,-71.01860109028277,0.11039576161477496,-0.01982989942426182,0.3289382438461359,0.31859936943825,0.7055554691115866,street_level
9.258247630805192,40.81878240847174,6.537307843632586,0.1012264173364059,25.13194060244951,3.3924977576473214,-73.07420929288334,3.598151237277178,1.4468772169624238,-63.733027124123026,0.15605507302638322,0.0031797702224514585,2.5230614221309438,1.813841723917454,0.8883924197892,street_level
81.08908178067719,99.1110706284681,25.104898738488217,0.41291668353184013,4.64502200863956,-8.271625174322928,-66.53668067862029,1.2245419101672415,-7.190055988483819,-86.90948277766286,0.8209198528160965,0.18668435963377578,-2.711910426381209,2.851882461503814,0.7681904089325069,underground
34.71598817726747,101.5450696580572,15.148430451380724,0.7762701696419884,2.864191725073424,-18.381088079146803,-75.75499104960444,4.0871104124444,-2.380474882242485,-88.73946465116786,0.6451384295740321,0.060629068222742846,-7.964880981173656,5.788048747243243,0.7656720162092487,underground
29.312646196326682,45.25522668814848,25.605201537671483,0.27988393489740915,14.278222513984113,-1.1800948349064857,-77.25752060649548,4.812732483132226,-0.06067523912288131,-91.71166249837187,0.4266256505112851,0.08761742460640042,-1.9496976441761453,3.525094886379377,0.7498439869888219,underground
89.56285432455053,41.80506886378745,64.82453174974052,0.5527099536195936,2.115105720546082,-1.1918139301594266,-77.00376722526619,3.036539695059096,-4.264742005151951,-87.8530487691479,0.8435688014915512,0.1683330078794966,-7.389790743719649,1.7782921385126178,0.7255622813602454,underground
20.932457085424304,25.63357721985005,19.0627807095719,0.14534982580732847,6.406028205656645,1.0126855410453626,-61.24553316112403,4.4892810844094,-2.097503712124523,-59.20235080858036,-1.0973965326464565,-0.07207153974323935,5.944900659554372,2.4521446383817813,0.4615751136795226,above
32.77368531703088,22.35452197471758,9.53641226600468,0.20469042094343326,23.558758101772828,3.894676779368023,-68.9800265702646,11.773760207614073,-0.6901320170435516,-66.69517099548352,0.10623656285672059,-0.010032734313190617,-0.27195424495375753,0.8647604379014762,0.8106269687972669,street_level
39.0457998062184,32.44405164706741,19.71542391906658,0.42968351219128864,14.699800188182968,-6.326622311228222,-65.50330098732938,1.640526237617296,2.2504325037961053,-75.11866365447675,-1.2512635411951387,-0.23853308635926415,3.014297157735199,4.120649297699243,0.8400975016231242,above
6.824801024601294,13.919848152576273,5.194591129993588,0.10992142155407238,12.492353639281491,-1.031228518420109,-49.47855422102835,11.345007035922572,1.589816782760102,-71.59999971468176,-0.10408339379909998,-0.006319012363496735,0.3040938438981907,0.5955543621819359,0.9166442571225686,street_level
25.53350092054832,91.83272658354423,76.66538030211422,0.3577427977484866,7.367595738075067,-3.5479117886279283,-69.65283359488906,2.7144135622177776,0.43075762730174993,-93.16970674290307,0.9205518967745188,0.14042362270134032,-2.7608013335888364,2.530379771250263,0.46184548308219,underground
43.91517269549105,66.88008195501847,15.46607387669865,0.3062075050659271,12.869974096584146,-1.1002031750979473,-87.65953779431334,6.63927475371201,-3.8855359289588085,-78.28905249734231,0.5898903799517082,0.06986041704252585,-3.873242003538686,0.824055731985931,0.8040567808499544,underground
10.99111189931207,15.741921186100102,14.169984576031652,0.04244155141344903,19.578058456082562,-1.6041917065638156,-71.97515635380314,12.321341714885978,1.0392460392741363,-69.52945157916471,-0.2021187336518685,0.0799246442596909,1.1739575944386953,3.638274828011326,0.6627290321132238,street_level
29.98215008908997,109.04132209541795,17.2247652370192,0.48834975080207044,2.962720393690316,-11.805587692416491,-86.78526380391874,1.806921738684803,2.8297854299290908,-65.69203857346142,0.33268455810747655,0.2305058361357127,-5.111485770706516,7.313552941596881,0.7676926978015659,underground
37.128925308582026,50.4988299391386,18.666980296297904,0.3584877661916968,8.889546049053882,-11.083634705974761,-69.3543401691417,2.444785676234547,-7.014594686787203,-61.37071042813841,0.15361443183609882,0.04264981094273668,-2.201448865945373,1.3739865044857151,0.9176821915839696,underground
12.140127006902464,20.160709391000328,11.320151154576696,0.1705813431438522,10.140827683225922,0.05222652535107031,-64.36840909694182,3.0437706722202673,-3.5907328149617133,-73.27257017750696,0.043801440336963926,0.014636432692516785,-0.913021793226647,0.9718265593568265,0.8867620426541514,street_level
8.568669330710208,15.64111490283284,4.240274239993819,0.01910524897303385,14.849494171221412,-1.800811775035342,-63.61865975447111,9.287160582146726,-0.5919597413320519,-64.17902835962026,0.04827393201219432,0.004233245853323901,0.3443649501824787,0.49000948033119585,0.6368923073374895,street_level
35.23503337826875,34.20693090695973,18.745514696365532,0.17572247727742285,12.408353558031568,-7.2715163467203325,-70.43737039601783,5.354846116502704,-4.774140112026417,-70.03821509388696,-0.742575018914678,-0.2141077026118442,3.889111682749189,4.186056831775653,0.7834592116296941,above
20.457720134994055,72.8300560884575,18.143037006901825,0.49094012271622556,14.255662521957733,-3.97204600345271,-57.59706738167206,10.847347183209761,0.35363390959771124,-83.70210324606434,-0.9269090261836863,-0.23474191052182478,5.304568007656266,2.0235786957542565,0.889598293197918,above
31.32358570803286,71.28140681946785,29.067024683034102,0.4224791957066497,17.91417147412406,-4.256307964362378,-76.02250621253003,9.192031406545432,-0.6865446858161182,-75.93864143238184,-0.8185772617745497,-0.05288303151719964,7.099038966078399,5.29191536012817,0.931524154320281,above
20.201826756533073,50.1917031932769,17.797213187453394,0.49058494909323014,9.487673067708945,-2.406801425113997,-85.6981101944623,5.877494318664023,3.419237594644768,-66.32138872231894,-0.8861460276772906,-0.14685244733312489,3.560402130393214,5.660081713164976,0.9669531105482931,above
42.54345914146572,40.01360045256823,32.741522422165964,0.2724551076107648,13.757682948905758,1.423305026853896,-88.27146572823384,4.394062979406741,-6.714571192606835,-93.2772674193578,0.5433497048234855,0.046304472654806465,-2.5090410338409788,1.4455873922439704,0.5818244792571431,underground
22.826750198278454,27.700845991554743,14.22037694257074,0.23705194788036216,8.883338734431966,-2.5465744396503642,-75.3705554440402,8.346901249452806,-2.2745311627826847,-82.97941503736459,0.08294335752885423,-0.01808269351683614,-0.7776408250643101,0.19575917158918754,0.7888260862097692,street_level
28.743632681769604,98.57964922391815,70.73808313375014,0.3737173446023141,3.806438061409161,-15.82745444550281,-64.71348868172353,0.917248603805481,-0.2652410080880365,-86.8435248968037,0.4473227141969583,0.15684273202011884,-5.3133172614959285,5.578812398437057,0.46194790450406115,underground
4.695746303204908,17.495581956523104,2.5776456423979663,0.12172392172743114,13.343369477038696,-2.813208464667107,-58.53444942331684,8.899364603386516,-1.7456952721871104,-61.563464257863345,-0.08372497867153374,-0.004716041111541024,0.43157151717278586,0.21652058715547184,0.8587913254939088,street_level
19.216533179380285,36.72005011519849,13.957815504457505,0.09749418121020224,16.940899917737216,-3.110195805768944,-55.144910187006204,5.032416881712393,-1.8757557795141535,-66.91615256957459,-0.3262404571213738,-0.058692918425863466,-1.452521254844,1.6058815302209686,0.4020269249933133,street_level
25.231838569525017,38.57599364769894,28.463007612054273,0.5161824824511955,14.81085559268006,-3.4725615089996538,-83.83171737067474,7.128631266126938,-1.2248526695963529,-65.24514658469806,0.5010078984479162,0.028260384660861643,-3.920752347446759,2.235314136995332,0.9298193422550546,underground
21.873810819622452,32.60722274025387,12.637872607722546,0.3614868040234135,13.717351018106903,1.0280602161058905,-65.39010829459575,5.082763680927666,-1.2383037520607267,-71.7727292780871,-1.2515650526101922,-0.16388349872362978,2.6817021446643157,1.5310859890089055,0.4429156385868174,above
10.717532555374738,13.654815617860525,1.3468868435324228,0.06738494127589496,10.703606604066188,3.6618823838143335,-45.973119425282405,9.866856464242193,-0.9674385296362678,-57.329708830306856,0.12913772907217155,0.0032877747234592303,0.21402029489644958,0.798518904368392,0.7546790351841983,street_level
24.14913015947991,27.380778540365846,22.81585130689829,0.16787912317934722,22.77849550608252,-1.5320762405752344,-58.25320076883461,11.692581103338808,1.9037681864565261,-57.92152691192858,-0.002524789672918956,0.02410587330270081,0.6725747541154439,0.4076406671062993,0.7572649466977903,street_level
40.345763856573626,43.4943814975377,14.74903591820129,0.35954439129001725,16.29107366111905,-3.2730702137822103,-75.7309772346319,8.15191509033242,-1.767489399167423,-70.84741938664743,-0.6235755754350034,-0.09196341052870194,5.357943477049096,7.042319688877575,0.9217271733540969,above
24.2701915367396,44.49515379032676,7.2365921817648475,0.05154939470434071,13.280440420413996,0.9461622682862201,-62.501350956787135,7.646293233560235,0.7355309346888665,-62.27282665949872,0.021434986963417613,-0.03307377191917597,1.4929125405844177,2.997247200039025,0.7075320269947608,street_level
6.214716631342038,17.915015779024937,1.4008530279405462,0.03634601907671073,10.511231773458173,-2.1072364906708403,-66.5432060716181,5.85267051067403,2.5030404415257257,-66.51334746297243,-0.11199372638274839,-0.022026657365090067,0.12035185510689228,0.5876257875857885,0.5900737592268523,street_level
22.409434629380513,53.47287540380221,15.007375070107097,0.20433698259121363,10.642060587826956,-2.62910491030972,-67.19068772191848,4.2477881446930414,-2.3655247186266326,-69.68384708543365,0.03707928922570086,0.03280139662875971,-0.0484772173920025,1.8429823939524297,0.7952867629608042,street_level
19.58478500479479,36.322542489792625,14.549761509620648,0.1275513931024454,16.90200230353946,-2.9414930640309853,-69.4792994345264,12.574969443906918,2.68589858536543,-66.94653610478858,0.4868833791422542,-0.034910873576651666,-1.1127087609944457,4.153448658877555,0.731504574383804,street_level
31.367874281855695,35.05322106390137,8.389885653006576,0.32938072959587517,10.108267761771563,-4.579967887853873,-73.55089071010428,10.913881823852597,0.42397527731274476,-60.09340786917121,0.0043643462686630136,0.015789566637685673,3.7319175749228606e-05,1.3271015410799138,0.6934042041192516,street_level
23.100617541722265,23.187695529676766,24.809340788087155,0.1027012788381961,21.247405809994518,4.341464190265633,-75.83281501953397,7.872005144806926,-2.986272345855088,-57.63786855657531,0.029172545748520573,-0.001305156692260414,0.5972190153352654,0.7282309801224631,0.5449891912697307,street_level
12.156883778625634,39.92264036585367,8.288846965901966,0.16349944961916393,13.525646146272855,-1.2255900260207664,-58.010104325842136,10.97356637001154,1.7966313525642246,-80.99553087837477,0.7008589050842269,-0.059378828907717174,-1.8038415670431833,3.6952185001035787,0.5534144409662001,street_level
4.008331031039833,14.149873274131746,2.2963489537422235,0.018354139377572153,13.797663143089006,2.266761922935803,-70.78071378567316,8.189901390929535,2.763747118193842,-83.67111969267314,0.12351076486592313,-0.020729522388818464,0.19678043364489528,0.7225564156182496,0.5020413714223821,street_level
23.37887990576951,39.81149399983265,15.865312978458896,0.2106771134033917,17.80184927497046,1.0002573124810539,-65.66084238318284,12.354914516025236,1.3535504333859105,-64.16189657982858,0.7621218383067745,-0.035691879346303676,2.5702955747437066,3.8489114047315005,0.49090904075966063,street_level
30.39875952565349,39.014445809603956,9.678458423451119,0.3046656581026478,8.905326280080248,0.7116358480946952,-75.29196948472372,7.466883530585381,0.5371747979385901,-82.80142420746002,0.036898419903507784,-0.004274719830694489,-1.0272170297363803,0.6082313047453625,0.5262625713064496,street_level
41.37793836650174,40.87108097161372,25.42052355940554,0.2555855165587595,7.542587076338142,4.069064194225529,-58.355855283906244,7.4815276596645806,-2.4936979640122026,-88.44120907264845,-0.9821722353313904,-0.10445383041575731,7.432975041408574,7.6087637511127495,0.9870877224431055,above
70.21411177124163,57.24176877832996,57.49952745857986,0.6725209110732806,3.3454846540034144,-19.604473238408538,-85.16565775407959,3.6307991878043477,-0.9210982215356118,-78.41446767303304,0.30613443238480575,0.2242653875023365,-7.813962928452381,4.080159763118865,0.7323702880235732,underground
9.163004294221055,30.322000735127666,12.697688453678344,0.029203329015600417,10.514484247377998,-0.039875015928661384,-73.19165377764219,9.278573119776699,-2.749742564646673,-72.65074329674816,0.14870140688410483,0.026787207993360873,3.2756007339993065,5.103919301155866,0.7587580702102458,street_level
37.58283542792559,71.00832680020908,26.15628774148751,0.30009913858638343,12.569348462714585,-0.892987141857474,-68.82244736407849,10.015021076347884,-2.6278927614212506,-66.11278965315717,-0.6445210041018197,-0.24548268359651537,5.584774575510468,7.355546690533638,0.46976674713498656,above
32.46865266604256,60.759279322277756,33.15245060415455,0.25763828989339,7.814339154488504,-1.642905161134923,-68.35351766726339,7.000606231215535,-1.2080287310664914,-69.39048259735276,0.4452961422785102,0.049866578825826305,-3.170166273347818,0.955956691669919,0.8821353547011809,underground
10.887533462496243,11.581051466850099,2.397234093931985,0.13160128555798606,11.856400011410763,1.7419038046549202,-45.7240238144354,4.002787651559937,-1.955317299141503,-84.45128039139928,-0.14756400732498018,-0.01194380742894409,0.2526042341457616,0.16567641055206028,0.5594761829808744,street_level
27.28806224521159,70.65186029157734,17.07498359839554,0.4921773616254436,7.5231322746608225,-10.483866052442547,-63.82875627581659,2.5561006558390056,-1.7069496362324648,-63.6460752197662,0.6880432955574741,0.0689790089476088,-1.5129334817164461,1.9007434224874915,0.6858570853296069,underground
12.40303982367419,31.626068010152323,12.966587542510833,0.24156793100246468,14.780464933989322,3.2756434733283353,-71.8561931012812,3.3021909806046645,2.233147851328445,-72.54547794168447,0.1174899474716162,0.017962908930014357,0.30089735047733424,0.03305901820186219,0.953183388057018,street_level
44.71185387223581,47.95617241173026,30.663711043773937,0.6886379819392575,4.401526479885284,1.4127728476645025,-71.27978667027483,5.242386899500022,-9.226668513707395,-94.30733435019313,0.7252125207550522,0.1105015380798996,-2.038142157403576,4.498103690712105,0.6189469792520519,underground
50.2078140000408,66.3965937391509,67.84473819939736,0.6395335928030453,4.197245879359784,0.652281693651517,-73.80622833956753,1.981356766728628,-9.977347771566869,-91.91942661778721,0.37512999069795333,0.12489551184237824,-3.771226959749071,3.8852323995232125,0.9594423703385743,underground
29.099466549925946,35.79204881928437,14.703236110243191,0.30264819496616224,12.50119828135681,4.756225146725338,-76.76854793686039,7.429787148029192,0.7927150017697935,-82.01808648475277,0.11574224097579977,-0.014808182570555684,0.8420349469287913,1.3751520557860253,0.5718057912988885,street_level
37.68795371306947,47.5262012254543,35.3356991718303,0.20411023730336178,10.428707663532224,1.0385377758746088,-68.88092319013754,8.634128077436545,-6.502680838341411,-73.93915762285447,0.2980759395954248,0.08464327132917962,-2.8470685082256297,3.785039239492357,0.7294110070633248,underground
6.04826251658565,14.519079955219162,0.8244880942333959,0.1149413483988173,21.854591235997347,2.501125984463239,-54.069534750753064,5.414447934874563,2.070621558178231,-82.23765688873641,0.007734086219776698,-0.004020214217393854,0.011018195333225012,0.06759324242464064,0.9771976202724137,street_level
8.464404664585594,16.024746133770847,4.212437997264962,0.08647515323045234,23.690565776362547,2.118938635865282,-46.70144748386008,7.871229841156113,0.5569011278400016,-53.16130813924296,-0.11360879166506191,-0.02800429211574789,-0.3116012729314631,0.4263089996722846,0.7433301873920821,street_level
62.833729127423965,108.0814635073796,33.8741022337467,0.7207997393407939,1.2045711454538066,-6.714218152593556,-81.01571864206042,1.2885221577713217,-6.274434243647413,-69.84814882593315,1.0992176713956188,0.12937685158512913,-1.8745653241873734,4.25197412913511,0.5901306402131117,underground
70.78215470914543,69.33503181218754,18.503726077032514,0.6504091113814269,3.382698319954419,-15.877775610020208,-65.8957587863209,0.4819671043057401,-8.747125617348033,-87.39672720039162,1.3908923592013682,0.22743913152448797,-7.693467541167367,6.288253926697064,0.8159410259974542,underground
18.863818562285452,55.83379720713263,18.958356738580648,0.33859941408508876,9.263201524767739,0.72841098358235,-55.80618348752388,8.499122468075992,-0.2646845362244381,-77.54450122571187,0.18472955055672566,0.02287588764569167,-1.208714581187845,1.4181012735498966,0.6714887913938014,street_level
31.894515286838576,47.57347243393589,8.21326599533722,0.44505765866715064,11.966511933561142,-5.843879908546269,-76.3523052209772,2.520911076210992,0.35868107551528805,-90.2984574697474,-1.1048061904072886,-0.17508526035204194,6.833305258003557,4.248673878215962,0.6173629711059424,above
22.747374389683905,33.20380647783751,15.274605835459942,0.051962896636178105,11.297454798214233,-0.3199070894692131,-57.87004298187328,11.966298164886176,-1.084778278550221,-77.38652408907558,0.07776571425006684,0.004499660799659494,4.846249996571114,5.734775102791533,0.7565935869425965,street_level
76.25263076490413,71.32870058516133,63.01628663429856,0.8522776591553048,8.542993284833084,-2.7952700484193045,-71.53375719670964,2.261456904367903,-8.720466680017061,-72.83536438008366,1.029846504060841,0.2302815893890758,-2.7128023261109186,6.4423475410219115,0.5254240828114575,underground
24.614041748983382,45.8485711860299,39.42359475035353,0.35826974291996966,11.989405626706862,1.3247026112061775,-76.64418469004319,3.8716136331713105,-3.8078051937827615,-70.53862402025074,0.6459184619940159,0.09968808304831676,-2.0245076925614915,2.827154866576067,0.74591519250504,underground
8.350442160324857,12.336318477699859,4.099483873741463,0.045712784769800716,8.755357635679905,0.6122917273462765,-62.21976481535714,6.859326004547412,-0.4179469945986871,-67.43819337225378,-0.06492003291782997,-0.017744389922481594,0.02413526311793701,0.5213996967086104,0.9570348243097485,street_level
17.4970962189563,20.958779005455945,10.481092960551877,0.18563877867217865,19.571389978968107,2.7492024370072796,-69.99906374848088,5.451411407509324,0.02249516279411612,-84.3465801893903,0.6913172260532074,0.041511626428328785,3.285272784360508,3.6442949239884124,0.5926753333509633,street_level
5.039016066941735,9.311527507860934,1.6727269293766762,0.10568679075213784,11.48771444157883,3.283476162977503,-62.91993773905617,4.853683882303208,-1.4630559168538833,-64.40662936229681,0.05460538618980837,-0.011518551365182653,0.3891426144351896,0.3310235035471915,0.8968699530392304,street_level
29.69258666492546,27.03722846856084,28.530953323611367,0.5837518912136461,6.662913295981883,1.7267945276568781,-84.70516779875835,8.83533454022302,1.6831621887018073,-71.21773741143511,0.1793175995906255,0.08729767481193838,-0.8626062820265266,3.8685861649027826,0.4271474808712067,underground
74.92938942398402,50.931343983280904,17.66284414238461,0.44542566470387623,2.9419942001366772,-15.075477404264408,-67.57101303630594,1.3647099505327374,2.084342741980448,-67.63128151918205,0.8423248962515701,0.1175287386400449,-6.773179248034972,4.0085707168207385,0.5430004098917471,underground
28.31981839602091,106.77245562841425,40.47179594275042,0.7959138049850096,2.8567807202343665,-10.169162318720268,-81.45584769882623,6.710486607175773,-6.188667087282577,-77.7056654220736,0.5212453794537085,0.2021934213195107,-5.29097885239733,2.723671779668652,0.7357994894337867,underground
38.84779296831819,34.33520644670364,12.130312594797196,0.2643601537879807,10.493665358826963,-11.366660252836468,-79.49686265204615,2.9362631988479975,-5.421343500136903,-91.16301080529904,0.17727211358883013,0.11436584428042082,-2.7250059229174814,2.0501860077408995,0.45795475273660396,underground
72.68769803269635,94.83187386437714,60.42487336423491,0.3558778098088495,5.933442323879422,-0.30492788266887416,-77.27862983809248,0.30076967581299385,-5.732157249754349,-83.17720080572694,1.055183517387705,0.17122829754901628,-1.6313456538658722,7.5876883603215175,0.9318267910342751,underground
21.514259229245482,63.62161187891754,33.034241401997264,0.2848067330458036,3.7027025196553884,2.2275522249270594,-65.20391099520424,6.430732271969739,3.061007474498398,-68.52612160915913,-0.47611567378934216,-0.12782473840412548,1.5087789866671182,7.505602222710412,0.6233205032602521,above
11.72945887514591,20.169292788525524,5.53356555767182,0.11607745916846207,13.6485763739318,2.579423736015949,-60.78901878056015,12.099397330622944,0.8834912464451969,-70.01241484257218,-0.737857460311222,-0.0601568925546937,-5.15195774725945,1.4227023163874084,0.798524990289985,street_level
78.81224765088896,92.45322082257323,61.0068272536285,0.9137088188010971,4.030783153064733,-11.068226296774354,-62.2466153846399,7.191011174321305,-4.341721159058637,-91.23630457032819,0.767699509188413,0.05940107418623793,-4.985085869303526,4.311086212422948,0.8135956427190316,underground
33.883384976000066,62.41850543397417,32.73537512603524,0.4923862479827778,11.53313351270095,-11.285347889337858,-69.81913987732572,8.922476552419937,-7.852504187380684,-71.90853585395071,0.5183171790797428,0.06669211721909432,-0.884230603700777,1.0682114659108504,0.8195093242618665,underground
19.75128210039893,41.2363607364496,7.794216054227318,0.07458160906101224,25.465323034615295,1.3421310635592318,-68.98741983853543,3.7049781316642716,1.6526197433320196,-65.29965078471776,0.3277640629846932,0.07856456722480276,-2.038381583188096,1.3576892722483693,0.41332171127772643,street_level
5.303378623344161,14.32745440682921,5.371853520382692,0.10742183284421954,14.904573609111647,-2.2921585242039164,-70.712197525105,4.635066275233859,1.1243404641531267,-65.61734133037379,-0.13934149081346728,0.027709059990674613,-0.061960698923300694,0.15769973689922098,0.9312258225796523,street_level
39.979049249807034,76.24540595839039,8.812970317041417,0.20170139429260092,9.3561908934218,2.4685970673803013,-62.574935410879036,7.249312603211315,-2.1244998335537235,-75.20235755672377,-0.6077041346366057,-0.11704988887501697,2.210288662001954,7.272116532178619,0.9540332835421279,above
76.61985774104366,66.7445121311037,78.66907857378635,0.5186757157547015,8.569676459263269,2.909396325979742,-84.70247157215525,5.543951782717302,-3.902363400706106,-79.82297635181006,0.8275522810069511,0.17716109035998706,-6.153119953631448,2.73821133989121,0.9450779796697041,underground
9.696043979524955,15.972555845438839,4.761492927537317,0.11449346080534407,11.64052506420498,-0.8801375904541535,-52.513935217316686,9.754907204563276,1.7514656409814586,-57.26592116393432,0.039850279384022524,-0.026018828261629053,0.42083051072532374,0.7823922160182568,0.9592711752684862,street_level
10.807533275661424,17.120026325802755,2.7707470656348976,0.14675592805375787,13.076189543360984,-3.604154678611068,-61.23537213595836,4.362215515999599,0.15009724882826436,-76.9198228834088,0.13882150308079375,0.02978491037111066,0.18504389530146614,0.44686761868806874,0.8915957410198363,street_level
21.278652012541002,15.927195759226624,8.491108239072387,0.09667268331379594,24.544612804958017,0.5276438339993188,-71.29046757943743,13.266955179616994,-2.222547846290892,-80.09290936253164,0.5380722248331706,0.03209406648522026,2.8378806492493833,2.694991881633183,0.8954832753066402,street_level
34.332973873257075,39.11364780524283,15.903360748698397,0.3060307819263376,18.302263074535276,0.3041217910003251,-60.86203565629555,3.885941470196969,3.4096009844519672,-62.43508576388569,0.16306040814472747,-0.02937041370068857,-1.2713934192252507,0.47211928172513473,0.762599952298422,street_level
29.56968459660354,71.3946055105312,30.06062573334767,0.6487077209245948,6.65613786220666,2.09086401821812,-89.79808713538183,2.9524831869371804,0.7452698967042881,-87.20302241217662,1.313934023170328,0.06962108890406186,-6.86677734407386,4.793251078217494,0.7136680815970688,underground
12.974829869183456,29.29779634948993,15.074085071225957,0.10687718591598178,27.79631509594767,0.5515891566801265,-57.165314531501224,13.711483728507117,2.588977065752153,-84.9218568198012,-0.21711015424962388,0.0073188893367826385,-1.7048219195591905,2.160631223367175,0.6948913227474789,street_level
5.647465097937889,9.494321117325137,3.8516506358616995,0.04374541331715125,21.19986905537901,0.391781357394553,-53.89117813042033,6.004332652998577,-1.816002320767428,-82.95672456815365,0.10322586919346752,-0.00901421258145288,-0.2708877198482541,0.7968378764355699,0.7814243158143843,street_level
57.580784326225896,47.79359765738576,45.20249133910198,0.5298776872438569,7.108685347315521,-11.022425083868121,-66.17184372532162,4.439293711966641,-7.898453177626955,-68.30932989031422,0.5503474485615991,0.24262599915502622,-6.968330361300893,1.6692488129465206,0.4478407687925669,underground
11.81925090208781,13.610685129833316,2.9895895389907032,0.0948248473817825,15.626369369981498,-0.14763166321057142,-62.68890850382232,3.3723206999873305,-1.5395271622150595,-59.21779257965629,-0.06916790193186508,0.012297235453862722,0.06772466214073958,0.20620587985974465,0.9104446178385301,street_level
27.596879382263083,96.19746514781463,57.00545110279315,0.5061397471949276,4.788037719605619,-7.749631689027812,-75.17609037305206,7.748349011580016,-2.7274034012829187,-85.30109870223525,1.3483690237635906,0.08565468199668977,-4.264370025708706,4.6113417376405454,0.7396226592334403,underground
23.304536567499,41.16246947706122,13.458645513585708,0.06506132748528251,10.060470244808643,3.0211603166477605,-73.98317733575817,12.429873888062987,2.647765932622142,-65.55711339467364,0.3898574909926087,-0.06329645323970254,-3.1479387577372813,2.3207447119295446,0.5827860995887799,street_level
21.83946928350055,43.57426370349408,12.037967592638022,0.13309145040662404,25.118492736190206,1.130690294763527,-71.05104382621029,4.913420035631791,-2.0422348506680237,-61.864862937685174,0.4821586577458372,0.04450298975259426,-0.2713895845586869,4.411621447912093,0.6162615740495591,street_level
14.893524431748029,76.33468100910315,14.285697917506933,0.2334137019154351,17.847499088616797,-4.303472170785813,-62.877539951326426,4.666902586241854,-5.169982270821097,-86.73311878985677,-1.480431001078014,-0.11067448690424758,5.4453017834670305,3.860681603956058,0.41713008116604955,above
12.891210717188937,33.008899997476945,15.306705677748258,0.1779848699550414,23.80559622802854,-1.163844436986273,-53.34594868552716,5.623308401338309,-0.5931231635377294,-84.54253431770833,-0.2753413508850081,0.0412795843672423,-2.355163429032449,5.893568950237296,0.5364004593525489,street_level
40.39586611893334,62.72238866212799,16.53708720954378,0.3187328249500823,16.603038191588666,-1.7787488961052809,-81.04149366526777,8.15860435807185,-0.8486228533800704,-83.55598252307666,-0.5790416378961781,-0.197347538646325,3.4227906125000978,6.819082121106949,0.8952042576499682,above
19.73246953050531,30.480893258097673,11.107010518480376,0.1569086957185915,26.821609776186357,-2.0028712122857684,-62.100350510470776,11.971373915164847,0.882003303021861,-64.3031469927406,0.6679404384763039,0.05458869842140987,5.4448362637968515,2.8545871368920053,0.48968510641839047,street_level
9.215300900039695,17.27572131328828,5.462158320886885,0.012482577322364852,8.95355160692926,2.2055676443654226,-45.90886366799569,11.192048138348227,2.4295222452164182,-60.38402098569054,0.09191054541830926,-0.019891693807527637,0.056640452119723905,0.7951620633629584,0.9830805614848279,street_level
61.82612453565576,58.52287235679565,33.62451225523493,0.7944645435684814,1.2577182785526708,-16.41867740583713,-83.5509161027907,3.5318453862184347,-2.8902308720867715,-65.460502817622,0.3879093386333573,0.24321427763579226,-2.0414949037403147,2.552231540531988,0.6002687277418933,underground
7.026923160880043,9.592755391507154,0.5161130488572212,0.06462016870514088,19.710582082548342,1.4982988724847814,-74.75278812512727,7.892285807738812,1.9578258709137986,-61.71829683445146,0.05319242766620441,-0.008176962680033109,0.2067153907948347,0.05733812464847308,0.5759100017375591,street_level
13.345581449128295,42.234109643714774,12.27566303982453,0.07707761179069775,19.808972806252427,-0.025813312480516437,-73.2884467215201,7.5192844740965015,-1.8686913313756144,-73.82382341657619,0.5076374318341303,0.06832993002632043,4.129630037597051,2.413681360080909,0.6177464942295703,street_level
31.16548828377122,31.552099708087905,12.05934058138746,0.23388523669885672,17.38300019599182,2.1964367421892925,-70.46406303173687,11.45118072240146,-1.8046467842167582,-68.78989558726471,0.15914559408009096,0.014430816661473056,0.424713130016511,1.3508661658882537,0.6537400021354818,street_level
23.010604744092316,27.998294321247897,22.670572064364443,0.25164195665117395,19.39668758040728,4.050366742253331,-77.26791832111586,10.762248892424743,2.6792278450572633,-57.87902172727949,0.04312039029588802,0.022212495957576968,1.0522420626185096,1.4522558509308845,0.5896969154351336,street_level
25.907947351413153,55.12015447154215,16.514415602445727,0.3894475394370407,16.474605772629687,-2.941957153325794,-66.9264881771089,3.397471468508946,-0.09809415070763627,-58.911872814128884,-1.0951741491011922,-0.12287037066100456,7.365864903495954,7.243935123639536,0.7860503106325074,above
16.73932109245206,46.4366760041152,8.484956304794453,0.273232836518231,19.73373138854831,-2.055134469477914,-60.975410884664925,3.8762274429033905,1.2482569806437658,-59.19901308467429,0.055895966698676275,-0.003271213976339154,1.3553163688777645,0.029652991031883458,0.850005544509298,street_level
6.999166461374459,10.600095379985449,5.119199646981967,0.033342450175732945,20.317880818008327,-2.0244004717340403,-66.43232845442147,2.365161377289389,-0.7430465371399873,-66.33172922859582,-0.11695274636062208,0.0025463169048170614,-0.20733695919182782,0.6876577147291207,0.6188611244742499,street_level
29.09916582513642,43.24140734286331,29.143623695106125,0.2281798553753741,15.412055013748942,2.5926277854970046,-70.614686005856,3.2510609461787254,2.760078558568134,-86.92475341356187,-1.08982586381579,-0.1031243126462294,7.85443277301294,1.7085780436821811,0.6227644035071707,above
24.086767401557587,39.14134812596121,13.523580111612079,0.15300858079476665,25.11929297967745,-2.0262397328240036,-75.25979861575529,3.2433130296430064,1.7605806883788588,-78.36691882301582,-0.7916185932333942,0.09557366233877682,2.4830653519418338,5.631948374181901,0.6854988040875902,street_level
29.191899868262553,52.606647432500175,23.958684988073266,0.19419254275200337,17.044802614765835,-3.260815954526003,-53.212965251409244,10.527284281451571,-0.9177003612168431,-62.11191406500128,0.18572479092252178,0.030673768650803665,1.4761361198999903,1.1897253617093704,0.9790380701285406,street_level
4.4389012417446505,14.94252750424483,3.629926195881377,0.08881725278216282,14.587115521748611,2.141661141868851,-54.9821613552114,5.197031120428097,-2.976378444572176,-78.44133340326857,0.11792312214998477,-0.028545307426322764,0.2007861531579368,0.09562001770957994,0.7182207746498215,street_level
21.434024447024626,36.94566176794544,16.75562109990324,0.021009939497506475,27.533598691932646,2.281553912117814,-75.00148367954351,12.345876538240015,1.5068612156429264,-78.02627236938662,0.7892172843614029,0.08101966518464385,-5.89876210537286,4.135256651026376,0.5808638379535873,street_level
17.66678460499665,27.606784137473937,15.57587096649561,0.09034971947271683,25.955449051711525,-3.736604867039026,-66.48002904631882,6.500899128798032,-0.27621003137441935,-79.32542030321825,-0.05253724820639083,0.06751407602661139,4.005212817801413,1.0590822307827676,0.8509447295099295,street_level
9.290036731641276,16.164714882687946,4.670335082220052,0.04776610700949537,21.87295994466489,-0.05954117553044913,-45.85144719644657,9.882189113744742,-0.3982887050976367,-57.026496739877864,-0.0712521542095684,-0.016183805368226285,-0.05616947987549348,0.281254816672132,0.6867165555615535,street_level
13.681906266059956,31.445163530342022,16.093862955989493,0.20301785355658097,24.6926134480421,-2.87679795945597,-59.91839984363757,10.498428857154277,1.072267956544306,-66.5029467621682,0.047670540862336824,0.01902904750414372,0.20462186874958688,0.8003300807251741,0.854262758555882,street_level
18.256619032555463,28.39855487402017,8.465973074170918,0.3969957464602283,14.258551366415656,4.79309648400227,-63.95883805807864,7.161276083016321,-1.2468489816457886,-84.43976665587543,-0.7362339705636759,-0.08666009126813876,1.7955408894463298,6.560774245190162,0.6750314230562067,above
34.034587452620066,27.681421677623934,23.635402213444898,0.21374921073149322,8.666178350546405,-2.8629082079831303,-54.30908001683293,8.143570311251674,-1.6367316186208125,-70.30174650581422,0.06413454537306415,-0.001964043822688579,0.231937155885227,1.943120932890566,0.8844617321584564,street_level
15.60530537078431,39.649316007461465,5.30221143722596,0.026371682798432633,11.195408167317254,-3.7545398151372025,-66.82557023045034,7.188168220759985,1.4738389590186802,-80.90607386169637,0.48034152942330866,-0.08086209563387664,5.954004105440138,1.8083411074767666,0.8174111681176464,street_level
21.724581278435487,44.75459398787265,11.691268835944975,0.20929760734451747,15.813515483063165,2.412428427613759,-57.57237708577563,7.908199517788323,-0.0410243958102674,-66.03229614273526,0.7644596190975754,0.05320381667249871,-1.2752226658258463,4.802993522517647,0.4846804384824825,street_level
29.678743753108314,114.66436331344912,32.57943434935243,0.6054086480483618,9.602236454554752,-15.07953211735302,-87.44971518032504,7.904211448885798,-8.294136957599948,-90.65606780271457,1.3255923721750165,0.1734065296535924,-6.920834965072345,4.82679231187074,0.908896525976897,underground
29.269271276021897,40.98239779798422,27.731271897361026,0.44482239459227035,3.5326374349989944,-5.658286439951148,-69.65461754958554,1.224438793704195,-2.627096631569615,-90.42109929068893,-1.374883349152509,-0.08555341339140823,5.9756484215082875,7.187394084964817,0.48239823446992475,above
83.79806881467582,105.4778250201031,31.34435049005094,0.7268634124685918,4.525683785745672,-4.875534251595546,-69.74144202884656,4.5918356646345355,1.4875072326178138,-91.19844014919454,0.6033025172698023,0.08904760982243218,-5.443066820748872,3.173164921006998,0.8727347822332097,underground
22.892130245597443,54.05359704963301,11.603135405623233,0.34084527626568417,18.48348673424887,-1.2564145567218188,-77.31329514568333,4.444060124330202,0.740060808267021,-60.99884811673056,0.07945690443245498,0.002911961505504615,-0.1957195597914061,0.19191667818269997,0.8410326069058705,street_level
89.47667800565124,117.99822777672088,42.88216894357953,0.6340721172190531,9.287338077567899,-14.48599821316857,-61.21138344238362,6.969561460016013,-10.412256338222202,-76.37264731031154,0.7561144669670642,0.11088231233787232,-2.394634718084852,6.749056281975801,0.6894979463135184,underground
4.82986020908354,13.782325421100651,4.442650198452932,0.06114922566627454,24.424152977331115,-1.0763340986651615,-49.343397994852126,3.429590225438915,1.7954617135127258,-60.45225917742238,0.14267900796992303,0.027687795828582225,0.10344529172267547,0.22436649806526915,0.8122952121289745,street_level
31.54830506129626,53.1306810494665,19.90476362809276,0.24223013594672738,10.181634301148241,-4.780424682179238,-56.25667020307664,4.8528158613164685,3.629031532705958,-56.097278103694535,0.13345224311158826,0.03612820376064807,-0.7406744770853356,0.4121952429546569,0.9790522568066939,street_level
27.087766000619077,44.78222991016153,22.497022906171463,0.13659756735021536,18.114636640862585,4.985397225423691,-54.242119325701715,3.134962034315241,-1.1545548281262965,-55.11955808737599,0.1923174116032119,-0.026899240361502798,-0.20164009545513695,0.8297979640738675,0.5575678606009244,street_level
36.525746178464765,62.98804855904626,37.789855003753516,0.31407638638704327,11.988454996145924,1.2021106727718482,-71.73440328699621,1.0345262788455147,-1.2656114114995107,-69.36129655334896,0.23876027182021126,0.06447926432111739,-1.6562804976469412,1.00403313230452,0.4308596295408433,underground
12.242593649109336,53.358854104463056,15.48175678321933,0.10098565082887512,11.902496620841728,1.512313551687301,-63.782200234615516,3.1518903266029836,-5.585080186761044,-84.24826341969947,-1.0980287102237116,-0.16034752083071135,5.979405562075053,6.648906306465486,0.7805398648911617,above
81.014941644873,76.1715510159269,40.94709459896743,0.7303030322636838,8.013709408670312,-18.703606099965533,-60.088059533378804,3.430117410977253,-5.193771487399082,-85.96669060094213,0.6571011176246707,0.22384286018246347,-4.140917430546233,1.727752720086085,0.8989060988851272,underground
38.63800786402107,26.286874037002544,16.780541578831464,0.46926556067370695,9.93928194431441,5.870345170692364,-69.95326049065173,8.073508981423455,-4.188149712226758,-73.47511260819641,-0.9838008174320908,-0.2365167979024971,3.247848758978131,3.6146518290660237,0.9970653791757377,above
38.42676650463699,66.37136034128689,39.03914398265326,0.35372002811145686,5.625522154564955,-1.9018297109000208,-63.001130950132165,7.763217818339434,-7.283298233118192,-65.66196459943572,0.15754095384610722,0.05474039592023326,-2.947557312006958,3.284427380412226,0.8264943786823031,underground
20.477088648392595,23.792543386668072,12.963298498363285,0.21089892671317223,11.038062115298255,0.36822457434512135,-59.873513534853295,7.205053426285761,1.2838407256336293,-56.269145720113016,0.5566155926471239,-0.05548457823756414,1.0403904069771048,1.7352404931110945,0.659759169032099,street_level
14.04320723462305,33.14704919378805,4.178731353838614,0.17460279802970455,17.409119823986313,0.6593369602816708,-56.60357043559456,8.488047494353669,1.1124867006070804,-57.248533239880615,-0.5407530900831927,0.09859353417345179,0.19728157954363645,5.23321159703347,0.6411842226270358,street_level
26.40041310806847,114.23852634452102,60.41126884982442,0.5385666187111569,0.2706177397060028,-12.015809893408427,-65.75961469662828,6.051212720142015,2.625774894226087,-93.32528639361986,0.6468201781136336,0.12895232919351773,-7.463156191499603,5.244841351836033,0.9271648423731967,underground
28.241606090962716,76.49512170927784,25.927151493099704,0.3512891920452655,7.833598777833838,-9.226044230983854,-58.068127646946415,9.25941103306377,-2.4116716757039605,-86.57410704337983,0.22627810469036036,0.0879320393149339,-2.8461070508232362,1.196566247461194,0.903361260161199,underground
13.649652013119429,40.774384418716835,11.155514598819964,0.21253824933680077,13.55031680058325,-3.2825575148968262,-60.93224561045521,5.603104212787819,-1.9614250609638946,-55.680791967933885,-0.7414225960369223,-0.0792438800144844,2.8275461316360584,1.1381108429963724,0.47976557550812304,street_level
4.678067645099833,13.466089743057147,2.108789956376167,0.045580418018295085,19.380538115962054,-2.840196739440933,-49.35814578099029,5.760379028338166,0.07650765123871883,-75.03610228432345,-0.09332301934924184,0.019650035658112713,-0.1118321833389384,0.7208202269904743,0.8134757904530661,street_level
15.873030492687352,54.71334926939922,34.155607760348325,0.1901810981564653,7.683591859958197,0.264838079498249,-59.72828724390858,8.195196178368292,-3.8928384836696175,-83.35915920972887,-0.3495874424837302,-0.24765898404669268,4.279131363924899,3.4002140219568426,0.8157911506972544,above
32.3326865027106,41.08170497000147,39.65367313143375,0.41930269871264736,9.137131194641967,-5.342669626151428,-76.33609493783153,4.806200557775814,-6.393887280340947,-80.64156551760755,0.5416958962838189,0.11716878966968643,-1.7317772564097629,2.3841746758598754,0.5011676532926824,underground
20.11852821879544,58.43926183298867,18.41048620579808,0.2465942971591462,17.099499290474157,-3.9398420107373244,-77.28379107003884,5.35960825286729,-1.4724106153019108,-68.90407565429817,0.19015216039949503,-0.0238087801636295,1.401213869652934,1.4887532797601686,0.5991195490761512,street_level
28.519254842832417,39.86118380563768,15.236760869441525,0.3115023383448867,12.01405674999603,-0.726473169237293,-54.471257060914894,7.775285563792953,2.567310725836931,-77.66690934213736,0.16413815070102963,-0.0201574452384578,-0.320542913258981,1.988472237369823,0.7184377243108007,street_level
17.645782381518714,38.86067983878508,33.39607973314113,0.3137214985574891,13.288658137442974,-10.781400802956778,-72.72762410176013,9.431520978204787,-2.9146960004583606,-62.540735213175594,0.24630927217720933,0.10971389450793752,-1.5258017859393402,2.0379464428737606,0.9413516128945578,underground
18.74378545651154,26.023461268039185,5.381627074499708,0.09438012279950986,20.773276747335704,1.806714630739335,-60.49863983127919,10.937678565991744,-2.6038544285254663,-57.99264578749356,0.23628936317199267,-0.053305457835985615,-5.323648920636632,3.965275622429571,0.6998934130583259,street_level
25.491516251284562,59.66380817591236,21.66679065202868,0.16074225864796962,10.212095023397517,-1.0060155237023656,-86.59899573093622,2.5517343750136208,-5.400951476910123,-78.53324169127963,-0.6103326944360465,-0.23523951191737597,6.161369738971168,4.422347015676822,0.6213032230630384,above
23.956493134717142,23.395184797984534,22.657315173463367,0.1425001636650601,20.767466644938423,2.8906182686534034,-59.87912313190016,6.507062375123042,-0.29600411709931507,-60.31637856095792,0.15254364755212071,-0.028028329198050247,-0.9488350286227984,1.772208107300544,0.6911510453457803,street_level
5.049091686027179,9.538044464325742,3.149194128573328,0.07162810816494698,15.173248690986343,1.38653948406108,-73.15647190527216,4.875996373585508,2.630537541030024,-77.24496629577163,-0.04413035331258562,-0.028382894211452854,-0.14684779249748958,0.2653731058460264,0.7148745184713253,street_level
29.628494677109707,70.17556045118013,64.19322385131163,0.4098966525017752,8.420404311720887,-13.41425448986812,-67.95707549611899,3.5345355590127356,-8.003167385402817,-79.19147931097837,0.5628106954420006,0.1437323079725849,-7.756541106493158,3.367667100212926,0.5754382518460578,underground
44.08817457531999,27.706961551971656,22.30946298968518,0.4536814378451416,3.373169471589497,-4.364812831060876,-64.46695031156875,5.2403247847052175,-3.387423948912813,-74.469926624072,-0.4440647386800245,-0.0759941684228424,6.5239322777016175,3.9558556703537495,0.7409449918478505,above
44.1359140708395,60.854766660790304,16.780159345375047,0.14031078920517653,15.30807597187145,1.8731574153360349,-77.08565389249225,3.868076276344855,2.9904588606769593,-64.99601215784303,-0.918538257864026,-0.048030956848573225,2.65660388739566,1.6123587287316252,0.6169804903981004,above
8.816082179986779,10.979989677245321,3.054889025271282,0.13837401042219394,13.583863981788372,-1.1859560188338092,-59.994951899771756,5.081253873249398,-0.28138260840454166,-53.39035662629391,-0.06004843648796797,-0.0058013021679235305,0.08752616792819878,0.7382708174944373,0.5107087575483948,street_level
10.132491093186076,17.7817895373576,3.1418138043030157,0.061926864998377434,24.26508800363941,-0.7286189092609234,-60.528771466803775,2.402587216722731,1.3010486789302593,-51.903888949594716,0.029958870042106178,0.019852128403454017,0.1683936470997578,0.0034217685652816244,0.55629432345468,street_level
24.77608984976841,43.82865028067886,30.744535933983354,0.35302292544819913,14.989365276417528,5.450195035170392,-76.95148004545202,5.275634790051761,2.8242775628791215,-81.99437503917905,-1.0944425368664636,-0.05400146289569255,4.184150508914598,6.521914824515961,0.7953060734005128,above
43.24613427838016,26.84614123736681,27.107573978328503,0.46376600957771563,11.23017837706375,-0.28862444453951674,-76.32735836701822,10.816052466020617,2.203260503401145,-60.48483601425864,-1.3458908077004395,-0.2329970955526535,2.9638286576618644,3.703112328488424,0.489749930924422,above
8.20566445271274,8.3433972341845,5.57705726161224,0.05903062095625974,11.759660282904985,-3.7060634017922123,-59.04801660659271,6.341752263278387,1.35960348170594,-58.70634298974785,-0.07404163853841772,0.015781367725230602,0.26523193056186123,0.347315723869081,0.9389203029441795,street_level
67.49360889206193,62.74302949947185,35.406185489266576,0.7225725763833961,1.5006016062489258,-9.330419349161286,-89.94855006903832,5.552694803369198,-1.0783318606051022,-81.44257339605305,0.31051991986759875,0.061663144281358634,-7.527970935551276,3.568165396644509,0.682839642062532,underground
78.69167258603625,68.38332820114823,34.55022357672172,0.4706593861434057,9.18012910757539,-1.0564843028315885,-66.15557004936515,3.4812720397373207,-10.886905782122009,-84.30914031605239,1.3174648232003168,0.06782047775348375,-6.159083852388943,2.5506321160431247,0.44588620055972417,underground
27.099720871191415,114.7486946996718,53.04463320056062,0.8873337294814245,0.668831844622938,-16.462912890166173,-74.54310731633325,3.8075896775540308,-10.670927537107262,-94.27286021419972,1.4172171146343198,0.2346809189138469,-5.13529265595698,2.188801244749053,0.6502476648241897,underground
22.328499516874153,42.63874906935965,13.74867439573547,0.45198363914515316,11.138137953508679,-3.5584084102487967,-85.00773671058664,2.7101707552406067,3.8991134296479686,-65.89277091331051,-1.3548169904841374,-0.11609484099670328,2.603759471048855,2.351754171446273,0.536231518783421,above
33.94768097638578,59.35364743827766,13.92441045175531,0.37972072136337487,7.555847258376733,-5.62040101732578,-59.64768984549114,4.931747326245185,-1.400495044922888,-65.5070605317541,0.671105578480737,0.09481759935646066,-2.3337137814722775,1.7205044925178499,0.633290673306454,underground
24.271387462040426,72.3431895367699,30.524169798642607,0.55117853874799,9.746438328292083,-11.06823982594163,-62.566126343200025,2.871193225571476,-3.5696242461617986,-81.43653912703554,0.4286734357053228,0.07048164096556406,-3.395896599024524,3.4839146819762634,0.7943031655053591,underground
8.800308082375544,10.5566501289663,4.120389718312936,0.06601712901685457,21.75866007433685,0.46669696689968276,-56.481562208451464,6.4818947130013775,1.2903470823879513,-50.088353663194816,0.04161286674951861,-0.021574279567015266,-0.23900418547425373,0.4757566037176215,0.9857228165333461,street_level
22.558128420025906,42.82763759573496,13.571855163122148,0.12644045655718802,21.442624293560886,-1.169924464608183,-77.40356212922605,9.591335926143733,1.6165053021121585,-67.70957309890282,-0.7247199405018814,-0.020596731051641656,-2.5661800379554025,1.493725958445455,0.7129936404384059,street_level
6.527746745168351,17.835949616815512,1.7023766549808186,0.03438390650841198,12.559498688053138,2.1144867503628575,-72.58221691791225,10.071017291927213,-2.6296730601286398,-72.4977803175946,0.09993671942898474,-0.005063169283808892,-0.47808784916929414,0.21197764513338796,0.5024243341677062,street_level
83.77729152460988,68.32542004104357,58.16112438248594,0.49591209846757917,5.533491244900177,-8.741790290938958,-89.59930094659653,7.348835279601977,-1.9966019286180803,-93.61962127284967,1.144290257631042,0.09709592775144146,-3.153611034667599,2.8624348022164208,0.46470320939549303,underground
17.43073585464932,65.55058778375766,13.570745742907963,0.5374804927061553,8.574923231487023,-3.0143954380952156,-63.67477047390496,8.789839683080917,-3.223798144369346,-67.12554001555235,0.19904053414933964,0.10866742835697055,-2.201810880417163,2.5124027730346734,0.9426232134753211,underground
32.14838900725697,41.67982389376983,19.136950629535825,0.30420067434197506,11.38182479920336,-5.789199305282334,-61.98331285335175,2.2591819022522017,3.5388644552715043,-60.259236755873054,-1.4615804079911747,-0.168217318483248,1.7712968847002641,5.669534981192021,0.9246466888658489,above
15.855094182931115,21.00922897743075,13.793265886712433,0.057050077189179815,21.748442267333544,2.7872302925509906,-76.7346674690874,6.989041772573476,-2.9250964036666653,-73.25205512488381,0.7231259780405479,-0.037652731655888984,5.258257768135854,4.938856506970034,0.8162753096386014,street_level
17.217028223635992,42.67326727008695,16.163902830426473,0.07753527087477093,19.60957152279419,1.6118276535354292,-76.86246823081594,4.928739411309145,-2.4780818253266848,-74.24485829708736,-0.24748266789523665,0.06150397680149955,-5.907615792791125,1.5031697585825157,0.5693670547925627,street_level
8.720577175671016,36.128829970268114,7.385416208520659,0.04397461616173311,18.182724174401553,2.486278550053054,-60.95082737119466,5.333686925421571,-0.11371625216751058,-64.16477577035766,-0.2863194736479606,-0.028190128165283143,3.640854645706744,4.591725581360835,0.5449784837422813,street_level
5.843132272891364,10.895125111697169,5.136934739312388,0.08963591781695006,23.445005202369302,-0.0692270582137855,-48.27310024587525,9.845821291745441,-2.891406472912964,-84.69439320755478,-0.04879674522619189,0.02595963643248078,-0.03719040849627875,0.3284177584029971,0.6331156592315147,street_level
39.29516717591527,61.20366203630961,26.39056325241843,0.29730747848766936,4.076903518718263,-1.3210857017818922,-83.31536394339062,3.365908439745763,3.455299911748165,-82.60884265143308,-0.7000947378317782,-0.19531869259780577,5.585008562419634,6.255811421834949,0.4584643721309266,above
18.596090784942533,50.26402978192503,14.035488802692015,0.17547337073539182,19.09182473317304,2.8470784786014853,-63.446699483723975,7.27269660224902,2.7181024882656777,-78.86462270403311,-0.04113270112019737,-0.01980904952891196,1.1153710089440585,1.95914354476193,0.9543258129493455,street_level
14.979822179637289,65.0426398228318,28.93515756826326,0.3125402358525694,17.538925069097377,-2.2940587024845467,-63.314109478094224,7.782393452986616,3.6042296243762895,-73.42520494087901,-0.5128346414606785,-0.24261553253422385,5.175183345278173,4.9411319792899615,0.5899801502281579,above
31.687813526055685,55.561360156929865,32.04237524496898,0.2991183988235494,17.316057878511916,5.89192977279294,-80.73492177278261,6.3388733472746015,-0.13875104456624854,-90.22292735248487,-0.8144980626339096,-0.13500523821890698,3.8494532778740855,4.4958141014578725,0.7657853587991512,above
13.7264919386187,49.554943003145446,15.880026009141627,0.31281052765752604,8.154539073580443,0.16209009864489587,-62.64875240667392,6.904946093296429,-3.60089647800703,-72.45558276699902,-0.6620341599308531,-0.06469831036239043,5.644284343514946,5.312486030876716,0.8001143437194704,above
43.694047367497525,47.927697074329174,17.975775663290243,0.42517028518567285,7.0185936600158065,-1.26924997345618,-82.77154496581831,6.388562652589129,-5.647030228610871,-65.72661584850107,0.3518662935897691,0.0865808603301211,-3.207708590393782,1.159046610058795,0.6875533258404052,underground
16.65876365650166,72.58040824267769,11.768523576614943,0.3154242690571928,14.271334983104815,-9.110852396057759,-83.36124906697775,6.988891780681448,-2.90945488217176,-75.44042729499705,0.5835564303442826,0.10550436332508203,-3.302687714886093,3.8831524520966054,0.5307765915886131,underground
16.288568605607935,38.797455989671334,14.95841418155121,0.08713895883395209,15.76684800592523,0.16108466709004077,-53.329473615044805,6.644622573043821,-1.1942851597377726,-75.56511447463707,-0.025759998795334083,0.007563740610403616,-5.123777419060878,1.1232454515951003,0.75325799883156,street_level
15.008248966598908,35.12518071950211,23.15579733165027,0.2186236412256372,12.620005586375822,2.5993961781496653,-61.27115950957031,3.673761883521912,1.9267051000853268,-69.69415454385286,-0.07377393280911956,0.03255786012101561,-0.7594172631737731,1.0162464747831943,0.644231870129917,street_level
31.77484782838899,38.70036339920608,21.694421190903235,0.16110857544958493,20.832079952926325,3.712819858424398,-55.45213612016452,4.0815530378348726,3.6055424395201934,-56.62014727387543,0.13958534654593976,-0.00239947800924439,1.223207394469826,1.7115741108976676,0.9985900789686584,street_level
25.611245911281266,99.93917719429157,56.10784945215369,0.6017592940188341,9.875107121808913,-8.68903702855698,-68.15495396362194,2.382002946063655,-2.5197750451574343,-70.4027406567795,1.1831957299435176,0.15766459981447534,-7.470942372895426,3.9617525994257594,0.8568671920568771,underground
7.146423086551908,17.187031016450334,3.8709948365002242,0.07474696098883853,18.92398211124422,1.613666131951585,-54.307057168981714,7.613812860179084,-2.7685767121073583,-54.418148809815264,-0.11796147716807426,-0.013408521140024242,-0.016745849596780604,0.16633542165042084,0.9675126983013763,street_level
28.511604825223746,74.23988481484702,68.99593923151708,0.6449002173742822,9.597930700861093,-5.407878269353075,-68.15741318929165,5.706953254188661,-2.501602528959813,-89.77497033071768,0.33893922236555707,0.15559323646993012,-2.690145974556085,2.449658341023263,0.9648367769960454,underground
23.522464188154796,52.48415706616947,21.464420288210306,0.2502445973978059,13.690105081284882,0.3918977888043944,-66.03359379702903,2.1563115218656206,-4.5420444839929495,-75.28198410034446,-0.26374046712383703,-0.12733297732548077,5.91737977794362,7.586225678337893,0.920697209737001,above
39.26677598846575,39.997851124852424,37.11029774941318,0.25150766788610424,12.738435352525858,-1.4595177194977218,-71.89462757298944,2.1172783528418315,1.6598422214152802,-90.03005617511865,0.5089576179218508,0.05957353905213697,-1.6747093122620456,1.4666027335380023,0.9676407329108085,underground
9.534593345604485,38.69067516723666,15.964889497515436,0.10593291064072778,20.131114709056067,3.202441810845267,-76.57132205128566,13.056619717125372,1.4049388216966587,-72.43559815709322,0.5543362839668118,0.09621884578710058,4.7743502671517355,4.585970717707534,0.5229651710481766,street_level
50.34748765219926,53.491454134918676,40.724324512636144,0.4242424857876526,1.7798101541473232,2.0806979495552973,-89.10950636941142,2.276317513773993,-7.598425170162973,-71.56018682148776,0.9587847606133071,0.08649782619123023,-4.028323939641334,6.844265793102067,0.4559643322082801,underground
11.795577021520803,34.7928224731446,12.950178150893791,0.03628852375026737,26.996420375410075,0.10479384356058485,-67.86125712822775,9.142038952483183,2.244604293463519,-60.62247296669891,-0.5779414173582496,0.051885685069775395,3.4915851565987293,3.8769385244251318,0.7289682979287866,street_level
22.07983202236239,79.08795230858694,30.26828220390098,0.2690845108615818,12.9220220620532,-5.893239984392213,-64.83802142127858,9.554846208911663,-0.9652859812662022,-86.61518214471873,-1.1505514025431158,-0.14583204542245704,6.884036509916144,6.694886256545792,0.5463114550533288,above
43.57729906559618,78.02858624626833,20.54725122500863,0.30408803683135077,15.580886486900672,-3.559083318094771,-62.17090840148761,8.609318539716174,-5.794546830910296,-82.74367870099435,-1.079223529626281,-0.2358135175676833,6.912557626503369,7.208371105368363,0.8364458548104547,above
36.02144629412757,32.120735197970234,23.071758277627637,0.1079697165054721,9.871285224046861,-4.5524898454588625,-75.72965986919505,11.346492112298133,-5.883577925541902,-66.93312296029926,-0.4870432672069216,-0.05074293805598773,4.0709541170116195,5.085741058158613,0.885604495437317,above
41.20566343730867,48.58345701873588,34.37845298880362,0.8478215698601881,3.2558402379263116,-6.977532920258524,-61.88756282483545,5.586615993203109,-1.3612092858039144,-65.88265997625241,1.0390741084992892,0.2480430630207087,-1.773432392896452,5.379901300724519,0.8567886941063831,underground
6.738454125153793,10.604109084179802,1.3847958203051305,0.1064918828156114,8.382660377449065,-3.8196402719384492,-70.89221192828299,3.476888923123566,-2.4711188211136763,-83.43102728175923,-0.12980588217955244,0.020719314847068508,0.09220398088955406,0.29950754243930094,0.5697883443700471,street_level
14.224692269863482,22.72854630935388,9.29440983477035,0.055638248765572954,26.616789131958154,3.9456437209478565,-52.406259171522706,12.296078244736812,1.3472306466615152,-60.232749370405415,-0.6780140308623412,0.05280660504283355,-1.414123717589984,3.9489727383095,0.44479987794283427,street_level
6.962779387844686,10.55187134080686,1.944322248761995,0.053281519226546226,18.2615490139507,0.044633730592479104,-70.3341133455359,6.826490193001492,-0.35736198479734416,-62.459588653196114,0.08185508971877958,-0.024628239572332098,0.05191153922542224,0.479067331642069,0.939215745587453,street_level
40.80110060258052,45.57317172658186,38.376085604394106,0.4243492894343316,5.942542885838866,1.6502651862914526,-66.56828853042964,6.220913936383941,1.9310544310730027,-83.93818009857648,0.46232791639341964,0.08674634403135104,-2.44976869069885,3.1965115023468336,0.4304854372304472,underground
58.37021388884408,94.61317118970429,38.44193193673085,0.45718188755759204,7.223295656389537,-13.10595628616344,-86.99075471362781,3.8529370888648957,-9.066863092965061,-79.47214859321639,0.9432902173113903,0.19272097880803796,-5.886229368220558,3.3851765956426023,0.9792645400417517,underground
18.17328955113605,72.38555409621745,18.489438258531187,0.13889340272069692,11.35428962367401,3.025175372995024,-73.01825845077009,11.693175835260776,-0.7842892008717266,-67.57796144815808,-1.1621335476577173,-0.15788600408165426,5.647745929725101,7.402445473498484,0.6573499852324329,above
10.197734665192037,11.05571915073698,3.842020694361599,0.13045267429504617,13.361590000540833,-2.000666787494148,-57.75962759535574,6.241192591430122,1.7111609028689703,-76.08889385912396,-0.10072689740290869,0.028694622036050464,0.07006617086813882,0.33185088066192797,0.7269367000759575,street_level
7.101731077121079,14.741622110064842,2.1691098680901417,0.11236835384098567,15.941051134870191,0.6961994930824886,-54.401700089455204,2.458708154903632,-1.351561766400753,-63.12100928175183,-0.09261893221669945,0.006334349719806502,0.1883273882509544,0.42085255476056616,0.9116736701331059,street_level
27.580828432020045,58.060270349714145,30.200510070511577,0.29457964518673474,9.598169538512185,-7.48362822849029,-57.59653312772964,6.265001867123745,-0.5161666048859246,-58.50519785586039,-1.3375870407385566,-0.21255639663840975,2.3170542975367994,2.286375672867148,0.7138301952565715,above
8.491322289592826,14.637492460334624,4.581874864926325,0.10548716725094294,23.859646793929496,-2.248215862788321,-62.67341380854447,3.1130684109104836,-0.42698043387609985,-59.0385179472695,-0.04237201276856255,0.025855214079615448,-0.379358592307974,0.17095318812104907,0.7303089151736718,street_level
31.482632526730026,22.089952250657596,19.165556439351217,0.1949295099898503,8.144223973267932,1.2494170889134928,-58.68660418922735,8.212845318397004,0.7860711712175439,-80.01377623879145,-0.06439103420996013,-0.02662491212345383,-0.07885620637176949,0.7618136742601394,0.503236820551336,street_level
7.283604747334701,17.928317374630396,2.1406735247342796,0.12458281228639789,15.424471229196035,-2.643027386946935,-45.332746014269915,11.113102202262084,1.489099385669891,-55.8887358054047,0.05902325719859028,-0.02382571683803417,0.1588067534762715,0.42371643979203555,0.5451100515564211,street_level
25.999845339482874,64.39403773304775,27.796956749218037,0.6112007201558651,0.5716512830537201,-6.855989083631382,-79.69053701350796,6.542099761904714,1.9007428146508456,-73.66225451527298,0.6582087057771804,0.2023425266381393,-7.788677588066968,6.864879508481908,0.6536004957297232,underground
19.507357027487995,76.96001369669702,12.172544781713786,0.4375673383084341,6.829201292397841,4.052844956486277,-73.74134194170483,7.176513480857392,1.194296116079089,-65.96863318081854,-1.405432730963291,-0.15192391657490995,2.7197550344837533,7.165626472932179,0.6540622898048236,above
8.792545436161253,17.51257029969245,7.134205554404326,0.10879206111351124,13.072257821207796,1.7897412514060163,-71.64919888878988,7.338928618787473,-2.440023731216455,-70.62995806649155,-0.7582897497052422,0.06443564099303214,-1.471782697569747,5.205651865728873,0.8763658370275667,street_level
20.682926453379572,39.52876521201502,9.804244256332039,0.09632500195111346,27.787115642114287,-1.2981984712234054,-52.617160950818665,9.576004215246943,1.1152357915188489,-71.7038483348699,-0.3960132591127968,0.014808088081433787,-3.76477284665969,1.1216820447124478,0.5325749705810392,street_level
11.419855076796981,17.006992378756106,0.6863718694882657,0.13270454892997954,8.403090345406033,1.8945949546208611,-48.33572644465545,4.5470471576929015,-1.046568866854946,-71.47204914139071,0.09991267984142102,0.022326640776056804,-0.3913387672277039,0.24764285945069436,0.7064466376158959,street_level
19.027165376540342,43.306010386164886,5.016621674489114,0.11449915577464724,11.186595257516268,-0.7981170492567182,-61.89272256975849,13.298528088430588,-0.6029946618172701,-68.0877546144678,-0.504115304425562,-0.023517176709820453,3.4659808110772694,5.034288597395815,0.6375462453823126,street_level
11.962156417600536,40.314090352953286,5.128613679659182,0.09140372751015048,14.909351862638319,2.889316638347033,-59.696002197981656,12.151041811680988,-1.7095818187037377,-84.02181774853982,-0.5635243208365539,-0.08815199908678051,-5.5029669285923255,1.156967583845991,0.6308311482107869,street_level
24.399545019237358,79.72355927139256,14.87628716650148,0.35285538282821116,9.53335213946093,1.0227809383150692,-79.89832762719844,10.701883785943922,-0.3190203789795403,-91.92122673587875,-0.6396075202414097,-0.13171062747578782,2.553295978207829,7.742789801462299,0.7872779303845783,above
10.818103269764705,17.609362208081652,0.19055229273433438,0.08469864448321036,14.327519773686848,-2.1441618884961864,-51.82929735541397,4.856609443276328,2.6529549092832507,-67.34315789668658,-0.03991529519518583,-0.014236690031001469,0.08421936933201002,0.02242105090615967,0.9895918944704698,street_level
19.501862079283388,43.539878148619394,6.980185991641114,0.11973104929074706,22.0009752802882,1.393796556877815,-56.11440189230538,3.7378149458531977,0.6043555561888763,-60.78077234224253,0.4866893566130466,0.0017111667322815965,-1.7024916657221638,3.535384960753321,0.4622585149918797,street_level
43.52324668016243,34.1578265343195,27.711916778539873,0.24701544664783343,9.16925709638603,-7.33099069516889,-76.04254220210852,3.059427000153087,3.9613748152241666,-60.114111543120714,-1.18181993397509,-0.0769193722968741,1.6866781916061662,2.6870775026792826,0.8098047310306951,above
12.98312531474133,28.52572778641126,19.60324119971276,0.10716915391240495,17.940907954447404,1.208293353890097,-51.33917557503516,4.115574753150737,3.8819070112846417,-69.76790237653267,-0.08125283571288551,0.002915194835156211,-0.9463658407682515,0.35358688270092054,0.6443726066040663,street_level
12.56531319737924,43.75492415691326,6.758978448457304,0.07852507874178723,23.00641902567361,-2.8604866004867304,-55.46473851616095,13.105486166969564,2.6496999171371076,-71.44121916774043,0.0996625644148601,0.06573140483567522,2.4592101659023147,4.535207929675931,0.6164279575728402,street_level
24.270304299912297,57.494857123459305,34.10268516577794,0.3226280467312484,14.16529237686093,-7.1467586172336155,-76.41125505196345,9.6055014819755,-3.8089019746207278,-80.95877799057453,0.6475989072488105,0.10681614110265848,-2.147415277652536,3.668547712290464,0.9750227661170194,underground
21.770146601017387,47.299899200968625,24.051982317651166,0.407105778786815,4.857579924879763,-6.028914990738197,-63.731847870901795,2.6358210304945278,-6.791916972710583,-63.50954996286222,0.35106304147824074,0.05547148061084911,-0.9505618780478584,0.8687311618446508,0.5879633487619522,underground
86.76593429492948,71.26720732718182,43.50087875578235,0.9116273199518181,9.717250230124566,-1.2140870630256195,-72.44516373118844,3.0973171657020693,-10.187252402937167,-76.17865490465739,1.3611838482007546,0.16208429441317404,-3.268604532823698,2.2832230399993674,0.4482547642486818,underground
20.04162580783158,49.533839237654625,17.84734452188716,0.3073855918445346,20.03390825026401,-3.9537983561825585,-67.27154545926732,9.900634065251008,-0.5138067529141574,-80.01512869548648,0.15421802819469696,-0.007950769369574798,-0.6336904015498245,1.4679075632216736,0.6083326077966633,street_level
9.059050639997219,15.478992515997316,4.547191077741374,0.037928067364434305,18.178692549654585,0.40590057896106657,-49.659276976973814,10.588321817621086,1.2494764499270783,-78.92953709179497,-0.10071559852105381,-0.02472810158888453,-0.404979069989868,0.06405980020559436,0.6875636721039947,street_level
19.39647342309768,36.51068626830967,11.176240271074093,0.3277218266626989,17.867364158201354,3.406781661573646,-68.89156088692158,11.628226453034166,0.7332497249162424,-79.10025544075344,-0.32613117576814776,-0.18968720876476075,5.7495498722155025,7.373548184234352,0.9294608091787782,above
32.94217329142772,42.19621343359785,11.347838506316918,0.33844009142590703,18.971136011439604,-0.8767201254827173,-78.98124958532046,11.963439312602228,3.5736035364342076,-59.22914059887077,-0.040327401226260336,0.01717724064502721,-0.24605106426829138,0.538786614492579,0.9629828599688333,street_level
4.3055682838403095,11.503863133544233,5.970141622958564,0.029807867070636183,19.258002943877365,-0.6550658459793892,-54.631990753154405,10.498105658618988,-1.8502756228091322,-62.427433405932135,-0.04691242539823065,0.027559273301612536,-0.028260312615595695,0.25584305022091114,0.9090973012622865,street_level
24.662441514707997,31.181303329070996,16.710881681692186,0.029281219384393636,26.509603860744967,-1.3021091757491616,-53.9818458364414,12.153136029560574,-2.880213999147837,-56.293181956033465,0.7959907334244469,-0.017979219127997895,-5.294567529925224,1.75779385870075,0.8176019061976441,street_level
8.862177140422393,35.021932036778495,8.979355934839736,0.09047869232519082,27.858296853672094,-2.4529054792861764,-75.69868671145626,11.486163237103323,-2.027638925126169,-64.96273863232857,-0.655710072277818,0.03767336380562672,-1.4402003943773654,4.556998571635143,0.5262189027496755,street_level
40.13847165809668,42.36646326576708,33.09823718206279,0.4735324243580761,11.391397150216042,-0.5175694680661547,-81.13409050155282,10.25371341655219,3.094056303270719,-80.20064265048713,-0.5113755464760075,-0.10204714011949223,6.65141653124128,7.849232260708266,0.508392108301229,above
19.634869798810676,32.93314729719506,9.853856831857126,0.053401123169816156,15.224562697852491,1.0799084912329624,-62.71325611187618,4.136556607957681,-2.552329518595009,-72.50075175698541,-0.05522138035575974,-0.08179512339494482,5.021836655191164,3.8797406733019564,0.7415742781539192,street_level
24.77641475857188,33.77011760617103,10.612006335281574,0.2364978508942589,22.300956140361585,-0.7397204413127234,-75.10179016870173,9.290814859059246,0.25910851935963475,-59.394218999532754,0.10951937202483644,-0.0006125583274288957,0.2598413372983046,0.17976062730657993,0.9376421855816135,street_level
9.374358874462025,15.674714871832647,1.654177007796248,0.05878202816563655,10.523281457426755,-1.7339874841697167,-47.85562893280388,5.135745118527496,0.5575823424659072,-64.91426995663173,0.11717566258956222,-0.01524863118991909,0.41770584646337483,0.20803521144491166,0.8669701933074409,street_level
58.18844453152426,74.24430731759125,50.26953702362201,0.9520892794515706,9.894649113999899,-9.27114839574675,-64.98749547489749,5.985587258311513,-11.499926471286697,-77.99407653577292,1.4777048011818654,0.20842250726000475,-3.1008378822697686,6.892828111606507,0.9259298867462126,underground
4.395394286511276,14.616583652803063,2.0562622149342364,0.0641160366616951,24.917302473815763,-2.461870492788889,-59.420508104362426,2.6078959829363475,-0.7015658559065141,-82.36641031203132,0.13165404594970928,-0.012420208160748215,0.14588743836231155,0.0008214403748083576,0.9656725088349329,street_level
57.11270476796519,119.41742097391955,58.76740306890667,0.84636550850524,8.438982629017115,-2.214020907442375,-76.62843000655766,0.7155412950708886,-7.0740863835897025,-73.80850759422562,0.5812663318031532,0.12196879467600777,-2.5461685788718427,3.1639331124890684,0.9656015004731975,underground
20.83291943257381,67.05803742720204,38.93753828653705,0.5498998247876773,14.359442293347362,1.169909809558355,-62.5966034678828,5.8312897606136005,-3.1324270632040054,-80.59791783252919,0.21595155967416238,0.09283264175607812,-1.9669562175968038,1.0082785339006959,0.7262967576346877,underground
4.529394070327024,13.601203158226362,2.061481554919837,0.12755178037596746,13.2138015234764,-0.8611254109466815,-57.89392578509353,6.656906232287227,-2.8441792227474307,-84.84586398710562,0.047383146678307286,0.008667801717364414,0.15245436589386085,0.4654659213405693,0.9316584371324448,street_level
44.08143624635472,47.87181544027493,29.282430859080794,0.3300994440862062,7.949801669583092,5.944931418583861,-64.68406212271917,2.3135977060312314,-2.875377995461256,-60.110340856949776,-0.26290362967005665,-0.20953841653435823,6.241213389873909,7.060711857177566,0.7616264992615271,above
19.811440096705113,37.063140391203795,16.47678329505434,0.1385021750457288,17.789889242059875,2.7085029983023317,-65.27419622319138,10.186466213005524,0.9093549493402691,-69.28076616818777,0.7639735232619298,0.09856323638834583,-5.181848111731233,1.81626677317997,0.7327543241397185,street_level
23.627751858717083,17.87298974871547,12.44152991799834,0.06919688033504233,20.881220758156964,-2.841930787306149,-55.87422798139493,12.220385178154388,-2.5475962774218166,-60.02969434469843,0.7906613883398139,0.05814811802076561,-4.40263465699321,5.906495376686177,0.6784786118840347,street_level
10.462015329414513,8.722986681615252,1.9180559810581617,0.08370196834268057,20.170408810927544,2.334749552729405,-66.86787237124871,8.335731724238624,2.076604482037844,-79.2313763774468,0.10572629045001661,0.0184902416576571,0.4911558560580953,0.041894509557414944,0.772269104955881,street_level
18.75898126582023,38.37408093729077,23.210070987845135,0.23963928398385476,8.60665296323732,-4.9246767120115695,-68.650096764023,10.883175484161391,-2.1881976305134128,-59.76617490155645,0.0001477593777555325,0.019549652740066897,1.4210246165816875,0.1959918951470334,0.7584785480442541,street_level
20.8561120292406,39.81687411174887,24.067034118845704,0.24335754578493463,13.039962221148393,0.07332121859912277,-73.36346690820241,5.037500728482781,1.443817393653779,-60.65161063106753,0.10311517401588915,-0.029368592850263584,0.20586601212281241,1.1371896201545466,0.9313216246329742,street_level
16.80312475952858,25.401610187305884,15.243984087312723,0.21089716528633082,13.77344302022403,1.4618870956420977,-63.62678733084052,13.100829052022565,-1.0283210596132932,-63.891445269857535,0.14856977445596553,-0.05841515818338534,3.77572912881182,2.655204689708587,0.7439068110285478,street_level
12.531968157240108,39.05618548171578,18.75312573866102,0.1702335363361176,18.073904095648224,-0.6433357157896848,-78.80262697085735,3.060060841649646,-3.8105451599509426,-82.74314601361851,0.09750835245649397,0.01765101492939762,0.4749551762019406,0.49938078770967986,0.78007944466529,street_level
22.84873438525391,26.064426145475124,21.540191538308775,0.2343229710885477,15.173695467329864,-2.4410844051547134,-54.31083098353527,10.465193890438186,-1.659905822395734,-61.806039699714205,0.14449627240939034,0.028844220781732183,-1.2779612851392999,0.9880655385556438,0.9290045055174023,street_level
26.060604977130374,34.059896063883286,19.846421919516782,0.27947111324206503,6.43771951597166,-6.711225300747654,-63.36000726555112,6.974649487675808,1.4792375362213441,-78.58834249226481,0.262306583939947,0.05005054560393346,-1.4889357665238316,2.2224284547122073,0.9266892232757463,underground
24.159640009332012,99.30892765790021,18.937859351671964,0.40806162194026185,4.287930533213928,-15.395070115380744,-87.97780478286148,3.0773348563131426,-10.497820283923016,-66.66789636982908,0.31851634315709465,0.18586632521951446,-1.6227036973666165,7.187984194816733,0.7622249505437768,underground
21.955969918508334,59.7234834893845,21.488131804997725,0.4128697458313835,8.50610609921742,5.637888559980016,-60.57938234447586,3.998639746823475,3.049984679279703,-70.40369493984882,-0.6560731541692681,-0.19258073382937668,4.697874608132151,3.1927444832897143,0.9094903223609228,above
11.185595254407636,37.15165051710464,12.146578282670877,0.13021678061686112,12.37774574799797,0.19339963815450556,-64.58106295837132,7.458919867790303,-2.921307246829369,-77.13479766881754,-0.10990747638729759,-0.08339604320078493,0.345933772817407,5.744804337489402,0.570570840408487,street_level
4.648883553753411,11.574174106578813,5.840968100428285,0.09489550515145118,14.821022255235173,2.901793015059855,-52.94772538552402,4.994615236761068,-0.842830631894425,-67.34231682709745,-0.07741987491333391,-0.02749770014362092,0.15335043308668828,0.637030847132034,0.7017088517378769,street_level
39.83661280754746,70.97454705197345,51.13849755886908,0.9740895433560269,9.282270550248462,-9.245417028445905,-89.76968298607449,0.3128382305040365,-3.6911022984896604,-71.97594781936243,1.4818387536497017,0.20856675894033663,-3.520091114271409,7.22822031082592,0.860284423008922,underground
86.22649451306705,52.76963398555797,60.63782243957986,0.5122586060567014,3.409014552846693,-17.544792264947354,-67.45889623872255,5.641139232428028,2.320643345098988,-73.19117891172618,0.9857218294987428,0.07487701023199085,-2.209959459083633,4.981701279242941,0.7081269345467581,underground
34.40711958904153,40.719472109531665,20.023599487780437,0.3234201463280206,23.755052535987065,-4.683008315384406,-78.75036801447486,9.094748943025477,-2.0934907288713847,-60.08483750609055,-0.0786424325967057,-0.022362689647024363,1.3296949734236851,0.6278776042396159,0.9016892407157169,street_level
7.918342535303273,15.156152331942387,2.968754662486115,0.06677552220830749,14.171540186989695,3.1838670377738065,-70.96456201890787,3.5863037527107213,0.6386224693705023,-71.6613242833806,-0.05568293005127377,0.02340796512181937,-0.2448722385490093,0.4830999125085138,0.6457244888334439,street_level
4.329936708825445,13.290925338120669,3.526904535322948,0.10544645661580399,14.185127910538533,0.028364449667460434,-69.49689659363004,9.048611806286665,-1.8136502577455287,-69.67876252127687,-0.03836449587686783,0.006756382641085426,0.012454726320038745,0.1151067818144651,0.981573351394692,street_level
5.054920828875515,12.60845876887387,4.059709684503926,0.1031451828054911,11.913168539973299,-1.2741027166242223,-60.054518807966986,10.480483595721624,-0.9565459015975248,-77.99036301828292,0.06789236597670129,-0.003777017392243495,-0.17862342768875705,0.21566632392232005,0.8137615741056621,street_level
77.62260329198935,70.70695262616852,34.11291445766625,0.5206668121933224,2.8297782554653104,-5.506230508789772,-63.50388353003025,6.7933988514523005,-8.365132703967124,-67.5863093224878,0.46913751150653193,0.16313662295526854,-4.646567788500926,5.937205718121904,0.7247500543562438,underground
16.924450466534104,33.220068132467915,22.248985120433254,0.158895041949056,12.087815771211552,-2.3348778252761635,-63.82362236267021,9.247816751839876,2.7964323054523943,-68.75654886364009,0.1104010843866112,0.01850638814125892,-1.3271127980810582,0.04468810588150429,0.9208812341086883,street_level
8.923513849154954,17.159858631423763,0.5875050913927486,0.10673846861587889,18.644316809726284,-1.996101894516526,-53.95467681988802,10.011557034374272,2.7497730919290166,-51.75569991334423,0.1037663988348709,0.025864571476718494,-0.21645322176360793,0.6723169523696512,0.6553400441967661,street_level
5.676567630180811,15.254619176570316,2.4613245068179133,0.034669802138463525,22.665185823461854,2.656653169004289,-66.82951706697364,6.474604955699091,-0.5636783797986382,-60.839382936336065,0.1269521796716843,0.0011207287727277825,0.4152581885100922,0.5381876371002235,0.5990007151829496,street_level
27.664672705950967,33.17678985981033,19.43264250309175,0.11827143628305375,8.956756223759056,-2.180380508465236,-62.55983483120269,7.068630883460215,2.3095022035798856,-84.07679519436786,0.1247060579881197,0.03905828547807831,0.4879947730903418,0.004403694172697925,0.5930748599837886,street_level
4.445019359498424,15.423690508793694,4.498919697708768,0.025916168396264615,12.91528226325283,1.1065039646154844,-60.72468152793944,10.932225837998617,-2.4674384574722357,-75.70830619112068,-0.07993178245074782,0.00460697414985925,0.16369489678579063,0.6990014333144627,0.7260676717389485,street_level
24.771801248577308,42.362080271392266,11.796219158654198,0.18765588409866127,14.307502382811517,2.9087864890207253,-65.88287134609841,12.545390767920846,-0.5429113895859823,-62.41697336763909,-0.5768429778597368,0.0668164196835088,-5.558608960751261,1.3150615348689305,0.5692264510145527,street_level
88.56458208262839,50.864139671743054,64.93652342422673,0.718732466148576,0.9117698703413979,-3.0042230750963057,-88.8419955960805,6.08417254660194,-2.0170792701546656,-69.17328392511155,1.0212334818803859,0.10488485118937657,-5.98604730480373,5.324182425922924,0.40445962605495445,underground
7.792749395394094,16.402177758577466,3.651890589169903,0.007374809974565133,19.672051926845217,-2.453952099632426,-47.51219108410062,11.391322542397715,-1.9842586704077654,-67.05267509722907,0.12685774553583143,0.025960457617121874,-0.4587799923247444,0.500039341414977,0.523404430646621,street_level
63.15677868377308,91.26709049472402,46.517091134764584,0.9670454884166273,6.0174543330519725,-9.099603751258229,-72.23072120815588,7.966205943222176,-7.201439991657242,-69.73058365425868,1.192306452065434,0.13677105927733432,-2.42075874901393,7.807386183890211,0.5519785333793732,underground
22.28791358487107,78.68720840544839,29.791289975578408,0.4562067988930759,13.134452989927022,4.011709730772655,-75.60962880847934,6.468374383405918,3.0152711373370114,-84.18227362029683,-0.7950342432310117,-0.10283484701132345,4.835777349811702,4.173606992162618,0.47352423187163206,above
35.38686225470748,70.04303038178504,25.375813510639997,0.4528238122824415,13.716889778917558,1.3841625889927318,-73.00473655409432,7.8773548357044305,-0.8365518087223052,-74.72073807493183,-0.5562736920822463,-0.08350817161970639,3.037810914288785,5.845336352747163,0.6286273962195655,above
14.100166244102724,29.78736702444605,11.15207495562392,0.21685621544360226,12.396385178524437,-1.7838868638064609,-52.09642190456316,13.925991003778448,0.9945304802687271,-57.22352422896772,-0.2216005018336621,0.0706887902750819,2.022143026779437,4.713561029667242,0.7410720330483341,street_level
23.630933504071635,28.719480024429302,14.288319379547405,0.16027943932226055,12.290001065697243,1.6525801539576586,-51.609487051865386,5.292617507832249,1.3712513006406013,-62.34591893531862,-0.5567935559912609,-0.08993259718040927,-2.31915578707556,4.7633605697325745,0.7567082472710347,street_level
21.083467096491024,40.28187569379698,11.263005061305087,0.16243762928339817,24.96163614883634,-3.09135533591499,-62.73257292627705,3.6058782713049853,1.5258798419763915,-70.24691028652616,0.06964235046677217,0.03297873464413775,0.0830889683165521,1.1259271770405876,0.5184344815902093,street_level
11.192420839633336,21.41693275772355,5.279668265075633,0.13567912453452788,24.155790313163102,1.4033873455950898,-61.557235010856175,6.133750327466352,0.6371012668276972,-66.36104502274567,-0.5048874658082717,0.06977723195234484,3.8093954910020074,2.29262662264345,0.7896729278927842,street_level
73.78431635904562,55.20347543643177,54.85366999028843,0.7091502652800825,0.7633382829193702,-12.047846515265007,-62.27942409106803,0.42353057110686887,-10.511859209119459,-70.54710724050886,0.5125093638428369,0.14725759054268905,-2.346132931784262,2.8832289423339406,0.7825028843475412,underground
29.7576903384467,49.6050058395887,21.44432826802418,0.535164857485817,14.306299605080369,-1.4659799860867047,-89.67888612789267,1.2257659657247224,-1.784838539314607,-76.05144435293488,0.6812953370399175,0.07129325118397693,-1.4062435028515639,1.828829801578241,0.8224155646026232,underground
34.109581793550035,72.59357240751055,20.953702645479858,0.3833503825982916,12.13724067560848,-10.17814513783038,-70.80630698033983,1.5062353195399765,0.5343187749833334,-64.30664524618386,0.3272553958387113,0.023335742116738594,-1.5267687332683981,3.672616946518894,0.8236889037685128,underground
29.596971901422076,35.810865223746404,28.33723082695198,0.41610350972853305,16.536939672582534,-3.61830854083534,-80.15558152292249,1.4964024006095804,-2.824844270099253,-71.57988296147434,-0.6448998314051176,-0.05539504004425766,4.148241382445363,4.042152511494548,0.6374230437619159,above
27.06845220300743,20.435997715091737,12.638151365720168,0.3257316174403899,21.01954043449458,1.7725340941566277,-79.06465155579323,11.251501424483108,-1.0574529636627714,-62.222773550559936,0.1307483136312638,-0.02109732792116847,-0.19056363305933077,0.7917614392139338,0.6989544340331779,street_level
32.06789054624281,55.274444938322475,33.39315295376065,0.3426109260212956,6.423031453516256,-4.046144873540932,-86.42036298347502,11.937527919422315,1.07928894675178,-75.89627038877315,-1.287796533705114,-0.07242221499120818,3.199100908515055,5.733097887633269,0.6438020731415813,above
35.90540923909055,75.06029363370533,30.544706771740504,0.2263317197133787,7.049025955181831,5.953267872027121,-79.88391725669733,3.88314338763799,3.431262537054298,-76.46391138345133,-1.0767576483190746,-0.08175516933885424,3.3225695545915035,3.392241289043496,0.6716353584647616,above
11.865634319856763,44.79142203703486,4.5544282229862745,0.16823598507751852,14.104285054971808,-1.2716089318313522,-63.99730118454718,7.874188739533206,1.4061429533010426,-76.86895844937342,0.28527989101908946,0.041719222997892935,1.0446369035166967,1.1316347201729378,0.8201713342196814,street_level
31.69969521389713,57.178278949777265,19.654064389733172,0.332443995034308,17.2825532797968,2.426493164591821,-54.62915113654272,8.561974647176648,1.4192335101303604,-57.22536683574341,0.11142048454143508,-0.004958893010918702,1.0557261802368543,0.20312134493432765,0.7964718178898038,street_level
25.11635544688614,28.33575767898483,18.121929985231084,0.1050646887193584,4.02611953048573,-1.7940347893557185,-66.5766187298039,5.91925567160393,3.8023469521372046,-70.93490710239926,-1.0256219743057415,-0.19708961238616862,7.31068736308538,5.0103905251898695,0.5909619981809981,above
13.00623717667854,34.18331041399567,12.306222384585684,0.31899164253862355,23.973578972046745,4.761888862377063,-60.70619844461419,3.4234690631433464,3.794867626026197,-73.29228603199874,-0.005955594888923041,0.03591922307127167,-0.7733080935521176,1.198787019330886,0.9722536772580395,street_level
27.499430045181267,60.50293644364924,23.308454695729438,0.35398847603253025,12.162642445480431,5.4193148270274865,-85.65436873887829,10.265549864041896,-4.5878538089236365,-63.39863761772166,-0.2801506940592067,-0.19473324501227474,6.347062039890723,6.22552854174065,0.5271171432540929,above
10.439747962084082,35.95010026276591,4.7809144776060695,0.14942128647371702,21.897198045756134,-1.3650798434782727,-76.83184577809264,3.129484013869807,-0.11697258140005129,-78.33599938469176,-0.22476321603870064,-0.05773447249785571,5.530236996958877,1.5529609920200385,0.4919398565096209,street_level
72.33868269840093,61.93157106928905,21.861808816171866,0.9737952923149134,4.903440495350101,-9.840653850751062,-88.07482444243014,4.34079842238931,2.4431021063910006,-78.61309909586467,0.6709582647454866,0.10732161564544473,-2.909760056387083,2.5087574381111883,0.9393623705121041,underground
6.839239706038672,9.915934567200638,5.735600397602228,0.08140300559106968,9.060555107551014,3.879768945350377,-58.50049989600635,7.401653797583021,-2.2505578015606837,-62.75621846466742,0.06647267263112111,-0.010138486803775,-0.40390030555870027,0.7049808043456585,0.7200175307352523,street_level
12.143732109899236,78.87891916935308,19.67968068796426,0.44605665501148717,15.811371876102825,-7.2728207734835495,-86.9038710607467,3.043950467434531,-4.918954647574656,-78.78140656434115,-0.5926981962081955,-0.1666383456497525,4.862059418940462,6.157438533287265,0.5630939133038126,above
15.43258276387016,56.972551681623465,19.012938791574175,0.20808483583761356,21.659709118304548,0.9714586174387962,-75.51084526787795,4.824591943738092,-1.3562640941104203,-71.78207383974383,0.17115842881316126,-0.0060613823557460755,0.5402462508756458,1.6007581908382753,0.8772990115747779,street_level
80.23974235315961,79.5233139921773,57.31196568680602,0.39588855456027056,6.14319151652623,-19.614181614746876,-77.54845302332635,0.5973968746386982,2.4494950857486124,-93.93040760932791,1.1586678022091934,0.08147360229878112,-5.3022509224813685,4.709850437676364,0.6100169308157113,underground
6.209328246443247,15.128160163729243,3.804855587548804,0.0063168824270723395,24.172345394775924,-1.7001398703370834,-62.75817172028988,10.8801475352363,0.3314539189184904,-68.25679824199526,-0.05308383568335641,0.027595860593044426,-0.49381321202745265,0.5688948142416769,0.7783309570398509,street_level
7.208986437499439,13.515241912243747,3.217838026464884,0.027796961524503193,8.50415431450443,3.0058662928149076,-56.889883196691706,3.8912942248438256,-2.0950740259102028,-83.77505317385807,0.03816138840847336,-0.02581589514621538,0.05162257252152014,0.49951622971992865,0.883024656625703,street_level
13.613725133257288,38.968391136626934,6.911601199821101,0.19233368106208468,14.469918483636278,3.6445141135808052,-72.33062925911774,12.363204380482697,-0.23860113351171286,-79.5270903672506,0.4859221158191964,-0.014022600643486233,-1.435222331363061,1.856532762648906,0.6459313568755991,street_level
24.8892330431646,59.755408263225085,23.588594490668314,0.416087178887516,6.686521121384636,-8.064981279829867,-69.91522838949885,6.413566071166068,-0.8100257946290563,-76.97081044294235,0.23194084854054992,0.05277589552005357,-1.5165181784547332,3.9675309287414278,0.6746812876557284,underground
42.37675379505761,77.51166081259072,19.392491762902917,0.4619632898484364,6.863626510413706,-8.509857288397043,-68.74479025635351,9.09123329345906,-7.480741634087819,-80.3270116242156,0.3235918829796979,0.07960776111249993,-2.647718363350417,0.8237347584726451,0.6266060889055388,underground
33.075629670780785,30.010096223590907,10.090082367514887,0.22841175254938895,13.078419720793793,-0.6750659201286062,-75.5978602016761,6.886618770432787,-2.5232796885650552,-79.9059110437962,-0.08999325434684631,-0.026424393080367738,-1.2149039825777281,0.023820234200828017,0.5364412982434726,street_level
29.39963890323678,34.2477426695926,8.969674442658448,0.17980860220328365,16.816722311810313,1.5515565000621558,-62.4050831011032,7.967947420170269,1.827366327457299,-62.19689278036448,0.0981332778067602,0.012885805720994466,-0.027759857713160585,1.4650208929761226,0.7044420025093578,street_level
19.214069161832427,51.544338092386894,20.315778597321213,0.23563390419763638,10.681507524685756,2.6809750772998786,-67.17725507644408,5.908238066918376,-3.536211277847345,-58.361222442824804,0.08722020202853059,0.018118490314292773,-0.6171969247624047,0.3032284316261069,0.8111604599479252,street_level
20.79195361762789,70.1792918530567,31.00563959512203,0.3443342641391157,3.793617995252708,-7.48397452578437,-56.23554072498142,11.939025370515706,4.940735913996807,-88.02948117860944,-0.3249845390654251,-0.1812391968331707,7.536882367019486,6.701120611211001,0.9103980374701566,above
25.30421322672298,45.61713349412085,18.128881371776046,0.29730669558235395,13.157076912296896,-2.1291016744909887,-69.02371605902798,11.484469221609864,-2.027443663749942,-73.83796410342316,0.09557532892172318,0.038852498993511606,-0.6622473330012625,0.1952668460082445,0.8084761632594986,street_level
30.706343318779716,76.7993673534861,19.495163646163792,0.5378679767395866,4.553292196601916,-9.170475188963879,-70.17324504103274,5.417431708431087,-3.4583280965413916,-61.676575551642074,0.6133436453478707,0.11604329351668893,-1.990556916338451,2.0357778665977957,0.8419208772800665,underground
16.013066232327954,67.71223670855025,11.104206165393846,0.3345047541294928,13.690863301960633,-1.5021997787890538,-60.90512673839818,7.594224822856991,-3.269359264331573,-91.7436717981981,0.1532145297051984,0.08877036719992626,-3.458346438464525,3.9454936892083383,0.913078562729369,underground
34.30452510053807,56.726197291359796,13.095144097371296,0.2721109880305458,23.075135507613545,-2.054572739232153,-77.42887255064365,11.779259250008627,-3.3399259102164667,-71.80667251919353,-0.023688332710436924,0.009610403651215634,0.8197481380981424,0.851241738797021,0.6442649678336287,street_level
40.33705486884123,34.09467058463342,26.849079720445417,0.44453939220389327,10.990430722776253,5.171044872699898,-74.93326412731497,7.558144102376598,2.5243852672107483,-80.31386810000453,-0.7759149349499886,-0.1639912096453232,6.092405301610316,4.38614277940316,0.4047975642567393,above
31.79315928062356,67.08518000698194,24.39911071408222,0.5193862481552665,11.52686400079719,-8.54767693820099,-75.41043487502853,3.6831224245961844,-1.287877501107972,-82.16661434223455,0.622381660033078,0.11425565570033372,-1.014571747525336,3.406025362784196,0.8431365007050149,underground
27.74448159703809,69.24859219256992,20.74775542343356,0.3212333161278975,6.359592198002147,-11.907369699827953,-61.806396538385975,8.559194006249552,-7.163577030270159,-87.11097971322314,0.4825599077817436,0.11622596290117249,-1.1566145380478732,2.8270946482815384,0.42473684003481044,underground
11.899167571510503,11.7497196070046,5.293519878930114,0.1252901913981058,15.888657063863945,1.7259262925337708,-55.64265749256988,7.764329001825438,0.23978588078442087,-82.65691513065924,-0.003157184222744358,-0.016492735826199804,-0.13435384839953712,0.5489269931133606,0.743371514305931,street_level
35.37298660172405,97.09828826695144,70.57530189690486,0.8452186325316562,9.232991024495472,-18.717233451122848,-60.46416472171852,6.968474208140324,-0.8497976744487836,-69.61272416349274,0.25950106099569886,0.14714448019407425,-6.315312673423531,4.146610172538348,0.7444771521450039,underground
29.737763952757145,50.33995697850699,14.09107909756159,0.46457446388523327,9.455375934798184,2.088041391038413,-76.62775510267016,4.101079347070499,0.938698249624208,-91.18973218404878,-0.5897186313288375,-0.10810644784953502,5.793733227640247,1.8583515955493348,0.6909216852181748,above
32.802025558412346,55.26577781243232,28.515627659275253,0.47191336396998607,7.308318489273016,-14.889700969419415,-72.07533761705004,3.7019830278149586,-5.366371179794818,-93.8537984217517,1.120142158397566,0.17447186186779995,-4.10718170467585,7.5375421270632375,0.5050887945437215,underground
73.42958759108924,58.69742382618759,46.6546087919525,0.78443855079287,9.243670521855055,-8.729521401138236,-68.64393190997839,3.599033213010899,0.7432744992211706,-76.45915346724243,1.237334638639806,0.15342671271265954,-3.2161574875750283,6.327174031154097,0.772928262242905,underground
11.225119731222215,15.977178975114903,1.1354215597257562,0.10004801275421386,18.567924316228847,2.9229196427565878,-71.98774119119572,8.788134773132843,0.25683670463988983,-80.73131094642926,0.05545489180705071,0.013993534585034897,-0.06079267805746824,0.7360424590141987,0.6621988010707524,street_level
17.86109974994526,59.64495349039032,16.131113126813442,0.2045393258690178,19.961035122317476,0.6464409792517012,-56.54116305802178,8.447788820074914,-3.0952330781197066,-60.82568371769359,0.08295540023226905,0.025039589927786904,0.6819157328188363,1.9421566932974763,0.7345936205569118,street_level
20.922382413366527,34.95315666712534,8.918133253699375,0.24825396977718517,10.78097404386326,0.4461344037979895,-76.03802199666184,7.060148253551491,1.011040872591673,-55.10932624551574,0.09932846384213867,-0.01305897470526603,0.060567725777064485,0.5342725643625073,0.812401215436958,street_level
4.441554754382867,9.361300551744176,4.764146093072673,0.05837865933755522,22.69054464018299,0.9199774708234587,-45.011595081628194,8.784218793933666,2.5695521203300364,-65.74171128889107,-0.10345387671635076,0.011357814785259407,-0.4945044400882218,0.6931481141613232,0.7621404245730804,street_level
8.426273944718744,10.001360543147028,1.3004881967589528,0.010769669112472952,24.066185135931857,-0.26595980908969885,-48.961463586150145,4.554259417031753,0.14013150575312405,-57.551484560442056,-0.066719918557876,0.02818286447511057,0.44416978581955535,0.24207850427210398,0.5760383290307662,street_level
34.0909242892449,64.31442294530757,38.86013993453943,0.3300905675201188,5.996484496791191,0.18362843387581762,-73.37852858659092,8.718206443346997,-5.592434139174339,-60.91459682566772,0.466567011014115,0.04722680485974709,-0.9793426032029751,3.666742938548868,0.6126620927469296,underground
11.625813117271559,8.428903010399694,2.3497108456845894,0.14871179192216846,15.56507776609007,-0.7578113116681235,-65.54601411486678,7.833298469625607,-2.175202244590615,-58.63888959002212,-0.07417249863922294,-0.00017316812695400072,0.27286601848684844,0.40745222145597854,0.8584704500921359,street_level
20.252508178962398,47.69071959081647,24.17996815237557,0.16473346126603428,11.191451639648488,0.36976176555110296,-68.24856516712524,11.24394886484599,3.957388285515476,-78.23147866176083,0.013270173825906659,0.022029287190928733,1.278501406750253,0.7268441942198396,0.7245795330379758,street_level
23.38755703142747,30.572520703452128,14.76302904531846,0.18114714897187373,16.064000618459648,3.8839961473724802,-60.07717180963208,7.043590787874301,-0.4624512616920735,-56.91334430952304,0.5529919839531492,0.03512385768909726,-4.807569149169748,4.888225851662824,0.48557568754721636,street_level
73.48076904612022,91.62043594790113,38.125311102886386,0.5361322430114511,0.17855021362357504,-5.10495336090511,-81.64578512278533,5.16535319448998,-7.275307103154095,-72.17657970260032,0.6844023347666838,0.04571391758378442,-1.5470945595242034,4.136442690630631,0.7349482022610367,underground
9.80507253337441,17.023605399426657,1.4205742153196013,0.004020579030333621,18.844797596314805,-0.6278342024753671,-47.74271653299951,5.285005207793505,2.8818996805955823,-69.96177717599302,-0.1037453041240462,-0.02534895138832014,0.07040482774952839,0.279925764126416,0.8770532943995214,street_level
45.158248171073,49.50434500163671,33.990293983436935,0.9074510772070158,4.846294353187089,0.9864725461211279,-66.04022612979287,7.46282573246566,-9.904628850013136,-92.31294989120185,0.579588473868984,0.08821818786655636,-2.9517566309814613,3.893292527738777,0.6598184103987015,underground
41.88920624548864,74.17799047829382,37.36818435306007,0.8128365969651672,6.320810857540501,-17.334302138255737,-69.52088135462708,5.226450470194561,-7.786245247896044,-86.96238468421342,0.877485218090456,0.24607853165841068,-1.9592385322287615,5.578743425715686,0.7575856290103333,underground
24.48374043825228,39.40390545812515,13.11937496076824,0.4336037945356468,16.406026835913522,-3.5949943613351296,-82.93480838704532,5.443887161126467,1.9770283235448272,-87.15342169526758,-1.3708838273573478,-0.1920346014025046,2.714070290006595,6.244941284260922,0.47040260335368417,above
59.632015661486385,64.77644331470049,30.095202669677974,0.645169675999011,2.2429583093557905,-15.259946549753346,-82.68951478437143,1.1421561086531078,-5.250256778245824,-73.26819283780011,0.4484429447837985,0.2051698525813275,-6.495233797752341,3.512679923921155,0.9727798535077112,underground
65.81291380261496,70.94187916597339,45.89397409562585,0.8201477761822851,9.760542958359828,-17.275740162174266,-62.02453048553279,0.7333863213550424,-4.032916448623083,-66.24585656582222,0.8192491177082591,0.14904426848801525,-4.720901237444663,5.6859678193158585,0.4926043222331635,underground
28.398552015357126,21.153340985423924,13.292956704553097,0.25377503541218016,14.286047931078016,-3.1287526005962443,-59.62917242881633,8.060369700898274,2.0278421729474054,-63.084540876257606,-0.026104662353625685,-0.0037536869446576464,-1.1932552306030266,0.9933182588035341,0.7748014307783624,street_level
15.483868238348197,65.2847675971455,26.448824183380825,0.20710029099594807,3.7966080796011337,-3.4343675167876206,-88.9682156345907,4.146450707966552,-0.43109206703293257,-76.01989219194475,0.20135548197488792,0.09848127890209042,-3.758471736806261,2.8635634812017887,0.8173867504443884,underground
77.37466804012058,105.43351719834801,79.95240813040601,0.7052192943100364,6.15039404294717,-5.162392241328648,-60.48558610236168,5.424438053306521,-8.343191167151947,-81.72334264400567,1.1872539057207927,0.07073964317338576,-5.258067304406567,2.6003398819458456,0.4378795899642197,underground
52.43498107718092,88.12508754746845,31.211534822357763,0.4009162679481231,6.336099846512556,-3.9918819796196487,-82.77735223888949,3.7323220827566637,-11.233038976715498,-70.87035645151832,1.3718486009221038,0.09663349473545815,-5.350472160242836,4.2956114263202885,0.6958342351286112,underground
82.57883283603377,44.281678015605706,22.35624003060287,0.521028588957062,3.868584417362859,-4.3388291487028035,-85.56932053984734,2.8750875022534927,-2.8452184820324433,-83.80293032061762,0.46321888393281596,0.24122255894414185,-6.565984901950506,4.355658755414439,0.5401268419046314,underground
33.567868338147704,102.62401311026304,69.86585050349262,0.9798043500681984,2.4621680407046718,-15.997915899191398,-66.3384532875026,4.388621962670139,-4.0694006934310565,-93.20138537949117,1.4546808966642262,0.0884593606879548,-7.534532715172988,1.654466477457139,0.7642223833478765,underground
32.94268618504618,92.88360781264224,38.6821628751474,0.9967017692852043,0.5900647111424473,-7.713838485356604,-83.70643048995818,0.32574472498747387,1.0454435485362819,-94.36354631889166,0.3007568581818708,0.24026998324877216,-7.345962325834968,1.8825208032189473,0.9398612026986023,underground
42.12316163416199,55.106379311190466,26.493563648606674,0.3423888061010446,16.172239530275235,3.8219168433291557,-79.87234071840977,3.0507378174208055,-5.14286798421449,-64.47766370349487,-1.284679202962376,-0.12128965087799345,3.538332940633187,4.737446929511119,0.49786673716126945,above
10.0840549688403,33.909437136219694,7.75278893246755,0.17031271275416138,17.3207124441672,1.3229088785165057,-69.04130827940139,3.9280415841403213,-2.1292335652247236,-73.71556350841584,-0.06549601219993095,0.09653402814964077,0.6429502219325851,3.822823009967447,0.6734603713536707,street_level
27.728122680217812,23.855518691544788,17.327591926867626,0.34265340008583567,11.005950074715486,-0.7329611830508309,-71.45201432492993,6.2572698140027905,-3.764207132280835,-84.71138099995575,-0.0663441430387724,-0.020831630839998137,-1.280726188275605,0.3309078566567749,0.7111117203509039,street_level
5.646768098358115,12.521758882709669,0.22526227163853418,0.003936985011355837,17.132556438253985,1.6931476452831156,-49.76564064292087,5.206220871869158,2.2477957611618242,-65.81118742435697,0.06642950470036404,-0.015541648455793429,-0.43997400416080357,0.7388275877991086,0.5522332265674048,street_level
7.896114547521211,13.659837638079253,5.636284713139511,0.07084525177725444,16.34033979859516,-0.3962315762166808,-70.53778247902325,11.552582321088272,0.06776469363958659,-80.3380150287969,0.07116558213371926,-0.010734046838438597,-0.03242819963416266,0.5786087495973601,0.5109736952686765,street_level
18.593642794364094,46.13304185839307,20.97556634638257,0.3799016495993547,3.2097187980408814,-3.161346934498832,-81.78196132567942,5.494508074670026,-6.755489480852473,-83.95962229424623,0.26999120620661543,0.1090280993100073,-1.152305112642071,1.6873584536075599,0.8771545105882252,underground
17.896175514511576,27.570974562242544,15.033199105414813,0.31687722083950387,10.250821743265046,-1.7051131948822764,-52.979364404443,9.395643419307977,0.26447327172552093,-81.72353947434257,0.02139772935515455,-0.027779701670443725,-0.5069091562363376,0.18179745776323486,0.5891716156095061,street_level
25.35770297759082,51.61022790344134,15.406482708652625,0.1277610096050648,10.71793817508221,3.1570270533018157,-80.8491961375726,2.6765419622081126,-0.5697447635132589,-68.91200809734434,-1.22760379393242,-0.19340339998271996,7.0503614034655175,4.475547596203807,0.6089523509334122,above
4.1835233402301215,13.014289983313937,5.353587022610697,0.02520471459667335,18.13698696691388,1.0506661897258622,-55.37724006750386,5.467702119372786,2.6568076497048336,-76.02579757322263,0.13811720120083495,-0.02304560067960505,0.38103179282883093,0.10865330825496154,0.7307274292738917,street_level
12.601773022789626,47.46454328380507,21.6494899963896,0.1618242784557726,10.4702561306122,-4.255084044527656,-58.48262472069023,11.648165316854861,2.02541576942399,-82.25489458325556,-0.03186689277990748,0.004439982432165347,-0.5996912160261373,0.418987677602199,0.9998824752975153,street_level
4.016922109816827,17.838885769071013,0.06609051102517083,0.10895410223547389,21.055206450663817,-2.0965913171608364,-74.99514422220093,2.3313238993882073,1.8207330250568354,-61.77735073469539,-0.06070166620856246,-0.004283945491327185,-0.03619604599485382,0.40246081181618715,0.8257557161775979,street_level
9.554747231221596,25.562913631778148,14.18221160707544,0.06142405156628607,17.45923803668346,2.7567325940766256,-75.7637056013337,12.370078178729806,1.4830088281334515,-74.78178191259815,-0.28505116879278813,-0.04291173674012319,5.250901908686366,5.54901898133082,0.8753372416420218,street_level
25.57462091445884,37.459836473492125,16.122897849659665,0.24599097666729688,14.878828154605472,4.284726244106764,-63.48044438293472,5.887987188982013,-1.7224472089844198,-72.71502529941944,0.1339120538225628,0.02726623856040338,-0.2838730929677027,0.25114373748075836,0.6068500896820863,street_level
8.91502016696282,17.05950307618778,0.07131356287803214,0.14561068108463152,8.202584109475204,-3.879953552497895,-63.57720551227791,4.891698539477355,-2.000620079570771,-82.84539146632247,0.08638804678491824,-0.01069880813654387,-0.48172785579619903,0.4464134338396152,0.7823086102425907,street_level
9.571676145465965,25.70581448619715,13.540595283573863,0.114412757627382,10.44593651168424,0.887275058388715,-58.82734196088146,7.781023979464902,-2.3498060207529843,-78.22731491361321,0.48904360821774606,0.013812363983276857,3.093509299889261,4.050103101666928,0.5887048361877867,street_level
36.28342414990024,61.48429081876345,74.8554797609557,0.8760487256916629,0.679567395952192,-7.853260808161757,-89.79596920565541,7.069285688928171,-9.980034246829394,-71.28911816670475,0.2716753950210353,0.1578346071273943,-4.361275010391054,3.809577723358215,0.9794789291101524,underground
8.827482273104946,9.009586471432106,4.925541410423062,0.02556961535174813,18.10310672440105,-3.3323740442396046,-62.35179469971563,6.751901904596144,-1.2274599782641433,-75.33896606133987,-0.1342957588194232,0.025546159775376123,0.33079111733800426,0.7976013538239273,0.930032320070045,street_level
7.91101911240705,14.518545150544163,2.352064183306643,0.09661057230115871,13.846558870052226,-1.4435527281369742,-46.17714313668084,3.981756927446612,1.2102448037365479,-53.886059026115575,0.07788359266430081,0.01776990648086635,0.39452240261102356,0.7113864612719873,0.8606968410072504,street_level
31.811990491025828,57.15326116649433,32.8468778363095,0.55310886023283,14.112453482396562,-8.445271876664915,-87.94147024886996,5.102737088807197,-4.23843766457121,-82.52732208337906,0.4065139008809403,0.0709290707348739,-1.7173406351710017,2.8393904061894792,0.9411592666026366,underground
6.675288479860278,13.646966781945544,2.7648817586392633,0.04885724762697011,23.96040581983293,1.8493019474901669,-56.641895676835574,5.7773318927088315,-2.3842676117382773,-77.31886112227406,-0.017706200639817454,-0.022758997967353947,0.10430914697122551,0.4224158668615241,0.5524168013639119,street_level
9.65033872675544,15.106628297922407,5.295465198956306,0.03212261771386743,20.98576709243148,1.526486834398546,-54.92698678515251,11.413697240785302,-2.5259875633322633,-76.12165383670926,-0.07900387387233561,0.016744300412468313,-0.07364441026587087,0.32223850061860865,0.6309370539110867,street_level
5.642295300606693,9.35870157831536,4.704802555913991,0.04945516268046422,20.287994351470346,-3.6500582483116917,-66.92720905803777,9.55079796451638,0.9803397050168234,-81.76467694018808,-0.04863272686412713,0.014510733248523873,0.19082089441561279,0.4210650561594411,0.650503008582909,street_level
8.754320863741139,14.775139126807556,0.10773330051507957,0.11120666168074704,11.461286944598442,3.275646006107353,-58.955437653956224,7.807400707991354,-0.7213931272318481,-63.33667100371471,0.07757089168180462,0.013774017892307922,0.09330824196533916,0.17500915231737652,0.8023563931817872,street_level
42.599739450461094,44.304817607859405,21.67791706670537,0.5747462166789122,5.568910559438598,-5.221532662307988,-59.95691649772901,1.0610397840508876,0.49225857606428747,-91.15417231543327,0.2823963048056884,0.11694825487565927,-3.464654435755979,1.002653082295649,0.9270770602129864,underground
84.71836110998473,110.84513410591865,38.04812053690691,0.7801726675895868,4.035344415529078,-3.7854354184384533,-84.91660543668658,3.892758929603069,-5.026461139804091,-66.69745843441426,0.5233760465015724,0.05930338280192931,-6.667500422138615,3.6670556139964443,0.9029491720099722,underground
12.353095512971006,40.73068066266002,15.436551309970945,0.09871920004786236,20.186108501707086,1.547624231086993,-58.75009376687939,10.818066839506784,-0.3874110475986652,-73.8957807220072,0.40739495474384513,-0.06585324807595697,-0.9168735847495153,1.5626424733747486,0.8626606377747753,street_level
25.297028559539676,79.49760007745238,54.1977762035499,0.8181259524328776,4.949376415484491,2.3619636091852705,-88.24114514942636,5.351818389566168,-2.8138015353166033,-67.57778382245024,1.3481333509974462,0.2413740695108805,-7.8711980155157475,1.57473711334773,0.9014592165742972,underground
14.53127577090045,37.18706732396017,29.737326986539546,0.20892886681435696,7.994812645292868,4.089244017283182,-70.2802582203294,11.453846423778318,-0.6711127580578342,-86.22135924182922,-0.7873621126758953,-0.18658888496169007,4.3621928019859215,7.681302932899731,0.9013802227812892,above
18.16871963594484,34.15862570148026,22.04554562504044,0.2683185900031012,24.215694285148288,4.0765261135560475,-65.66234034674225,8.530995435759543,0.3370613539555789,-70.76764422105656,-0.0309388870698957,0.03460801012961941,1.0045550541114006,0.5449570627712417,0.5074307422138095,street_level
11.416378117772009,12.757717211651034,1.0593743655912096,0.062297850283292835,23.669961136846624,1.6116093742715965,-55.244543424080646,5.452828725550644,-1.583298446225653,-72.51130794237376,-0.07346905580062138,0.0064767803190873,0.22238801732808422,0.7097250196608232,0.6030640110249135,street_level
20.3814120330129,51.73466652967012,22.543895900085268,0.2291403709810172,10.061045180354993,0.9388370438999205,-76.27932842917363,9.015907527790462,-1.9060128593187384,-60.10678035059267,0.02632056119760695,0.0013939672467069633,0.6103422112264139,1.9643545095854085,0.9926518149461472,street_level
25.0594024906273,51.677524805298475,24.00528592368202,0.5443436233796037,9.06870581893798,-0.4069898093019333,-81.06697870921559,5.8430439456034655,-6.5547025928435385,-75.84973468216117,0.5634683908011928,0.028131516989947574,-3.0040441868872643,1.085777758535442,0.8567634047933232,underground
27.39423140033734,45.30676537521956,11.782176797146827,0.24354295800777476,22.69660902657543,-2.49979332701428,-60.53208387358239,3.330627749592043,2.0104591909215532,-65.79924398964272,-0.06599084701233308,0.014311945680302952,1.0049835184619935,1.2918724877867729,0.5801477132510959,street_level
35.50327737535052,50.870676979288014,34.38717224286285,0.34901752239430317,10.808211153549644,-7.0982611309044,-60.21545240439109,9.071049371708261,-6.852182937538249,-63.82177214423773,0.574544143253558,0.03718487817595627,-2.304563380408691,0.9849232969629835,0.6450371137738335,underground
18.063664415191486,56.78766979562684,17.65050122666389,0.31415461781986753,14.78964664875388,-0.7700745682078347,-50.83525977297506,9.873612006432957,-1.7177426280018588,-67.31049232915792,0.06121319231764355,-0.005715531572908581,-0.3798358481589428,1.6825062862395943,0.912247903915848,street_level
71.26458793029403,83.87689806116765,27.09939217333085,0.5379655438004399,4.544142803063794,-7.335404035791301,-74.68881865782032,1.477760196103139,-1.169706691197998,-82.16565422666963,0.2729172008470012,0.10151604202900912,-6.017424281765584,4.2605170404787,0.4123068687899874,underground
87.45760873377507,100.59240310484134,61.91375411960549,0.8026580669666508,1.3124909866965528,-2.7581533961921565,-76.28272681015207,3.7793357764649285,-2.918194384050512,-86.9972443968408,0.629450175580283,0.062020630062657345,-1.660727634518012,2.408850653764429,0.5280118501242018,underground
37.05744823601768,58.26982128093182,31.198795937907164,0.23211118293623578,5.349009748213249,-3.3118381355865747,-65.07947518840334,2.2921248730127854,3.911590042253213,-69.37586318818558,-0.39927086952302093,-0.1803162871213421,7.594507652430386,2.6435986515279777,0.8878516927791574,above
6.020072745537136,13.37386097628929,5.088048146778925,0.039478197966441704,20.68666957821442,3.274226028449166,-67.21649971324678,11.628205072112863,-0.658768672416207,-72.97200418902612,0.050649591610512135,0.02779595027165563,-0.1072253340014917,0.4959705126300944,0.607690022645566,street_level
39.16436939689294,69.69407031118831,16.870350053316272,0.22009987503834935,3.179803777507623,-1.7067148770636233,-78.33930354393732,6.107064392986967,-5.72843529930737,-80.7730623337309,0.4504397667477472,0.11521257053274976,-2.078464686515516,2.7640005392152003,0.47813867076030736,underground
6.838137746507379,8.310944512925296,1.962973037391112,0.07928515956961325,23.020617693577723,-2.9479093361520894,-52.429042367699985,10.170414762089544,2.8230638073542806,-50.62248100653405,0.019516994884160366,0.004371536915155121,-0.20397082693645074,0.35968730771254187,0.5977893323213035,street_level
17.85861777205028,37.839888895587265,15.149313016216517,0.09786577344099429,18.642123194683016,2.3595920302680478,-57.55408180427055,3.521165678374857,-2.1901688995622424,-78.6508407171097,-0.05247327755047293,0.08742124188502548,5.265006591063237,3.907921115197525,0.8110559541637602,street_level
7.678920712210962,11.743768969454164,5.77896024700661,0.04128846800333797,22.175869999115573,2.21937300687817,-70.60722829944501,8.656256920156965,0.7088822744348362,-57.85470508303159,0.021816535018507777,-0.0052259847307608576,-0.25417613921777327,0.02627391138170765,0.5906995813510628,street_level
43.33732263578331,99.1682204484293,66.67341805552022,0.8624064051063303,4.664740951299173,-17.09855400611066,-63.61945967646497,3.4394264536073162,-9.303164733947643,-93.20621869807415,0.5844515175808895,0.24294908634925552,-5.2343645224421405,7.094817223612124,0.9725804179604702,underground
19.82680164048356,46.40137787295294,22.84182669630567,0.1452261980807036,14.816051839126326,-2.20948560251798,-60.77716233195578,4.010899622630017,0.41364230165756855,-77.09696534466684,0.06483314133520185,-0.006315939050478354,1.3473597108589273,1.6254803393478918,0.7415876316916177,street_level
44.2977420054638,99.22623820793007,41.27799208835897,0.9996349992945657,9.433890190612116,1.5323292671668547,-67.44021934278345,3.6155012527677917,-7.106210619637982,-84.09994434756594,1.2879888316153276,0.05501458215371314,-2.55804053586312,7.511469481231867,0.6702860432711988,underground
89.49377672889656,99.67322534444196,44.187694147828154,0.7581237034535707,7.663746690276131,-16.56419704241884,-74.71162919892669,0.4306287064202392,-0.7527844584475609,-93.24583300982609,0.7131774622910646,0.05328806732225266,-4.261285166117755,6.157974555959674,0.5516818747273438,underground
12.74031710773613,36.40384941931892,9.038782783991074,0.0916029933778841,15.949282304769316,-2.1924361940609156,-56.967078568285984,8.350880295121698,0.06685439607631194,-64.98683832768083,0.6019648361415981,-0.08410506707421145,-0.911559580272101,1.207032513968759,0.5629583405082408,street_level
36.31589009362947,112.45368872953817,56.46914568453545,0.5019768100083339,2.8573585512043396,-4.39628602094519,-70.5093248340136,5.945713753086717,1.896075925050285,-71.3183792685405,0.5786393161928504,0.1785858573192012,-7.39087410709576,2.5649338920199964,0.9240970046731253,underground
6.149717580846723,13.228158154166657,2.964514719271974,0.13965031840586367,8.756790302011776,-1.3168560097607704,-62.79925915198639,3.639074495566347,-2.0736428573410217,-75.77098411881862,-0.03730222722355234,-0.007170956879645821,0.01714995968288724,0.756027555105992,0.9740963086476369,street_level
4.09394421197394,15.006519715766455,1.026774846056209,0.06484727564855385,15.049479469542659,2.1471787169333894,-52.216095080219674,6.04932690726206,-0.2579472514826948,-81.4127344298018,0.1487555153622044,-0.01986622056123119,0.28836892818421345,0.13477677571867358,0.7525960158780309,street_level
11.181581749954685,17.562977235328447,2.782533489730998,0.11580021916194727,14.149378059679133,2.971107926683434,-67.99093889852257,5.255591321027602,-0.7587981699420521,-71.62804168930693,0.07888550142261377,0.017805805089896223,0.06592280901465752,0.002426079505154455,0.5661700571968018,street_level
8.05267064825093,10.927124641623477,5.2823596002933595,0.022329101811179884,10.130941187803568,3.2178383937039188,-66.76631146055453,3.5181223491664353,-2.497896579174873,-67.1439040903966,0.03226317237532925,-0.01136423556412123,0.12660339320260872,0.582747359176888,0.6613953619893087,street_level
11.057346385076757,12.192438594554314,2.625312596651576,0.12667169189992383,16.799259757122012,-0.4642383449878258,-46.58772180442135,11.81106345246354,1.5417598875782499,-84.63144518667619,0.14650356169365833,-0.023128526002940315,0.15476476019972596,0.29806188816893864,0.8450118290319386,street_level
20.830459496952066,20.209492139556655,17.307438408426158,0.19924686671181252,15.284338482260278,2.074219644952878,-60.68720022451673,5.048293559535154,1.3952840386320693,-56.29061753133692,-0.0009516460780458758,-0.025800173912013995,-0.6324662526934174,1.5532506499398135,0.55494439522771,street_level
8.464432971914142,15.300434120981286,2.9166518411084175,0.09588268093594148,20.909531975414296,-1.3206069059966223,-46.287692876612894,5.213484470494259,-1.4332755919765403,-53.53651161151487,-0.11909980004016488,0.0097099557448376,0.2690321278551555,0.14203364235643276,0.8497729205612428,street_level
24.31472247638106,94.82641271469672,64.34812175912685,0.355471566363672,1.1294068980085903,0.5246893017038943,-72.70214921850369,7.713989863027429,-11.172806867311284,-75.81854254605629,1.2492260869316518,0.04298050366539458,-3.6657819294569105,4.833051000790065,0.5924367667863564,underground
44.63918919735355,72.94619291878436,8.677330866489225,0.259180914140695,8.297090795695402,-4.724990162179643,-55.73910417226446,9.964643218489972,0.8071234373937353,-69.73557921889584,-0.5089892716366655,-0.24915795018250636,5.842445299009362,7.029266909658053,0.9665754113827572,above
9.784323289981081,14.068937631121663,1.6626578128217693,0.11514474155271862,11.856882517746424,-2.3480913001237207,-55.02899063216092,2.6168306407899804,-2.846761666391111,-67.86442561542967,0.03901110269443364,0.011973015611180811,-0.2880243303730188,0.5837784610011219,0.7601781461962491,street_level
11.7627626379019,17.14190862503794,1.8268181324203239,0.02929099344614397,22.606665368163274,0.48219043872723866,-70.67634326988184,7.632715047771214,-0.6617499298089671,-69.19188578253085,0.06545647379216063,-0.007460492186926852,0.39506130380956306,0.5835695207163454,0.7352084114612076,street_level
11.04753584358593,15.985205410852538,8.045575410657786,0.11425422874176959,26.878113319698517,-0.8927112674109887,-54.21898767614442,4.464146398512007,-1.9687929818666858,-63.1364290041464,0.3731449760892229,-0.028286558473015574,3.5718265036718666,5.0330928393532774,0.7949041392649687,street_level
8.469632092664824,18.466213623861044,4.2965092926892545,0.11013258182617655,17.579065617701737,-1.9895941123016785,-75.35264948368517,10.682366186722042,-1.9948248713242969,-73.36780392405825,-0.21638444729936157,0.027363679959962778,1.9621777224346886,3.1855655752103353,0.4750514288409046,street_level
6.892047339145278,17.714542475212472,4.930452457312817,0.12951665345198982,12.567729399037017,-0.8753045973940843,-51.84170149469314,8.327512519555427,1.5016655189758499,-55.068946798527875,0.042146305385024924,-0.006309026005913928,-0.1674705983830309,0.19775244955570992,0.786130209386547,street_level
8.586359785085337,17.621466379548366,4.343085912339271,0.14213815029534824,13.129513215614347,2.1955620605335584,-56.450561550939696,9.640368555603624,0.8148780513365992,-69.95779676585403,0.04224794309942129,-0.027264106949208278,0.47818405663196284,0.13967186828190323,0.7088861713475891,street_level
33.51169748430464,68.31247445726878,38.43854328023683,0.2560564338248854,10.937605033877535,-1.0359514235828087,-70.74924608044287,1.4176875378701497,-3.5724902180655054,-66.90142348732286,0.6435896523670694,0.03981408857551025,-2.506790630786339,1.285434598226356,0.8919075827903269,underground
25.786482795697086,21.59891699631006,13.600223735498155,0.24222504413169524,23.90302542168168,0.3738471019857439,-56.60634997919199,11.032276089220169,-0.8284721424805763,-80.92949669229526,-0.01689434841428783,-0.008755501739742988,0.2057320146480206,1.4497548836383285,0.8835428044666258,street_level
17.61805149900254,41.08464621460817,33.78912920766432,0.4209648170895368,12.979139071322509,1.9591928261391462,-79.56644450803543,9.608354865757287,-7.723012006001484,-80.09627805143477,0.527989730988596,0.10818067693370169,-1.3741078368233364,3.6992071834434617,0.6548500243700477,underground
23.011760762807942,32.76635586564693,16.888612692780406,0.1195026901631308,12.647531892731031,-2.258865607213848,-69.1196899419819,12.612206191344308,-0.6760432177043336,-79.58835661610465,-0.7883051812004448,-0.07304790141729565,-2.5705529799716365,1.2430119674469078,0.7995676996977514,street_level
8.925681817243113,15.249950472951818,5.452527641313238,0.053458563350021644,19.25574820738641,-2.594145240914189,-47.276649571471246,5.819382408520548,0.07734196433887686,-84.29521659125557,0.042699647890232784,-0.02852723941559561,0.047567509653099194,0.2517393840531927,0.7329468678585516,street_level
5.828079954406184,9.314543511367864,0.6642938589537559,0.013454836606561587,14.486666072897012,-2.2250381931850214,-61.72116815332853,11.204896688652124,0.9090547457522313,-62.47316273629099,0.09816354862573001,0.021092537231160752,-0.41064493204209507,0.061137986520183235,0.7404896975282008,street_level
32.247506437570486,39.46778127532628,16.88597256231383,0.26003040296099006,16.37410884315672,-0.7909240074585444,-50.38649516006252,4.44494864653416,2.9484184193527962,-56.61936046811428,0.01373680981513263,0.01608393747468071,1.3389987774290177,1.3464258114568757,0.8851106215332505,street_level
86.7555012920817,68.06161826467648,69.79638805013278,0.626591684337438,3.0997107792308287,-0.9635485807856625,-74.67267653302525,2.2521348204019684,-11.300718041796868,-90.86021193278117,0.6973653877069932,0.21885444208336166,-7.057114653112743,3.9595079850709816,0.49178435211627325,underground
17.851523758552265,43.51833659825755,6.017117269091671,0.1613369968363771,13.85079297658707,-1.0062113038585068,-73.40328770846418,8.536633955917651,0.8842404840228166,-70.07044785074257,-0.6092746341323816,0.09788891282625556,-3.3156232346232253,5.566626178890265,0.5088936875008236,street_level
59.24608872236442,84.89360114881052,19.543965055007202,0.8155910415750848,8.396075180329342,-13.29099585190717,-62.38407508104092,5.6124567476173866,-2.6603488148759755,-65.15030271537954,1.0190501701450625,0.21708260467779203,-2.9605443261005284,3.5408646206385894,0.7722080027855229,underground
5.1389213925464015,16.632030731976453,0.9194971398604275,0.14136844404902918,19.100330598178218,-0.5009069256226111,-66.28954808919056,10.726225762521358,-0.423137859311872,-75.20638410790794,-0.1305691308745099,-0.002009100756656869,-0.19176452072022498,0.26477695029580295,0.710608332699272,street_level
39.468515626835924,27.925283571594285,25.491132104013634,0.42526441054614916,3.4155707816531997,-4.572238528911407,-55.691189236822105,9.984455537944454,-5.656036854757537,-74.81759775843564,-1.1806454877920376,-0.04398993819685318,6.884702904988417,2.2565274300702236,0.8506244539773848,above
22.53906216160091,17.57700831994962,15.96872993025318,0.1996829609796357,18.696511052314122,-3.2219324732027985,-58.423027231737954,4.78005840321325,-1.4020655433837819,-67.13633563042966,-0.6906871047417695,0.036011129961083854,-1.1189283688159133,4.429011411693172,0.8353389185130861,street_level
48.11174031992256,85.98448622212867,55.61421335728409,0.6683241816067611,2.034289364428136,-15.234752277189699,-85.11480928335419,0.2050190081684633,-8.88835013807677,-86.0337431159375,1.4165301751462924,0.20943845633614588,-7.4226969556583295,3.2010591308245893,0.6046351131696333,underground
4.040909652186582,14.80016841173114,2.808169939248894,0.059109683098509065,11.539755002894058,1.7491707942330068,-62.290416338195165,3.167273696210984,1.534034834059434,-53.78514840918449,0.11819708278031779,-0.005820336315254051,0.2200891934228203,0.6313462060527497,0.5135546048329885,street_level
20.59450703585862,42.260323657860056,11.458257792697022,0.33443120629914697,11.33034674978557,-0.2658691480255202,-68.2971951381615,10.722494876519425,-2.788253124003174,-84.35954924882827,0.11853250127848128,0.03257785692133547,-0.3754079101361847,1.1644002380426541,0.7036939271495251,street_level
5.452717954663673,17.583101723565434,1.2775568249144098,0.08586587328160324,18.189221244389316,-1.625671075554754,-67.28194648304792,9.796451844111644,-1.7019374631996163,-60.120785517585844,0.022821187110043217,-0.01849146006210292,-0.4669252761025401,0.7910302254856107,0.7470738037212887,street_level
17.98532834200418,78.0405478329119,16.277184363801137,0.40436491453763157,15.673658845162937,-1.7295630064975152,-72.46430294361369,6.548447468697874,1.0568809087584308,-76.26532235489093,-0.5619143426207869,-0.0859057544180796,2.4945139770987597,3.1005396886036096,0.41466582540646196,above
56.81245375455705,65.49070309550953,53.59603792924455,0.8742490112745037,0.8439874519270885,-6.80329776619616,-85.17568760253441,3.05888429556669,2.464670500427678,-79.5374162972346,0.522038880556399,0.12544897541218356,-4.326681108579804,5.243679245149221,0.9834416828201797,underground
18.095988166022895,22.7554323588978,5.821988611381496,0.15610120994189028,17.467593074831775,0.9083659625830363,-53.87036379379553,4.499028132072049,-0.20017505555796689,-72.28057318183,-0.4384250563355256,0.006243380973465468,-5.734088072088654,1.39927000106404,0.6575721940128336,street_level
25.994792239569634,44.06474575442411,19.94788478636624,0.18951463133345256,3.9557817819551104,-6.487174822409464,-55.53379651539866,7.599579977120232,3.9307853063056015,-91.98788738359899,-1.0672217102763226,-0.05416900278591669,5.225841476976251,6.41830237286383,0.8230269906503342,above
30.645232350679134,78.34798351257696,30.575336375605627,0.43518010803865526,16.955339072405124,-6.145212658184577,-62.40910081957537,8.355739351716025,4.70135513390624,-82.99114007437404,-0.3874613276796599,-0.1681498264153776,7.653200732936733,7.348737736101909,0.43313115428510196,above
19.014208795159956,30.653462029992873,13.536105728775887,0.4170709838009391,4.953956982249164,-9.198499453131971,-65.72713125320433,1.249050237511824,0.12672403766965878,-75.08852830158503,0.6889625414462002,0.03401342627330692,-3.4004986348433976,2.957076947446043,0.5501608582900609,underground
23.192018616490337,30.78795775199722,7.206465490321821,0.19994025438666718,22.812403710992637,-3.590447320308278,-67.51117099019837,8.32692894624589,0.40893397307960777,-84.70996643865267,0.4357303138798343,-0.04546577381058865,2.857020285603962,5.220660467387996,0.8741169963803858,street_level
23.954768887834163,18.19397579320263,17.936225961127686,0.03904739608666026,11.367347127842894,3.1729631172590755,-57.2836854481984,11.822587048031059,2.7297269282419636,-63.16170300589617,0.4730732332581209,-0.035120668185676315,5.020748561317188,2.0944846432220756,0.5420858048497113,street_level
30.087693623111505,28.486990615013582,22.321981430003284,0.17955389322185905,11.74393583693087,-1.3081969435556995,-79.28562451948223,10.346641855854056,-0.48844293533193284,-74.45358435592695,0.16450931339148453,-0.019021794797887664,0.7815970799092504,1.8845713752819084,0.8042092027094632,street_level
9.847601362594496,16.641426109442214,1.8308597779971019,0.11174489625732596,14.459046064594116,1.7125005547993686,-56.04834758458084,5.3167256483985845,2.5115189695221574,-74.90666913083088,0.0008114636445228363,-0.0029427953766177767,0.10964857810886552,0.6987760732002052,0.511472060712076,street_level
15.133624487603614,35.420590762495095,15.957327718258657,0.36791916887037257,9.229521159237285,-5.025068275048008,-62.0377818762082,4.127921748927442,-5.335787291176055,-88.71426285199325,0.30353478533603223,0.05547782501661855,-3.744370908656056,1.707789094194439,0.8585566414801609,underground
7.401692121149578,10.880294098804661,1.3135069864376403,0.0954603042401699,23.597192448024373,2.016664922208003,-74.78083152161632,11.440721525010458,2.8143718273675864,-62.353073279342965,-0.10614982654702841,-0.010632444923846959,-0.05295749742788025,0.3328421457093163,0.9070384124006361,street_level
57.57575173342513,95.83975740261734,63.2155580833388,0.4520519962341193,6.071310677214435,-14.441300849601593,-63.00784214325197,1.146871213890475,-9.126397866832871,-91.41791436786926,0.3167970604668967,0.12139186807861935,-1.9812376653448718,4.94817888055425,0.7409527164612106,underground
7.283946588811467,8.479727321588353,4.94677383974587,0.09171213907579291,24.8374451009459,-3.58584677747481,-63.550361248240485,10.269954253710083,2.7995661312216207,-78.80264961820743,-0.1075158604763479,0.02462555739559677,0.32131098629875854,0.36104219023130507,0.6192050006126435,street_level
43.38037025542039,78.6848770870572,28.296190373496355,0.2915921186411847,7.318861677277033,-5.502071153725684,-89.84950485882298,6.40813079638909,-7.5061484785786385,-63.85471409452512,0.47686989966076043,0.1048323066057949,-1.53321439313217,3.5527705187927987,0.5812034872390737,underground
9.691761322776099,33.28249846791111,9.871933808548977,0.07500270112099118,11.617517429279305,-0.6710119217405177,-71.9385517555644,6.272758550646769,1.8945711727600418,-83.99909662046716,-0.25440799927004254,-0.0022951596301644672,-3.547624960233092,2.351680164726749,0.6714438376538313,street_level
11.827058401538208,10.411653308017844,0.7574715844012685,0.11312014894205911,23.931715317738842,-1.8533194288701784,-47.59502148103474,11.009765483075798,-0.6263526944846225,-84.403636685186,-0.09931729537776798,0.0030623700683355126,0.3839705568891638,0.1755943316372549,0.5148193642255712,street_level
33.412015867690265,61.794799794834844,38.56909285468776,0.47896360650899533,9.631515254253946,-3.8248693575707318,-75.9369319031582,1.4202043184572608,-7.486942350670571,-77.20641720797752,0.16932901171260537,0.07017709951219576,-0.9435140371895265,1.011168723956968,0.5590599079560115,underground
39.57281108725151,78.901877971181,8.51437612403015,0.3108049754376444,12.037749925357303,-1.5222025707654776,-65.34801316992363,2.8210705668547087,-3.400434593118487,-77.59255987429663,-1.133756422547525,-0.14378130985042428,5.112381687516301,4.6630003755251614,0.8679385248067202,above
6.738961348645364,13.000417426128639,3.7513926103069215,0.10435044510545759,9.2590457241329,-1.7590465102129489,-46.96662129070505,11.211765110300613,-1.1863474557178746,-79.88192601911138,0.12869934504622685,0.02432079617947551,-0.1583244815226178,0.20158507776397175,0.5739560952667693,street_level
10.262702405409433,8.400824363721242,2.0581720098104057,0.09100930142933275,20.84108125719277,-0.1845355930884356,-71.58566350775044,9.123234570074317,1.3544867788085346,-53.24056629076342,-0.08575169267379287,0.0012395982507359266,0.032598331382994394,0.5318495522243575,0.5570279510440936,street_level
20.25541797954046,49.322380811930316,13.938658247769904,0.22773227409586402,4.436725908436581,-11.977078911454466,-87.32726159122713,9.725561745332865,-3.7477263763552084,-81.39283846226488,0.6558585481374928,0.03980463013574832,-0.9644328214194644,2.8564581837713217,0.567860800340722,underground
24.8776273964512,42.7872207619787,11.636773237917335,0.2878747805678974,8.737312153701788,-0.06396209825635601,-61.77005624108786,1.3777997043304235,-3.2056344324763226,-59.495534107860905,-0.6107595821611381,-0.11427344338426026,3.28398003303266,3.2346295969450316,0.48565643039866385,above
27.901670775114397,22.679043964792378,12.904072657939297,0.33920347115470856,16.780451573947406,3.1684046630304312,-53.57658474092654,9.688389454461122,0.5198046808902097,-65.46086455672916,-0.049989688413332775,0.029310434736899878,1.1365850159300077,1.382528249241792,0.8726896388814057,street_level
19.42342532666791,15.430567173728369,13.911366659253002,0.07071282585494827,24.133161361454277,0.4808318233112221,-73.56598148018811,6.232296770788148,-0.3367482749157542,-82.37181093821096,0.036866120800021385,-0.01886987295671534,-4.221078195660984,2.4129829622035954,0.4417126976326175,street_level
40.743920675922695,49.338265256999094,49.28522564223368,0.9655685590317145,0.4284353756787329,-12.974001968185418,-69.15320164031749,1.9945321816855897,-9.204113283492106,-66.99199959239624,1.3870768777774303,0.23268409506060628,-6.646687740614194,3.2452515731334546,0.46776410294903104,underground
16.030176112313953,26.83855864077764,22.339326144742905,0.17935657447757514,8.329663018369518,-1.808991566647343,-58.95201520575141,11.789821407949539,0.3340810545697144,-67.36020080333665,-0.9069059823663693,-0.18996517407663782,2.12162029607709,5.064029254018675,0.7609333577290933,above
6.009833050563428,12.53543407560728,3.9762166281041234,0.06471727944714674,13.460767352603973,2.9637778466636506,-49.03661008499962,9.597856224660617,-1.7467053456664616,-74.60311597947313,-0.10246049839160765,-0.009590909837295967,-0.13016916732359163,0.40355291581308966,0.579731738902953,street_level
25.407895083931255,35.38866479839731,24.718050088622167,0.28974394520280444,11.105243479954604,4.791820533455837,-67.43734759324231,3.338812161743119,4.5367345938587444,-74.96758911519328,-1.1986021842490766,-0.13898122180742872,1.7809675836734467,4.7296375286955685,0.6046242367405605,above
59.05173169540767,83.32827849620486,40.88629797812699,0.6422135045197094,5.655923710796374,1.1066807625554134,-62.15006719398697,0.3077343937161725,-1.837053044494553,-88.80984437747128,0.643340806443143,0.16117489636425308,-7.215653673910143,7.7461046067578225,0.6377542068824551,underground
58.09000653873175,96.29963968268902,25.224110434876778,0.8339360329923681,0.7373434118552824,-9.021348407708402,-75.8191626442927,4.460875960423889,1.0295275575687608,-90.94631602194312,0.33464348465870564,0.15252824443363666,-3.5695317933232724,4.215652688771847,0.43565029194047455,underground
6.923721438105385,14.252944588735954,0.19796164042494646,0.012740186873173581,8.657546072018446,0.7355804442614522,-54.622768286895294,3.923319946435421,0.0886065841953898,-71.36308133666363,0.14705324401561268,0.02943337099438855,-0.41849606682853246,0.19944531882034414,0.6229194957972479,street_level
66.74805711525019,42.09366793721632,31.769907994474625,0.43186879426986485,1.0043178695503774,-15.252941287001812,-73.56178467488995,0.6317212348208496,-0.5602208757937159,-67.97465686362283,1.2140306213780474,0.2094498559614508,-4.936565089427682,5.431202731665085,0.42732171938972197,underground
11.589758512964938,27.01874579513273,5.448763183595581,0.19322026174302975,14.082675437367527,-1.5383000563195255,-54.703860719847704,3.909892430064679,2.4052718796815773,-66.12943563079759,0.45787156527236705,-0.05703094402898894,-1.5597110929719165,5.713636105474838,0.5584084451656199,street_level
42.91705385580663,74.34124797104752,33.954626340909115,0.46422775264440663,11.800510270064509,0.0743808047949237,-76.8366069581419,5.2329637220522125,0.9235240077252103,-61.58603019759033,-1.270089227489421,-0.1463596090129105,7.938316267457987,3.349345751604834,0.7123386069297225,above
68.85097924911912,96.94094232946071,50.21921145061734,0.4439984317916639,3.7442797153529597,-3.928882261821286,-74.25158012652095,1.3181108960310723,0.960261188859036,-91.11332257331524,1.1381122359669322,0.18566542591577276,-2.4837141646976812,1.8556542183839166,0.5070360333674495,underground
24.607589778312843,21.379400978242394,13.85324539106714,0.09110770181293425,23.489006848161097,3.9806504455694993,-61.39425438793539,12.522368588233636,1.4711336190383086,-76.97529925069782,0.5931541581062492,0.0890500207446274,-4.13777602619604,4.728849094072499,0.7675436555674455,street_level
24.941955896188517,65.67985205458328,26.899205776882265,0.2525266558082676,12.712645435251542,5.9076293262865445,-72.66268326546114,2.725164392195028,-4.728355113025046,-88.41286067926444,-1.3337469804007698,-0.1250891678568673,4.3311077865929795,4.531349047004344,0.4261200473058495,above
65.5167186502186,76.13318514232067,75.48107324344488,0.3764895466427797,8.035954522279956,-18.634181403376513,-60.59669250676917,6.1326639404559415,0.6895357508442412,-83.71011154622369,0.6061514518244907,0.134151470046955,-2.682754649278273,7.752161573446058,0.5603791492118538,underground
20.077066254874143,62.35046643381998,12.857442196295352,0.41564062816464165,12.259117603699005,1.7749655526263446,-69.29936996664512,1.0380762795537595,0.4168971442485301,-91.41609200738897,0.33909513832100074,0.1141297856691648,-1.3011297212472774,3.4269071238687685,0.646579457791699,underground
16.635133084939657,43.501676096060734,20.953581796302448,0.3928731253395188,11.413730674206729,-11.759446581468396,-59.766130973892125,2.957081447275092,-5.631604766983076,-86.9231015615124,0.312952178620091,0.07662761640116808,-1.7552947616453491,1.6197729971628179,0.7122693283374186,underground
14.677970042443775,30.541478686678552,21.910040360344023,0.25406455595238636,21.750010958069183,4.282573020198578,-78.84044387741103,7.704484207872894,2.3677930781888135,-78.10770592911246,-0.0985578231449672,-0.01585241588312261,-0.20725530819116855,1.4908279639022344,0.6996269664533776,street_level
12.513954856783851,41.20890752746584,29.25217793877604,0.18739839767515806,14.582225405447149,-4.798636615495077,-86.08199914671843,3.6426988956425226,3.9714066585162495,-76.15996238078641,-0.4498194141031677,-0.10151328302967169,3.6470679192383404,3.70345782776505,0.6724549823043118,above
73.26018273316218,106.8440745183101,50.46866193633036,0.35169397795004465,0.3520990502962418,-18.828809961389936,-79.94963994964144,5.024982324053057,1.4637039945346828,-79.16175781860305,0.5913213184221493,0.24046638726132002,-3.4653493460905,6.988969873666244,0.9106044650154002,underground
22.834481186423208,116.49296220625499,47.52171600222686,0.9532045316365892,5.399927316741361,-5.660809279781139,-82.78304100098272,3.680871446649844,-2.815482763672378,-90.41392393909592,1.165054386996654,0.06286008110027273,-5.25456260812058,6.411972781692263,0.5414643328323208,underground
4.16032875723067,17.990099434219182,2.781525954526854,0.06313562235208946,21.515652353219597,-2.282934231602545,-70.48519144842494,7.5655548216356285,-0.3578526453764237,-79.47536052431599,0.031383158943926515,0.02665169771629479,-0.18234399183106265,0.4086118347559574,0.6371973309977288,street_level
24.65282570856274,26.686535085226545,6.4211900555493795,0.13890519144966718,18.3869064330813,0.172370533326756,-68.46462686020672,3.189647434443949,-0.5607713436701438,-80.08802196235872,-0.361433150382217,0.07686370189194067,0.8619940783298663,1.6040732821874928,0.5312405035828061,street_level
65.66570238105453,74.26321494256143,45.28730367201675,0.8127512420347072,4.7940669515338366,2.95431247794113,-74.76217164237057,0.45594257554679896,-5.673333025324228,-66.74659185015915,1.4941007624952678,0.1033686571306304,-4.00106096102882,6.779504893961867,0.7908158731698292,underground
12.819084582012124,41.10245091191473,9.775938642873143,0.10771967635382855,20.441392133882832,2.0769700831024984,-64.84257396189506,10.984328086222037,0.43676558891848094,-71.89837324216057,0.11340988655944761,-0.05552659030941609,3.762435585612712,4.142543101999852,0.6639867383775739,street_level
10.233694483986776,8.245691957732765,1.2457793872414573,0.10551516326926798,17.76725921439138,-3.2328857872819583,-57.46685105305803,7.550629124677716,-0.4560680347460506,-75.04914010645344,-0.0678928806172741,-0.007791082877561636,0.011711825085947258,0.4005714367122544,0.9738969655790883,street_level
16.3108429401524,38.399803896349255,17.814558930576723,0.20822757131076633,11.528290631935885,3.251230388761736,-54.66049070606208,4.001280558706087,-2.8147690596126496,-68.45374694651888,0.252946568534671,0.06862685234155105,4.413208441945608,3.254806509587608,0.4421238237540698,street_level
74.73136145933046,55.09981310143835,21.371935691887828,0.3929745550248447,4.2950241697392,-13.112610971730195,-79.8864684765177,1.3568109148735479,-3.770097735141297,-82.53953016622177,0.3221767115078212,0.2133599626279551,-2.7309459559899913,3.353239809853692,0.7037454355147895,underground
10.241268704647021,11.963927247212945,5.51635924388866,0.0015371368706627974,23.49973405118501,3.63589959816749,-68.64158688907709,6.133258911643063,-2.3145023945459764,-78.52234356559194,-0.03044029455549517,0.010038793668724587,0.08057556876355043,0.22207519669112044,0.6427884434231126,street_level
6.691681998611911,10.640403080422448,2.8104646164558034,0.020759417573618905,15.179345714708953,-0.4433918763345508,-69.03042757108457,8.39275187458049,2.7812068543967374,-79.071741421795,-0.06074396468965368,0.004554340849657175,0.4981662879655292,0.7341092157897416,0.7247379271767476,street_level
57.345002466495345,46.83887301840216,57.68543109208889,0.5806924171017035,1.3828609851894802,-19.028257829500838,-86.13387749515853,1.5683276829467578,-6.145926670079892,-68.33307459147267,0.44701433303239824,0.09477804115707364,-3.4136167718332624,5.566871377608059,0.5070935939755861,underground
13.40266597736872,47.4742426581165,13.20559836654698,0.19087606343473196,20.82258244123785,-1.7738264974870877,-60.890878234689566,6.167292980430977,2.431711608504906,-76.692248913506,-0.02440086832507643,0.037392225811262975,-1.415390809497186,1.386983859824806,0.8825591453966413,street_level
12.952336526267533,27.170553166048023,14.567312106941019,0.4926451816073175,14.336833559995414,-5.6965081691991015,-62.36667194897062,2.1233637689798828,3.150325659314868,-64.58947204189127,-0.9491574867880256,-0.05887398033088115,4.434807729476331,4.895648419408808,0.48676852276749105,above
45.553866500568034,62.96248844139349,46.932086993083374,0.5932451001466834,1.8357343447341568,1.995848540875535,-68.61113641572615,7.966749313536257,-8.956720812159993,-70.0680645578082,0.38136307697847116,0.11867851742334143,-3.6286763451690796,5.850538230343132,0.9648441755713609,underground
30.897411435553472,43.11297712673681,24.76594063188594,0.3238912089020759,16.012299047487527,-1.5917157598404854,-72.53496558792988,9.5296839401678,3.0413764754782893,-58.226491839976106,-0.7853805527180204,-0.18747383960127786,6.594452689912293,7.471582040408853,0.9021125358687277,above
38.22234773934497,61.9732919536196,36.415559588338425,0.4008101753187082,3.6110924742590735,-0.1130690150879321,-82.21068315039167,3.4842245468366846,-7.099080588640513,-79.85646281795137,0.4260902804968296,0.03554327489824754,-3.3253439983263187,3.4190012844282505,0.7826424945187427,underground
37.86812731297382,26.06114179265964,30.965126770423538,0.5802095069830984,3.852144497713117,-8.77100388529249,-78.58255769439964,6.233985943607081,-7.918517330357962,-69.04238866281796,0.19417340572609226,0.1155239008756487,-1.957430788806088,3.0810371092604454,0.4569539592006678,underground
64.01745192435928,110.90023973357249,65.47121455845414,0.9552517746436567,5.195938746000253,-16.306076762229665,-87.93710621192388,7.445363890551129,-7.945923518302582,-72.92585898522697,0.9975148092318601,0.11689710643927023,-5.276918426602172,5.07219452995424,0.49939742374044704,underground
11.97518334252501,13.559315225103264,3.8729899242758723,0.03319402840380724,8.947022813898409,-3.67621172381493,-57.310395488628906,8.602145043476275,-2.528862767273454,-73.31392162966876,-0.010409926443354756,-0.021456407286735743,0.33465836690378514,0.10990399635510739,0.5687112809798736,street_level
17.00122395648251,49.49435443807947,17.55271051045078,0.25092835511062006,14.676439666565706,3.827956729808882,-50.077582674271774,6.714580758709962,3.386407615139417,-64.57252540460246,0.17528945843220686,-0.017044171584304577,-0.811508979228096,0.022806423346531046,0.5820930397850586,street_level
10.69684705050506,43.593224179620385,12.837383222317811,0.059518908714759136,25.523241078911283,-0.6957570664267694,-76.38104914548052,5.765238623251625,-1.9869075265409122,-67.92044043922522,-0.20759564696920219,-0.03479001654004936,-3.6629423933309453,5.990122318305579,0.4974604052209441,street_level
5.133178203442497,13.140658672366367,3.0818917655757962,0.05649983294718184,15.302439480303706,-0.3772874641033983,-51.576356633332836,4.552724683925124,2.3786679622241342,-82.69786882800032,0.13553764051306924,-0.026284505714720508,-0.48062433050889697,0.3184001275018902,0.7613131122482879,street_level
15.086955569832774,28.506107718239733,14.41407749069721,0.06727080154224166,15.26280271531584,1.9474072987710578,-58.50391487489178,13.924590751412898,1.3762015164771446,-79.20676359778231,-0.4458280030928283,0.011554459983863397,-0.18999950311562586,3.584258738208238,0.5677744849672597,street_level
17.944922395490543,58.57523647078238,17.643471242319205,0.26307330914255483,22.582176385636558,-3.2165791124875778,-72.90088574171767,4.711544743140007,3.6439189278396453,-57.667946184592,-0.09961834091072952,-0.022186692452292302,-0.41176930723271843,0.8721335380814781,0.8401966827294445,street_level
13.518066596747243,22.26218965925694,16.809390061156517,0.07674422608675771,19.2536050935311,-1.6851486938810485,-73.52049893712493,4.528262024471182,-1.9532808846103282,-82.35604885166987,0.6044897619839928,0.00390509029320478,-5.161566388822855,1.4293514734734216,0.6155141388397767,street_level
9.866154111261817,38.79229163235005,11.12169593732101,0.03156418543416209,27.333061127709964,1.725242566967082,-52.82422121344126,7.408090690043085,0.2583921105053584,-58.29204569679656,0.21600251502748646,-0.004794249840100767,3.001090326866077,4.409356488565478,0.8520544118857538,street_level
25.627652647198545,45.324063916278206,18.36272872858024,0.23319993448799592,15.11432129303031,1.2854548410845794,-76.4413746725788,1.4165402836331344,1.829635746448087,-67.39406126663788,-1.040261321894562,-0.15013086609592766,1.7192763694989186,5.770935663380131,0.8310541254846165,above
42.66452462049395,61.65539490129185,21.100539874380335,0.32024412622489035,14.86342692987106,-9.237363504048805,-71.39860785672226,5.099906553718278,1.8937495850800783,-92.5556405584587,0.6914005687271485,0.09191207036175784,-2.4857146469504743,3.586389287326501,0.6572610989676997,underground
23.99754338364761,20.77918738574511,18.46147111539066,0.2836836174756361,24.00329006814332,2.550328444600872,-63.101021492455814,5.938127948212971,-1.9823068596887312,-71.06045849914915,-0.05366877438851064,0.019097274922788683,-0.1916625458921173,1.082766162987413,0.7131292020197304,street_level
33.49605361989664,57.37004746250912,44.3768246066424,0.595281648409769,1.510670537686556,-9.759557610703306,-84.77215674701273,1.251459450885278,-11.279548723009643,-68.08217018945183,0.6874411947245181,0.24410765145151847,-1.6562966703973938,3.370311164605333,0.8049080508118887,underground
21.110245457333594,74.19776404968107,72.20071725815751,0.5484741627976902,2.7056840785825864,-6.893450718314135,-64.05311302334016,5.686225357717044,-3.3102184661453364,-90.28484135330874,0.7677529016074769,0.1459980877451535,-4.766893245508669,2.5071140642144303,0.8232076114793714,underground
11.31585111837558,18.738535846649928,7.050640724044833,0.17401565567005126,13.206550914341431,-1.2996764036768278,-69.83848027929885,11.839112972906033,0.35387075021040815,-67.22976096015154,0.44729936156151484,-0.016813783204502844,2.2255257787703453,3.8444973114052226,0.46076128428807556,street_level
34.446077582681376,21.336039727673068,22.684751352449155,0.2808242547573907,20.50562119811975,2.1274934057798127,-75.76828997911377,9.137060379597472,-3.1227641735565674,-76.05440103747898,0.19560233540491243,-0.010526217120670072,0.9871267328113493,1.4429739611386467,0.519738977647637,street_level
16.123694257113314,41.93048207378324,16.48722023075999,0.06616747407025661,13.08044362917246,1.0850840252887641,-66.13065851115364,5.937746463488991,2.401594688054451,-65.66544124781055,0.4610593321889944,0.08417328224455758,-2.041334220089435,3.678019880129775,0.5259843840210625,street_level
40.10688022254692,45.06570306000903,9.522989156880739,0.29276792274151975,8.644670564578774,3.355227159028061,-73.96099813972273,9.086854711367234,-1.313138619045219,-87.87462068380144,-0.9535735666504951,-0.15851561563823718,7.992788846864239,7.9015027303939736,0.47780665392516053,above
13.218960404920228,32.63640379390873,7.901214847758331,0.07400974242891292,16.98415956219719,1.6776196906952663,-51.89962009465228,10.774891643760046,-2.147223226789796,-59.40327740244172,-0.4050059465457759,0.029908900453631926,-4.438684677165558,2.470352384804594,0.6961131675264369,street_level
8.06555254041567,30.854008419759772,5.079801411884168,0.14882902649356072,27.742186672322752,2.1435632245347627,-61.41321260336876,11.629995605521747,-1.638853271652472,-72.33558991276982,0.787564299323017,-0.05196072319774572,-3.6092370405381016,5.4736314460345525,0.46474658975731914,street_level
27.809165053152917,22.50325821547402,23.807522406517617,0.14593787093482244,13.138812103788768,-2.0572079797342036,-55.605696748566295,9.745977850930888,-3.499616302705906,-68.31720171401746,0.0670514938327052,0.020817609164913133,1.186898461199168,1.0824772334117383,0.8601451208850799,street_level
33.441361758709576,58.3397437218772,52.40347070625541,0.8016293261298948,4.490657087842319,-19.030235326488317,-68.59095804444858,1.7054346664502233,-9.714264269889078,-67.43923975108873,1.3699084861188895,0.1544051052114151,-7.10639903194355,3.130813671204062,0.5968793257197794,underground
24.42233452103666,40.536678934411114,7.982243199267662,0.2093692835428916,22.696307840187682,2.982242810465987,-59.59759456833297,12.515815346423267,1.8760568055054776,-63.942233440636016,0.11743115824170514,-0.0462850810605199,1.9104642474269848,1.5084744825724634,0.5640770277708547,street_level
25.24770809940555,73.95406839180157,24.035230850800122,0.25440208817744936,6.766049927444592,3.674149447799204,-76.16410337738387,7.540486443637701,-2.684256256156301,-90.10569856198047,-1.0517355608805683,-0.04369831877203598,4.788214103494144,3.071681587290086,0.46427675503959,above
82.68516541371372,114.10597522224967,33.84714716858974,0.44348152539809454,9.740568120679642,2.50003040180718,-64.18475947203575,4.349307027422136,-10.409619305026233,-67.49124249303742,1.2358405733746376,0.21033654496199092,-5.7157665547381855,5.384155223333083,0.5346797504326738,underground
68.77475888506744,83.49714144293193,61.250601432843865,0.3811124532696965,5.674571812707684,1.2345310984261708,-78.15790425230374,1.848718675469728,-11.128654444643145,-67.84267698802373,0.8410445084856994,0.17705628329778425,-3.209433504497788,4.169331023109268,0.703074254331038,underground
86.07040530004045,96.97388024887758,64.17654136385636,0.798856598309381,9.458588161758128,-17.251189204227206,-83.8059493492664,4.700795532151193,-3.169255077333114,-76.7405834398508,0.5983268437811611,0.17926624330522575,-3.69703285502749,7.591756200726683,0.9833411255424491,underground
19.104700042594207,24.77066403807568,13.638770851026557,0.10017552220912118,15.577375399966474,1.0200370492519237,-54.25153472849511,11.114463221290894,-0.24528691611232478,-59.20772205133461,0.0989845988930696,0.005168702557570563,-0.49033218638540976,0.9331625406310637,0.5819703231138431,street_level
24.242467971152585,35.03280291602924,9.244683738691862,0.18486098533916503,17.5733592479857,-1.1805004068209115,-60.316382194393825,11.68358774634967,1.8964112910465456,-76.04846612048365,-0.7667654071027811,0.036646924797918645,3.1066670715577445,4.795867848687511,0.7159127319191542,street_level
30.711030075559744,28.13622069931306,12.650809687344374,0.5839370405810331,10.183562197057766,-7.522700848887553,-78.86208528623577,2.9986644188707974,-3.0888707204056596,-73.20460567891121,0.429362729478184,0.05822224172720855,-3.070416670998905,1.585119913303755,0.6933617304690481,underground
28.92916491006133,43.59944606061572,15.593536756516741,0.18347697000580454,16.629259685883795,4.020664725969224,-50.57685331322837,8.475158797004447,3.092195722504532,-63.1885310269287,0.10244385061138894,0.01344841248572487,-1.143801539065517,1.4127723215018368,0.7235377181870841,street_level
14.204483955106792,24.413868503653156,17.51038171216687,0.06061628098811657,24.13653218689315,-3.717224895142955,-73.4342049566664,4.65614248086826,0.7740560366338416,-79.14613891745788,0.11482035435771398,-0.03878588827635335,-4.366677326692917,2.849045026858758,0.7557424095602356,street_level
18.439826370519476,16.48332286674391,8.619165827317484,0.1317423198216536,15.481330014145527,3.2552347972798152,-57.99695556178005,5.385485679565409,-0.5713841769107701,-71.12892094170444,0.7452228890279047,-0.03323508649782746,-0.04992268620640772,4.534875656810308,0.5448045202457965,street_level
20.59959970480832,19.93461043936876,10.639773573558228,0.16336911647932864,25.53974617326656,-1.0463924819205488,-62.46014924792026,12.338399926526423,-1.8000974739339899,-74.24467983036811,0.7452300045504618,-0.09137953835481455,5.734944815024152,3.4805798750657466,0.48785116190488337,street_level
43.911215683623894,73.12115596287047,73.1808267511926,0.8229342737107173,1.3894060814983056,-17.916590697037083,-71.81614375388612,3.7141825562888666,0.939498954347858,-90.80380698298261,0.49037732791105687,0.18815308232352224,-5.741881470667147,3.083037377776253,0.5508565570813021,underground
12.470804618895873,17.566317426605423,4.967929624003782,0.072877111839243,21.098691781472517,-3.518138757818706,-63.182287742770775,7.7494766546973555,-1.5399548188903427,-58.000036270992936,-0.6276584700891434,0.06145446808651642,0.9876480465094089,1.4720529866667111,0.4613153992750482,street_level
42.27218862688655,30.031790898768648,20.13437346935384,0.2065039094329924,4.273428997600161,-0.6630903526277088,-67.78833027953897,6.442549609849433,0.9769996727017869,-86.56570323840158,0.4271357092651341,0.09931312860056594,-3.295415402079018,2.894086000158496,0.9705067289042619,underground
39.9100645342164,64.56707987120782,33.78573378100238,0.5363436267890793,12.62575846931753,-1.748671486826538,-75.86246925288711,2.029163400222758,-7.464310521242227,-72.72484365800267,0.6752027328333645,0.10649963807262594,-0.9093476827525686,3.25645971089532,0.7819429762061707,underground
34.51590047550012,48.5925947636797,24.22070744122372,0.3280191156040537,11.784403361165301,1.0448450265983436,-65.42065408148557,1.831571995586125,-5.694322700326762,-77.61658533129864,-1.4847768121548182,-0.06916392326055568,7.234474410524558,3.849125803653884,0.6026090463133467,above
15.335366516283766,78.47862310575701,31.189763445192206,0.46663113777619697,12.98296110085887,-2.6206123974769433,-71.3378473596663,9.996856967471697,-7.299187873367892,-75.28859614164674,0.5891848795061867,0.10010723411451317,-3.505198977168685,3.068185351512011,0.48666972408697895,underground
40.89859945779439,37.39189364571305,24.052241626290755,0.22236966032493088,13.229096116956669,1.0821666614532592,-69.54850954558455,2.128579085187969,-1.0613684784714774,-72.72394207283315,-0.4257432402410408,-0.22583338497400204,5.94858432109874,7.884342567454185,0.9720919145827684,above
28.548875887680865,32.23736334322197,19.686678599342244,0.22583670264870137,12.365233839488727,-7.806490348040254,-77.29474011999373,11.347399717788337,4.2588252659625745,-64.77775069492522,-1.008352844195946,-0.2041888922641213,6.182927825716584,5.410206393221803,0.9322580278106488,above
19.087320279073246,32.8264929044636,16.0777187039281,0.026408728170658518,26.81816333891235,2.727467274248509,-74.21938536043322,4.800639317244141,0.22445884645281122,-63.94073680693237,-0.617414943359158,0.026961558216794163,2.5362014896133367,1.7392745859423666,0.8342780178386767,street_level
6.9599681402433005,13.619911973626582,4.497836902007777,0.1258563022282039,18.316575570303506,-2.541399968735246,-66.79060051630401,11.508631882752079,-2.795600429197905,-70.44727895206451,0.11955187550620314,-0.005009298703118895,-0.32983635534456357,0.6611683507878601,0.6577185360277988,street_level
35.03498961338423,43.17292004356197,71.66175525023863,0.37124501993346165,4.199498762427979,-5.47074096080542,-83.67513370884937,2.443500928482109,2.800776463782478,-70.64022525438122,0.9467097719473349,0.06756864256729551,-6.599822729067954,5.765447546715983,0.8938266614526246,underground
17.576264110332225,34.77640323913726,16.555638905322642,0.12113804091812373,22.349005976149552,-3.606058642438928,-77.41929372595749,6.192317944299532,2.0942437920080152,-69.23291667925503,-0.22039429981119374,-0.06904539623179513,4.104840512544188,1.1762170360287256,0.44312741307226694,street_level
67.5865802249536,84.61030403234281,74.87150242483474,0.4781925170801662,6.80601290750444,-7.21525767529616,-71.94414381480715,1.7248659150606924,2.7130114608598017,-82.16961910368907,0.872260294366961,0.04156737527888357,-6.889509773700869,6.168410978300846,0.8008523651875079,underground
18.99740705668004,30.484573255453668,12.473761113800041,0.16045978610068845,14.297493024126767,1.2060677496925525,-72.24605019387651,6.097400236381949,1.4541458258537263,-81.76579414161294,-0.19797480258711442,0.05472405095068919,4.007062702990883,5.735982068218602,0.47450264446897633,street_level
18.25054644367122,30.71957045363815,38.40452606512792,0.21306466106319114,14.1660113127243,-5.924414228060621,-71.46577182936807,2.2734267177521326,-3.2410679680012286,-78.72462319622366,0.6251700285668821,0.03910547970694263,-0.8451310056758019,2.035959674146529,0.838787326207309,underground
9.307743755722313,13.598106269917993,5.450432560282416,0.14982574162233678,14.030734416595056,2.2485836417023117,-49.74921236776109,5.978674547357533,0.6477042385527647,-52.88549823014469,-0.13939664995152404,-0.010468387918631975,-0.31298808597788497,0.26798948686973034,0.7843765006038852,street_level
6.8655551040887906,17.40827383462158,0.40001475701006717,0.016140115284533574,11.287034177652883,-3.401079521665052,-51.863062792250304,2.6241582714901925,1.5642072684880572,-69.87476924578561,-0.015765736156970384,0.021680888085360173,0.045510911133855636,0.5668283433251274,0.6285201628751833,street_level
82.44552191392137,50.24109786918214,38.51022633119419,0.5315338910697559,1.791170955442628,-2.4165655237911956,-86.88691210157066,7.66526132291969,2.9597221813793997,-93.28153969777254,0.37667046829759415,0.20890835437599636,-7.004126211255252,5.941294272395215,0.7526095153313677,underground
24.402059439628115,32.481037739372844,15.833705251582078,0.12867023643040204,26.033259684401003,1.8936800542876426,-65.13717105993636,11.234569731418189,0.08506369021586524,-60.7192467568006,0.0016248043276909652,0.011544616882261272,-2.3264802401757128,3.7227001477735593,0.7532848324584485,street_level
34.50818711505787,73.76876625219833,19.553398646380728,0.42979457717733427,10.248485594765004,0.8880079071541864,-81.78533266309232,11.469650237958074,-3.0509358537584195,-63.121529406249586,-1.3742057096989373,-0.1994765741147862,5.325642776184781,3.9491554600937495,0.8534080565332807,above
18.94874746512952,35.955762953248865,8.198755343519903,0.16531295011621056,14.225359104602136,3.5907668353207107,-64.11713058958603,7.610458139967989,-0.3037881392416555,-73.48710602597694,0.6083408324999,-0.08967830787019149,0.0728302526036888,4.043775696311926,0.8071831594002126,street_level
28.417092240755856,93.65320079444963,65.39029390271682,0.6239593290898826,0.9297883325373357,-8.193402255129412,-78.91357814849523,3.35024075021727,0.05327355707820125,-73.63288876945428,0.4132438299218103,0.049080682953531435,-5.02665545185974,1.8447241407709236,0.738491990449102,underground
23.971558183755135,32.69208204235001,8.547912310503849,0.11278494127526043,16.120286176911236,2.0445521598362335,-60.773598978934515,4.597733907647469,1.724457918529409,-69.86874626446964,0.11546093235304386,0.03504059279898619,0.6823314513341021,0.538550553913453,0.8361580818735387,street_level
20.290590304697393,66.45072209377871,18.68410984600161,0.12934337791427036,3.718980994535057,5.703790393749562,-68.0553907956627,8.731633658525539,-2.1131656557730563,-76.08798873053424,-1.303590744281505,-0.06617225977606528,4.763062649051955,6.860838129273518,0.9670775721352834,above
10.252976257151602,13.543770676802824,0.8520395641627847,0.02026567955885472,19.083334579389437,2.7151574534234113,-71.37692009387048,10.37050176600718,1.3702643927635414,-74.12383284188118,0.002615921869330351,-0.0012443520795576528,-0.06213594185064508,0.08342750683350203,0.5543352688474601,street_level
34.87014969252536,45.66436960305735,12.372855888096858,0.22470922742532984,12.092518468225407,-4.254771127674078,-62.309810824363346,10.63236780930713,2.2647583135769835,-73.05997323686515,0.17782304300250737,0.02091051328914302,0.7632922757292091,0.3822894839495474,0.5165964692517611,street_level
87.01104084294597,113.79423513805413,25.00816560460091,0.9983956661300445,8.757609482169837,-14.679963994962712,-73.23890170193599,5.816494805223475,-10.624898780257007,-71.27113421585267,0.5709437346999235,0.04901815830505507,-5.867226445514803,3.0893461806711766,0.7344590748236162,underground
24.501705215653605,21.56850187323852,14.942183830076734,0.12270005367472901,14.793518214812055,1.3896686601938537,-51.40887477974854,8.902739275264608,-0.6407622116654297,-71.64726948450273,0.6715378060778243,0.03705042271894621,4.8754025000251655,4.823919919865768,0.5411873334761215,street_level
18.812488770085036,39.996907088038675,14.997282991298638,0.16850464742416607,18.264696534294472,3.438671852311381,-54.54879892116682,9.489118562550217,-2.4095641250867175,-80.97390482104309,0.34008938233864994,0.06368830920903812,-5.837778498457167,4.146529042496769,0.6699704655106147,street_level
30.67152182707641,49.874069019625395,11.805408418492146,0.34946040407457024,3.0758102892059527,3.372571452766987,-55.71556913266363,5.620908159998255,-1.5154556761571403,-90.41571815591634,-0.8161342221403562,-0.19241192174631547,7.58795204036244,2.011144498977429,0.904957461846199,above
14.66563048594279,23.795465548652878,24.997310224040827,0.3013294333991918,10.734687077830557,-3.989232677187582,-77.79820376249175,4.828901968256737,3.942716543660034,-69.06423030293368,0.06638291862058476,0.03334882459926365,-0.31818671838444246,1.7316954436528122,0.7326969969648183,street_level
29.224029502017686,43.43765418225365,20.56421991965386,0.3913771138852672,13.553009516140282,-5.242358430051219,-69.9774004757778,7.45215146702712,0.2648717199138151,-89.99628868865724,0.15033767451441118,0.105136259369753,-2.5427205486326923,3.8966671258401915,0.8604307763994603,underground
25.028504497591747,54.263467965461516,14.235948194626213,0.4037910352588798,10.74369570685511,1.2184504824826767,-68.24265222157686,2.1925104047045023,-0.9806116851525646,-77.18981990113829,0.2864353449220475,0.11778979514851397,-3.2738633145031186,2.717022788415224,0.7645273545299893,underground
33.515733766461615,54.352846613739146,25.127425935183016,0.3365413475660501,5.981319868445806,-1.7044397602781451,-75.95548447009202,3.1989859608973252,-4.1627170070148605,-73.55913663726471,0.5157063932301154,0.09518972693073077,-3.1363763751272344,1.244697947542421,0.4202082258556469,underground
18.437316298756322,41.74340988391243,6.806157455686684,0.07286859245222312,16.124697239271413,3.7334444743098683,-64.02629528119175,6.5630611778053245,2.784601128139334,-69.78559878132567,0.12592500279957597,0.05397619986257979,3.5970406537346236,3.97408064056702,0.7508637296797551,street_level
5.755469925382916,15.424258423940923,1.65235833810319,0.12264201935159853,12.252238366619322,1.0148976938772618,-57.191425394604,4.360119501848227,-1.3047347830549851,-79.06743744283838,-0.09155406264555348,0.01013613729106845,0.17794142031506943,0.5661998010791953,0.6066085457939173,street_level
50.25360699302859,73.02441147504499,52.908838872428774,0.7916957117535761,2.3326315398117647,-9.593015594444235,-80.47994892115881,5.306253480089612,-10.234462719291717,-69.74348660869072,0.45791766180716875,0.17432654152220592,-5.4987580788555555,6.958524974512531,0.5615972296033914,underground
9.035013660724033,15.39816065226308,1.7787189297287291,0.027399195405129334,15.853101869996044,-0.6444307969008873,-72.7418278040083,5.901320030875666,1.057156760909872,-72.51374918937626,0.13329660289605402,0.02834719514478326,0.08473114767979473,0.42984103924988526,0.5825776800965239,street_level
19.31511957226987,19.59669301471689,11.882468628140956,0.04729680265484036,14.64577107644486,-3.1300894904054326,-56.45948901552879,13.839494281163486,-0.06413037436247349,-84.88880197834158,0.782215844425685,0.037747967904947416,2.923379300957899,4.702552777498246,0.45014388634014924,street_level
10.333694398885477,9.100416411944412,0.375195660758727,0.05782122501937381,16.7013190868664,3.467872490699917,-65.53826236710677,3.327692595180683,0.6303297605938463,-77.12988990399919,0.005418275108318493,-0.024015812077200323,-0.1325486418416031,0.27814984977257684,0.8001239126607,street_level
22.108854723472028,63.9806204820304,23.451995419137162,0.46715601603834556,5.825265565000837,-4.100836282264986,-86.8817589751681,11.79514495601759,2.780702949523656,-78.19699537252177,-0.7847149766473314,-0.18522975956220794,2.5083281688276653,4.450487428708868,0.44777824883902034,above
24.853846469451554,107.40120718964258,65.01433177979288,0.7003508356590049,3.542968965355265,-8.958554064118053,-61.68949632264794,6.0293610663479,-1.1569245766248653,-82.73040560712073,1.2049181909699405,0.14547530655694105,-4.507313987679407,2.79969153360562,0.8459490754245474,underground
10.719558350486476,39.14366864830591,5.296519238991841,0.144805788702671,12.28055437186288,-0.6701390603215227,-73.2907502187344,3.4713362613810514,-1.0212005799691228,-79.92310926942159,-0.48959001759500187,-0.02857066315941166,-2.7158774038079985,2.5096896511052806,0.7718515145209777,street_level
34.88569900911017,51.901451987002005,61.592325669027616,0.5036303047177216,2.057578357742116,-15.836889627328514,-65.1907637835621,6.452901381433035,1.3612119910987666,-85.01398069935628,1.0681282292977499,0.17263715070985872,-1.7706671012432045,5.821725591186806,0.6790826016037792,underground
33.75913106347336,66.13651657094019,62.45190039007248,0.7527176447760165,2.384076210770779,-12.048952838754285,-66.20280120585187,5.292345155986352,-3.3247242033114777,-73.69504713451643,0.6770499061225576,0.0688783123072876,-4.236053549942328,6.890138827413115,0.5170009636484354,underground
78.82500341791717,104.9462025788996,52.589827094910525,0.5241695228834139,0.1486326202210697,-14.984365250405663,-71.40880404528745,3.1609342071829793,-2.183657264929197,-80.62633943498471,0.5049608210948686,0.05231323498087801,-2.635456011491125,7.109278083045737,0.5913628573166335,underground
32.76899616210028,78.02213968409615,36.712594310468326,0.2710449431864581,14.401421314258457,-4.057922587991695,-70.89959152059339,1.070715564004275,-3.576511083526454,-88.42474066123678,0.47084997428433717,0.04861485035271125,-2.7600696120128037,3.701698366631196,0.9314328844084018,underground
19.359729183298235,43.14032769449832,27.99162345445638,0.20130076485241905,10.268942624822408,4.711841301264737,-58.979915031449465,7.33909868443321,-4.096077883786374,-71.47879505784918,-0.3914678169933452,-0.19731961850404683,2.24664468272151,3.9974705840849407,0.5295504760909598,above
25.619958618383063,37.16120544172207,8.285396583877631,0.1726768861769845,11.540999243614198,3.645263155985539,-60.4701048162745,8.136858603352856,-0.7682661496563448,-75.41922109408414,0.14397949950894945,0.006055358452200121,-0.500423361755901,0.16841886756166313,0.8412401747007343,street_level
10.278318841582996,11.69574017918171,2.603317880891481,0.026031990659894703,19.50655495708598,0.29098051833563776,-73.29251273394722,6.697340847771509,2.44681509876221,-81.64720609318483,0.05453771382262962,-0.015148690014427785,-0.28596423467407595,0.3103828783774675,0.6760417285103015,street_level
82.00887867205341,83.1680609723851,53.17147132297268,0.7844419281130779,8.234191443158473,-11.503653156331625,-67.60115958731232,1.428049061443085,-1.002729193809916,-81.7961237862095,0.5265366949669004,0.15061135094314837,-4.389548730063545,7.4433810763080865,0.7199391175730121,underground
8.880119558796835,11.955662794637936,0.9746456863791437,0.11247191882126846,16.453479629777274,3.6175561278286033,-56.537017530676806,5.568498413386623,-2.021312834742642,-54.251278120211225,-0.01311949107904653,0.008618542900072537,-0.3466613292767682,0.21673218233344135,0.9058581046298338,street_level
55.08661503909872,86.94588478191231,19.379953298451724,0.9597742958379546,3.7202536213613078,-0.3317464448969929,-88.3741655437893,7.356398405125499,-3.978831176747681,-94.92681567701624,0.27758727511908476,0.1386579316023559,-6.989571501475979,4.2838062035251525,0.6517146009946988,underground
26.34573446382415,64.37779766990602,61.51936844686808,0.8326977219217351,7.055794492726949,-0.8260644866380709,-72.24270012179275,0.5277790755112584,0.6709876261771317,-78.60045652812329,0.4343256650677236,0.07994053580607834,-3.7063302076079667,5.8636627651313304,0.6262796330598718,underground
32.78017536197136,60.20417099977437,27.504687511470387,0.47495174209242474,7.772154034141215,4.892673723211665,-75.59278543023021,9.208929623602176,1.485487812240195,-61.44717743102348,-1.2236707884704738,-0.22824447454105962,3.713577017098515,2.2555254112538643,0.5960890039041016,above
10.261212138252075,33.99469430105924,4.499063726910778,0.15987858952888334,20.20230795299784,-0.15298175597287766,-73.01301243907417,11.344506444474113,-1.0975708179725652,-69.45598752892096,-0.6924859647068731,0.05364251939130402,0.6046659575271693,5.977628151544701,0.7107776359112553,street_level
10.498311704140086,16.80808174629299,3.4643681672140216,0.023435239706175774,17.602777197516957,-0.5318906473828733,-61.388838722811016,7.644323348353861,2.6788376335079667,-51.350272798968504,0.061860380371779794,0.0113344650793692,-0.3220522629882181,0.00019909968817302117,0.5241892641357552,street_level
40.36257422030632,54.63234382001858,16.246905092966458,0.26123856668143614,4.507747693936185,-8.913105249283136,-63.290361988379246,3.0469604614190278,-5.504383613781088,-73.02370954394183,0.1532305075112794,0.045683713256210914,-3.3023657259408523,2.148139543452734,0.557367699213175,underground
66.69158123543758,52.1733512463515,74.56903745387831,0.629252910337259,9.979554984259797,-4.1042325610877874,-72.23058627942528,2.476262127086211,-8.86312554838377,-80.98627096914547,0.9956092570655404,0.2123413854389163,-4.58777198608784,3.187473108074836,0.7409604363044342,underground
39.67777861146842,104.5570064669515,73.55107430664455,0.9431642190636127,0.21537935834066602,-17.94597488254083,-86.1183400990439,4.741850223719292,0.042279714027648296,-67.4928346859677,0.5685260947354572,0.18534922455983502,-5.764775758999904,5.339896128771836,0.6372724421922018,underground
24.82991526411562,22.574389271383346,11.470150726706844,0.049347283962005994,21.259948331761823,-0.5901291022571824,-56.028497688398126,9.067111715183632,-2.191533667595162,-65.9422838409424,-0.445440058660933,0.009369644930892027,-3.0634490419936844,5.646841735686908,0.5885119168279787,street_level
27.060677853836822,43.19833937999422,14.118946014448575,0.13676457922396584,15.221558748512535,1.2921972754469735,-50.337484903532285,10.706561752309364,-3.9266307894941326,-74.75344861420709,0.017329265107091915,0.03755073505980101,-0.7957916995865417,0.6209285254942192,0.7540939726767579,street_level
11.141905537822407,42.5885668893884,15.941433271430462,0.03026941836451292,27.939531456280168,-1.1776933002079693,-56.07719145300728,9.15146420925607,0.425550480574989,-79.31830223511182,0.17803041081521676,0.05143559822578686,-5.831630442651624,3.060923047075037,0.6184214682247217,street_level
69.25209312656554,70.85700485663438,32.618504809890226,0.639199314848597,4.328091178727764,-4.14766101265473,-89.75806178769838,7.48128873304591,1.3423775793528616,-92.30083224669556,0.8301821828469799,0.16505978303171434,-5.457557926775591,5.486167065106043,0.5658474342498665,underground
55.803973939410696,47.710952771052256,63.14130368126888,0.6910372542078767,6.42878013650508,-1.7798535662336548,-85.6682806097255,6.137864428128093,-1.4034540204575308,-67.02734421291044,0.4992530089072037,0.10594060110084014,-3.3546069981962052,6.917431599417949,0.5321262183694216,underground
25.51260070869978,32.23376852536648,10.56153014263769,0.27866755628881673,10.792988701044397,-0.28472705628505235,-59.27425549872872,6.829807158227224,1.5324044505487358,-63.969039443984585,0.07211099654154013,0.008309348303608702,1.3120009109686164,0.6826548148371017,0.8583214202184126,street_level
23.822562391033717,22.811177882176032,10.61391292547411,0.13200802706539466,20.316675785010112,2.4740474361343336,-61.06148700566811,8.833978429937126,-1.5337823773343282,-77.10893119675642,0.7334717167959088,-0.05468167187961646,-0.14848374105818785,3.2457607494130647,0.7218184286543039,street_level
21.11183881541042,44.65088244524729,6.448401820847435,0.14770664852345414,13.128296250195792,-2.5984683782344637,-59.18267098971881,12.105966540299404,2.1102795458647243,-70.99423924713184,-0.4874417978639956,-0.029436497005769918,-3.141699488294647,4.563062690910236,0.5815257881084517,street_level
4.480163670455061,11.328929109556483,5.761942781920522,0.06004697402392215,19.96037304905343,3.342291967821546,-64.72917929583397,5.64102905047785,-2.755270309398276,-65.03285767827755,-0.13213437319287086,-0.010784346302146482,0.27643514816063763,0.1602944909367734,0.6057161551654264,street_level
24.38806037979752,21.925319047253936,17.878679858138756,0.1385991355765943,21.870503810229202,-1.7507565553789872,-50.802242145763074,3.6437614811877292,-2.007592218952695,-64.48114971305804,-0.7850655222375922,-0.03347118940468341,4.202503855924677,2.5549599293854657,0.4159406225984337,street_level
18.61698178538399,66.85820493151711,9.457350570384028,0.38746432559196586,6.349120554540471,-4.7434220950206685,-78.9523998184064,3.270220739133437,-5.264427257385597,-78.69279776020882,-0.26795797047157177,-0.21533707106406996,7.345065419591274,2.26425641590558,0.41570912138570737,above
22.623326654102122,34.246994338719496,16.760515614110187,0.5613455100408742,4.570326410116369,1.7450399132846464,-88.20760609336133,4.239408787343782,-2.376068755214985,-72.99988701474112,0.2168838490453888,0.03450052090739304,-3.6797220031768982,3.582615916681232,0.931413094718781,underground
22.95164004461688,79.28540505885724,22.60640982229336,0.5269452915782323,7.157805444376006,-19.995554260940942,-85.81610931662209,6.297330750676158,-1.413824130009063,-68.56046729189505,0.3178521660117537,0.06546759926695277,-7.29912734964938,4.90574096706457,0.9521996891900464,underground
40.77831337038419,73.66817053814837,22.034091206632386,0.20478564571808588,13.196210075309107,-8.934694129796565,-80.9467784423529,1.5064988019987315,-1.7035215851846361,-79.64109098720887,0.4691289941614257,0.08379852271504619,-3.8868948894934108,2.3370597983658468,0.8266116914787134,underground
26.08847958940658,56.35101140367827,13.135086221906223,0.5886944478702254,11.740354355454963,-10.761246040162964,-75.58791862740206,9.186090061429917,-2.01954840473059,-69.02154771420683,0.6262063214212628,0.023244466402403168,-1.5718775481398204,3.9563442667050666,0.8532278530867821,underground
43.191345580436035,69.53945152766632,16.79698610802588,0.39740540117921985,13.952834281098227,0.19228210431991677,-60.55083531704297,2.0334543182624203,-7.82953130968296,-62.10378216661492,0.3617939970488942,0.04058393300937821,-3.5112225095182543,1.1286103604933435,0.7644875539610817,underground
14.771418946723477,42.0268788138959,5.713473281245699,0.06499702493150179,27.50812311601693,-3.904881096819647,-64.98061516436572,13.683805339317033,-2.110047761479628,-81.94604287083334,0.6537325337778335,-0.07499463501456388,-2.13506304530893,1.4658428355022426,0.8773170781145758,street_level
83.60966932827964,56.477222765784504,62.17018381095962,0.7451939826468372,3.239693043065761,2.2784274428198756,-68.59637709277595,5.561883919939848,-3.4417494651182725,-71.1081236017935,1.1822090039622584,0.04434931674636516,-2.2635237059782085,6.134919864328628,0.9795464726358056,underground
35.96087159960278,80.39383130181807,18.125118380914138,0.4193049075891421,8.61424913112584,-11.241693131812386,-85.40860818029681,7.4805010788648945,-11.819550843432017,-75.9621234619562,1.0518861887676243,0.13420485029506884,-5.573592718185759,5.940732942577181,0.8464725994784805,underground
11.176154141196312,12.476073455829894,3.1551877119084866,0.13757128185912096,17.489164958448306,2.7021779425451857,-53.34950170481686,5.946503804750074,1.9204265850984106,-74.01383600879213,0.025296695243110068,-0.020572857456162816,0.28201264934597325,0.764306650057788,0.9564145142867511,street_level
42.15049173516432,33.64548742337215,13.414290998973248,0.5917333395594033,11.563691993663689,-4.921109875083953,-87.40373206887178,2.4744361836694906,-2.027650477740287,-62.67609085203531,0.4292431506738892,0.10861703968817588,-2.4837975915092576,2.552225100758375,0.7938585427338203,underground
22.33772839197279,39.40146817632305,24.381911345081722,0.1068682265232026,18.894708245619317,-4.450847041105698,-53.45169100377043,10.619830767363817,-1.1241141884412391,-69.00985212337041,0.15105662649342635,-0.007109532375871135,-1.166422816861299,0.8650949158270795,0.6078278589255351,street_level
72.15299940595744,109.94351846874525,45.452648975662726,0.6318594835409246,1.5019833562396412,-9.397376924466451,-70.9757668717742,0.4217180134048597,-7.488558049760488,-89.76190913461777,1.1382352836827156,0.14479956450261938,-7.474356032389072,7.053704994442275,0.8449818344880553,underground
85.45662738408127,83.99764508947398,69.01619742119783,0.734417670976766,9.445343439004404,-1.351985935115298,-72.99081820717313,1.3145175743198871,-4.546429384322413,-67.57212205844542,0.6456685549642194,0.12281017428466581,-6.559970690745883,1.9120933224779442,0.43306936850329264,underground
22.927024602491507,15.56286451600786,11.22479767373957,0.06795278116454463,16.855199967857896,3.5301282532870673,-51.683513428201245,4.692196391588358,0.7936582857666439,-67.77707948529101,0.35975127787803474,-0.055429888378816954,3.0211983167895795,1.3931574624900152,0.5572854916930591,street_level
22.350137257168683,18.1148122281585,7.5573359212169775,0.1984603886209992,13.208870787390367,-2.318792307261874,-64.23953816425056,13.665275555788458,0.5907090582021479,-71.42178636382576,-0.3658155555691549,-0.09980083283220334,-0.6405545712077103,2.9193741615299604,0.7983562362810543,street_level
59.861830690874974,84.81173421198568,33.0315802008969,0.5963745716216133,9.62346643803618,-10.237539419649721,-65.04780204971613,7.174926213457563,-6.585088321425983,-72.64632048967039,0.43231331673629125,0.04862468226259535,-7.0710862367683305,7.160989570504808,0.7089533217222406,underground
56.40663406513544,69.73384472985505,22.915289287202576,0.4064022658191247,3.541507483371944,-6.628772113169864,-67.63608930516352,7.080346963696162,-6.139266224473472,-78.91441264152753,0.9759089214171178,0.1681527743011173,-5.232289816355346,4.539454570306812,0.9833688027717709,underground
28.139128680300413,105.7947509247353,61.80709703944996,0.5239824191049121,0.24050822272614125,-3.1773428995609123,-63.98821016701092,5.735452889503752,-2.1622710857641305,-77.61817701846624,0.5856019010752294,0.08870576514633709,-5.8927025507186235,5.774618415728502,0.9745372670710172,underground
13.084418865426935,72.75280108351396,15.07772525697489,0.46000932023948327,16.66562879448213,0.32361458597602066,-67.9696988378353,11.16848152569466,-0.7688322001990597,-81.87527472497253,-0.8575766210907868,-0.11378736587965457,5.626767028086009,2.913923111260381,0.878472464144788,above
8.857624786564314,31.017851043684907,10.598470953477747,0.10976082290021891,21.593665534715644,-2.6250037016238394,-69.09767374260261,4.4984296119306055,1.6160974043531322,-64.6296783780746,0.49926631343104066,0.07921529643447942,5.296022220613205,3.2448765879900483,0.43084713564366883,street_level
33.846551219098984,71.8859451072982,10.670357502084517,0.19704684082527632,9.71588844225434,4.2217471031726514,-83.49518555301137,5.222606965958754,2.911083811745394,-85.90839245819768,-1.2656305423861136,-0.21333861602994195,2.0486773116692154,7.7660441493799475,0.46458058342745545,above
15.42654625204154,34.72331584091265,12.41056416530386,0.040793007163381106,11.085950657826485,-3.726023455723271,-70.42141151052488,8.26304866222148,1.7596674491475257,-65.99346158160496,-0.7869604515828854,-0.012191849288789663,-4.87783526305647,4.357506241671237,0.6935752070534926,street_level
9.852526413677777,16.60371275574784,8.119510275124409,0.02358954526030222,25.73673724946059,2.068104936718674,-69.58674831903642,13.929358381173838,-0.05411251299502151,-62.128800510076346,-0.43959747183294856,-0.09654595612470407,1.3770161030854906,1.0455595355824856,0.5036681364188956,street_level
11.398207460099378,34.75896610700714,15.416524181412534,0.20323753272095121,14.337612481617082,1.7740115301304105,-57.82101268486624,6.370409929001759,0.15411962376117305,-75.16580375272505,0.3903274415331808,-0.023564103663045982,0.5772954319140409,3.6957087327788933,0.6880104992287934,street_level
31.375975953176486,48.89683330851207,15.265880032000192,0.24461586090262763,17.206473635196907,-0.6880372090584714,-58.14477184146884,5.375409856777077,2.6557678916314087,-72.79414512629803,-0.06157128630608272,-0.027334935911102864,0.393907870788323,0.3077715041608846,0.6915855609793633,street_level
7.856822345507554,11.7160661491483,2.248259500467033,0.12272804222791159,11.136794995896572,1.8733608786246494,-45.80555477774066,3.9831171316698235,-2.0698970378762835,-83.49227157931335,0.11671820119146928,0.020180179400732447,0.20401367968692274,0.3670959877308222,0.511695883488035,street_level
8.392690729483805,15.782658833737628,1.8500691044706519,0.016293723647260006,24.84064941124011,0.03930027768961786,-57.17649799483848,9.665603936057721,-0.7036959046322497,-84.00199902723851,0.14744551281458626,-0.007649077160246296,0.4016619027845336,0.1785483074506865,0.5165497817544289,street_level
17.64568796220983,50.07382081328701,9.968162103139393,0.2427600213109773,14.99300536483642,-2.941495150271572,-76.0284261798289,1.9180565064590707,2.184731362180216,-81.80635404560167,-1.0429598521531869,-0.09562065409701709,4.493691691138022,4.9189777848014264,0.8854122288026638,above
32.62756329298396,52.635503154280386,17.89073428630972,0.30816220351322654,22.81619736125343,-2.9338042638003117,-74.3165915366252,8.898309738983656,3.154054400124653,-61.63669816169216,0.12150819047271194,-0.0194776750939257,-0.3207972510434116,1.1250795086196332,0.8893297195606746,street_level
26.822143189049864,54.50691380963623,22.402246937118363,0.1302782778901602,20.559931963696044,-1.9230582157539313,-73.99537847866469,8.922414377137136,3.8763633522868286,-61.6247904110712,0.14928452295341743,-0.024465441499605098,-0.6363544784702019,0.6074712422112845,0.7874784758707969,street_level
9.074931188782726,13.341294055733758,3.8326808677536883,0.056035289707285815,17.44637886026549,-3.3143897558231554,-74.43531753991972,8.488991383016046,-0.04227569915749285,-61.45222266373449,0.00046926433910177145,0.015071619171550331,-0.23206337344405914,0.43364552413165697,0.9450727167765921,street_level
39.818689597395085,104.3243157754582,17.76311045634767,0.6335821146516587,6.224383039589583,-18.20320103177409,-63.131044030871024,0.28941931474559013,-9.234542275005602,-93.2270508423331,1.3726988377392892,0.10365826499736819,-5.447752559218324,2.2196751157593058,0.6500773726173074,underground
38.41231491999976,46.587123089571925,16.166846716546317,0.16490735704241793,9.585126348365673,-6.7735485956235735,-78.96183147416724,6.937596664284757,-1.4869401636793427,-82.25674886596299,-1.179546654218488,-0.15051802334418207,3.070710428775616,7.7587291124948266,0.42186798148297316,above
44.22564319778912,54.77413185000151,15.554598537136544,0.1809059244870591,4.954448295447217,-5.142441457871072,-86.17416341506744,5.174312436321543,-0.7089121245488696,-72.48761843406405,-1.3292675879402296,-0.06287431745361086,4.0325230556607625,6.741649621990349,0.9237923573972836,above
38.73162204479239,72.14132285681444,29.55309384822444,0.5647249437000456,2.4433352312632928,-19.615299029912784,-64.00412038553822,3.866447241522864,-1.65161410889087,-80.24356278472384,0.6908980006164125,0.066929655088113,-2.0106684939076276,4.125930888437172,0.588165605311485,underground
28.210193365328017,48.19805508923374,24.31349007507199,0.15491883827870037,23.823449520746326,-2.7544628276540206,-79.46210964469542,10.04601040319223,0.19628615407210948,-82.15684314141444,0.062236944064724464,0.015067278214699824,1.259016934495989,1.2933268171199779,0.8330186523974272,street_level
5.02843934605804,14.068628726998519,2.893879718952336,0.11781923905930744,9.79305653353929,-2.8792765185090534,-68.98103320110573,8.066361049970762,-0.038539905709463085,-81.8933967065656,-0.004056041323936305,0.0256799074973049,0.347794823154271,0.4607709563416437,0.7422228630100627,street_level
23.807086607018682,92.50665756971358,38.37124384884675,0.7283575103195019,1.8084550809507438,-12.35683633624641,-85.84794405093909,7.210146153308631,-10.074779621361149,-88.42165538851961,0.43032009778045377,0.18097748474519554,-4.278267098016615,5.6548018354796215,0.8582651441493998,underground
10.489443692807516,28.475530141561705,4.140412364840612,0.07395774407566653,15.029968935829686,3.946312890702732,-50.19372937689039,3.891724458186699,-2.2161282717727397,-75.06870727672774,0.5514112631430483,-0.014633061241192707,-2.8671385045498265,2.634729350138824,0.5600667350398918,street_level
16.427245690444394,77.66922794428731,14.689206775233018,0.41205946238725866,5.551214051913204,3.3944521213908843,-56.24406376417653,1.877333752685579,2.065887893465886,-58.622216169232736,-1.43942667263098,-0.0658847014150176,6.4664889934789365,4.38897262457623,0.7536718972449181,above
32.55411105781599,60.6091493886154,15.585656512038565,0.3176377368800796,8.762179245265818,1.7545356013255393,-73.80628614889048,10.46582951338418,-3.10571002889116,-69.084217442322,-0.9885905836522617,-0.15809896856471928,4.544006583901657,6.287212648960984,0.9433697799899333,above
6.552834665449995,12.787963035629803,3.9534022118582275,0.06239116335633965,23.418086426400627,1.9321277726113415,-48.86427403861315,9.304230510785878,-2.070502088210313,-74.34708587622514,-0.0415387520231745,0.02166609523330878,0.17399678789009831,0.599674013233622,0.5550757178674239,street_level
4.064004798157491,15.957443198381808,1.7728709126087876,0.13780444715508408,14.382085550384117,2.492655492009802,-63.08266473188475,9.452055437857773,-0.5869689529991442,-71.71125142644783,0.05511365256696965,0.0016454007447987556,0.048311531449453105,0.6470679035825257,0.5316802086603896,street_level
23.997507991818033,33.33218301971415,18.16728423300612,0.282795767013693,6.2799441615695475,-7.191563623141884,-67.14388055184779,6.89488123997865,-4.219623377995719,-63.71785241581513,0.28652857248749986,0.05689598823484547,-2.876553426701319,3.972299371412258,0.6648178705949992,underground
12.133930699249904,42.60382094317476,4.520071629921146,0.03288183410365411,19.128871573853754,-1.7477327532804088,-63.57751330164039,6.563660933243679,0.9671618974242753,-55.36363267516131,-0.6974004362893986,-0.09511859242212824,2.581511830471607,3.948980188658392,0.6114795860557449,street_level
30.580516669658873,51.5863940367782,12.589647465271497,0.13903548663466983,6.74840149544148,2.724180001923102,-87.30213519644718,10.904781089806027,-4.906728088806091,-73.208653609575,-1.4591122104627088,-0.24757976509412927,6.50592152139771,6.08386978367601,0.8474077440312189,above
19.593279789402214,77.68252698858578,21.476579724192536,0.5277636110930415,12.258134160042871,-5.026941307378482,-89.20108035819757,3.5838337055225695,-2.350013855011455,-90.5841270792967,0.6356255129699702,0.10830840085719683,-3.9342947820788146,1.9444708666939254,0.9375360499296074,underground
17.26593683637813,43.42304810359133,11.358787669405189,0.1369950099296881,11.716873679896684,-0.9023433892169397,-70.79711625254001,5.179408120824217,-1.9700625413440844,-60.93076465624423,-0.6869745334522886,0.022799152042336374,0.49929102215531707,5.997892587210816,0.7731633426227116,street_level
32.472675487546226,50.40530511799248,23.69454006497635,0.23921863764735274,13.386882999244882,-8.369674665816818,-77.4082327724071,6.489734529207527,-5.350757878314484,-92.47112695550858,0.3278001977469318,0.0344324895300967,-3.6312338413347587,3.336358961355578,0.42209843187603036,underground
18.91104791739362,31.974642742592415,4.0083798850762555,0.1603773113059113,20.82101469286947,-0.4995957971595715,-50.0145441300799,10.491529031723605,-1.4656824046758994,-65.11448527484974,0.7518704467477335,0.04066742991855857,-4.958939143534776,2.989894461677455,0.7107083370526666,street_level
6.222113153299958,15.885487213745591,5.394592376395279,0.0748550244236472,18.105244583093576,0.5665258171543561,-71.9200232453444,2.020600120288182,1.0232221272114774,-72.9911148045901,0.030000778258876842,0.021190669440099133,-0.30237192379355626,0.6654495903786312,0.8952312557134967,street_level
20.235031705405156,16.95279575341216,12.794119567929455,0.16402600772877957,16.71206300780852,3.422139296981098,-72.73508789084491,3.4010971443486913,-1.7855996177007256,-64.51574401499057,0.38725080881545404,-0.04686717305942461,5.509691443426721,4.962769130991079,0.8665328693457702,street_level
14.402376004690423,40.07758538663623,24.264113019047308,0.22451984613535064,16.919790249697357,-3.3146569325387576,-71.90928290214828,6.159878023524541,0.5239163001544069,-59.127348471636644,-0.012730718320885681,0.020892932889221012,0.14466755922734253,0.7602334169841913,0.5122080261435216,street_level
20.092107884924417,33.59917359710477,15.06646483819987,0.17373932556894042,20.382843620720127,0.8327509732475225,-55.025073264142286,11.995805589489,1.0911273239109054,-84.10075649188087,0.3454792921003864,-0.05446681944927576,-2.9191852342756563,4.6667404766880765,0.7798726598411583,street_level
16.135836250610023,18.383022085718103,9.211695714232043,0.05343053854213525,17.86571498859103,1.1157723831460737,-68.47341455488967,12.744729526189646,2.0932319577023497,-62.82469310838319,0.01204016415157716,0.014695145348897445,3.846668047963149,5.258694376235648,0.43815119049475837,street_level
28.37252333893778,75.00272334723846,8.154550149057647,0.28012573914183864,10.521384328305647,4.298456303170797,-81.30091698676054,5.41592006024688,-1.2879997960891245,-68.79986896278966,-1.0311869439996486,-0.08184757143784385,3.8851061587771403,1.652632280503968,0.960695451338962,above
22.677341767796534,30.183494455031006,33.09596012320419,0.24807913529685816,3.7341987914995967,-2.6413725665323806,-59.80625366572836,1.1878586472251427,-1.3359497385609664,-89.79250811651201,0.3949657014985083,0.05645173402793091,-3.921581252039573,2.353476551732071,0.5069901267979587,underground
14.65687866451515,20.565951195378197,4.3855182788868,0.19183030331565443,22.06254434667543,-3.4519291968823946,-63.576504378731485,3.5591603804292986,-1.0549426623557545,-73.0059652038438,0.5433480065698737,-0.009504945993073693,-2.9131531973032634,4.281022498143633,0.44018273639863037,street_level
20.474868606820916,42.77166139704266,21.424182474548665,0.2187737592131752,18.84812454666229,-0.8558024024798954,-67.43187455814598,5.438397391397348,-1.008375348625953,-69.29067525348707,0.01627437450266357,-0.02525291356133484,-1.4272808504313845,0.24233003838051426,0.9999074974974562,street_level
60.905460250173746,49.22156289913857,19.46310363881303,0.8160810938022538,1.1713156342999198,-5.09761608004089,-72.33947968431457,1.874494956735374,-0.7035079248384513,-81.22621708041055,0.5965913722453715,0.11844650908004811,-3.183564392917667,2.012707842366727,0.9909207347505687,underground
23.951722937266645,24.188859580629202,9.994838624465443,0.1931298165597664,11.366346301869743,1.499418414140882,-68.21906580733167,7.862555616667414,-1.4841813393068337,-77.84015387667422,0.7931714708496544,-0.02099955369114488,1.4173968961194419,4.825735348862208,0.6608098592104664,street_level
42.563688632561195,62.57781587032633,15.825906967164105,0.27349517312753835,11.099314797687315,1.1554979685982154,-77.94964813021949,6.231757645423941,1.1039775141068322,-61.13789220617757,0.37555983330075027,0.03973067463878485,-3.5101780186471867,2.8695021687497517,0.8086726001012379,underground
29.242896827373553,34.86728696462439,15.975057672351658,0.19226537364126295,9.418082460146584,0.46101715177899116,-71.6112367021133,8.317260558790455,0.29898045526349115,-57.3636870165039,-0.07980612878375223,-0.01621735957167937,-1.266745241219799,0.188243829972351,0.9226182090994344,street_level
8.092067579354893,10.292885196054998,5.348030665856911,0.037119743332256934,11.104213857400449,3.8745297814586745,-63.160892774971984,2.0545547423487314,-2.937187090002236,-70.21894483248624,0.07388630053908521,0.018128898053734355,-0.023338431792123915,0.02550073373048525,0.6563672231319913,street_level
17.81996631294602,57.55607172030027,16.09389616683572,0.2080376235036523,23.31141050696477,-1.1270668304655027,-75.02161937045705,11.145423427281957,-3.3895153895063252,-74.99096777780005,0.05413425783350301,0.020744222319677805,-0.5392897264323083,0.31518881873040816,0.7945805988658894,street_level
14.75003692368661,28.05992272317585,22.87659607203043,0.3193733808346574,15.290165954881864,-4.471770307613146,-57.24046360222358,10.726471566555258,4.2308065504810735,-87.54091835286849,-0.7232700575020523,-0.11104035747730528,4.1126730853911315,3.6736123522554713,0.8274997649224287,above
8.281000633683467,16.74300527738677,5.179150841925253,0.20798737202927892,25.513939116575095,-0.9526457206523045,-55.05151372769915,9.595528416907042,0.8339580960101998,-67.34975498319173,0.5856854759436385,-0.014918887199775632,1.3175656163754565,2.010617385957106,0.8249743842144435,street_level
33.29755876973658,59.16034237678484,18.886672855237464,0.21017627879995926,12.280028623938977,-3.4933895144789915,-50.505158270831686,5.610365424394123,-2.0481172498204865,-57.41169677130769,-0.0613820358555469,0.006878021999636372,-1.152538176600423,0.3321670175176017,0.8363330964261135,street_level
20.45247301802261,58.50160737725904,11.03206208473635,0.3126107536553441,4.406906364649627,1.0903302432596629,-87.11872123117645,7.9442394273321035,-5.713527799666319,-85.1057316076869,-1.07263713511729,-0.05684826396653958,3.5564141456545286,1.8712127449843798,0.6782046206774968,above
8.937066017367268,15.796532220245483,5.691069010802671,0.12618419337884224,24.31477068728876,3.7936448336064066,-55.348820632643275,8.98164619448354,0.6475226534932279,-61.67204162870776,-0.08603401257885174,0.0004949097458742183,-0.4698568931689684,0.3213753891471993,0.838034414605624,street_level
16.565015699790337,16.803862090898882,13.745842131475293,0.02313647212700341,13.821826120608584,3.2862524459349736,-70.39313175887868,9.049932835417929,-2.828404686205964,-80.8487072391595,-0.7605036512627447,0.017048822937830388,0.7526302666235267,5.429733069273843,0.48531038418581957,street_level
41.38885437834131,33.956749761357074,36.47811989630772,0.2201477798029405,3.870379191678277,-9.544511610343523,-72.03810290275202,7.2995373678646605,-5.559512620481554,-94.66968687721311,0.21284258146125956,0.07525828467104287,-3.6797720237695364,3.1275669639667427,0.7390974924990363,underground
37.75276552628022,50.629466330523094,11.69175948488407,0.26809582461630566,7.294916257950204,3.7778361115408696,-65.61914147556045,1.9206383539554162,4.165962836945996,-78.84858999326204,-0.6518880195290137,-0.14931586435814717,6.798986678468292,5.4878457606399,0.6770531940215552,above
18.6139829935425,44.08950075801557,4.279712719442893,0.1329536128052774,10.987414223579288,2.7206266900821374,-77.51347677081989,6.436587503595383,-2.7653333926384978,-79.19803351200802,0.5458073760920361,0.06522259387801632,2.119234837870968,3.7112028984478878,0.42336446476942363,street_level
26.981012856537525,41.21947201267541,10.530565203748008,0.13082843935628707,20.45923689933447,2.9737837270853893,-70.46250773535132,10.16087185259294,-2.8773352321865344,-69.96229581283896,-0.09168415816925997,0.02836720556732207,-1.1227102030692522,1.444525816951797,0.5503355763788481,street_level
33.7432228320234,47.051453659006334,62.747128687723404,0.8723026418075251,5.3563499426940755,0.058717837891414604,-89.94807531283998,2.917481263287149,-4.323510592767238,-82.60943988298526,1.4321308833072017,0.19326126300740995,-5.597581950944701,6.93294616202461,0.8064872921591917,underground
50.93315952571167,116.17529210125495,18.018536915971982,0.36177728041169255,9.026445111216692,-16.356822583063412,-62.96287992977483,7.147898351577871,-5.578243930353333,-82.97266208159377,1.4927762208251374,0.08664366735356269,-2.7864950530697303,4.198655721074868,0.9444736127279079,underground
4.329117808016704,13.49814623915703,2.8852031437549677,0.11485463514303877,19.092223899065257,-2.9453419113638297,-46.85533907158769,3.266893176826265,-0.5715006599540491,-66.59608886765291,-0.06047969580071613,0.027155008054826256,0.23926312304238828,0.06379497743516947,0.7360534649933543,street_level
20.465405897926,40.997395515892684,9.293074015695039,0.16888826779247584,11.751768265382056,-4.50407940325455,-60.34509407300709,9.107883970049727,3.0294218392150896,-58.95317843354255,0.14097602289359876,0.02784589004353117,-0.646309613637745,1.3207196833252663,0.6181791279574842,street_level
10.477660972263866,14.809115599334763,1.0665073999607793,0.01204217312516762,10.50862753930336,3.681820683636637,-51.59996237468214,7.241923740829993,0.5634895067082821,-77.3571193855598,-0.010758740955290447,0.013567984072261292,-0.09234775131474504,0.22059547327296614,0.7716131921567009,street_level
36.08950066854527,118.28694566771864,32.21558795979452,0.4490963292649315,7.28029062559589,1.4941938862471353,-89.77655993412287,1.5996450138896448,-5.568139994760448,-86.47628999123117,1.0040152351008353,0.13705145022746132,-5.70520506650701,7.159333406970196,0.7205867659601166,underground
30.018114144748424,98.32879414782748,79.08113287229385,0.9960666799653782,7.364133962650767,-2.5750049829838453,-78.34820928490004,2.520478503322674,0.6508744681648508,-84.6853695842122,1.1783140693635352,0.22761370324439584,-5.719400056698562,1.9907593808403794,0.5456595674407505,underground
13.837921480382175,30.94603592531391,20.227599571964944,0.3135418247095328,12.681246859610873,-5.499448417430781,-68.71929769277281,1.5772316817938212,0.6264372571631336,-58.60549616280056,-0.9375920290161766,-0.04272917092745582,4.225703951730413,4.07799492699937,0.641956227581078,above
19.597150456087558,32.961555440424306,6.148412600778049,0.03364243076626175,20.872295339770773,-2.0215894966422168,-72.30452401126468,7.088321213976288,2.4300863923452933,-78.50126142511037,-0.28947045634146285,0.07161336870964932,-2.5917463692608127,4.207548662552288,0.7218825445863004,street_level
29.26049540042223,51.77425403618355,32.55526460340105,0.4566581761934505,13.767058311117177,-4.679879919252771,-67.64990247923666,6.577098137738196,-2.16884214749898,-72.01257024842904,0.30399405359672715,0.05233947624757174,-2.6354676454244528,1.7132923086118461,0.8473771384848751,underground
22.575865536452106,50.31740262194725,20.953602626637842,0.4425697941108725,3.0352014570029073,-1.089814818882438,-59.663513672136425,2.9997523580082337,-2.7283255692696806,-62.78994471844803,-0.43223190846362414,-0.10829030469697518,3.876130474820138,4.598267260598987,0.5839267207434654,above
23.61775597347162,31.05075551322195,11.365652746831334,0.15624911909782718,27.930838630935867,-2.9584138107245366,-73.45336475296116,13.966490164584537,-0.1631069161767904,-60.837484426820026,0.1713737801503724,0.04604579560796382,5.351220171470741,3.1258036195868826,0.6121819818614473,street_level
11.897394064495783,44.8025889077185,13.336095165474111,0.15752827928124563,22.474670430762274,3.7804720797569784,-59.459155579258606,4.16097090994921,2.2002045430646238,-62.33258702117419,-0.15555992589681877,0.0738787861252089,-1.8141693212947914,2.02557116126507,0.4862384548404393,street_level
8.006822224712128,14.596825103234874,1.551690357186777,0.07398760087663317,18.327354743010687,-3.6518198596506357,-70.39264795923053,4.228098486756349,1.4383114965588426,-74.4064167907112,-0.017288414187481727,-0.015501141586019073,0.2199987644065341,0.08855755364919338,0.8055268855336764,street_level
18.622568568953433,26.707523854196765,7.492846651822967,0.09599720065282119,27.055353829587748,0.21676400194315004,-68.55475164757931,8.387959540205273,-1.1034388036984542,-55.70760367170725,0.35511467162986543,-0.016616286254038104,4.6718863711619605,1.878943540978701,0.4607737232182582,street_level
40.20746600325889,47.11494943241712,15.40859192296982,0.241682417058366,7.9872856058799595,-6.5919073860202015,-65.40646506468202,1.9271667392263128,-2.568981082444017,-93.96548370608254,0.6600257632578805,0.03151260111290332,-1.2153610506976222,1.9534935854205995,0.41143669146437784,underground
9.795164854389547,14.900334814661537,1.1147308983169442,0.09199436678072118,8.1379894438554,1.0751842322928598,-52.11757065227559,11.170913031237536,-1.149951265414714,-66.02812585771078,0.05905019866763378,0.0037347476630856524,0.4727641537140611,0.5000966841500044,0.5252213526924988,street_level
8.728262204468745,10.291568822317755,4.859008106320815,0.03728967244667173,21.75033548496909,1.633360985990235,-53.53724401508341,10.007063086769493,-0.3226351177962674,-61.23161015505029,-0.021009733942510045,0.0005991172736727057,-0.2833701348351544,0.7431612935587751,0.6577637743193325,street_level
18.73684622618792,73.36204327375253,22.993648295934456,0.3260356278141123,5.75459810672512,2.9275679213269505,-61.804449831186886,9.291786406352621,3.9481809442905877,-65.52339277563787,-0.5622150158066823,-0.07056562626303867,4.395701908683948,7.925336031266945,0.41578043867353354,above
24.13020389095965,96.86800858216905,45.47428125282691,0.641093483395224,9.167732473139038,-3.28289599255017,-85.21313263130239,0.977791673743595,2.1042357220309906,-71.20864992940096,0.8676727954065135,0.21995882067059827,-2.8405013505165133,1.6736602217651986,0.5738923359157478,underground
12.910762953257127,26.187646282885026,8.94716379441986,0.12034848028401554,20.79578982633592,2.934427134480173,-75.87855384821793,11.525959400436722,1.2189844442932039,-57.155523235862525,0.16729355034049662,-0.012978716421730527,0.6342596710702049,1.968912524570868,0.5015621780536633,street_level
58.67555969641393,86.13051420023996,69.0073672165896,0.6475543700168911,1.5652337485010248,-13.512215292046644,-67.86303208061744,1.2528366775649928,-7.584340531935663,-76.2832564288515,1.3042627950961871,0.2186717525441133,-7.826566285795094,7.341937758042647,0.4830389403416097,underground
78.85854336867894,113.15052261942247,15.00270694800465,0.4894436338162449,1.3821614817852101,-1.4526147676741346,-87.45308304017232,5.650654144206428,-0.4703745877278749,-77.96292849068976,0.90986664534071,0.0629413596406706,-1.8960128292821148,3.54800684368686,0.415637702003094,underground
16.210860151791962,30.001280574862726,8.624320158400526,0.060115501277246436,16.001362411901738,-3.1535560543976073,-66.04186996659267,12.963619106258916,1.71975145623475,-84.7847394278041,0.15480524049419453,-0.010822825270214137,2.3983152627710673,1.1065124967251578,0.49578808382758394,street_level
12.741024836419168,47.8715147732125,30.17891146767415,0.4168609084143253,3.2551472785650386,-5.858569691519841,-82.28198265224137,11.723028294975851,-2.0415650763100825,-89.35958199921377,-1.4667282207328853,-0.06761835425504839,2.182734449163477,3.8476977358387874,0.8048011064423399,above
16.026213900700373,30.037836745137387,17.031032261144595,0.1354148167395179,20.009460450981702,-3.49873914323648,-60.94063625899561,5.533516490649017,1.8336570336099083,-75.21600577571715,-0.7505301305745647,-0.07673367357403911,-1.379803642682245,2.441732628390599,0.793714506521823,street_level
51.36523650846787,107.28932278609594,58.4334245455748,0.8409700358837633,3.6137095712970515,-13.879493429835149,-74.38975919386664,7.421010725653871,-4.883246484113724,-72.21163897893476,1.1425300712248478,0.1700814881292671,-7.162247307086893,3.66290126444346,0.5640498879276734,underground
58.38264597623533,92.1821018876957,72.93194114675742,0.7451835347531821,5.700965557481431,-15.340325123861188,-86.69419530205204,7.18521477372491,-1.0339585174886778,-80.49438845785973,1.3549841125613609,0.20448551680511473,-4.596024432109445,6.5008933882555215,0.6810654345433307,underground
22.855319335652805,65.95202313432827,26.94413700508597,0.28775980865690926,9.619924470367701,-0.08934933430606584,-84.36025420302911,5.8483031401593175,-0.43199745665563327,-72.82863058551271,0.4656733288093793,0.09741031104821242,-2.235095913642141,3.101930891600884,0.5297256943767011,underground
42.82519758937217,55.80240029423222,17.88632848296799,0.20280352180101147,13.107367258278252,-6.416980231605342,-60.89943396532593,2.474656600288614,-2.347376587791394,-88.2384690320812,-0.7718725128726112,-0.22350968083429215,5.058472952420749,4.68610266838244,0.40240110767849074,above
28.513494986138788,29.523426158301184,17.105925271921166,0.11708255939813408,10.512441615308807,-3.5273363079334166,-64.47784688056218,8.953786245741954,-2.4118103157569344,-84.80206144574264,0.14498360656604092,0.020532529855302413,-1.2235184502544354,0.27297179763205026,0.9028610074528713,street_level
9.33938379150785,14.418495401347204,2.2711357510140173,0.06239328104947227,21.871780241379774,0.6511695753540492,-56.96720428470947,10.234803139344784,1.9017261096073756,-84.18942918596655,-0.0695533366992102,-0.028769627716159055,-0.33431971190591747,0.6494083973491989,0.7292731412776903,street_level
16.577780101188402,42.654595878890774,22.089114491885425,0.15937817059648737,11.623290064065632,3.743413841496473,-75.77348223122513,7.738073464217752,3.1414230308824544,-71.97698235825457,0.05999993185893149,0.0030408909879070453,-1.1236491687756025,0.40104776233538497,0.6974791836810981,street_level
84.51720211119613,56.49386444176956,38.939081333986664,0.7783070851798464,7.42573828334689,-7.85239800171572,-82.91496500443102,6.410473197402014,-11.163041257871058,-80.89989580563264,1.0175518696541668,0.2221494455287253,-6.655019708076375,5.990779795488909,0.433621073792369,underground
69.61736879609543,62.20819394954909,65.31892108108678,0.8505047726359168,2.3788477287666665,-2.499646107733607,-85.61856769030554,5.6472703194376725,-4.11029253566019,-93.3084243706426,1.3579447835837544,0.1600532681385809,-5.635600226448057,4.599578952193859,0.8946018311687169,underground
35.98721447596135,38.953921771725305,31.189820357637203,0.14244474290877435,10.36143323449581,1.8229976988800018,-69.81837261677651,9.793249810791194,0.29695939820221806,-65.68595910993017,-0.9137496560611255,-0.15708386754752923,3.3106727705090853,6.660840011300484,0.8721306931117989,above
5.026799270690529,8.846647785241807,3.3603537920462077,0.009215767303297767,9.989858415566566,0.20260736755520714,-51.57205662864095,9.427273757557899,-2.421139325753404,-72.17824355552689,0.14338739280523652,0.0040969936181169675,0.3499739622859732,0.6970439561492459,0.8120682056833857,street_level
31.47631014235413,34.844784821605835,10.365173969587712,0.1339681204929672,24.96023447923291,-3.300176352529399,-75.200268164368,6.755709520348615,-1.2452252879848578,-69.1723427159652,0.039193069771165434,0.0353996893175534,-0.17011304459291354,1.0446241634749516,0.5065251616577717,street_level
16.093459148931977,58.676412157310146,20.270772683742997,0.3303729692027291,23.602665514489864,-0.7749172589720752,-63.679201711676555,5.1918779207815975,3.869464400883362,-67.35341973721121,0.09564488700131032,0.03644453488986886,-0.4598515974340407,0.7646451468592255,0.9396599363488762,street_level
8.948998178768477,8.654484707150987,1.990785324837865,0.01661491575193308,10.429590247159869,1.4833788343330356,-66.03773645873822,6.115268513392594,-0.5627101599754019,-75.81523850397373,0.06714317706951123,-0.012912831173571008,0.43551498305915537,0.24146319190568796,0.8614888901137157,street_level
15.395715446758889,21.24610886945911,16.460032558724325,0.16023821995259685,21.141999584919713,-1.3165022261240757,-51.444460912498485,4.361189293750507,-1.5964312737633717,-60.799757355320395,0.3938930264885767,0.004477897958465385,-5.011077072564462,1.737822332038769,0.5460746019504517,street_level
51.71529116197557,44.56757546852309,32.304009854659014,0.8863161578135862,9.756097309133903,-1.800403304323055,-71.34215201538022,5.349649648956859,-0.24258285422281034,-71.81455918911563,1.333117042534572,0.13430350673693583,-3.2988223588567385,6.363871027748864,0.8994861059363228,underground
27.837021689726782,25.708601798356675,10.217935230790435,0.40774296850595804,5.518894817479184,-9.743811734393034,-62.37784294024373,3.4205069171340217,-6.4955252624072655,-67.04376915905232,0.6994019397780611,0.04811612665373798,-1.830080178111685,3.200640363906259,0.8855326463877511,underground
34.266750195661466,42.40695192767491,49.757704126702734,0.591217308858784,1.0712238424296994,2.0902121940285063,-62.82866674066092,4.4265456566919745,-5.448209275954976,-76.0083085402076,1.201841752021064,0.20454041017813482,-5.550842573271194,6.090476358550168,0.7248680835453922,underground
32.973809977052966,25.884962986878808,26.792849336885386,0.4257839966884377,15.475539722972004,-5.0526143235667895,-78.49485237072872,1.2562608551907197,-1.191988909685322,-84.61743809605825,-0.8758887637443172,-0.18377817144071665,3.799913257609784,4.293614031172774,0.6287893872436253,above
5.72876265779637,8.525471986226881,0.9537590277508448,0.0668991853624587,22.516847836982166,-1.9794697962004495,-51.47849271236029,7.223624645169083,2.882325225694851,-59.81629393331568,0.08762731450371242,0.014022904478587526,-0.38857058206911566,0.09570193807853125,0.7935338244458991,street_level
78.60397012019752,76.61875159892375,60.43701026864354,0.3868414759541373,3.2774773162798407,-19.31670312667489,-80.31513553323205,3.0213403033856334,-7.8004013559144365,-66.69094314289381,0.7384212350135293,0.1317736145189259,-5.584980307181892,4.131744241191006,0.4785213591439853,underground
27.819058161968787,43.89589792408618,22.292631643419874,0.5152717621405574,1.4450918297803272,-4.9045755643093045,-88.42657396047998,2.876097437294151,-8.858039017797001,-88.70568012424206,1.3662263869799345,0.14528074610126748,-5.4075597365368875,6.940766990559754,0.6527067324323461,underground
88.86125886030005,102.47172860011997,45.577162404932004,0.9515616339496482,3.9026535930010784,-0.589034659018175,-60.49278509716774,2.0892693552190966,-9.265400737975876,-85.95953109493415,0.46658227008602027,0.15126333602299616,-2.3693327415580727,7.2176389831143535,0.9209706733387166,underground
39.23786732818408,43.42449078025993,24.578276770505763,0.22786630836938146,6.1421017879028454,0.21270307458094706,-70.52350195576604,8.072805411750084,0.19489539189460992,-68.24350017336403,0.6823910289380464,0.07455355958852643,-3.792999752941913,3.823136556625969,0.6117290423372477,underground
69.67845213163396,81.75356681795228,47.29323833573789,0.975082860993016,3.185700496250654,-8.147651495965121,-83.70074849754403,0.03523028360506064,-6.349432977225691,-84.25262012897848,1.0697789052832998,0.1328292261553613,-3.3388232106395384,2.9845436758165524,0.4835531400207297,underground
10.415643399594089,31.511288386533764,13.601180938952869,0.14258056116691753,12.389153699193551,0.6752142089110773,-56.58692303606209,10.878840838754243,-0.8900585864371289,-72.90957201923081,0.12615400482106376,-0.09119387146474751,-4.10393840909252,2.114003659015294,0.7327103029888393,street_level
26.512690924896503,50.783577295964776,10.34663560212955,0.17316962227545674,9.572333565186565,2.0821936045937814,-78.78426603662156,3.3296199480074393,-4.097185990279524,-62.062002386592894,-1.326875187514398,-0.19368985686028478,5.293325050489559,6.665867245326581,0.4108735019813251,above
21.391597025454978,43.223641660357,5.548414940956144,0.03374646345706021,12.194872137769496,0.3958256995321552,-65.11473499311745,3.1458209282589227,-2.5854615909504917,-56.09356410667802,0.565997287669499,0.0698062045372625,3.7746708332627836,2.166870025505875,0.4190347998447504,street_level
7.235346000261478,8.269965915384311,4.4701732338503035,0.10215302182501075,17.66622457416709,-0.025436219248994973,-72.31803434147461,8.13133358140777,0.9971663760251936,-67.57055034868014,0.00505373948584259,-0.02404107159137838,-0.412420947068487,0.7271108911582261,0.5115633590890971,street_level
88.28317672219441,94.12225523999776,25.58719093248829,0.9425178115727053,4.356992688915563,-17.30225159078312,-72.26317732300866,3.484993468569627,-6.851448306412856,-83.03514123317854,0.2957527541790953,0.10358612484017848,-7.795049834285818,5.848545927078414,0.4505290254974489,underground
25.739352981120355,57.4836258054369,33.46188016323682,0.36536207805844856,6.9070679474014725,2.6335567547421146,-70.9512751506314,10.772320516584752,4.510540378116346,-66.10278157009151,-0.6548214924407814,-0.08575328517904238,1.5153051175114702,2.469315542935766,0.4961617387900665,above
14.844840618160822,39.47977418678397,10.55877411895981,0.3642639500460061,6.794393249855891,-6.821742995246171,-58.802904242494854,5.512719666540339,1.783919240223848,-74.66540583081826,-0.6154797503751984,-0.07133885360985925,2.974331573586047,2.317712473609992,0.8170283132834826,above
10.018838097180193,44.510935000242,9.934691052463172,0.08739251236201726,17.998106404749706,-0.2816445646455019,-73.35632998932181,7.974135533235543,-1.3564974001021388,-69.69265410419705,-0.4403631934809495,0.08254703027767069,0.5970347926565207,3.653978209512022,0.710794387146883,street_level
14.177612506310961,48.98878810373951,14.284617072524266,0.12061363355192647,18.985772806952088,1.1263677824683525,-72.1567867697143,6.08281313584871,-1.4373821124124948,-80.34011427049177,0.07770948465118144,0.025779003773887622,-0.6760058411166848,1.957432963390562,0.6984065883223314,street_level
22.309559617894074,26.913532846245282,9.108532765350116,0.16350534057979763,20.321009426246057,3.275766293570271,-76.7454647860508,8.640131561555819,-2.9912492363374312,-80.75826628174264,0.3393729655140807,-0.008504036008308624,3.892596823255264,5.787807814254927,0.4330440242487334,street_level
59.79192911059226,59.68353730743551,51.04579820331347,0.8169574965131127,8.01191766109954,-2.773722702700347,-72.78331408258614,6.691630676180806,1.6874085005946533,-66.83664688485413,0.4465213928946906,0.16809741804240325,-4.856056323229462,7.213620855426766,0.5586368164942491,underground
38.70055261174046,106.32687222636848,75.71096913733203,0.9223479812334715,2.862788582556629,-18.677286895039764,-64.77559866351406,0.24872768710188708,-3.2194057553674593,-75.49978479887812,0.9082892561067368,0.12860418075987573,-2.4736254847113113,6.222653517947374,0.6741581793280325,underground
38.02733974619851,35.84050227761911,12.875066074443719,0.42369088429823853,7.184993909301628,-7.317675825435286,-56.080955597442056,8.505541363344449,-1.1477994224958188,-61.9915956385436,-0.5586299700178542,-0.11372471772274123,5.536948747168496,6.539228826158571,0.927518129809239,above
78.9977957429313,68.70548738032385,30.787214919868042,0.7939568229805485,2.603638775972704,-11.441730116671517,-78.12094153798827,4.711278595731095,-5.321474265190406,-69.28878404535526,0.8551169297181276,0.07439646207191758,-4.722045863614804,2.2055840985046338,0.756555054656334,underground
20.59202531747514,27.049188630458907,21.38542510472508,0.20028809512791323,10.098235257135439,4.5873302412770105,-65.50367958602709,11.940419763866183,-0.31140085642946236,-80.32092846916632,0.18094925820006794,0.027007193625691456,-1.488164296242497,1.3099045424288362,0.6561382148362889,street_level
33.212147569658256,52.72089883923047,23.553067143978488,0.14669341276553605,16.197178096035586,-3.939442345916727,-52.875641716820425,5.8459919191215715,-1.1953037530706903,-82.79699541658692,0.052917115529277664,0.022978849237980777,-1.1645724362191747,1.456278451171769,0.8000136123706598,street_level
89.99425916410497,53.89032387295231,61.637688906121284,0.9933866065891487,0.831049308608014,-3.4234264367764773,-77.91431801571831,0.44098637353956605,-10.031072486733754,-92.05251335022807,1.4051988932569925,0.1412408324410585,-6.080733500135986,6.60844826188053,0.6366404157866361,underground
38.05616767873029,61.40249619241204,48.066934723042905,0.9381020250189714,1.117646220964017,-7.055145049626333,-86.79371048701478,1.4347342955968623,-4.6018653818653705,-92.90316145708466,1.2092187034373654,0.08347108458282923,-7.069439417732564,2.8876885418528984,0.5537299238440825,underground
23.330345008341318,38.77188689128782,5.007059812434663,0.17824844181514046,20.329268157111358,-3.4596578986907547,-54.46742891031575,11.393600712211132,2.9748073048723542,-69.69818158385334,0.5025028301344368,0.006571606654969503,0.8797185168605282,4.902416588023446,0.6903161133149558,street_level
12.563177366594688,35.185884619722444,16.7349628518895,0.1938234783383062,8.248430752365126,-2.6327243283715607,-56.519724121827295,9.232669670695845,0.9169324515424098,-62.60040896664307,0.1673304616094439,0.03648527425421076,1.318204918142249,1.124708242972489,0.9990880721089459,street_level
25.322501901691012,28.78353984400906,23.893096288012504,0.10765290486240245,14.04849325949138,3.994669244819848,-79.23315906617614,5.745613303105348,0.3030411117025267,-67.62887739237871,0.18942314351883074,-0.026118634055966088,-0.4241467773437997,1.0512686548488193,0.6609257170101144,street_level
17.31082095377213,55.21814784348567,24.485181056594136,0.24053700209345963,11.647604469054704,1.2349783572692967,-84.09257110938958,5.894011849570168,-0.18593779948606404,-87.21468034830788,0.5804793568189092,0.08283388110977749,-3.2832913298396327,1.5901457427519579,0.46674147931260634,underground
17.517719457947557,50.392359460968855,9.25941809999239,0.2764570540644975,6.580736242413815,-3.372203353314503,-85.65550626286765,9.032150066309121,0.19094226363188316,-71.99915321380934,-0.682612635392805,-0.12824380358404874,7.415992324928146,5.81864527288175,0.7583565469407811,above
29.130879551306634,27.409198124914038,31.74970009085483,0.44544195091106537,11.296192595818365,-0.5773069729319591,-59.77156019652803,4.703299399237794,-5.131447210293922,-63.730979512198964,0.45019583172055666,0.10599839080574759,-2.410213600018589,3.919206023795165,0.6291068559025391,underground
87.3247004585382,111.6593992270409,59.23253687987676,0.8514404099715029,1.1469872755246335,-7.032918979027178,-65.51731075434,7.033857834042355,-6.30216922911857,-81.85228058067949,1.002444594319061,0.24003632397786184,-1.8015998092278318,2.7696944252266107,0.7112038152830076,underground
8.511653516038297,34.02240083865308,8.535002863632016,0.1981055509392203,19.479160580356712,-3.400934084260715,-71.33519216542986,7.549115638252813,0.9025914948327696,-69.57518242241078,0.5082323046625628,-0.03907648968369981,0.6141485044278898,1.4258277319893593,0.8599394591304557,street_level
9.656236018735171,12.039074108583819,3.245035093285521,0.10758022817067371,9.557960724994889,-3.6534441564832045,-70.97374132560019,3.5556214916396085,1.828330134272388,-66.07112987792806,0.07886199892025592,-0.0139605268577194,0.09225733847819728,0.5900910485794072,0.504937591710843,street_level
13.009385871154578,26.05749529425379,9.588755629355608,0.18114826357705985,11.835804897913805,-0.33368432474633813,-72.46860073400802,13.864603309510903,0.31326050092911295,-73.1857673038383,-0.2463548087169981,0.054376813162627796,-0.39941248423538145,4.702789224343498,0.691190082549862,street_level
25.49941080496057,45.266165046447654,8.583190749040979,0.1705099917222801,11.412696315158414,0.678124386002736,-80.4417864791008,11.856182219744625,0.0004195100205706126,-67.21704468862002,-0.8494120592431419,-0.1236830196767186,3.917286444844706,7.6409276434404285,0.8227386951835229,above
55.156812809465556,58.02042277016632,38.35373107263845,0.9223457703529447,2.84022236402816,-11.25934244938501,-68.93992122654609,3.0978138162321516,-9.183757861190003,-91.14621593078665,0.7978457107016234,0.05894552441493,-4.2787488483357565,7.738426058468276,0.9563839466494944,underground
17.424529092787928,32.206513253853274,16.808846252286298,0.1766428462191669,22.820538679914804,2.590361049892423,-52.96729604924935,13.806165640011622,0.6061664069620591,-56.91879161309946,0.3772512028045161,-0.031053216939885317,5.044466855375989,2.0016853815360887,0.5598864344214072,street_level
5.8409279931252716,9.62452021277445,3.3965671857952167,0.11192776612008114,16.13798935365387,-2.9850545410329534,-45.0498832656008,11.549805700877211,0.9046481252392073,-72.1278197764428,-0.1335617614026636,-0.02569947492377346,0.12421437877405062,0.7633936530472957,0.5289733268386305,street_level
20.68344021308335,19.264937320984295,14.399453162817098,0.21601953091703,26.731332451732182,1.7500926633432492,-56.558715331182725,9.287400639673093,-1.858807206385714,-70.64397148652732,0.2436635098667932,-0.013064695059241599,-2.624079238863047,1.2239623520158551,0.7247804879932636,street_level
13.65117377353756,76.94849286022713,16.123774084670693,0.39240992274437736,9.105830224532546,-0.6637623048287269,-86.68033935492258,10.853604963568632,-1.9471509149913242,-60.73446382679923,-0.7691674441900134,-0.2429224476955857,5.814404384073108,3.2174099476573934,0.42254441604666576,above
26.972579324740266,51.59269534954946,24.0988144846443,0.31680092800531323,20.18530062289723,1.9688587704576408,-74.54644274808906,8.997705408719312,-3.520743484579155,-64.39474930173961,0.10096290565271421,0.02100651098240198,-1.206158584978365,0.18600141590139008,0.6557133383718602,street_level
22.090141986435572,20.86291363914427,13.917364130709927,0.17404702067321504,19.824190877616328,2.9884685121066656,-53.9289462734541,8.098112298661853,-0.06236209977844176,-80.18821338272754,-0.08501950791537338,0.016897506956561864,1.171669060202877,1.3635763706568849,0.5609420003761223,street_level
4.766426610556911,16.35412716018436,3.163155846614974,0.014664804209606818,18.995026292884134,3.174800434402414,-48.182275905761514,7.548410990960058,1.580454467750604,-75.19677050414987,0.12793245360231156,0.013088726458679117,0.3266802227799108,0.02794206713817493,0.6589518114381543,street_level
22.992860905458787,36.071410598994134,16.542668472365072,0.1553767724418646,25.84360066482223,-1.7444331344859982,-73.51934265006636,3.3585534180963768,2.92802917523678,-77.18009717588978,-0.2942565696046743,-0.03403588820358343,-1.9955567840923756,1.3688783454217215,0.5474931829817085,street_level
24.660814428536472,34.53138900149816,5.938132391396963,0.07450533806260387,20.423715383656607,3.44692391285147,-57.21009748940239,3.74758368319812,-2.020056961061063,-69.47601734330573,-0.6658586908588392,-0.03460491389597742,5.331484663458728,5.269705416023491,0.5208053030159285,street_level
19.843881152437067,19.795965992022307,17.12954983281391,0.19574910041348048,21.959941619928713,2.320234240013467,-67.65485620648715,11.543661502498754,-0.7815715776275676,-55.90805964539807,-0.16022800660971015,0.02215898582419104,-3.2460767344580086,3.413545577588457,0.8149346084178082,street_level
11.320368689163747,33.937292074961064,13.326278045589472,0.044320768050235534,22.282366121476414,-1.2946599898655204,-65.05332740626241,9.977763915974318,-2.5895992206790712,-75.45196243143812,-0.5321285355912636,-0.04339565131800305,4.825800050753596,1.7967707918853506,0.6099998254711505,street_level
4.706966291704003,11.315904417787529,2.0809817872043093,0.04694244308689834,17.72357349585337,-3.837296129206633,-63.562065783116324,2.3294261438050783,-1.7000870647591502,-83.20712225028923,-0.10608921764318557,-0.02457704281977896,0.3859161391677537,0.754195114513554,0.7953144631236202,street_level
29.128150795734808,25.89587113687857,13.50510181432661,0.35564793083237356,8.662912981219662,-5.067963070290769,-61.61144630554728,8.173537326472166,1.1588715521752349,-70.03898172613236,0.49962984906478325,0.11947079135678708,-2.568330362442676,1.6052632582497122,0.7069902240778851,underground
38.30019983002917,51.11096500309762,9.139835724914958,0.46472252694243166,5.319326658407919,-7.71000298757437,-81.66100327450906,4.06690009133225,-2.5791541089649805,-65.98797614212224,-0.8048729061878105,-0.13697769637230411,4.075944235574161,1.5082761193605951,0.9781650824580518,above
15.455314388244467,21.256628286346803,7.088373249106209,0.0818216694500275,16.27347038395959,-2.8127748378538264,-52.97210738873024,13.410870696097515,-2.2149740133048317,-78.18579034170196,-0.18638958746784817,-0.018270314448358554,-4.494201279250915,1.5324613516687637,0.887330705586121,street_level
12.576606074120274,28.886701359420407,5.973792931687742,0.2094352192878276,20.385917956159112,0.3315119687821175,-64.95066867401273,12.153864548898365,-0.8191314993066259,-78.70710210707118,0.2709745118471685,-0.09969077651187633,4.044182674580746,3.2421823459236108,0.6420140001183923,street_level
21.758363277071233,18.21082561795963,12.080358128094662,0.14331218360105932,22.598081025908954,-3.9281436961697214,-55.6711570952393,8.310346368347208,-0.3640654504314238,-67.55460785224275,-0.6883955353968114,0.07977224658696483,-0.44241908543402,2.066862459905141,0.44408840975313946,street_level
43.68692318743588,42.06460658545556,48.445357147957985,0.8304876729856073,5.357056047205958,-8.46317396448069,-82.10190511020848,6.0434700095095355,-0.3758479971297124,-81.40935683401554,0.5317232342650413,0.16132275792237205,-4.481681649955778,7.839059125377997,0.6499749712055956,underground
24.073238079531606,54.297618852825096,24.949545901824724,0.24189601149090467,13.607547610180315,5.823407646563398,-75.87075646555928,10.902901523714453,-3.6179214826462647,-88.7641045810148,-1.0421162548873952,-0.19262514912072154,2.8765640373084316,2.824788983785477,0.4475307410770774,above
11.398728822696649,16.249277149644588,5.893607379234039,0.1375327881818892,23.28182293354718,3.510443898685933,-59.09320514605416,10.539857843584302,2.7692975094042547,-72.22887851667143,-0.0642578800209523,0.01910562634066334,-0.08949996393420934,0.04997464001391192,0.9171590103397176,street_level
89.2675614142384,56.80446248132896,18.99180962020156,0.7217531187952729,1.85342888864107,-8.383317353976024,-76.81294838328034,0.07675529050781016,1.3961281464371087,-85.73820260056442,0.46403491175452816,0.07827441383389816,-5.010722411252178,5.380843320364471,0.5234957831207099,underground
13.58327681872858,34.63548195622674,22.757211083154118,0.18766451475988408,13.180770926541014,0.7687076144396929,-67.53183040196686,1.9039899137287148,3.4080808442126322,-87.04615937979857,-0.4223504710416308,-0.16984711136750089,6.970780448744178,6.852020465392555,0.9668295373694957,above
5.488588379280985,12.663070659492842,3.180815265759366,0.034777586186662275,19.390392242223175,-3.3924413491069476,-47.83518493519782,11.937139399020706,-2.2134498876520734,-63.21431168536556,0.10709708254179814,-0.011801781760098502,-0.4995795883394091,0.46386206143142517,0.5744954525682147,street_level
23.697431140295052,48.32582611453728,29.71027092835724,0.3053548670310754,14.992824597581974,-2.1825441925576623,-80.83589123390661,1.5960066058129743,-5.523801021706429,-80.4917677568429,0.2033113874023601,0.07396801511743065,-3.7339494278634087,1.8446305490358434,0.6942275080169813,underground
33.2255446637253,56.50465914754693,23.82254001030148,0.16244076849370456,7.293769515273086,-6.024315736823296,-74.06157341749582,8.886389077307914,-3.4795110875905344,-86.73451552143179,-1.1284594939217574,-0.05946129240751524,3.9389291612038324,7.732765944982569,0.7766162138402692,above
32.43137301621253,36.70173047212556,12.443050571804843,0.14402892873146242,16.52948295112186,3.1288010270939495,-65.43663351092074,8.828081600473167,3.3605464950086867,-61.513538001300425,0.05893397472909212,0.006471854327300776,-0.06268940066694983,1.633494702512316,0.8710202284840514,street_level
86.40102094267489,102.61385724456277,50.14048171731665,0.6171556413662758,0.5730737280510234,-1.1724065860630617,-85.1200733139627,7.9899538909453796,-0.5529131846334181,-86.77232077382443,1.35132795933023,0.11198808064018304,-4.016986165163367,1.777936545677636,0.5310218123468059,underground
21.450633879229308,96.77172951833592,76.51727398401027,0.44641145478120486,2.4468901883842897,-11.916941555544817,-68.9577482888289,5.972185330420501,-4.344881552106084,-77.30925791180978,0.9167258384495068,0.09782648534205943,-3.2476196760951046,4.736691982742384,0.7610843405396308,underground
9.32489865005562,39.81170388259682,5.2248629652107415,0.0606747074256824,26.642780052026104,1.6380635984843472,-74.28527196638298,4.638737947004521,-0.8145187854086022,-82.27692895660228,0.32940235209678437,0.04674354567735231,0.4251849860026784,5.710009381122905,0.5266596493541966,street_level
19.967369005764578,65.292878720674,8.867714322919067,0.3455922609015648,8.081685748653797,-3.322290116921116,-64.42550851479774,7.873769183317658,0.7323980199757942,-85.41577553419646,-1.3479489378758984,-0.23886455366571915,2.640770123318187,2.306773763210363,0.8259047482007487,above
7.2198638346595985,10.074524647540215,1.8082746827829712,0.14441455336680595,15.093251706997505,1.918421724869817,-60.42192835187937,2.4494406049374646,-1.3620241944095037,-51.02937629869244,0.11213947007451022,0.01636997935014045,0.457361308476684,0.05646442836810124,0.7434792309894773,street_level
42.453841286678504,47.077582390235584,27.298803940837683,0.4098981060456445,11.305888550685111,-4.674083165842212,-73.55420216720856,6.140815398789788,-4.957738441488375,-74.90856957842988,0.6583809543294565,0.04417294230421599,-2.518729453446884,1.4196729857969552,0.4237343417986654,underground
42.129827447391115,49.8815646864961,37.172776509729246,0.321958043560277,10.438669953342085,-5.940582608809882,-84.95109556261856,4.137976355369314,-6.685382126698492,-60.30073111092747,0.5526105080915479,0.023988003428471585,-3.727123945308189,3.2276474007822795,0.7158450130709433,underground
4.7319350251025885,8.53639007751126,0.5498527303548593,0.04285380489545823,10.292826041578403,-1.8454096532106101,-74.22793588516623,6.029404206493636,1.1842834920304064,-60.517378902037784,-0.10846046798382969,0.024112630686013832,0.33737142062058967,0.4507219870480813,0.782566441322037,street_level
11.408978359502093,10.396024276490994,1.7028410570438024,0.12660622591092013,24.667822259331764,-1.688211501719569,-46.01720056897737,8.391032923356013,-1.4240480737833605,-64.25488784442356,0.13811586558341946,0.011122855758962234,0.17025379118711403,0.03275949891778325,0.8647405517102359,street_level
61.97223437028657,76.22220326995728,70.4248097575872,0.9270510106340316,0.28549690527506777,-4.313993825677693,-87.34804611531598,0.44530917763717603,-11.551468116198157,-86.65867546620366,0.925518809096831,0.1293821657374052,-6.728671275235831,1.8524704107234933,0.6746747606910335,underground
77.63156666756942,111.90821686147379,40.55776056838768,0.9085690852322635,9.962191177733985,-15.515856381743628,-79.83949605858507,4.212820487509223,1.8498175803455705,-66.75541788696732,1.1241510359231301,0.19430098792403197,-6.232377392340274,4.95966536955541,0.8404109571535832,underground
17.017318399755382,23.613744582577446,20.421502246743017,0.2412909293758688,17.79452771500921,4.921144246318603,-63.30294436563832,3.8756253937380762,-2.314518460796635,-70.0463414067658,0.15559246595127227,-0.029007018334832678,0.4010032094832443,1.5557949105553481,0.6482889114619762,street_level
5.240873029061978,9.21984487899626,2.9132605123069837,0.12782006195695528,24.679066438841527,0.5954680373804617,-72.44109292249948,4.512598111224383,0.02509468173483853,-71.00785763262044,0.13018472059464695,-0.01813910851742835,-0.2874211626352431,0.6312037693031023,0.6701019892521016,street_level
23.017700937250858,37.648643486032235,28.157200162620317,0.32866646690662904,4.278440982490908,3.7144086053363505,-87.6588690633864,10.595019921682116,4.006162868242139,-75.2574031502533,-1.4412519118494125,-0.11842621940887937,7.316598075414127,3.1376471364652687,0.4924040989830694,above
21.83304989991329,20.15326633532382,16.149737785471704,0.0895005847138005,13.839809846154047,2.256080657346847,-64.16672914892877,13.968077022016153,2.5867209995185263,-77.00571204256921,-0.061830620568902206,0.008315803125904103,2.772288769451837,4.157222390868469,0.6927388728289172,street_level
17.81582315345559,34.664296606007184,13.92605089290154,0.216204580751575,17.65730840818563,-2.8181604270596834,-58.337752063577526,4.39306102464235,0.3318976007094223,-58.6042195904544,-0.655172843260382,-0.09471641387396046,5.788038731037934,4.865798275984885,0.5982630603294353,street_level
33.00374099300984,53.70526526991268,27.926345956247612,0.3792622026693215,13.900898639340785,0.5026446101881437,-59.41265166939077,3.269616426535847,-3.967393614096891,-62.87513910750078,0.6005790799737876,0.035192294124039715,-3.025224285886983,3.6958553754107237,0.4758863925496668,underground
23.911631037950354,77.69497368076804,48.194743525977444,0.916724837833641,8.490017176102514,-16.12136294848498,-72.71863662345403,5.2308039780463735,-3.9151046682232344,-80.76274550253969,0.9732999571995602,0.23229777122614556,-5.4955118137357895,1.6222223607231756,0.9090500410497462,underground
54.618329671415964,59.55272380893473,60.91400925290571,0.8220427162795969,1.3438824887295298,-16.679038396618857,-66.14637377637943,3.347539406350525,-11.782811965812202,-65.20763397219896,0.7019239933038915,0.22532950180059574,-7.648759961074952,4.336525079411125,0.7757316911253409,underground
24.031984834050895,50.78614743815803,15.534844425471093,0.15656870303093642,8.797858155947125,-0.7548066107702933,-66.67030723421563,8.318258446269526,0.60139346299961,-84.28543636288744,0.1740797126295978,-0.004854759605400542,-0.974367367032141,0.3478950304872641,0.8986886984180962,street_level
14.561565580402934,30.697394046326437,10.45518888278522,0.1523946427169715,18.903601193047855,-3.5130355375523896,-77.15779285974521,3.8673080680721497,-2.5733158979083486,-58.84258725912501,-0.5186885190251254,-0.016803063241288912,-5.105179444924001,1.294066191763131,0.4198973148422962,street_level
19.580838023173698,33.67941109369664,8.397712537001397,0.16015552959520635,22.242897022181793,-1.3571381068577963,-53.16662794805702,11.38536376899611,-2.804449912407553,-58.676930209482975,0.5760089451986423,-0.008389969242541956,2.902362944567937,5.962243159033996,0.8268438034502446,street_level
26.261671284105596,30.023473316875325,11.956856139476653,0.23222462380565576,11.002555304963185,2.283268496761175,-70.578576796425,7.796379315464192,-0.7622561469623657,-76.061950458586,-0.07052253337757128,0.014250148399824601,-1.1051557340693658,0.4263859794058138,0.5476557062096858,street_level
13.210983910916779,35.26275159176244,23.720461876991365,0.3394581635860948,22.386090525954423,-1.7044254994437011,-59.07034825833376,7.131866665125686,-1.2939303062332872,-57.68099990697052,-0.030316899576210143,-0.019321704282242804,1.1883494941781265,0.1854969849727497,0.7390693733669108,street_level
9.181393285314584,17.831599944873986,3.3332397378350134,0.04453342784862509,11.926241774613455,-1.7992668712400492,-71.20424580962029,10.905896651255608,0.8302983774299548,-63.459050187478105,0.06980635726124376,0.005457906411258484,0.004017979411580108,0.6743368739257338,0.8868449311619535,street_level
11.17231092300998,14.663447425461243,0.14235147628611,0.09273412373389409,12.81422212777635,1.5840270411714847,-59.42976622259783,11.373990576143154,0.16448111800946297,-52.61687068463563,0.018263699808755723,-0.01091372960735515,0.33929861961550467,0.7188076623915121,0.6834688015764174,street_level
8.260000235358806,43.74299936853778,4.403282325002328,0.05134354327149225,23.83263425335784,-2.0006035121520647,-71.14192572859642,6.415979175375526,-0.4081209707257525,-83.1189569752475,0.0763437478766491,0.05715655866088351,0.8503661725188802,2.684131489930018,0.6302591500336385,street_level
4.572118776481095,10.443109030618308,4.062042804357753,0.05189396552409827,11.099492950830268,-1.6856252582576694,-65.8911572173329,2.931627341829553,2.4335225730006513,-78.85089396921012,-0.017272779281950534,-0.02070819963636713,0.23602778101233735,0.26758286561993866,0.6696459348880844,street_level
20.82450131634439,27.473781136162255,13.378792882410245,0.1360025586318819,26.53662710381116,-1.35877429790159,-72.92728514115895,9.432562055885846,2.459798935085213,-71.3197523212912,0.5106741652619045,0.09481329787690804,1.2675214463876108,4.781442892789755,0.6812234019239041,street_level
13.68783524974291,24.45229793386275,9.633716563242823,0.18947422345512752,12.513029219471338,-3.316981144396478,-64.35890060495814,12.031689109131639,0.8267418885346522,-61.36249807765292,0.27874761905498247,-0.032026866094131995,-0.13015794158921246,5.2907455066935585,0.835887265508059,street_level
17.91103415577559,29.852112309840813,23.598740886225666,0.44533170838124614,15.82831242425024,-2.9641509522134246,-73.40480528313984,2.7336826470548674,2.1061504828784834,-85.06784187065287,-1.3055738080368202,-0.20888672831950666,1.5141186668786806,2.03946662492846,0.9235290379070717,above
29.995204075029665,24.809155680656822,12.340771921040051,0.23236817828363182,19.756654745188094,1.6423136974317085,-56.810301600591465,4.935815965889018,0.3646548265195566,-58.352397117949394,-0.060642801570371996,0.03938263264838415,-0.34780142821086546,1.5850538448262914,0.8148806799987662,street_level
9.094082881733787,16.768650493042447,9.0140759162671,0.04149825098951472,16.111447079439394,-1.1103516176882877,-72.07673480161738,7.628549149846798,2.9096359078021568,-71.62605043719664,0.7475031766139817,0.08845288585501843,0.854974479796283,2.078621756080361,0.5781174297307188,street_level
26.04347884247108,53.572009252095995,12.836930466679224,0.13161018467859603,17.288809954054994,-4.7989675522746005,-55.584786537306385,9.551609509359722,2.493342218486423,-55.0139743173373,0.02396283779551872,0.0014463921297413126,-0.8599572920634133,0.7851366254753684,0.6580837336058556,street_level
12.264814217335594,27.927213739089932,7.579199916141136,0.19546837683100476,19.81696289373287,-0.06605615553170718,-53.68076621834695,3.5033489312877637,1.7094931093635353,-63.03928859545036,-0.7130915914198828,0.07818629524183959,-2.9465646769038885,5.681227974513201,0.6280668405468879,street_level
32.306443675317595,62.74911931349218,18.955133139630913,0.4860661774994356,7.315554478200397,-1.9566900601214083,-84.63329680733251,1.1704337311969035,-4.9016823863709895,-76.69958585095446,-0.7474194726204878,-0.15695019083722642,3.645370867689911,6.582049159531816,0.8389119683823658,above
69.5828644066796,117.68453465503478,64.2938027756093,0.4316032734128165,9.698485787445144,-16.750711270200956,-77.5376090358106,1.6017287192691239,-8.65713681422072,-80.02147764567327,0.3730429003552702,0.07218504590990862,-5.668637898931026,3.9443526528073716,0.46547319225021216,underground
67.38265120270984,74.38926623176546,16.702822034881425,0.7265896188071982,4.2686047266978715,-19.92739327057976,-75.10822576646834,7.339746818998697,-5.259287399423619,-85.54582904919995,1.4341496612633386,0.12058630991978989,-3.491300508797946,6.997764223136417,0.45874585813724833,underground
4.27355965219281,17.099480968903567,3.031915985539593,0.05142185283213007,18.99289767671646,2.362233625402647,-57.21548097694557,10.4743830948979,-0.8886777756825053,-70.01368190651084,-0.1317865869980928,-0.0011899916294915748,-0.4644072686015883,0.33641270647983923,0.7633940471060523,street_level
26.578507084053285,28.94484917790494,20.825580511494845,0.3087283238095783,3.2112497553568193,-9.628752486776694,-89.19621063848483,8.614799334631169,-7.534113959184229,-79.42734348226483,0.6885658391714722,0.06165944072296521,-2.8456374328414493,3.852599919562053,0.47406008859220383,underground
25.328445049050856,54.84014419374042,59.60423618930319,0.3819787869992291,9.982317248342907,-15.049762382954809,-82.51370941420136,4.389777960057853,-0.08638329693343927,-89.09304770391651,0.9522016456356989,0.053913422928395606,-7.152599656795071,7.438133044273948,0.6200530756695734,underground
12.858837144360905,16.754659350876878,17.47841331765013,0.09950712020893901,17.212906241783138,1.022453622664333,-63.28849856731369,4.623619277207425,-0.041339030152795164,-79.41046589482181,-0.22730414587718717,0.08851889630504298,4.195408361441789,1.2908985724730428,0.6297382895832344,street_level
42.03617043926215,41.51626719986946,29.119261277433008,0.4336171212769455,13.023734507549607,0.8712793988149414,-87.66984896309701,10.34588603210536,2.5577358294905412,-68.28863495661246,-0.7315880297982895,-0.16792836399873323,3.6839862745866965,7.722035788328906,0.755059901780249,above
29.430759109053035,34.47800049312011,9.041845471905033,0.18187486232793237,24.74226514421634,-3.745695868536721,-68.33487301290718,8.841960156296892,3.7392536688060423,-57.36880588997289,0.17946343633150322,-0.02127498756832995,-1.2578441686207356,0.04588770087895799,0.7157744893057617,street_level
4.408523371275025,15.954297151019347,2.3070411802482083,0.020540997733662775,15.46405377638786,-0.1971486810119467,-58.09977920216616,8.2182746659219,0.7337320631699749,-81.44670810501349,0.03874611397992683,0.022777019333826823,0.28181371319531545,0.10014636193711209,0.7244950855334149,street_level
16.116501928855442,32.87332626645629,7.726233141425181,0.21500116641821876,24.4989404594373,-3.1486171018589086,-52.1938025182203,4.709174637370828,0.9892913361878009,-80.26058484974254,-0.5721657000334258,-0.07477486614455453,-0.0732348452875975,5.067144345509356,0.5856105979724332,street_level
10.072543180025392,41.35529127464562,13.3710909846934,0.09982104482857587,21.50643944184101,3.7948873729506953,-73.10765706679484,6.406271146941829,-0.9975179935200877,-61.013141332938496,0.5162554170987199,0.07131666754537164,-4.68238972599529,5.851230449378223,0.49967941841862573,street_level
45.01975005158944,83.61520363256719,78.53733182530658,0.8110034969532636,6.17914448194528,-5.499506466585467,-81.62248083713246,2.2922631735267087,-9.738968748852244,-72.2337551785629,0.2559253556378742,0.12063973551330989,-5.4106793607127415,7.447893086702632,0.9634919670676562,underground
30.37514647432703,31.130141652565783,18.508052654593158,0.11916967568240502,15.680056035681183,4.356556457695323,-51.972091569010004,11.194442512650042,-3.9350184733213167,-82.99451221001819,0.16817407581240115,-0.0036054478932315177,0.13405690129634573,1.3287851591193234,0.5956916519729938,street_level
21.108485291552885,36.39110259831541,7.847614036068198,0.14081215509513614,12.85355198261181,3.955063534811276,-74.03757998711174,7.79876983872562,-2.05837689255665,-61.48745672387125,0.5765315634666626,-0.06102493757699892,-3.054174510738586,5.890900899822258,0.8709729033401592,street_level
31.308768270026242,60.209477043020584,16.063806474689372,0.2606601062160706,16.467357165050608,2.8807900991597,-87.48751421297374,11.749953682170565,-3.8077711099934435,-87.87390305825866,-1.077885452773888,-0.04295215831160826,6.899739537594288,2.4298211748057468,0.540327082744444,above
30.784404831073434,28.79340565453657,15.154307896861635,0.2643564707531825,18.95926378521216,4.874809279282831,-71.31562481232226,4.706707910317429,1.240969579805168,-57.385925674038035,0.08039210613302,0.007791552902401931,0.009909192778276177,0.29986969263481256,0.7346903995180305,street_level
39.863524668899444,43.6549052488871,33.673552796513135,0.19314800863313888,3.75810141758072,-0.9765264691553242,-65.82668055259509,1.2542658387028083,0.5137518518364583,-81.44288282980244,-0.7931098419121966,-0.06284572140800582,6.27140631631915,6.6038901558607765,0.7287622094342197,above
11.350797218502716,9.015266894504027,0.3405487304430692,0.05585765405365456,24.712108379691696,-3.092529455064936,-70.9680360855082,7.178702937247385,2.163912399608572,-72.01544497116538,-0.07328762951461114,0.004384826048032593,0.10988733590312372,0.44384843271030655,0.8194366396185266,street_level
4.958380820682584,14.258696515211785,1.8617769718947907,0.004711883707714242,9.032521710109656,3.2875185577988706,-61.62738186387433,9.277237532878804,2.28969748116097,-52.33958450655757,-0.039543734461389396,-0.015415661746751476,0.10192841989490298,0.23618347654578528,0.60616247951365,street_level
77.12045124377326,94.932510973738,73.1337834098669,0.4445962559043741,1.0675727187820738,-19.179614870911333,-70.13594572887168,3.035694536322378,-7.233727864958047,-66.38938977538902,0.6171734176190105,0.2170645724174757,-7.940567268311623,1.744177283442403,0.8028523772751042,underground
21.561895770575706,41.37145646943068,42.761090222843166,0.8651279229203773,6.3346325075821035,-9.613352255051582,-79.49152546817649,2.559778928578578,-6.952704580966152,-66.33120504046984,0.7492438489799634,0.0954433967672188,-7.6307369579436894,2.4809084886842445,0.7259218286405699,underground
19.309061271789176,73.58010122631424,8.095787018317138,0.14525898989863692,16.5964120432525,-7.250150459200518,-63.468506942926794,5.872469774212538,-2.224642128890624,-66.46806158899028,-0.424999566998542,-0.13647625439862732,5.849429992895128,7.611613219782878,0.4531760812617381,above
8.364633808544331,20.090182655282955,14.165349561664975,0.07855178258179042,14.06998375033239,-2.012721616591768,-61.75095465066234,4.255292956008709,-1.204725508978887,-70.745080393554,0.6058865127500066,-0.006317940661593566,-0.1541187437490752,2.2242563734543097,0.6948396232850463,street_level
15.738179808091632,25.401701379386537,11.860703568380096,0.039381308751660044,12.901049656271557,-3.6600461274505793,-73.54213418073688,6.573086766014126,-0.38315167629604563,-82.09389143966855,0.48399235624793135,-0.05829275961282781,-1.3711110561298598,2.105783117158749,0.5702159665291793,street_level
28.252670266050878,68.20243972499776,23.071587207096737,0.3789681906791147,16.35948202996888,-1.880593183448351,-67.66877162862548,9.247021447608212,3.107440255056563,-83.09007601921057,-0.770516706032509,-0.042089221587904985,7.772948919044895,4.6097492970720175,0.5634233537112349,above
4.919515464190625,11.15968657216872,3.9189677964930336,0.04846253215214895,20.58818346780917,1.1265811494782776,-54.31926504905741,3.514513288162208,-2.7080115562685956,-82.26683689305253,-0.037560756335131285,-0.017477290551532774,0.2001257323628125,0.7563079219888108,0.6212626638866829,street_level
52.83374689135339,108.05502670635461,47.389920199280844,0.6687265053403313,2.626873665976932,2.021705718224709,-65.30191358314879,0.4613537889365418,-9.017177522654766,-72.12397776651596,1.1458372956567264,0.09507179873191712,-3.4250670209867504,6.288946242164055,0.7564044381095817,underground
12.746432382435204,18.69228919590742,17.487823436331404,0.08655335196287053,24.61314389686475,1.0312210675639593,-77.41809255691167,11.851705007507542,2.9260225187562217,-63.173669817138276,0.49303301003921773,-0.04023415146792686,-5.704737252915562,1.1247510772638472,0.7200116360270103,street_level
28.14365904997061,34.81604329482691,27.604911382614485,0.14223972376031094,7.289075487502122,-2.9798760298244975,-69.74443732301097,5.109439088775255,-4.884897097780376,-71.73737275843946,-1.1095643825279982,-0.07486722123021888,6.976350081353768,6.1549657662044295,0.5689457738346589,above
40.988769329321045,41.46846048446923,14.778409266757645,0.31731256636125427,12.565460244732732,5.878039519928301,-73.55536111709736,9.538772638553592,-0.8393000367461747,-61.409315512231245,-1.154178633061259,-0.06151763746535058,2.621636607474773,5.647704089388698,0.5360695875517454,above
26.021825392506642,23.956972531738533,8.424030179476198,0.23844817593409603,17.481211804955848,-3.138561770994097,-78.91418300782593,4.154811814208342,2.892420921352807,-61.882049093753615,-0.09841640811300455,0.011461587434622542,0.18538573808502856,1.2286471794251839,0.8286673128911385,street_level
8.044118640589408,9.257715622129798,1.050428607511701,0.08621765024037083,14.262346305121637,-2.2797933252219416,-70.9842348132115,2.252216832931631,-0.1915281479716251,-74.34903314483694,-0.14598112345416167,0.018393947206778574,-0.23425292907555773,0.4978975226844613,0.7358981312763202,street_level
10.553093482470036,13.134519610800645,3.0735288311970077,0.05964313542605115,17.480737270412988,-3.6793383694914743,-51.27179792782929,7.562178703112402,1.7790434275126046,-66.10779983728604,0.014698284946310008,-0.009627764694130635,0.2985660140035773,0.5198238654218141,0.7791046172895705,street_level
22.198452412983137,43.223538492449705,16.316737201922397,0.2965714293830545,11.36375362405005,3.43816560806842,-61.89323784209189,4.572826721375188,-3.015467143246383,-55.154508356767266,0.004400853119394296,0.03111136225053423,-1.2596276853958734,0.326148115197854,0.5471321061747909,street_level
12.92001184581571,70.71543969771213,11.509691592342875,0.23605840661841718,12.384644617138383,-3.4414774797778573,-76.37282456926192,7.051593831348934,1.06730167031691,-80.30377406895354,-1.2985125068239374,-0.08899829232744524,7.125847496510503,4.367656903261922,0.8932443670481496,above
37.188981388965956,32.03889233008369,12.243067118198393,0.4623187164749971,8.187476194105002,-1.6341859092612365,-68.01697653619738,3.332202814153029,-5.463309138182798,-76.61785013906746,-1.2578712129709828,-0.054822114648360176,5.069109858894478,5.116419280028149,0.5257635584456734,above
12.37976329124325,66.01677772902579,24.126853839980157,0.2599168021726088,15.622882722649692,0.30317495928141724,-78.50676109359435,1.9191031696177965,-0.7552395136147343,-61.686233309798425,-0.4056970502219326,-0.18139220792041152,5.7895866191777845,1.9632497177928823,0.6085573125037396,above
38.65684233139691,58.81557525395934,18.446333457440097,0.37821923891898157,17.535431184972566,5.385927014295071,-67.69376732926949,8.82777781046536,-3.1676284833786044,-72.02054167543191,-0.7938570951074378,-0.06134908219548957,4.0543003023723845,2.595518085957265,0.9291897839720752,above
28.351196454255742,30.67660263354996,19.333235877353328,0.21688637562651314,10.070324390242959,-0.850529063527464,-77.20479783264335,7.241365103231642,-1.1246640287385583,-66.21723576013649,0.07940201065748323,0.027770682917630282,-0.40272076825580405,1.8466029774690593,0.6182148509813317,street_level
35.56688235166238,73.57620236428355,22.82401733891315,0.22649916488640348,12.878931936348703,4.557806258066634,-66.1621224945654,7.5842284250428476,-2.1782608666827463,-77.83181193780604,-0.8220657616937985,-0.230518189105749,5.647497530105905,3.903754910688619,0.9333355851930403,above
58.008973726190646,75.06532963865743,43.29962768013478,0.5817720825245845,7.827330423340503,-18.363929797139935,-68.42949024538214,4.649981430812833,-7.707518070201983,-76.6200883990439,1.3452805166655568,0.1535943601254245,-3.4474891456882144,7.010836607037846,0.7313558965927273,underground
21.301794564325352,35.09732719352301,8.371624237223406,0.15286780119288465,10.671291099640356,2.838041620933595,-76.70361071192936,9.018783376256632,0.4617469394128655,-80.61033262031565,0.04991841120123633,-0.02742154414733428,0.6027295984792631,0.6433586019634101,0.9215069011803105,street_level
6.075731559543622,13.834909930663779,2.07627814496932,0.08238238176117972,11.003498661260156,0.11426790258686115,-58.29151093378329,6.849840128372458,2.376343158875761,-82.89792739111608,0.03655929029616056,0.003093995653015158,0.14353826132314196,0.5449668482228625,0.5129927490885074,street_level
51.79922702574619,66.68999008586523,46.72125349681147,0.944455829079463,4.734892355967474,-10.229790686424598,-88.61458152759735,1.8902097592221576,-4.4470318478560715,-87.64702945591733,0.8625124442266188,0.1840245791551945,-4.593349187267942,6.391347938915555,0.9088317122660516,underground
52.9460917178978,44.85475817107978,25.604661102859517,0.7090983226025596,5.212712688256675,-9.646337570057506,-69.38334219056796,6.078221346539232,-10.538104197622001,-92.40901885407838,0.37404686481408145,0.24744412196128507,-4.796701191450474,5.314577292067698,0.8092801421496751,underground
5.309861734867152,12.770078595749002,4.934361640465462,0.09987462069017686,24.24473890644468,0.8939089912107283,-70.6319069109465,4.530843324106266,-0.7869930780574768,-59.71796381613868,-0.1388655406093468,0.017886740380912237,-0.22574472892837494,0.46556053816092435,0.5768570017610288,street_level
31.840712683159612,27.23471155886895,24.53317591843051,0.5258759783006892,5.837709043420006,-8.929256293290482,-62.586049039412124,5.164286109601512,-7.157636973373475,-89.72511732474169,0.635778142038292,0.11774513865441995,-2.0549693385284136,3.601714377287059,0.7872843919274581,underground
61.39619299393852,115.57056793952793,46.41109381894225,0.8609723500360247,9.506686687632332,-19.441701844173895,-66.43086404238593,0.054737745928550297,1.9104028641097965,-85.44907483464921,0.7873125454952975,0.1844527612729165,-5.576952287802579,1.9809271228540486,0.7162327552403995,underground
42.85158994745695,53.49570262454904,31.566749674266166,0.38294016243694207,7.127927012967874,-2.2727717062781583,-59.8638811982557,7.503892178179172,0.6631337933246133,-82.02202830604304,-1.0802511575208305,-0.21658759341511286,5.273869213244377,4.66716019865529,0.6739241835810574,above
13.779779150810603,29.84492675824578,18.513015693100513,0.20217184537769933,19.430586573501678,3.8032715137654947,-74.81219579821541,6.019828297632719,-3.3495373921213805,-78.70967647962988,-0.03844049780670084,-0.010566755513183954,-0.632000295303955,0.13440588948202437,0.8578556838945156,street_level
44.822611975703865,36.94630551886031,16.198999036303206,0.4285535511175244,9.264649839378455,-11.645531578846736,-88.50337137542171,8.554260069820801,1.6935348529311085,-69.26203073230201,0.3330677407222684,0.024696484760238984,-1.8737644148782615,3.9726402309543465,0.48020189258957935,underground
11.668684127013977,41.90615373428234,17.925734930604285,0.08050833136203012,22.513009748045214,3.886234080815071,-51.95502427313416,9.485601725740327,-0.5985503202275475,-83.1752264064965,-0.1763750223304651,-0.03795086771999712,5.192004066754107,1.1648889595163505,0.5595476871483407,street_level
29.141574087509234,51.312695705524426,30.92605158635838,0.5812474063644961,12.957977831153189,-11.362291630705329,-78.76371362931721,4.857685823709604,-4.1416640515493315,-88.86525254527808,0.2711580612964557,0.07810164949045276,-1.5991124970359039,3.345014169792095,0.8571993657555501,underground
21.227954203812406,100.01936787593047,50.867257877596394,0.7032223177246142,8.062416589683531,-10.489741430938546,-80.94651686025287,7.1049531900250775,2.1978238779532173,-84.71838177820902,0.4905763467898586,0.1045705644056944,-7.6218401601721855,6.969021959339732,0.8148756827848838,underground
28.56220718183077,51.08798380074407,17.982473535508003,0.49217358598986805,13.747033294394212,-4.00076568572024,-62.8268814319209,11.693821913335201,-1.610367805874751,-81.11911597169919,-1.3146050248845538,-0.07322886257576847,6.354707812469533,4.291672485019571,0.7472456545277315,above
39.119427256252735,76.62442136281248,34.87652553937841,0.27538662788834223,9.69306756539333,-4.223694028865027,-64.22875399357267,7.540863006590069,-6.26882740205458,-72.9468430060681,0.3942852813834953,0.06329157293780707,-2.136557532011585,2.8893695953660705,0.6755976064146109,underground
13.156528384412969,35.3956595298435,9.362218012602472,0.125510778930613,26.235288482757745,2.6295703717168903,-67.65536108988574,7.8626923346990285,-1.480310303136606,-69.94472181902003,0.1509779389339847,0.06516977842903501,-0.4843036774895033,3.356181388090148,0.769270429623456,street_level
13.364064345425307,79.04629768535906,27.040761430076103,0.24560774109010192,6.85294305898155,-0.07421816442994711,-75.09089174946033,11.635249638725705,-3.6261261631303086,-61.017684359530975,-0.462461839645564,-0.13368405992427546,3.027506005408651,3.2131497501804533,0.504548984128555,above
5.679824364272695,17.44758975540104,1.3123543741853616,0.014108559114932933,8.564056392279019,0.8596430421364483,-54.63337590597948,9.123185367300769,-0.06423019942789931,-60.77812444095695,0.005843882394895722,-0.0027408337729964635,0.47676729193894396,0.7478604379837437,0.5971171865252279,street_level
9.94001585395784,21.056717511915473,16.33043054470373,0.08316899467017472,15.256065567467406,3.866417632539741,-77.50891366473661,3.988626711070675,-1.9374652712947182,-77.35136279694244,0.2606823114780741,-0.022698669414989964,1.6042071189482128,4.2271808497584304,0.5910535324144239,street_level
30.64157696525887,62.6288115389292,31.068555597173894,0.3281601948227969,9.581707702721227,-3.1038774345661686,-66.67850484233273,4.167657088770612,-2.943172403076238,-79.90986652427037,0.5689004807341683,0.11876338352952473,-3.646899088701874,3.4371817965037987,0.6491633663171839,underground
11.851721959647751,16.62397974563386,2.3811692027290663,0.08298743368211442,16.95779154532849,-2.447210201251992,-52.42683451170595,6.1789620173589395,-2.3070222720243416,-81.19395011450204,-0.09770979834306787,-0.008247246578440483,0.12903947877067068,0.011441570669779022,0.6396301727307391,street_level
5.0342473686611235,9.188073796569624,3.7173490020449727,0.07902165233172455,18.95379521552408,-1.193714458454581,-72.29900792791064,6.833167843150823,1.1138429398503673,-77.59196376487856,0.03543152705005209,0.024316394221011214,0.10436316522546885,0.4295867653210782,0.5477929332607874,street_level
18.279834534051513,54.65013762654361,12.24427982345209,0.46884328145347365,4.50226262452727,-5.407485652657915,-70.425307302943,3.8041225376253456,-0.7109875069515148,-68.96322953092587,-0.8108647014954815,-0.19080354645745318,2.9891244578268212,5.680440749148872,0.9712969139625617,above
29.568342030067118,58.496529054123926,9.788473429988287,0.24625761557028852,24.902397195195945,-2.769380998368547,-64.31169835866999,7.423648553199957,1.4082429995426464,-76.48481229566136,0.05957499463255597,-0.009615704803881873,0.7601982427957834,0.9525678122808978,0.9965530743812975,street_level
16.776427833823142,53.04914137551228,14.126712085499827,0.1806325495629021,11.086901867607477,-3.7161918375556464,-79.48855990336375,10.231634216385771,-2.030420340207949,-69.98594125292601,-1.331691420651508,-0.05754150943742983,4.937106386971157,5.871281228626361,0.6174221897957559,above
21.888828916512264,67.41688872983605,37.26965239253514,0.5384127421476428,6.972451464034553,-1.214335611551057,-69.6128747328925,9.684617115130703,-3.8415414306161093,-75.56429726892726,0.6136213579347853,0.10645357671369352,-2.440887947591654,3.3080762622477646,0.8567150403643509,underground
6.114996077976116,10.276042657242158,2.7149601671732873,0.03355725390258367,23.209785993849536,-1.749684211091652,-65.70158959259618,3.0928694731866195,-0.26042699494385024,-70.03195153197775,-0.0528717263444448,-0.015411639413288112,-0.4467689653228619,0.05572395499394603,0.8760886822272291,street_level
8.715952303411878,11.41085026740408,2.904250946980975,0.08692250629397617,19.05862174408972,0.41958006927297653,-45.57644163617997,5.32511314581907,2.359742318968612,-62.21755867482726,-0.10737179671263011,-0.024894325517616816,0.34356727313302693,0.0498073237506536,0.6596403108921878,street_level
15.853237013619331,24.557690042064834,8.714961348792322,0.17778888518406025,14.133856340690745,2.9763155773422767,-75.23873209831444,13.650204213267452,1.1461990769056305,-67.12512700288752,-0.36743225986194583,-0.046695237747099674,3.852974568072952,2.58651983852761,0.6206241643712794,street_level
62.62443258075769,51.007497890079556,33.4434237817331,0.3686783707340001,0.9972832125092179,-12.650649563641842,-83.13526199177893,3.848471408944925,-0.18433421654009408,-73.2500758237945,1.1286264436931541,0.11032824136636865,-4.800905357819163,6.546825373698694,0.99897592780466,underground
39.73363864391038,41.685198768169045,19.362282614799582,0.3740234891365095,8.003096874112101,-2.540836267946366,-79.91729108571344,6.293441303512532,0.7305574981461618,-74.75497890604984,0.6446773491086787,0.04396658649680879,-2.789153241930968,1.9726647575182334,0.44563652045760027,underground
31.25562664626422,50.655373237713164,24.554303995595394,0.3337800586073819,13.35154894872355,-4.6431294479060545,-62.0069750843697,3.7317804415835747,3.2352550429653126,-68.60737739903499,0.04456481888873742,-0.016301297279569964,0.13701517896763837,1.3342350082486154,0.5763001864670687,street_level
27.241575553540482,42.44813623703725,25.425698298188582,0.22286084555573815,8.01998975776454,-5.31575705672288,-66.07219852465556,6.956193977928342,0.007365349854034697,-60.24100458503051,-0.9560819413243675,-0.12205194706106434,7.939629764247416,3.3627942840524083,0.8656385936186212,above
13.991152714897547,51.65178921700339,26.37671981084858,0.18435469882108324,8.128706279713597,4.455908784065096,-81.03107866929518,9.435713934108229,2.8491128199375932,-81.32061042336271,-1.30701521612215,-0.18846131172389435,7.107201232938584,7.482622976100111,0.48299824662341073,above
22.108602024616417,37.68368826686517,16.616504196505538,0.033331546859300495,12.23339298649004,-3.5242522332597535,-53.36372842987818,5.998656253561039,1.4800825779398217,-75.80321050938367,-0.38654353891143994,-0.07630422205703163,2.4737291760766063,3.272980807263349,0.8363641697497721,street_level
28.064438760795227,66.60153887753297,33.402364931254596,0.4413852639050492,6.607522630367384,-1.0802477522117826,-69.20778846923739,8.978048137936302,-2.5294775055322,-79.0391413106008,-1.113853002112404,-0.06104961954956181,1.9297253301701796,4.845107666883427,0.7517913918327546,above
14.563375198605218,52.55964434211009,17.999764725302178,0.26791711516589173,20.125952030536467,2.932954541095837,-59.738108862507325,7.08669177916074,-2.9876995756804297,-56.739282593823305,-0.05114538508578624,-0.011854598458306463,0.4429438254853042,1.2944910702405055,0.7781912503195738,street_level
32.90650759320303,25.891698457312486,14.307941533444989,0.32446625807655616,14.912727033812104,0.2480076336195829,-63.10542790749017,2.0492899487195566,-3.850067607889928,-84.49826980182381,-0.6272765908594743,-0.22452650429960166,7.060853746855328,2.7318960823178124,0.42388716641066015,above
65.31619911379917,70.91480599877366,57.48890872623391,0.3530286341514096,1.698796015141082,-8.272969846678834,-71.20830484291635,5.412650935333174,-11.743908641571004,-70.04688294176825,0.545318111345088,0.04707554704931728,-6.837902189309853,2.1420059147975734,0.4789615951895462,underground
62.871622842788916,111.27966189674387,18.762770839680336,0.3755723881773244,0.8514024844094825,-19.84149217851889,-72.13345891139926,7.577063360266476,-5.994469578726112,-76.56622719541701,1.0085907555874924,0.11240069854765164,-2.967630623179221,5.082918528504013,0.5336897182437828,underground
37.61040426229999,69.84417618826458,11.94202110013162,0.4262063857094395,14.201038937010505,-0.019557724111454178,-75.41349979521839,3.3484947775448863,-6.963398203986732,-79.69995209219209,0.29243121268159245,0.05192936487363156,-0.9915481205893482,2.4800301765132664,0.6585606187820435,underground
18.682935723653113,76.36991646606576,17.384032945913695,0.47177405377091164,10.55912857102647,-9.996449422980643,-88.32716367145645,8.340988320763643,-3.734236895996329,-70.45866899561085,0.4938071995676262,0.06142375509150766,-3.330370012904511,1.9586784590087376,0.5970935053573011,underground
34.33743542710428,51.29210501334788,17.438734367031017,0.4267241941642612,5.250802793096584,-1.708497732833104,-82.67865729495361,9.55241485732005,-2.4792581497693593,-88.40917556173873,-0.6595092295192047,-0.045394810981343514,6.380330043983209,3.7289481395034656,0.5095931713654106,above
88.53421630858736,118.65218967980357,68.3969541073634,0.36086535649105095,7.91540294381472,-15.684433201479237,-75.02662104760765,2.733969743396405,-0.8735974978773076,-84.70948279008623,0.3273294194178986,0.21550527137076972,-3.0050057007598205,5.339926347211562,0.6203405228800393,underground
23.406302437837248,56.72777852922799,17.13380442729473,0.37414777446271186,14.884264794122213,5.146516604818942,-60.70021291058942,4.568554885040068,-0.5648805930278646,-77.49538435121649,-0.2591130046575896,-0.16929225217811017,2.812652621199612,6.629747060589403,0.6177874207218506,above
19.957811324799717,23.550936504170387,6.660232306689518,0.18533684273389794,16.25254103480347,0.951632321193622,-69.56499332745331,4.708483000970208,-2.80325557614505,-68.70049789716836,0.7031519822098917,-0.08383200256856185,4.127569000213693,4.024331677782055,0.6738452827604131,street_level
10.889084426427186,15.330096957528607,5.801854308893082,0.02654660072710231,24.965134359440267,-2.5704951295119685,-56.767735182452896,6.263791175880675,1.512853613777474,-64.82044445722303,-0.14379648230708206,0.02378444714518451,-0.47891053381993887,0.20887667363740922,0.6142479750719437,street_level
21.998507929196435,31.019757681831102,13.056548167276302,0.14885521334816887,23.39576920663221,0.6285722275910226,-53.47503795803148,11.154808703598503,1.619466282411219,-61.57582968301483,0.7712140344377638,0.02598349747466952,2.148624070824127,2.664540524062849,0.5919761826573797,street_level
48.37493965915985,58.20961728476099,33.30960623534418,0.41164319165842295,1.5205172707845982,-2.6388162138754687,-60.2048112116147,0.5827481839518862,-1.5028824762577742,-77.9085842899378,1.2093294756039052,0.05272208035303347,-3.068396444759988,3.0233080311353357,0.88683072544489,underground
13.184222349232748,23.70885707994291,4.424839864126925,0.09510028807231911,26.2366084315297,-3.2215280814069764,-53.80706419355898,3.365725779821121,0.8806241153536405,-55.118870376220826,-0.7324928168573527,-0.05941722956771603,-1.5277569929231571,3.995046924004809,0.8883938849966871,street_level
19.57425882188583,34.179085750254195,34.31595025929316,0.3745995648708924,10.31432774866286,2.254431825668002,-86.47663649103505,4.882243788598576,-2.282134184586768,-79.15122745029784,-0.6734039335659446,-0.14633822819054906,4.880435408801922,2.557978143451555,0.5391740227848363,above
14.295527027061784,25.802281822880424,10.267184218347301,0.14172434048587856,14.722813751941093,-0.46193439043381357,-71.47797963713825,11.193582282390881,2.344086625891384,-69.02528948975599,-0.09667733786417476,0.046200964377658554,4.139627373396964,5.999578389971225,0.817356987948491,street_level
21.2331080018538,31.748941561160862,16.118921120096573,0.17650267687816532,18.2707115033324,-0.9751284675520742,-66.49241167557508,3.2809263044084913,1.0044567084427065,-63.9602381076231,-0.0764187944027569,-0.03814756150349266,-0.31933867569535224,1.474625598114859,0.5183887697787606,street_level
5.394648536256784,17.301836365004085,0.5625522489129702,0.14451231297493913,19.275904786511642,1.3218918638799684,-55.53636279916439,6.025122392939461,2.399428565059437,-73.45532066430441,0.13026255854807325,0.010798256773996692,0.12486569324849173,0.5977906490035576,0.9493770282404986,street_level
40.09179681589909,59.376894561268784,20.676664472494735,0.10588259679501824,10.932126309280385,-6.2365861582397875,-80.27523119806972,4.15143003528065,-2.3557776911689836,-64.52988756948496,-0.5208911097394117,-0.24368782172907388,6.169467681293405,3.00684513517095,0.8208374157574037,above
18.258865964942473,34.286603895926916,19.66445766584257,0.32611416055799297,11.315363238405299,0.4267121322719216,-68.0594377376843,10.843586087877867,1.2185594896691718,-63.81053439050518,-1.1459751668767948,-0.13935957317266837,3.7992397718886277,1.7104262546043691,0.7432750954460201,above
33.273770633707215,40.81947178301827,22.841803964534225,0.22147636005530424,24.885305244760055,-4.3475793009030985,-58.35449601526409,7.621839137597004,-1.2622926982835256,-68.15372197716287,0.10857347014063995,0.019200879668416146,-1.2652353993294705,1.96504810788425,0.6907266654351887,street_level
47.06439779929797,107.7016071662141,74.33507787877897,0.8602135901540555,3.337574905976004,2.277272184804037,-74.06479649604165,7.260837897359124,0.3777983073131779,-69.22776472711035,1.4951612084786072,0.22530691484307128,-2.524268259492203,7.2446990310197155,0.8940479830369008,underground
73.73672208421812,42.23284901523427,42.563933399147444,0.5826449407450681,1.9040030597861946,1.816204711669517,-65.9182308188772,3.1794667568499486,2.9204076731781186,-68.9230762982651,1.089132106773853,0.1240913038333768,-4.7538226070951595,4.596242771591328,0.80505759246739,underground
43.74777956762179,36.278664191310504,21.710813542232643,0.134167525494386,11.344920869503554,-2.3343731665773966,-65.89866062167886,3.3784655568998434,2.593891282155541,-91.68571607427833,-0.7946669654996581,-0.22621467305056148,3.743614596990165,5.345164123159104,0.7571308528539427,above
9.609712954847456,10.427936901864106,4.237492454650291,0.10953817849684439,15.853952936809227,3.430584289580019,-62.87198091718959,10.2034534701968,1.8392260463265906,-52.579428255590095,0.13994971377269685,0.004574413967264407,0.13119196840364755,0.6143929066051249,0.5572700724130536,street_level
25.387320202125345,50.61481608258247,36.82483180610146,0.4587920302407345,10.847339416255538,1.4753422951935846,-77.89049410350609,7.615641300979388,-4.261746927480915,-88.14401835324199,0.29419251259000756,0.06494682180481155,-2.168292550629091,1.3802481608172397,0.4563716532901476,underground
42.258954626727146,44.03402854559093,35.73349426126691,0.24015931380856187,5.737120059577177,-11.654731369281166,-61.23758331077998,5.937654943476824,-1.7073562641432698,-83.74259898593972,0.44397525880244104,0.04909892761993893,-1.8043873608892351,3.782164113147262,0.6178030989768073,underground
27.600860903117912,45.35847644543475,11.755328410939343,0.2637764437225071,20.58770140900329,1.5720310928322192,-64.58592882188472,3.20299515070656,-1.8189605037602519,-55.423340387390006,0.04185291611030842,0.030187158543020676,-0.676042066599368,1.0025413465636348,0.5012992288779567,street_level
43.8355370672044,52.91975334061916,29.239428094917457,0.15260714979833956,13.529733027171394,-5.238801491836328,-56.57137523585193,9.527679215613977,1.219528080164988,-59.774187122094546,-0.3550112115416464,-0.13466516016372249,5.5071488192737625,7.284512036179105,0.8325430554657351,above
36.91517186042802,119.5263446901478,51.294472232133295,0.9084990658775208,2.1736069091992594,-19.171158485903508,-88.80511253201531,2.488692270826241,-11.588259666088966,-74.23998815806848,1.1802993457928417,0.20211805391694226,-1.6480982159371598,4.577039501210949,0.7382031082756284,underground
9.179461524615672,13.881007466111656,1.9354943320992612,0.04460878697937932,23.04510928032498,1.2926452116878187,-65.35474009155719,2.270030141523155,0.29430862406277747,-66.03180713970171,0.05890115104214658,0.004385644775060475,0.011909587552745182,0.4433219749446634,0.7202624429978701,street_level
6.7629637256304935,14.042798649741153,4.639362722596616,0.011053662185721092,10.084246527839912,2.4651033815021837,-69.37763735341,5.15646935800117,-1.527132280070321,-57.85346769561522,0.11105679173710567,-0.017941900443892732,0.3457775944837146,0.7935326756887298,0.7847607696247139,street_level
12.611828949354061,47.48777599296801,18.553268012991328,0.19788190732182442,18.551912722852716,-1.5954617092699341,-58.9246270895148,3.992477381955357,3.6026937039118287,-57.02998663334597,0.06689925903288516,0.006994016146762358,1.4098541018479955,1.4712735820952,0.7119119633720674,street_level
23.208121397443783,26.976171037304866,28.487240388056165,0.12866902478107428,13.81429748211531,4.749024001988371,-70.04698681202885,6.171147025615013,1.114765936855866,-59.492241746177555,-1.1742071414883668,-0.19406135735973962,7.964620926061828,4.629933159593406,0.4246889702680908,above
11.963602396669309,13.137777342897039,0.8873059290593517,0.0827697554733642,10.32156975253654,2.5818814708811573,-73.29131592368527,2.3169749611772756,0.3994906245099026,-79.7741340187638,-0.07795838121738576,0.01685921553532401,-0.3762215591643532,0.32454275326837634,0.6279811146572534,street_level
40.68692894230078,34.24550974642431,19.612236425747888,0.10553157544170055,13.153214604760125,-7.833125828894751,-85.07764150364079,8.317757472774638,-5.813249572400842,-62.359901610235745,-1.1468234948148655,-0.12325892303530112,3.220000859043793,4.630553174071612,0.9884403906482261,above
51.41657410990324,74.11831940882796,66.51320016392188,0.6694944838999863,9.022986827100912,-18.43217268099706,-75.90306600771781,0.7069207462325204,1.6486373728334183,-88.84872382202089,0.5526594466016026,0.14288051573845412,-5.493816632461586,5.125342945752438,0.8620607946210832,underground
24.75752599584065,68.22110102739052,21.937870993837628,0.456646415933765,16.82070124176711,1.6879139989468754,-64.24744157913959,1.6323438556985805,3.1175693556663475,-63.6854767881208,-0.500245416812141,-0.14839360744462687,2.1464059182719017,2.7327087324719854,0.5170005121024978,above
6.416603748992954,9.312220723285144,1.7091833426120746,0.03585970041824125,10.905750002948206,3.0727404734081905,-63.191944862451614,8.165066750748847,-1.3003648769785447,-52.770095639382845,0.10754687099414265,-0.021868171659228674,-0.389792121307719,0.039094760278811785,0.9341771848773934,street_level
82.57334724121783,54.09959680255951,34.07008662632161,0.9159035459268766,6.6202598639163295,-10.52389700191994,-82.98377084265772,0.23772361011374255,1.9126390153053645,-75.15486125135875,1.180396334152201,0.20480500776963503,-2.115392993142618,2.8082893097422366,0.6445928499859226,underground
43.76405308178275,44.801954985867695,29.537936314786176,0.483697587663826,5.610760068925349,-5.114358999319502,-65.146367364403,1.5914200055076164,-2.780327817364324,-68.62418149342646,-1.1100426262499823,-0.21322187942285215,1.6107789583562506,3.0421621065469027,0.9443098001435842,above
84.49845951945048,102.53210009653631,57.66605230189929,0.9848811402046298,6.145717441870813,-1.4696907283703027,-62.27152590819442,0.9207728880182335,1.0635397195719491,-87.16628604791326,0.9202990584529582,0.10528352655956086,-4.8690606381395565,6.215935828305293,0.5975852922437535,underground
17.287320661826044,44.93024600381416,19.501637137921456,0.24782544129588988,23.87944242782934,-2.8325142621976642,-73.40493003052086,6.27572788094993,1.1800166785200945,-69.51466764032753,0.1263575896650109,0.03642136413969976,0.8106000725646538,1.6410285285941102,0.6465527350887277,street_level
11.947548437708576,15.96418845624551,0.4204038115113775,0.03749626751011583,24.242214110778914,3.855581054168251,-62.44191972161069,6.333418378852015,0.5107324266592421,-71.12543846498237,-0.10358092619303358,0.028024397763369277,-0.18942572652452794,0.5968957830251512,0.6302928395964927,street_level
54.06984971194605,74.14281087754071,16.226873112619057,0.6386506826045504,7.483971967145871,-18.278058735282112,-84.69454504393323,5.964554352001314,-9.8639658328954,-85.2406690679661,0.3851641035649147,0.19768114449294033,-7.67931369035585,4.383281983557955,0.8551528338260606,underground
24.15857256556946,30.888895494584837,7.188739492858762,0.04081391700480859,10.749689283035362,-2.49811144494959,-60.889957709256414,3.6489237341876644,0.0909159584225323,-55.90409908250945,-0.6109558927474792,0.09539805894005082,2.2572982491543456,4.194115256066058,0.40625693469720725,street_level
17.52643577546195,34.218342038901795,14.09951889008139,0.18268763462093346,3.216655101436009,2.8268740040427502,-81.285868073381,6.852751485967795,1.316542444748933,-89.66028415654552,-0.9626780385594379,-0.05488463515874606,1.7922956126885579,4.929473703093306,0.7247500769915818,above
19.287628994303322,34.30669416509994,17.604137491490636,0.03700565456985421,10.282245014079958,0.9319510713889736,-66.13983610291038,11.707931985917517,0.749456736172113,-71.38872837784058,-0.7435124791729664,0.09623713678804505,0.31656730516611287,5.4676104071730185,0.4400253775037889,street_level
30.374621680305783,52.39877150914146,26.544672411881407,0.2805767420239981,7.80958589600052,-7.100815785176803,-62.76655514085589,4.808247393128481,1.4686362318571007,-80.72843676066739,0.423729725018835,0.10062938004310822,-1.0712686373317992,1.879732590484975,0.40394576751428757,underground
18.82519761365608,30.785888166499937,8.618028699849631,0.18210046598687943,11.016064084406056,-0.7927172053238714,-72.0636681000586,3.7335787063805137,-4.1789609108094705,-72.66389335598946,-1.4057111746324453,-0.17968686995454822,6.472458642237921,3.5022557020480427,0.9011808163050399,above
34.64548337308358,40.05936029941956,15.766187147257737,0.22139199069133436,14.887822739297132,-3.538700787245126,-65.15375793701887,7.20939652694655,3.698354773839444,-76.9784620695312,0.17893441776422606,0.010890675319634814,0.6267568463567974,0.5542840384165939,0.6928685823630927,street_level
11.846815819550738,14.663178653685442,3.3220986295110175,0.07270452698192285,23.283458838542664,-1.2390751413368237,-64.42641462898878,7.567398386197962,2.649143750790593,-77.7024321904883,-0.14246714534293428,0.02522794206380468,0.38211973317852876,0.1472830602872036,0.8314250370717512,street_level
26.013844434124394,62.20953787359788,10.050765804031474,0.3833330923771988,3.792535711496419,-7.302324815103871,-68.27952534708504,10.951526705382904,2.5496861082417084,-79.1226167134716,-0.644095377814899,-0.08340963251757136,7.1924426862594375,6.208450980583046,0.6081186925262461,above
6.641903841128357,12.15823438263998,3.646857271827634,0.10353429520928112,9.571125979898268,-1.3347379699376143,-55.39368973838815,11.900252204400621,2.5238556003390684,-61.74557764611117,-0.02903987856609254,0.017372385061992443,0.021361557129434883,0.6656437862896033,0.610513289984659,street_level
15.183439345130719,45.47311959525072,14.936310812389916,0.3211384976465006,7.398977064273739,3.6662985660002665,-72.46800262731828,4.545630057889881,-3.4073348624893476,-61.89507260348283,-0.46936309514288554,-0.11492833676893102,5.773778921602416,4.894421606914932,0.7826265634786199,above
35.75956926807711,97.16407317709304,48.68673952286599,0.7062437722062234,0.5181829055932652,-15.273071802448008,-66.90333001364039,0.4890853355076068,-0.7895341336502444,-89.52476753667912,1.2613603695005065,0.06382409023598068,-6.974546426236746,2.9050434793280058,0.48288180591619445,underground
42.08243238049455,64.1290279547039,14.428632677220698,0.2116803405712854,12.890841755143231,-3.920373145799072,-63.46585892134617,6.725775960779042,-6.800975465963704,-91.0683923254647,0.6457377599840923,0.10383549432875706,-0.8132199967981348,2.1849290433616915,0.76484718367381,underground
4.354730648077601,15.767167506687167,0.37932586598019324,0.05995937710108919,19.639504797012805,1.242828181575807,-56.068252375146805,4.702369889155576,0.36596869552813605,-53.384091719484076,-0.037419580551044634,-0.014706643787921032,0.2153256329159421,0.6629651629688502,0.6256992735026619,street_level
25.146567944057335,46.37489532625518,10.748617837736958,0.1938887656547273,12.592334139088965,-2.45154787481359,-72.22645401924562,5.655434291744204,-0.7116286527058628,-63.42462648357127,0.19552242796188976,-0.004867811565566132,1.0962539124365742,0.22653057363604212,0.9107814917103799,street_level
25.120626886829726,57.10695707386178,22.95974752237177,0.26826941932967263,21.654848365778918,4.761622949645007,-59.09854347503121,3.9489730767466273,-2.580500977982383,-61.38464356553014,0.09073061955884354,0.02298977725111706,-0.6015012101793901,1.8069073177092037,0.5102458227536188,street_level
38.46393188970333,51.00946856084335,9.83326923792447,0.4527937400199864,4.457403756926787,-5.820199070365772,-57.245873811880706,10.606067604223792,-5.647878601234909,-81.71974402910992,-1.1183394698922837,-0.2312237539749187,6.085109736683986,1.8024738018758146,0.5610794946344437,above
18.819463730656203,62.215748608455606,28.40529745027828,0.15396561227165792,15.164566379233555,1.9043051238273243,-68.14025219201343,9.494530700745331,4.967660469076151,-62.77307244249671,-0.6333231105541595,-0.07072397299556551,5.582992035811819,3.462685889745537,0.6939029427796293,above
13.291147315763405,48.55158679859427,22.030466741710526,0.34127398871037495,22.363660609615973,4.164569600809321,-76.78658087868168,7.840165810460206,1.6212572930023796,-83.80694826505406,0.05708578507963122,0.027084020844969366,0.434814787837722,0.010844244529159441,0.7493933662779402,street_level
11.509199725762226,36.89419966010935,16.815584483954936,0.15331709474233926,27.593268378892873,1.7050503440780673,-69.87290602798228,12.054154445293198,-1.2339770998434503,-81.24713423384459,0.5057246633419332,0.0745500024794648,3.3370765378472633,5.939971500202279,0.817276210023218,street_level
26.96535557225908,32.22694355885818,20.834933962760537,0.10009563049353196,17.704468090769836,4.946152515316411,-51.92968771669773,9.286992679048922,1.5320641039266194,-59.9784532835437,0.1760379607247338,-0.024042349374972218,0.002647260836591059,0.6464022416397781,0.6930307912071036,street_level
25.209840629619272,28.459224413671425,27.42970566950936,0.13068592717188698,12.472990730319909,5.9359504605958655,-87.19170290273514,5.388905441839303,4.8596045518323,-72.72046570297202,-1.3610413982839613,-0.05582528711603618,4.204902598557656,4.910152038907567,0.746723209364142,above
73.44531003507689,53.82023309007663,19.3327569749907,0.3691677440729222,3.285473184923319,0.7225820919554415,-87.25059139276053,5.442521896442623,-10.279612301613952,-85.17449650964429,1.3577836123289329,0.10817927433116148,-1.5366775292708166,2.738004106947206,0.5607341102675077,underground
4.015486102149744,14.630903844106033,0.8120048064992458,0.018541179307246396,10.445696568304228,0.13108001740806596,-72.16156328067893,5.914575880614901,0.2682861137156829,-69.2256536508868,-0.10096591818060799,-0.024881551074940972,-0.47515092729317887,0.018954774459003332,0.6807372682955221,street_level
27.99281247892676,28.8115418308577,15.189659952075733,0.4830956864820647,15.187260820907197,0.338610779441332,-83.93704943201539,2.2981946849139248,3.4054362466755617,-75.70341599577338,-1.1422887839854556,-0.22244810362240755,6.186460660973187,7.03779313774808,0.7789440346731649,above
30.09816229415047,45.723568188428956,16.984678446574673,0.1261420497666399,4.324531431004019,0.02580225103456435,-84.84863761872462,3.311539137365524,3.1088533727686762,-75.28932368001148,-0.5491495102671937,-0.24385040093515006,6.155141195423616,7.18262696811071,0.9779867108047711,above
15.032935298220925,24.990213740906366,17.097564895362204,0.2154372372443079,18.802211012409785,-2.526309995503604,-73.3101218829196,8.688656171007072,-1.963451714360299,-62.775578180311776,0.003560364636750621,0.015489486095235136,-0.15527180631247894,1.9291968467877136,0.8005227733312751,street_level
10.95529528055211,30.00100845965835,8.851236686583345,0.08905879857110023,13.090335487067954,0.9632202277755857,-57.39953295916168,4.699540954260568,1.3217712863879765,-84.98423057739272,0.00046261166850636304,-0.045660542528027405,1.584442233402923,5.661409425947793,0.818011785906106,street_level
30.975722008208272,52.08110881541732,16.38452921903897,0.2069365865609909,14.580538119094568,0.6526145743263605,-63.360772505821146,7.867931895132103,-2.666444692698394,-65.8662035093701,-0.753157618586136,-0.23501253250304474,4.224033956107062,3.922315338431413,0.6616944091540047,above
9.681952421915007,26.626904993071143,4.800861409612808,0.12437507242659726,22.100206404271866,-2.4124240106803354,-50.34141567277908,4.068148924136331,-1.0322343259958267,-76.0792871717491,0.4614391803554325,0.09028672845854402,5.364877582254607,2.462787660732936,0.8572252768074,street_level
16.839247857772182,50.178504913867,36.53696170411634,0.5053127937824162,3.9138199648360557,0.7713687216269989,-61.10117797791482,3.6178738169582743,-2.1270023204763904,-60.82364940157099,0.3214621313490694,0.03341577690027701,-2.3262526164955384,2.218907310573676,0.8098150246275051,underground
19.60677169853156,28.051728739385418,14.981334274681478,0.34553399545160757,14.223935328608986,4.561270603935423,-56.96824712270065,9.281025294211394,3.4093298100968914,-68.56070060996637,0.13280664538074904,0.034858023408373726,0.17411116933187865,1.6592334644996682,0.8735928421590033,street_level
78.36516294357115,66.6361087820674,26.139586936852726,0.8345542281655547,3.458052152741576,-9.576897534185699,-75.58452818644012,3.2206913711843477,-4.24094460142441,-77.9757652672268,1.4530126254470552,0.2299695670421106,-6.894877881232501,5.422427255189529,0.6184179747916112,underground
7.3367795539695715,10.335989970922283,3.2919146973382674,0.0254274541575662,20.08146053429879,-3.8738560893539633,-58.347329729720556,2.3038457228017166,-2.2545974672223945,-62.20208003099705,0.02594434197161205,-0.020879931940402,-0.4346808177296334,0.08886150955523649,0.8063895346745054,street_level
70.09300787823207,116.68372762621499,75.77914753516545,0.4813318834027215,1.4538592622871394,-3.9269775778516873,-66.2628902944027,0.6027757574913997,-2.6911341427801414,-90.12871367388236,0.5831589296201908,0.1393369921596839,-7.348877523474964,5.584618278968938,0.49146587210871423,underground
20.472421448474915,95.06990015728479,65.75033371294896,0.8859511336986748,3.8622171983418307,-8.846157933065806,-68.2430782709159,0.13919459078054253,0.9205268399732507,-93.40411563010267,0.7174156868048722,0.14952951865847114,-6.867756590575164,7.4818789027150086,0.4687397941534184,underground
18.929617791705766,58.99396058348978,19.278607449189472,0.2528574418341131,21.15317094644549,4.376112375100524,-74.3195860701524,9.98883882651976,3.002745572398198,-83.87960831716548,0.044842428438886,0.012256056483910358,-0.34957743520358964,1.2999143621774008,0.9539873235048759,street_level
7.319215889467657,8.292399113743134,2.9006058468528995,0.012766455145852606,22.657534744395313,-2.356585819452958,-70.62131928891411,11.511429639301223,0.6101740120260661,-58.87735285025194,-0.032435196408487105,-0.028314635891941393,-0.19936800170692592,0.5414805308316879,0.8513282573621985,street_level
14.868960261237984,40.993039602831274,4.123132608619844,0.2161109600534679,17.64974688930094,1.4778262405416305,-56.41063710181544,7.129576184762416,-1.6160733741260742,-57.42828929586895,-0.18505950582072173,0.01942776295901974,-3.16629125492926,4.376842543423624,0.5277724019984833,street_level
26.998359735970983,64.6284977243495,32.9648639226435,0.5764655601331217,9.529268101189729,1.4858574456724885,-65.55614139177763,6.338694349875307,-7.765281711241407,-77.53066109365278,0.5432830698677646,0.06446123344608376,-2.899887228601265,3.3646980183578137,0.9032316560162961,underground
23.577305273388465,43.221320674143385,10.917636509943044,0.058774004601778645,27.267377361193514,-1.0253343394029635,-63.07805843737603,11.352527527894893,1.1801484781818434,-58.825136737312455,0.27550377983758634,0.04881217821374592,-1.2196751762485398,4.525572319764626,0.4037855849265029,street_level
10.692247288381086,15.268019196190629,2.2409942080049294,0.04267959979721573,16.19901377538155,3.6038770433945704,-68.51786644857906,6.6825808321941444,-2.7650946753632146,-83.7698137120982,-0.008479824665432567,-0.024457504024208182,-0.2829187529244672,0.5891849939593451,0.94765475221505,street_level
18.63970178574068,38.25617633412814,9.22694025608709,0.32661145534448366,14.63920851944582,-4.801116693762863,-80.22102739385154,1.5621454555726149,-2.9522322377720918,-63.05178498399764,-1.4896986881065155,-0.23522913472741996,6.742000882281813,5.234049376726482,0.44893923581141526,above
15.020192856290459,41.58258373687494,12.991695806529505,0.07219802674500699,10.107620324111608,-3.7897172177755962,-56.110585462036,7.118712672049297,1.0866322759476006,-64.84376827876827,0.6321223644481646,-0.005858793703128848,-3.2471853155878905,2.313062108218745,0.5921756412190752,street_level
4.541374842284704,10.813191684599165,3.8095864607931818,0.08574029006148186,20.542969957702194,2.9077875562058493,-72.22616277874994,11.133357317283723,-1.7194824197268659,-79.55659400556107,-0.029408637140044075,0.022988225488523494,0.4380161408425307,0.7042548428146962,0.5855027220952119,street_level
5.868741412954368,12.342905286420022,0.886671674478454,0.01872758483817827,24.74843201840577,1.1686940883713453,-71.84236965212693,8.016232992004237,2.18960536947632,-67.26506683462316,-0.019991666361544536,0.021272470180666143,-0.11603049063107329,0.09615857109622637,0.6862488157138171,street_level
41.41764586484379,55.80522740555401,18.071048755838056,0.31083402872772814,12.82209771639668,-0.740524727216366,-77.75830201022289,3.562345725672059,4.489771775585819,-88.92675890763529,-0.9019581608457875,-0.17084751883808597,5.342124801799634,1.5884769867910897,0.9866016531684977,above
28.849693851866093,36.095484278981104,14.897757869469563,0.26809612728949744,15.651114384516267,-3.8452142521046238,-74.71907273672018,5.221635651938982,0.9120562813838928,-55.80174613060986,-0.06486455095665836,0.0043991679386210444,-0.8060005805168781,0.4890745415951452,0.5264650700161886,street_level
4.579106861075447,17.108632974121488,3.757001113626928,0.11589813514603908,12.29571980013306,2.8828555960542888,-65.0646978224474,11.887976252201398,1.735697379764015,-76.52476652031139,0.032424698769303595,-0.021992605718811356,-0.015323198402624083,0.5643828138562647,0.6106251274083665,street_level
20.19092969261734,60.65893482694398,46.26629062967354,0.6968217486002513,1.0218661429530218,-5.450604066086941,-67.06991279729566,6.60915247756635,0.7736931673825023,-91.87665438656872,1.074729272629321,0.09966597860228772,-4.230490563277158,2.1649497566496785,0.5204646490677927,underground
9.032977780314226,9.570085579288667,4.765813307594015,0.07421386633321218,18.71308043423674,2.7584896964519734,-70.74861040583183,10.447245520813672,1.9612647248191557,-63.596928791492,0.017397202609246876,0.014531902794279565,0.08949121531601156,0.7127650727634955,0.6540592390435696,street_level
42.45889271179256,75.25800026729993,12.427337996771296,0.3387874045672336,3.6314653772413337,-3.2098214753303473,-89.5977174243188,9.285002581692217,-1.6058887008549725,-87.02654803091518,0.671673470649698,0.058748578325728065,-2.219126794366577,1.017804305113257,0.4552264055227666,underground
17.754063919968345,32.52647768413942,14.608055908139523,0.02970507152789013,25.49625499617553,2.8784662160146457,-70.68903476860588,9.920585450409376,-2.671570614261688,-84.59562516580748,0.29022984645393546,0.08600721958369803,5.204137321920147,5.693977383613651,0.40918680197398877,street_level
6.7952912893341955,14.440314751464685,5.313196598063621,0.12510528622839323,21.871329244428118,-1.1967330607604634,-62.21182737807749,3.7645778744896248,0.07749623181793908,-52.51177525225317,-0.11850106230210175,0.029533181016694887,-0.47234506499992535,0.02746105774394767,0.8365579534620344,street_level
25.172424266084718,49.246845592309384,13.211733712976617,0.3434236165291548,10.096185194336861,-4.452281656029651,-81.8303318604271,4.085999675063035,-2.473270088270617,-60.48620455321121,0.6908369670340685,0.026072171589249953,-1.3994457072554654,2.9996701817363327,0.6816306194739983,underground
21.82195037629859,58.1939495026848,31.5422422432078,0.142062572625264,3.117796449354653,-7.99273535366041,-63.69179956790808,1.6126575722504073,-4.9364020926331404,-72.45420623113567,-0.9678280377867713,-0.15441577849117266,5.341887296079687,4.59595911979141,0.9447453960382363,above
13.826579121937675,43.79094445842977,9.435279707635832,0.2581134352847553,8.236987743835508,-7.524009416736341,-62.030174237418336,6.496196107917352,-5.896825755520086,-58.823999304928584,-1.4209275832039683,-0.13988867280848366,1.8292439862126617,6.871846219795816,0.6695314332526732,above
52.414841765055996,92.62999027042565,59.624842253294474,0.7080769957675235,3.857268908159396,-8.874912752636524,-64.0585020281627,0.5736018070980089,-6.413058754218801,-86.74009481681621,0.263164207996223,0.18224731643688769,-5.2807111593784235,7.365685580909991,0.6555554834153327,underground
35.122261517049985,68.72786085438986,19.14513167220806,0.21406802921325352,13.69528173529402,-4.51607467000503,-86.73097256752997,1.2746483922956597,-4.024892791090967,-59.68191428596895,-0.8124658746795543,-0.13828322293514994,3.0028074066777064,1.716836962262662,0.9653821429552328,above
40.368275240071625,62.965955526580366,32.48821337140854,0.2162176119581751,6.8499604885498115,-10.541281078093741,-89.51334373725007,9.164073335414015,-1.4018440305956412,-94.93527508036658,0.19031523725407218,0.06358517528611701,-2.6101449425174206,2.7626579426233304,0.40989896632764744,underground
21.740940529295152,54.49997549798443,17.848168188287616,0.20704178734650136,22.307998763983143,4.4846016274856595,-51.07269387784381,10.344848041232389,-1.552430489715019,-59.52427566413466,0.05180616430243315,0.02395380250185864,-0.7047897323607348,1.6707442725832722,0.9340193679877886,street_level
42.272796106969146,56.902542524162286,9.459057663281301,0.3538664092270819,10.614259963414588,5.754015970632063,-71.9534322521,1.8383640665499923,-5.1954225040661,-74.46976404043716,-0.8966255050024415,-0.21764178085093383,3.17539147442389,7.512809815327337,0.7865394507261818,above
19.822691339006976,28.02545790887403,5.378857250000907,0.1787637290724216,13.947807327876575,0.4512543440202492,-68.79035426921493,3.4645282089921885,1.870644038403464,-65.03998413381615,-0.00387141373751676,0.013530364511458698,2.0001627431748368,4.1075528477307905,0.6412159320994288,street_level
15.478859844906562,61.79041327812357,38.26802020047221,0.2839982437683114,12.108786638870534,-10.47529007568371,-70.451516530819,8.915583636043017,0.20013090684500057,-64.70630724467495,0.6883159928028911,0.088527991867375,-2.5799686425214405,1.613035505977909,0.6858368059622562,underground
7.559199214574481,16.329752794465556,1.0893703312595788,0.009501613578166234,8.377122765655649,0.7341715262291784,-46.43379487059079,6.3238322922552825,1.170201178283092,-81.73734904281622,0.0551149617903304,-0.01056305075962033,-0.4989994676130296,0.14702152832283852,0.5917076878832975,street_level
16.891749828753614,29.20867984819717,13.089231133249813,0.1418010334186577,24.65765292316991,4.230872545573179,-73.98328077931109,9.339315048579586,0.00635342389196758,-77.3815850768929,0.18411326128658875,0.004507507464968363,0.7523834165367562,1.2018825538089544,0.9743885717227982,street_level
6.050434795034235,15.609362625680689,0.2674648797323065,0.13632936653037867,21.09531229204383,2.8348047728964048,-49.2632150144912,7.155852011673085,-0.2894291611041968,-61.93960642132092,-0.14698199915046564,0.025433176553926393,0.43251870519625624,0.025234317965926945,0.6048660519715043,street_level
8.07037319965885,17.281090667784312,3.2908971498769093,0.02924136762227865,12.989319865077448,-2.0037968661429293,-59.30009827079061,4.595452415198571,-0.930956429197475,-56.53981771237656,-0.13490261698245337,-0.023703597427120207,0.4435217667719489,0.05808733164300533,0.6341546419851576,street_level
9.64812199386513,30.811621265624737,4.10843038549855,0.07208425717288283,20.31390163832087,-3.3312034050146773,-67.35833644287712,3.8838401744453623,0.719383445209222,-75.48596225461476,0.5371633924452097,0.07833353248529015,0.7631007745102103,1.8067894711903623,0.7591535545888477,street_level
19.086961892737623,50.085251974299425,10.630564557439602,0.15146262415635384,16.67188763030568,-4.199443475085302,-74.08836245062783,5.627432314803123,4.528920348737662,-79.93262731168974,-0.6635743630466772,-0.13290886787957706,7.453293752895017,5.166614308352969,0.8142119398482731,above
23.750080700722613,17.908455623133772,6.7054429804722435,0.027316823786228333,14.405837910025651,3.6990219386774195,-53.58584568824853,13.920573095119611,-2.8346150662059504,-59.29565221392204,0.09910985585132648,-0.031732464305905886,-5.947514720120926,3.5262491486428122,0.44358824663314234,street_level
18.976454173455856,71.07001089961003,22.80828552355065,0.3164005638656105,14.2824660646126,2.453536006433419,-61.581433549868194,11.421287798194781,0.30717970328597755,-63.08361493482609,-1.2519130518717607,-0.2199798603294383,7.958867242804529,5.8045997145404025,0.6840321745804764,above
32.218606311533684,74.4215831167428,11.38430240570811,0.48355180937148246,11.522967119780864,0.0008239886640915017,-59.417745101250006,10.71515533134629,-1.6461831148276147,-59.219614999905964,-0.4416277476003383,-0.06569386355806953,4.027722832485669,5.5692708739760075,0.7734301112589612,above
29.310454106460472,62.04853329008307,19.792258516480647,0.11746025454847514,9.191284744400257,-7.181213112676962,-56.01054192425498,2.58312249918082,-4.932658088019694,-88.6925713334664,-0.5856775985551472,-0.10653511373488728,6.632560347425276,1.7312671056762645,0.5472539618613801,above
32.74556301360324,31.877635504183868,19.594486112954808,0.5212477923342418,13.034066308969711,-7.527256094181917,-61.93483533613329,4.857272579496698,-3.1556672879270637,-93.948210414567,0.4558543534115851,0.08385551091506484,-2.1175699504501804,3.389647758469545,0.444644619832908,underground
44.42558634473627,47.79255944993908,17.208384285676086,0.24176125249450828,13.573347926142365,1.44977334796498,-78.5496369965301,4.40696354187353,-6.361887916228982,-77.11915340267524,0.3173671770018223,0.07835617509315213,-2.089382036366355,3.989451597206152,0.6299097971351277,underground
17.196665897137862,70.17076805119123,16.404575940495327,0.41849141590568195,3.9905182730004563,-1.9339572249118095,-68.74722139242147,7.894694662144865,-0.40181332105451517,-87.85482905551191,0.2924983733516665,0.03389114230155835,-2.2457137879809963,3.4428250472644484,0.7047800019004222,underground
62.317097668554275,53.07707370593047,30.492513373856376,0.5979536737897521,2.3507995413804172,-5.2368744453016784,-81.32127257797721,7.982942644897782,-9.617622229287212,-65.12202796120751,1.26223564542515,0.06316047999254605,-3.0677054445758376,3.5657897130275003,0.46585617731546713,underground
24.21384617053115,45.23236781434298,33.65031108063815,0.4219739102513069,5.837573916029543,-7.788591981209457,-66.40845312532625,5.1510877515459,1.075050286932277,-86.74172415866806,-0.4393994823044425,-0.17313270414194348,4.741854879308194,6.635657725545869,0.8916056667895966,above
20.612621687972293,33.93774935412945,21.187161375694785,0.31084189414784114,16.20692768633643,3.574896509785482,-60.56947508266826,10.653963831206275,-2.992355276237852,-56.30317637776217,0.1997277534424354,0.02363346354332206,0.6388170205351393,1.9132737722439097,0.7039231905276193,street_level
28.535729382170516,30.31620056170961,21.865705349785536,0.4287171451133863,9.437855604031693,-7.0255878071331574,-80.24462324770766,9.598573052352311,-1.0013678369075905,-79.19647851870161,0.5801221161818123,0.04265735339410123,-3.6319886748013657,2.8872879620222083,0.640552240487155,underground
41.38537405167867,88.99413233689839,32.35729791332137,0.6815294775104854,6.700474094863646,-14.220502778400402,-82.57209336720348,0.6578125196585374,-0.24441365986547225,-67.55722997049651,0.5282189088818977,0.1459588499249981,-2.618659576878266,1.9280650123070329,0.9182507508700967,underground
65.80380131719679,89.7668847836025,78.01208032508227,0.5098858940243999,0.12162188914352501,-7.182677646693074,-67.45494362256883,3.1494524371450305,-0.03658489121422548,-92.36452753939696,0.3202077617467581,0.10247194924849883,-2.5130808688596744,2.022292836989657,0.5470468194925393,underground
31.339165767437457,67.82821246417444,13.386952692765945,0.43298179172574647,12.287836629399443,-5.326838748585543,-78.73742996557047,9.893138256449431,-2.6716238398355507,-59.010064692926576,-1.16514180058977,-0.18682411720960984,3.4475637168873208,1.6487603092089214,0.8859466548119863,above
34.156644943795584,47.83628811008913,34.957679899102295,0.2295581659863095,16.423263783769105,-3.048845413952555,-84.1085350218519,1.2649683030900793,-1.5399088572308317,-81.27373828888223,-1.4241495985142845,-0.11922185388220813,5.510798205019229,2.152818131850604,0.5795379887980391,above
31.645717052973055,55.66319385651124,17.646658837409174,0.4678430906838238,10.14563413906162,-2.5769842595374897,-70.96276086922045,3.390339813224746,0.7755107062089088,-72.56846792271875,-1.4303967643057653,-0.1278378880458125,1.62300283272558,3.369934696443289,0.9308460553438415,above
15.67447960939731,60.393249779682876,19.30012575294381,0.5371094921040582,4.488770585222879,1.6643236681682954,-84.46267091150835,4.40275655301072,-3.3510385678695362,-80.25699714829507,0.1906484342035578,0.11682664889140397,-2.2219286935767357,1.170114056867848,0.9488894193435206,underground
21.81517487309498,21.9906166042367,11.45234016774993,0.1152665610907591,19.390871784919742,-3.538387739434828,-74.00657922895414,10.251419096782207,-2.538426543987212,-55.61924619791585,-0.21595716758047367,0.015548066562064908,-3.698629952157978,3.2892701998896574,0.46371307851277793,street_level
33.509280278299116,78.36110720454484,20.01328993554755,0.480353086986008,13.703412997683907,0.11339649072635005,-74.63076488547594,11.980671325700019,2.8142641555392576,-84.33081094452697,-0.43743977847398097,-0.13336243774753598,4.769953836573564,1.961588401831447,0.645730128972596,above
76.54811364549397,61.15074212946973,33.12986297755465,0.9374348222381199,5.706459073407472,-17.32433353818828,-80.37769057280978,7.913424564175311,-7.063571098148739,-86.85858771867697,1.3710356770731398,0.15408539984545566,-7.995158951908109,7.8230208951612035,0.8879405694327713,underground
12.677808406649177,44.741718962261224,27.78716844949811,0.2380209549054353,7.147035875003114,-1.8842164305931375,-59.55602279023289,10.74708119390491,-4.998214980907062,-90.30300790013668,-1.0672274745277357,-0.07394385702471495,5.287939533464463,6.786177951591844,0.631377937887647,above
44.86233630407262,69.30092627369967,32.715799463891365,0.3311405913986459,6.677844638789184,-7.931456021925201,-62.31741480542751,4.00275369528637,-0.5787630696066444,-86.14104656437159,-0.6149225810136685,-0.16210108088997843,5.362320966395738,6.467705935133549,0.9611882190567789,above
8.392227628329058,15.798528128839497,2.488674884802751,0.04691924365135258,11.090821410630873,2.046242722780798,-74.54625420515166,11.949040348628277,2.7763665929118666,-68.14399046074556,-0.06288260667959251,0.025193317589489908,-0.1226123831785777,0.025804341485234784,0.875279726469887,street_level
28.723955361745688,58.55252679171005,16.66112072375129,0.2081123790601732,8.735008387084937,0.5379445795136117,-50.264177082550276,8.978655936334013,-1.0363877558512051,-81.09225044396621,0.1708839483228061,-0.016851605493215144,-0.27350498102999543,0.28070883051760664,0.6554767690515885,street_level
18.155402001539816,56.62553419543862,31.628459882678726,0.24759527233811057,8.168598549844818,-2.926133156945399,-76.63672980946146,8.45957223096745,-2.528433600580742,-71.2198609317859,0.6415809859652515,0.06408849879120489,-1.9714404816655433,3.25576458555497,0.6784057742507938,underground
34.590594202926326,66.70968956512229,25.666261328842463,0.4489465541627443,7.061025507280645,-4.4538078993520305,-70.37355087869871,4.819266218823391,-5.797125575362166,-88.4081905554081,0.6783373800255306,0.05738247781181692,-1.6298943306367044,3.7919933744058527,0.8275227269966933,underground
23.664960620089737,29.19392106170244,5.588532144951232,0.1780626024891811,18.955209983239378,-3.464035559875816,-74.63224014413461,4.04299989181615,-0.4244092900365377,-63.54290692485854,-0.1564522477311303,-0.0645710496374271,-1.4774683786089868,4.487199538356274,0.8913395242525054,street_level
30.4134947057873,35.42372825361107,28.737754916643453,0.3789556838738252,3.8375569478342273,-10.643890229522928,-87.28667999845848,8.4664380164266,-7.23712460429096,-71.44689563747139,0.6426856067302834,0.021420053954999203,-3.4367697847044734,1.4170259262541636,0.515484961875669,underground
34.43076036095666,43.112965140993296,28.406313528909976,0.38520607988410255,5.6806063090608285,1.1588218340355994,-85.94229543250574,3.1348580857537653,-1.0149149860541264,-90.91881127569633,0.71485490139959,0.10057635824941291,-5.554523568435096,4.267255026139269,0.9298682501700395,underground
8.81189215957413,26.6733117684879,4.2380163192098,0.057531581267573434,12.14528555777823,-3.1632893259331256,-66.31327481257568,9.651259919413766,-1.725079975750091,-64.63557355005997,0.7796475506847347,-0.06456841055702706,-0.338623577687887,4.474919361125247,0.47892620021519205,street_level
23.783639292175444,49.482159056162466,9.649264947343909,0.18255406308145916,14.903790516969037,1.6910605607947735,-57.94476563032896,3.8752104018617333,0.41328217523176125,-71.95476834837726,0.13071629590643144,-0.00590459164827286,0.24047061557877525,0.9782508175052798,0.956813327502184,street_level
23.960734990568742,33.52944630095823,15.235442374294895,0.19493928612318395,11.355365652960284,2.5401290526894114,-75.38221096139877,10.446883079365774,1.0260427398878091,-74.89277321958593,0.16325935089904145,-0.008232266757902777,1.4463957132417793,1.7196132017408536,0.5394758669952149,street_level
78.53747969006322,51.993571812250806,19.662597310897247,0.9433221398690582,8.480884749834285,-18.872287045631218,-87.11313465695739,5.348485515933907,-3.7872076160460946,-94.7051618693642,1.3930884625258724,0.16144548003237183,-6.040030631405192,7.710281664825201,0.562070825172064,underground
39.55250627458643,44.07844329105343,21.918557018884854,0.36764976145391526,10.999680225778704,-11.333158290417124,-86.2117876599718,7.938401103554441,-1.023117202265703,-67.19342707153287,0.5905807412828594,0.050703630141602715,-3.9721829733134015,3.8559384412111193,0.8057068930449838,underground
20.505966323371805,45.89530184999022,21.106089966062953,0.24767198100530027,3.8947477941348465,-3.4682064039009077,-61.58419216734539,4.689604801823512,-1.0886959783957613,-85.7950180984913,0.32994184043413843,0.07237053951395087,-3.227000171951901,3.405424994957812,0.573482015217324,underground
67.08211811095673,109.63359325777456,23.912701470968337,0.8892479942163479,5.798346823076093,-7.3674136627537585,-60.66694024856699,6.119835325926069,-11.611788436109594,-93.19685226386541,1.1825032266219373,0.1982984373155893,-5.27736020770976,3.018054294074644,0.48848334783551706,underground
43.34759376522574,69.25599503426847,10.783103448305845,0.2622013748920634,3.7797464968600694,-5.329222762856928,-79.08938673467034,11.347045911561647,-4.841308424158303,-86.22151186543776,-1.2432931496171498,-0.15754687262652164,7.757235768124542,2.773348508619595,0.4214422095691017,above
34.481910775203325,103.88404904459463,60.62998632214411,0.6960504088310453,6.310673726985961,-4.245176454066986,-65.40552299534829,0.2553842225654597,-10.364959377261066,-70.22938717796285,0.5444805801173014,0.14712251095484155,-4.327344337032853,6.170006047361252,0.811225202643634,underground
15.293906944736113,49.41518312653028,36.62538355507597,0.2631946606853162,11.930412503326515,-2.490284153388499,-72.3140311185046,2.9444599023976985,0.5014080673030268,-92.70115044922879,0.44876272592675626,0.026003418678315363,-1.7993715814607611,3.5689678651209826,0.528993015813763,underground
18.805962990089455,53.77924695717702,35.231851129414025,0.43902232330871893,3.3833103190628746,-7.685246574629089,-73.10698578527621,9.628745470422917,1.4524895118641332,-79.54118281448244,0.345715337316817,0.0291014025948839,-3.899357758037065,3.023882351020072,0.7176044405785669,underground
23.84607235022883,64.60338809181673,23.477127118943315,0.41412497166025053,5.519198225071188,-8.68801389063681,-78.60428254082467,8.208751066149187,-6.649557742178622,-67.36263025499248,0.27078467473092127,0.05023921046889254,-2.461414079470366,3.7081504367854645,0.6185501767056584,underground
27.904457922170415,76.58681631532392,17.39977115289424,0.44750307461456496,11.846895686001188,5.260484597111994,-82.6521513223976,6.660831246495577,3.2174734849410314,-74.84091400326393,-1.1579078104930727,-0.22473873789479712,4.223676016776729,6.906749516036692,0.5303016382554212,above
27.29159342772462,39.98595582426867,12.016631264823598,0.5933400109374536,3.9958305003697867,-9.140344783932068,-67.49420304525546,1.086351923589553,-4.864742509306612,-93.2766825738164,0.302289068668114,0.02184524888664246,-1.508242530919734,3.5190708496601486,0.45328914287575517,underground
26.6972221338822,58.6973963886093,30.277384361269466,0.22740886369506416,13.137032330028884,-2.335697302638888,-81.9561124594653,3.925324762677027,-5.922321209314408,-83.1205778454339,-0.33630511838794175,-0.13942939709809754,5.226534089571267,5.742255089687164,0.9902132868644052,above
18.8047052731655,25.507434855443936,32.800350669326356,0.49030839562264694,16.32105631483161,2.2196965745302055,-72.54766812194784,11.849772856852855,-3.495937491628754,-76.94629041289387,-1.0926785201936724,-0.23894534407356832,2.1568833115423622,6.071815050063447,0.6784888745687458,above
26.149392946698825,55.75559780357264,22.549024754199063,0.10440931459121545,8.906819109108291,-2.1985647212137245,-68.53839878675811,3.5860467316874076,0.29159990406308456,-71.66797482832398,-0.4290338018032771,-0.09606226780335203,4.749461500715004,2.6544333716400983,0.7422343283078108,above
20.97724994304199,45.62137496440919,24.61356627817068,0.295860065910459,12.519347047241618,1.0456439203377794,-56.37661800254364,8.957687793124208,1.8682760632763324,-61.26879672174813,-1.319008904124741,-0.1571639270694536,4.3747840514025995,2.4888799462382427,0.5103989291841396,above
16.391448658531868,19.039040049348927,11.154004385712298,0.14768641016154788,21.151800476654273,2.45835169995002,-74.28781212555421,12.839544474025642,-1.1636531645649641,-63.89027368026731,0.48128958801161703,-0.05279515512128943,-4.1567357447202555,5.500244447718623,0.8347576595291394,street_level
18.99149160435634,22.189460843553906,11.88198116380667,0.2741277862088522,18.463686976006436,0.17239980836030977,-54.17006192758589,8.15728061391771,-2.034770504516497,-78.73682903240338,0.10207959831063873,-0.003950889826587232,0.557899910941273,1.8211782543932011,0.5717245258331745,street_level
24.573712129964047,89.22409133675805,74.12560636347449,0.9429314167637748,8.443286396809448,-8.714693659059805,-82.14335557634334,7.194610666733959,-5.763846020210026,-80.79264661179216,1.4972920045322238,0.2112528598207698,-3.9499069461064913,5.122628786662338,0.5097692623915901,underground
39.45793845465816,76.65395032738968,23.754751906893695,0.3830404219430482,5.675818126836465,-3.880022671826824,-67.69870705295635,9.816513112462538,-1.683506425393043,-89.33988927396462,-1.4725957718203775,-0.18958984451296046,2.163871811359516,6.120118835230189,0.8557664510452633,above
27.062452037663782,22.65710133050777,10.144050140790297,0.2787723397384365,18.072802456622632,-0.6932979015827545,-76.00928781008591,11.051487139435517,-3.1649724750120374,-62.56155841843268,-0.028953163295849557,0.03931866838601977,1.0211639190387904,0.8571914071267221,0.8304025794213726,street_level
14.877501942607172,44.98163200179209,9.293680348193641,0.19945449705431292,18.848631036063484,-1.7448335202552236,-53.62985758875724,13.212715167369234,-2.756087042214805,-64.53743415535207,-0.3069425444499116,0.006685552256666449,-1.5325128393902236,3.3920739930887214,0.44496949926992185,street_level
22.526727202032284,36.30591930225415,18.124520622928195,0.13122019724733736,23.578155354411525,0.012678241299409976,-74.91860769223663,6.296204453487606,-1.1688028359825724,-80.17987731871465,-0.04115070302466853,-0.026760021060500155,-1.316351665947438,1.8231663097473423,0.955970658772224,street_level
74.23205416814274,119.20537766453302,59.308199404998064,0.36253668094861724,3.504732886675913,-11.873024767482757,-88.23658938548881,5.633181116730542,2.7427365368227736,-67.23482742102696,0.38563112221290724,0.1261458508874995,-1.9178849761260919,2.7604484952022705,0.7402130120103532,underground
44.18657245253368,108.0461271188714,69.04970879176318,0.838021726887799,1.7533452364453794,-8.676200555600488,-77.75911978007716,5.6466194383612285,-1.4857140293671538,-72.96413786788038,1.4701792843954724,0.07654988191322509,-2.7089126968691604,6.7057022422678605,0.9976286068895535,underground
44.69258236495752,36.664689161654415,16.582177310151422,0.15453452907896162,16.69888967586753,-7.505428564037245,-82.5221656692145,2.0661295905244144,-4.4321165779007705,-76.01695460843159,-1.3263392028154075,-0.0846971236539448,4.22581215110236,7.620832682572895,0.4801011567246629,above
30.84147461222104,119.11559417529637,19.96089819695303,0.4591316819977962,6.94191915339255,-12.165005085042388,-79.4599823946594,6.820663540090449,-0.8860689778490158,-81.69071215157197,0.9884010452677117,0.11249102931613228,-7.251642369208805,3.083608472998921,0.47641528599135663,underground
24.90119611322735,41.875964494334454,16.20405557680691,0.1693240656024157,10.323194986322305,3.3345846152959293,-67.50437726728744,7.370530985989726,-3.0839478714090225,-75.24146624648685,0.010191145304754734,0.0339173104608016,-0.2474366352167281,0.49264627783751247,0.9305717907808952,street_level
30.152943143721025,89.23411584599458,62.23595506736881,0.6494392338593482,4.91974699847752,-8.347474928078812,-78.47193472173805,5.828369162242405,-11.88966769048299,-90.53203213840573,1.0192413244780294,0.08139488376068764,-3.4627120059490437,2.886934774998546,0.5140030188003308,underground
33.015739048344905,58.79110924209741,24.402587999785865,0.29122902158888486,12.356279528304302,3.9305275317401875,-56.96343228628878,3.1182339966084136,0.30643709860479795,-65.68494971619528,-0.0013876528166137103,0.002622544374994408,0.5317337629873888,1.5195535169309273,0.8988512767571462,street_level
57.28372089105434,68.35165950457159,23.59624068172273,0.37420276196953867,0.016570114834413285,-3.055379112126605,-86.39754818896779,4.3267441613835596,-2.5997035536099773,-75.39845382333996,1.4179294333954864,0.14025326838285912,-4.734049985107562,5.155544932579383,0.6129969965635764,underground
25.699005932080464,69.04784333352848,8.305087457828758,0.2038533126623534,5.59422959547843,-4.266943618811287,-58.06769835245643,1.197719820896955,-0.875840636635429,-91.18877913778388,-0.49857857501862224,-0.15452384052064355,6.546847352816586,6.12379045732753,0.7477972511793618,above
22.47887943436865,17.431035488144797,17.151487721873263,0.060003441201602004,14.397706434825231,-2.1612319995507674,-76.05647793503688,8.913249286002266,-0.021415121821475758,-65.2021420352169,0.20870103234166537,-0.06961003977129601,0.6821505938535735,4.067973292182944,0.5389424529498066,street_level
18.133615275871513,35.33845613572193,19.739514819354103,0.15238219816625254,7.930160503564806,5.932163034331065,-65.18273827749327,5.077663524906358,3.8976209643610797,-75.41603370424627,-1.0933302788614905,-0.22496643627795182,7.6162491394408125,3.04009777441773,0.46384891303432724,above
40.25233916912477,55.38886409887735,13.210500346164757,0.4168853308587348,10.953849324657645,-7.99266423410887,-69.96654319044828,6.372852045320235,1.3452364446633176,-62.77658831229886,0.6658528503030878,0.06281255499711069,-3.7634420359336653,2.4661419006092693,0.8611500983042886,underground
20.815481167273337,34.90962550606359,23.71923722987937,0.21550597338412542,24.10185664133166,-3.293034541071954,-52.751593570296976,6.10360693782671,-0.46815953456399306,-76.23245421871887,0.06826243395764506,0.0073093297133424995,-0.9785214381360052,1.4883886726078257,0.7604515893879757,street_level
31.150317168003706,32.009652837295796,26.97616090716812,0.31131078202222595,5.420357953434836,-1.0581468744911584,-84.97650848919639,3.728311866360004,-3.4910416821921575,-86.3862027383878,-1.4366346201287319,-0.13143840012895158,5.385801670780612,6.551160777784049,0.550256498695086,above
9.73379574474895,12.405788169455427,3.670659475531976,0.14339949508042246,19.850751012460748,0.6205368664271464,-51.436952641531086,10.270395122909273,0.9812838309355287,-83.30012579301147,0.08666409092363106,-0.025490447400077373,-0.012256080122888036,0.549120389342552,0.5485619709418355,street_level
87.15657960136262,78.62984030448926,40.9840001606041,0.5542840287168418,2.5756266268707453,-17.320596875623675,-76.79452813686014,6.619757475990412,-1.096620077161198,-80.34931281036195,1.4557432180086485,0.23596959575464235,-2.889694361188803,7.652558500636266,0.5942902162008209,underground
34.41047059064431,29.470215485448875,11.772545945117884,0.26513556066531735,9.468206907900239,-2.451052367249984,-54.62489063782793,4.386404104556524,0.6219852424128671,-68.75434858456691,-0.09476913856876937,0.039719789250283064,-1.1128391206092672,0.9894289434380621,0.7187083522020474,street_level
20.027572448864394,111.63136592339549,63.878887606087815,0.5055276403878022,3.9353730490687,-15.17231184304758,-79.37615848210451,3.7317048686387135,2.0018899039334777,-93.47733833119737,0.4734440278671407,0.24412489819033958,-6.555199188758652,3.2437353724536098,0.7253779600017687,underground
11.119260683528987,20.981650000312605,15.532887692654448,0.0731879153877832,11.704787229271561,-0.7525018694119217,-50.8107174558579,6.923818576405212,-2.7983463915210463,-65.40571077109291,0.27378203543434076,0.04697435924987087,-2.529696681035115,4.144415429144882,0.7472795563425255,street_level
10.62420934954147,23.26980849140127,17.415310669609433,0.02535301716378167,22.046075745607325,0.35028045043709444,-51.070874081173066,8.295223004114966,2.107854577646007,-65.46879255819239,0.046336279363352384,-0.03743765171844349,-2.456872380397842,2.4652035884214905,0.852638028518423,street_level
27.983277775843028,56.00183436853685,22.077845634834766,0.3447908061659566,13.985508660693064,-2.5309050482199105,-72.9750758211271,5.895348741737243,-0.7519749948312358,-72.19509339551263,0.5102217362794679,0.04678244173548967,-2.369269615421201,2.7941661192764666,0.43933621961434544,underground
36.04619031220572,62.73177684480774,17.823927597294386,0.2576543477177864,10.452220270607627,4.15118080485983,-57.097284126313,4.7553519243000935,-5.473725072078577,-75.09933142569791,-0.4604594055744715,-0.19754671915642388,1.8309610482675192,5.064673048388156,0.9876935713346917,above
34.29387743618665,37.79405158091452,32.10484996788178,0.46506111215228413,6.9657928352546685,-2.4513260728828747,-72.53360537165692,3.2696980778551548,-7.149726216289791,-84.76154213262208,0.30641928148948816,0.09929060870533947,-1.5978408603727932,1.9172739807863246,0.5109570381231825,underground
17.035336606575342,43.425401607343176,4.155088414478828,0.11283031092530747,26.880757528545168,-0.04905740710530626,-58.359722755945555,5.212660765059786,1.5578063442012748,-76.10477069177864,0.5468641331294906,-0.06619180214573533,0.001636351978572037,2.1447543410108945,0.7658841073331085,street_level
37.085646357262604,49.68913519029692,22.397145109241723,0.3818761623348569,6.6467197659294985,-7.650909027294898,-64.15617471273808,2.84217019750396,-2.6746578297207346,-81.94186035309171,0.18957927627615978,0.07748599808441257,-2.7222232218114613,3.934599413096077,0.8745493276054361,underground
68.33897951633672,63.300169290490224,54.73595310186514,0.7014510928401929,5.347346896147139,2.9807753963794603,-88.25203363285024,5.121567235919219,-4.63666440734305,-94.8453327857098,0.9945530967815407,0.05044925910912757,-6.300100098723921,7.199328991781835,0.8930817948876935,underground
4.919003688786155,11.28100907570727,3.6699613154762525,0.014814785888972093,14.606361010998526,-3.805468095132536,-55.9624630151343,4.429001373852358,0.24029586168630912,-78.99352443296306,0.006215811829521856,0.021390129895838113,-0.05149279111912419,0.7858123371758717,0.5909631117413655,street_level
26.145695751392402,50.19767210798103,22.45656198822261,0.2812859969239968,12.237088912705396,-1.9770837406716835,-69.50639982044682,10.104446078224552,3.683659430716017,-68.70365643020084,0.16166776476189096,-0.016302817684666286,-0.47871138950324443,1.3692712730560817,0.5581378809774118,street_level
12.509130272218943,24.450357095015093,13.843106444306429,0.03360562673455537,16.620866338188293,-2.4756957665814747,-54.34900010043992,10.760592784390528,-2.360383254320509,-56.766800002158476,-0.31695566573319867,0.0492867361051173,3.070213574782244,2.4353419624742765,0.6439182620681756,street_level
18.366235563623565,37.41464029746894,16.490577732834737,0.04426360582420237,17.690899248432046,0.3588425412923657,-59.17255082068667,5.993139246783526,-1.7803266040481895,-70.49382763622035,0.5581801691078554,-0.011028656680691445,-3.2897632554453464,2.713097122312577,0.694303775898372,street_level
34.66496926223689,47.520055432294576,13.839129915314285,0.18147335483800003,10.949294829810935,-1.270034388011232,-76.41092534640659,7.6492586477431415,2.356549779823065,-79.7136065776338,0.12693306039354438,-0.010844103073904408,1.2642432401532924,0.05862833569853754,0.8415750112544157,street_level
18.484190892273116,31.346338242425738,15.71404793025954,0.1760162889570192,12.094823807230622,-2.968796804102354,-75.4772522474749,12.482702219276224,1.9189632566816304,-83.42799930092366,0.4514893760052041,0.08183061126498944,-1.9495609633377207,1.470236977851028,0.8271645625323538,street_level
28.248371015357794,34.33284289758411,19.62288767553968,0.12979601865511634,11.718248921456299,2.0713742014356313,-60.59562870741231,9.955014044538274,-3.254244517729794,-64.70088939598732,-0.5645851036101389,-0.23428418466397471,2.2936002307729773,7.943851618509249,0.7143356441762396,above
49.213012196535956,42.668303092966724,43.84036808564094,0.5605053692082254,9.044892518072265,2.183914236858719,-78.63617484597656,0.02620097413070699,-4.1146454645554105,-75.54832013952908,1.1823794366048386,0.12834887133307232,-2.053176119625385,7.8444288763753764,0.7273034634642741,underground
48.32930556186864,116.20799681430205,20.616827343255935,0.6025859783650229,8.356202385135493,-17.845580266389586,-81.57149957937591,0.5106513597762694,-6.124060061778162,-84.73480329824358,0.9622896409086823,0.07399453078209312,-2.9922784861650946,2.9760198672929095,0.8768551591238997,underground
34.38574388406546,40.91108459387446,10.952664859747124,0.3471270910079959,24.50914135037503,-4.671101296946102,-62.216673584809115,4.913805978434516,2.8136379185755613,-64.42138621891345,0.16857296698013827,0.0049236230710036355,-1.2333402630857229,1.1835650259949064,0.8834950344252976,street_level
39.906559855372166,37.416192997705856,29.53483105345372,0.17061568816206502,5.906998723361055,2.375542085066062,-80.80621833949753,6.792785228748468,0.9102987414996919,-78.06749454380726,-1.1232845473164923,-0.13909180753750244,5.536456552713742,2.8994420411185207,0.8261653506891031,above
22.656888883800868,53.35051092268009,21.82560601522445,0.31422196659465496,17.09595441069521,0.7764068859766295,-68.4163639244767,4.168086743683734,2.4391167785721963,-78.75996188033801,0.15712808847269652,-0.014550455070298337,-0.5147923655034453,0.08857544327025968,0.739013652498975,street_level
33.8156381353959,71.19978841006275,11.329670248919257,0.1457121494294047,8.774270292014949,1.6276558415369884,-72.51960288459783,8.174206095513375,-4.2147479900774165,-59.68888064272494,-0.7583615769434993,-0.07949240166201879,5.656835701080822,6.971913923377312,0.8155015714933191,above
13.305013052317078,44.51769541262264,8.218259897180094,0.10151303965336637,10.574587050320353,-0.3731267822102433,-77.09509029625679,11.64508482293053,0.49723820630075366,-76.2057709260175,0.7481032104111895,0.036231139171096605,-4.238447220703964,1.0165887093289068,0.8402328456976051,street_level
41.899654289347836,45.287461053453505,39.21609288567947,0.5715598416942759,13.810354598349194,-4.140729397399843,-87.78631781157415,7.225753888475682,-1.964728288287807,-90.6650806602984,0.5315601167219706,0.026297897601692946,-1.1431110242156866,0.885270482713862,0.9354826438843176,underground
10.060973968597606,24.19074896708176,13.413318514856659,0.15274356584656348,21.157979315647875,-1.2452341120226613,-68.52813638528886,8.768094079403909,2.869944201124591,-60.925378753720196,-0.23527108156252885,-0.007428126074719571,5.1571277495842285,1.3696147388923405,0.849802068346563,street_level
17.961843234798724,34.02500383200537,15.293962693846542,0.2026728694868786,14.687915391428227,-0.6813735094578819,-73.4402832805707,8.032714131509799,-2.0072680024857608,-58.08170133684409,-0.3961835987139537,-0.001274721969854009,-1.372403556603948,1.319592242954791,0.542213972797728,street_level
4.1280151590766705,12.797257487791509,5.086634000206828,0.12523275838132822,19.464867872321737,-3.8298777483606976,-70.08827975864997,10.20456598301963,1.5632912484399393,-78.87683255608668,-0.10249029565129963,-0.006343017463223875,-0.14866410638356065,0.7531070226067944,0.8384507355293551,street_level
24.54659404131209,37.47534093230862,5.513057055029515,0.03003435091624281,27.95049229613766,1.6835646971103149,-57.12827375768405,11.556265171936158,0.5898761914258586,-67.70109367219685,0.5231777510120417,0.07253878570116865,-3.983364993951184,4.683199636919276,0.7790802480769071,street_level
43.63838445293631,30.860974934582853,14.201043720856287,0.18197955611874247,11.366973011280656,-3.553225187866401,-59.34378598123163,9.537312913042117,-5.866311086308329,-91.97257712511824,-0.35920303258383224,-0.2364262483675352,1.875652525606107,5.395485431585087,0.6839241954098838,above
36.63751114405983,64.47151513476463,30.34929844690079,0.3276860538621438,10.56785023847467,-6.953359766370187,-65.02698517869973,9.76678238129738,-1.9920804971060075,-67.46795517262464,0.17649583808463826,0.034877872682736955,-2.101893257612172,2.6118722602972753,0.7724113849504426,underground
23.826151856267813,23.844781265787706,13.441556533451319,0.28096701013401515,18.510771381525075,-1.161576400695219,-77.70814033269129,5.363669261352349,2.145680777896035,-64.75077901804826,0.0026506686508325356,-0.011224115275783129,-0.4541475869332019,1.8861078765221992,0.6594519956790962,street_level
18.48233646122522,20.13532466264425,19.890862989512964,0.14735357610473748,19.013281915170044,3.5204400100573157,-74.4555476477451,5.948583661864589,2.486973745438976,-60.1713733084608,-0.05971173876704129,-0.026555209841921643,0.657955677169193,0.5833017143264685,0.8699982626316767,street_level
55.698436130802534,114.48513179685443,41.80316807752649,0.3848738361500302,8.312744345068117,-18.87103565897197,-71.54084317055998,2.4068331558665452,-6.694996079329663,-84.87682729603104,0.37816032057587634,0.11901845271302885,-2.253730015195381,3.7768103073009733,0.884341130706743,underground
59.029877926449885,100.67880401768414,55.539733508813725,0.7727148649443323,0.6337496979187618,-0.16313834154530582,-81.61964323459411,1.520826510317204,0.270201755506994,-84.46416483527194,1.1359037888929757,0.19043620013816628,-7.910713097565057,6.320172451440302,0.5720502710171669,underground
20.1670201842165,32.03866262082917,8.144626862993668,0.15215999000299915,13.034346935450376,3.4766399407684627,-73.27224207342071,12.004958134228474,1.6442027120857468,-61.856722092345095,0.05892792032490024,0.0046796930642365175,-2.876010457438037,3.981747776868255,0.6330379517159733,street_level
23.369038144071958,31.693645788725263,7.2010439780103495,0.20921471004627423,16.784446057863363,-0.48337320333066813,-66.92891360749853,8.739509229767778,-0.7130145632187737,-77.52102185633676,-0.5459686920558324,0.0515716233741523,-0.3945524557181823,2.7671358896752616,0.4124503388337758,street_level
10.90445642560208,17.028621292313794,2.7407422569517124,0.034197183138449834,20.972013905664177,0.17508724382699015,-73.81967634198605,7.556408335421169,-2.2831329320674087,-52.147778395385664,-0.14460251198772528,0.0013545006593023504,-0.12454820093865271,0.6563746744374143,0.6212452203721112,street_level
10.659669797437381,12.13471115416794,4.670294285233037,0.11063433026242352,24.500105222949728,-0.07770681620071507,-49.42684171720401,11.993189370501149,2.1514442115334633,-72.5361236343834,0.1226923092130702,-0.012314359893816098,0.28574016816166614,0.10371116945516086,0.9146741434262204,street_level
50.70522862007594,117.2849342416892,51.64936600551545,0.48808653257267604,0.4993416763790026,1.8057159586861005,-81.64885276793206,1.174925265093572,-6.410723094399638,-67.5897787036173,1.0937625659788113,0.10809874183182655,-5.013279951477696,7.899694260049253,0.8634652212323728,underground
9.958196240011794,12.926437197548138,2.1647002988908444,0.05755301952715335,16.039011355057852,-0.28406125911335867,-47.569186244589815,5.475201235436778,-1.853111851069622,-83.425502477976,0.08248079958147883,0.01788367182531274,0.3906071067838498,0.09572949641995265,0.7093733635620695,street_level
55.90755659217611,40.980778623762795,25.931429865985315,0.671692767577253,2.2372490860347485,-2.796226702069653,-85.95240732860086,4.506231931160439,1.9974118087956718,-81.03361882830397,0.599512425275146,0.17093346635214524,-2.9798019622660803,6.449450312399906,0.9119293616371245,underground
6.266561380440588,9.558228615498232,3.8336906518382383,0.0243492462196023,20.255925097618658,-3.8579096577637433,-65.73219324312738,10.146293538218401,2.117521510360822,-59.52292150176314,-0.11962422629746461,0.00773497888944108,0.4465888884141326,0.49571106140540355,0.7929354212453825,street_level
29.872443125518643,45.12126501322684,30.234446709383988,0.3154703451240129,4.339729410867296,0.4362051179763604,-80.0706400733336,5.416525144576187,-6.958724293322927,-94.6539371826936,0.2294817840948693,0.10230195566357216,-3.32961994267075,3.150185963714125,0.8032400547636485,underground
23.416431016200146,47.12666368250209,11.273037119350521,0.42716322483501246,5.521088445973622,-4.109259418405033,-80.52435902288693,3.675431809991271,-4.038176597022713,-87.96005274531227,-1.399538374621018,-0.06531678506271629,3.102635398518961,2.2374872937985364,0.8207319984916999,above
31.137382685849612,45.98382353343998,22.817275595569733,0.3052595324232238,9.172456095463355,0.7639847758076996,-62.29482167916336,6.15426501614512,3.809814733362198,-81.4597736744903,-0.021251908556242358,0.017850803579749615,0.4332258616600373,1.7594575158835064,0.6582379517980177,street_level
5.484646935749414,15.99918173396834,3.271184974466234,0.011729226891988747,16.994632919359944,-1.0394962342166565,-56.78012637808905,5.170644457235861,-1.7551948054681779,-62.26396260284582,0.0657747522465138,-0.0214245196685266,0.456194415083642,0.3651708121007433,0.5822222103002234,street_level
19.796122902482363,50.15209874130737,14.399746253856465,0.17033775368968407,12.073049424317782,0.2168114655440938,-54.130277723336874,6.012858178737335,2.31839857896193,-74.82459230444577,0.0016071126140911746,0.002187516819933802,1.246967984783379,1.199609116670744,0.5246645041685563,street_level
35.881674590716216,35.29006815469103,32.89917663182166,0.17141289934736315,10.212969151164799,0.8916730616314634,-83.00032611331456,1.321527021824469,-2.8365925163274106,-89.58775160422712,-1.2418681320959088,-0.11023984624232219,7.097067657280164,4.986349149209856,0.6893634171053931,above
34.6761568179154,54.32337436195857,11.647213088138685,0.21739730273786273,8.33654079745729,-0.9660198430313507,-52.26492556678991,9.712308995773338,-3.4754107669683343,-70.38796177337359,0.061978181371678626,-0.01666684286622845,1.3246917687385191,0.007568397750430611,0.6950330443764272,street_level
20.22788704625473,49.763222403062684,18.020446565980244,0.26337232497974394,13.755968268441098,3.837583861781143,-75.93628782334389,5.368953847364809,-1.4906033083984642,-69.42122501718832,0.12450129205849808,0.03467723371863715,-0.4880832320516071,0.7287773995799638,0.7130840745325415,street_level
22.076415458672262,40.09473744472011,38.775465998825794,0.29736529421696944,3.508182303631989,-0.26367411543962405,-83.44309998732483,1.0182359421852114,-7.144761416734722,-84.42146863638649,0.6593893252090584,0.02388602075591895,-2.7886934995062145,3.487767101934522,0.5901654048179585,underground
27.394749678383974,119.43471734032349,30.164536590676207,0.6398889701754689,3.4494883044525593,-12.08011187729388,-81.3060122982467,2.584621425991733,2.4211542889674966,-76.1452438327799,1.1705555333758157,0.19265388976173725,-3.6825846015888724,4.49837200891456,0.8452164907756051,underground
30.74215619320978,84.69990469105667,48.06481175138323,0.9352585462029636,9.572141379712871,-5.655943993122548,-87.42430672252638,7.085925246274367,-3.2343567169570946,-86.35759769738515,0.2779905267491626,0.2063049312015452,-3.2332948180824053,2.9805457987936728,0.9669957038544488,underground
42.4084468187911,74.99493367008084,15.232982102992072,0.46837923834547834,3.327303341211388,-4.20925003707386,-66.35371398901736,5.041497611922761,-6.734454824926453,-86.63567087783757,0.6012290298734283,0.06625912689151173,-3.6098375671272738,1.4547533044437224,0.43930990903533695,underground
24.409868280709105,43.298687105782065,18.634129777525214,0.19919051955952766,8.878300230054533,0.29209334688127875,-70.58595678437803,6.246052024280415,-3.543545243174636,-61.0882527744626,0.10001271173089868,-0.003654292290743117,1.2178044989606622,0.9785338943673973,0.8906146840600571,street_level
57.039945277470714,117.60368585035417,72.76826128800067,0.9792817250268163,2.1246430196284227,-6.371678819227002,-63.21475760046579,1.874604120527506,-0.34594622193119484,-92.78619036481496,0.8891577844624305,0.1567014512914378,-3.1660206655532583,5.970443658374316,0.9351639180550797,underground
25.93033185905685,45.15720006391787,14.538488976097046,0.2693847439350493,12.35876452577767,-4.556120358546571,-61.26099731725557,3.91440501052992,1.4202027232138406,-82.02495369214661,0.24113187499992478,0.11799057344595712,-1.1142921942266444,2.393884384743484,0.5141767527460872,underground
19.755674249206617,21.910076088643592,12.634319100920358,0.11956653623465544,9.27984179610091,-1.6739432526673648,-79.15262301828669,8.897346848512754,0.8967600328699366,-63.184525199717,0.19478819229803232,0.004481108086184266,-0.9417222983590031,1.912786509685448,0.8633752416425209,street_level
5.335781553455298,13.037381686415381,2.0914133619789332,0.01664339012404815,17.139103061232117,-2.727217668072125,-45.111096061439966,4.891493826279068,2.684770996945492,-51.99450560187148,-0.02584284116946485,-0.004191389711326994,0.022973432599741495,0.5939392524385393,0.5178976868279521,street_level
11.089053161331538,8.738541252525529,3.942298238686381,0.08533981554464774,16.89520079302192,-0.4057830624528407,-60.920846989431894,2.073798839656838,1.1690355086169468,-84.09308293547133,0.06577475702716107,0.02938698029185601,0.18339853208170598,0.3812451430514865,0.8543191405917672,street_level
87.48904094306701,112.29947517181094,65.98781365771383,0.5066576387561047,0.748996179398933,-9.15900304313098,-71.24022488769381,5.287571684483923,-6.928605837046377,-92.80332213199273,0.32972436714912434,0.15622761008094546,-2.59379891351651,4.687840549589154,0.4562553217230463,underground
28.82985428824683,65.49341891542204,53.92347710574259,0.8739899730323636,8.070325307231856,-12.313878660549666,-62.69143776111945,7.623878410740068,-11.974576190988254,-74.62712533064672,1.0996354738339171,0.23009867166301534,-2.808626563854409,5.267515937594031,0.8827520334404944,underground
14.728288365865243,21.5282946566704,17.820629334841637,0.10839133027290654,13.828292692549299,-3.7680566145987693,-54.825786518265055,7.42048961768689,3.084115616009389,-65.24395057836966,0.07532380136179015,-0.0018499475721227045,-1.3006690332790471,1.2812806910110042,0.9747673237642249,street_level
13.661724987668345,32.25225781688458,14.256268468759908,0.18915638028578818,20.944709485797755,4.614759101647316,-76.88633015014355,10.706720453094826,-3.1844921322414708,-71.9878607231434,0.17122360482201152,0.02472164537046139,-0.6239100404213459,1.759267832131591,0.9964304542756399,street_level
6.33112067945653,14.221119172965333,0.14667497010532693,0.08240802764942552,24.171458047709613,1.2364774851376943,-69.85737955857553,8.96863632957433,0.1399953395315907,-62.69180561679018,0.1152339298166877,-0.005386639013646156,0.057377537204364115,0.20482210996874786,0.5348669614024985,street_level
11.193102335113544,22.402969706220553,9.179780557500294,0.06883292428435267,20.8409661632615,-0.6133277971423388,-65.16922058552318,7.019061312506259,-2.974496302379765,-61.7135682478768,0.5927117115216418,-0.013454135146526228,0.957771997870795,4.066331275727331,0.41823491789801676,street_level
11.72925944236861,12.81490517105545,5.266287809783124,0.12058364101003707,17.575281787926386,0.632904056493893,-56.838488565819986,10.740239368479127,-2.9602787602174643,-52.146739902794764,-0.13180916092377004,0.024274766599708418,0.49062467746226024,0.7266858940865609,0.8985410581965306,street_level
18.402258218760576,33.80684930790805,10.481795455233158,0.13142957055420584,14.051297391646672,-2.3040971837031092,-69.07251225379545,12.206265631553125,0.8725136435472285,-80.35836207972123,-0.6851225215640971,-0.04167049541900432,-2.902432547212953,3.2004481226054295,0.7709758700216044,street_level
73.33985482739843,80.30969321499276,30.41774045410397,0.883179627652998,5.101585808243527,-10.54747959411282,-89.53472586363988,0.6119403892242135,1.6268228101577318,-80.48719713754964,0.8448408403661688,0.2368188689823956,-5.9725191394473764,7.057180478876249,0.53071649612065,underground
16.171825786643215,41.1754699852159,10.919338984649961,0.10021242419426452,16.20566810230895,-0.6388404543947965,-77.79387942645552,3.6506115941220267,-1.3053794002763919,-65.13855167403953,0.4168768778186758,-0.07043997282299173,-4.585648483720318,2.978123531102309,0.6232939023414095,street_level
7.498580612627557,9.722281370470553,4.891605729071516,0.06446737889451291,18.271940873693175,2.4039287184919047,-45.26782057371608,8.92596058610333,-2.2827769053107727,-50.27569651459668,-0.06652261206577927,0.0066682928562219815,-0.4378711099787458,0.552280229868741,0.7803774703098292,street_level
23.982590913516017,55.13295273024097,16.450112886279513,0.409758877960144,6.827867409188476,-2.953485273264283,-66.09599651070701,8.238604688525655,-1.691750080490312,-60.94102525383259,-0.39938474760386034,-0.17554919556084825,1.9239076497473753,2.375816444864909,0.991693289748734,above
12.864518600370412,35.49859659833345,15.329869570101838,0.17997819900398665,12.612965237806947,-2.233285653502966,-51.45999321794688,10.561060707349455,0.9659998529626774,-81.53087200450604,-0.6465771279234858,-0.020127546323273668,4.97780178071776,4.594788109451324,0.6468051458468005,street_level
31.792335974789665,45.86527763598718,34.37914834166436,0.28869565265411923,3.4305099722930654,-4.914609934695045,-55.903189819560424,10.978174220720312,-2.3251466123049287,-71.7435429211003,-0.9425406366870513,-0.11192534072098659,4.204193605972025,6.782116374386877,0.7221910412783441,above
5.219012133309403,10.777924683638,5.9962178981201975,0.03060424455183565,24.822501011744407,1.313228300485422,-65.49220433942354,5.62668387251313,2.1003491604122626,-80.93822494959028,0.06640317660945719,0.019634863434274945,0.366544359633178,0.0725094381823003,0.5351158930741649,street_level
35.724064132803974,31.608918796726673,32.138645072591785,0.35574620736395934,12.367643790658372,3.967376287542381,-84.4489518776677,1.5803179146122823,3.1045952744278758,-88.54654382749759,-1.1942452846693326,-0.182387207731489,7.678881571865311,4.22187328241219,0.8896889296641517,above
71.14619953702604,111.9601599682945,52.483286466614295,0.8818838529296248,3.946106971044734,-3.882616854784928,-60.57728326540087,5.2511456923339255,-2.7069612897574764,-81.85601816759693,1.3738030773988763,0.17896977296436653,-5.434386306727807,1.8979507873177068,0.9987367151690602,underground
67.6254019180368,103.7136874910978,77.61032630566552,0.7986032911700505,0.5792119664558204,2.8328762008210546,-69.99431872451385,6.358897139925935,-2.4833116802701767,-67.90392888111947,0.7165736931174574,0.0664598226935148,-2.2277836658847914,2.6609581265941484,0.814426033683026,underground
43.463084650784005,35.487659624759345,18.239807640326326,0.1885042934507664,16.057261730094478,5.659499633649725,-68.37200252780481,2.8143923189135864,-3.6665901698737593,-75.92146209869647,-0.9305835375706083,-0.14251004937253997,6.753173395007137,2.051050872182278,0.8313990216748359,above
22.123760298450183,71.15425658444005,37.04139762164145,0.3116517894680207,12.122872321121466,-3.2104298986605784,-63.99715184846213,2.455525460594419,-3.2563601296781535,-87.90962928075318,0.5563946557771039,0.06029271227064402,-1.178281299834092,1.8750354793819408,0.8829650350383517,underground
19.259568778163775,34.77918197865607,10.371961622230707,0.3151820636223581,16.537448582886178,-0.9284804994464491,-74.21731596759136,10.345162331706529,1.8791065416464265,-71.27917719563064,-0.05131411363983267,0.005006297975422798,0.5567581615083745,0.2934473916593099,0.746801491954753,street_level
39.86775313822762,73.92874982280316,12.121378446924899,0.259073000398052,3.9422523711860418,2.0604834534542533,-76.96294770726531,2.889049254200324,-1.1598919389505644,-75.76996939581585,-0.6247331749632712,-0.13815219840615608,7.289684904301556,4.746591475350621,0.7552138445214439,above
9.229306850766699,41.14559676463081,9.155768655108016,0.029063076780534505,19.846268246163074,-2.9298573078967562,-58.90248956216099,10.947188109721754,1.7709956596177854,-66.06605962094463,-0.7995631545972748,-0.062320277648682136,2.6748439039894105,4.897089658116293,0.8813176136068165,street_level
8.553767929246217,13.51796712439746,3.209479248257913,0.03862246620039404,9.163349149039474,0.15029143615064733,-56.213164190644,2.5244787474140633,-1.2461853298828722,-69.62073542248504,0.0684015820166688,-0.0299581866805274,-0.16044690107659831,0.23115351897602912,0.7915517234137517,street_level
8.227461391619746,25.51127484624079,9.210399185210322,0.16854338276150216,25.092842518625616,-0.47010035058489397,-50.901936253148676,13.665391625264206,-0.954174915989614,-71.85334435289595,0.22410393374781679,-0.07462252021877347,-2.027840991535424,4.538779915765717,0.6052008247843166,street_level
11.164586502041569,13.485681405378486,4.392910643988589,0.0393485358832339,22.09454505081771,-3.6026201442104107,-54.498883046413546,6.395082104159483,-1.7007823522056207,-53.37454717338021,0.11097494214559336,0.007548643262212926,-0.10855526954890016,0.5305392970345554,0.9357953480260903,street_level
9.29940958604709,15.023467737937423,4.1271847860672395,0.028470895259915696,12.097493070209136,-1.9081491477399624,-47.07151670590229,6.456343984980913,-0.8219131174542609,-64.14153707554925,0.14864247463729688,0.01237247637022302,-0.25804862288801544,0.43539290988942514,0.6909060383825626,street_level
24.712118166227533,69.38164352258653,23.055806874967917,0.20169528805565676,4.915994815026707,-1.3496759998840453,-75.77563056976385,7.687344260477575,-5.948842178154183,-89.48767052547682,0.5814972122895491,0.03952114339005379,-1.6234336245741012,3.2938081805018955,0.48089347635906693,underground
12.795254639838102,15.792453539213804,6.305319880526205,0.136571682927341,12.097930499554979,2.8021442959935303,-62.60612771732158,7.962927594221085,0.6318013982599107,-71.19537136544601,0.3557594384553848,0.006530780362346597,-2.575544912813793,5.578792737408731,0.7959988036273418,street_level
17.90371959068252,29.420909136983315,23.10606831891377,0.11293898357807178,18.01638415858201,-3.890354689678839,-71.41544013798075,11.595948100443142,-3.3769680305663936,-65.11464990914239,0.08463168111059033,-0.01965941695773172,-0.8365766510336271,0.26197452900867213,0.9039434327522778,street_level
21.587122016297734,28.789691822294657,11.529448040104135,0.10354289089600927,22.617641780723698,2.8035673157175705,-66.27275720088775,4.11898827244922,0.3327187447430511,-75.20746100672649,-0.08297103947233475,0.039043974846520224,4.644111336276209,3.574016020122975,0.6486819077766761,street_level
40.83171709206492,50.96987728932298,15.355970034787987,0.20079127234792518,7.41935705208528,0.2927478624775457,-59.510227453375904,5.189866018814182,-1.6160830983978096,-85.18107727471919,0.6800115631374513,0.09817370457663553,-3.929437694126138,3.3718802961283476,0.9604486253282585,underground
40.98329767102105,72.09914808557187,11.321285774905096,0.31595299721137043,4.5328842732467045,1.9395480545363313,-66.00264474175225,11.695853125822623,-2.2458978694722873,-78.43111145909324,-1.0056096868221496,-0.07528247536043475,5.173743542338871,4.861535358046574,0.5652670085351099,above
32.825193120599614,77.23323957857455,14.605363940221315,0.24329674035973192,4.439499999624188,-5.392045554258056,-66.97747872926936,2.0560538480090664,-4.163896244733109,-86.72829763719076,-0.41764005340820765,-0.2313235130562049,1.753121320495604,6.996916854207458,0.4154193471277428,above
88.12058505461945,103.0899462716423,31.911352727666923,0.4685917119767394,6.052840124297846,1.2068900631081299,-68.0007635397742,6.122954433740088,-10.99730689672655,-84.05430299713497,0.9975723570186239,0.13957284511197846,-4.759273366885847,3.523972024622655,0.9570042721801032,underground
15.53245171279235,28.005332592299315,18.67299013725799,0.336957622710886,11.13123336093838,-2.717575524951703,-63.6906433775389,7.902864744610605,-3.808636258840708,-76.63733050765579,-0.04843199557866396,0.023236481937766465,-0.37381835381393236,0.7262481731921551,0.6529928823648341,street_level
29.389171480732568,45.80734129757659,15.9281025052165,0.5422621470540012,8.436921240325937,-6.5875135094652535,-77.83187057320221,5.956635963918908,-7.424384767502673,-74.4682495408545,0.20391089048777367,0.06265038376319576,-3.6309945968967683,2.3366878510351694,0.6657805088962324,underground
46.49366522343624,85.2392505028462,15.947531426029576,0.5457619295686325,6.885813689880283,1.4316187612931586,-65.7680080042659,5.422229066638689,-8.46144065422388,-82.59069011403223,0.9284874817864122,0.07445744279693663,-3.1484791827367964,4.180896243130714,0.5803690456378979,underground
65.26969716527054,112.57895077203541,63.99637850329206,0.8104860741397901,0.6376639809951556,-8.711864181979843,-84.47648144117214,7.0888645461490265,-0.9337455728258401,-70.97078202125341,1.4867216833159032,0.1416381626758741,-6.21008275742598,6.096353977938656,0.45083117014909296,underground
26.42674972490959,62.736312479135364,31.690593640249485,0.5157004603014224,12.745414878883453,-10.076786739135756,-77.29661384331843,8.935369127003275,-1.6981898622018647,-82.0427285342774,0.4845089641340812,0.10444066306181783,-3.3246811758010613,2.1142537148396983,0.623792895097331,underground
20.225050139401276,40.00345963362774,25.23843125218272,0.5089772496938574,13.110142066299355,-11.052668320635608,-83.81395171151892,9.23975718538072,-1.6657056509916375,-63.46707061808503,0.5222758648319474,0.04046140056055657,-1.7367801848543571,2.2829470841204977,0.6408948411724974,underground
72.33316743594395,112.93526886839878,37.026638463973754,0.545673437188397,6.802097453489151,-16.801758285124563,-66.98476083494256,6.756226787623406,0.15427189171776945,-65.70572222062283,0.3289141455050002,0.12202513469137835,-4.4423152524239775,3.7364632645986684,0.6547222363253549,underground
8.503369894117792,15.455050955381438,5.96096615365981,0.08620922213984354,24.937314321021233,-0.14387998689711612,-56.55447313528645,8.041952704180074,-0.6068604135014253,-73.57911870124491,0.11120807770796934,0.005332554085028134,-0.31890204644427134,0.5406072605876857,0.8183012034566464,street_level
9.153376410673495,12.466029645627009,0.03504968957228227,0.06181524095697404,15.918537303575128,0.5738577247132151,-71.77441737055022,2.5778202232943466,-0.6542900977256014,-76.85436009779215,0.1363302276374164,-0.005119379569492266,0.34859879214233747,0.27336987307560817,0.5174987466353311,street_level
17.471977259557512,28.640673995274664,7.114673227215312,0.07440921713812271,23.222180176418142,0.4488373878395855,-61.8269020779691,12.65849161737537,-1.502809922653785,-83.09250639826749,0.5161191710871333,0.08483930754206923,2.665478589764323,4.016775463626054,0.6138302634189118,street_level
16.50565917100676,41.04394092513886,14.153569137828459,0.12398468549973579,9.32320871605599,4.361470277055414,-75.1194283546638,10.686348895760064,-1.4987396330944005,-67.89766143313545,0.058351612365240474,-0.003979415802018053,-0.8446776816611892,1.6822361498866425,0.6393378597671973,street_level
33.0055518681211,28.31173027109451,10.275207662259735,0.25929823360116566,10.84878525632567,-6.148495019536441,-77.78263500421588,7.720588097432558,-1.6369055994681307,-83.89308539561546,0.29040427059907303,0.08568183574653089,-2.9440828218931894,3.467885227159152,0.5688303791936461,underground
39.80320861459167,28.18750402552461,12.384343045240838,0.42665876296313066,7.199601910209614,-5.087060186316567,-83.73213871137057,8.02982013415724,1.0140362813960984,-87.43692438814325,0.46785676793555264,0.0814281838167776,-1.0550847595734885,1.219189344120946,0.8794820740134511,underground
30.457842411148434,66.1737335538923,17.67733461592924,0.1836785101250028,9.531810507893418,-0.11622082243557585,-81.58482405811674,5.228568295403741,1.9758787755635838,-65.46591401862077,-0.29327821205568605,-0.11453927693874211,5.527494771824038,3.011098852345431,0.5517958479202836,above
41.525673199258925,36.56420069061462,23.956323745559814,0.5669052472163337,12.577755112984086,-1.5221924488666296,-79.99916989639341,8.792379627446998,-3.5508695259894676,-65.00329620857373,0.5272706678797162,0.03316919180227709,-1.88243090563227,2.4460630192478217,0.7131475387209404,underground
8.885785066796158,13.18486523628422,3.641050944444264,0.058503087697496216,8.661144175770119,-0.13598902694333237,-47.24105202727131,2.249566189449102,-1.184202431684326,-71.9252929111028,0.08413813937023354,-0.009695959575762428,0.10827669124383343,0.08375076152177306,0.83703924817355,street_level
43.83748972757584,28.98995738484726,13.830876443167716,0.38566066531843457,4.957609897553951,-3.4914607701018863,-76.24943300518156,1.8704644915038489,-6.957562701975813,-74.10919000727725,0.15845836466840668,0.09595469603596977,-1.578063750288952,2.941471816973241,0.5251543106412522,underground
14.079856081169495,39.48679467609862,10.185208583354072,0.1817582244147223,10.270352167441175,2.5409260803025937,-76.53685029686291,13.359317650178673,-0.02268799995921178,-77.09459868591266,0.511885916388374,-0.028602283717249405,-2.1563304690654816,4.190144874504476,0.5102635104479838,street_level
20.580136403395613,53.4371647234845,21.711756008917554,0.1592699431662174,21.959773990410877,-1.0763475786587975,-75.05909410631213,6.869437015806565,1.5700693982019613,-80.19800418568539,-0.035211605618118896,-0.02676298849065728,-0.6427931061205405,1.4878221607013382,0.6514329844758522,street_level
43.9479707378196,70.62891314745258,20.360352455847043,0.36042453403620284,14.452725783236414,-11.196096027651496,-71.52778396573554,5.410672551593236,0.9841724004657326,-91.20415247127427,0.33295519240333027,0.0670310930066457,-2.080315956556148,1.5550423237426596,0.7511721197811485,underground
16.6342436102133,41.45222762636031,11.744813478660124,0.06901980547088059,18.85326732310631,1.6201940067862592,-59.51857754279338,13.061498881081185,2.9736753626267376,-64.93018983026718,-0.009945295677004085,0.07687869466582506,-0.9859624394831199,4.970787006194859,0.4212454493886141,street_level
5.910163571817347,10.816572466396591,3.295994830470588,0.036527599204261144,22.60950356874894,-3.2449264049247644,-67.09668977589692,11.107918332831384,0.9145948018957522,-75.65193656105926,-0.025883777284147716,-0.015063868177983917,0.31475110840215526,0.6245438297798677,0.5488472653797413,street_level
9.129743746380262,11.330311598724052,3.043396367497266,0.01353976798584477,18.055133676229993,3.2375928134741425,-53.41764168702963,10.879162749670716,-2.411865380198127,-60.25035009503337,-0.10584106138219643,-0.00042265880762999697,-0.23054915776033935,0.042340598835195746,0.8256173321686808,street_level
11.641875092129295,17.128115778861577,2.912632812966127,0.06361852262989065,8.1517210297348,-2.5046568794171513,-65.70881616395731,7.347846768711252,2.3946444142144374,-72.36169166154504,-0.14090058515291598,0.01418401085481022,0.3966146120496661,0.5176500700819423,0.8324829093043746,street_level
15.351020695961155,33.92119104817823,16.147320611557685,0.16800471819214402,8.490224832062205,2.731629580650088,-72.34555058475539,5.400334413504337,-3.6636294649804864,-61.93238010249591,0.08477449263525713,0.025493277412002434,1.3706317326674577,1.7841665489317375,0.6055761737173484,street_level
12.630965454597366,30.928539787492113,23.22828252267518,0.16552570497053148,8.390118960050184,2.3926994953998912,-79.23395844205186,10.726895141422856,-1.0331436310594313,-73.06040381897208,0.13355521735359976,0.023695570216058302,-0.24379543647492197,0.671592015496969,0.783409630246462,street_level
81.32507132029485,118.5478480414527,38.12283472625619,0.8238433174925363,4.58918639796626,-7.829240761870711,-66.14423463939164,4.001496605265089,-5.381520169563094,-77.2504744310551,1.1171606768507942,0.11524676572242362,-1.961420695073536,4.574078230467277,0.8932656630767631,underground
7.783718633582351,15.000485996239846,5.426259885708681,0.06736558917381706,20.87541080455371,0.9192990263760423,-60.84678130484076,6.671716480194092,-1.3578153085141547,-63.06495584167106,-0.11320001934593127,-0.027699834253494413,-0.3449655648279887,0.029839419482318344,0.952694599411104,street_level
13.332815414771666,34.33262825041903,12.460889971076606,0.04931799398865683,20.67665314453263,-1.496574567414779,-73.9791132543539,10.964222465078619,-0.27188807912986324,-81.66261534306271,0.4455954976856207,-0.03237373106328938,2.850416804607381,5.168130604703723,0.8267859988280217,street_level
11.647626056581082,13.10776000021713,2.012470829411081,0.04279122519468282,8.358248837134497,-2.6711940953033277,-70.91650984707043,3.028150664013757,0.9591624863351744,-52.065877311601135,0.012664373806097279,-0.026907768524556612,0.4396684794810062,0.2468273110116111,0.9092717810011169,street_level
21.499478291248806,59.52999266301454,18.20298964278956,0.14295427671545471,21.631627111898077,4.765078888310445,-68.84162299312908,7.763866867986929,-0.16655125956704175,-77.56961515152011,0.1717050806263236,0.006184938885790234,-1.3660724204181691,0.6603726311983127,0.6053465705733891,street_level
12.268202560231828,43.33664315456407,13.240520202324912,0.3899891929520065,3.485846322609898,-0.06241849746554973,-73.47225087394737,2.866935362028226,-4.006429655429676,-60.091510218841876,-1.4723477720200495,-0.1291503968353247,7.20084767176567,3.5855882544951716,0.6129600604506177,above
41.04002691460468,61.860081656603505,11.309837693358386,0.5310174443182173,8.792130716475903,-5.853816261212878,-67.43460931732972,1.8311436291956213,-1.207661087975401,-86.0967270401722,0.6320874147173581,0.08802967998563577,-1.766305785496883,1.489763644371998,0.8924316619995643,underground
85.51604311033942,54.41157473849516,26.91342110821644,0.413300872850744,5.9250763350354845,-1.628991752329977,-69.97138357888534,3.8538094883279097,-1.7897433674069756,-70.62193763425381,0.8421655167570462,0.10171679021582075,-2.3016345682329433,6.316996360527712,0.9269258284599157,underground
27.07684127521776,72.73226154964075,28.528598391594883,0.49301571956067514,8.157736763954109,-6.36600161994869,-75.41351630619805,8.30417109702452,1.9081252008322132,-80.58638523497429,0.20756430945791804,0.08807289307123557,-1.0451147368888218,3.8420797067724246,0.9669982339732696,underground
11.599207623181982,22.082600447213157,13.992277549040578,0.13662425996814584,12.026673691661838,-2.7321165122662006,-71.103229915256,8.154237481074421,-2.8448912082272133,-70.39886773780442,0.7934270134733186,0.08597206020486725,-2.2320973335070455,4.810887597510318,0.6889121084255507,street_level
23.747314453780852,115.12024326547265,74.30564859404288,0.9506368473620488,2.8692012455385996,-19.052753292558567,-78.77749876163857,1.9268553591396307,-4.3637268424413795,-94.6763768910366,1.2040981849365013,0.23374589330832446,-4.262990105776595,1.690875181658478,0.7076460119923964,underground
23.504921582358755,60.43573199618285,30.12538771673135,0.4271915239849018,5.012693169695583,-4.753730594527289,-75.09026167138472,7.704617027095906,-6.726319029858756,-86.49983411564759,0.5008581975641254,0.06136973361273651,-3.118008136000436,1.7858615992801814,0.4608015293088056,underground
26.02478404792573,41.44700388332752,14.229619132999566,0.15819810329823109,12.552018365933549,-1.0817288228277935,-55.57833386983371,6.421059384103208,-1.4713861425829808,-75.65449907414701,0.12026892670515302,0.007928025047713096,1.1051394754990724,1.0259337231119185,0.8435077826717754,street_level
13.169075207248953,78.84599357670979,20.288942838531725,0.41192976377345314,12.493497513312404,4.611959097945515,-76.71191278311349,10.326199126817077,-3.726592145336374,-68.78215339650308,-1.0318190256439632,-0.11695007483039241,2.1564370303799496,6.102063451216674,0.9050929778439133,above
9.509429668321694,41.506071919708674,16.680378119478277,0.15148804423447107,23.17578016360978,2.2409156345746,-55.259013921984845,12.327056953329187,1.6017817622777581,-64.07490968934874,0.7386268566497163,0.0992315713002089,2.399467867566358,1.488032922232049,0.5167890359662932,street_level
24.932883850034045,36.28543679464053,8.673256232769011,0.18548426382943972,15.586158474225279,-1.928528761693749,-62.71294301701504,10.273841799428782,-2.252657686118173,-59.008386508758534,0.004532892470770378,0.01723707224591245,-2.2286904903978293,4.538444546628584,0.6030093759763706,street_level
10.683323380558315,13.624067965387995,5.476544096144394,0.08643393297224697,17.647922583278216,-1.4576758169853488,-63.33931398014118,8.294735709051176,-1.8383199671930737,-69.52342963337175,-0.047165112993816066,-0.006831401367951715,-0.4115312776828637,0.3218035391592321,0.6258556641223716,street_level
43.33781797687705,44.84659472809814,23.185879514895035,0.3072678690027135,17.386015978272532,-4.939015161000087,-86.6112364289402,9.431984933197917,-2.0368356636442897,-60.19575872494583,-0.5318850103793019,-0.17076344622982342,7.1838356708043385,5.975695515969007,0.5150550506117767,above
18.173331496505952,43.20321501892562,8.489600531725248,0.12762253025224535,15.150456686559014,1.9635751774122205,-53.219383474149446,4.524575352439248,2.4357319183842163,-67.12534023428454,-0.30775057564342456,0.0027695659926498806,0.8035712230003949,1.942372880555879,0.7673774810490673,street_level
11.286363312409218,24.080654800731242,4.388226312798233,0.03656094973315703,22.42571255051746,1.5065352455109648,-62.9886080798945,5.677899095674496,-2.0898522460210085,-72.33983084443511,0.06991182934373641,0.008495536389880723,-3.1912702942418276,1.9528085722042974,0.6171389813872024,street_level
44.66653965967809,71.38788924383189,21.06614839424514,0.5625167317986897,7.2696882118247075,0.6329411186898959,-88.59814358079619,1.7165675225534613,0.42644175230602066,-70.05654606516981,0.6752182122588486,0.051370269015585876,-2.076920522776759,2.9922243451202934,0.9916131766166212,underground
34.393916674048235,57.48347054626292,13.04575777826971,0.20635020683200458,8.31385766173321,-2.282324754253211,-78.88223683653145,7.882160514181282,-0.7030323501742402,-65.80912091700765,-0.5404607467338187,-0.11815270530437397,2.3206302691661103,3.281378798840927,0.6246370540255267,above
15.984089236729591,40.29362542964499,16.377420520944156,0.34415427915980756,14.413337402843878,3.4084033529002244,-68.936060173856,3.819440302895917,-1.712366923064069,-64.73832531974702,-0.010225169233933615,-0.020135344966318275,-0.27704195685749045,1.9264841473153844,0.6392854271770713,street_level
52.136294527552614,103.11843410987132,70.86449703668792,0.45498113432450765,8.639254249299826,-13.526305911726162,-65.49850284637326,0.2690032554170356,-7.980520951261444,-87.09657056802244,1.194893371004268,0.06894242209811915,-7.466055945052655,1.5896669577326714,0.7789640471233426,underground
34.45589062326469,41.57138140805914,13.07275676847812,0.2280728313419072,14.41837988561149,3.600948448386438,-51.77834906901353,6.754534187855024,0.6920033088682178,-80.22682349019317,0.0051047726154089396,0.03959041597000122,1.0683514752099317,0.4178187694341142,0.7623546052740979,street_level
15.278806329790747,59.10455146690245,34.451445298655685,0.38508860219962704,12.929186463125077,1.697665391867801,-75.38399111117906,7.895935464749526,-2.2494777484041704,-83.92599627799413,0.17041099726640682,0.11821410872509011,-3.716616745703612,2.038003791555467,0.7126917843504323,underground
16.601642521970682,21.41072295523378,4.856232977726833,0.11794067337652737,11.258984341691903,0.12726169310380975,-69.36840049793784,7.628860642143677,2.2219353209905606,-78.37834137189972,-0.3980833408431959,-0.013477186070909683,-3.6468245023027754,3.4843183453906725,0.6604055614034723,street_level
16.7397014583157,44.44723189731369,6.495851757964174,0.03173143366849569,25.257623784600966,3.511309550464488,-57.84784411219093,12.01888152144376,1.2701050624562544,-58.930290448807966,-0.5763477638903306,-0.09761111162748255,2.7511169420056856,4.447907422764983,0.8248980936838859,street_level
10.23357974264993,9.438091108678943,3.2060126020515414,0.05082279846315386,11.708005302736774,1.5976713292271842,-54.12559777267278,10.028611352986307,-2.175258790055431,-82.23767863922123,0.07109995771606117,0.00830895158425738,0.46737843984979655,0.5003848398131621,0.9224659536141506,street_level
10.0343576722358,16.56977810121067,1.3906741396558833,0.0015531912168619598,9.168304494287131,-3.0796194838332553,-54.01897439222173,8.503595997941634,-2.090792385661126,-52.04288184296831,0.07064540117051565,0.0001600293562942258,-0.08487042674461476,0.13506386047290553,0.9692126316776197,street_level
82.09867200240409,75.72353330814971,72.0010493659189,0.7088574639142518,1.8683428298701155,-0.13348368405593902,-89.42148184580553,0.8411541813067576,-3.1269179814960886,-94.81819112798034,0.8074469480640327,0.20490655400102398,-3.5712421509307397,3.6603435136813918,0.9337384415514413,underground
31.96479809247141,52.61932731353853,14.320232901978134,0.15383271864346268,18.241757914656684,-3.122662686703166,-63.634777573847785,4.333545802112671,-3.8220074223996248,-70.53028116432839,0.10824640732066398,0.01631751551762082,1.1548927807257545,1.4806384644116504,0.5299190653706747,street_level
58.45873510388255,45.280930508749826,69.9326560409585,0.6517035142976376,7.955461777058631,-7.89458701041074,-75.8842182687948,6.58814065268703,-9.203623507055113,-88.6616579819554,1.4338769050872109,0.17707427536257375,-6.039515458646504,5.704238364307361,0.7026947570184975,underground
5.880104930123027,17.166531785388578,5.9706872962427475,0.042528290320899616,24.420124155126157,-0.8965088161769428,-61.4725127856334,6.962127759307446,2.5362826315390503,-61.20374597072525,-0.040343670078937244,-0.02373978789057289,-0.4435336487601026,0.47342364601468034,0.7730412476852115,street_level
19.363433974895187,38.03350968223552,12.529686839053408,0.024053084298500265,19.859449235488334,0.8483253500454442,-71.71287251324205,8.120166368768315,0.5734263958034598,-60.62790230511803,-0.02277295375811972,0.023133391616628154,-0.856366435956458,4.041831375063453,0.8186776627146707,street_level
25.947838546359293,87.11301633638459,17.544977257367343,0.8395421090951258,8.47817075934071,0.5043493761733941,-74.16030308748323,1.6869179079619645,-9.090579927917627,-72.7061919453634,0.3165623847160923,0.09944478517051544,-5.965671095114088,5.078002048086582,0.9215739171027969,underground
17.522751158431262,38.351833220535696,13.240956270122087,0.3424571651054915,23.21312791292263,0.3718319373957666,-66.69108094430234,10.448800593438706,-1.256111335561604,-62.590687430293976,0.15150814399617699,0.010640601091497066,0.34856892584691535,1.7483126191981342,0.6034764627160228,street_level
22.789604325030446,16.349553637201232,4.258776975071149,0.14034481277549993,10.482905078355802,3.6516518857650997,-72.09839213306682,8.29456842896552,1.8686387521892387,-58.5956064358007,0.1928681364073126,0.021019313428605163,-0.5623215747889869,1.5437344381318843,0.6646393069350545,street_level
40.6998384664318,64.96663210839927,16.347529254895033,0.3207151547056076,5.291566136260672,-5.507271122188642,-86.61079261429599,7.3352120333384665,-6.771408987949263,-60.99250545266213,0.23586513254858382,0.09488946183106244,-1.1325469795668472,3.2689676014557305,0.6122489320589619,underground
16.8476278953818,41.443198819022726,35.63390968077894,0.5569036084640513,3.5455536247431545,-6.678477176821449,-64.39047195044401,2.767328337922032,-2.450202689625388,-82.6429152212799,0.6240827826317891,0.022298339119663762,-3.1439618151524074,1.4737355541882147,0.8562634226048155,underground
4.960476850399264,17.992239791149984,5.589130875614773,0.045086595743234315,18.458969962999618,2.1044491378354744,-63.401483074864224,11.998606647600056,-0.07114177267564203,-63.1891713401569,0.09928711763945766,-0.027271759278243237,0.35800364921691674,0.5137936339748633,0.8669682707855408,street_level
23.778346585583343,19.795956097701776,10.698440860161295,0.2171097189185155,16.826217647236195,-1.1752539589543067,-75.24400061351227,10.292085053932716,2.0002420152209126,-56.22075576279708,-0.5936904681361679,-0.0010209604145734463,3.072461275652609,1.325492591862952,0.76772390693422,street_level
35.88417681651437,65.80130510852028,38.133956062467306,0.7770452523608975,5.928504225102032,0.3225799364762487,-81.66202040298077,1.1490152740366488,-8.162197350376172,-65.61989612339319,1.4985979992857503,0.05119982971202449,-2.2855274305346773,6.7307920314028395,0.4975696582914345,underground
42.24498851314743,76.46002598455291,31.64405481547584,0.15060157765668097,13.677722942050647,-7.373187751825282,-69.01904197063928,8.00826614838645,3.6554049584589023,-75.55355269521726,-0.6526788424838518,-0.07722531059554852,7.104538922685643,6.229356687543771,0.8461342119037288,above
11.85644074044367,10.709338200785297,2.9314291117495967,0.09185249592051013,21.903762936474216,1.067650194654921,-70.67695998139327,10.637783208573481,1.207717948717141,-54.62421419415537,-0.10277365686834031,-0.023005337646210548,0.38189124129480356,0.1705786045691573,0.5976840091539357,street_level
35.20013158086919,64.2195503680383,11.651523861605197,0.19373138524317968,7.091116781853825,-5.867836138785291,-87.1586035225621,4.097048796909915,2.684757539353946,-86.33415584047563,-1.0476569802765812,-0.09581850441581286,6.956937329588192,3.6534578435539515,0.6496966897318699,above
16.547735421966543,44.30658802698774,16.817360597337448,0.10725991210661184,27.757265930031583,2.3856827892176415,-74.09689146794592,10.288172048745722,-1.832296258237872,-66.37106578079481,0.5080487036850687,-0.06295815554088252,-1.489586187638957,5.446311068518946,0.7892780028374118,street_level
28.902819816654983,78.66896867242754,19.016775509555348,0.463406374049127,4.638082941102337,-10.634462106059146,-87.46605723817446,3.9548366482704287,-4.884087776007713,-65.86779527612445,0.7538257940864914,0.223086362109922,-6.5296477314003845,2.4228180580237955,0.6187925097080411,underground
44.54300650553885,66.83728270386729,39.71685257448269,0.555106541039522,13.876365975814732,-5.954222689457974,-78.57556775876273,8.252252948695206,-3.256975235393792,-62.05030228964462,0.2717411089810005,0.022041770037192102,-3.869890161513924,1.2564151651186464,0.5530420634264813,underground
10.372918775873819,13.587607295437378,5.10721829453418,0.12468516519118197,17.352274684148647,3.315702377230708,-74.55493916384205,5.197904483598108,2.4607712644730952,-63.14806684156009,0.1131092108603445,0.004922141563511527,0.38727031228730646,0.6614865104852666,0.9273766782512072,street_level
27.038319385878353,70.03489403345901,34.61407716593799,0.23086367107097827,9.680674438118503,-6.425270072103633,-77.3775070622739,4.630782992688008,-0.9340202979611396,-87.76050895639723,0.6034274268535966,0.04345051743766923,-1.2357528300303682,3.0783139075175177,0.49492709000752266,underground
11.224776486949525,8.972066943700744,2.924356932671264,0.1342780113867977,10.544072738713757,0.20946642181730724,-69.05384319465905,6.132899283225386,2.1295985052723374,-78.64744679582275,0.09061741626032407,0.00472113193798461,-0.2736823155154944,0.7290994459640748,0.6349153774695928,street_level
34.379309130748766,65.73592350041675,60.89397541849167,0.5060968645654812,3.158808770177007,-6.703814578854791,-79.69015710265018,5.183531454837947,0.09487243626913333,-79.60176893356775,1.2178759354513444,0.18106125893205638,-2.230523888926447,5.534495740525351,0.5984673236000397,underground
26.958624282565037,38.507370163035006,13.984153286906611,0.3083132986242276,8.956690893408057,-2.06987429465379,-78.80713402074309,7.502385726430424,-0.04926775663087124,-84.27406945698095,0.02930706564602739,0.032864622101258456,-1.1504165751542819,0.9273929547375799,0.9194032334385184,street_level
9.617095713866767,14.550308249359396,1.3729660678166502,0.10331971215774725,8.752996148309649,3.3300608920077552,-63.154548215331005,6.411776751452512,-0.3554040032113339,-83.4701751190977,0.0339604762846307,0.009507959922328203,-0.3139648934812458,0.6493587916896547,0.9296752013216633,street_level
16.841329652997644,31.258696288335717,13.423297519983079,0.35136675228540293,7.46108748926176,-5.77681113375745,-72.19203095775998,4.5936063859216825,-1.2341347820448316,-58.5708318211004,-0.7131807122076224,-0.12802748784564139,4.72401804014267,7.239716276410209,0.6223451424521191,above
65.19939044881954,88.65816946120901,61.59870023941044,0.576321973272068,4.219567449758577,-1.6148927295632127,-81.0849563106186,0.6241381839557825,-4.553457868128548,-81.35076410392689,1.3031433834320687,0.06081117512988596,-5.421151320873666,7.291996163072926,0.520212165904807,underground
30.029740484791624,45.61525940162015,30.936653610160956,0.26315040021260533,15.767328883475857,-5.396774738171066,-55.559242522008795,3.6281250353419736,2.1619132981433573,-64.42257590181711,-0.6007088590412522,-0.041981245566654196,3.256488596720131,6.216121541616067,0.798183994626769,above
52.950310094909106,55.7314060518014,77.60940995351326,0.6908514388626947,1.5806221928458253,-2.4682844620159976,-79.66591282839134,7.839342353106397,-11.746642071120643,-84.50097133486172,1.012801985757466,0.14877784035287733,-3.2495351827239665,6.864875907977591,0.7842909756665679,underground
86.59126645121319,108.21861264150618,61.773250078640984,0.7410984551688768,2.8735175350803353,-4.000141472291064,-60.007440020666806,1.1695597002106304,-9.05656917370522,-69.3356296078275,1.0774202399068091,0.21558163452447668,-5.25877271429148,5.888607331768583,0.7123488946593601,underground
84.27782871427732,46.13893284787531,53.1936151761308,0.7681260466213524,8.3992618307317,-19.67376132053161,-67.26430805632282,5.140590807479264,0.804702289306098,-70.60880724011577,1.3534848183884525,0.11033036128953566,-7.208511597737518,5.5003669185751205,0.4545643194165621,underground
23.745160216585983,19.99933497949298,13.730808849052176,0.04864821111384453,27.23427356872706,1.809869311807927,-59.244276016299494,5.4174421836145745,0.9848054520929965,-60.9552025317052,-0.40270021021135316,0.08767851280012295,3.6296317829270137,5.147501929071961,0.6321264223304788,street_level
25.292296109866697,72.03406450365881,25.043673992070815,0.5735875426171851,7.691256488540677,-6.720221590316391,-77.27501485560883,1.662462005291721,-1.9848904785858865,-84.0760188862551,0.3391178564219747,0.04159198893773286,-2.1303325332881453,1.0584818441781185,0.750010188326151,underground
64.58950725196499,44.97706058402979,70.18723470220642,0.9624715250006923,1.735808438150187,2.1815544038969747,-77.13398150869736,5.624300497637155,-0.0983113336321857,-83.93369495621238,1.2078569097004455,0.17447753508850483,-5.096694374046297,4.9912421655789885,0.809929445538873,underground
